strike,net_gex,net_dex,total_oi,call_gex,put_gex,charm_exp,vanna_exp,gross_gex,call_dex,put_dex
-1.0,-347835742.26059496,157111196.48999998,12999166.0,7677.28,20221.0,,,,,
1200.0,-1250.2877049219298,-185.22000000000003,8669.0,0.0,-1250.2877049219298,19745157.99761956,-17923641.475037277,1250.2877049219298,0.0,-185.22000000000003
1400.0,-1691.1641355666638,-237.88,7300.0,0.0,-1691.1641355666638,24584761.989017826,-23443004.110744715,1691.1641355666638,0.0,-237.88
1600.0,-4756.8798938820755,-749.7099999999999,9955.0,0.0,-4756.8798938820755,46541485.27255605,-70885542.8813816,4756.8798938820755,0.0,-749.7099999999999
1800.0,-7074.288141317843,-1085.9,11776.0,0.0,-7074.288141317843,71296354.20435004,-99611947.06376155,7074.288141317843,0.0,-1085.9
2000.0,-16820.444313833133,210928.14,24022.0,11.775427837027703,-16832.21974167016,198747944.84571847,-228679943.54968956,16843.99516950719,213400.0,-2471.8599999999997
2200.0,-26567.780654942493,216816.30000000002,39541.0,17.802627929777138,-26585.58328287227,348075242.5934906,-338300758.6049698,26603.385910802048,220500.0,-3683.7
2300.0,-411.5803534488372,1754.93,4525.0,0.34107467549366544,-411.9214281243308,27907378.351275656,-2804333.2164359773,412.26250279982446,1800.0,-45.07000000000001
2400.0,-31372.824122061917,170622.78,30122.0,2.856547245202439,-31375.68066930712,337489611.84132725,-393138164.06993836,31378.537216552322,175000.0,-4377.22
2500.0,-1319.839384581138,-25.940000000000012,12595.0,0.029659036953440562,-1319.8690436180914,82565376.30389495,-8989608.98699411,1319.8987026550449,100.0,-125.94000000000001
2600.0,-11645.675555503796,-1353.1599999999999,8845.0,0.029243421247313325,-11645.704798925044,104100612.59532972,-147219914.2176075,11645.73404234629,300.0,-1653.16
2700.0,-17172.22214982218,-1996.07,13796.0,0.04984465868861953,-17172.27199448087,178282071.08129814,-203207550.04743132,17172.321839139557,200.0,-2196.0699999999997
2800.0,-54942.49959902419,-4750.5599999999995,33306.0,0.33913996827917026,-54942.83873899246,495891751.2496974,-655200354.3165059,54943.17787896075,2500.0,-7250.5599999999995
2900.0,-8177.540195741443,10899.94,8306.0,3.0476182695407843,-8180.5878140109835,89383197.1056556,-98467986.58585888,8183.635432280525,12000.0,-1100.06
3000.0,-73167.35803999209,28031.760000000002,54814.0,12.605903611589941,-73179.96394360368,771797061.7250789,-829626153.7146832,73192.56984721526,37000.0,-8968.24
3100.0,-6470.777770495544,1695.97,4644.0,0.2734387871710289,-6471.051209282716,63045460.74888242,-74445845.50338043,6471.324648069886,2500.0,-804.0300000000001
3200.0,-31842.260278382957,24055.64,16699.0,6.038217996083563,-31848.29849637904,271264452.794119,-367454518.7526179,31854.336714375124,28100.0,-4044.36
3300.0,-31232.28609095113,-4080.31,10124.0,0.0,-31232.28609095113,212199977.1287916,-364044392.43681127,31232.28609095113,0.0,-4080.31
3400.0,-82724.42121905748,2968.0500000000006,34775.0,3.197949576729979,-82727.6191686342,752722088.7744194,-894741657.0435876,82730.81711821094,12500.0,-9531.95
3450.0,-486.78943701376,-36.160000000000004,1808.0,0.0,-486.78943701376,21912461.773012802,-3225071.027185928,486.78943701376,0.0,-36.160000000000004
3500.0,-246169.0928457577,-17468.99,75945.0,4.285875401329541,-246173.37872115904,2032692329.5715315,-2602699882.777554,246177.66459656035,10000.0,-27468.99
3550.0,-189.59559484212627,-13.16,658.0,0.0,-189.59559484212627,8238033.830976345,-1255607.2494377596,189.59559484212627,0.0,-13.16
3600.0,-69126.64570418654,-7270.92,26036.0,0.050190917644845984,-69126.69589510419,651672549.1932569,-708418987.6260884,69126.74608602183,100.0,-7370.92
3650.0,-215.20767893257624,-13.96,698.0,0.0,-215.20767893257624,9023013.264494585,-1424612.731678243,215.20767893257624,0.0,-13.96
3700.0,-88432.6686932291,17416.72,24247.0,17.57531708792164,-88450.24401031702,675297292.2556885,-923210330.8663238,88467.81932740496,27300.0,-9883.28
3750.0,-760.8631876994453,-46.1,2305.0,0.0,-760.8631876994453,30770348.017710254,-5034082.945717082,760.8631876994453,0.0,-46.1
3800.0,-175180.16372240736,18214.829999999998,45080.0,12.67708100403299,-175192.8408034114,1357229566.8123462,-1821907066.8042595,175205.51788441543,37900.0,-19685.17
3850.0,-27690.01623711448,-305.0800000000004,6941.0,0.4371331098224418,-27690.453370224302,199586729.65090314,-286545980.82801825,27690.890503334125,2800.0,-3105.0800000000004
3900.0,-65942.86034999548,39213.43,30486.0,30.54753895245461,-65973.40788894793,828665953.687911,-664988896.6464849,66003.95542790038,46500.0,-7286.570000000001
3950.0,-16897.701776862545,4745.3099999999995,4278.0,3.1791277704153647,-16900.88090463296,124140357.8271241,-171675151.16900158,16904.060032403373,6600.0,-1854.69
3975.0,-480.11992963638204,-30.119999999999997,1004.0,0.0,-480.11992963638204,17852518.02530082,-3104998.0842171526,480.11992963638204,0.0,-30.119999999999997
4000.0,-641522.7447858247,22623.61,123230.0,18.30601772422355,-641541.0508035489,4806337904.998067,-6255889433.33393,641559.3568212731,87000.0,-64376.39
4025.0,-689.1948728821252,-41.73,1391.0,0.0,-689.1948728821252,25151148.62098394,-4455131.021564342,689.1948728821252,0.0,-41.73
4050.0,-33815.4308379509,-1525.86,6678.0,1.5798656029042881,-33817.01070355381,252424921.05684033,-329159851.5296131,33818.59056915672,1900.0,-3425.8599999999997
4075.0,-561.2110484451874,-32.82,1094.0,0.0,-561.2110484451874,20097863.698966082,-3626447.9732893244,561.2110484451874,0.0,-32.82
4100.0,-97481.05186053846,73270.01,19871.0,54.7159093618323,-97535.76776990028,694865992.7769872,-966146191.0271535,97590.48367926212,83700.0,-10429.99
4125.0,-10414.540093378866,-980.2500000000001,2456.0,0.0,-10414.540093378866,87902957.05873966,-97323571.26633689,10414.540093378866,0.0,-980.2500000000001
4150.0,-42418.38092460234,21291.579999999998,6492.0,11.527133047362113,-42429.9080576497,252495629.2243519,-426628924.9924729,42441.43519069706,26000.0,-4708.42
4175.0,-3862.8828633949156,-347.61,1470.0,0.0,-3862.8828633949156,41895920.26219776,-34760850.714951254,3862.8828633949156,0.0,-347.61
4200.0,-131508.86506816503,359923.3,29508.0,126.28039675138287,-131635.14546491642,1082553193.1912992,-1246658801.7187586,131761.4258616678,372900.0,-12976.7
4225.0,-3083.884665103659,132.92,1144.0,0.3794796700622255,-3084.264144773721,35542546.309371315,-27223322.037185747,3084.643624443783,400.0,-267.08
4250.0,-41064.41928779115,203828.59,8109.0,129.5165738167529,-41193.9358616079,281436476.05137867,-407430951.1401677,41323.45243542465,208300.0,-4471.41
4275.0,-7372.796197640777,11135.720000000001,1833.0,8.868564903317184,-7381.664762544094,69319434.88823831,-66609993.60005528,7390.5333274474115,11800.0,-664.28
4300.0,-154841.41716356156,165869.93000000002,23585.0,114.47960383191041,-154955.89676739348,1005147233.368131,-1498163618.137275,155070.3763712254,182100.0,-16230.07
4325.0,-5664.733779058712,-295.4800000000001,1586.0,0.10144263169279848,-5664.835221690405,58647859.293781124,-49708387.916757,5664.936664322097,200.0,-495.4800000000001
4350.0,-47931.64231550601,-2314.8,6593.0,1.1664857303663816,-47932.80880123637,283633356.6874187,-467125737.23247904,47933.97528696674,2900.0,-5214.8
4375.0,-6323.99605698835,3649.7799999999997,1723.0,0.829975629731829,-6324.826032618082,64401730.268725276,-55263357.66689647,6325.656008247814,4200.0,-550.22
4400.0,-218398.54181893647,115132.66,35157.0,109.49750154466054,-218508.03932048113,1638348930.3423605,-1984909423.9171767,218617.53682202578,135700.0,-20567.34
4425.0,-8018.816578622124,-13.409999999999968,1616.0,0.682880045524786,-8019.499458667649,71368077.36362231,-70382247.11570323,8020.182338713174,700.0,-713.41
4450.0,-86860.50251003754,26234.9,10398.0,8.99367710802689,-86869.49618714557,524950465.6436013,-816768019.4427016,86878.4898642536,35100.0,-8865.099999999999
4475.0,-5526.344286996738,10720.52,1965.0,8.151584122893675,-5534.495871119631,74345231.19273317,-46357600.9833065,5542.647455242524,11200.0,-479.47999999999996
4500.0,-470564.61160834885,-29729.030000000002,56314.0,9.591955095026506,-470574.20356344385,3120730041.49124,-4253958249.7541122,470583.7955185389,14799.82,-44528.85
4525.0,-10773.910202632846,-848.2600000000001,2100.0,0.042420861500762845,-10773.952623494346,98411461.68261199,-92673671.54671523,10773.995044355848,100.0,-948.2600000000001
4550.0,-56728.857455154815,-3956.85,5569.0,0.5201980927213347,-56729.37765324754,297143268.9837979,-536792157.4687123,56729.89785134026,2100.0,-6056.85
4575.0,-8763.88001427721,-638.9000000000001,1848.0,0.12474724418238392,-8764.004761521392,88721388.3337838,-73554025.45408756,8764.129508765574,100.0,-738.9000000000001
4600.0,-247510.3422030405,218717.55000000002,31044.0,313.22572270210696,-247823.56792574262,1758809686.2594988,-2197694889.8694825,248136.79364844473,241897.25,-23179.7
4625.0,-37015.97872964815,-2596.15,4011.0,49.435976611945634,-37065.4147062601,228215102.896733,-336797717.7539413,37114.85068287204,1096.81,-3692.96
4650.0,-74758.90608543452,14669.300000000001,11025.0,341.75815766687765,-75100.6642431014,612855251.1060715,-653189471.4726639,75442.42240076828,21477.95,-6808.65
4675.0,-26282.728077383064,2339.09,3263.0,3.2459256217697097,-26285.974003004834,186228226.1683742,-230147293.74394003,26289.219928626604,4800.0,-2460.91
4700.0,-443452.6973973807,483837.61999999994,45762.0,19059.652765849933,-462512.3501632306,2817516623.861614,-4321469019.077769,481572.00292908057,527353.84,-43516.22
4725.0,-20889.31008007375,7341.82,2477.0,2.6420656297748994,-20891.952145703523,147921220.41569608,-181362972.52240843,20894.5942113333,9300.0,-1958.1799999999998
4750.0,-52882.02974208714,336380.09,13700.0,22776.59913130308,-75658.62887339022,739220336.0703249,-919979506.6864862,98435.2280046933,343148.0,-6767.909999999999
4775.0,-27571.66110914875,-301.1999999999998,3441.0,110.15508475416343,-27681.816193902912,214032275.30367827,-235505280.28959474,27791.971278657078,2192.2,-2493.3999999999996
4800.0,-316987.0007025761,238607.24,46110.0,430.2669502789105,-317417.26765285496,2543347457.267694,-2689436996.597541,317847.53460313386,266990.56,-28383.32
4825.0,-29956.027069779902,-2678.75,2918.0,0.1193776185492962,-29956.146447398452,195762916.39443567,-256005940.65647146,29956.265825017,100.0,-2778.75
4850.0,-142812.14667399527,20363.9,12875.0,42.11138942010163,-142854.25806341536,889938140.2188209,-1219712240.8887467,142896.36945283547,33600.0,-13236.1
4875.0,-46828.05939627257,494.2800000000002,4259.0,57.52650940411351,-46885.58590567668,290679128.7041753,-404975116.7871322,46943.11241508079,4997.3,-4503.0199999999995
4900.0,-323086.0853628321,-26129.46,24666.0,88.13686677891629,-323174.222229611,1893742500.326405,-2710726638.8548555,323262.35909638996,2693.63,-28823.089999999997
4925.0,-48167.29866217882,-2452.04,4213.0,122.72715116574214,-48290.02581334457,322089690.1366401,-400202235.14585793,48412.75296451031,1790.8,-4242.84
4950.0,-63500.66148575756,19554.68,5393.0,166.37772082993988,-63667.039206587506,375659659.13172513,-545601563.0394843,63833.41692741745,25690.2,-6135.5199999999995
4975.0,-66943.16978169355,-1824.0599999999995,5033.0,219.24710963796332,-67162.41689133151,393789119.57690513,-561389204.081682,67381.66400096947,4283.43,-6107.49
5000.0,-3040261.9243844906,545597.72,222791.0,73293.84150658861,-3113555.765891079,17916094292.388058,-26547497371.1494,3186849.607397667,822053.24,-276455.52
5025.0,-52631.71346212327,-2478.28,3718.0,18.269435661034223,-52649.982897784306,301229520.42340904,-438062439.11213815,52668.25233344534,2398.73,-4877.01
5050.0,-216297.9385475455,1580.539999999999,13647.0,385.6745372164863,-216683.61308476198,1152052151.0978987,-1796679420.5985096,217069.28762197847,21372.52,-19791.980000000003
5075.0,-91896.69473900393,-5083.44,6740.0,32.85683484745694,-91929.55157385138,554228079.0291762,-757741111.6963388,91962.40840869884,3497.55,-8580.99
5100.0,-690916.9372484861,-55590.560000000005,42337.0,287.57366638911674,-691204.5109148752,3738218191.7148547,-5614674202.482664,691492.0845812643,5978.32,-61568.88
5125.0,-138886.26995866763,29076.3,11010.0,1188.4598339219958,-140074.7297925896,988578270.2244433,-1095885584.3439834,141263.18962651162,40415.51,-11339.21
5150.0,-205456.01255424006,23322.25,16569.0,721.379667008388,-206177.39222124845,1461385430.715705,-1614344559.049742,206898.77188825683,40749.8,-17427.55
5175.0,-80920.09646186176,-3131.17,6709.0,4.369753670744771,-80924.4662155325,630988941.1269574,-613676981.754582,80928.83596920324,3400.0,-6531.17
5200.0,-807396.6854890247,-46439.2,53452.0,1200.0849450680148,-808596.7704340927,4949613853.077171,-6360365886.87598,809796.8553791607,23909.3,-70348.5
5225.0,-210488.99305981034,-14259.650000000001,9469.0,73.19935123317669,-210562.1924110435,905055089.4303303,-1705937493.0569348,210635.39176227667,5197.450000000001,-19457.100000000002
5250.0,-436868.2385647477,9838.279999999999,23437.0,31.356001019018876,-436899.5945657667,2298598010.215631,-3439929013.8180623,436930.9505667857,48399.6,-38561.32
5275.0,-277302.4917170426,-26728.870000000003,12358.0,179.25472764737327,-277481.7464446899,1126136442.6623635,-2295230190.811888,277661.00117233733,1185.77,-27914.640000000003
5300.0,-817819.8003825388,336469.74,49259.0,875.997566681467,-818695.7979492204,4792944178.072251,-6283909325.181952,819571.7955159019,405697.48,-69227.74
5325.0,-176488.37664242857,-15194.59,8411.0,0.3659043385365161,-176488.7425467671,869341056.1183856,-1373143569.2610207,176489.10845110563,200.0,-15394.59
5350.0,-213866.30979727017,67366.12000000001,12726.0,940.9748249093462,-214807.28462217952,1314963593.2703073,-1609346617.6866162,215748.25944708887,84531.59000000001,-17165.47
5375.0,-104398.64516235684,-2764.1700000000005,4745.0,95.58298729401477,-104494.22814965085,529147869.0797115,-791946211.0782442,104589.81113694487,5993.19,-8757.36
5400.0,-1158188.715001448,309190.62,62649.0,25535.098655275287,-1183723.8136567234,6718215190.147558,-9101762789.83874,1209258.9123119987,405771.31,-96580.68999999999
5425.0,-112550.08011604546,-8086.82,5430.0,225.2679980845346,-112775.34811412999,618218681.6784592,-843332884.5793643,113000.61611221451,1383.8400000000001,-9470.66
5450.0,-323566.04027451185,-6294.560000000002,16335.0,1711.6918300159318,-325277.73210452776,1997836367.723245,-2363556518.311943,326989.42393454374,18821.28,-25115.84
5475.0,-379716.57658621686,-30360.08,11747.0,780.6018185365454,-380497.1784047534,1216433860.5150373,-3017312290.9535913,381277.7802232899,7162.56,-37522.64
5500.0,-2543387.988350226,1236480.5,114455.0,109467.02132068406,-2652855.0096709104,12604444165.044981,-20786248246.424095,2762322.0309915943,1459867.75,-223387.25
5525.0,-128624.07505386704,-8165.88,7364.0,214.48928961425017,-128838.5643434813,937793273.7334355,-903785711.4767998,129053.05363309554,1887.1100000000001,-10052.99
5550.0,-262136.15270135686,39898.06,12235.0,9808.621035437753,-271944.7737367946,1485809075.5787537,-2069729994.8168864,281753.3947722324,62781.51,-22883.45
5575.0,-371876.59362141567,34769.27999999999,11650.0,11050.515825421586,-382927.1094468373,1264100154.309027,-3067342101.88498,393977.6252722589,73315.60999999999,-38546.33
5600.0,-1326972.6884592422,388553.56999999995,67164.0,82411.34834621791,-1409384.03680546,8244718233.097168,-10722453865.937735,1491795.385151678,500933.64999999997,-112380.08
5605.0,-930.3661116836596,-106.21000000000001,19.0,0.0,-930.3661116836596,1583426.6025125897,-7522423.130590699,930.3661116836596,0.0,-106.21000000000001
5610.0,-7941.1470687065685,-175.48999999999995,849.0,37.90879174899221,-7979.055860455561,129218645.82485561,-43293576.09156662,8016.964652204552,196.81,-372.29999999999995
5615.0,-98.84766784249813,-11.28,2.0,0.0,-98.84766784249813,167190.98667760318,-797162.3745665606,98.84766784249813,0.0,-11.28
5620.0,-2201.714354916208,-0.30999999999999517,248.0,38.25847311822897,-2239.972828034437,38067653.87925306,-12052430.19815554,2278.2313011526658,96.76,-97.07
5625.0,-313073.37574832817,4496.979999999998,9713.0,6283.414663103171,-319356.79041143134,1292712251.0509644,-2354130031.3388124,325640.2050745345,30753.29,-26256.310000000005
5630.0,-2472.476525111183,-164.21,193.0,0.0,-2472.476525111183,29085504.20089788,-15197988.215958424,2472.476525111183,0.0,-164.21
5635.0,-453.6878216026134,-51.66,9.0,0.0,-453.6878216026134,757665.8737014311,-3635422.1469157203,453.6878216026134,0.0,-51.66
5640.0,-3574.9362062626997,-153.39000000000001,381.0,0.0,-3574.9362062626997,60042230.91596756,-18548734.415123895,3574.9362062626997,0.0,-153.39000000000001
5645.0,-763.4954697001074,-87.0,15.0,0.0,-763.4954697001074,1266953.2241930563,-6099439.109398656,763.4954697001074,0.0,-87.0
5650.0,-554716.5837724826,104455.25,19337.0,31070.56138693351,-585787.1451594161,2562219152.921508,-4483805751.156112,616857.7065463496,154480.43,-50025.18000000001
5655.0,-2260.484890104086,-257.40000000000003,44.0,0.0,-2260.484890104086,3727415.8853438334,-18011037.067991026,2260.484890104086,0.0,-257.40000000000003
5660.0,-7429.140636847935,-304.73,779.0,0.0,-7429.140636847935,125857120.69643094,-37937330.08489369,7429.140636847935,0.0,-304.73
5665.0,-259.368363610805,-29.5,5.0,0.0,-259.368363610805,424943.2123291904,-2060286.8323110235,259.368363610805,0.0,-29.5
5670.0,-4055.0146895996363,-191.45999999999998,387.0,0.0,-4055.0146895996363,63131873.8537005,-21611288.4516755,4055.0146895996363,0.0,-191.45999999999998
5675.0,-179670.6163074194,-3611.51,6092.0,939.5548211449913,-180610.1711285644,897804346.6085801,-1255287977.6041663,181549.7259497094,10450.98,-14062.49
5680.0,-6130.335284833352,-371.66999999999996,480.0,0.0,-6130.335284833352,77799649.71406177,-35774600.18365204,6130.335284833352,0.0,-371.66999999999996
5685.0,-740.3982048682687,-84.14,14.0,0.0,-740.3982048682687,1197442.5922688455,-5845260.983496143,740.3982048682687,0.0,-84.14
5690.0,-3843.370064545377,-160.86,369.0,0.0,-3843.370064545377,62754958.89885508,-19682735.19655133,3843.370064545377,0.0,-160.86
5695.0,-1814.886420658326,-206.04,34.0,0.0,-1814.886420658326,2916341.2746447376,-14289536.664886288,1814.886420658326,0.0,-206.04
5700.0,-1351318.3304514508,283238.27,55479.0,94416.35429848045,-1445734.684749931,7975611140.786718,-10732785193.879444,1540151.0390484117,396638.84,-113400.56999999999
5705.0,-593.07939085302,-67.32000000000001,11.0,0.0,-593.07939085302,946724.0545618064,-4653213.7296128515,593.07939085302,0.0,-67.32000000000001
5710.0,-8477.19726118928,-538.7,545.0,0.0,-8477.19726118928,90666457.31282859,-51149557.57409061,8477.19726118928,0.0,-538.7
5715.0,-272.09637202937455,-30.9,5.0,0.0,-272.09637202937455,431524.59878777165,-2129024.160970985,272.09637202937455,0.0,-30.9
5720.0,-18265.17212530913,-1352.32,601.0,0.29387223537341417,-18265.465997544503,85077610.65725137,-126569537.77535565,18265.75986977988,99.99,-1452.31
5725.0,-182423.5864793063,-9081.3,5203.0,1561.738609258553,-183985.32508856486,725685521.2935547,-1308452301.2274303,185547.0636978234,6310.41,-15391.71
5730.0,-6714.533294277438,-308.53,483.0,0.09364262178394767,-6714.626936899222,79881579.27298155,-39169824.08136282,6714.720579521005,100.0,-408.53
5735.0,-2885.9201340304203,-327.59999999999997,52.0,0.0,-2885.9201340304203,4516189.484296072,-22429843.315250445,2885.9201340304203,0.0,-327.59999999999997
5740.0,-5647.78284629675,-367.92,355.0,0.0,-5647.78284629675,56133881.23036551,-34439130.46848099,5647.78284629675,0.0,-367.92
5745.0,-168.10697040103,-19.080000000000002,3.0,0.0,-168.10697040103,261318.8525255013,-1302409.9992520974,168.10697040103,0.0,-19.080000000000002
5750.0,-747855.0105357248,91532.93000000001,23548.0,45593.73177854181,-793448.7423142666,3517653301.167619,-5831835695.728246,839042.4740928084,154627.35,-63094.42
5755.0,-792.0896614095456,-89.88,14.0,0.0,-792.0896614095456,1223043.6332514735,-6117152.9754165085,792.0896614095456,0.0,-89.88
5760.0,-7452.517127023727,-397.0,524.0,0.0,-7452.517127023727,95576081.61577547,-41259714.81415986,7452.517127023727,0.0,-397.0
5765.0,-171.3751235797974,-19.41,3.0,0.0,-171.3751235797974,262835.0023476454,-1319254.5816771102,171.3751235797974,0.0,-19.41
5770.0,-7953.707765883462,-424.71,401.0,34.70231297754165,-7988.410078861005,71244268.31368086,-49170355.399867706,8023.112391838546,97.75,-522.46
5775.0,-343275.3219212448,-7964.430000000003,8797.0,6934.808438046172,-350210.1303592909,1249878728.5616274,-2522932161.048002,357144.9387973371,22791.979999999996,-30756.41
5780.0,-8690.292979525168,-512.42,361.0,35.26790380577578,-8725.560883330942,62200542.47984451,-55942984.16539552,8760.828787136717,97.72,-610.14
5785.0,-873.5212623162272,-99.0,15.0,0.0,-873.5212623162272,1321598.2701824193,-6681040.805237038,873.5212623162272,0.0,-99.0
5790.0,-11228.099097087415,-442.08000000000004,607.0,9.782962089996152,-11237.882059177411,113039067.73962209,-65328732.880169176,11247.665021267409,199.70000000000002,-641.78
5795.0,-4762.585507128198,-539.46,81.0,0.0,-4762.585507128198,7156342.729973676,-36307573.3050571,4762.585507128198,0.0,-539.46
5800.0,-1696089.1685878232,531254.79,67537.0,215555.49952703007,-1911644.6681148533,9883590234.034899,-14674661934.855276,2127200.1676418833,683738.8200000001,-152484.03
5805.0,-59.3651845980622,-6.72,1.0,0.0,-59.3651845980622,88590.46758079463,-451089.2905782903,59.3651845980622,0.0,-6.72
5810.0,-16578.6050472031,-1183.34,608.0,0.0,-16578.6050472031,106347219.87452643,-106315739.0458116,16578.6050472031,0.0,-1183.34
5815.0,-157.69273144415504,-15.22,4.0,0.0,-157.69273144415504,571139.4213764466,-1115014.278980557,157.69273144415504,0.0,-15.22
5820.0,-12751.615344593152,-936.94,470.0,0.0,-12751.615344593152,82782778.4385665,-81804798.63414907,12751.615344593152,0.0,-936.94
5825.0,-267490.8313086892,-16270.13,7309.0,1056.0190043032073,-268546.8503129924,1223387373.367412,-1786250088.2579508,269602.8693172956,4138.24,-20408.37
5830.0,-19679.93409720295,-1184.9299999999998,634.0,0.8150463211297991,-19680.749143524077,108324358.87650552,-128655165.01373288,19681.56418984521,300.0,-1484.9299999999998
5835.0,-2435.912515253734,-259.08,48.0,0.0,-2435.912515253734,5642520.539021652,-17835027.871637356,2435.912515253734,0.0,-259.08
5840.0,-196748.07762407552,-7748.37,14388.0,0.0,-196748.07762407552,2978236038.2525992,-963975572.7973568,196748.07762407552,0.0,-7748.37
5845.0,-246.75944570195287,-27.92,4.0,0.0,-246.75944570195287,358093.8054909338,-1850257.540763657,246.75944570195287,0.0,-27.92
5850.0,-699176.5553884556,59794.270000000004,23327.0,38702.965145943876,-737879.5205343995,4096078443.798673,-5040716052.969908,776582.4856803435,113315.3,-53521.03
5855.0,-285.5527590833982,-16.720000000000002,12.0,0.0,-285.5527590833982,2355194.2184946327,-1676636.7468014187,285.5527590833982,0.0,-16.720000000000002
5860.0,-17337.70899539329,-1154.13,784.0,0.0,-17337.70899539329,152221520.4468249,-103468578.1420771,17337.70899539329,0.0,-1154.13
5865.0,-3207.132138217909,-362.60999999999996,51.0,0.0,-3207.132138217909,4588546.929880098,-23885882.233662687,3207.132138217909,0.0,-362.60999999999996
5870.0,-26717.192767313813,-1103.2,1621.0,7.481665684289586,-26724.6744329981,342582193.7930324,-138266870.9757864,26732.15609868239,99.77000000000001,-1202.97
5875.0,-231658.34660983444,1325.7600000000011,6655.0,7538.9793191969065,-239197.32592903133,1154796665.0660229,-1620417217.6607683,246736.30524822825,19834.010000000002,-18508.25
5880.0,-10822.162160725024,-614.81,479.0,0.1356772606787343,-10822.297837985701,95453244.83967929,-63996107.83923063,10822.433515246381,100.0,-714.81
5885.0,-21.3313488867001,-0.9199999999999999,1.0,0.0,-21.3313488867001,212343.377452138,-114976.52783881196,21.3313488867001,0.0,-0.9199999999999999
5890.0,-11931.589519656003,-471.58000000000004,608.0,0.3237497505464905,-11931.913269406548,129356800.38694657,-64153773.64762057,11932.237019157095,99.99,-571.5699999999999
5895.0,-109.22789571750695,-4.75,5.0,0.0,-109.22789571750695,1080234.0993765548,-586414.8349856321,109.22789571750695,0.0,-4.75
5900.0,-2394331.7285613543,304326.83999999997,126711.0,171076.31795178266,-2565408.046513137,22168341570.757366,-16590733056.997643,2736484.3644649195,467136.33999999997,-162809.5
5905.0,0.0,0.0,0.0,0.0,0.0,0.0,0.0,0.0,0.0,0.0
5910.0,-39038.77552818464,17192.05,1289.0,46.900120419599055,-39085.67564860424,207282533.42899227,-249487853.16964707,39132.57576902384,20100.0,-2907.95
5915.0,-136.22857876549827,-5.88,6.0,0.0,-136.22857876549827,1329812.89836409,-727205.2810086184,136.22857876549827,0.0,-5.88
5920.0,-10883.080601449277,-601.56,391.0,27.73704740860792,-10910.817648857887,80579934.34428905,-64904607.941140845,10938.554696266494,98.66,-700.22
5925.0,-440021.3297070758,-11528.19,18679.0,3243.9987093218656,-443265.3284163977,3912485635.236774,-2552648588.9897127,446509.3271257196,14502.789999999999,-26030.98
5930.0,-10388.07731373345,-516.8100000000001,526.0,0.0,-10388.07731373345,118477558.79052335,-54769874.13186088,10388.07731373345,0.0,-516.8100000000001
5935.0,-4346.381067848597,-186.85,185.0,0.0,-4346.381067848597,41875330.80318495,-23094094.623592045,4346.381067848597,0.0,-186.85
5940.0,-14039.293897973224,4421.87,692.0,485.6862617879699,-14524.980159761195,150717312.65146458,-81846936.16307737,15010.666421549164,5184.92,-763.0500000000001
5945.0,-23.739486907547416,-1.02,1.0,0.0,-23.739486907547416,227234.1896789389,-126060.40776766119,23.739486907547416,0.0,-1.02
5950.0,-1077759.5403168828,7562.849999999994,43223.0,36292.53020601028,-1114052.070522893,7618949433.956607,-7092504605.904396,1150344.6007289032,85545.2,-77982.35
5955.0,-96.81970140273327,-4.16,4.0,0.0,-96.81970140273327,920601.1177597323,-512624.36541869555,96.81970140273327,0.0,-4.16
5960.0,-28876.632840625836,-2394.43,753.0,0.3376937658236758,-28876.97053439166,109114444.55775441,-194347284.58668905,28877.308228157483,400.0,-2794.43
5965.0,-98.60956045758134,-4.2,4.0,0.0,-98.60956045758134,931373.9196717994,-520715.6002146131,98.60956045758134,0.0,-4.2
5970.0,-7963.784005321573,-153.72,321.0,62.15006468637645,-8025.93407000795,71437968.22259007,-45150297.83509939,8088.084134694326,297.0,-450.72
5975.0,-642003.2687255581,-34651.22,15016.0,7392.438878035954,-649395.707603594,2779179169.5134306,-4176853468.162261,656788.14648163,15194.47,-49845.69
5980.0,-10904.357038120434,1204.92,896.0,7.396097397745176,-10911.75313551818,140610388.85011968,-58192468.531753376,10919.149232915925,1799.8200000000002,-594.9000000000001
5985.0,-256.0276507427319,-10.9,10.0,0.0,-256.0276507427319,2385806.815357502,-1344345.2679130018,256.0276507427319,0.0,-10.9
5990.0,-104517.73680114937,-4708.219999999999,3926.0,51.54702846989086,-104569.28382961926,916676400.4245297,-565427378.1706883,104620.83085808916,396.55,-5104.7699999999995
5995.0,0.0,0.0,0.0,0.0,0.0,0.0,0.0,0.0,0.0,0.0
6000.0,-9882473.68115391,22432036.64,876246.0,12606642.250850016,-22489115.932003926,152785020778.3483,-234405079158.78445,35095758.182853945,24151169.23,-1719132.59
6005.0,-1017.8319190571075,9.870000000000005,19.0,52.52450768602609,-1070.3564267431336,3057686.266813942,-7381731.650177633,1122.8809344291597,96.45,-86.58
6010.0,-43973.73041590287,-1800.3999999999999,2248.0,0.0,-43973.73041590287,551562392.8949847,-214600511.6532112,43973.73041590287,0.0,-1800.3999999999999
6015.0,-3486.592830267419,-238.52999999999997,81.0,0.0,-3486.592830267419,16613571.788270924,-21249566.63253585,3486.592830267419,0.0,-238.52999999999997
6020.0,-12853.004727975907,-865.1300000000001,428.0,0.0,-12853.004727975907,80031142.77474889,-76370425.84006727,12853.004727975907,0.0,-865.1300000000001
6025.0,-570199.553236395,125642.58,16769.0,95621.50637845806,-665821.0596148531,3270092757.9672546,-4812236322.890995,761442.5659933111,174807.03999999998,-49164.46
6030.0,-24869.988845108543,-1181.1100000000001,1098.0,0.0,-24869.988845108543,267983480.68232152,-127316610.45020828,24869.988845108543,0.0,-1181.1100000000001
6035.0,-922.0686631773874,-76.3,14.0,0.0,-922.0686631773874,2153767.748602887,-6022421.397847843,922.0686631773874,0.0,-76.3
6040.0,-9198.383903334623,117.7599999999999,1039.0,15.567041498963299,-9213.950944833587,156181013.41082355,-44188225.96226018,9229.51798633255,499.52,-381.76
6045.0,-4858.489290952246,-366.6,90.0,0.0,-4858.489290952246,16947963.275625855,-30461875.10049367,4858.489290952246,0.0,-366.6
6050.0,-1868225.283937979,14119.890000000003,51920.0,72475.37685526362,-1940700.6607932427,9784610754.94571,-12425931011.174038,2013176.0376485065,158373.63,-144253.74000000002
6055.0,-8270.050145506917,-590.19,125.0,56.949079941605085,-8326.999225448522,19500706.440875243,-54378109.02497222,8383.948305390128,96.13000000000001,-686.32
6060.0,-15225.021611410011,-747.8,590.0,14.503197286470627,-15239.524808696482,139499073.58267167,-81598569.07340005,15254.028005982953,99.53999999999999,-847.34
6065.0,-682.6461996177547,-56.300000000000004,10.0,0.0,-682.6461996177547,1559395.898887204,-4411782.368856733,682.6461996177547,0.0,-56.300000000000004
6070.0,-46960.266321621,-2927.75,1105.0,350.0683007056973,-47310.3346223267,202161487.65248019,-292822686.28420126,47660.402923032394,576.18,-3503.93
6075.0,-581481.3160900889,-32746.59,12263.0,3362.030625911131,-584843.346716,2632249286.428748,-3530034858.274248,588205.3773419111,8187.96,-40934.549999999996
6080.0,-19122.804969265115,-1017.74,799.0,0.0,-19122.804969265115,181339388.3442724,-100949946.86046027,19122.804969265115,0.0,-1017.74
6085.0,-1118.8295116001611,-92.32000000000001,16.0,0.0,-1118.8295116001611,2517511.871840705,-7178136.658948815,1118.8295116001611,0.0,-92.32000000000001
6090.0,-18621.004425941534,1445.1099999999997,525.0,10.51555600963188,-18631.519981951165,112573080.7104814,-107831677.6033679,18642.035537960797,2699.7299999999996,-1254.62
6095.0,-2600.7662784153367,-209.20999999999998,39.0,0.0,-2600.7662784153367,6602803.199669716,-16467968.658792716,2600.7662784153367,0.0,-209.20999999999998
6100.0,-3592248.122303685,167323.49000000005,178234.0,245500.4822258808,-3837748.6045295657,30314149100.88096,-24300686978.02575,4083249.0867554466,455340.27,-288016.78
6105.0,-5302.956026770686,-436.59999999999997,74.0,0.0,-5302.956026770686,11750900.164229708,-33757851.150316216,5302.956026770686,0.0,-436.59999999999997
6110.0,-10158.231566862261,-156.31999999999996,320.0,0.9518731538238837,-10159.183440016086,82694015.75417863,-54190176.59188406,10160.13531316991,400.0,-556.3199999999999
6115.0,-4421.45597015537,-364.17,61.0,0.0,-4421.45597015537,9723098.54849957,-28058348.791197214,4421.45597015537,0.0,-364.17
6120.0,-9837.824706698813,-275.27000000000004,372.0,1.0704392313186508,-9838.895145930132,94463608.01390891,-50061710.934825376,9839.965585161452,199.98,-475.25
6125.0,-440676.81520647946,-8714.299999999997,10593.0,9255.581734070596,-449932.39694055007,2125995833.8930895,-2719353067.8505573,459187.9786746206,23694.84,-32409.14
6130.0,-45415.43481882085,-2082.73,1209.0,35.43333907288145,-45450.86815789374,313252088.14559054,-243323300.88427556,45486.30149696662,198.85999999999999,-2281.59
6135.0,-11360.40544658075,-934.83,153.0,0.0,-11360.40544658075,24596728.026495207,-71549616.74243505,11360.40544658075,0.0,-934.83
6140.0,-122059.15940649917,-6068.870000000001,2879.0,0.0,-122059.15940649917,741152267.7203871,-660549055.8852725,122059.15940649917,0.0,-6068.870000000001
6145.0,-1512.2276171912142,-34.08,22.0,65.62999160353954,-1577.8576087947538,3546029.6521485792,-10361595.389599951,1643.4876003982934,95.49,-129.57
6150.0,-1163830.3913519194,26893.56,28840.0,55716.90092891513,-1219547.2922808346,5962976868.769487,-7537637572.333254,1275264.1932097496,117314.85,-90421.29
6155.0,-2890.4149939689137,-237.5,38.0,0.0,-2890.4149939689137,6160308.920377845,-18065192.590550188,2890.4149939689137,0.0,-237.5
6160.0,-33016.06057099088,-952.1599999999999,1034.0,160.22109501879544,-33176.28166600967,293399246.3609432,-168009725.2379389,33336.50276102847,592.0,-1544.16
6165.0,-1308.511140531284,-107.44,17.0,0.0,-1308.511140531284,2766799.1334739723,-8148275.610475418,1308.511140531284,0.0,-107.44
6170.0,-23925.0525562821,-1128.59,646.0,75.48640467327255,-24000.53896095537,164554635.3683346,-129085257.55986805,24076.025365628644,196.76,-1325.35
6175.0,-1286533.3241453962,-35162.78,21617.0,29095.085287232116,-1315628.4094326284,4311462084.048127,-8096335816.309974,1344723.4947198606,68871.17,-104033.95
6180.0,-43228.02228620718,-837.7299999999998,1034.0,288.2981453011742,-43516.32043150836,273381049.029369,-233934773.53216493,43804.61857680953,1382.28,-2220.0099999999998
6185.0,-5643.628541857248,-15.81999999999988,81.0,349.1723359538405,-5992.800877811088,13273259.9773355,-39423817.29871386,6341.973213764928,475.90000000000003,-491.7199999999999
6190.0,-45406.544013758124,-2625.55,1129.0,79.47628241814138,-45486.02029617627,266261324.49615458,-251669109.27819222,45565.49657859441,196.58,-2822.13
6195.0,-3237.8134642920086,181.2,50.0,354.3872146042679,-3592.2006788962767,8222496.719191048,-24523581.17680351,3946.587893500545,475.5,-294.3
6200.0,-4648064.543309217,1026936.25,174947.0,750845.2144056677,-5398909.757714885,37414750870.38421,-35557524803.25032,6149754.972120552,1402317.55,-375381.3
6205.0,-11241.428284283022,-926.5999999999999,139.0,0.0,-11241.428284283022,22846863.713910405,-68972200.32691331,11241.428284283022,0.0,-926.5999999999999
6210.0,-38835.78390103778,48.509999999999934,1045.0,277.35223244825374,-39113.136133486034,308370609.78853637,-198527173.5507698,39390.48836593429,1888.3799999999997,-1839.87
6215.0,-3062.1782495759758,-266.91,37.0,0.0,-3062.1782495759758,5717066.229877786,-18902218.276454456,3062.1782495759758,0.0,-266.91
6220.0,-66187.95494837435,-4033.8399999999997,1160.0,335.06139104266106,-66523.01633941701,262408178.87679464,-383543700.95282453,66858.07773045967,581.9399999999999,-4615.78
6225.0,-1098064.8987384525,64819.44000000001,26731.0,94779.44673450058,-1192844.345472953,7197529885.249552,-7092946703.462436,1287623.7922074536,141500.25,-76680.81
6230.0,-71113.01909987975,-3099.09,1670.0,152.95700539131556,-71265.97610527107,472727241.25120956,-368818181.89055294,71418.93311066237,393.69,-3492.78
6235.0,-2196.115403063388,-187.88000000000002,26.0,0.0,-2196.115403063388,4134132.2417581175,-13396938.987985156,2196.115403063388,0.0,-187.88000000000002
6240.0,-35186.25752258263,4229.469999999999,1039.0,1434.8169307956387,-36621.07445337826,275885412.5940751,-195410001.6096367,38055.891384173905,6145.72,-1916.25
6245.0,-3665.780542407823,-216.79,45.0,76.39349237709014,-3742.174034784913,7409542.142671768,-23143683.882402446,3818.5675271620034,94.69,-311.48
6250.0,-5951195.896523067,-192384.36000000002,132400.0,77419.69193682326,-6028615.58845989,39839552867.77382,-31421665980.40886,6106035.280396713,123658.15000000001,-316042.51
6255.0,-1897.5307207784094,-203.30999999999997,21.0,0.0,-1897.5307207784094,2295906.2981130667,-11969684.006292056,1897.5307207784094,0.0,-203.30999999999997
6260.0,-52728.57593374277,-1759.97,1254.0,215.2633121151196,-52943.8392458579,368417985.18237424,-268007567.92699966,53159.10255797301,691.59,-2451.56
6265.0,-4175.01493958207,-343.63,48.0,0.0,-4175.01493958207,8044753.428956517,-25001870.059866074,4175.01493958207,0.0,-343.63
6270.0,-20511.743339541234,-189.25000000000006,616.0,198.51222463975483,-20710.25556418099,181372420.5737448,-100247632.92011279,20908.767788820744,693.2,-882.45
6275.0,-1974189.18128071,-44096.48,43171.0,27002.460165288063,-2001191.641445998,13237107838.855503,-10434856176.42038,2028194.1016112862,69497.82,-113594.3
6280.0,-57970.56412055675,-1893.53,2048.0,734.2081695590136,-58704.77229011577,475482262.8305987,-295708463.33880997,59438.98045967478,846.42,-2739.95
6285.0,-3384.4312500137094,-328.91999999999996,37.0,0.0,-3384.4312500137094,4954362.071710113,-20670325.763562627,3384.4312500137094,0.0,-328.91999999999996
6290.0,-59687.97176155023,-2400.25,1472.0,296.07744343917227,-59984.0492049894,438687243.1129798,-300903391.92328876,60280.12664842858,680.75,-3081.0
6295.0,-3611.7718042500433,-207.09999999999997,42.0,82.32523409890022,-3694.0970383489434,7180384.727787545,-22341575.92352628,3776.4222724478436,94.25,-301.34999999999997
6300.0,-7159036.862452934,799255.5599999999,167819.0,411698.3487607221,-7570735.211213656,45946868385.69397,-42193564355.96819,7982433.559974378,1262896.44,-463640.88
6305.0,-2651.4759107664004,-173.78000000000003,40.0,0.0,-2651.4759107664004,10513988.75998812,-14495252.000335103,2651.4759107664004,0.0,-173.78000000000003
6310.0,-40538.323341642325,1154.09,1150.0,620.531255265457,-41158.85459690778,385831578.5814068,-192243673.07335526,41779.38585217324,2774.72,-1620.63
6315.0,-2620.822254157343,-59.96,45.0,0.40672213089430526,-2621.2289762882374,12793527.987806309,-13833090.466490483,2621.6356984191316,100.0,-159.96
6320.0,-29557.195895901903,-816.0500000000001,809.0,187.97949404630984,-29745.175389948214,263662865.01306343,-139941151.24765682,29933.15488399452,492.27,-1308.32
6325.0,-828114.7616014966,111217.88,16893.0,137171.8604027993,-965286.6220042959,4105379953.6876535,-6170941270.281929,1102458.4824070951,179756.78,-68538.9
6330.0,-103616.01199339506,-2468.84,2769.0,105.78046251421218,-103721.79245590928,992208984.2266966,-466241521.68428206,103827.57291842348,1490.6399999999999,-3959.48
6335.0,-4067.834234026209,475.27,67.0,1.3716422004254007,-4069.2058762266342,14958935.896607598,-22487741.55051303,4070.5775184270597,800.0,-324.73
6340.0,-64286.10013292613,-803.2300000000001,1401.0,128.63147518497038,-64414.7316081111,494800469.7529112,-304397835.7593049,64543.36308329607,1892.74,-2695.9700000000003
6345.0,-4069.4664573631176,359.56000000000006,76.0,99.05029117577924,-4168.5167485388965,22040053.338793226,-21974587.26062659,4267.567039714676,590.5600000000001,-231.0
6350.0,-6305664.101026726,5196.84000000002,129512.0,197646.87942073785,-6503310.980447464,43707646705.2067,-32875963314.06035,6700957.859868201,336784.04000000004,-331587.19999999995
6355.0,-13358.592833331064,-703.09,189.0,179.7021328560321,-13538.294966187095,51015190.72242075,-73771143.06768742,13717.997099043128,187.35999999999999,-890.4499999999999
6360.0,-57794.99926788505,-796.96,2100.0,614.7858114500855,-58409.78507933513,574513102.2314193,-270979830.1175326,59024.57089078522,1666.78,-2463.7400000000002
6365.0,-24434.514285944173,-9.14999999999996,457.0,93.34205475182593,-24527.856340696,155339703.3512784,-119118462.91978912,24621.198395447824,1093.59,-1102.74
6370.0,-39827.19436667252,2948.03,1048.0,1961.3685617652613,-41788.56292843778,358902093.2613884,-203068102.75051752,43749.93149020304,4700.81,-1752.78
6375.0,-1782025.4978816549,52386.52,39657.0,142548.27006899967,-1924573.7679506545,13411816709.250763,-10203771176.272655,2067122.038019654,157528.96,-105142.44
6380.0,-55889.583854158824,-1989.1599999999999,1107.0,96.2497570603542,-55985.833611219176,377127238.03209496,-269252551.3416151,56082.08336827953,696.36,-2685.52
6385.0,-12491.68601932813,-410.3600000000001,176.0,96.14012182639385,-12587.826141154525,49888204.75133623,-66558199.44764897,12683.966262980917,393.34999999999997,-803.71
6390.0,-150978.21306557656,-11534.960000000001,1911.0,1951.7890506847134,-152930.00211626128,389304825.37485087,-874611749.043238,154881.791166946,3083.38,-14618.340000000002
6395.0,-7837.932996333317,-432.68000000000006,102.0,0.2704734145689753,-7838.203469747885,27598232.346800987,-41584969.75383821,7838.473943162455,100.0,-532.6800000000001
6400.0,-8845123.479479415,603761.7300000001,161352.0,876503.6245458153,-9721627.104025232,48233238101.615486,-54793865377.73577,10598130.728571046,1217453.5899999999,-613691.86
6405.0,-35640.07372844486,-1528.7599999999998,399.0,628.9475884449229,-36269.02131688979,56853458.759505525,-213562562.2451474,36897.96890533471,2239.35,-3768.1099999999997
6410.0,-71149.250316696,956.9900000000001,1740.0,720.1000220186957,-71869.35033871469,632033924.5175326,-324299629.7151826,72589.45036073339,3869.69,-2912.7
6415.0,-4329.812273999695,2255.37,109.0,2453.5783541038245,-6783.39062810352,22795001.469854712,-52001153.60434026,9236.968982207345,2826.95,-571.58
6420.0,-128421.10772792065,-4411.67,2071.0,240.5830071242471,-128661.6907350449,738133157.344277,-619282857.6528275,128902.27374216916,1587.8999999999999,-5999.57
6425.0,-1050575.4143598136,115134.68999999999,19253.0,215309.92292490075,-1265885.3372847144,5142533898.08684,-7918578233.361007,1481195.260209615,202542.15,-87407.46
6430.0,-81167.12569946346,-1730.4499999999998,1396.0,470.292164079964,-81637.41786354342,470145190.9470144,-396016216.32710505,82107.71002762338,2283.13,-4013.58
6435.0,-9172.824154393691,-66.9800000000001,117.0,3.777476789933739,-9176.601631183625,30375501.715991177,-48214133.13705818,9180.379107973558,599.9399999999999,-666.92
6440.0,-81672.39524888678,1607.3600000000006,1463.0,814.1422465763819,-82486.53749546317,509806887.4431574,-394110471.8146088,83300.67974203956,5460.81,-3853.45
6445.0,-18831.328707073517,1371.7999999999997,296.0,21.55846765842007,-18852.88717473194,95299494.26901689,-92008386.92789404,18874.445642390358,2399.7599999999998,-1027.96
6450.0,-3106480.9719924824,351076.93,48996.0,363823.78727688227,-3470304.7592693646,12431221670.4906,-20473537880.794308,3834128.546546247,620382.7,-269305.77
6455.0,-19682.57239112657,-188.97000000000006,322.0,2.301199578854978,-19684.873590705425,124940041.17851265,-90050800.54211514,19687.17479028428,600.0,-788.97
6460.0,-79564.86189085912,6585.950000000002,2218.0,3095.2280165414168,-82660.08990740054,704618199.5702553,-387047745.7587147,85755.31792394196,10084.890000000001,-3498.94
6465.0,-2012.7220971017296,45.70000000000001,28.0,105.8974101046733,-2118.619507206403,8020277.685482051,-11407739.15141208,2224.516917311076,192.51999999999998,-146.82
6470.0,-62205.247218303644,2292.0499999999997,1192.0,1622.16345550893,-63827.41067381258,442521104.4124056,-300034300.547287,65449.5741293215,5201.650000000001,-2909.6000000000004
6475.0,-908392.0290500259,290293.95,19516.0,297165.65815939923,-1205557.687209425,5624128535.930092,-7780712221.622867,1502723.3453688244,376909.54000000004,-86615.59
6480.0,-56936.027958980274,10811.99,1275.0,1719.981840217714,-58656.00979919799,447294798.2647381,-269740795.429409,60375.991639415704,13230.09,-2418.1000000000004
6485.0,-23346.0515840479,-682.76,299.0,762.1453733310708,-24108.19695737897,93711542.02025634,-124591843.08335039,24870.342330710042,846.1100000000001,-1528.87
6490.0,-123428.34617789496,10097.68,2107.0,5070.43488253258,-128498.78106042754,786127530.01309,-621129323.9476675,133569.21594296012,16525.23,-6427.55
6495.0,-32508.969780417294,-1489.0,439.0,219.43420639437818,-32728.40398681167,162762746.95876965,-156125254.53582197,32947.83819320605,184.38000000000002,-1673.3799999999999
6500.0,-9443581.92952353,2142704.44,188200.0,2856359.110614022,-12299941.040137552,52112120193.63727,-78209093521.71597,15156300.150751572,3005059.0100000002,-862354.5700000001
6505.0,-50299.66234514106,-1272.2399999999998,735.0,185.80384101469627,-50485.466186155754,299266369.86752135,-229303389.84576285,50671.27002717045,790.73,-2062.97
6510.0,-109778.60018379129,-50.089999999999804,1763.0,2383.2982554594814,-112161.89843925076,714201339.6539631,-515969497.9572989,114545.19669471025,4684.09,-4734.179999999999
6515.0,-10942.952707630417,457.62000000000006,149.0,341.2927914661414,-11284.245499096558,50917957.281274,-55942309.36520666,11625.5382905627,1078.4,-620.78
6520.0,-196135.5580916001,-6722.679999999999,2666.0,1384.7819642634013,-197520.34005586352,1035495354.668414,-919513491.2942579,198905.1220201269,2419.56,-9142.24
6525.0,-774061.7634861406,366936.57999999996,17997.0,378263.89561042405,-1152325.6590965646,5247213781.397024,-7759560339.224046,1530589.5547069889,455512.99,-88576.41
6530.0,-110150.79754308389,6880.9000000000015,1685.0,4739.525695437545,-114890.32323852142,634911713.8970506,-556752256.6151965,119629.84893395897,12724.03,-5843.129999999999
6535.0,-8248.745479218545,-309.53,96.0,36.212642258727406,-8284.958121477272,32403566.562492438,-40193835.65103642,8321.170763735998,199.26,-508.78999999999996
6540.0,-90373.1100099019,-2290.5400000000004,1270.0,1361.8889298665144,-91734.9989397684,488410485.85623044,-428611292.98315924,93096.88786963491,2342.5099999999998,-4633.05
6545.0,-11847.551919469612,4045.59,230.0,7117.892440570839,-18965.444360040452,48548753.36383249,-137560100.70124322,26083.33680061129,5585.94,-1540.35
6550.0,-3331855.361989603,494962.12000000005,52940.0,661890.0383036323,-3993745.400293235,14567297822.366932,-23467314358.43311,4655635.438596867,795169.98,-300207.86
6555.0,-13641.583280155699,2679.5,196.0,1219.0776496563976,-14860.660929812097,61456400.04700589,-78034583.78425182,16079.738579468494,3549.32,-869.82
6560.0,-202873.7677252173,-4295.129999999999,2388.0,4275.505868580699,-207149.273593798,833146008.9658273,-1005932586.6964202,211424.77946237868,8308.99,-12604.119999999999
6565.0,-28304.6318378006,-1787.88,280.0,26.28103075119785,-28330.912868551797,85998106.94628064,-138463184.61759675,28357.193899302994,99.42,-1887.3000000000002
6570.0,-336141.9669528403,-15554.800000000001,3476.0,2963.8233046316036,-339105.79025747185,1182309166.414817,-1627703616.6064422,342069.6135621035,3834.0699999999997,-19388.87
6575.0,-1076835.9088407545,361380.42000000004,22306.0,475915.6257550475,-1552751.534595802,6784394959.700774,-10035506163.033262,2028667.1603508496,479637.46,-118257.04
6580.0,-120224.86010199359,6665.410000000001,1712.0,7415.853048886103,-127640.71315087969,704196564.7293876,-605206138.4290117,135056.56619976577,12437.66,-5772.25
6585.0,8066.390453880355,22608.67,528.0,32677.11287781162,-24610.722423931267,149427420.49756563,-292671898.3181759,57287.83530174289,23943.010000000002,-1334.34
6590.0,-277856.1500389987,11322.07,3909.0,31084.681404874766,-308940.8314438735,1556379347.1410758,-1549811376.2876022,340025.51284874824,25090.03,-13767.96
6595.0,-29028.070369544865,-586.08,323.0,835.7628561982629,-29863.833225743125,121114306.23652515,-142184088.44077098,30699.59608194139,1049.31,-1635.39
6600.0,-8773473.914425537,2460427.8299999996,160644.0,3071305.6793893236,-11844779.593814861,50350764398.78449,-72263306049.15378,14916085.273204185,3252406.4899999998,-791978.66
6605.0,-9618.00278628032,3633.5,193.0,5418.463229215939,-15036.466015496258,53673749.676114164,-101570119.14673555,20454.929244712195,4717.53,-1084.03
6610.0,-177788.3586177349,3243.9900000000007,2806.0,9446.815377237492,-187235.1739949724,1083654954.9100144,-870772948.31757,196681.98937220988,11821.22,-8577.23
6615.0,-9392.853884202264,1909.49,138.0,1983.0510985009505,-11375.904982703216,42993925.164739534,-64306060.07438276,13358.956081204165,2685.87,-776.38
6620.0,-386052.93894779746,53334.89000000001,5065.0,16199.889770267433,-402252.8287180649,1923112685.0676622,-1884526880.1444016,418452.71848833235,74342.75,-21007.86
6625.0,-1210499.126459293,436447.06,23731.0,574440.2743420992,-1784939.4008013923,7033407213.388544,-11389363459.119757,2359379.6751434915,554764.85,-118317.79
6630.0,-79235.72695796414,46015.18,2013.0,44790.67928377467,-124026.40624173879,867031372.8682915,-746857918.9698368,168817.08552551345,51542.96000000001,-5527.78
6635.0,-45576.24031814897,-2651.0000000000005,356.0,570.062993637036,-46146.30331178601,70375832.11440048,-231085224.15410534,46716.36630542304,1079.58,-3730.5800000000004
6640.0,-124563.41987863662,7349.009999999999,1983.0,9130.055256926782,-133693.4751355634,886404976.4953059,-603093959.1660622,142823.53039249018,12703.84,-5354.83
6645.0,-14016.831944284944,20945.37,451.0,11207.410750092826,-25224.24269437777,130825919.12296745,-177599838.06617197,36431.6534444706,22667.979999999996,-1722.6100000000001
6650.0,-2237339.7654368943,1417269.9700000002,60107.0,1869575.2309726414,-4106914.9964095354,19958881350.94685,-28227143144.92696,5976490.2273821775,1692456.55,-275186.57999999996
6655.0,-17896.235616901104,1686.5,205.0,1704.6021237302577,-19600.837740631363,69559491.17590512,-98828752.68458179,21305.43986436162,2937.7799999999997,-1251.2800000000002
6660.0,-144937.93650465904,11386.560000000001,1929.0,8676.481994769141,-153614.4184994282,780251914.4447792,-710754443.2241955,162290.90049419733,19261.38,-7874.82
6665.0,-12846.31264887374,1.2300000000001035,121.0,999.9009955629734,-13846.213644436713,32518983.960735798,-70657325.8373546,14846.114639999687,1041.53,-1040.3
6670.0,-101544.52443966868,79812.97,3126.0,103228.52393909887,-204773.04837876753,1363285219.736158,-1361231477.7219684,308001.57231786643,89091.08,-9278.11
6675.0,-1517793.3476808679,556632.3099999999,29331.0,973518.3968628073,-2491311.744543675,8258517698.531841,-16470381534.55924,3464830.141406482,745971.76,-189339.45
6680.0,-205766.44115791484,9714.330000000002,2827.0,23476.10327656013,-229242.54443447496,1313379436.023881,-1068520151.0045761,252718.6477110351,19632.870000000003,-9918.539999999999
6685.0,-10475.4261248597,3921.7400000000007,208.0,6514.464171209035,-16989.890296068734,70444185.1314876,-109588958.91759224,23504.354467277768,4895.93,-974.19
6690.0,-165357.7502407126,398.65,1919.0,7247.078282814485,-172604.82852352707,890404107.4872042,-757884388.2603928,179851.90680634158,8166.87,-7768.22
6695.0,-163171.74797871313,-9639.73,1331.0,1011.196117686476,-164182.94409639962,457720181.5053909,-746051631.464778,165194.1402140861,810.8699999999999,-10450.599999999999
6700.0,-7921307.996554536,2802848.33,147931.0,4879328.200310107,-12800636.196864644,45332885782.87001,-82061554281.85349,17679964.39717475,3709153.44,-906305.1100000001
6705.0,-12334.200871578983,4571.8,187.0,4399.690304864966,-16733.891176443947,57989985.370617405,-98151043.50074296,21133.581481308913,5723.84,-1152.04
6710.0,-179535.66423741265,18634.83,2407.0,35130.53456113893,-214666.1987985516,1021937820.6497538,-1079047365.8446581,249796.73335969052,28760.44,-10125.61
6715.0,-3395.1306345654325,18670.109999999997,343.0,12817.367921449675,-16212.498556015107,134009441.5449814,-131872626.58421382,29029.86647746478,19460.09,-789.98
6720.0,-252514.2611440796,-2456.55,2279.0,10245.658496060794,-262759.9196401404,934596233.769773,-1179523266.2857845,273005.57813620113,11020.55,-13477.1
6725.0,-3621522.5532877315,323610.04,48531.0,944807.9829750167,-4566330.536262748,14311050945.246906,-25258514144.528137,5511138.519237765,692505.36,-368895.32
6730.0,-160001.29662973576,17316.289999999997,1944.0,22752.341004617097,-182753.63763435287,934996368.8024331,-853958963.6926606,205505.97863896997,25608.51,-8292.22
6735.0,-20999.29399591892,3877.31,308.0,7750.421165660264,-28749.715161579188,136791240.91421497,-156572244.67217836,36500.13632723945,5142.17,-1264.86
6740.0,-242193.79035953636,4783.32,2628.0,16405.741695139073,-258599.53205467545,1198613827.6807268,-1147256339.6853213,275005.27374981454,17784.14,-13000.819999999998
6745.0,-258956.33011461416,-17524.09,1745.0,2347.2978568330377,-261303.6279714472,380715134.6936731,-1206781454.7127109,263650.9258282802,2923.7799999999997,-20447.87
6750.0,-5164219.447488303,1257805.6,96274.0,2685885.7550258967,-7850105.2025142005,38118561712.47,-45776010994.74834,10535990.957540097,1719329.07,-461523.47000000003
6755.0,-20408.75074456497,448.0899999999999,186.0,1447.485777865553,-21856.236522430525,77776755.19909142,-99357874.55312867,23303.722300296078,1646.9,-1198.8100000000002
6760.0,-190895.13420288873,10235.35,2428.0,24282.720093335287,-215177.85429622405,1206132239.8597345,-966721885.5814788,239460.5743895593,19722.51,-9487.16
6765.0,-18614.682426976713,-139.9699999999998,158.0,1573.5692481911967,-20188.25167516791,35006183.69065456,-99384036.05572197,21761.820923359108,1743.28,-1883.25
6770.0,-239237.3183987354,6258.740000000001,2443.0,16880.421317125907,-256117.7397158613,1181672898.3785574,-1113290005.1480656,272998.1610329872,18104.99,-11846.25
6775.0,-1471656.2342972865,482749.12,27284.0,1051739.3817692385,-2523395.6160665248,9346849407.344236,-15670732417.326202,3575134.9978357633,651930.59,-169181.47
6780.0,-226581.7505464203,15958.29,2508.0,28360.731611053674,-254942.48215747398,1172896063.2564952,-1164732552.6540391,283303.21376852767,28734.050000000003,-12775.76
6785.0,-37332.309280303845,1464.4900000000002,351.0,4831.797969970936,-42164.10725027478,138865985.91604885,-199574436.83478418,46995.90522024572,4020.6800000000003,-2556.19
6790.0,-179410.3861830162,61936.65,3870.0,62977.65569701139,-242388.04188002762,1771321789.9698784,-1232436036.8188894,305365.697577039,72605.07,-10668.42
6795.0,-30936.928777909656,2651.35,327.0,5398.905613260355,-36335.834391170014,168077947.8203586,-168253094.2402886,41734.740004430365,4092.14,-1440.7900000000002
6800.0,-10700012.915164862,3687203.98,219349.0,8054281.719985848,-18754294.635150712,80578380146.16878,-114989967538.0903,26808576.35513656,4943828.97,-1256624.99
6805.0,-16320.685535071194,9112.35,325.0,12195.35564505082,-28516.041180122014,159158045.37614235,-167533116.76652282,40711.39682517283,10230.24,-1117.89
6810.0,-230985.194180123,21274.609999999997,2662.0,41118.68125502219,-272103.8754351452,1317613068.0418334,-1250324008.506921,313222.5566901674,33498.85,-12224.24
6815.0,-65263.79466006171,2790.36,629.0,10049.463419364083,-75313.2580794258,332955160.55682385,-338269852.5362692,85362.72149878988,5704.88,-2914.52
6820.0,-289543.37524060986,29123.829999999998,3610.0,68170.22385303763,-357713.59909364756,1820516520.0981543,-1685194779.3425157,425883.82294668513,43916.93,-14793.1
6825.0,-391696.7606824356,1229220.73,37723.0,2663554.06882439,-3055250.8295068257,10982759424.382298,-24817464701.456333,5718804.898331216,1440693.73,-211473.0
6830.0,-353385.2005517128,12170.019999999997,3604.0,32815.1840427415,-386200.3845944544,1983027948.8781192,-1612200737.763122,419015.56863719586,28263.76,-16093.74
6835.0,-430.7473106422,4864.98,117.0,8410.249053174004,-8840.996363816204,41976973.859572776,-73875868.06903161,17251.24541699021,5401.43,-536.45
6840.0,-425576.3232738771,740.9600000000023,3972.0,26747.72929939792,-452324.052573275,2353109492.039685,-1808398164.5002086,479071.78187267296,18235.350000000002,-17494.39
6845.0,-26743.909665121115,-501.53999999999985,254.0,2510.203409687656,-29254.11307480877,87596908.93785937,-131168650.6206035,31764.316484496427,1548.3300000000002,-2049.87
6850.0,-3168897.3421292556,3458919.98,118766.0,7526042.821251349,-10694940.163380604,41308152074.83177,-76258028703.65549,18220982.984631952,4138734.36,-679814.38
6855.0,-21470.468877414154,2707.330000000001,410.0,8317.251589865235,-29787.72046727939,162169656.88899785,-153129868.08812496,38104.97205714462,4399.700000000001,-1692.37
6860.0,-323730.53044300986,9719.69,2878.0,28930.004851679645,-352660.53529468953,1575032355.4626875,-1459221729.724803,381590.5401463692,25218.01,-15498.32
6865.0,-35526.71995787283,2807.4,414.0,7572.919028093835,-43099.63898596667,151807679.77651766,-205432411.549269,50672.5580140605,5562.82,-2755.42
6870.0,-316557.12992100266,-515.0700000000004,2789.0,13840.749469580416,-330397.87939058314,1675212512.1535344,-1276854090.0032122,344238.6288601635,13524.66,-14039.73
6875.0,-217940.2998864443,1443502.49,43335.0,3327504.5472595314,-3545444.8471459756,13207431019.630552,-28687074422.06217,6872949.394405507,1688879.38,-245376.88999999998
6880.0,-559094.181042666,-12637.240000000002,4248.0,14515.347171418358,-573609.5282140843,2449872679.654591,-2197175386.060351,588124.8753855027,10748.18,-23385.420000000002
6885.0,-29773.79553620245,-498.42000000000013,259.0,3722.848947518759,-33496.64448372121,92822107.99659896,-148766334.663197,37219.49343123997,1722.6,-2221.02
6890.0,-724234.0024810575,57657.12,7383.0,120150.1456002291,-844384.1480812866,4887466435.603369,-3480205777.316626,964534.2936815157,88097.62000000001,-30440.5
6895.0,-46255.74122460469,-145.36000000000038,940.0,3840.003359280719,-50095.744583885404,441719432.0628871,-194728430.01172474,53935.74794316613,2125.5999999999995,-2270.96
6900.0,-8626615.062520826,3979393.21,183582.0,10110281.840837946,-18736896.903358772,69741569308.23538,-115055034359.78601,28847178.744196717,5178342.96,-1198949.75
6905.0,-35198.56098892728,409.77000000000044,285.0,6520.447524318581,-41719.00851324586,89013903.5113669,-192485671.81687868,48239.45603756444,3225.1699999999996,-2815.3999999999996
6910.0,-23627.893390349163,261812.61,5894.0,319289.386101784,-342917.2794921332,3817945470.404673,-2401344434.854744,662206.6655939171,276814.66000000003,-15002.05
6915.0,-21312.571390405225,4392.159999999999,311.0,12974.475345739913,-34287.04673614514,132151429.5405451,-183027744.75652432,47261.52208188505,6172.28,-1780.12
6920.0,-476400.08355221007,-2583.560000000001,3626.0,26830.613449929144,-503230.69700213923,2292086749.132808,-1907530530.4617295,530061.3104520683,16959.57,-19543.13
6925.0,-736028.1667722624,982371.74,35648.0,2638222.0747578815,-3374250.241530144,11666569097.934387,-23920940204.620426,6012472.316288026,1213280.65,-230908.91
6930.0,-456309.6266598154,15648.22,3526.0,44075.90231812501,-500385.5289779404,2690830334.3537674,-1952609472.543475,544461.4312960654,40978.33,-25330.11
6935.0,-77926.59014667023,11507.11,1467.0,49096.36881552696,-127022.9589621972,419848622.0475279,-707343473.4576237,176119.32777772416,23174.95,-11667.839999999998
6940.0,-480497.6139650499,-4401.379999999999,3402.0,20437.438114204328,-500935.05207925424,2081410858.2542722,-1858168118.5435066,521372.49019345857,15678.43,-20079.81
6945.0,-50556.33679297337,1108.4299999999996,512.0,6583.52948042109,-57139.866273394466,277091945.89490324,-230402791.71957842,63723.39575381555,3834.0599999999995,-2725.63
6950.0,-5350497.345164515,1554783.5799999998,86309.0,4514949.645514063,-9865446.990678577,38339211045.93201,-54199523637.80025,14380396.636192638,2125436.77,-570653.1900000001
6955.0,-25716.809300849884,2745.8,465.0,9813.33169110172,-35530.1409919516,224590721.64395386,-166042867.31805047,45343.472683053325,4799.76,-2053.96
6960.0,-486648.111555639,37335.68,4260.0,91011.530474786,-577659.642030425,2624209648.1569095,-2362530371.150421,668671.172505211,63380.38,-26044.7
6965.0,-40517.0579310642,1566.63,397.0,8503.743453006959,-49020.801384071165,182904859.20033595,-211287268.05109465,57524.54483707812,4352.43,-2785.8
6970.0,-319539.07902938256,8353.189999999999,2577.0,52781.98926777808,-372321.0682971606,1549903771.520804,-1505212471.2795072,425103.05756493873,24172.78,-15819.59
6975.0,-2925243.766025081,502071.06999999995,36290.0,1610609.6904884719,-4535853.456513553,16816137414.00868,-22489983799.880642,6146463.147002025,769862.55,-267791.48
6980.0,-663198.6215172935,-14532.910000000003,4359.0,19941.352459211812,-683139.9739765055,2917080889.6327333,-2411254850.536905,703081.3264357172,14071.58,-28604.49
6985.0,-45515.66103930913,-1478.73,387.0,3484.5723890507593,-49000.23342835989,171586458.33209682,-190075634.55676958,52484.805817410655,1880.3999999999999,-3359.13
6990.0,-1735654.2115807715,-51016.58,9501.0,19026.133986019522,-1754680.345566791,5764526782.7428,-6135150438.250234,1773706.4795528105,22478.71,-73495.29000000001
6995.0,-480497.6864800236,-12329.86,2911.0,5818.026604660861,-486315.7130846845,2379111209.869519,-1602547047.6668339,492133.73968934536,2796.59,-15126.449999999999
7000.0,-22632588.795808945,64051069.99,1739739.0,151952485.67482883,-174585074.47063777,891091131435.123,-1169706660143.4814,326537560.14546657,74058815.12,-10007745.13
7005.0,-113060.82767527863,20635.01,1374.0,53308.168456704094,-166368.9961319827,909816827.6057743,-751223904.6742609,219677.1645886868,27360.7,-6725.69
7010.0,-470811.3809305567,3718.6899999999996,3405.0,46484.5568073394,-517295.93773789605,2113906978.6234295,-1925886481.3968415,563780.4945452354,27403.02,-23684.33
7015.0,-157141.225479985,3676.639999999999,1146.0,18638.34869136279,-175779.5741713478,902839685.6856476,-633217359.8080562,194417.92286271058,9383.45,-5706.81
7020.0,-596824.4486465021,-10752.57,3364.0,37660.11714979552,-634484.5657962976,2014731385.9794383,-2287645679.8251615,672144.6829460931,16985.68,-27738.25
7025.0,-4161173.0650526593,247039.52,41366.0,1130211.0561437765,-5291384.121196436,27844279197.428967,-21586999539.44905,6421595.177340212,509187.08999999997,-262147.57
7030.0,-739002.303001938,21725.64,5706.0,131200.24045925302,-870202.543461191,3451418313.7575984,-3370121157.8664875,1001402.783920444,60378.990000000005,-38653.35
7035.0,-275256.67190605,-3775.8499999999995,1750.0,10360.843180912641,-285617.51508696267,1465318379.7031145,-930725342.5875734,295978.35826787533,4704.98,-8480.83
7040.0,-701557.9882136643,-12328.27,4174.0,35737.518377789456,-737295.5065914538,2919665678.413666,-2518076150.783159,773033.0249692432,17203.28,-29531.55
7045.0,-251649.40009116184,-3730.99,1465.0,12260.990674376202,-263910.39076553803,1152967381.9572914,-879122652.7683748,276171.3814399142,5468.360000000001,-9199.349999999999
7050.0,-8061837.965114298,884491.5499999999,84647.0,3739604.0799939977,-11801442.045108296,49387959822.84337,-52212759023.39378,15541046.125102293,1528621.3199999998,-644129.77
7055.0,-115194.27538463403,32485.68,1374.0,76805.71763044588,-191999.9930150799,1163371319.2440724,-848848389.2285328,268805.7106455258,38748.840000000004,-6263.16
7060.0,-589694.4743298885,16932.31,6200.0,93505.86925216691,-683200.3435820554,5589865599.503445,-2411100233.55308,776706.2128342222,41847.39,-24915.079999999998
7065.0,-72999.69023256705,322.9100000000003,482.0,8578.583493913828,-81578.27372648088,361325493.4664143,-284497415.4256119,90156.85722039471,3400.2200000000003,-3077.31
7070.0,-591201.7838235623,14328.460000000003,8085.0,80092.80688569196,-671294.5907092543,7963536912.471187,-2220143213.3273864,751387.3975949462,38993.78,-24665.319999999996
7075.0,-2235885.592034805,318274.17,25759.0,1411325.106924345,-3647210.69895915,12980006376.278437,-16845941780.31981,5058535.805883495,541675.19,-223401.02000000002
7080.0,-855943.9763353587,-4346.250000000001,6870.0,58256.08711743039,-914200.063452789,6336557993.00313,-2953050116.4033346,972456.1505702194,28084.61,-32430.86
7085.0,-192334.47464999626,2267.07,1125.0,26477.412050716674,-218811.88670071293,917967265.4959825,-755530300.773361,245289.2987514296,9315.26,-7048.19
7090.0,-3149794.05691529,-88281.11000000002,17602.0,34426.82730879801,-3184220.8842240884,14323812250.772083,-9799975227.458008,3218647.7115328866,26546.68,-114827.79000000001
7095.0,-235709.68104859634,-910.6799999999985,1290.0,27513.38431112145,-263223.06535971776,825070789.362118,-911437489.0392797,290736.44967083924,10351.8,-11262.48
7100.0,-15983475.550871147,1545363.91,139502.0,7472694.5795066,-23456170.130377747,76118591897.14798,-98957005366.79906,30928864.70988435,2843806.59,-1298442.6800000002
7105.0,-5765684.4772277735,-187260.31,22280.0,26524.35095349045,-5792208.828181264,17130695490.139126,-17676050183.97004,5818733.179134755,9333.249999999998,-196593.55999999997
7110.0,-6607930.162746502,-268226.42,24948.0,68770.88287136784,-6676701.045617869,13668419194.137253,-21185628781.05594,6745471.928489237,26504.37,-294730.79000000004
7115.0,-207554.46081861365,-1803.3600000000004,1262.0,15201.447392329657,-222755.9082109433,1056088772.7250259,-703527246.7758434,237957.35560327297,5859.08,-7662.4400000000005
7120.0,-812965.6387389826,56808.56,6213.0,269914.96251934464,-1082880.6012583273,4783895126.885817,-4088891006.2939653,1352795.563777672,101959.66,-45151.100000000006
7125.0,-5255304.340040295,459972.73000000004,44713.0,2637458.773860136,-7892763.113900431,23606004209.256615,-32884691616.065502,10530221.887760568,908479.61,-448506.88
7130.0,-649098.4667114232,22487.629999999997,4266.0,149809.23707108755,-798907.7037825108,3519309603.9080033,-2802265214.048788,948716.9408535984,50602.97,-28115.34
7135.0,-267110.22286418575,2669.3199999999997,1360.0,30648.274636841572,-297758.4975010273,1231780476.870947,-951535824.5578271,328406.77213786886,11619.59,-8950.27
7140.0,-2528617.7822459065,-57855.670000000006,15508.0,50012.17894447318,-2578629.9611903797,16745839556.748753,-7295243139.793258,2628642.140134853,17978.969999999998,-75834.64
7145.0,-364726.7604065282,-1018.5399999999993,3244.0,23011.811305918258,-387738.57171244646,3197105785.8082733,-1115538889.0422714,410750.3830183647,8148.76,-9167.3
7150.0,-11837142.868463017,1262081.69,113798.0,6440146.2330219075,-18277289.101484925,78926539223.50958,-73686206331.96564,24717435.334506832,2209215.02,-947133.33
7155.0,-6177189.448359059,-184012.21,21343.0,102699.64419400219,-6279889.092553061,16616441868.12477,-18347656085.79505,6382588.736747064,32192.85,-216205.06
7160.0,-7110107.366913563,-296576.97,28701.0,38825.3011333933,-7148932.668046956,20693621562.60408,-21016076149.027004,7187757.969180348,15362.86,-311939.82999999996
7165.0,-62001.13584901707,6689.0700000000015,541.0,36081.75148495165,-98082.88733396871,301815678.45907795,-397142071.1818728,134164.6388189204,11487.830000000002,-4798.76
7170.0,-667463.2617335464,-233.87000000000137,8301.0,80611.61336846095,-748074.8751020073,8478374829.735972,-2174184453.0549273,828686.4884704683,27063.21,-27297.08
7175.0,-4050935.218020341,169355.05,29692.0,1682723.1084211932,-5733658.326441534,12827433809.881853,-22003126871.336258,7416381.434862727,532299.91,-362944.86
7180.0,-842578.4777964703,-16223.66,4819.0,61185.06628105292,-903763.5440775233,4719155710.01101,-2665711797.263533,964948.6103585762,20533.98,-36757.64
7185.0,-30489.357440204316,12397.219999999998,691.0,57611.031028941085,-88100.3884691454,641253508.8431634,-406740011.754052,145711.4194980865,16203.939999999999,-3806.72
7190.0,-1551450.9100098428,-47396.72000000001,8405.0,60730.089458584654,-1612180.9994684276,8547522326.691961,-4529542745.015456,1672911.0889270122,19653.65,-67050.37
7195.0,-108378.96666296702,2758.8500000000004,902.0,31852.896790079678,-140231.8634530467,632432975.0013558,-477972955.6290877,172084.7602431264,9876.11,-7117.26
7200.0,-17169785.270204708,1784720.22,167140.0,12509914.739837259,-29679700.01004197,77978400911.32805,-121037848336.90526,42189614.749879226,3608392.98,-1823672.76
7205.0,-196764.4783286083,-1618.2099999999996,1245.0,36946.35200421832,-233710.83033282662,1033709739.9200051,-742661558.7957492,270657.1823370449,10637.89,-12256.099999999999
7210.0,-691308.3381002701,-19462.489999999998,3146.0,35994.62622308616,-727302.9643233563,2458908832.4891944,-2065433315.45503,763297.5905464424,12232.74,-31695.23
7215.0,-138367.86550078163,1915.870000000001,888.0,33319.73682179523,-171687.6023225769,827295332.9514918,-548499328.1603371,205007.33914437212,9465.810000000001,-7549.939999999999
7220.0,-686623.7163562909,10429.990000000002,3736.0,154617.9457556609,-841241.6621119519,2940179255.5868373,-2672766472.812001,995859.6078676127,48632.73,-38202.74
7225.0,-2752269.5090369508,286245.42,27186.0,2244475.3980413736,-4996744.907078325,10865622363.167341,-20223953919.435677,7241220.305119698,630157.21,-343911.79
7230.0,-570207.6690768874,-6895.340000000002,3279.0,66336.03008563278,-636543.6991625202,3230490274.613867,-1824091884.925159,702879.729248153,20999.94,-27895.280000000002
7235.0,-187234.03000591107,1263.7799999999993,1901.0,32769.547072310284,-220003.57707822137,647939807.8476393,-667562529.243509,252773.12415053163,11636.859999999999,-10373.08
7240.0,-1274549.2731929012,-19248.28,5283.0,155470.44794275274,-1430019.721135654,4238466227.0034614,-4107182038.486137,1585490.1690784066,43048.770000000004,-62297.049999999996
7245.0,-258190.19513758484,-353.8800000000006,4194.0,37919.58718634736,-296109.7823239322,5339291024.361125,-788032266.1546322,334029.36951027956,11959.03,-12312.910000000002
7250.0,-10378414.142494675,552016.1200000001,78530.0,5882072.503986493,-16260486.646481168,42573430710.16305,-58413318385.91239,22142559.15046766,1527069.54,-975053.4199999999
7255.0,-21809.16831248268,26889.01,1260.0,120942.96241578946,-142752.13072827214,779255363.734087,-682220462.7334569,263695.09314406157,32951.13,-6062.12
7260.0,-731362.0981569231,-10794.05,4637.0,117974.32024549335,-849336.4184024165,3337138963.9585323,-2433929471.7533917,967310.7386479098,30396.690000000002,-41190.74
7265.0,-459013.8382362675,-11075.220000000001,1782.0,39940.62788878589,-498954.4661250534,1322329624.2624767,-1349494275.093217,538895.0940138394,10591.1,-21666.32
7270.0,-895882.8974402354,3453.860000000001,4538.0,172252.08497848018,-1068134.9824187157,5287262915.86655,-2995818114.716479,1240387.0673971958,40749.15,-37295.29
7275.0,-3935195.88735741,87854.18999999999,26341.0,1681283.8978934807,-5616479.785250891,18469492434.42603,-18316481854.693283,7297763.683144372,423494.86,-335640.67
7280.0,-532724.0434292321,49399.19000000001,4855.0,425470.3458768618,-958194.3893060939,4163132624.9455495,-3375256755.8770075,1383664.7351829556,93920.25000000001,-44521.06
7285.0,-458071.8286348938,-8580.130000000001,1994.0,62630.372617868474,-520702.2012527623,1729214278.1156194,-1408730795.075063,583332.5738706307,15107.68,-23687.81
7290.0,-711166.5020815319,26058.029999999995,4967.0,294561.255131584,-1005727.7572131159,6084514753.747831,-3052571869.441244,1300289.0123447,68606.81,-42548.780000000006
7295.0,-507850.594981756,-9958.919999999998,2381.0,82859.49298207206,-590710.087963828,2325728763.3087206,-1580987583.8351033,673569.5809459001,17439.83,-27398.75
7300.0,-21470356.213519502,921596.78,155197.0,12154234.41514128,-33624590.62866078,114603718222.90489,-109702819572.1407,45778825.04380206,2783854.15,-1862257.3699999999
7305.0,-518569.08207846724,-8298.039999999999,2627.0,73625.92180824852,-592195.0038867157,1777779522.6857765,-1553045628.3958683,665820.9256949642,18594.02,-26892.06
7310.0,79022.90700056011,167319.39,5700.0,1036769.773438248,-957746.8664376879,5544888231.653438,-4624690119.835069,1994516.6398759359,205049.53,-37730.14000000001
7315.0,-143403.1919701983,17600.32,1561.0,138624.6060305754,-282027.7980007737,1963008021.6656792,-938903668.5553422,420652.4040313491,28675.17,-11074.85
7320.0,-1092204.6941619269,49688.75000000001,7871.0,499612.92498895345,-1591817.61915088,11290661797.7697,-4597047690.213532,2091430.5441398337,101814.82,-52126.06999999999
7325.0,-2831799.7418952566,595172.63,34827.0,4312650.610021371,-7144450.351916628,18905640261.41486,-26559341112.58649,11457100.961937997,1009370.0800000001,-414197.45
7330.0,-980520.1931003113,502.1500000000012,7859.0,221814.46388977682,-1202334.6569900883,12633505394.186329,-2961937039.2522535,1424149.120879865,48570.89,-48068.74
7335.0,-980848.2228579536,-38111.560000000005,3810.0,135094.11350885642,-1115942.3363668101,2777937857.8392134,-2770900946.5124226,1251036.4498756665,27512.48,-65624.04000000001
7340.0,-2988360.72425565,-62890.06999999999,10740.0,221849.5332571719,-3210210.257512822,17465445597.90367,-7137102477.154619,3432059.790769994,49561.86,-112451.93000000001
7345.0,-554884.2229164497,5577.209999999995,2606.0,175102.7632404381,-729986.9861568877,2986079423.858634,-1921510276.9511313,905089.7493973258,35128.0,-29550.79
7350.0,-12431421.928120978,802184.9,95058.0,8198224.094208594,-20629646.022329573,107574106895.13252,-61305593875.606705,28827870.116538167,1858551.79,-1056366.89
7355.0,-496431.65520463354,27285.400000000005,3301.0,275588.1081432543,-772019.7633478878,3572763339.182796,-2208669685.8188043,1047607.8714911422,61021.53,-33736.13
7360.0,-713483.2713622608,41126.51999999999,4555.0,308609.255713338,-1022092.5270755987,7280169622.104861,-2661018407.9144354,1330701.7827889367,73554.93999999999,-32428.420000000002
7365.0,-515481.250727904,-11786.64,3100.0,56804.58523527,-572285.835963174,2794119230.1306605,-1267876656.3678021,629090.421198444,12938.82,-24725.460000000003
7370.0,-1159573.1720346913,13323.059999999998,4426.0,238960.61443478253,-1398533.7864694737,8481234395.126831,-3177432981.5925336,1637494.4009042564,55805.21,-42482.15
7375.0,-6600115.206582196,54875.34,39965.0,2089763.618689478,-8689878.825271674,34285345024.78655,-21679308089.60734,10779642.443961153,456056.39,-401181.05
7380.0,-1869236.024575156,-25506.97,6113.0,247271.88045418964,-2116507.9050293453,8457528758.161232,-4583995534.324393,2363779.7854835354,57982.6,-83489.56999999999
7385.0,-826520.912115752,-25035.949999999993,7953.0,53500.71936315285,-880021.6314789049,5084952207.210455,-1753079332.3785508,933522.3508420577,10737.3,-35773.24999999999
7390.0,-2385040.792487659,-55709.64000000001,6726.0,151608.68266437735,-2536649.475152036,10822656287.942766,-5068482828.221823,2688258.1578164133,38227.84,-93937.48
7395.0,-712842.9616875898,-6312.55,2825.0,83882.36778662923,-796725.329474219,6566539042.411208,-1553337172.2539148,880607.6972608482,18283.079999999998,-24595.629999999997
7400.0,-28388361.40060907,2219842.15,208301.0,23727383.172020104,-52115744.572629176,227612769961.01187,-144144541965.015,75843127.74464928,4829730.09,-2609887.94
7405.0,-684444.941592856,14101.04,3502.0,153376.32856981,-837821.270162666,11325257477.80103,-1602136873.9535038,991197.598732476,32039.75,-17938.71
7410.0,-1602853.712117623,13309.46,6169.0,396581.545149956,-1999435.257267579,13733287059.345448,-4165194301.520092,2396016.8024175353,78024.27,-64714.81
7415.0,-671761.5482506874,1753.6199999999992,2700.0,136316.20824536865,-808077.756496056,6041891492.737661,-1612654903.970284,944393.9647414247,26305.03,-24551.41
7420.0,-1575970.0355607537,59090.369999999995,8090.0,924823.0772324237,-2500793.1127931774,16047865308.03071,-5909331786.862412,3425616.190025601,138315.55000000002,-79225.18000000001
7425.0,-6632573.78949109,98307.85999999999,31282.0,3080263.6832980425,-9712837.472789133,30692027363.33924,-22912211488.238598,12793101.156087175,595144.54,-496836.68000000005
7430.0,-1412973.339758189,11810.59,5070.0,351316.27782910934,-1764289.6175872982,11356280046.270693,-3486274481.214303,2115605.8954164074,66707.45,-54896.86
7435.0,-901986.7092137949,1954.5599999999997,3196.0,143525.74706572702,-1045512.4562795219,9790914114.564173,-1845100148.8152492,1189038.203345249,26361.19,-24406.63
7440.0,-3722417.397390253,-14945.040000000003,10274.0,482593.142117154,-4205010.539507407,27007316044.717632,-7465822300.158209,4687603.681624562,91488.45,-106433.49
7445.0,-4429625.916149801,-90409.68999999999,10542.0,132884.2420169667,-4562510.158166767,31823351616.479168,-7319186960.415352,4695394.4001837345,20228.44,-110638.12999999999
7450.0,-18836496.91002641,1203338.94,112566.0,15604708.425353324,-34441205.335379735,136437629208.08302,-82523213028.88185,50045913.76073306,2811716.64,-1608377.7
7455.0,-1118391.2052466292,-16246.52,3732.0,90587.24962639487,-1208978.454873024,11931314320.048094,-1894760636.3885093,1299565.7044994188,13713.43,-29959.95
7460.0,-1366917.7913685848,216559.49,10372.0,1739032.0580398669,-3105949.8494084515,23299166381.722683,-7413115668.064007,4844981.907448319,288248.04,-71688.55
7465.0,-987952.7613958116,-8693.92,7189.0,77589.50588884254,-1065542.267284654,8973029111.6746,-1624421169.1622224,1143131.7731734966,10759.97,-19453.89
7470.0,-1887410.3456131374,29570.739999999994,6178.0,508708.61025025527,-2396118.955863393,19905418618.40656,-4072268983.354463,2904827.566113648,82600.78,-53030.04
7475.0,-7471882.367648882,331512.89999999997,49926.0,5552308.86333363,-13024191.230982512,44880128505.2256,-28628363120.143154,18576500.094316144,1037407.03,-705894.13
7480.0,-2594487.028774994,7151.8499999999985,7310.0,495227.3144056955,-3089714.3431806895,21654756095.952248,-4886749248.211315,3584941.657586385,67631.59,-60479.74
7485.0,-1447319.2796448453,-1278.9499999999998,5683.0,140732.14008313854,-1588051.419727984,18568092600.02766,-2114197769.4223585,1728783.5598111222,20270.1,-21549.05
7490.0,-2244256.191997259,53124.23000000001,7565.0,911519.2619404183,-3155775.453937677,22621432207.137478,-5411675831.517227,4067294.7158780955,131775.66,-78651.43000000001
7495.0,-1312538.248013597,-12123.76,4017.0,108565.44990441547,-1421103.6979180125,11843965285.626238,-1919132305.146524,1529669.147822428,13914.9,-26038.66
7500.0,-40937816.83983323,1798962.5699999998,214252.0,32532898.78934587,-73470715.6291791,191254976639.09555,-147342955737.46216,106003614.41852497,5377709.3,-3578746.73
7505.0,-1195651.152351898,1516.0800000000008,3571.0,355697.10785400827,-1551348.2602059064,12707848953.221571,-2291147791.483467,1907045.3680599146,39094.66,-37578.58
7510.0,-3578329.9061535727,90465.07,9267.0,1915418.0379003661,-5493747.944053939,36139959657.71942,-8712616099.97076,7409165.981954305,186367.92,-95902.85
7515.0,-1767580.3841120645,-52453.369999999995,4600.0,171157.4265944264,-1938737.810706491,10531966761.96058,-2532767698.286635,2109895.2373009175,19244.670000000002,-71698.04000000001
7520.0,-15502024.827661667,-193173.55,19175.0,761682.8251789816,-16263707.652840652,72022262733.70662,-19795326907.723927,17025390.478019632,84455.89,-277629.44
7525.0,-10789219.722206019,195214.57000000007,36850.0,6585823.04942373,-17375042.77162975,90275019654.18567,-27795459003.668293,23960865.82105348,741498.0900000001,-546283.52
7530.0,-9796844.34036286,-17411.309999999994,12885.0,1234169.9743621908,-11031014.31472505,59727892479.143135,-13507301564.394339,12265184.289087242,136025.15,-153436.46
7535.0,-2785213.858672065,-24275.079999999998,3882.0,204554.09113263345,-2989767.9498046986,20593123492.203434,-3330865165.223403,3194322.040937332,18159.72,-42434.799999999996
7540.0,-6450498.011993412,-12583.549999999994,10145.0,1281466.8485312862,-7731964.860524698,49859069147.88365,-8976189021.34823,9013431.709055984,105847.66,-118431.20999999999
7545.0,-1727502.2667218326,41605.99999999999,5647.0,1321187.3974664793,-3048689.664188312,18616486501.39772,-4405480877.157606,4369877.061654791,102680.79,-61074.78999999999
7550.0,-24727749.41582881,366131.43,87231.0,15091364.346474228,-39819113.76230304,147412179395.7935,-57832008169.670784,54910478.10877727,1959881.35,-1593749.92
7555.0,-3320960.7077086205,-18808.45,4583.0,472892.915419777,-3793853.623128397,20732334318.888756,-3969767449.360902,4266746.538548174,34817.51,-53625.96
7560.0,-3708575.0775943873,25337.78,7021.0,1466554.081429513,-5175129.1590239005,32294300933.953976,-5919675475.753905,6641683.240453413,115276.84,-89939.06
7565.0,-4533504.631056952,-10210.119999999992,6624.0,1056804.931908696,-5590309.562965648,34109806443.79729,-5625774362.326447,6647114.494874344,62962.66,-73172.78
7570.0,-6024673.781237612,180338.74,14351.0,5084035.193332018,-11108708.97456963,107229837046.73096,-12447894430.160183,16192744.167901648,324117.09,-143778.35
7575.0,-18100769.63841897,56545.390000000014,40093.0,7742516.832398751,-25843286.47081772,101084705175.39789,-28925715086.486298,33585803.30321647,809634.41,-753089.02
7580.0,-11768240.54165916,-75405.94999999998,12374.0,1852776.2978207204,-13621016.839479879,79316958579.63048,-11480926409.95305,15473793.1373006,120559.86,-195965.81
7585.0,-2696385.315599655,5959.0,4426.0,853131.6676614416,-3549516.9832610963,28648597712.854305,-3122318176.3484697,4402648.650922538,46734.78,-40775.78
7590.0,-8340128.045162452,-53760.78999999999,9850.0,2155054.338309578,-10495182.383472031,50599362290.0268,-8634736095.225065,12650236.721781608,116105.98,-169866.77
7595.0,-4378209.046606251,-3316.780000000001,5149.0,887568.2023084697,-5265777.2489147205,27784576566.461388,-3981027076.1866016,6153345.451223191,61655.93,-64972.71000000001
7600.0,-35347368.075822495,1057268.5599999998,157173.0,44290462.69174937,-79637830.76757187,252886821744.8853,-91907916637.40086,123928293.45932123,4144223.4899999998,-3086954.93
7605.0,-4806851.3657495305,-11996.760000000002,4795.0,987538.046976238,-5794389.412725768,44148568040.08034,-4042720857.2365994,6781927.459702007,53334.72,-65331.479999999996
7610.0,-6561065.929751276,-16551.71,10050.0,2834667.6945451363,-9395733.624296412,38158182423.6938,-6944678998.302548,12230401.318841549,151512.4,-168064.11
7615.0,-11576028.530775545,-107000.71,7191.0,1028193.5965285148,-12604222.12730406,46603257987.84623,-7296467519.8172455,13632415.723832576,43008.299999999996,-150009.01
7620.0,-6635603.8307665475,49353.21999999999,10134.0,5049792.291560768,-11685396.122327317,71318423835.90024,-8312901306.577173,16735188.413888084,200678.36,-151325.14
7625.0,-4121057.4673757884,342279.17000000004,41596.0,23670260.576649453,-27791318.044025242,109456177976.37053,-26009083248.2166,51461578.62067469,1159098.6400000001,-816819.47
7630.0,-13489144.397546748,-138302.28999999998,12023.0,4260679.575491843,-17749823.97303859,57223308281.89969,-9105396353.214931,22010503.548530433,148915.24,-287217.52999999997
7635.0,-5575611.185585138,-1589.330000000005,5488.0,3217582.928584775,-8793194.114169912,39079678933.18514,-4598410821.466584,12010777.042754687,100438.05,-102027.38
7640.0,-14192854.9294011,-119894.59,9914.0,2165157.6671292307,-16358012.596530331,42134182678.70167,-6365046019.9088745,18523170.263659563,122712.56,-242607.15
7645.0,-6921581.165486522,1618.5200000000082,6056.0,3057352.880206794,-9978934.045693316,32429938582.730816,-4091640469.6974134,13036286.92590011,122467.55,-120849.03
7650.0,-12144388.740459695,524451.3400000001,84904.0,59819811.143135004,-71964199.88359469,212214770155.21313,-40572396785.93637,131784011.0267297,2350537.87,-1826086.53
7655.0,-3613802.986111581,114952.23999999999,6996.0,4775227.497043407,-8389030.483154988,26642994183.977486,-2937164368.8231497,13164257.980198395,208979.79,-94027.55
7660.0,-7224499.136055625,-27502.760000000024,10957.0,9701473.762965158,-16925972.899020784,28664832313.606453,-4742362716.797543,26627446.66198594,216418.15999999997,-243920.92
7665.0,-3831675.151904465,-7884.550000000003,6129.0,6388279.760381349,-10219954.912285814,16006017970.426668,-2270998323.0839186,16608234.672667164,115702.59,-123587.14
7670.0,-7021397.800123093,-57980.30999999999,9848.0,10524080.48865773,-17545478.28878082,13829811143.264074,-2819593874.041535,28069558.777438547,197162.03,-255142.34
7675.0,-11120644.969775414,124204.23000000003,45085.0,35072225.74639037,-46192870.71616578,-3757475401.749927,-7708007945.784002,81265096.46255615,1206864.24,-1082660.01
7680.0,-6664111.857796509,-119284.92000000001,10736.0,18168239.367483843,-24832351.225280352,-24952653999.184486,-35791730.644612215,43000590.5927642,208536.65000000002,-327821.57
7685.0,-584622.084165047,-60674.60999999999,4272.0,6671659.312973312,-7256281.397138359,-13441711492.578339,568667155.7492996,13927940.710111672,81543.21,-142217.82
7690.0,-6157002.337457689,-209264.75999999998,15717.0,11991492.177761134,-18148494.515218824,-36697683189.16492,2245427511.0391903,30139986.692979958,194554.78,-403819.54
7695.0,901442.4646937195,-32119.830000000005,5180.0,6095735.0875663655,-5194292.622872646,-20795912608.861004,1442907679.4343932,11290027.710439011,87798.64,-119918.47
7700.0,-14760358.512323285,-511910.82999999984,137134.0,87314200.59376326,-102074559.10608655,-267665667505.5821,15922333807.664188,189388759.6998498,3183114.5900000003,-3695025.42
7705.0,2224070.248177752,-55109.13,6012.0,8450832.896383824,-6226762.648206073,-47973250235.92797,3476165114.0199704,14677595.544589896,78540.57,-133649.7
7710.0,7239303.307616645,-43206.919999999984,11335.0,15849050.938478054,-8609747.630861409,-76444137988.15549,6417852218.691466,24458798.56933946,190938.66,-234145.58
7715.0,-2537455.072850307,-184261.87999999998,10879.0,13604710.398517558,-16142165.471367864,-106396494227.88959,9133495778.43821,29746875.869885422,135959.96,-320221.84
7720.0,6248538.953237876,-54806.11000000001,11442.0,13561399.679244174,-7312860.726006296,-68201608536.86901,7044988578.474199,20874260.40525047,170395.61,-225201.72
7725.0,16663234.262934199,-62072.22999999998,40983.0,43906448.202225946,-27243213.93929175,-230185573905.2269,24423979868.4276,71149662.1415177,875309.05,-937381.28
7730.0,7651697.296038342,92933.86999999998,13780.0,13500911.86888437,-5849214.572846028,-61012872896.25534,7246820074.573497,19350126.441730395,315348.61000000004,-222414.74000000002
7735.0,4056038.344640609,-98590.52000000002,10059.0,12729147.805545736,-8673109.460905127,-107282855575.80539,10000661351.889929,21402257.266450863,134836.52,-233427.04
7740.0,3005724.792317578,-135387.96,10199.0,10738095.755798988,-7732370.96348141,-73538552037.02695,9268534394.468273,18470466.7192804,138848.0,-274235.96
7745.0,2558783.749287407,-42359.32,4126.0,4810478.839833977,-2251695.09054657,-38857112135.65895,4047125076.041563,7062173.9303805465,43785.72,-86145.04
7750.0,35011246.28343104,496877.24,87282.0,68053116.90402712,-33041870.620596074,-246205096335.93906,49962003616.42869,101094987.52462319,2249542.81,-1752665.57
7755.0,2308681.756926223,-59688.68000000001,4930.0,5097151.582563825,-2788469.825637602,-43532622350.444725,5169149463.917936,7885621.408201427,50138.29,-109826.97
7760.0,3286450.0857027476,-192657.37,9998.0,9044288.040563254,-5757837.954860506,-68399546659.61314,10153688019.199827,14802125.995423758,119547.76,-312205.13
7765.0,5464633.09443701,61274.7,6650.0,7007694.946871079,-1543061.852434069,-36667422986.65796,5988083698.915862,8550756.799305148,139300.98,-78026.28
7770.0,5596346.497482842,-37438.6,8233.0,8538930.400320629,-2942583.902837786,-58731708273.492744,8636520089.158657,11481514.303158414,116450.92,-153889.52
7775.0,11190941.375676453,-66819.86,27696.0,18580322.405433584,-7389381.029757132,-111251592343.10652,19693205628.010292,25969703.43519072,393765.54,-460585.4
7780.0,4166035.457432746,-81575.81000000001,9301.0,7751116.631006307,-3585081.1735735605,-54005568721.54746,9731537997.529339,11336197.804579867,108074.01999999999,-189649.83
7785.0,13278476.95627152,322079.99999999994,22578.0,15015529.897344314,-1737052.9410727937,-44206060612.6712,13849606982.537954,16752582.838417107,438047.62999999995,-115967.63
7790.0,6542965.504601276,21064.079999999994,9618.0,9100188.30454788,-2557222.7999466043,-53812092357.81959,10323764360.445726,11657411.104494484,158110.86,-137046.78
7795.0,5440005.275763942,98206.33999999998,6749.0,5842659.253447786,-402653.9776838439,-27864256439.670662,5777237074.789676,6245313.23113163,127166.18999999999,-28959.850000000002
7800.0,23489838.56988488,21416.5300000001,73155.0,42109139.321228676,-18619300.751343798,-197045584907.3811,51407899116.9134,60728440.07257247,1559912.4100000001,-1538495.88
7805.0,3710753.6992687127,-28265.44,5844.0,4719991.441207806,-1009237.7419390936,-40053449530.4881,6397634659.541285,5729229.1831469,37988.83,-66254.27
7810.0,4607599.181953672,-20839.39,7085.0,6215581.99437889,-1607982.812425218,-42948423427.65335,8460378105.008307,7823564.806804108,78621.40000000001,-99460.79
7815.0,3551049.290584013,-3676.7299999999996,5639.0,4035874.7518300717,-484825.4612460589,-33546249018.831215,5275940108.116527,4520700.2130761305,35778.31,-39455.04
7820.0,7282601.337644467,11500.71,10504.0,8634973.553743947,-1352372.2160994804,-51283174069.827896,12447598297.448086,9987345.769843427,105937.31999999999,-94436.61
7825.0,8739488.325137118,49880.92999999998,20485.0,11749571.412785206,-3010083.087648087,-54871049852.10089,16659090805.84201,14759654.500433294,328099.76,-278218.83
7830.0,3942604.021750474,-2295.5599999999968,7854.0,4709560.2279304555,-766956.2061799817,-30914316318.808437,7319760372.287232,5476516.4341104375,59071.62,-61367.18
7835.0,1443488.1150245664,-7776.93,4114.0,1647878.0330757631,-204389.91805119673,-17958312649.34808,2393886283.9840503,1852267.9511269599,15519.33,-23296.26
7840.0,3739244.0855535567,-10876.030000000002,8689.0,4598978.5540998485,-859734.4685462917,-30468632031.95621,8028978459.420451,5458713.02264614,58424.89,-69300.92
7845.0,997558.6001277141,-20291.43,7523.0,1285996.2535433609,-288437.65341564675,-12258191017.193102,2215351144.294398,1574433.9069590075,14261.35,-34552.78
7850.0,15190933.282316107,80991.7,38029.0,20794862.565644573,-5603929.283328467,-95978828127.25534,35041226628.9701,26398791.848973043,635174.85,-554183.15
7855.0,1024755.2322484356,2809.9399999999996,3968.0,1114472.7735480417,-89717.54129960622,-9474047815.06388,1833936886.6768923,1204190.3148476481,12125.92,-9315.98
7860.0,3235375.319749639,21050.72,11173.0,3424442.794271569,-189067.47452192986,-19546785323.2848,6004484249.595045,3613510.268793499,38926.73,-17876.01
7865.0,546657.7119793987,2723.91,2587.0,585711.2074510254,-39053.49547162662,-6419998681.598546,948240442.0585878,624764.702922652,6264.55,-3540.6400000000003
7870.0,1440945.5770664301,10344.050000000001,6931.0,1548669.2964288061,-107723.71936237617,-10486964178.281399,2800363078.6378465,1656393.0157911824,21550.59,-11206.54
7875.0,9467760.982438127,103340.18,21221.0,10912316.360102434,-1444555.3776643067,-41739235537.29332,20059233361.643124,12356871.737766739,288310.67,-184970.49
7880.0,3449753.174255984,14581.760000000004,9295.0,3753130.055480109,-303376.88122412504,-21513387766.819763,7475628119.253679,4056506.9367042338,45031.41,-30449.65
7885.0,1134380.3190309522,4561.960000000001,4005.0,1193877.6961836591,-59497.37715270679,-9471872469.564594,2381804971.102315,1253375.0733363659,10622.07,-6060.110000000001
7890.0,8687897.696519678,205258.12999999998,13883.0,8788168.620163072,-100270.92364339436,-20280008260.327614,15712924833.36524,8888439.543806467,216953.13999999998,-11695.01
7895.0,567845.420271564,2016.2400000000002,2952.0,604450.2520214794,-36604.83174991541,-6952384330.687306,1132535453.8271952,641055.0837713948,5937.73,-3921.49
7900.0,30303903.843474492,406834.54000000004,72090.0,35153647.62032382,-4849743.776849325,-110938134858.76279,73770216896.643,40003391.397173144,987781.05,-580946.51
7905.0,710908.8846364927,5026.209999999999,3740.0,731788.3926124343,-20879.50797594164,-6401876985.687788,1485930293.9580896,752667.900588376,7943.959999999999,-2917.75
7910.0,2539124.748261338,28697.5,5699.0,2631023.3565288996,-91898.60826756131,-9934812492.16268,5820508524.426266,2722921.9647964607,40051.19,-11353.69
7915.0,379729.1560644572,3817.6499999999996,1801.0,401611.5519552914,-21882.395890834236,-3277952110.7227683,809319061.2742349,423493.9478461257,6417.9800000000005,-2600.33
7920.0,2032750.9043561865,36623.47,5395.0,2081435.3319145422,-48684.42755835575,-9070269576.498064,4559957891.737584,2130119.759472898,42766.899999999994,-6143.43
7925.0,5923434.704581515,97387.33999999998,20502.0,7392803.48222835,-1469368.7776468352,-25296879380.991722,16283357538.364828,8862172.259875186,300267.45,-202880.11
7930.0,1060859.6142809503,11202.32,3432.0,1121985.3150227803,-61125.70074183014,-5168380430.488337,2575030061.0952563,1183111.0157646106,19480.75,-8278.43
7935.0,165592.30722129752,980.2500000000002,1192.0,190030.51802148702,-24438.210800189496,-1594018533.0654562,428553819.37130994,214468.72882167652,3744.23,-2763.98
7940.0,962797.0934129412,14704.710000000001,3769.0,982969.1077883703,-20172.014375429193,-5371302667.949844,2285603609.3515306,1003141.1221637996,17707.800000000003,-3003.09
7945.0,191869.15901456345,-1286.4099999999999,1079.0,232603.5315809543,-40734.37256639085,-1507951744.0050488,577356107.749478,273337.90414734517,4008.37,-5294.78
7950.0,12368761.82159278,371821.88,42595.0,14511568.092517108,-2142806.2709243284,-40448886137.612976,33335336154.647335,16654374.363441436,659848.36,-288026.48
7955.0,150184.2961886566,-254.79999999999973,592.0,179632.4797147063,-29448.183526049706,-778204575.739292,467205824.59632677,209080.663240756,4106.32,-4361.12
7960.0,600679.495829821,-171.92000000000064,2714.0,692194.5254339945,-91515.02960417341,-3408964212.293309,1874375413.068906,783709.5550381679,11849.119999999999,-12021.039999999999
7965.0,122781.94399556909,1091.3999999999999,526.0,137693.3379693364,-14911.393973767323,-599909628.6721028,356396948.8408963,152604.73194310372,2966.27,-1874.8700000000001
7970.0,447501.6026955133,3817.2800000000007,2099.0,482940.4558411854,-35438.85314567211,-2705565787.749171,1244156624.616423,518379.30898685753,10265.630000000001,-6448.349999999999
7975.0,4169802.09023924,28767.38000000002,15256.0,5334629.364468414,-1164827.2742291747,-13066303124.76942,14558579478.143059,6499456.638697589,194201.33000000002,-165433.94999999998
7980.0,4621328.889222259,323972.62,11097.0,4657469.328172141,-36140.438949881354,-5571605487.539194,8686725151.763046,4693609.767122022,330679.68,-6707.06
7985.0,234844.29007167232,8894.640000000001,738.0,250317.9078776281,-15473.617805955795,-610011142.6562825,587080183.5674024,265791.5256835839,11078.580000000002,-2183.9400000000005
7990.0,5598243.268191307,354172.89,12027.0,5667029.860749672,-68786.59255836548,-6054401130.7669935,11504125284.426563,5735816.453308038,366099.76,-11926.869999999999
7995.0,99382.03734666739,-475.5599999999997,602.0,128575.3722339026,-29193.334887235203,-556354645.3878496,348595612.2736998,157768.7071211378,5730.0,-6205.5599999999995
8000.0,22586787.410317875,-1177048.8900000001,253195.0,60198000.81789479,-37611213.40757691,-137835858679.41193,179339914926.46338,97809214.22547169,4775850.9,-5952899.79
8005.0,369278.2816591403,4133.049999999999,3473.0,401367.8305983673,-32089.548939227,-2672261749.023326,1081924912.320169,433457.37953759433,8476.64,-4343.589999999999
8010.0,5885379.453763887,424439.62000000005,13343.0,5941411.740653137,-56032.28688925046,-5320902506.884767,11986878418.866531,5997444.027542388,432067.76000000007,-7628.14
8015.0,394240.32966166525,14267.27,942.0,407014.28447098867,-12773.954809323468,-719750077.337061,1039859133.4129755,419788.23928031215,16180.029999999999,-1912.7599999999998
8020.0,5036769.563180522,375921.47,11492.0,5065285.713728911,-28516.150548389574,-4316651798.128721,10240040188.673557,5093801.8642773,381091.25,-5169.78
8025.0,3863641.8830243233,223477.78999999998,15434.0,4254719.644793497,-391077.76176917413,-9288635875.229,10361856151.589994,4645797.406562672,286198.23,-62720.44
8030.0,5677521.954184112,421815.55,12438.0,5706911.917465442,-29389.963281329496,-4236051655.903564,11975331568.914646,5736301.880746772,426582.54000000004,-4766.99
8035.0,300907.2699394315,9747.14,606.0,311750.1914128468,-10842.921473415277,-441421194.5109495,872147163.0557714,322593.1128862621,11401.220000000001,-1654.08
8040.0,20170405.06773546,1496924.63,43946.0,20201125.663724624,-30720.595989160574,-14674615530.31389,43513655625.02815,20231846.259713784,1502082.2399999998,-5157.61
8045.0,56995.07522609458,1963.1800000000005,192.0,66153.22000003795,-9158.144773943362,-107499434.500895,191829232.18875504,75311.3647739813,3323.2600000000007,-1360.0800000000002
8050.0,22412567.655486945,1388420.9200000002,66046.0,23538512.480008136,-1125944.8245211923,-31667717271.219746,57452703520.03257,24664457.304529328,1572598.2200000002,-184177.30000000002
8055.0,96110.65684296818,1346.0400000000004,486.0,117974.42037235931,-21863.76352939112,-302822426.9476435,386671078.3346245,139838.18390175042,4654.46,-3308.4199999999996
8060.0,6945500.980902056,499766.70000000007,15236.0,6958801.828895475,-13300.847993419182,-5132012242.3291235,16105809277.688303,6972102.676888894,501982.2700000001,-2215.57
8065.0,49202.34718479086,1268.8300000000002,232.0,57332.12483213698,-8129.777647346125,-137922333.1293106,182070380.61664593,65461.902479483106,2517.4700000000003,-1248.6399999999999
8070.0,13576260.154279703,968756.5099999999,29865.0,13598409.204485329,-22149.05020562512,-10111215160.466593,32481073259.577854,13620558.254690954,972286.1099999999,-3529.5999999999995
8075.0,1361323.824797351,32523.420000000006,13237.0,1659796.1379053886,-298472.3131080376,-8541533540.48015,5224555470.885701,1958268.451013426,80510.37000000001,-47986.95
8080.0,33416.12435406138,-10405.130000000001,532.0,71332.2988382084,-37916.17448414702,-583998494.7898601,301519962.1080303,109248.47332235542,2417.47,-12822.6
8085.0,88008.20906758515,1970.1,326.0,88008.20906758515,0.0,-227068791.22316352,296321496.8647202,88008.20906758515,1970.1,0.0
8090.0,58304.98867702222,-8240.98,643.0,103105.79794569453,-44800.80926867231,-750792379.654244,334518126.73390657,147906.60721436684,7697.880000000001,-15938.86
8095.0,12732.534633020514,393.15999999999997,75.0,12732.534633020514,0.0,-41092575.53021597,38594278.857472695,12732.534633020514,393.15999999999997,0.0
8100.0,14633146.813918276,1340093.4100000001,57855.0,15824113.980978452,-1190967.1670601764,-21923306197.981735,39297019295.177376,17015081.14803863,1558753.48,-218660.07
8105.0,5398.889485638118,150.95,41.0,5398.889485638118,0.0,-21753199.52850865,16683833.917205723,5398.889485638118,150.95,0.0
8110.0,30720.853047470973,1143.92,423.0,30720.853047470973,0.0,-337386569.2227489,76076630.67639789,30720.853047470973,1143.9199999999998,0.0
8115.0,2932.3492760211793,-37.779999999999994,47.0,3112.884069311178,-180.53479328999845,-25429344.361622903,9803071.814622656,3293.4188626011764,61.580000000000005,-99.36
8120.0,22315.223723468633,666.78,189.0,23993.525823546952,-1678.302100078314,-131320286.33599684,73474118.72026117,25671.827923625264,1020.76,-353.98
8125.0,679744.1923502716,19715.88,5410.0,1031092.7902140213,-351348.5978637497,-2420997129.513046,3612787044.885452,1382441.388077771,84637.52,-64921.64000000001
8130.0,13237.03317388899,-226.10000000000014,233.0,18417.156599400296,-5180.123425511301,-128239083.49848622,69017351.71924381,23597.280024911597,733.0799999999999,-959.1800000000001
8135.0,4099.456763483076,90.38000000000001,54.0,4099.456763483076,0.0,-26600192.84797356,13046269.236770269,4099.456763483076,90.38000000000001,0.0
8140.0,26833.10810884941,1370.4600000000003,229.0,26833.10810884941,0.0,-178342082.53866768,73226650.87044439,26833.10810884941,1370.46,0.0
8145.0,4013.5840973038116,99.6,42.0,4013.5840973038116,0.0,-20803183.903127998,13305240.937009953,4013.5840973038116,99.6,0.0
8150.0,9007239.780039446,852191.9899999999,30551.0,9302124.729348378,-294884.949308931,-9152004009.40663,25054100972.98768,9597009.678657308,909992.7399999999,-57800.75
8155.0,8133.325985997083,216.58,68.0,8133.325985997083,0.0,-34074354.121328436,28006955.391127944,8133.325985997083,216.58,0.0
8160.0,13523.34142742524,764.2399999999999,88.0,13523.34142742524,0.0,-52723133.59201473,39872172.61335179,13523.34142742524,764.2399999999999,0.0
8165.0,8871.082500005195,214.55,99.0,8871.082500005195,0.0,-47711599.79690158,30537382.556637835,8871.082500005195,214.55,0.0
8170.0,18768.27535991077,584.4599999999999,69.0,18768.27535991077,0.0,-45687677.56428236,68828697.25002141,18768.27535991077,584.4599999999999,0.0
8175.0,671482.9993244266,21843.759999999995,4918.0,903563.2391926326,-232080.23986820597,-2004388686.1391711,3347563758.2129636,1135643.4790608385,68281.56999999999,-46437.81
8180.0,22760.774439406756,256.66999999999996,159.0,23153.39977378536,-392.6253343786034,-98453224.04265502,85487436.02839997,23546.02510816396,655.3900000000001,-398.72
8185.0,23975.689742508574,736.44,57.0,23975.689742508574,0.0,-36411572.250043035,92755714.32629439,23975.689742508574,736.44,0.0
8190.0,33723.99777555367,941.2400000000001,223.0,33723.99777555367,0.0,-120250094.49882689,126672504.57198445,33723.99777555367,941.2400000000001,0.0
8195.0,8989.850091338973,271.91999999999996,22.0,8989.850091338973,0.0,-13885530.487359393,35559955.89908652,8989.850091338973,271.91999999999996,0.0
8200.0,7490639.274921264,548054.18,34700.0,8445902.970021976,-955263.6951007124,-11975707431.595842,28170239329.652775,9401166.665122688,745352.1,-197297.91999999998
8205.0,1587.3013714020929,47.32,4.0,1587.3013714020929,0.0,-2492819.648864522,6411524.074903845,1587.3013714020929,47.32,0.0
8210.0,6098.893749516604,105.78999999999999,132.0,6098.893749516604,0.0,-59127907.84544821,20726197.577213828,6098.893749516604,105.78999999999999,0.0
8215.0,0.0,0.0,0.0,0.0,0.0,0.0,0.0,0.0,0.0,0.0
8220.0,19192.317691410837,489.07,167.0,19192.317691410837,0.0,-78751310.64343399,75710344.5176894,19192.317691410837,489.07,0.0
8225.0,854457.7027754723,53612.920000000006,5002.0,942918.4548403537,-88460.75206488138,-1736820185.6554096,3346782674.3778405,1031379.2069052352,73248.11,-19635.190000000002
8230.0,24652.39767038026,-414.8100000000002,341.0,25499.77521848756,-847.3775481073005,-176810265.00629815,99955176.85467708,26347.15276659486,582.19,-997.0000000000001
8235.0,0.0,0.0,0.0,0.0,0.0,0.0,0.0,0.0,0.0,0.0
8240.0,17028.11285812287,-2983.37,199.0,19909.59541505019,-2881.4825569273175,-173048269.7837234,87044874.30686837,22791.077971977506,506.4800000000001,-3489.85
8245.0,0.0,0.0,0.0,0.0,0.0,0.0,0.0,0.0,0.0,0.0
8250.0,2216895.2037718827,151972.62,15007.0,2323812.687731116,-106917.48395923345,-5214004148.567176,8186880085.083049,2430730.1716903495,176183.86,-24211.24
8255.0,0.0,0.0,0.0,0.0,0.0,0.0,0.0,0.0,0.0,0.0
8260.0,4807.212081345712,102.78,87.0,4807.212081345712,0.0,-31272491.83067278,19401187.38422386,4807.212081345712,102.78,0.0
8265.0,0.0,0.0,0.0,0.0,0.0,0.0,0.0,0.0,0.0,0.0
8270.0,64391.25744065249,941.26,2285.0,64391.25744065249,0.0,-764898317.6316352,228797890.48371363,64391.25744065249,941.26,0.0
8275.0,1489538.5759240638,99554.34000000001,5252.0,1503441.7118244935,-13903.13590042978,-1842946454.5944974,5623292861.425171,1517344.8477249232,106152.09000000001,-6597.75
8280.0,984.7330094093414,19.560000000000002,22.0,984.7330094093414,0.0,-7583128.948694143,3988881.720070635,984.7330094093414,19.560000000000002,0.0
8285.0,0.0,0.0,0.0,0.0,0.0,0.0,0.0,0.0,0.0,0.0
8290.0,5859.54370079651,141.35999999999999,74.0,5859.54370079651,0.0,-22907321.29400245,26644926.855822366,5859.54370079651,141.35999999999999,0.0
8295.0,0.0,0.0,0.0,0.0,0.0,0.0,0.0,0.0,0.0,0.0
8300.0,6303961.099487645,503053.18,26652.0,6376107.741963011,-72146.64247536618,-7546351274.265244,23700019631.84202,6448254.384438378,520805.74,-17752.560000000005
8305.0,0.0,0.0,0.0,0.0,0.0,0.0,0.0,0.0,0.0,0.0
8310.0,27659.923773685266,700.5600000000001,168.0,27659.923773685266,0.0,-66242173.76715175,134940050.77822107,27659.923773685266,700.5600000000001,0.0
8315.0,0.0,0.0,0.0,0.0,0.0,0.0,0.0,0.0,0.0,0.0
8320.0,16741.01316983148,423.94,88.0,16741.01316983148,0.0,-36915830.90718983,83328505.01057088,16741.01316983148,423.94,0.0
8325.0,1702020.2693974678,138279.72999999998,9593.0,1702020.2693974678,0.0,-2595135545.0455346,6438485235.813631,1702020.2693974678,138279.72999999998,0.0
8330.0,27106.806909581337,235.69,2114.0,27106.806909581337,0.0,-490907891.38629466,87470198.07351047,27106.806909581337,235.69,0.0
8335.0,0.0,0.0,0.0,0.0,0.0,0.0,0.0,0.0,0.0,0.0
8340.0,32303.92981072273,357.20000000000005,2255.0,32303.92981072273,0.0,-521702955.53107846,113041436.86781576,32303.92981072273,357.20000000000005,0.0
8345.0,0.0,0.0,0.0,0.0,0.0,0.0,0.0,0.0,0.0,0.0
8350.0,2075698.8228136215,167224.87,10796.0,2075698.8228136215,0.0,-3190530449.450565,8234620911.3137455,2075698.8228136215,167224.87,0.0
8355.0,0.0,0.0,0.0,0.0,0.0,0.0,0.0,0.0,0.0,0.0
8360.0,106972.734152091,1118.3400000000001,8272.0,106972.734152091,0.0,-1871532280.4065573,366712026.80606806,106972.734152091,1118.3400000000001,0.0
8365.0,0.0,0.0,0.0,0.0,0.0,0.0,0.0,0.0,0.0,0.0
8370.0,2373.402629277367,48.07000000000001,63.0,2373.402629277367,0.0,-15746913.693292322,11488891.399230152,2373.402629277367,48.07000000000001,0.0
8375.0,639851.3091368157,47421.71,2467.0,639851.3091368157,0.0,-698969084.5321748,2713776359.913001,639851.3091368157,47421.71,0.0
8380.0,58001.24547821111,1398.7199999999998,275.0,58001.24547821111,0.0,-117876469.89424986,318637195.6656621,58001.24547821111,1398.7199999999998,0.0
8385.0,0.0,0.0,0.0,0.0,0.0,0.0,0.0,0.0,0.0,0.0
8390.0,734.3647142832427,9.48,52.0,734.3647142832427,0.0,-11512967.551367551,2793694.7883798843,734.3647142832427,9.48,0.0
8395.0,0.0,0.0,0.0,0.0,0.0,0.0,0.0,0.0,0.0,0.0
8400.0,7279578.186844713,564649.0,34037.0,7279733.136718177,-154.94987346458961,-9059414655.404696,31446353467.023315,7279888.086591642,565046.95,-397.95
8405.0,0.0,0.0,0.0,0.0,0.0,0.0,0.0,0.0,0.0,0.0
8410.0,3254.2575547144356,63.989999999999995,93.0,3254.2575547144356,0.0,-22232744.948385723,16588054.250344237,3254.2575547144356,63.989999999999995,0.0
8415.0,0.0,0.0,0.0,0.0,0.0,0.0,0.0,0.0,0.0,0.0
8420.0,56256.13985028836,1309.3200000000002,312.0,56256.13985028836,0.0,-120025525.95072989,326101061.708398,56256.13985028836,1309.3200000000002,0.0
8425.0,1126620.6987489269,79981.93,3738.0,1126701.5739197657,-80.87517083886448,-1086147133.568372,5257791670.54102,1126782.4490906047,80081.51,-99.58
8430.0,3998.0264499841246,87.55999999999999,55.0,3998.0264499841246,0.0,-15017312.67578857,22611100.607216205,3998.0264499841246,87.55999999999999,0.0
8435.0,0.0,0.0,0.0,0.0,0.0,0.0,0.0,0.0,0.0,0.0
8440.0,1037.8732453467305,23.400000000000002,9.0,1037.8732453467305,0.0,-2814223.3660257086,6093499.498681441,1037.8732453467305,23.400000000000002,0.0
8445.0,0.0,0.0,0.0,0.0,0.0,0.0,0.0,0.0,0.0,0.0
8450.0,706795.3703374047,49360.45,3445.0,709444.7358858614,-2649.3655484568117,-901985376.1217242,3398406659.5210195,712094.1014343183,51242.399999999994,-1881.95
8460.0,2801.0930290496995,58.88000000000001,52.0,2801.0930290496995,0.0,-12858589.353226904,16121484.024787799,2801.0930290496995,58.88000000000001,0.0
8470.0,4981.304887319135,127.72000000000003,93.0,4981.304887319135,0.0,-22228712.40377497,28503637.016804323,4981.304887319135,127.72000000000003,0.0
8475.0,687426.6609268511,47389.86,2450.0,687426.6609268511,0.0,-704521696.9288671,3439539643.6560235,687426.6609268511,47389.86,0.0
8480.0,11090.841290230092,313.14,163.0,11090.841290230092,0.0,-40135826.96919433,65032873.82311106,11090.841290230092,313.14,0.0
8490.0,715.9647390382073,15.54,8.0,715.9647390382073,0.0,-2184122.4296940686,4421682.475162629,715.9647390382073,15.54,0.0
8500.0,5927494.431168089,426643.07999999996,24944.0,5930659.678903278,-3165.2477351900147,-6368408121.271288,30140200159.42364,5933824.926638468,429320.64,-2677.56
8510.0,2769.5442247113674,39.68,226.0,2769.5442247113674,0.0,-44980723.26756596,12067763.889725283,2769.5442247113674,39.68,0.0
8520.0,2585.9457395391764,38.84,182.0,2585.9457395391764,0.0,-36325028.13510991,12243944.772950724,2585.9457395391764,38.84,0.0
8525.0,405285.19056744344,26360.93,1706.0,405285.19056744344,0.0,-465780582.5754429,2196651226.7986574,405285.19056744344,26360.93,0.0
8530.0,722.0334089585843,15.44,8.0,722.0334089585843,0.0,-2078406.8819027124,4674392.588176715,722.0334089585843,15.44,0.0
8540.0,2761.3734849650914,-428.3999999999999,51.0,3088.6707411254365,-327.29725616034494,-19198449.36696023,20581531.00532452,3415.967997285781,69.7,-498.09999999999997
8550.0,1473810.9855093695,63407.740000000005,10619.0,1474197.0447289918,-386.0592196221518,-2785813496.96902,9039349679.619116,1474583.1039486139,64005.46000000001,-597.72
8560.0,4277.459911638374,91.43,41.0,4277.459911638374,0.0,-10571976.976178482,28816863.53163397,4277.459911638374,91.43,0.0
8570.0,2017.9785984817167,43.2,20.0,2017.9785984817167,0.0,-5038026.493819967,13691538.981908267,2017.9785984817167,43.2,0.0
8575.0,918687.7021190218,32919.46,7364.0,918687.7021190218,0.0,-1854556058.1567845,5922474229.865838,918687.7021190218,32919.46,0.0
8580.0,5019.02632484384,106.60000000000001,52.0,5019.02632484384,0.0,-12654936.987225117,34403559.390745156,5019.02632484384,106.60000000000001,0.0
8590.0,0.0,0.0,0.0,0.0,0.0,0.0,0.0,0.0,0.0,0.0
8600.0,4686382.31041902,254844.94,34124.0,4686658.8148090625,-276.5043900423259,-8122912880.074011,28384420990.58578,4686935.319199105,255243.15,-398.21
8610.0,0.0,0.0,0.0,0.0,0.0,0.0,0.0,0.0,0.0,0.0
8620.0,0.0,0.0,0.0,0.0,0.0,0.0,0.0,0.0,0.0,0.0
8625.0,178752.7022946366,11348.86,858.0,178752.7022946366,0.0,-210584173.74755928,1084563150.113085,178752.7022946366,11348.86,0.0
8630.0,0.0,0.0,0.0,0.0,0.0,0.0,0.0,0.0,0.0,0.0
8640.0,0.0,0.0,0.0,0.0,0.0,0.0,0.0,0.0,0.0,0.0
8650.0,1452326.3129109712,99305.06,6042.0,1452326.3129109712,0.0,-1479297674.9864106,8865486068.95378,1452326.3129109712,99305.06,0.0
8660.0,0.0,0.0,0.0,0.0,0.0,0.0,0.0,0.0,0.0,0.0
8670.0,0.0,0.0,0.0,0.0,0.0,0.0,0.0,0.0,0.0,0.0
8675.0,207167.40999727638,12859.820000000002,869.0,207167.40999727638,0.0,-219797760.78673735,1330113081.0627887,207167.40999727638,12859.820000000002,0.0
8680.0,0.0,0.0,0.0,0.0,0.0,0.0,0.0,0.0,0.0,0.0
8690.0,0.0,0.0,0.0,0.0,0.0,0.0,0.0,0.0,0.0,0.0
8700.0,2001939.382665269,131085.41,8952.0,2001939.382665269,0.0,-2135146411.4991913,13009851863.266594,2001939.382665269,131085.41,0.0
8710.0,0.0,0.0,0.0,0.0,0.0,0.0,0.0,0.0,0.0,0.0
8720.0,0.0,0.0,0.0,0.0,0.0,0.0,0.0,0.0,0.0,0.0
8725.0,60977.38041461348,3749.58,277.0,60977.38041461348,0.0,-67111604.43632016,411504113.2445363,60977.38041461348,3749.58,0.0
8730.0,0.0,0.0,0.0,0.0,0.0,0.0,0.0,0.0,0.0,0.0
8740.0,0.0,0.0,0.0,0.0,0.0,0.0,0.0,0.0,0.0,0.0
8750.0,205137.508615838,14512.95,950.0,205137.508615838,0.0,-212297992.4653461,1368860653.8264728,205137.508615838,14512.95,0.0
8760.0,0.0,0.0,0.0,0.0,0.0,0.0,0.0,0.0,0.0,0.0
8770.0,0.0,0.0,0.0,0.0,0.0,0.0,0.0,0.0,0.0,0.0
8775.0,66403.84812160475,2946.59,387.0,66403.84812160475,0.0,-92274814.3036454,502128574.75572187,66403.84812160475,2946.59,0.0
8780.0,0.0,0.0,0.0,0.0,0.0,0.0,0.0,0.0,0.0,0.0
8790.0,0.0,0.0,0.0,0.0,0.0,0.0,0.0,0.0,0.0,0.0
8800.0,2917244.292834953,162639.11000000002,18748.0,2917244.292834953,-8.801234082385795e-26,-3933453204.4268236,21427745717.889343,2917244.292834953,162738.19,-99.08
8810.0,0.0,0.0,0.0,0.0,0.0,0.0,0.0,0.0,0.0,0.0
8820.0,0.0,0.0,0.0,0.0,0.0,0.0,0.0,0.0,0.0,0.0
8830.0,0.0,0.0,0.0,0.0,0.0,0.0,0.0,0.0,0.0,0.0
8850.0,112031.42630134398,6299.92,660.0,112031.42630134398,0.0,-139339765.32361335,861440479.7752205,112031.42630134398,6299.92,0.0
8900.0,1436413.8906823134,77475.10999999999,9046.0,1436413.8906823134,0.0,-1806422333.2623763,11560815134.847763,1436413.8906823134,77475.10999999999,0.0
9000.0,2450426.886003842,106016.62,35032.0,2450426.886003842,0.0,-4446120655.176731,21556381756.33629,2450426.886003842,106016.62,0.0
9100.0,460615.3278156383,23276.46,3957.0,460615.3278156383,0.0,-625094712.9891317,4330208684.16183,460615.3278156383,23276.46,0.0
9200.0,669846.1482243908,31607.38,7110.0,669846.1482243908,0.0,-974721838.0192194,6781848863.925438,669846.1482243908,31607.38,0.0
9300.0,377805.7182502581,18011.489999999998,4251.0,377805.7182502581,0.0,-538928950.492611,4051823913.54586,377805.7182502581,18011.489999999998,0.0
9400.0,709136.8251059136,32031.16,10157.0,709195.253602944,-58.42849703043209,-1090008259.4384491,8064550617.372888,709253.6820999745,32230.559999999998,-199.4
9500.0,153583.97081180522,6959.630000000001,2467.0,153583.97081180522,0.0,-235430435.20493233,1836428336.9672678,153583.97081180522,6959.630000000001,0.0
9600.0,399478.054852998,16798.28,10799.0,399478.054852998,0.0,-719252786.8859438,4942080449.235853,399478.054852998,16798.28,0.0
9800.0,133796.9847144855,5728.210000000001,4004.0,133796.9847144855,0.0,-247878315.91252512,1800686826.5770044,133796.9847144855,5728.210000000001,0.0
10000.0,213422.897204693,7354.019999999999,9689.0,213524.21681179947,-101.31960710646948,-436800139.5966832,3041223394.5350523,213625.53641890595,8552.119999999999,-1198.1000000000001
10200.0,44351.53865040897,1692.46,3178.0,44351.53865040897,0.0,-101940402.65072729,650933476.4051015,44351.53865040897,1692.46,0.0
10400.0,19906.97600902761,790.77,1659.0,19906.97600902761,0.0,-45741612.853530034,307542535.7605841,19906.97600902761,790.77,0.0
10600.0,19670.08859353027,753.37,2494.0,19670.08859353027,0.0,-52186186.26312129,307985533.5136055,19670.08859353027,753.37,0.0
10800.0,5951.600054398797,228.68,891.0,5951.600054398797,0.0,-15859078.102053948,97204300.34904051,5951.600054398797,228.68,0.0
11000.0,12194.2922006197,469.26,2379.0,12194.2922006197,0.0,-35649393.30178314,200935009.52291963,12194.2922006197,469.26,0.0
11200.0,2983.5211336240445,117.30000000000001,678.0,2983.5211336240445,0.0,-8995467.5052157,50589791.13434737,2983.5211336240445,117.30000000000001,0.0
11400.0,7304.354038843456,271.71,2610.0,7304.354038843456,0.0,-26468243.7794245,120499590.85299547,7304.354038843456,271.71,0.0
11600.0,1730.3001314733174,75.8,384.0,1730.3001314733174,0.0,-4493082.568581725,32697318.47976773,1730.3001314733174,75.8,0.0
11800.0,851.0213343370351,36.25,286.0,851.0213343370351,0.0,-2592359.3946142946,15758789.86576265,851.0213343370351,36.25,0.0
12000.0,850.3038014454678,37.46,317.0,850.3038014454678,0.0,-2589506.847879987,16255723.94184405,850.3038014454678,37.46,0.0
