strike,net_gex,net_dex,total_oi,call_gex,put_gex,charm_exp,vanna_exp,gross_gex,call_dex,put_dex
-1.0,-135816665.3282644,194802644.92,14731416.0,7420.1,19546.0,,,,,
600.0,-1103.3155065028411,-271.51,27151.0,0.0,-1103.3155065028411,17999293.37634572,-17718921.492649123,1103.3155065028411,0.0,-271.51
800.0,-2889.466099011743,-700.72,35036.0,0.0,-2889.466099011743,40104669.43118898,-45668925.296043545,2889.466099011743,0.0,-700.72
1000.0,-6833.523309356805,-1084.76,46145.0,0.0,-6833.523309356805,85018401.55099018,-104342082.89495403,6833.523309356805,0.0,-1084.76
1200.0,-8228.918093311977,-1391.16,44236.0,0.0,-8228.918093311977,110712185.53399146,-117305628.19877936,8228.918093311977,0.0,-1391.16
1400.0,-8696.95256613693,-1373.53,37950.0,0.0,-8696.95256613693,119140050.82405643,-119379305.82507263,8696.95256613693,0.0,-1373.53
1600.0,-13003.051648706272,-2069.54,38422.0,0.0,-13003.051648706272,179232734.84895232,-169783794.50843072,13003.051648706272,0.0,-2069.54
1800.0,-15604.825128474371,-2246.5099999999998,28199.0,0.3932377905282136,-15605.218366264899,172132361.411121,-203276076.08268064,15605.611604055428,199.96,-2446.47
2000.0,-51423.22082452271,341391.24,74193.0,6330.553816933399,-57753.77464145611,668564872.329379,-800354735.7201798,64084.32845838951,350699.04,-9307.8
2200.0,-81056.19606476108,-1968.830000000002,69194.0,338.2971588070423,-81394.49322356812,705031802.914044,-1024412057.2735438,81732.79038237517,10733.259999999998,-12702.09
2300.0,-2585.590722992493,1472.84,4522.0,61.2180713315094,-2646.808794324002,42661036.77736194,-28373324.07464795,2708.0268656555113,1788.12,-315.28000000000003
2400.0,-64366.272202383196,-10060.77,37495.0,0.0,-64366.272202383196,482397447.9826415,-797501781.6603032,64366.272202383196,0.0,-10060.77
2500.0,-101046.59768341138,-13967.54,78254.0,2.713314019324649,-101049.3109974307,1015404172.8105121,-1170706288.5832567,101052.02431145003,399.68,-14367.220000000001
2600.0,-55247.72849372125,29364.15,37442.0,575.1977626336572,-55822.92625635491,545676007.90361,-639962842.9645463,56398.124018988565,37119.14,-7754.99
2700.0,-155855.36272054445,-23080.45,59912.0,1.7088762958312356,-155857.07159684028,1060700220.9467994,-1835158411.161259,155858.7804731361,99.78,-23180.23
2800.0,-180098.4590866198,-15817.150000000001,68643.0,267.35841651780106,-180365.81750313763,1318101886.5833235,-2100594694.7654085,180633.17591965542,10863.470000000001,-26680.620000000003
2900.0,-18895.782674038153,490.7700000000002,9425.0,217.99291503590527,-19113.77558907406,177649860.29422113,-210115509.373957,19331.768504109965,3059.1300000000006,-2568.36
3000.0,-101520.9056041323,897658.2899999999,85268.0,51433.83628918186,-152954.74189331417,3615788152.23337,-2046864537.647816,204388.578182496,918342.1699999999,-20683.879999999997
3100.0,-24093.969057517337,-3004.63,13075.0,8.168102793624819,-24102.137160310966,736690598.7396289,-248887380.32405815,24110.30526310459,98.56,-3103.19
3200.0,-96729.465610389,7116.7400000000025,39296.0,1215.5949085526488,-97945.06051894165,2306251709.6902466,-1026190747.3799002,99160.6554274943,19814.07,-12697.33
3300.0,-151409.16049342108,-14166.169999999998,48609.0,338.1830262585626,-151747.34351967965,3075370384.637048,-1599838150.3385897,152085.5265459382,6053.160000000001,-20219.329999999998
3350.0,-1082.6438080135194,-52.49,5249.0,0.0,-1082.6438080135194,1129266877.2459428,-1452974.2957112484,1082.6438080135194,0.0,-52.49
3400.0,-108067.30486955991,23251.280000000006,41032.0,3098.445671593237,-111165.75054115316,3003990981.401619,-1134802306.140608,114264.19621274639,37227.810000000005,-13976.53
3450.0,-6499.165914360215,-608.46,6990.0,0.0,-6499.165914360215,1235484567.665528,-50056780.578962065,6499.165914360215,0.0,-608.46
3500.0,-443873.14532804006,-56417.469999999994,87763.0,242.25027803313858,-444115.39560607314,5116825981.237198,-4632682583.354425,444357.64588410634,3266.28,-59683.74999999999
3550.0,-3052.6835675578454,-271.27000000000004,3475.0,0.0,-3052.6835675578454,671793805.1480197,-22281507.909541886,3052.6835675578454,0.0,-271.27000000000004
3600.0,-104577.60620697874,-398.4300000000002,31988.0,997.2587299987295,-105574.86493697746,2391104445.202676,-1027253780.7164932,106572.1236669762,12363.96,-12762.39
3650.0,-3899.1297752896335,-334.85,3797.0,0.0,-3899.1297752896335,654720483.8378311,-28624441.819801014,3899.1297752896335,0.0,-334.85
3700.0,-72052.2796565688,18047.789999999997,19149.0,2448.7493752372243,-74501.02903180603,1616980460.4539907,-740598130.9059619,76949.77840704325,27067.530000000002,-9019.740000000002
3750.0,-8873.277565910656,-760.44,6232.0,0.0,-8873.277565910656,1051067342.5207361,-67075837.073585264,8873.277565910656,0.0,-760.44
3800.0,-237901.7033290151,7751.8299999999945,49575.0,3766.2427872177195,-241667.9461162328,3882595393.722214,-2352932760.211652,245434.18890345053,37190.54,-29438.710000000003
3850.0,-30397.463963270908,-1419.9200000000003,9824.0,234.31963877253594,-30631.783602043444,1600856147.1186218,-283469064.30854887,30866.10324081598,2168.22,-3588.1400000000003
3875.0,-396.0088408323818,-13.209999999999999,1321.0,0.0,-396.0088408323818,339274931.23591805,-529929.8733256399,396.0088408323818,0.0,-13.209999999999999
3900.0,-132033.4457493449,30501.760000000002,31382.0,5074.194644691315,-137107.6403940362,2257118006.7439604,-1250280339.08557,142181.8350387275,44817.5,-14315.74
3925.0,-494.7637055769091,-15.910000000000002,1591.0,0.0,-494.7637055769091,415714438.0960782,-661813.3154021756,494.7637055769091,0.0,-15.910000000000002
3950.0,-26722.45834521579,3221.62,6173.0,777.362942184786,-27499.821287400577,803222912.312431,-262477932.7457222,28277.18422958536,6496.2,-3274.58
3975.0,-2511.776457409092,-214.22,1716.0,0.0,-2511.776457409092,384720701.11678356,-18070804.628085054,2511.776457409092,0.0,-214.22
4000.0,-244195.8191192708,6760777.62,227217.0,897004.2338758108,-1141200.0529950815,18918798613.420387,-19084411967.933025,2038204.2868708922,6903222.08,-142444.46
4025.0,-3910.8135346736067,-363.12,1757.0,0.0,-3910.8135346736067,360929473.24673116,-29897074.665054902,3910.8135346736067,0.0,-363.12
4050.0,-62241.74370250863,-6218.699999999999,8014.0,195.90485846546866,-62437.64856097411,805704218.7564093,-591554511.588217,62633.55341943957,1473.9,-7692.599999999999
4075.0,-3418.926150697094,-309.32,2002.0,0.0,-3418.926150697094,461861584.70998746,-24598350.96072573,3418.926150697094,0.0,-309.32
4100.0,-125319.28250691683,66086.5,22460.0,11486.204939277546,-136805.48744619437,2489516274.209392,-1350389225.0467544,148291.69238547192,81979.67,-15893.17
4125.0,-21708.407633663304,-2644.87,4020.0,0.0,-21708.407633663304,728596786.0937248,-199166893.60506102,21708.407633663304,0.0,-2644.87
4150.0,-46984.70726693062,19124.24,10404.0,3682.6149732916597,-50667.32224022228,1418855614.486029,-481283159.8739565,54349.93721351394,24914.72,-5790.4800000000005
4175.0,-10396.728508777362,-1164.69,2356.0,0.0,-10396.728508777362,461769506.8809305,-90085617.87263528,10396.728508777362,0.0,-1164.69
4200.0,-227306.85844424393,140359.81000000003,43274.0,26690.954652099066,-253997.813096343,4399954870.74202,-2466594566.356666,280688.7677484421,168652.53000000003,-28292.72
4225.0,-7546.130195068414,-388.56,2761.0,62.55231627652919,-7608.682511344943,555012354.2637997,-60923965.21444599,7671.2348276214725,391.8,-780.3599999999999
4250.0,-75020.60793469808,-6847.05,13397.0,162.92278911841822,-75183.53072381651,1798272951.5029864,-632348611.2361362,75346.45351293492,978.5,-7825.55
4275.0,-14311.162795122254,9595.140000000001,3236.0,1924.798754727321,-16235.961549849575,591164416.8478854,-158471859.55148256,18160.760304576896,11448.510000000002,-1853.3700000000003
4300.0,-191494.39892407943,146326.09999999998,25460.0,29693.69766464259,-221188.09658872202,2689305297.492626,-2248838308.3250866,250881.7942533646,172128.78,-25802.68
4325.0,-14141.060199988373,-1366.6699999999998,2523.0,35.08616367931363,-14176.146363667687,459867562.29231614,-120679658.70353872,14211.232527347001,195.4,-1562.0699999999997
4350.0,-53910.6167626154,-3576.6300000000006,8461.0,431.5528222326938,-54342.169584848096,1331452232.1096063,-464719749.0408818,54773.722407080786,2343.36,-5919.990000000001
4375.0,-19942.62637301838,2021.7000000000005,3741.0,763.1614498681699,-20705.787822886545,590201820.5447631,-173985308.46616018,21468.949272754715,4101.3,-2079.6
4400.0,-340042.91499449394,95355.30999999998,45481.0,25888.86986018354,-365931.7848546775,5438188556.314559,-3329403205.3110514,391820.65471486107,135590.85,-40235.54
4425.0,-24956.148353316254,-1806.9099999999999,7623.0,133.7544043165158,-25089.902757632768,1875410507.6746702,-194229569.70807433,25223.657161949282,682.78,-2489.69
4450.0,-94801.23097186993,25701.569999999996,11629.0,7341.883474843796,-102143.11444671372,1504719149.9769547,-917159341.9004825,109484.99792155751,36896.579999999994,-11195.01
4475.0,-20377.802719952,8843.14,4649.0,2248.473650904091,-22626.27637085609,943689844.6253932,-191519944.02755827,24874.75002176018,10911.039999999999,-2067.9
4500.0,-756139.6628230851,225327.94999999998,76761.0,68100.79446049305,-824240.4572835781,9605038782.546268,-7679614745.1058,892341.2517440711,318803.68,-93475.73
4525.0,-24913.648336032496,-2236.19,4244.0,63.1972696564538,-24976.84560568895,861890594.3245952,-198456903.64626408,25040.042875345403,292.32,-2528.51
4550.0,-56858.42703856546,-4037.9,7640.0,435.20996143145817,-57293.63699999692,1106967600.4057415,-466026327.5497112,57728.846961428375,1944.87,-5982.7699999999995
4575.0,-25414.247026962985,-2436.8599999999997,4457.0,22.366210411529526,-25436.613237374517,1007512545.4099189,-198898960.20438728,25458.97944778605,97.13000000000001,-2533.99
4600.0,-388390.26794839924,223855.58999999997,54075.0,63598.26293738489,-451988.53088578413,12484543550.336397,-4127910158.4933276,515586.793823169,270797.66,-46942.07
4625.0,-44194.15874383466,-461.04000000000013,5262.0,992.4051079225645,-45186.56385175722,1013792525.589079,-364918196.0112269,46178.96895967979,4181.44,-4642.48
4650.0,-114779.33229764494,4516.799999999997,14105.0,4074.117011490025,-118853.44930913497,1826719883.0542874,-980043980.2026212,122927.56632062499,16588.989999999998,-12072.189999999999
4675.0,-45798.511315679636,2482.23,7021.0,1804.6721983873297,-47603.183514066965,1740654028.307757,-383507001.0350191,49407.85571245429,7281.21,-4798.98
4700.0,-373240.4764136375,290243.27999999997,39240.0,87334.04758705849,-460574.524000696,19674960582.462658,-4348279393.858456,547908.5715877545,340788.06,-50544.78
4725.0,-38813.588422741996,5257.54,3822.0,2500.1815922764767,-41313.770015018476,691167238.5034424,-344081245.8252645,43813.95160729495,9386.06,-4128.5199999999995
4750.0,-270143.628221741,-17290.249999999996,21212.0,2216.0155915481737,-272359.6438132892,2985904016.6370177,-2087824463.1736546,274575.6594048373,8339.029999999999,-25629.279999999995
4775.0,-79176.7579513206,-415.38999999999874,11359.0,1897.8324220807312,-81074.59037340133,3288758274.430189,-599355470.5043192,82972.42279548205,6981.620000000001,-7397.01
4800.0,-669135.7848535326,221868.72,69574.0,83225.09931232435,-752360.8841658569,13409796435.547266,-6343546757.712796,835585.9834781812,294223.62,-72354.9
4825.0,-48197.1472797619,-1364.7099999999998,5437.0,999.5868359650366,-49196.73411572694,1740037439.1729228,-382316683.07943475,50196.320951691974,3695.7599999999998,-5060.469999999999
4850.0,-254217.52900639398,22151.990000000005,21011.0,14032.298644271727,-268249.8276506657,3589374716.1566906,-2176548916.597192,282282.12629493745,49818.54,-27666.55
4875.0,-96587.3452328516,-860.9300000000005,10557.0,2187.586325000531,-98774.93155785212,3106444964.2581487,-702773586.911641,100962.51788285266,7776.65,-8637.58
4900.0,-499554.73526945023,197537.72,40498.0,82145.04243966813,-581699.7777091183,7277770694.783053,-5220066381.501694,663844.8201487864,259423.47,-61885.75
4925.0,-83450.98225888872,-4849.9400000000005,6015.0,1139.3709274009425,-84590.35318628966,1451199577.6318772,-650099399.9142995,85729.72411369061,3671.4,-8521.34
4950.0,-128968.8526795775,798.3800000000001,11514.0,4316.200163061283,-133285.05284263878,3288903673.4362345,-1004868852.988179,137601.25300570007,13505.39,-12707.01
4975.0,-120559.12613609128,-3347.1800000000003,11943.0,2517.3754613347164,-123076.50159742599,2890943706.160151,-877867792.9517362,125593.8770587607,7715.49,-11062.67
5000.0,1604142.9461974686,23114780.63,604721.0,7820645.151424385,-6216502.205226916,855432484536.015,-88472495764.17937,14037147.3566513,23751338.74,-636558.11
5005.0,-284.9191002853061,83.81,103.0,29.852602423086793,-314.7717027083929,13677294.093048213,-1343498.7556116967,344.62430513147973,97.07000000000001,-13.26
5010.0,-69.26011014138845,92.9,33.0,29.997393770816185,-99.25750391220464,5081807.129703513,-471729.0340667474,129.25489768302083,97.06,-4.16
5015.0,2.047987076599693,95.89,10.0,30.076207799802678,-28.028220723202985,2247934.9453381384,-183804.76337509413,58.104428523005666,97.06,-1.17
5020.0,27.095488207246667,96.91000000000001,2.0,30.22219815481473,-3.126709947568062,1262937.2671989403,-83370.32392940336,33.348908102382794,97.04,-0.13
5025.0,-86580.01500778267,-4867.419999999999,5603.0,1346.5758176789207,-87926.59082546158,1305261938.7806292,-664860194.9516715,89273.1666431405,3948.52,-8815.94
5030.0,4.0539616371949805,95.91,9.0,30.448742456410134,-26.394780819215153,2180664.8507847944,-177303.26518289174,56.84352327562529,97.03,-1.1199999999999999
5035.0,23.96551031418729,96.74,3.0,30.591029600493062,-6.625519286305771,1404727.9683749448,-98137.92592649639,37.21654888679883,97.02,-0.27999999999999997
5040.0,-9.97856708871966,-0.42,3.0,0.0,-9.97856708871966,390601.6111998037,-40095.40052579829,9.97856708871966,0.0,-0.42
5045.0,-6.686530651596038,-0.27999999999999997,2.0,0.0,-6.686530651596038,261075.10074910487,-26861.466136407293,6.686530651596038,0.0,-0.27999999999999997
5050.0,-325618.87490117346,8580.029999999999,16475.0,15071.13950528962,-340690.0144064631,6155719328.242428,-2673053191.025995,355761.1539117527,44388.53,-35808.5
5055.0,-6.747859761656517,-0.27999999999999997,2.0,0.0,-6.747859761656517,262135.46128487992,-27099.83964512904,6.747859761656517,0.0,-0.27999999999999997
5060.0,-6.774940896483189,-0.27999999999999997,2.0,0.0,-6.774940896483189,262519.50045591604,-27206.69477688096,6.774940896483189,0.0,-0.27999999999999997
5065.0,-34.01026755042496,-1.4000000000000001,10.0,0.0,-34.01026755042496,1314500.1746244463,-136568.5762636173,34.01026755042496,0.0,-1.4000000000000001
5070.0,-75.20362792377585,-3.08,22.0,0.0,-75.20362792377585,2899207.171270938,-301915.3913115217,75.20362792377585,0.0,-3.08
5075.0,-144145.95171410634,-6746.509999999998,10924.0,2378.238230534481,-146524.18994464082,3045027504.051258,-1057526697.7102855,148902.4281751753,6739.9,-13486.409999999998
5080.0,-34.493782018913244,-1.4000000000000001,10.0,0.0,-34.493782018913244,1322995.729529289,-138441.50869228443,34.493782018913244,0.0,-1.4000000000000001
5085.0,-6.926080859637098,-0.27999999999999997,2.0,0.0,-6.926080859637098,264967.42151043395,-27796.281024934222,6.926080859637098,0.0,-0.27999999999999997
5090.0,-6.961126820323364,-0.27999999999999997,2.0,0.0,-6.961126820323364,265623.83447358635,-27931.03238679898,6.961126820323364,0.0,-0.27999999999999997
5095.0,-10.482830967799284,-0.42,3.0,0.0,-10.482830967799284,398978.68595370493,-42059.22429594471,10.482830967799284,0.0,-0.42
5100.0,-1051870.0254805852,259131.49000000002,56484.0,146486.5886594784,-1198356.6141400635,15564844610.771587,-10166151332.141918,1344843.2027995419,386475.9,-127344.40999999999
5105.0,-10.576993802112622,-0.42,3.0,0.0,-10.576993802112622,400490.43008482415,-42425.93212172587,10.576993802112622,0.0,-0.42
5110.0,-81.49794119164295,-3.2199999999999998,23.0,0.0,-81.49794119164295,3077879.9384743427,-326833.61155987467,81.49794119164295,0.0,-3.2199999999999998
5115.0,-7.114403187215273,-0.27999999999999997,2.0,0.0,-7.114403187215273,267990.66314961185,-28529.689141782605,7.114403187215273,0.0,-0.27999999999999997
5120.0,-618.4794191431106,-24.22,173.0,0.0,-618.4794191431106,23236880.037151642,-2479682.5302204033,618.4794191431106,0.0,-24.22
5125.0,-180133.63980235683,46841.310000000005,10387.0,24620.118776743122,-204753.75857909996,7384993499.027339,-1603371382.5969427,229373.87735584308,66636.15000000001,-19794.839999999997
5130.0,-19.526455908144083,-0.8,5.0,0.0,-19.526455908144083,729468.70797048,-77402.62835144473,19.526455908144083,0.0,-0.8
5135.0,-125.61038319679179,-5.12,32.0,0.0,-125.61038319679179,4680307.4269998055,-497807.0210191305,125.61038319679179,0.0,-5.12
5140.0,-673.934988180411,-27.36,171.0,0.0,-673.934988180411,25045715.248463023,-2670695.1883194502,673.934988180411,0.0,-27.36
5145.0,-11.883899236684666,-0.48000000000000004,3.0,0.0,-11.883899236684666,440490.07723073347,-47083.607537660755,11.883899236684666,0.0,-0.48000000000000004
5150.0,-372463.9860067338,40641.67999999999,20074.0,28281.86051405096,-400745.8465207847,12192483112.511698,-2927793767.63266,429027.7070348357,77547.03,-36905.35
5155.0,-7.994940876258888,-0.32,2.0,0.0,-7.994940876258888,294790.1497836048,-31666.79896337879,7.994940876258888,0.0,-0.32
5160.0,-132.44299893081146,-5.28,33.0,0.0,-132.44299893081146,4870634.123271063,-524556.0816985815,132.44299893081146,0.0,-5.28
5165.0,-64.5413638268376,-2.56,16.0,0.0,-64.5413638268376,2367273.9962908584,-255568.93163586865,64.5413638268376,0.0,-2.56
5170.0,-12.14956919705811,-0.48000000000000004,3.0,0.0,-12.14956919705811,444453.26036615856,-48106.794290611564,12.14956919705811,0.0,-0.48000000000000004
5175.0,-200484.5340147644,-9178.24,9267.0,3372.2135249793837,-203856.74753974378,2148265612.827527,-1443784055.4997075,207228.96106472315,8951.23,-18129.47
5180.0,-20.455035773249765,-0.8,5.0,0.0,-20.455035773249765,744326.1308714828,-80958.59019684242,20.455035773249765,0.0,-0.8
5185.0,-24.642848980754525,-0.9600000000000001,6.0,0.0,-24.642848980754525,894340.1923581939,-97528.50907436578,24.642848980754525,0.0,-0.9600000000000001
5190.0,-1003.0750565149591,-38.88,243.0,0.0,-1003.0750565149591,36306895.924862735,-3969029.0263111712,1003.0750565149591,0.0,-38.88
5195.0,-132.61055685789708,-5.12,32.0,0.0,-132.61055685789708,4787166.53713305,-524696.9812295155,132.61055685789708,0.0,-5.12
5200.0,-1077105.645690841,320037.6500000001,96504.0,179695.65679650995,-1256801.3024873508,44904714684.00742,-9758424798.611668,1436496.9592838606,438202.9700000001,-118165.32
5205.0,-226.03784641017756,-8.64,54.0,0.0,-226.03784641017756,8116318.5570074925,-893995.2493418079,226.03784641017756,0.0,-8.64
5210.0,-13123.453160359626,-530.91,3123.0,0.0,-13123.453160359626,469964036.3342265,-51902014.29901846,13123.453160359626,0.0,-530.91
5215.0,0.0,0.0,0.0,0.0,0.0,0.0,0.0,0.0,0.0,0.0
5220.0,-17.595019276094472,-0.6799999999999999,4.0,0.0,-17.595019276094472,626581.0217978219,-69203.48709943634,17.595019276094472,0.0,-0.6799999999999999
5225.0,-281807.05637590296,-19437.73,32371.0,3852.7416243811304,-285659.7980002841,15484653939.65109,-1990313266.6897335,289512.53962466517,9486.2,-28923.930000000004
5230.0,-391.0216537340128,-14.959999999999999,88.0,0.0,-391.0216537340128,13849844.534757398,-1537298.9241580798,391.0216537340128,0.0,-14.959999999999999
5235.0,-18.465767090925734,-0.72,4.0,0.0,-18.465767090925734,652150.5852519082,-72234.29405300981,18.465767090925734,0.0,-0.72
5240.0,-61.34962595504762,92.96000000000001,22.0,36.0912959297198,-97.44092188476742,4648791.296307946,-464399.05305367766,133.5322178144872,96.74000000000001,-3.7800000000000002
5245.0,0.0,0.0,0.0,0.0,0.0,0.0,0.0,0.0,0.0,0.0
5250.0,-476962.4480614956,69955.51,25498.0,50082.46318452525,-527044.9112460208,18048179666.654125,-3985729846.7727017,577127.3744305461,123280.93,-53325.420000000006
5255.0,-14.118641608733505,-0.54,3.0,0.0,-14.118641608733505,493236.70384689677,-55190.8508853067,14.118641608733505,0.0,-0.54
5260.0,-132.44446010729092,-5.04,28.0,0.0,-132.44446010729092,4614350.707816288,-517626.5071965661,132.44446010729092,0.0,-5.04
5265.0,0.0,0.0,0.0,0.0,0.0,0.0,0.0,0.0,0.0,0.0
5270.0,-9.546048459591887,-0.38,2.0,0.0,-9.546048459591887,330769.5230967364,-37298.888768843084,9.546048459591887,0.0,-0.38
5275.0,-344096.19759246823,-13570.050000000005,12691.0,9585.754678239566,-353681.95227070776,6315885086.089715,-2622353974.4590216,363267.70694894734,24649.64,-38219.69
5280.0,-163.74826776634137,-6.460000000000001,34.0,0.0,-163.74826776634137,5642801.532532235,-639648.6816003908,163.74826776634137,0.0,-6.460000000000001
5290.0,-398.9232140332729,-15.58,82.0,0.0,-398.9232140332729,13671358.642590813,-1557679.7797624588,398.9232140332729,0.0,-15.58
5300.0,-965508.3278150164,386798.01999999996,60509.0,228526.8862106473,-1194035.2140256637,34924490228.89607,-9689041481.443214,1422562.100236311,501332.39999999997,-114534.37999999999
5310.0,-25.610635566914866,-1.0,5.0,0.0,-25.610635566914866,867842.1505753294,-99459.82419078515,25.610635566914866,0.0,-1.0
5320.0,-186.06704299652887,-7.200000000000001,36.0,0.0,-186.06704299652887,6270031.442917081,-722420.8519796862,186.06704299652887,0.0,-7.200000000000001
5325.0,-250626.99284983272,-19578.82,10950.0,1967.9651822955911,-252594.9580321283,2997390841.0847516,-1752247254.761169,254562.9232144239,4825.83,-24404.65
5330.0,-48.48024922365397,-1.8900000000000001,9.0,0.0,-48.48024922365397,1624234.822974537,-187275.4864502421,48.48024922365397,0.0,-1.8900000000000001
5340.0,-331.59323719668953,-12.809999999999999,61.0,0.0,-331.59323719668953,11047162.974562254,-1280591.5249636676,331.59323719668953,0.0,-12.809999999999999
5350.0,-370992.54535491206,53028.52000000001,20221.0,44686.488378773036,-415679.0337336851,6901688033.397856,-3114205650.4571753,460365.52211245813,91399.26000000001,-38370.74
5360.0,-616.2554046393385,-18.78,359.0,0.0,-616.2554046393385,209549220.46072495,-1154979.9454886033,616.2554046393385,0.0,-18.78
5370.0,-350.6567887560944,-10.49,207.0,0.0,-350.6567887560944,122231328.99611963,-633129.9842918026,350.6567887560944,0.0,-10.49
5375.0,-174187.4469944544,-5282.06,7514.0,5186.110445462714,-179373.55743991712,2897532408.4943337,-1235002952.1214764,184559.66788537984,11610.550000000001,-16892.61
5380.0,519.1514951480563,2406.24,342.0,984.962901460807,-465.81140631275076,592560485.0491168,-1320238.375543874,1450.7743077735577,2419.49,-13.25
5390.0,-578.1031161745882,174.14,435.0,82.87855686358542,-660.9816730381737,285716629.5877782,-1089749.6278137385,743.8602299017591,193.01999999999998,-18.88
5400.0,-1597355.0837420372,206684.52999999997,82623.0,190693.15743196287,-1788048.2411739998,34693690239.13005,-13344635134.074806,1978741.3986059627,382766.55999999994,-176082.03
5410.0,-167.50601324726898,2953.2200000000003,965.0,1289.8353696996721,-1457.3413829469412,1086675147.070022,-3000877.439738817,2747.1767526466133,2993.67,-40.45
5420.0,-1769.2377868168337,998.0200000000001,1354.0,462.55524833742356,-2231.7930351542573,950695454.348207,-4261579.014351556,2694.348283491681,1061.94,-63.92
5425.0,-188556.7827743641,-10496.599999999999,8906.0,2769.0360848092882,-191325.8188591734,3540287944.5588865,-1244718217.116868,194094.85494398267,6051.870000000001,-16548.47
5430.0,872.7945457970552,2978.7000000000003,327.0,1323.6320390585736,-450.8374932615184,705963787.5695561,-1490378.7769460417,1774.469532320092,2990.88,-12.18
5440.0,-1096.1860435410276,733.7900000000001,820.0,330.05372188746503,-1426.2397654284925,625295851.7704268,-2668162.8471106915,1756.2934873159577,773.84,-40.050000000000004
5450.0,-558699.3189197781,101276.26,29901.0,75640.14553129085,-634339.4644510689,27203248132.112766,-4397965746.327148,709979.6099823598,161164.8,-59888.53999999999
5460.0,-519.2282683268786,1032.17,508.0,478.9901723793181,-998.2184407061968,481530303.6331309,-2342722.298515461,1477.2086130855148,1061.28,-29.11
5470.0,1157.0252418234659,3651.78,328.0,1669.31452926167,-512.2892874382042,836975103.8271431,-1874146.498811068,2181.603816699874,3665.48,-13.700000000000001
5475.0,-305674.2685577695,108474.19,15345.0,68730.48957727395,-374404.75813504343,29637804852.909725,-2637842581.625241,443135.2477123174,146978.64,-38504.450000000004
5480.0,-2242.7796992457115,1052.3999999999999,692.0,537.630117712669,-2780.4098169583804,509002862.8176831,-10235886.63169007,3318.039934671049,1155.9199999999998,-103.52
5490.0,-12768.518989415916,1472.57,1271.0,966.6238101389364,-13735.142799554851,776583283.1647019,-65708983.27630905,14701.766609693788,2123.2799999999997,-650.71
5500.0,-3107659.2864429373,1268040.42,143985.0,871760.947117035,-3979420.2335599726,86911166076.50594,-30627185457.930668,4851181.180677008,1655603.44,-387563.01999999996
5510.0,-7963.601166652942,668.8199999999999,900.0,489.8280400363024,-8453.429206689243,538524510.4686058,-39267545.881856695,8943.257246725547,1061.47,-392.65000000000003
5520.0,-6758.261278361073,-120.94000000000003,695.0,93.53921818916727,-6851.8004965502405,297012204.42286587,-31302219.85829775,6945.339714739408,192.5,-313.44000000000005
5525.0,-167120.72100651026,26044.039999999997,10619.0,20696.239699467696,-187816.96070597795,10851429446.247116,-1199930543.0155928,208513.20040544565,42420.58,-16376.54
5530.0,-6980.030310130544,3059.65,915.0,1677.4951228082589,-8657.525432938803,626732085.7515689,-42704434.74075185,10335.020555747062,3465.2299999999996,-405.58
5540.0,-8370.510705837394,-297.92,809.0,46.80464159493295,-8417.315347432326,329668132.8973532,-38865873.73752809,8464.11998902726,96.24000000000001,-394.16
5550.0,-435933.2480518581,152350.37,27104.0,105290.58727266586,-541223.835324524,34885683830.94241,-3634934490.537025,646514.4225971898,197954.62999999998,-45604.26
5560.0,-35117.33079335597,-1869.3600000000001,2040.0,47.349688893791765,-35164.680482249765,724476078.6507958,-184659679.50347656,35212.03017114356,96.35000000000001,-1965.71
5570.0,-24214.467556815758,-1125.3899999999999,1582.0,48.669839334104175,-24263.13739614986,521703342.88259107,-119595271.02716175,24311.807235483964,96.2,-1221.59
5575.0,-278953.5594985554,52156.55999999999,13307.0,46396.361157408755,-325349.9206559641,6898661035.3306675,-2201572533.2087603,371746.2818133729,77736.76,-25580.2
5580.0,-25003.131140576552,-1333.3200000000002,1228.0,49.11711763766436,-25052.24825821422,403777515.30285645,-134176138.08483762,25101.365375851885,96.17999999999999,-1429.5
5590.0,-19530.642762177435,-857.04,1662.0,104.06659403876813,-19634.709356216204,794115363.4905727,-97751253.49474995,19738.775950254974,191.05,-1048.09
5600.0,-2229933.0113474284,368271.0,109062.0,366109.93440949765,-2596042.945756926,58091867988.4559,-18148531308.39157,2962152.880166424,601489.33,-233218.33000000002
5610.0,-11760.041280200505,-244.14000000000007,790.0,199.61500105395544,-11959.65628125446,376749790.37209904,-59236624.72146531,12159.271282308415,384.84,-628.98
5620.0,-18493.911658745845,-643.22,991.0,250.67989197898405,-18744.59155072483,477414484.75622475,-100252035.1111199,18995.27144270381,481.1,-1124.32
5625.0,-291991.7858448747,3778.1099999999988,9826.0,22461.339715708724,-314453.12556058343,4220042124.8405323,-2169080183.817397,336914.4652762921,35085.880000000005,-31307.77
5630.0,-13633.943575995036,-256.87,802.0,307.0074608500742,-13940.95103684511,433218858.7343628,-74239248.7257003,14247.958497695185,576.65,-833.52
5640.0,-24208.361189675405,-1212.41,1345.0,153.5329317846834,-24361.89412146009,650589228.1702741,-130392880.32180019,24515.42705324477,288.51,-1500.92
5650.0,-656836.67299097,219860.67999999996,32349.0,179412.33385182507,-836249.0068427951,40749362498.75565,-5838142950.811372,1015661.3406946202,295165.92,-75305.23999999999
5660.0,-29263.27415916517,-947.9700000000003,1396.0,574.7109370316334,-29837.985096196804,769095814.6734089,-165129955.97369927,30412.696033228436,1057.32,-2005.2900000000002
5670.0,-28865.3874138579,-1430.13,1402.0,111.62244996973314,-28977.009863827636,499366927.9746763,-147830666.45452482,29088.632313797367,190.58999999999997,-1620.72
5675.0,-351001.7728361022,-1715.1900000000019,11726.0,16949.811997881054,-367951.5848339832,7167782595.610222,-2250826757.5925884,384901.3968318643,28546.54,-30261.73
5680.0,-18755.608891092215,-1146.24,896.0,0.0,-18755.608891092215,365409810.0978775,-99293410.05521451,18755.608891092215,0.0,-1146.24
5690.0,-27247.882289093424,-1596.07,1264.0,0.0,-27247.882289093424,487526237.35088676,-141556729.7998624,27247.882289093424,0.0,-1596.07
5700.0,-2184961.072830557,634808.91,96223.0,553906.4618671214,-2738867.5346976784,122745205401.18561,-18416699316.37626,3292773.9965647995,873489.5099999999,-238680.6
5710.0,-43092.676431855856,-2945.0,2073.0,0.0,-43092.676431855856,1012214772.3483939,-237275463.82765007,43092.676431855856,0.0,-2945.0
5715.0,-74.26857464048624,-2.52,7.0,0.0,-74.26857464048624,1964366.7127834314,-269945.42856649443,74.26857464048624,0.0,-2.52
5720.0,-20180.360931023348,-1441.35,953.0,0.0,-20180.360931023348,455495827.4003547,-110800115.00485003,20180.360931023348,0.0,-1441.35
5725.0,-304443.31669190864,-19004.78,9310.0,6709.394030188045,-311152.7107220967,4081411742.7318773,-1943510844.0476627,317862.1047522847,10028.89,-29033.670000000002
5730.0,-20234.566924192557,-579.5999999999999,1105.0,338.8900300595081,-20573.456954252066,563124553.6160754,-102191942.61901458,20912.346984311574,575.2900000000001,-1154.89
5735.0,-43.38332925768458,-1.48,4.0,0.0,-43.38332925768458,1132219.0304602084,-157538.6382656836,43.38332925768458,0.0,-1.48
5740.0,-42766.392254536484,-2616.5400000000004,1734.0,61.42818137790013,-42827.820435914386,716910372.1314313,-230415882.4013343,42889.24861729229,94.88,-2711.42
5745.0,-1027.5436017570796,-34.96,92.0,0.0,-1027.5436017570796,26633553.976611286,-3717695.266132847,1027.5436017570796,0.0,-34.96
5750.0,-1540773.0119813073,116517.67000000003,127715.0,174172.25803209617,-1714945.2700134034,106916948727.55528,-9938096519.269598,1889117.5280454997,254605.63,-138087.96
5755.0,-135.5225256792937,-4.5600000000000005,12.0,0.0,-135.5225256792937,3488974.4597488637,-490092.8031010958,135.5225256792937,0.0,-4.5600000000000005
5760.0,-26953.581898193745,-1239.4199999999998,1334.0,223.9416607713954,-27177.52355896514,741584184.4866898,-139365705.00058445,27401.465219736532,384.52000000000004,-1623.9399999999998
5765.0,-151.20230348151796,-5.069999999999999,13.0,0.0,-151.20230348151796,3865762.6656133602,-544775.3502406674,151.20230348151796,0.0,-5.069999999999999
5770.0,-31900.206597693534,-1635.6399999999999,1673.0,191.68321111078114,-32091.889808804313,866048233.1391152,-162600438.31766573,32283.573019915097,282.15,-1917.7899999999997
5775.0,-486797.58954507957,-20043.289999999997,12751.0,19683.7280720806,-506481.31761716015,5113964609.525132,-3166744641.251034,526165.0456892408,26444.9,-46488.19
5780.0,-29087.698364328426,-1014.9700000000003,1253.0,719.7841252161619,-29807.482489544585,834903322.5665368,-162562386.59404004,30527.266614760745,1145.54,-2160.51
5785.0,-23.788418229963472,-0.8,2.0,0.0,-23.788418229963472,599900.8651638504,-85625.65107988782,23.788418229963472,0.0,-0.8
5790.0,-46620.13914211518,-2499.19,4352.0,123.19017137796514,-46743.329313493145,3340319597.642902,-215868531.49609494,46866.51948487111,190.71999999999997,-2689.91
5795.0,-1187.0598099844644,-39.77,97.0,0.0,-1187.0598099844644,29725736.812247533,-4257627.401472139,1187.0598099844644,0.0,-39.77
5800.0,-3252559.5952921626,953329.8,186755.0,920817.1812782827,-4173376.7765704454,160095929400.299,-26200266494.346058,5094193.957848728,1272206.34,-318876.54000000004
5805.0,-50.36493316922795,-1.68,4.0,0.0,-50.36493316922795,1252327.728987507,-179998.64033707132,50.36493316922795,0.0,-1.68
5810.0,-40848.421537458125,-1239.2799999999997,1658.0,1343.1175456878273,-42191.53908314595,834096291.5180852,-235591537.22061324,43534.65662883378,2103.08,-3342.3599999999997
5815.0,-25.470709395492417,-0.84,2.0,0.0,-25.470709395492417,628916.2728765112,-90983.30963794274,25.470709395492417,0.0,-0.84
5820.0,-32433.24985318321,-1296.96,1371.0,555.8015514046987,-32989.05140458791,780774856.6491492,-171964507.46863556,33544.85295599261,860.6000000000001,-2157.56
5825.0,-358120.4422761166,-19075.100000000002,8908.0,7963.8562902137155,-366084.2985663303,4456266830.539364,-2150566607.9215274,374048.154856544,11541.95,-30617.050000000003
5830.0,-73160.73985782027,-5113.22,2024.0,258.8943461975867,-73419.63420401784,818590248.4948925,-404071171.7885659,73678.52855021544,380.3299999999999,-5493.55
5835.0,-13.45389276295883,-0.44999999999999996,1.0,0.0,-13.45389276295883,327478.0272919167,-47730.37531441387,13.45389276295883,0.0,-0.44999999999999996
5840.0,-80584.33799096775,-5007.929999999999,4387.0,320.33904749873943,-80904.67703846649,3197796578.7986,-416609303.1373187,81225.01608596522,476.40999999999997,-5484.339999999999
5845.0,-422.4048731369118,-13.95,31.0,0.0,-422.4048731369118,10208720.683889795,-1497455.584682256,422.4048731369118,0.0,-13.95
5850.0,-1218504.1663513542,63283.73000000001,86744.0,121131.92351180807,-1339636.0898631623,85869433574.60727,-7212203033.709773,1460768.0133749703,165617.83000000002,-102334.1
5855.0,-317.048971796048,-10.35,23.0,0.0,-317.048971796048,7607867.485911104,-1123366.683118583,317.048971796048,0.0,-10.35
5860.0,-50083.62735258102,-3085.6099999999997,1998.0,64.28543137088724,-50147.912783951906,1193768016.2754269,-256527077.03664154,50212.198215322795,95.61,-3181.2199999999993
5865.0,-2970.3977920262746,-95.85,213.0,0.0,-2970.3977920262746,70766524.63254337,-10519172.642160684,2970.3977920262746,0.0,-95.85
5870.0,-56548.0668417644,-3431.5499999999997,1620.0,0.0,-56548.0668417644,730693926.3164274,-292535801.4448493,56548.0668417644,0.0,-3431.5499999999997
5875.0,-324300.5546499174,109194.68000000001,13156.0,102837.74427735922,-427138.2989272766,31174767823.29145,-2547679656.134493,529976.0432046358,145166.02000000002,-35971.34
5880.0,-99285.14291405832,-5181.469999999999,3243.0,63.915141812315376,-99349.05805587063,1250093218.2021487,-474795216.6937345,99412.97319768295,95.78999999999999,-5277.26
5885.0,-897.1757406768355,-29.279999999999994,61.0,0.0,-897.1757406768355,21062247.66197163,-3156261.5616243016,897.1757406768355,0.0,-29.279999999999994
5890.0,-45808.229371486705,-2612.7799999999997,2048.0,66.63908454179834,-45874.868456028504,1413815645.1726983,-226492336.35159326,45941.5075405703,95.5,-2708.2799999999997
5895.0,-104.29527086341882,-3.36,7.0,0.0,-104.29527086341882,2430586.5153128533,-366629.82514789706,104.29527086341882,0.0,-3.36
5900.0,-4788873.288264394,600383.33,212413.0,763211.7815003141,-5552085.069764708,204404251560.6296,-29961058104.38792,6315296.851265022,989453.14,-389069.81
5905.0,-1131.1394415006139,-36.26,74.0,0.0,-1131.1394415006139,26165367.86855023,-3963823.598281082,1131.1394415006139,0.0,-36.26
5910.0,-102697.1201006083,-7270.299999999999,2541.0,550.6145275133622,-103247.73462812166,1036193441.7144449,-557565099.8506848,103798.34915563502,760.4000000000001,-8030.7
5915.0,-361.1131110391144,-11.730000000000002,23.0,0.0,-361.1131110391144,8290790.312001613,-1261164.4272049302,361.1131110391144,0.0,-11.730000000000002
5920.0,-74097.77705396505,-4344.01,2202.0,68.20546960842242,-74165.98252357348,1069442561.0501491,-370776154.3460645,74234.1879931819,95.35,-4439.36
5925.0,-1121787.9076847238,41957.63000000001,23189.0,102377.42594716411,-1224165.333631888,33666208401.13329,-6968147009.384152,1326542.7595790522,139136.81,-97179.18
5930.0,-57251.432398878416,-3058.18,1809.0,291.05417791167963,-57542.48657679011,902417171.4744899,-284089542.6835618,57833.54075470178,378.12,-3436.2999999999997
5935.0,-160.82046147492866,-5.1000000000000005,10.0,0.0,-160.82046147492866,3637534.875153709,-561009.5471096431,160.82046147492866,0.0,-5.1000000000000005
5940.0,-109875.731094813,-1130.0200000000002,4760.0,4141.754478124449,-114017.48557293745,2265952912.541687,-534585859.2897949,118159.24005106189,4821.96,-5951.9800000000005
5945.0,-14154.578865117986,-448.38000000000005,846.0,0.0,-14154.578865117986,317694527.0038062,-49088347.094893344,14154.578865117986,0.0,-448.38000000000005
5950.0,-1005372.9057049197,173616.74000000002,33779.0,216357.93073911735,-1221730.836444037,51619534579.86996,-7059948568.027485,1438088.7671831544,270016.45,-96399.70999999999
5955.0,-33.87301247766777,-1.08,2.0,0.0,-33.87301247766777,754525.7834901934,-117401.4816665546,33.87301247766777,0.0,-1.08
5960.0,-47643.9244744153,-2526.67,1889.0,75.16028503781659,-47719.08475945311,1212001257.3709602,-223062026.46593708,47794.24504449093,94.42,-2621.09
5965.0,-377.18455371795744,-11.88,22.0,0.0,-377.18455371795744,8337992.807881284,-1306511.1076453186,377.18455371795744,0.0,-11.88
5970.0,-32274.821313943685,-1747.03,2117.0,0.0,-32274.821313943685,1742192742.0099564,-140081956.82275593,32274.821313943685,0.0,-1747.03
5975.0,-607403.7694473478,147040.97,17122.0,165922.95023676674,-773326.7196841146,48154952661.183914,-4409811457.149801,939249.6699208813,213399.76,-66358.79
5980.0,-2541.1309892300114,40232.02,1595.0,33185.216105840234,-35726.34709507024,9620108083.908524,-199401163.74027985,68911.56320091047,42400.09,-2168.07
5985.0,-631.4659095079726,-19.950000000000003,35.0,0.0,-631.4659095079726,13743360.567436008,-2173394.533703105,631.4659095079726,0.0,-19.950000000000003
5990.0,-112325.27010876662,-5341.37,4320.0,406.153976771104,-112731.42408553773,2093981309.7799883,-496311150.78029126,113137.57806230884,465.42,-5806.79
5995.0,-1321.4146840631342,-34.07,201.0,0.0,-1321.4146840631342,184458154.55589062,-3229102.6742624827,1321.4146840631342,0.0,-34.07
6000.0,16711813.269307442,62912044.42,1659844.0,57841981.34996583,-41130168.08065838,6112915503997.01,-412188650450.92523,98972149.43062422,66378174.44,-3466130.02
6005.0,-1821.272678070286,-104.62,270.0,0.0,-1821.272678070286,270316827.9206522,-5979038.206279909,1821.272678070286,0.0,-104.62
6010.0,-38015.666808893315,7846.58,2453.0,8738.509872360997,-46754.176681254314,2121119027.5113256,-231845198.85848916,55492.68655361531,10363.740000000002,-2517.16
6015.0,-5089.93206550516,-372.86,587.0,0.0,-5089.93206550516,605161802.5419432,-19951632.649840716,5089.93206550516,0.0,-372.86
6020.0,-110009.16917210256,-4968.95,2986.0,732.1620525069909,-110741.33122460956,1606252920.21147,-517367348.94057393,111473.49327711653,846.55,-5815.5
6025.0,-723140.0542241373,225648.89999999997,18928.0,279318.2725012624,-1002458.3267253998,49547811431.02881,-6268322630.322689,1281776.5992266622,317729.38,-92080.48000000001
6030.0,-62872.488963833384,14930.810000000001,2155.0,16649.707976450332,-79522.19694028371,5393529519.711144,-406970868.5486643,96171.90491673404,20132.86,-5202.05
6035.0,-5059.637498301195,-208.92,972.0,0.0,-5059.637498301195,1032173727.0496727,-12036567.906476812,5059.637498301195,0.0,-208.92
6040.0,-43934.08137856729,-2075.71,2113.0,158.12292827560472,-44092.20430684289,1726797870.2844515,-189724783.50119877,44250.32723511849,190.01999999999998,-2265.73
6045.0,-10333.756470871447,-511.38,792.0,0.0,-10333.756470871447,662271406.5450573,-37182617.125192314,10333.756470871447,0.0,-511.38
6050.0,-4374553.959693381,-47649.65999999998,114368.0,277486.435781244,-4652040.395474625,85092290103.19896,-23642843737.979546,4929526.831255869,297423.7,-345073.36
6055.0,-3797.3955999344976,-130.67000000000002,456.0,93.16341250915829,-3890.559012443656,467008289.90415305,-13544043.90921529,3983.722424952814,88.64999999999999,-219.32000000000002
6060.0,-68174.31251478005,-3499.2799999999997,1709.0,336.95426794312016,-68511.26678272316,950773998.612657,-321667163.8012115,68848.22105066628,375.48,-3874.76
6065.0,-6450.413245678044,320.09999999999997,615.0,484.237072573344,-6934.650318251389,652078699.9622357,-21920856.17099411,7418.887390824732,570.06,-249.95999999999998
6070.0,-86583.98484348811,-4245.41,2289.0,900.8831399681173,-87484.86798345624,1408564781.652989,-412778048.3060362,88385.75112342434,908.94,-5154.35
6075.0,-661795.4067231269,17930.489999999998,16599.0,65884.94136444292,-727680.3480875699,23147023368.971725,-3798837333.304381,793565.2894520127,74750.92,-56820.43
6080.0,-312699.2962273913,-11754.78,14059.0,833.8320022568064,-313533.1282296481,8343340892.651621,-1185476862.6597078,314366.96023190493,945.66,-12700.439999999999
6085.0,-7641.103432261847,2275.06,931.0,2290.26086553043,-9931.364297792277,1409040361.7254105,-32357572.328819945,12221.625163322708,2661.4,-386.34000000000003
6090.0,-125238.5897982616,-4554.51,3104.0,3150.304309791685,-128388.89410805327,1711978589.8587584,-603815645.5726452,131539.19841784495,3128.11,-7682.62
6095.0,-6924.185859400282,-404.89,313.0,83.52289268302691,-7007.70875208331,253687622.81473166,-30492538.173919596,7091.231644766336,94.92,-499.81
6100.0,-7848506.698289509,399725.19,203622.0,977157.6728392831,-8825664.371128792,212349647332.6148,-44846325984.40598,9802822.043968076,1003869.5499999999,-604144.36
6105.0,-10171.007118269488,-502.25,607.0,328.7315012115119,-10499.738619481,648422735.3439987,-47422880.63387345,10828.470120692513,380.7,-882.95
6110.0,-68613.13697511161,-1465.8899999999999,2355.0,2192.583789334527,-70805.72076444615,2064464499.0059862,-313810519.4309401,72998.30455378068,2349.7200000000003,-3815.6099999999997
6115.0,-10716.678806078335,-230.8,664.0,503.57527460014796,-11220.254080678482,751458249.8155173,-46617900.60187206,11723.82935527863,570.3,-801.1
6120.0,-91382.88436421902,-934.85,9901.0,2551.9612478246095,-93934.84561204362,12387923863.437965,-284792137.4135116,96486.80685986823,2733.9,-3668.75
6125.0,-958180.5153664525,41577.520000000004,18453.0,116616.60525835583,-1074797.1206248084,30412639590.045383,-5578265152.900622,1191413.7258831642,124475.14,-82897.62
6130.0,-78959.24586561478,-4338.75,2133.0,887.0483979128002,-79846.29426352758,1676450673.9484866,-374979096.1441227,80733.34266144039,942.97,-5281.719999999999
6135.0,-9085.483611509855,-186.45000000000005,407.0,175.02980398886893,-9260.513415498724,385254040.6403193,-35729704.51419689,9435.543219487594,189.6,-376.05
6140.0,-105929.00549861118,3484.750000000001,2232.0,11174.447505537553,-117103.45300414873,3737718788.8148084,-592194346.8778774,128277.9005096863,12349.82,-8865.07
6145.0,-8024.946262617222,217.66000000000003,420.0,565.7498912132394,-8590.69615383046,407616314.4247387,-33516742.618079063,9156.4460450437,555.71,-338.05
6150.0,-6707206.028710986,-27204.40999999998,159009.0,344816.02030839893,-7052022.049019384,130816887691.14175,-31109563355.743015,7396838.069327784,342354.98,-369559.39
6155.0,-19891.429096262935,189.68,654.0,1006.9902802921792,-20898.419376555114,562649120.9709742,-85388338.54910211,21905.409656847296,1035.66,-845.9799999999999
6160.0,-136902.15895813,-5406.139999999999,2990.0,2350.4628246232955,-139252.6217827533,2122660309.2605383,-625150260.6111764,141603.08460737657,2336.9500000000003,-7743.09
6165.0,-9853.794065307178,192.65,791.0,554.2401695689927,-10408.03423487617,953248675.2215,-33719466.738734275,10962.274404445163,565.68,-373.03
6170.0,-64272.464804038,-2282.6499999999996,1523.0,1741.7217315836178,-66014.18653562161,1341510255.4315777,-304817823.74853724,67755.90826720523,1795.66,-4078.31
6175.0,-5032917.550849483,-100723.05000000002,79588.0,253597.20094833346,-5286514.751797817,60675660629.35397,-25581413493.136406,5540111.952746151,245977.47999999998,-346700.52999999997
6180.0,-614718.8291053969,-19056.18,21029.0,4200.121821336949,-618918.9509267339,11122532628.499952,-2220118741.7900977,623119.0727480708,3991.13,-23047.31
6185.0,-26107.91707332588,264.43000000000006,976.0,1778.969683553544,-27886.886756879423,1200170144.8447318,-115172461.88504592,29665.856440432966,1794.57,-1530.1399999999999
6190.0,-293336.87730887166,-15492.82,5456.0,1079.4036030397292,-294416.2809119114,2919381060.139083,-1296802110.3524494,295495.6845149511,1028.02,-16520.84
6195.0,-17610.437834640044,747.86,1347.0,1412.49368659912,-19022.931521239163,1781511579.3286698,-61222806.95265792,20435.42520783828,1415.79,-667.93
6200.0,-5354062.530029693,1637761.04,165294.0,2581006.6128986008,-7935069.142928294,228042251482.5445,-47392445491.16321,10516075.755826894,2271384.85,-633623.8099999999
6205.0,-14489.970260156182,1727.89,716.0,2392.0739126168373,-16882.044172773018,715189513.0587853,-65113174.757620946,19274.118085389855,2354.8900000000003,-627.0
6210.0,-86570.03949038775,-500.1299999999997,1667.0,6014.201331127342,-92584.2408215151,2003216009.6405838,-441571428.9854228,98598.44215264244,5719.91,-6220.04
6215.0,-54134.69626755468,-1598.99,2748.0,585.9207776582108,-54720.61704521289,3657234422.811777,-188021937.84264958,55306.537822871105,565.54,-2164.5299999999997
6220.0,-337429.9762100562,-16099.009999999998,6119.0,1900.9006707600915,-339330.8768808163,4112246211.0785923,-1485179673.138346,341231.7775515764,1775.1,-17874.11
6225.0,-645941.7166071524,387460.08999999997,20956.0,555774.3443329599,-1201716.0609401122,43549739428.793945,-7565419420.241463,1757490.405273072,496535.51999999996,-109075.43
6230.0,-101756.14610580496,-2901.9999999999995,2708.0,3383.9113803114947,-105140.05748611645,3376341065.004302,-453789135.47939026,108523.96886642795,3200.96,-6102.96
6235.0,-69937.86802812835,-2273.28,2166.0,197.94579521589796,-70135.81382334424,1514052258.102155,-245546246.95807472,70333.75961856014,188.88,-2462.16
6240.0,-284400.8473701674,-2041.9199999999998,4991.0,15618.373150719692,-300019.22052088706,2908104900.460838,-1331539213.757046,315637.59367160674,13302.48,-15344.4
6245.0,-14189.82850456006,687.5699999999999,630.0,1559.5683730534327,-15749.396877613492,888324244.6612549,-60699617.16675877,17308.965250666923,1396.6499999999999,-709.08
6250.0,-7303176.841807953,343923.0899999999,144394.0,996815.7926245468,-8299992.634432499,135925097001.77643,-39432291542.84027,9296808.427057046,872905.8099999999,-528982.72
6255.0,-27855.601359765573,-799.99,736.0,319.2509528446243,-28174.852312610197,637229870.6117299,-106845669.1044833,28494.10326545482,279.06,-1079.05
6260.0,-101437.54399307641,33791.170000000006,3193.0,49492.74167728354,-150930.28567035997,2721332042.7198505,-805046861.2919548,200423.02734764348,43062.130000000005,-9270.96
6265.0,-23044.66119476592,-1084.46,616.0,205.61453304537756,-23250.2757278113,673306119.9485343,-93024941.45224828,23455.890260856675,188.66,-1273.12
6270.0,-329521.5550499175,-14027.950000000003,5144.0,3712.3031321690955,-333233.85818208655,3621321523.9197106,-1438228018.5795767,336946.1613142557,3273.38,-17301.33
6275.0,-6112500.616777996,-31874.01999999999,92897.0,440138.8271322449,-6552639.44391024,78410357335.26279,-30309780605.17805,6992778.271042485,377497.74,-409371.76
6280.0,-587410.5251482485,-18919.32,12951.0,10612.277317715974,-598022.8024659645,7891071013.6196575,-2346328678.4330463,608635.0797836805,8974.94,-27894.26
6285.0,-23161.880940881645,-135.73999999999998,644.0,1066.1844145238117,-24228.065355405455,819181247.3865412,-92764853.52843732,25294.249769929265,940.08,-1075.82
6290.0,-352969.0133851436,-558.3200000000024,14304.0,21298.709696268077,-374267.7230814117,23551789260.41086,-1433698400.829181,395566.43277767976,18465.989999999998,-19024.31
6295.0,-33627.42024910177,-382.79,1258.0,1402.7309045411794,-35030.15115364295,1818857262.7685206,-127078519.53112105,36432.88205818413,1215.58,-1598.37
6300.0,-5496863.784650253,1922463.0,157570.0,3154503.8811501693,-8651367.665800422,304518360212.8301,-47365157826.18756,11805871.546950592,2581296.3,-658833.2999999999
6305.0,-7099.959554694113,5965.17,730.0,7710.667598613336,-14810.62715330745,2452741317.3934097,-55517974.73580334,22521.294751920785,6680.48,-715.31
6310.0,-132870.59725980423,-2673.96,4107.0,5038.744693440423,-137909.34195324464,5671865078.409114,-535904102.20792,142948.08664668506,4199.52,-6873.48
6315.0,-52087.91040892962,-721.7599999999996,1219.0,1795.177609817964,-53883.088018747585,1404917683.112903,-204609729.52532816,55678.26562856555,1496.0300000000002,-2217.79
6320.0,-151579.53596062842,-4329.1900000000005,3151.0,5877.318191513135,-157456.85415214155,4061672641.2213016,-664263212.5495975,163334.17234365467,4860.5199999999995,-9189.71
6325.0,-1320155.7041006093,324186.49,30295.0,619174.0674638841,-1939329.7715644934,32036677546.58696,-10744868317.65454,2558503.8390283776,473059.44,-148872.95
6330.0,-458208.70726059115,-25375.74,5963.0,6568.897317829993,-464777.6045784212,4736579374.8595705,-2073155148.4260492,471346.50189625117,5162.68,-30538.420000000002
6335.0,-35034.04166317449,-68.87000000000003,756.0,2064.340696026102,-37098.382359200594,789797268.835548,-148823444.0592008,39162.72305522669,1545.1599999999999,-1614.03
6340.0,-183621.6658467721,6686.13,3207.0,26098.112815472592,-209719.77866224473,3935195596.4038415,-976584909.3766309,235817.89147771732,19922.63,-13236.5
6345.0,-29756.547286720823,109.85999999999993,720.0,2131.949438495413,-31888.496725216235,1071644946.432228,-125542481.16295794,34020.44616371165,1665.56,-1555.7
6350.0,-2464024.7600069474,652877.59,59717.0,1225989.6063032546,-3690014.3663102016,106374695385.27821,-19565111542.587997,4916003.972613457,909751.53,-256873.94
6355.0,-37705.833104352554,3730.6900000000005,773.0,8432.870104088675,-46138.70320844123,784716356.4716574,-210337815.46185213,54571.5733125299,6831.75,-3101.0600000000004
6360.0,-97428.15044598926,62692.07,3427.0,98451.30600062883,-195879.4564466181,7110153775.786356,-1086101911.4287605,294330.76244724693,74267.34999999999,-11575.28
6365.0,-25953.39264001768,33042.840000000004,1686.0,47982.49936961583,-73935.8920096335,10567875270.808607,-346521168.42071223,121918.39137924934,38149.520000000004,-5106.679999999999
6370.0,-53409.75037751808,85600.73999999999,4705.0,121283.3740458216,-174693.1244233397,27143964853.596474,-782458648.9216342,295976.49846916134,95591.77999999998,-9991.04
6375.0,-1823994.412117519,171258.39999999997,28793.0,483160.3402763589,-2307154.7523938776,32699730807.897465,-11637724870.215618,2790315.0926702367,342885.07999999996,-171626.68
6380.0,-82688.028540073,78199.09,4430.0,124157.0525678503,-206845.0811079233,16354766504.114447,-1105685076.8726747,331002.1336757736,91117.31,-12918.220000000001
6385.0,55376.75424281042,73746.76,2292.0,98526.09109830449,-43149.33685549407,21222106811.804096,-215499167.450395,141675.42795379856,76424.07,-2677.3100000000004
6390.0,-28143.874698790558,65433.869999999995,3863.0,94107.26151417589,-122251.13621296645,21290743094.208504,-531996281.3445138,216358.39772714235,71986.16,-6552.29
6395.0,4832.436842650881,22156.75,1244.0,31030.33497216407,-26197.89812951319,7532487208.451693,-108087505.40806133,57228.23310167726,23712.09,-1555.3400000000001
6400.0,-6461128.93650434,2099405.8,166681.0,4165224.640016436,-10626353.576520776,276759944993.6404,-57611176603.0232,14791578.216537211,2897298.81,-797893.01
6405.0,73379.21155396562,88607.8,2924.0,120476.42967677387,-47097.21812280824,25784373879.225567,-223651226.77961797,167573.6477995821,90620.53,-2012.7299999999998
6410.0,-114972.88631526266,47722.72000000001,3380.0,81107.31591331949,-196080.20222858214,16753514345.069132,-875850050.078285,277187.51814190164,60192.81000000001,-12470.09
6415.0,180430.6289296617,161946.95,3866.0,220457.0119031453,-40026.38297348359,44089675563.50576,-254550250.89160368,260483.39487662888,163462.04,-1515.0900000000001
6420.0,124230.2824267359,245735.58999999997,7645.0,351449.83743381547,-227219.5550070796,71811585088.84256,-1080854268.7373087,578669.3924408951,259026.43999999997,-13290.85
6425.0,-1412391.2094300177,455094.42,32760.0,897629.9286046317,-2310021.138034649,120040477899.33052,-11456792997.1316,3207651.066639281,629549.83,-174455.41
6430.0,197408.44084861467,299856.95,9516.0,432810.26399996696,-235401.8231513523,86898076865.08832,-1148074233.8535109,668212.0871513193,313635.43,-13778.48
6435.0,349126.84659537824,309431.9499999999,7391.0,434236.0242134727,-85109.17761809443,84669924091.57892,-517144128.90206486,519345.2018315671,312601.2099999999,-3169.2599999999998
6440.0,-93555.34181595918,68562.07,3766.0,114149.67100473323,-207705.0128206924,20295981252.001305,-935377291.7121248,321854.6838254256,80354.39,-11792.32
6445.0,123208.09024696458,145991.69,3996.0,212330.01219225387,-89121.9219452893,41884154186.72302,-443174137.82015526,301451.9341375432,150624.59,-4632.9
6450.0,-2453040.614222523,1844014.66,93099.0,3552028.9620392937,-6005069.576261817,317399138116.90485,-33784255525.459385,9557098.53830111,2311928.55,-467913.89
6455.0,181326.29299449833,192410.8,6243.0,281298.77604750544,-99972.48305300708,58661607665.38809,-451929819.7674499,381271.2591005125,196929.49,-4518.69
6460.0,63216.04059543506,264970.18000000005,8753.0,412858.1478071552,-349642.10721172014,77073311231.30635,-1634960727.056683,762500.2550188754,283956.43000000005,-18986.25
6465.0,312835.97484732314,246661.97999999998,5659.0,359893.6826466132,-47057.70779929005,70446424412.06805,-295078561.55784756,406951.39044590323,247786.49999999997,-1124.52
6470.0,208359.12183670286,303091.56999999995,8666.0,464879.93634969526,-256520.8145129924,89000720846.48955,-1216727954.2773225,721400.7508626876,317116.04999999993,-14024.48
6475.0,-1440863.788123325,558245.2999999999,34289.0,1205318.7989884983,-2646182.5871118233,105811789000.44666,-13887077533.756605,3851501.3861003215,755463.08,-197217.78
6480.0,188083.96700379587,285725.45,8595.0,450016.8427828276,-261932.87577903175,77063008572.4294,-1339022837.6055532,711949.7185618593,299078.06,-13352.61
6485.0,217407.16448229764,202095.22000000003,5130.0,309922.4463625949,-92515.28188029729,59302059040.10478,-468859203.71829647,402437.7282428922,206901.85000000003,-4806.629999999999
6490.0,-112377.48648325802,99282.28,4895.0,185919.01131487408,-298296.49779813207,26271038249.520847,-1441469844.316366,484215.5091130061,119003.04999999999,-19720.77
6495.0,-157136.2062335877,4376.629999999998,2382.0,20998.20683150916,-178134.41306509686,5768905998.744925,-676490895.865603,199132.61989660605,13774.609999999999,-9397.98
6500.0,-10964830.525915574,4102175.5999999996,275884.0,9200898.609575327,-20165729.1354909,766815238920.2906,-104297441788.8378,29366627.74506623,5590459.78,-1488284.18
6505.0,-152929.13730048187,-3689.620000000001,1794.0,11248.186315924202,-164177.3236164061,2760534193.7203107,-661509340.4440991,175425.5099323303,7088.11,-10777.730000000001
6510.0,-490356.8654409065,11216.049999999997,5464.0,66591.08629984122,-556947.9517407477,6392169666.683509,-2269393429.926693,623539.038040589,39840.759999999995,-28624.71
6515.0,-33079.497180003775,49673.409999999996,2456.0,86524.0845879681,-119603.58176797187,16789531942.26625,-468815741.81793946,206127.66635593996,54966.64,-5293.2300000000005
6520.0,-177693.7806853769,21468.54,2919.0,58719.55851364779,-236413.3391990247,10214608816.73809,-970511210.5345693,295132.8977126725,36368.8,-14900.259999999998
6525.0,-684740.2387527564,486936.94,25784.0,1042207.4423155228,-1726947.6810682793,73230136785.449,-9461102889.233185,2769155.1233838024,600021.53,-113084.59
6530.0,-140720.9933124061,123715.37999999999,4741.0,237375.0631433804,-378096.0564557865,33835713551.607723,-1689227522.213159,615471.1195991669,144413.91999999998,-20698.54
6535.0,-71868.1554455352,17682.81,1256.0,36530.176430388914,-108398.33187592411,1037648362.6702598,-461177648.56929463,144928.50830631302,22371.9,-4689.09
6540.0,-172001.00600515463,11172.840000000002,1909.0,44370.12945450955,-216371.1354596642,903764435.2262691,-968934967.1792935,260741.26491417375,25010.260000000002,-13837.42
6545.0,-20575.047068207463,4725.24,346.0,12303.306319987048,-32878.35338819451,157753319.30085152,-171172653.7251841,45181.65970818156,7039.610000000001,-2314.37
6550.0,-3414708.1095843595,504764.89999999997,51586.0,1589366.7436073085,-5004074.853191668,23907326525.82213,-24687317960.764652,6593441.596798976,869313.09,-364548.19
6555.0,-32406.462434214765,3999.1000000000004,459.0,11823.451264517067,-44229.913698731834,278314666.21019894,-197344591.96936417,56053.364963248896,6555.36,-2556.26
6560.0,-228929.4209631556,12193.060000000001,2410.0,56173.357702768175,-285102.7786659238,1083736587.2399049,-1270361746.1986668,341276.136368692,29729.77,-17536.71
6565.0,-62061.17936664457,-2937.1,510.0,3534.40715173412,-65595.58651837868,223382909.7224637,-263675273.12944946,69129.9936701128,2011.25,-4948.35
6570.0,-214186.64761123696,2759.3499999999995,2097.0,32945.139576598056,-247131.78718783497,1104813936.0762577,-1016210011.1908852,280076.92676443304,17872.18,-15112.83
6575.0,-1829886.9430950473,210214.03,24024.0,711906.4113831096,-2541793.3544781567,10871393427.63035,-11999345288.701096,3253699.7658612668,368677.93,-158463.9
6580.0,-145189.91994162533,18461.870000000003,1832.0,57262.065580410344,-202451.98552203568,961612022.2590349,-921223294.7602956,259714.051102446,30036.510000000002,-11574.64
6585.0,-50196.951804620985,15564.950000000003,914.0,39781.78235499025,-89978.73415961124,349463897.80473864,-489661520.4040155,129760.51651460149,21373.68,-5808.7300000000005
6590.0,-330604.6699196664,14287.279999999999,3324.0,64911.759816943835,-395516.42973661027,1806914340.3808422,-1643624327.647201,460428.18955355405,34565.92,-20278.64
6595.0,-71494.5018306577,-382.7099999999996,638.0,7102.815570011245,-78597.31740066895,389258576.88203776,-298960208.11104006,85700.13297068019,3862.2400000000002,-4244.95
6600.0,-9435343.177964764,1970233.0099999998,148988.0,6474416.335597905,-15909759.513562668,53053104606.67931,-83678856432.19308,22384175.849160574,3257366.7399999998,-1287133.73
6605.0,-65779.77713930234,3554.3200000000006,719.0,14089.02622138885,-79868.80336069119,448028147.1550657,-321042274.77203125,93957.82958208004,7292.28,-3737.96
6610.0,-377514.85474077176,11800.730000000003,3398.0,82783.47513985407,-460298.3298806258,1519477935.489506,-1968110207.9612105,543081.80502048,41244.66,-29443.93
6615.0,-127338.19555208096,1335.6200000000006,1137.0,14154.756336908404,-141492.95188898937,764130922.3093789,-520804392.1864708,155647.70822589775,7279.92,-5944.299999999999
6620.0,-414055.5509041975,42925.08000000001,4781.0,178857.17339040665,-592912.7242946042,1895280303.056791,-2802355721.86951,771769.8976850108,86330.40000000001,-43405.32
6625.0,-2284628.1791018583,219593.15999999997,27833.0,980930.0073826321,-3265558.1864844905,9868558160.993074,-15554860407.661655,4246488.193867123,474740.28,-255147.12000000002
6630.0,-298248.50981627795,19887.17,2941.0,88772.25400014129,-387020.76381641923,1558825227.0959063,-1650275611.4960358,475793.0178165605,43529.08,-23641.91
6635.0,-170831.14376993934,-6791.179999999999,1280.0,5896.486289453898,-176727.63005939324,750791571.821062,-631111824.9643253,182624.11634884714,2930.7999999999997,-9721.98
6640.0,-242101.12362259923,28699.050000000003,2664.0,102564.83715884415,-344665.9607814434,1453760645.2187517,-1516786267.7190893,447230.7979402875,49749.23,-21050.18
6645.0,-30440.26489688574,16640.649999999998,772.0,45908.793039744305,-76349.05793663005,353940331.01338553,-423841495.275342,122257.85097637435,21226.81,-4586.16
6650.0,-5614608.764213581,892992.7399999999,72692.0,3198975.979288149,-8813584.74350173,26659641151.076477,-42897515466.48458,12012560.72278988,1496697.28,-603704.54
6655.0,-143093.20783574833,-1061.71,1108.0,12863.100956957094,-155956.30879270541,703239701.8501815,-561708193.9075836,168819.4097496625,6006.46,-7068.17
6660.0,-292176.95953505486,4965.719999999999,2424.0,60306.43968808268,-352483.39922313753,1109371972.0084362,-1438898307.7758584,412789.8389112202,27520.59,-22554.870000000003
6665.0,66016.77020352216,62440.67,1246.0,135058.07007950987,-69041.29987598771,1659817518.694058,-489421624.2345122,204099.36995549756,65500.25,-3059.58
6670.0,-715069.7093212024,27211.600000000002,5817.0,179328.75278121672,-894398.4621024191,2695673636.989078,-3676959970.3711166,1073727.2148836358,80186.22,-52974.62
6675.0,-2445944.216863874,474569.39999999997,41029.0,1803088.6525673554,-4249032.869431229,12868794031.527746,-21377840586.561687,6052121.521998584,822013.15,-347443.75
6680.0,-514040.7425436408,905.0999999999977,4224.0,80160.32020230405,-594201.0627459448,2788535913.201473,-2222146591.362802,674361.3829482489,36369.08,-35463.98
6685.0,-114080.01447294267,-9.100000000001046,862.0,12661.594318446083,-126741.60879138877,607852269.7455311,-446310300.12211794,139403.20310983484,5798.619999999999,-5807.72
6690.0,-569935.3765927897,-11725.429999999998,4533.0,36891.31447322767,-606826.6910660173,3393583251.615352,-2044259070.5279534,643718.005539245,16074.23,-27799.66
6695.0,-309077.77453112474,-15964.490000000002,2022.0,22086.40159356933,-331164.17612469406,872355159.1976346,-1225090022.0339146,353250.57771826343,10039.589999999998,-26004.08
6700.0,-12439542.791050585,1902268.96,159904.0,7630473.608129291,-20070016.399179876,61863831954.02328,-94915896309.66396,27700490.007309165,3383807.71,-1481538.75
6705.0,-69735.78583999645,8148.02,731.0,30890.30941500934,-100626.09525500578,512497991.651119,-410759887.41888744,131516.40467001512,13663.65,-5515.63
6710.0,-244809.9447904647,23950.32,2996.0,104200.93279220964,-349010.8775826743,1429333000.0491486,-1451877740.5092614,453211.810374884,43883.77,-19933.45
6715.0,-37458.76757795884,13560.31,663.0,43233.17599252512,-80691.94357048396,322241449.232109,-404235299.0382397,123925.11956300908,18039.68,-4479.37
6720.0,-328908.05759623554,-1484.4799999999977,2713.0,53969.36510155973,-382877.42269779526,1201471410.7171001,-1440645628.0808318,436846.787799355,22616.570000000003,-24101.05
6725.0,-4101168.8640287295,236840.52000000002,42943.0,1771387.1992159123,-5872556.063244642,13661612495.943316,-26208609122.41918,7643943.262460554,745400.4199999999,-508559.9
6730.0,-256599.925271014,8587.49,2278.0,71061.00398917883,-327660.92926019285,897499456.4410776,-1315787238.808016,398721.9332493717,29005.42,-20417.93
6735.0,-107193.80044892078,-2218.28,667.0,11165.508820402752,-118359.30926932354,356216036.33320296,-421046309.87527364,129524.8180897263,4773.29,-6991.570000000001
6740.0,-305366.7141020917,23228.589999999997,3296.0,126239.85558493718,-431606.5696870289,1495963078.844445,-1779440908.509685,557846.425271966,49791.21,-26562.62
6745.0,-433646.22336926917,-34025.89,2470.0,10485.877175504645,-444132.1005447738,834784349.8091975,-1554608297.788387,454617.97772027843,4224.25,-38250.14
6750.0,-5621372.906239496,783730.75,67543.0,3531388.908382009,-9152761.814621504,21363658192.02559,-42323828524.26017,12684150.723003512,1482226.9,-698496.15
6755.0,-99240.05810630141,-2069.539999999999,613.0,13459.100225315146,-112699.15833161655,309577961.13182056,-403639032.2073786,126158.25855693169,5426.38,-7495.92
6760.0,-249455.24854438164,-4907.62,4910.0,35566.585486840646,-285021.83403122233,647704192.4585088,-1041739580.6760951,320588.41951806296,13700.8,-18608.420000000002
6765.0,-349777.35520971427,-4437.45,2778.0,14112.701300004848,-363890.0565097191,3161404340.824368,-1006294942.6539268,378002.75780972396,5628.389999999999,-10065.839999999998
6770.0,-318565.6464522739,2960.930000000002,2398.0,73456.1184614271,-392021.764913701,1384941245.122922,-1446507865.3805406,465477.8833751281,28439.72,-25478.79
6775.0,-2897055.18700141,283578.85,34443.0,1435641.7075318084,-4332696.894533219,21519119895.60388,-17761325901.841625,5768338.602065027,573339.4299999999,-289760.57999999996
6780.0,-268051.00078501407,42071.27,3135.0,192287.6369765996,-460338.6377616136,1437127900.7831993,-2002113846.103262,652626.2747382133,71469.42,-29398.15
6785.0,-58425.70842756749,2782.08,515.0,21053.66270101341,-79479.3711285809,364519823.4621094,-297221122.09114295,100533.03382959431,8100.0199999999995,-5317.9400000000005
6790.0,-107542.37848431054,48023.700000000004,2339.0,179871.5630789952,-287413.9415633058,1044725305.3181195,-1434278343.5648196,467285.504642301,66449.94,-18426.239999999998
6795.0,-102579.82431392501,-3773.2,565.0,10294.316238167985,-112874.140552093,219794213.16705686,-391537075.5584173,123168.45679026097,3971.14,-7744.34
6800.0,-11883325.642587218,2750116.94,176772.0,11474824.021129629,-23358149.663716845,71536874521.22224,-108536117356.53177,34832973.684846476,4509948.38,-1759831.44
6805.0,-212184.56336984568,2820.5499999999997,1589.0,32235.73688606846,-244420.30025591416,1604905188.087105,-758071918.978924,276656.03714198264,12017.439999999999,-9196.89
6810.0,-432533.05964634416,-2355.7799999999984,2835.0,65673.782438024,-498206.84208436817,1982661540.0867736,-1653538846.258932,563880.6245223922,24450.24,-26806.02
6815.0,-126063.13215661669,2231.3600000000006,857.0,24558.326517560236,-150621.45867417692,705847883.8315037,-495645180.05399173,175179.78519173714,9351.32,-7119.959999999999
6820.0,-383319.4853949166,7279.630000000001,2891.0,123749.18787726351,-507068.67327218014,1303245238.1140378,-1895567403.2519686,630817.8611494437,43459.84,-36180.21
6825.0,-2475963.189365192,839170.1000000001,46126.0,2966435.175703512,-5442398.365068704,25826061885.62668,-24946044611.465336,8408833.540772216,1193097.1600000001,-353927.06
6830.0,-670723.9532519355,-23657.109999999993,3856.0,85156.70068486336,-755880.6539367989,1220052209.6167305,-2590611198.2310643,841037.3546216623,29647.66,-53304.77
6835.0,-121596.35901172721,1567.36,750.0,26226.191771397578,-147822.5507831248,514461718.4940225,-493744455.8995933,174048.74255452238,9420.01,-7852.65
6840.0,-682562.7525273758,5941.079999999998,4761.0,123823.94808946225,-806386.7006168381,4866855665.828794,-2454322095.969532,930210.6487063003,42341.41,-36400.33
6845.0,-240991.8726026268,-3862.379999999999,1277.0,39330.61586848479,-280322.4884711116,607784027.8174622,-930444139.7342907,319653.10433959635,12865.21,-16727.59
6850.0,-6940903.5330396,2022199.83,115295.0,8643798.187643828,-15584701.72068343,43360597424.99724,-71615772961.1078,24228499.90832726,3219418.17,-1197218.34
6855.0,-139869.997516584,-2807.0899999999992,849.0,20159.907070583933,-160029.90458716793,399449248.21202207,-516126802.51944375,180189.81165775182,7098.34,-9905.43
6860.0,-317109.6824757624,37096.88,3151.0,213052.9682318311,-530162.6507075935,2240129295.8188853,-1988182608.0315232,743215.6189394246,68947.39,-31850.51
6865.0,1299439.2676236941,795533.8599999999,16167.0,2603441.220807889,-1304001.953184195,28655097729.286575,-7526020857.4696665,3907443.1739920843,832795.94,-37262.08
6870.0,-483685.8544232323,12787.410000000002,3474.0,179886.43041825964,-663572.284841492,2111319739.9015548,-2315449163.464739,843458.7152597517,56393.04,-43605.63
6875.0,-1362345.6047123694,1044431.3500000001,46117.0,4139054.035974996,-5501399.640687365,14519325235.763708,-27956760341.88141,9640453.676662361,1518190.4200000002,-473759.07
6880.0,-379374.8342480914,23154.529999999995,3285.0,194861.03611846213,-574235.8703665534,2297045349.1860456,-2043794385.2033863,769096.9064850156,59561.03,-36406.5
6885.0,12100.856336884188,23386.399999999998,1480.0,92499.98025337096,-80399.12391648677,841015271.5883375,-381671136.7394427,172899.10416985772,28577.66,-5191.26
6890.0,-390394.73999490804,51433.990000000005,4088.0,278381.6235615689,-668776.363556477,3387953744.640339,-2431303411.1195846,947157.9871180459,88141.62000000001,-36707.63
6895.0,832767.5721632714,359264.68,6283.0,1299850.2227928152,-467082.65062954393,10273672791.65204,-3403858085.398472,1766932.873422359,386191.6,-26926.92
6900.0,-5684861.399094942,3274152.3099999996,145979.0,14240627.831333594,-19925489.230428535,64059672427.331795,-92551607503.86357,34166117.06176213,4792905.699999999,-1518753.39
6905.0,-198829.0047416033,9564.409999999996,1446.0,74006.31116688382,-272835.31590848713,1651723350.1723177,-820571702.9230361,346841.627075371,21856.799999999996,-12292.39
6910.0,460435.8233718208,243908.63,5855.0,900111.8779517778,-439676.05457995704,2621091607.5352106,-3422418174.8848896,1339787.932531735,268624.72000000003,-24716.09
6915.0,-363019.9604073451,-7783.359999999998,1677.0,45930.842088521305,-408950.8024958664,1118377561.949137,-1174850641.9555535,454881.6445843877,13938.45,-21721.809999999998
6920.0,-265426.2124174489,32700.41,2639.0,185666.0550311511,-451092.26744860003,3280747931.028539,-1462557703.1484451,636758.3224797512,52577.97,-19877.56
6925.0,-812933.5899503634,716229.9,29173.0,2850697.3731375933,-3663630.9630879564,10784532676.65338,-17498804840.51617,6514328.33622555,991138.87,-274908.97
6930.0,-121701.63895628141,35288.96,1922.0,190847.01380127043,-312548.65275755187,1338240311.7980304,-1238926548.381692,503395.6665588223,53054.44,-17765.48
6935.0,-144936.66313595814,-5725.969999999999,945.0,12895.285115136063,-157831.9482510942,645091578.2958754,-420727698.4208162,170727.23336623027,3548.8099999999995,-9274.779999999999
6940.0,-1039322.0973350737,16610.739999999998,6126.0,243515.67757468356,-1282837.7749097573,5951297385.559973,-3523647602.6556354,1526353.452484441,65907.93,-49297.19
6945.0,-164060.36304922847,-3253.41,1364.0,21132.193375992523,-185192.556425221,664723857.182686,-502790112.41896695,206324.74980121353,5925.47,-9178.88
6950.0,-3653197.7376197875,1490567.0,72959.0,7303956.610515835,-10957154.348135622,28247476520.894737,-46809024197.03024,18261110.958651457,2286979.25,-796412.2499999999
6955.0,-164304.48552579217,-2412.3500000000004,924.0,30518.398694417825,-194822.88422021002,469828841.4036641,-552647987.013302,225341.28291462784,8517.43,-10929.779999999999
6960.0,-585994.4313220973,53930.72,7585.0,412196.84474743594,-998191.2760695332,3914422056.161738,-3367535556.9075403,1410388.120816969,109815.07,-55884.35
6965.0,-859283.5769203037,-14268.36,3471.0,51261.620814006266,-910545.1977343101,5037594868.441086,-2093038238.5578609,961806.8185483164,13261.529999999999,-27529.890000000003
6970.0,-568340.0471165973,-8064.589999999999,2897.0,122550.98946589473,-690891.0365824921,1888961828.4367476,-1940120812.6529012,813442.0260483868,30570.47,-38635.06
6975.0,-3368282.964136968,229217.54,29526.0,2125132.8087959755,-5493415.772932944,12276521215.140148,-19068152978.233738,7618548.5817289185,644052.3099999999,-414834.76999999996
6980.0,-735934.2180120785,-28496.739999999998,3544.0,87142.94139006849,-823077.159402147,2081827421.1270227,-2194667963.022945,910220.1007922156,22353.19,-50849.93
6985.0,-305623.4525912319,-11416.39,1435.0,38454.53241770187,-344077.98500893376,690448417.1221342,-904852678.1836647,382532.5174266356,9265.960000000001,-20682.35
6990.0,-880247.5129460267,-9223.709999999995,4559.0,158645.0823964927,-1038892.5953425195,3821957818.184324,-2712274936.2512817,1197537.677739012,39264.76,-48488.469999999994
6995.0,-267222.8995633896,-3055.9700000000003,1565.0,41505.55966940819,-308728.4592327978,1722452984.574675,-747737438.8571166,350234.018902206,9846.26,-12902.23
7000.0,-16810463.42386246,23402190.32,979640.0,128307663.0761532,-145118126.50001568,277017012836.0683,-650810050732.8691,273425789.5761689,35141041.870000005,-11738851.549999999
7005.0,-137905.26180857068,33278.05,1862.0,200886.90927981722,-338792.1710883879,2187152849.116886,-1092535682.426899,539679.0803682051,48013.94,-14735.89
7010.0,-352711.56280223373,27317.88,2912.0,235971.27563168076,-588682.8384339145,2916962841.4200788,-1744879007.777701,824654.1140655952,55365.94,-28048.059999999998
7015.0,-250539.9192006868,-5520.88,1116.0,34146.67702737408,-284686.5962280609,1293931117.3028424,-687402687.8862824,318833.27325543493,8334.869999999999,-13855.75
7020.0,-1271857.4249045458,-46554.17999999999,5135.0,126950.85830112292,-1398808.2832056687,5750779921.016033,-3283154791.241029,1525759.1415067916,29051.800000000003,-75605.98
7025.0,-2905612.1037396006,82637.94,20204.0,1400853.2572664004,-4306465.361006001,10987837630.066912,-12894512357.098377,5707318.618272401,378078.88,-295440.94
7030.0,-1032856.4433335426,13341.899999999994,5486.0,351407.62243810267,-1384264.0657716452,5373012152.776183,-3674605732.4203253,1735671.688209748,82972.23,-69630.33
7035.0,-1085627.1747842177,-61425.369999999995,4543.0,45404.22594728602,-1131031.4007315037,1460914983.7801638,-2655442408.9985456,1176435.6266787897,10028.33,-71453.7
7040.0,-1612312.9266241852,-26822.320000000003,6828.0,145651.81910943374,-1757964.745733619,12439276455.050545,-3672169832.7056684,1903616.5648430528,32240.489999999998,-59062.81
7045.0,-998355.5823629571,-19690.120000000003,3695.0,38974.314707987665,-1037329.8970709447,8244525136.424665,-1996119027.505904,1076304.2117789323,8658.4,-28348.52
7050.0,-9591670.090361536,361337.38999999996,57138.0,4339984.376169663,-13931654.466531198,38793491575.11802,-38534668207.96372,18271638.84270086,1146215.7,-784878.31
7055.0,-197637.2812873368,18914.840000000004,1883.0,171821.07352319913,-369458.35481053597,1697066210.2634006,-1093629018.5214124,541279.4283337351,38724.07000000001,-19809.23
7060.0,-1006371.0758688459,10817.079999999998,4916.0,242489.0646741167,-1248860.1405429626,10457664999.80787,-2674456327.5658827,1491349.2052170793,47797.26000000001,-36980.18
7065.0,-129997.63336793867,4744.92,1048.0,28839.87301603423,-158837.5063839729,1220732421.9805586,-331933848.80903274,187677.37940000714,9244.619999999999,-4499.7
7070.0,-507581.58298516547,5966.020000000001,3881.0,171585.87026727368,-679167.4532524392,2410385436.6583467,-1666413003.036809,850753.3235197129,38318.54,-32352.52
7075.0,-3694306.3247119267,83530.76999999999,21750.0,1663226.7943788737,-5357533.1190908,13536974942.045284,-14292364915.365614,7020759.913469674,422537.16000000003,-339006.39
7080.0,-483008.34312432475,26578.949999999997,2998.0,290334.5827824798,-773342.9259068045,3925608010.1511793,-1880682476.7099328,1063677.5086892843,58047.75,-31468.800000000003
7085.0,-148017.67168111147,3947.6200000000013,931.0,44160.932543571,-192178.60422468247,1110113418.4997785,-427631307.0762723,236339.53676825349,10662.53,-6714.909999999999
7090.0,-814883.636411231,-22508.810000000005,2867.0,100784.36539247661,-915668.0018037077,3726210824.129399,-1858740989.5894861,1016452.3671961842,18871.26,-41380.07
7095.0,-1015870.543971022,-6114.350000000001,3437.0,55616.377423862155,-1071486.9213948841,9972908414.842333,-1801683382.3497438,1127103.2988187463,12404.810000000001,-18519.16
7100.0,-18477089.831006195,663159.0299999999,105911.0,9404202.854979025,-27881292.68598522,94034935490.216,-69599018851.55199,37285495.540964246,2181668.1399999997,-1518509.11
7105.0,-117500.40998584247,8773.06,972.0,85027.56496372803,-202527.9749495705,1092844670.9093127,-481995017.1611939,287555.53991329856,16278.869999999999,-7505.8099999999995
7110.0,-783049.3518473402,-10803.880000000001,2802.0,145029.8705753001,-928079.2224226403,3069862947.374054,-1908429691.5474818,1073109.0929979405,32350.5,-43154.380000000005
7115.0,-478670.90691351023,2627.689999999998,2058.0,119708.06042903193,-598378.9673425421,2999559203.536167,-1150872666.5157864,718087.0277715741,19881.75,-17254.06
7120.0,-838509.8654441054,23817.879999999997,4503.0,404496.6468135944,-1243006.5122576999,4359773838.645498,-2860834879.760049,1647503.1590712941,82592.8,-58774.92
7125.0,-6166920.767268065,-33814.160000000025,33831.0,2595876.416327245,-8762797.18359531,15087616510.645243,-21321313840.753796,11358673.599922556,603595.09,-637409.25
7130.0,-589348.3834324111,26337.81,3488.0,331780.4367026431,-921128.8201350542,4898034303.550296,-1961458903.4374955,1252909.2568376975,60318.39,-33980.58
7135.0,-487647.86013784865,-7796.3099999999995,1537.0,60368.266040831986,-548016.1261786806,2019179680.9942648,-987416169.6292584,608384.3922195126,11923.73,-19720.04
7140.0,-907465.626931958,-9250.370000000003,3694.0,282460.0860864303,-1189925.7130183883,4151566822.1086326,-2376351817.042878,1472385.7991048186,48265.92,-57516.29
7145.0,-283454.58430450596,5191.720000000002,3334.0,148467.9103327634,-431922.49463726935,1746399938.049155,-889093792.6968935,580390.4049700327,22988.75,-17797.03
7150.0,-10886994.778323038,304461.5600000003,71927.0,6323450.631658348,-17210445.409981385,35923381492.70633,-40488905855.08104,23533896.041639734,1397676.56,-1093215.0
7155.0,-181154.38416254913,3988.869999999999,991.0,56311.35901463661,-237465.74317718574,2472201935.232712,-437212489.63978505,293777.10219182237,11727.359999999999,-7738.49
7160.0,-717377.9718862817,2226.6799999999967,2993.0,288755.1015215035,-1006133.0734077853,4211552459.4552164,-1919073060.9951224,1294888.1749292887,44094.78,-41868.1
7165.0,-317783.5514975057,2022.3899999999985,1488.0,74829.29701986111,-392612.8485173668,1635646941.4574752,-705835884.1098771,467442.1455372279,17717.87,-15695.48
7170.0,-2398418.9711642303,-27743.280000000002,5480.0,157179.3107256504,-2555598.2818898805,17782787884.486122,-3793891840.467924,2712777.5926155313,27246.83,-54990.11
7175.0,-6198097.908081137,-24640.919999999955,37857.0,2900024.444841734,-9098122.35292287,20368718016.446167,-19240755621.659107,11998146.797764605,592142.7000000001,-616783.62
7180.0,-2230660.122009864,-20045.789999999997,8240.0,373213.7105989909,-2603873.832608855,12411509215.63158,-3971517841.146836,2977087.5432078457,52670.71,-72716.5
7185.0,-529535.2059943312,-3427.8900000000012,1393.0,73737.47012601826,-603272.6761203494,3261155059.198357,-926381264.842972,677010.1462463677,13156.189999999999,-16584.079999999998
7190.0,-1785208.1182053688,-18694.059999999998,4438.0,258682.76613335812,-2043890.884338727,9176110035.356823,-3099914114.7989907,2302573.650472085,42311.57,-61005.63
7195.0,-745511.8189447052,-15185.17,1730.0,53186.722750383014,-798698.5416950881,3712386209.0813446,-1140612884.6954942,851885.2644454712,8585.939999999999,-23771.11
7200.0,-25153524.729694664,948198.3500000003,156687.0,17127891.085019883,-42281415.81471455,74354907881.78192,-88770340707.13437,59409306.89973444,3585286.48,-2637088.13
7205.0,-817696.0683857704,-20275.52,2834.0,82988.85140042339,-900684.9197861939,2804808406.830253,-1302575790.28578,983673.7711866172,12762.16,-33037.68
7210.0,-805797.0692520475,77266.12,5351.0,799335.0917543914,-1605132.161006439,6193815989.613969,-3170597320.410422,2404467.2527608303,133436.6,-56170.48
7215.0,-505725.0014529562,-3172.1899999999996,1840.0,83971.83868097715,-589696.8401339334,2624208949.0166554,-807274388.1315354,673668.6788149105,11862.7,-15034.89
7220.0,-2037558.8094337953,-36269.810000000005,3934.0,209779.28727480004,-2247338.0967085953,7579864142.928546,-2940181540.998776,2457117.3839833955,30408.06,-66677.87
7225.0,-11766633.177646546,14299.260000000002,31973.0,2535265.88968225,-14301899.067328796,43712966938.86827,-20644213223.152496,16837164.957011044,530587.58,-516288.32
7230.0,-3008760.4622544823,-44731.659999999996,5769.0,365145.4479225491,-3373905.9101770315,12135184695.185299,-4365775890.27377,3739051.3580995807,55458.8,-100190.46
7235.0,-537106.4070341289,-6219.239999999999,1707.0,62499.379358035934,-599605.7863921648,2125643000.8710957,-758271388.1475611,662105.1657502007,9800.07,-16019.31
7240.0,-1906621.6418748302,-1077.4200000000028,4631.0,420901.47437389626,-2327523.116248727,7528727323.068042,-3106361472.986089,2748424.590622623,67304.51,-68381.93000000001
7245.0,-891687.5574152377,3218.9399999999973,1975.0,267760.00757586653,-1159447.5649911042,5538474823.464107,-1433059022.5384164,1427207.5725669707,29158.03,-25939.09
7250.0,-9525108.503775727,686405.05,62640.0,9526091.308905361,-19051199.81268109,47585372204.00941,-33522334021.65515,28577291.12158645,1596628.6800000002,-910223.63
7255.0,-511896.58156519796,18070.08,1636.0,221123.85715270587,-733020.4387179038,3500895411.9742994,-987164159.2359605,954144.2958706097,34614.770000000004,-16544.69
7260.0,-2393740.477835127,-30920.81,5486.0,576408.1793122337,-2970148.657147361,7917907968.31682,-3670115203.233274,3546556.836459595,71156.81,-102077.62
7265.0,-1906688.3793899645,-23338.019999999997,2954.0,262688.0844146011,-2169376.4638045654,7124716506.829873,-2348991854.3343763,2432064.5482191667,29156.190000000002,-52494.21
7270.0,-2547746.0019993833,-11956.0,6368.0,861836.7109135728,-3409582.7129129563,10276648715.078018,-3951587255.780269,4271419.423826529,86946.84,-98902.84
7275.0,-9375354.942060795,-104606.90000000004,35153.0,2932164.559473171,-12307519.501533965,19020414218.35396,-16104264633.966728,15239684.061007136,485816.71,-590423.61
7280.0,-2724898.6454018615,17534.800000000003,12159.0,1181388.391011455,-3906287.0364133166,9968933185.920437,-4702096579.33017,5087675.427424772,142618.35,-125083.54999999999
7285.0,238710.91279727448,82093.44,3389.0,1194529.219242013,-955818.3064447388,5125460788.705432,-1657044613.6747859,2150347.525686752,105413.91999999998,-23320.48
7290.0,-3263798.9529695828,13791.409999999994,7857.0,683637.1934362492,-3947436.146405832,8841315258.76786,-4102250112.476091,4631073.339842081,125965.47,-112174.06
7295.0,-2797242.5509553696,-4521.59,4375.0,462396.18728610256,-3259638.7382414723,12393135444.240273,-2987373945.263651,3722034.9255275745,51911.380000000005,-56432.97
7300.0,-21047113.76230741,733168.2600000001,102118.0,15352602.975764936,-36399716.73807234,62618495545.50584,-47849043663.0782,51752319.71383728,2465522.14,-1732353.88
7305.0,-785450.5866630177,10141.07,1669.0,249298.21695996626,-1034748.803622984,3308950324.6026325,-967949599.0813675,1284047.0205829502,31593.13,-21452.06
7310.0,-2462009.9901042045,92561.9,8607.0,1477985.3950829413,-3939995.3851871463,9882070569.41169,-4239229658.791218,5417980.7802700875,188282.31,-95720.41
7315.0,-1668748.3570401666,21038.499999999996,4632.0,842998.5056379605,-2511746.862678127,6841585698.920776,-2305958197.694406,3354745.3683160874,75707.95,-54669.45
7320.0,-3640016.125506793,7797.860000000006,7273.0,1360557.7673070766,-5000573.89281387,10884271968.983475,-4487935931.96066,6361131.660120946,130995.52,-123197.66
7325.0,-7156117.531199356,364204.3,29698.0,5157217.780658122,-12313335.311857479,19081479642.82745,-13856222981.042551,17470553.092515603,862445.61,-498241.31
7330.0,-3308026.5070406524,-48521.74,7827.0,598193.7254985273,-3906220.23253918,7245293320.838112,-2909794577.3755198,4504413.958037707,49561.47,-98083.20999999999
7335.0,-21136812.30132085,-334971.71,15593.0,368616.6735060266,-21505428.974826876,49199877807.92107,-13125529615.599089,21874045.648332905,32559.9,-367531.61000000004
7340.0,-4888212.1147665335,-48902.819999999985,6573.0,892595.8942078341,-5780808.008974368,10927503143.469168,-3987411783.7337704,6673403.903182201,88955.85,-137858.66999999998
7345.0,-22272085.15806959,-351529.6,14880.0,620078.8417093637,-22892163.999778952,45911381234.15819,-12786481862.087685,23512242.841488317,44816.67,-396346.27
7350.0,-10172033.189707797,587905.0299999999,62144.0,15789320.807358358,-25961353.997066155,31820589255.975006,-26021140597.700554,41750674.80442452,1737772.78,-1149867.75
7355.0,-1433450.315206545,31009.200000000004,4411.0,739521.4282282663,-2172971.7434348115,3554611313.7857957,-1478855142.2534316,2912493.1716630775,78776.27,-47767.07
7360.0,-4199656.11845563,-51653.189999999995,6870.0,1114913.2010010104,-5314569.31945664,8007500514.647524,-3046102249.753423,6429482.52045765,71691.95999999999,-123345.15
7365.0,-897127.4523819893,-7824.460000000002,2150.0,385164.1224124337,-1282291.574794423,1909053070.1645358,-696542059.0904065,1667455.6972068567,20235.42,-28059.88
7370.0,-5679910.096967223,-98224.87,6438.0,1037250.6616042696,-6717160.758571493,7184218010.475272,-3183698821.040286,7754411.420175763,60493.93,-158718.8
7375.0,-8150223.599538927,-101587.55,24257.0,6777515.4042942645,-14927739.003833193,11463688732.052027,-9195206868.70919,21705254.408127457,473005.32,-574592.87
7380.0,-5338864.332311275,-103220.51999999999,8354.0,1939640.7582069612,-7278505.090518237,5464674532.2071085,-3293918654.7090135,9218145.848725198,99921.27,-203141.79
7385.0,-1006859.2150331456,5715.979999999997,3616.0,1072026.184906188,-2078885.3999393336,1801631694.1483974,-907839184.1386878,3150911.5848455215,56633.91,-50917.93
7390.0,-3643084.733451814,-44397.369999999995,6658.0,1597553.1471340954,-5240637.88058591,2441094859.58539,-1971676805.5579417,6838191.027720005,96965.57,-141362.94
7395.0,-2108255.664397352,-42238.0,3642.0,535374.3733957619,-2643630.037793114,958182949.6392155,-775546712.9591652,3179004.411188876,23955.03,-66193.03
7400.0,-28890646.730885904,557424.6,119704.0,31990461.665507756,-60881108.396393664,2512948387.5565143,-30726119354.380417,92871570.06190142,3210972.34,-2653547.74
7405.0,-449370.54505189415,555.0599999999995,2665.0,742505.2883860538,-1191875.8334379478,71888338.27866597,-366415231.364096,1934381.1218240017,35548.42,-34993.36
7410.0,-5272936.473885828,-68049.17,6299.0,1939732.3654754807,-7212668.839361309,110049167.5139741,-1312411386.6733084,9152401.20483679,89067.72,-157116.88999999998
7415.0,-3101905.581673573,-41994.399999999994,2660.0,1148571.8134126002,-4250477.395086173,-642826763.2135255,-516053277.8568665,5399049.208498773,43799.06,-85793.45999999999
7420.0,-3881272.0279748836,-2408.380000000005,7075.0,3175171.6244359827,-7056443.652410867,-2745722081.644472,-973593564.8403736,10231615.276846848,178172.49,-180580.87
7425.0,-7565895.681083288,-146599.16999999995,26884.0,10692008.536751257,-18257904.217834547,-10434114979.169569,-2999301740.7745824,28949912.754585803,649809.18,-796408.35
7430.0,-4075158.3651702176,-182407.39999999994,16165.0,8082834.536250519,-12157992.901420737,-8777133146.602032,-624018439.4778166,20240827.437671255,341873.76,-524281.1599999999
7435.0,-1924088.0093647204,-128563.64,3603.0,1221122.848253066,-3145210.8576177866,-2714280010.010907,121331629.59347583,4366333.705870853,43531.84,-172095.48
7440.0,-3522349.183373992,-202430.27,6952.0,2411483.0768329287,-5933832.260206921,-5828493666.004348,405659133.7921761,8345315.33703985,95418.15000000001,-297848.42
7445.0,-1800318.6092305537,-126543.92000000001,3701.0,1650286.7836706724,-3450605.3929012264,-4859166388.706813,607223949.1940162,5100892.176571898,45396.520000000004,-171940.44
7450.0,-6086874.961261767,359738.26999999996,67035.0,26491091.781229675,-32577966.742491443,-41451508652.78145,1313907031.5714493,59069058.52372112,1935452.97,-1575714.7
7455.0,-2108829.628228661,-138568.09,3976.0,1421053.3000495685,-3529882.928278229,-6283811938.543616,1109683457.5826702,4950936.228327798,47214.02,-185782.11
7460.0,-11317973.618822865,-381269.21,14553.0,3354303.28702119,-14672276.905844057,-17065848507.752974,3283066688.811997,18026580.192865245,234265.2,-615534.41
7465.0,-4231752.10562639,-225828.34000000003,4704.0,1148816.994146754,-5380569.099773144,-9043801716.974783,1974497703.901817,6529386.093919898,39404.619999999995,-265232.96
7470.0,-550881.6413479603,-65708.9,7337.0,4060774.3719381015,-4611656.013286062,-10924684165.726557,2320553891.844904,8672430.385224164,165262.91,-230971.81
7475.0,-9800963.912366617,-427040.95,34409.0,13063894.263268547,-22864858.175635163,-38833714322.57675,8784681734.467276,35928752.43890371,704682.54,-1131723.49
7480.0,-3284910.624309157,-190901.96000000002,6474.0,2203176.965038782,-5488087.589347939,-12108813876.172499,3042985163.628223,7691264.554386721,68627.36,-259529.32
7485.0,-1250524.6215168969,-118332.75,3124.0,1220765.431014345,-2471290.052531242,-6687837039.35173,1680250749.393924,3692055.4835455874,28620.88,-146953.63
7490.0,-5613192.776267986,-287567.48,9534.0,2608153.036811709,-8221345.813079694,-16105887046.48488,4864658727.665433,10829498.849891404,117944.90000000001,-405512.38
7495.0,-539182.1145739561,-467815.14,10900.0,1474437.005286557,-2013619.119860513,-7492106355.766969,1744602916.6380944,3488056.12514707,29859.079999999998,-497674.22000000003
7500.0,-8971281.20613144,27833.540000000095,148940.0,52949849.43112921,-61921130.637260646,-155616940374.74533,39103894320.68983,114870980.06838985,3940839.2800000003,-3913005.74
7505.0,-770124.0289525167,-177934.81,5094.0,1725603.7309656183,-2495727.7599181347,-10309653427.084106,2886803418.46791,4221331.490883753,35836.41,-213771.22
7510.0,-1280293.9474159742,-236634.93999999997,7753.0,3388292.014567732,-4668585.961983706,-17453146814.574,4861743732.231607,8056877.976551438,94909.39,-331544.33
7515.0,-700806.8240133498,-138628.01,3283.0,1149450.929047755,-1850257.753061105,-7535149601.617995,2021563019.7014785,2999708.68210886,25324.39,-163952.4
7520.0,-1486473.2301284033,-282495.86,8875.0,3193284.9051847057,-4679758.1353131095,-15613205395.861265,5130693524.553475,7873043.040497815,110105.88,-392601.74
7525.0,5422034.546846018,-54405.40000000004,23437.0,12453289.924719105,-7031255.377873086,-32162793963.335335,11220783904.048595,19484545.30259219,576121.36,-630526.76
7530.0,772236.1366887144,-265278.62,11130.0,5664830.044122445,-4892593.907433731,-25486681217.188515,7295978686.877011,10557423.951556176,148236.35,-413514.97000000003
7535.0,542134.8907558939,-112943.22,3792.0,2163871.648364816,-1621736.7576089217,-12158941854.589117,3113559236.084252,3785608.405973737,38381.479999999996,-151324.7
7540.0,1703484.5838947678,-193310.88,9289.0,5057667.726824731,-3354183.1429299624,-20027103063.58328,6449429520.870008,8411850.869754693,116480.69,-309791.57
7545.0,405186.52466071356,-109137.61,3238.0,1653650.796992645,-1248464.2723319312,-9424875772.551138,3066817275.9212914,2902115.069324576,27733.67,-136871.28
7550.0,9420952.029019773,-103241.46999999999,49318.0,23040072.47435515,-13619120.445335377,-70948032485.38045,25717745003.241413,36659192.91969053,1113581.43,-1216822.9
7555.0,-2557912.850742171,-262312.33999999997,5451.0,1076726.4702691897,-3634639.3210113607,-10363400592.070023,4328168262.972955,4711365.791280551,17967.579999999998,-280279.92
7560.0,491500.58773856383,-188611.49,8739.0,3989144.1036124667,-3497643.5158739025,-17486920918.191483,7407681034.229921,7486787.619486369,103430.01,-292041.5
7565.0,1090801.115395467,-57757.149999999994,4421.0,1836451.057606244,-745649.9422107771,-7887874099.392113,2240412899.041676,2582100.999817021,55695.73,-113452.87999999999
7570.0,1873614.6815332833,-50501.399999999994,6823.0,3424262.228711596,-1550647.547178313,-14672465293.614428,4884343213.399252,4974909.775889909,81583.44,-132084.84
7575.0,7247608.166082856,112249.78999999998,23125.0,11235856.451007746,-3988248.2849248913,-28584720013.606865,12501449584.996244,15224104.735932639,543233.41,-430983.62
7580.0,5325943.222011952,-25299.240000000005,10276.0,7338731.68314031,-2012788.4611283587,-30965525585.3772,9758142901.591326,9351520.14426867,144555.02,-169854.26
7585.0,720120.6853947494,-37046.090000000004,2644.0,923920.5846595293,-203799.89926477993,-5269257487.014065,1202221100.957732,1127720.4839243093,12820.92,-49867.01
7590.0,3430961.403182769,-5920.709999999996,7623.0,4086446.580055303,-655485.1768725334,-17082889816.470814,5136310993.847344,4741931.756927837,81324.33,-87245.04000000001
7595.0,1105789.750521499,-3748.55,2230.0,1149036.2515954576,-43246.501073958796,-6451137432.277651,1446138315.1576107,1192282.7526694164,13234.56,-16983.11
7600.0,30613592.618955754,332369.88000000006,108518.0,46086137.85788621,-15472545.238930454,-152964823321.71335,56820771857.140564,61558683.09681666,2386682.27,-2054312.3900000001
7605.0,2982987.0745702707,22683.050000000003,5165.0,3063697.822828941,-80710.74825867018,-14996908495.638,3960896244.213916,3144408.5710876114,37834.43,-15151.380000000001
7610.0,2920871.393843731,33484.89,7241.0,3352600.698937829,-431729.30509409803,-11745529684.821281,4387760631.962206,3784330.0040319273,91382.69,-57897.799999999996
7615.0,2034837.0390602031,-13913.610000000006,5386.0,2151400.516517634,-116563.47745743078,-10398570789.08351,2988753753.749278,2267963.9939750647,29212.679999999997,-43126.29
7620.0,2612055.4149802933,25089.65,5458.0,2715269.264254271,-103213.84927397792,-10743750948.727592,3695682326.628954,2818483.1135282493,51568.74,-26479.09
7625.0,6868841.321656632,113627.12,19232.0,8447239.18444424,-1578397.8627876076,-27152700681.368458,11162987896.906124,10025637.047231847,351169.02999999997,-237541.90999999997
7630.0,2119101.6500991043,12181.159999999996,5560.0,2436177.111404991,-317075.4613058863,-10610285917.20709,3774975314.368104,2753252.572710877,45054.43,-32873.270000000004
7635.0,1085974.9003037733,9768.52,3068.0,1097607.4984031525,-11632.598099379073,-7269991187.007285,1693659992.8746636,1109240.0965025316,10960.64,-1192.1200000000001
7640.0,3629565.4057206744,46843.25,8981.0,3811375.6236668173,-181810.2179461431,-17674728646.23091,5888865276.400125,3993185.8416129607,69239.06999999999,-22395.819999999996
7645.0,669458.3447381464,-3378.13,3842.0,824456.8674702757,-154998.52273212935,-4806764034.7613735,1539570543.291454,979455.390202405,10225.29,-13603.420000000002
7650.0,10344816.913633524,262034.55999999994,36743.0,13794651.997057362,-3449835.0834238385,-40024299266.96741,21254784935.708576,17244487.0804812,739214.37,-477179.81
7655.0,921740.2178349374,9658.77,3507.0,935998.8551990273,-14258.637364090051,-5358706600.493994,1560796972.1781733,950257.4925631174,11029.51,-1370.74
7660.0,1832451.7580934784,31857.629999999997,4500.0,2003688.6459653773,-171236.88787189889,-7854416858.374405,3376036751.704401,2174925.533837276,51966.32,-20108.69
7665.0,366737.06066978874,2500.13,1668.0,383820.59168120555,-17083.5310114168,-2672275873.0729294,697182580.5003097,400904.12269262236,4142.53,-1642.4
7670.0,1750837.4406524096,24571.22,4297.0,1808614.7858511934,-57777.34519878379,-8368960880.0567665,3190765319.76801,1866392.1310499771,31427.21,-6855.99
7675.0,6839585.3484719535,334385.84,18885.0,7753725.829819781,-914140.4813478275,-17775875440.693295,11763628670.802376,8667866.311167609,470032.73000000004,-135646.89
7680.0,2505106.564779326,34034.2,5848.0,2544198.7961397134,-39092.23136038765,-12254201929.115076,4670127763.575215,2583291.0275001014,40581.59,-6547.39
7685.0,517774.76865728816,5377.49,2026.0,529834.1673002434,-12059.398642955213,-3711399862.744328,997739261.268922,541893.5659431986,6721.05,-1343.56
7690.0,1762205.597716052,21864.200000000004,4738.0,1875739.3618663806,-113533.76415032842,-8676120750.947342,3730015875.8321185,1989273.1260167088,34699.15,-12834.95
7695.0,121164.68927585983,2337.6,4074.0,126682.1277931508,-5517.438517290973,-701373306.330585,238268391.84746692,132199.56631044176,2945.04,-607.4399999999999
7700.0,21177642.440578423,1127210.6,71347.0,25003092.576315444,-3825450.1357370215,-53079728502.06598,42561603854.64945,28828542.712052464,1700492.27,-573281.67
7705.0,52447.188318555076,-9.44999999999979,1244.0,65860.6230272978,-13413.434708742721,-338673478.59735435,149124562.52437106,79274.05773604052,1514.0900000000001,-1523.54
7710.0,1575125.539212356,36238.42,8889.0,1592776.96995836,-17651.430746003953,-8831593076.549438,3132883045.4963346,1610428.400704364,38594.16,-2355.74
7715.0,728126.6736432952,38276.87,1837.0,749403.7927089779,-21277.119065682746,-987000243.0153844,1264494227.680902,770680.9117746607,40741.06,-2464.1900000000005
7720.0,865758.0331695918,12693.919999999998,3945.0,912165.2491615298,-46407.21599193801,-5429648901.912411,1909245749.8129096,958572.4651534678,19268.059999999998,-6574.14
7725.0,5525754.562379955,221950.37,18917.0,5981885.179634514,-456130.6172545589,-17397300870.82634,11804697499.355522,6438015.796889073,293016.58,-71066.20999999999
7730.0,2422095.5175636793,212604.4,8777.0,2535939.52516155,-113844.00759787037,-6932529996.407573,4079979971.4136653,2649783.53275942,228342.41,-15738.009999999998
7735.0,16246.90582112144,-1439.1,930.0,37515.1376138861,-21268.231792764665,-162159981.86594278,120686377.94094758,58783.36940665077,1168.96,-2608.06
7740.0,1353777.3150553512,40159.56,6844.0,1390891.8548250108,-37114.53976965949,-5350762702.762,2911404298.549518,1428006.3945946703,45578.08,-5418.52
7745.0,68451.5464178225,1929.2099999999998,377.0,71311.77693591865,-2860.230518096149,-196763542.7878058,147836469.9172808,74172.00745401479,2302.0099999999998,-372.8
7750.0,8735111.980348488,417902.24999999994,30659.0,9840101.887889305,-1104989.9075408152,-25343683198.042236,20351485450.033146,10945091.79543012,592915.91,-175013.66
7755.0,47991.99877855911,-176.68999999999983,210.0,61272.01868958896,-13280.019911029849,-221511101.21430647,161064481.33342037,74552.0386006188,1587.9900000000002,-1764.6799999999998
7760.0,748361.7421060192,9162.96,4007.0,787637.7359265608,-39275.993820541764,-5012443797.675515,1903695586.0004156,826913.7297471026,14803.97,-5641.01
7765.0,30904.447803442006,-22.989999999999895,164.0,36402.59387870659,-5498.146075264582,-191517467.24456733,98678488.4810073,41900.73995397117,733.2500000000001,-756.24
7770.0,627255.37598078,15605.14,3057.0,638991.3646530363,-11735.988672256335,-3659140943.825854,1475344908.806453,650727.3533252927,17444.68,-1839.54
7775.0,2733296.58317845,112336.76,11234.0,3134848.8638648563,-401552.2806864066,-9267726746.393692,7243930493.244038,3536401.144551263,178292.88,-65956.12
7780.0,330073.7102745337,9127.15,1950.0,342701.18551703036,-12627.47524249665,-2072365627.7585428,797810973.5099535,355328.660759527,11001.8,-1874.65
7785.0,14306.32960043219,197.95000000000005,40.0,18330.40170746998,-4024.0721070377904,-30074597.228907302,50304969.01794978,22354.47381450777,767.4000000000001,-569.4499999999999
7790.0,276830.1933498794,7650.72,4890.0,287800.84589212475,-10970.652542245358,-1855238083.5390947,676188775.7981144,298771.4984343701,9336.8,-1686.08
7795.0,21575.09262024623,907.86,39.0,21575.09262024623,0.0,-28713971.17868496,49189628.9817314,21575.09262024623,907.86,0.0
7800.0,16197625.138975495,934706.6499999999,82311.0,21252472.891443104,-5054847.752467608,-34841768408.16997,53717332152.97565,26307320.64391071,1719175.88,-784469.23
7805.0,13296.44328039076,633.75,25.0,13296.44328039076,0.0,-15054360.83058979,30520515.341396492,13296.44328039076,633.75,0.0
7810.0,201786.82268142182,7299.09,1122.0,207144.43894899858,-5357.616267576731,-911754277.6572174,503120820.9486506,212502.05521657527,8199.19,-900.1
7815.0,15780.296207028725,738.3,30.0,15780.296207028725,0.0,-18227762.110308327,37446340.42849478,15780.296207028725,738.3,0.0
7820.0,461090.3404916602,28138.3,1263.0,464641.37235472706,-3551.0318630668926,-732821906.9877274,1052350513.0864863,468192.40421779396,28725.809999999998,-587.51
7825.0,3172625.863606747,227892.13999999998,14798.0,3334577.7541849767,-161951.8905782298,-7259397897.781236,7628228868.039213,3496529.644763206,256318.66999999998,-28426.530000000002
7830.0,187663.25827482392,5568.0599999999995,886.0,197329.89641240734,-9666.638137583395,-724203574.5459877,546418968.1302919,206996.53454999073,7166.539999999999,-1598.48
7835.0,6162.430901658535,277.67999999999995,12.0,6162.430901658535,0.0,-7399740.512287817,15588655.868112452,6162.430901658535,277.67999999999995,0.0
7840.0,251107.3206868283,14700.41,732.0,253938.09131189372,-2830.770625065421,-407641849.4375037,619733543.2972171,256768.86193695915,15205.46,-505.05000000000007
7845.0,0.0,0.0,0.0,0.0,0.0,0.0,0.0,0.0,0.0,0.0
7850.0,5210716.187579082,257412.27,23249.0,5873096.6328066755,-662380.4452275932,-14704858346.685127,15791121494.824314,6535477.078034269,376387.23,-118974.96
7855.0,999.812391932457,43.46,2.0,999.812391932457,0.0,-1246168.3080254768,2685906.863593749,999.812391932457,43.46,0.0
7860.0,104133.65256531995,3764.0299999999997,400.0,111077.71316224735,-6944.060596927405,-281687289.23488414,312305144.0293018,118021.77375917476,5031.209999999999,-1267.1799999999998
7865.0,7882.951193336116,336.64,16.0,7882.951193336116,0.0,-10004984.124122256,21792453.1496639,7882.951193336116,336.64,0.0
7870.0,82362.8670009742,2097.08,277.0,86392.97848434164,-4030.1114833674437,-222568622.6970212,260915257.61522716,90423.0899677091,2824.9399999999996,-727.8599999999999
7875.0,2145414.21292178,146709.47,10143.0,2266566.0083372174,-121151.7954154377,-4823093222.319323,5925106355.730971,2387717.803752655,169324.16,-22614.690000000002
7880.0,108286.76521417797,4535.44,355.0,109524.51650992727,-1237.7512957492959,-259077457.7456347,313614495.7968432,110762.26780567656,4763.62,-228.18
7885.0,11463.559798729502,472.79999999999995,24.0,11463.559798729502,0.0,-15070994.026278721,33494659.320604056,11463.559798729502,472.79999999999995,0.0
7890.0,83317.40629424236,4195.45,263.0,85390.14738904434,-2072.741094801983,-166012403.56729686,245382764.42569637,87462.88848384633,4579.35,-383.90000000000003
7895.0,939.8832192305297,38.06,2.0,939.8832192305297,0.0,-1256946.350855613,2822657.667951624,939.8832192305297,38.06,0.0
7900.0,14613833.218353255,1048682.5899999999,52351.0,15600008.66923067,-986175.4508774152,-21250082832.27627,42906135058.16323,16586184.120108085,1236875.94,-188193.35
7905.0,7851.917176928623,312.63,17.0,7851.917176928623,0.0,-10679128.494049722,24189585.71252865,7851.917176928623,312.63,0.0
7910.0,126771.17444799162,3674.93,395.0,130967.17616478851,-4196.001716796895,-297797792.8138596,427621564.03589034,135163.1778815854,4486.03,-811.1
7915.0,1361.3943206117178,53.25,3.0,1361.3943206117178,0.0,-1882352.782814504,4306102.882675843,1361.3943206117178,53.25,0.0
7920.0,53392.498590827985,2338.1299999999997,150.0,54237.756458507836,-845.2578676798503,-98076599.3679034,171773805.76121947,55083.01432618769,2502.95,-164.82000000000002
7925.0,2353353.1151014594,151808.5,11645.0,2428848.952923065,-75495.83782160546,-4321537884.460243,7014181331.238693,2504344.79074467,166796.07,-14987.57
7930.0,128217.60744523026,4400.740000000001,363.0,131197.25470747327,-2979.647262242998,-259997307.91267815,442485862.382972,134176.90196971624,4987.200000000001,-586.46
7935.0,8740.025459141385,330.6,20.0,8740.025459141385,0.0,-12480065.003847538,29034629.371577144,8740.025459141385,330.6,0.0
7940.0,115926.06752257721,5800.57,335.0,118073.40356199678,-2147.3360394195565,-199323033.64946207,383226034.63714683,120220.73960141634,6232.619999999999,-432.05
7945.0,1285.2311219866497,47.85,3.0,1285.2311219866497,0.0,-1864265.6827638266,4370839.787274241,1285.2311219866497,47.85,0.0
7950.0,4412890.03544619,340362.72,17053.0,4682590.35912324,-269700.32367704995,-5770961707.349076,13949644788.244583,4952290.68280029,396511.23,-56148.51
7955.0,5876.138313844612,215.32,14.0,5876.138313844612,0.0,-8656195.78788975,20448277.869656768,5876.138313844612,215.32,0.0
7960.0,87029.47323714368,4084.4300000000003,259.0,89708.50739115353,-2679.0341540098416,-143059012.2985885,306268451.00537413,92387.54154516337,4637.93,-553.5
7965.0,410.95277408896226,14.81,1.0,410.95277408896226,0.0,-614646.131357845,1462672.686048986,410.95277408896226,14.81,0.0
7970.0,63668.72885344611,3671.29,174.0,63668.72885344611,0.0,-83456033.61010653,208877693.81793594,63668.72885344611,3671.29,0.0
7975.0,1327832.9033724307,81424.31,5370.0,1399508.9236046106,-71676.02023217992,-2036391610.2923644,4561695114.383065,1471184.9438367905,96681.59000000001,-15257.28
7980.0,2811442.349770186,280358.82,8437.0,2811442.349770186,0.0,-2031474870.2921498,7854600253.939184,2811442.349770186,280358.82,0.0
7985.0,67691.23964358312,6755.22,203.0,67691.23964358312,0.0,-48047144.66117395,190821245.25316978,67691.23964358312,6755.22,0.0
7990.0,3085714.1055941717,305050.65,9263.0,3085714.1055941717,0.0,-2217435588.3681183,8816979649.083483,3085714.1055941717,305050.65,0.0
7995.0,44050.23112986752,3792.7800000000007,129.0,44050.23112986752,0.0,-38917825.95758569,135031726.8036959,44050.23112986752,3792.7800000000007,0.0
8000.0,34759434.26329699,2689817.17,122933.0,36666488.40827578,-1907054.1449787896,-37972346740.84326,119904777867.43036,38573542.553254575,3114256.1500000004,-424438.98
8005.0,34184.75287378946,3129.9800000000005,102.0,34184.75287378946,0.0,-27617336.044901196,104016950.4829614,34184.75287378946,3129.9800000000005,0.0
8010.0,3746097.8118989305,363843.14,11361.0,3746097.8118989305,0.0,-2759780950.1930375,11194291205.229527,3746097.8118989305,363843.14,0.0
8015.0,5311.013950386078,494.92,16.0,5311.013950386078,0.0,-4151642.6320870123,16317041.43505332,5311.013950386078,494.92,0.0
8020.0,3410681.735727411,328107.44,10386.0,3410681.735727411,0.0,-2537120314.864575,10419382371.862265,3410681.735727411,328107.44,0.0
8025.0,928591.5559813346,83218.5,3883.0,928591.5559813346,0.0,-910827998.483284,2920812278.841424,928591.5559813346,83218.5,0.0
8030.0,3996313.372048152,377803.41000000003,12137.0,3996313.372048152,0.0,-2988655083.7336516,12505777991.948114,3996313.372048152,377803.41000000003,0.0
8035.0,18744.595452110938,1702.55,57.0,18744.595452110938,0.0,-15098181.78422501,60271694.34498512,18744.595452110938,1702.55,0.0
8040.0,14715801.978812862,1396291.23,45084.0,14715801.978812862,0.0,-10974859219.625994,46780872714.66538,14715801.978812862,1396291.23,0.0
8045.0,24886.83682669527,2202.5299999999997,76.0,24886.83682669527,0.0,-20769818.50424676,82283237.23804422,24886.83682669527,2202.5299999999997,0.0
8050.0,12648812.082208578,1134316.0999999999,41163.0,12648812.082208578,0.0,-11065732744.294483,41797208540.31629,12648812.082208578,1134316.0999999999,0.0
8055.0,36826.202723548085,3033.01,113.0,36826.202723548085,0.0,-34014030.46947461,127361397.41946644,36826.202723548085,3033.01,0.0
8060.0,4833532.809184785,447200.87,14936.0,4833532.809184785,0.0,-3711933320.5631022,16058242615.43393,4833532.809184785,447200.87,0.0
8065.0,23262.875561756362,1835.6800000000003,72.0,23262.875561756362,0.0,-22670392.005765617,83054366.18388979,23262.875561756362,1835.6800000000003,0.0
8070.0,9323805.595631735,856631.4500000001,28908.0,9323805.595631735,0.0,-7181505388.24429,31571991732.006042,9323805.595631735,856631.4500000001,0.0
8075.0,571868.2014928807,38861.420000000006,2363.0,571868.2014928807,0.0,-775356406.6697862,2127955405.9093487,571868.2014928807,38861.420000000006,0.0
8080.0,4205903.089521555,380112.97,13142.0,4205903.089521555,0.0,-3325398951.0528646,14570070279.107769,4205903.089521555,380112.97,0.0
8085.0,5993.821905199491,432.59000000000003,19.0,5993.821905199491,0.0,-6469930.158715658,22765334.483083043,5993.821905199491,432.59000000000003,0.0
8090.0,5738342.569984438,513812.75999999995,18015.0,5738342.569984438,0.0,-4573912680.405865,20263746918.367985,5738342.569984438,513812.75999999995,0.0
8095.0,29500.69609721258,2272.2899999999995,94.0,29500.69609721258,0.0,-29442397.55891062,111314961.84583682,29500.69609721258,2272.2899999999995,0.0
8100.0,19091494.272352062,1584242.0399999998,64255.0,19091672.209137723,-177.9367856600052,-18408612563.71727,70178970642.97548,19091850.145923384,1584338.63,-96.59
8105.0,9842.61152285248,872.65,31.0,9842.61152285248,0.0,-7838013.113021664,35689964.653335735,9842.61152285248,872.65,0.0
8110.0,5068246.840333401,446728.28,16001.0,5068246.840333401,0.0,-4057451065.783774,18558947500.857998,5068246.840333401,446728.28,0.0
8115.0,9619.854817272384,354.14000000000004,34.0,9619.854817272384,0.0,-16318395.924260061,44281815.64377928,9619.854817272384,354.14000000000004,0.0
8120.0,7493107.727781448,653794.6699999999,23783.0,7493107.727781448,0.0,-6061083033.632439,27958159214.833256,7493107.727781448,653794.6699999999,0.0
8125.0,1271531.8467608993,85739.3,4742.0,1271531.8467608993,0.0,-1382888303.8816948,5157396473.461861,1271531.8467608993,85739.3,0.0
8130.0,8913314.07018755,770385.13,28459.0,8913314.07018755,0.0,-7284897590.514954,33858157061.039608,8913314.07018755,770385.13,0.0
8135.0,6618.138088975533,493.77,22.0,6618.138088975533,0.0,-6817372.380150002,26756071.749316584,6618.138088975533,493.77,0.0
8140.0,6343906.465102567,542266.69,20363.0,6343906.465102567,0.0,-5237644727.088653,24555290793.595955,6343906.465102567,542266.69,0.0
8145.0,11691.832140709233,327.98,46.0,11691.832140709233,0.0,-22186784.47313218,58085093.93865467,11691.832140709233,327.98,0.0
8150.0,14913114.91062332,1238814.0300000003,48483.0,14913114.91062332,0.0,-12832332752.90974,59108637954.3625,14913114.91062332,1238814.0300000003,0.0
8155.0,2460.4231296250755,68.1,10.0,2460.4231296250755,0.0,-4723274.990712044,12419675.713929186,2460.4231296250755,68.1,0.0
8160.0,13840825.421796761,1159584.4,44980.0,13840825.421796761,0.0,-11658843699.302195,55483312809.336205,13840825.421796761,1159584.4,0.0
8165.0,1192.4463274841203,32.65,5.0,1192.4463274841203,0.0,-2315532.7526582205,6105196.332020283,1192.4463274841203,32.65,0.0
8170.0,6848370.012018617,567962.5599999999,22396.0,6848370.012018617,0.0,-5825764726.037606,27935374669.370003,6848370.012018617,567962.5599999999,0.0
8175.0,1083711.2988454902,58554.07,3737.0,1083711.2988454902,0.0,-1374512727.6585803,5006114345.88895,1083711.2988454902,58554.07,0.0
8180.0,17590468.05187189,1444580.05,57899.0,17590468.05187189,0.0,-15110133683.35836,72996998250.60248,17590468.05187189,1444580.05,0.0
8190.0,12890539.125977907,1049246.5700000003,42753.0,12890539.125977907,0.0,-11191351003.91445,54351298974.5644,12890539.125977907,1049246.5700000003,0.0
8200.0,18434264.391371842,1222211.09,86923.0,18434264.391371842,0.0,-27085244501.9765,83065774611.3463,18434264.391371842,1222211.09,0.0
8210.0,33507.781358955275,2664.2400000000002,113.0,33507.781358955275,0.0,-29859519.956612904,146158529.62623075,33507.781358955275,2664.2400000000002,0.0
8220.0,32080.079594930536,2525.84,109.0,32080.079594930536,0.0,-28857385.425130308,142224378.83910343,32080.079594930536,2525.84,0.0
8225.0,387167.79710960784,26102.21,1411.0,387167.79710960784,0.0,-426538126.44345725,1804644249.380053,387167.79710960784,26102.21,0.0
8230.0,17864.521243004405,1368.22,62.0,17864.521243004405,0.0,-16771127.532521302,80991303.92523001,17864.521243004405,1368.22,0.0
8240.0,41570.78829620626,3224.6499999999996,143.0,41570.78829620626,0.0,-37781807.75750104,189864818.545126,41570.78829620626,3224.6499999999996,0.0
8250.0,2188816.025284325,148132.05000000002,8028.0,2188816.025284325,0.0,-2366078479.8543677,10521400911.2458,2188816.025284325,148132.05000000002,0.0
8260.0,14480.658524279315,1049.05,53.0,14480.658524279315,0.0,-14673880.574151075,69288571.68477206,14480.658524279315,1049.05,0.0
8270.0,19571.820739728908,1475.91,69.0,19571.820739728908,0.0,-18273051.978885703,93515600.46229455,19571.820739728908,1475.91,0.0
8275.0,922739.637677492,58746.08,3415.0,922739.637677492,0.0,-1016160005.0659158,4639556585.006882,922739.637677492,58746.08,0.0
8280.0,33505.587716619164,2488.2400000000002,120.0,33505.587716619164,0.0,-31963297.44662915,162778347.66743106,33505.587716619164,2488.2400000000002,0.0
8290.0,46854.55312734024,3065.52,191.0,46854.55312734024,0.0,-54786410.68639006,239292745.76631165,46854.55312734024,3065.52,0.0
8300.0,7630825.509727063,405192.83999999997,46941.0,7630825.509727063,0.0,-13316481916.688179,40624983848.3551,7630825.509727063,405192.83999999997,0.0
8310.0,9013.083591833167,214.52,62.0,9013.083591833167,0.0,-20368138.90779895,55396709.884210214,9013.083591833167,214.52,0.0
8320.0,139.77898487852696,3.3000000000000003,1.0,139.77898487852696,0.0,-318907.8454797536,869660.659424735,139.77898487852696,3.3000000000000003,0.0
8325.0,586999.5468370818,40576.28,2224.0,586999.5468370818,0.0,-605155256.6958818,3066027075.9865346,586999.5468370818,40576.28,0.0
8330.0,0.0,0.0,0.0,0.0,0.0,0.0,0.0,0.0,0.0,0.0
8340.0,3662.37354855963,85.39999999999999,28.0,3662.37354855963,0.0,-8515407.354178386,23213964.28626134,3662.37354855963,85.39999999999999,0.0
8350.0,1466689.8479293804,72405.87,10127.0,1466689.8479293804,0.0,-2704560461.885315,8330381552.505978,1466689.8479293804,72405.87,0.0
8360.0,0.0,0.0,0.0,0.0,0.0,0.0,0.0,0.0,0.0,0.0
8370.0,4726.831050665643,108.4,40.0,4726.831050665643,0.0,-11298433.439435398,30789961.350191414,4726.831050665643,108.4,0.0
8375.0,198762.90655261482,6757.33,2522.0,198762.90655261482,0.0,-581906154.4554423,1173621320.855497,198762.90655261482,6757.33,0.0
8380.0,341.6587882787043,7.8,3.0,341.6587882787043,0.0,-824042.275077567,2247568.8377762605,341.6587882787043,7.8,0.0
8390.0,4169.681237209216,94.24,38.0,4169.681237209216,0.0,-10146798.516329126,27698151.707972582,4169.681237209216,94.24,0.0
8400.0,8764205.19802593,422334.66,69152.0,8764205.19802593,0.0,-16731410860.212906,52209544112.92534,8764205.19802593,422334.66,0.0
8410.0,510.0891359998434,11.4,5.0,510.0891359998434,0.0,-1263291.5729389584,3451139.05152557,510.0891359998434,11.4,0.0
8420.0,0.0,0.0,0.0,0.0,0.0,0.0,0.0,0.0,0.0,0.0
8425.0,255950.9632596874,18095.68,1049.0,255950.9632596874,0.0,-260960250.4190113,1462845463.4989219,255950.9632596874,18095.68,0.0
8430.0,1999.801719280751,44.31,21.0,1999.801719280751,0.0,-5038979.332172665,13753510.793773351,1999.801719280751,44.31,0.0
8440.0,92.32831463428334,2.04,1.0,92.32831463428334,0.0,-234637.36945115076,639372.2667912175,92.32831463428334,2.04,0.0
8450.0,979588.5310935191,49518.87000000001,7634.0,979588.5310935191,0.0,-1736102681.513548,6082288071.631226,979588.5310935191,49518.87000000001,0.0
8460.0,0.0,0.0,0.0,0.0,0.0,0.0,0.0,0.0,0.0,0.0
8470.0,2109.4921280054295,46.5,25.0,2109.4921280054295,0.0,-5497397.420506137,14893286.004168807,2109.4921280054295,46.5,0.0
8475.0,56421.109817768986,2588.2400000000002,317.0,56421.109817768986,0.0,-84068897.48067603,372382778.90037334,56421.109817768986,2588.2400000000002,0.0
8480.0,0.0,0.0,0.0,0.0,0.0,0.0,0.0,0.0,0.0,0.0
8490.0,236.82710679358647,5.16,3.0,236.82710679358647,0.0,-627332.9287423507,1696280.5562026617,236.82710679358647,5.16,0.0
8500.0,5925923.631503052,298671.59,50661.0,5925923.631503052,0.0,-10764490200.957172,38316254816.30193,5925923.631503052,298671.59,0.0
8510.0,73.84717745879475,1.6,1.0,73.84717745879475,0.0,-198773.38908060317,536402.2697307518,73.84717745879475,1.6,0.0
8520.0,6624.70503586909,143.52,92.0,6624.70503586909,0.0,-17974033.631759122,48344562.57477338,6624.70503586909,143.52,0.0
8525.0,55744.43708714296,3229.2400000000002,280.0,55744.43708714296,0.0,-68464752.29173934,369698068.3185947,55744.43708714296,3229.2400000000002,0.0
8530.0,0.0,0.0,0.0,0.0,0.0,0.0,0.0,0.0,0.0,0.0
8540.0,812.9398593138832,17.64,12.0,812.9398593138832,0.0,-2240390.152098491,6004328.265296344,812.9398593138832,17.64,0.0
8550.0,871013.3238679633,48075.73,4427.0,871013.3238679633,0.0,-1083942306.5458534,5971039589.321193,871013.3238679633,48075.73,0.0
8575.0,76650.28644500308,3816.0499999999997,446.0,76650.28644500308,0.0,-106409751.44183588,545791326.244683,76650.28644500308,3816.0499999999997,0.0
8600.0,5680069.48067451,270171.94,58348.0,5680069.48067451,0.0,-10980665855.713549,40167867543.00156,5680069.48067451,270171.94,0.0
8650.0,554244.469589625,32707.79,3094.0,554244.469589625,0.0,-674049649.2379196,4067305902.510319,554244.469589625,32707.79,0.0
8700.0,2029962.1894137706,97648.35,15796.0,2029962.1894137706,0.0,-3075600484.16947,15927463539.141636,2029962.1894137706,97648.35,0.0
8800.0,4072004.7050830172,184999.36,43423.0,4072004.7050830172,0.0,-6942450788.245181,34279469530.303925,4072004.7050830172,184999.36,0.0
8900.0,1352929.8131342442,49948.149999999994,34834.0,1352929.8131342442,0.0,-3791424966.502975,11586558494.056732,1352929.8131342442,49948.149999999994,0.0
9000.0,4391400.442167312,188978.71000000002,51003.0,4391400.442167312,0.0,-7168544334.5385275,42669104680.109665,4391400.442167312,188978.71000000002,0.0
9100.0,387408.1933149569,16114.129999999997,5325.0,387408.1933149569,0.0,-653711607.0600586,3989583309.545798,387408.1933149569,16114.129999999997,0.0
9200.0,2003909.7516463625,80591.37,33632.0,2003909.7516463625,0.0,-3556223369.449446,21703300617.463757,2003909.7516463625,80591.37,0.0
9300.0,13755.073790652445,548.87,274.0,13755.073790652445,0.0,-25303280.039727338,154902805.15879497,13755.073790652445,548.87,0.0
9400.0,351179.10041723144,13794.370000000003,8332.0,351179.10041723144,0.0,-673451731.8883352,4120829589.807537,351179.10041723144,13794.370000000003,0.0
9600.0,180039.59440510903,6880.740000000001,6004.0,180039.59440510903,0.0,-375791401.76985544,2245284371.311538,180039.59440510903,6880.740000000001,0.0
9800.0,55899.475968313054,2103.87,2748.0,55899.475968313054,0.0,-140314772.43161944,727547383.3091903,55899.475968313054,2103.87,0.0
10000.0,621003.592124215,23456.410000000003,37211.0,621003.592124215,0.0,-1456957377.2356875,8561417081.617637,621003.592124215,23456.410000000003,0.0
10200.0,37224.71457593194,1488.2,2339.0,37224.71457593194,0.0,-83847101.41650389,542380160.253288,37224.71457593194,1488.2,0.0
10400.0,15767.60632438906,642.73,1205.0,15767.60632438906,0.0,-36518392.62621042,239003823.95024797,15767.60632438906,642.73,0.0
10600.0,11304.453459419256,453.04999999999995,1211.0,11304.453459419256,0.0,-29851510.251317576,172140734.73343706,11304.453459419256,453.04999999999995,0.0
10800.0,8145.786015665939,329.23,1063.0,8145.786015665939,0.0,-22105789.056542072,128457443.531272,8145.786015665939,329.23,0.0
11000.0,15213.535373895304,635.55,2212.0,15213.535373895304,0.0,-41745093.90729666,247128567.70369703,15213.535373895304,635.55,0.0
11200.0,2461.1392441720723,104.06,427.0,2461.1392441720723,0.0,-7117750.250197996,40541932.617994346,2461.1392441720723,104.06,0.0
11400.0,9637.848411800409,411.88,2012.0,9637.848411800409,0.0,-28813618.410849474,162649041.00788152,9637.848411800409,411.88,0.0
11600.0,106.39970889430609,4.9399999999999995,19.0,106.39970889430609,0.0,-283249.3822866846,1903840.171440943,106.39970889430609,4.9399999999999995,0.0
11800.0,85.3369272859232,4.079999999999999,17.0,85.3369272859232,0.0,-235471.35614794155,1544113.910676771,85.3369272859232,4.079999999999999,0.0
12000.0,35694.81866895767,1537.8899999999999,16825.0,35694.81866895767,0.0,-133644222.70924345,615555011.4711173,35694.81866895767,1537.8899999999999,0.0
