strike,net_gex,net_dex,total_oi,call_gex,put_gex,charm_exp,vanna_exp,gross_gex,call_dex,put_dex
-1.0,-62400969.15785557,174610905.35000002,13727311.0,7472.79,16564.0,,,,,
600.0,-256.1429239249406,-55.470000000000006,5547.0,0.0,-256.1429239249406,3185938.1520100497,-4667619.759614488,256.1429239249406,0.0,-55.470000000000006
800.0,-2831.322537761356,-509.21999999999997,37753.0,0.0,-2831.322537761356,39495946.55072684,-45768107.42030254,2831.322537761356,0.0,-509.21999999999997
1000.0,-6278.118100477062,-1100.6000000000001,45586.0,0.0,-6278.118100477062,78990503.21226671,-97609585.2906942,6278.118100477062,0.0,-1100.6000000000001
1200.0,-6494.146468275147,-1260.27,27266.0,0.0,-6494.146468275147,72223835.40472871,-98392387.92051311,6494.146468275147,0.0,-1260.27
1400.0,-7967.758597436422,-1385.71,20789.0,0.0,-7967.758597436422,78103276.4976792,-118311238.11523104,7967.758597436422,0.0,-1385.71
1600.0,-10729.541169210805,-1807.4100000000003,20219.0,0.0,-10729.541169210805,102905761.89742868,-151888002.3147785,10729.541169210805,0.0,-1807.4100000000003
1800.0,-12970.573046782341,-2133.31,18096.0,0.0,-12970.573046782341,120094343.76222259,-177478053.43135634,12970.573046782341,0.0,-2133.31
2000.0,-54277.19733257969,-8605.87,68602.0,0.0,-54277.19733257969,531995226.1475321,-708879247.7373412,54277.19733257969,0.0,-8605.87
2200.0,-78806.67448366758,-12137.64,70890.0,0.0,-78806.67448366758,692190204.1369932,-1000936563.6986083,78806.67448366758,0.0,-12137.64
2300.0,-2258.4818857984956,-270.24,4504.0,0.0,-2258.4818857984956,38274841.960435204,-23830834.395360883,2258.4818857984956,0.0,-270.24
2400.0,-65649.38902399101,-10124.17,39792.0,0.0,-65649.38902399101,488643956.8103031,-828246397.9196934,65649.38902399101,0.0,-10124.17
2500.0,-89540.57326480324,-12290.369999999999,78189.0,21.599422869108924,-89562.17268767234,883318826.9036665,-1057849930.282052,89583.77211054145,395.28,-12685.649999999998
2600.0,-51937.06020845176,-7007.81,37392.0,0.0,-51937.06020845176,522624791.3713432,-600465866.4074264,51937.06020845176,0.0,-7007.81
2700.0,-144268.84322444737,-20961.74,59869.0,0.0,-144268.84322444737,1020329514.2498338,-1714720691.484087,144268.84322444737,0.0,-20961.74
2800.0,-168852.37825371578,-24564.77,66512.0,0.0,-168852.37825371578,1164113374.5527225,-1994631745.7927108,168852.37825371578,0.0,-24564.77
2900.0,-18793.140985640173,439.89999999999986,9756.0,79.68888174398263,-18872.829867384156,168370726.5898243,-212124090.88310215,18952.518749128136,2990.1,-2550.2
3000.0,-155461.42348053912,1643.8199999999997,64995.0,652.4200441683658,-156113.84352470748,1270503104.6501899,-1750283572.6349726,156766.26356887585,22720.26,-21076.44
3100.0,-22612.93065858013,-2946.4399999999996,10817.0,0.0,-22612.93065858013,207235691.6237195,-244523242.950029,22612.93065858013,0.0,-2946.4399999999996
3200.0,-109954.36721648439,-12669.220000000001,34900.0,74.43809170318475,-110028.80530818757,789906062.9695553,-1211857281.5463512,110103.24339989075,2191.42,-14860.640000000001
3300.0,-169691.76202870352,-23236.129999999997,43077.0,0.0,-169691.76202870352,1036249418.1362667,-1873000159.7531571,169691.76202870352,0.0,-23236.129999999997
3400.0,-116663.92970244476,-12610.33,31228.0,151.998026996234,-116815.927729441,806654517.3204154,-1244725692.807884,116967.92575643722,2676.75,-15287.08
3450.0,-4592.179058754878,-438.61999999999995,1687.0,0.0,-4592.179058754878,51191712.076849565,-42074421.174732484,4592.179058754878,0.0,-438.61999999999995
3500.0,-431001.98545378476,-57104.83,79678.0,0.0,-431001.98545378476,2443271959.881544,-4589336796.682411,431001.98545378476,0.0,-57104.83
3550.0,-2078.60625279297,-199.8,666.0,0.0,-2078.60625279297,22314124.995017674,-18782101.661228534,2078.60625279297,0.0,-199.8
3600.0,-97330.16735424554,-11669.189999999999,25226.0,0.0,-97330.16735424554,757548786.3504946,-970564352.9065117,97330.16735424554,0.0,-11669.189999999999
3650.0,-3291.4452514855016,-275.14000000000004,2717.0,0.0,-3291.4452514855016,56618635.28659719,-27279140.61923624,3291.4452514855016,0.0,-275.14000000000004
3700.0,-80751.37393447937,-9920.92,15774.0,5.056199074938061,-80756.43013355431,522446767.2806194,-816410836.7274952,80761.48633262925,99.48,-10020.4
3750.0,-7051.1309709588295,-596.28,3716.0,0.0,-7051.1309709588295,100039211.79901536,-58812340.56252625,7051.1309709588295,0.0,-596.28
3800.0,-234170.75668598444,-28509.629999999997,40697.0,0.0,-234170.75668598444,1473317964.9453871,-2319194184.769944,234170.75668598444,0.0,-28509.629999999997
3850.0,-32340.297916362382,-1901.1,5893.0,370.4538843413044,-32710.75180070369,206626533.1400294,-327537006.6143588,33081.205685044995,2129.88,-4030.9800000000005
3900.0,-136190.40643263725,-14641.699999999999,29096.0,0.0,-136190.40643263725,1141206218.1699936,-1257529799.789588,136190.40643263725,0.0,-14641.699999999999
3950.0,-33513.28366345899,-4215.57,5460.0,0.0,-33513.28366345899,197604908.8075036,-332484965.70163083,33513.28366345899,0.0,-4215.57
3975.0,-1808.61022415661,-163.66,334.0,0.0,-1808.61022415661,16462203.418916889,-15409111.698821086,1808.61022415661,0.0,-163.66
4000.0,-756196.677592712,6531461.890000001,190483.0,354542.6669619272,-1110739.3445546392,7821100704.516779,-15229609543.323551,1465282.0115165664,6668468.2700000005,-137006.38
4025.0,-3016.7124321927276,-275.08,529.0,0.0,-3016.7124321927276,26920232.008726265,-25584071.545320507,3016.7124321927276,0.0,-275.08
4050.0,-63150.962823097914,-7687.530000000001,7533.0,0.0,-63150.962823097914,332237163.18090135,-611441146.0061735,63150.962823097914,0.0,-7687.530000000001
4075.0,-2488.2583321472953,-224.39999999999998,408.0,0.0,-2488.2583321472953,21757572.380085353,-20930721.544552904,2488.2583321472953,0.0,-224.39999999999998
4100.0,-149215.12258953718,65026.59000000001,18507.0,1358.3583116320929,-150573.48090116927,807832417.8213022,-1473637239.536558,151931.83921280137,83415.72,-18389.13
4125.0,-20176.23793900957,-2435.0,1790.0,0.0,-20176.23793900957,91498648.1422194,-193592481.8450455,20176.23793900957,0.0,-2435.0
4150.0,-68382.87146807487,17112.410000000003,9115.0,839.9970532360444,-69222.86852131091,391971824.96490467,-680165806.1181266,70062.86557454696,25738.08,-8625.67
4175.0,-9093.876206258457,-1010.65,920.0,0.0,-9093.876206258457,50409737.89009771,-83480130.1427913,9093.876206258457,0.0,-1010.65
4200.0,-238854.49669156387,143327.71000000002,33493.0,7638.736172088603,-246493.23286365246,1601928491.687029,-2357911598.0464187,254131.96903574106,171099.11000000002,-27771.4
4225.0,-6922.9220512665615,-321.5299999999999,1482.0,20.5204389521849,-6943.4424902187475,63397857.31701329,-60746144.678912774,6963.962929170932,398.32,-719.8499999999999
4250.0,-87280.4177424587,-2663.6999999999994,10889.0,851.0553681918544,-88131.47311065055,547545197.4103471,-818603642.1062986,88982.5284788424,7403.650000000001,-10067.35
4275.0,-13974.57950992402,9700.210000000001,1933.0,706.2684237556912,-14680.847933679714,94793063.73166412,-141574767.0300391,15387.116357435403,11340.720000000001,-1640.51
4300.0,-203894.1645434774,152874.81,21227.0,12400.958528646113,-216295.1230721235,1141747412.8840835,-2143930575.7349877,228696.08160076963,177933.37,-25058.56
4325.0,-13028.499497718702,-1193.54,1693.0,14.854293259127058,-13043.353790977828,89534243.61837535,-114714130.95348293,13058.208084236954,198.70000000000002,-1392.2399999999998
4350.0,-74508.3742555386,-6321.76,6834.0,197.9003693824585,-74706.27462492106,366281953.6486463,-694821844.3019469,74904.17499430352,2582.7000000000003,-8904.46
4375.0,-17899.152195617997,2367.17,2788.0,358.2782937179581,-18257.430489335955,154409267.27574158,-157019570.62868264,18615.708783053913,4168.08,-1800.91
4400.0,-331275.8009115828,100619.07,34357.0,9280.740134389154,-340556.5410459719,1974141680.408907,-3128222294.6902194,349837.28118036105,138078.9,-37459.83
4425.0,-20847.932466489874,-1416.9199999999998,2528.0,67.29007551993091,-20915.222542009804,151106469.60706568,-177943213.49743986,20982.512617529737,693.91,-2110.83
4450.0,-102610.59180166788,26213.03,13014.0,1053.20594576119,-103663.79774742907,634038344.1404907,-929263793.9250451,104717.00369319026,37732.77,-11519.74
4475.0,-18400.94846906617,9344.759999999998,2628.0,1208.3872597144634,-19609.335728780632,170763871.55276412,-169384689.64406013,20817.722988495098,11089.119999999999,-1744.36
4500.0,-793435.3926767352,239125.52,63504.0,37909.285240291676,-831344.6779170269,3958448073.6733584,-7821930487.83934,869253.9631573186,333206.60000000003,-94081.08
4525.0,-21245.943961026904,-1799.02,2470.0,27.632116560636128,-21273.57607758754,156397632.28236514,-176207818.96168828,21301.208194148177,297.68,-2096.7
4550.0,-79421.31055748153,-7447.64,7069.0,231.8789740976531,-79653.18953157918,420358317.1432626,-715170336.4814645,79885.06850567683,1978.7799999999997,-9426.42
4575.0,-22372.9564383454,-2105.8199999999997,2175.0,13.14906821610913,-22386.10550656151,149681455.4005289,-184594958.06668025,22399.254574777617,98.76,-2204.58
4600.0,-401347.4053213109,196050.72000000003,37218.0,33471.858284683876,-434819.26360599475,2497339367.2487917,-4054870674.1496005,468291.12189067865,242341.03,-46290.31
4625.0,-45666.424391870336,-1889.7800000000002,4278.0,325.0112442943309,-45991.435636164664,288694088.85899395,-390297717.4311408,46316.44688045899,2969.7999999999997,-4859.58
4650.0,-108295.31746020947,5259.1500000000015,8915.0,2354.971451312432,-110650.2889115219,648783282.6543075,-941524769.5786607,113005.26036283433,16478.520000000004,-11219.369999999999
4675.0,-48723.18449853233,1555.9500000000005,3540.0,916.7086346773247,-49639.893133209654,262554315.15772256,-426676900.4740816,50556.60176788698,6816.7,-5260.75
4700.0,-463144.6342165034,187506.20999999996,30951.0,40443.84136771712,-503588.47558422055,2238891894.7616963,-4746793303.947539,544032.3169519377,243716.77999999997,-56210.57
4725.0,-41049.699477442395,4796.33,3249.0,1568.8584686231968,-42618.557946065586,250695493.5955909,-365370560.4670992,44187.416414688785,9148.59,-4352.26
4750.0,-246469.51078393275,-18412.17,18259.0,844.867262721603,-247314.37804665434,1518238272.4179738,-1962766338.0229185,248159.24530937595,4718.42,-23130.589999999997
4775.0,-78210.54309265202,-5432.27,6262.0,457.7324723992731,-78668.2755650513,507388442.19905955,-628241135.3783762,79126.00803745058,2151.0,-7583.27
4800.0,-658980.9482735405,210054.20999999996,55735.0,48624.345945764726,-707605.2942193053,4475390433.027684,-6124015359.748616,756229.64016507,279330.62,-69276.41
4825.0,-51700.33662774322,-5304.04,3080.0,23.233395943521707,-51723.57002368675,247069624.98256683,-426827108.71757483,51746.80341963027,198.33999999999997,-5502.38
4850.0,-255701.31217873958,23094.38,16004.0,5363.690919433704,-261065.0030981733,1336372010.1929715,-2161957369.709585,266428.694017607,50033.24,-26938.86
4875.0,-93993.38344934511,-8592.75,7763.0,21.311615833199408,-94014.69506517831,677676694.6831433,-717408403.8941278,94036.00668101151,97.91,-8690.66
4900.0,-494499.35741293814,206183.93000000002,31156.0,58716.01459315718,-553215.3720060952,2525739713.057392,-5097655762.573987,611931.3865992525,266070.44,-59886.51
4925.0,-87570.58166854377,-7125.78,5100.0,413.6823519341121,-87984.26402047789,452897550.2139842,-701268922.9138602,88397.946372412,1757.04,-8882.82
4950.0,-127101.38269934566,-4576.05,7529.0,1906.133033883843,-129007.5157332295,688885986.0110428,-1022446063.9171321,130913.64876711335,8010.78,-12586.83
4975.0,-112405.72359688382,-6437.93,8886.0,966.5652873696315,-113372.28888425346,826358505.7719439,-857744093.1987661,114338.85417162308,4105.37,-10543.300000000001
5000.0,-2014347.769192551,18976079.16,491184.0,3928602.355582027,-5942950.124774579,55035363503.01298,-78411268084.3283,9871552.480356606,19586939.75,-610860.59
5005.0,-59.50718884053417,97.21,102.0,12.25874284324954,-71.7659316837837,5619286.66390755,-300471.78406568745,84.02467452703324,99.22999999999999,-2.0200000000000005
5010.0,-64.99111929508237,-1.82,91.0,0.0,-64.99111929508237,4344181.946400591,-244388.2716249601,64.99111929508237,0.0,-1.82
5015.0,-6.451431102536425,-0.18000000000000002,9.0,0.0,-6.451431102536425,430169.88033783523,-24258.98564195365,6.451431102536425,0.0,-0.18000000000000002
5020.0,-0.7204687719228302,-0.02,1.0,0.0,-0.7204687719228302,47920.96033745912,-2708.7275263001056,0.7204687719228302,0.0,-0.02
5025.0,-95458.35065517991,-7755.5,4803.0,591.1393136363521,-96049.48996881627,446233537.369847,-762022379.324535,96640.62928245262,2241.83,-9997.33
5030.0,6.863357544667697,99.05,9.0,12.677382034412819,-5.814024489745122,1212460.7202371163,-53338.22928735899,18.49140652415794,99.21,-0.16
5035.0,11.258860511130752,99.16999999999999,3.0,12.719684137129873,-1.460823625999121,924845.220897255,-37079.22159139475,14.180507763128993,99.21,-0.04
5040.0,-2.199119201042521,-0.060000000000000005,3.0,0.0,-2.199119201042521,144827.8863268408,-8265.261921798448,2.199119201042521,0.0,-0.060000000000000005
5045.0,-1.4734117419572301,-0.04,2.0,0.0,-1.4734117419572301,96793.39516116267,-5536.934439319474,1.4734117419572301,0.0,-0.04
5050.0,-326605.4997021934,-13419.43,14314.0,4860.194732482197,-331465.6944346756,1325926867.2078505,-2659714497.3825645,336325.8891671578,21049.51,-34468.94
5055.0,-1.488118684040106,-0.04,2.0,0.0,-1.488118684040106,97272.59292983702,-5590.617788335957,1.488118684040106,0.0,-0.04
5060.0,-1.4933604033776553,-0.04,2.0,0.0,-1.4933604033776553,97371.66500405034,-5610.287526723341,1.4933604033776553,0.0,-0.04
5065.0,-7.5036670096234035,-0.2,10.0,0.0,-7.5036670096234035,488037.2336871803,-28186.06742853269,7.5036670096234035,0.0,-0.2
5070.0,-16.58931589122536,-0.44,22.0,0.0,-16.58931589122536,1076261.0305620627,-62306.10347435632,16.58931589122536,0.0,-0.44
5075.0,-134977.98082797154,-8655.36,6843.0,1004.2612149185977,-135982.24204289014,718358437.258059,-1019231209.908743,136986.50325780874,3702.12,-12357.48
5080.0,-7.603704509609886,-0.2,10.0,0.0,-7.603704509609886,490829.4368712866,-28554.27602657688,7.603704509609886,0.0,-0.2
5085.0,-1.5281502801575069,-0.04,2.0,0.0,-1.5281502801575069,98395.67475231797,-5737.933804533813,1.5281502801575069,0.0,-0.04
5090.0,-1.5355718403768193,-0.04,2.0,0.0,-1.5355718403768193,98624.06931229033,-5765.060961835629,1.5355718403768193,0.0,-0.04
5095.0,-2.3145080001787797,-0.060000000000000005,3.0,0.0,-2.3145080001787797,148276.5780864569,-8688.353870523164,2.3145080001787797,0.0,-0.060000000000000005
5100.0,-1111662.5943372836,221053.04999999996,49141.0,100348.08067773674,-1212010.6750150204,4600505843.119834,-10436852333.560843,1312358.755692757,349758.70999999996,-128705.66000000002
5105.0,-2.333464545322017,-0.060000000000000005,3.0,0.0,-2.333464545322017,148735.2447965604,-8758.552114894313,2.333464545322017,0.0,-0.060000000000000005
5110.0,-17.975595188994593,-0.45999999999999996,23.0,0.0,-17.975595188994593,1142856.6706819553,-67462.4119452447,17.975595188994593,0.0,-0.45999999999999996
5115.0,-1.5705582385581776,-0.04,2.0,0.0,-1.5705582385581776,99599.36195292912,-5893.602926166081,1.5705582385581776,0.0,-0.04
5120.0,-136.49974838298277,-3.46,173.0,0.0,-136.49974838298277,8634289.301012553,-512162.40112492634,136.49974838298277,0.0,-3.46
5125.0,-186461.23870911045,14014.409999999998,8397.0,10017.184047866034,-196478.42275697648,894927194.9268482,-1560014993.997623,206495.6068048425,32499.199999999997,-18484.79
5130.0,-3.9825233125585857,-0.1,5.0,0.0,-3.9825233125585857,250629.4727681042,-14939.44734006702,3.9825233125585857,0.0,-0.1
5135.0,-25.608204434331245,-0.64,32.0,0.0,-25.608204434331245,1607458.460210226,-96052.06123060813,25.608204434331245,0.0,-0.64
5140.0,-137.48619128116786,-3.42,171.0,0.0,-137.48619128116786,8608048.493097084,-515630.7224968325,137.48619128116786,0.0,-3.42
5145.0,-2.4233213797338844,-0.060000000000000005,3.0,0.0,-2.4233213797338844,151335.1455045408,-9087.48389793413,2.4233213797338844,0.0,-0.060000000000000005
5150.0,-384325.3715518015,-16987.52,17556.0,6068.456990208685,-390393.8285420102,1922765584.0120606,-2941766233.557503,396462.28553221887,19398.0,-36385.520000000004
5155.0,-1.6306176177659708,-0.04,2.0,0.0,-1.6306176177659708,101307.5246384339,-6113.543885030587,1.6306176177659708,0.0,-0.04
5160.0,-27.02972380788972,-0.66,33.0,0.0,-27.02972380788972,1674976.7824088866,-101329.95445176237,27.02972380788972,0.0,-0.66
5165.0,-13.165763373081548,-0.32,16.0,0.0,-13.165763373081548,813746.1933147052,-49351.28080505721,13.165763373081548,0.0,-0.32
5170.0,-2.4799249895744486,-0.060000000000000005,3.0,0.0,-2.4799249895744486,152881.6400787755,-9294.967674750222,2.4799249895744486,0.0,-0.060000000000000005
5175.0,-198339.1469566842,-14107.71,8570.0,1047.0042491012464,-199386.15120578546,988469807.2896124,-1448664103.3201003,200433.1554548867,3296.9999999999995,-17404.71
5180.0,-4.171076309503131,-0.1,5.0,0.0,-4.171076309503131,255803.7932733705,-15630.53485145786,4.171076309503131,0.0,-0.1
5185.0,-5.028042462189917,-0.12000000000000001,6.0,0.0,-5.028042462189917,307557.2409469342,-18840.13706774726,5.028042462189917,0.0,-0.12000000000000001
5190.0,-204.55788864483722,-4.86,243.0,0.0,-204.55788864483722,12479854.19919957,-766410.7727125873,204.55788864483722,0.0,-4.86
5195.0,-27.100132022128168,-0.64,32.0,0.0,-27.100132022128168,1649024.500289799,-101511.51389006228,27.100132022128168,0.0,-0.64
5200.0,-1061250.7389576857,217755.17000000004,106574.0,108474.21253892867,-1169724.9514966144,9058111282.185675,-9443066886.615467,1278199.164035543,328031.9,-110276.73
5205.0,-46.1430190584069,-1.08,54.0,0.0,-46.1430190584069,2793087.656694881,-172812.15099374103,46.1430190584069,0.0,-1.08
5210.0,-2663.350678119473,-62.06,3103.0,0.0,-2663.350678119473,160792362.3536007,-9973786.675995514,2663.350678119473,0.0,-62.06
5215.0,0.0,0.0,0.0,0.0,0.0,0.0,0.0,0.0,0.0,0.0
5220.0,-3.469098282052058,-0.08,4.0,0.0,-3.469098282052058,208335.2995838507,-12987.168420701057,3.469098282052058,0.0,-0.08
5225.0,-300975.501220176,-27370.84,9625.0,2017.5758714532685,-302993.07709162927,881224932.2007864,-2397858468.129424,305010.65296308254,6810.069999999999,-34180.91
5230.0,-76.99432525699035,-1.76,88.0,0.0,-76.99432525699035,4599473.829368526,-288196.81144725654,76.99432525699035,0.0,-1.76
5235.0,-3.5150737718545053,-0.08,4.0,0.0,-3.5150737718545053,209426.9020767119,-13156.261315966705,3.5150737718545053,0.0,-0.08
5240.0,-18.56325468474651,-0.42000000000000004,21.0,0.0,-18.56325468474651,1103054.0914459468,-69463.50567972485,18.56325468474651,0.0,-0.42000000000000004
5245.0,0.0,0.0,0.0,0.0,0.0,0.0,0.0,0.0,0.0,0.0
5250.0,-514247.8628095253,-2544.830000000002,18957.0,17540.13668472338,-531787.9994942487,2065401339.5427518,-4107611802.2587256,549328.1361789721,50169.88,-52714.71
5255.0,-2.690675988619246,-0.09,3.0,0.0,-2.690675988619246,158609.6942016958,-10064.906993513561,2.690675988619246,0.0,-0.09
5260.0,-25.220953783471916,-0.84,28.0,0.0,-25.220953783471916,1482751.102088807,-94336.88906899658,25.220953783471916,0.0,-0.84
5265.0,0.0,0.0,0.0,0.0,0.0,0.0,0.0,0.0,0.0,0.0
5270.0,-1.8197651998709843,-0.06,2.0,0.0,-1.8197651998709843,106412.05632166755,-6804.818738248491,1.8197651998709843,0.0,-0.06
5275.0,-388722.99248412804,-41013.13,12346.0,244.8342919837528,-388967.82677611185,1295276647.246542,-2961380890.7255144,389212.6610680956,776.72,-41789.85
5280.0,-31.198927183081157,-1.0199999999999998,34.0,0.0,-31.198927183081157,1814585.5507867823,-116651.46953936921,31.198927183081157,0.0,-1.0199999999999998
5290.0,-75.99818399251116,-2.4599999999999995,82.0,0.0,-75.99818399251116,4396357.180017659,-284080.3725417554,75.99818399251116,0.0,-2.4599999999999995
5300.0,-1057786.5344998036,270159.13999999996,44591.0,149489.42424250062,-1207275.9587423042,5052146402.246582,-10065131089.239899,1356765.382984805,388410.23999999993,-118251.1
5310.0,-4.726504202703973,-0.15,5.0,0.0,-4.726504202703973,270463.15903951897,-17658.838256707877,4.726504202703973,0.0,-0.15
5320.0,-34.36562200779406,-1.0799999999999998,36.0,0.0,-34.36562200779406,1955773.0087776955,-128363.91707314686,34.36562200779406,0.0,-1.0799999999999998
5325.0,-246779.29002536464,-22422.1,9331.0,362.27642962306356,-247141.5664549877,1135497265.0094786,-1788324902.2833695,247503.84288461076,1876.3700000000001,-24298.469999999998
5330.0,-8.675406223861545,-0.26999999999999996,9.0,0.0,-8.675406223861545,491022.56932249555,-32397.267504143365,8.675406223861545,0.0,-0.26999999999999996
5340.0,-156.70126741889757,-4.829999999999999,161.0,0.0,-156.70126741889757,8820489.203880237,-585051.4415299748,156.70126741889757,0.0,-4.829999999999999
5350.0,-349602.8894750539,50970.14999999999,14191.0,34374.30944887315,-383977.19892392703,1743234688.282867,-2987027226.3430386,418351.5083728002,86092.76999999999,-35122.619999999995
5360.0,-25.837206370635812,-0.7799999999999999,26.0,0.0,-25.837206370635812,1438314.5873241026,-96408.38573991395,25.837206370635812,0.0,-0.7799999999999999
5370.0,-13.041814502587656,-0.38999999999999996,13.0,0.0,-13.041814502587656,721984.2460449063,-48654.12193416768,13.041814502587656,0.0,-0.38999999999999996
5375.0,-178261.43698262342,-11837.71,6274.0,1790.3136270740893,-180051.75060969748,788956140.9921646,-1293760215.6107974,181842.0642367716,5558.829999999999,-17396.54
5380.0,-7.100698453957684,-0.21,7.0,0.0,-7.100698453957684,390895.7772676031,-26480.717933682266,7.100698453957684,0.0,-0.21
5390.0,-13.311214437133968,-0.38999999999999996,13.0,0.0,-13.311214437133968,728685.9200216313,-49632.37276920123,13.311214437133968,0.0,-0.38999999999999996
5400.0,-1560610.3655992453,135192.66,63021.0,124851.85852707645,-1685462.2241263217,7024773060.540112,-13107545761.091606,1810314.0826533984,303882.2,-168689.54
5410.0,-29.631306910690622,-0.8400000000000001,21.0,0.0,-29.631306910690622,1602505.621314639,-107172.62773462736,29.631306910690622,0.0,-0.8400000000000001
5420.0,-74.99509146382337,-2.13,71.0,0.0,-74.99509146382337,4036296.169488791,-279393.68563726585,74.99509146382337,0.0,-2.13
5425.0,-190887.8659323269,-15831.150000000001,7118.0,410.0351473826976,-191297.9010797096,990039188.0427665,-1299633990.161063,191707.9362270923,958.7,-16789.85
5430.0,-7.19499611046545,-0.2,5.0,0.0,-7.19499611046545,384715.5089908823,-26010.891376034775,7.19499611046545,0.0,-0.2
5440.0,-58.168111711921306,-1.6,40.0,0.0,-58.168111711921306,3092491.960159378,-210220.81697447743,58.168111711921306,0.0,-1.6
5450.0,-575923.9285115062,10803.700000000008,18252.0,20530.822410667053,-596454.7509221733,2552930090.301167,-4262178177.0356345,616985.5733328402,66714.76000000001,-55911.06
5460.0,-187.0959393144564,-5.04,126.0,0.0,-187.0959393144564,9833021.38022848,-675765.1877614423,187.0959393144564,0.0,-5.04
5470.0,-15.003685270778467,-0.4,10.0,0.0,-15.003685270778467,783979.8063561755,-54175.64391232743,15.003685270778467,0.0,-0.4
5475.0,-347834.15094202815,-29014.460000000003,9246.0,3355.42962986634,-351189.5805718945,1105532709.8141017,-2535771541.032759,354545.0102017608,7062.82,-36077.28
5480.0,-1899.141079065967,115.72,344.0,50.91910152156507,-1950.0601805875322,42980239.398759656,-9275387.803302085,2000.979282109097,196.9,-81.18
5490.0,-10696.736246513721,-273.88,993.0,51.667862361359774,-10748.404108875082,176791333.87960985,-52106178.4726669,10800.07197123644,196.85999999999999,-470.73999999999995
5500.0,-3520333.9154028073,1045159.3900000001,122275.0,479879.78723515343,-4000213.7026379607,18342823308.337444,-31216864210.905598,4480093.489873114,1438613.94,-393454.55
5510.0,-8908.742607794464,-416.52,667.0,0.0,-8908.742607794464,123131357.09909612,-44919636.69214715,8908.742607794464,0.0,-416.52
5520.0,-3062.995460284251,-131.25,339.0,0.0,-3062.995460284251,53384021.18700477,-14603926.300522212,3062.995460284251,0.0,-131.25
5525.0,-175572.48540956146,-13962.28,5039.0,880.9507554965237,-176453.436165058,713950639.5437897,-1198866877.2468162,177334.3869205545,2226.73,-16189.01
5530.0,-5351.747797513578,1919.33,515.0,442.19916369180356,-5793.946961205382,112062308.36569324,-29128282.804445982,6236.146124897185,2177.56,-258.23
5540.0,-7270.665956519745,-218.26,611.0,20.277550101723392,-7290.943506621468,116103179.71066031,-34963980.556158125,7311.221056723192,98.98,-317.24
5550.0,-447506.4542476168,19842.140000000003,15688.0,31794.92031066659,-479301.3745582834,2333153076.9178634,-3375523151.5888915,511096.29486895003,60903.3,-41061.16
5560.0,-25907.74146491408,-1343.38,1477.0,0.0,-25907.74146491408,282344136.1565307,-139319247.90003234,25907.74146491408,0.0,-1343.38
5570.0,-18578.82724626533,-872.1499999999999,1270.0,0.0,-18578.82724626533,248450899.35467362,-93519536.24358678,18578.82724626533,0.0,-872.1499999999999
5575.0,-278345.772412475,30923.220000000005,11171.0,30769.05325017078,-309114.8256626458,1821891698.13485,-2192389621.8177333,339883.8789128166,56680.450000000004,-25757.230000000003
5580.0,-20449.138626282107,-1102.77,1055.0,0.0,-20449.138626282107,198752610.79051483,-112415726.69463897,20449.138626282107,0.0,-1102.77
5590.0,-23671.01599722705,-942.7699999999999,1518.0,60.246718435033486,-23731.26271566208,296711130.45311123,-121721965.46766639,23791.509434097115,196.38,-1139.1499999999999
5600.0,-2221837.1186006386,229225.04000000007,90933.0,246278.95000181335,-2468116.0686024516,12530309417.912483,-18063576653.667854,2714395.018604265,455856.7100000001,-226631.66999999998
5610.0,-13570.149969559308,-750.4300000000001,724.0,0.0,-13570.149969559308,139772577.41161197,-73338719.51362139,13570.149969559308,0.0,-750.4300000000001
5620.0,-16273.33929486476,-917.6199999999999,746.0,0.0,-16273.33929486476,148252321.0981758,-89721679.67969128,16273.33929486476,0.0,-917.6199999999999
5625.0,-282092.39965157624,-193.81999999999857,7210.0,16993.42238651787,-299085.8220380941,953309658.365594,-2144871331.162983,316079.24442461197,29476.18,-29670.0
5630.0,-11986.799186082008,-594.86,524.0,22.247824355900423,-12009.04701043791,101446725.92119497,-67428345.09774461,12031.294834793809,98.92999999999999,-693.79
5640.0,-25196.95397636,-1532.39,974.0,0.0,-25196.95397636,187281644.4067595,-144233011.19664875,25196.95397636,0.0,-1532.39
5650.0,-717979.8784977068,71554.98999999998,20945.0,84448.2135780485,-802428.0920757552,3133139219.66894,-5840917486.868262,886876.3056538037,145273.8,-73718.81
5660.0,-25912.46519406775,-1656.6999999999998,944.0,0.0,-25912.46519406775,183049761.12101942,-149221189.21279898,25912.46519406775,0.0,-1656.6999999999998
5670.0,-27882.872448241946,-1507.88,1278.0,0.0,-27882.872448241946,271199100.3849409,-148596576.02700743,27882.872448241946,0.0,-1507.88
5675.0,-359695.56900767895,-20826.440000000002,9401.0,5189.9060866015725,-364885.4750942805,1570062197.1522381,-2344100480.048292,370075.38118088205,10677.49,-31503.93
5680.0,-15746.022111332855,-912.46,644.0,0.0,-15746.022111332855,130237806.99970108,-86949083.98816527,15746.022111332855,0.0,-912.46
5690.0,-24622.765435717734,-1362.13,1051.0,0.0,-24622.765435717734,222830023.49640357,-132441424.3167723,24622.765435717734,0.0,-1362.13
5700.0,-2439056.5649567107,153841.3,72420.0,239830.90227525836,-2678887.467231969,11290995411.260336,-18772943798.567505,2918718.3695072276,396537.69,-242696.39
5710.0,-37098.669248018276,-2453.58,1096.0,0.0,-37098.669248018276,218144689.04909456,-215934893.6914708,37098.669248018276,0.0,-2453.58
5715.0,-13.698432525796443,-0.35000000000000003,7.0,0.0,-13.698432525796443,616030.9203571031,-49087.729881698106,13.698432525796443,0.0,-0.35000000000000003
5720.0,-18027.1809368923,-1243.3,610.0,0.0,-18027.1809368923,121604475.5110119,-103742078.68031633,18027.1809368923,0.0,-1243.3
5725.0,-297263.51490382,-21902.18,6268.0,3961.4624685225203,-301224.9773723425,970958203.6200055,-1973355394.3520787,305186.43984086503,6815.42,-28717.6
5730.0,-16091.316527556273,-776.96,731.0,24.72594031874259,-16116.042467875017,163098102.24005866,-83639863.5197908,16140.768408193759,98.86,-875.82
5735.0,-8.014838075871943,-0.2,4.0,0.0,-8.014838075871943,355772.0374604819,-28698.980715771486,8.014838075871943,0.0,-0.2
5740.0,-38535.02727044108,-2248.46,1262.0,39.22949089265168,-38574.25676133374,263154728.6987389,-216383389.2399835,38613.48625222639,97.64,-2346.1
5745.0,-186.35687275823364,-4.6,92.0,0.0,-186.35687275823364,8218174.949562057,-667108.8406277924,186.35687275823364,0.0,-4.6
5750.0,-1379687.9364864344,9288.749999999985,36376.0,97211.59820572294,-1476899.5346921575,5824614644.061453,-9989836442.583334,1574111.1328978804,146322.91,-137034.16
5755.0,-24.616407721291264,-0.6,12.0,0.0,-24.616407721291264,1078428.7364422826,-88079.80448856385,24.616407721291264,0.0,-0.6
5760.0,-37533.98384320188,-2163.65,1201.0,0.0,-37533.98384320188,262918065.9252208,-206389166.9364269,37533.98384320188,0.0,-2163.65
5765.0,-29.03108700033664,-0.7000000000000001,14.0,0.0,-29.03108700033664,1263439.9845679381,-103848.51141574296,29.03108700033664,0.0,-0.7000000000000001
5770.0,-29395.882589133016,-1720.09,1020.0,0.0,-29395.882589133016,233890491.37633717,-158142515.44895053,29395.882589133016,0.0,-1720.09
5775.0,-477189.0852976821,-23555.25,9935.0,15014.047457624421,-492203.1327553065,1623441969.9465866,-3200793581.513517,507217.18021293095,21878.07,-45433.32
5780.0,-25506.355828535266,-1832.65,729.0,0.0,-25506.355828535266,154014726.61929083,-146436268.4895995,25506.355828535266,0.0,-1832.65
5785.0,-5.235771659187525,-0.12,2.0,0.0,-5.235771659187525,224715.80602550646,-18295.558833462255,5.235771659187525,0.0,-0.12
5790.0,-32191.379852880775,-2012.59,972.0,0.0,-32191.379852880775,219642062.86860543,-177632718.10462767,32191.379852880775,0.0,-2012.59
5795.0,-259.609926633733,-5.88,98.0,0.0,-259.609926633733,11067633.94332911,-906816.2865661783,259.609926633733,0.0,-5.88
5800.0,-3264815.7623026175,502544.56,200058.0,541054.111995429,-3805869.874298047,31111953869.056892,-26121414403.35316,4346923.986293476,825270.6599999999,-322726.1
5805.0,-10.722328348747169,-0.24,4.0,0.0,-10.722328348747169,454033.78421823337,-37438.86691385744,10.722328348747169,0.0,-0.24
5810.0,-103290.12770345656,-4741.07,2641.0,584.8670136868407,-103874.9947171434,584993399.7697586,-591300004.8602535,104459.86173083025,2073.3999999999996,-6814.469999999999
5815.0,-6.363316418133622,-0.16,2.0,0.0,-6.363316418133622,267507.25968032057,-21811.232940699265,6.363316418133622,0.0,-0.16
5820.0,-41412.38793435938,-2376.7799999999997,1173.0,76.20961463452613,-41488.59754899391,270619511.9598827,-227856261.98595238,41564.80716362844,195.88,-2572.66
5825.0,-354348.5913493745,-25313.65,6790.0,2649.7140795816654,-356998.30542895617,1235673750.1571498,-2182621522.2859364,359648.01950853784,4975.91,-30289.56
5830.0,-74691.8366686006,-5214.06,1873.0,44.862342175311525,-74736.69901077592,411214429.09221447,-424782173.2496485,74781.56135295122,97.34,-5311.400000000001
5835.0,-3.257510911626501,-0.08,1.0,0.0,-3.257510911626501,135081.00699370287,-11157.101080467914,3.257510911626501,0.0,-0.08
5840.0,-71659.53109166907,-4555.280000000001,1577.0,84.7734587291003,-71744.30455039817,336397578.7213972,-409934385.2261154,71829.07800912726,296.28000000000003,-4851.5599999999995
5845.0,-102.26108223174691,-2.4800000000000004,31.0,0.0,-102.26108223174691,4211359.97342298,-350083.976439723,102.26108223174691,0.0,-2.4800000000000004
5850.0,-1054356.13516608,-30402.55000000001,25681.0,47348.986750694814,-1101705.121916775,4467340974.708701,-6930031315.625011,1149054.1086674696,64846.31,-95248.86
5855.0,-76.70254081507714,-1.8399999999999999,23.0,0.0,-76.70254081507714,3136977.6492488603,-262515.12651511625,76.70254081507714,0.0,-1.8399999999999999
5860.0,-45471.21259928474,-2846.09,1234.0,0.0,-45471.21259928474,272455947.0020701,-249545317.13927785,45471.21259928474,0.0,-2846.09
5865.0,-719.2999420710662,-17.04,213.0,0.0,-719.2999420710662,29213467.445647247,-2460683.130295279,719.2999420710662,0.0,-17.04
5870.0,-46541.45873465631,-2688.83,1205.0,0.0,-46541.45873465631,290748386.0861151,-250052206.55365944,46541.45873465631,0.0,-2688.83
5875.0,-387723.9367647977,-13270.240000000002,8126.0,15291.775761021618,-403015.7125258193,1519935934.810475,-2494438976.9318256,418307.48828684096,21629.18,-34899.42
5880.0,-81826.25918250896,-4202.6900000000005,2974.0,0.0,-81826.25918250896,770201489.0690212,-404292539.0611513,81826.25918250896,0.0,-4202.6900000000005
5885.0,-211.22316126424727,-4.88,61.0,0.0,-211.22316126424727,8458785.891181376,-721931.2341992294,211.22316126424727,0.0,-4.88
5890.0,-37744.19354975404,-2220.57,926.0,0.0,-37744.19354975404,221644743.76303956,-203440487.25332245,37744.19354975404,0.0,-2220.57
5895.0,-24.54384297233416,-0.5599999999999999,7.0,0.0,-24.54384297233416,975956.869761992,-83850.26881330488,24.54384297233416,0.0,-0.5599999999999999
5900.0,-3888192.720717557,80123.26000000001,186248.0,319771.6354994993,-4207964.356217056,30647540288.42643,-25865752479.184277,4527735.991716555,414339.83999999997,-334216.58
5905.0,-262.726498177244,-5.92,74.0,0.0,-262.726498177244,10372810.666410204,-897171.7850316368,262.726498177244,0.0,-5.92
5910.0,-97295.11925062933,-6774.91,2229.0,245.46327779045026,-97540.58252841979,509689799.82036275,-547401585.9105588,97786.04580621023,687.5600000000001,-7462.47
5915.0,-82.68418634332083,-1.8399999999999999,23.0,0.0,-82.68418634332083,3241173.3459120393,-282232.02062137023,82.68418634332083,0.0,-1.8399999999999999
5920.0,-63427.750552986996,-3587.73,1672.0,31.07027205451291,-63458.82082504151,413268822.98892254,-333208708.435753,63489.89109709603,98.69,-3686.42
5925.0,-1157091.2006735632,-76701.14000000001,19000.0,8912.36965568392,-1166003.570329247,3791522072.978787,-6787973264.86841,1174915.939984931,13930.060000000001,-90631.20000000001
5930.0,-47187.04697569382,-2733.33,1317.0,0.0,-47187.04697569382,333937751.9440322,-243778463.44500878,47187.04697569382,0.0,-2733.33
5935.0,-41.94394512897419,-0.8999999999999999,10.0,0.0,-41.94394512897419,1619978.315421012,-140859.40454008087,41.94394512897419,0.0,-0.8999999999999999
5940.0,-73621.24555311429,686.9399999999998,3841.0,3255.567719167014,-76876.8132722813,767400704.4321386,-407486744.8264309,80132.38099144831,4976.4,-4289.46
5945.0,-3589.499709419332,-84.6,846.0,0.0,-3589.499709419332,137628971.77966607,-12050727.275175272,3589.499709419332,0.0,-84.6
5950.0,-1278789.6770051639,-18913.609999999993,26037.0,77200.72070721105,-1355990.3977123746,5145730817.235853,-8319051117.747122,1433191.1184195857,101483.99,-120397.6
5955.0,-8.598224072151092,-0.2,2.0,0.0,-8.598224072151092,327265.5847298265,-28851.28378576916,8.598224072151092,0.0,-0.2
5960.0,-37695.73184770719,-1848.61,1061.0,115.75901741913685,-37811.490865126325,287495849.34378374,-189721503.71638417,37927.24988254546,192.32999999999998,-2040.94
5965.0,-95.83331113257798,-2.1999999999999997,22.0,0.0,-95.83331113257798,3620805.6655265484,-321404.35031029634,95.83331113257798,0.0,-2.1999999999999997
5970.0,-28120.33480664162,-1605.68,759.0,69.90625848522089,-28190.24106512684,182804789.1544091,-147068954.6147577,28260.147323612062,94.78,-1700.46
5975.0,-706908.0443236332,-46351.51,12771.0,12745.193555034233,-719653.2378786675,2591801673.0655165,-4192527960.8140273,732398.4314337017,15536.58,-61888.09
5980.0,-29689.409720117,-14.420000000000073,749.0,1311.7008293751687,-31001.11054949217,200942484.46496144,-166750635.92084152,32312.811378867336,1802.9,-1817.3200000000002
5985.0,-330.380077666124,-7.3999999999999995,74.0,0.0,-330.380077666124,12298226.96632911,-1107140.9644434215,330.380077666124,0.0,-7.3999999999999995
5990.0,-69872.99522496335,-3881.84,3577.0,0.0,-69872.99522496335,727759025.8327185,-343815077.54657507,69872.99522496335,0.0,-3881.84
5995.0,-180.9477290800384,-4.0,40.0,0.0,-180.9477290800384,6685315.40997397,-606076.3249389419,180.9477290800384,0.0,-4.0
6000.0,-6887418.864618047,42606288.65,1208331.0,34305850.38788507,-41193269.25250312,263959541305.53967,-430740050731.28937,75499119.64038819,46234045.63,-3627756.98
6005.0,-722.3759999642607,-76.92,18.0,0.0,-722.3759999642607,2536072.8936961405,-4303037.806391769,722.3759999642607,0.0,-76.92
6010.0,-39399.68747573786,-2164.3199999999997,1006.0,0.0,-39399.68747573786,284571220.55670637,-194796500.85842618,39399.68747573786,0.0,-2164.3199999999997
6015.0,-2766.013576870975,-307.58,39.0,0.0,-2766.013576870975,4608666.01450737,-16799098.32151003,2766.013576870975,0.0,-307.58
6020.0,-92209.78981249387,-4693.4,2348.0,0.0,-92209.78981249387,689530674.5377834,-448260747.1235548,92209.78981249387,0.0,-4693.4
6025.0,-827415.2825040051,65728.58000000002,15462.0,137849.32303575389,-965264.605539759,2768565699.880878,-6373635124.468388,1103113.928575513,153473.45,-87744.87
6030.0,-96399.76865046882,-6172.75,1867.0,0.0,-96399.76865046882,472575872.6787286,-505337891.2230465,96399.76865046882,0.0,-6172.75
6035.0,-1223.8070693987747,-129.04,32.0,0.0,-1223.8070693987747,4641448.01964147,-7155981.195096399,1223.8070693987747,0.0,-129.04
6040.0,-39297.8754901813,-2185.91,975.0,0.0,-39297.8754901813,272954403.42401475,-193646005.70733312,39297.8754901813,0.0,-2185.91
6045.0,-3841.842033499121,-305.14,313.0,0.0,-3841.842033499121,51970178.523787305,-19445303.776782144,3841.842033499121,0.0,-305.14
6050.0,-3549311.9223977057,-133562.43999999997,91453.0,143300.64630493117,-3692612.5687026368,23347807693.849842,-20254679094.640633,3835913.215007568,158241.83000000002,-291804.27
6055.0,-1671.940702695069,-157.14,77.0,0.0,-1671.940702695069,13539319.989377854,-9109373.572886363,1671.940702695069,0.0,-157.14
6060.0,-60118.48628339557,-3147.4100000000003,1479.0,74.61190374110245,-60193.09818713667,421802444.0562034,-294059868.2983662,60267.71009087777,94.89999999999999,-3242.3100000000004
6065.0,-1867.2928141548543,-97.44,231.0,0.0,-1867.2928141548543,44101591.16832255,-7830006.922928292,1867.2928141548543,0.0,-97.44
6070.0,-75001.08141556881,-4268.360000000001,1724.0,0.0,-75001.08141556881,498485660.5892261,-368528536.9082579,75001.08141556881,0.0,-4268.360000000001
6075.0,-643373.3474768306,-40052.020000000004,10028.0,8921.879853436265,-652295.2273302668,2321411589.420206,-3572947735.2958846,661217.1071837031,11569.079999999998,-51621.1
6080.0,-143036.65964813082,-6004.01,10775.0,279.1479174066661,-143315.80756553749,2278355977.1118455,-631065467.7452309,143594.95548294415,586.8199999999999,-6590.83
6085.0,-2977.9473238251867,-179.42000000000002,286.0,0.0,-2977.9473238251867,59886847.852286175,-13091896.303268751,2977.9473238251867,0.0,-179.42000000000002
6090.0,-103468.56569256277,-3637.0799999999995,2524.0,2255.4521892800303,-105724.0178818428,777240829.7543052,-519513334.73183155,107979.47007112284,2632.87,-6269.95
6095.0,-4160.162546397767,-391.42999999999995,167.0,0.0,-4160.162546397767,32177622.432900198,-22287170.394706603,4160.162546397767,0.0,-391.42999999999995
6100.0,-6864678.43698077,-31977.76999999998,172624.0,460890.28758040065,-7325568.724561171,45517611273.951385,-39723534914.524635,7786459.012141571,489943.02,-521920.79
6105.0,-7185.474890121491,-765.94,143.0,0.0,-7185.474890121491,23174865.459564336,-40871722.074237645,7185.474890121491,0.0,-765.94
6110.0,-55479.98522436042,-2461.35,1320.0,481.6872935697402,-55961.67251793016,405808137.2761499,-267627529.8410667,56443.3598114999,566.14,-3027.49
6115.0,-6497.133231532116,-637.36,215.0,0.0,-6497.133231532116,40547125.85373658,-35197566.6098053,6497.133231532116,0.0,-637.36
6120.0,-44355.49364201226,-2078.88,960.0,286.25670315066975,-44641.75034516293,281901274.26074094,-217811760.96837154,44928.0070483136,486.2,-2565.08
6125.0,-958434.0967402043,-51286.0,14805.0,21322.28229460818,-979756.3790348124,3559507234.999659,-5269835470.401262,1001078.6613294207,23943.760000000002,-75229.76
6130.0,-67323.35290558379,-4000.77,1183.0,236.0541645035172,-67559.40707008731,325996106.5936727,-341903500.75656974,67795.46123459082,489.98,-4490.75
6135.0,-7333.745979667694,-288.16,205.0,0.0,-7333.745979667694,75619582.48097913,-30734917.80230073,7333.745979667694,0.0,-288.16
6140.0,-110272.85335327603,-7369.87,1609.0,301.05106187730837,-110573.90441515335,401130457.4294503,-574808432.9082913,110874.95547703066,688.25,-8058.12
6145.0,-8634.81749858506,136.37000000000003,279.0,296.88674457430074,-8931.70424315936,99139993.17657933,-38319286.969956726,9228.590987733662,485.85,-349.48
6150.0,-5274388.46197312,-156469.66999999998,135659.0,126464.94298766243,-5400853.404960782,46527662536.327736,-25047166879.221687,5527318.347948445,135085.0,-291554.67
6155.0,-39819.00196524183,-716.8799999999998,1069.0,424.97631180317427,-40243.978277045,415664546.66647506,-168140209.60742173,40668.95458884817,781.1500000000001,-1498.0299999999997
6160.0,-113934.4973980969,-5899.89,2277.0,253.03988046908793,-114187.53727856597,751032663.2982451,-534688692.7845956,114440.57715903506,282.96999999999997,-6182.860000000001
6165.0,-11907.269584701377,-332.94000000000005,353.0,121.93433011763982,-12029.203914819016,122917488.01436503,-51493254.203269124,12151.138244936656,194.23999999999998,-527.1800000000001
6170.0,-59841.65949126735,-3010.2200000000003,965.0,329.32479395986377,-60170.98428522722,293897505.89533985,-296147876.57093084,60500.30907918708,686.4599999999999,-3696.68
6175.0,-4790252.385992487,-205550.13,77503.0,95701.65561241264,-4885954.0416049,24034960525.451294,-24256024736.042633,4981655.697217313,115698.25000000001,-321248.38
6180.0,-237885.19769675497,-7575.939999999999,20079.0,1467.3865113682903,-239352.58420812327,4649334006.847212,-970266180.9226352,240819.97071949154,2534.58,-10110.519999999999
6185.0,-22289.351114535224,-792.8499999999999,508.0,277.3873559425245,-22566.738470477747,175613468.7096431,-104157438.76460868,22844.12582642027,589.35,-1382.1999999999998
6190.0,-231498.53279455425,-12182.09,4477.0,323.40339816689504,-231821.9361927212,1622643010.2124493,-1052910557.2085228,232145.33959088806,483.48,-12665.570000000002
6195.0,-10962.260493549074,484.7400000000001,306.0,498.30051198180854,-11460.561005530884,117218785.98787056,-51288395.19835297,11958.861517512692,1081.5100000000002,-596.77
6200.0,-5933542.739480661,1086978.81,142432.0,1744699.137639725,-7678241.877120386,34290791926.671356,-48605741858.39927,9422941.01476011,1734970.99,-647992.18
6205.0,-10001.055598118444,1933.31,419.0,1131.4172254258228,-11132.472823544267,163807653.92346287,-47826505.14059123,12263.89004897009,2356.73,-423.41999999999996
6210.0,-86828.66827598742,-5386.39,1260.0,108.04574921354535,-86936.71402520097,372309956.49733603,-424894500.4041992,87044.75977441452,195.49,-5581.88
6215.0,-33583.81552547374,-1362.02,755.0,65.97854216275628,-33649.7940676365,301527349.14864165,-141463979.0606246,33715.772609799256,96.94,-1458.96
6220.0,-277644.6499638771,-13774.47,4802.0,132.5288232591087,-277777.1787871362,1647632069.21153,-1270555068.3256102,277909.70761039533,295.38,-14069.85
6225.0,-898436.6715140792,252199.37999999998,17710.0,305364.03148306865,-1203800.7029971478,4601818823.769108,-7660639422.310341,1509164.7344802164,365692.41,-113493.03
6230.0,-86260.38780410231,-4804.7,1283.0,230.51208505785831,-86490.89988916017,418638506.8944285,-409984955.1049891,86721.41197421803,287.28,-5091.98
6235.0,-30541.543228848437,-1082.04,1813.0,0.0,-30541.543228848437,541705935.9545732,-115287604.01732421,30541.543228848437,0.0,-1082.04
6240.0,-237758.32568765688,-6923.08,4495.0,5016.7411291603385,-242775.06681681724,1733429556.2453427,-1087379814.1279879,247791.80794597755,4963.61,-11886.69
6245.0,-10436.63816205273,240.9400000000001,247.0,551.1790925408623,-10987.817254593592,97828104.08255646,-48593633.27994169,11538.996347134454,774.72,-533.78
6250.0,-6476051.244690906,233237.11999999997,114293.0,541207.7886092364,-7017259.033300143,40660427434.23802,-34806531102.10616,7558466.821909379,685926.41,-452689.29000000004
6255.0,-13680.484318228913,-210.82999999999993,389.0,210.14723903843827,-13890.631557267352,150935068.60000777,-55875184.542448476,14100.778796305789,290.43,-501.25999999999993
6260.0,-127246.29717611663,-3832.9199999999996,1856.0,2309.617430240647,-129555.91460635728,628088307.661358,-618510318.6490523,131865.53203659793,4202.39,-8035.3099999999995
6265.0,-21705.941633211103,-1152.75,423.0,0.0,-21705.941633211103,165113381.03437033,-93562114.99726148,21705.941633211103,0.0,-1152.75
6270.0,-281665.84433695587,-13086.18,4302.0,421.80332170461895,-282087.6476586605,1610725455.2090256,-1255185077.2881703,282509.4509803651,577.91,-13664.09
6275.0,-5533392.341282926,-82611.27,81871.0,202391.31961393144,-5735783.660896857,27680759495.001038,-27259001855.287758,5938174.980510789,260975.3,-343586.57
6280.0,-351355.0046818201,-13006.02,12188.0,4075.8330007527675,-355430.8376825729,3534046294.488721,-1564593288.0262418,359506.6706833256,5619.54,-18625.56
6285.0,-19255.234184298446,-651.4200000000001,428.0,121.4672276983375,-19376.701411996783,174804701.3594807,-79569177.4306063,19498.16863969512,195.1,-846.52
6290.0,-282421.9095676598,-15057.95,3434.0,915.730716552727,-283337.6402842125,1109249593.2997704,-1328781874.066707,284253.37100076524,1047.7799999999997,-16105.73
6295.0,-25623.333421468065,-1154.08,507.0,50.27775706048362,-25673.611178528554,207728446.38048086,-107411537.36713913,25723.888935589035,98.32,-1252.4
6300.0,-6260339.449413568,1100522.3699999999,115967.0,1480878.8981611186,-7741218.347574687,36502821337.366325,-43968119795.35421,9222097.245735804,1715155.25,-614632.88
6305.0,-11662.232774975057,-162.89000000000004,253.0,353.59878318781267,-12015.83155816287,97754163.44361435,-52412873.02028424,12369.430341350682,484.76,-647.6500000000001
6310.0,-124146.80733423223,-6637.83,1690.0,76.38160129196545,-124223.18893552419,634062393.8429033,-554883854.9766208,124299.57053681616,96.6,-6734.429999999999
6315.0,-37845.63105859316,-1234.9,809.0,267.16389635491214,-38112.79495494807,344031843.3033518,-153761880.2786655,38379.95885130298,284.64,-1519.5400000000002
6320.0,-137842.2561603145,-7743.599999999999,1766.0,351.0610166123963,-138193.31717692688,590217346.8653756,-634711223.8909061,138544.3781935393,382.15999999999997,-8125.759999999999
6325.0,-1262545.2094385354,387898.79,34613.0,541082.8135311061,-1803628.0229696415,10973731557.428839,-10910881707.028656,2344710.8365007476,525237.81,-137339.02000000002
6330.0,-412071.6293766789,-24440.030000000002,4506.0,2005.651159253888,-414077.2805359328,1403748856.059282,-1935187950.1450713,416082.9316951867,1761.59,-26201.620000000003
6335.0,-28745.01896925241,69.03999999999998,522.0,1405.3648102665488,-30150.383779518954,238296608.7057139,-127891784.14035685,31555.748589785504,1309.2,-1240.16
6340.0,-182289.00117978395,-9898.86,2183.0,979.7896162410051,-183268.79079602496,739218600.6176084,-839657929.031104,184248.58041226596,1354.8799999999999,-11253.74
6345.0,-25247.022545585645,-695.4000000000001,447.0,631.8510197547457,-25878.873565340393,186742780.94247824,-110449439.96423897,26510.72458509514,557.6,-1253.0
6350.0,-2738920.2637370196,412152.17000000004,54333.0,742994.0161510446,-3481914.279888064,17597828294.6357,-19397427016.62862,4224908.296039109,669017.91,-256865.74
6355.0,-36988.054338969625,3971.23,648.0,3667.1378401398592,-40655.19217910948,303055424.24058205,-189421101.57830143,44322.33001924935,6681.9,-2710.67
6360.0,-171484.59401363003,-6534.339999999999,2079.0,2827.8605562310595,-174312.4545698611,776273606.3264824,-785848771.2257328,177140.31512609214,3352.0199999999995,-9886.359999999999
6365.0,-62128.617581315746,-2644.78,682.0,1836.306508863147,-63964.924090178894,217058343.86525732,-302208430.13057065,65801.23059904204,1784.53,-4429.3099999999995
6370.0,-134511.94193024185,-4051.65,1764.0,4516.311139907954,-139028.2530701498,632348462.8597558,-637915209.9602574,143544.56421005775,4221.57,-8273.22
6375.0,-1823760.7234121538,192221.88,29261.0,441558.28232696897,-2265319.0057391226,8653069100.04782,-12566772441.458889,2706877.2880660915,371065.23,-178843.35
6380.0,-167607.2193145662,-9534.58,1948.0,1172.1107981240375,-168779.33011269022,671367326.4029194,-760859749.5797199,169951.44091081427,1234.87,-10769.45
6385.0,-32164.403297545694,-997.7999999999998,399.0,1121.0474986656004,-33285.45079621129,149258310.55737597,-152571102.08709618,34406.498294876896,1344.47,-2342.27
6390.0,-109844.90398981897,-3283.21,1264.0,3401.556342066522,-113246.4603318855,466596552.6162412,-512721362.3203171,116648.016673952,3421.27,-6704.4800000000005
6395.0,-18876.087884665147,-1068.23,245.0,301.63964293685206,-19177.727527602,86972315.08889933,-86068766.97307768,19479.36717053885,283.01,-1351.24
6400.0,-7324276.050250569,1595958.37,136227.0,2667604.8609269764,-9991880.911177546,43336017302.405235,-57601970361.66402,12659485.772104522,2398715.5700000003,-802757.2
6405.0,-26964.62563568743,403.7099999999998,412.0,2521.507457512333,-29486.13309319976,180834003.81473204,-132870637.69743115,32007.640550712098,1922.63,-1518.92
6410.0,-170575.34967425308,-7424.4,1761.0,3537.790545393854,-174113.14021964694,614171724.0179948,-784600215.8929435,177650.9307650408,3424.34,-10848.739999999998
6415.0,-21000.954595688578,2369.89,367.0,3066.950685334701,-24067.90528102328,186454224.59993044,-107063075.04808828,27134.85596635798,3575.93,-1206.04
6420.0,-173561.9611554885,-7080.87,1855.0,3799.8311532924395,-177361.79230878092,687802044.8395802,-786987645.5984429,181161.62346207336,3926.6499999999996,-11007.52
6425.0,-1942440.0733560335,151092.13,32920.0,419409.8564642385,-2361849.929820272,10721538869.001028,-12499305388.994633,2781259.7862845105,335104.15,-184012.02
6430.0,-170619.04224256962,-8799.2,1697.0,2566.7466412496397,-173185.78888381924,593007108.2335076,-771144438.2342134,175752.5355250689,2560.09,-11359.29
6435.0,-31037.016953308495,10024.909999999998,719.0,12191.461911355145,-43228.478864663644,367833727.42991614,-213908150.23217863,55419.94077601878,12158.599999999999,-2133.69
6440.0,-161130.64134201754,2795.1099999999988,1987.0,14261.317423746568,-175391.9587657641,822114552.8246274,-797530075.5171566,189653.27618951065,12743.78,-9948.67
6445.0,-65629.40686108166,-826.5000000000002,849.0,3811.1265599437675,-69440.53342102542,370481450.661697,-303582316.1771587,73251.65998096918,3043.6299999999997,-3870.129999999999
6450.0,-3917776.179230445,950093.8200000001,74613.0,1891006.044756759,-5808782.223987204,23645185215.4069,-34278443689.370445,7699788.268743963,1433078.06,-482984.24000000005
6455.0,-53048.55701475774,-1417.2400000000002,590.0,1947.3328815653467,-54995.88989632308,236161252.22079235,-241029742.01620132,56943.22277788843,1999.04,-3416.28
6460.0,-262015.95847851931,-267.7699999999992,2941.0,21162.93741249345,-283178.89589101274,1220852469.582002,-1271255629.236382,304341.83330350625,15408.939999999999,-15676.71
6465.0,-11742.323113478244,1915.53,244.0,2418.8861247588993,-14161.209238237141,131773894.79763383,-61552047.13514347,16580.095362996042,2498.87,-583.34
6470.0,-185065.03823500397,-3339.8900000000003,1901.0,8158.282774432955,-193223.3210094369,791263009.5866302,-840806528.4982255,201381.60378386988,8140.33,-11480.220000000001
6475.0,-1741123.3713769466,308376.92,27257.0,719321.3727725107,-2460444.744149457,8421620551.451023,-13921556004.919458,3179766.116921968,496730.16,-188353.24
6480.0,-177138.56508774613,11666.53,2275.0,25139.856781496157,-202278.42186924227,1093106677.859274,-922513725.8153696,227418.27865073844,22638.15,-10971.619999999999
6485.0,-56430.12016130136,-1059.83,670.0,2406.8141142286813,-58836.934275530046,293198271.51275253,-251723116.26752245,61243.74838975872,2806.71,-3866.54
6490.0,-232206.4930229116,6626.730000000002,2523.0,32972.408115885315,-265178.90113879694,912711009.7693146,-1262037416.789778,298151.3092546822,24129.38,-17502.649999999998
6495.0,-141235.72538643092,-6577.33,1605.0,704.6545794881351,-141940.37996591904,767367415.5383177,-565181179.9248875,142645.0345454072,876.7800000000001,-7454.110000000001
6500.0,-12872540.111379657,2390785.76,218171.0,5705701.778892331,-18578241.890271988,68125319459.457664,-104723747313.68547,24283943.66916432,3839671.9799999995,-1448886.22
6505.0,-139946.27687150813,-6394.080000000001,1315.0,3014.4690713974146,-142960.74594290555,510054324.3090798,-607436832.1469026,145975.21501430296,2852.54,-9246.62
6510.0,-441858.47773156856,5196.2400000000025,4958.0,35068.830126312925,-476927.3078578815,2479625152.243611,-2002146581.7616236,511996.1379841944,28541.329999999998,-23345.09
6515.0,-87934.56887469966,-2101.73,1034.0,2216.1440100409145,-90150.71288474057,560526164.1445976,-350260094.7143124,92366.85689478148,1870.76,-3972.49
6520.0,-197238.7607939414,-7541.7,1920.0,6413.464529546276,-203652.22532348766,790564725.4140655,-857272733.4801022,210065.68985303395,5262.639999999999,-12804.34
6525.0,-876306.557196331,356453.08,20882.0,744276.3490457017,-1620582.9062420328,7715015470.00696,-9861288837.708893,2364859.2552877343,466859.9,-110406.81999999999
6530.0,-284979.14724126895,3650.260000000002,3448.0,31453.959536884955,-316433.1067781539,1593874624.9848325,-1374752983.7871776,347887.0663150388,20500.480000000003,-16850.22
6535.0,-72453.11823221708,20317.45,1302.0,14124.827649542927,-86577.94588176001,869368603.8362011,-354560746.9838,100702.77353130294,23810.36,-3492.91
6540.0,-184840.56187164105,5306.15,2089.0,22411.879981718783,-207252.44185335984,937496418.3646524,-912431359.959215,229664.32183507862,18070.41,-12764.26
6545.0,-29024.676030118193,440.06999999999994,345.0,2284.5323737406475,-31309.20840385884,179146829.0591246,-130119719.08858988,33593.74077759949,2520.0299999999997,-2079.96
6550.0,-4018898.6601623325,487758.12999999995,60348.0,1417078.4004362286,-5435977.060598561,20503516443.66696,-28534117034.748936,6853055.46103479,959402.73,-471644.6
6555.0,-32078.629895731985,4294.72,535.0,8320.684847262992,-40399.314742994975,299944972.37382936,-182217092.4339065,48719.99959025797,6516.860000000001,-2222.14
6560.0,-250799.96869282977,2201.5899999999992,2590.0,27909.928387217053,-278709.8970800468,1106928419.9892197,-1216404868.5993183,306619.8254672639,19059.3,-16857.71
6565.0,-59633.902938633575,-2714.11,546.0,1677.8068842575751,-61311.70982289115,232489782.8968742,-251474542.35766658,62989.51670714872,1739.79,-4453.9
6570.0,-207254.7917131207,1714.3300000000008,2336.0,18197.502590120625,-225452.2943032413,1247668781.9192543,-930070047.223145,243649.79689336196,14992.48,-13278.150000000001
6575.0,-1897119.5135780731,233228.96,28019.0,727319.9261272865,-2624439.4397053597,10746256073.411747,-13498905737.189491,3351759.365832646,428123.65,-194894.69
6580.0,-164864.8872755705,2389.1700000000005,1888.0,19132.81538163989,-183997.7026572104,941908980.3112128,-776844008.867388,203130.5180388503,12365.49,-9976.32
6585.0,-70711.94630078462,-2395.66,644.0,2859.2440364612016,-73571.19033724583,295450849.7881514,-296445932.59119225,76430.43437370703,2378.17,-4773.83
6590.0,-321579.29343542503,-4064.9500000000007,3157.0,13878.438222346784,-335457.73165777174,1797641799.1107345,-1291922771.0681129,349336.16988011857,12200.25,-16265.2
6595.0,-63761.940661580054,170.81999999999994,666.0,3692.8957881324745,-67454.83644971253,395455552.61171764,-259811682.1103614,71147.732237845,3650.06,-3479.24
6600.0,-9091767.280422565,2315581.06,163816.0,6226747.899874264,-15318515.180296829,49461562485.82721,-86951925783.1576,21545263.080171093,3573246.48,-1257665.42
6605.0,-59543.134538564555,1503.0800000000004,731.0,5944.762548606097,-65487.897087170655,444597693.69168675,-253685440.3054125,71432.65963577674,4407.68,-2904.6000000000004
6610.0,-382867.30970225757,5866.049999999999,3536.0,46282.99537063415,-429150.3050728917,1657659373.8402352,-1818117004.9775887,475433.30044352583,31679.75,-25813.7
6615.0,-104521.18492970422,2586.89,1141.0,8490.977954344718,-113012.16288404893,763433068.8078681,-422186481.65534115,121503.14083839365,6912.9,-4326.01
6620.0,-569655.9879244673,-19558.18,4495.0,26434.640447987167,-596090.6283724544,1874347220.04492,-2404627360.423651,622525.2688204416,22374.08,-41932.26
6625.0,-2119791.4895656668,306229.18000000005,28796.0,966038.1529161084,-3085829.642481775,9418745559.939152,-15994046047.269253,4051867.7953978833,546135.84,-239906.66
6630.0,-284147.80013041216,20798.96,2973.0,57997.88310557294,-342145.6832359851,1516185118.5147853,-1490563121.8348823,400143.56634155806,40848.26,-20049.3
6635.0,-149905.86937261565,-5098.51,1366.0,3950.227524062345,-153856.09689667798,801486394.8518136,-565307247.8053037,157806.32442074033,3001.54,-8100.05
6640.0,-269494.331917168,20798.050000000003,2761.0,53884.797379411444,-323379.1292965794,1483984314.735351,-1381487073.0668888,377263.92667599086,39393.020000000004,-18594.97
6645.0,-32372.90521306003,17082.04,855.0,41528.04272995346,-73900.94794301348,411848829.81617683,-427939288.65875155,115428.99067296695,21204.24,-4122.2
6650.0,-4911444.871507199,1145613.0299999998,76647.0,3278663.0404603276,-8190107.911967526,27874843135.445904,-43913891888.04605,11468770.952427855,1706749.69,-561136.66
6655.0,-116723.24974127508,728.9800000000005,1109.0,9935.72944476078,-126658.97918603585,720676913.9373622,-472332554.9591885,136594.70863079664,6054.39,-5325.41
6660.0,-293611.08659285394,583.1300000000001,2574.0,35212.439162717594,-328823.52575557155,1247049523.5877252,-1340865864.0028634,364035.96491828916,20689.92,-20106.79
6665.0,-8241.643569259217,66958.06999999999,1407.0,59667.99064432774,-67909.63421358696,1354186968.756428,-381758433.4233328,127577.62485791469,69767.4,-2809.33
6670.0,-716241.3950078681,17465.71000000001,5802.0,108286.18140859423,-824527.5764164623,2774867256.293368,-3419992450.118791,932813.7578250566,63264.25000000001,-45798.54
6675.0,-2330965.8910583872,541630.26,39051.0,1732741.726897891,-4063707.617956278,12726674807.22891,-22089523970.02416,5796449.344854169,879683.94,-338053.68
6680.0,-473766.82753383316,3074.490000000001,4432.0,49645.800949168486,-523412.62848300167,2811672057.6312222,-2029577429.2173884,573058.4294321701,34009.05,-30934.559999999998
6685.0,-101672.39184958165,1400.27,922.0,8285.67635148409,-109958.06820106573,648961748.1176003,-397685925.0104352,118243.7445525498,6044.7,-4644.43
6690.0,-436706.9754944101,-5396.84,4865.0,29208.688690175288,-465915.6641845854,3117029383.0589395,-1676966173.8883073,495124.3528747607,16183.34,-21580.18
6695.0,-299199.04652510857,-12939.259999999998,2119.0,13418.114618230968,-312617.16114333953,942867896.4643021,-1189343719.4916298,326035.2757615705,10672.98,-23612.239999999998
6700.0,-11026659.948895,2557059.6000000006,175448.0,8101010.171117826,-19127670.120012827,61277967153.49072,-100891643361.70616,27228680.29113065,4015853.99,-1458794.3900000001
6705.0,-69422.52651189221,9095.470000000001,763.0,20788.277515074442,-90210.80402696665,536961985.6721661,-375295411.6191117,110999.0815420411,13774.67,-4679.2
6710.0,-278507.8965543003,16835.46,3316.0,66740.9174454827,-345248.8139997831,2100717801.5101135,-1406627685.4762425,411989.73144526576,35025.81,-18190.350000000002
6715.0,-35533.75498586288,14856.509999999998,723.0,40306.84916925964,-75840.6041551225,369699349.7561599,-407200348.7105321,116147.45332438215,18748.64,-3892.13
6720.0,-310086.30628322525,288.83000000000175,2533.0,39549.49615501201,-349635.8024382373,1322212836.6149678,-1359425227.6929345,389185.2985932493,21340.11,-21051.28
6725.0,-4250552.0422972655,228399.95999999996,46568.0,1681074.1969960863,-5931626.239293352,13987645608.123253,-28040924817.99563,7612700.436289438,768817.85,-540417.89
6730.0,-243276.221344223,10865.350000000002,2159.0,62715.33032767049,-305991.5516718935,1033575608.5893716,-1288195983.2195597,368706.881999564,29040.15,-18174.8
6735.0,-119273.90736035812,-2053.609999999999,817.0,7877.359370748449,-127151.26673110656,464794707.1278321,-461432817.29647464,135028.626101855,4633.120000000001,-6686.73
6740.0,-347629.8374690768,12002.710000000001,3285.0,71481.18540450341,-419111.0228735802,1915360362.9161997,-1664537631.223785,490592.2082780836,35692.59,-23689.879999999997
6745.0,-406676.4521277165,-29786.819999999996,2561.0,8798.300053862691,-415474.7521815792,979734041.4788597,-1509253415.2672873,424273.05223544186,4433.71,-34220.53
6750.0,-5670390.750998181,922925.59,78109.0,3597804.140778384,-9268194.891776565,26180022789.880753,-46019862598.5771,12865999.032554949,1636345.53,-713419.94
6755.0,-93547.36298892414,-964.6800000000003,637.0,8757.778904912631,-102305.14189383677,329672352.010946,-380649113.9429005,111062.9207987494,5577.5199999999995,-6542.2
6760.0,-423504.4666440362,-4423.48,7713.0,30355.89910076411,-453860.3657448003,7182654348.056848,-1392574209.0441246,484216.2648455644,14095.48,-18518.96
6765.0,-172716.62611064065,1020.2199999999999,2799.0,8966.238167701042,-181682.8642783417,2499495871.3031235,-529038656.7957989,190649.10244604273,5796.22,-4776.0
6770.0,-506317.2889804461,1057.7899999999981,8571.0,49697.36162344348,-556014.6506038896,8107856144.870036,-1766280761.7732985,605712.012227333,26473.61,-25415.82
6775.0,-2076117.6912432918,385350.52999999997,35342.0,1499334.614983473,-3575452.306226765,16349767241.277151,-17478906570.508667,5074786.921210238,672190.19,-286839.66
6780.0,-406349.85624928493,8180.210000000002,3142.0,86093.94818547793,-492443.8044347628,1545456086.3129172,-1940540871.027266,578537.7526202408,38436.91,-30256.7
6785.0,-78546.67378677559,1898.0200000000002,644.0,14564.40237112659,-93111.07615790218,366659645.43384814,-356443403.258917,107675.47852902877,8514.300000000001,-6616.280000000001
6790.0,-103977.76778998581,45661.159999999996,2315.0,153206.67631918043,-257184.44410916624,1107398821.795928,-1371262913.3793612,410391.1204283467,62009.89,-16348.73
6795.0,-96799.23080422934,-2519.09,617.0,9990.77853181084,-106790.00933604018,267960341.9384096,-391506270.957982,116780.78786785103,4397.59,-6916.679999999999
6800.0,-10635639.2707573,3122207.96,190260.0,11397854.586509,-22033493.8572663,66760639775.29493,-113938075652.69618,33431348.4437753,4909406.01,-1787198.05
6805.0,-122629.5514008178,6537.690000000002,1598.0,27639.20761761599,-150268.7590184338,1362532792.0920463,-529266104.53114885,177907.9666360498,12597.670000000002,-6059.98
6810.0,-392710.5719180036,-2548.1800000000007,3127.0,47199.96268751781,-439910.5346055214,2142904074.9996145,-1542353618.9465003,487110.4972930392,21422.629999999997,-23970.809999999998
6815.0,-97843.36217086174,3568.5299999999997,862.0,17990.977712412652,-115834.33988327441,631498324.4896139,-415882450.86427367,133825.31759568705,9159.0,-5590.47
6820.0,-548746.1708517091,-17105.68,3468.0,47409.86622256859,-596156.0370742776,1817939682.8053384,-2078407932.429162,643565.9032968463,22372.48,-39478.16
6825.0,-1369316.3318391498,970670.6799999999,53805.0,3096062.075096557,-4465378.406935707,22888492726.607563,-24927248321.18528,7561440.482032265,1311732.8399999999,-341062.16000000003
6830.0,-716493.7567464717,-32370.0,4109.0,44500.34984222716,-760994.1065886989,1589620711.3761766,-2617564624.628081,805494.456430926,18067.5,-50437.5
6835.0,-105950.42845728269,3635.6799999999994,768.0,20726.290506409685,-126676.71896369236,516046460.8254778,-455849571.4818498,147403.00947010206,10211.25,-6575.57
6840.0,-475864.3332022309,16687.69,4848.0,66654.03464472125,-542518.3678469522,4381560531.729884,-1766404385.064194,609172.4024916734,42893.32,-26205.63
6845.0,-236678.0934813649,-1248.2599999999995,1354.0,34604.86008461793,-271282.9535659828,689905201.1339815,-957369187.7546226,305887.8136506007,14033.880000000001,-15282.14
6850.0,-5496211.153261894,2450453.0300000003,126774.0,8897647.81186762,-14393858.965129515,49457061521.67233,-74986031128.5396,23291506.776997134,3585887.72,-1135434.69
6855.0,-137820.66195748118,-1550.3799999999997,787.0,15585.85571886893,-153406.51767635008,433121513.85709685,-522560606.79012585,168992.37339521904,7588.5599999999995,-9138.94
6860.0,-673820.8042959619,18723.51,9393.0,96111.49994245563,-769932.3042384174,10979191312.95583,-2284949545.693263,866043.8041808731,49878.81,-31155.3
6865.0,476081.4664450279,885258.8700000001,15969.0,1170145.7947236917,-694064.3282786637,24055340046.478607,-4335770026.970575,1864210.1230023552,903907.2200000001,-18648.35
6870.0,-829967.0739817694,3431.25,9698.0,85931.44941139786,-915898.5233931673,11201285672.584906,-2672886027.5699773,1001829.9728045651,45329.54,-41898.29
6875.0,-899771.2379515901,1144872.78,46907.0,4082685.192139335,-4982456.430090925,14061633378.96877,-28791306467.18843,9065141.62223026,1589827.0,-444954.22000000003
6880.0,-456821.8371927053,6609.720000000002,3615.0,75553.97369871098,-532375.8108914163,2917807321.1499705,-1755185671.385337,607929.7845901272,38920.03,-32310.31
6885.0,-34488.499770860246,26128.139999999996,701.0,45031.306597635354,-79519.8063684956,767684285.0657951,-339757070.54898447,124551.11296613095,31188.639999999996,-5060.5
6890.0,-373791.2227168942,57144.62000000001,5279.0,206767.54492359541,-580558.7676404896,3678950191.1573343,-2241514281.455243,787326.312564085,88382.77,-31238.15
6895.0,154730.5492403454,398549.86,6556.0,612091.5488083514,-457360.99956800597,9725125529.976833,-2629267075.131099,1069452.5483763574,422402.01,-23852.15
6900.0,-5708157.441186984,3806966.2,161906.0,13669115.955092918,-19377273.3962799,65785739264.137024,-99998121630.3797,33046389.35137282,5369876.03,-1562909.83
6905.0,-153182.41172211713,14717.380000000001,1403.0,38931.44913062241,-192113.86085273954,1514787201.6002095,-619262439.4641868,231045.30998336195,24011.08,-9293.7
6910.0,466682.16169269936,249785.38999999998,5410.0,837736.3181048371,-371054.1564121377,2578253328.2902837,-3520651323.7323194,1208790.4745169748,271257.14999999997,-21471.76
6915.0,-317131.22150702635,-3752.5299999999984,1608.0,31068.20389170271,-348199.4253987291,1129682347.903287,-1076388317.164461,379267.62929043174,14150.37,-17902.9
6920.0,-195646.47877847977,38961.45999999999,2457.0,98818.80470659716,-294465.2834850769,2365144585.1439037,-1049272679.3248906,393284.0881916741,54503.70999999999,-15542.25
6925.0,-465187.2463072737,800465.8800000001,30070.0,2838399.9078463623,-3303587.154153636,10490772255.408966,-18237153957.107254,6141987.061999999,1064171.51,-263705.63
6930.0,-269821.7959553615,11764.940000000004,3420.0,89940.51470935575,-359762.3106647172,1551062967.1621664,-1245735619.720915,449702.82537407294,31983.670000000002,-20218.73
6935.0,-119888.71529807252,-4289.85,736.0,8771.410080705266,-128660.1253787778,660483781.9012151,-372181460.4273205,137431.53545948307,3843.43,-8133.280000000001
6940.0,-872399.8697163915,32832.969999999994,5788.0,132416.93368788273,-1004816.8034042743,6465065845.278352,-2894233861.2786684,1137233.737092157,67514.06,-34681.090000000004
6945.0,-123305.51903437087,-629.87,729.0,17392.58460242822,-140698.10363679906,662896593.751817,-421739510.064132,158090.68823922728,6492.1,-7121.97
6950.0,-3451583.012510649,1553016.68,74874.0,6743266.603489605,-10194849.616000254,29217957783.257545,-48008624821.4811,16938116.219489858,2298924.84,-745908.16
6955.0,-176236.17938454385,-1752.4600000000012,842.0,23304.074787450943,-199540.2541719948,561411811.5986294,-603852207.8275702,222844.32895944576,9011.68,-10764.14
6960.0,-542677.0174585263,61417.570000000014,6113.0,357051.9872867538,-899729.0047452801,5328059006.562893,-3294802116.0017033,1256780.9920320339,110126.19,-48708.62
6965.0,-527628.2856654137,-2521.880000000002,3418.0,34999.79216227199,-562628.0778276857,5010635287.315191,-1412454922.4919147,597627.8699899577,14118.32,-16640.2
6970.0,-629923.7516834303,-18542.6,3211.0,42666.76502632077,-672590.5167097511,2645128934.3473396,-1855638061.0612452,715257.2817360718,16299.560000000001,-34842.159999999996
6975.0,-2780305.51585889,363803.37,32640.0,2258972.976188778,-5039278.492047668,14644830226.897135,-19965112604.61964,7298251.468236445,746513.06,-382709.69
6980.0,-706105.0964392673,-25229.739999999998,4122.0,68317.84074645204,-774422.9371857194,3261455388.4301386,-2184782718.5960174,842740.7779321714,21153.190000000002,-46382.93
6985.0,-290784.8772771533,-7729.719999999997,1443.0,26818.418982376905,-317603.2962595302,960039157.9096332,-889508250.7589729,344421.71524190716,10239.22,-17968.94
6990.0,-960964.7846067107,-26174.91,5776.0,64741.24160895784,-1025706.0262156685,7131274520.21394,-2643785233.4104185,1090447.2678246263,20430.25,-46605.16
6995.0,-197475.50674211723,446.44999999999936,1580.0,28255.805145332975,-225731.31188745023,1709955884.244731,-603206445.9527348,253987.1170327832,10542.269999999999,-10095.82
7000.0,-12393643.820339987,29971156.72,1152263.0,142593069.02408668,-154986712.84442666,353767149400.6821,-791507768016.9874,297579781.86851335,42719628.69,-12748471.969999999
7005.0,-428724.7314078916,34791.84,4670.0,142914.6551969809,-571639.3866048725,9122927807.701294,-1484303827.864389,714554.0418018535,50538.799999999996,-15746.96
7010.0,-283260.4768069149,33126.67,3035.0,198752.4818060094,-482012.95861292427,3087356560.1215925,-1631595769.5446332,680765.4404189336,56558.71000000001,-23432.04
7015.0,-200060.56603294995,-3814.6999999999994,1367.0,30356.860677821303,-230417.42671077125,1521020541.5582774,-632139726.049128,260774.28738859258,9132.58,-12947.28
7020.0,-1049498.1688278895,-36817.41,8156.0,85073.30279942577,-1134571.4716273153,13085542976.309273,-2795963650.215391,1219644.7744267408,26439.8,-63257.21
7025.0,-2535678.774701111,119840.60000000002,26773.0,1366076.9583030622,-3901755.7330041733,21261485010.023937,-13051586662.423666,5267832.6913072355,396072.71,-276232.11
7030.0,-920447.964684292,16402.25,6410.0,272514.5721473779,-1192962.5368316697,7555686886.692568,-3389429080.0867434,1465477.1089790477,73544.17,-57141.92
7035.0,-1050229.4438936033,-54347.42,3808.0,35916.81485530387,-1086146.2587489071,2092200756.6500525,-2747072006.1353297,1122063.073604211,10790.19,-65137.61
7040.0,-1186729.6401528874,-18060.680000000004,8421.0,112164.89540004238,-1298894.5355529299,9051281407.070284,-3080188326.2892027,1411059.4309529723,31401.559999999998,-49462.24
7045.0,-472697.5134252007,-14415.490000000002,4091.0,30788.86597843959,-503486.37940364034,7602319753.598107,-1111290918.8514588,534275.2453820799,8914.9,-23330.390000000003
7050.0,-5244075.173536106,557069.26,57515.0,4323167.515473086,-9567242.689009193,33906623831.811466,-33288238021.964943,13890410.204482278,1236316.7,-679247.4400000001
7055.0,-145760.83768845018,22885.359999999997,2013.0,160060.06632743124,-305820.9040158814,2274678881.4019036,-1059487958.9099214,465880.97034331266,41255.7,-18370.34
7060.0,-365956.62962431804,37574.56,5426.0,198444.3100326924,-564400.9396570105,11673628519.198523,-1507146536.8263512,762845.2496897029,61602.99,-24028.43
7065.0,-62207.17424289527,3550.04,848.0,23708.810513063432,-85915.9847559587,1083011859.3001318,-216129727.1645595,109624.79526902213,6562.2,-3012.16
7070.0,-427022.5488581681,18781.2,3343.0,179935.38173530807,-606957.9305934762,5009046109.470122,-1658684861.1784773,786893.3123287843,46204.229999999996,-27423.03
7075.0,-3039926.3969373205,200742.75999999998,31986.0,1776547.6180679007,-4816474.015005221,16694246197.998093,-14993422772.018677,6593021.633073121,515603.62,-314860.86
7080.0,-467640.0811871292,35841.1,3272.0,209771.5833888935,-677411.6645760227,5384472938.38772,-1788548010.101442,887183.2479649162,63111.64,-27270.539999999997
7085.0,-89963.55493052793,6110.92,766.0,38290.01952311509,-128253.57445364301,1066121138.4991982,-337751632.17246556,166543.5939767581,10898.03,-4787.110000000001
7090.0,-740970.171640799,-16474.319999999996,3770.0,68401.92243792949,-809372.0940787285,6818982418.841322,-1735423658.5596395,877774.016516658,17724.12,-34198.44
7095.0,-249755.845669611,7214.570000000001,4092.0,48076.299412297565,-297832.14508190856,4872747385.587138,-589715055.1731559,345908.44449420617,13276.810000000001,-6062.24
7100.0,-15735546.113953253,1010310.3199999998,136992.0,9755893.189178694,-25491439.30313195,133882523091.11058,-74129535085.49652,35247332.49231064,2483259.1,-1472948.78
7105.0,-116512.04749302541,11895.49,1188.0,70967.78230183406,-187479.82979485946,2594884141.2782717,-470517330.5672583,258447.6120966935,17747.51,-5852.0199999999995
7110.0,-798512.7069426546,-7303.979999999998,4007.0,135862.51867675822,-934375.2256194128,5863381962.666717,-2090130939.3411107,1070237.744296171,33220.02,-40524.0
7115.0,-341433.8995883179,12101.820000000003,1926.0,98440.72751202664,-439874.6271003446,4448461136.250837,-950871433.9359558,538315.3546123712,22603.250000000004,-10501.43
7120.0,-1020702.4521374028,28543.66,5697.0,367071.55761619715,-1387774.0097536,9925014012.503431,-3337574492.007052,1754845.567369797,83302.83,-54759.17
7125.0,-5464039.245892734,87040.99999999993,40840.0,2722162.9796573734,-8186202.225550108,21191356533.693707,-22881748007.026196,10908365.20520748,694480.15,-607439.15
7130.0,-464167.9964885191,31178.669999999995,3518.0,264227.5256388092,-728395.5221273283,7938658282.974707,-1740126957.0911033,992623.0477661375,57681.259999999995,-26502.59
7135.0,-411893.1280790001,-2961.0000000000005,1772.0,56589.23515656206,-468482.3632355622,3469984697.3399887,-940953181.8062644,525071.5983921243,12755.189999999999,-15716.19
7140.0,-904401.0390183622,290.2299999999997,4192.0,233534.6784206298,-1137935.7174389919,7815448092.30856,-2489389424.67277,1371470.3958596217,52629.22,-52338.990000000005
7145.0,-297560.2566859812,11737.460000000003,1744.0,117799.68931853895,-415359.9460045201,3739620203.9532704,-916377472.66702,533159.6353230592,25938.770000000004,-14201.309999999998
7150.0,-9667510.617785957,652553.27,75959.0,6899890.2862827275,-16567400.904068684,59541628846.82735,-45618230361.32239,23467291.19035141,1699176.9900000002,-1046623.72
7155.0,-269965.64129565033,-49.259999999999536,2430.0,61040.93840713129,-331006.57970278163,3078487784.288046,-663197228.5800027,392047.5181099129,13102.26,-13151.52
7160.0,-595727.6459829974,5036.33,3075.0,200120.45689317613,-795848.1028761736,6118014724.892636,-1711020079.527624,995968.5597693496,40246.16,-35209.83
7165.0,-306409.32136270386,1414.0900000000004,1637.0,86461.88051616197,-392871.20187886583,3353338785.5949526,-807952405.7949195,479333.08239502774,18919.730000000003,-17505.64
7170.0,-1420952.8106752746,-12669.730000000003,6321.0,137037.71622775248,-1557990.5269030272,12177806711.89287,-2710217769.7997766,1695028.2431307796,27997.62,-40667.35
7175.0,-5413383.536770545,94461.56999999996,42884.0,2934062.7409734605,-8347446.277744005,32632412646.13203,-20560420244.169502,11281509.018717466,662567.88,-568106.3099999999
7180.0,-1405330.9265706898,13807.300000000001,6806.0,342480.019711723,-1747810.9462824129,19668948312.777138,-3143194934.18004,2090290.9659941357,64972.659999999996,-51165.36
7185.0,-299282.23894266447,3350.870000000001,2743.0,77198.39709439015,-376480.63603705465,5281817550.864617,-683249877.9417226,453679.0331314448,14864.730000000001,-11513.859999999999
7190.0,-1017155.9351674694,-2015.2900000000013,4621.0,235493.57633893803,-1252649.5115064075,10336858947.490322,-2329328134.7546167,1488143.0878453455,42120.87,-44136.159999999996
7195.0,-727259.5311192215,-6003.719999999998,3258.0,67228.48779069033,-794488.0189099119,13027348825.987055,-1192790734.5708256,861716.5067006021,12918.03,-18921.75
7200.0,-24041320.704335712,1596200.5799999996,187515.0,18953637.627595447,-42994958.33193115,173292484824.0852,-106132971366.16399,61948595.9595266,4285808.74,-2689608.16
7205.0,-773963.104567414,-8272.689999999997,2690.0,107400.0277487274,-881363.1323161414,8400524845.663117,-1421206159.1627603,988763.1600648687,18137.54,-26410.23
7210.0,-394328.8246700519,100274.72,5362.0,812138.4441428139,-1206467.268812866,9058747566.07779,-3122231864.1737847,2018605.7129556797,144052.68,-43777.96
7215.0,-579022.9380722316,1186.4900000000002,1889.0,79006.28762732439,-658029.225699556,7855289629.454943,-956034543.1234145,737035.5133268804,13393.85,-12207.359999999999
7220.0,-1872680.8596992183,-21551.630000000005,5955.0,193514.18386681433,-2066195.0435660325,17738531316.992626,-3076967313.3185263,2259709.227432847,31356.28,-52907.91
7225.0,-7161691.053328883,205960.93,34393.0,2705676.8207732905,-9867367.874102173,71359661791.59328,-18210448997.629955,12573044.694875464,599852.99,-393892.06
7230.0,-2110097.7955358927,-20056.42,9177.0,357470.22976599284,-2467568.025301886,19050541322.743286,-3890949068.312036,2825038.2550678784,59435.88,-79492.3
7235.0,-600840.7082987868,-6150.019999999999,2031.0,63878.58208849629,-664719.2903872831,7171005516.8099375,-932362857.8422089,728597.8724757794,10307.54,-16457.559999999998
7240.0,-1417417.582957512,21285.67,5255.0,397867.33424960356,-1815284.9172071158,14788313446.657701,-2913460157.3709064,2213152.2514567194,67689.36,-46403.689999999995
7245.0,-862328.6624808136,14818.25,2708.0,92795.10642082557,-955123.7689016392,11283356251.785883,-1242636101.1167521,1047918.8753224647,31402.98,-16584.73
7250.0,-10463935.117762389,724076.1199999999,58448.0,7298190.824811082,-17762125.942573473,100155231860.11539,-34677913144.14592,25060316.76738455,1477228.2799999998,-753152.16
7255.0,-628052.8873740556,23571.01,4040.0,188235.84719291056,-816288.7345669661,11146633783.398674,-1159274603.1171033,1004524.5817598767,36794.91,-13223.9
7260.0,-2477176.2771925395,-29032.079999999998,5988.0,316619.8080749912,-2793796.0852675308,21211127345.047325,-3721298361.0157576,3110415.893342522,43364.07,-72396.15
7265.0,-1247819.47430963,2300.1900000000023,3161.0,254476.93304703626,-1502296.4073566662,11465821497.427444,-2000328498.4147239,1756773.3404037023,30095.91,-27795.719999999998
7270.0,-3026287.7581287567,23388.989999999998,7399.0,772564.3476857971,-3798852.1058145533,39982272013.81379,-4895287399.799549,4571416.45350035,95301.14,-71912.15
7275.0,-10302591.276260408,-45501.90999999995,29282.0,2501986.1625676597,-12804577.438828068,65827549113.83722,-18790058468.953033,15306563.601395726,438041.89,-483543.8
7280.0,-2192226.197820788,63808.43,8097.0,1127146.6072957872,-3319372.805116575,33032335687.368065,-4942257988.454905,4446519.412412362,145859.34,-82050.91
7285.0,67715.77694564713,100405.68000000001,3355.0,1134609.385616511,-1066893.6086708638,17374664344.21983,-2233152191.537715,2201502.994287375,117925.62999999999,-17519.95
7290.0,-3306218.8170072353,-2080.750000000001,6549.0,529819.9858923556,-3836038.8028995907,29812494877.335968,-4566402861.309128,4365858.788791946,72856.73999999999,-74937.48999999999
7295.0,-1456957.2505736125,16398.27,4303.0,415270.597601317,-1872227.8481749296,16477177238.110298,-2266162419.2605944,2287498.4457762465,48899.020000000004,-32500.75
7300.0,-18150725.86140774,964570.0499999999,109323.0,15822973.801619228,-33973699.66302697,156702372987.4304,-58709351352.47097,49796673.4646462,2729724.06,-1765154.01
7305.0,-1690674.1268001883,884.2400000000008,3168.0,221167.33171571884,-1911841.4585159072,18518267518.32226,-2007310427.320461,2133008.790231626,28917.690000000002,-28033.45
7310.0,-13790897.090295697,-6451.499999999989,20024.0,1344757.7169533744,-15135654.807249071,138878002956.2995,-14503870330.606194,16480412.524202444,189750.98,-196202.48
7315.0,-1651665.6284434895,45382.77,4133.0,789849.8116478334,-2441515.440091323,24650121055.88191,-2872379569.6063156,3231365.2517391564,82987.39,-37604.619999999995
7320.0,-15990979.546514962,-73437.86,19942.0,1346246.2598534257,-17337225.80636839,153224106379.99274,-15491774432.930676,18683472.06622181,152571.12,-226008.98
7325.0,-5377083.178441563,558361.4500000001,31548.0,5488796.004464775,-10865879.182906337,60521770200.17614,-16844911804.398108,16354675.187371112,974511.9,-416150.45
7330.0,-3467537.0279816957,-13454.4,6140.0,570310.2357037386,-4037847.2636854346,30184285022.21832,-3882597480.2384267,4608157.4993891725,59189.27,-72643.67
7335.0,-7234081.8813514905,-31745.790000000005,10468.0,376440.48431533156,-7610522.365666822,138140847926.42398,-6025099707.731082,7986962.849982153,42182.58,-73928.37000000001
7340.0,-3786162.3210185133,-12920.529999999993,7311.0,810140.8000210442,-4596303.121039557,28909887890.765907,-4406399910.308068,5406443.921060601,87944.13,-100864.66
7345.0,-7471366.6111718025,-17082.29,13634.0,432085.35140189563,-7903451.962573698,140995075845.3987,-5896019377.347767,8335537.313975594,56730.02,-73812.31
7350.0,-7697466.994592216,1041733.9299999999,70321.0,17735276.377970975,-25432743.372563194,149976889647.03757,-37154208333.89224,43168019.75053417,2070671.3499999999,-1028937.42
7355.0,-2197735.618028132,50278.29,4608.0,847152.1278888684,-3044887.745917,26332420490.96459,-2762039533.188471,3892039.8738058684,93788.27,-43509.98
7360.0,-9732892.038984098,-124944.98000000001,12724.0,1138484.2342189616,-10871376.27320306,44498714607.70726,-8554417891.444157,12009860.50742202,92486.33,-217431.31
7365.0,-1817310.05926838,11986.229999999998,3555.0,668460.2254288193,-2485770.2846971992,24274024673.050232,-1949420054.774925,3154230.5101260184,43155.689999999995,-31169.46
7370.0,-4297761.54932124,9536.359999999997,6793.0,1544806.8796250252,-5842568.428946265,47901670291.50778,-4691035381.235289,7387375.30857129,111305.44,-101769.08
7375.0,-8972668.293267528,143959.65,26866.0,6405850.176020732,-15378518.46928826,73913266727.39053,-14778603871.946194,21784368.64530899,624437.1799999999,-480477.53
7380.0,-3800259.6050238735,3863.64,8510.0,2783287.820990623,-6583547.426014497,41595651965.50585,-5598000660.403842,9366835.24700512,147968.21,-144104.57
7385.0,-2192293.053013744,17643.780000000002,3574.0,1297514.9844387134,-3489808.037452457,29552066402.487217,-2536707583.7899137,4787323.02189117,63571.090000000004,-45927.31
7390.0,-3557373.7678362033,-9944.03,6591.0,2054045.4860171168,-5611419.25385332,30280918871.619946,-4154462300.754302,7665464.739870437,103779.49,-113723.52
7395.0,-2530771.5490438747,-7187.26,3393.0,1132498.5004802812,-3663270.0495241564,23384967991.289104,-2374475021.4593945,4795768.550004438,49999.35,-57186.61
7400.0,-32137934.937257,1351510.8199999998,135967.0,38246866.916032605,-70384801.8532896,222610494019.58362,-63485928531.71088,108631668.7693222,3850848.8400000003,-2499338.02
7405.0,-1088650.792280722,9440.62,2524.0,907014.7799787844,-1995665.5722595062,11261488327.324455,-1327124535.017419,2902680.3522382905,49658.6,-40217.98
7410.0,-2531720.1931587444,26115.449999999997,6147.0,2564558.9612191087,-5096279.1543778535,27865169063.22846,-3286061469.6211553,7660838.115596962,117947.9,-91832.45
7415.0,-2280066.4686411414,31002.88,4745.0,1980185.5678153057,-4260252.036456447,23977432703.76971,-2333420360.2243867,6240437.604271753,92642.98,-61640.100000000006
7420.0,-5722063.878088854,101038.09,9342.0,3882907.3401873964,-9604971.21827625,58239126227.74214,-5014070872.77628,13487878.558463646,234929.35,-133891.26
7425.0,-4222818.67078878,308119.53,30690.0,14951574.540601468,-19174393.211390246,73541698693.34251,-13372997720.077164,34125967.75199171,858983.46,-550863.9299999999
7430.0,-5765382.484526641,64331.750000000015,17672.0,10955752.53072323,-16721135.015249873,34766630011.91665,-9015330584.12929,27676887.5459731,442385.9,-378054.14999999997
7435.0,-2895835.3750476334,-14435.919999999998,3369.0,1221616.7585134723,-4117452.1335611055,13182133190.89913,-1478756399.6296535,5339068.8920745775,56250.63,-70686.55
7440.0,-4488341.9351958325,-16505.670000000002,7308.0,3244773.089510931,-7733115.024706763,22464098766.53515,-2823880532.941252,10977888.114217695,136288.09,-152793.76
7445.0,-6393400.452301379,-24055.719999999994,4711.0,1113975.6921674232,-7507376.144468802,20571158786.42301,-1797813288.9802594,8621351.836636227,82891.07,-106946.79
7450.0,-12327604.020040032,935792.93,69974.0,34459828.86180306,-46787432.8818431,68422293962.914276,-20395139826.46749,81247261.74364616,2218432.34,-1282639.41
7455.0,-2239007.4015318113,7223.550000000005,4153.0,2774564.4642394385,-5013571.86577125,10490497882.969744,-1124914329.4261906,7788136.330010689,79475.91,-72252.36
7460.0,-15946084.238744624,-122782.61000000003,15600.0,4673722.869278163,-20619807.108022787,10192743450.12522,-3586987008.009356,25293529.97730095,306405.19999999995,-429187.81
7465.0,-3789945.35513645,-29715.399999999994,4616.0,2110518.9541733535,-5900464.309309803,9067444492.612349,-752610228.5093739,8010983.263483156,79629.12,-109344.51999999999
7470.0,6787972.539647017,104019.79000000001,8123.0,15516339.510038659,-8728366.970391642,77051253976.13701,-2248582488.4130006,24244706.4804303,262803.07,-158783.28
7475.0,-13362694.947531644,-97479.40000000005,47021.0,23882460.207636345,-37245155.15516799,-23067560326.23425,-5531954238.187262,61127615.36280434,1137837.98,-1235317.38
7480.0,-4917517.726206196,-98175.43999999999,5616.0,4097425.8978019697,-9014943.624008166,-10330166295.692131,115578186.38846667,13112369.521810135,92437.19,-190612.63
7485.0,-1757683.7366782979,-34546.3,3286.0,2912172.5504264757,-4669856.287104773,-8720491209.999727,421533939.2997349,7582028.83753125,54044.04,-88590.34000000001
7490.0,-7681110.104651175,-254559.12000000005,11462.0,5987131.028220972,-13668241.132872147,-29425683099.67221,1372614850.8790236,19655372.16109312,171749.99,-426309.11000000004
7495.0,-592855.8505991889,-97851.90000000001,4586.0,3162966.276231749,-3755822.126830938,-11478333098.731316,833590172.7333862,6918788.403062687,61878.68,-159730.58000000002
7500.0,2763897.97535255,973602.0500000003,178035.0,79165648.96081762,-76401750.98546508,-185857250773.1391,3699879905.7703996,155567399.94628268,5068159.02,-4094556.9699999997
7505.0,2288448.3671190185,-130294.78999999998,5601.0,7084767.324832869,-4796318.957713851,-44139680149.455574,2631525479.0239034,11881086.28254672,71520.34,-201815.13
7510.0,894520.2691048889,-106915.99999999999,8303.0,7287555.7814387055,-6393035.512333816,-36833895698.400894,3105428204.641282,13680591.29377252,144329.66999999998,-251245.66999999998
7515.0,7414770.220200221,27444.779999999995,5761.0,9927839.151023222,-2513068.930823002,-47111446642.84571,3593308936.166227,12440908.081846224,132408.8,-104964.02
7520.0,1630799.1759882593,-26075.610000000015,8922.0,8209919.288921356,-6579120.1129330965,-45659963370.89273,4315362157.482994,14789039.401854452,192660.44,-218736.05000000002
7525.0,11667789.716606531,242856.75,26470.0,22378090.170541022,-10710300.453934489,-87492685918.75224,9277723925.856781,33088390.62447551,728716.95,-485860.2
7530.0,7752576.454571895,-59197.92,10665.0,12271264.583249899,-4518688.128678004,-76179665551.77225,6299588277.684579,16789952.711927902,168546.31,-227744.22999999998
7535.0,1321450.2445027856,-62997.04999999999,3994.0,3629730.15192453,-2308279.907421745,-26684858098.836407,2635378598.0842,5938010.059346275,45902.590000000004,-108899.64
7540.0,3760352.7101796223,-70645.44,8059.0,7422184.820532026,-3661832.1103524035,-38494764452.10037,4826614777.618949,11084016.93088443,116103.44,-186748.87999999998
7545.0,595269.4523684144,-56981.04,3369.0,2798461.201209276,-2203191.7488408615,-26373913935.538578,2693238868.02136,5001652.950050138,27924.18,-84905.22
7550.0,17626369.92612616,-62556.64999999998,65468.0,36358322.79167383,-18731952.865547676,-156672750294.5586,23342649642.143456,55090275.65722151,1487725.9100000001,-1550282.56
7555.0,-992284.1907955103,-191869.34,6192.0,3458617.1493420335,-4450901.340137544,-30804269149.567883,4534403968.762608,7909518.489479577,36834.13,-228703.47
7560.0,4706252.206154407,-61264.109999999986,10089.0,8706826.581150183,-4000574.374995776,-53836738388.83958,8103840681.779979,12707400.956145959,132929.21,-194193.31999999998
7565.0,2499726.682043955,-19069.32999999999,5163.0,3797777.7192304363,-1298051.0371864815,-26414418671.088543,3378175025.5574102,5095828.756416919,67755.0,-86824.33
7570.0,3537823.386580333,-6979.260000000004,7754.0,5541611.332216693,-2003787.9456363602,-33380264953.232685,5228321486.910382,7545399.277853053,97595.12,-104574.38
7575.0,10672109.780559137,116334.96999999997,30090.0,17282181.325794093,-6610071.545234955,-67118799742.892136,15072537767.702475,23892252.871029045,643098.96,-526763.99
7580.0,6256787.026247511,-14902.360000000002,11690.0,8959270.063625416,-2702483.037377904,-50652337168.14562,9308246141.508368,11661753.101003319,140007.25,-154909.61
7585.0,3171374.6848674044,-2604.13,3926.0,3316912.0088913105,-145537.32402390623,-27024377742.033092,3120681531.09062,3462449.3329152167,23558.22,-26162.350000000002
7590.0,3442738.5405297,-22448.759999999995,9091.0,4613618.3189302385,-1170879.7784005383,-19567989403.589153,4867459197.205488,5784498.097330777,86246.03,-108694.79
7595.0,1931220.5268387897,-14676.329999999998,3199.0,2075966.521114595,-144745.99427580522,-15889777728.822468,2044100623.6038966,2220712.5153904003,17802.6,-32478.93
7600.0,23971877.811724786,-318820.42000000004,146338.0,63265810.71374337,-39293932.902018584,-412782662780.62427,78995339495.53502,102559743.61576195,2986747.3499999996,-3305567.77
7605.0,2992197.43571771,16725.26,4571.0,3085624.808374967,-93427.37265725716,-25744405671.669903,3329046609.487732,3179052.181032224,23184.16,-6458.9
7610.0,3638723.033546639,-5591.03,8455.0,4974075.403127361,-1335352.369580722,-30005679744.99138,6236440930.021782,6309427.7727080835,96135.53,-101726.56
7615.0,2168135.661809485,-11560.04,4832.0,2402825.4922144655,-234689.83040498043,-18773660705.961395,2958595627.398527,2637515.3226194456,19596.03,-31156.07
7620.0,3596197.8074929505,8119.1600000000035,7130.0,3950025.90429122,-353828.09679826966,-26857564836.73574,4772978969.294102,4303854.00108949,52873.87,-44754.71
7625.0,9897309.822336677,99386.34999999998,24691.0,12488560.688012,-2591250.865675323,-50944842858.15653,15016558449.473957,15079811.553687325,410911.38,-311525.03
7630.0,2845456.085932202,3512.639999999999,8123.0,3243641.5915010497,-398185.5055688474,-21703381183.031044,4361091123.820385,3641827.0970698968,44138.08,-40625.44
7635.0,926219.4414354569,4435.5,6195.0,963698.7855914577,-37479.344156000894,-10638976549.981638,1269147442.4021387,1001178.1297474587,7689.740000000001,-3254.2400000000002
7640.0,3016174.733330072,27974.3,7514.0,3368091.6820680704,-351916.9487379984,-18114347313.886326,4743487403.600442,3720008.630806069,58571.25,-30596.95
7645.0,793475.6050664544,-8992.859999999999,2792.0,951823.6732022675,-158348.0681358132,-8935042733.09787,1483168473.3303206,1110171.7413380807,7779.709999999999,-16772.57
7650.0,12534137.230492104,315657.13999999996,50980.0,16651851.073402775,-4117713.8429106716,-60034564505.02715,21586059970.098137,20769564.916313447,849837.4,-534180.26
7655.0,1632821.7380372027,8257.73,5688.0,1653473.6743203797,-20651.936283177034,-17983971785.344048,2435820444.683291,1674125.6106035567,10192.73,-1935.0
7660.0,2180270.4904133463,34108.509999999995,13718.0,2400636.186099176,-220365.69568582985,-11228317376.085754,3640707818.1308947,2621001.881785006,56437.18,-22328.670000000002
7665.0,405867.0060527183,1506.7100000000003,2463.0,429419.13398901065,-23552.12793629232,-5871732125.070411,653301644.0746189,452971.26192530297,3624.03,-2117.3199999999997
7670.0,2085675.7289815468,28210.889999999996,7529.0,2151492.095406782,-65816.36642523506,-11727481013.67682,3384024587.8058953,2217308.461832017,35278.34,-7067.450000000001
7675.0,7642934.890885206,362532.20999999996,26599.0,9149623.055274218,-1506688.1643890121,-25711176059.168232,12426945918.693499,10656311.21966323,571490.1599999999,-208957.94999999998
7680.0,2355872.247641435,30104.19,6334.0,2406747.220887346,-50874.97324591125,-13385917169.542723,4045854237.759754,2457622.1941332575,35668.86,-5564.67
7685.0,457349.1084896952,3217.08,2884.0,473078.0839549275,-15728.975465232303,-5188059044.389252,777502463.0509187,488807.0594201598,5812.78,-2595.7
7690.0,1607064.993863421,742.5300000000008,5805.0,1742568.2083303924,-135503.21446697135,-9857844576.175882,3279990037.9546103,1878071.4227973637,29975.01,-29232.48
7695.0,284754.2310625643,2129.3900000000003,2030.0,297925.4587582833,-13171.227695718948,-3653019167.8879247,503025649.09673303,311096.6864540022,3415.8700000000003,-1286.48
7700.0,22531477.120433763,1244744.18,77114.0,27599648.597371574,-5068171.47693781,-57903324691.75982,42088025709.88615,32667820.074309383,1962584.87,-717840.69
7705.0,109855.8645705743,80.13999999999999,759.0,125657.308378267,-15801.443807692698,-1224966103.4115527,240381819.8188502,141458.7521859597,1732.7199999999998,-1652.5799999999997
7710.0,1165872.7117187125,20443.1,6732.0,1193053.5592004955,-27180.84748178302,-8865368952.667805,2029174391.6080153,1220234.4066822785,37238.630000000005,-16795.530000000002
7715.0,824573.7826972818,41284.780000000006,1975.0,850274.0998834422,-25700.317186160322,-1476781901.2415335,1302796885.92889,875974.4170696024,43979.97000000001,-2695.19
7720.0,619667.2938021368,10823.019999999999,3973.0,675081.3981784182,-55414.10437628134,-5844353500.941673,1245725664.3679886,730495.5025546995,17979.94,-7156.92
7725.0,5296667.5497786505,225800.93,18032.0,6025654.809878781,-728987.2601001307,-18100180638.220173,10712027119.040537,6754642.069978911,341056.32,-115255.38999999998
7730.0,2254022.4295861544,223296.21000000002,9720.0,2390636.423233032,-136613.9936468773,-7969759305.379234,3179977149.875443,2527250.416879909,240234.48,-16938.27
7735.0,36877.635573674335,-1302.1,512.0,60062.09270979614,-23184.457136121808,-517084247.9333432,149743612.98261392,83246.54984591795,1298.47,-2600.5699999999997
7740.0,1242559.6691058155,37968.170000000006,5641.0,1295756.173841977,-53196.504736161536,-6959114914.370282,2456351347.2970247,1348952.6785781386,44906.29,-6938.120000000001
7745.0,75218.46718604179,361.8200000000003,449.0,92875.54673869415,-17657.07955265237,-438844819.79105556,211220873.72871202,110532.62629134652,2402.9100000000003,-2041.0900000000001
7750.0,9892772.133447317,546080.27,45998.0,11296208.731111143,-1403436.5976638272,-28920155939.69474,20735467965.982067,12699645.32877497,764556.67,-218476.4
7755.0,54856.485521369614,76.48000000000002,351.0,67793.03515347182,-12936.549632102211,-292340847.46537477,157228825.09598562,80729.58478557403,1663.8,-1587.32
7760.0,552176.4413308646,9003.75,13400.0,598179.6715985071,-46003.23026764258,-6972865167.989619,1211690771.005785,644182.9018661497,15057.869999999999,-6054.12
7765.0,39120.51528282394,315.72,370.0,45043.498707731334,-5922.983424907395,-290127273.7653688,103203370.52636847,50966.48213263873,1013.4,-697.68
7770.0,623382.530028239,15808.529999999999,7387.0,639428.7517025346,-16046.221674295535,-5929727773.273882,1313970756.2558632,655474.9733768301,18063.309999999998,-2254.7799999999997
7775.0,2630667.11950349,117559.98,14082.0,3102332.360188556,-471665.24068506574,-10256406519.295013,6551653248.521084,3573997.6008736216,191891.73,-74331.75
7780.0,322629.6233173492,9787.28,2240.0,339536.98428249056,-16907.360965141343,-2670849385.82338,738875354.038975,356444.3452476319,12066.2,-2278.92
7785.0,12339.759321265843,-6.2299999999999045,40.0,18233.6505524954,-5893.891231229558,-28960326.57599196,50393527.19788962,24127.54178372496,752.8200000000002,-759.0500000000001
7790.0,192789.41640670388,7466.24,1820.0,205400.85354960515,-12611.437142901279,-1990696432.3017135,419597263.78525716,218012.29069250645,9277.66,-1811.42
7795.0,18336.78510273393,535.96,36.0,20289.57209036322,-1952.7869876292884,-27843975.429545056,49266497.17763913,22242.35907799251,786.64,-250.68
7800.0,17974112.34741904,1206382.67,80227.0,23642809.710338537,-5668697.362919498,-36352163233.17001,52138464460.089516,29311507.073258035,2077278.7000000002,-870896.03
7805.0,11996.308465638018,329.23,29.0,14573.946376789052,-2577.6379111510337,-17458345.50078664,38547675.12102181,17151.584287940084,674.75,-345.52
7810.0,248402.6032441377,8790.68,1337.0,254242.90355373776,-5840.300309600068,-1160336216.8809884,591884780.229129,260083.20386333784,9727.77,-937.09
7815.0,17701.00991014305,87.72000000000003,56.0,25347.98066746077,-7646.970757317721,-34420323.34456612,78735780.882216,32994.95142477849,1151.04,-1063.32
7820.0,487574.6256514282,29523.69,1356.0,493354.3148446323,-5779.689193204148,-768653740.810594,1047661516.5071242,499134.00403783645,30403.510000000002,-879.82
7825.0,3196666.717051051,240298.96,13504.0,3386011.72243421,-189345.00538315895,-8380263119.258113,7114436251.852708,3575356.727817369,272423.38,-32124.42
7830.0,170932.56726092775,4923.71,954.0,185003.46368906272,-14070.896428134945,-790607097.8584925,486046412.6288467,199074.36011719765,7071.14,-2147.4300000000003
7835.0,6733.648427311793,294.36,12.0,6733.648427311793,0.0,-7346437.28198123,16337030.762655187,6733.648427311793,294.36,0.0
7840.0,298055.5845071611,15598.02,971.0,304680.12544964807,-6624.540942486912,-644636301.2921408,721300282.3110211,311304.66639213497,16628.84,-1030.8200000000002
7845.0,0.0,0.0,0.0,0.0,0.0,0.0,0.0,0.0,0.0,0.0
7850.0,6198682.469065827,412373.07000000007,27406.0,6906073.064268869,-707390.5952030413,-12746373689.773624,16464980792.64891,7613463.65947191,533305.4,-120932.32999999999
7855.0,1090.2992716103204,45.9,2.0,1090.2992716103204,0.0,-1243355.1490760548,2828074.7385654803,1090.2992716103204,45.9,0.0
7860.0,130500.82540885093,4899.129999999999,482.0,140510.68106200584,-10009.855653154897,-353531473.0744268,376269540.69061196,150520.53671516074,6558.65,-1659.52
7865.0,8584.571701310857,354.72,16.0,8584.571701310857,0.0,-10001546.177423256,22977213.63918429,8584.571701310857,354.72,0.0
7870.0,83072.9786894789,1665.9600000000003,309.0,90757.14683220633,-7684.1681427274325,-257953360.9705243,273143371.3861731,98441.31497493378,2917.57,-1251.6100000000001
7875.0,2227552.707249434,139565.52000000002,10748.0,2539560.6214195355,-312007.9141701016,-5430477630.763785,6489033258.723302,2851568.5355896372,198152.17,-58586.65
7880.0,128815.74550269995,4571.339999999999,432.0,135843.944036029,-7028.198533329038,-329166070.10248804,393782961.5171907,142872.14256935802,5720.539999999999,-1149.2
7885.0,26446.232497519148,1054.17,51.0,26446.232497519148,0.0,-32114308.583294347,75194689.24996942,26446.232497519148,1054.17,0.0
7890.0,81437.38315719692,3778.95,348.0,85964.53330690807,-4527.1501497111485,-248009212.87590387,239927428.9346675,90491.68345661921,4563.74,-784.79
7895.0,1018.4177320214661,39.900000000000006,2.0,1018.4177320214661,0.0,-1261725.6720809415,2981242.576965329,1018.4177320214661,39.900000000000006,0.0
7900.0,15955544.217794992,1239509.12,55589.0,17032792.39487895,-1077248.17708396,-21282479442.798824,43203404800.54319,18110040.57196291,1432453.35,-192944.23
7905.0,8493.964508459036,326.74,17.0,8493.964508459036,0.0,-10731774.09486567,25582079.386198476,8493.964508459036,326.74,0.0
7910.0,180815.90685259903,5877.84,509.0,184823.8820459052,-4007.9751933061475,-370132337.99904615,580123184.1720895,188831.85723921133,6612.34,-734.5000000000001
7915.0,1469.8083720326931,55.52999999999999,3.0,1469.8083720326931,0.0,-1893019.4276398958,4555015.797166409,1469.8083720326931,55.52999999999999,0.0
7920.0,101631.68335588265,4212.639999999999,254.0,102436.21132743394,-804.527971551278,-164670417.05969736,317697706.63687825,103240.73929898521,4361.719999999999,-149.07999999999998
7925.0,2572749.318166999,158774.06,10849.0,2688370.426915412,-115621.108748413,-5216555364.547838,7592614911.683347,2803991.535663825,180829.71000000002,-22055.65
7930.0,177218.36570038315,6108.240000000001,471.0,180951.5973369588,-3733.2316365756587,-328799497.66347975,597049056.1160351,184684.82897353446,6801.06,-692.8199999999999
7935.0,9395.420722195919,343.0,20.0,9395.420722195919,0.0,-12560918.18484965,30703330.75352553,9395.420722195919,343.0,0.0
7940.0,120060.16358104223,5991.28,341.0,122085.27550842515,-2025.1119273829177,-202010943.91067266,386070121.7796572,124110.38743580808,6372.58,-381.29999999999995
7945.0,1837.8533695370218,65.96,4.0,1837.8533695370218,0.0,-2502022.8638198096,6159783.572143139,1837.8533695370218,65.96,0.0
7950.0,5340194.53760168,451476.79,20564.0,5661943.193874577,-321748.65627289756,-6972317151.0217495,15549869178.648306,5983691.850147475,514074.62,-62597.829999999994
7955.0,6735.417543871327,237.75,15.0,6735.417543871327,0.0,-9333769.718402142,23158343.69130271,6735.417543871327,237.75,0.0
7960.0,93523.07763433154,4520.0599999999995,273.0,95968.8647992104,-2445.7871648788578,-147629442.08607653,316593307.7849028,98414.65196408925,4995.32,-475.26
7965.0,438.49395675481867,15.24,1.0,438.49395675481867,0.0,-618353.2151735049,1544687.8792806398,438.49395675481867,15.24,0.0
7970.0,97092.1880363225,4752.16,247.0,97910.2411795808,-818.0531432583007,-125290143.0025228,326639995.10283107,98728.29432283911,4914.48,-162.32
7975.0,1378822.5542171274,73655.8,5732.0,1525505.9066443713,-146683.35242724407,-2617802073.529299,5012681765.178778,1672189.2590716153,103377.94,-29722.14
7980.0,2963438.013315541,292535.97,8524.0,2968169.515203001,-4731.5018874600055,-2013575811.5117526,7908587575.088789,2972901.0170904608,293484.57,-948.6
7985.0,75550.69260581158,6925.340000000001,222.0,77200.41272224589,-1649.720116434317,-56774988.47138004,218416968.80306712,78850.1328386802,7256.540000000001,-331.2
7990.0,3234307.9546463853,318223.48,9280.0,3235548.7081553834,-1240.7535089982844,-2158493040.206271,8798780341.133587,3236789.4616643814,318474.04,-250.56000000000003
7995.0,46399.97475613831,3835.4500000000003,136.0,47643.94298714426,-1243.9682310059475,-39951109.10629394,144462796.20539382,48887.91121815021,4087.9,-252.45000000000002
8000.0,20387093.878278658,-885617.5299999999,196794.0,44140969.1915274,-23753875.31324874,-56385179281.10792,207600471038.71005,67894844.50477614,3981153.62,-4866771.15
8005.0,30542.905080293254,1815.6,133.0,39300.03393984273,-8757.128859549477,-35175361.529376216,144657334.77344558,48057.16279939221,3603.12,-1787.52
8010.0,4416545.851156571,386284.51000000007,13365.0,4426176.664852776,-9630.813696205492,-4008578979.1248627,13332944299.656452,4435807.478548981,388337.49000000005,-2052.98
8015.0,3036.106535394815,-27.970000000000027,22.0,5567.772784168198,-2531.666248773383,-5778026.199671647,25672402.767522655,8099.439032941581,516.05,-544.02
8020.0,3595877.7176898816,342987.16,10498.0,3596303.11694405,-425.3992541684351,-2532657903.5180664,10527620836.436739,3596728.5161982183,343078.73,-91.57
8025.0,1893693.14929892,201912.09,6992.0,1961261.2241343756,-67568.07483545547,-1748889369.760694,5711882251.248691,2028829.298969831,216560.57,-14648.48
8030.0,4208283.724919469,394412.79000000004,12223.0,4208283.724919469,0.0,-2966067340.1095796,12642124254.585548,4208283.724919469,394412.79000000004,0.0
8035.0,19643.93242935245,1774.1799999999998,57.0,19643.93242935245,0.0,-14774003.820306053,60767631.243721515,19643.93242935245,1774.1799999999998,0.0
8040.0,15411263.245613588,1455803.2,45026.0,15411263.245613588,0.0,-10671102671.042622,46964067410.885254,15411263.245613588,1455803.2,0.0
8045.0,26056.718975951502,2293.3999999999996,76.0,26056.718975951502,0.0,-20346278.143447075,83074763.44575104,26056.718975951502,2293.3999999999996,0.0
8050.0,13991413.917287935,1247320.3900000001,44101.0,14014440.725220563,-23026.807932628722,-12012945530.726358,44778049841.93241,14037467.533153193,1252581.09,-5260.7
8055.0,38504.60029782322,3152.11,113.0,38504.60029782322,0.0,-33414987.676838137,129150858.22456528,38504.60029782322,3152.11,0.0
8060.0,5062597.476172009,466423.19,14936.0,5062597.476172009,0.0,-3627154685.626853,16172841932.09328,5062597.476172009,466423.19,0.0
8065.0,24299.368206519583,1904.72,72.0,24299.368206519583,0.0,-22295195.815167606,84448060.72524253,24299.368206519583,1904.72,0.0
8070.0,9773417.383271087,892791.0599999999,28941.0,9773417.383271087,0.0,-7048423867.490594,31876207979.318962,9773417.383271087,892791.0599999999,0.0
8075.0,630233.1586388324,42816.979999999996,2696.0,634607.5315257687,-4374.372886936222,-1101727550.3845851,2287404241.3544474,638981.9044127049,43868.659999999996,-1051.68
8080.0,4413113.03781703,396339.41,13201.0,4413113.03781703,0.0,-3284920375.261075,14757700647.447298,4413113.03781703,396339.41,0.0
8085.0,7241.360196096035,538.16,22.0,7241.360196096035,0.0,-7094099.666950785,26574311.865721032,7241.360196096035,538.16,0.0
8090.0,5997288.669844011,535487.0700000001,17948.0,5997288.669844011,0.0,-4448274501.8926735,20434920167.583908,5997288.669844011,535487.0700000001,0.0
8095.0,30728.85871998127,2355.27,94.0,30728.85871998127,0.0,-28919679.327564623,113132339.37787336,30728.85871998127,2355.27,0.0
8100.0,21067307.78279812,1771788.56,67765.0,21067307.78279812,0.0,-18923392388.288292,74804347621.19272,21067307.78279812,1771788.56,0.0
8105.0,10314.476188360906,909.23,31.0,10314.476188360906,0.0,-7705810.575204939,36185681.21212762,10314.476188360906,909.23,0.0
8110.0,5317185.930624064,465776.0,16022.0,5317185.930624064,0.0,-4001775745.66055,18857364849.036182,5317185.930624064,465776.0,0.0
8115.0,9754.47886970417,350.04,34.0,9754.47886970417,0.0,-15945698.276650805,45153533.92426962,9754.47886970417,350.04,0.0
8120.0,7856624.338637338,681274.83,23800.0,7856624.338637338,0.0,-5976751843.666049,28421454981.6106,7856624.338637338,681274.83,0.0
8125.0,1502543.073742646,98284.45999999999,4962.0,1502543.073742646,-6.645342232407408e-17,-1692101623.8618684,6008483238.036289,1502543.073742646,98381.84,-97.38
8130.0,9343378.85018232,801974.62,28459.0,9343378.85018232,0.0,-7183200229.993057,34465273279.6041,9343378.85018232,801974.62,0.0
8135.0,6873.097566566955,510.9200000000001,22.0,6873.097566566955,0.0,-6685241.199705243,27211342.85481123,6873.097566566955,510.9200000000001,0.0
8140.0,6646799.547356071,564665.99,20363.0,6646799.547356071,0.0,-5167720760.246486,24998071112.65237,6646799.547356071,564665.99,0.0
8145.0,11618.153362626985,311.41999999999996,46.0,11618.153362626985,0.0,-21431209.75417703,58569301.656043924,11618.153362626985,311.41999999999996,0.0
8150.0,15744125.09205541,1303406.5199999998,48950.0,15744125.09205541,0.0,-12755558097.645329,60729812703.045395,15744125.09205541,1303406.5199999998,0.0
8155.0,2432.2690147279864,64.5,10.0,2432.2690147279864,0.0,-4544663.226309093,12469546.887580432,2432.2690147279864,64.5,0.0
8160.0,14504919.46777989,1206867.06,44982.0,14504919.46777989,0.0,-11528338564.603415,56655863362.549446,14504919.46777989,1206867.06,0.0
8165.0,1171.6806774834167,30.7,5.0,1171.6806774834167,0.0,-2217233.473415724,6102321.471873327,1171.6806774834167,30.7,0.0
8170.0,7172949.648001069,591030.4400000001,22396.0,7172949.648001069,0.0,-5763250569.695922,28522490375.590813,7172949.648001069,591030.4400000001,0.0
8175.0,1231635.9385173202,69518.42,4113.0,1231635.9385173202,0.0,-1450472656.1320288,5582995956.591074,1231635.9385173202,69518.42,0.0
8180.0,18422064.20593717,1502470.2000000002,57901.0,18422064.20593717,0.0,-14961261131.003569,74600149125.55125,18422064.20593717,1502470.2000000002,0.0
8185.0,0.0,0.0,0.0,0.0,0.0,0.0,0.0,0.0,0.0,0.0
8190.0,13506426.752670988,1089796.53,42755.0,13506426.752670988,0.0,-11095536791.720552,55695650746.283745,13506426.752670988,1089796.53,0.0
8195.0,0.0,0.0,0.0,0.0,0.0,0.0,0.0,0.0,0.0,0.0
8200.0,20976908.53811801,1513012.71,96924.0,20976908.53811801,0.0,-27641791420.087147,91007555116.98651,20976908.53811801,1513012.71,0.0
8205.0,0.0,0.0,0.0,0.0,0.0,0.0,0.0,0.0,0.0,0.0
8210.0,39616.43926338689,2878.88,136.0,39616.43926338689,0.0,-38698668.56034655,175199166.4693949,39616.43926338689,2878.88,0.0
8220.0,34799.311840110815,2718.4399999999996,113.0,34799.311840110815,0.0,-29683384.282814603,151227185.80583456,34799.311840110815,2718.4399999999996,0.0
8225.0,417976.62616132107,28759.69,1470.0,417976.62616132107,0.0,-428519589.7905308,1907220162.937237,417976.62616132107,28759.69,0.0
8230.0,18638.473428017856,1418.08,62.0,18638.473428017856,0.0,-16588863.07645078,82963377.11937737,18638.473428017856,1418.08,0.0
8240.0,44022.5062150539,3357.5499999999997,146.0,44022.5062150539,0.0,-38660404.1247942,198095255.90748003,44022.5062150539,3357.5499999999997,0.0
8250.0,2363369.9316034117,165041.94,8405.0,2363369.9316034117,0.0,-2418959575.837659,11095561331.67258,2363369.9316034117,165041.94,0.0
8260.0,16229.339697394114,1174.23,57.0,16229.339697394114,0.0,-15499942.674988251,76424324.78033605,16229.339697394114,1174.23,0.0
8270.0,20164.149244650063,1506.8799999999999,68.0,20164.149244650063,0.0,-17934999.228384715,94824435.01957576,20164.149244650063,1506.8799999999999,0.0
8275.0,1142725.1068508464,80856.43000000001,4081.0,1142725.1068508464,0.0,-1127941391.5081534,5531708824.696823,1142725.1068508464,80856.43000000001,0.0
8280.0,35577.31000390792,2602.21,123.0,35577.31000390792,0.0,-32703599.159595374,170765573.20961964,35577.31000390792,2602.21,0.0
8290.0,48067.55227618097,3143.08,192.0,48067.55227618097,0.0,-53294406.972135015,243111608.52404836,48067.55227618097,3143.08,0.0
8300.0,8360934.092875373,540852.79,52374.0,8360934.092875373,0.0,-13641887901.442663,42256079342.95926,8360934.092875373,540852.79,0.0
8310.0,8172.63071100757,186.61999999999998,62.0,8172.63071100757,0.0,-18272081.028400686,51551999.236706205,8172.63071100757,186.61999999999998,0.0
8320.0,127.046488381746,2.88,1.0,127.046488381746,0.0,-287041.2636748552,809023.4379116356,127.046488381746,2.88,0.0
8325.0,1003061.7481821295,82990.2,3678.0,1003061.7481821295,0.0,-880863758.5001745,4908720059.456375,1003061.7481821295,82990.2,0.0
8330.0,122.15424633748272,2.76,1.0,122.15424633748272,0.0,-278859.45327708917,785798.5983493322,122.15424633748272,2.76,0.0
8340.0,3287.934765457173,73.64,28.0,3287.934765457173,0.0,-7583047.331156987,21363153.959840547,3287.934765457173,73.64,0.0
8350.0,1591963.3222049593,87714.39,10748.0,1591963.3222049593,0.0,-2615813303.7456656,8836387857.853674,1591963.3222049593,87714.39,0.0
8360.0,0.0,0.0,0.0,0.0,0.0,0.0,0.0,0.0,0.0,0.0
8370.0,4156.858795737535,91.60000000000001,40.0,4156.858795737535,0.0,-9878985.852726825,27829535.338009264,4156.858795737535,91.60000000000001,0.0
8375.0,186773.99637351392,7526.0599999999995,2565.0,186773.99637351392,0.0,-513277503.12642825,1080447321.321958,186773.99637351392,7526.0599999999995,0.0
8380.0,301.0192825805188,6.63,3.0,301.0192825805188,0.0,-722446.1193870129,2031076.4075629355,301.0192825805188,6.63,0.0
8390.0,3652.2389280809202,79.80000000000001,38.0,3652.2389280809202,0.0,-8850458.03711486,24893257.98532355,3652.2389280809202,79.80000000000001,0.0
8400.0,9047218.519559387,556949.7,69615.0,9047218.519559387,0.0,-14670095038.082218,51185648069.70056,9047218.519559387,556949.7,0.0
8410.0,445.469999672548,9.65,5.0,445.469999672548,0.0,-1100299.0139412887,3087104.4578352473,445.469999672548,9.65,0.0
8420.0,0.0,0.0,0.0,0.0,0.0,0.0,0.0,0.0,0.0,0.0
8425.0,333481.8224469753,25238.67,1311.0,333481.8224469753,0.0,-311913557.5693367,1853232574.5550976,333481.8224469753,25238.67,0.0
8430.0,1738.9803605728878,37.38,21.0,1738.9803605728878,0.0,-4376287.305721602,12237179.422693172,1738.9803605728878,37.38,0.0
8440.0,1195.7554794144737,25.650000000000002,15.0,1195.7554794144737,0.0,-3037009.797910171,8481168.002931185,1195.7554794144737,25.650000000000002,0.0
8450.0,968011.3845813695,52368.009999999995,7471.0,968011.3845813695,0.0,-1552128231.5547042,5917431409.050122,968011.3845813695,52368.009999999995,0.0
8460.0,0.0,0.0,0.0,0.0,0.0,0.0,0.0,0.0,0.0,0.0
8470.0,1788.467606484815,38.25,25.0,1788.467606484815,0.0,-4666962.277963235,12959793.10731443,1788.467606484815,38.25,0.0
8475.0,53187.467863948084,3665.9700000000003,265.0,53187.467863948084,0.0,-59566237.64252266,321475040.2508679,53187.467863948084,3665.9700000000003,0.0
8480.0,0.0,0.0,0.0,0.0,0.0,0.0,0.0,0.0,0.0,0.0
8490.0,200.7551746032095,4.26,3.0,200.7551746032095,0.0,-533174.8799751243,1472967.9106736262,200.7551746032095,4.26,0.0
8500.0,6785034.652219551,416612.77999999997,53693.0,6785034.652219551,0.0,-10265468076.847664,42355150547.54917,6785034.652219551,416612.77999999997,0.0
8510.0,62.82392586962314,1.3299999999999998,1.0,62.82392586962314,0.0,-169759.97184127738,466186.8348241862,62.82392586962314,1.3299999999999998,0.0
8520.0,5565.014217561209,117.75999999999999,92.0,5565.014217561209,0.0,-15165682.152194232,41588648.34469328,5565.014217561209,117.75999999999999,0.0
8525.0,106617.9232540545,7773.820000000001,484.0,106617.9232540545,0.0,-107865065.16447853,666906716.1230136,106617.9232540545,7773.820000000001,0.0
8530.0,0.0,0.0,0.0,0.0,0.0,0.0,0.0,0.0,0.0,0.0
8540.0,679.6786412591396,14.280000000000001,12.0,679.6786412591396,0.0,-1883587.0969498784,5138410.943362513,679.6786412591396,14.280000000000001,0.0
8550.0,897393.7148285761,48827.49999999999,4444.0,897393.7148285761,0.0,-1079740180.3422978,6158051401.59192,897393.7148285761,48827.49999999999,0.0
8575.0,103488.3299103934,6475.84,515.0,103488.3299103934,0.0,-117188083.49613424,704508806.8135204,103488.3299103934,6475.84,0.0
8600.0,5837634.25039601,312564.39,59378.0,5837634.25039601,0.0,-10148764595.438028,40711157090.15587,5837634.25039601,312564.39,0.0
8650.0,667293.9953177881,40920.86,3549.0,667293.9953177881,0.0,-762055934.40614,4850352189.344488,667293.9953177881,40920.86,0.0
8700.0,2426281.188261397,131983.69,17067.0,2426281.188261397,0.0,-3238698836.9240174,18771591320.320015,2426281.188261397,131983.69,0.0
8800.0,4785532.180085784,251198.06999999998,45525.0,4785532.180085784,0.0,-7153831636.15554,39827792791.98311,4785532.180085784,251198.06999999998,0.0
8900.0,1370930.62009988,55695.0,35414.0,1370930.62009988,0.0,-3467628272.7106695,11939091817.109322,1370930.62009988,55695.0,0.0
9000.0,4682383.812733488,213693.12000000002,53148.0,4682383.812733488,0.0,-7143185995.341766,45748122783.34881,4682383.812733488,213693.12000000002,0.0
9100.0,368374.9426243787,15882.929999999998,4969.0,368374.9426243787,0.0,-587755176.3929719,3838098266.9470544,368374.9426243787,15882.929999999998,0.0
9200.0,2283959.4970280365,98584.9,37340.0,2283959.4970280365,0.0,-3990882428.1532617,24939229779.50239,2283959.4970280365,98584.9,0.0
9300.0,71351.42813696736,3811.8199999999997,868.0,71351.42813696736,0.0,-97098540.79207556,794257062.4913056,71351.42813696736,3811.8199999999997,0.0
9400.0,437522.27932392096,18815.38,9681.0,437522.27932392096,0.0,-768391933.9661844,5202801491.874788,437522.27932392096,18815.38,0.0
9600.0,189210.0887853303,7746.96,5919.0,189210.0887853303,0.0,-362490250.3952955,2427461997.519359,189210.0887853303,7746.96,0.0
9800.0,115043.22586594199,5077.4400000000005,3960.0,115043.22586594199,0.0,-216310165.682056,1572346953.9624677,115043.22586594199,5077.4400000000005,0.0
10000.0,565087.0013341411,21385.9,38079.0,565087.0013341411,0.0,-1307018728.1932828,7963476193.557669,565087.0013341411,21385.9,0.0
10200.0,45612.77595689977,1894.1100000000001,2852.0,45612.77595689977,0.0,-96278663.67081866,683371241.7105328,45612.77595689977,1894.1100000000001,0.0
10400.0,19280.031838939925,811.56,1480.0,19280.031838939925,0.0,-42274768.20019616,300055971.40436393,19280.031838939925,811.56,0.0
10600.0,18614.25791510848,791.4,1804.0,18614.25791510848,0.0,-43213176.40173628,298017427.6959759,18614.25791510848,791.4,0.0
10800.0,9197.722337359937,384.19,1214.0,9197.722337359937,0.0,-23846371.130735807,148665067.88147032,9197.722337359937,384.19,0.0
11000.0,22829.361347688595,991.79,3147.0,22829.361347688595,0.0,-57119882.28688428,386152798.1747359,22829.361347688595,991.79,0.0
11200.0,3046.499608402107,133.63,525.0,3046.499608402107,0.0,-8324264.974854508,51726729.48300137,3046.499608402107,133.63,0.0
11400.0,9214.59405264078,392.06,2084.0,9214.59405264078,0.0,-27687292.3488226,156686532.52382597,9214.59405264078,392.06,0.0
11600.0,140.31131785648643,6.59,26.0,140.31131785648643,0.0,-364371.75576695084,2558075.8169625197,140.31131785648643,6.59,0.0
11800.0,344.73744791750823,16.22,69.0,344.73744791750823,0.0,-884231.0224298293,6495931.974909032,344.73744791750823,16.22,0.0
12000.0,34925.63474607277,1539.6299999999999,16865.0,34925.63474607277,0.0,-132659389.10271166,599998049.7536403,34925.63474607277,1539.6299999999999,0.0
