strike,net_gex,net_dex,total_oi,call_gex,put_gex,charm_exp,vanna_exp,gross_gex,call_dex,put_dex
-1.0,39440804.49504216,113954701.83,12808768.0,7483.24,15341.0,,,,,
1000.0,-3177.2352244567987,-567.14,28357.0,0.0,-3177.2352244567987,46230897.2942057,-47496438.66777677,3177.2352244567987,0.0,-567.14
1200.0,-3089.5785849167423,-488.2199999999999,16274.0,0.0,-3089.5785849167423,40934088.129180975,-44619184.56368182,3089.5785849167423,0.0,-488.2199999999999
1400.0,-7324.283850459901,-1255.3,20780.0,0.0,-7324.283850459901,76352220.61908461,-107672397.05345118,7324.283850459901,0.0,-1255.3
1600.0,-9470.843573597089,-1553.57,18527.0,0.0,-9470.843573597089,93140351.98597732,-134056981.15131642,9470.843573597089,0.0,-1553.57
1800.0,-11826.320436765776,-1823.88,16024.0,0.0,-11826.320436765776,106994050.32054906,-162487271.40527034,11826.320436765776,0.0,-1823.88
2000.0,-45298.149997374065,-6867.32,47199.0,0.0,-45298.149997374065,399782080.27694184,-597681494.7881513,45298.149997374065,0.0,-6867.32
2200.0,-65921.03119959518,-9776.36,54294.0,0.0,-65921.03119959518,558001736.869208,-843051075.3919406,65921.03119959518,0.0,-9776.36
2400.0,-55327.18646136783,-8194.43,31453.0,0.0,-55327.18646136783,398906988.22091544,-702727837.1558036,55327.18646136783,0.0,-8194.43
2500.0,-79539.3673580568,-10559.28,62064.0,0.0,-79539.3673580568,754810119.9016454,-939942120.26059,79539.3673580568,0.0,-10559.28
2600.0,-27480.94306251471,-3773.1499999999996,16981.0,0.0,-27480.94306251471,235703871.13183093,-329559594.41370994,27480.94306251471,0.0,-3773.1499999999996
2700.0,-131951.206499391,-17980.99,59230.0,0.0,-131951.206499391,998109080.1890557,-1557494155.157921,131951.206499391,0.0,-17980.99
2800.0,-147015.88107397043,-20298.34,57465.0,0.0,-147015.88107397043,1040053913.9285932,-1735629174.4926012,147015.88107397043,0.0,-20298.34
2900.0,-16447.183617518298,-2092.57,9442.0,0.0,-16447.183617518298,166282676.98323804,-183865920.25503448,16447.183617518298,0.0,-2092.57
3000.0,-129977.6984577138,-16868.47,58427.0,0.0,-129977.6984577138,1125093404.3139665,-1455003510.4223466,129977.6984577138,0.0,-16868.47
3100.0,-17766.115134811043,-2272.94,8154.0,0.0,-17766.115134811043,164504613.29778478,-194918176.81223568,17766.115134811043,0.0,-2272.94
3200.0,-83958.1235829937,-10899.09,27646.0,0.0,-83958.1235829937,624646082.6934361,-930760795.9862958,83958.1235829937,0.0,-10899.09
3300.0,-156439.5290973719,-20215.920000000002,42223.0,0.0,-156439.5290973719,1073005177.5449042,-1716983166.555459,156439.5290973719,0.0,-20215.920000000002
3400.0,-106815.86286180935,-13188.68,29332.0,0.0,-106815.86286180935,793654252.7220314,-1133347697.601384,106815.86286180935,0.0,-13188.68
3450.0,-3662.4333424700053,-320.90999999999997,1689.0,0.0,-3662.4333424700053,46667332.38197207,-32966474.373795997,3662.4333424700053,0.0,-320.90999999999997
3500.0,-407655.091870395,-50549.87,80126.0,0.0,-407655.091870395,2491893732.2294025,-4317621589.88199,407655.091870395,0.0,-50549.87
3550.0,-1676.50746587346,-146.52,666.0,0.0,-1676.50746587346,20575361.994323775,-14869732.054657158,1676.50746587346,0.0,-146.52
3600.0,-90573.1746679236,-10341.82,23385.0,0.0,-90573.1746679236,725894492.0923171,-906965921.8007883,90573.1746679236,0.0,-10341.82
3650.0,-2692.870306227913,-214.26,2755.0,0.0,-2692.870306227913,67297665.32354677,-21037912.985520326,2692.870306227913,0.0,-214.26
3700.0,-104065.18193665017,-12300.09,19234.0,0.0,-104065.18193665017,670945549.8721634,-1056290270.7373792,104065.18193665017,0.0,-12300.09
3750.0,-5648.5485605476715,-447.34000000000003,3735.0,0.0,-5648.5485605476715,105955770.45763807,-45157159.92924516,5648.5485605476715,0.0,-447.34000000000003
3800.0,-284055.25515319407,-36289.11,41769.0,0.0,-284055.25515319407,1496175760.2545626,-2973413863.1559734,284055.25515319407,0.0,-36289.11
3850.0,-35859.76263305912,-4276.05,6461.0,0.0,-35859.76263305912,237597695.92381126,-359274439.90447986,35859.76263305912,0.0,-4276.05
3900.0,-76853.0442111656,-8919.08,13022.0,0.0,-76853.0442111656,507220621.01647055,-756494099.4312662,76853.0442111656,0.0,-8919.08
3950.0,-33355.2428152084,-4001.55,5689.0,0.0,-33355.2428152084,216669369.00064567,-331779997.07053,33355.2428152084,0.0,-4001.55
3975.0,-1229.4789637421998,-101.38000000000001,274.0,0.0,-1229.4789637421998,12810178.470063595,-10286193.066257915,1229.4789637421998,0.0,-101.38000000000001
4000.0,-1063217.8309880234,-122284.16,122246.0,0.0,-1063217.8309880234,5552465830.030542,-10393700281.755693,1063217.8309880234,0.0,-122284.16
4025.0,-2525.6608684360062,-206.69999999999996,530.0,0.0,-2525.6608684360062,25800111.524458338,-21006852.91773673,2525.6608684360062,0.0,-206.69999999999996
4050.0,-59496.390497443004,-6828.62,7578.0,0.0,-59496.390497443004,335784863.44182634,-576059041.0997226,59496.390497443004,0.0,-6828.62
4075.0,-2093.5691029587447,-171.78,409.0,0.0,-2093.5691029587447,20959249.530546416,-17268657.923433572,2093.5691029587447,0.0,-171.78
4100.0,-138980.45758197925,-16017.449999999999,16782.0,0.0,-138980.45758197925,771956058.8224773,-1341035770.4824064,138980.45758197925,0.0,-16017.449999999999
4125.0,-18883.531718696817,-2112.3999999999996,1790.0,0.0,-18883.531718696817,92079749.2716848,-180239093.0463785,18883.531718696817,0.0,-2112.3999999999996
4150.0,-69778.87748327164,-8143.28,10050.0,0.0,-69778.87748327164,427291977.24033785,-671666413.3620465,69778.87748327164,0.0,-8143.28
4175.0,-8258.272648409044,-853.73,919.0,0.0,-8258.272648409044,49803403.07813913,-75411652.80419901,8258.272648409044,0.0,-853.73
4200.0,-228376.94234582534,-24139.62,32765.0,0.0,-228376.94234582534,1578269215.3889778,-2080806248.0764213,228376.94234582534,0.0,-24139.62
4225.0,-5947.074351315369,-596.1899999999999,1471.0,0.0,-5947.074351315369,58989484.90023977,-52254651.60248868,5947.074351315369,0.0,-596.1899999999999
4250.0,-77465.59573605898,-8496.35,10308.0,0.0,-77465.59573605898,499415274.7439048,-714828537.4589329,77465.59573605898,0.0,-8496.35
4275.0,-13898.097412334382,-1473.11,1865.0,0.0,-13898.097412334382,88836366.38094315,-126437749.33242252,13898.097412334382,0.0,-1473.11
4300.0,-213547.9952727151,-22895.02,22421.0,0.0,-213547.9952727151,1204530731.5425375,-1952215627.0812976,213547.9952727151,0.0,-22895.02
4325.0,-11812.649752225221,-1191.0100000000002,1705.0,0.0,-11812.649752225221,87756980.77398984,-103937544.7956404,11812.649752225221,0.0,-1191.0100000000002
4350.0,-69469.04766036401,-7851.82,6406.0,0.0,-69469.04766036401,353388767.69701797,-645735944.6905835,69469.04766036401,0.0,-7851.82
4375.0,-16291.678381214762,-1503.23,2747.0,0.0,-16291.678381214762,150628140.74175185,-136325849.54509652,16291.678381214762,0.0,-1503.23
4400.0,-321294.1339063501,-32969.86000000001,33603.0,0.0,-321294.1339063501,1965636579.2226298,-2842002968.973792,321294.1339063501,0.0,-32969.86000000001
4425.0,-18724.797827662107,-1794.7099999999998,2551.0,0.0,-18724.797827662107,146754773.63195717,-159041608.4619558,18724.797827662107,0.0,-1794.7099999999998
4450.0,-93399.03150499884,-9928.73,8409.0,0.0,-93399.03150499884,509601711.19677037,-833581382.4943486,93399.03150499884,0.0,-9928.73
4475.0,-16673.796522362463,-1386.84,2578.0,0.0,-16673.796522362463,160453644.1136165,-131662543.19493149,16673.796522362463,0.0,-1386.84
4500.0,-780361.5893174094,-82638.42,60020.0,0.0,-780361.5893174094,3829106768.4007087,-6932570253.010966,780361.5893174094,0.0,-82638.42
4525.0,-18692.99898772212,-1749.43,2480.0,0.0,-18692.99898772212,149752878.15273854,-155053022.41967607,18692.99898772212,0.0,-1749.43
4550.0,-74328.57563633693,-8446.31,6895.0,0.0,-74328.57563633693,393847203.8975885,-672179121.2428286,74328.57563633693,0.0,-8446.31
4575.0,-19752.582311301925,-1822.35,2172.0,0.0,-19752.582311301925,145850422.74587515,-162416985.0972211,19752.582311301925,0.0,-1822.35
4600.0,-366491.1274296336,-37306.35,34376.0,0.0,-366491.1274296336,2172835056.086128,-3140625021.3829684,366491.1274296336,0.0,-37306.35
4625.0,-41000.92980287879,-4163.22,4256.0,0.0,-41000.92980287879,265547937.56236792,-348522553.60885555,41000.92980287879,0.0,-4163.22
4650.0,-99331.86323316504,-9520.16,8418.0,0.0,-99331.86323316504,607855213.2806786,-824524914.3015215,99331.86323316504,0.0,-9520.16
4675.0,-45202.091245515745,-4536.49,3466.0,0.0,-45202.091245515745,249412875.6986435,-381479927.18492043,45202.091245515745,0.0,-4536.49
4700.0,-502085.2043548786,-52453.25,30966.0,0.0,-502085.2043548786,2241852602.3930516,-4319166063.151022,502085.2043548786,0.0,-52453.25
4725.0,-38445.81914809064,-3710.15,3280.0,0.0,-38445.81914809064,239859258.15018392,-316293810.92568237,38445.81914809064,0.0,-3710.15
4750.0,-225090.20968699022,-19481.06,19223.0,0.0,-225090.20968699022,1556000954.021866,-1766932823.5875504,225090.20968699022,0.0,-19481.06
4775.0,-70195.3559347543,-6430.709999999999,6299.0,0.0,-70195.3559347543,487003325.77579504,-558524040.2473681,70195.3559347543,0.0,-6430.709999999999
4800.0,-637695.1336909969,-58696.67999999999,50337.0,0.0,-637695.1336909969,3921645968.068215,-5097835926.575546,637695.1336909969,0.0,-58696.67999999999
4825.0,-48621.497144324276,-4877.0599999999995,3147.0,0.0,-48621.497144324276,245807394.7912231,-401873844.0035863,48621.497144324276,0.0,-4877.0599999999995
4850.0,-236682.1480000918,-22914.87,15621.0,0.0,-236682.1480000918,1257350976.3405595,-1921543541.0690928,236682.1480000918,0.0,-22914.87
4875.0,-85018.71517635982,-7750.43,7978.0,0.0,-85018.71517635982,628247957.6364728,-661464668.7257657,85018.71517635982,0.0,-7750.43
4900.0,-537929.9590823622,-54699.75,28566.0,2.220685841408666,-537932.1797682038,2323967339.6306233,-4436583820.739252,537934.4004540452,99.91,-54799.66
4925.0,-78036.6078943363,-7257.36,5196.0,0.0,-78036.6078943363,442850226.8744788,-614323257.1197768,78036.6078943363,0.0,-7257.36
4950.0,-126726.19851158005,-12092.330000000002,7377.0,0.0,-126726.19851158005,656902796.7960021,-1003631488.4878576,126726.19851158005,0.0,-12092.330000000002
4975.0,-98518.89137593706,-9071.2,8698.0,0.0,-98518.89137593706,695023353.0457007,-759756578.7216804,98518.89137593706,0.0,-9071.2
5000.0,-4731521.964204184,2130572.6999999997,309911.0,787726.6975362862,-5519248.66174047,33362460618.831436,-47560829017.60202,6306975.359276757,2662087.3299999996,-531514.63
5025.0,-92718.93071014778,-9156.23,4992.0,10.566044063985673,-92729.49675421177,443336071.73718184,-737750705.4779445,92740.06279827576,99.36,-9255.59
5050.0,-318627.0696749903,-30917.969999999998,14024.0,0.0,-318627.0696749903,1317070572.2313027,-2516188265.916194,318627.0696749903,0.0,-30917.969999999998
5075.0,-123741.22551382301,-10384.810000000001,6810.0,3.244343820899247,-123744.46985764391,698162272.2382752,-919595307.7020379,123747.71420146481,99.87,-10484.68
5100.0,-1186186.3038073396,-117003.35,46671.0,52.67004633450503,-1186238.9738536743,4460131693.558371,-9358562062.480654,1186291.6439000086,496.64000000000004,-117499.99000000002
5125.0,-186042.32465680825,-15917.949999999999,8457.0,17.40552883054355,-186059.7301856388,922706677.2868553,-1382941592.6204665,186077.13571446933,98.77,-16016.72
5150.0,-357643.45513445314,-31100.230000000003,17351.0,32.129970545063806,-357675.5851049982,1862895588.6867537,-2652240103.2685,357707.71507554327,298.23,-31398.46
5175.0,-179079.85843079467,-14481.86,8424.0,0.0,-179079.85843079467,970436171.3878146,-1289002443.0607347,179079.85843079467,0.0,-14481.86
5200.0,-1224590.7572989478,-104502.83,62133.0,968.1531394225758,-1225558.9104383704,5984580502.7765,-9121377291.574474,1226527.0635777928,6038.21,-110541.04000000001
5225.0,-293565.4048676604,-30996.409999999996,8950.0,0.0,-293565.4048676604,846715299.1700013,-2309705457.9103136,293565.4048676604,0.0,-30996.409999999996
5250.0,-532116.2401882824,-48026.28,20554.0,0.0,-532116.2401882824,2315244781.4532294,-3928003931.360386,532116.2401882824,0.0,-48026.28
5275.0,-367212.76773554133,-36578.41,12031.0,221.25173979509756,-367434.0194753364,1261198477.1244428,-2810062875.4288387,367655.2712151315,781.78,-37360.19
5300.0,-1192959.4084252047,-108280.92,42214.0,28.28508648909864,-1192987.6935116937,4905869272.375583,-8729370044.160776,1193015.9785981828,198.26,-108479.18
5325.0,-231741.3213546022,-21622.77,9495.0,0.0,-231741.3213546022,1074591987.8473442,-1691242981.3108091,231741.3213546022,0.0,-21622.77
5350.0,-356474.2939528828,-30578.68,12716.0,0.0,-356474.2939528828,1572958824.1603525,-2531824706.159119,356474.2939528828,0.0,-30578.68
5375.0,-165694.98096991229,-15004.83,6332.0,53.84121459057315,-165748.82218450285,745136926.6336275,-1190419690.6546512,165802.6633990934,196.16,-15200.99
5400.0,-1574127.221253828,112313.63999999996,62335.0,19679.67412518175,-1593806.8953790094,6718510138.599089,-11709608194.257807,1613486.5695041912,260023.05999999997,-147709.42
5425.0,-165284.29261109393,-13220.06,6745.0,152.5929099832273,-165436.88552107717,858600423.7614609,-1141708742.3349013,165589.4784310604,790.46,-14010.52
5450.0,-557717.0063959049,-31269.75,17962.0,2731.126075063373,-560448.1324709683,2300790817.452381,-3953291535.8442416,563179.2585460317,18066.539999999997,-49336.29
5475.0,-321323.5258089435,-24341.33,8543.0,1086.9244334552423,-322410.4502423987,1001318957.3007654,-2338192712.4502025,323497.37467585393,7148.16,-31489.49
5480.0,-916.722092934463,-31.36,196.0,0.0,-916.722092934463,25380431.17592982,-3960999.263814222,916.722092934463,0.0,-31.36
5490.0,-4528.444392700237,-153.44,959.0,0.0,-4528.444392700237,124649306.84723954,-19561164.924631245,4528.444392700237,0.0,-153.44
5500.0,-3749852.964470841,476237.29000000004,119871.0,174211.577599677,-3924064.5420705182,14821441252.837826,-29345609498.71843,4098276.119670195,838098.2000000001,-361860.91000000003
5510.0,-4959.061043225849,-185.35,687.0,0.0,-4959.061043225849,102869561.5317618,-23226748.942217708,4959.061043225849,0.0,-185.35
5520.0,-1712.3412422403708,-59.3,307.0,0.0,-1712.3412422403708,44938323.34090667,-7369653.27567686,1712.3412422403708,0.0,-59.3
5525.0,-167233.78567699363,-14466.27,4686.0,163.35931169588088,-167397.1449886895,632711189.4972888,-1157100180.9664488,167560.5043003854,690.9,-15157.17
5530.0,-3054.2429947978662,-109.28999999999999,477.0,0.0,-3054.2429947978662,72320369.98578326,-13592119.016308878,3054.2429947978662,0.0,-109.28999999999999
5540.0,-3479.156406749376,-117.34,623.0,0.0,-3479.156406749376,91229420.33061698,-14909606.286493205,3479.156406749376,0.0,-117.34
5550.0,-401224.0545704941,26213.959999999992,14366.0,14469.872487318387,-415693.92705781246,2064656756.42481,-2899152195.52378,430163.79954513087,60001.45999999999,-33787.5
5560.0,-15502.55220545973,-712.94,1437.0,0.0,-15502.55220545973,224675206.6708301,-81876261.09021913,15502.55220545973,0.0,-712.94
5570.0,-9701.85261499424,-386.76,1264.0,0.0,-9701.85261499424,191283156.0089735,-46670296.646101385,9701.85261499424,0.0,-386.76
5575.0,-240023.23605648914,37627.469999999994,10920.0,15623.860056721242,-255647.0961132104,1556872336.4399872,-1816056213.8898625,271270.9561699316,58412.969999999994,-20785.5
5580.0,-14666.100353304424,-682.0899999999999,1257.0,0.0,-14666.100353304424,198343958.63164186,-78179136.91905849,14666.100353304424,0.0,-682.0899999999999
5590.0,-12169.885656301762,-493.34,1441.0,0.0,-12169.885656301762,222156801.25496158,-59577039.56253081,12169.885656301762,0.0,-493.34
5600.0,-2095188.348057107,233731.86,74205.0,132115.79820608467,-2227304.146263192,9698733279.638403,-16133263274.90749,2359419.944469277,427849.27999999997,-194117.41999999998
5610.0,-47178.401168631535,-2955.5899999999997,1709.0,0.0,-47178.401168631535,294110821.04099137,-285994073.3533492,47178.401168631535,0.0,-2955.5899999999997
5620.0,-32618.543501285836,-1430.28,2223.0,0.0,-32618.543501285836,416814332.9306492,-168041401.85104173,32618.543501285836,0.0,-1430.28
5625.0,-272608.50355502416,3881.1000000000017,6802.0,10183.80949985887,-282792.31305488304,911398614.4648293,-2016848491.886987,292976.1225547419,30170.15,-26289.05
5630.0,-8670.768037938138,-459.28,489.0,0.0,-8670.768037938138,84945339.91813578,-48660106.00573013,8670.768037938138,0.0,-459.28
5640.0,-17751.96773483516,-993.6899999999999,880.0,0.0,-17751.96773483516,153501506.03696173,-101806229.5535233,17751.96773483516,0.0,-993.6899999999999
5650.0,-682944.8034949437,75329.67000000001,19871.0,48022.01804002097,-730966.8215349646,2880674588.420348,-5264351650.373759,778988.8395749856,138668.88,-63339.21
5660.0,-32049.177505835145,-1958.66,1152.0,0.0,-32049.177505835145,206087322.4795849,-190452683.99431425,32049.177505835145,0.0,-1958.66
5670.0,-105711.9253311845,-5515.7699999999995,4546.0,0.0,-105711.9253311845,851816235.8187087,-598690058.9373025,105711.9253311845,0.0,-5515.7699999999995
5675.0,-305703.98501361295,-22142.73,8743.0,1233.875656193269,-306937.8606698062,1383801219.8504815,-1978430173.981286,308171.7363259995,3323.16,-25465.89
5680.0,-15081.87009717936,-819.75,725.0,0.0,-15081.87009717936,132336570.73391941,-84840635.04494911,15081.87009717936,0.0,-819.75
5690.0,-22519.9127517877,-1169.35,1193.0,0.0,-22519.9127517877,221664794.7004416,-123736800.70885089,22519.9127517877,0.0,-1169.35
5700.0,-2639742.308864592,133936.78999999998,73841.0,141129.72440893718,-2780872.0332735293,11209037819.957941,-19134068285.115894,2922001.7576824664,366048.74,-232111.95
5710.0,-38545.696889820836,-2267.0499999999997,1372.0,0.0,-38545.696889820836,258889897.0793526,-223810321.01036054,38545.696889820836,0.0,-2267.0499999999997
5720.0,-20044.674369495842,-1234.4099999999999,808.0,0.0,-20044.674369495842,151988022.5241774,-115459886.0557191,20044.674369495842,0.0,-1234.4099999999999
5725.0,-293182.63952038455,-20842.940000000002,6594.0,2395.8694415863433,-295578.50896197086,1004803578.4800787,-1940597620.816327,297974.37840355723,5645.72,-26488.66
5730.0,-18836.27458392048,-1011.04,855.0,0.0,-18836.27458392048,164856078.7914003,-104235483.82973672,18836.27458392048,0.0,-1011.04
5740.0,-44384.933108253244,-2416.1800000000003,1726.0,0.0,-44384.933108253244,340342406.6823914,-249214168.57506636,44384.933108253244,0.0,-2416.1800000000003
5750.0,-1366776.8210075407,20284.88,36070.0,66196.8227023158,-1432973.6437098566,5716583484.8102665,-9674312653.787283,1499170.4664121722,144357.98,-124073.1
5760.0,-33505.48667531382,-1748.6,1334.0,0.0,-33505.48667531382,272793521.3164015,-184120062.9119748,33505.48667531382,0.0,-1748.6
5770.0,-22866.540330054122,-1142.8999999999999,1077.0,50.80516206824337,-22917.345492122364,211626182.39016294,-125096697.11999446,22968.150654190606,96.28999999999999,-1239.1899999999998
5775.0,-455673.0210804818,-18632.810000000005,10230.0,10744.883922069817,-466417.9050025516,1667677155.529586,-3039770102.782933,477162.7889246214,21870.369999999995,-40503.18
5780.0,-20963.585761532042,-1356.4499999999998,741.0,51.67915540764578,-21015.26491693969,140506905.21775788,-123057247.55522203,21066.944072347334,96.21,-1452.6599999999999
5790.0,-34424.64329325648,-1896.28,1366.0,0.0,-34424.64329325648,284292178.2121258,-188311812.0781781,34424.64329325648,0.0,-1896.28
5800.0,-3136407.7861435236,379901.4799999999,115745.0,343392.3355787775,-3479800.121722301,17100908385.312847,-24077880526.71013,3823192.4573010784,665463.7899999999,-285562.31
5805.0,0.0,0.0,0.0,0.0,0.0,0.0,0.0,0.0,0.0,0.0
5810.0,-85780.21167278785,-5196.51,2590.0,0.0,-85780.21167278785,534455830.90610594,-487984695.28128576,85780.21167278785,0.0,-5196.51
5815.0,0.0,0.0,0.0,0.0,0.0,0.0,0.0,0.0,0.0,0.0
5820.0,-35173.43203387173,-2086.38,1323.0,0.0,-35173.43203387173,272712377.2577072,-194592578.0954372,35173.43203387173,0.0,-2086.38
5825.0,-337900.77397775557,-24510.81,7009.0,1212.9631276907128,-339113.7371054463,1278028367.5708292,-2072657390.8816473,340326.700233137,2214.3199999999997,-26725.13
5830.0,-59443.97025993678,-4043.91,1843.0,0.0,-59443.97025993678,369996196.04270303,-342019212.3647735,59443.97025993678,0.0,-4043.91
5835.0,0.0,0.0,0.0,0.0,0.0,0.0,0.0,0.0,0.0,0.0
5840.0,-70213.4658483396,-4261.719999999999,1701.0,0.0,-70213.4658483396,361748931.7585923,-400230830.0272243,70213.4658483396,0.0,-4261.719999999999
5845.0,0.0,0.0,0.0,0.0,0.0,0.0,0.0,0.0,0.0,0.0
5850.0,-995320.4968996906,-24124.49,25759.0,34727.49632865365,-1030047.9932283442,3753589897.6438775,-6538559316.768134,1064775.489556998,60133.22,-84257.71
5855.0,0.0,0.0,0.0,0.0,0.0,0.0,0.0,0.0,0.0,0.0
5860.0,-47282.17747679652,-2722.56,1360.0,0.0,-47282.17747679652,300575165.3508017,-261143311.41374227,47282.17747679652,0.0,-2722.56
5865.0,0.0,0.0,0.0,0.0,0.0,0.0,0.0,0.0,0.0,0.0
5870.0,-38763.050762811275,-1991.1399999999999,1329.0,0.0,-38763.050762811275,299960116.9022743,-206685515.00162864,38763.050762811275,0.0,-1991.1399999999999
5875.0,-370312.0102520561,-13936.939999999999,7813.0,10131.000662778835,-380443.010914835,1438006544.0821145,-2365623182.682739,390574.01157761377,16982.63,-30919.57
5880.0,-58848.148758026706,-2823.92,3027.0,0.0,-58848.148758026706,675712866.302707,-293729092.0354057,58848.148758026706,0.0,-2823.92
5885.0,0.0,0.0,0.0,0.0,0.0,0.0,0.0,0.0,0.0,0.0
5890.0,-49139.61559720274,-2836.7799999999997,1242.0,0.0,-49139.61559720274,277955912.4986276,-272254267.3827287,49139.61559720274,0.0,-2836.7799999999997
5895.0,0.0,0.0,0.0,0.0,0.0,0.0,0.0,0.0,0.0,0.0
5900.0,-3395525.966305154,101447.13000000002,86804.0,240468.90692843194,-3635994.8732335856,16200746027.129787,-23103574864.632668,3876463.780162018,380032.5,-278585.37
5905.0,0.0,0.0,0.0,0.0,0.0,0.0,0.0,0.0,0.0,0.0
5910.0,-89706.88441011847,-6544.259999999999,2402.0,0.0,-89706.88441011847,503928645.9998193,-509616309.2170683,89706.88441011847,0.0,-6544.259999999999
5915.0,-374.6009830925819,-25.379999999999995,6.0,0.0,-374.6009830925819,1235261.65550063,-2171871.108840547,374.6009830925819,0.0,-25.379999999999995
5920.0,-51103.465243701365,-2758.54,1520.0,0.0,-51103.465243701365,361169919.8758385,-271531222.1328835,51103.465243701365,0.0,-2758.54
5925.0,-1077274.1906776824,-68407.39,18956.0,4821.621986457646,-1082095.81266414,3951501885.1892896,-6268818031.994221,1086917.4346505976,7555.469999999999,-75962.86
5930.0,-57114.35590433315,-2946.3799999999997,2095.0,0.0,-57114.35590433315,489721980.092919,-294918384.51578367,57114.35590433315,0.0,-2946.3799999999997
5935.0,-11948.27528230525,-809.0999999999999,186.0,0.0,-11948.27528230525,38813265.767497905,-68739703.10106717,11948.27528230525,0.0,-809.0999999999999
5940.0,-57257.53630278543,-3158.01,1574.0,0.0,-57257.53630278543,375178208.9852601,-305426177.30026895,57257.53630278543,0.0,-3158.01
5945.0,0.0,0.0,0.0,0.0,0.0,0.0,0.0,0.0,0.0,0.0
5950.0,-1264494.4116516132,-33961.030000000006,25555.0,53051.32953900453,-1317545.741190618,4796890337.983841,-8137214362.089776,1370597.0707296224,77808.13999999998,-111769.17
5955.0,0.0,0.0,0.0,0.0,0.0,0.0,0.0,0.0,0.0,0.0
5960.0,-25830.638618761226,-1280.82,958.0,0.0,-25830.638618761226,238681028.92265046,-129549117.69910121,25830.638618761226,0.0,-1280.82
5965.0,0.0,0.0,0.0,0.0,0.0,0.0,0.0,0.0,0.0,0.0
5970.0,-23176.95668457476,-1314.04,619.0,0.0,-23176.95668457476,150458757.38382518,-122775632.35664566,23176.95668457476,0.0,-1314.04
5975.0,-657113.0353322882,-41920.229999999996,12244.0,9436.293843277295,-666549.3291755655,2394755398.3825965,-3934757302.482886,675985.6230188429,13086.53,-55006.759999999995
5980.0,-41631.42493481143,-2331.08,1024.0,0.0,-41631.42493481143,252467957.54133406,-220774655.02873853,41631.42493481143,0.0,-2331.08
5985.0,-343.9298699501749,-23.150000000000002,5.0,0.0,-343.9298699501749,1075478.4873839647,-1943767.2826441303,343.9298699501749,0.0,-23.150000000000002
5990.0,-274133.0221318392,-17921.569999999996,4523.0,73.89769022649168,-274206.9198220657,1014576683.3783135,-1529017630.092534,274280.8175122922,94.06,-18015.629999999997
5995.0,0.0,0.0,0.0,0.0,0.0,0.0,0.0,0.0,0.0,0.0
6000.0,-24600390.005797002,17545674.1,929335.0,15682850.3811721,-40283240.386969104,172035750579.4511,-345057707773.9173,55966090.7681412,20802421.69,-3256747.59
6005.0,-1356.134562466915,-140.79999999999998,16.0,0.0,-1356.134562466915,1877811.1316125144,-8293895.4198933905,1356.134562466915,0.0,-140.79999999999998
6010.0,-137443.30883063388,-8218.57,2667.0,0.0,-137443.30883063388,654425873.2032322,-738283333.2698793,137443.30883063388,0.0,-8218.57
6015.0,-3083.3128792648918,-320.04,36.0,0.0,-3083.3128792648918,4233048.720111816,-18770357.29141249,3083.3128792648918,0.0,-320.04
6020.0,-66460.75878590641,-3138.49,2215.0,0.0,-66460.75878590641,583286940.0632023,-327900141.83608806,66460.75878590641,0.0,-3138.49
6025.0,-896180.2759900703,67429.95,16413.0,122113.97556506097,-1018294.2515551313,2943839901.977658,-6748210158.208734,1140408.2271201923,153700.90999999997,-86270.95999999999
6030.0,-101707.18883464165,-5909.68,2096.0,0.0,-101707.18883464165,531507380.7337228,-537307774.662755,101707.18883464165,0.0,-5909.68
6035.0,-1398.9598705628532,-145.28,16.0,0.0,-1398.9598705628532,1887863.4350378814,-8441215.771309208,1398.9598705628532,0.0,-145.28
6040.0,-49077.66875779575,-2532.02,1264.0,0.0,-49077.66875779575,342719232.6987664,-247598307.38994816,49077.66875779575,0.0,-2532.02
6045.0,-2473.8197709443634,-257.04,28.0,0.0,-2473.8197709443634,3309335.513428991,-14856703.217107112,2473.8197709443634,0.0,-257.04
6050.0,-5183063.841214458,-221185.25000000003,139412.0,99701.88185197777,-5282765.723066436,32250249990.09525,-28484171871.755947,5382467.604918414,124557.84,-345743.09
6055.0,-1259.9222235701095,-45.24000000000001,16.0,78.95851912052673,-1338.8807426906362,1899698.5246299587,-8573394.8696987,1417.839261811163,93.81,-139.05
6060.0,-68442.15912233513,-3416.29,1744.0,0.0,-68442.15912233513,475403375.6513046,-343797664.6607184,68442.15912233513,0.0,-3416.29
6065.0,-631.3484220855088,-65.59,7.0,0.0,-631.3484220855088,829869.9028839072,-3757326.2705244073,631.3484220855088,0.0,-65.59
6070.0,-56961.95273649724,-2508.63,1497.0,484.1956352499227,-57446.14837174716,412321984.96164554,-290482457.4147753,57930.34400699708,561.9,-3070.53
6075.0,-590632.1517483012,-38664.32,9791.0,4434.29930331435,-595066.4510516155,2164963177.8968134,-3279657159.5411963,599500.75035493,5568.34,-44232.66
6080.0,-86871.31592175315,-4939.73,1829.0,0.0,-86871.31592175315,494609667.4170724,-445238142.23268306,86871.31592175315,0.0,-4939.73
6085.0,-1289.2298777932074,-133.98,14.0,0.0,-1289.2298777932074,1664528.5074348052,-7598712.022009102,1289.2298777932074,0.0,-133.98
6090.0,-76068.64086681923,-1483.5700000000004,2527.0,878.1565057255764,-76946.79737254481,702396307.139339,-376555324.6303681,77824.95387827039,2569.3199999999997,-4052.89
6095.0,-3256.7258623833304,-338.45,35.0,0.0,-3256.7258623833304,4166856.124538765,-19101441.37770461,3256.7258623833304,0.0,-338.45
6100.0,-8306044.0358607685,-123852.93000000004,260532.0,339075.1913121652,-8645119.227172934,63713338070.24124,-45190154266.18596,8984194.4184851,388003.70999999996,-511856.64
6105.0,-6770.5486376682875,-704.16,72.0,0.0,-6770.5486376682875,8583238.532922834,-39497736.30397255,6770.5486376682875,0.0,-704.16
6110.0,-38321.20721681128,-1579.44,1109.0,152.068864543426,-38473.27608135471,322428886.8644825,-185855991.79079893,38625.34494589813,394.52,-1973.96
6115.0,-5510.020078460705,-573.04,58.0,0.0,-5510.020078460705,6921874.561790721,-31999135.514433682,5510.020078460705,0.0,-573.04
6120.0,-40699.588060561946,-2174.04,883.0,0.0,-40699.588060561946,253614603.2241195,-202146196.87221682,40699.588060561946,0.0,-2174.04
6125.0,-813602.2368629207,-45485.17,14898.0,11507.788166254464,-825110.0250291751,3014330517.419785,-4464213554.914105,836617.8131954296,14811.27,-60296.44
6130.0,-59983.436307807155,-3714.63,1096.0,0.0,-59983.436307807155,297713499.3459942,-306655186.3004263,59983.436307807155,0.0,-3714.63
6135.0,-19446.367790047138,-1766.6200000000001,357.0,0.0,-19446.367790047138,78938557.67716607,-105344473.14932153,19446.367790047138,0.0,-1766.6200000000001
6140.0,-106572.47315024045,-6995.449999999999,1623.0,0.0,-106572.47315024045,419878151.2956854,-554534814.9081118,106572.47315024045,0.0,-6995.449999999999
6145.0,-7870.203196855402,-386.62,291.0,89.74593055206009,-7959.949127407463,83656069.28777355,-37514410.59067864,8049.695057959523,92.78,-479.4
6150.0,-6126117.419738239,-241567.76,188831.0,67450.19883393194,-6193567.618572171,52399449313.43572,-29595246347.291534,6261017.817406103,72204.90000000001,-313772.66000000003
6155.0,-20207.72015785902,-617.6,1060.0,0.0,-20207.72015785902,334970481.95668536,-78694223.13282773,20207.72015785902,0.0,-617.6
6160.0,-90547.90861092441,-4578.85,2146.0,140.03495714068526,-90687.9435680651,653644136.1226571,-434712456.44469917,90827.97852520578,190.72,-4769.57
6165.0,-6886.58551948873,-317.39,292.0,0.0,-6886.58551948873,91352115.00560392,-29268922.89997165,6886.58551948873,0.0,-317.39
6170.0,-40451.00167341623,-2401.16,737.0,0.0,-40451.00167341623,213933655.994507,-201226266.84543917,40451.00167341623,0.0,-2401.16
6175.0,-3975702.569070488,-203774.99,73848.0,37249.06887278774,-4012951.637943276,23146969716.271324,-19775474273.246952,4050200.7068160637,41107.630000000005,-244882.62
6180.0,-107634.58941739623,-6501.46,1700.0,282.53253979820556,-107917.12195719444,470232278.5446078,-547715149.0572639,108199.65449699263,277.05,-6778.51
6185.0,-13949.322371548129,-549.6699999999998,412.0,474.17841824958083,-14423.500789797712,117767407.80472846,-72363380.85346714,14897.679208047291,461.45000000000005,-1011.1199999999999
6190.0,-159593.32028305918,-8597.34,4454.0,0.0,-159593.32028305918,1422592432.0055747,-732375647.5824609,159593.32028305918,0.0,-8597.34
6195.0,-6489.191507806485,83.3599999999999,254.0,480.480488517171,-6969.6719963236565,78983914.90430833,-33875755.58905239,7450.152484840828,460.8499999999999,-377.49
6200.0,-6557491.7478483245,397389.04000000004,132873.0,1036854.5550642277,-7594346.302912553,29815292557.475536,-45984999208.24194,8631200.857976781,1001082.07,-603693.03
6205.0,-5085.676439277134,-182.39999999999998,223.0,0.0,-5085.676439277134,74968052.40564787,-20208992.93226842,5085.676439277134,0.0,-182.39999999999998
6210.0,-76217.18433876062,-4561.95,1146.0,0.0,-76217.18433876062,334009079.1879719,-377429623.91075855,76217.18433876062,0.0,-4561.95
6215.0,-17841.55800534265,-708.3699999999999,738.0,0.0,-17841.55800534265,247528581.70518008,-72296234.46792898,17841.55800534265,0.0,-708.3699999999999
6220.0,-213740.22238832057,-9320.789999999999,4136.0,99.36227015926849,-213839.58465847984,1462400042.056328,-979670338.5762436,213938.9469286391,91.85,-9412.64
6225.0,-1053955.2446720598,15581.820000000003,15654.0,127852.45230295887,-1181807.6969750188,2976262458.2093024,-7031154053.960448,1309660.1492779776,120537.03,-104955.21
6230.0,-80445.24681122159,-4352.06,1372.0,0.0,-80445.24681122159,434948308.50985616,-384792467.759474,80445.24681122159,0.0,-4352.06
6235.0,-9492.508246922882,-442.5,341.0,0.0,-9492.508246922882,116596926.23123337,-39623396.0423116,9492.508246922882,0.0,-442.5
6240.0,-164011.68860318325,-7291.4400000000005,4291.0,306.1162734323173,-164317.80487661556,1481600121.690302,-727700793.8248751,164623.92115004789,274.77,-7566.21
6245.0,-5889.128081558369,-208.38,203.0,102.7003431327429,-5991.828424691112,68806606.30259874,-26085183.973583154,6094.528767823855,91.53,-299.90999999999997
6250.0,-5991831.633873616,-283570.43,114798.0,97232.74123334802,-6089064.375106964,35407613960.95955,-29643259737.558575,6186297.116340312,110397.4,-393967.83
6255.0,-6260.562448541685,-179.85999999999999,268.0,0.0,-6260.562448541685,96491848.1083685,-23642379.013140507,6260.562448541685,0.0,-179.85999999999999
6260.0,-163100.80392785202,-9373.92,2250.0,357.97203216996627,-163458.775960022,672741328.3452848,-796377875.6483022,163816.74799219196,479.67,-9853.589999999998
6265.0,-13059.302067026943,-727.6,395.0,0.0,-13059.302067026943,132833407.51059578,-56729842.15276905,13059.302067026943,0.0,-727.6
6270.0,-206497.77596018024,-8175.76,3886.0,53.69444185721085,-206551.47040203746,1488878271.897873,-909437043.9384532,206605.16484389466,198.66,-8374.42
6275.0,-5066253.1977226185,-212686.93000000002,83428.0,33008.773984915504,-5099261.971707534,28908254914.20616,-23728920510.760014,5132270.74569245,67903.0,-280589.93
6280.0,-242518.83473929574,-12860.08,3338.0,859.7780513865142,-243378.61279068224,1064203748.7432765,-1165290588.813017,244238.39084206877,728.48,-13588.56
6285.0,-11371.752447398838,-459.13,397.0,0.0,-11371.752447398838,145268000.8499893,-45406298.85825291,11371.752447398838,0.0,-459.13
6290.0,-243469.75187093214,-11599.83,3231.0,563.6232644154404,-244033.37513534757,1081277712.878604,-1154842365.8055954,244596.99839976302,561.75,-12161.58
6295.0,-14571.900353885445,-644.1899999999999,449.0,109.53885837981682,-14681.43921226526,160239779.7183005,-62015129.93426366,14790.978070645077,90.85,-735.04
6300.0,-6986207.60477857,138104.22000000003,103122.0,595118.3207551843,-7581325.925533755,26230194905.870964,-40877318125.8438,8176444.246288938,712227.6900000001,-574123.47
6305.0,-8246.5243094741,-458.41999999999996,196.0,0.0,-8246.5243094741,69542643.09831963,-36024100.00786026,8246.5243094741,0.0,-458.41999999999996
6310.0,-105780.53562486917,-5143.96,1793.0,0.0,-105780.53562486917,646177273.1825435,-476496516.6791794,105780.53562486917,0.0,-5143.96
6315.0,-19420.657895281263,-594.12,628.0,74.79298424087331,-19495.450879522137,241851003.2281645,-76990183.84643911,19570.24386376301,96.89999999999999,-691.02
6320.0,-126317.32607292815,-6747.67,1642.0,0.0,-126317.32607292815,551900280.5695294,-587827780.300292,126317.32607292815,0.0,-6747.67
6325.0,-1518197.7770926915,46130.87000000001,22634.0,173039.97290317126,-1691237.7499958628,5715377058.9993925,-9242668095.019989,1864277.7228990342,173553.36,-127422.49
6330.0,-370683.2080613555,-19868.16,4193.0,1097.6034541266433,-371780.81151548214,1342076882.0987082,-1748941407.659766,372878.4149696088,1353.9399999999998,-21222.1
6335.0,-11988.705058603167,277.6700000000001,357.0,637.6518537762631,-12626.35691237943,135689507.92649326,-55124336.49513606,13264.008766155694,773.12,-495.45
6340.0,-151567.98823490104,-8293.23,1919.0,277.66851955723513,-151845.6567544583,638205592.4714813,-703904941.1881663,152123.32527401551,283.37,-8576.6
6345.0,-15589.079198454543,-375.05000000000007,367.0,327.7514190762345,-15916.830617530779,138972940.69882098,-69049201.43146558,16244.582036607013,386.08,-761.1300000000001
6350.0,-2568873.574027396,322841.13,47536.0,517908.26134355686,-3086781.8353709527,12937396972.746672,-17235970650.442474,3604690.0967145097,544459.81,-221618.68
6355.0,-30470.697259956105,-2019.0,468.0,118.12813852794626,-30588.825398484056,152064466.94466615,-140921920.70788243,30706.953537012,90.0,-2109.0
6360.0,-142440.5780515474,-6310.66,1924.0,863.9392059802876,-143304.5172575277,686734242.8476726,-651739146.6657368,144168.456463508,1052.28,-7362.9400000000005
6365.0,-58029.47409079681,-2649.5,716.0,988.1587592847924,-59017.6328500816,226241112.90114132,-277945794.5640357,60005.791609366395,1052.4499999999998,-3701.95
6370.0,-115200.68987026931,-2660.1900000000005,1380.0,3145.598454939422,-118346.28832520873,466060228.11155415,-559364274.8095353,121491.88678014817,3929.02,-6589.210000000001
6375.0,-2033606.0146817034,-14426.059999999994,26153.0,181813.8988649075,-2215419.913546611,6992334476.6327305,-11489491609.01475,2397233.8124115183,150679.68,-165105.74
6380.0,-158032.7060306025,-8746.42,1851.0,384.34759853303336,-158417.05362913554,628933061.2887322,-723066960.7502,158801.40122766857,483.8,-9230.220000000001
6385.0,-27301.844697203524,-1531.56,385.0,397.6449095967374,-27699.48960680026,126241058.33256531,-127915443.05318427,28097.134516396996,377.55,-1909.1100000000001
6390.0,-104951.74140214725,-3779.0899999999997,1413.0,2143.6612153399756,-107095.40261748723,522670522.05542374,-485307625.59490216,109239.0638328272,1743.54,-5522.629999999999
6395.0,-15861.814340050782,-1013.02,221.0,94.2155364363842,-15956.029876487166,73099065.92620108,-72468424.88813257,16050.24541292355,95.85000000000001,-1108.87
6400.0,-8541869.09821291,402464.88000000006,120514.0,1330096.1640138784,-9871965.262226788,31519392079.275097,-53567816912.13216,11202061.426240668,1144605.99,-742141.11
6405.0,-17870.28818054956,640.0499999999995,380.0,1645.2313707659343,-19515.519551315494,149075013.61938205,-91095524.6749101,21160.750922081428,1627.0699999999997,-987.0200000000001
6410.0,-158504.1592610548,-8681.65,1670.0,73.91508830994745,-158578.07434936473,590923400.3831921,-708507406.4631451,158651.9894376747,198.3,-8879.95
6415.0,-9445.1324244961,1639.85,313.0,3177.7571917105774,-12622.889616206678,123780742.12923026,-68000232.9503322,15800.646807917256,2227.25,-587.4000000000001
6420.0,-153608.2080222226,-7783.51,1731.0,678.079599797336,-154286.2876220199,620086067.7814851,-687685545.9467497,154964.36722181726,1071.94,-8855.45
6425.0,-1912175.0125216492,17261.819999999985,23569.0,256305.6546231896,-2168480.6671448387,6176975996.327404,-11406195076.074678,2424786.321768028,184938.43,-167676.61000000002
6430.0,-148677.5827160953,-8186.8099999999995,1542.0,811.4959511181974,-149489.0786672135,525781507.8277579,-669826420.7732544,150300.57461833168,866.57,-9053.38
6435.0,-24521.604547092553,-657.56,502.0,626.8061119821707,-25148.41065907472,211111533.3205667,-104789708.74547178,25775.21677105689,571.74,-1229.3
6440.0,-139454.8098787157,-4397.92,1680.0,3086.121409062149,-142540.9312877778,652933676.3241155,-632157256.7834232,145627.05269683996,3053.67,-7451.59
6445.0,-45509.54561517777,-400.6199999999998,694.0,2568.7774346119013,-48078.32304978967,266190298.4660243,-218436846.41869792,50647.10048440158,2283.6,-2684.22
6450.0,-5002054.93333719,138838.08000000002,60955.0,613937.4745153969,-5615992.407852586,16061549761.1282,-29030706100.333015,6229929.882367983,575875.9,-437037.81999999995
6455.0,-45989.65704911156,-2146.4000000000005,522.0,657.8324224246693,-46647.48947153623,189494527.56681827,-205133920.48155868,47305.32189396091,569.9999999999999,-2716.4000000000005
6460.0,-226520.81546992066,-2502.02,2866.0,8493.353106283632,-235014.1685762043,1159801828.10296,-1042063123.9355401,243507.52168248795,9368.24,-11870.26
6465.0,-7826.699651137861,-126.61000000000001,168.0,247.20707375975223,-8073.9067248976135,76367937.480309,-32278481.5252202,8321.113798657365,183.13,-309.74
6470.0,-170171.02107558705,-7349.570000000001,1861.0,2398.4625167737195,-172569.48359236078,716455221.0615839,-750505920.1820586,174967.94610913447,2039.04,-9388.61
6475.0,-1971505.7557981783,159388.83000000002,27004.0,412019.34328866744,-2383525.0990868458,7894331463.290095,-12796497486.254791,2795544.4423755133,330496.96,-171108.13
6480.0,-148692.40936826638,4244.429999999999,2131.0,13378.872970695233,-162071.2823389616,824562879.9503237,-750235381.5846173,175450.15530965684,12328.17,-8083.74
6485.0,-45502.38074988407,-2278.96,529.0,1195.8981448297227,-46698.278894713796,190118556.43654296,-205679069.81715578,47894.17703954352,805.41,-3084.37
6490.0,-232383.07025172154,-1560.83,2396.0,14117.691492806705,-246500.76174452825,830766017.685413,-1141096655.023953,260618.45323733496,13215.06,-14775.890000000001
6495.0,-101258.02056492843,-5064.990000000001,1461.0,279.50571965462706,-101537.52628458306,628483830.9763473,-411208904.1632515,101817.0320042377,175.58,-5240.570000000001
6500.0,-12825999.548480192,2288569.82,198742.0,4588330.931501371,-17414330.479981564,56757404669.2434,-99976232695.54617,22002661.411482934,3562823.4299999997,-1274253.61
6505.0,-121894.07089355859,-6733.99,1137.0,982.7617956852685,-122876.83268924385,404680227.5616247,-526213999.5955931,123859.59448492913,749.5300000000001,-7483.52
6510.0,-359069.66797124763,-14935.75,4622.0,1435.0435702363125,-360504.71154148394,2119063632.7406003,-1449519920.4626424,361939.75511172024,1342.8,-16278.550000000001
6515.0,-56054.00677152323,-1365.71,1044.0,1250.776922983645,-57304.78369450688,501597143.6418752,-222859517.8018034,58555.56061749052,937.05,-2302.7599999999998
6520.0,-206165.26142891077,-10584.65,1900.0,2494.662293125766,-208659.92372203656,707533189.672148,-887160414.9922044,211154.58601516232,1865.5600000000002,-12450.21
6525.0,-891138.2013975729,319256.93000000005,20800.0,582334.0220258693,-1473472.2234234423,6364997629.498877,-9300317929.137829,2055806.2454493116,424003.79000000004,-104746.86
6530.0,-231582.8941688212,-2213.85,2815.0,14056.483398132343,-245639.37756695354,1203436607.484949,-1069649316.8398323,259695.86096508589,10443.460000000001,-12657.310000000001
6535.0,-47736.168469388045,-1589.3700000000001,870.0,257.970128000923,-47994.13859738897,438266525.10494024,-178211653.84887555,48252.108725389895,188.14,-1777.51
6540.0,-190343.94341632604,-9074.18,1713.0,2654.68013193291,-192998.62354825897,668808449.287419,-810967838.6939222,195653.30368019186,2072.84,-11147.02
6545.0,-15333.30829687463,3601.4599999999996,342.0,9015.432137217118,-24348.74043409175,119296934.35642856,-144804727.5964253,33364.17257130887,5309.099999999999,-1707.64
6550.0,-4113654.971921849,271955.61999999994,53831.0,982813.1203018157,-5096468.092223665,16035018419.519337,-26550556368.055893,6079281.21252548,672717.18,-400761.56
6555.0,-26021.57515858412,1589.2399999999998,452.0,4918.562215904294,-30940.137374488415,201678969.54559854,-145859575.76568216,35858.69959039271,3346.0,-1756.76
6560.0,-219233.65744179927,4355.1799999999985,2178.0,15518.385591720604,-234752.04303351988,840081803.4344081,-1041603384.0370365,250270.42862524046,17449.969999999998,-13094.79
6565.0,-52011.699539275374,-3660.6900000000005,482.0,138.09013846344064,-52149.78967773882,174926232.64038038,-214445154.92803827,52287.87981620226,93.54,-3754.2300000000005
6570.0,-189474.49760981582,-7542.0,2041.0,5447.239245057845,-194921.73685487368,834181001.4490793,-807141307.6288725,200368.97609993152,3668.11,-11210.11
6575.0,-2398409.1455291826,185362.73000000004,38442.0,588869.7801037836,-2987278.925632966,13596196921.040054,-14956289975.829147,3576148.70573675,383504.12,-198141.39
6580.0,-148300.07891271493,2041.85,1612.0,14698.719640791573,-162998.7985535065,697514869.4763428,-719791870.3683026,177697.51819429809,10327.43,-8285.58
6585.0,-33961.17437105061,16446.91,985.0,36841.487101702165,-70802.66147275278,374090944.2146197,-454747287.8424233,107644.14857445494,20534.22,-4087.3100000000004
6590.0,-238153.78173056585,11449.41,3395.0,41507.83358319925,-279661.61531376507,1565960994.4336088,-1273050227.1470768,321169.4488969644,24149.58,-12700.17
6595.0,-47266.48748145504,-1466.9600000000003,599.0,1668.4861241874942,-48934.97360564254,300373340.8065943,-192177106.55109453,50603.459729830036,988.05,-2455.01
6600.0,-10718573.47866693,1794392.4100000001,160944.0,4896970.630160092,-15615544.108827023,46792684120.67137,-87486901132.79236,20512514.738987114,2976484.58,-1182092.17
6605.0,-31711.232082104794,2566.2500000000005,576.0,7670.160263258452,-39381.392345363245,290268110.6481959,-180906431.8522131,47051.5526086217,4289.18,-1722.93
6610.0,-387261.37751349964,-11731.050000000001,3451.0,17275.79955630828,-404537.17706980795,1425308450.4914513,-1665865321.390454,421812.9766261162,10358.21,-22089.260000000002
6615.0,-52810.99550723909,315.66999999999996,874.0,3903.226292216411,-56714.2217994555,493063841.34053767,-218317897.13173857,60617.44809167191,2252.75,-1937.08
6620.0,-577598.2091109545,26662.020000000004,5870.0,106280.88688949564,-683879.0960004502,2077026824.1156473,-3229860876.784612,790159.9828899459,70161.58,-43499.56
6625.0,-2068147.6254470518,341648.30999999994,29391.0,900645.9263577984,-2968793.5518048503,8925529376.695858,-16101297559.63051,3869439.4781626486,555734.98,-214086.67
6630.0,-385710.9225471525,-920.1200000000007,4277.0,26717.104248297448,-412428.0267954499,2098466421.0443797,-1676310607.2647302,439145.13104374736,18092.59,-19012.71
6635.0,-100733.85598160204,-4556.34,1241.0,1767.8442622507946,-102501.70024385283,651605578.4989746,-383558657.5009917,104269.54450610363,1007.74,-5564.08
6640.0,-385673.22941516194,-9259.640000000001,3011.0,20774.73208172019,-406447.96149688214,1187857233.9597485,-1669884760.5152276,427222.69357860234,12676.43,-21936.07
6645.0,-23385.867904978753,17931.79,908.0,37688.57695043043,-61074.44485540919,426158297.9117787,-401718350.43065095,98763.02180583963,21106.29,-3174.5
6650.0,-5133201.116273072,1139450.94,78995.0,2859211.060447694,-7992412.176720765,28136415728.439316,-44110820486.61369,10851623.23716846,1641782.56,-502331.62
6655.0,-72317.85305952626,-214.1300000000001,1030.0,5015.632403454027,-77333.48546298029,605295504.284334,-292671645.6167125,82349.11786643432,2734.5,-2948.63
6660.0,-296561.27131037,502.8899999999985,2905.0,31561.769433004796,-328123.0407433748,1097618953.5865877,-1391673610.9637613,359684.8101763796,19287.149999999998,-18784.260000000002
6665.0,-33314.18929685382,-555.8100000000001,408.0,1869.8788049936775,-35184.0681018475,233592635.8206905,-132753904.80860278,37053.94690684118,973.09,-1528.9
6670.0,-700203.3021029995,13777.93,5836.0,51970.68961182935,-752173.9917148289,2558678737.102798,-3101808619.4764147,804144.6813266582,50528.130000000005,-36750.2
6675.0,-2433065.4884233326,514998.4,37919.0,1473699.877935844,-3906765.3663591766,11073187455.550585,-21788925876.70144,5380465.244295021,827766.35,-312767.94999999995
6680.0,-511500.7499684156,-19191.93,3735.0,16280.643041800375,-527781.393010216,1373099966.0966287,-2060161079.6710477,544062.0360520163,10786.53,-29978.460000000003
6685.0,-94529.39522142458,-2104.18,1168.0,2308.8389342893765,-96838.23415571396,737698145.7603244,-339741761.35652274,99147.07309000334,1185.8600000000001,-3290.04
6690.0,-413075.1180259928,-12658.65,3702.0,15307.002067569463,-428382.1200935623,1691946152.579909,-1634788307.756462,443689.12216113176,9355.42,-22014.07
6695.0,-300654.2744635495,-20819.120000000003,2069.0,707.5876066155265,-301361.86207016505,807071455.7169393,-1127111586.7666612,302069.44967678055,469.08000000000004,-21288.2
6700.0,-12095835.996368002,2283485.27,178006.0,7201868.752087267,-19297704.748455267,54379384124.25314,-104014605988.3869,26499573.500542536,3679148.6399999997,-1395663.37
6705.0,-57344.04915334107,2064.48,600.0,10917.88950499387,-68261.93865833494,312614266.887711,-293376800.1824545,79179.82816332881,5391.2,-3326.7200000000003
6710.0,-264689.5924805267,7530.739999999999,5788.0,35546.571793199335,-300236.16427372606,1077566401.6171098,-1251647439.1178975,335782.73606692534,23742.51,-16211.77
6715.0,-44557.70648483715,14327.230000000001,807.0,37283.453461152945,-81841.15994599009,407634653.5411896,-454311277.008685,119124.61340714304,17925.9,-3598.67
6720.0,-342285.2736855119,-8771.109999999999,2435.0,20119.360204158882,-362404.6338896708,1010358032.3011863,-1404789064.3587222,382523.99409382965,12132.18,-20903.289999999997
6725.0,-4532745.44383819,232774.75999999995,48984.0,1512242.8660979054,-6044988.309936095,14642370283.366081,-28934795648.92823,7557231.176034001,751765.24,-518990.48
6730.0,-281029.13664544426,6532.599999999999,2459.0,49750.47168677979,-330779.6083322241,1060692276.2344745,-1398164033.597823,380530.0800190039,24895.079999999998,-18362.48
6735.0,-118691.15439486332,-3476.47,849.0,5256.176341019864,-123947.33073588318,448990939.7778286,-458817205.86200523,129203.50707690304,2405.5499999999997,-5882.0199999999995
6740.0,-319917.1252003058,18311.470000000005,2818.0,67470.77951201254,-387387.9047123183,1085778084.6772006,-1680170438.6380467,454858.6842243309,40082.46,-21770.989999999998
6745.0,-360854.3277230533,-27088.559999999998,2529.0,6420.7771395538075,-367275.1048626071,938163874.7214698,-1351131255.3192105,373695.8820021609,3070.46,-30159.02
6750.0,-6811257.54494881,950197.83,88533.0,3560186.3181031994,-10371443.863052009,27243847149.66171,-51927196908.61954,13931630.181155208,1664112.0999999999,-713914.27
6755.0,-76040.37758975549,-2769.1500000000005,431.0,3916.075353375603,-79956.45294313108,168524958.1071819,-302164060.44793797,83872.52829650669,1896.93,-4666.08
6760.0,-261463.5194405659,-2909.8499999999995,1819.0,24460.8543308026,-285924.37377136847,742800647.27111,-1098373572.9581108,310385.2281021711,12320.93,-15230.78
6765.0,-39672.868230355016,-713.6199999999999,248.0,3484.0865301585677,-43156.95476051359,124268268.0442327,-163996409.767335,46641.041290672154,1506.21,-2219.83
6770.0,-353081.94795475295,-6031.0,2315.0,38164.44102824086,-391246.3889829938,805551037.8780527,-1530112533.8684883,429410.8300112347,17915.83,-23946.83
6775.0,-1949723.6803032183,388756.83999999997,29816.0,1461949.2187864962,-3411672.8990897145,9220606695.64764,-17931600474.60552,4873622.11787621,655944.3099999999,-267187.47000000003
6780.0,-420432.1362947971,7951.179999999999,3006.0,74203.60458859631,-494635.74088339345,1263611238.6291513,-2002517015.9585361,568839.3454719897,35130.32,-27179.14
6785.0,-94291.4601984885,-3559.3200000000006,524.0,7535.939546858356,-101827.39974534683,171689697.4592609,-383587592.415944,109363.3392922052,3139.83,-6699.15
6790.0,-93494.18119496704,56069.560000000005,2305.0,168633.63607353685,-262127.8172685039,741665360.0584934,-1584697650.748058,430761.45334204077,71777.06000000001,-15707.5
6795.0,-106014.92025405915,-2707.61,583.0,9160.900422327355,-115175.8206763865,223283055.07292047,-431050865.0945467,124336.72109871387,3902.6100000000006,-6610.22
6800.0,-12505615.125292547,3090935.1599999997,191196.0,11378733.219493436,-23884348.34478598,54292423344.861,-127009321453.15407,35263081.564279415,4892312.99,-1801377.83
6805.0,-55482.36385364293,5143.589999999998,478.0,23206.30250539105,-78688.66635903397,200505443.10716352,-355559953.8920781,101894.96886442503,9373.82,-4230.2300000000005
6810.0,-317522.42732065916,53.5200000000026,8538.0,48104.11352334403,-365626.54084400315,753358304.4286764,-1424767345.5013237,413730.6543673472,20712.780000000002,-20659.26
6815.0,-91509.03420969372,385.1099999999998,547.0,13179.928553937538,-104688.96276363127,249543402.18284756,-402997179.6225892,117868.8913175688,5378.63,-4993.52
6820.0,-534693.8528268413,5340.170000000002,3363.0,50366.60838796354,-585060.4612148048,1019537292.0377495,-2161667620.088757,635427.0696027683,41932.990000000005,-36592.82
6825.0,-727521.3532549058,1021602.8799999999,44934.0,3236559.170860732,-3964080.524115638,10196736162.792639,-25611365855.627625,7200639.69497637,1339868.8499999999,-318265.97000000003
6830.0,-859148.4149755982,-19557.66,5060.0,57870.45632717268,-917018.8713027709,2170877404.0493774,-3223629353.319461,974889.3276299436,30960.24,-50517.9
6835.0,-129505.30329459535,-1367.7700000000007,699.0,13567.562015487336,-143072.86531008268,343490083.0762856,-522442080.1731663,156640.42732557002,5320.860000000001,-6688.630000000001
6840.0,-318215.00056717603,-5789.300000000001,1959.0,26587.634234804507,-344802.6348019806,767493874.1561731,-1221119993.1083682,371390.26903678506,13767.06,-19556.36
6845.0,-233421.74453681643,-966.2,1252.0,22913.429983582377,-256335.17452039878,646130600.7266408,-926784829.8664539,279248.6045039812,11345.019999999999,-12311.22
6850.0,-5776746.934849536,2691821.47,129076.0,9952182.868465539,-15728929.803315073,30677056696.470844,-88255639123.81923,25681112.671780612,3915837.2,-1224015.73
6855.0,-147679.91744691372,-4448.200000000001,725.0,9790.684175199736,-157470.60162211346,337654166.2386314,-541711546.5611279,167261.2857973132,3766.81,-8215.01
6860.0,-445766.0675707925,5974.199999999999,2949.0,70021.48567428373,-515787.55324507627,1244034576.21488,-1903418375.3575854,585809.03891936,33067.24,-27093.04
6865.0,-187026.9689099747,-5862.109999999999,881.0,11258.74123111656,-198285.71014109126,421472536.6058697,-670913150.1210581,209544.4513722078,4256.18,-10118.289999999999
6870.0,-593805.3565655748,-6644.380000000001,3967.0,60131.22013417708,-653936.5766997518,1307646615.2028835,-2284746543.574059,714067.7968339289,31366.530000000002,-38010.91
6875.0,-557717.3209791578,1214841.75,43623.0,4185121.911463269,-4742839.232442427,9775595284.326841,-30232737261.44099,8927961.143905696,1602852.3900000001,-388010.64
6880.0,-515687.0201447531,7604.030000000003,3506.0,91623.62678012438,-607310.6469248775,1300918187.5191472,-2246614495.2844043,698934.2737050019,43250.11000000001,-35646.08
6885.0,-87224.68233069347,-3684.8199999999997,398.0,4262.027598748336,-91486.7099294418,172479131.96937034,-298912125.7271173,95748.73752819013,1593.8,-5278.62
6890.0,-886745.7536186358,-605.850000000001,6375.0,179291.49770686915,-1066037.251325505,2453466849.253692,-3878311109.3904195,1245328.749032374,62568.69,-63174.54
6895.0,-385177.7531623854,-17336.989999999998,1529.0,6203.605671075948,-391381.3588334613,719602304.3450439,-1216054955.304283,397584.96450453723,2433.84,-19770.829999999998
6900.0,-8270108.5129256435,3193237.0300000003,159498.0,12987136.492737908,-21257245.00566355,45616354088.9822,-111055481101.99478,34244381.498401456,4774059.49,-1580822.46
6905.0,-117874.52584023625,-4659.47,534.0,7304.168452273901,-125178.69429251015,231175206.252718,-407074059.2905147,132482.86274478404,2592.7999999999997,-7252.27
6910.0,487030.8871233977,260854.34999999998,4931.0,845958.3590156687,-358927.47189227096,1852368020.99762,-4063416374.3417935,1204885.8309079397,281410.57,-20556.22
6915.0,-405333.47473638563,-13988.41,2077.0,15697.438570256858,-421030.9133066425,820364714.6829106,-1328505684.006314,436728.35187689937,5589.8,-19578.210000000003
6920.0,-537783.2095684116,-4998.4400000000005,3051.0,62038.24358661728,-599821.4531550289,1309858139.9230623,-1984038534.6027367,661859.6967416462,29576.010000000002,-34574.450000000004
6925.0,-659636.9202846863,760634.4099999999,31161.0,2985012.168646703,-3644649.088931389,7134754996.504892,-20870912312.836575,6629661.257578093,1052593.53,-291959.12
6930.0,-351158.0609895973,22531.739999999998,5379.0,142173.7164477494,-493331.7774373467,1156569669.7115571,-1949711694.66723,635505.4938850962,50151.7,-27619.960000000003
6935.0,-148134.09441851787,-8499.65,893.0,3302.197843468568,-151436.2922619864,259650571.54465866,-454474424.3317094,154738.49010545498,1009.9899999999999,-9509.64
6940.0,-639053.5950255578,7384.389999999999,9656.0,90051.2521277337,-729104.8471532915,5632053130.925683,-2259695043.4426775,819156.0992810251,32950.729999999996,-25566.34
6945.0,-164635.59349683492,-5165.4400000000005,968.0,11436.379177214274,-176071.9726740492,338024437.20331216,-542007981.3457849,187508.35185126346,3508.02,-8673.46
6950.0,-4419813.266954692,1639128.7300000002,80063.0,7089071.311692454,-11508884.578647146,27435191887.137775,-56338349366.78102,18597955.890339598,2415526.2600000002,-776397.53
6955.0,-146342.23999416202,-3311.000000000001,791.0,13881.45084629135,-160223.69084045338,293809219.37564737,-504273610.4358263,174105.14168674473,4501.04,-7812.040000000001
6960.0,-414415.4841256298,56470.37999999999,4540.0,334942.43636413675,-749357.9204897666,1580660650.477473,-3237724978.9152093,1084300.3568539033,105581.84999999999,-49111.47
6965.0,-248712.79503178655,-9546.789999999999,1041.0,12951.604043315787,-261664.39907510232,452422831.97339356,-778548120.5676619,274616.0031184181,4046.01,-13592.800000000001
6970.0,-590154.0682462688,-6593.0,3492.0,56578.723483400034,-646732.7917296687,1947802789.5369759,-1974787492.0126402,703311.5152130688,24146.489999999998,-30739.49
6975.0,-2815922.2080581407,382464.99999999994,32446.0,2388270.004179691,-5204192.212237831,10932774967.993849,-21867091100.19593,7592462.216417523,754313.57,-371848.57
6980.0,-797721.1359602051,-21471.28,5066.0,63934.98532093318,-861656.1212811383,3490111330.4896307,-2498849759.928477,925591.1066020714,20287.14,-41758.42
6985.0,-351153.92821931,-16036.67,1531.0,5940.490617636523,-357094.4188369465,601168389.7175943,-999951738.6330543,363034.909454583,1648.8,-17685.47
6990.0,-791125.7319897318,15914.35000000001,5186.0,180386.56496821536,-971512.2969579471,3019709973.229822,-3174028590.3195186,1151898.8619261624,64753.05000000001,-48838.700000000004
6995.0,-283411.11147456465,-12974.9,1162.0,8504.00020324773,-291915.11167781235,503970176.2227456,-801883109.874002,300419.1118810601,2521.4700000000003,-15496.37
7000.0,-16670526.22096144,34194845.06,1251719.0,163995024.05868423,-180665550.27964568,341393241580.1157,-989608130660.7874,344660574.3383299,47679174.99,-13484329.93
7005.0,-106764.93179306906,12843.680000000002,1129.0,90139.81918568528,-196904.75097875434,341134381.30876553,-790438121.7967007,287044.5701644396,24491.140000000003,-11647.460000000001
7010.0,-313467.2827621703,20391.899999999998,3268.0,170384.37817530448,-483851.6609374748,1428637964.0408125,-1787684539.3522477,654236.0391127793,48087.74,-27695.84
7015.0,-414731.0086947469,-18093.24,1697.0,26569.727014158525,-441300.73570890544,573895715.5286798,-1222881809.2774909,467870.46272306395,7028.080000000001,-25121.32
7020.0,-902590.0692848486,-40458.05,4861.0,69554.07573813848,-972144.1450229872,1746008257.3706203,-2707419020.704738,1041698.2207611257,19996.69,-60454.740000000005
7025.0,-2347073.126572583,134975.81999999998,20608.0,1446882.0061427641,-3793955.1327153468,8323581017.403472,-13908457556.354229,5240837.138858111,404036.92,-269061.10000000003
7030.0,-717499.3858808195,32865.34000000001,7213.0,311197.1938635711,-1028696.5797443906,4651035700.004042,-3448894117.418252,1339893.7736079618,82141.2,-49275.86
7035.0,-1274961.1932200321,-64049.42,4514.0,20497.83194539068,-1295459.0251654228,1661160525.7075915,-3328726103.6157904,1315956.8571108135,5375.43,-69424.85
7040.0,-801659.3514998319,-17691.38,6755.0,96472.65619671438,-898132.0076965463,3066021767.7499127,-2467038049.6302752,994604.6638932605,24933.620000000003,-42625.0
7045.0,-338467.8312559188,-16850.170000000002,1970.0,21373.482568283132,-359841.3138242019,404040214.9757316,-935365490.3794163,381214.79639248503,5370.700000000001,-22220.87
7050.0,-6116202.199616258,443632.9900000001,58452.0,4437404.908053472,-10553607.10766973,23504028783.691242,-37981280024.46645,14991012.0157232,1180557.92,-736924.9299999999
7055.0,-212714.76510417377,13433.779999999995,1755.0,143621.80415279715,-356336.5692569709,742657998.3059784,-1240107667.4735239,499958.37340976804,33576.31,-20142.530000000002
7060.0,-1109379.3119833877,-23360.63,6894.0,62845.40024063727,-1172224.712224025,7465290570.296861,-2863181083.3114543,1235070.1124646624,15813.710000000001,-39174.340000000004
7065.0,-158675.0111903071,-3322.24,1363.0,12371.368204165305,-171046.3793944724,618685109.4503201,-420195329.27042186,183417.74759863768,3111.37,-6433.61
7070.0,-456001.4158427483,8013.300000000002,3012.0,152628.93415643022,-608630.3499991786,2218038391.8074093,-1796973740.2524254,761259.2841556087,35213.92,-27200.62
7075.0,-3262064.5166883594,153067.11999999997,25279.0,1799917.433246639,-5061981.9499349985,11066495885.561066,-16485477258.345171,6861899.383181637,484696.11,-331628.99
7080.0,-673248.631956645,-2085.6400000000035,5553.0,71274.47573332925,-744523.1076899744,2993501824.104054,-1826422307.9027076,815797.5834233036,26966.239999999998,-29051.88
7085.0,-139221.235845545,797.6399999999995,3372.0,30796.75000660585,-170017.98585215083,788812853.975128,-454950717.7055838,200814.73585875667,8351.17,-7553.530000000001
7090.0,-2536498.4901079508,-133306.12,10787.0,33932.74372748827,-2570431.233835439,7518835322.249465,-5791650308.311194,2604363.977562927,7942.31,-141248.43
7095.0,-190770.7443679347,-2344.720000000001,1402.0,33045.847251990956,-223816.59161992566,865476650.2637405,-575528223.1976969,256862.43887191662,8761.04,-11105.76
7100.0,-10813686.69759403,928762.1800000002,102760.0,9920907.600951422,-20734594.29854545,37361241543.814644,-70917033846.53743,30655501.899496872,2363374.12,-1434611.94
7105.0,-338088.4758140027,-13586.189999999999,3808.0,33576.93073369493,-371665.40654769767,640332724.6709192,-886894934.0198164,405242.33728139254,8117.98,-21704.170000000002
7110.0,-671577.4375894219,-18871.95,3671.0,91703.75689168587,-763281.1944811078,2371954483.32295,-1854268824.39793,854984.9513727935,19857.09,-38729.04
7115.0,-223470.8009434376,-5877.12,1138.0,25577.222477490126,-249048.02342092773,733696390.816883,-582400181.8050827,274625.2458984179,5448.21,-11325.33
7120.0,-847947.2624313287,11852.39,7363.0,342352.68627002544,-1190299.9487013542,3674188111.4311204,-3276434831.9014387,1532652.6349713795,70037.01,-58184.619999999995
7125.0,-5904443.471958598,20747.109999999964,42788.0,2835906.9879615456,-8740350.459920144,11192763918.133799,-25248588484.80245,11576257.44788169,672580.16,-651833.05
7130.0,-527997.9493055537,1409.0199999999984,3395.0,138592.31175667388,-666590.2610622275,2980732728.6588144,-1696034680.0947387,805182.5728189014,27862.67,-26453.649999999998
7135.0,-213618.3008835942,-4484.08,2684.0,43752.90114607679,-257371.20202967097,683972594.1454192,-622766911.4059738,301124.1031757478,9433.76,-13917.84
7140.0,-1072235.8428402953,-38365.689999999995,4377.0,73496.06158491583,-1145731.904425211,3819860248.638684,-2470940574.5823636,1219227.966010127,15420.62,-53786.31
7145.0,-967021.8464294837,-14033.649999999998,4462.0,24914.32377510252,-991936.1702045862,7264871993.899671,-2023180256.64026,1016850.4939796887,5868.0199999999995,-19901.67
7150.0,-8081238.4656632645,644716.9400000001,72513.0,7216433.233219197,-15297671.698882462,26595845725.87169,-46722224173.394966,22514104.93210166,1652868.14,-1008151.2
7155.0,-220809.03583759043,-5644.26,1249.0,28556.345877326035,-249365.3817149165,767999932.9278939,-543455427.2767816,277921.72759224253,5767.88,-11412.14
7160.0,-784365.8130291123,-23304.339999999997,5803.0,59786.567388225594,-844152.3804173379,2952588992.813748,-1744176443.2954626,903938.9478055635,11357.18,-34661.52
7165.0,-329720.8309434957,-5819.870000000002,4026.0,50678.71179753309,-380399.54274102877,1400589128.3352516,-829352851.5519118,431078.25453856186,11030.84,-16850.710000000003
7170.0,-1132872.014831947,-12173.75,4086.0,104879.42183054141,-1237751.4366624884,6600592922.487804,-2550787540.952435,1342630.8584930298,19766.3,-31940.05
7175.0,-4660159.92417925,66204.32,34813.0,2823428.651289305,-7483588.575468555,13432908447.413174,-20177009898.609222,10307017.22675786,601579.72,-535375.4
7180.0,-1109174.592730104,-23761.99,4252.0,92304.30579677876,-1201478.8985268825,4553307281.942272,-2379587159.2944508,1293783.2043236613,21334.22,-45096.21
7185.0,-209129.63897970752,2612.7200000000003,1822.0,58421.31163907595,-267550.9506187835,1540086314.4313455,-607176932.8999344,325972.26225785946,11495.69,-8882.970000000001
7190.0,-1267466.3644536652,-24808.89,4487.0,149438.52359012936,-1416904.8880437945,5310548135.120905,-2829921991.3910236,1566343.4116339239,26809.2,-51618.09
7195.0,-496165.9419721869,-9674.41,2108.0,39949.885239024545,-536115.8272112114,2960684679.415947,-1037919204.8601705,576065.712450236,7069.049999999999,-16743.46
7200.0,-18169574.794334296,1579805.47,165570.0,20077996.232994612,-38247571.02732891,55894801197.96107,-107301054698.61032,58325567.26032352,4230532.0600000005,-2650726.59
7205.0,-530841.2232515726,-12441.48,2124.0,76309.28696936411,-607150.5102209367,2355686876.590788,-1192933393.4057631,683459.7971903009,12039.630000000001,-24481.11
7210.0,-1230612.0176263568,70881.36,6732.0,820266.44581159,-2050878.4634379465,7519518127.59395,-5014255100.915854,2871144.909249536,136521.82,-65640.46
7215.0,-382222.4065034187,-2503.449999999999,1688.0,47315.375196531044,-429537.7816999497,2201634024.1750436,-819829833.5937434,476853.15689648077,8033.290000000001,-10536.74
7220.0,-1121779.08428717,-14276.27,4371.0,130166.60933746397,-1251945.693624634,5695835664.715392,-2318406136.211589,1382112.302962098,21219.18,-35495.450000000004
7225.0,-4920990.128643766,204610.55000000002,30415.0,2755424.170407005,-7676414.299050771,22359859254.900078,-17608449636.42501,10431838.469457775,580689.3300000001,-376078.78
7230.0,-1749964.0374792856,-23052.93,6774.0,258889.66042945854,-2008853.6979087442,7694860478.621033,-3684530496.0985627,2267743.358338203,41505.159999999996,-64558.09
7235.0,-648658.1517606712,-5824.2,3977.0,62360.20410716974,-711018.3558678408,3928273537.6020074,-1263654457.6934516,773378.5599750106,9709.0,-15533.199999999999
7240.0,-2477754.6528463573,-8512.129999999997,8653.0,334981.35892085056,-2812736.011767208,13742561796.213697,-5021583002.388946,3147717.3706880584,56316.62,-64828.75
7245.0,-1061953.5361280425,-12170.89,3106.0,42589.94177611639,-1104543.4779041589,6653986118.127682,-1820370705.3838768,1147133.4196802753,6231.360000000001,-18402.25
7250.0,-10165347.867254838,493413.79000000004,58138.0,5970584.200785875,-16135932.068040714,49317983510.714455,-35068084103.98237,22106516.26882659,1232227.99,-738814.2
7255.0,-720222.9192662485,13338.080000000002,4856.0,123228.1178074287,-843451.0370736772,4988685639.917504,-1500061274.6573174,966679.1548811059,25874.510000000002,-12536.43
7260.0,-2211488.2239305153,-35512.88,8198.0,170049.08255310342,-2381537.3064836184,10076608286.20837,-3777783462.428538,2551586.389036722,25224.07,-60736.95
7265.0,-782240.1096677718,-10052.07,2351.0,53011.359045585705,-835251.4687133576,3930931844.748112,-1306215509.3561165,888262.8277589433,8125.01,-18177.079999999998
7270.0,-1892761.788221931,-21777.329999999998,6905.0,164704.42804825163,-2057466.2162701827,9944085033.312853,-3208428975.6823444,2222170.6443184344,23794.39,-45571.719999999994
7275.0,-8820996.200891618,-44271.160000000025,34616.0,2531340.10971451,-11352336.310606128,39214193102.29667,-19919889247.96804,13883676.420320638,419539.82,-463810.98000000004
7280.0,-1859750.8430111804,16685.059999999998,6136.0,475066.5972101004,-2334817.440221281,10265297518.960516,-3943974952.8295393,2809884.037431381,71663.43,-54978.37
7285.0,-1491118.891267199,-12723.7,3969.0,49170.96410535951,-1540289.8553725586,8220891077.078741,-2200127438.0715795,1589460.819477918,7901.9400000000005,-20625.64
7290.0,-11160879.1551754,-298004.35000000003,19645.0,334694.2281205159,-11495573.383295918,21360619073.63903,-14727048607.867777,11830267.611416433,49688.57,-347692.92000000004
7295.0,-1083675.1573977747,603.8700000000008,2471.0,93195.01003479428,-1176870.167432569,5474308038.3868885,-1670662254.340586,1270065.1774673634,19775.550000000003,-19171.68
7300.0,-23285675.730699588,502626.9,106417.0,13262905.658999538,-36548581.389699124,68857399109.17155,-64870893517.768875,49811487.04869866,2356054.1,-1853427.2
7305.0,-1421729.2804680537,-6146.940000000002,3305.0,74294.77926716479,-1496024.0597352185,7880536054.902519,-1962611698.446378,1570318.8390023832,14930.49,-21077.430000000004
7310.0,-2166612.4599502455,119736.32999999999,10946.0,1385404.7764012036,-3552017.236351449,14773366365.287828,-6271417097.1576395,4937422.012752652,182744.88999999998,-63008.56
7315.0,-1120522.7981608,19397.709999999995,2952.0,349582.4252263037,-1470105.2233871038,7481259989.6695795,-2312522679.9288745,1819687.6486134073,39191.06,-19793.35
7320.0,-2539166.623720262,38872.490000000005,6516.0,846656.418145728,-3385823.04186599,12299396575.061857,-5049505190.472993,4232479.460011718,100134.58,-61262.090000000004
7325.0,-5107519.38367185,449612.5,32961.0,4749649.307121037,-9857168.690792887,27133637677.517143,-17752074823.584305,14606817.997913925,884322.01,-434709.51
7330.0,-3578217.5968221948,-34789.670000000006,5172.0,336106.0723307733,-3914323.6691529676,12779174427.002869,-4675061507.856206,4250429.741483741,35505.22,-70294.89
7335.0,-1638371.2221322,-9504.609999999997,3447.0,193973.05251187112,-1832344.274644071,6840474955.93525,-2236247075.235166,2026317.327155942,21895.800000000003,-31400.41
7340.0,-4322766.277560629,-42529.18,8108.0,627379.3882112361,-4950145.665771864,16030852740.228878,-5866384037.3342905,5577525.053983101,59677.34,-102206.52
7345.0,-2112331.730970158,-8900.579999999996,4164.0,331151.8197381067,-2443483.5507082646,8365085059.2846365,-2925813727.9554067,2774635.3704463714,36051.270000000004,-44951.85
7350.0,-11678200.687351068,687380.67,67667.0,12967740.834600745,-24645941.521951813,60577702523.699265,-39897439953.409386,37613682.356552556,1722260.32,-1034879.65
7355.0,-1209589.8910653032,42364.33,4421.0,471069.29264455463,-1680659.1837098578,6901786258.122033,-2264270971.9246325,2151728.4763544123,66386.61,-24022.28
7360.0,-2892412.799997794,23277.14000000001,8036.0,1561356.1041736421,-4453768.904171436,13899309078.646832,-5924087381.416802,6015125.008345079,116031.15000000001,-92754.01
7365.0,-1462706.9368767983,-10488.75,5341.0,212179.20444706248,-1674886.1413238607,6146954027.081438,-1829208218.826159,1887065.3457709232,15412.2,-25900.95
7370.0,-3109040.3492742167,16680.35,6574.0,1376236.5191944279,-4485276.868468644,15944654274.5361,-5580409341.355675,5861513.387663072,95144.97,-78464.62
7375.0,-6393499.309381765,4703.040000000003,21441.0,3751253.9080473473,-10144753.217429113,24760774546.606876,-12724447624.460253,13896007.125476459,389525.73,-384822.69
7380.0,-4416282.900121918,-40757.46000000001,7441.0,1125175.296955985,-5541458.197077903,16426696796.46904,-5666530262.124438,6666633.494033888,71079.64,-111837.1
7385.0,-1837362.0785081834,-13087.43,3068.0,401409.792438422,-2238771.870946605,7053123213.69479,-2192226154.2987394,2640181.6633850276,21856.16,-34943.59
7390.0,-4339603.423924809,-30600.26000000001,7192.0,1287704.9452811503,-5627308.369205959,15107133686.405832,-5354714467.351251,6915013.31448711,72314.31,-102914.57
7395.0,-1618403.6189624788,-1774.0300000000007,3635.0,605057.3312169428,-2223460.950179422,7126139099.367394,-2201527230.7488832,2828518.2813963643,30540.510000000002,-32314.54
7400.0,-14651864.898092177,1517187.99,120761.0,27912247.028073452,-42564111.92616563,61669122652.047745,-52861294361.22344,70476358.95423909,3634191.41,-2117003.42
7405.0,-3593942.118406373,-32970.409999999996,4871.0,978678.3216024655,-4572620.440008839,10782675882.722189,-3708110126.618719,5551298.761611304,41847.67,-74818.08
7410.0,-3414684.4334573206,-18371.49000000001,7498.0,2640901.2434250414,-6055585.676882362,13132479721.239946,-5548991906.950204,8696486.920307403,116513.51,-134885.0
7415.0,-1652095.9065123312,-77.91999999999933,4149.0,1700767.4320286924,-3352863.338541024,8484644807.422609,-3166843090.2371383,5053630.770569717,60386.66,-60464.58
7420.0,-3547960.3287697714,69023.75999999998,8125.0,3554554.489400902,-7102514.818170673,18920286739.197914,-6383066263.25919,10657069.307571575,175517.72,-106493.96
7425.0,-15707681.158162128,70001.20999999999,28877.0,9770301.214403406,-25477982.372565534,48432463161.73248,-18878060022.2005,35248283.58696894,623171.86,-553170.65
7430.0,-9892140.324623343,-115122.32999999999,9376.0,2981597.228538271,-12873737.553161614,22808687326.044727,-7644022776.175059,15855334.781699885,101926.81000000001,-217049.13999999998
7435.0,-1291801.3687688776,1707.0999999999976,3209.0,1427132.1328665887,-2718933.5016354662,5784533001.147855,-2086833086.3962822,4146065.634502055,45140.52,-43433.42
7440.0,-3593810.017591056,-26814.71,7100.0,3444105.6517720777,-7037915.669363134,11333883224.283792,-4343885891.027285,10482021.321135212,107057.75,-133872.46
7445.0,-1827373.3583676189,-19817.95,4254.0,1527673.5123777017,-3355046.8707453203,5141630110.3017435,-1818409220.0818293,4882720.3831230225,39352.74,-59170.69
7450.0,4827647.618073345,1089495.9499999997,71385.0,39662572.948692635,-34834925.33061928,53960128585.93913,-34196901591.935345,74497498.27931191,2285309.4299999997,-1195813.48
7455.0,-48463.9239345704,-23848.749999999985,5095.0,5271540.944620416,-5320004.868554986,9825833439.716766,-4825678917.018409,10591545.813175403,85044.52,-108893.27
7460.0,3104737.333498053,192107.76,8548.0,7737425.620578397,-4632688.287080344,7493229155.045389,-4255403241.0018144,12370113.90765874,295725.42,-103617.66
7465.0,6788385.684586478,89889.68,5316.0,10957668.143905178,-4169282.4593186993,9431337881.34914,-3990444044.5035734,15126950.603223877,160159.37,-70269.69
7470.0,11009203.956112858,223617.87999999998,9355.0,16017718.386407448,-5008514.430294592,7957385277.172197,-3716417471.9392724,21026232.81670204,336598.58,-112980.70000000001
7475.0,4287621.011702197,40483.050000000105,47860.0,40287142.412790366,-35999521.40108816,16797755666.847387,-10190220102.328236,76286663.81387854,1181805.78,-1141322.73
7480.0,-12476710.50203369,65274.41999999999,9084.0,15756863.77975752,-28233574.28179121,322702294721.13544,-5020375825.829912,43990438.06154873,248341.33000000002,-183066.91
7485.0,-92847212.40091012,-69498.45999999999,3274.0,3874489.7644852684,-96721702.1653954,-720125925962.194,4885067772.14442,100596191.92988066,49389.98,-118888.43999999999
7490.0,-20249442.96057303,-42911.96,10145.0,15491249.163775,-35740692.12434803,-902406727977.6012,6104104311.14586,51231941.288123034,242596.85,-285508.81
7495.0,-717502.7637803495,-97949.93,7318.0,9411315.471956315,-10128818.235736664,-349484806455.6586,3638256590.262563,19540133.707692977,97531.86,-195481.79
7500.0,33690349.866586186,1163661.7000000002,166447.0,98069860.18333255,-64379510.31674637,-270626331625.35526,14896194527.735357,162449370.50007892,4757730.67,-3594068.97
7505.0,4183941.308402627,-49542.09999999999,5367.0,7066767.642710425,-2882826.3343077987,-8083002468.408118,3220994578.183369,9949593.977018224,81591.04000000001,-131133.14
7510.0,9678737.34314994,20464.18,9216.0,13185619.978514245,-3506882.635364304,-18701796500.05681,6662680440.744725,16692502.613878548,173835.41999999998,-153371.24
7515.0,10461531.221162016,5482.839999999996,5537.0,11932711.742220672,-1471180.521058657,-17412307652.37762,7520426141.517682,13403892.26327933,84155.08,-78672.24
7520.0,17828191.89615047,53373.150000000016,13115.0,21522881.6403647,-3694689.744214229,-30698652577.746693,14289126107.542528,25217571.38457893,259461.47,-206088.32
7525.0,26376889.422667235,215621.49000000002,34535.0,38801605.214591205,-12424715.791923968,-48097241500.00188,23858715485.349228,51226321.00651517,859228.8,-643607.3099999999
7530.0,9052690.814018073,-19870.24000000001,12643.0,12106265.992808694,-3053575.1787906215,-16856821037.554594,8472790673.537946,15159841.171599315,180879.49,-200749.72999999998
7535.0,2893404.6908151186,-25840.280000000002,4521.0,3608365.933117785,-714961.2423026665,-8225085304.320427,3255623802.7001395,4323327.175420452,34457.42,-60297.7
7540.0,8770506.711366918,451.7999999999904,12695.0,11307973.039717712,-2537466.328350793,-18244239189.58642,9671793835.397009,13845439.368068505,172787.02,-172335.22
7545.0,9487654.988331258,110878.34999999999,7003.0,9853863.173547313,-366208.18521605595,-16912588660.505714,8645945414.172188,10220071.358763369,133068.38,-22190.03
7550.0,40609791.315753385,455914.4899999999,76600.0,55396501.03664992,-14786709.720896538,-90666554662.11797,45869491103.18942,70183210.75754645,1762816.26,-1306901.77
7555.0,640837.756231167,-143372.66999999998,7110.0,2879545.0400632895,-2238707.2838321226,-8956728422.201538,4082191092.6040163,5118252.3238954125,34618.2,-177990.87
7560.0,4574200.196114709,-107786.43000000001,11611.0,8067233.760905278,-3493033.5647905692,-24012847432.677853,10673117028.599922,11560267.325695848,95259.40000000001,-203045.83000000002
7565.0,2306798.5582225,17745.089999999997,5666.0,2867800.5325065833,-561001.9742840832,-6411731277.484218,3355308840.6013393,3428802.5067906664,52716.95,-34971.86
7570.0,5811262.941516737,17447.23,10164.0,7007509.796264392,-1196246.854747655,-17055935576.624624,8830828427.111628,8203756.651012047,89494.45,-72047.22
7575.0,17302298.675606158,116413.98999999993,29942.0,21985652.26985313,-4683353.594246973,-42667316148.967445,24946046197.82355,26669005.864100102,598718.94,-482304.95000000007
7580.0,5438370.8770120125,-11849.210000000001,13542.0,6869742.042332351,-1431371.1653203387,-18356994567.175934,9428507838.128212,8301113.20765269,98176.56,-110025.76999999999
7585.0,1514464.8175206487,-9.430000000001485,5743.0,1652584.0101231514,-138119.19260250265,-4921375516.563684,2376533894.739287,1790703.202725654,20872.14,-20881.57
7590.0,4622349.1995437415,-20454.930000000004,9418.0,5662338.255101064,-1039989.0555573228,-16265459832.18816,8525249429.510157,6702327.310658387,71047.84,-91502.77
7595.0,654022.0577993736,-9559.839999999998,3144.0,906606.6221925478,-252584.5643931742,-3325764568.320127,1592992446.1828403,1159191.186585722,8786.4,-18346.239999999998
7600.0,22771621.138061844,326867.80000000005,127789.0,46895103.531456746,-24123482.393394902,-110859780610.77452,59531045582.70932,71018585.92485164,2784713.79,-2457845.9899999998
7605.0,1268484.351853287,5770.88,4390.0,1385261.422500348,-116777.07064706078,-4578853260.541875,2289167729.5679226,1502038.4931474086,14748.16,-8977.28
7610.0,3755579.4887183653,10419.26,12926.0,4408159.790912942,-652580.3021945768,-12442350737.877853,7179273898.259005,5060740.093107519,82151.98,-71732.72
7615.0,1369643.0877662566,4964.140000000001,8933.0,1522811.5455569252,-153168.45779066868,-6157899642.366348,2810124116.2943273,1675980.0033475938,15974.210000000001,-11010.07
7620.0,3261149.9503443767,24608.64,12086.0,3527185.226899467,-266035.2765550902,-11631992026.54656,6206862348.718587,3793220.503454557,47589.12,-22980.48
7625.0,10234979.082620384,81280.41,39293.0,12713380.179104798,-2478401.0964844134,-30314532829.82968,20215716520.661503,15191781.27558921,402727.64,-321447.23
7630.0,3322263.2785848053,31138.62,8844.0,3631470.6218125434,-309207.3432277379,-10360965114.324652,6483509502.620255,3940677.9650402814,59329.82,-28191.2
7635.0,420691.1565620252,4731.91,4135.0,445027.11878724565,-24335.962225220428,-1594812581.9034176,808047699.3649262,469363.08101246605,7483.78,-2751.87
7640.0,3766022.4101108746,3877.6500000000005,10340.0,4031195.2426728895,-265172.8325620149,-12229462856.242285,7703946458.228077,4296368.075234904,58656.37,-54778.719999999994
7645.0,709957.398391733,22878.769999999997,3593.0,882099.6823108593,-172142.28391912638,-2329139047.765336,1518224302.0979962,1054241.9662299857,36215.799999999996,-13337.03
7650.0,11529914.982980346,250916.0,49086.0,16634467.108045083,-5104552.125064735,-34226652801.04929,28286070566.769466,21739019.233109817,883836.98,-632920.98
7655.0,279404.8352931282,3365.7100000000005,3275.0,308428.97548825777,-29024.14019512959,-981463984.7095056,606572976.0441961,337453.1156833874,6751.06,-3385.35
7660.0,2590256.948782755,23436.070000000007,8913.0,2897675.6924041975,-307418.74362144264,-9457791389.063513,6114535221.236132,3205094.4360256405,55670.72000000001,-32234.649999999998
7665.0,127364.70321255915,2729.45,2756.0,151540.96680026516,-24176.263587706017,-228203165.3713322,265133470.5652266,175717.23038797118,5795.429999999999,-3065.98
7670.0,4007391.578779011,51849.96,9190.0,4108692.244136007,-101300.66535699563,-10206802346.5979,8585407676.086243,4209992.909493003,66218.03,-14368.07
7675.0,8608760.989047913,358547.60000000003,26842.0,10373755.03020183,-1764994.041153917,-16075733761.612928,17543629892.715096,12138749.071355747,592020.78,-233473.18
7680.0,1070475.3351999836,9475.260000000002,5342.0,1192202.6844091583,-121727.34920917485,-4160504578.705325,2679767791.1999125,1313930.0336183333,23585.13,-14109.869999999999
7685.0,141985.04630422735,2451.04,675.0,163413.9157282205,-21428.86942399317,-247097180.52615735,318797412.62833786,184842.7851522137,4730.820000000001,-2279.7799999999997
7690.0,1339499.4872815537,38212.35,5267.0,1475643.198361186,-136143.71107963243,-3732908443.461284,3024304680.5762916,1611786.9094408187,53282.29,-15069.94
7695.0,463829.73051693395,21258.12,1568.0,479592.5860866432,-15762.855569709218,-503265537.51513976,803227238.3257565,495355.4416563525,23156.559999999998,-1898.44
7700.0,19368726.384498518,1173816.8499999999,85585.0,24951791.475049123,-5583065.090550606,-31919854461.508488,42780170044.20047,30534856.565599725,1956195.38,-782378.53
7705.0,335197.96457402495,7229.76,488.0,351156.54261921585,-15958.578045190889,-493063536.6518171,721064508.554907,367115.12066440674,8884.2,-1654.4399999999998
7710.0,1151887.3364767516,40056.42,5480.0,1180173.0153334585,-28285.678856706916,-2149463174.8461003,2402332345.230563,1208458.6941901655,43700.72,-3644.2999999999997
7715.0,874813.6284014893,34373.58,4507.0,930388.6441838921,-55575.01578240273,-859326293.955049,1779985621.0831797,985963.6599662948,40087.07,-5713.49
7720.0,960791.0717261394,18517.47,4096.0,1050653.2937014322,-89862.22197529268,-2357598420.9346895,2376346692.333133,1140515.5156767247,30287.350000000002,-11769.880000000001
7725.0,4678380.0158774145,208073.29,29307.0,5461256.6194617255,-782876.6035843112,-9566202974.787119,11286734256.92082,6244133.223046036,330139.51,-122066.22
7730.0,2210577.7644154206,202344.88999999998,8190.0,2355333.5393420947,-144755.7749266742,-2369208384.293017,3585120954.076014,2500089.3142687688,236903.3,-34558.41
7735.0,92855.4517829842,709.3699999999997,194.0,115726.80396779969,-22871.3521848155,-181583847.6114735,296842967.59869665,138598.1561526152,3256.56,-2547.19
7740.0,1028090.8816601663,35926.18,4738.0,1084195.484346578,-56104.60268641166,-1453164799.0291579,2401022999.943943,1140300.0870329896,43298.11,-7371.93
7745.0,488085.4535124489,8780.890000000001,738.0,507130.1943024594,-19044.740790010517,-850392264.7804691,1254281751.0353684,526174.9350924699,10979.210000000001,-2198.32
7750.0,8987408.205428638,511038.85,34441.0,10528286.835704487,-1540878.6302758483,-14456817228.615097,21869448035.26089,12069165.465980334,746226.3200000001,-235187.47
7755.0,299215.8117813863,4165.08,497.0,318093.08111043344,-18877.269329047136,-565956193.9565876,836679587.4985497,336970.35043948056,6462.0199999999995,-2296.94
7760.0,342847.3275232238,6586.339999999999,1083.0,395029.9688771132,-52182.64135388935,-701588977.6341337,1042716261.4330163,447212.6102310025,13504.52,-6918.18
7765.0,36505.53641078824,308.2800000000001,74.0,42263.75320808585,-5758.21679729761,-74025244.16956279,119458448.70630278,48021.97000538346,1001.9100000000001,-693.63
7770.0,484004.9905384522,16652.57,1540.0,505108.5520768223,-21103.561538370104,-906808587.8909181,1276459439.872984,526212.1136151925,19761.23,-3108.66
7775.0,2882545.656450412,118024.96,12006.0,3445272.6891709357,-562727.0327205237,-5364804422.607566,8429931892.994268,4007999.721891459,206444.66,-88419.70000000001
7780.0,236930.0572462219,8818.59,924.0,258084.1770417458,-21154.119795523922,-451657749.2015367,651011679.4979852,279238.29683726974,12089.31,-3270.72
7785.0,41559.04796921109,-608.6600000000001,119.0,55274.793372075066,-13715.745402863977,-116538178.29945362,183350721.00524914,68990.53877493905,1304.1799999999998,-1912.8400000000001
7790.0,277710.75404167775,11095.65,808.0,294338.3798139108,-16627.625772233103,-406025461.3777009,744610273.489771,310966.00558614393,13583.51,-2487.86
7795.0,108877.17374533249,1947.6499999999999,207.0,111886.2997329665,-3009.125987634011,-209242440.45673692,327493654.7466341,114895.42572060051,2373.3399999999997,-425.68999999999994
7800.0,19822133.4123568,1147995.97,86131.0,25956465.587844923,-6134332.175488123,-28936190430.980312,64672220035.21439,32090797.763333045,2086103.7200000002,-938107.75
7805.0,19068.799341930044,470.79,39.0,21482.532780947022,-2413.7334390169794,-25224590.09178572,61487539.38071588,23896.266219964,796.95,-326.16
7810.0,253009.6500390808,8836.7,1641.0,262142.89723434334,-9133.247195262531,-756239845.8446738,711155427.6670028,271276.14442960586,10352.119999999999,-1515.42
7815.0,20949.32389416815,55.000000000000014,59.0,28068.53849780962,-7119.214603641473,-37807831.60816405,92907629.70969962,35187.7531014511,1052.44,-997.44
7820.0,551156.9516142297,30287.14,1330.0,562540.7140419768,-11383.762427747159,-502813330.83430606,1378899060.505518,573924.4764697241,32417.5,-2130.36
7825.0,3397012.4748736373,255559.79,14048.0,3640734.1268723286,-243721.65199869144,-4811746268.592464,8307357115.069508,3884455.7788710203,297592.31,-42032.52
7830.0,137954.6755235491,5060.44,767.0,151694.85279588395,-13740.177272334882,-254712263.50863454,446081124.8001895,165435.03006821885,7331.91,-2271.47
7835.0,-20381.22967033833,-3831.96,60.0,6879.202542508118,-27260.43221284645,-39534700.90340009,94972465.30496438,34139.63475535457,242.28,-4074.24
7840.0,252561.21769819965,8865.48,789.0,286400.58539627545,-33839.36769807578,-420687732.23695314,869209022.2115796,320239.9530943512,14562.66,-5697.18
7845.0,-5389.964985840636,-819.46,10.0,0.0,-5389.964985840636,-5439920.557760401,14729410.642890565,5389.964985840636,0.0,-819.46
7850.0,6649185.404630065,286968.18,32478.0,8981905.680308895,-2332720.2756788307,-10862968464.505009,26959404775.17307,11314625.955987727,682631.44,-395663.26
7855.0,-4902.040067434882,-1013.49,15.0,1635.3251619678879,-6537.36522940277,-10076551.187716085,24582295.564209208,8172.690391370657,55.71,-1069.2
7860.0,161197.91696182042,6425.6,516.0,175072.75203046488,-13874.835068644468,-225848712.93436685,531648897.6760747,188947.58709910937,8832.35,-2406.75
7865.0,12207.915057820992,409.17,23.0,12207.915057820992,0.0,-14964618.468265438,38129130.664487496,12207.915057820992,409.17,0.0
7870.0,67835.34201356707,571.45,280.0,81379.86226623689,-13544.520252669801,-155320917.57169905,299528340.70574176,94924.38251890668,2874.0299999999997,-2302.58
7875.0,2214764.5509259086,130352.47,9700.0,2546727.706667645,-331963.15574173676,-3183298999.4673448,7282170640.348401,2878690.8624093817,192894.47,-62542.0
7880.0,198897.6426445037,5237.3,632.0,224940.8754673193,-26043.23282281562,-324827856.7142983,776863313.5170724,250984.10829013493,9888.0,-4650.7
7885.0,27160.05177506953,197.01999999999987,74.0,32107.260160421745,-4947.208385352217,-45311015.86479747,121311968.82353508,37054.46854577396,1149.42,-952.4000000000001
7890.0,1775036.4717885454,85851.24,3685.0,1780561.3177482819,-5524.845959736466,-1665488963.4690866,5396738259.471647,1786086.1637080184,86807.39,-956.15
7895.0,1948.8732282076196,62.32,4.0,1948.8732282076196,0.0,-2558066.635497021,6608703.768644502,1948.8732282076196,62.32,0.0
7900.0,16192274.476784077,1004057.2499999999,57939.0,18366703.324658237,-2174428.847874159,-17794307952.819286,55793955759.541626,20541132.172532395,1388371.83,-384314.58
7905.0,8047.850574558155,261.02,17.0,8047.850574558155,0.0,-10600699.597602561,27850140.011678565,8047.850574558155,261.02,0.0
7910.0,612474.9161944638,8688.68,2532.0,635006.7779988317,-22531.8618043678,-1550646444.8703768,2540345642.000585,657538.6398031994,12732.46,-4043.7799999999997
7915.0,10116.478390229573,329.02,22.0,10116.478390229573,0.0,-13469270.238479104,35796848.91309547,10116.478390229573,329.02,0.0
7920.0,92704.555684387,3130.59,302.0,94669.23724306744,-1964.6815586804528,-145640769.6948931,332808503.9977119,96633.9188017479,4065.24,-934.6499999999999
7925.0,2661243.967143601,159318.68000000002,8857.0,2843985.8494203826,-182741.88227678172,-2829256908.4312224,8887889331.687813,3026727.731697164,194286.57,-34967.89
7930.0,121899.57957691327,3728.3900000000003,463.0,128284.843586649,-6385.26400973574,-234979392.97690576,487560019.47358066,134670.10759638474,4944.610000000001,-1216.22
7935.0,8532.345436833275,104.56,24.0,9469.053795236567,-936.7083584032919,-14294839.592742708,38891146.40498002,10405.762153639858,292.4,-187.84
7940.0,86523.40242999232,4159.099999999999,350.0,92914.2476613022,-6390.84523130989,-143197282.31083035,332903461.18199,99305.0928926121,5423.139999999999,-1264.04
7945.0,26897.104282565444,1084.0300000000002,61.0,26897.104282565444,0.0,-30999233.90346906,96673610.25745124,26897.104282565444,1084.0300000000002,0.0
7950.0,12282485.565326579,603721.99,36502.0,12787836.525066627,-505350.9597400476,-15419971632.332663,45179008045.28993,13293187.484806674,703016.09,-99294.09999999999
7955.0,7605.840771786705,222.87,19.0,7605.840771786705,0.0,-11295532.845130987,29882116.009634603,7605.840771786705,222.87,0.0
7960.0,185510.68317229158,8198.300000000001,544.0,189848.04742005275,-4337.364247761166,-238173582.20435536,691970963.0931666,194185.4116678139,9045.08,-846.7800000000001
7965.0,7058.770538248049,217.22,18.0,7058.770538248049,0.0,-10284813.338682625,28012078.92174252,7058.770538248049,217.22,0.0
7970.0,87207.88615489427,3647.2400000000002,280.0,89179.64578927087,-1971.759634376613,-123881533.22896692,338419400.26769084,91151.40542364749,4035.4900000000002,-388.25
7975.0,1879654.29017863,117669.35,6452.0,2008166.393024874,-128512.10284624406,-1818516835.9845233,6826192345.151504,2136678.4958711183,144005.5,-26336.149999999998
7980.0,3133004.3463648437,279358.7,8570.0,3137474.705535113,-4470.359170269221,-2035982242.448374,9310768911.36928,3141945.0647053826,280249.82,-891.12
7985.0,77387.77180315349,6163.450000000001,229.0,80936.37533191618,-3548.603528762685,-59361179.33925261,260146827.67813233,84484.97886067886,6887.68,-724.23
7990.0,3440404.0149629004,303749.9,9432.0,3441587.590791226,-1183.5758283253708,-2257113127.7923284,10455744865.192509,3442771.1666195514,303992.30000000005,-242.40000000000003
7995.0,49121.62457164534,3319.64,151.0,52279.21801448542,-3157.593442840081,-45337608.264588796,183403840.35435015,55436.8114573255,3975.64,-656.0
8000.0,27993941.890981432,-2241441.9499999993,253172.0,56714871.18713261,-28720929.29615118,-64186008682.05718,280742846075.49756,85435800.48328379,4543946.84,-6785388.79
8005.0,36570.3335075998,1635.3600000000001,150.0,46051.7242441334,-9481.390736533607,-41995511.67861448,184978334.6058047,55533.11498066701,3631.6800000000003,-1996.3200000000002
8010.0,4445361.451111183,365522.56,13782.0,4454451.774882781,-9090.323771598427,-3605840298.1095595,14609924050.552408,4463542.098654379,367443.75,-1921.19
8015.0,3782.2818025469455,-2.9600000000000364,23.0,6154.237907683573,-2371.9561051366277,-6161787.951280127,28849488.445595056,8526.1940128202,502.17999999999995,-505.14
8020.0,3754359.3493272113,324783.16000000003,10541.0,3755941.4866078077,-1582.1372805964174,-2537729427.874741,12177394182.738155,3757523.623888404,325121.4,-338.24
8025.0,2309253.7119629337,212423.32,7917.0,2447598.471481556,-138344.75951862222,-1750467844.4424236,8137505143.56237,2585943.231000178,242426.47000000003,-30003.149999999998
8030.0,4374379.059535305,370056.1,12247.0,4383875.016222344,-9495.956687038903,-3006369350.581229,14623055833.73126,4393370.972909383,372108.1,-2052.0
8035.0,24910.554998221898,1571.42,78.0,26495.059242643212,-1584.504244421313,-23345062.20142221,101554260.93186015,28079.563487064526,1929.94,-358.52
8040.0,16092470.981582956,1372604.5399999998,45051.0,16098441.56763191,-5970.5860489541565,-10901049353.887709,54377728168.46788,16104412.153680863,1373969.39,-1364.8500000000001
8045.0,35941.58195312381,2488.7999999999997,104.0,35941.58195312381,0.0,-32937519.664956387,134653968.26683095,35941.58195312381,2488.7999999999997,0.0
8050.0,15911087.066391034,1240999.25,49607.0,15999935.667444315,-88848.6010532806,-13061553666.832972,57345668465.33941,16088784.268497594,1261829.22,-20829.97
8055.0,39469.724394277575,2955.09,116.0,39469.724394277575,0.0,-33641618.0391314,145733923.92817938,39469.724394277575,2955.09,0.0
8060.0,5262256.962406724,438816.59,14966.0,5262256.962406724,0.0,-3688874604.9704256,18577924238.41054,5262256.962406724,438816.59,0.0
8065.0,23619.443386991792,1741.52,71.0,23619.443386991792,0.0,-20783942.784174003,89247055.68216184,23619.443386991792,1741.52,0.0
8070.0,10135451.872843053,838388.8900000001,28946.0,10135451.872843053,0.0,-7155890876.972811,36506931528.3277,10135451.872843053,838388.8900000001,0.0
8075.0,756662.2463759002,45129.57,2717.0,795680.70814106,-39018.46176515978,-790916969.3958528,3265534402.921839,834699.1699062198,54425.799999999996,-9296.230000000001
8080.0,4545468.191457972,371277.23,13199.0,4545468.191457972,0.0,-3286071570.5028057,16729622863.032084,4545468.191457972,371277.23,0.0
8085.0,6985.781025238999,489.35999999999996,22.0,6985.781025238999,0.0,-6631187.025579324,27835109.939106785,6985.781025238999,489.35999999999996,0.0
8090.0,6181936.658459084,501037.85000000003,17945.0,6181936.658459084,0.0,-4488881577.440153,23187274478.487892,6181936.658459084,501037.85000000003,0.0
8095.0,36611.01023214446,2510.13,118.0,36611.01023214446,0.0,-35802417.37608938,149359671.72640666,36611.01023214446,2510.13,0.0
8100.0,22052585.53307247,1690503.24,69377.0,22111537.49541971,-58951.96234723927,-17779329387.56774,86292686733.54305,22170489.45776695,1705621.31,-15118.07
8105.0,12338.451470828166,985.68,36.0,12338.451470828166,0.0,-9082480.660003131,47657814.034658544,12338.451470828166,985.68,0.0
8110.0,5469509.826832544,434561.82,16031.0,5469509.826832544,0.0,-4059358124.569522,21338750828.888733,5469509.826832544,434561.82,0.0
8115.0,7941.552068313575,287.25,35.0,7941.552068313575,0.0,-13370788.300159872,39690894.370773025,7941.552068313575,287.25,0.0
8120.0,8059766.589049039,634313.82,23796.0,8059766.589049039,0.0,-6048701249.051377,32036371348.185337,8059766.589049039,634313.82,0.0
8125.0,3283245.878751308,206727.91999999998,10187.0,3303027.0350008975,-19781.156249588978,-3076826646.6418724,14284138345.348341,3322808.1912504863,211753.27,-5025.349999999999
8130.0,9566390.101050682,745931.0800000001,28468.0,9566390.101050682,0.0,-7265983344.147261,38737384825.664604,9566390.101050682,745931.0800000001,0.0
8135.0,11025.255499134495,569.73,45.0,11025.255499134495,0.0,-14990412.509044832,52277458.70513213,11025.255499134495,569.73,0.0
8140.0,6793378.185746757,524291.18,20377.0,6793378.185746757,0.0,-5222981705.56149,28036316229.295982,6793378.185746757,524291.18,0.0
8145.0,12892.183845050586,307.43,71.0,12892.183845050586,0.0,-26088319.309437096,71168990.45284307,12892.183845050586,307.43,0.0
8150.0,16296998.453614105,1220464.23,50819.0,16296998.453614105,0.0,-13283567671.32437,69051168750.99461,16296998.453614105,1220464.23,0.0
8155.0,4333.86941243143,102.50000000000001,25.0,4333.86941243143,0.0,-8891338.40411587,24259414.30530674,4333.86941243143,102.50000000000001,0.0
8160.0,14742870.345823435,1116967.06,44998.0,14742870.345823435,0.0,-11605891304.168224,63014921009.19401,14742870.345823435,1116967.06,0.0
8165.0,13427.808487688864,315.9,81.0,13427.808487688864,0.0,-27924598.55665342,76132513.50910702,13427.808487688864,315.9,0.0
8170.0,7277060.634299897,545843.03,22399.0,7277060.634299897,0.0,-5793896166.883995,31671582727.469517,7277060.634299897,545843.03,0.0
8175.0,673821.1591405992,46143.759999999995,2395.0,680874.8417953901,-7053.682654790947,-614538313.7501152,3083193116.034868,687928.5244501812,48068.829999999994,-1925.07
8180.0,18635274.112413704,1385537.47,57903.0,18635274.112413704,0.0,-15009468982.802637,82456538193.98404,18635274.112413704,1385537.47,0.0
8190.0,13626189.70114097,1003502.78,42758.0,13626189.70114097,0.0,-11108216288.561308,61330414319.96499,13626189.70114097,1003502.78,0.0
8200.0,10393005.830928918,719730.48,63680.0,10397403.003222069,-4397.172293152056,-12946794548.38726,48455456643.834366,10401800.175515221,721687.73,-1957.25
8210.0,3780.23072355209,86.52,28.0,3780.23072355209,0.0,-8336361.151070439,22643464.630355205,3780.23072355209,86.52,0.0
8220.0,128.54416382380685,2.92,1.0,128.54416382380685,0.0,-287044.6231141214,779672.258333899,128.54416382380685,2.92,0.0
8225.0,497479.08898973634,30661.66,1820.0,497479.08898973634,0.0,-512132875.49305993,2483369650.017195,497479.08898973634,30661.66,0.0
8230.0,491.9282680818113,11.12,4.0,491.9282680818113,0.0,-1112185.405378756,3015527.01277699,491.9282680818113,11.12,0.0
8240.0,351.97247911911904,7.89,3.0,351.97247911911904,0.0,-805533.487262394,2182060.5668787905,351.97247911911904,7.89,0.0
8250.0,2618462.649960697,167456.76,11027.0,2618462.649960697,0.0,-2862037920.8027773,13438616016.215384,2618462.649960697,167456.76,0.0
8260.0,971.1711367135188,21.69,9.0,971.1711367135188,0.0,-2276600.318370776,6133747.404225837,971.1711367135188,21.69,0.0
8270.0,0.0,0.0,0.0,0.0,0.0,0.0,0.0,0.0,0.0,0.0
8275.0,1122273.4121300871,73689.47,4156.0,1122273.4121300871,0.0,-1100763239.6857657,5865036184.444988,1122273.4121300871,73689.47,0.0
8280.0,393.46424550960575,8.72,4.0,393.46424550960575,0.0,-944115.1397601647,2536496.155810931,393.46424550960575,8.72,0.0
8290.0,4998.867763694403,110.24000000000001,53.0,4998.867763694403,0.0,-12133024.252731955,32508066.359255537,4998.867763694403,110.24000000000001,0.0
8300.0,7406850.4147242755,492791.16,49144.0,7406850.4147242755,0.0,-9091852881.918709,39379701583.877655,7406850.4147242755,492791.16,0.0
8310.0,5463.239427128248,119.7,63.0,5463.239427128248,0.0,-13561816.794165555,36137499.90231892,5463.239427128248,119.7,0.0
8320.0,997.8347230107133,21.84,12.0,997.8347230107133,0.0,-2504503.49930402,6655300.699188165,997.8347230107133,21.84,0.0
8325.0,1093548.567266324,74867.40000000001,5701.0,1093548.567266324,0.0,-1257879454.625578,6021069104.025223,1093548.567266324,74867.40000000001,0.0
8330.0,167138.49772992503,3638.19,2103.0,167138.49772992503,0.0,-424102348.56470996,1124840543.9815733,167138.49772992503,3638.19,0.0
8340.0,2126.739517961042,46.2,28.0,2126.739517961042,0.0,-5454853.311686966,14440218.432931494,2126.739517961042,46.2,0.0
8350.0,1239459.5879660165,71711.25,9519.0,1239459.5879660165,0.0,-1663085486.987643,7221235198.15304,1239459.5879660165,71711.25,0.0
8360.0,574633.2026467839,12464.0,8200.0,574633.2026467839,0.0,-1505436836.1643066,3959876370.4252753,574633.2026467839,12464.0,0.0
8370.0,2678.7476892995196,57.599999999999994,40.0,2678.7476892995196,0.0,-7091137.926592094,18616493.320558142,2678.7476892995196,57.599999999999994,0.0
8375.0,155783.96553693007,8748.65,2723.0,155783.96553693007,0.0,-312393886.91839975,911150200.291798,155783.96553693007,8748.65,0.0
8380.0,194.7206988545848,4.2,3.0,194.7206988545848,0.0,-520812.3158522574,1360083.7238671093,194.7206988545848,4.2,0.0
8390.0,2278.8313717425153,49.21,37.0,2278.8313717425153,0.0,-6157140.664846599,16074973.126475703,2278.8313717425153,49.21,0.0
8400.0,7353239.594875147,467488.66,67386.0,7353383.374465797,-143.77959065017987,-10088684159.068285,43741444152.60936,7353527.154056447,467584.39999999997,-95.74000000000001
8410.0,285.3826083399978,6.15,5.0,285.3826083399978,0.0,-786666.9478781777,2039047.540205872,285.3826083399978,6.15,0.0
8420.0,54.547868524509,1.17,1.0,54.547868524509,0.0,-151846.8082443103,392822.8123515865,54.547868524509,1.17,0.0
8425.0,432468.321616669,29859.48,1769.0,432468.321616669,0.0,-409685388.14818245,2593950778.3004813,432468.321616669,29859.48,0.0
8430.0,1107.2573019100005,23.729999999999997,21.0,1107.2573019100005,0.0,-3112521.201206384,8016429.013513978,1107.2573019100005,23.729999999999997,0.0
8440.0,50.7832573574224,1.09,1.0,50.7832573574224,0.0,-144134.7278349006,369893.591580115,50.7832573574224,1.09,0.0
8450.0,956628.7201138611,52613.41,8087.0,956628.7201138611,0.0,-1300725908.5663786,6205822855.943224,956628.7201138611,52613.41,0.0
8460.0,1225.4202628147455,26.26,26.0,1225.4202628147455,0.0,-3544611.657778453,9031582.698139627,1225.4202628147455,26.26,0.0
8470.0,1176.172247920023,25.22,26.0,1176.172247920023,0.0,-3434010.865177937,8725627.752410486,1176.172247920023,25.22,0.0
8475.0,318353.32371739217,25163.51,1408.0,318353.32371739217,0.0,-286520483.2929117,1949712124.5024083,318353.32371739217,25163.51,0.0
8480.0,0.0,0.0,0.0,0.0,0.0,0.0,0.0,0.0,0.0,0.0
8490.0,125.05230697252814,2.67,3.0,125.05230697252814,0.0,-371870.34778774926,939695.6937422801,125.05230697252814,2.67,0.0
8500.0,5970975.988397846,370514.18,53852.0,5970975.988397846,0.0,-7733496283.9145355,39468675667.33381,5970975.988397846,370514.18,0.0
8510.0,39.54418920427653,0.84,1.0,39.54418920427653,0.0,-119737.56853941096,299227.0320310519,39.54418920427653,0.84,0.0
8520.0,3480.066453911841,74.52,92.0,3480.066453911841,0.0,-10631009.668569285,26515499.201456465,3480.066453911841,74.52,0.0
8525.0,106296.02121615586,6945.49,528.0,106296.02121615586,0.0,-111751195.38674553,718331794.9490672,106296.02121615586,6945.49,0.0
8530.0,0.0,0.0,0.0,0.0,0.0,0.0,0.0,0.0,0.0,0.0
8540.0,427.74026399488747,9.120000000000001,12.0,427.74026399488747,0.0,-1329756.1835573106,3285535.87279443,427.74026399488747,9.120000000000001,0.0
8550.0,832456.8436311074,42663.170000000006,4566.0,832456.8436311074,0.0,-1018190682.9647853,6064822170.615224,832456.8436311074,42663.170000000006,0.0
8575.0,158356.65043378895,9033.43,859.0,158356.65043378895,0.0,-183475316.12688988,1152474446.1299455,158356.65043378895,9033.43,0.0
8600.0,4831971.955236973,260876.84,57398.0,4831971.955236973,0.0,-7460617176.777387,35673863033.071075,4831971.955236973,260876.84,0.0
8650.0,561393.1871871655,32253.22,3327.0,561393.1871871655,0.0,-656058372.5041875,4336513249.323613,561393.1871871655,32253.22,0.0
8700.0,2591672.0904219095,127837.19,30897.0,2591672.0904219095,0.0,-4008332779.430521,21150972431.98804,2591672.0904219095,127837.19,0.0
8800.0,3946862.666111615,204918.37,44035.0,3946966.411229149,-103.7451175337269,-5662704340.740742,34440366516.00424,3947070.1563466825,205013.79,-95.42
8900.0,1205439.146173981,53743.94,36851.0,1205439.146173981,0.0,-2618155676.502304,11089889156.663658,1205439.146173981,53743.94,0.0
9000.0,4239750.06409608,189739.1,55490.0,4239750.06409608,0.0,-6542144972.903014,43028862473.24652,4239750.06409608,189739.1,0.0
9100.0,304014.52375177096,13207.84,4856.0,304014.52375177096,0.0,-492979753.86596924,3259739454.6491423,304014.52375177096,13207.84,0.0
9200.0,1871359.4273845747,81425.53,35939.0,1871359.4273845747,0.0,-3146573356.4363294,20955042296.439934,1871359.4273845747,81425.53,0.0
9300.0,64887.3685384996,3446.9900000000002,920.0,64887.3685384996,0.0,-89611237.66423044,749141005.9223764,64887.3685384996,3446.9900000000002,0.0
9400.0,357751.11494772084,15543.679999999998,9446.0,357751.11494772084,0.0,-634400352.4174824,4346604081.3785925,357751.11494772084,15543.679999999998,0.0
9600.0,149809.28187769803,6351.610000000001,5404.0,149809.28187769803,0.0,-284386217.43462294,1950363451.2069383,149809.28187769803,6351.610000000001,0.0
9800.0,99946.19420735161,4562.58,4012.0,99946.19420735161,0.0,-183959804.1039393,1387872765.98952,99946.19420735161,4562.58,0.0
10000.0,573035.5275084532,22439.149999999998,46399.0,573035.5275084532,0.0,-1366982893.583294,8112444983.351894,573035.5275084532,22439.149999999998,0.0
10200.0,40054.47956312319,1736.4499999999998,2953.0,40054.47956312319,0.0,-86776594.16405888,603829819.8706193,40054.47956312319,1736.4499999999998,0.0
10400.0,15535.33779461497,677.77,1435.0,15535.33779461497,0.0,-35151811.97502282,242976244.16175875,15535.33779461497,677.77,0.0
10600.0,15901.224264608092,703.29,1844.0,15901.224264608092,0.0,-37990996.064854674,255794110.5825473,15901.224264608092,703.29,0.0
10800.0,8363.026684423656,364.08000000000004,1307.0,8363.026684423656,0.0,-22182385.150924835,135805547.7059145,8363.026684423656,364.08000000000004,0.0
11000.0,19870.830428330293,904.04,3246.0,19870.830428330293,0.0,-51095658.37774492,337061111.36015683,19870.830428330293,904.04,0.0
11200.0,4058.806763893863,179.22,952.0,4058.806763893863,0.0,-12248596.964542763,67574722.58885477,4058.806763893863,179.22,0.0
11400.0,8681.85159877678,393.09,2229.0,8681.85159877678,0.0,-27006600.98607474,146460647.1998903,8681.85159877678,393.09,0.0
11600.0,398.7432226534452,19.270000000000003,86.0,398.7432226534452,0.0,-1089370.6136691011,7179458.716195662,398.7432226534452,19.270000000000003,0.0
11800.0,352.7186045919085,17.72,77.0,352.7186045919085,0.0,-928549.7790323717,6594768.749497318,352.7186045919085,17.72,0.0
12000.0,30655.72713764942,1369.3600000000001,16867.0,30655.72713764942,0.0,-121917662.13301088,519080609.0694282,30655.72713764942,1369.3600000000001,0.0
