strike,net_gex,net_dex,total_oi,call_gex,put_gex,charm_exp,vanna_exp,gross_gex,call_dex,put_dex
-1.0,-356110072.4870848,139365356.27,14047018.0,7391.01,19195.0,,,,,
600.0,-2024.365549481572,-509.24,50924.0,0.0,-2024.365549481572,28818672.821100768,-34790582.20373151,2024.365549481572,0.0,-509.24
800.0,-2854.486560726738,-510.56,37820.0,0.0,-2854.486560726738,39620177.55398615,-45398173.823174864,2854.486560726738,0.0,-510.56
1000.0,-6336.1296317119395,-1082.61,44747.0,0.0,-6336.1296317119395,79547563.10019636,-96565091.32245979,6336.1296317119395,0.0,-1082.61
1200.0,-6977.053350825529,-1260.27,27266.0,0.0,-6977.053350825529,77700006.73146966,-102909196.16111054,6977.053350825529,0.0,-1260.27
1400.0,-8683.91194015506,-1514.69,21019.0,0.0,-8683.91194015506,85866627.59739724,-125080874.44274713,8683.91194015506,0.0,-1514.69
1600.0,-11643.029786537834,-1894.3000000000002,23311.0,0.0,-11643.029786537834,120482238.00338134,-159478786.30903754,11643.029786537834,0.0,-1894.3000000000002
1800.0,-17267.7583141061,-2787.15,30361.0,0.0,-17267.7583141061,189136365.49953014,-224243257.73494986,17267.7583141061,0.0,-2787.15
2000.0,-60877.150098465,-9274.06,73692.0,0.20979058620652277,-60877.3598890512,610456012.4153137,-770480529.418688,60877.56967963741,199.98,-9474.04
2200.0,-84057.996892851,-12830.019999999999,71014.0,0.0,-84057.996892851,741501724.3608705,-1038649011.6610069,84057.996892851,0.0,-12830.019999999999
2300.0,-2326.1989101860454,-270.24,4504.0,0.0,-2326.1989101860454,40157390.55515331,-23840726.029294446,2326.1989101860454,0.0,-270.24
2400.0,-69819.22978958282,-10759.849999999999,39699.0,0.0,-69819.22978958282,521212698.6200469,-856796204.3744229,69819.22978958282,0.0,-10759.849999999999
2500.0,-96180.34090060982,-13579.259999999998,78235.0,0.0,-96180.34090060982,963061009.8281499,-1101416228.820019,96180.34090060982,0.0,-13579.259999999998
2600.0,-56271.56409666734,-6665.379999999999,38317.0,10.674731855972782,-56282.23882852332,600062933.0019624,-629930513.2903036,56292.91356037928,998.8,-7664.179999999999
2700.0,-154434.41689069645,-22125.229999999996,59989.0,0.0,-154434.41689069645,1093844368.8969615,-1782765018.3960104,154434.41689069645,0.0,-22125.229999999996
2800.0,-185799.85140801955,-26232.75,70336.0,16.56109598522368,-185816.41250400475,1326549400.8622663,-2127576607.672497,185832.97359999,497.56,-26730.31
2900.0,-20334.357229753015,249.78000000000006,9876.0,124.24463958180533,-20458.60186933482,188774362.79650208,-223491343.84740013,20582.846508916624,2982.0,-2732.22
3000.0,-165694.35810647017,4624.7,65300.0,1068.52780421073,-166762.8859106809,1399431220.3769715,-1816963802.9405308,167831.41371489162,27052.899999999998,-22428.2
3100.0,-24162.670807917686,-3036.01,10867.0,3.332346106287871,-24166.003154023972,235438099.405956,-253240080.65404895,24169.335500130263,99.59,-3135.6
3200.0,-117089.69526405036,-3253.2400000000007,35301.0,1023.2208427658255,-118112.91610681618,884672603.9626626,-1268010250.6221907,119136.136949582,12500.31,-15753.55
3300.0,-180309.6044481935,-24528.649999999998,43127.0,7.601318940023566,-180317.20576713356,1117822092.0034015,-1933084994.7795725,180324.80708607356,199.12,-24727.769999999997
3400.0,-125653.34278808729,-12033.199999999999,31566.0,117.51712422935128,-125770.85991231664,911929966.6263267,-1295362596.5748854,125888.37703654598,4286.92,-16320.119999999999
3450.0,-5007.083249896188,-489.22999999999996,1687.0,0.0,-5007.083249896188,56638414.79395892,-44121619.835012235,5007.083249896188,0.0,-489.22999999999996
3500.0,-461641.66008083406,-60524.5,80076.0,2.3767905821801913,-461644.0368714162,2641731607.107981,-4767278167.689577,461646.4136619984,99.78,-60624.28
3550.0,-2256.200334876743,-219.78,666.0,0.0,-2256.200334876743,24571491.792610284,-19620639.16906346,2256.200334876743,0.0,-219.78
3600.0,-108626.24443842178,-12762.86,26018.0,10.169316255763622,-108636.41375467755,873229751.4340689,-1047739239.2081528,108646.58307093331,198.88,-12961.740000000002
3650.0,-3686.4334504965627,-316.85,2719.0,0.0,-3686.4334504965627,70459702.19171809,-28878943.665213615,3686.4334504965627,0.0,-316.85
3700.0,-86599.23185013018,16643.97,16133.0,509.49236859036404,-87108.72421872054,590930555.5681567,-859239992.9572644,87618.2165873109,27361.050000000003,-10717.08
3750.0,-7908.579474141114,-692.06,3714.0,0.0,-7908.579474141114,123438418.55751635,-62440057.30198464,7908.579474141114,0.0,-692.06
3800.0,-327507.3732186253,-5870.919999999998,46289.0,1312.9414023519553,-328820.31462097727,1788183036.1391313,-3336918236.9633603,330133.2560233292,37686.54,-43557.46
3850.0,-40869.83170777167,-2418.21,6408.0,99.33647591874598,-40969.16818369042,254945075.08743852,-398942251.6058709,41068.50465960916,2691.29,-5109.5
3900.0,-145846.65425923138,30665.75,29520.0,2023.5090592283195,-147870.1633184597,1324488958.0250688,-1330768960.4500713,149893.67237768802,46323.3,-15657.55
3950.0,-37278.01566001054,1828.2299999999984,5623.0,394.3349631253141,-37672.350623135855,228702026.4060306,-368164729.96213627,38066.68558626117,6562.699999999999,-4734.47
3975.0,-1752.0020125305375,-161.7,294.0,0.0,-1752.0020125305375,16147313.274739765,-14310358.668630552,1752.0020125305375,0.0,-161.7
4000.0,-704946.7959262793,6940650.449999999,194038.0,481790.82903509017,-1186737.6249613694,9953142200.006393,-16536358345.87168,1668528.4539964597,7085482.1899999995,-144831.74
4025.0,-3349.497622802906,-307.4,530.0,0.0,-3349.497622802906,30254162.008193925,-27187522.855192214,3349.497622802906,0.0,-307.4
4050.0,-68541.62672381323,-6826.4800000000005,7574.0,114.59644720307365,-68656.2231710163,366727547.0301031,-645493412.8855336,68770.81961821936,1488.75,-8315.23
4075.0,-2750.205858687177,-248.88000000000002,408.0,0.0,-2750.205858687177,24337300.2474464,-22151159.366801985,2750.205858687177,0.0,-248.88000000000002
4100.0,-153402.73198240655,63704.420000000006,18091.0,6530.754148014777,-159933.4861304213,907579124.0535944,-1563481423.2020426,166464.2402784361,83071.90999999999,-19367.489999999998
4125.0,-21672.81692757445,-2589.1000000000004,1790.0,0.0,-21672.81692757445,98364528.86154112,-201046836.55775434,21672.81692757445,0.0,-2589.1000000000004
4150.0,-74112.75217403937,16300.859999999999,9303.0,2388.0099916646395,-76500.762165704,457457268.9320966,-740309943.8781972,78888.77215736864,25761.7,-9460.84
4175.0,-9832.205706880632,-1084.96,918.0,0.0,-9832.205706880632,55087546.12579562,-86913594.46100198,9832.205706880632,0.0,-1084.96
4200.0,-255339.24660599855,140611.33,35284.0,16518.33811283637,-271857.5847188349,1959337206.4343078,-2559230428.039948,288375.9228316713,170770.02,-30158.690000000002
4225.0,-7510.617237115316,-384.18999999999994,1482.0,42.1551860133851,-7552.772423128701,74484471.33217753,-63408768.86262195,7594.927609142087,395.71999999999997,-779.9099999999999
4250.0,-93384.78117066508,-3386.7900000000004,10874.0,1023.1493801262185,-94407.9305507913,619476428.1988022,-844221172.0570822,95431.0799309175,7379.0,-10765.79
4275.0,-15370.075386055305,9717.6,1982.0,1268.5151425950473,-16638.59052865035,114271397.45820053,-158315978.0030781,17907.105671245397,11573.07,-1855.4699999999998
4300.0,-219973.44579251434,151413.01,23181.0,20878.928096108208,-240852.37388862256,1397961243.3628917,-2348003731.842549,261731.30198473076,178991.91,-27578.900000000005
4325.0,-14366.727230663442,-1329.61,1707.0,23.809822916765476,-14390.537053580209,102710882.19795443,-121733112.05551761,14414.346876496973,197.6,-1527.21
4350.0,-81599.81797076107,-7119.719999999999,6914.0,331.1335271396543,-81930.9514979007,417339632.9116243,-736136340.279317,82262.08502504037,2565.9600000000005,-9685.68
4375.0,-19377.404667206603,2185.6899999999996,2791.0,543.4716079412212,-19920.87627514782,179833604.31213897,-164991141.26436302,20464.347883089045,4144.5599999999995,-1958.87
4400.0,-358353.67385267484,96771.39000000001,36482.0,17093.28878105267,-375446.9626337275,2426875179.0147905,-3350765241.5074244,392540.2514147802,137525.12,-40753.73
4425.0,-23002.319827705316,-1650.92,2544.0,97.25938814792686,-23099.579215853242,174073193.110449,-188551552.82101095,23196.83860400117,690.13,-2341.05
4450.0,-106269.76751648507,25227.160000000003,12736.0,3619.293929406671,-109889.06144589174,741076003.6385509,-968297310.0388632,113508.3553752984,37499.76,-12272.6
4475.0,-19890.91642166925,9085.12,2629.0,1692.589480743889,-21583.50590241314,197196817.8976198,-180544518.63180238,23276.09538315703,11026.400000000001,-1941.2799999999997
4500.0,-836828.3030825432,236688.27000000005,63218.0,53740.72465980633,-890569.0277423495,4451174339.944539,-8145966486.025191,944309.7524021559,336759.09,-100070.81999999999
4525.0,-23738.032000735435,-2045.19,2489.0,41.046937933951966,-23779.078938669387,187468970.07483473,-187899968.32230017,23820.125876603335,296.13,-2341.3199999999997
4550.0,-86554.22296122898,-3949.36,7195.0,935.8275691612921,-87490.05053039026,509890184.15504074,-758674130.6994969,88425.87809955156,6312.45,-10261.81
4575.0,-24635.580398387836,-2322.2,2180.0,17.99065604523588,-24653.571054433072,173387660.81832087,-194201557.86830783,24671.56171047831,98.1,-2420.3
4600.0,-392641.9527343559,195845.59000000003,37089.0,45485.37516777421,-438127.3279021301,2878690043.3821273,-4009412857.5910735,483612.7030699043,242734.90000000002,-46889.31
4625.0,-49945.42149327502,-2337.9399999999996,4279.0,477.5241155043266,-50422.945608779344,343122792.0097172,-409134221.76449955,50900.46972428367,2951.3,-5289.24
4650.0,-118450.46388816532,4458.12,9010.0,3127.3128312014815,-121577.7767193668,749183635.4111096,-993223371.1740999,124705.08955056829,16781.4,-12323.28
4675.0,-52559.98912251525,1083.5799999999995,3516.0,1234.3418239867156,-53794.33094650196,293965412.4251403,-445106520.971364,55028.67277048868,6777.339999999999,-5693.76
4700.0,-512434.00968588184,182860.22,32358.0,51312.400115727934,-563746.4098016098,2631507923.769947,-5136063925.745683,615058.8099173377,245477.77,-62617.549999999996
4725.0,-44651.584893953324,4357.51,3330.0,1970.629566440253,-46622.214460393574,293998400.50308084,-383065993.45140684,48592.84402683383,9095.48,-4737.97
4750.0,-279767.27784073714,-20603.609999999997,19692.0,1175.0540353532247,-280942.3318760904,1851243099.9912279,-2119238424.0912917,282117.3859114436,5479.34,-26082.949999999997
4775.0,-86173.1631449382,-6209.09,6251.0,547.2626027255169,-86720.42574766371,592516011.5648069,-659990621.8671147,87267.68835038923,2138.0,-8347.09
4800.0,-736024.0534032668,201051.59,59837.0,63569.710222062415,-799593.7636253292,6061694728.520787,-6610831392.186184,863163.4738473917,278316.20999999996,-77264.62
4825.0,-56650.1289635,-5298.110000000001,3198.0,88.0007453536771,-56738.12970885368,297181207.114617,-447329384.97960293,56826.13045420736,693.51,-5991.62
4850.0,-280811.0546700341,20115.800000000003,16822.0,8451.817040511753,-289262.8717105458,1606842222.5009136,-2299252635.119554,297714.68875105755,49725.75,-29609.95
4875.0,-109177.3563746133,-5920.58,8097.0,824.126692791133,-110001.48306740444,854789006.5520122,-805904918.4674978,110825.60976019557,4432.280000000001,-10352.86
4900.0,-547763.246580374,197514.25,32010.0,72385.27251477324,-620148.5190951473,2975378565.114678,-5497795522.195173,692533.7916099204,264273.02,-66758.77
4925.0,-96473.48583278111,-8016.400000000001,5123.0,499.3070960782922,-96972.7929288594,528404157.0295522,-736896977.4727924,97472.1000249377,1745.28,-9761.68
4950.0,-143945.18342921376,-6358.34,7690.0,2306.686490818263,-146251.86992003204,794472770.1647304,-1111888326.4361107,148558.5564108503,8057.539999999999,-14415.88
4975.0,-128514.36871122124,-8045.130000000001,8982.0,1162.6121700859903,-129676.98088130723,1008595108.2329142,-934628954.508891,130839.59305139323,4079.92,-12125.050000000001
5000.0,-1649406.8258718308,18750364.020000003,492385.0,4911809.219982227,-6561216.045854058,71015078554.94131,-85033035165.37029,11473025.265836287,19421204.69,-670840.67
5005.0,-28.49943162069934,98.21999999999998,102.0,12.065913678333922,-40.56534529903326,5473001.478271665,-149810.2362174363,52.63125897736718,99.22999999999999,-1.0100000000000002
5010.0,-22.889204523017,98.17,92.0,13.842172944313907,-36.73137746733091,5239714.227733443,-140526.6051638578,50.57355041164482,99.08,-0.91
5015.0,9.956104081785119,99.00999999999999,10.0,13.606937780169016,-3.6508336983838974,1792501.1291250691,-37497.95263564461,17.257771478552915,99.1,-0.09000000000000001
5020.0,12.644052942031903,99.14999999999999,2.0,13.051159544962205,-0.4071066029303022,1399662.1473729007,-26639.442244539863,13.458266147892507,99.16,-0.01
5025.0,-105836.40727230145,-8665.14,4927.0,715.6019383145579,-106552.00921061602,539555872.7596245,-803506680.1064137,107267.61114893056,2326.2799999999997,-10991.42
5030.0,10.476791067112481,99.02,9.0,13.761310599413846,-3.2845195323013656,1757393.894922351,-36650.81561070819,17.045830131715213,99.1,-0.08
5035.0,13.08697940037639,99.07000000000001,3.0,13.912123062616834,-0.8251436622404438,1516959.5651119018,-29256.63013775086,14.737266724857278,99.09,-0.02
5040.0,-1.2437413392503374,-0.030000000000000002,3.0,0.0,-1.2437413392503374,126620.6249086817,-3859.9230439456373,1.2437413392503374,0.0,-0.030000000000000002
5045.0,-0.4165906869198127,-0.01,1.0,0.0,-0.4165906869198127,42303.14316781715,-1292.7397406137718,0.4165906869198127,0.0,-0.01
5050.0,-364907.7651112052,-17464.480000000003,14669.0,6126.709284790303,-371034.47439599555,1523162490.693258,-2846794462.909753,377161.1836807858,20999.59,-38464.07000000001
5055.0,-0.8400775308294077,-0.02,2.0,0.0,-0.8400775308294077,84870.32947568844,-2606.630287973188,0.8400775308294077,0.0,-0.02
5060.0,-63.307385773964306,-1.5000000000000002,150.0,0.0,-63.307385773964306,6379317.186814771,-196412.90436692195,63.307385773964306,0.0,-1.5000000000000002
5065.0,-4.240608969761045,-0.1,10.0,0.0,-4.240608969761045,426215.7784377391,-13155.285293105744,4.240608969761045,0.0,-0.1
5070.0,-9.360674962025215,-0.22,22.0,0.0,-9.360674962025215,938403.3315480768,-29039.353420566717,9.360674962025215,0.0,-0.22
5075.0,-150056.96445317703,-10080.89,6940.0,1195.7140821081136,-151252.67853528514,833050712.2824761,-1078681621.0375657,152448.39261739326,3676.95,-13757.839999999998
5080.0,-4.295052906869456,-0.1,10.0,0.0,-4.295052906869456,428355.8313580325,-13321.881694510732,4.295052906869456,0.0,-0.1
5085.0,-0.8630329192417336,-0.02,2.0,0.0,-0.8630329192417336,85849.47548770388,-2676.6053052889915,0.8630329192417336,0.0,-0.02
5090.0,-0.8670564670154297,-0.02,2.0,0.0,-0.8670564670154297,86026.03815793559,-2688.8410611124173,0.8670564670154297,0.0,-0.02
5095.0,-1.3066214874152098,-0.030000000000000002,3.0,0.0,-1.3066214874152098,129301.24915026275,-4051.6244752006282,1.3066214874152098,0.0,-0.030000000000000002
5100.0,-1228563.8752468934,205433.95,50086.0,118735.07507464288,-1347298.9503215363,5270882589.338297,-11099658713.133535,1466034.0253961792,347900.85000000003,-142466.9
5105.0,-1.3168474917852486,-0.030000000000000002,3.0,0.0,-1.3168474917852486,129635.79910350648,-4083.119802090467,1.3168474917852486,0.0,-0.030000000000000002
5110.0,-10.142032516739231,-0.22999999999999998,23.0,0.0,-10.142032516739231,995816.1822576631,-31444.59640896603,10.142032516739231,0.0,-0.22999999999999998
5115.0,-0.8859333789930275,-0.02,2.0,0.0,-0.8859333789930275,86759.7014190423,-2746.54904127899,0.8859333789930275,0.0,-0.02
5120.0,-76.9807270256268,-1.73,173.0,0.0,-76.9807270256268,7518996.398021047,-238635.1730055055,76.9807270256268,0.0,-1.73
5125.0,-190608.5556448441,13176.720000000003,7952.0,11684.801464609836,-202293.35710945394,951317678.9589149,-1540356413.0709624,213978.15857406377,32272.110000000004,-19095.39
5130.0,-2.2449579271891524,-0.05,5.0,0.0,-2.2449579271891524,218123.2947098889,-6958.179733462638,2.2449579271891524,0.0,-0.05
5135.0,-14.452532147477047,-0.32,32.0,0.0,-14.452532147477047,1400526.8139109905,-44786.59974272375,14.452532147477047,0.0,-0.32
5140.0,-77.57462202395763,-1.71,171.0,0.0,-77.57462202395763,7497565.445989452,-240377.29077643118,77.57462202395763,0.0,-1.71
5145.0,-1.366989356734414,-0.030000000000000002,3.0,0.0,-1.366989356734414,131770.10030536086,-4235.546289619761,1.366989356734414,0.0,-0.030000000000000002
5150.0,-409701.79825464525,24455.220000000005,18154.0,19066.086318520098,-428767.8845731653,2274997587.345365,-3150676988.8765945,447833.97089168546,64621.560000000005,-40166.34
5155.0,-0.9193619471453838,-0.02,2.0,0.0,-0.9193619471453838,88152.4971006704,-2848.227262779813,0.9193619471453838,0.0,-0.02
5160.0,-15.235710340532073,-0.33,33.0,0.0,-15.235710340532073,1456988.0438254336,-47198.05662029335,15.235710340532073,0.0,-0.33
5165.0,-7.419105333119054,-0.16,16.0,0.0,-7.419105333119054,707600.2806309161,-22981.965728131476,7.419105333119054,0.0,-0.16
5170.0,-1.3970955106977503,-0.030000000000000002,3.0,0.0,-1.3970955106977503,132893.49355645623,-4327.4981951813725,1.3970955106977503,0.0,-0.030000000000000002
5175.0,-217609.84763770364,-12438.59,8600.0,1810.2358612788942,-219420.08349898254,1157522171.3984714,-1520746367.5097952,221230.3193602614,6936.82,-19375.41
5180.0,-2.3519297388178657,-0.05,5.0,0.0,-2.3519297388178657,222523.95320509258,-7283.413551291028,2.3519297388178657,0.0,-0.05
5185.0,-2.8343380093965305,-0.060000000000000005,6.0,0.0,-2.8343380093965305,267447.85176208784,-8776.879479993142,2.8343380093965305,0.0,-0.060000000000000005
5190.0,-115.27709742377867,-2.43,243.0,0.0,-115.27709742377867,10848345.235301683,-356952.4375594442,115.27709742377867,0.0,-2.43
5195.0,-15.266849299024505,-0.32,32.0,0.0,-15.266849299024505,1432845.5390716218,-47265.340480291576,15.266849299024505,0.0,-0.32
5200.0,-1372988.3853686366,184749.65,116091.0,126610.35854960386,-1499598.7439182403,17965021750.902363,-11339419319.158484,1626209.1024678443,325724.38,-140974.73
5205.0,-25.978869057941342,-0.54,54.0,0.0,-25.978869057941342,2425078.47985755,-80422.17642205434,25.978869057941342,0.0,-0.54
5210.0,-1498.3283415498988,-30.970000000000002,3097.0,0.0,-1498.3283415498988,139487655.47737885,-4637575.546639905,1498.3283415498988,0.0,-30.970000000000002
5215.0,0.0,0.0,0.0,0.0,0.0,0.0,0.0,0.0,0.0,0.0
5220.0,-11.707061155721082,-0.24000000000000002,24.0,0.0,-11.707061155721082,1083975.917483553,-36232.61741178411,11.707061155721082,0.0,-0.24000000000000002
5225.0,-330391.16458466183,-30628.3,9721.0,2310.795810736634,-332701.9603953985,988779047.8068826,-2512553988.5640826,335012.7562061351,6770.75,-37399.05
5230.0,-48.265890134062225,-0.98,98.0,0.0,-48.265890134062225,4444726.794338393,-149351.37703015402,48.265890134062225,0.0,-0.98
5235.0,-1.9809538174680126,-0.04,4.0,0.0,-1.9809538174680126,181924.69770149197,-6128.803222187982,1.9809538174680126,0.0,-0.04
5240.0,4.153464156598895,98.95,22.0,14.595303119629007,-10.441838963030111,2312577.3592534848,-60989.21493263938,25.037142082659116,99.16,-0.21000000000000002
5245.0,0.0,0.0,0.0,0.0,0.0,0.0,0.0,0.0,0.0,0.0
5250.0,-574978.5120183125,-6465.140000000001,19632.0,21009.24065872474,-595987.7526770371,2459654690.8629603,-4370770696.628785,616996.993335762,52327.83,-58792.97
5255.0,-2.018809578077342,-0.04,4.0,0.0,-2.018809578077342,183376.63713752787,-6243.735587334465,2.018809578077342,0.0,-0.04
5260.0,-16.21402498801633,-0.32,32.0,0.0,-16.21402498801633,1468731.935474155,-50145.49616830027,16.21402498801633,0.0,-0.32
5265.0,-3.056644014840112,-0.060000000000000005,6.0,0.0,-3.056644014840112,276118.7890397377,-9451.989610366549,3.056644014840112,0.0,-0.060000000000000005
5270.0,-2.5571128750934817,-0.05,5.0,0.0,-2.5571128750934817,230356.03438113,-7907.189752486626,2.5571128750934817,0.0,-0.05
5275.0,-429448.54852922144,-44622.21,12496.0,603.3448241869112,-430051.8933534084,1470843677.6069813,-3117690321.2984114,430655.2381775953,1533.4099999999999,-46155.619999999995
5280.0,-28.90489901476402,-0.5599999999999999,56.0,0.0,-28.90489901476402,2589465.7114227456,-89367.27345570692,28.90489901476402,0.0,-0.5599999999999999
5290.0,-42.779007709272186,-0.8200000000000001,82.0,0.0,-42.779007709272186,3811078.7243008646,-132226.88434636747,42.779007709272186,0.0,-0.8200000000000001
5300.0,-1179133.4188493532,259350.7,46518.0,173819.02892877703,-1352952.4477781302,5955467263.721873,-10699460888.653135,1526771.4767069072,391187.37999999995,-131836.68
5310.0,-9.561418814502387,-0.18000000000000002,18.0,0.0,-9.561418814502387,842309.7489198693,-29546.012562232965,9.561418814502387,0.0,-0.18000000000000002
5320.0,-20.397190363048217,-0.38,38.0,0.0,-20.397190363048217,1786777.7621393162,-63014.27456924642,20.397190363048217,0.0,-0.38
5325.0,-274402.6111337824,-25012.83,9394.0,402.97079715312043,-274805.58193093556,1358394021.6736338,-1879826871.262251,275208.55272808863,1871.9900000000002,-26884.82
5330.0,-6.498233669468309,-0.24000000000000002,12.0,0.0,-6.498233669468309,566028.3572714987,-20073.211505352472,6.498233669468309,0.0,-0.24000000000000002
5340.0,-89.18128337066102,-3.2600000000000002,163.0,0.0,-89.18128337066102,7724106.613223372,-275419.13619701035,89.18128337066102,0.0,-3.2600000000000002
5350.0,-388996.81640123785,52077.069999999985,14396.0,41728.63001733134,-430725.4464185692,2056690054.3244221,-3184574781.2431636,472454.0764359005,91606.9,-39529.829999999994
5360.0,-16.167574769432203,-0.5800000000000001,29.0,0.0,-16.167574769432203,1384379.331604185,-49915.05486183684,16.167574769432203,0.0,-0.5800000000000001
5370.0,-9.573476610883542,-0.34,17.0,0.0,-9.573476610883542,815046.2910569034,-29550.550416096856,9.573476610883542,0.0,-0.34
5375.0,-199571.83050810572,-7789.48,6504.0,4032.6825127475204,-203604.51302085322,997573149.521282,-1386866976.0328329,207637.19553360075,11794.19,-19583.67
5380.0,-7.963251317282444,-0.27999999999999997,14.0,0.0,-7.963251317282444,674055.1047600086,-24575.30793466412,7.963251317282444,0.0,-0.27999999999999997
5390.0,-8.042655518398593,-0.27999999999999997,14.0,0.0,-8.042655518398593,676841.1323072907,-24815.563496021205,8.042655518398593,0.0,-0.27999999999999997
5400.0,-1753090.8414662092,115685.51000000001,68255.0,144912.16477087655,-1898003.0062370857,9648595538.464907,-13835450161.930204,2042915.1710079624,301982.89,-186297.38
5410.0,-12.302962377834998,-0.42000000000000004,21.0,0.0,-12.302962377834998,1023365.6991900163,-37946.98061601555,12.302962377834998,0.0,-0.42000000000000004
5420.0,-42.000838182889275,-1.4200000000000002,71.0,0.0,-42.000838182889275,3473205.5184089295,-129524.61337855647,42.000838182889275,0.0,-1.4200000000000002
5425.0,-214907.28738412572,-17891.010000000002,7215.0,511.7239818617735,-215419.0113659875,1185018275.9618392,-1380156138.8042586,215930.73534784926,1047.23,-18938.24
5430.0,-2.9863781871647834,-0.1,5.0,0.0,-2.9863781871647834,245503.76515990967,-9208.091463568893,2.9863781871647834,0.0,-0.1
5440.0,-24.159813743397578,-0.8,40.0,0.0,-24.159813743397578,1974402.3940196715,-74471.70989366529,24.159813743397578,0.0,-0.8
5450.0,-644407.5266643034,-5459.990000000001,18322.0,22469.187281503655,-666876.713945807,2975300469.627296,-4501146391.857648,689345.9012273106,57139.52,-62599.51
5460.0,-77.68087044660113,-2.52,126.0,0.0,-77.68087044660113,6273106.251307666,-239347.46627389078,77.68087044660113,0.0,-2.52
5470.0,-6.222810666152169,-0.2,10.0,0.0,-6.222810666152169,499519.72824930045,-19171.063364772344,6.222810666152169,0.0,-0.2
5475.0,-376192.7290301346,-32407.58,9047.0,3824.640283816338,-380017.36931395094,1194528296.737443,-2608046253.4207616,383842.00959776726,6998.84,-39406.42
5480.0,-2466.3566674608187,84.34000000000002,376.0,66.91199127509823,-2533.2686587359167,54091638.85261503,-11166232.522568878,2600.180650011015,195.56,-111.21999999999998
5490.0,-12728.114066530106,-368.73,991.0,68.86421414773396,-12796.97828067784,230340740.26154003,-56241642.229244135,12865.842494825574,195.4,-564.13
5500.0,-3875179.4938545036,992494.81,124007.0,569765.5452644308,-4444945.039118934,25182379989.81576,-32841681664.028046,5014710.584383366,1432426.36,-439931.55000000005
5510.0,-10470.169003740502,81.02999999999992,673.0,206.13385205308964,-10676.302855793594,163231544.99664843,-49825022.05253926,10882.436707846682,586.52,-505.49
5520.0,-4203.367670594743,296.05,405.0,175.40492384679854,-4378.772594441541,85785396.84447794,-19553184.648867734,4554.177518288339,488.5,-192.45000000000002
5525.0,-182463.77842917253,-9833.230000000001,4715.0,2194.1442402470457,-184657.92266941958,828494071.7481588,-1197364482.7688534,186852.0669096666,7647.92,-17481.15
5530.0,-6389.707006153732,2154.9799999999996,526.0,584.8604653156298,-6974.567471469361,157408895.5589757,-31966624.55353673,7559.427936784992,2467.5199999999995,-312.53999999999996
5540.0,-7963.856818290779,1574.0200000000002,632.0,693.3060748172652,-8657.162893108045,164011488.25039336,-39898454.63971051,9350.46896792531,1955.54,-381.52000000000004
5550.0,-498771.02277607226,15564.01,15747.0,36785.41415890972,-535556.436934982,2739366218.630509,-3554279982.2949057,572341.8510938918,61645.12,-46081.11
5560.0,-30220.62971844601,-651.2999999999998,1579.0,362.9047266730896,-30583.534445119098,378951029.5984804,-152215945.34032375,30946.43917179219,976.6999999999999,-1627.9999999999998
5570.0,-22035.384371157776,-1063.58,1281.0,0.0,-22035.384371157776,324525662.901054,-101083062.08583972,22035.384371157776,0.0,-1063.58
5575.0,-309935.89677409036,32155.639999999996,11218.0,36906.34343003138,-346842.24020412174,2225978833.7136707,-2310167116.287777,383748.5836341531,61084.31999999999,-28928.68
5580.0,-26772.759002318144,-783.0899999999999,1317.0,259.62864658304466,-27032.38764890119,315731668.8722299,-135467065.5692134,27292.01629548423,683.48,-1466.57
5590.0,-26391.961207574728,-141.80999999999995,1502.0,452.14692476143966,-26844.108132336165,385589878.5970611,-125806430.95224634,27296.255057097602,1170.99,-1312.8
5600.0,-2408138.6647213427,251301.1,84679.0,304601.3315311936,-2712739.9962525363,14758594904.49157,-18807308526.64755,3017341.32778373,500685.83,-249384.72999999998
5610.0,-62690.125879421634,-4356.53,1741.0,0.0,-62690.125879421634,372151603.5022499,-356467400.4654398,62690.125879421634,0.0,-4356.53
5620.0,-17887.714291118333,5563.919999999999,919.0,2710.506935108452,-20598.221226226786,261883933.4494752,-112555756.63083732,23308.72816133524,6728.879999999999,-1164.96
5625.0,-311511.6872444293,-3805.060000000002,7220.0,19172.56427801211,-330684.2515224414,1087871765.0602558,-2234231656.695213,349856.8158004535,29177.1,-32982.159999999996
5630.0,-13499.89844534203,-424.65,529.0,157.16308637291763,-13657.06153171495,125102819.1701515,-71915196.4024612,13814.224618087865,390.16,-814.81
5640.0,-29187.054448827563,-1728.2199999999998,993.0,40.143849938550524,-29227.19829876611,231867821.3939792,-156286640.42635572,29267.342148704665,97.48,-1825.6999999999998
5650.0,-799236.2507597549,61458.679999999986,20982.0,95725.41729234309,-894961.6680520979,3660233204.1601715,-6117812843.972157,990687.085344441,143948.61,-82489.93000000001
5660.0,-31592.618566127167,-2038.2099999999998,994.0,0.0,-31592.618566127167,236181515.4072745,-169756734.10687765,31592.618566127167,0.0,-2038.2099999999998
5670.0,-30386.304598202303,3276.8199999999993,1337.0,2138.072296307445,-32524.376894509747,381919023.09746665,-166642466.33042118,34662.44919081719,5068.24,-1791.42
5675.0,-407113.79827355436,-25117.510000000002,9457.0,6212.641656305897,-413326.43992986024,1879290262.1395414,-2488273455.7132373,419539.08158616617,10669.67,-35787.18000000001
5680.0,-18385.028642717843,-1084.42,660.0,0.0,-18385.028642717843,164755434.48899397,-94023363.04433468,18385.028642717843,0.0,-1084.42
5690.0,-30457.488071626867,168.9999999999999,1138.0,810.9373322491155,-31268.425403875983,309341003.71666753,-159313146.62072718,32079.3627361251,1951.6,-1782.6000000000001
5700.0,-2778392.9969802266,129759.56999999998,74889.0,279719.7064910181,-3058112.703471245,14676487368.63945,-20048298485.14854,3337832.409962263,405539.47000000003,-275779.89999999997
5710.0,-41754.96751968513,-1787.5099999999998,1116.0,479.7494640145142,-42234.71698369965,268256920.53823647,-231702024.1482776,42714.46644771416,1070.63,-2858.14
5715.0,-12.437293161835111,-0.26999999999999996,9.0,0.0,-12.437293161835111,853536.517948339,-36295.33247360968,12.437293161835111,0.0,-0.26999999999999996
5720.0,-20487.050716549085,-1428.19,607.0,0.0,-20487.050716549085,147471226.3173669,-109617392.40439346,20487.050716549085,0.0,-1428.19
5725.0,-335671.6257173323,-23998.57,6381.0,5478.443963537239,-341150.0696808695,1149344800.304261,-2104747849.971684,346628.5136444068,8985.9,-32984.47
5730.0,-21206.364745199175,-1091.57,782.0,26.843828274408438,-21233.208573473585,220983780.32504678,-102767083.29319553,21260.05240174799,98.7,-1190.27
5735.0,-8.484231856783632,-0.18,6.0,0.0,-8.484231856783632,574420.5923021585,-24745.085558360097,8.484231856783632,0.0,-0.18
5740.0,-44797.77428294935,-2697.4600000000005,1319.0,48.27887409206757,-44846.05315704142,333490357.29321176,-233423638.75788912,44894.33203113348,96.67,-2794.1300000000006
5745.0,-137.19112724471714,-2.88,96.0,0.0,-137.19112724471714,9225334.10057592,-400053.61645504157,137.19112724471714,0.0,-2.88
5750.0,-1538707.7569094694,-7241.999999999998,37497.0,109946.73758106999,-1648654.4944905392,7409130038.2879505,-10421065860.684925,1758601.2320716092,146331.80000000002,-153573.8
5755.0,-20.218609420190948,-0.5599999999999999,14.0,0.0,-20.218609420190948,1350300.80997219,-58947.16907687877,20.218609420190948,0.0,-0.5599999999999999
5760.0,-43899.493027328645,-2628.57,1234.0,0.0,-43899.493027328645,323728184.78511125,-225114049.91292563,43899.493027328645,0.0,-2628.57
5765.0,-24.851578758277626,-0.68,17.0,0.0,-24.851578758277626,1648311.288306574,-72429.87635395218,24.851578758277626,0.0,-0.68
5770.0,-35569.84489547681,-781.4099999999997,1090.0,680.8431250697986,-36250.68802054661,319822464.00051546,-182427910.86498025,36931.531145616405,1355.6499999999999,-2137.06
5775.0,-543198.6844634555,-29029.879999999997,10269.0,17371.905861868105,-560570.5903253236,1973520246.0278215,-3401304215.5942254,577942.4961871917,22692.13,-51722.01
5780.0,-29172.271122139748,-2039.3899999999999,734.0,73.29058146577503,-29245.561703605523,189149649.06440198,-156555226.7414126,29318.852285071298,91.97999999999999,-2131.37
5785.0,-2.9902008625398855,-0.08,2.0,0.0,-2.9902008625398855,195592.1486206714,-8710.62453527948,2.9902008625398855,0.0,-0.08
5790.0,-51460.16793528237,-3073.3799999999997,1354.0,47.79552129223747,-51507.96345657461,378011782.36397207,-261575774.25060567,51555.75897786685,97.17,-3170.5499999999997
5795.0,-148.29364074783422,-3.92,98.0,0.0,-148.29364074783422,9632332.038796393,-431850.03707714815,148.29364074783422,0.0,-3.92
5800.0,-3837558.5066888905,444650.36,199596.0,615596.2807841768,-4453154.787473067,49532443932.56433,-28322616434.138435,5068751.068257243,821036.91,-376386.55000000005
5805.0,-10.720203062168812,-0.27999999999999997,7.0,0.0,-10.720203062168812,691438.1256593128,-31208.868547744445,10.720203062168812,0.0,-0.27999999999999997
5810.0,-116393.86231057381,-5935.209999999999,2654.0,606.9773208786646,-117000.83963145246,681302313.0356667,-625551561.7110806,117607.81695233114,2071.17,-8006.38
5815.0,-4.6496148016028025,-0.12000000000000001,3.0,0.0,-4.6496148016028025,297777.5786402,-13531.928376175905,4.6496148016028025,0.0,-0.12000000000000001
5820.0,-48150.29213408117,-2849.4300000000003,1210.0,98.62631978325355,-48248.918453864426,341844701.47392875,-245375075.23593727,48347.54477364768,194.26000000000002,-3043.69
5825.0,-396653.9359870254,-28305.820000000003,6811.0,3634.7858516881456,-400288.7218387135,1429917364.9214516,-2293343522.5868316,403923.5076904017,6098.99,-34404.810000000005
5830.0,-84919.13179440261,-5752.67,1892.0,207.13820801866504,-85126.27000242128,505239453.9269758,-450023098.93598735,85333.40821043994,387.31999999999994,-6139.99
5835.0,-6.4661245868169335,-0.15,3.0,0.0,-6.4661245868169335,407977.8311773543,-18239.982993305835,6.4661245868169335,0.0,-0.15
5840.0,-88301.22571075868,-5589.080000000001,1707.0,193.08678660999198,-88494.31249736866,428827665.16305697,-472699527.66643643,88687.39928397865,489.9,-6078.9800000000005
5845.0,-108.27195832447832,-2.8000000000000003,40.0,0.0,-108.27195832447832,6778960.8661687,-298397.9109675295,108.27195832447832,0.0,-2.8000000000000003
5850.0,-1202724.8895967342,-44095.89,27587.0,54257.83265179452,-1256982.7222485289,6150216179.334679,-7371744741.316622,1311240.5549003235,65479.85999999999,-109575.75
5855.0,-71.20558661702172,-1.82,26.0,0.0,-71.20558661702172,4426086.262331328,-196183.6578882838,71.20558661702172,0.0,-1.82
5860.0,-59499.03344399141,-3877.8100000000004,1364.0,0.0,-59499.03344399141,358666681.66947746,-306213152.5164307,59499.03344399141,0.0,-3877.8100000000004
5865.0,-592.9607098686389,-14.979999999999999,214.0,0.0,-592.9607098686389,36590855.53678645,-1633228.0602173177,592.9607098686389,0.0,-14.979999999999999
5870.0,-57517.83059230727,-3405.54,1330.0,0.0,-57517.83059230727,389677268.54147285,-285794366.85523283,57517.83059230727,0.0,-3405.54
5875.0,-443486.67802740174,-17415.27,8259.0,17756.80781487653,-461243.4858422782,1870832221.337617,-2652696118.66591,479000.2936571548,22653.83,-40069.1
5880.0,-95682.26342496676,-4897.05,2915.0,53.25645070100128,-95735.51987566777,984746555.5651574,-431378021.6003856,95788.77632636877,96.97,-4994.02
5885.0,-173.266902090125,-4.2700000000000005,61.0,0.0,-173.266902090125,10536293.440866819,-476888.8834218004,173.266902090125,0.0,-4.2700000000000005
5890.0,-50298.8683504735,-3172.86,1036.0,0.0,-50298.8683504735,287532184.2479792,-255808223.2376228,50298.8683504735,0.0,-3172.86
5895.0,-25.862056234175608,-0.63,9.0,0.0,-25.862056234175608,1561065.6660573743,-71161.67312683542,25.862056234175608,0.0,-0.63
5900.0,-4325488.717692641,35862.470000000045,187152.0,361507.16768817714,-4686995.8853808185,43873879699.04516,-26825235290.62716,5048503.0530689955,413255.68000000005,-377393.20999999996
5905.0,-218.0231522287819,-5.25,75.0,0.0,-218.0231522287819,13062544.297609366,-599750.497986785,218.0231522287819,0.0,-5.25
5910.0,-114109.37817193625,-8065.959999999999,2295.0,284.42286190488693,-114393.80103384113,657985347.5523865,-591244580.9958894,114678.22389574602,684.6500000000001,-8750.61
5915.0,-70.68761283680597,-1.68,24.0,0.0,-70.68761283680597,4203536.333959351,-194367.97970982373,70.68761283680597,0.0,-1.68
5920.0,-74969.52309582765,-4467.5,1662.0,33.39543984864554,-75002.91853567629,491618367.23270154,-368457336.6934929,75036.31397552494,98.53,-4566.030000000001
5925.0,-1308598.7247433881,-89100.2,19012.0,10540.869746634373,-1319139.5944900226,4361381763.278217,-7158498920.040902,1329680.464236657,14260.75,-103360.95
5930.0,-59096.316911344096,-3085.4800000000005,1412.0,228.36816726549694,-59324.6850786096,450946727.5862452,-282891596.38137335,59553.05324587509,387.2,-3472.6800000000003
5935.0,-36.22305947776273,-0.84,12.0,0.0,-36.22305947776273,2121741.765846645,-99535.20990372627,36.22305947776273,0.0,-0.84
5940.0,-82257.26810744902,-163.56999999999917,3864.0,3900.9455616708983,-86158.21366911993,896489263.5533541,-428447380.67941445,90059.15923079083,4915.040000000001,-5078.61
5945.0,-2587.280149018589,-59.21999999999999,846.0,0.0,-2587.280149018589,150396683.10776117,-7106511.6462595975,2587.280149018589,0.0,-59.21999999999999
5950.0,-1531560.4401440897,-40905.329999999994,27776.0,89888.28668469776,-1621448.7268287875,6769120153.78277,-9198514795.727636,1711337.0135134852,103643.72,-144549.05
5955.0,-12.373570253863726,-0.27999999999999997,4.0,0.0,-12.373570253863726,713770.5942988559,-33978.8862741974,12.373570253863726,0.0,-0.27999999999999997
5960.0,-42824.81010753987,-2167.6,1038.0,139.29916436869297,-42964.109271908565,355936018.36256677,-197230083.5818324,43103.40843627726,190.51,-2358.11
5965.0,-68.94627313287968,-1.54,22.0,0.0,-68.94627313287968,3946581.9451511498,-189257.04999660887,68.94627313287968,0.0,-1.54
5970.0,-33386.438180762125,-1987.79,779.0,80.80660821381011,-33467.244788975935,225389592.3973293,-162111018.77300513,33548.051397189745,93.78999999999999,-2081.58
5975.0,-814923.5670712474,-56249.420000000006,12987.0,14620.49768149558,-829544.064752743,3156118261.738887,-4479903493.745573,844164.5624342385,16016.969999999998,-72266.39
5980.0,-47773.9431581033,-1303.9399999999998,930.0,1514.7580447554137,-49288.701202858705,294661392.4256007,-247106526.26603153,50803.45924761412,1784.33,-3088.27
5985.0,-238.01704013111546,-5.18,74.0,0.0,-238.01704013111546,13413715.972038057,-652847.4260771004,238.01704013111546,0.0,-5.18
5990.0,-80282.95054610136,-4397.45,3636.0,299.80625369154535,-80582.7567997929,860452997.0908102,-373237241.2347094,80882.56305348445,376.05000000000007,-4773.5
5995.0,-130.12219796785234,-3.2,40.0,0.0,-130.12219796785234,7275745.126926365,-356836.887800155,130.12219796785234,0.0,-3.2
6000.0,-6640272.286717182,42072861.18,1201040.0,39824531.09423119,-46464803.38094837,346897741734.815,-449733634576.2498,86289334.47517955,46195830.46,-4122969.2800000003
6005.0,-775.548135422633,-85.36,18.0,0.0,-775.548135422633,2735626.941766987,-4327556.067824205,775.548135422633,0.0,-85.36
6010.0,-171299.99931328595,-1516.2099999999994,2808.0,6828.598326215384,-178128.59763950136,890734863.8671256,-901581502.0490676,184957.19596571673,10328.23,-11844.439999999999
6015.0,-3030.4940387477,-342.48,41.0,0.0,-3030.4940387477,5286719.028063124,-17116767.6472056,3030.4940387477,0.0,-342.48
6020.0,-113006.42731087893,-5334.62,2434.0,482.7903443996092,-113489.21765527854,899870793.0776924,-509997408.27923,113972.00799967816,670.4200000000001,-6005.04
6025.0,-973403.2651535512,61424.30000000001,16327.0,168386.4062984956,-1141789.6714520468,3396624162.8567543,-6997121635.565859,1310176.0777505424,165458.1,-104033.79999999999
6030.0,-119593.84676224079,-7231.820000000001,1990.0,504.09218328460463,-120097.9389455254,603887899.027609,-586548814.0840319,120602.03112881,667.31,-7899.13
6035.0,-1340.526131305883,-144.01000000000002,34.0,0.0,-1340.526131305883,6725766.190289557,-7248133.478319231,1340.526131305883,0.0,-144.01000000000002
6040.0,-52810.95677676255,-3104.3,1044.0,0.0,-52810.95677676255,365177916.5828972,-242446231.98198965,52810.95677676255,0.0,-3104.3
6045.0,-4053.4344014269486,-339.96000000000004,316.0,0.0,-4053.4344014269486,75525330.96790454,-18691941.486045998,4053.4344014269486,0.0,-339.96000000000004
6050.0,-4012270.270405375,-173290.8,90905.0,163463.69776479513,-4175733.96817017,30167243015.174675,-20929776590.923508,4339197.665934965,158774.19999999998,-332065.0
6055.0,-1674.8181014093661,-84.96,81.0,97.56747315552138,-1772.3855745648875,18248662.828604333,-9501859.671146136,1869.953047720409,89.14,-174.1
6060.0,-79434.05570103483,-4343.37,1607.0,165.4429951825164,-79599.49869621734,568092832.6992043,-361459123.44826376,79764.94169139986,188.54,-4531.91
6065.0,-1766.5383201751856,-103.32,231.0,0.0,-1766.5383201751856,57635933.7711454,-6663057.394722857,1766.5383201751856,0.0,-103.32
6070.0,-88398.98515714634,-4489.67,1774.0,671.5846104675002,-89070.56976761384,645095184.5383861,-403272850.90719116,89742.15437808134,629.08,-5118.75
6075.0,-728482.4821184026,-46557.53,10037.0,11469.872007102813,-739952.3541255054,2801457369.3831697,-3739949698.6161237,751422.2261326081,12553.16,-59110.69
6080.0,-165817.54808381028,-7960.24,10940.0,304.17630971096105,-166121.72439352123,2993561925.561122,-683589421.7435495,166425.9007032322,584.14,-8544.380000000001
6085.0,-2587.4973436740147,-186.86999999999998,253.0,0.0,-2587.4973436740147,62846004.70242149,-10826234.611851728,2587.4973436740147,0.0,-186.86999999999998
6090.0,-135729.33296146878,-5565.280000000001,2697.0,2670.152244231003,-138399.4852056998,1060987563.8046688,-621330523.3438635,141069.6374499308,2698.63,-8263.91
6095.0,-4131.135466164933,-418.65000000000003,150.0,0.0,-4131.135466164933,33606035.16377054,-20880298.39010692,4131.135466164933,0.0,-418.65000000000003
6100.0,-8688644.900947373,-144942.33,177458.0,521735.45851639303,-9210380.359463766,61611991126.48312,-44598185837.26354,9732115.81798016,486528.95,-631471.28
6105.0,-7757.46101554562,-851.88,145.0,0.0,-7757.46101554562,27099506.557684563,-41019374.06843665,7757.46101554562,0.0,-851.88
6110.0,-64017.68719589683,-2540.89,1320.0,970.7413076081936,-64988.42850350503,517277814.7207937,-284605858.9809475,65959.16981111321,1032.04,-3572.9300000000003
6115.0,-6824.529161763545,-705.6800000000001,216.0,0.0,-6824.529161763545,47760829.09343493,-34522323.82346712,6824.529161763545,0.0,-705.6800000000001
6120.0,-52558.85945218471,-1902.79,964.0,988.8356485107684,-53547.695100695484,359188452.06929624,-242032077.08802328,54536.53074920625,1246.75,-3149.54
6125.0,-1108974.0063514393,-62086.770000000004,15002.0,26125.088741939875,-1135099.095093379,4344888258.627561,-5613018348.683595,1161224.183835319,25813.61,-87900.38
6130.0,-81583.98157703792,-4570.72,1259.0,564.7754025230739,-82148.75697956099,436819982.73303145,-379882027.07137644,82713.53238208407,872.72,-5443.4400000000005
6135.0,-9051.68332346171,-355.99,210.0,0.0,-9051.68332346171,102187416.93376976,-33947008.433216825,9051.68332346171,0.0,-355.99
6140.0,-129878.90348210464,-1453.9099999999987,1801.0,6384.544054314909,-136263.44753641952,615108008.3689624,-664048169.0283878,142647.99159073445,8377.45,-9831.359999999999
6145.0,-10543.125748583054,133.75000000000003,283.0,487.35327367222334,-11030.479022255277,134881480.0849164,-42845976.58823397,11517.8322959275,568.74,-434.98999999999995
6150.0,-6428192.507737348,-216267.78,140897.0,148353.07964075348,-6576545.587378101,64428165685.42408,-27265647266.16113,6724898.667018855,136427.58,-352695.36
6155.0,-49774.66224123126,-1117.37,1071.0,516.0258689509287,-50290.688110182185,564160415.3672997,-187316054.34325993,50806.713979133114,775.55,-1892.92
6160.0,-129086.65200859078,-5908.55,2177.0,1138.9416047916366,-130225.59361338243,947506720.9949094,-554422536.1934605,131364.53521817405,1228.11,-7136.66
6165.0,-14959.85322470995,-466.39,363.0,156.63401968012224,-15116.487244390071,172470452.81153065,-57635686.82046803,15273.121264070196,192.1,-658.49
6170.0,-69474.41891626579,-3718.23,971.0,342.82893160014015,-69817.24784786593,366497393.26152503,-315280298.6497683,70160.07677946606,684.9300000000001,-4403.16
6175.0,-5657070.780200931,-262129.20000000004,77597.0,113257.51744763782,-5770328.297648569,30000184475.55819,-26040738718.198772,5883585.815096207,115405.95000000001,-377535.15
6180.0,-248712.4422752243,-7825.440000000001,20086.0,3295.987189230572,-252008.4294644549,6696771960.005553,-907961396.8192801,255304.41665368548,3902.73,-11728.17
6185.0,-26065.322868637475,-595.9600000000003,514.0,865.1795493570146,-26930.50241799449,239020154.63764572,-113972397.52430224,27795.681967351502,1025.55,-1621.5100000000002
6190.0,-280271.08697974996,-14418.24,4510.0,699.3134490995444,-280970.4004288495,2168872112.4408875,-1145722258.589993,281669.71387794905,862.25,-15280.49
6195.0,-13596.66103939568,769.1300000000001,331.0,1104.0954889371274,-14700.756528332808,170708374.2200038,-61173180.62934522,15804.852017269935,1515.8300000000002,-746.6999999999999
6200.0,-7399744.266578218,921224.4400000001,149197.0,1986253.4677460657,-9385997.734324284,45765454969.21647,-53239964976.39087,11372251.20207035,1712739.7899999998,-791515.3500000001
6205.0,-13159.535757060054,1787.67,466.0,1302.7525470970347,-14462.288304157088,245075951.8594347,-54726376.03591141,15765.040851254123,2346.7700000000004,-559.1
6210.0,-101485.44483809492,-4857.64,1307.0,1967.4280155930032,-103452.87285368792,472144582.3465352,-470668672.0953101,105420.30086928092,1984.86,-6842.5
6215.0,-41555.40037621074,-1698.9100000000003,757.0,84.38623671491919,-41639.78661292566,406961492.8301552,-155971514.450305,41724.17284964058,95.84,-1794.7500000000002
6220.0,-329289.1221971299,-15856.140000000001,4824.0,996.5960700565793,-330285.7182671865,2066561059.134484,-1378869918.5037394,331282.3143372431,1246.6599999999999,-17102.8
6225.0,-1024767.3522135771,233431.94999999998,18651.0,366606.2932179627,-1391373.6454315397,6148242626.25435,-8083795418.205661,1757979.9386495024,365744.29,-132312.34
6230.0,-112262.78836883829,-5710.3,1929.0,901.172527726033,-113163.96089656433,746812053.7866818,-484365885.93923455,114065.13342429035,951.92,-6662.22
6235.0,-32427.279493217382,-1230.19,1815.0,0.0,-32427.279493217382,691823934.5180167,-109134343.43155041,32427.279493217382,0.0,-1230.19
6240.0,-286293.0411834327,-2490.290000000001,5085.0,13540.898089289469,-299833.9392727222,2538284054.146523,-1228062626.778969,313374.8373620116,12246.679999999998,-14736.970000000001
6245.0,-12644.880820722425,205.3599999999999,247.0,824.8914520065047,-13469.77227272893,133385606.36535709,-53538502.324100055,14294.663724735434,852.3100000000001,-646.95
6250.0,-8402070.982177319,83017.30999999998,123371.0,673618.0899930877,-9075689.072170407,56736907669.02319,-40570080333.15064,9749307.162163494,679446.5199999999,-596429.21
6255.0,-16796.347176154646,-338.3299999999999,389.0,269.2979087763351,-17065.64508493098,207529888.8589041,-60991728.81526046,17334.942993707315,286.95,-625.2799999999999
6260.0,-121036.0477923909,33515.45999999999,2373.0,40806.37251264288,-161842.4203050338,1225038911.431823,-817944955.8501002,202648.79281767667,43898.939999999995,-10383.48
6265.0,-26453.474145904904,-1383.91,425.0,0.0,-26453.474145904904,224216962.68615696,-101347017.87508473,26453.474145904904,0.0,-1383.91
6270.0,-338637.01619001816,-15082.0,4322.0,1628.8869503705207,-340265.90314038866,2060927540.0910141,-1374421706.6780384,341894.7900907592,1715.12,-16797.12
6275.0,-6612201.036168561,-150375.83,77875.0,248498.78203660715,-6860699.8182051685,34599198087.653114,-29438735704.829926,7109198.600241776,260162.55000000002,-410538.38
6280.0,-403597.4281278297,-14871.65,12431.0,7726.403734322431,-411323.8318621521,5043412075.281759,-1647708047.2114332,419050.23559647455,7766.420000000001,-22638.07
6285.0,-25329.779975997913,-900.9,458.0,149.293507097431,-25479.073483095344,255656860.52875087,-92824901.0157237,25628.366990192775,193.55,-1094.4499999999998
6290.0,-324747.4629842049,-17066.36,3481.0,2746.113924840086,-327493.57690904493,1322941762.3675373,-1421835946.0561466,330239.69083388505,2529.6400000000003,-19596.0
6295.0,-31310.8282115906,-1335.15,509.0,174.80520905406996,-31485.63342064467,282071460.6546803,-117475963.18263572,31660.438629698743,184.35000000000002,-1519.5
6300.0,-7371186.755396308,1010491.6400000001,116033.0,1763092.81720924,-9134279.572605547,46271111632.27907,-46941545818.59145,10897372.389814788,1742283.06,-731791.4199999999
6305.0,-15379.08385908112,-355.86,275.0,446.53557731582526,-15825.619436396944,143343264.71992266,-61253918.25301008,16272.15501371277,479.53,-835.39
6310.0,-156899.83775985552,-6708.460000000001,1847.0,2099.87699411476,-158999.71475397027,893514365.2015193,-647075404.9478595,161099.59174808502,1998.2399999999998,-8706.7
6315.0,-46681.111230128176,-1602.9099999999999,811.0,326.3608801434559,-47007.47211027163,467039561.6240572,-168419802.396317,47333.83299041509,280.86,-1883.77
6320.0,-167185.59423460014,-8725.62,1845.0,1862.0480134888012,-169047.64224808893,745746016.6989626,-716460499.7000601,170909.69026157772,1704.81,-10430.43
6325.0,-1387309.3678296702,360710.54000000004,33212.0,631753.1253664313,-2019062.4931961014,11877509644.20215,-11211382233.882013,2650815.6185625326,519187.22000000003,-158476.68
6330.0,-479795.19924976706,-28798.290000000005,4549.0,3354.9389383057987,-483150.1381880728,1717471054.7196786,-2054893747.8276138,486505.07712637866,2582.27,-31380.56
6335.0,-31558.23289817026,-100.61999999999988,463.0,1672.4930969167701,-33230.725995087036,281960211.4012318,-126249644.20326427,34903.219092003805,1290.56,-1391.1799999999998
6340.0,-200604.02973214886,398.4400000000003,2368.0,18129.294266302382,-218733.32399845123,1011197530.7527993,-975023951.6073723,236862.61826475363,14210.470000000001,-13812.03
6345.0,-30970.74617418544,-981.2600000000001,450.0,743.5214479834133,-31714.267622168856,254180998.75213835,-120071771.08247954,32457.789070152267,549.0799999999999,-1530.3400000000001
6350.0,-3257981.653021546,361354.58,57426.0,885413.5457326486,-4143395.1987541947,23214423027.336914,-20823134116.952137,5028808.744486843,670809.29,-309454.70999999996
6355.0,-42375.27796589431,3587.9800000000005,634.0,4457.288625228381,-46832.5665911227,435986108.839393,-194791888.61133158,51289.855216351076,6733.51,-3145.5299999999997
6360.0,-133872.61492617585,45073.560000000005,2654.0,70526.8095279983,-204399.42445417418,1363254678.052041,-1063780999.9120799,274926.2339821725,57048.73,-11975.17
6365.0,-74312.93830951635,-3453.07,712.0,2308.238628358156,-76621.17693787452,294068240.5836962,-324045647.3357919,78929.41556623268,1844.6499999999999,-5297.72
6370.0,-152646.73819742183,-4484.92,1744.0,7115.515724779034,-159762.25392220088,770096021.9045157,-673040251.1428719,166877.7696469799,5375.87,-9860.79
6375.0,-2161904.3219011286,153747.18000000005,27904.0,509038.1347429072,-2670942.4566440354,9813368478.57051,-13340570742.906656,3179980.5913869427,367443.26000000007,-213696.08
6380.0,-160518.2850443513,27637.94,2570.0,56790.328149147535,-217308.61319349884,1110587289.563075,-1099409643.1022613,274098.9413426464,41651.369999999995,-14013.43
6385.0,-39151.39594438451,-1380.0800000000002,420.0,1460.2285421614092,-40611.624486545916,212577780.36895886,-165468857.52901143,42071.85302870732,1416.1399999999999,-2796.2200000000003
6390.0,-130446.692324888,-2605.5600000000004,1339.0,7415.774052746219,-137862.46637763423,629147964.3750157,-573727987.7026732,145278.24043038045,5707.46,-8313.02
6395.0,-23692.96912612338,-1358.31,266.0,369.3503132782874,-24062.31943940167,130199449.17094633,-95186845.18226574,24431.669752679954,278.78,-1637.0900000000001
6400.0,-8474386.716058463,1446242.87,137296.0,3066563.5637985114,-11540950.279856972,55705712326.783455,-59632902929.85616,14607513.843655484,2381213.08,-934970.2100000001
6405.0,-32487.462562721365,58.24000000000001,405.0,2939.4760642069677,-35426.93862692833,236405156.0568847,-141350267.54795405,38366.414691135295,1889.52,-1831.28
6410.0,-201590.08236386275,-7419.91,1842.0,7399.641108701228,-208989.723472564,807797446.0889856,-857940055.1055639,216389.3645812652,5908.04,-13327.949999999999
6415.0,-22196.441254255526,4176.93,391.0,7308.880361923968,-29505.32161617949,261299684.7143974,-131158740.51856124,36814.20197810346,5641.4,-1464.47
6420.0,-202766.0533773152,-8514.24,1873.0,6093.625219274958,-208859.67859659015,868996680.30392,-840175311.6629572,214953.3038158651,4781.75,-13295.99
6425.0,-2191624.5512975543,122513.97999999998,32650.0,479369.1715116257,-2670993.7228091797,12040019098.293053,-12804158704.890055,3150362.8943208056,336550.73,-214036.75
6430.0,-181290.6670371585,240.4599999999998,1792.0,17228.799337051376,-198519.46637420988,846108746.2039871,-834922921.4937268,215748.26571126125,13574.97,-13334.51
6435.0,-37727.41465937409,9373.300000000001,728.0,15495.620965907628,-53223.03562528172,509002138.96291983,-232196222.99181575,68718.65659118936,11980.960000000001,-2607.66
6440.0,-187627.0197334181,2375.63,2012.0,19947.286780149974,-207574.30651356807,1060914956.7414889,-856372642.0717996,227521.59329371806,14457.18,-12081.55
6445.0,-78936.14401446497,-1668.92,841.0,4413.315541179136,-83349.4595556441,493003677.5740435,-321425910.608368,87762.77509682323,2989.7299999999996,-4658.65
6450.0,-4480630.217245825,872594.69,76091.0,2224402.2397691454,-6705032.45701497,26947811040.536377,-35718705359.23028,8929434.696784114,1438665.1800000002,-566070.49
6455.0,-64534.274932243025,-2184.6800000000003,609.0,2305.569400146137,-66839.84433238917,328350107.3319747,-258779906.94070348,69145.4137325353,1976.6799999999998,-4161.360000000001
6460.0,-312547.3137191503,-705.1499999999996,3010.0,30228.463167277267,-342775.7768864276,1589058061.996146,-1388858720.1027508,373004.2400537048,18628.48,-19333.63
6465.0,-14772.612572316724,1811.73,250.0,3133.2009088010764,-17905.813481117802,187898803.6776233,-68558449.2105757,21039.014389918877,2552.06,-740.3299999999999
6470.0,-214190.36844316128,-3626.209999999999,1922.0,12985.351261020656,-227175.71970418195,1029535110.8030735,-894239242.576952,240161.0709652026,10071.44,-13697.65
6475.0,-2023946.8153010295,267936.45999999996,28014.0,831218.3708100612,-2855165.1861110907,10607720116.875359,-14402095287.246258,3686383.556921152,490363.57,-222427.11
6480.0,-182199.32535427692,27858.670000000002,2472.0,58446.489681159874,-240645.8150354368,1602428717.3282974,-1069043781.2342364,299092.3047165967,41056.92,-13198.25
6485.0,-65128.64213919098,-1274.4200000000003,676.0,3807.0157612590074,-68935.65790045,396253796.2563401,-264319521.1425063,72742.67366170899,3266.3999999999996,-4540.82
6490.0,-253683.13474709558,15391.739999999998,2707.0,59630.14477715583,-313313.2795242514,1249396608.0679832,-1397380175.7335916,372943.42430140724,36560.47,-21168.730000000003
6495.0,-174735.65742692238,-8145.04,1634.0,1126.4516227422553,-175862.10904966464,1055330748.3052268,-615417039.7578269,176988.5606724069,1036.46,-9181.5
6500.0,-15380555.923741058,2037907.31,217645.0,6479301.97347243,-21859857.89721349,85366149660.09167,-108662789242.11282,28339159.87068592,3770327.47,-1732420.16
6505.0,-165051.8703617092,-8175.7,1319.0,3758.977339707649,-168810.84770141687,670597615.1501036,-633931758.2040638,172569.82504112454,2899.98,-11075.68
6510.0,-542773.1391582673,752.5599999999996,5025.0,46814.04824958454,-589587.1874078518,3305574735.773737,-2198622758.802645,636401.2356574363,30315.85,-29563.29
6515.0,-110886.00501876607,-3051.5200000000004,1037.0,2748.5608934215993,-113634.56591218767,773278039.5811243,-385762511.79685664,116383.12680560925,1927.1799999999998,-4978.700000000001
6520.0,-236235.2414353533,-7904.120000000001,2013.0,12409.859745118762,-248645.10118047206,1066407120.1686372,-943051251.5214698,261054.96092559083,8007.58,-15911.7
6525.0,-1122661.9032678618,323110.55000000005,21637.0,859841.7410275093,-1982503.6442953711,10152909960.540102,-10466397071.84525,2842345.3853228805,462462.74000000005,-139352.19
6530.0,-331445.18758016947,5237.860000000001,3507.0,46101.515874998746,-377546.7034551683,2131402580.2700684,-1475977067.857847,423648.219330167,25844.3,-20606.44
6535.0,-95914.47528410173,19341.920000000002,1370.0,14334.770370316543,-110249.24565441828,1256836063.2697885,-383476812.60418123,124584.01602473482,23778.02,-4436.1
6540.0,-201232.8045372687,10250.26,2210.0,41649.096411851366,-242881.90094912006,1238576062.8137565,-996532553.1303648,284530.9973609714,25746.11,-15495.849999999999
6545.0,-25671.739476644063,4944.589999999999,409.0,12171.521134971239,-37843.260611615304,264542755.78474528,-174538422.73155743,50014.78174658654,7410.389999999999,-2465.8
6550.0,-4423535.365540465,446762.48000000004,59530.0,1665657.7313216082,-6089193.096862074,25668519837.89919,-28308595953.34468,7754850.828183682,955470.8300000001,-508708.35
6555.0,-41381.16752002807,3899.0,556.0,10145.072937286795,-51526.240457314874,426137869.6083458,-202825685.6931811,61671.31339460166,6754.099999999999,-2855.1
6560.0,-265028.5860480878,10443.79,2786.0,56084.92923170152,-321113.51527978934,1460577450.7077734,-1324131007.4995618,377198.4445114909,30499.98,-20056.19
6565.0,-70398.22942000667,-3169.26,558.0,2613.08032757101,-73011.30974757767,325591136.0767431,-263240094.6863619,75624.39007514868,2097.47,-5266.73
6570.0,-252523.36046757674,3526.9500000000007,2592.0,31820.432993102586,-284343.79346067936,1951821681.976481,-1064484329.2597425,316164.22645378194,20553.84,-17026.89
6575.0,-2784097.355635969,161172.00000000003,31667.0,850822.0790521008,-3634919.43468807,15066551474.88382,-15875424610.501287,4485741.513740171,428135.35,-266963.35
6580.0,-164338.43226551203,18501.460000000003,2129.0,56003.23423712514,-220341.66650263718,1405634005.4671142,-915773722.0647159,276344.90073976235,30859.95,-12358.49
6585.0,-50214.7195920962,15507.299999999997,906.0,41847.332343214264,-92062.05193531046,444998042.47511166,-468815645.78438723,133909.38427852473,21393.73,-5886.429999999999
6590.0,-358012.56756543316,14594.560000000003,3503.0,62127.64182651407,-420140.20939194725,2595735943.7306786,-1580553989.2424657,482267.8512184613,35207.42,-20612.86
6595.0,-78713.27523909716,-261.69000000000005,674.0,5139.435522435092,-83852.71076153225,559179950.6983211,-281971596.08870506,88992.14628396733,4021.28,-4282.97
6600.0,-11058242.466516579,2131362.11,169090.0,7455257.265220517,-18513499.731737096,69161441456.84665,-91409078039.15593,25968756.996957615,3639569.57,-1508207.46
6605.0,-68277.68150166947,3784.54,772.0,13638.084727358755,-81915.76622902823,627660347.4584714,-297243585.09291923,95553.85095638699,7429.280000000001,-3644.7400000000002
6610.0,-438870.59606630594,11084.110000000002,3760.0,78474.80871924644,-517345.40478555235,2313671397.933332,-1990685641.9733858,595820.2135047988,42676.840000000004,-31592.730000000003
6615.0,-113505.76636652432,2697.9399999999996,1041.0,12092.411940398983,-125598.17830692329,966517564.5533851,-414079216.40826255,137690.59024732228,7611.639999999999,-4913.7
6620.0,-595728.4597986481,32805.32000000001,5714.0,183822.94873855845,-779551.4085372065,2934026773.3444333,-3253132830.7352,963374.357275765,88089.83,-55284.51
6625.0,-2320940.043026746,342438.13,30494.0,1313817.561523206,-3634757.604549952,13168478069.474892,-17002148665.18759,4948575.166073157,628283.76,-285845.63
6630.0,-595108.102138365,10741.57,5042.0,81419.90426446719,-676528.0064028322,3982387425.7473836,-2386066132.077908,757947.9106672994,44832.47,-34090.9
6635.0,-188820.6854563202,-6886.73,1410.0,4835.168903070422,-193655.85435939062,1153041447.6783633,-610971348.2549344,198491.02326246107,3037.6,-9924.33
6640.0,-443742.6259027653,12924.220000000005,3732.0,82380.19392480192,-526122.8198275672,2491493292.9769793,-1978923240.2928958,608503.0137523691,45821.57,-32897.35
6645.0,-63382.23846404165,15816.830000000002,1012.0,49986.534649806534,-113368.77311384819,701494595.7368466,-514988282.62050617,163355.3077636547,21592.350000000002,-5775.52
6650.0,-6256443.511753797,994792.1499999999,79055.0,3787364.896583541,-10043808.408337336,36449673573.3691,-45989631432.94096,13831173.304920876,1689400.0,-694607.85
6655.0,-152164.82191656835,-722.0000000000003,1140.0,12563.17787755424,-164727.9997941226,1031410040.9800911,-524904894.418767,177291.17767167682,6154.5599999999995,-6876.5599999999995
6660.0,-374807.4158633719,1277.7500000000018,3000.0,62627.93176480717,-437435.34762817906,1905424213.9695697,-1603679396.2298238,500063.27939298627,28791.64,-27513.89
6665.0,-13879.290730775156,66703.88,1362.0,62371.29933987118,-76250.59007064633,1808385355.4559932,-357592021.5779296,138621.8894105175,69975.91,-3272.0299999999997
6670.0,-823279.5280914744,23023.649999999998,6301.0,172590.46480532121,-995869.9928967957,3904258739.9117403,-3745368112.974397,1168460.4577021168,81104.11,-58080.46
6675.0,-2961334.27381881,461272.95,39974.0,1991979.5260022073,-4953313.799821017,17085229498.960215,-22878491696.170708,6945293.325823224,869321.87,-408048.92000000004
6680.0,-585677.3532222755,-2593.5399999999963,4893.0,66407.05765380945,-652084.4108760849,5546202382.605846,-2206198270.6957173,718491.4685298944,38218.98,-40812.52
6685.0,-177802.66729785476,-1517.4900000000002,1202.0,9976.142250228186,-187778.80954808297,1201682537.3337278,-565364969.636411,197754.95179831114,6049.15,-7566.64
6690.0,-557473.2355193142,-12967.600000000002,5145.0,38489.826764035555,-595963.0622833497,4403117782.095024,-1871071972.4624658,634452.8890473853,17306.42,-30274.02
6695.0,-369444.09864944627,-18275.190000000002,2207.0,16210.563440755801,-385654.66209020204,1324766446.257681,-1262242213.632039,401865.22553095786,10643.96,-28919.15
6700.0,-13790750.425764922,2145301.49,177071.0,9180411.588428712,-22971162.014193635,78246284296.26521,-102890451948.39888,32151573.602622345,3918025.46,-1772723.97
6705.0,-82544.28660081029,8481.729999999998,773.0,26200.935122910192,-108745.22172372047,751468839.9929711,-395883583.9583053,134946.15684663068,14443.289999999999,-5961.56
6710.0,-376502.6374587278,10328.210000000001,3916.0,84401.33719978022,-460903.974658508,3251520678.4869723,-1608265692.9171395,545305.3118582882,35959.42,-25631.21
6715.0,-64808.74495291819,12458.810000000001,820.0,46114.29179753469,-110923.03675045288,573002665.5708852,-472890929.8280288,157037.3285479876,18192.230000000003,-5733.42
6720.0,-411232.5360586784,-6284.29,2861.0,53124.21309656289,-464356.7491552413,1903654077.5606651,-1561882891.616278,517480.9622518042,22944.59,-29228.88
6725.0,-6547287.983503555,62757.2,55771.0,1923754.858753457,-8471042.842257012,26634215907.943237,-32240214149.954323,10394797.70101047,752904.7100000001,-690147.51
6730.0,-331427.59464904515,4051.299999999998,2428.0,76254.98250846675,-407682.5771575119,1546902665.1554527,-1447164355.5110366,483937.55966597865,29236.19,-25184.89
6735.0,-148487.92794427354,-3946.38,832.0,8842.891013613997,-157330.81895788753,637017589.4974409,-485900584.38760626,166173.70997150152,4543.2,-8489.58
6740.0,-381689.0669345304,20965.190000000002,3635.0,130474.70967371888,-512163.7766082493,2859819338.04602,-1865702288.5460417,642638.4862819682,51449.83,-30484.64
6745.0,-487896.5916990064,-36128.36000000001,2596.0,9959.497095213988,-497856.08879422036,1336724020.105165,-1537178337.0087662,507815.5858894344,4219.74,-40348.100000000006
6750.0,-6996749.414598624,731776.34,82879.0,4012617.930627559,-11009367.345226184,34162825216.679714,-46067207275.413826,15021985.275853742,1596482.19,-864705.85
6755.0,-107864.53238584228,-2222.129999999999,658.0,11019.249987668229,-118883.7823735105,449740755.6243586,-387394320.3471985,129903.03236117875,5841.12,-8063.249999999999
6760.0,-351850.23097000126,-5845.299999999999,7912.0,37491.174609161266,-389341.4055791625,11242361406.230997,-1094748436.9947894,426832.58018832374,14515.09,-20360.39
6765.0,-187558.51333048346,-64.70000000000016,2857.0,10660.27770133029,-198218.79103181374,3705618014.302483,-480231990.94361234,208879.06873314406,5798.87,-5863.57
6770.0,-435821.1474109955,-730.0099999999998,8810.0,67780.0767459612,-503601.2241569567,12067165265.499239,-1508384781.596321,571381.3009029179,29346.02,-30076.03
6775.0,-2626260.844999485,312412.32,37202.0,1673030.4707255408,-4299291.315725026,24546913919.134335,-17481037663.2984,5972321.786450567,656417.9199999999,-344005.6
6780.0,-382096.7118593036,35250.869999999995,4078.0,205188.49280796718,-587285.2046672708,3222043686.8580976,-2214205695.4585953,792473.697475238,72575.73999999999,-37324.87
6785.0,-93148.9241212148,124.25999999999999,666.0,17240.941057767763,-110389.86517898257,545000508.2964321,-357663700.67796856,127630.80623675033,8343.75,-8219.49
6790.0,-119961.16293820157,47499.439999999995,3980.0,203164.01274219417,-323125.17568039574,2830047617.78929,-1475453177.6769943,526289.1884225899,68910.75,-21411.31
6795.0,-126395.8502468448,-4881.930000000001,718.0,11253.14149296525,-137648.99173981004,442070028.491877,-424717524.13366145,148902.1332327753,4261.719999999999,-9143.65
6800.0,-13667626.299916103,2599782.85,198916.0,12705638.651820024,-26373264.951736126,91355906690.68848,-112732228181.48953,39078903.60355615,4788412.53,-2188629.68
6805.0,-136463.61958125667,5053.150000000001,1630.0,32068.826536778564,-168532.44611803524,2043126762.725607,-497049755.66885424,200601.2726548138,12398.689999999999,-7345.54
6810.0,-666071.5703390489,-9315.340000000002,6373.0,66688.90749050537,-732760.4778295542,7903809356.061665,-2012092923.001294,799449.3853200596,24940.82,-34256.16
6815.0,-112675.44835453892,1905.3800000000006,881.0,20360.494076770738,-133035.94243130967,916812601.6390482,-408344261.6296,153396.4365080804,8935.78,-7030.400000000001
6820.0,-583738.1353790036,-4584.359999999997,3988.0,130825.65668469644,-714563.7920637,2956299121.822545,-2280559343.496719,845389.4487483965,44845.86,-49430.219999999994
6825.0,-1524688.7021498573,870555.48,42935.0,3402756.3336119913,-4927445.035761848,21452279910.988297,-23283543926.548378,8330201.369373839,1273312.34,-402756.86
6830.0,-966594.1969265483,-41332.020000000004,5054.0,92732.4233313625,-1059326.6202579108,3217807252.969016,-3149615447.100171,1152059.0435892732,29942.71,-71274.73
6835.0,-114466.73984232139,2248.27,767.0,23868.740502609722,-138335.48034493113,760863558.9870846,-425979079.62941825,162204.22084754083,9965.03,-7716.76
6840.0,-545376.4294513547,13232.380000000001,5382.0,79654.02578774316,-625030.4552390978,7543598390.730212,-1700739666.417961,704684.481026841,45464.16,-32231.78
6845.0,-275843.01550605445,-5551.27,1363.0,39818.88185245596,-315661.8973585104,865132063.469913,-952469959.4723821,355480.7792109664,13527.53,-19078.800000000003
6850.0,-6535639.54075858,2127715.23,124587.0,9834388.51239496,-16370028.05315354,61002188294.67435,-70631549678.06569,26204416.5655485,3473092.41,-1345377.18
6855.0,-172297.18921405915,-4300.08,891.0,17632.64768855903,-189929.83690261818,743232372.4828056,-540907595.5604897,207562.4845911772,7415.540000000001,-11715.62
6860.0,-566491.989624294,32412.2,9702.0,179089.37201050651,-745581.3616348006,18441409082.430275,-2103894236.0137503,924670.7336453071,70436.38,-38024.18
6865.0,1177662.3716348212,848146.9299999999,16121.0,1986088.8140505087,-808426.4424156875,51272709891.62075,-4563810193.4395075,2794515.256466196,872414.12,-24267.19
6870.0,-738505.4523131979,7183.300000000002,10309.0,140586.91290456816,-879092.3652177661,19133573855.88386,-2327227805.1817427,1019679.2781223343,57230.47,-50047.17
6875.0,-970634.107047027,1059279.59,46490.0,4505219.075010343,-5475853.18205737,20060949121.8312,-26250726654.58382,9981072.257067714,1537555.62,-478276.03
6880.0,-629369.4150625888,19697.32,5996.0,172912.82826465854,-802282.2433272472,7711405014.584336,-2295993968.3880963,975195.0715919058,63151.64000000001,-43454.32
6885.0,-57325.1793755776,24101.879999999997,741.0,46702.72920069664,-104027.90857627423,1108506256.5490355,-348885837.1098963,150730.63777697086,31089.119999999995,-6987.24
6890.0,-476621.4352675754,48885.05,5068.0,243691.00591157583,-720312.4411791513,6227443979.244291,-2246476087.141385,964003.447090727,88066.51000000001,-39181.46
6895.0,120364.47738496365,391530.85,6438.0,636504.963572699,-516140.48618773534,13906802885.864782,-2361938545.7141485,1152645.4497604342,421175.08999999997,-29644.239999999998
6900.0,-9240761.88530723,3244595.1100000003,168850.0,15068288.945409385,-24309050.830716614,93934456917.89066,-98348654886.85878,39377339.776126,5200373.12,-1955778.01
6905.0,-171749.8346830057,12206.500000000002,1429.0,53154.370997449885,-224904.20568045558,2609233221.7601695,-597450008.8669813,278058.57667790545,23503.5,-11296.999999999998
6910.0,529948.0661981185,240042.24999999997,5572.0,1004011.2079681997,-474063.14177008125,4056038261.38669,-3474219085.570727,1478074.349738281,268736.21,-28693.96
6915.0,-369299.362261837,-9080.57,1629.0,37120.07674661848,-406419.43900845543,1612309975.5830219,-1063653994.1558177,443539.5157550739,13883.93,-22964.499999999996
6920.0,-542628.7605364458,19039.280000000006,3868.0,143890.30971008877,-686519.0702465345,4822390819.443837,-1879506818.3951654,830409.3799566233,62190.450000000004,-43151.170000000006
6925.0,-1749040.6569124812,666244.08,35047.0,3128869.478816994,-4877910.135729475,23356279506.013397,-19038764267.614265,8006779.6145464685,1032239.27,-365995.19
6930.0,-293975.89693215385,25022.910000000007,2759.0,196878.97243105675,-490854.8693632106,2993739751.1384115,-1560261903.9977255,687733.8417942674,53896.880000000005,-28873.97
6935.0,-188410.80505650037,-8109.199999999999,954.0,10854.23515556176,-199265.04021206213,1433535023.7892048,-457335412.8513476,210119.2753676239,3747.4600000000005,-11856.66
6940.0,-1628942.4616221315,9369.909999999994,7006.0,163720.88336037096,-1792663.3449825023,12830520873.472355,-3961940548.756569,1956384.2283428733,70618.08,-61248.17
6945.0,-167486.71432576736,-3599.5499999999993,878.0,20352.088549352353,-187838.8028751197,1305894419.7007644,-446908151.7588533,208190.89142447207,6284.030000000001,-9883.58
6950.0,-4587278.555268995,1384665.89,77089.0,7995493.6729083285,-12582772.228177324,42981306878.06068,-46907910231.65574,20578265.901085652,2317335.54,-932669.65
6955.0,-230060.3955168323,-5388.179999999999,1037.0,28103.50946998672,-258163.90498681902,1170031558.3284101,-634497474.2167101,286267.4144568057,9008.2,-14396.38
6960.0,-684354.0831475009,48330.0,8088.0,439232.8342858516,-1123586.9174333524,8931636116.411407,-3244745827.114894,1562819.7517192042,110876.8,-62546.8
6965.0,-676472.724393449,-8496.63,3783.0,44707.4690449425,-721180.1934383914,8915288821.027473,-1414803347.4068944,765887.6624833341,14189.91,-22686.539999999997
6970.0,-734789.1077515332,-13820.31,3726.0,124237.70588926418,-859026.8136407973,5208682289.439449,-2021301446.3780093,983264.5195300615,31328.780000000002,-45149.090000000004
6975.0,-3741905.8237316664,244413.36000000004,33989.0,2519286.256891597,-6261192.0806232635,20943496416.627583,-19063621695.03468,8780478.33751486,717655.0700000001,-473241.70999999996
6980.0,-956379.9732549419,-35950.75,5398.0,94997.93445186612,-1051377.907706808,6998508948.664644,-2325460556.2464,1146375.842158674,23252.079999999998,-59202.83
6985.0,-349753.8219223845,-13291.429999999997,2759.0,33513.11282469983,-383266.93474708433,1782078160.1979494,-878960064.6704469,416780.0475717842,9996.2,-23287.63
6990.0,-1252073.3891596603,-28786.389999999996,7155.0,173746.57414332748,-1425819.9633029876,10043277922.729786,-3067179080.2890444,1599566.5374463152,39715.18,-68501.56999999999
6995.0,-326652.70200764877,-8999.980000000001,1523.0,35620.25355937068,-362272.95556701947,2834855503.2251143,-766492542.6399708,397893.20912639017,10523.44,-19523.42
7000.0,-18583309.54979773,25995603.43,1186161.0,163365604.3454637,-181948913.8952614,463529405619.2581,-729083898125.5396,345314518.2407251,41554981.35,-15559377.92
7005.0,-379015.68032331666,30232.480000000003,5169.0,190290.1732458087,-569305.8535691253,19322005402.621147,-1196746858.2453277,759596.026814934,50053.02,-19820.54
7010.0,-652043.0552564382,18705.680000000004,4379.0,245947.17863468896,-897990.2338911272,9551547589.431133,-2067636162.9047408,1143937.4125258161,56262.840000000004,-37557.16
7015.0,-451663.0804867513,-22536.239999999998,1844.0,36454.918211204036,-488117.99869795534,2824025345.0120797,-1017696853.0116858,524572.9169091594,9002.79,-31539.03
7020.0,-1763422.7735078826,-58482.409999999996,8842.0,129888.56270690598,-1893311.3362147887,22416762813.449764,-3561605354.526294,2023199.8989216946,30789.91,-89272.31999999999
7025.0,-3532639.7298789434,25303.56000000002,34307.0,1572024.924874571,-5104664.654753515,20234998755.63448,-12868584386.77948,6676689.579628085,384083.93,-358780.37
7030.0,-1213036.5404107852,4725.319999999998,6599.0,385184.72906778357,-1598221.2694785688,13962108324.788088,-3512267496.3891363,1983405.9985463524,82821.81,-78096.49
7035.0,-1336899.490049721,-77623.69,4271.0,44609.32898145707,-1381508.819031178,4571759339.043912,-2756540695.401581,1426118.148012635,10525.009999999998,-88148.7
7040.0,-1642680.380175161,-38000.95,6243.0,152107.3400788801,-1794787.720254041,18348243272.87907,-3207958462.046883,1946895.060332921,33260.95,-71261.90000000001
7045.0,-393268.3606806287,-19135.68,1739.0,39620.071257446696,-432888.4319380754,3094539225.6660953,-831462123.9127576,472508.50319552206,8917.109999999999,-28052.79
7050.0,-8453489.709186304,244691.33,66328.0,4850194.404181207,-13303684.113367511,83320697831.02492,-32611333715.109074,18153878.517548718,1178563.44,-933872.11
7055.0,-225416.03118032994,18217.760000000006,2593.0,197630.4573886305,-423046.4885689604,7399005596.024511,-1001953321.2434077,620676.945957591,41966.23000000001,-23748.47
7060.0,-651153.379862938,22881.94,3789.0,244565.95768518012,-895719.3375481181,10777725623.479927,-1773472646.8866887,1140285.295233298,61382.19,-38500.25
7065.0,-95844.57702500952,6903.99,1203.0,41332.27593131318,-137176.85295632272,4551578317.321548,-235342877.75496125,178509.1288876359,11581.75,-4677.76
7070.0,-870051.0041664559,-646.3600000000007,4095.0,200793.7428119036,-1070844.7469783595,10666405603.115944,-1959168395.0344222,1271638.4897902631,43789.92,-44436.28
7075.0,-4743776.795551653,62254.88999999997,30140.0,1987994.4797144975,-6731771.27526615,32546617925.964962,-14611685446.312202,8719765.754980648,495816.14,-433561.25
7080.0,-683685.0357531979,30543.070000000003,4006.0,267067.1096791109,-950752.1454323088,10467164378.844395,-1777149222.5212512,1217819.2551114198,65792.2,-35249.130000000005
7085.0,-351255.0041805655,-1280.46,6399.0,46935.15777425379,-398190.1619548193,6681387630.384827,-603916965.2657969,445125.3197290731,10830.3,-12110.76
7090.0,-1324104.3652565032,-36526.020000000004,4817.0,114737.17730351283,-1438841.542560016,13737365833.833181,-2236815957.876578,1553578.7198635289,20769.190000000002,-57295.21000000001
7095.0,-462459.2884437497,-5275.140000000001,2370.0,59309.77458377913,-521769.0630275289,13265612937.841425,-735425264.1356455,581078.837611308,12823.66,-18098.8
7100.0,-22889886.912385907,391023.00000000006,129400.0,11178929.783240838,-34068816.69562674,273189272459.42462,-68228003024.70234,45247746.47886758,2347853.22,-1956830.22
7105.0,-692988.6121949808,-17808.34,2475.0,92130.05994054284,-785118.6721355238,8002683135.947971,-1220626734.3239887,877248.7320760665,17249.16,-35057.5
7110.0,-1752504.923877111,-40091.69,8711.0,176432.78886294982,-1928937.7127400609,23471085003.32769,-2815094521.5042906,2105370.5016030106,34085.93,-74177.62
7115.0,-799886.9578072142,-1989.5600000000034,3116.0,133002.2702213133,-932889.2280285275,13658286678.580406,-1306190892.4165096,1065891.4982498407,21381.45,-23371.010000000002
7120.0,-2498060.3505970025,-18782.66,7678.0,483558.88478377817,-2981619.235380781,22568610242.02347,-4550338687.989142,3465178.1201645588,85437.9,-104220.56
7125.0,-8745471.602470534,-192787.34,53314.0,3074692.259016283,-11820163.861486817,45728316154.79716,-21929865580.93186,14894856.1205031,652875.43,-845662.77
7130.0,-978113.9035625426,16578.95,4800.0,377081.20072730875,-1355195.1042898514,19853208498.792114,-2108380530.752118,1732276.30501716,62445.86,-45866.91
7135.0,-1084378.3367974395,-19811.65,3379.0,69852.1484094091,-1154230.4852068485,16150018839.855457,-1439655235.1702237,1224082.6336162577,12125.94,-31937.59
7140.0,-1835036.1495406854,-38623.380000000005,5706.0,318268.0289349528,-2153304.178475638,18235562420.975372,-3072603199.7646146,2471572.2074105907,49826.82,-88450.2
7145.0,-637261.2600290815,-1621.399999999998,2267.0,170889.17719482104,-808150.4372239026,11904951248.155174,-1118671306.4006908,979039.6144187235,25053.71,-26675.109999999997
7150.0,-14312735.412997345,254008.63000000006,80003.0,7897271.090277231,-22210006.503274575,118421968270.2752,-39928469531.73808,30107277.593551807,1610715.6,-1356706.97
7155.0,-527595.9325949855,-8744.99,2803.0,67407.79529696229,-595003.7278919478,8036584529.361893,-738806816.9758358,662411.5231889101,13175.57,-21920.56
7160.0,-1418649.346140057,-20796.27,5926.0,366138.1158605365,-1784787.4620005935,17695345046.793278,-2411036247.650875,2150925.5778611302,45538.3,-66334.57
7165.0,-850504.3337345253,-10940.36,3077.0,96284.40388343163,-946788.7376179568,19610885063.387825,-1038901012.3260729,1043073.1415013884,18991.89,-29932.25
7170.0,-2592573.669380352,-45024.270000000004,5400.0,181582.311128415,-2774155.9805087666,29703781456.548748,-3081786299.119561,2955738.291637182,29885.14,-74909.41
7175.0,-8008549.673298276,-123619.66000000006,37340.0,3421471.106799349,-11430020.780097624,60704312762.10095,-17925724885.81994,14851491.886896975,615685.49,-739305.15
7180.0,-2566867.1665937235,-29695.050000000003,7122.0,481720.88563234225,-3048588.0522260657,53805078393.34142,-3350656627.405808,3530308.937858408,61253.25,-90948.3
7185.0,-1302731.1952913897,-21909.32,2963.0,91240.6092422644,-1393971.804533654,15789384569.12564,-1431585291.0565636,1485212.4137759183,14380.4,-36289.72
7190.0,-2615072.391024238,-54167.8,6856.0,318685.37260602065,-2933757.7636302584,38289172241.29955,-3102033185.4327,3252443.1362362793,40720.72,-94888.52
7195.0,-1061923.5457922523,-21981.42,2417.0,62220.83906753822,-1124144.3848597906,17309504644.94493,-1066587949.8276579,1186365.2239273288,11794.5,-33775.92
7200.0,-40530662.67565148,386179.8100000004,181496.0,20953922.475231666,-61484585.15088315,322218138114.88025,-89621923004.16277,82438507.62611482,3974658.98,-3588479.17
7205.0,-1160970.8123627712,-24328.030000000002,2931.0,121586.43168046146,-1282557.2440432326,15146749503.415571,-1249587542.5354373,1404143.675723694,17785.510000000002,-42113.54
7210.0,-2010476.7002038734,26949.38000000001,6855.0,920802.3993042411,-2931279.0995081146,24769398076.349865,-3597034022.6165605,3852081.4988123556,130601.15000000001,-103651.77
7215.0,-1978867.086738486,-34162.840000000004,3385.0,93046.2083387977,-2071913.2950772839,26478825861.639854,-1735214316.220459,2164959.5034160814,14046.480000000001,-48209.32
7220.0,-3633655.0736875,-68828.77,6415.0,356867.5404558,-3990522.6141433,52575884145.10435,-3454248352.88864,4347390.1545991,39767.32,-108596.09
7225.0,-12655516.433996407,-26443.880000000026,32929.0,3077408.797162483,-15732925.23115889,250272556773.89584,-15338736999.612461,18810334.02832137,564062.5,-590506.38
7230.0,-4139938.121781188,-99239.34,7312.0,395409.17004211387,-4535347.291823302,35641995845.604965,-3997059837.809032,4930756.461865416,53427.76,-152667.1
7235.0,-1573847.042797821,-33508.03,2519.0,95072.23726468575,-1668919.280062507,19526160207.964462,-1293170263.6167953,1763991.5173271927,11171.36,-44679.39
7240.0,-4237330.193901739,-69575.25000000001,6612.0,495109.13569389645,-4732439.329595636,41811769932.99653,-3904904652.0268946,5227548.465289532,60910.17,-130485.42000000001
7245.0,-2750103.4291817658,-55868.310000000005,3553.0,141633.07322798343,-2891736.5024097487,27906187046.879066,-2104924347.270146,3033369.575637732,13219.91,-69088.22
7250.0,-23537586.060683064,17723.99999999994,63065.0,8920696.564176459,-32458282.624859523,200530521484.6668,-32187191469.007347,41378979.18903598,1319786.65,-1302062.65
7255.0,-2319192.817662391,-30247.33,3449.0,231599.18599851837,-2550792.0036609094,28524939615.990303,-1786058972.7814198,2782391.189659428,31925.92,-62173.25
7260.0,-19702876.123365313,-339014.41000000003,18740.0,531721.0239815405,-20234597.14734685,387734856181.854,-10783231358.142662,20766318.171328392,44589.82,-383604.23000000004
7265.0,-4314865.356576989,-82642.54999999999,4708.0,368041.85326948046,-4682907.20984647,37368158755.73027,-3085041707.77832,5050949.06311595,27532.39,-110174.94
7270.0,-8490490.286237255,-177756.25,11443.0,899144.4605056808,-9389634.746742934,119700901423.8464,-5623417104.420265,10288779.207248615,65618.84,-243375.09
7275.0,-19651974.443046987,-480643.88999999996,34266.0,3013034.8425438944,-22665009.285590883,166084927157.88214,-15925344454.621872,25678044.128134776,400016.54000000004,-880660.4299999999
7280.0,-6737605.233454989,-121306.09000000001,10587.0,1312443.8119942355,-8050049.045449225,70092306213.08577,-5122858398.928869,9362492.85744346,120485.09,-241791.18
7285.0,-2491153.5138064204,-32843.77,5281.0,1419368.879915714,-3910522.3937221346,35455576872.590324,-2771656300.5080886,5329891.273637849,75997.23,-108841.0
7290.0,-27154644.027097177,-564404.1300000001,21693.0,1052669.4697231082,-28207313.496820286,147578661382.08408,-15048777533.899368,29259982.966543395,84515.84999999999,-648919.9800000001
7295.0,-4238367.386560032,-87067.19,5200.0,694554.757109798,-4932922.14366983,33503282306.81788,-2690345890.4077935,5627476.900779628,46559.58,-133626.77000000002
7300.0,-51647556.20827483,-431029.16,115193.0,18582606.987057768,-70230163.19533259,339472377960.03375,-47355418679.037125,88812770.18239036,2393882.46,-2824911.62
7305.0,-2283808.2790440028,-43455.06,3047.0,558367.2640917707,-2842175.5431357734,21015587473.75065,-1470014112.4299822,3400542.8072275445,35947.9,-79402.95999999999
7310.0,-3089695.2795953015,-80975.62999999999,12001.0,2054462.1242187656,-5144157.403814067,32120620728.300365,-3104986753.430578,7198619.528032833,185502.81,-266478.44
7315.0,-2751114.01819371,-44289.14000000001,4592.0,1304731.2855462995,-4055845.3037400097,32626393433.056927,-2002392928.624134,5360576.58928631,73108.5,-117397.64000000001
7320.0,-5215249.784520795,-209882.6,12548.0,1954196.602193872,-7169446.386714666,43099738649.14028,-3324589991.9513974,9123642.988908539,135088.77,-344971.37
7325.0,-28550691.734523665,-156347.14999999997,41833.0,6959275.080107615,-35509966.81463128,281834181921.106,-15023434839.158989,42469241.8947389,901410.43,-1057757.5799999998
7330.0,-7720595.335470292,-179371.91999999998,7492.0,1218674.8693375585,-8939270.204807851,66650585873.374535,-2905229228.3885946,10157945.074145408,68429.16,-247801.08
7335.0,-5331485.986077685,-140505.33,5236.0,839670.1694969278,-6171156.155574612,26385509185.54184,-2059117384.2594416,7010826.325071541,44532.48,-185037.81
7340.0,-12612775.877387537,-295486.68,10786.0,1729224.7556889998,-14342000.633076537,94921162838.47063,-3871182749.746482,16071225.388765536,95015.41,-390502.09
7345.0,-3989261.3557897005,-106226.26,5331.0,1068842.0593712395,-5058103.41516094,41211410845.91986,-1456206341.2714953,6126945.47453218,72284.42,-178510.68
7350.0,-26246445.622439858,-235824.45,74952.0,23011806.926595163,-49258252.54903503,200135425669.14914,-18793034960.071884,72270059.4756302,1762104.52,-1997928.97
7355.0,-4535427.439648048,-73631.96,5682.0,2061192.7087284303,-6596620.148376479,112485739452.05112,-1638819430.1685147,8657812.857104909,105736.44,-179368.4
7360.0,-16894956.779430058,-427827.01999999996,12896.0,2931490.4824468642,-19826447.261876922,267929244630.93127,-3788123536.8298883,22757937.744323786,105834.51,-533661.5299999999
7365.0,-2261304.270075797,-51892.91999999999,3812.0,3546266.8376933034,-5807571.1077691,345761589704.92584,-1228621310.5031936,9353837.945462404,70205.79000000001,-122098.71
7370.0,-8920448.681715094,-235881.23,10176.0,7032470.527160424,-15952919.208875518,654314134946.2296,-2555641432.9936247,22985389.736035943,141314.71,-377195.94
7375.0,-13275930.37323973,-357308.32,28276.0,23179409.550237853,-36455339.92347758,1773410733392.5608,-6072322740.728158,59634749.47371543,539695.34,-897003.66
7380.0,-7432465.3749631,-258264.19,10959.0,18028786.400385823,-25461251.775348924,1290211027514.1128,-2680065637.854788,43490038.17573474,153830.89,-412095.08
7385.0,1673167.199451868,-56601.81,4164.0,14126801.089819783,-12453633.890367916,517446013799.3312,-892631029.6841028,26580434.9801877,77063.22,-133665.03
7390.0,-12011985.978667108,-239480.09,8602.0,18455153.29197823,-30467139.27064534,153584563649.45703,-122151672.82876492,48922292.56262356,110244.24,-349724.33
7395.0,4396899.353424926,-111053.18,5117.0,17879844.05735692,-13482944.703931993,-386072003301.2307,854976571.4697386,31362788.76128891,77118.97,-188172.15
7400.0,-44158130.94523561,-854035.34,138525.0,76814431.413435,-120972562.3586706,-1807298270787.746,4615035434.267861,197786993.7721056,3235583.65,-4089618.9899999998
7405.0,6248233.53241142,-83964.92,4955.0,13983098.35945976,-7734864.82704834,-883551743387.348,1966372741.9826453,21717963.1865081,76796.28,-160761.2
7410.0,4947700.725150528,-86309.12000000001,7325.0,13724935.40975644,-8777234.684605913,-1036266346003.8649,2746555613.098922,22502170.094362356,131390.63999999998,-217699.76
7415.0,2408873.6397705935,-52233.87,4699.0,7067933.514902019,-4659059.875131425,-381020076679.113,1672938330.628369,11726993.390033444,83650.91,-135884.78
7420.0,-1014246.8721054106,-106056.94,9107.0,7257640.509588742,-8271887.381694152,-349870099528.8179,2810128669.190598,15529527.891282894,172109.05,-278165.99
7425.0,-4415208.177536183,-458986.85,34341.0,19962747.897354886,-24377956.07489107,-296070736595.2525,8977759579.194244,44340703.97224596,622567.79,-1081554.64
7430.0,-6151312.84312583,-471551.76000000007,19603.0,14280312.623466423,-20431625.466592252,-122378863095.6244,8991587285.09821,34711938.09005868,256516.62,-728068.38
7435.0,-56785.322090416186,-106692.64000000001,4700.0,4054921.9779758775,-4111707.3000662937,-43883328926.786354,2092291705.4712768,8166629.278042171,57265.56999999999,-163958.21
7440.0,-4160654.8658426837,-258696.85,8249.0,3879678.3788303896,-8040333.244673073,-42613756506.78427,3830198258.886476,11920011.623503463,80956.11,-339652.96
7445.0,-3494193.8921283567,-166117.48,4418.0,2069131.3249268886,-5563325.217055245,-38130798614.00725,2657378060.6796565,7632456.541982134,33296.92,-199414.4
7450.0,6194633.011537359,-565782.7000000001,91039.0,57500696.2248638,-51306063.21332644,-341517318298.8023,39046327632.26626,108806759.43819024,1992855.5299999998,-2558638.23
7455.0,-3204973.179202193,-241726.58000000002,6298.0,3070151.319124985,-6275124.498327178,-34650842635.376816,4102680334.296793,9345275.817452163,43746.200000000004,-285472.77999999997
7460.0,-9271418.548555672,-431654.21,15003.0,6262557.046012021,-15533975.594567694,-219984093895.64154,10229854977.786894,21796532.64057971,221324.33000000002,-652978.54
7465.0,469061.42341178574,-158791.78999999998,8026.0,6096326.429109341,-5627265.005697556,-250416800330.3691,5711567083.57519,11723591.434806898,96262.97,-255054.75999999998
7470.0,2958602.521229264,-101377.06000000001,10335.0,7318149.812465532,-4359547.291236267,-229112166886.19125,5645247810.349278,11677697.1037018,150139.53999999998,-251516.6
7475.0,-3265682.561969635,-820523.96,51988.0,22612808.18450481,-25878490.74647445,-375312314648.4636,24857524054.91411,48491298.93097926,904038.81,-1724562.77
7480.0,-665935.5655353451,-305799.0,10127.0,4809897.909683731,-5475833.4752190765,-359739462235.03033,5734004912.822226,10285731.384902809,81807.28,-387606.28
7485.0,119877.33857201951,-148935.23,5520.0,3020915.97896385,-2901038.640391831,-174541882743.89575,2987168990.9423833,5921954.61935568,28154.62,-177089.85
7490.0,-1508322.4147210587,-376061.99,13572.0,6967721.743838699,-8476044.158559756,-235155213309.70703,9850783372.23923,15443765.902398456,147751.15,-523813.14
7495.0,1827727.3171603226,-39732.25,4681.0,3537948.5387885715,-1710221.221628249,-26090756436.444836,3842687768.487457,5248169.760416821,51260.69,-90992.94
7500.0,14347664.506204074,-783818.56,179221.0,72563591.92472509,-58215927.41852101,-385984686678.31146,85295903210.5359,130779519.34324609,4015806.7199999997,-4799625.28
7505.0,2403194.8299170444,-11581.259999999998,3749.0,2749401.5106033925,-346206.6806863479,-37111025798.36553,2328551238.0120935,3095608.19128974,24311.28,-35892.54
7510.0,3438737.057280053,-66143.39000000001,7364.0,5618587.918625756,-2179850.861345703,-64121823299.546,5972704683.21286,7798438.779971458,81167.09,-147310.48
7515.0,2791976.8554349635,-30049.81,4488.0,3543417.1464089723,-751440.290974009,-39398568512.21487,3329949085.464588,4294857.437382981,39762.92,-69812.73
7520.0,4545578.515143812,-79802.32,11460.0,7482626.555174218,-2937048.0400304054,-75612119523.71176,8727317391.822979,10419674.595204623,159365.04,-239167.36
7525.0,7761352.574338883,-77971.92999999998,25778.0,14263164.937013987,-6501812.362675105,-105409501129.8402,17560351979.237038,20764977.29968909,476560.53,-554532.46
7530.0,3221896.654641949,-156019.87,10501.0,5865788.370867575,-2643891.7162256255,-64093889189.64772,7493221794.683328,8509680.0870932,83392.59,-239412.46
7535.0,1486699.1079040852,-41818.799999999996,3673.0,2070296.7173354207,-583597.6094313355,-30270848241.170177,2581896142.942995,2653894.326766756,19983.29,-61802.09
7540.0,3007505.9028439857,-128981.20000000001,9614.0,4992355.889037629,-1984849.9861936432,-46683069201.17793,6916627731.28166,6977205.875231273,63542.76,-192523.96000000002
7545.0,1885989.2797609726,4768.539999999999,3065.0,1945913.4116864086,-59924.131925435904,-27870588933.09019,1906567695.483804,2005837.5436118443,15285.710000000001,-10517.17
7550.0,15538681.939391645,-193040.69000000006,84893.0,26694537.6755288,-11155855.736137154,-170422841287.51877,36787623674.52664,37850393.41166595,1122605.8699999999,-1315646.56
7555.0,998821.5460263891,-177727.93,7431.0,3162676.2424047003,-2163854.696378311,-53263605426.481476,6003285166.380563,5326530.938783011,19137.53,-196865.45999999996
7560.0,3275273.471283091,-61339.96,9934.0,4150311.6853301143,-875038.2140470232,-36396622184.35664,6016118168.324294,5025349.899377137,61769.9,-123109.86
7565.0,1690234.703573425,11739.640000000001,5233.0,2019189.640710467,-328954.93713704194,-21243859296.029613,2732075611.5418963,2348144.5778475087,41317.350000000006,-29577.71
7570.0,3564559.304497229,10494.310000000001,6943.0,4026220.1961606317,-461660.8916634028,-29061737047.322166,5690685225.440149,4487881.0878240345,57141.05,-46646.74
7575.0,8958776.950748544,-22468.81999999997,31512.0,13186836.04533899,-4228059.094590446,-64972381204.10495,21084466036.38069,17414895.139929436,475106.26,-497575.08
7580.0,4025908.9747945736,2609.610000000002,8969.0,4630371.806942138,-604462.8321475645,-40979804021.38124,6817131302.556038,5234834.639089703,67216.74,-64607.13
7585.0,1099574.3792011857,2793.359999999999,2832.0,1152883.2849301724,-53308.90572898675,-14118960095.335732,1618389304.3718374,1206192.190659159,8222.86,-5429.5
7590.0,2240175.2854849114,-11476.650000000001,5335.0,2731292.737013092,-491117.4515281804,-19977173427.76166,4520992572.511448,3222410.188541272,45124.229999999996,-56600.880000000005
7595.0,668927.730391602,23.22000000000004,2289.0,717193.2688880255,-48265.53849642356,-12098107239.86197,1014777996.8916253,765458.8073844492,4864.84,-4841.62
7600.0,18903504.035893004,-227475.73,119659.0,34781106.32459867,-15877602.288705664,-148605095010.84018,62049165877.36075,50658708.61330433,2313847.06,-2541322.79
7605.0,1275096.457070413,1414.5199999999998,4704.0,1335164.6000611132,-60068.14299070022,-32161530196.12824,1706193605.0781043,1395232.7430518134,7667.49,-6252.97
7610.0,2436338.880431706,4970.4400000000005,7391.0,2916043.4911568747,-479704.6107251685,-23843657521.806973,5166319798.269153,3395748.1018820433,63620.94,-58650.5
7615.0,773414.7758034635,-244.05999999999938,3186.0,847055.5155388893,-73640.73973542587,-15338193435.678545,1333975336.3105395,920696.2552743152,7656.049999999999,-7900.11
7620.0,2226312.1500600576,16474.059999999998,5604.0,2337072.0923591596,-110759.94229910166,-16341142574.12724,4210122614.771691,2447832.034658261,30133.489999999998,-13659.43
7625.0,7075643.830730588,21641.369999999995,25810.0,8927005.557731025,-1851361.727000436,-37765015968.80584,16596344416.33962,10778367.28473146,325337.16000000003,-303695.79000000004
7630.0,1678067.9598526761,-2012.8799999999972,5576.0,1910413.1825911812,-232345.22273850508,-15505237266.158375,3784745493.9813223,2142758.405329686,28441.8,-30454.679999999997
7635.0,598252.334659837,5088.93,22173.0,610670.1447809631,-12417.810121126167,-11523182638.026377,956602533.1826593,623087.9549020893,6583.24,-1494.31
7640.0,1760999.8949912884,15176.53,10359.0,1922225.3523854276,-161225.45739413906,-16198751179.116444,3714744261.880225,2083450.8097795665,35926.95,-20750.420000000002
7645.0,410183.77321889246,-11913.04,3016.0,539075.1716850579,-128891.3984661655,-9199893853.746483,1197019156.7197013,667966.5701512235,4205.9400000000005,-16118.98
7650.0,8053218.997766126,85859.98,43436.0,11929122.918666577,-3875903.9209004506,-44099969934.63439,25527153469.178066,15805026.839567028,691315.39,-605455.41
7655.0,1086346.0603835694,4899.580000000001,8121.0,1110859.0013459825,-24512.94096241315,-14922568795.12148,2070406368.2756891,1135371.9423083959,8092.9800000000005,-3193.4
7660.0,1644176.731322478,22598.649999999998,5358.0,1784848.0651848286,-140671.3338623506,-11357276486.935251,3739333770.63953,1925519.3990471791,41705.939999999995,-19107.29
7665.0,247396.21675358064,1568.2,2566.0,256923.87980706728,-9527.663053486627,-5001896631.634249,451849988.66165763,266451.5428605539,2789.7599999999998,-1221.56
7670.0,1138094.9811431372,14808.170000000002,5233.0,1188793.4011625631,-50698.42001942578,-10326185578.060541,2451927376.327779,1239491.8211819888,23468.16,-8659.99
7675.0,5384271.312170215,250180.25999999998,24294.0,6816492.686011209,-1432221.3738409942,-18458895982.918175,14245878227.734884,8248714.059852204,478274.3,-228094.04
7680.0,1147754.6421356897,14014.42,5012.0,1181972.8765291735,-34218.234393483675,-12522090467.028309,2504469701.335533,1216191.1109226572,19155.52,-5141.1
7685.0,186565.6841070429,1361.3899999999999,1467.0,199753.1241182911,-13187.440011248207,-3597376743.022855,389138819.1011817,212940.56412953933,3245.0699999999997,-1883.68
7690.0,1170382.3595012296,13421.660000000003,5339.0,1276404.4495662847,-106022.09006505499,-9103545924.10273,3016656994.8362164,1382426.5396313395,28053.77,-14632.109999999999
7695.0,129567.65464152915,716.8200000000002,1322.0,137537.73496766126,-7970.08032613211,-2994844883.903796,264225922.61523262,145507.81529379336,1807.65,-1090.83
7700.0,16926767.65127342,852354.11,74716.0,21609460.295533415,-4682692.644259996,-54299645338.289314,48676939945.57512,26292152.939793408,1638440.02,-786085.91
7705.0,67499.13318417998,-506.7399999999996,765.0,81814.31018330692,-14315.17699912694,-2204124931.6281557,176971590.78128564,96129.48718243386,1511.2700000000002,-2018.01
7710.0,710904.7412582107,24597.870000000003,4935.0,734544.3799345169,-23639.63867630605,-9293529123.529043,1498931361.6405916,758184.0186108229,28133.91,-3536.04
7715.0,695182.8557554774,28563.36,1896.0,717300.5472679462,-22117.691512468788,-1868714195.3019998,1660103043.9725897,739418.2387804149,31836.38,-3273.0200000000004
7720.0,639338.6496828863,11998.279999999999,3255.0,695471.273830941,-56132.62414805462,-4070212506.7815237,1722696029.543687,751603.8979789956,20821.449999999997,-8823.17
7725.0,3581914.1724703903,147096.38,17739.0,4318529.728302691,-736615.5558323005,-15523985587.430521,10539159531.78257,5055145.2841349915,278672.67,-131576.29
7730.0,1935346.8733501064,190617.13999999998,8147.0,2050973.5763791625,-115626.70302905614,-6505185431.265564,3947558642.364756,2166600.2794082183,208670.03,-18052.89
7735.0,33669.41325114017,-1401.1699999999998,306.0,51840.035934963526,-18170.62268382336,-791567565.4752932,167871578.76134917,70010.65861878688,1546.7900000000002,-2947.96
7740.0,887810.6574387937,29224.62,3999.0,918918.8369517856,-31108.179512991937,-4938527327.969207,2267401375.309715,950027.0164647775,34391.65,-5167.030000000001
7745.0,57631.47793469136,1136.52,336.0,60271.99789663427,-2640.5199619429122,-633284081.4820937,152484790.92706957,62912.51785857718,1547.37,-410.85
7750.0,7015182.411572767,373043.02,35083.0,8423517.99594625,-1408335.5843734841,-32019705005.829212,21219097038.830868,9831853.580319734,622591.34,-249548.32
7755.0,80057.51800277115,-314.29999999999995,1078.0,88476.85484363092,-8419.33684085977,-3472968573.8627577,179376895.3150547,96896.19168449068,1022.3400000000001,-1336.64
7760.0,292637.75677953206,4967.5599999999995,3228.0,324816.2986505037,-32178.541870971603,-4196799010.633189,833265155.7404525,356994.8405214753,10294.16,-5326.6
7765.0,35882.17632091228,603.93,366.0,35882.17632091228,0.0,-1120028320.4743338,72224898.46100861,35882.17632091228,603.93,0.0
7770.0,405241.1930235277,11975.59,3049.0,419869.2908461386,-14628.097822610975,-4207895390.7545156,1095596503.4846094,434497.3886687496,14487.04,-2511.45
7775.0,2248830.471811783,87526.50000000001,11451.0,2732534.779880829,-483704.3080690461,-7048142137.496324,7832197951.630072,3216239.0879498753,174864.61000000002,-87338.11
7780.0,209972.80110204496,7022.0599999999995,1446.0,222627.023026278,-12654.22192423305,-2692875496.667182,579751262.2977777,235281.24495051106,9225.63,-2203.57
7785.0,11230.95377206108,-117.63999999999999,40.0,14852.062147607532,-3621.1083755464506,-26103034.49713649,54694607.28653209,18473.17052315398,528.39,-646.03
7790.0,195037.439577796,7006.09,1034.0,205460.40744257017,-10422.967864774168,-1628050213.323044,562576803.5052333,215883.37530734434,8860.800000000001,-1854.71
7795.0,13625.59200844058,427.8,30.0,13625.59200844058,0.0,-21268715.971592188,40804614.04710925,13625.59200844058,427.8,0.0
7800.0,16262030.588998362,746801.08,84914.0,21925645.28831144,-5663614.699313079,-35139538903.732155,69921427031.82321,27589259.98762452,1786737.0899999999,-1039936.01
7805.0,15161.948706073214,594.88,32.0,15161.948706073214,0.0,-17844504.78854122,45100412.66226275,15161.948706073214,594.88,0.0
7810.0,310727.6710103533,7344.210000000001,2043.0,317394.1993870707,-6666.528376717399,-2491655673.7885666,958116953.38452,324060.7277637881,8596.99,-1252.78
7815.0,20438.40052185846,788.48,44.0,20438.40052185846,0.0,-24581131.236027297,62436556.20316255,20438.40052185846,788.48,0.0
7820.0,459296.6746060057,25401.149999999998,1474.0,467952.76719611825,-8656.09259011255,-1187842940.449955,1333271844.1609652,476608.85978623084,27018.05,-1616.9
7825.0,2688269.8829287286,188645.19,11938.0,2884267.236020683,-195997.3530919543,-6260863361.274755,8002246471.859293,3080264.589112637,227472.88999999998,-38827.7
7830.0,120471.5855436862,4811.62,982.0,125021.96753560999,-4550.381991923796,-908446375.9557881,366082905.97634494,129572.34952753379,5688.099999999999,-876.48
7835.0,5345.241232946959,199.07999999999998,12.0,5345.241232946959,0.0,-6703373.099980948,17206107.193539094,5345.241232946959,199.07999999999998,0.0
7840.0,226906.4445231248,11193.49,941.0,229705.7276021766,-2799.283079051779,-1123005530.0870643,688590281.6739683,232505.01068122836,11736.2,-542.71
7845.0,0.0,0.0,0.0,0.0,0.0,0.0,0.0,0.0,0.0,0.0
7850.0,5401100.276676935,325640.08,23711.0,6086890.079213271,-685789.8025363359,-11134998133.468176,19170352160.42723,6772679.881749607,463159.81,-137519.73
7855.0,851.5436758116244,30.659999999999997,2.0,851.5436758116244,0.0,-1111574.9463737714,2880342.076634619,851.5436758116244,30.659999999999997,0.0
7860.0,127247.07687096478,4848.889999999999,594.0,134994.03107699123,-7746.95420602645,-639907099.629498,445906245.11079067,142740.98528301768,6421.53,-1572.6399999999999
7865.0,6651.56709978959,235.04,16.0,6651.56709978959,0.0,-8852680.041351598,23063786.15815721,6651.56709978959,235.04,0.0
7870.0,58313.931693276165,1364.2199999999998,323.0,60741.81809614419,-2427.8864028680273,-408631128.2045162,213703441.01866165,63169.704499012216,1861.92,-497.70000000000005
7875.0,1909702.6492992674,92826.87,12591.0,2256262.4676831923,-346559.8183839247,-6280507547.871775,7532777291.54869,2602822.286067117,166666.94999999998,-73840.08
7880.0,103157.64005070367,3933.2300000000005,491.0,104379.66785563664,-1222.0278049329706,-558733970.9797041,357300385.8751157,105601.6956605696,4185.530000000001,-252.29999999999995
7885.0,20173.474417810736,691.0500000000001,51.0,20173.474417810736,0.0,-27880921.171737455,73194274.12268233,20173.474417810736,691.0500000000001,0.0
7890.0,64553.30727713508,2595.2799999999997,570.0,67826.90367814209,-3273.5964010070147,-994422717.152271,215927082.41664007,71100.5000791491,3276.24,-680.9599999999999
7895.0,770.828762290428,26.0,2.0,770.828762290428,0.0,-1085000.769012173,2859065.0586081436,770.828762290428,26.0,0.0
7900.0,13736643.66623265,903237.27,54202.0,14982765.208346179,-1246121.5421135302,-19620308551.50622,50709019562.73299,16228886.75045971,1175202.25,-271964.98
7905.0,6399.3447156534785,218.47,17.0,6399.3447156534785,0.0,-9012246.509361101,24175579.714269765,6399.3447156534785,218.47,0.0
7910.0,118892.71778995621,3410.9700000000003,659.0,123090.98037628949,-4198.26258633328,-580480520.2026017,470867576.69305146,127289.24296262277,4334.67,-923.7
7915.0,1876.8050780821466,73.16,5.0,1876.8050780821466,0.0,-2419636.77352252,7079206.477792019,1876.8050780821466,73.16,0.0
7920.0,75732.44688936009,3012.1,284.0,75732.44688936009,0.0,-155281245.48090518,287088069.7134471,75732.44688936009,3012.1,0.0
7925.0,2357053.027404709,146728.05000000002,9831.0,2415427.9877028274,-58374.960298118654,-4850288430.450455,8333172323.734393,2473802.948000946,159673.25,-12945.2
7930.0,115794.6992195138,4497.92,454.0,115794.6992195138,0.0,-238016641.01029882,450021065.24389553,115794.6992195138,4497.92,0.0
7935.0,6882.509113250927,217.20000000000002,20.0,6882.509113250927,0.0,-10386811.754332313,27856718.56371087,6882.509113250927,217.20000000000002,0.0
7940.0,88581.62294058995,4908.96,349.0,88581.62294058995,0.0,-150220974.6239894,328092561.19492394,88581.62294058995,4908.96,0.0
7945.0,7094.903323185719,231.93,21.0,7094.903323185719,0.0,-10568082.0643558,29064303.153298408,7094.903323185719,231.93,0.0
7950.0,5687524.918262658,425081.38,21549.0,5839478.723024857,-151953.8047621999,-8023641422.765555,20342948370.924133,5991432.527787058,460371.44999999995,-35290.07000000001
7955.0,5183.538774024655,158.72,16.0,5183.538774024655,0.0,-8085563.324088294,21821317.193908513,5183.538774024655,158.72,0.0
7960.0,122034.01201480743,6510.97,420.0,122034.01201480743,0.0,-176885726.14382932,466390137.23087925,122034.01201480743,6510.97,0.0
7965.0,5739.8832320700585,183.74,18.0,5739.8832320700585,0.0,-8778926.540975815,24445566.806548573,5739.8832320700585,183.74,0.0
7970.0,70345.80447521902,3412.96,230.0,70345.80447521902,0.0,-93613412.23675166,281389898.3102129,70345.80447521902,3412.96,0.0
7975.0,1447275.6208871377,81299.4,6127.0,1536632.1174256739,-89356.49653853616,-2031865534.7269223,5986678537.626071,1625988.6139642103,103464.16,-22164.760000000002
7980.0,2773393.6519029415,245595.56000000003,8544.0,2773393.6519029415,0.0,-1994232596.3467503,9484037789.085222,2773393.6519029415,245595.56000000003,0.0
7985.0,71046.08698908283,6028.37,219.0,71046.08698908283,0.0,-53940479.313643545,249453114.362387,71046.08698908283,6028.37,0.0
7990.0,3015797.4158642534,265470.14,9277.0,3015797.4158642534,0.0,-2132863826.1731114,10505565277.657888,3015797.4158642534,265470.14,0.0
7995.0,45336.82060630245,3470.9400000000005,142.0,45336.82060630245,0.0,-39620886.47211899,168118317.89472675,45336.82060630245,3470.9400000000005,0.0
8000.0,42265940.09263317,3427322.1999999997,146920.0,42265940.09263317,0.0,-41458531453.45713,154254403637.31323,42265940.09263317,3427322.1999999997,0.0
8005.0,39668.226963055764,3148.1200000000003,124.0,39668.226963055764,0.0,-32571175.642991506,147387055.07152495,39668.226963055764,3148.1200000000003,0.0
8010.0,3898505.331270563,319451.94999999995,13358.0,3898505.331270563,0.0,-3407759649.8706684,14406893284.78326,3898505.331270563,319451.94999999995,0.0
8015.0,5093.509840061049,425.9800000000001,16.0,5093.509840061049,0.0,-3895911.488831202,18840822.337649677,5093.509840061049,425.9800000000001,0.0
8020.0,3334964.9858028525,284960.9,10532.0,3334964.9858028525,0.0,-2463972155.2744308,12316533663.408066,3334964.9858028525,284960.9,0.0
8025.0,2089110.5530641791,205452.86000000002,7465.0,2089110.5530641791,0.0,-1697586136.5578384,7437965602.742542,2089110.5530641791,205452.86000000002,0.0
8030.0,3881333.69812577,325778.62,12223.0,3881333.69812577,0.0,-2892920651.3975573,14646542132.7465,3881333.69812577,325778.62,0.0
8035.0,19040.65023868263,1516.2599999999998,61.0,19040.65023868263,0.0,-15515536.830489818,73942773.54740673,19040.65023868263,1516.2599999999998,0.0
8040.0,14264534.556309676,1203016.9700000002,45028.0,14264534.556309676,0.0,-10505066044.32599,54537028340.62736,14264534.556309676,1203016.9700000002,0.0
8045.0,26652.069093350874,1981.24,89.0,26652.069093350874,0.0,-24449013.09545388,107707116.43529561,26652.069093350874,1981.24,0.0
8050.0,12786545.500028772,1035000.3599999999,46015.0,12786545.500028772,0.0,-11510682302.268026,50286014654.56232,12786545.500028772,1035000.3599999999,0.0
8055.0,34693.14945641602,2586.1400000000003,116.0,34693.14945641602,0.0,-31337224.25060581,142018239.05226815,34693.14945641602,2586.1400000000003,0.0
8060.0,4654214.413381812,383601.71,14936.0,4654214.413381812,0.0,-3530698036.80986,18471205203.986156,4654214.413381812,383601.71,0.0
8065.0,21010.1863732341,1530.0,72.0,21010.1863732341,0.0,-19731759.643249776,87925802.6908234,21010.1863732341,1530.0,0.0
8070.0,8975765.593124246,732910.04,28942.0,8975765.593124246,0.0,-6861995436.713496,36269439205.81509,8975765.593124246,732910.04,0.0
8075.0,571900.7915052159,36894.82,2838.0,571900.7915052159,0.0,-1482715648.0272462,2458818634.129349,571900.7915052159,36894.82,0.0
8080.0,4027253.148685782,324732.0,13197.0,4027253.148685782,0.0,-3152701102.166212,16571857529.217505,4027253.148685782,324732.0,0.0
8085.0,6150.8243845349525,428.21999999999997,22.0,6150.8243845349525,0.0,-6132453.184700875,26856111.124110185,6150.8243845349525,428.21999999999997,0.0
8090.0,5479634.01744804,438144.93,17969.0,5479634.01744804,0.0,-4297559187.953406,22924641654.863155,5479634.01744804,438144.93,0.0
8095.0,29869.056666984427,2135.68,106.0,29869.056666984427,0.0,-28510023.969376966,131012216.80799913,29869.056666984427,2135.68,0.0
8100.0,19260105.60482603,1471010.46,70527.0,19260105.60482603,0.0,-17896462375.591846,82894118555.8917,19260105.60482603,1471010.46,0.0
8105.0,10912.572217102212,860.3999999999999,36.0,10912.572217102212,0.0,-8646664.578763861,46829345.276028484,10912.572217102212,860.3999999999999,0.0
8110.0,4836370.654995429,379344.15,16031.0,4836370.654995429,0.0,-3860096530.554783,20930354422.56051,4836370.654995429,379344.15,0.0
8115.0,6661.646464463612,230.08,34.0,6661.646464463612,0.0,-11668206.078510614,35217724.233789876,6661.646464463612,230.08,0.0
8120.0,7124699.512511974,553734.6900000001,23798.0,7124699.512511974,0.0,-5742661485.829885,31326945288.09295,7124699.512511974,553734.6900000001,0.0
8125.0,2032319.7068516621,126504.35,8941.0,2032319.7068516621,0.0,-3660231707.4479284,9509688128.24878,2032319.7068516621,126504.35,0.0
8130.0,8455355.266583677,650614.84,28469.0,8455355.266583677,0.0,-6887613904.8439865,37794115371.33359,8455355.266583677,650614.84,0.0
8135.0,9727.73023071932,499.68,45.0,9727.73023071932,0.0,-13565907.614587266,49162712.34027946,9727.73023071932,499.68,0.0
8140.0,6000337.720411998,456782.19,20373.0,6000337.720411998,0.0,-4940840728.274226,27261026241.837086,6000337.720411998,456782.19,0.0
8145.0,11485.188854481918,278.32,71.0,11485.188854481918,0.0,-23378686.78616642,65532111.20150997,11485.188854481918,278.32,0.0
8150.0,14209555.442426644,1056964.1,49463.0,14209555.442426644,0.0,-12185523522.66507,65870709466.78463,14209555.442426644,1056964.1,0.0
8155.0,1550.3318859129179,37.2,10.0,1550.3318859129179,0.0,-3194117.5867988863,8966374.342924213,1550.3318859129179,37.2,0.0
8160.0,13023361.479618242,972568.6000000001,44998.0,13023361.479618242,0.0,-10950453460.512506,61047443707.56701,13023361.479618242,972568.6000000001,0.0
8165.0,742.4520720708573,17.65,5.0,742.4520720708573,0.0,-1547995.7433193205,4351720.515047852,742.4520720708573,17.65,0.0
8170.0,6422926.226329911,475509.54000000004,22398.0,6422926.226329911,0.0,-5455589860.413824,30542538090.84811,6422926.226329911,475509.54000000004,0.0
8175.0,946304.086743212,50234.58,3994.0,946304.086743212,0.0,-1163762109.5837672,4974236211.592736,946304.086743212,50234.58,0.0
8180.0,16455207.205435205,1205466.96,57902.0,16455207.205435205,0.0,-14120065787.389063,79519137050.79144,16455207.205435205,1205466.96,0.0
8185.0,0.0,0.0,0.0,0.0,0.0,0.0,0.0,0.0,0.0,0.0
8190.0,12028575.481268562,872743.0000000001,42756.0,12028575.481268562,0.0,-10433771119.393612,58991046378.50667,12028575.481268562,872743.0000000001,0.0
8195.0,207.2310550820377,7.049999999999999,1.0,207.2310550820377,0.0,-318271.1087227956,1209482.0651976739,207.2310550820377,7.049999999999999,0.0
8200.0,17574220.280693904,1201668.58,94633.0,17574220.280693904,0.0,-23722962678.68521,88196809319.27689,17574220.280693904,1201668.58,0.0
8205.0,0.0,0.0,0.0,0.0,0.0,0.0,0.0,0.0,0.0,0.0
8210.0,34533.73468971966,2297.1299999999997,140.0,34533.73468971966,0.0,-34923028.12374869,178122349.52686784,34533.73468971966,2297.1299999999997,0.0
8220.0,30711.66372474471,2162.0299999999997,113.0,30711.66372474471,0.0,-27579069.97898283,157322581.00854197,30711.66372474471,2162.0299999999997,0.0
8225.0,426795.0436144538,25814.43,1787.0,426795.0436144538,0.0,-467108824.8542336,2290181752.146794,426795.0436144538,25814.43,0.0
8230.0,16291.73932090101,1122.13,62.0,16291.73932090101,0.0,-15142663.294602508,85044899.35445938,16291.73932090101,1122.13,0.0
8240.0,38582.64078405683,2655.6800000000003,146.0,38582.64078405683,0.0,-35562250.59810287,203644037.77429602,38582.64078405683,2655.6800000000003,0.0
8250.0,2020121.9673837349,129031.8,8616.0,2020121.9673837349,0.0,-2268986053.364664,10999389219.375414,2020121.9673837349,129031.8,0.0
8260.0,14251.455663494666,927.2700000000001,60.0,14251.455663494666,0.0,-14475723.372062104,78129330.61451639,14251.455663494666,927.2700000000001,0.0
8270.0,17596.561451708447,1186.6,68.0,17596.561451708447,0.0,-16473284.51251012,96463966.86086597,17596.561451708447,1186.6,0.0
8275.0,998620.3644782761,64944.11,4187.0,998620.3644782761,0.0,-1023699934.8776743,5577634913.461763,998620.3644782761,64944.11,0.0
8280.0,30812.479183836604,2040.6000000000001,123.0,30812.479183836604,0.0,-29635934.922037482,171655820.2760537,30812.479183836604,2040.6000000000001,0.0
8290.0,39605.331443471034,2411.5600000000004,191.0,39605.331443471034,0.0,-44538596.89650734,227977347.7534501,39605.331443471034,2411.5600000000004,0.0
8300.0,6830294.882799029,432424.29000000004,50153.0,6830294.882799029,0.0,-9938138773.38737,38826804343.31779,6830294.882799029,432424.29000000004,0.0
8310.0,5092.183133047826,109.74,62.0,5092.183133047826,0.0,-12429706.315327868,34629233.996189326,5092.183133047826,109.74,0.0
8320.0,157.6224605839031,3.38,2.0,157.6224605839031,0.0,-388582.7573854157,1081367.5669563937,157.6224605839031,3.38,0.0
8325.0,895352.7691258884,67413.98,3747.0,895352.7691258884,0.0,-821829416.0816532,5076896646.547497,895352.7691258884,67413.98,0.0
8330.0,76.05030871891199,1.6199999999999999,1.0,76.05030871891199,0.0,-189339.32390864755,525474.252572901,76.05030871891199,1.6199999999999999,0.0
8340.0,2048.883554091253,43.68,28.0,2048.883554091253,0.0,-5150842.4642487,14267594.94635912,2048.883554091253,43.68,0.0
8350.0,1249187.3092823972,66770.09,11005.0,1249187.3092823972,0.0,-2000662713.897567,7720841662.603204,1249187.3092823972,66770.09,0.0
8360.0,67.94038079266642,1.44,1.0,67.94038079266642,0.0,-174101.26783921334,480014.8695490749,67.94038079266642,1.44,0.0
8370.0,2598.523272750071,54.800000000000004,40.0,2598.523272750071,0.0,-6721629.796432215,18525210.32608275,2598.523272750071,54.800000000000004,0.0
8375.0,134148.24880537138,6233.87,2594.0,134148.24880537138,0.0,-339390482.4506899,828629956.7946768,134148.24880537138,6233.87,0.0
8380.0,188.06578097298652,3.9599999999999995,3.0,188.06578097298652,0.0,-491030.4968560087,1349630.7246274513,188.06578097298652,3.9599999999999995,0.0
8390.0,2252.628772383043,47.36,37.0,2252.628772383043,0.0,-5936217.639427141,16246579.0816229,2252.628772383043,47.36,0.0
8400.0,7156527.072904852,428126.64,69740.0,7156527.072904852,0.0,-11370845933.344692,45089052511.737915,7156527.072904852,428126.64,0.0
8410.0,284.5152501977997,5.95,5.0,284.5152501977997,0.0,-763530.0600666978,2076768.9216851084,284.5152501977997,5.95,0.0
8420.0,54.57093972507659,1.1400000000000001,1.0,54.57093972507659,0.0,-147759.79712675652,401429.3779775002,54.57093972507659,1.1400000000000001,0.0
8425.0,378502.1762830451,25601.309999999998,1717.0,378502.1762830451,0.0,-371389743.4954143,2408487397.9654384,378502.1762830451,25601.309999999998,0.0
8430.0,1098.87739641692,22.89,21.0,1098.87739641692,0.0,-3001784.682086332,8145565.643838077,1098.87739641692,22.89,0.0
8440.0,51.19829207247692,1.0699999999999998,1.0,51.19829207247692,0.0,-141098.04485059466,380679.41358232667,51.19829207247692,1.0699999999999998,0.0
8450.0,771411.9153441209,39439.78,7561.0,771411.9153441209,0.0,-1198205203.8266344,5252092380.510853,771411.9153441209,39439.78,0.0
8460.0,1197.419028921457,25.0,25.0,1197.419028921457,0.0,-3357575.951982598,9003096.306282584,1197.419028921457,25.0,0.0
8470.0,1144.3531631361882,23.75,25.0,1144.3531631361882,0.0,-3236088.6809475697,8673648.70731738,1144.3531631361882,23.75,0.0
8475.0,64031.30897737265,3647.96,391.0,64031.30897737265,0.0,-77702457.1666028,446124021.1476393,64031.30897737265,3647.96,0.0
8480.0,0.0,0.0,0.0,0.0,0.0,0.0,0.0,0.0,0.0,0.0
8490.0,130.35467630660534,2.6999999999999997,3.0,130.35467630660534,0.0,-374896.25785186875,995687.8949440825,130.35467630660534,2.6999999999999997,0.0
8500.0,5794691.379334479,338358.98,55687.0,5794691.379334479,0.0,-8397340399.514185,40301946776.09999,5794691.379334479,338358.98,0.0
8510.0,40.84235328676172,0.8500000000000001,1.0,40.84235328676172,0.0,-119416.30557305999,314995.9453687216,40.84235328676172,0.8500000000000001,0.0
8520.0,3578.1961509793687,73.6,92.0,3578.1961509793687,0.0,-10546797.875602359,27828730.580408916,3578.1961509793687,73.6,0.0
8525.0,98134.90916793232,6501.889999999999,530.0,98134.90916793232,0.0,-103308178.5918468,690790254.5813893,98134.90916793232,6501.889999999999,0.0
8530.0,0.0,0.0,0.0,0.0,0.0,0.0,0.0,0.0,0.0,0.0
8540.0,442.2187501269649,9.120000000000001,12.0,442.2187501269649,0.0,-1324578.709251432,3466163.130031412,442.2187501269649,9.120000000000001,0.0
8550.0,738230.5066050043,36660.36,4592.0,738230.5066050043,0.0,-926955910.4124384,5615269358.677273,738230.5066050043,36660.36,0.0
8575.0,95239.57769606977,5532.42,574.0,95239.57769606977,0.0,-110480566.36994316,717166894.7918977,95239.57769606977,5532.42,0.0
8600.0,4555510.500011467,232196.13,58594.0,4555510.500011467,0.0,-7655259717.747375,34959263009.25632,4555510.500011467,232196.13,0.0
8650.0,543866.9404186761,30837.53,3559.0,543866.9404186761,0.0,-640686066.8200215,4358350992.794903,543866.9404186761,30837.53,0.0
8700.0,2052595.2611334762,103730.12000000001,18270.0,2052595.2611334762,0.0,-2793555370.189493,17344716417.191746,2052595.2611334762,103730.12000000001,0.0
8800.0,3739731.4991773698,185062.07,45642.0,3739731.4991773698,0.0,-5619841413.949891,33715934736.83599,3739731.4991773698,185062.07,0.0
8900.0,1060239.2239054027,41982.380000000005,36264.0,1060239.2239054027,0.0,-2562463793.9279084,9936274028.962334,1060239.2239054027,41982.380000000005,0.0
9000.0,3707082.2487950297,157435.18,54919.0,3707082.2487950297,0.0,-5979228897.63037,38590936608.2112,3707082.2487950297,157435.18,0.0
9100.0,277685.78192481364,11347.41,4978.0,277685.78192481364,0.0,-454640891.92661613,3051168267.117367,277685.78192481364,11347.41,0.0
9200.0,1669465.2513930935,68567.6,35583.0,1669465.2513930935,0.0,-2814056906.586411,19131912280.482147,1669465.2513930935,68567.6,0.0
9300.0,55580.16368422333,2801.98,872.0,55580.16368422333,0.0,-77415710.49337026,657187501.8548254,55580.16368422333,2801.98,0.0
9400.0,336378.9474380102,13874.59,9571.0,336378.9474380102,0.0,-598287397.2531227,4155325059.2066755,336378.9474380102,13874.59,0.0
9600.0,152293.53878988163,6003.84,6137.0,152293.53878988163,0.0,-294087247.43914986,2007988858.575441,152293.53878988163,6003.84,0.0
9800.0,91177.72021286929,3901.8100000000004,4044.0,91177.72021286929,0.0,-209470325.60138267,1279345191.3499527,91177.72021286929,3901.8100000000004,0.0
10000.0,505259.30663809576,18766.86,41518.0,505259.30663809576,0.0,-1186572453.0829442,7206073974.90971,505259.30663809576,18766.86,0.0
10200.0,36964.15639431178,1506.0,2851.0,36964.15639431178,0.0,-79867106.00690594,560201632.45699,36964.15639431178,1506.0,0.0
10400.0,15454.843913835874,644.27,1459.0,15454.843913835874,0.0,-34558677.811616406,243028153.6697002,15454.843913835874,644.27,0.0
10600.0,15230.426585106292,639.14,1805.0,15230.426585106292,0.0,-36162950.34283333,245633110.0450542,15230.426585106292,639.14,0.0
10800.0,7868.0650675727375,328.39,1238.0,7868.0650675727375,0.0,-20684587.686341442,127811261.9094893,7868.0650675727375,328.39,0.0
11000.0,19551.592531689523,849.66,3165.0,19551.592531689523,0.0,-49820142.283058,330710363.7782124,19551.592531689523,849.66,0.0
11200.0,2598.2286168462897,111.67,517.0,2598.2286168462897,0.0,-7219180.732546426,44021647.46470279,2598.2286168462897,111.67,0.0
11400.0,8449.907893329408,373.35999999999996,2110.0,8449.907893329408,0.0,-25814895.38010928,142442321.30371806,8449.907893329408,373.35999999999996,0.0
11600.0,133.54275229939282,6.23,28.0,133.54275229939282,0.0,-352929.51632793696,2420352.980299244,133.54275229939282,6.23,0.0
11800.0,327.9170612259719,15.82,71.0,327.9170612259719,0.0,-851701.311921851,6120306.046294489,327.9170612259719,15.82,0.0
12000.0,38913.36085712155,1704.5100000000002,16866.0,38913.36085712155,0.0,-150913849.9178879,646559273.6126544,38913.36085712155,1704.5100000000002,0.0
