strike,net_gex,net_dex,total_oi,call_gex,put_gex,charm_exp,vanna_exp,gross_gex,call_dex,put_dex
-1.0,167348553.09600127,186977098.62,13834452.0,7785.76,19876.0,,,,,
1200.0,-1963.3594889811093,-338.04,8451.0,0.0,-1963.3594889811093,20575854.568321034,-32662395.807226032,1963.3594889811093,0.0,-338.04
1400.0,-2644.4144237645423,-437.12999999999994,7346.0,0.0,-2644.4144237645423,26392834.389804248,-41820927.870251745,2644.4144237645423,0.0,-437.12999999999994
1600.0,-6520.459439678998,-1116.98,13048.0,0.0,-6520.459439678998,61463412.262907356,-100174436.81213331,6520.459439678998,0.0,-1116.98
1800.0,-6904.556070160455,-1105.09,11453.0,0.0,-6904.556070160455,68111817.44861676,-100233197.05534688,6904.556070160455,0.0,-1105.09
2000.0,-15920.291901132956,-2342.51,20709.0,0.0,-15920.291901132956,156465082.07944694,-221004674.1176743,15920.291901132956,0.0,-2342.51
2200.0,-24763.266765535005,291693.56,29362.0,63.783711348024596,-24827.05047688303,398135011.7342592,-330356870.4237977,24890.834188231052,295200.0,-3506.4399999999996
2300.0,-547.7456084174262,-45.07000000000001,4507.0,0.0,-547.7456084174262,25723659.5180138,-4431411.616014309,547.7456084174262,0.0,-45.07000000000001
2400.0,-30239.79472861828,-4042.2200000000003,29034.0,0.0,-30239.79472861828,336876189.4329186,-388218020.129031,30239.79472861828,0.0,-4042.2200000000003
2500.0,-2888.1251852086098,-236.72000000000003,23672.0,0.0,-2888.1251852086098,327126062.1105746,-18442073.00760948,2888.1251852086098,0.0,-236.72000000000003
2600.0,-11175.44434346645,6328.29,9900.0,0.24317820301736504,-11175.687521669466,128685220.53337787,-143400819.28247553,11175.930699872484,7900.0,-1571.71
2700.0,-17876.03118635669,-2097.64,14804.0,0.010163041941357176,-17876.04134939863,197519643.47337046,-218831381.05864957,17876.051512440572,200.0,-2297.64
2800.0,-54572.81264765823,-6509.98,33674.0,0.054950859141441696,-54572.867598517376,501380284.63590133,-668460616.8739492,54572.92254937652,600.0,-7109.98
2900.0,-24389.766301134034,28.92999999999985,18003.0,0.28537848521082754,-24390.051679619246,268008780.5730048,-284242773.43952465,24390.33705810446,3000.0,-2971.07
3000.0,-86547.18191798283,2660.7200000000003,58360.0,2.8164499762225543,-86549.99836795905,935882707.0360337,-1010274941.5581598,86552.81481793527,13300.0,-10639.279999999999
3100.0,-10380.04547676142,-1243.31,6399.0,0.0,-10380.04547676142,127085593.2156237,-119671749.61262868,10380.04547676142,0.0,-1243.31
3200.0,-46696.10358076675,-2966.65,24287.0,0.47894067059596673,-46696.58252143735,503651669.4946177,-538527047.720571,46697.061462107944,2700.0,-5666.650000000001
3300.0,-90463.1882548558,-10564.53,36755.0,0.0,-90463.1882548558,892655226.7291183,-1020061561.486844,90463.1882548558,0.0,-10564.53
3400.0,-62373.53279569376,-7671.079999999999,25181.0,0.024631967672245753,-62373.557427661435,619783101.2292159,-716894637.3786641,62373.58205962911,100.0,-7771.079999999999
3450.0,-440.19969848126874,-33.7,1685.0,0.0,-440.19969848126874,14009723.43736434,-3570861.112695183,440.19969848126874,0.0,-33.7
3500.0,-242695.2695303001,-27434.82,74146.0,0.0,-242695.2695303001,2003874037.9924748,-2667325947.7045226,242695.2695303001,0.0,-27434.82
3550.0,-227.74002292038435,-13.16,658.0,0.0,-227.74002292038435,6991020.104319256,-1808092.7787480652,227.74002292038435,0.0,-13.16
3600.0,-56728.71403843376,-5936.4,23606.0,0.06598342521607002,-56728.78002185898,611770156.0584426,-600329624.2307668,56728.8460052842,200.0,-6136.4
3650.0,-300.4555427261404,-20.639999999999997,688.0,0.0,-300.4555427261404,8896123.262395687,-2344054.239831961,300.4555427261404,0.0,-20.639999999999997
3700.0,-89191.38062198678,-10075.94,25199.0,0.0,-89191.38062198678,736529651.6400123,-961731540.3043009,89191.38062198678,0.0,-10075.94
3750.0,-870.2549175314894,-47.629999999999995,2663.0,0.0,-870.2549175314894,68739405.22223061,-5240477.120120661,870.2549175314894,0.0,-47.629999999999995
3800.0,-183933.57327604212,-21767.869999999995,44072.0,0.043124352837607405,-183933.61640039497,1301598639.655874,-2014807932.4534585,183933.6595247478,100.0,-21867.869999999995
3850.0,-22661.512458595418,-2514.68,9030.0,0.0,-22661.512458595418,304413254.1166696,-235947366.72962087,22661.512458595418,0.0,-2514.68
3900.0,-50522.45293620682,-5248.4800000000005,28363.0,0.0,-50522.45293620682,628138740.2358344,-508233235.1311617,50522.45293620682,0.0,-5248.4800000000005
3950.0,-16909.932849468925,-1865.3300000000002,5717.0,0.0,-16909.932849468925,198386251.7478629,-174950185.4414546,16909.932849468925,0.0,-1865.3300000000002
3975.0,-190.62598775015428,-10.96,274.0,0.0,-190.62598775015428,5016534.039101877,-1445142.845234678,190.62598775015428,0.0,-10.96
4000.0,-629703.6194211347,-53137.81,120446.0,6.6099655982549725,-629710.2293867329,4627921499.652427,-6367746536.939334,629716.8393523311,11800.0,-64937.81
4025.0,-444.20808960991326,-24.680000000000003,617.0,0.0,-444.20808960991326,11478066.30687376,-3366201.4565960793,444.20808960991326,0.0,-24.680000000000003
4050.0,-31481.769993283593,-3316.42,6927.0,0.0,-31481.769993283593,267248652.4383686,-318921919.0550061,31481.769993283593,0.0,-3316.42
4075.0,-335.5352047786286,-20.450000000000003,409.0,0.0,-335.5352047786286,8506129.259601021,-2514047.8861017497,335.5352047786286,0.0,-20.450000000000003
4100.0,-93881.93996496875,-9920.369999999999,21005.0,0.16048304931902446,-93882.10044801807,746158176.4397078,-956682240.9548825,93882.26093106739,200.0,-10120.369999999999
4125.0,-10471.706839762332,-1039.5600000000002,1770.0,0.0,-10471.706839762332,74055591.41738471,-103163657.02238597,10471.706839762332,0.0,-1039.5600000000002
4150.0,-42105.14874809657,-4722.94,8273.0,0.0,-42105.14874809657,337403620.166197,-434772619.9887171,42105.14874809657,0.0,-4722.94
4175.0,-3842.008368620136,-358.92,927.0,0.0,-3842.008368620136,32949555.862478886,-36731939.60712051,3842.008368620136,0.0,-358.92
4200.0,-118310.23361329672,-11487.62,25272.0,0.3023745160292626,-118310.53598781273,985128621.992135,-1161132886.22569,118310.83836232877,500.0,-11987.62
4225.0,-2851.0914510266903,-270.17999999999995,567.0,0.0,-2851.0914510266903,22550085.42612323,-27255916.564234443,2851.0914510266903,0.0,-270.17999999999995
4250.0,-35606.92396759148,-3872.85,8322.0,0.0,-35606.92396759148,336731168.0896691,-357306182.467372,35606.92396759148,0.0,-3872.85
4275.0,-7169.063373219437,-688.2,1134.0,0.0,-7169.063373219437,50604490.3649094,-68796240.7375912,7169.063373219437,0.0,-688.2
4300.0,-147217.6709181618,-15072.809999999998,24230.0,0.07937753231425755,-147217.75029569413,1045956525.5987818,-1449687544.0816672,147217.82967322646,100.0,-15172.809999999998
4325.0,-5461.557622237032,-513.76,1008.0,0.0,-5461.557622237032,42683157.93443749,-51316031.60125145,5461.557622237032,0.0,-513.76
4350.0,-45811.70970493099,-4770.54,7015.0,0.07284075167875083,-45811.78254568267,307536772.124519,-457454211.5861024,45811.85538643435,200.0,-4970.54
4375.0,-6447.997164466582,-575.7299999999999,2368.0,0.0,-6447.997164466582,99485285.25969724,-57501590.71330028,6447.997164466582,0.0,-575.7299999999999
4400.0,-196918.07543471572,-18558.8,33893.0,0.19882300211115853,-196918.27425771783,1549815692.8010938,-1859844305.5882323,196918.47308071994,300.0,-18858.8
4425.0,-8517.097170638743,-763.6600000000001,2924.0,0.0,-8517.097170638743,130747314.28387754,-75703222.47156155,8517.097170638743,0.0,-763.6600000000001
4450.0,-60090.66087264038,-6171.9400000000005,9940.0,0.0,-60090.66087264038,467020083.5857544,-577888551.1680084,60090.66087264038,0.0,-6171.9400000000005
4475.0,-5866.087181015642,-512.06,2456.0,0.0,-5866.087181015642,102742007.21060081,-50339724.41384336,5866.087181015642,0.0,-512.06
4500.0,-487668.34283945226,-40729.200000000004,60891.0,5.333310028855844,-487673.67614948115,3174607771.3569746,-4598971977.722288,487679.00945951004,6800.0,-47529.200000000004
4525.0,-10599.229126414346,-871.08,2197.0,0.017447990612673797,-10599.246574404959,107008158.26559778,-95799561.54192005,10599.264022395571,100.0,-971.08
4550.0,-53392.51450143111,-3054.0800000000004,5958.0,1.41271252701327,-53393.92721395812,307604631.93751115,-520894975.5853541,53395.33992648514,2700.0,-5754.080000000001
4575.0,-8826.195687024168,-778.5900000000001,2077.0,0.0,-8826.195687024168,100851022.12159956,-77500843.83995563,8826.195687024168,0.0,-778.5900000000001
4600.0,-235726.21172531415,-17654.95,30469.0,3.474757463787648,-235729.68648277794,1632652715.7767324,-2169672778.338517,235733.16124024172,4700.0,-22354.95
4625.0,-25254.45248674612,573.8300000000002,3669.0,1.6450698151678882,-25256.097556561286,196806746.07672796,-231949464.93652654,25257.742626376457,3000.0,-2426.17
4650.0,-72132.60361168014,-4372.39,12559.0,1.235376676591874,-72133.83898835674,666610342.5393968,-636592868.9582231,72135.07436503333,2000.0,-6372.39
4675.0,-26348.329945198035,-530.94,3648.0,1.8896591210376639,-26350.219604319074,202563244.33180422,-240309639.4221247,26352.109263440114,2000.0,-2530.94
4700.0,-408239.0350911144,-37362.56,38718.0,0.46801723054702005,-408239.503108345,2417314539.3285227,-3715182034.8346586,408239.9711255755,1100.0,-38462.56
4725.0,-20929.93029155231,-1885.04,3325.0,0.012384505221808322,-20929.942676057533,183188132.8330096,-187913830.80123794,20929.955060562756,100.0,-1985.04
4750.0,-87708.8187345916,-7117.37,16441.0,0.2169437832279945,-87709.03567837481,884596696.6631824,-744558515.0260525,87709.25262215805,300.0,-7417.37
4775.0,-28541.14850351217,-1307.05,4644.0,0.5409802523562213,-28541.689483764527,262345107.40930694,-250120091.3486998,28542.230464016884,1300.0,-2607.0499999999997
4800.0,-299993.99127931026,15793.86,46046.0,32.54593813671404,-300026.53721744695,2176404802.3746014,-2651278533.0724707,300059.0831555837,43400.0,-27606.14
4825.0,-28407.812126749213,-2614.7100000000005,3047.0,0.09151372229604328,-28407.90364047151,189566183.81140804,-253974542.33908576,28407.995154193806,100.0,-2714.7100000000005
4850.0,-139763.6586643985,20048.89,13411.0,36.461080674031955,-139800.11974507253,858702997.7101699,-1241657505.4328642,139836.58082574658,33200.0,-13151.11
4875.0,-43588.84487237916,174.1899999999997,5574.0,5.584589986120492,-43594.429462365275,335831124.7160788,-386831759.05854225,43600.0140523514,4400.0,-4225.81
4900.0,-321185.34504898096,-14055.259999999998,26175.0,22.85072847467873,-321208.19577745564,1868890499.7099643,-2809630582.698723,321231.04650593037,15200.0,-29255.26
4925.0,-42381.91127598159,-2494.64,4450.0,0.9743521368571251,-42382.88562811845,301392196.6331184,-365051684.0587805,42383.85998025531,1300.0,-3794.64
4950.0,-63919.21886812581,10868.07,6519.0,6.416794222745979,-63925.635662348555,422193784.31049454,-558866739.2673068,63932.0524565713,16900.0,-6031.929999999999
4975.0,-64330.63574683431,-3757.7800000000007,5727.0,1.6812773701392023,-64332.31702420445,403840698.8919874,-554750309.524193,64333.99830157459,2100.0,-5857.780000000001
5000.0,-3089021.603855725,103289.85999999999,251868.0,381.3556906171659,-3089402.959546342,18334404464.339535,-26435561336.272198,3089784.315236959,381200.0,-277910.14
5025.0,-51694.577706930475,-4769.38,3986.0,0.09863485505126438,-51694.676341785525,296081400.46930635,-447812732.0504506,51694.774976640576,100.0,-4869.38
5050.0,-210331.39743445662,-10430.99,14258.0,11.599037030970692,-210342.9964714876,1101206055.3303552,-1815326094.0993376,210354.59550851857,9200.0,-19630.989999999998
5075.0,-89611.78393558877,-8057.5,7171.0,0.6256145101735172,-89612.40955009895,539473530.7166373,-767610156.8043417,89613.03516460913,400.0,-8457.5
5100.0,-677608.6130667266,-37445.44,42979.0,9.875652073517884,-677618.4887188,3501700252.049035,-5745151583.005376,677628.3643708737,24400.0,-61845.44
5125.0,-140602.47425719717,22184.95,11793.0,70.38363570020029,-140672.85789289736,968038307.1206919,-1136450891.4113066,140743.24152859757,33598.68,-11413.73
5150.0,-194842.93058381526,20605.61,17935.0,35.58547353017332,-194878.51605734543,1412350889.0678313,-1572752031.5933075,194914.1015308756,36800.0,-16194.39
5175.0,-75755.18193178895,-2546.62,8318.0,4.934392089080852,-75760.11632387803,659748836.182631,-593685057.1522309,75765.0507159671,3400.0,-5946.62
5200.0,-714388.7649139115,-30114.739999999998,61472.0,21.529439874311944,-714410.2943537859,4862945263.320717,-5741566807.176472,714431.8237936602,29599.989999999998,-59714.729999999996
5225.0,-198833.18040003636,-18640.43,9474.0,0.0940196458151053,-198833.27441968216,837949636.9495585,-1675568024.5636108,198833.36843932798,100.0,-18740.43
5250.0,-409266.5238955921,-34696.64,27781.0,2.296080069207528,-409268.8199756613,2352429351.3588037,-3343228743.6818724,409271.1160557305,1600.0,-36296.64
5275.0,-264941.51534637384,-26085.03,12739.0,18.9170983590579,-264960.4324447329,1062839570.577325,-2269915152.051425,264979.34954309196,999.28,-27084.309999999998
5300.0,-754101.7025038578,-57701.19,45369.0,10.500091013920095,-754112.2025948717,4257695528.909564,-6025642292.30586,754122.7026858856,6800.0,-64501.19
5325.0,-173400.40861803645,-15432.150000000001,8977.0,0.11517557417868751,-173400.52379361063,833153573.0920241,-1409827788.6927793,173400.63896918483,100.0,-15532.150000000001
5350.0,-205994.17757266274,-13272.58,12243.0,436.23026430372335,-206430.40783696645,1219414065.5216362,-1615773801.9353285,206866.6381012702,3567.44,-16840.02
5375.0,-98608.53742360564,-2612.770000000001,5336.0,41.83530097424332,-98650.37272457988,528489393.91579324,-782067438.0605102,98692.20802555412,5897.67,-8510.44
5400.0,-953892.0872734741,72951.19,56700.0,1684.2490332983043,-955576.3363067724,5083003601.132627,-7521032888.654185,957260.5853400707,154001.18,-81049.99
5425.0,-104048.85539479197,-8366.16,5479.0,32.99510736613491,-104081.85050215811,557701277.1995798,-815773596.9026903,104114.84560952424,598.26,-8964.42
5450.0,-315934.80468436,-17319.03,18075.0,14.316665406911165,-315949.1213497669,1967273752.3767376,-2383650387.597362,315963.4380151738,7300.0,-24619.03
5475.0,-357604.6072322591,-30160.2,12383.0,16.59472900116834,-357621.2019612603,1165269206.2094605,-2948102835.194477,357637.79669026146,6399.36,-36559.56
5500.0,-2410355.528332135,606990.5199999999,122403.0,4377.2016672272275,-2414732.7299993625,12394821265.54615,-18688691437.06733,2419109.93166659,814256.73,-207266.21000000002
5525.0,-123032.24532346838,-8423.36,7553.0,25.035672255082403,-123057.28099572347,848892786.4273407,-904446963.6196679,123082.31666797855,1198.3600000000001,-9621.72
5550.0,-231230.7383431023,-15717.27,12316.0,55.016944784070624,-231285.75528788636,1311156779.5361655,-1752185218.6100328,231340.77223267045,3997.25,-19714.52
5560.0,-531.739079874959,183.84,406.0,0.06489816299095028,-531.80397803795,35898147.6817214,-1878454.216155705,531.8688762009409,200.0,-16.160000000000004
5570.0,-300.19865468495163,-9.040000000000001,226.0,0.0,-300.19865468495163,20102737.413979042,-1059985.0931300612,300.19865468495163,0.0,-9.040000000000001
5575.0,-155424.27902642265,49.99000000000004,7164.0,86.7304150709568,-155511.0094414936,787842411.9775196,-1180764110.3207655,155597.73985656456,13594.78,-13544.79
5580.0,-414.73372936665936,-12.36,309.0,0.0,-414.73372936665936,27625788.377721682,-1463906.7071123975,414.73372936665936,0.0,-12.36
5590.0,-418.17284013063187,87.63,310.0,0.2896991144208243,-418.4625392450527,27792342.316018227,-1477959.6865487562,418.75223835947355,99.99,-12.36
5600.0,-1361224.236673549,-51418.05999999999,68825.0,791.8770776307532,-1362016.1137511798,7445856766.5544815,-10071153438.444122,1362807.9908288107,58745.61,-110163.67
5605.0,-699.2064514545671,-82.35,15.0,0.0,-699.2064514545671,1198378.0975829014,-5852361.037950811,699.2064514545671,0.0,-82.35
5610.0,-9731.930794431413,-376.88,1046.0,30.43637109798385,-9762.367165529397,130910271.95924795,-59648314.23551921,9792.80353662738,97.66,-474.54
5615.0,-94.09562428256133,-11.06,2.0,0.0,-94.09562428256133,160308.3716359058,-785377.5148710576,94.09562428256133,0.0,-11.06
5620.0,-1816.5259470631186,16.419999999999995,421.0,31.112389460431046,-1847.6383365235497,43927534.92598169,-10562646.103400705,1878.7507259839806,97.6,-81.17999999999999
5625.0,-207104.74539421857,-16585.409999999996,7649.0,24.053365961890485,-207128.79876018048,920481070.9888847,-1542266249.31595,207152.85212614236,498.51,-17083.92
5630.0,-2651.554609124455,-213.37,309.0,0.0,-2651.554609124455,32128262.021048862,-18395435.593327925,2651.554609124455,0.0,-213.37
5635.0,-431.3469882093925,-50.67,9.0,0.0,-431.3469882093925,726067.059650474,-3580030.18874713,431.3469882093925,0.0,-50.67
5640.0,-2793.4814898822365,-127.19,447.0,0.0,-2793.4814898822365,50665548.75115193,-16135256.207231184,2793.4814898822365,0.0,-127.19
5645.0,-725.5964709849688,-85.2,15.0,0.0,-725.5964709849688,1213974.9464394588,-6005130.986323733,725.5964709849688,0.0,-85.2
5650.0,-479522.243132212,-24713.52,17840.0,29.986036275418986,-479552.2291684874,2189417627.837192,-3544872107.6327205,479582.2152047628,14899.95,-39613.47
5655.0,-2148.198581004832,-252.55999999999997,44.0,0.0,-2148.198581004832,3572251.959630184,-17728161.845274847,2148.198581004832,0.0,-252.55999999999997
5660.0,-9121.628225904065,-400.73,983.0,0.0,-9121.628225904065,128574194.9890495,-53399579.95508017,9121.628225904065,0.0,-400.73
5665.0,-49.294492157333316,-5.79,1.0,0.0,-49.294492157333316,81465.71622852595,-405481.73770063353,49.294492157333316,0.0,-5.79
5670.0,-7401.2768977680535,-285.90999999999997,2671.0,0.0,-7401.2768977680535,264274080.25153324,-36161647.70021481,7401.2768977680535,0.0,-285.90999999999997
5675.0,-170709.14374461438,-1187.77,7104.0,18.88759594084658,-170728.03134055523,890761104.745505,-1233736867.50761,170746.91893649608,12300.0,-13487.77
5680.0,-6177.034633179561,-383.37,600.0,0.0,-6177.034633179561,74068729.14127164,-39425453.67500723,6177.034633179561,0.0,-383.37
5685.0,-702.9926070617976,-82.46,14.0,0.0,-702.9926070617976,1147557.5144764406,-5749352.124315609,702.9926070617976,0.0,-82.46
5690.0,-3399.608688909735,-147.42000000000002,636.0,0.0,-3399.608688909735,71248914.02007596,-18853014.414320257,3399.608688909735,0.0,-147.42000000000002
5695.0,-1723.1032918017409,-202.29999999999995,34.0,0.0,-1723.1032918017409,2795378.573425334,-14051366.018762657,1723.1032918017409,0.0,-202.29999999999995
5700.0,-1447957.2436781463,-70591.74,62034.0,549.0039370253062,-1448506.2476151716,7867492019.758831,-10347257918.596796,1449055.251552197,42968.340000000004,-113560.08
5705.0,-562.6432894708533,-65.99999999999999,11.0,0.0,-562.6432894708533,907101.5280745781,-4574816.474934613,562.6432894708533,0.0,-65.99999999999999
5710.0,-8363.57866539674,-540.28,943.0,0.0,-8363.57866539674,109042527.6502488,-53548872.244372234,8363.57866539674,0.0,-540.28
5715.0,-154.87032298177982,-18.15,3.0,0.0,-154.87032298177982,248125.88369175026,-1255556.2630203038,154.87032298177982,0.0,-18.15
5720.0,-17086.39726754194,-817.2900000000001,797.0,1.8608782065248461,-17088.258145748463,90870888.25308837,-124362412.64703542,17090.119023954987,599.95,-1417.2400000000002
5725.0,-168213.16258504926,-7986.110000000001,5966.0,14.351171973255648,-168227.5137570225,718448865.8937502,-1236713343.1104205,168241.86492899575,6399.97,-14386.080000000002
5730.0,-6291.976341561571,-297.63000000000005,634.0,0.033841986644457325,-6292.0101835482155,76834045.89058006,-39932259.6195955,6292.04402553486,100.0,-397.63000000000005
5735.0,-2734.378977557702,-320.32000000000005,52.0,0.0,-2734.378977557702,4326007.283310813,-22037570.107897725,2734.378977557702,0.0,-320.32000000000005
5740.0,-5153.271517999431,-238.54,919.0,0.2115184439294655,-5153.483036443361,94464990.5611357,-32038053.948415983,5153.69455488729,100.0,-338.53999999999996
5745.0,-159.32241461841124,-18.66,3.0,0.0,-159.32241461841124,250427.01370633752,-1279201.2595046628,159.32241461841124,0.0,-18.66
5750.0,-778877.4653123777,93551.98,29091.0,4306.597886967609,-783184.0631993453,3593440511.696031,-5674885908.066369,787490.6610863128,157599.21,-64047.229999999996
5755.0,-750.3803186815097,-87.78000000000002,14.0,0.0,-750.3803186815097,1171968.1031059062,-6006836.8686230425,750.3803186815097,0.0,-87.78000000000002
5760.0,-9045.559062249122,-461.0,1266.0,0.0,-9045.559062249122,149506189.7014493,-52838389.52991382,9045.559062249122,0.0,-461.0
5765.0,-162.22763129921907,-18.99,3.0,0.0,-162.22763129921907,251773.6205266966,-1295276.5071914017,162.22763129921907,0.0,-18.99
5770.0,-6882.85353706559,-371.7,538.0,22.771939786231624,-6905.625476851822,67340061.89837348,-45471128.992975816,6928.397416638054,98.76,-470.46
5775.0,-247957.52066845153,2166.2499999999995,8557.0,90.94779448118842,-248048.46846293274,1086108141.128324,-1786951592.950147,248139.41625741392,22996.890000000003,-20830.64
5780.0,-8815.674585531746,-424.40000000000003,654.0,23.854337804953758,-8839.5289233367,79497246.92398714,-59212482.790230125,8863.383261141653,198.7,-623.1
5785.0,-826.4750221068247,-96.75,15.0,0.0,-826.4750221068247,1266120.9971961945,-6556373.049245836,826.4750221068247,0.0,-96.75
5790.0,-8270.300444704239,-283.88,854.0,0.6411545206931633,-8270.94159922493,105903951.45467894,-51024492.705234624,8271.582753745624,199.98,-483.85999999999996
5795.0,-4504.181544964103,-526.5,81.0,0.0,-4504.181544964103,6855485.00703753,-35622699.33817987,4504.181544964103,0.0,-526.5
5800.0,-1798226.778535079,704313.9999999999,85750.0,4243.513755379015,-1802470.292290458,8998440925.74827,-12796428954.957651,1806713.806045837,851718.44,-147404.44
5805.0,-56.13869258752536,-6.5600000000000005,1.0,0.0,-56.13869258752536,84881.49782562701,-442450.6722873954,56.13869258752536,0.0,-6.5600000000000005
5810.0,-15622.137644657018,-1049.85,1128.0,0.2703605097079597,-15622.408005166724,133344015.73916206,-105170360.02933592,15622.678365676433,100.0,-1149.85
5815.0,-113.31327180721334,-13.239999999999998,2.0,0.0,-113.31327180721334,170208.2423546947,-890321.2309563229,113.31327180721334,0.0,-13.239999999999998
5820.0,-10788.14861051597,-805.36,676.0,0.0,-10788.14861051597,85808913.27886826,-72447756.31520605,10788.14861051597,0.0,-805.36
5825.0,-232190.7135786071,-13284.729999999998,8648.0,219.27693572969568,-232409.9905143368,1206487190.5803907,-1603255846.7368782,232629.26745006652,4289.2,-17573.93
5830.0,-19416.927883552034,-1099.95,992.0,0.8041284471210931,-19417.732011999153,126604107.88823059,-133098761.73718186,19418.536140446275,400.0,-1499.95
5835.0,-2078.0809646062694,-242.64000000000001,36.0,0.0,-2078.0809646062694,3080228.4083445766,-16220146.973909589,2078.0809646062694,0.0,-242.64000000000001
5840.0,-21383.65215260082,-1086.99,1573.0,0.0,-21383.65215260082,240028989.78894585,-126402747.39743455,21383.65215260082,0.0,-1086.99
5845.0,-233.02554340789385,-27.200000000000003,4.0,0.0,-233.02554340789385,343107.49365133734,-1813169.3847242577,233.02554340789385,0.0,-27.200000000000003
5850.0,-562397.1853320249,25011.249999999996,21928.0,6902.339481921458,-569299.5248139465,3126277987.5412965,-3942108139.9358454,576201.8642958679,67616.24,-42604.990000000005
5855.0,-58.81100808994929,-6.87,1.0,0.0,-58.81100808994929,86008.51525011534,-455982.27894438425,58.81100808994929,0.0,-6.87
5860.0,-17140.243277097183,-1166.44,1172.0,0.0,-17140.243277097183,159317075.1224666,-109605012.47541133,17140.243277097183,0.0,-1166.44
5865.0,-3027.887071256112,-353.43,51.0,0.0,-3027.887071256112,4398084.235038649,-23392441.546528332,3027.887071256112,0.0,-353.43
5870.0,-29417.876705563365,-1397.3600000000001,1988.0,0.0,-29417.876705563365,321416002.17553055,-171079429.19653305,29417.876705563365,0.0,-1397.3600000000001
5875.0,-220892.5670859538,4337.58,6956.0,2899.3082688068316,-223791.87535476065,1031916750.1905671,-1567693777.1554463,226691.18362356746,21873.93,-17536.350000000002
5880.0,-10609.117167712546,-619.09,793.0,0.31146278085072826,-10609.428630493396,106334877.49901864,-66950130.93194176,10609.740093274246,99.99,-719.08
5885.0,-22.948904309599147,-1.09,1.0,0.0,-22.948904309599147,186110.24109802977,-138293.24975121036,22.948904309599147,0.0,-1.09
5890.0,-13445.059672501593,-451.78999999999996,1167.0,0.4428455981173335,-13445.50251809971,165823001.83366603,-77923878.54724185,13445.945363697827,199.99,-651.78
5895.0,0.0,0.0,0.0,0.0,0.0,0.0,0.0,0.0,0.0,0.0
5900.0,-2551555.003159964,314013.91,132844.0,73289.19345132486,-2624844.196611289,19913906838.72289,-17386552253.52066,2698133.390062614,481473.81,-167459.9
5905.0,0.0,0.0,0.0,0.0,0.0,0.0,0.0,0.0,0.0,0.0
5910.0,-37559.478377746425,17205.41,1788.0,59.58861649006333,-37619.066994236484,223895034.1851704,-253706712.3797668,37678.65561072655,20100.0,-2894.5900000000006
5915.0,0.0,0.0,0.0,0.0,0.0,0.0,0.0,0.0,0.0,0.0
5920.0,-8557.45581107079,-448.02,942.0,7.612316155321003,-8565.06812722611,114876427.6400513,-51959106.46439253,8572.68044338143,99.76,-547.78
5925.0,-471576.09202583524,-18992.65,19775.0,1522.61285041423,-473098.7048762495,3493528516.2236743,-2950297816.7553806,474621.3177266637,9530.169999999998,-28522.82
5930.0,-10819.644221620918,-567.24,781.0,0.0,-10819.644221620918,119733996.75767778,-63162981.27863888,10819.644221620918,0.0,-567.24
5935.0,0.0,0.0,0.0,0.0,0.0,0.0,0.0,0.0,0.0,0.0
5940.0,-13554.409482168194,4469.639999999999,1050.0,14.684263382158502,-13569.093745550352,148585980.67696193,-80178802.34176607,13583.77800893251,5200.0,-730.36
5945.0,-25.475582949998678,-1.2,1.0,0.0,-25.475582949998678,199038.14268695193,-151053.88404508223,25.475582949998678,0.0,-1.2
5950.0,-1117823.051707373,9114.289999999992,43148.0,18202.57334862056,-1136025.6250559937,6843497328.064788,-7533414764.009581,1154228.198404614,89505.21999999999,-80390.93
5955.0,0.0,0.0,0.0,0.0,0.0,0.0,0.0,0.0,0.0,0.0
5960.0,-26315.972669795516,-2275.19,948.0,1.1036307229075053,-26317.076300518424,107601839.1855681,-186570733.07399014,26318.17993124133,400.0,-2675.19
5965.0,-105.94000416656198,-4.96,4.0,0.0,-105.94000416656198,817228.9166544484,-623995.2751136,105.94000416656198,0.0,-4.96
5970.0,-4219.72624502185,55.269999999999975,346.0,26.727362231245777,-4246.453607253096,48709148.16481435,-25276992.6286958,4273.180969484342,299.03,-243.76000000000002
5975.0,-583958.2825225428,-30689.31,15145.0,3878.0448623604816,-587836.3273849032,2395396374.9217467,-3985632459.933516,591714.3722472637,15993.28,-46682.590000000004
5980.0,-12692.44930667044,1445.18,1310.0,1.38710583979561,-12693.836412510236,171346348.61211482,-71889404.58196792,12695.22351835003,2099.9700000000003,-654.79
5985.0,0.0,0.0,0.0,0.0,0.0,0.0,0.0,0.0,0.0,0.0
5990.0,-105851.72687201813,-4406.49,4348.0,41.30433659069589,-105893.03120860884,855681380.9598197,-615724842.5677176,105934.33554519953,697.52,-5104.01
5995.0,0.0,0.0,0.0,0.0,0.0,0.0,0.0,0.0,0.0,0.0
6000.0,-13544528.861439707,20088952.07,890651.0,7817623.720557752,-21362152.58199746,126307091312.69221,-209785970418.79785,29179776.30255521,21704109.669999998,-1615157.6
6005.0,-917.4469801314453,14.219999999999999,17.0,41.88081994567814,-959.3278000771235,2374140.792168841,-7008158.408772866,1001.2086200228016,97.42,-83.2
6010.0,-47507.64593218126,11.780000000000435,2593.0,7.794855635440458,-47515.4407878167,489127495.802371,-263339337.8848653,47523.23564345214,2099.79,-2088.0099999999998
6015.0,-3432.143567219828,-244.47,81.0,0.0,-3432.143567219828,14749114.001357099,-22304690.69979098,3432.143567219828,0.0,-244.47
6020.0,-9589.31649451124,-244.72999999999993,1264.0,0.1825122621703805,-9589.49900677341,145460454.22321197,-56676990.15414033,9589.681519035581,400.0,-644.7299999999999
6025.0,-563104.465670898,127725.94,16565.0,57817.12649055226,-620921.5921614502,2657083251.870705,-4599955735.934469,678738.7186520025,175590.28,-47864.34
6030.0,-27288.672230802124,568.8700000000001,1794.0,4.029057581367075,-27292.70128838349,295218149.11757284,-153418757.32710972,27296.730345964857,1900.0,-1331.1299999999999
6035.0,-868.4067393808551,-75.18,14.0,0.0,-868.4067393808551,2001526.493438031,-5959998.911328998,868.4067393808551,0.0,-75.18
6040.0,-12041.059636323418,2031.3000000000002,1461.0,8.143494845882657,-12049.2031311693,198706898.3163737,-62515230.85535594,12057.346626015185,2499.79,-468.49
6045.0,-4335.01762770349,-351.61,79.0,0.0,-4335.01762770349,12794779.131336255,-29047027.45827973,4335.01762770349,0.0,-351.61
6050.0,-1866805.5068040204,19943.910000000018,107077.0,44250.15894693695,-1911055.6657509573,9113664911.853775,-12727097376.42534,1955305.8246978943,164149.46,-144205.55
6055.0,-7756.882855826968,-576.9399999999999,124.0,46.33644456329104,-7803.219300390259,17859738.35269327,-53592406.402785905,7849.555744953551,97.1,-674.04
6060.0,-14650.832819210586,-640.52,1071.0,0.6592737343244046,-14651.492092944909,159001397.52574837,-84347844.22478421,14652.151366679234,199.99,-840.51
6065.0,-642.0151037368763,-55.39999999999999,10.0,0.0,-642.0151037368763,1448908.4067734233,-4360611.911492748,642.0151037368763,0.0,-55.39999999999999
6070.0,-39644.544100947656,4597.74,1482.0,309.19818474867225,-39953.742285696324,194374434.61572522,-263527002.59085196,40262.940470445,7782.0,-3184.2599999999998
6075.0,-533943.9577364763,-30414.25,12739.0,2046.993435195506,-535990.9511716719,2250730431.4632277,-3435378423.597441,538037.9446068673,7985.4,-38399.65
6080.0,-20478.386125378256,-887.62,1498.0,0.9148598790873255,-20479.300985257345,226665236.09877315,-115681223.45180142,20480.21584513643,199.98,-1087.6
6085.0,-1050.6183829354877,-90.56,16.0,0.0,-1050.6183829354877,2337677.6117928014,-7088577.866469944,1050.6183829354877,0.0,-90.56
6090.0,-15166.109852678346,8587.68,997.0,18.382888278238717,-15184.492740956584,123736337.60941672,-94075982.27038346,15202.875629234824,9700.0,-1112.32
6095.0,-2454.1518347807914,-206.16000000000003,39.0,0.0,-2454.1518347807914,6057635.051592399,-16373547.030100357,2454.1518347807914,0.0,-206.16000000000003
6100.0,-3515632.7212906415,239097.9,175724.0,164514.22203246565,-3680146.9433231074,28837468278.387184,-23441751538.942226,3844661.165355573,483197.86,-244099.96
6105.0,-4971.971216677319,-428.46000000000004,74.0,0.0,-4971.971216677319,10904860.908070441,-33307561.14659923,4971.971216677319,0.0,-428.46000000000004
6110.0,-7742.523720855986,740.85,688.0,3.7015459089251443,-7746.225266764911,89982243.32537615,-44467145.821119756,7749.926812673836,1199.92,-459.07
6115.0,-4145.845054570671,-356.85,61.0,0.0,-4145.845054570671,9027218.737550998,-27673381.65755242,4145.845054570671,0.0,-356.85
6120.0,-7685.7379230318975,2218.09,828.0,2.2321635190717783,-7687.9700865509685,107108687.1645178,-41535890.509366,7690.2022500700405,2600.0,-381.90999999999997
6125.0,-467982.63409581955,-9557.830000000002,61520.0,6357.930019674753,-474340.5641154943,6130788780.209482,-2790094995.491941,480698.4941351691,20916.23,-30474.06
6130.0,-20430.550649567733,-579.29,872.0,84.31567216752909,-20514.86632173526,145238750.52649745,-121575925.67635326,20599.181993902792,596.49,-1175.78
6135.0,-10640.164678567113,-914.94,153.0,0.0,-10640.164678567113,22831457.281059373,-70507681.23898627,10640.164678567113,0.0,-914.94
6140.0,-78932.11454599575,-4117.02,2520.0,0.41427568698237494,-78932.52882168273,489201204.8057591,-462715611.75633293,78932.94309736972,99.99,-4217.01
6145.0,-1421.889713933365,-30.569999999999993,22.0,54.79277995676093,-1476.6824938901261,3280704.6805951428,-10187369.527432458,1531.4752738468871,96.48,-127.05
6150.0,-1086258.9927020983,38998.5,85269.0,35374.88798210169,-1121633.8806842002,5760675881.443987,-7233866643.019487,1157008.7686663019,124756.56999999999,-85758.07
6155.0,-2702.96975294039,-232.18,38.0,0.0,-2702.96975294039,5715054.678497315,-17787013.489837345,2702.96975294039,0.0,-232.18
6160.0,-32624.856804037903,7829.89,3798.0,77.07533584088483,-32701.932139878787,527044905.1798813,-169954895.99446765,32779.00747571967,9296.36,-1466.47
6165.0,-1223.6842535740293,-105.06,17.0,0.0,-1223.6842535740293,2567920.2943963585,-8019294.773457665,1223.6842535740293,0.0,-105.06
6170.0,-19122.92145615647,-554.04,872.0,2.3242623026199034,-19125.24571845909,142971771.4507744,-111607118.08040527,19127.56998076171,599.94,-1153.98
6175.0,-1144990.170063007,-34476.51999999998,20942.0,14740.076621182825,-1159730.24668419,3513872219.006643,-7525323149.609898,1174470.3233053726,61950.93,-96427.44999999998
6180.0,-49509.13697409211,-1409.54,1551.0,176.0560641238788,-49685.193038215984,304602939.4591689,-289762903.0751033,49861.24910233986,1288.62,-2698.16
6185.0,-5448.730491050987,-12.060000000000002,83.0,294.078657179498,-5742.809148230485,12572277.626305746,-39645598.85539987,6036.887805409983,480.90000000000003,-492.96000000000004
6190.0,-44653.5784072769,-2587.1299999999997,1540.0,0.5359217632177392,-44654.114329040116,269430621.4931242,-264744595.25650454,44654.65025080333,300.0,-2887.1299999999997
6195.0,-3052.0126112443463,192.95000000000005,50.0,299.44787796356576,-3351.460489207912,7582730.606743671,-24030102.885193877,3650.9083671714775,480.5,-287.54999999999995
6200.0,-4635092.045100278,942186.7099999998,181995.0,573478.9403972885,-5208570.985497567,31384313277.925117,-35641366127.123566,5782049.9258948555,1306888.31,-364701.6
6205.0,-10479.867553300375,-903.9600000000002,139.0,0.0,-10479.867553300375,21189832.00102525,-67757402.41439798,10479.867553300375,0.0,-903.9600000000002
6210.0,-43317.61506789771,-428.1500000000001,3914.0,8.134669598849003,-43325.74973749655,597884651.3612429,-224137750.969009,43333.88440709541,1499.86,-1928.01
6215.0,-2689.5237821303676,-240.63,35.0,0.0,-2689.5237821303676,5137753.8476897525,-17420065.027408343,2689.5237821303676,0.0,-240.63
6220.0,-65521.06276330333,-4527.07,2170.0,62.54128909869508,-65583.60405240202,350980146.57285935,-394726712.12884235,65646.14534150071,95.89999999999999,-4622.97
6225.0,-819102.5043902285,87803.23999999999,65628.0,67920.2214501995,-887022.725840428,8797454330.463947,-5665433066.102866,954942.9472906275,150419.69,-62616.450000000004
6230.0,-64762.92724875423,-3234.36,1905.0,0.7351651044946257,-64763.66241385873,412580736.2748326,-366257214.3721472,64764.397578963224,199.99,-3434.3500000000004
6235.0,-1877.0942596993984,-163.38,24.0,0.0,-1877.0942596993984,3659494.346063679,-12008914.609771246,1877.0942596993984,0.0,-163.38
6240.0,-33362.94305748859,4221.650000000001,1492.0,201.13808630178113,-33564.081143790376,260927804.28619862,-188988383.74956587,33765.21923009215,6087.14,-1865.4899999999998
6245.0,-3247.904520309142,-187.8,43.0,65.23226120317791,-3313.13678151232,6686272.995204317,-21551717.52594749,3378.369042715498,95.7,-283.5
6250.0,-3409003.0165164014,-67461.02,76181.0,62505.868548280865,-3471508.8850646825,18725904732.289898,-20274407043.442795,3534014.753612963,146727.17,-214188.19
6255.0,-404.1152625378043,-37.24,5.0,0.0,-404.1152625378043,716636.4466509002,-2587834.3553115088,404.1152625378043,0.0,-37.24
6260.0,-46932.05540107801,-1519.05,1650.0,2.808324231949281,-46934.86372530996,352814063.004613,-257102117.36675465,46937.67204954191,799.97,-2319.02
6265.0,-3879.664432165873,-334.78,48.0,0.0,-3879.664432165873,7461969.312774982,-24497842.166127056,3879.664432165873,0.0,-334.78
6270.0,-26231.379173242647,-330.01000000000005,1294.0,2.8681441153564307,-26234.247317358004,268478276.7376364,-135809707.08518305,26237.11546147336,799.98,-1129.99
6275.0,-2010669.2202154272,-33451.25000000001,46280.0,11160.481109960094,-2021829.7013253872,11554936776.75928,-11349423593.18624,2032990.1824353475,83368.95,-116820.2
6280.0,-67751.53799745993,-1605.98,3282.0,638.0180303411797,-68389.55602780111,622120520.4479446,-367763814.92614377,69027.57405814229,1555.6899999999998,-3161.67
6285.0,-2180.6704066875136,-205.53999999999996,26.0,0.0,-2180.6704066875136,3642915.1899025356,-13841608.26700247,2180.6704066875136,0.0,-205.53999999999996
6290.0,-60633.21617771923,-2307.6899999999996,3100.0,211.78150841264014,-60844.99768613187,559732113.2269315,-325859838.5580055,61056.77919454451,785.96,-3093.6499999999996
6295.0,-3353.8481082562885,-197.05000000000004,42.0,70.78276015854031,-3424.630868414829,6647353.82201792,-21862703.458672956,3495.4136285733694,95.28,-292.33000000000004
6300.0,-6896414.365538578,404616.67,173851.0,470813.32977523905,-7367227.695313817,41538832547.75184,-44326415677.32997,7838041.025089056,865910.97,-461294.3
6305.0,-2647.3351227711496,-179.64000000000001,42.0,0.0,-2647.3351227711496,9722991.4105793,-15476940.288153935,2647.3351227711496,0.0,-179.64000000000001
6310.0,-28878.858099366735,835.23,1154.0,168.5627236884979,-29047.420823055232,262722797.73365083,-151123005.99179,29215.98354674373,2095.07,-1259.8400000000001
6315.0,-2434.1947919447493,-55.279999999999994,43.0,0.31265398271235456,-2434.507445927462,10532518.030708263,-13889886.631451458,2434.820099910174,100.0,-155.28
6320.0,-29443.118374605307,-741.9000000000001,1167.0,1.9684798329943138,-29445.086854438297,267181057.71512932,-151574910.20914134,29447.055334271296,599.98,-1341.88
6325.0,-761823.7556305241,322442.6,19533.0,106796.10062276467,-868619.8562532889,3571039174.453901,-5846967522.745204,975415.9568760535,384376.75,-61934.15
6330.0,-99647.80995118771,-2658.7400000000002,2914.0,88.79587577573093,-99736.60582696344,799342077.123246,-508674078.24013233,99825.40170273917,1491.96,-4150.7
6335.0,-3723.283591776076,498.6399999999999,65.0,4.930741472047631,-3728.2143332481237,12726123.134893844,-22005825.07219268,3733.145074720171,799.92,-301.2800000000001
6340.0,-49362.94220899799,-464.68000000000006,1604.0,77.10203789583393,-49440.04424689383,380639922.316226,-259215023.7197741,49517.14628478966,1794.88,-2259.5600000000004
6345.0,-4012.070012476451,351.22,76.0,87.73824635591079,-4099.808258832362,18832742.006164372,-23489677.96567364,4187.546505188273,591.8,-240.57999999999998
6350.0,-3266255.1976405145,376546.57,86516.0,109516.49715647502,-3375771.6947969897,19343288570.120625,-19161960139.03108,3485288.1919534644,583525.16,-206978.59
6355.0,-12792.270503211585,-703.7,189.0,155.61183854210415,-12947.882341753688,44251349.35278375,-75709067.99129024,13103.494180295793,189.5,-893.2
6360.0,-58921.11571634222,-677.7300000000001,2544.0,175.90666551197904,-59097.0223818542,572029632.1149433,-298047057.27142805,59272.929047366175,1789.05,-2466.78
6365.0,-2821.600802970979,841.0000000000001,43.0,83.573930980329,-2905.174733951308,5454682.540549578,-18230621.601542715,2988.748664931637,1094.5600000000002,-253.56000000000003
6370.0,-43317.24306797088,2977.2599999999998,1660.0,964.6433048604114,-44281.886372831286,382984381.82405365,-232264492.89809993,45246.5296776917,4940.959999999999,-1963.6999999999998
6375.0,-1823621.8623579505,248780.2,43686.0,112861.6111756479,-1936483.4735335985,11417488614.15994,-11113701392.282495,2049345.0847092464,357873.5,-109093.3
6380.0,-57813.13330022087,-2196.15,1823.0,2.013611628737061,-57815.1469118496,422841156.2368578,-302747774.8062103,57817.16052347834,700.0,-2896.15
6385.0,-6505.915255759828,-176.3400000000001,75.0,83.8131455225456,-6589.728401282374,11601332.440768195,-40187791.89244555,6673.54154680492,394.42999999999995,-570.7700000000001
6390.0,-144878.46519292772,-11204.55,2276.0,1170.7848783592008,-146049.25007128692,394837682.2816527,-878221938.9333854,147220.0349496461,3027.13,-14231.68
6395.0,-7466.052235032467,-432.29,102.0,0.24673168311210458,-7466.298966715579,23904934.547912538,-42528142.06771749,7466.545698398691,100.0,-532.2900000000001
6400.0,-8740532.089729188,934846.5599999999,179936.0,675658.1077795788,-9416190.197508767,43063064603.42716,-56431987205.939026,10091848.305288345,1548448.92,-613602.36
6405.0,-33160.99042494176,-1373.38,398.0,567.827450705678,-33728.81787564744,51591739.603532836,-209435093.28611657,34296.645326353115,2246.84,-3620.2200000000003
6410.0,-76421.05832418877,1199.42,2171.0,249.98806824128272,-76671.04639243004,593553280.8610985,-384844774.23499286,76921.03446067133,4493.22,-3293.7999999999997
6415.0,-3297.9829797323823,2336.9900000000002,92.0,2136.078484954011,-5434.061464686393,14638934.075618394,-46801241.23125559,7570.139949640405,2854.45,-517.46
6420.0,-114860.91889190894,-4345.03,2460.0,115.1584403812464,-114976.07733229018,635677382.5204537,-608178963.9768208,115091.23577267143,1493.35,-5838.38
6425.0,-1051886.8662180866,225180.16,25256.0,183116.5878117682,-1235003.4540298546,5110520603.64885,-8152994728.09543,1418120.041841623,312779.83,-87599.67
6430.0,-95910.69477975018,-3351.95,1811.0,85.16101738048341,-95995.85579713066,482155974.22042996,-510814948.5160916,96081.01681451114,1697.58,-5049.53
6435.0,-8170.391790248433,-37.19999999999996,108.0,1.2151815396670382,-8171.6069717881,23225343.726044048,-46350691.41953839,8172.8221533277665,600.0,-637.1999999999999
6440.0,-77638.46419948693,3685.6400000000003,1793.0,310.46138375842355,-77948.92558324535,462225303.8002151,-406813093.6709358,78259.38696700378,7581.14,-3895.5
6445.0,-18343.816578794114,1334.92,296.0,9.896979917535175,-18353.71355871165,80166322.31167835,-98092381.27726306,18363.610538629186,2400.0,-1065.08
6450.0,-2898196.187644881,892248.8200000001,62934.0,244393.47037454697,-3142589.6580194286,10955014733.724741,-19313603848.408062,3386983.128393975,1136373.31,-244124.49
6455.0,-19504.34738181566,-264.9900000000001,322.0,3.6184716423590464,-19507.96585345802,103842015.8156766,-99818586.40768586,19511.58432510038,599.9399999999999,-864.9300000000001
6460.0,-80618.2681684185,15044.640000000001,2614.0,479.687859538245,-81097.95602795674,634072837.4083235,-406808993.708244,81577.64388749498,18570.81,-3526.17
6465.0,-1823.5900326462638,59.529999999999994,27.0,92.73466230393858,-1916.3246949502025,6733753.12979057,-11096697.828281865,2009.059357254141,193.64999999999998,-134.12
6470.0,-60160.835118753945,-137.41999999999996,1688.0,1026.6031137918615,-61187.43823254581,430735926.2847827,-314298881.1189779,62214.04134633767,2829.75,-2967.17
6475.0,-978679.4416031362,456532.13,25386.0,178418.82641489382,-1157098.26801803,4979230985.525689,-7519021757.823266,1335517.094432924,541185.48,-84653.35
6480.0,-57877.149917931965,12931.480000000001,1512.0,363.86486619171126,-58241.01478412368,403496917.6790145,-291478940.3267666,58604.87965031539,15482.66,-2551.1800000000003
6485.0,-22289.622936837368,-678.37,299.0,664.1088212581889,-22953.731758095557,79502110.50473145,-128316305.44685233,23617.840579353746,854.15,-1532.52
6490.0,-121109.74824783245,13279.519999999999,2923.0,599.0461954116295,-121708.79444324407,750625047.6276308,-622210067.7266713,122307.8406386557,19665.43,-6385.910000000001
6495.0,-31517.738069401625,-1549.3200000000002,439.0,192.29100932301003,-31710.029078724638,136147096.64724138,-166251643.14377376,31902.320088047647,186.68,-1736.0
6500.0,-8809217.32755022,2415892.41,209144.0,2281903.712466368,-11091121.040016588,45166898156.94704,-74854113003.52759,13373024.752482954,3209245.77,-793353.36
6505.0,-49572.914939936505,-1456.1800000000003,735.0,102.99173719745203,-49675.90667713396,248179087.71704245,-250977730.94269454,49778.898414331416,793.17,-2249.35
6510.0,-107433.67904130435,7075.189999999999,2460.0,242.84255276383143,-107676.5215940682,703594464.9939846,-533182553.6392615,107919.36414683203,11887.51,-4812.32
6515.0,-10379.698503954573,468.36,147.0,204.7800183329783,-10584.47852228755,41816517.8446341,-56535452.8217953,10789.258540620527,1082.97,-614.6099999999999
6520.0,-179923.32132864822,-6352.989999999999,2782.0,616.9584761287344,-180540.27980477698,844045116.441563,-925427010.8866663,181157.2382809057,2754.96,-9107.95
6525.0,-630169.5197575212,431024.63,18051.0,222033.78853021617,-852203.3082877374,3378291026.840855,-6043055097.146062,1074237.0968179535,497456.13,-66431.5
6530.0,-108283.66015816234,15845.359999999999,2301.0,2052.527559557655,-110336.18771772,595068188.4328518,-570982411.925573,112388.71527727765,21821.69,-5976.33
6535.0,-7858.0258099728435,-309.69000000000005,96.0,1.1523478740719926,-7859.178157846915,27015165.720258165,-41317002.19615408,7860.330505720987,199.98,-509.67
6540.0,-78673.55387006904,845.7699999999999,1548.0,342.7362673760349,-79016.29013744507,433296593.040585,-398938139.98369366,79359.02640482111,5078.1,-4232.33
6545.0,-11281.003819005713,4182.58,230.0,6202.004305876862,-17483.008124882577,43380275.8592522,-135282292.5494145,23685.012430759438,5667.389999999999,-1484.81
6550.0,-3108761.540562397,219551.27,53965.0,465541.0018495368,-3574302.5424119337,11859667173.13436,-22018978365.88916,4039843.5442614704,493908.9,-274357.63
6555.0,-9690.77803153996,2863.35,143.0,450.5731388865754,-10141.351170426535,29232851.121067595,-56778536.22392409,10591.924309313112,3570.3999999999996,-707.05
6560.0,-164715.34108247465,11973.62,2676.0,1507.1120418986518,-166222.4531243733,680180815.7305413,-868395600.9525434,167729.56516627196,23002.15,-11028.529999999999
6565.0,-26348.939909655615,-1745.74,279.0,0.30245399789512245,-26349.24236365351,73064383.29654695,-139049039.27980578,26349.544817651407,100.0,-1845.74
6570.0,-128342.05337261963,-1996.1000000000001,1994.0,1639.8851182855328,-129981.93849090516,566116198.4790522,-669793940.9777519,131621.8236091907,5387.12,-7383.22
6575.0,-1091775.1909537138,396643.7,25365.0,307774.4735367764,-1399549.6644904902,5415782914.8940115,-9251361982.247847,1707324.1380272664,503085.5,-106441.8
6580.0,-59556.64344202494,10985.51,1596.0,2760.0198721560887,-62316.66331418102,436943545.7170979,-316454452.07361275,65076.68318633712,14005.96,-3020.45
6585.0,5473.607286109375,22969.230000000003,527.0,28654.052625509383,-23180.44533940001,128339148.00211298,-293761654.4204398,51834.49796490939,24307.61,-1338.38
6590.0,-160541.629904163,17521.92,3003.0,26158.874038724392,-186700.50394288742,892194339.015353,-1087366531.1310341,212859.37798161182,26856.190000000002,-9334.269999999999
6595.0,-26608.36098918063,-536.72,311.0,560.5452292784103,-27168.906218459044,95555993.89332761,-140934512.90308052,27729.451447737454,1060.94,-1597.66
6600.0,-7775687.865995347,1898518.27,157764.0,2200118.1257191575,-9975805.991714504,38264792003.55085,-64682793200.38354,12175924.117433662,2586847.28,-688329.0099999999
6605.0,-8591.463615142198,3763.42,180.0,4399.154420384537,-12990.618035526735,39091432.1017704,-94644746.07527007,17389.772455911272,4780.89,-1017.47
6610.0,-152200.92086519746,21388.949999999997,3182.0,6507.591158894521,-158708.51202409196,903183138.7087417,-804847922.1593409,165216.1031829865,29161.239999999998,-7772.29
6615.0,-9502.589751336338,1952.5,138.0,1153.3302591925835,-10655.920010528922,33088127.333554484,-61588538.5601246,11809.250269721504,2716.08,-763.5799999999999
6620.0,-355934.89101078786,55468.91,5478.0,571.4563246524981,-356506.34733544034,1550651495.511266,-1752898628.4868796,357077.8036600928,75269.70999999999,-19800.8
6625.0,-1166706.7628349632,493561.82999999996,25748.0,413140.0243434899,-1579846.7871784533,5643727102.189583,-10559780884.164318,1992986.811521943,601166.59,-107604.76000000001
6630.0,-82127.15144920399,49016.91,2582.0,27091.153139556667,-109218.30458876066,757681961.1814681,-672708636.4826883,136309.45772831733,53933.7,-4916.79
6635.0,-41867.96213476251,-2467.1400000000003,357.0,127.37985328671459,-41995.34198804922,62763456.1775762,-222691004.3152395,42122.72184133594,1091.6000000000001,-3558.7400000000002
6640.0,-124037.42149006942,10819.52,2757.0,4997.023182474916,-129034.44467254433,852496995.9266095,-624907503.4266845,134031.46785501926,16254.550000000001,-5435.030000000001
6645.0,-21022.207734621275,21303.7,437.0,1106.8968259817557,-22129.10456060303,61576342.95743851,-119368296.23722881,23236.001386584787,22924.13,-1620.43
6650.0,-2333167.8772976794,1175212.55,64721.0,1367217.1518997778,-3700385.0291974572,16279310195.222898,-26529548100.33901,5067602.1810972355,1429187.53,-253974.98
6655.0,-15200.665892464916,1853.08,175.0,375.1842148002186,-15575.850107265134,40748001.34780927,-80908259.40444893,15951.034322065354,2974.32,-1121.24
6660.0,-129545.12575721757,14243.39,2295.0,589.8982206689776,-130135.02397788654,643737499.9651197,-624456870.3364797,130724.9221985555,21272.04,-7028.65
6665.0,-12078.388570346175,55.24000000000004,121.0,616.0074352909397,-12694.396005637114,26790416.03958556,-68393752.75950737,13310.403440928054,1056.49,-1001.25
6670.0,-78437.14405272083,115224.76999999999,6051.0,111392.22656086937,-189829.3706135902,2454888607.2994084,-1390722067.4007413,301221.59717445954,123604.85,-8380.08
6675.0,-1535800.6731181063,715354.41,38639.0,739939.4514153524,-2275740.1245334586,7680801156.135446,-15778219159.274748,3015679.575948811,891022.4400000001,-175668.03
6680.0,-230694.0074326092,11632.51,4134.0,15817.298051052574,-246511.3054836618,1416558279.5523443,-1219091673.478535,262328.6035347144,22479.07,-10846.560000000001
6685.0,-10675.669284733818,4002.7799999999997,209.0,5264.225407076859,-15939.894691810678,56072606.855938725,-108546220.43447578,21204.120098887535,4976.68,-973.9
6690.0,-140419.78648548858,1494.63,2389.0,2770.966624319627,-143190.75310980823,742295925.1793411,-680415214.5520815,145961.71973412784,8323.789999999999,-6829.16
6695.0,-151533.68847319228,-9068.12,1474.0,761.3319581325221,-152295.02043132478,422530100.2302228,-751078712.3869168,153056.3523894573,1124.4,-10192.52
6700.0,-7783762.11963673,2424004.15,168776.0,3758221.591016317,-11541983.710653048,40582986118.03214,-78108901704.33522,15300205.301669365,3255672.89,-831668.74
6705.0,-17122.43686512205,4602.41,364.0,1200.5659044358233,-18323.002769557872,82596702.74954706,-95326750.34004433,19523.568673993694,5916.33,-1313.92
6710.0,-123889.9013092088,25855.79,2472.0,24290.56066219094,-148180.46197139972,748301669.7294356,-822381666.2290555,172471.02263359068,32881.61,-7025.820000000001
6715.0,-14708.911349377646,20080.93,556.0,1847.7781560985932,-16556.68950547624,123033774.76109135,-89484302.41394146,18404.467661574832,20866.87,-785.9399999999998
6720.0,-165461.66417925898,2091.57,2037.0,5997.537407625919,-171459.20158688488,695659749.4351172,-832158985.6489432,177456.73899451082,10579.869999999999,-8488.3
6725.0,-3386676.5758521203,399659.19999999995,49388.0,686401.5383086368,-4073078.1141607575,11581395014.304583,-23851008191.797195,4759479.652469394,733278.67,-333619.47000000003
6730.0,-163694.59647572762,2702.0000000000005,2089.0,5901.737985257612,-169596.33446098526,745256943.7454475,-811012330.2769965,175498.07244624285,10833.27,-8131.27
6735.0,-24799.93579289678,4086.61,689.0,6415.503550107338,-31215.439343004116,214353676.92527893,-175130213.51397368,37630.94289311146,5529.71,-1443.1000000000001
6740.0,-200418.95905808857,17270.760000000002,2877.0,3517.123216433123,-203936.0822745217,913243146.3748171,-952896814.2754551,207453.20549095483,27785.059999999998,-10514.3
6745.0,-236877.38481958135,-16105.900000000003,1909.0,997.5146467959114,-237874.89946637725,382893245.908124,-1177388833.6774542,238872.41411317317,3366.9,-19472.800000000003
6750.0,-4478980.725284552,1279767.1500000001,91092.0,2129775.7128606318,-6608756.438145184,26125154872.969246,-42645465268.4548,8738532.151005816,1694473.12,-414705.97000000003
6755.0,-23344.239036555802,997.72,467.0,726.6714832816228,-24070.910519837424,141896529.8840957,-112772149.09535089,24797.58200311905,2271.4900000000002,-1273.77
6760.0,-167388.371580471,10471.42,2567.0,15007.422124475688,-182395.79370494667,957403795.9428604,-891220623.3164182,197403.21582942238,18729.82,-8258.4
6765.0,-20384.190058903463,-57.20999999999958,439.0,837.4091146206276,-21221.59917352409,108069398.27246344,-104476821.74484389,22059.008288144716,1768.42,-1825.6299999999999
6770.0,-203725.2131228178,26757.699999999997,2994.0,7517.315725984257,-211242.52884880206,953573410.2887523,-992622754.7830234,218759.84457478632,37219.729999999996,-10462.03
6775.0,-1489674.2885646005,528112.12,30217.0,842498.8166917323,-2332173.1052563326,8024867253.300143,-15510293352.402908,3174671.921948065,691299.06,-163186.94
6780.0,-188833.39680611392,25339.77,2788.0,16165.58834317536,-204998.98514928928,940552143.4752799,-1011756529.7782322,221164.57349246464,35974.42999999999,-10634.66
6785.0,-38883.06625462444,1511.89,594.0,3422.8044757459184,-42305.87073037036,189644582.43681255,-210792590.18640533,45728.67520611628,4083.68,-2571.79
6790.0,-130166.36248837091,69815.98999999999,2695.0,28850.737754879916,-159017.10024325084,888962335.4089508,-876113604.0147372,187867.83799813074,77168.15999999999,-7352.17
6795.0,-33572.45313456795,3382.9599999999996,744.0,3863.846552807497,-37436.29968737545,252542831.05444518,-181570962.58895236,41300.14624018295,4868.219999999999,-1485.26
6800.0,-8531308.599202316,3585959.9999999995,193449.0,6379550.636841152,-14910859.236043468,53491727666.323265,-102505468664.1908,21290409.87288462,4641940.46,-1055980.46
6805.0,-20441.691275454985,9619.960000000001,584.0,8370.08283656493,-28811.774112019913,201344582.27765214,-170338422.28516233,37181.85694858484,10786.65,-1166.69
6810.0,-203891.28302097053,17109.77,3072.0,29514.14686732266,-233405.4298882932,1161142301.1963732,-1167793299.6425364,262919.5767556159,27831.05,-10721.28
6815.0,-66384.49532632162,2842.87,1115.0,8541.989695531998,-74926.48502185363,425172133.56302744,-365393801.01567256,83468.47471738562,5909.07,-3066.2
6820.0,-269943.3892689368,27980.77,4229.0,53191.24498510306,-323134.63425403985,1662503906.0161333,-1661115855.2001739,376325.87923914293,41909.42,-13928.65
6825.0,-417925.6871365652,1237436.5799999998,42038.0,2258398.1918829363,-2676323.8790195016,10295965086.837078,-24015498542.39587,4934722.070902438,1426844.5999999999,-189408.02000000002
6830.0,-344891.4542367895,13401.279999999999,4858.0,25403.905080534616,-370295.3593173241,1920010876.2290864,-1705771334.6412916,395699.26439785876,29457.84,-16056.56
6835.0,-8154.010054620938,5261.13,635.0,6685.285562910641,-14839.29561753158,204290898.80308846,-93123988.814708,21524.58118044222,5892.33,-631.2
6840.0,-427229.3599133715,782.1499999999985,4521.0,20355.63869858008,-447584.9986119516,1928054507.4584405,-2012806916.2741964,467940.6373105317,20413.91,-19631.760000000002
6845.0,-43868.28411480072,9874.26,1967.0,2145.137420660758,-46013.42153546148,575029479.1939218,-191949899.62283686,48158.55895612224,12074.19,-2199.9300000000003
6850.0,-3668994.3606535783,3113476.95,126539.0,6018316.908641361,-9687311.26929494,35056300153.91477,-73748633843.67563,15705628.1779363,3753099.67,-639622.72
6855.0,-31491.770801435923,3155.7700000000004,860.0,7148.333258164771,-38640.10405960069,311793432.16033244,-195163300.9723053,45788.43731776546,4983.77,-1828.0
6860.0,-278768.88349894696,-1008.0599999999997,3457.0,9918.453874905797,-288687.3373738528,1262797370.8982053,-1273068103.9318595,298605.79124875856,12364.79,-13372.85
6865.0,-39903.850594162635,3224.9700000000003,1000.0,5925.412496887817,-45829.26309105045,343970106.46763426,-220220027.6013021,51754.67558793827,5644.63,-2419.66
6870.0,-301548.6023953712,-1322.719999999999,3276.0,3602.1024634258383,-305150.7048587971,1387103147.5710452,-1290450794.2806647,308752.8073222229,12509.87,-13832.59
6875.0,-100938.40798023017,1565815.82,44850.0,2798116.4637709716,-2899054.871751202,10843609843.262278,-26850296868.091587,5697171.335522174,1773564.33,-207748.51
6880.0,-510238.7350896998,-12482.94,5529.0,9267.859302704117,-519506.59439240396,2213920700.2850175,-2211733501.752396,528774.4536951081,9972.21,-22455.15
6885.0,-30313.625614862663,486.0700000000001,615.0,3295.884390559319,-33609.51000542198,213301804.4804417,-155718263.02648732,36905.394395981304,2558.7200000000003,-2072.65
6890.0,-771504.9699208746,63688.020000000004,8733.0,72973.03240477137,-844478.002325646,4049870441.435706,-3779985306.100597,917451.0347304174,95848.21,-32160.190000000002
6895.0,-82099.704166259,-172.67000000000002,2072.0,3334.918349661775,-85434.62251592078,890828575.2682084,-341925711.1381543,88769.54086558256,2663.29,-2835.96
6900.0,-8467860.267477848,3824593.31,193903.0,7977852.852203487,-16445713.119681336,56407564932.046196,-109524841776.25237,24423565.971884824,4921603.09,-1097009.78
6905.0,-43475.686757462056,583.1299999999995,952.0,5601.332091098095,-49077.018848560154,347922991.8544353,-225796487.732336,54678.350939658245,3390.18,-2807.05
6910.0,-279622.6029506651,15657.81,3128.0,3879.318040885542,-283501.92099155067,1328627645.3152988,-1168514739.6330147,287381.2390324362,28696.76,-13038.95
6915.0,-31111.036288518873,5029.3,1271.0,11180.607870676957,-42291.64415919583,488483877.0762648,-212538890.46971577,53472.25202987278,6701.58,-1672.2800000000002
6920.0,-327116.5550004471,10326.34,3826.0,17056.543701066577,-344173.0987015136,1521398146.4849336,-1466318157.4266727,361229.6424025802,24246.21,-13919.869999999999
6925.0,-547995.8112438967,1070709.44,35653.0,2235496.8573686415,-2783492.6686125384,8960281734.080591,-22593776233.986443,5018989.52598118,1272677.01,-201967.57
6930.0,-411920.62067558983,12576.510000000002,4740.0,25734.99133174424,-437655.612007334,1739720419.4559343,-1890068965.2119918,463390.6033390783,36230.21,-23653.7
6935.0,-88128.99190053815,13313.500000000002,1743.0,44352.824959782716,-132481.81686032086,560627265.180562,-767506510.9997021,176834.64182010357,23694.36,-10380.86
6940.0,-214067.28333861657,7024.99,2528.0,12484.31044197034,-226551.5937805869,898812036.7133569,-972055777.3483902,239035.90422255726,17441.81,-10416.82
6945.0,-54294.24644193603,1593.9,1112.0,4991.540000698766,-59285.786442634795,495528732.4389704,-250535142.8626014,64277.326443333564,4096.34,-2502.44
6950.0,-4899070.48471278,2108179.73,100645.0,3519061.3450473277,-8418131.829760108,29589353926.800034,-50908534958.17706,11937193.174807437,2609800.12,-501620.39
6955.0,-42356.03003118076,2864.8100000000004,891.0,8128.78057809492,-50484.81060927568,394680956.8996935,-232180130.807689,58613.5911873706,5194.02,-2329.21
6960.0,-448266.6365409318,95027.45,5532.0,17037.395464046396,-465304.0320049782,1945063193.1900022,-1922110154.613635,482341.4274690246,116260.78,-21233.329999999998
6965.0,-47322.45716844791,2019.5900000000006,985.0,6807.693004149752,-54130.15017259766,428135238.6620009,-237886897.4200988,60937.84317674741,4532.389999999999,-2512.7999999999997
6970.0,-297613.43316325755,14389.989999999998,4671.0,44304.560886142805,-341917.9940494003,1860879690.6066093,-1525939187.6504881,386222.55493554316,28958.4,-14568.41
6975.0,-2458172.9473536005,634019.34,35629.0,1127391.8293079433,-3585564.7766615436,11434022096.068424,-19604373491.107418,4712956.605969487,853871.9199999999,-219852.58
6980.0,-533033.1870964898,-4991.020000000001,4917.0,14728.918718118557,-547762.1058146083,2318676855.42643,-2189184832.96833,562491.0245327268,18959.45,-23950.47
6985.0,-63623.69622696982,-1337.4200000000003,1340.0,2619.751659791306,-66243.44788676112,586971692.9050592,-257271186.91616464,68863.19954655242,2010.9599999999998,-3348.38
6990.0,-1533603.4063933054,-39520.219999999994,10942.0,7970.675378950595,-1541574.081772256,4881849827.497941,-6078236902.619136,1549544.7571512065,30330.829999999998,-69851.05
6995.0,-398081.3676586918,-10336.590000000002,2968.0,4012.5624452156567,-402093.9301039074,1768479334.5900424,-1533035364.6212378,406106.49254912307,3666.1800000000003,-14002.77
7000.0,-66155580.89601479,60018851.489999995,1719575.0,77524881.75250483,-143680462.6485196,528338634723.4524,-922419333260.0337,221205344.40102443,68464088.12,-8445236.629999999
7005.0,-110968.23439499158,25004.689999999995,1840.0,38497.45836884819,-149465.69276383976,899177276.3696676,-741753922.9217459,187963.15113268796,31168.809999999998,-6164.12
7010.0,-393076.7890982291,37948.04,4198.0,31452.18591033414,-424528.9750085632,1565663028.5404058,-1774614625.5149598,455981.16091889737,58352.350000000006,-20404.309999999998
7015.0,-144904.2944934266,5044.920000000001,1559.0,13667.484379413583,-158571.7788728402,868223683.9700413,-648032600.0045412,172239.26325225376,10551.91,-5506.99
7020.0,-494554.2949022554,-1796.470000000004,4001.0,24448.0785691149,-519002.3734713703,1843985389.0489595,-2094422552.7934427,543450.4520404852,21661.449999999997,-23457.920000000002
7025.0,-4173798.522176666,294242.51999999996,42512.0,832139.0916736391,-5005937.613850305,20537826559.65767,-22565026358.11163,5838076.705523944,549967.51,-255724.99
7030.0,-579685.4689748199,59871.07,6127.0,98799.54192847015,-678485.01090329,2757293441.5668654,-3001083729.9705153,777284.5528317601,90005.42,-30134.35
7035.0,-308541.09519113885,-3487.5699999999997,3970.0,7983.272839056521,-316524.3680301954,2147308449.8298295,-1160608379.0239449,324507.6408692519,6092.279999999999,-9579.85
7040.0,-613049.4991686841,614.5899999999992,4986.0,25119.759332015263,-638169.2585006994,2501869737.264998,-2478449871.600799,663289.0178327146,27374.83,-26760.24
7045.0,-218428.93316538472,-3095.64,1706.0,9491.08080075656,-227920.01396614127,874506951.9946314,-881441381.1660942,237411.09476689782,5766.18,-8861.82
7050.0,-6901717.4855750725,1019565.91,81624.0,2857237.6120124627,-9758955.097587535,33564619655.470226,-49104511807.288506,12616192.709599998,1574206.05,-554640.14
7055.0,-130892.96056127436,33901.420000000006,1504.0,34461.32008356224,-165354.2806448366,710989855.1831315,-778875217.5946889,199815.60072839886,40045.24,-6143.819999999999
7060.0,-463495.3933988893,5448.709999999999,3203.0,22694.95006264621,-486190.34346153546,1476323436.523497,-1898485532.6022346,508885.2935241817,26482.78,-21034.07
7065.0,-52984.7168811965,697.8399999999996,1694.0,6401.186573149933,-59385.90345434644,216081396.9604721,-244438607.65294126,65787.09002749636,3296.93,-2599.09
7070.0,-326984.546248952,22808.79,2736.0,53153.74977847168,-380138.2960274237,1370308874.1752427,-1627379798.7597275,433292.04580589535,39529.56,-16720.77
7075.0,-2176077.1952471305,353201.57,27123.0,1117656.5382415294,-3293733.73348866,9979789820.134115,-17001121911.145205,4411390.271730189,557776.88,-204575.31
7080.0,-625470.3262758924,1017.0199999999982,4147.0,46282.379237829016,-671752.7055137214,2191293544.979618,-2614453556.5303807,718035.0847515505,28608.579999999998,-27591.559999999998
7085.0,-147104.4167523002,3471.5000000000005,1151.0,22705.508149862562,-169809.92490216275,603764013.5195394,-699778182.1622874,192515.43305202533,9663.17,-6191.67
7090.0,-2115022.171140761,-60320.04,11097.0,17548.49393623237,-2132570.665076994,6023423005.454459,-7745136814.971978,2150119.159013226,27214.57,-87534.61
7095.0,-193141.5816324248,486.2500000000018,1421.0,23219.110509142687,-216360.69214156747,582913793.9069159,-873549790.0726233,239579.80265071016,10619.77,-10133.519999999999
7100.0,-12146241.275331296,1828188.9700000002,130521.0,5512883.577607053,-17659124.852938347,47348504420.91984,-87434810747.24852,23172008.4305454,2896284.5100000002,-1068095.54
7105.0,-4830087.232774092,-176565.74,22268.0,21671.022207513084,-4851758.254981604,13002058696.67001,-17326934150.800114,4873429.277189118,9574.03,-186139.76999999996
7110.0,-5540262.779990276,-241581.87999999998,24860.0,46050.761146306715,-5586313.541136582,11038677350.541647,-20383129846.32914,5632364.302282889,26297.309999999998,-267879.19
7115.0,-176099.51261445682,565.5999999999999,1373.0,13137.38835217814,-189236.90096663497,762828114.8198292,-709383521.1267251,202374.2893188131,7252.150000000001,-6686.55
7120.0,-743355.000330136,64865.51,6160.0,181502.86142934865,-924857.8617594846,3075897698.7999234,-4011797944.198868,1106360.7231888333,106345.79999999999,-41480.29
7125.0,-4177842.0606572307,539170.97,41894.0,2103537.472369228,-6281379.533026459,15750145911.114162,-30814016097.024086,8384917.005395687,927657.7999999999,-388486.82999999996
7130.0,-527339.9043595485,25333.98,4453.0,120884.23370050531,-648224.1380600537,2229486905.5268598,-2708364107.809998,769108.371760559,50504.43,-25170.45
7135.0,-202674.24105388433,4623.64,1296.0,26182.07520395728,-228856.31625784162,787585790.0148058,-885592128.8953421,255038.39146179892,12534.19,-7910.55
7140.0,-2583100.184578092,-64902.76,15932.0,38173.00739538261,-2621273.1919734743,11680960282.677246,-8846966800.334412,2659446.199368857,18976.53,-83879.29000000001
7145.0,-429518.8488708324,-2532.3499999999985,3147.0,18621.69991190934,-448140.54878274177,2417427435.832434,-1559953465.3078473,466762.2486946511,8677.41,-11209.76
7150.0,-10092102.396328283,1420851.25,104707.0,5023789.171046085,-15115891.56737437,47177881140.71622,-71530283650.97908,20139680.738420453,2249070.68,-828219.43
7155.0,-5139053.396311044,-192432.31999999998,21097.0,16660.661854139656,-5155714.058165183,12450437836.171001,-17564628975.07719,5172374.720019324,7227.74,-199660.06
7160.0,-5788488.304560463,-264173.17,24585.0,27472.56577907043,-5815960.870339533,10882900578.28262,-20104726389.15834,5843433.436118604,16160.73,-280333.89999999997
7165.0,-188811.78661937817,4951.589999999998,1566.0,31175.18301024985,-219986.96962962803,703776595.9466643,-852296167.2512416,251162.15263987787,13271.66,-8320.07
7170.0,-481917.3912805259,6127.960000000002,3640.0,70297.66400937279,-552215.0552898986,1831573698.1110985,-2109354017.5161142,622512.7192992715,30076.350000000002,-23948.39
7175.0,-4396248.335200842,409220.18,37307.0,1811969.7648800549,-6208218.100080896,15522579410.950111,-27782463918.38607,8020187.864960951,768077.97,-358857.79000000004
7180.0,-688370.0012929519,-6012.2400000000025,3966.0,56421.15417861311,-744791.155471565,2068067685.7714531,-2679632615.071307,801212.3096501782,25564.4,-31576.640000000003
7185.0,-197562.67642056162,9103.580000000002,1463.0,46118.55615655866,-243681.23257712027,910396799.089345,-964994318.3469102,289799.7887336789,17764.77,-8661.19
7190.0,-1221000.4689901276,-13036.369999999997,6586.0,88261.23488457949,-1309261.7038747072,3689056856.841468,-4614000058.58205,1397522.9387592867,40791.29,-53827.659999999996
7195.0,-212955.71646845774,3676.21,1849.0,29383.70598744899,-242339.42245590672,836910224.2616073,-887510596.0972719,271723.12844335573,12470.869999999999,-8794.66
7200.0,-18133442.84754604,3832662.26,209047.0,14444874.025256045,-32578316.872802086,94661439701.4252,-160025201303.39056,47023190.89805813,5561182.96,-1728520.7
7205.0,-268231.1243944864,5561.079999999999,1693.0,39063.795430968385,-307294.9198254548,1061271680.1224546,-1121341077.3047884,346358.7152564232,15821.189999999999,-10260.11
7210.0,-509668.21452173486,138907.65000000002,6692.0,364718.0702091571,-874386.284730892,4218244553.6502056,-4200503480.202084,1239104.3549400491,173654.52,-34746.869999999995
7215.0,-213247.41583559397,4295.1,1534.0,33703.79734192975,-246951.21317752372,830013851.3306444,-901632505.0923238,280655.01051945344,13312.94,-9017.84
7220.0,-671775.8454004002,-848.2300000000023,3620.0,62830.73703063599,-734606.5824310363,1805630034.102126,-2562547908.8398976,797437.3194616722,32552.920000000002,-33401.15
7225.0,-4075248.032903841,359079.36,34822.0,2026859.6829850366,-6102107.715888877,14215330318.29792,-26577600542.716576,8128967.398873915,708769.7999999999,-349690.44
7230.0,-511704.7348010703,32014.1,3936.0,134812.06320057742,-646516.7980016477,2615039595.2615824,-2493293310.624185,781328.8612022251,57098.04,-25083.940000000002
7235.0,-225721.8190078217,3650.000000000001,1341.0,31899.598093262954,-257621.41710108466,661025822.1501908,-917841386.2973168,289521.0151943476,15211.92,-11561.92
7240.0,-802455.6887394778,33519.280000000006,9754.0,188850.70061795926,-991306.3893574371,3423277820.334991,-3715996550.010434,1180157.0899753964,73737.67,-40218.39
7245.0,-210689.91827737243,12108.079999999998,1650.0,56638.40848995759,-267328.32676733,909409522.9910964,-1012297029.5545051,323966.7352572876,22803.17,-10695.09
7250.0,-6357844.741177648,802203.77,66684.0,4896623.519214183,-11254468.260391833,22723245459.526447,-51542109318.39213,16151091.779606016,1546133.2000000002,-743929.43
7255.0,-14317.922659128757,29475.12,1506.0,101448.73280183203,-115766.65546096077,797212270.496285,-678136293.5943282,217215.38826279278,33732.21,-4257.09
7260.0,-453155.3618034167,5636.240000000002,3789.0,88393.5777810914,-541548.9395845081,1992509484.504256,-1926235055.9733434,629942.5173655995,33590.3,-27954.059999999998
7265.0,-366582.27351179416,-6654.890000000001,2011.0,30014.912502964693,-396597.1860147589,899151925.8534126,-1297246115.9626975,426612.09851772356,11016.59,-17671.480000000003
7270.0,-314370.3747536174,32076.659999999996,3025.0,144133.54702538415,-458503.92177900154,1830420141.147981,-1814594967.0613062,602637.4688043857,53366.39,-21289.73
7275.0,-2459179.3622571668,164290.41,24300.0,1332121.0820698817,-3791300.444327048,7043473609.36187,-15734955049.313272,5123421.52639693,425006.99,-260716.58
7280.0,-379359.9855332172,64509.41,4693.0,330652.45490167313,-710012.4404348903,2266430358.7285028,-3162756836.831181,1040664.8953365635,99438.47,-34929.06
7285.0,-322791.8877384688,-778.4399999999999,1787.0,48228.96385179947,-371020.8515902683,922746817.0264792,-1249614694.0522358,419249.8154420678,16000.79,-16779.23
7290.0,-469195.6021117916,48375.04,5442.0,227575.23778320823,-696770.8398949999,3526539664.696021,-2717513680.465576,924346.077678208,76806.93000000001,-28431.89
7295.0,-193392.4498535193,8942.78,1441.0,63173.49607597394,-256565.94592949323,744821902.6413853,-944578594.7702752,319739.4420054672,19908.41,-10965.63
7300.0,-15066307.50014001,1520376.7500000002,135866.0,10092757.763763402,-25159065.26390341,68206797738.04627,-104758849668.80774,35251823.027666815,2898155.27,-1377778.52
7305.0,-387952.179113187,-1726.7699999999986,2635.0,54586.54206237323,-442538.7211755602,933314566.7634592,-1438815835.5705867,497125.26323793345,20196.93,-21923.7
7310.0,370523.0369025757,219491.65,5514.0,798282.0459940202,-427759.0090914445,2831087522.8295445,-3745593088.823376,1226041.0550854646,236767.38999999998,-17275.739999999998
7315.0,-75303.41427246873,23920.739999999998,1523.0,100633.35846804657,-175936.7727405153,703667079.5821712,-809928198.8313158,276570.1312085619,30909.670000000002,-6988.93
7320.0,-218688.68692806322,86179.54000000001,4277.0,374193.7145432917,-592882.401471355,2826349553.170099,-2798461175.6589694,967076.1160146468,109334.09,-23154.55
7325.0,-1468838.4706655527,755104.56,37189.0,3604123.5152476663,-5072961.985913219,11405010779.12936,-25103567677.779495,8677085.501160886,1061656.97,-306552.41
7330.0,-633261.7138901545,26073.8,5040.0,163324.4323088124,-796586.1461989669,3047989574.3255606,-2661036459.0906897,959910.5785077792,58884.77,-32810.97
7335.0,-605238.3991380446,-13112.589999999995,4084.0,93616.66239972295,-698855.0615377675,1556594631.397014,-2181002920.10644,792471.7239374905,28733.050000000003,-41845.64
7340.0,-1245956.4677005336,8833.049999999997,7001.0,147508.36716739138,-1393464.834867925,4762783801.192888,-4197186137.504668,1540973.2020353163,58930.76,-50097.71
7345.0,-504655.51679970615,8009.189999999999,2728.0,121474.84069278538,-626130.3574924915,1479311151.4516606,-2046872117.8232806,747605.1981852769,36713.84,-28704.65
7350.0,-10159789.524167601,1032121.4800000001,88907.0,6647870.863426141,-16807660.387593742,52764007129.6122,-64353990152.19488,23455531.251019884,1873076.4100000001,-840954.93
7355.0,-310054.04018720787,36492.909999999996,3201.0,226412.37584215056,-536466.4160293584,1373664661.7801251,-2068411858.4621933,762878.7918715089,64693.259999999995,-28200.35
7360.0,-413618.78627985925,117720.10000000002,5018.0,169337.34691012817,-582956.1331899874,2703267482.0137405,-2015933320.038917,752293.4801001155,138908.73,-21188.629999999997
7365.0,-225943.84777646165,5558.63,1954.0,37813.58123752557,-263757.4290139872,1215383584.4520426,-784428322.9518682,301571.0102515128,16219.32,-10660.689999999999
7370.0,-788217.8217160355,48491.22,5623.0,138826.51051706367,-927044.3322330992,3446974653.5688195,-2767672948.685887,1065870.8427501628,80552.05,-32060.829999999998
7375.0,-3440836.582303371,141395.47999999998,22964.0,1520706.9736863803,-4961543.555989752,11233498601.271229,-17045679059.11669,6482250.529676132,421834.58999999997,-280439.11
7380.0,-961139.0738407884,38731.130000000005,5121.0,137906.26094538387,-1099045.3347861725,3462363070.503752,-3174902902.0217204,1236951.5957315562,80648.28,-41917.149999999994
7385.0,-359778.2776992075,-2341.1299999999974,2796.0,36311.05532130571,-396089.3330205132,1086936672.2277198,-1086495341.25748,432400.3883418189,16759.93,-19101.059999999998
7390.0,-1594799.2795114012,-20151.040000000005,7498.0,70969.22633165015,-1665768.5058430515,5177520627.95093,-4331089141.355914,1736737.7321747015,49422.73,-69573.77
7395.0,-335941.2758363375,13160.560000000001,3306.0,38599.213985492526,-374540.48982183,1667590157.6534808,-1027344345.0249298,413139.70380732254,25324.72,-12164.16
7400.0,-21635027.177804925,2723754.5500000003,180281.0,17320810.460182358,-38955837.637987286,97223463704.55888,-142341465473.05295,56276648.09816965,4702527.569999999,-1978773.02
7405.0,-228565.85246871613,27974.059999999998,2023.0,70269.16767022431,-298835.0201389404,1110212940.6530838,-909462188.9831781,369104.18780916475,38704.85,-10730.79
7410.0,-695348.7715268908,70978.57,5214.0,234465.36187076705,-929814.1333976579,4562816192.614776,-2880405833.7214613,1164279.495268425,98421.83,-27443.260000000002
7415.0,-436497.2069282447,16280.150000000001,3398.0,63311.20120371962,-499808.4081319643,3169308302.5222735,-1312681532.3746846,563119.6093356839,32463.2,-16183.05
7420.0,-577258.8545258307,127470.61,6030.0,631033.3087363736,-1208292.1632622043,3999631189.9664235,-4507676074.555848,1839325.4719985777,173847.67,-46377.06
7425.0,-4140957.210427052,228419.04,33955.0,2236055.716184648,-6377012.9266117,19932186315.410263,-20583625960.078293,8613068.642796349,599669.25,-371250.20999999996
7430.0,-807352.1906961211,60550.63,4746.0,163083.2314420938,-970435.4221382148,3108309956.8227315,-2687984382.239761,1133518.6535803087,96028.11,-35477.48
7435.0,-322527.874396496,23429.71,3875.0,52331.567985331654,-374859.4423818277,1393962399.9435234,-999838073.6495457,427191.0103671593,39181.94,-15752.23
7440.0,-1326301.625703369,59195.52,6559.0,240816.76020639887,-1567118.385909768,5245673877.76457,-4203120722.8748274,1807935.1461161668,115945.79,-56750.270000000004
7445.0,-1346831.102700872,44895.26,7275.0,90160.52765554831,-1436991.6303564205,8171444966.58904,-3484951133.1133723,1527152.1580119687,74157.17,-29261.91
7450.0,-8044151.293813265,1723589.3,92279.0,11269985.332427388,-19314136.626240652,40062186732.63882,-70938700206.03648,30584121.95866804,2822509.65,-1098920.35
7455.0,-424735.8391044999,7807.830000000001,2642.0,41548.25156775674,-466284.0906722566,2368163035.8228984,-1117338783.4275322,507832.34224001336,23792.61,-15984.779999999999
7460.0,-1398371.0250373583,304406.07,15038.0,1228331.9898635137,-2626703.014900872,18036170525.46128,-8748512904.483862,3855035.0047643855,359275.21,-54869.14000000001
7465.0,-326916.2052400042,12284.820000000002,2540.0,53200.60766227393,-380116.8129022781,2175373228.948517,-943720680.1882664,433317.420564552,23178.3,-10893.48
7470.0,-764491.7918601312,90989.54000000001,7530.0,341181.7101592487,-1105673.50201938,5329834575.89923,-3202636938.1301537,1446855.2121786287,125671.75,-34682.21
7475.0,-3397237.376385195,482334.39,39902.0,4189181.5468589887,-7586418.923244184,19841223908.80224,-25797714527.314724,11775600.470103173,1005744.4500000001,-523410.06
7480.0,-897064.2532934546,89717.95000000001,6593.0,286655.45955858624,-1183719.7128520408,5775724788.52797,-3177085324.7465653,1470375.1724106271,119611.59,-29893.64
7485.0,-371880.0378293509,18516.21,2501.0,69676.91985652177,-441556.9576858727,2698136584.943094,-1083299989.4229772,511233.87754239445,29924.88,-11408.67
7490.0,-999386.79142281,117997.11,7243.0,593605.411796865,-1592992.2032196752,6388303451.3013735,-4688355520.549819,2186597.6150165405,173920.09,-55922.98
7495.0,-514424.52099008375,13381.41,3697.0,59055.046496091025,-573479.5674861748,5091037735.242973,-1270103244.0365906,632534.6139822658,27559.79,-14178.38
7500.0,-21143869.987836625,2862808.86,195984.0,24909727.75836482,-46053597.74620145,82805132683.00946,-146042334822.92694,70963325.50456627,5492606.13,-2629797.27
7505.0,-193906.94295449855,43687.37,4245.0,257343.1654704466,-451250.10842494515,2134907599.0387442,-1466893557.9286437,708593.2738953917,60622.26,-16934.89
7510.0,-1867109.7347395015,195727.71000000002,11468.0,1046342.8282605682,-2913452.5630000695,15242872823.570013,-8041341485.3410225,3959795.391260638,258356.99000000002,-62629.28
7515.0,-872194.3832670144,-1724.8799999999933,4751.0,105898.02946496462,-978092.4127319792,2377840238.5633883,-2103278780.0479596,1083990.4421969436,51483.97,-53208.85
7520.0,-4920457.991236114,-2859.7800000000107,13472.0,316383.59130326816,-5236841.582539381,14393005024.454708,-10681534411.485483,5553225.17384265,141464.97,-144324.75000000003
7525.0,-5338552.737831196,545649.2000000001,47314.0,4498052.358455796,-9836605.096286992,28784090354.395332,-28075235146.40176,14334657.454742787,954214.18,-408564.98
7530.0,-944851.4538561536,112772.81999999999,9579.0,564037.4881279512,-1508888.9419841047,8412599085.736098,-4018378288.1205783,2072926.430112056,143210.49,-30437.67
7535.0,-1577470.817142703,60084.729999999996,10906.0,92332.72634939683,-1669803.5434921,18531081990.752827,-3174363838.8329954,1762136.2698414966,79884.16,-19799.43
7540.0,-2041053.198528837,214634.71,9690.0,906882.2639983164,-2947935.4625271535,12328718366.341688,-7432284735.853587,3854817.7265254697,277248.61,-62613.9
7545.0,-1095948.9896304123,101476.31999999999,11475.0,897181.2162097329,-1993130.2058401452,19409648116.830353,-5314253223.73533,2890311.422049878,135633.8,-34157.48
7550.0,-7349279.809382763,1443539.4600000002,80883.0,11152178.772664329,-18501458.582047094,41999486923.93282,-53914064058.4719,29653637.35471142,2444768.44,-1001228.98
7555.0,-1711218.0099239263,51881.95000000001,5643.0,601015.0566357085,-2312233.0665596346,12916705583.13915,-4879148030.403116,2913248.123195343,91201.86,-39319.909999999996
7560.0,-1087351.1100281684,141263.53,6198.0,683609.0046749958,-1770960.1147031642,9836499755.205265,-4357121876.292932,2454569.11937816,177645.51,-36381.98
7565.0,-1146150.913773377,58345.55000000001,6548.0,508626.65490148903,-1654777.568674866,8175645430.457503,-3859371368.4326725,2163404.2235763553,82455.76000000001,-24110.210000000003
7570.0,-365488.1762546234,302457.24,9265.0,1847881.2901130056,-2213369.466367629,14105379396.340023,-7480857543.567329,4061250.756480634,342157.5,-39700.26
7575.0,-8645104.971597891,537565.2,39042.0,5350356.00441134,-13995460.976009231,36068809325.14729,-32615219889.804565,19345816.98042057,1046619.1,-509053.9
7580.0,-3323322.837233558,269730.9,11864.0,808029.1160774673,-4131351.953311025,13069316060.814894,-8260383962.642319,4939381.069388492,354972.43000000005,-85241.53
7585.0,-818517.9259497089,79851.34,3856.0,273842.12678464886,-1092360.0527343578,6457516255.828221,-2337921248.9029903,1366202.1795190065,92949.99,-13098.65
7590.0,-3852457.4605107987,158354.90000000002,13649.0,1038040.3370231553,-4890497.7975339545,23428791680.849693,-9544367735.081728,5928538.134557109,236542.42,-78187.52
7595.0,-963293.7350342451,64925.23,4269.0,242265.49208238538,-1205559.2271166304,6602704091.732902,-2344726095.6966567,1447824.7191990158,81020.16,-16094.93
7600.0,-7372800.337263673,3021667.17,148558.0,33191324.057268992,-40564124.394532666,101625063259.78667,-116506922802.13225,73755448.45180166,4994208.46,-1972541.29
7605.0,-1809850.0540622212,42231.06,5130.0,228789.71547555024,-2038639.7695377716,10757281013.896635,-3531874370.766792,2267429.485013322,63280.26,-21049.2
7610.0,-1019947.9958430395,192910.04,8581.0,1283178.577424714,-2303126.5732677532,10744005668.875765,-5458823746.775898,3586305.1506924676,232481.49,-39571.45
7615.0,-729577.1733791773,77116.59999999999,3883.0,149724.83955378292,-879302.0129329603,4111999434.5956745,-1544949288.2349534,1029026.8524867432,88026.7,-10910.1
7620.0,-1597757.9101328605,207255.29,11864.0,2010345.4818193486,-3608103.3919522096,17790559636.803684,-8354994581.30903,5618448.8737715585,259712.9,-52457.61
7625.0,6243260.589798047,1268733.22,47598.0,14521347.828723472,-8278087.238925425,40531986062.58807,-34824444035.82522,22799435.0676489,1620229.33,-351496.11
7630.0,-1498453.8604517728,125410.49,6693.0,1470115.404448857,-2968569.26490063,12000170039.840427,-6333468760.130715,4438684.669349487,171816.9,-46406.41
7635.0,-1925521.6036352753,45532.15,7354.0,571535.3692708374,-2497056.9729061127,12193073764.63131,-4233733344.770355,3068592.34217695,71984.07,-26451.92
7640.0,-3925421.50228205,113518.25000000001,9777.0,846603.4963865828,-4772024.9986686325,14147988449.50616,-7401173769.162346,5618628.495055215,199048.30000000002,-85530.05
7645.0,-4128037.048451991,61703.009999999995,7040.0,778878.9122225184,-4906915.9606745085,20956664914.586926,-7426450809.147562,5685794.872897027,109059.9,-47356.89
7650.0,730833.2553244518,1617808.8,68500.0,22685029.828871176,-21954196.573546723,71084422490.3665,-58850563017.88628,44639226.4024179,2391381.74,-773572.9400000001
7655.0,-783200.7706424944,60768.85,3565.0,544119.0628331306,-1327319.8334756251,5225629104.709684,-2294611057.156831,1871438.8963087557,77568.6,-16799.75
7660.0,-1804287.7078451745,156941.97,8211.0,2668060.653572255,-4472348.361417429,18363159001.70346,-8590694873.422346,7140409.014989683,220758.26,-63816.29
7665.0,-1679803.6948752538,6005.139999999999,5403.0,238102.61816078477,-1917906.3130360388,6976525730.7014885,-2575811998.7302947,2156008.9311968233,28702.14,-22697.0
7670.0,-2529857.6882833363,145159.98,7971.0,2080730.0615875898,-4610587.749870926,16392419834.841427,-7616997716.062494,6691317.811458516,209571.26,-64411.28
7675.0,-1214162.922239724,736325.4500000001,34771.0,10167806.262120461,-11381969.184360184,26729893977.905373,-23472501390.76916,21549775.446480647,1136803.6300000001,-400478.18
7680.0,-3513328.9118423834,81394.43999999999,7707.0,1544962.1917091755,-5058291.103551559,14673195056.334675,-6811839963.294861,6603253.295260735,163156.21,-81761.77
7685.0,-2363308.662768565,-897.4600000000003,6614.0,363816.23500456667,-2727124.8977731317,9311549443.071102,-3175566279.7014184,3090941.132777699,36866.2,-37763.66
7690.0,-2397938.4667409663,97374.95999999999,6982.0,1579170.9921831982,-3977109.4589241645,11174108337.232475,-5338081423.116442,5556280.451107363,164429.58,-67054.62
7695.0,-2392747.1594145354,54102.549999999996,5928.0,980005.7071755594,-3372752.8665900948,11131968199.310335,-4241188822.67596,4352758.573765654,88588.62,-34486.07000000001
7700.0,-13892897.917277971,1829228.92,128429.0,40757437.75412079,-54650335.67139876,101338425049.49426,-84986235707.07687,95407773.42551954,3953985.73,-2124756.81
7705.0,-1154430.1879158018,40105.98,3319.0,1094751.013872908,-2249181.20178871,7722291865.760293,-3040309349.4172454,3343932.215661618,68753.49,-28647.51
7710.0,-1887561.2618566414,171909.19999999998,8768.0,3198326.3212648993,-5085887.583121541,13648805332.75383,-6874946621.794596,8284213.90438644,258191.43,-86282.23
7715.0,-122094.88583119436,100228.10999999999,5144.0,2457599.4354582205,-2579694.321289415,8399423548.21915,-3981505549.1432333,5037293.756747636,129217.85999999999,-28989.75
7720.0,-5823200.9903915925,95429.96,8062.0,2727516.208141367,-8550717.19853296,21722312949.889984,-8434244676.555269,11278233.406674327,193940.03,-98510.06999999999
7725.0,1532573.128227501,1084756.12,40974.0,25912443.80199961,-24379870.67377211,73558041529.23103,-39889799390.40637,50292314.47577172,1569147.57,-484391.45
7730.0,518628.8544885073,398941.26,11977.0,7285978.101178162,-6767349.246689654,19817357479.61583,-10236718164.986542,14053327.347867815,494129.12,-95187.86
7735.0,-4837096.382197446,64270.030000000006,7596.0,2931062.6350335395,-7768159.017230985,14268055002.63987,-6318325157.535587,10699221.652264524,169832.55,-105562.52
7740.0,-1694672.928686673,180164.78,9974.0,6497756.02063167,-8192428.949318343,18379740184.564808,-8551827631.905953,14690184.969950013,304785.16,-124620.38
7745.0,-2186154.8457704135,242647.34000000003,8227.0,3393298.9164468357,-5579453.762217249,13956429855.09403,-4983405721.335232,8972752.678664085,290500.49000000005,-47853.15
7750.0,7402767.654542878,1589084.04,82218.0,51504309.28735718,-44101541.6328143,62829488221.40968,-44992396089.31614,95605850.92017148,2781271.6999999997,-1192187.66
7755.0,-1793930.6101040863,267527.17,7558.0,5389297.453339582,-7183228.063443668,13881337539.615683,-6456536511.6601715,12572525.51678325,350119.42,-82592.25
7760.0,-2668874.2080438123,237327.02,13561.0,13042798.558889506,-15711672.76693332,28053395120.554512,-11377117212.022165,28754471.325822826,424581.0,-187253.98
7765.0,2173802.5592934894,164507.88,5985.0,6836506.384839683,-4662703.825546193,9338435815.625662,-4074538524.4361033,11499210.210385876,211595.0,-47087.119999999995
7770.0,1531571.4324714453,186599.04,8618.0,10034602.60785575,-8503031.175384305,11856306381.766932,-4903080420.447561,18537633.783240054,292814.22,-106215.18
7775.0,11107775.20288839,399051.04,24801.0,35452130.21293771,-24344355.01004932,26803267061.896694,-12095665720.285067,59796485.222987026,776898.5,-377847.46
7780.0,3972005.9874202814,106383.8,5964.0,11830269.81403489,-7858263.826614609,4513407938.092838,-2001480228.432305,19688533.6406495,209143.72,-102759.92
7785.0,10597363.186576754,469622.66000000003,10064.0,13759549.226361858,-3162186.0397851034,-411626499.04170233,-1169376330.262487,16921735.26614696,509097.92,-39475.26
7790.0,11312595.152643612,95149.86000000002,9587.0,16878100.640405502,-5565505.487761893,-10624872748.211987,1155809636.7147942,22443606.1281674,317007.71,-221857.84999999998
7795.0,6458841.636264561,69268.59,7566.0,10477324.886762565,-4018483.2504980043,-5611703960.09554,1936798215.35607,14495808.137260567,208002.84,-138734.25
7800.0,61498743.62108991,1879941.53,110951.0,91412672.14606537,-29913928.524975445,-51586022422.1339,9419913137.645767,121326600.67104082,3675511.9099999997,-1795570.38
7805.0,6268881.816303369,-38406.85,5335.0,8682767.32027963,-2413885.503976261,-8415442810.120466,3581241097.0131173,11096652.824255891,82172.63,-120579.48
7810.0,8420741.130338589,33580.24,12224.0,11032061.466136659,-2611320.33579807,-13250523213.346684,5399133186.726099,13643381.801934727,134994.33000000002,-101414.09
7815.0,5894339.086241034,-3276.100000000001,4629.0,7772915.002341168,-1878575.916100134,-12015913074.606274,4603258243.388544,9651490.918441301,67035.15,-70311.25
7820.0,10353493.023606883,111596.12,8937.0,11982629.137661997,-1629136.114055114,-16560277679.878517,6970675949.55672,13611765.251717111,178360.99,-66764.87
7825.0,25671881.6466293,502480.78,27817.0,29109635.536216095,-3437753.889586792,-37456426585.80699,15956775697.711327,32547389.425802886,742884.03,-240403.25
7830.0,12643099.639884273,106989.09000000001,11164.0,14284383.037929928,-1641283.398045655,-23225996791.979897,10553716868.630184,15925666.435975583,166226.31,-59237.22
7835.0,3234778.1116767293,2163.4900000000002,4267.0,3812287.7764829104,-577509.6648061809,-9372706077.219273,3585188649.245002,4389797.4412890915,28501.51,-26338.02
7840.0,7976964.986314175,94560.67,7092.0,8452126.314004244,-475161.3276900696,-14344820859.085806,6814279474.877661,8927287.641694315,119689.5,-25128.83
7845.0,2862502.10706026,12748.460000000001,3840.0,3080497.6818595687,-217995.57479930823,-7803772132.270395,3100768681.533976,3298493.256658877,27180.760000000002,-14432.3
7850.0,40421980.17986198,700383.1300000001,50668.0,47553960.68943297,-7131980.509570993,-97618182496.80002,41385587840.665245,54685941.19900396,1214258.02,-513874.89
7855.0,4198306.260206194,26668.920000000002,4884.0,4313454.29426068,-115148.03405448659,-11586261365.522953,4772353869.454925,4428602.328315167,34644.58,-7975.66
7860.0,5005890.411070309,17958.52,7951.0,5528583.015713332,-522692.60464302363,-11895908604.564116,5676761523.742922,6051275.620356355,86198.14,-68239.62
7865.0,1588965.1999842955,-10614.959999999997,4681.0,2152841.724682767,-563876.5246984712,-7285231173.095669,3041964129.044258,2716718.249381238,16191.41,-26806.369999999995
7870.0,4928464.00573508,36540.18,7227.0,5367094.646172059,-438630.6404369792,-14423006947.86658,6435432211.465144,5805725.286609039,66235.34999999999,-29695.17
7875.0,22497473.57066859,364487.95,25348.0,23981849.80047876,-1484376.2298101727,-52821662906.86783,26450844601.839325,25466226.030288935,499590.21,-135102.25999999998
7880.0,11552058.97774674,137526.55,12327.0,11776955.646924531,-224896.66917779142,-26701456605.44399,14444504290.296446,12001852.316102322,154584.02000000002,-17057.47
7885.0,3708064.6952395737,21148.76,9368.0,3788056.5811972576,-79991.8859576836,-13503334950.142408,5518800303.385953,3868048.467154941,27741.71,-6592.950000000001
7890.0,12555217.417875327,385473.94,19249.0,12677489.484361762,-122272.06648643423,-19234896376.341137,12627504026.552782,12799761.550848197,397092.88999999996,-11618.95
7895.0,3538801.22947371,19104.62,5500.0,3591430.880430139,-52629.65095642931,-13899167383.879066,5525382649.8969345,3644060.5313865687,25974.43,-6869.81
7900.0,71555433.38820283,2157622.79,117719.0,80060182.61851683,-8504749.230314005,-114267803544.14407,86033993346.48384,88564931.84883085,3056965.51,-899342.72
7905.0,3026915.317962041,17792.969999999998,5782.0,3059513.834950223,-32598.51698818206,-13881333452.28343,5012323452.627059,3092112.351938405,19856.57,-2063.6
7910.0,4405893.441779175,59641.74,8451.0,4587780.755423566,-181887.31364439146,-15018083660.045048,7205418176.39534,4769668.069067958,75670.0,-16028.26
7915.0,941029.9757093044,11894.58,3637.0,948803.5411040741,-7773.565394769606,-4167634163.7835145,1469076012.9529364,956577.1064988438,12975.96,-1081.38
7920.0,2982462.8290423085,36950.84,5955.0,3177990.191038599,-195527.36199629024,-10617591550.075397,5279650230.461182,3373517.553034889,52649.82,-15698.980000000001
7925.0,10976877.239491917,285490.19999999995,24534.0,12457700.187118711,-1480822.9476267938,-27767918188.59966,18178386419.350277,13938523.134745503,442357.06999999995,-156866.87
7930.0,2499630.3166566445,23096.18,6553.0,2575973.6265194938,-76343.30986284894,-9723583481.462893,4615732007.479259,2652316.9363823426,30463.23,-7367.05
7935.0,346190.552621253,5073.16,3264.0,364426.8416906636,-18236.289069410584,-1237151389.608869,603663291.7635417,382663.1307600742,6829.65,-1756.4899999999998
7940.0,2352462.1826685597,44489.25,8199.0,2382271.129157674,-29808.946489114685,-7502719976.218454,4065215036.166231,2412080.075646789,47860.53,-3371.2799999999997
7945.0,658070.9800597735,7620.9400000000005,2964.0,704829.8646519847,-46758.884592211165,-1853369003.9287133,1249270997.3806324,751588.7492441959,12041.51,-4420.57
7950.0,29382667.08483701,886044.6799999999,49011.0,31415584.024121195,-2032916.939284188,-48748324537.03342,48938247272.12631,33448500.963405382,1128517.46,-242472.78
7955.0,309709.4323233573,2499.8,1330.0,343435.4514083171,-33726.01908495978,-1592273279.691524,656103668.2550087,377161.4704932769,5244.34,-2744.54
7960.0,1435518.922173827,13492.58,5481.0,1501194.9393001772,-65676.01712635018,-5946242031.054671,2900662369.369016,1566870.9564265274,20216.11,-6723.530000000001
7965.0,284466.9146940414,5991.48,996.0,299517.05382473377,-15050.139130692347,-926787982.1646094,518138832.3199274,314567.1929554261,7442.7300000000005,-1451.25
7970.0,1130130.6855366502,14685.65,4121.0,1168091.237656999,-37960.55212034883,-4836899279.523545,2298785880.899882,1206051.7897773478,18657.41,-3971.76
7975.0,8816075.480892235,215854.84,21721.0,9983358.654289775,-1167283.1733975387,-17301543537.094444,17788889364.955692,11150641.827687314,366253.08,-150398.24
7980.0,5704841.636627182,415568.2299999999,15104.0,5737453.140055137,-32611.50342795479,-7117905707.015873,7275760202.16669,5770064.643483091,419055.04,-3486.8100000000004
7985.0,334910.0545482881,14599.159999999998,2301.0,355328.1089867511,-20418.054438463,-407939511.83635926,591382629.0310041,375746.1634252141,16912.079999999998,-2312.92
7990.0,6057961.654783212,453283.51,12762.0,6157429.425961066,-99467.7711778549,-4896741918.44347,7752551217.840388,6256897.197138921,472172.12999999995,-18888.62
7995.0,162990.69763535354,5704.62,317.0,186495.94769864623,-23505.250063292653,-273834741.1284603,361706113.1934825,210001.19776193885,8219.32,-2514.7
8000.0,44791160.472559676,-735763.6100000018,475345.0,136164550.1819215,-91373389.70936184,-175702085844.7104,281351295079.735,227537939.89128333,11045587.41,-11781351.020000001
8005.0,1631885.6209212644,21042.86,2318.0,1667731.111027647,-35845.490106382626,-3780526133.385712,4007812186.8528748,1703576.6011340297,25068.67,-4025.81
8010.0,5918735.33759258,523573.55,13773.0,5975782.361789051,-57047.024196470404,-4119878326.1789794,7433375762.564171,6032829.385985521,530605.5,-7031.950000000001
8015.0,439837.63699756097,22119.47,721.0,454015.45490381354,-14177.817906252589,-408647020.4582454,767300113.3007704,468193.2728100661,23725.71,-1606.2400000000002
8020.0,5093452.804621666,455689.47000000003,12165.0,5116112.481065152,-22659.6764434864,-3386569104.0145783,6452206440.229489,5138772.157508639,468531.34,-12841.869999999999
8025.0,7035510.640853726,260792.44999999995,25024.0,8021104.654015894,-985594.0131621679,-20086771662.589985,17793386768.769867,9006698.667178063,403786.45,-142994.0
8030.0,5705833.625241792,523207.48999999993,13166.0,5733140.290617343,-27306.665375551846,-3354333055.8023663,7529969071.334129,5760446.955992895,526585.21,-3377.7200000000003
8035.0,361906.559308343,16532.62,588.0,372883.1055642448,-10976.546255901818,-360271708.86666894,702540045.3150442,383859.65182014665,17750.76,-1218.1399999999999
8040.0,19908027.372472644,1850630.41,46183.0,19927903.41759623,-19876.04512358592,-10980484931.16241,26799886330.183216,19947779.462719813,1853400.4000000001,-2769.9900000000002
8045.0,77496.26392422616,2666.9700000000003,204.0,93797.59649670565,-16301.332572479481,-140918338.83450472,218124926.9555621,110098.92906918513,4642.139999999999,-1975.1699999999998
8050.0,29343226.481579192,2005701.43,69476.0,30189577.187854238,-846350.7062750483,-35357073210.23752,54511365190.3259,31035927.894129287,2126651.42,-120949.99
8055.0,135396.32049358793,4359.4,311.0,157449.5229437027,-22053.202450114757,-198651319.04418,364511090.107823,179502.72539381747,7266.06,-2906.6600000000003
8060.0,6915711.494378697,623498.7499999999,15392.0,6928679.295371257,-12967.80099255949,-3671704292.197807,10395910529.52959,6941647.096363816,625623.2999999999,-2124.55
8065.0,68700.18263539893,1015.4300000000001,221.0,89780.15333379015,-21079.970698391215,-175409158.81813088,252986733.10915107,110860.12403218135,3590.0600000000004,-2574.63
8070.0,13665090.526790531,1213475.44,30175.0,13687715.181247272,-22624.654456740383,-7570459548.631399,21625962275.558903,13710339.835704012,1216662.19,-3186.7500000000005
8075.0,4321169.946701552,76778.58,15273.0,4785642.909088566,-464472.9623870138,-12981115532.778872,13549573555.735806,5250115.871475579,141675.06,-64896.48
8080.0,65859.32881414589,-8128.009999999998,886.0,132089.25174516565,-66229.92293101976,-449147329.9820044,499879578.7792595,198319.1746761854,4228.7,-12356.71
8085.0,88050.08520640133,2154.91,163.0,89953.83775030175,-1903.7525439004166,-152056647.4947882,242221853.90043643,91857.59029420216,2382.2799999999997,-227.36999999999998
8090.0,15521.981138723495,-7405.969999999999,561.0,75888.43919752078,-60366.45805879729,-330616809.04490834,328840773.4520931,136254.89725631807,4418.280000000001,-11824.25
8095.0,18418.86769285363,-212.58999999999992,76.0,24737.50635570976,-6318.638662856128,-68117539.49775778,86329922.98523259,31056.145018565887,556.31,-768.9
8100.0,17514662.53170331,1548420.3800000001,62281.0,19209242.122070894,-1694579.5903675861,-24759070126.440826,38235760279.71511,20903821.712438483,1801693.3599999999,-253272.97999999998
8105.0,13776.459431072744,274.93,41.0,13776.459431072744,0.0,-37895607.70585074,41916699.12894093,13776.459431072744,274.93,0.0
8110.0,259401.95018615384,17309.910000000003,754.0,270508.6557984393,-11106.705612285441,-263366513.2409221,594805351.7374613,281615.36141072476,19223.500000000004,-1913.5900000000001
8115.0,10980.661695264465,36.41000000000001,43.0,11415.587108562599,-434.9254132981336,-40177812.44759391,39351132.60777754,11850.512521860732,134.88,-98.47
8120.0,38450.23002587831,535.4499999999999,333.0,40270.408052436615,-1820.1780265583093,-111030331.86471881,120325526.28331146,42090.58607899492,1330.58,-795.1300000000001
8125.0,3514638.541686731,216980.49,11194.0,3814020.8497137255,-299382.3080269944,-4907314778.392823,9060638903.785446,4113403.1577407196,266391.17,-49410.68
8130.0,31714.899481507768,-65.36999999999989,188.0,36257.595844960524,-4542.696363452761,-101558041.05429302,118693695.20383665,40800.29220841329,1107.6299999999999,-1173.0
8135.0,12835.638920835489,189.07000000000002,53.0,12835.638920835489,0.0,-42978018.26360263,43454729.161548704,12835.638920835489,189.07000000000002,0.0
8140.0,50460.26485377695,2166.0200000000004,280.0,50460.26485377695,0.0,-123317166.55205663,140374947.6397191,50460.26485377695,2166.0200000000004,0.0
8145.0,6878.025788165322,108.11999999999999,30.0,6878.025788165322,0.0,-23056572.64405585,23482087.25405533,6878.025788165322,108.11999999999999,0.0
8150.0,9776860.355622891,1031835.0399999999,29845.0,10054519.978529476,-277659.62290658406,-7875121527.898427,20310193129.416958,10332179.60143606,1077631.7,-45796.66
8155.0,14506.846440058358,298.71999999999997,61.0,14506.846440058358,0.0,-43748473.94532128,48401730.339981325,14506.846440058358,298.71999999999997,0.0
8160.0,14004.500664844105,785.6999999999999,85.0,14596.364154300107,-591.8634894560008,-26446970.631670427,40717147.14391137,15188.227643756107,873.8399999999999,-88.14
8165.0,21704.133793052417,458.19,97.0,21704.133793052417,0.0,-65702127.27613365,73493353.89313708,21704.133793052417,458.19,0.0
8170.0,17562.561028217446,812.0699999999999,173.0,17562.561028217446,0.0,-19829739.31033404,49092881.39787573,17562.561028217446,812.0699999999999,0.0
8175.0,2005141.0103607844,119203.73,6304.0,2212264.2682828153,-207123.25792203116,-2390902574.6825137,6035380437.396959,2419387.526204847,155960.66999999998,-36756.94
8180.0,68990.0645845632,3521.6,294.0,68990.0645845632,0.0,-98535936.68945223,196787854.66939038,68990.0645845632,3521.5999999999995,0.0
8185.0,30807.717225671502,1305.87,57.0,30807.717225671502,0.0,-32798332.48356104,90293412.17423059,30807.717225671502,1305.87,0.0
8190.0,79157.96035909331,2789.57,423.0,79157.96035909331,0.0,-141540533.30440184,250007468.0657714,79157.96035909331,2789.57,0.0
8195.0,2658.3934434262783,110.94999999999999,5.0,2658.3934434262783,0.0,-2889996.631383783,8021909.447381064,2658.3934434262783,110.94999999999999,0.0
8200.0,14829625.014332175,1057929.71,50687.0,16591438.192998938,-1761813.1786667628,-16381967769.409592,46244239273.041084,18353251.3716657,1365087.79,-307158.07999999996
8205.0,3657.7593629900484,150.36,7.0,3657.7593629900484,0.0,-4058785.134257556,11347030.150313944,3657.7593629900484,150.36,0.0
8210.0,18001.264922445363,279.56,200.0,18001.264922445363,0.0,-70441973.6113348,67924592.2697011,18001.264922445363,279.56,0.0
8220.0,30460.390352568756,795.84,177.0,30460.390352568756,0.0,-83838183.83770733,108591757.13707732,30460.390352568756,795.84,0.0
8225.0,905789.6628193177,56487.020000000004,4003.0,1001485.3324308477,-95695.66961153003,-1296016257.944572,3041683570.903833,1097181.0020423776,74285.09000000001,-17798.07
8230.0,31008.67180703501,339.27,277.0,31008.67180703501,0.0,-142220106.87939897,122741373.41955394,31008.67180703501,339.27,0.0
8240.0,34829.4481576847,1029.92,160.0,34829.4481576847,0.0,-82347875.53606705,125580082.34661663,34829.4481576847,1029.92,0.0
8250.0,5930802.772722931,351378.45999999996,22443.0,6127739.613905847,-196936.84118291692,-8621781520.807753,19741416888.377724,6324676.455088764,388367.52999999997,-36989.07
8260.0,11747.443846403286,249.08000000000004,88.0,11747.443846403286,0.0,-41079175.89685498,45621765.978260286,11747.443846403286,249.08000000000004,0.0
8270.0,216599.23832783697,3096.4799999999996,2284.0,216599.23832783697,0.0,-978730423.7748854,881339370.7949275,216599.23832783697,3096.4799999999996,0.0
8275.0,2263764.8621627935,167199.82,6643.0,2301776.562333232,-38011.700170438184,-2032210243.5127754,7143824902.894757,2339788.26250367,174629.25,-7429.43
8280.0,1976.7057911373356,32.18000000000001,20.0,1976.7057911373356,0.0,-8528554.792554442,8026582.2054927815,1976.7057911373356,32.18000000000001,0.0
8290.0,12425.828227718288,346.31,71.0,12425.828227718288,0.0,-32475104.355075687,48951048.56708249,12425.828227718288,346.31,0.0
8300.0,11812597.740900699,839567.52,42380.0,12166477.987449283,-353880.2465485825,-12660041126.253983,40755395045.92068,12520358.233997865,911339.3699999999,-71771.85
8310.0,60037.288737584626,2011.75,199.0,60037.288737584626,0.0,-100106592.23443362,241322536.45184386,60037.288737584626,2011.75,0.0
8320.0,25759.556883594294,870.95,79.0,25759.556883594294,0.0,-40277765.84578858,105571132.982832,25759.556883594294,870.95,0.0
8325.0,2365300.1422890197,197238.23,9346.0,2382530.3692079866,-17230.226918966815,-2614057732.7898116,7783637781.302388,2399760.5961269536,200820.03,-3581.8
8330.0,131705.60234961676,1442.45,2110.0,131705.60234961676,0.0,-740707823.4720079,565748898.2583872,131705.60234961676,1442.45,0.0
8340.0,142480.45112215506,1737.28,2256.0,142480.45112215506,0.0,-785936651.9558609,613386450.931025,142480.45112215506,1737.28,0.0
8350.0,3511044.930147651,248656.44,11195.0,3545188.920877498,-34143.99072984699,-3237138622.6241345,12935412407.12848,3579332.911607345,256120.82,-7464.38
8360.0,447240.22628681135,5255.68,8255.0,447240.22628681135,0.0,-2600610743.350645,1962108702.5287023,447240.22628681135,5255.68,0.0
8370.0,5625.4339784101885,124.18,62.0,5625.4339784101885,0.0,-21083683.03919648,25044584.12766636,5625.4339784101885,124.18,0.0
8375.0,695548.2670553124,49060.97,2946.0,706236.2751625623,-10688.008107249785,-616904914.729346,2685644104.3887787,716924.283269812,51475.3,-2414.33
8380.0,5738.219321808564,183.06,19.0,5738.219321808564,0.0,-9305811.370303616,26338887.761786412,5738.219321808564,183.06,0.0
8390.0,2157.3400047505697,23.52,49.0,2157.3400047505697,0.0,-13633020.270762574,9657232.619763065,2157.3400047505697,23.52,0.0
8400.0,13861999.71196085,1015162.92,53493.0,13889759.060553093,-27759.34859224169,-13070828271.901108,54310958278.38604,13917518.409145335,1022099.7300000001,-6936.81
8410.0,5072.635744169758,94.85999999999999,81.0,5072.635744169758,0.0,-23553667.651444912,23460310.716622613,5072.635744169758,94.85999999999999,0.0
8420.0,97187.23504395901,3018.8799999999997,316.0,97187.23504395901,0.0,-155079389.35708672,478803996.4581895,97187.23504395901,3018.8799999999997,0.0
8425.0,1093351.2671110514,84526.52,3355.0,1093528.2403091635,-176.97319811208766,-902897285.441569,4314676625.301464,1093705.2135072756,84625.44,-98.92
8430.0,6393.020326350421,177.84,42.0,6393.020326350421,0.0,-15195452.512518309,31528676.24225569,6393.020326350421,177.84,0.0
8440.0,448.98100983953213,10.68,5.0,448.98100983953213,0.0,-1545293.3443747656,2196062.3717947328,448.98100983953213,10.68,0.0
8450.0,1866797.9895082188,109617.6,5843.0,1866797.9895082188,0.0,-1949532703.718359,8418049160.902601,1866797.9895082188,109617.6,0.0
8460.0,1145.414730285062,18.06,27.0,1145.414730285062,0.0,-6571912.278628644,5451461.994569544,1145.414730285062,18.06,0.0
8470.0,5723.83796064337,128.14,82.0,5723.83796064337,0.0,-22010552.648417246,28900334.08683208,5723.83796064337,128.14,0.0
8475.0,792476.1621580055,59858.98,3849.0,792476.1621580055,0.0,-688982571.3982261,3412396103.86339,792476.1621580055,59858.98,0.0
8480.0,7749.9055118544875,171.07,115.0,7749.9055118544875,0.0,-30464493.851754874,39486695.50832652,7749.9055118544875,171.07,0.0
8490.0,1372.3824513130487,37.58,9.0,1372.3824513130487,0.0,-3089678.2638909607,7430157.609838107,1372.3824513130487,37.58,0.0
8500.0,9196963.980298543,619810.79,32531.0,9197277.244559018,-313.2642604763236,-9309709176.631294,42693500111.02699,9197590.508819494,620008.69,-197.9
8510.0,6439.688231154296,98.52000000000001,184.0,6439.688231154296,0.0,-40379556.72466381,31479515.654110406,6439.688231154296,98.52000000000001,0.0
8520.0,6694.064134667018,115.0,182.0,6694.064134667018,0.0,-37877822.017316595,33928458.988610625,6694.064134667018,115.0,0.0
8525.0,455801.7011650953,31020.24,1514.0,455801.7011650953,0.0,-445596230.79345983,2184335297.3615365,455801.7011650953,31020.24,0.0
8530.0,1356.8474662299618,37.019999999999996,8.0,1356.8474662299618,0.0,-2776001.0951552317,7830927.471451038,1356.8474662299618,37.019999999999996,0.0
8540.0,4253.863060819697,-366.6,48.0,4959.87043258872,-706.0073717690224,-18132551.328640614,30875999.101383094,5665.877804357742,128.6,-495.2
8550.0,2273024.3188758926,114555.87000000001,7979.0,2276351.1955058114,-3326.87662991864,-2705591632.3286843,12164139528.706533,2279678.0721357297,116932.83,-2376.9599999999996
8560.0,7842.942338287405,213.60000000000002,40.0,7842.942338287405,0.0,-14839501.412059328,47395277.82164955,7842.942338287405,213.60000000000002,0.0
8570.0,3224.7515685963726,87.38,17.0,3224.7515685963726,0.0,-6171355.38251023,19708060.4406659,3224.7515685963726,87.38,0.0
8575.0,424656.8414188209,27515.72,1547.0,424656.8414188209,0.0,-444430530.8922231,2189222875.458892,424656.8414188209,27515.72,0.0
8580.0,2921.226658127763,78.24,16.0,2921.226658127763,0.0,-5653354.416838321,18097475.352886762,2921.226658127763,78.24,0.0
8600.0,8980637.34957708,482213.05,45197.0,8983585.738420168,-2948.3888430870734,-11975876939.545652,49844695872.242004,8986534.127263254,484588.98,-2375.93
8625.0,168101.80157623137,9465.400000000001,664.0,168101.80157623137,0.0,-198448858.34822577,953222166.2430251,168101.80157623137,9465.400000000001,0.0
8650.0,1436195.776739541,87211.3,5460.0,1436195.776739541,0.0,-1567872190.388674,8248617351.531782,1436195.776739541,87211.3,0.0
8675.0,639351.4059577149,33054.26,2660.0,639351.4059577149,0.0,-789109994.7362677,3945379532.5671844,639351.4059577149,33054.26,0.0
8700.0,4280626.824070216,231143.53,18507.0,4280626.824070216,0.0,-5211876392.52209,26810363848.13397,4280626.824070216,231143.53,0.0
8725.0,41819.931392195955,2766.79,161.0,41819.931392195955,0.0,-41994303.990375124,252553676.54573372,41819.931392195955,2766.79,0.0
8750.0,96339.50887699293,5528.9800000000005,411.0,96339.50887699293,0.0,-110823676.48568362,620277232.1201575,96339.50887699293,5528.9800000000005,0.0
8775.0,10380.56480679526,559.98,45.0,10380.56480679526,0.0,-12193551.108617976,69096392.04212248,10380.56480679526,559.98,0.0
8800.0,6808262.40885682,349653.8,50429.0,6808350.022460841,-87.61360402037505,-9631439535.151487,47317863525.06357,6808437.636064861,349752.0,-98.2
8850.0,74871.91184213149,3656.97,386.0,74871.91184213149,0.0,-97452777.73175988,546032350.7172948,74871.91184213149,3656.97,0.0
8900.0,2494362.314961983,133108.43,14609.0,2494362.314961983,0.0,-3253822383.45417,18770976989.95282,2494362.314961983,133108.43,0.0
9000.0,6757303.262274932,275845.17000000004,59689.0,6757357.066171573,-53.8038966403114,-11009816366.904367,57819524880.643394,6757410.870068213,275944.71,-99.53999999999999
9100.0,1022181.8331483376,43899.310000000005,10449.0,1022181.8331483376,0.0,-1662344527.2591574,9276630266.835619,1022181.8331483376,43899.310000000005,0.0
9200.0,2365982.5903539853,93246.45999999999,33338.0,2365982.5903539853,0.0,-4278081700.51035,23065567150.277767,2365982.5903539853,93246.45999999999,0.0
9300.0,777700.0637895169,33349.14,11710.0,777700.0637895169,0.0,-1347958344.2335336,7929729594.907181,777700.0637895169,33349.14,0.0
9400.0,1116951.8503342238,50541.22,17644.0,1117059.7530979689,-107.90276374500723,-1868633181.9807386,11929532679.498549,1117167.655861714,50739.880000000005,-198.66
9500.0,195269.19136772683,9587.51,2356.0,195269.19136772683,0.0,-284745369.1835853,2197051219.03436,195269.19136772683,9587.51,0.0
9600.0,474686.8940243883,19804.55,11840.0,474686.8940243883,-2.6722583118593447e-24,-892217581.3929089,5592700333.182305,474686.8940243883,19903.350000000002,-98.8
9800.0,189177.13582420285,7375.880000000001,7176.0,189177.13582420285,-4.6413693850567376e-32,-402566249.7025475,2399546926.8108687,189177.13582420285,7475.4,-99.52
10000.0,631463.8865134397,21850.84,45142.0,631537.7219915299,-73.83547809028812,-1660781152.4783053,8338635187.536495,631611.5574696203,22048.66,-197.82
10200.0,48308.403156909975,1813.27,3313.0,48308.403156909975,0.0,-116492135.9653134,685628465.7660635,48308.403156909975,1813.27,0.0
10400.0,16470.01675756692,623.24,1503.0,16470.01675756692,0.0,-42142323.14712702,243489979.11636677,16470.01675756692,623.24,0.0
10600.0,19048.992785251285,721.0,2166.0,19048.992785251285,0.0,-50827451.726451844,292353068.7457961,19048.992785251285,721.0,0.0
10800.0,5925.376686529078,233.11999999999998,766.0,5925.376686529078,0.0,-15917670.481214643,94688608.57569529,5925.376686529078,233.11999999999998,0.0
11000.0,15086.938931213324,603.26,2314.0,15086.938931213324,0.0,-41189846.2827816,250192357.4073937,15086.938931213324,603.26,0.0
11200.0,2267.8098864233234,85.28999999999999,545.0,2267.8098864233234,0.0,-7252514.187688509,37385836.1833431,2267.8098864233234,85.28999999999999,0.0
11400.0,8934.35799026712,343.30999999999995,2654.0,8934.35799026712,0.0,-31929416.106036503,145418789.00371826,8934.35799026712,343.30999999999995,0.0
11600.0,373.7889586550371,16.0,97.0,373.7889586550371,0.0,-1169701.8335289848,6541151.995296826,373.7889586550371,16.0,0.0
11800.0,1008.6831999694965,46.03,261.0,1008.6831999694965,0.0,-2956119.207262452,18586797.829101883,1008.6831999694965,46.03,0.0
12000.0,500.76007516082467,21.560000000000002,196.0,500.76007516082467,0.0,-1726147.9946305272,9032118.232410002,500.76007516082467,21.560000000000002,0.0
