strike,net_gex,net_dex,total_oi,call_gex,put_gex,charm_exp,vanna_exp,gross_gex,call_dex,put_dex
-1.0,-38587822.16684054,212840785.71000004,14129241.0,7745.06,21034.0,,,,,
1400.0,-3926.827459544932,-708.29,12759.0,0.0,-3926.827459544932,45300608.132006764,-59098311.341359995,3926.827459544932,0.0,-708.29
1600.0,-6851.900565195512,2583.02,13085.0,0.2845622840776367,-6852.18512747959,65534797.809652075,-103254518.53082629,6852.469689763668,3700.0,-1116.98
1800.0,-7282.537860578454,-654.7700000000001,11463.0,0.04936512948809829,-7282.587225707942,72354749.29271549,-103536946.79474229,7282.63659083743,500.0,-1154.77
2000.0,-17158.358563686375,89965.88,28708.0,11.520640797058853,-17169.879204483434,212168981.97847098,-230768943.97478485,17181.399845280495,92600.0,-2634.12
2200.0,-26728.973608294666,513302.9,41392.0,74.22942227553125,-26803.203030570196,394838731.7996701,-345207035.927125,26877.43245284573,517200.0,-3897.1000000000004
2300.0,-404.87173850071486,1754.93,4525.0,0.07900414835853362,-404.9507426490734,21005001.43758542,-3209202.5610770434,405.0297467974319,1800.0,-45.07000000000001
2400.0,-31556.286588030634,-4271.759999999999,29363.0,0.0,-31556.286588030634,356865955.79814166,-397113795.6113286,31556.286588030634,0.0,-4271.759999999999
2500.0,-2430.100718644272,-125.94000000000001,23672.0,0.0,-2430.100718644272,338959148.44637185,-15561845.003995173,2430.100718644272,0.0,-125.94000000000001
2600.0,-11690.011765320824,6560.32,10244.0,1.6596250055292163,-11691.671390326354,136760970.01054347,-147053965.48451903,11693.331015331882,8200.0,-1639.68
2700.0,-18780.430211655093,-2186.47,14805.0,0.060024055181996064,-18780.490235710276,209724258.62189138,-224909799.84600347,18780.55025976546,300.0,-2486.47
2800.0,-94456.77603197306,-10977.779999999999,57569.0,0.19291797841773178,-94456.96894995148,929283283.2086595,-1108944586.0607955,94457.1618679299,800.0,-11777.78
2900.0,-25459.66601723302,-130.9399999999995,18003.0,0.8143786890400806,-25460.48039592206,283138745.5098597,-290088894.1973853,25461.294774611102,3000.0,-3130.9399999999996
3000.0,-98181.83152999912,4506.98,65192.0,5.52517632816337,-98187.3567063273,1093027773.8544207,-1116445762.5284717,98192.88188265545,16500.0,-11993.02
3100.0,-10951.617717487954,-1337.32,6401.0,0.0,-10951.617717487954,162164090.70812696,-122996436.51342802,10951.617717487954,0.0,-1337.32
3200.0,-51514.97686531959,9428.37,27163.0,551.2249315324016,-52066.201796852,669154328.2901088,-589367903.7805073,52617.4267283844,15816.560000000001,-6388.19
3300.0,-96638.79035897728,-11415.34,37949.0,0.0,-96638.79035897728,1097175075.572454,-1060516697.8671639,96638.79035897728,0.0,-11415.34
3400.0,-84341.30906369384,24213.249999999996,38315.0,16.925180361278525,-84358.23424405511,1078890836.761094,-915822776.3618366,84375.1594244164,34100.0,-9886.75
3450.0,-550.4993985948782,-33.7,1685.0,0.0,-550.4993985948782,18910074.512223065,-4159800.1379606063,550.4993985948782,0.0,-33.7
3500.0,-264082.7927863941,-22422.27,78980.0,1.2196784781288905,-264084.0124648722,2343212482.343483,-2826919479.288903,264085.23214335035,7900.0,-30322.27
3550.0,-229.78694912233215,-13.16,658.0,0.0,-229.78694912233215,7622452.051502744,-1735770.358363775,229.78694912233215,0.0,-13.16
3600.0,-66893.34396547938,-6878.42,27649.0,0.16286306839516473,-66893.50682854776,841351251.424649,-683971720.3342155,66893.66969161616,300.0,-7178.42
3650.0,-302.8583880011062,-20.639999999999997,688.0,0.0,-302.8583880011062,9687727.694224214,-2248392.309909394,302.8583880011062,0.0,-20.639999999999997
3700.0,-94326.13374026328,-10708.08,25671.0,0.037077864819982743,-94326.1708181281,863834673.5868793,-989821629.3529377,94326.20789599292,100.0,-10808.08
3750.0,-876.0723604407536,-47.629999999999995,2663.0,0.0,-876.0723604407536,110179781.5056824,-4740721.063759819,876.0723604407536,0.0,-47.629999999999995
3800.0,-218610.64096247224,-25130.14,54212.0,0.06986397665975828,-218610.7108264489,1742867684.041894,-2302082742.6651645,218610.78069042557,400.0,-25530.14
3850.0,-25369.769497931058,-2822.23,9433.0,0.0,-25369.769497931058,452572753.6069551,-255485584.4979207,25369.769497931058,0.0,-2822.23
3900.0,-70002.83372921732,-7963.139999999999,16244.0,0.0,-70002.83372921732,595296862.0173136,-720015988.0879905,70002.83372921732,0.0,-7963.139999999999
3950.0,-18582.02289663295,-1976.55,5907.0,0.030343165562800208,-18582.05323979851,283042882.2501334,-186172289.93511227,18582.083582964075,100.0,-2076.5499999999997
3975.0,-192.28544417236768,-10.96,274.0,0.0,-192.28544417236768,5461680.2791511705,-1387193.3590318835,192.28544417236768,0.0,-10.96
4000.0,-649206.4093037448,217088.29,124313.0,15632.573476601929,-664838.9827803468,5525703686.700508,-6631533345.996722,680471.5562569487,286782.4,-69694.11
4025.0,-448.4072119357905,-24.680000000000003,617.0,0.0,-448.4072119357905,12503797.29873516,-3233397.160171384,448.4072119357905,0.0,-24.680000000000003
4050.0,-36523.004011887526,-3436.52,7618.0,0.18637553648532107,-36523.19038742401,359476228.69551456,-357703436.0171067,36523.37676296049,400.0,-3836.52
4075.0,-338.6999675949745,-20.450000000000003,409.0,0.0,-338.6999675949745,9264644.919276467,-2414879.790835671,338.6999675949745,0.0,-20.450000000000003
4100.0,-104110.56863145504,-11003.65,22069.0,0.08885965009771009,-104110.65749110514,929142660.6344436,-1027789564.8534656,104110.74635075525,300.0,-11303.65
4125.0,-11002.748719974254,-1110.8500000000001,1769.0,0.0,-11002.748719974254,78820853.01926675,-105442112.696022,11002.748719974254,0.0,-1110.8500000000001
4150.0,-45150.77046296497,-4932.62,8464.0,0.07958998800440542,-45150.85005295297,445686529.9675084,-452615544.2265794,45150.92964294097,200.0,-5132.62
4175.0,-4002.3861954777117,-386.1,927.0,0.0,-4002.3861954777117,34424506.91559282,-37269990.77198169,4002.3861954777117,0.0,-386.1
4200.0,-140369.11519460398,187497.47999999998,30210.0,101.79215618329575,-140470.90735078725,1301215641.7307954,-1337583381.0852447,140572.69950697056,201700.0,-14202.52
4225.0,-2994.1109153717903,-289.85999999999996,567.0,0.0,-2994.1109153717903,24145813.441945896,-27813667.52094065,2994.1109153717903,0.0,-289.85999999999996
4250.0,-44245.802529344364,195244.95,11431.0,103.5442763738998,-44349.34680571827,537901506.3476557,-429057015.0068612,44452.89108209217,200000.0,-4755.05
4275.0,-7533.654132726223,-437.16,1137.0,0.24035805908870958,-7533.894490785312,54042772.34644857,-70282592.10781631,7534.1348488444,300.0,-737.1600000000001
4300.0,-153708.17965441066,-13038.99,23616.0,2.1063274928232176,-153710.28598190346,1189965208.21327,-1472078859.3231637,153712.3923093963,3100.0,-16138.99
4325.0,-5680.632638819905,-536.92,1008.0,0.0,-5680.632638819905,44720714.161744244,-51992158.75132986,5680.632638819905,0.0,-536.92
4350.0,-47670.47250540485,-4491.61,6943.0,0.6098164377448599,-47671.082321842594,353438085.4723922,-463376304.3399608,47671.692138280334,800.0,-5291.61
4375.0,-6805.062354375245,-615.5600000000001,2368.0,0.0,-6805.062354375245,142111568.7366241,-58510675.16213909,6805.062354375245,0.0,-615.5600000000001
4400.0,-228841.90980611206,14976.580000000002,36650.0,10.350140891787657,-228852.25994700385,1951795699.4324248,-2095513627.3081315,228862.61008789562,37300.0,-22323.420000000002
4425.0,-8900.645762242551,-815.1800000000002,2924.0,0.0,-8900.645762242551,189522187.44962436,-76484989.34547889,8900.645762242551,0.0,-815.1800000000002
4450.0,-80652.08563713048,24037.04,11897.0,34.38952099481228,-80686.47515812531,672166714.4497256,-752807918.5428082,80720.86467912012,32400.0,-8362.960000000001
4475.0,-6016.322654528741,-531.3800000000001,2456.0,0.0,-6016.322654528741,140714501.84688485,-49946085.28602085,6016.322654528741,0.0,-531.3800000000001
4500.0,-515443.6263413699,-35078.14,60673.0,64.71506508010766,-515508.34140644997,3520735305.179593,-4715273648.048787,515573.05647153006,16193.61,-51271.75
4525.0,-11127.653032062075,-939.31,2197.0,0.006124106193057397,-11127.659156168269,138636364.02637962,-97419146.22626038,11127.665280274461,100.0,-1039.31
4550.0,-55933.14859504479,-3126.4900000000002,5952.0,0.3840324736190448,-55933.53262751841,355785979.195787,-530140985.88622683,55933.91665999203,3000.0,-6126.49
4575.0,-9173.1841071028,-823.3,2104.0,0.0,-9173.1841071028,129158663.78430644,-78147954.22496445,9173.1841071028,0.0,-823.3
4600.0,-258799.68145505854,-18166.74,31991.0,2.4993961111220644,-258802.18085116966,1985871706.1695735,-2303371409.1110086,258804.68024728078,6700.0,-24866.74
4625.0,-26531.54804827688,412.01000000000005,3669.0,1.3849837104965026,-26532.933031987377,236935767.57203808,-236096431.12829256,26534.31801569787,3000.0,-2587.99
4650.0,-76474.75590860857,11584.630000000001,12832.0,181.79571025060042,-76656.55161885917,785956047.8611867,-658823027.7288325,76838.34732910978,18483.06,-6898.429999999999
4675.0,-27708.499580722444,4095.49,3761.0,5.847813517829603,-27714.347394240274,249177375.5715468,-244952503.0066544,27720.195207758105,6800.0,-2704.5099999999998
4700.0,-438216.40800146834,206061.96,42052.0,229.1445672183742,-438445.5525686867,2747228606.295944,-3870477635.341999,438674.6971359051,248200.0,-42138.04
4725.0,-21912.816149379592,7180.540000000001,3416.0,6.14757802107605,-21918.963727400667,237470439.6141159,-190691934.0735328,21925.111305421742,9300.0,-2119.46
4750.0,-80368.29213284652,-2129.86,12508.0,1.6088655693001541,-80369.90099841582,809442475.0836847,-678233817.1065996,80371.5098639851,5100.0,-7229.860000000001
4775.0,-29598.69506444565,-565.9100000000001,4578.0,2.7840971375408823,-29601.47916158319,327511380.92007893,-251630402.54582784,29604.26325872073,2200.0,-2765.91
4800.0,-326263.25540953944,237040.08,49893.0,275.55169084228515,-326538.80710038176,2761986817.553521,-2786891287.3192635,326814.3587912241,267200.0,-30159.920000000002
4825.0,-29827.441649981763,-2802.22,3041.0,0.03587528118395663,-29827.477525262948,223993980.26202995,-258657502.23656797,29827.51340054413,100.0,-2902.22
4850.0,-147521.41715496665,19739.690000000002,13694.0,4.844488270450361,-147526.26164323709,971933965.7305614,-1268978671.103345,147531.10613150755,33800.0,-14060.31
4875.0,-45434.9254526594,14.22999999999979,5456.0,5.298904322301745,-45440.2243569817,416954496.51767385,-391075821.2005081,45445.523261304,4500.0,-4485.77
4900.0,-342713.4982482012,-16274.790000000003,26475.0,5.75878883406781,-342719.25703703525,2093037560.4234421,-2904030672.783473,342725.0158258693,15500.0,-31774.790000000005
4925.0,-44628.02509873603,-2265.2599999999993,4456.0,2.2934828505880853,-44630.318581586616,361794239.1297797,-371655768.552453,44632.612064437206,1800.0,-4065.2599999999993
4950.0,-67346.16251810815,17158.11,6659.0,22.81009929219933,-67368.97261740034,502147908.1205235,-569900036.9267964,67391.78271669256,23600.0,-6441.89
4975.0,-67475.87222829922,-1958.4100000000008,5750.0,54.7081397213537,-67530.58036802057,473121577.9504559,-564642989.7626528,67585.28850774193,4297.3,-6255.710000000001
5000.0,-2464039.3587278253,6792109.390000001,319291.0,789098.2584643681,-3253137.6171921934,78840324372.15756,-30096086407.380955,4042235.8756565615,7089013.28,-296903.89
5025.0,-53922.66165452618,-2887.6400000000003,3915.0,6.614727265202825,-53929.27638179138,331519215.3554589,-452976477.9802168,53935.89110905659,2299.83,-5187.47
5050.0,-223599.59895961164,-9164.16,14668.0,210.72239926059385,-223810.32135887223,1259896506.2234879,-1870438023.5557535,224021.04375813282,11987.58,-21151.739999999998
5075.0,-94905.21006505842,-8514.0,7221.0,14.797309641762242,-94920.00737470017,616481841.6636249,-787863415.5392616,94934.80468434194,599.15,-9113.15
5100.0,-713670.8207085342,-40730.11,43426.0,91.86621450842362,-713762.6869230428,3864349370.37581,-5855517430.364386,713854.5531375511,25295.12,-66025.23000000001
5125.0,-146613.70091502927,-11249.199999999999,11305.0,95.38774136280063,-146709.08865639206,1055593649.295338,-1147576173.8018527,146804.4763977549,893.38,-12142.58
5150.0,-207206.996409513,4605.459999999999,18293.0,506.9238828345855,-207713.92029234755,1653368747.556349,-1622061320.766768,208220.84417518217,22068.43,-17462.97
5175.0,-81905.75619711708,-6171.29,8610.0,0.3563982401825457,-81906.11259535726,834760206.6559974,-616206032.2145026,81906.46899359745,300.0,-6471.29
5200.0,-783972.4490603872,-31184.930000000004,64715.0,878.9609927368595,-784851.4100531241,5982972315.102729,-6104309818.58889,785730.371045861,35641.98,-66826.91
5225.0,-209058.70354693214,-19915.53,9511.0,0.006528869492033701,-209058.71007580162,920041460.783705,-1705410474.5736165,209058.71660467112,100.0,-20015.53
5250.0,-438917.6186519577,-37691.88,29603.0,0.9520515836915451,-438918.5707035414,2948115192.317191,-3450397248.724821,438919.5227551251,1600.0,-39291.88
5275.0,-276979.3218506527,-27795.72,12810.0,143.39892806090654,-277122.7207787136,1177284961.9842055,-2301384445.967039,277266.11970677454,989.57,-28785.29
5300.0,-799116.4620791951,-62594.03999999999,46880.0,30.329319900733577,-799146.7913990958,4809278040.281148,-6166444682.08325,799177.1207189965,6798.63,-69392.67
5325.0,-181532.2976469382,-16472.48,8982.0,0.06499856959485235,-181532.3626455078,922239106.5022272,-1429078778.3788173,181532.4276440774,100.0,-16572.48
5350.0,-218663.33331494915,-14588.32,12742.0,595.8182790749502,-219259.1515940241,1361068739.6855533,-1658329320.1589723,219854.96987309903,3547.2000000000003,-18135.52
5375.0,-103857.6223192997,-3217.9299999999994,5384.0,78.23417626890986,-103935.85649556862,590521651.7345039,-796792120.7763917,104014.09067183752,5894.4,-9112.33
5400.0,-996568.0080622537,18657.84,53317.0,2436.904422562244,-999004.912484816,5638206719.20442,-7610069221.449702,1001441.8169073781,104917.97,-86260.13
5425.0,-110234.99635584568,-8153.36,5556.0,163.50828003222486,-110398.50463587791,623788720.9449567,-835965862.5498803,110562.01291591013,1487.96,-9641.32
5450.0,-330381.7189441161,-823.0200000000006,18270.0,60.83885476843141,-330442.5577988845,2161677947.468509,-2407261594.5620947,330503.39665365295,25399.25,-26222.27
5475.0,-377693.546070267,-25476.15,12690.0,18.744984364755346,-377712.2910546317,1276917381.9882543,-3014591478.221098,377731.0360389964,13600.0,-39076.15
5500.0,-2632766.531613013,808377.19,127711.0,8742.799362941685,-2641509.3309759544,13858782547.715467,-19842003967.844337,2650252.130338896,1040410.3,-232033.11000000002
5525.0,-130093.79952027118,-8334.01,7657.0,92.04219240675243,-130185.84171267792,947297070.1462325,-922975128.512017,130277.88390508469,1993.8300000000002,-10327.84
5550.0,-264952.16310420545,40034.17999999999,14254.0,4506.315407947108,-269458.47851215256,1668612265.4803562,-2014374203.1504111,273964.7939200997,63102.02999999999,-23067.85
5560.0,-309.3142901815247,179.67999999999998,406.0,86.76067197767944,-396.0749621592042,55213597.78335096,-1193196.8146743048,482.83563413688364,191.79999999999998,-12.12
5570.0,-223.77969074455197,-6.78,226.0,0.0,-223.77969074455197,25666828.411701635,-612913.48837061,223.77969074455197,0.0,-6.78
5575.0,-377970.7085872069,32245.210000000003,12552.0,6115.714764297692,-384086.4233515046,1297877166.3385434,-3058821335.429673,390202.13811580226,72524.12,-40278.909999999996
5580.0,-309.0042510858911,-9.27,309.0,0.0,-309.0042510858911,35251124.17525927,-846115.7771638418,309.0042510858911,0.0,-9.27
5590.0,-311.4773408202469,90.73,310.0,0.21368235032072286,-311.69102317056763,35400878.826283485,-854017.7322296257,311.90470552088834,100.0,-9.27
5600.0,-1385801.216065914,374072.45,72916.0,49933.612202329896,-1435734.8282682437,8448607335.901225,-10766172634.3042,1485668.4404705737,492399.26,-118326.81000000001
5605.0,-724.5549482451422,-86.7,15.0,0.0,-724.5549482451422,1226820.8183381595,-5889299.156469479,724.5549482451422,0.0,-86.7
5610.0,-9753.02128180682,-389.10999999999996,1011.0,36.714341011289264,-9789.735622818109,144365092.50873563,-56875159.04674547,9826.449963829396,96.82,-485.92999999999995
5615.0,-97.50558037252895,-11.66,2.0,0.0,-97.50558037252895,164090.41893081958,-790242.234082379,97.50558037252895,0.0,-11.66
5620.0,-1763.5243228755726,15.350000000000021,421.0,37.29672065411862,-1800.821043529691,53179238.53219575,-9875929.477246102,1838.1177641838096,96.76,-81.41
5625.0,-213572.8313728475,12747.58,8006.0,4250.331580568902,-217823.16295341638,1015218860.4214066,-1610015011.6147351,222073.49453398527,30994.889999999996,-18247.309999999998
5630.0,-2250.3797423493747,-170.77999999999997,300.0,0.0,-2250.3797423493747,37834207.79622615,-14489985.217183247,2250.3797423493747,0.0,-170.77999999999997
5635.0,-446.96592693510166,-53.459999999999994,9.0,0.0,-446.96592693510166,742986.3923497638,-3601349.3622273915,446.96592693510166,0.0,-53.459999999999994
5640.0,-2852.675816711941,-132.25,447.0,0.0,-2852.675816711941,60336983.94807234,-15657673.643407585,2852.675816711941,0.0,-132.25
5645.0,-751.8587608394133,-89.85000000000001,15.0,0.0,-751.8587608394133,1242084.6220526458,-6040161.629824462,751.8587608394133,0.0,-89.85000000000001
5650.0,-484313.1529104618,112846.36999999998,19365.0,22287.986262528382,-506601.1391729902,2483721637.135963,-3838131422.4271393,528889.1254355186,155395.41,-42549.04
5655.0,-2225.9158904146525,-265.76,44.0,0.0,-2225.9158904146525,3654433.4063297934,-17829398.59660779,2225.9158904146525,0.0,-265.76
5660.0,-8971.65299893136,-400.61999999999995,941.0,0.0,-8971.65299893136,140529826.79138586,-49764707.418766625,8971.65299893136,0.0,-400.61999999999995
5665.0,-255.29079279754106,-30.45,5.0,0.0,-255.29079279754106,416514.9555712982,-2038791.7355202395,255.29079279754106,0.0,-30.45
5670.0,-6889.695243857676,-289.40999999999997,2673.0,0.0,-6889.695243857676,330969760.9348209,-32040499.280130997,6889.695243857676,0.0,-289.40999999999997
5675.0,-179326.20482455372,1201.530000000001,7139.0,610.6545196952213,-179936.85934424895,976747789.8352784,-1258125821.3973565,180547.51386394416,15669.4,-14467.869999999999
5680.0,-6402.372739424112,-405.75,600.0,0.0,-6402.372739424112,86186859.60048231,-39025326.66664715,6402.372739424112,0.0,-405.75
5685.0,-727.8782949182996,-86.8,14.0,0.0,-727.8782949182996,1172785.299054693,-5780572.675712413,727.8782949182996,0.0,-86.8
5690.0,-3423.3822631375656,-153.11999999999998,636.0,0.0,-3423.3822631375656,86391075.11678505,-18031740.004107174,3423.3822631375656,0.0,-153.11999999999998
5695.0,-1785.2735662928571,-212.84,34.0,0.0,-1785.2735662928571,2857882.3870501653,-14124159.739037436,1785.2735662928571,0.0,-212.84
5700.0,-1459597.6161616587,289720.86,64564.0,78431.1996121687,-1538028.8157738275,9126256565.017372,-11295903578.094332,1616460.015385996,411942.2299999999,-122221.37
5705.0,-582.7401128134785,-69.52000000000001,11.0,0.0,-582.7401128134785,927004.1532992665,-4598237.96855871,582.7401128134785,0.0,-69.52000000000001
5710.0,-8529.361912198547,-567.89,943.0,0.0,-8529.361912198547,129778320.16090028,-52526247.057580136,8529.361912198547,0.0,-567.89
5715.0,-160.39954299309525,-19.110000000000003,3.0,0.0,-160.39954299309525,253530.76149210875,-1261824.412924544,160.39954299309525,0.0,-19.110000000000003
5720.0,-18002.217332566936,-929.1999999999998,802.0,1.0392832570622486,-18003.256615823997,103233966.45890112,-126935986.47737265,18004.295899081062,600.0,-1529.1999999999998
5725.0,-175183.07919511144,-9050.51,5971.0,1243.8240479143851,-176426.90324302582,789837060.6650174,-1263043478.0362868,177670.7272909402,6333.85,-15384.36
5730.0,-6528.597197191235,-322.11,634.0,0.2760867284491778,-6528.873283919684,90803387.1320785,-39573991.691946134,6529.149370648133,99.99,-422.1
5735.0,-2831.908349884418,-337.48,52.0,0.0,-2831.908349884418,4418844.428431075,-22141879.145833787,2831.908349884418,0.0,-337.48
5740.0,-5029.184355858708,-250.32000000000002,919.0,0.25964443565467205,-5029.444000294362,115757113.738611,-30400574.92125103,5029.703644730017,100.0,-350.32000000000005
5745.0,-164.94136681213746,-19.619999999999997,3.0,0.0,-164.94136681213746,255685.3405161945,-1285137.5064224247,164.94136681213746,0.0,-19.619999999999997
5750.0,-782072.8773045294,87272.36999999998,29094.0,38252.578565450596,-820325.4558699799,4066497111.4563313,-6043320627.969587,858578.0344354305,155676.79,-68404.42
5755.0,-776.833026544419,-92.4,14.0,0.0,-776.833026544419,1196385.2597212144,-6033936.6094909925,776.833026544419,0.0,-92.4
5760.0,-9235.240591004636,-490.49,1269.0,0.0,-9235.240591004636,178035360.13677552,-51610122.68375163,9235.240591004636,0.0,-490.49
5765.0,-168.00049523239082,-19.980000000000004,3.0,0.0,-168.00049523239082,257043.8905981055,-1300858.4115219861,168.00049523239082,0.0,-19.980000000000004
5770.0,-7202.164875160911,-407.66,541.0,33.16284741897039,-7235.327722579881,78458747.26762123,-45829559.89002528,7268.490569998851,97.82,-505.48
5775.0,-255098.45255330746,546.4500000000012,8573.0,5792.266661408425,-260890.7192147159,1221508586.1256487,-1863243818.0047643,266682.98587612435,22877.75,-22331.3
5780.0,-9112.509499824133,-464.32000000000005,655.0,33.8849729291601,-9146.394472753293,92852050.55634685,-59163753.78317546,9180.279445682452,197.76999999999998,-662.09
5785.0,-855.5690692841589,-101.69999999999999,15.0,0.0,-855.5690692841589,1291863.0595749253,-6583352.02996943,855.5690692841589,0.0,-101.69999999999999
5790.0,-10050.206840325234,-414.5200000000001,900.0,0.6186123998510955,-10050.825452725085,134092854.11836119,-60229399.56372981,10051.444065124937,199.98,-614.5
5795.0,-4664.06364055826,-554.04,81.0,0.0,-4664.06364055826,6995228.32647142,-35760610.22133504,4664.06364055826,0.0,-554.04
5800.0,-1623216.3764554076,675793.7399999999,80069.0,274776.67139777704,-1897993.0478531844,19035350202.82086,-14680602444.351112,2172769.7192509617,833369.5199999999,-157575.78
5805.0,-58.111409228595264,-6.909999999999999,1.0,0.0,-58.111409228595264,86575.5345466431,-444140.5067054207,58.111409228595264,0.0,-6.909999999999999
5810.0,-16273.171523000969,-1132.9299999999998,1135.0,0.3457000050026567,-16273.517223005972,157525850.54309914,-105917313.59322992,16273.862923010973,99.99,-1232.9199999999998
5815.0,-161.87199647258348,-16.12,4.0,0.0,-161.87199647258348,566497.2941139272,-1152104.919974459,161.87199647258348,0.0,-16.12
5820.0,-11193.386562206904,-853.8000000000001,677.0,0.0,-11193.386562206904,100203996.71038926,-72422750.85984263,11193.386562206904,0.0,-853.8000000000001
5825.0,-247124.91247499487,-14925.72,8702.0,719.6086369301257,-247844.521111925,1342596371.9758036,-1650039707.828135,248564.12974885514,4256.33,-19182.05
5830.0,-20127.90580173375,-1192.6000000000001,992.0,0.6926347894415574,-20128.59843652319,145541612.61286914,-133136965.94002895,20129.291071312633,400.0,-1592.6000000000001
5835.0,-2426.783751035666,-268.8,48.0,0.0,-2426.783751035666,5546732.0209403485,-17872313.95644218,2426.783751035666,0.0,-268.8
5840.0,-93155.6858053606,-4171.24,5878.0,0.0,-93155.6858053606,1127716505.262716,-504796479.47899204,93155.6858053606,0.0,-4171.24
5845.0,-241.18922146143106,-28.64,4.0,0.0,-241.18922146143106,349697.7428070993,-1819028.67105985,241.18922146143106,0.0,-28.64
5850.0,-579253.4517785134,68114.76000000001,22885.0,32294.115776388837,-611547.5675549023,3709535797.579573,-4245440363.0645227,643841.6833312911,114337.27,-46222.51
5855.0,-84.64305638021915,-8.379999999999999,2.0,0.0,-84.64305638021915,292269.3457364621,-594087.4516610175,84.64305638021915,0.0,-8.379999999999999
5860.0,-17652.491891600544,-1237.2,1159.0,0.0,-17652.491891600544,183228485.21273908,-108391505.99576093,17652.491891600544,0.0,-1237.2
5865.0,-3132.806362284165,-371.79,51.0,0.0,-3132.806362284165,4479801.272014197,-23463379.01753654,3132.806362284165,0.0,-371.79
5870.0,-30501.523011441608,-1479.12,1969.0,0.0,-30501.523011441608,362903764.03636944,-168444251.28187475,30501.523011441608,0.0,-1479.12
5875.0,-231942.8868498285,2675.6099999999988,7101.0,6751.482669546047,-238694.36951937454,1171379038.4950306,-1629579526.8378663,245445.8521889206,21591.93,-18916.32
5880.0,-10776.616437358529,-652.07,788.0,0.36963068184424414,-10776.986068040373,123600870.33524184,-65443940.624188185,10777.355698722216,99.99,-752.06
5885.0,-24.956550146344128,-1.21,1.0,0.0,-24.956550146344128,210715.26593119587,-142342.5007553661,24.956550146344128,0.0,-1.21
5890.0,-12414.730612859612,-429.57,1082.0,0.623528233222246,-12415.354141092836,176478927.74002698,-68898880.93091059,12415.977669326057,199.98,-629.55
5895.0,-126.74889872925044,-6.15,5.0,0.0,-126.74889872925044,1063517.9468566717,-721300.231753839,126.74889872925044,0.0,-6.15
5900.0,-2609551.597051115,277430.52999999997,132922.0,144971.2533402836,-2754522.850391398,22954606384.2262,-17888037070.021297,2899494.103731682,455563.64999999997,-178133.12
5905.0,0.0,0.0,0.0,0.0,0.0,0.0,0.0,0.0,0.0,0.0
5910.0,-39121.8270391445,17021.19,1838.0,64.69877146831983,-39186.52581061282,258470525.42409328,-254369344.60590017,39251.22458208114,20097.989999999998,-3076.7999999999997
5915.0,-156.94018179794335,-7.5600000000000005,6.0,0.0,-156.94018179794335,1300394.6378389057,-889064.4240257837,156.94018179794335,0.0,-7.5600000000000005
5920.0,-10346.135422367299,-588.76,984.0,27.26448302391955,-10373.399905391218,147614032.64688453,-61368653.350782126,10400.664388415138,98.64,-687.4000000000001
5925.0,-508183.25003269,-21668.140000000003,20166.0,2809.2726706692793,-510992.5227033593,4004985121.509262,-3044446140.007506,513801.79537402856,9430.630000000001,-31098.770000000004
5930.0,-11241.931321439302,-603.88,781.0,0.0,-11241.931321439302,139118091.12855256,-62472196.67328665,11241.931321439302,0.0,-603.88
5935.0,-4993.486472924778,-240.49999999999997,185.0,0.0,-4993.486472924778,40853913.70301384,-28158377.25759595,4993.486472924778,0.0,-240.49999999999997
5940.0,-14248.938226068038,4406.91,1054.0,3.366492271525797,-14252.304718339563,173667940.1751817,-80496810.11077636,14255.671210611088,5200.0,-793.09
5945.0,-27.559541858669164,-1.32,1.0,0.0,-27.559541858669164,224020.69698507458,-154820.16897085228,27.559541858669164,0.0,-1.32
5950.0,-1174300.0153203895,1510.2399999999936,43290.0,31795.720340884716,-1206095.7356612743,7772302734.483398,-7734204584.982589,1237891.456002159,88047.01999999999,-86536.78
5955.0,-111.98975391816369,-5.36,4.0,0.0,-111.98975391816369,904493.8388716382,-627652.298341328,111.98975391816369,0.0,-5.36
5960.0,-27157.24801757578,-2419.15,951.0,0.9466559602054065,-27158.19467353599,122324500.96832389,-186396214.89426404,27159.141329496193,400.0,-2819.15
5965.0,-113.77202065575689,-5.4399999999999995,4.0,0.0,-113.77202065575689,912978.2574108159,-636144.2028326782,113.77202065575689,0.0,-5.4399999999999995
5970.0,-5451.352875125641,-18.640000000000008,385.0,62.25991296968665,-5513.612788095327,66621805.140599355,-31559544.66384072,5575.872701065014,296.85,-315.49
5975.0,-626583.0363593547,-33375.770000000004,15851.0,6738.5395993779985,-633321.5759587327,2798313745.0296774,-4122187631.5043707,640060.1155581108,17142.37,-50518.14000000001
5980.0,-12774.660387476066,1417.23,1312.0,5.261579190665226,-12779.921966666732,196692468.4065907,-69107079.09653547,12785.183545857397,2100.0,-682.77
5985.0,-293.28381921992843,-14.000000000000002,10.0,0.0,-293.28381921992843,2323137.115741105,-1632595.4915779987,293.28381921992843,0.0,-14.000000000000002
5990.0,-110657.04083290834,-4691.860000000001,4317.0,50.629732419953086,-110707.6705653283,946083555.7598993,-614656847.7656605,110758.30029774825,696.55,-5388.410000000001
5995.0,0.0,0.0,0.0,0.0,0.0,0.0,0.0,0.0,0.0,0.0
6000.0,-5973334.7470935155,39659575.15,1069583.0,16541722.377562614,-22515057.12465613,292999995588.6546,-250268154693.62885,39056779.502218746,41393812.57,-1734237.42
6005.0,-1014.3739839831577,4.929999999999993,19.0,50.693912500868635,-1065.0678964840263,2958506.527046601,-7446541.090958363,1115.761808984895,96.47,-91.54
6010.0,-50164.65829324858,-134.61999999999966,2598.0,9.44969383327087,-50174.10798708185,561834278.7748821,-262933300.10646033,50183.557680915124,2099.79,-2234.41
6015.0,-3640.7881955441526,-263.15999999999997,81.0,0.0,-3640.7881955441526,16175313.885470074,-22643357.682132725,3640.7881955441526,0.0,-263.15999999999997
6020.0,-13120.769861220382,-497.79999999999995,1348.0,1.19765463857633,-13121.967515858958,197246399.59057492,-76284692.30092253,13123.165170497534,400.0,-897.8000000000001
6025.0,-597034.9969960179,121221.56,17086.0,81029.86310669042,-678064.8601027083,3147537432.384373,-4894390483.943386,759094.7232093987,173592.02,-52370.46
6030.0,-27680.674242659334,522.8900000000001,1764.0,2.180146107593084,-27682.854388766926,337216782.8181467,-147844976.29233962,27685.03453487452,1900.0,-1377.11
6035.0,-908.8853388425057,-80.08,14.0,0.0,-908.8853388425057,2078916.6170663477,-6017038.84113231,908.8853388425057,0.0,-80.08
6040.0,-12332.53633735236,2001.5400000000002,1482.0,9.690131488106866,-12342.226468840465,228584928.38016725,-60914773.16607671,12351.916600328572,2499.75,-498.21
6045.0,-4557.008573289146,-375.87,79.0,0.0,-4557.008573289146,13642907.42617612,-29368719.694383908,4557.008573289146,0.0,-375.87
6050.0,-1988653.632152862,8624.090000000002,80424.0,63358.819749797774,-2052012.4519026596,13859582991.7526,-13033931493.19384,2115371.2716524573,162458.99,-153834.9
6055.0,-8148.8621122833865,-623.74,125.0,54.97782060056654,-8203.839932883953,18814078.11484413,-54298937.71078735,8258.81775348452,96.14,-719.88
6060.0,-15087.212173113352,-686.63,1071.0,0.577332694203745,-15087.789505807556,189191727.37958044,-82866818.51029249,15088.366838501759,199.99,-886.62
6065.0,-671.6848042880741,-59.099999999999994,10.0,0.0,-671.6848042880741,1503629.078163569,-4400254.635272316,671.6848042880741,0.0,-59.099999999999994
6070.0,-43203.41123827505,4286.549999999999,1544.0,360.63860706756,-43564.04984534261,235844377.78536016,-275395344.79297113,43924.68845241018,7776.3,-3489.75
6075.0,-565276.0544910589,-33065.090000000004,12473.0,2850.26960793498,-568126.3240989939,2491970506.1518173,-3492440186.502231,570976.5937069289,8316.15,-41381.24
6080.0,-20813.48411899292,-935.28,1496.0,0.257298954424064,-20813.74141794734,267570062.7504348,-112001908.26785928,20813.99871690177,200.0,-1135.28
6085.0,-1099.2286298814468,-96.48,16.0,0.0,-1099.2286298814468,2425197.4433488245,-7151006.045575487,1099.2286298814468,0.0,-96.48
6090.0,-18138.0560672992,8401.31,1068.0,36.910802220605646,-18174.966869519805,168141305.4287579,-106955965.77597156,18211.87767174041,9699.289999999999,-1297.98
6095.0,-2575.1188655925666,-220.13999999999996,39.0,0.0,-2575.1188655925666,6371925.313054006,-16529587.879042177,2575.1188655925666,0.0,-220.13999999999996
6100.0,-3597101.07531358,217270.61000000004,177797.0,273963.3796680193,-3871064.4549815995,34899600154.59183,-23927976321.5275,4145027.8346496187,478546.37000000005,-261275.75999999998
6105.0,-5200.057340167432,-455.84,74.0,0.0,-5200.057340167432,11305194.456656402,-33590292.28392472,5200.057340167432,0.0,-455.84
6110.0,-8048.6625444848905,706.6800000000001,691.0,5.405609387858197,-8054.068153872749,113760297.35183316,-44277242.39525807,8059.473763260607,1199.92,-493.24
6115.0,-4337.743810700238,-380.64,61.0,0.0,-4337.743810700238,9360003.655676981,-27903390.124440357,4337.743810700238,0.0,-380.64
6120.0,-9590.485943591839,2117.9599999999996,876.0,9.01471790169256,-9599.50066149353,151408310.79939505,-49488990.08670056,9608.515379395223,2599.7599999999998,-481.80000000000007
6125.0,-502692.6303629189,-11667.49,62601.0,7617.166372939021,-510309.7967358579,9734292239.841679,-2806253890.99624,517926.9631087969,21880.63,-33548.12
6130.0,-32214.166315523027,-1209.93,1150.0,130.54444506674977,-32344.710760589776,241555814.51849455,-180932979.6504252,32475.255205656526,593.28,-1803.21
6135.0,-11128.532251963152,-974.61,153.0,0.0,-11128.532251963152,23656315.434814338,-71071127.34162165,11128.532251963152,0.0,-974.61
6140.0,-97900.36732320205,-5254.14,2812.0,0.4535650491948699,-97900.82088825124,622338975.0449032,-548705226.0163302,97901.27445330044,99.99,-5354.13
6145.0,-1481.3086564309688,-39.74000000000001,22.0,63.21105816919796,-1544.5197146001667,3408972.3149196003,-10287877.281483138,1607.7307727693646,95.5,-135.24
6150.0,-1150294.0702589448,36594.53,34602.0,44602.95305282009,-1194897.023311765,6519330525.449182,-7419309618.569514,1239499.9763645849,128187.63,-91593.09999999999
6155.0,-2827.151461971802,-247.38000000000002,38.0,0.0,-2827.151461971802,5919391.889982396,-17923518.437876057,2827.151461971802,0.0,-247.38000000000002
6160.0,-36110.56839520023,7574.75,3897.0,114.96724205543453,-36225.535637255656,671202176.2467691,-180593751.45550457,36340.50287931109,9294.48,-1719.73
6165.0,-1279.3976993567546,-111.86,17.0,0.0,-1279.3976993567546,2658281.1368597215,-8079498.4339153,1279.3976993567546,0.0,-111.86
6170.0,-26701.835814957296,-735.7099999999999,3360.0,32.096370592052224,-26733.93218554935,551201175.8045994,-135309273.61462057,26766.028556141402,698.74,-1434.4499999999998
6175.0,-1235367.207338459,-35930.85999999999,22014.0,22493.512095066028,-1257860.719433525,4111788548.6987224,-7835001636.295801,1280354.2315285911,68790.70999999999,-104721.56999999999
6180.0,-52475.38077840841,-1637.1200000000003,1551.0,201.30202396776681,-52676.68280237617,343849234.88520485,-293065102.6122728,52877.98482634394,1285.69,-2922.8100000000004
6185.0,-5671.109799401183,-48.93999999999994,83.0,335.55249191159396,-6006.662291312778,13060078.211367294,-40017547.76973219,6342.214783224372,476.0,-524.9399999999999
6190.0,-49244.4807871004,-2909.89,1604.0,1.4657172485260326,-49245.94650434893,325304858.60885656,-278302294.4498956,49247.41222159746,299.96999999999997,-3209.8599999999997
6195.0,-3163.475549297839,169.54999999999995,50.0,340.73126706812667,-3504.2068163659656,7890232.466131128,-24283926.58950011,3844.9380834340923,475.54999999999995,-306.0
6200.0,-4465041.063855296,1254812.8900000001,182921.0,982497.584027076,-5447538.647882372,37854094501.05169,-37008600796.41768,6430036.231909448,1644171.35,-389358.46
6205.0,-10959.458948648387,-962.4399999999999,139.0,0.0,-10959.458948648387,21920332.711152893,-68207047.72843227,10959.458948648387,0.0,-962.4399999999999
6210.0,-52321.5373787031,-945.6100000000002,4113.0,41.10581218576111,-52362.64319088886,783591329.6853459,-260064379.17507797,52403.74900307463,1498.5099999999998,-2444.12
6215.0,-2807.883444695253,-255.57000000000002,35.0,0.0,-2807.883444695253,5304193.094224595,-17515821.355600815,2807.883444695253,0.0,-255.57000000000002
6220.0,-68053.55008540083,-4837.639999999999,2170.0,70.75002106095887,-68124.30010646179,403816122.4847595,-393618963.6518068,68195.05012752274,94.89999999999999,-4932.54
6225.0,-955613.7565615589,76105.75,70133.0,88766.62532872228,-1044380.3818902813,12463973037.738962,-6318645468.452084,1133147.0072190035,148568.42,-72462.67
6230.0,-68464.41516344278,-3495.64,1905.0,0.7637338918819565,-68465.17889733466,474222580.66536015,-368910855.19398046,68465.94263122654,199.99,-3695.63
6235.0,-1961.5064650875427,-173.74,24.0,0.0,-1961.5064650875427,3780364.0181468916,-12079001.229641484,1961.5064650875427,0.0,-173.74
6240.0,-38078.14337616215,3938.35,1527.0,245.87310341824605,-38324.0164795804,339598110.3726887,-204907800.35170573,38569.88958299864,6083.67,-2145.3199999999997
6245.0,-3389.6117771450713,-207.28000000000003,43.0,73.35273621005794,-3462.9645133551294,6915742.577736011,-21697552.842062257,3536.3172495651875,94.69999999999999,-301.98
6250.0,-3634456.997830371,-85396.7,84383.0,82225.02695868992,-3716682.024789061,23507238853.94339,-20631164985.55759,3798907.051747751,145780.71,-231177.41
6255.0,-421.3944921845477,-39.480000000000004,5.0,0.0,-421.3944921845477,738120.2956839126,-2597992.877516116,421.3944921845477,0.0,-39.480000000000004
6260.0,-57056.26072477793,-2069.4100000000003,1814.0,75.12542616312425,-57131.386150941056,455588164.346734,-297926122.05626607,57206.511577104175,796.99,-2866.4
6265.0,-4053.96295756216,-355.95,48.0,0.0,-4053.96295756216,7703263.084228328,-24632820.753373645,4053.96295756216,0.0,-355.95
6270.0,-27311.891291113596,-406.85999999999996,1321.0,42.53425473406202,-27354.42554584766,324142559.66083485,-134162823.47415528,27396.95980058172,798.37,-1205.23
6275.0,-2146637.538871923,-43556.54,46135.0,12619.048883050033,-2159256.587754973,13092933588.028332,-11504870855.733587,2171875.636638023,83188.45999999999,-126745.0
6280.0,-70417.13136607296,-1829.1400000000006,3307.0,704.3201341578455,-71121.45150023082,780007476.0270392,-360985789.3725745,71825.77163438866,1546.76,-3375.9000000000005
6285.0,-3263.187453458132,-335.11,37.0,0.0,-3263.187453458132,4762260.922883343,-20180260.116028372,3263.187453458132,0.0,-335.11
6290.0,-64026.003874792616,-2565.98,3104.0,278.5403185842534,-64304.54419337687,760280188.1966289,-323808498.0619399,64583.084511961126,781.13,-3347.11
6295.0,-3501.736011753867,-217.34000000000003,42.0,78.88380025396476,-3580.6198120078316,6868091.892842866,-21983257.06540836,3659.503612261796,94.26,-311.6
6300.0,-7278711.819449792,650207.0099999999,181066.0,656281.9421742248,-7934993.761624016,48324806713.90718,-46353661021.22682,8591275.70379824,1155596.41,-505389.4
6305.0,-2810.9215472868063,-193.61999999999998,42.0,0.0,-2810.9215472868063,10645420.095722597,-15663425.75728299,2810.9215472868063,0.0,-193.61999999999998
6310.0,-36941.52033985277,1944.93,1330.0,368.5046743273406,-37310.02501418011,368903114.93568426,-183682091.0982153,37678.52968850745,3584.32,-1639.3899999999999
6315.0,-2687.3228593922713,-75.22,44.0,0.04342510890028634,-2687.366284501172,11813723.132045437,-14612308.299149765,2687.409709610072,100.0,-175.22
6320.0,-31116.09286765855,-847.1,1222.0,46.442785226053815,-31162.535652884602,338256641.5819335,-151006031.77043507,31208.978438110655,598.14,-1445.24
6325.0,-807239.4035659829,317141.61,19495.0,114414.75564934219,-921654.159215325,4028575991.234332,-5903507988.476183,1036068.9148646672,384002.69,-66861.08
6330.0,-110167.73244149899,-3180.3800000000006,2994.0,94.83525079267903,-110262.56769229166,949519605.1086454,-531123527.00266594,110357.40294308434,1491.03,-4671.410000000001
6335.0,-4131.1407762798135,456.6,67.0,0.985022063839805,-4132.1257983436535,14145425.127346119,-23318412.36869221,4133.1108204074935,800.0,-343.4
6340.0,-68112.34179168464,-1335.1100000000001,1926.0,95.26599444435361,-68207.60778612898,563520087.3493614,-337099089.9381599,68302.87378057334,1793.6799999999998,-3128.79
6345.0,-4297.020580013405,329.49,76.0,94.61475202839146,-4391.635332041797,20869682.378488727,-23865215.32919204,4486.250084070189,590.8100000000001,-261.32
6350.0,-3443905.9681202318,360172.94,78524.0,127933.8730839012,-3571839.841204133,22210128722.830704,-19256100818.65671,3699773.714288034,581273.27,-221100.33
6355.0,-13556.141039895921,-773.54,189.0,171.7633398983916,-13727.904379794312,48265797.55252369,-76522104.001881,13899.667719692703,187.42000000000002,-960.9599999999999
6360.0,-61343.63158454827,-846.1899999999999,2543.0,228.06008858584082,-61571.691673134104,684311819.4780354,-291979228.0733239,61799.75176171994,1785.1399999999999,-2631.33
6365.0,-25471.213646823864,-181.5899999999999,442.0,93.03870409285112,-25564.252350916715,140947663.03742322,-130071638.35745241,25657.291055009566,1093.51,-1275.1
6370.0,-45511.469533706244,2802.08,1664.0,1156.9761695395523,-46668.445703245794,467591440.00062907,-231329867.08529308,47825.421872785344,4924.04,-2121.96
6375.0,-1951979.2030419435,237712.26999999996,43756.0,126797.45122730605,-2078776.6542692496,13131239254.571087,-11292132829.597416,2205574.1054965556,355913.29,-118201.02000000002
6380.0,-60739.41062881652,-2414.71,1814.0,0.9493230634785887,-60740.35995188,522804375.22073203,-300430388.7688477,60741.30927494347,700.0,-3114.71
6385.0,-12744.75676974156,-477.96,177.0,97.1554342210106,-12841.91220396257,47187734.65042544,-69727021.201028,12939.067638183582,393.29,-871.25
6390.0,-150430.90871163376,-11979.479999999998,2289.0,1452.6318192649635,-151883.54053089872,453307232.5207628,-876166331.5368726,153336.1723501637,3005.4,-14984.88
6395.0,-7895.444684090791,-469.99,102.0,4.445929485456125,-7899.890613576248,26027429.56287193,-42926952.1463694,7904.336543061703,99.92,-569.91
6400.0,-9184708.366007319,878683.5299999999,180996.0,792251.0553101622,-9976959.42131748,48486638434.00352,-57172893037.73875,10769210.476627644,1536376.51,-657692.98
6405.0,-34256.421133747295,-1564.5600000000004,398.0,731.6208875765944,-34988.04202132389,54941314.71754123,-209798476.37890622,35719.662908900485,2238.25,-3802.8100000000004
6410.0,-80470.70733098286,770.27,2262.0,1197.7967605575495,-81668.50409154041,755995079.222153,-387537241.0773542,82866.30085209796,4335.98,-3565.71
6415.0,-3277.912144950038,2280.08,92.0,2392.2538087592807,-5670.165953709319,15835990.256623434,-47380477.0431734,8062.4197624686,2826.75,-546.6700000000001
6420.0,-125145.19207457834,-4939.31,2567.0,168.69424138482142,-125313.88631596316,782418241.3367606,-627049816.439865,125482.58055734797,1490.34,-6429.650000000001
6425.0,-1102993.1101997548,217601.37,24943.0,198636.90904911907,-1301630.019248874,5904447402.527793,-8178740142.330426,1500266.928297993,311213.45999999996,-93612.09
6430.0,-101982.75694614442,-3678.8599999999997,1816.0,227.5240997325948,-102210.28104587703,548790674.2428981,-516632704.1525339,102437.80514560961,1791.35,-5470.21
6435.0,-8519.332772387681,-81.03000000000017,108.0,93.3556466059483,-8612.688418993628,25687273.160316113,-47258047.474391624,8706.044065599577,597.8399999999999,-678.87
6440.0,-80026.39768856045,3437.9200000000005,1753.0,633.2833533837052,-80659.68104194415,520907559.96546584,-401140806.8018493,81292.96439532786,7570.8,-4132.88
6445.0,-19206.347079005067,1237.06,296.0,434.6071468435928,-19640.95422584866,91039172.6899309,-102291965.28332503,20075.561372692253,2389.68,-1152.62
6450.0,-2284672.7467184397,783160.7099999998,62323.0,1156825.8766752128,-3441498.6233936525,66644754358.792885,-21173782856.04814,4598324.500068866,1059693.0599999998,-276532.35
6455.0,-20948.34717837675,-354.2200000000001,322.0,114.8464513398103,-21063.19362971656,116206886.5756955,-102455698.21380706,21178.04008105637,597.2399999999999,-951.4599999999999
6460.0,-83089.76477248795,14834.9,2595.0,655.953773371957,-83745.71854585991,729032881.3144565,-397221394.89856,84401.67231923188,18561.95,-3727.0499999999997
6465.0,-2018.7265015416915,35.70000000000002,28.0,121.52478341072157,-2140.2512849524132,7587780.340899228,-11943195.521968476,2261.7760683631345,192.05,-156.35
6470.0,-64195.34732052985,607.94,1716.0,1126.532419009693,-65321.87973953954,539816216.452408,-315584697.45527875,66448.41215854924,3817.55,-3209.61
6475.0,-1003954.9975227129,448349.2,25353.0,208116.74395188713,-1212071.7414746,5795217611.476603,-7568542923.312053,1420188.4854264872,538349.2100000001,-90000.01
6480.0,-59383.20571302303,12656.12,1512.0,2440.1040875340395,-61823.30980055708,470837179.44407254,-304753078.2906565,64263.41388809111,15425.550000000001,-2769.43
6485.0,-23632.652921686244,-803.1200000000001,299.0,770.8255176596019,-24403.478439345847,87428050.82851464,-129863766.76569246,25174.30395700545,845.18,-1648.3
6490.0,-125417.74867487272,12820.240000000002,2901.0,1547.7097571574986,-126965.45843203022,870493218.7742714,-620459962.0459611,128513.16818918772,19634.3,-6814.06
6495.0,-33824.20051979348,-1703.92,439.0,208.23320691922575,-34032.433726712705,150811550.59167036,-168688554.19578058,34240.66693363193,184.48,-1888.4
6500.0,-8511024.066888887,2910595.9000000004,209217.0,3097842.7517228783,-11608866.818611765,54798533181.90013,-76878878192.94681,14706709.570334645,3754245.0100000002,-843649.11
6505.0,-53239.4282655628,-1673.23,735.0,309.5265039313323,-53548.95476949413,276588703.86704355,-256567819.19923323,53858.48127342547,786.7399999999999,-2459.97
6510.0,-115399.8370472561,6557.0599999999995,2479.0,318.4515344779882,-115718.28858173409,801253275.8960392,-543055317.7772002,116036.74011621207,11882.6,-5325.54
6515.0,-10815.796215821581,408.33000000000004,147.0,496.9141042165369,-11312.710320038119,47510167.95501369,-58927743.65769337,11809.624424254656,1073.39,-665.0600000000001
6520.0,-191636.0430096543,-7149.94,2795.0,1008.8037349369254,-192644.84674459122,951636816.1686839,-936958856.7724617,193653.65047952815,2739.35,-9889.29
6525.0,-658849.5651066679,423244.61,18259.0,246147.87751424822,-904997.4426209162,3907211127.7023296,-6107445093.950325,1151145.3201351643,494449.44999999995,-71204.84
6530.0,-112268.33672049393,15331.490000000002,2596.0,5425.962033689446,-117694.29875418337,788980743.982109,-591554379.3281363,123120.26078787282,21712.420000000002,-6380.93
6535.0,-8300.14850704246,-350.46,96.0,70.56489659895632,-8370.713403641417,30040553.60993821,-42130591.5770811,8441.278300240374,198.06,-548.52
6540.0,-82872.3744367218,516.6799999999997,1550.0,433.90760266373854,-83306.28203938554,496883625.9071214,-398553743.2129643,83740.18964204927,5073.15,-4556.47
6545.0,-11599.106501323342,4027.3200000000006,230.0,6695.586823044023,-18294.693324367363,45732913.97770712,-135501792.12636635,24990.280147411388,5603.96,-1576.6399999999999
6550.0,-3256628.4854809754,194506.19,52440.0,526751.4022224498,-3783379.8877034253,13445756384.022875,-22243309001.67731,4310131.289925875,487360.68000000005,-292854.49
6555.0,-9014.433199220075,2772.93,143.0,1706.8960580585708,-10721.329257278645,37691460.59719432,-64191653.46566222,12428.225315337217,3531.04,-758.11
6560.0,-171657.42566842446,11161.21,2681.0,3055.175630324616,-174712.60129874907,752475225.6176299,-876541427.7467155,177767.77692907368,22946.16,-11784.95
6565.0,-27842.400958349754,-1878.5299999999997,279.0,41.257776683114024,-27883.658735032866,79391659.35067467,-140079922.65017825,27924.916511715983,98.83,-1977.36
6570.0,-156342.67970308152,-3700.2999999999997,2217.0,1914.8368484691835,-158257.51655155068,700255429.2759001,-774863179.591119,160172.35340001987,5366.59,-9066.89
6575.0,-1139970.1300102458,383971.68999999994,25268.0,338719.71298792656,-1478689.8429981724,6124141173.371166,-9310864046.672731,1817409.555986099,497814.86,-113843.17
6580.0,-63856.144725220794,10650.28,1634.0,3218.57455768782,-67074.71928290861,509524861.0047943,-323422466.2645241,70293.29384059642,13972.130000000001,-3321.8499999999995
6585.0,5779.691079168186,22568.930000000004,528.0,30694.45300884382,-24914.76192967563,138920961.79526827,-295492095.2675304,55609.21493851945,24030.47,-1461.54
6590.0,-171052.89490718438,16453.730000000003,3222.0,28122.497220449313,-199175.39212763368,1006371103.7368566,-1097198864.3079853,227297.889348083,26602.200000000004,-10148.470000000001
6595.0,-28131.710434022778,-683.12,311.0,876.3156795595853,-29008.026113582368,106157282.82093816,-143901687.459838,29884.341793141954,1047.4299999999998,-1730.55
6600.0,-7778240.52920148,2830894.45,167449.0,2786386.378122253,-10564626.907323733,59428085240.12123,-65794966948.72236,13351013.285445984,3567189.88,-736295.43
6605.0,-8422.159783550938,3638.8000000000006,180.0,5276.38304689393,-13698.542830444869,44802125.6054009,-97928145.65475026,18974.9258773388,4722.030000000001,-1083.23
6610.0,-162365.32105029782,20464.39,3356.0,8809.942807088528,-171175.26385738637,1140303142.247288,-825062569.0607741,179985.20666447488,28942.66,-8478.27
6615.0,-9155.26126414566,1862.6899999999998,138.0,2137.6737608798944,-11292.935025025554,40365803.92154535,-66858352.093450874,13430.60878590545,2678.43,-815.74
6620.0,-389436.5989198804,52249.14,5769.0,15736.039952187533,-405172.63887206797,1971974035.8062696,-1969856111.533383,420908.6788242555,74852.35,-22603.21
6625.0,-1200276.9827107375,479409.37,25399.0,476190.68734096637,-1676467.670051704,6392253520.341331,-10773267873.742498,2152658.35739267,595627.07,-116217.7
6630.0,-92509.81827098041,47192.97,2798.0,37760.80694071123,-130270.62521169163,1038150348.0575045,-774443462.4672271,168031.43215240285,53354.240000000005,-6161.2699999999995
6635.0,-43076.22033790701,-2703.2999999999997,356.0,676.5910724640896,-43752.8114103711,66725767.448428005,-224532584.64157647,44429.4024828352,1074.31,-3777.6099999999997
6640.0,-135411.00407161546,8966.16,2747.0,8805.990048909767,-144216.99412052523,1108421180.9265652,-672349297.4980047,153022.98416943502,15206.039999999999,-6239.88
6645.0,-9409.233291165076,20799.72,437.0,13946.494883069217,-23355.728174234293,125455808.91779023,-188810944.82799366,37302.22305730351,22529.780000000002,-1730.06
6650.0,-2157537.8008039407,1549852.02,68104.0,1741350.1232172917,-3898887.924021232,27692835573.82925,-27102407384.372932,5640238.047238524,1820492.32,-270640.3
6655.0,-14458.681837194563,1724.06,175.0,2003.7950158825047,-16462.476853077067,51406081.65612559,-89742200.96598153,18466.27186895957,2922.42,-1198.36
6660.0,-128679.11939595926,13557.710000000001,2194.0,7785.856340849401,-136464.97573680864,806315492.3098576,-655800905.2772422,144250.83207765807,21075.4,-7517.69
6665.0,-12318.842052859609,-26.27000000000001,121.0,1022.2677739376279,-13341.109826797237,30198620.03515997,-70299843.87023184,14363.377600734864,1039.83,-1066.1000000000001
6670.0,-109397.42662824584,112996.70999999999,6043.0,93054.60678829768,-202452.0334165435,2250115545.994,-1332979387.8030825,295506.6402048412,122097.09,-9100.38
6675.0,-1502363.8502148858,693511.7,36326.0,881506.1070906715,-2383869.9573055576,9888460508.78563,-16011093072.701921,3265376.064396229,879719.96,-186208.26
6680.0,-243684.3378815325,10391.589999999998,4053.0,19292.155861391402,-262976.4937429239,1704674317.2045124,-1232118100.0552993,282268.6496043153,22180.46,-11788.87
6685.0,-10706.5192512227,3856.9100000000003,209.0,6314.950515096251,-17021.46976631895,64904801.937860504,-112853985.34787044,23336.420281415205,4906.0599999999995,-1049.15
6690.0,-150960.41340561924,2608.6900000000005,2307.0,9708.369154258953,-160668.7825598782,1110536486.0464044,-738638999.6560793,170377.15171413714,10594.13,-7985.44
6695.0,-160130.4728984049,-9827.97,1474.0,995.4311632360005,-161125.90406164087,473524791.5365135,-753470526.5171602,162121.33522487688,1111.74,-10939.71
6700.0,-7523704.049184755,3049000.4,171954.0,4675287.548057357,-12198991.597242111,64621938774.64782,-79914992613.72775,16874279.14529947,3939981.97,-890981.57
6705.0,-12660.44850934287,4588.86,352.0,4817.184141532669,-17477.632650875537,122128300.8392185,-103962791.43022801,22294.816792408208,5796.26,-1207.4
6710.0,-127209.90673504861,32206.64,2435.0,30793.872756015757,-158003.77949106437,921464464.4102846,-847428003.731346,188797.65224708014,39832.28,-7625.639999999999
6715.0,-2726.9690143082935,19596.66,556.0,14708.77380626772,-17435.74282057601,213018159.4509756,-148908368.93370524,32144.51662684373,20440.22,-843.56
6720.0,-175494.97683072434,3737.350000000001,2055.0,7806.827696064091,-183301.80452678842,813575031.8016734,-844099332.6653178,191108.63222285252,12990.86,-9253.509999999998
6725.0,-3390666.79129935,456875.97000000003,50672.0,855332.8051589851,-4245999.596458335,14042816178.662786,-24080632056.403534,5101332.40161732,810034.5800000001,-353158.61
6730.0,-161243.36090162044,18257.739999999998,2209.0,16024.860026155642,-177268.2209277761,915599704.5795364,-845486109.6824774,193293.08095393173,26927.94,-8670.2
6735.0,-25570.454912875524,3896.9300000000003,689.0,7379.762789339744,-32950.21770221527,279512650.0693702,-175240873.221442,40329.98049155501,5455.09,-1558.16
6740.0,-196043.50248447908,30416.57,2947.0,21093.807423057464,-217137.30990753655,1586774409.4380753,-1000842666.8629481,238231.11733059402,41810.35,-11393.78
6745.0,-245722.2823232504,-17407.97,1909.0,2580.608623187985,-248302.8909464384,421510376.26172066,-1176076898.3672915,250883.49956962638,3306.6400000000003,-20714.61
6750.0,-4640923.998668447,1434771.72,91647.0,2444162.7233476606,-7085086.722016108,31301664395.67605,-43518855321.155815,9529249.445363767,1887910.54,-453138.82
6755.0,-23726.014237277275,866.9399999999998,467.0,1555.596676923088,-25281.610914200362,188312315.5320067,-114139652.2329261,26837.20759112345,2238.42,-1371.48
6760.0,-173446.32653945388,14030.36,2600.0,21636.78393480148,-195083.11047425534,1154977881.5765154,-915815279.5255147,216719.8944090568,23020.91,-8990.55
6765.0,-20021.606517564647,-185.7199999999998,439.0,1685.5850182726604,-21707.191535837308,153330451.17808253,-104104682.86429247,23392.77655410997,1733.78,-1919.5
6770.0,-210076.79669137148,8824.309999999998,2767.0,14570.513513638323,-224647.3102050098,1176273935.3537712,-1019295648.7605896,239217.8237186481,20161.699999999997,-11337.39
6775.0,-1478345.3739762648,556877.02,30333.0,967817.1629161001,-2446162.536892365,9587139467.304415,-15579066487.16617,3413979.6998084653,729865.35,-172988.33
6780.0,-197940.4114292773,25882.93,2817.0,28244.333840110805,-226184.7452693881,1188716440.330628,-1085234445.4585822,254429.0791094989,37665.399999999994,-11782.47
6785.0,-38948.75233013205,1280.04,590.0,4867.234405836721,-43815.98673596877,229135980.53743768,-210783076.30014685,48683.22114180549,4010.89,-2730.85
6790.0,-104458.06817171421,70260.54000000001,2725.0,66276.1760615401,-170734.2442332543,1187231896.495369,-1021124029.6830872,237010.42029479443,78359.37000000001,-8098.83
6795.0,-34485.37578825953,3171.4300000000003,745.0,5207.399291128591,-39692.77507938812,331184419.7828506,-183176555.87365285,44900.17437051671,4796.750000000001,-1625.3199999999997
6800.0,-8370046.732823587,4261555.87,204402.0,7365121.768639186,-15735168.501462772,63306427906.98615,-104201244626.83195,23100290.27010196,5390364.37,-1128808.5
6805.0,-18507.922433596967,9304.02,588.0,12317.346324600408,-30825.268758197377,257544348.10562313,-182347470.76898816,43142.61508279778,10595.82,-1291.8000000000002
6810.0,-215476.95820221098,22115.97,3172.0,37391.11702257608,-252868.07522478706,1407289512.0185533,-1205498439.1603453,290259.19224736316,33967.55,-11851.58
6815.0,-70065.61713329644,2472.0000000000005,1115.0,9469.821779629907,-79535.43891292634,510022599.89014524,-363620665.3956385,89005.26069255626,5824.33,-3352.33
6820.0,-281007.13855705084,31097.739999999998,4267.0,63108.01370432886,-344115.1522613797,1979752648.760404,-1677774374.6385074,407223.16596570855,46266.14,-15168.400000000003
6825.0,-344146.88066501205,1293037.49,42658.0,2470579.812832135,-2814726.693497147,12395013684.91108,-23944296077.095734,5285306.506329282,1495652.59,-202615.1
6830.0,-360966.64067995205,13167.710000000001,4758.0,31238.19369741404,-392204.8343773661,2315785372.818284,-1699659174.3773062,423443.02807478013,30494.88,-17327.170000000002
6835.0,-6000.060350889018,5149.16,635.0,8143.852917346737,-14143.913268235754,271471067.1925296,-88809402.50238037,22287.76618558249,5799.92,-650.76
6840.0,-461798.5109083264,-50.51999999999998,4525.0,25352.847972954507,-487151.3588812809,2328599377.595421,-2055853007.9104278,512504.20685423544,21601.64,-21652.16
6845.0,-46120.06540427557,9680.85,2024.0,2555.904534452036,-48675.969938727605,960465932.6219631,-180351925.25073892,51231.87447317964,12047.99,-2367.14
6850.0,-3364045.7365364903,3674316.3,133705.0,6909550.982026203,-10273596.718562692,43536243012.15244,-75237195815.05896,17183147.700588897,4361116.8,-686800.5
6855.0,-32524.091541775837,3067.4700000000003,864.0,7813.819539810997,-40337.91108158683,432848565.8470457,-188542457.25454995,48151.73062139783,5016.7300000000005,-1949.26
6860.0,-283917.7954586858,12383.429999999998,3277.0,23047.62548580941,-306965.4209444952,1611094190.9742901,-1318344009.5134654,330013.0464303046,26867.44,-14484.01
6865.0,-39991.581999105605,2986.6200000000003,1000.0,7360.561360516172,-47352.14335962178,478707319.21268326,-214387770.3350465,54712.70472013795,5558.29,-2571.6699999999996
6870.0,-313935.3923981703,6230.989999999999,3284.0,12241.649387925463,-326177.0417860958,1679262775.2570696,-1323262000.523276,338418.6911740213,21262.079999999998,-15031.09
6875.0,34392.83062957096,1643087.6400000001,45449.0,3078881.175257488,-3044488.3446279173,12681326853.3174,-26849733778.94249,6123369.519885406,1865253.35,-222165.71000000002
6880.0,-544992.5911936639,-11891.91,5155.0,12752.300174306416,-557744.8913679704,2671786722.791172,-2228944241.019236,570497.1915422768,12720.9,-24612.81
6885.0,-30836.314665774404,443.9799999999998,614.0,3446.585451543641,-34282.900117318044,285696293.3068266,-148266969.3309322,37729.48556886168,2634.0,-2190.0200000000004
6890.0,-813411.657289762,56357.530000000006,8511.0,99996.9500165788,-913408.607306341,4795213837.584116,-3884703544.858329,1013405.5573229197,91802.16,-35444.63
6895.0,-83741.92641920385,-358.04999999999995,2077.0,3579.2626796437653,-87321.18909884762,1193383308.4497533,-317266866.91292846,90900.45177849138,2635.29,-2993.34
6900.0,-7164387.619236678,4551272.43,204243.0,10370002.799163116,-17534390.418399792,111725657722.20311,-113312345309.28006,27904393.21756291,5732240.43,-1180968.0
6905.0,-43731.46195827959,466.22999999999956,955.0,6115.294551141179,-49846.756509420775,483205475.94562876,-213885725.89989614,55962.05106056196,3438.7099999999996,-2972.48
6910.0,-39227.96014103208,288626.94,6219.0,270792.7450310644,-310020.7051720965,3159684843.148469,-2348364080.7248936,580813.4502031609,303022.76999999996,-14395.83
6915.0,-30252.073844104736,4883.0199999999995,1268.0,12107.355366376252,-42359.42921048099,722351566.6007775,-195205569.10714585,54466.78457685724,6603.3,-1720.28
6920.0,-345943.2936589108,8783.88,3215.0,24928.24056307623,-370871.534221987,1817831200.270457,-1494004340.8565426,395799.7747850633,24026.68,-15242.800000000001
6925.0,-494319.94556019065,1038114.96,35336.0,2430196.208801123,-2924516.154361313,10487322084.44587,-22433472380.578434,5354712.363162436,1253344.58,-215229.62
6930.0,-453842.8952345647,52.3599999999995,4377.0,22014.095834893957,-475856.9910694587,2180646053.1481752,-1900752335.985486,497871.08690435265,26010.39,-25958.030000000002
6935.0,-89232.90243648642,12737.11,1732.0,45951.56445170635,-135184.46688819278,697345886.4239825,-733539003.9192703,181136.0313398991,23460.34,-10723.23
6940.0,-391415.7884964114,-938.4700000000003,3030.0,18970.903067732994,-410386.69156414433,1634333928.9194288,-1622079165.5851533,429357.5946318774,17186.600000000002,-18125.07
6945.0,-54673.15454507686,1462.1299999999999,1123.0,6379.373704027761,-61052.528249104624,673488640.4474818,-239389681.97289857,67431.90195313239,4119.81,-2657.68
6950.0,-4886262.934797343,2036664.55,92995.0,4130068.2777089505,-9016331.212506292,36600416889.88969,-52141399465.14133,13146399.490215244,2576321.48,-539656.9299999999
6955.0,-42918.08357738958,2645.3899999999994,901.0,9249.491373302832,-52167.57495069241,526894262.09286624,-222247292.1700056,61417.06632399524,5108.25,-2462.86
6960.0,-408716.9572541674,91625.31999999999,5387.0,80915.98343246953,-489632.94068663695,2598082682.176342,-2135274633.8368475,570548.9241191065,114380.56999999999,-22755.25
6965.0,-47553.3646489043,1876.89,997.0,8087.976749491634,-55641.34139839594,595526060.4802008,-226645880.98739877,63729.31814788757,4549.29,-2672.4
6970.0,-321403.2018642028,13296.529999999997,4223.0,48205.61829558008,-369608.8201597829,2440648982.80232,-1523435945.9480011,417814.438455363,29546.72,-16250.19
6975.0,-2218126.9309914964,595322.93,34865.0,1595824.959710156,-3813951.890701653,18846611187.988247,-20599081156.845505,5409776.850411809,831857.13,-236534.2
6980.0,-578037.2977134137,-8097.390000000002,4880.0,29685.383976451853,-607722.6816898655,3365083826.881409,-2268581164.0006785,637408.0656663175,18946.829999999998,-27044.22
6985.0,-64820.25496211824,-1463.9199999999996,1343.0,3342.1294954835766,-68162.38445760183,877123669.5683199,-239920105.94665337,71504.5139530854,2071.76,-3535.68
6990.0,-1640510.5983818243,-46334.31,10547.0,16749.068916729644,-1657259.6672985537,5662190156.18786,-6112536781.408961,1674008.7362152834,30246.96,-76581.26999999999
6995.0,-430642.60858852527,-11803.4,2964.0,4990.829919167784,-435633.43850769306,2060740058.23829,-1539366897.5616968,440624.2684268608,3613.8500000000004,-15417.249999999998
7000.0,-13523748.706398556,70351181.95,1845216.0,139860461.52694777,-153384210.2333463,1406363124562.7412,-1082746979178.9565,293244671.7602941,79434553.01,-9083371.06
7005.0,-109670.33177732634,24049.56,1889.0,50452.9038077607,-160123.23558508704,1196115334.3595235,-753684276.9567254,210576.13939284772,30763.83,-6714.2699999999995
7010.0,-414453.73425420356,36186.71,3739.0,40400.988355570145,-454854.7226097737,1837522923.0567577,-1786178450.5023327,495255.71096534387,58478.04,-22291.329999999998
7015.0,-154383.74948445396,4285.26,1633.0,17619.20035559125,-172002.94984004518,1147153062.1392698,-650804728.6515195,189622.15019563644,10345.9,-6060.639999999999
7020.0,-573879.6928272111,-7311.829999999999,4209.0,29163.949366055425,-603043.6421932664,2213721809.3513484,-2262324029.3739142,632207.591559322,21563.53,-28875.36
7025.0,-4309008.067186247,256942.99,42567.0,1117163.0819108232,-5426171.14909707,29024227023.005383,-22978227424.464428,6543334.231007894,533729.04,-276786.05
7030.0,-597763.7077870809,49051.409999999996,7185.0,161749.57720491226,-759513.2849919931,6078762793.858242,-3111081780.7688227,921262.8621969053,82361.83,-33310.42
7035.0,-328982.21006975404,-4514.24,3788.0,9725.730585556581,-338707.94065531064,2919578822.72645,-1129061461.7440658,348433.6712408672,5990.950000000001,-10505.19
7040.0,-637179.7523249944,-2766.059999999999,4725.0,41797.733169529834,-678977.4854945242,3304541036.821698,-2465435570.111996,720775.2186640541,26615.48,-29381.539999999997
7045.0,-234888.30841251079,-4111.219999999999,1387.0,11644.685343546555,-246532.99375605735,928457334.2797911,-886679557.2086236,258177.6790996039,5643.72,-9754.939999999999
7050.0,-7015042.136400587,946888.8899999999,77843.0,3382930.0252756197,-10397972.161676208,38951206980.40991,-49355726475.82558,13780902.186951827,1540774.49,-593885.6
7055.0,-113716.3667386958,32048.639999999996,1343.0,67506.93294629897,-181223.29968499474,914574420.2168727,-868857563.8562772,248730.2326312937,38874.59999999999,-6825.96
7060.0,-499480.1142825113,-9896.05,9469.0,26666.800846660208,-526146.9151291716,1704029320.2383516,-1903980007.8067043,552813.7159758317,13531.15,-23427.2
7065.0,-62932.00532749581,253.5799999999996,420.0,7443.132339580288,-70375.1376670761,274956782.38734084,-264983438.3060499,77818.27000665638,3228.4399999999996,-2974.8599999999997
7070.0,-332680.7016448432,20421.600000000002,2593.0,74564.53506768933,-407245.2367125325,1620201730.7903259,-1648707913.5682387,481809.7717802219,38403.21,-17981.61
7075.0,-2199819.4565877714,326418.31999999995,26370.0,1285524.755617552,-3485344.2122053234,11342819027.195704,-16888733233.167793,4770868.967822875,545320.35,-218902.03
7080.0,-686619.0509718787,-2604.109999999998,4084.0,50503.787306275975,-737122.8382781547,2491249324.552962,-2645541968.58789,787626.6255844306,28005.64,-30609.749999999996
7085.0,-161152.00187213207,2609.36,1005.0,24409.56993026753,-185561.57180239962,677533964.6117941,-702007049.2333931,209971.14173266714,9484.66,-6875.299999999999
7090.0,-2454666.5948723336,-77297.88,11589.0,20376.796372627257,-2475043.391244961,7119615882.750253,-8303813288.032933,2495420.187617588,26632.829999999998,-103930.71
7095.0,-203458.4062765453,-534.339999999999,1158.0,25105.069361523547,-228563.47563806886,620098867.769715,-855725660.1021557,253668.5449995924,10432.93,-10967.269999999999
7100.0,-12480253.712109191,1637617.96,126411.0,6643086.850307175,-19123340.562416367,55790265379.48583,-88974069340.25673,25766427.41272354,2803138.71,-1165520.75
7105.0,-5259551.5875048265,-198476.18,22219.0,24198.770037877766,-5283750.357542705,14155660449.675455,-17409674090.026993,5307949.127580582,9376.31,-207852.49
7110.0,-5933756.683265137,-268792.49,25332.0,58828.33001596306,-5992585.0132810995,12350544883.407627,-20268801603.212013,6051413.343297062,26248.01,-295040.5
7115.0,-195652.07316664522,-1381.8699999999994,1152.0,15574.468505317296,-211226.5416719625,868530400.8568504,-728971905.0813475,226801.01017727982,6608.99,-7990.86
7120.0,-760243.7953037255,57233.25,5740.0,237922.79383614112,-998166.5891398666,3613599562.4965053,-4070495757.249734,1236089.3829760079,102590.40000000001,-45357.15
7125.0,-4430633.216656176,491745.94999999995,41660.0,2376979.448398304,-6807612.665054481,18365172128.914238,-30913702498.336243,9184592.113452785,912937.38,-421191.43
7130.0,-572215.8193649676,20947.38,3951.0,133752.27559633038,-705968.094961298,2604024118.867461,-2706394327.6899204,839720.3705576283,48948.439999999995,-28001.06
7135.0,-221128.96609076846,3478.23,1203.0,29407.641114836588,-250536.60720560505,880083842.7248057,-888880015.0735598,279944.24832044163,12300.25,-8822.02
7140.0,-2852313.1736568375,-74888.65,15074.0,43784.99908713529,-2896098.172743973,14273590894.526026,-8871697535.700333,2939883.171831108,17920.02,-92808.67
7145.0,-458010.5349433643,-3725.3700000000013,2932.0,20767.24429711326,-478777.77924047754,2885273046.0144,-1505917714.7769537,499545.0235375908,8214.529999999999,-11939.9
7150.0,-10891779.647694264,1187427.5599999998,101892.0,5664528.139634853,-16556307.787329117,58488589587.90477,-71777446088.24141,22220835.92696397,2096250.96,-908823.4
7155.0,-5588914.048169171,-215737.61000000002,20963.0,19113.594059517556,-5608027.642228689,13438629278.7858,-17566351575.069904,5627141.236288207,7070.46,-222808.07
7160.0,-6179030.671813111,-292736.01,23750.0,34724.18254661255,-6213754.854359724,11618904587.705162,-19840218943.635567,6248479.036906336,15512.1,-308248.1099999999
7165.0,-205528.89413043606,3763.5599999999986,1126.0,35133.71709317425,-240662.6112236103,794914424.6995635,-853908631.2229652,275796.3283167846,12980.06,-9216.5
7170.0,-514256.9628408531,3060.499999999998,3327.0,77101.61830783793,-591358.581148691,2077937963.510991,-2070004091.2244756,668460.199456529,29284.449999999997,-26223.95
7175.0,-4612774.2349445475,361777.29000000004,37033.0,2074365.5783634915,-6687139.81330804,18092721936.14982,-27654490425.1411,8761505.39167153,750684.03,-388906.74
7180.0,-741654.4601876899,-10640.060000000001,3575.0,63579.24417447073,-805233.7043621606,2246887320.0427256,-2660736977.6715183,868812.9485366313,24359.54,-34999.6
7185.0,-214211.6669291205,7616.800000000001,1310.0,53128.46416888205,-267340.13109800254,1044621083.6191504,-966603129.727148,320468.5952668846,17331.86,-9715.06
7190.0,-1357535.4591325887,-22678.300000000003,6248.0,108486.94903046661,-1466022.4081630553,4266271240.6323423,-4744281368.432508,1574509.357193522,39535.09,-62213.39
7195.0,-263591.11758963054,1306.5300000000007,1342.0,33999.30457097802,-297590.4221606086,1104786113.158573,-980672682.7583423,331589.7267315866,12095.71,-10789.18
7200.0,-19035519.425665833,3529837.9400000004,205811.0,16365757.106681252,-35401276.53234708,109689572411.82938,-159128629573.8011,51767033.63902834,5422486.180000001,-1892648.24
7205.0,-295105.5634906624,3520.7700000000004,1855.0,46010.93406020294,-341116.49755086534,1234865207.988675,-1135476687.0062802,387127.4316110683,15327.11,-11806.34
7210.0,-446199.8054368127,129111.25000000003,6500.0,485480.8382024213,-931680.643639234,4575771592.368248,-4248473883.916244,1417161.4818416554,167847.69000000003,-38736.44
7215.0,-225736.2729597581,2990.8699999999994,1220.0,38976.08529524699,-264712.3582550051,934559282.0671802,-885163547.7036006,303688.44355025206,12894.9,-9904.03
7220.0,-726386.471440692,-5439.810000000001,3477.0,75390.20077586574,-801776.6722165577,2262081685.5461116,-2563474886.820752,877166.8729924235,31520.13,-36959.94
7225.0,-4393123.057384358,311887.07999999996,33369.0,2211811.354632756,-6604934.412017114,16767347617.876656,-26231535809.31053,8816745.76664987,693806.37,-381919.29000000004
7230.0,-533348.8032366817,27049.149999999998,3649.0,161362.44139043897,-694711.2446271207,3213548740.531245,-2446400240.570229,856073.6860175597,54350.17,-27301.02
7235.0,-241447.81722532096,1774.0500000000004,1186.0,37492.388771052494,-278940.20599637344,765725000.1978729,-910711283.3780936,316432.59476742597,14512.78,-12738.730000000001
7240.0,-1160690.5249487173,13631.090000000002,6014.0,222067.0683298054,-1382757.5932785226,4814835368.948239,-4538360546.695295,1604824.661608328,70074.94,-56443.85
7245.0,-226004.84884701352,10067.71,1417.0,66657.02438891881,-292661.8732359323,1156584875.9680417,-1011341404.3849117,359318.89762485115,21986.7,-11918.99
7250.0,-7387978.909453806,700230.44,68794.0,5148992.886750018,-12536971.796203824,29299939434.784595,-51278287283.74539,17685964.682953842,1532436.86,-832206.42
7255.0,-25213.202354727913,27466.93,1355.0,108122.3952671871,-133335.59762191502,1143938424.4601982,-679551548.6218392,241457.9928891021,33048.13,-5581.2
7260.0,-507261.9807236798,-1851.9900000000007,3442.0,101895.00745841788,-609156.9881820977,2815858605.9038153,-1965073768.741825,711051.9956405156,31331.39,-33183.38
7265.0,-410610.50456040143,-9212.770000000002,1846.0,34002.1501084525,-444612.65466885397,1422087427.885617,-1310646807.3949037,478614.80477730645,10479.48,-19692.25
7270.0,-338481.67976387526,23074.09,2663.0,158140.11222248297,-496621.79198635824,2976334513.11908,-1768556628.8749359,654761.9042088413,46298.439999999995,-23224.350000000002
7275.0,-2685790.802820431,127204.12000000002,20902.0,1429611.4573693702,-4115402.2601898015,7591184165.680579,-15519245864.981104,5545013.717559171,416713.52,-289509.39999999997
7280.0,-396453.91904938995,56968.899999999994,4145.0,360820.59558552416,-757274.5146349141,2852923285.634614,-3053231136.3510585,1118095.1102204383,95062.62999999999,-38093.729999999996
7285.0,-393247.30306008284,-6532.31,1732.0,54515.35254345501,-447762.65560353786,1093615667.3296614,-1355409020.7322886,502278.0081469928,15326.15,-21858.46
7290.0,-498815.8555475833,41545.49,5122.0,255134.19362389157,-753950.0491714749,6387110649.373137,-2630143049.8768597,1009084.2427953664,72988.21,-31442.719999999998
7295.0,-295826.0487903646,1177.0899999999979,1811.0,70905.19096524513,-366731.2397556098,1569303985.0199187,-1140754469.1144135,437636.4307208549,18393.22,-17216.13
7300.0,-17109931.994050033,1305403.9200000002,134129.0,10651512.494890826,-27761444.48894086,82992518309.84596,-102593564103.39574,38412956.98383169,2822758.43,-1517354.51
7305.0,-411368.541197623,-5309.990000000001,2315.0,63765.060506359936,-475133.601703983,1169140177.2607958,-1411938317.8161206,538898.6622103429,18848.34,-24158.33
7310.0,424092.1647050779,193965.71,4375.0,899235.049507815,-475142.88480273716,3708012613.4520416,-3662628853.266099,1374377.9343105522,213192.53,-19226.82
7315.0,-85061.08729792376,21540.47,1328.0,116856.40887482557,-201917.49617274935,1371423915.4426787,-815581126.8553804,318773.9050475749,29280.28,-7739.8099999999995
7320.0,-227824.74712041806,79837.96,3953.0,418371.9820104673,-646196.7291308854,3704468127.059518,-2723526983.2203107,1064568.7111413528,105411.94,-25573.980000000003
7325.0,-1737678.692780296,699231.2599999999,32094.0,3843801.611991116,-5581480.304771412,15806844745.536385,-24494718407.73774,9425281.916762529,1033840.47,-334609.21
7330.0,-739219.9972052298,17724.309999999994,4722.0,189704.31775673,-928924.3149619598,5476771030.0492,-2716152521.1316957,1118628.6327186897,54582.67,-36858.36
7335.0,-626136.0209053044,-17681.96,3098.0,112366.85579527049,-738502.8767005748,2361169136.2898297,-2105547444.7780156,850869.7324958453,27334.58,-45016.53999999999
7340.0,-1335886.8468804143,-2222.9099999999976,5668.0,190991.62892466373,-1526878.475805078,6678431543.253794,-4147284252.7117934,1717870.1047297418,53419.979999999996,-55642.89
7345.0,-528657.8395624255,2428.810000000002,2655.0,144634.5716847203,-673292.4112471459,2310573523.2716675,-1999832181.9868784,817926.9829318661,34013.08,-31584.269999999997
7350.0,-11436000.407757886,911953.2699999999,85702.0,7066245.394361606,-18502245.80211949,66062890273.15956,-62288237284.86938,25568491.196481094,1823948.5699999998,-911995.2999999999
7355.0,-327604.7778309016,31370.52,2892.0,242777.26757037351,-570382.0454012752,1880166124.544058,-1974715924.517018,813159.3129716486,61974.45,-30603.93
7360.0,-454755.4954763887,61012.119999999995,3579.0,262018.06931894296,-716773.5647953317,4161115152.288601,-2318645213.9549966,978791.6341142746,86736.49,-25724.370000000003
7365.0,-222034.17810340243,3097.5200000000004,1689.0,51126.82209910711,-273161.0002025095,2027966712.5448766,-741884483.0444939,324287.82230161666,14575.730000000001,-11478.21
7370.0,-737849.0344706686,43301.35,4546.0,277571.51745314396,-1015420.5519238126,5793402024.987707,-2881273464.131277,1292992.0693769564,79064.48,-35763.13
7375.0,-4423126.864444811,96275.77999999998,23957.0,1649194.7219883045,-6072321.586433115,18548921488.205658,-17920585144.701744,7721516.30842142,410114.67,-313838.89
7380.0,-997908.3388883292,22563.45,4719.0,243427.9663805281,-1241336.3052688574,6133782358.110434,-3315845237.7559085,1484764.2716493856,69681.63,-47118.18
7385.0,-442858.77597090293,-10273.529999999999,2339.0,53014.25939493852,-495873.03536584147,2284738478.8605757,-1211778447.9749742,548887.29476078,12934.95,-23208.48
7390.0,-1637736.735120941,-16442.190000000002,7286.0,130733.21329237899,-1768469.94841332,5275131921.825816,-4225355409.756775,1899203.1617056988,60568.1,-77010.29
7395.0,-330901.1419491849,9051.42,1770.0,73837.36190808551,-404738.50385727047,2165681576.637415,-1046323619.2066464,478575.86576535593,22321.510000000002,-13270.09
7400.0,-22984786.18288788,2429448.79,178131.0,19987712.81538574,-42972498.99827362,131796166213.85054,-140627543186.2413,62960211.813659355,4582974.31,-2153525.52
7405.0,-616738.3240791525,15574.11,2522.0,138958.10366251963,-755696.4277416721,4222403574.2423573,-1891814705.8211195,894654.5314041917,33829.340000000004,-18255.23
7410.0,-879929.261499277,47800.67,5128.0,376175.03201847104,-1256104.2935177481,6802550359.114178,-3451914256.2977614,1632279.325536219,92664.58,-44863.91
7415.0,-367620.419788314,13950.45,3065.0,118437.8281876946,-486058.24797600857,6521449694.441377,-1200769442.93898,604496.0761637032,31190.920000000002,-17240.47
7420.0,-590544.8606953875,100007.37999999999,5620.0,793824.6907698774,-1384369.551465265,7357069517.095006,-4556606195.487869,2178194.2422351423,153416.88999999998,-53409.51
7425.0,-4116829.9563273615,196039.82,31918.0,2513345.497646059,-6630175.453973421,31507436446.661858,-19293306932.73418,9143520.95161948,595266.8400000001,-399227.02
7430.0,-845116.8968879029,37717.48,3999.0,316634.74644181685,-1161751.6433297198,5935296090.616787,-3004847028.8612404,1478386.3897715367,80453.75,-42736.27
7435.0,-275233.4925433174,14758.079999999998,1668.0,122618.77799250906,-397852.2705358264,2523456968.9003005,-1048486285.633749,520471.04852833546,31600.41,-16842.33
7440.0,-1342482.7562147696,31062.149999999994,6178.0,472405.72925228754,-1814888.485467057,9216205663.643051,-4486350334.490605,2287294.214719345,101503.4,-70441.25
7445.0,-1458392.4963131365,-8636.869999999999,5909.0,114978.10329788075,-1573370.5996110174,14882723336.651203,-3205754455.84716,1688348.702908898,24364.81,-33001.68
7450.0,-8669208.24461405,1477876.6199999999,91250.0,13147173.824949892,-21816382.06956394,57562938657.39452,-70567377954.36588,34963555.89451383,2718975.4699999997,-1241098.85
7455.0,-379670.00194635126,600.4199999999992,2176.0,72040.10885769052,-451710.1108040418,3227007763.4982285,-970320325.1571732,523750.2196617323,17893.13,-17292.71
7460.0,-1204170.9692841305,269806.23000000004,14220.0,1581848.170133345,-2786019.1394174756,30708558538.580296,-8081876403.089004,4367867.309550821,329762.92000000004,-59956.689999999995
7465.0,-394605.74977814214,4184.18,1994.0,71772.70156061243,-466378.4513387546,4846797353.241456,-936909766.3248944,538151.152899367,16619.010000000002,-12434.830000000002
7470.0,-847020.5712100556,67785.69,4399.0,407387.1340478752,-1254407.7052579308,6609035863.1492195,-3107988103.1175337,1661794.839305806,106720.26,-38934.57
7475.0,-3670433.0480536595,440570.9700000001,40508.0,4531488.521810489,-8201921.569864148,20144515226.58963,-24359295376.685658,12733410.091674637,1006967.91,-566396.94
7480.0,-1200927.0353182345,64349.66,6890.0,437126.5065194491,-1638053.5418376836,16474042336.400637,-3545615016.3509254,2075180.0483571326,100591.57,-36241.91
7485.0,-989971.2225701085,-1840.96,2823.0,90542.52559173304,-1080513.7481618416,7101638653.861956,-2011516520.8400347,1171056.2737535746,19953.82,-21794.78
7490.0,-962964.0538636163,91805.86000000002,6516.0,857599.5452831532,-1820563.5991467696,10565644910.528189,-4689358044.19789,2678163.144429923,154467.71000000002,-62661.85
7495.0,-396565.21608132083,2334.599999999999,3242.0,102153.36675103552,-498718.58283235633,4749525661.551135,-990032252.812088,600871.9495833919,17873.95,-15539.35
7500.0,-23022784.70669996,2365131.1100000003,190698.0,27203049.443401575,-50225834.150101535,103038824112.65604,-136470459176.18893,77428883.59350312,5259595.46,-2894464.35
7505.0,-154365.06974879757,28245.68,2017.0,317098.00343046867,-471463.07317926624,3106869976.5046816,-1322589488.5024433,788561.0766097349,46088.909999999996,-17843.23
7510.0,-1650649.0768037203,156540.40999999997,10526.0,1565979.8218481168,-3216628.8986518374,29429488644.408268,-7647784835.556117,4782608.720499954,228507.04,-71966.62999999999
7515.0,-997119.634483413,-40801.46000000001,3673.0,127837.99007180415,-1124957.624555217,4230620954.832507,-2031746876.171286,1252795.6146270211,17591.199999999997,-58392.66
7520.0,-5466329.717966426,-61429.86000000001,11259.0,540529.0408667964,-6006858.758833222,19316624648.4556,-10449685241.790508,6547387.799700019,105179.13,-166608.99000000002
7525.0,-5697393.662571691,479374.83,37731.0,5401224.387088825,-11098618.049660515,39341555072.01282,-26636182673.56775,16499842.436749341,929425.16,-450050.33
7530.0,-276081.05803210096,181929.34,6627.0,1494355.9897290852,-1770437.0477611863,25491062792.738693,-4668086027.53126,3264793.0374902715,218989.41999999998,-37060.08
7535.0,-725486.4943307929,9267.07,8314.0,140218.69547620456,-865705.1898069975,7285761620.385587,-1491508138.234842,1005923.885283202,27955.480000000003,-18688.41
7540.0,-2777327.27931051,108406.54,9750.0,1251920.0589569134,-4029247.338267423,20775388797.272255,-8031003943.856139,5281167.397224337,197139.86,-88733.32
7545.0,-389438.60328799696,80376.43,15653.0,1096669.2578184912,-1486107.8611064882,9190472852.346561,-3844802520.966388,2582777.1189249796,120257.1,-39880.67
7550.0,-7264777.563628322,966837.81,77839.0,12817086.819239618,-20081864.38286794,66571042244.24203,-48857658676.01436,32898951.20210756,2051509.1700000002,-1084671.36
7555.0,-2181470.5856419196,29754.120000000006,5255.0,610862.8714502807,-2792333.4570922004,21426875950.19129,-4567039237.228156,3403196.328542481,77225.51000000001,-47471.39
7560.0,-1099340.2571543353,94167.40999999999,6189.0,1234408.4927685787,-2333748.749922914,24334502476.056454,-4743866961.593475,3568157.242691492,139959.36,-45791.95
7565.0,-1367577.061421998,36069.09,3863.0,663526.017153877,-2031103.078575875,13647215625.741735,-3633492064.8652554,2694629.095729752,66784.4,-30715.31
7570.0,-335433.17038702284,196643.43999999997,7357.0,2646737.547101827,-2982170.7174888495,26243306083.095646,-7484443622.642009,5628908.264590677,249464.06999999998,-52820.63
7575.0,-9420147.543243313,292433.06000000006,36594.0,6861306.664782006,-16281454.208025318,59135194644.239716,-30586495224.405464,23142760.872807324,868871.89,-576438.83
7580.0,-3513417.3469394804,48844.869999999995,8046.0,1499405.7291882054,-5012823.076127686,22644124925.317616,-8312615513.983723,6512228.805315891,153560.62,-104715.75
7585.0,-916536.1479036944,20879.379999999997,3708.0,384424.6507174336,-1300960.7986211278,14126528961.969477,-2008978832.6632893,1685385.4493385616,36449.02,-15569.64
7590.0,-4676396.885059239,36528.560000000005,10271.0,1270299.9478307243,-5946696.832889964,48205723844.8495,-8390415823.320415,7216996.780720688,135806.16,-99277.59999999999
7595.0,-1361340.8071859397,5203.649999999999,3516.0,309938.81782313104,-1671279.6250090708,14980927862.777187,-2234229134.688203,1981218.4428322017,26777.79,-21574.14
7600.0,-8297749.542480192,2592878.83,147576.0,40299407.52279012,-48597157.06527031,182920766324.9378,-107837610625.94878,88896564.58806044,4782693.42,-2189814.59
7605.0,-2414942.699516898,14050.309999999998,4066.0,407032.2666113884,-2821974.9661282864,25978220003.71284,-3427290523.983425,3229007.2327396744,41783.0,-27732.690000000002
7610.0,-1311797.538010203,108568.92,6732.0,1868947.4166083727,-3180744.9546185755,23968820461.70079,-5322871266.750184,5049692.371226948,163700.26,-55131.34
7615.0,-1120733.5381113652,2915.94,2551.0,244159.873412064,-1364893.4115234292,10337178723.343412,-1626600188.1613407,1609053.2849354933,19105.78,-16189.84
7620.0,-2273557.8753008596,133436.83000000002,7822.0,2675086.078054813,-4948643.953355673,32211017399.950962,-7775322175.276399,7623730.0314104855,203177.91,-69741.08
7625.0,8058067.04268359,1023582.9,38340.0,18296655.188248865,-10238588.145565277,64883865916.89269,-30429895385.07899,28535243.333814144,1421463.24,-397880.33999999997
7630.0,-2001320.935910485,76597.33,6881.0,2042484.252546769,-4043805.188457254,24378560448.322903,-5874969051.58173,6086289.441004023,138792.72,-62195.39
7635.0,-2931353.9145780737,6201.730000000003,10269.0,763678.907899128,-3695032.822477202,24318605734.758373,-3974213982.8193436,4458711.73037633,50547.310000000005,-44345.58
7640.0,-5645949.307135593,6971.300000000004,9135.0,1399447.6064998629,-7045396.913635456,31986756541.29672,-7518244367.001478,8444844.520135319,130148.20999999999,-123176.90999999999
7645.0,-5987046.839104012,8381.199999999995,7589.0,933722.4373488051,-6920769.276452817,46088158766.231224,-6394405754.156189,7854491.713801621,72885.43,-64504.23
7650.0,-1037336.7895794801,1206628.0599999998,70190.0,28682957.280359317,-29720294.069938794,122970534412.65077,-51416449922.41847,58403251.350298114,2137132.53,-930504.47
7655.0,-1761621.2643867526,30578.35,3316.0,730035.5489266197,-2491656.8133133724,13469129833.07452,-2504093347.8312774,3221692.362239992,61183.58,-30605.23
7660.0,-2097752.004503674,126827.25,8041.0,3714900.8289446477,-5812652.833448322,35081249075.00466,-7132362878.281353,9527553.662392968,211810.54,-84983.29000000001
7665.0,-2520128.6889157314,-14235.189999999999,3209.0,438128.5634245909,-2958257.2523403224,14681844458.966457,-2389540523.9891887,3396385.8157649133,22681.5,-36916.69
7670.0,-4244930.787728042,70991.31,8127.0,2687873.4688064316,-6932804.256534474,35822943776.92991,-6535738861.532857,9620677.725340905,162176.86,-91185.55
7675.0,-2564605.179888858,582237.14,31733.0,12303103.07063976,-14867708.250528619,52101049666.45322,-18805090812.88301,27170811.321168378,1051594.35,-469357.21
7680.0,-7992944.048835074,-51502.829999999994,8175.0,1978322.4163781807,-9971266.465213254,31942566302.640747,-7174244448.743932,11949588.881591436,97953.34000000001,-149456.16999999998
7685.0,-3091927.5315077626,-1114.3899999999953,4609.0,540930.2272347081,-3632857.7587424708,18421834580.245304,-2261890821.687879,4173787.9859771784,47416.770000000004,-48531.16
7690.0,-8477374.22933526,-41229.98,8350.0,2362078.8760244357,-10839453.105359694,34715925768.25967,-6856855699.062039,13201531.98138413,129339.95999999999,-170569.94
7695.0,-3860545.4643044565,19713.760000000002,4115.0,1806555.4308161885,-5667100.895120645,28417353224.146175,-3450750686.712515,7473656.325936833,75109.40000000001,-55395.64
7700.0,-19973544.7497574,1034742.72,128628.0,48287010.757579386,-68260555.5073368,121289713737.26309,-58525569218.833405,116547566.26491618,3591070.17,-2556327.4499999997
7705.0,-2011743.301637945,10619.970000000003,3580.0,1826014.5092103705,-3837757.8108483152,17610569622.164337,-2193617327.186016,5663772.320058686,55795.520000000004,-45175.549999999996
7710.0,-4045154.2276123636,41744.89,7485.0,4259622.376123087,-8304776.603735451,30998029235.629227,-4440448920.936812,12564398.979858536,164791.03,-123046.14
7715.0,-7237143.101048484,-59245.560000000005,6854.0,3287086.768029892,-10524229.869078377,18913863764.089798,-4149289550.4528065,13811316.637108268,103997.83,-163243.38999999998
7720.0,-13869222.239576487,-46117.54999999999,9213.0,3929391.3337003062,-17798613.57327679,43376780445.497345,-5500048241.607379,21728004.9069771,138168.63,-184286.18
7725.0,4450477.803919715,772043.02,38333.0,37737363.24746243,-33286885.44354271,96932297385.07375,-16827371257.399588,71024248.69100514,1378346.12,-606303.1
7730.0,1800663.9815557708,252852.11,11925.0,11899848.974554507,-10099184.992998736,29796947122.78024,-4147776711.3480835,21999033.967553243,390242.39999999997,-137390.29
7735.0,-7359292.887605145,-39861.060000000005,6748.0,3958122.419190806,-11317415.306795951,10389387482.154472,-1794438502.2124662,15275537.725986756,118381.24,-158242.3
7740.0,-6476335.349431851,-79537.04000000001,8774.0,9302001.848771047,-15778337.198202897,7746524034.638846,-1859910602.577456,25080339.046973944,176449.92,-255986.96000000002
7745.0,-5976923.641975914,-55585.52,3519.0,5030780.939671674,-11007704.581647588,-96911729.16720411,-55545003.902089015,16038485.521319263,59882.24,-115467.76
7750.0,2545619.254031246,907095.24,79269.0,56944359.36357527,-54398740.109544024,-32649062219.510925,-5050381215.8477745,111343099.47311929,2498896.92,-1591801.68
7755.0,-4041468.4061584105,-595887.53,10425.0,5990433.466159796,-10031901.872318206,-13696714551.467415,1486913394.0764906,16022335.338478003,77168.99,-673056.52
7760.0,-135931.5328948367,-234600.96,10922.0,11768153.585641038,-11904085.118535874,-26506937342.977924,3032018693.2487645,23672238.704176914,190831.77,-425432.73
7765.0,649510.6739412344,-24979.47000000001,4939.0,5028057.575361537,-4378546.901420303,-13650631923.20251,1620021147.458888,9406604.47678184,127050.9,-152030.37
7770.0,57963.26256858573,-102282.80999999998,7271.0,7608400.977026016,-7550437.714457431,-30920350130.52018,3580257898.1813464,15158838.691483447,137412.77,-239695.58
7775.0,7196578.65669621,-179781.37000000002,24749.0,20003792.886699274,-12807214.230003066,-58102548887.83958,7433312331.484254,32811007.11670234,569681.1,-749462.4700000001
7780.0,1203892.1336609519,-154695.69,10299.0,10294558.26805091,-9090666.134389957,-50514990082.48315,6600526093.2337475,19385224.40244087,175610.61,-330306.3
7785.0,10103390.021591859,266705.36000000004,14532.0,13990834.673877778,-3887444.6522859177,-35918205114.96321,5709070517.60734,17878279.326163694,467745.92,-201040.55999999997
7790.0,7796951.237703129,26468.82000000002,10334.0,12249526.137171123,-4452574.8994679935,-45570234681.82506,6986516138.300173,16702101.036639117,241137.67,-214668.84999999998
7795.0,4042677.4990713308,56645.91,6490.0,6156577.830758316,-2113900.331686986,-26542010358.06651,3738263096.2254486,8270478.162445303,163830.74999999997,-107184.84
7800.0,37245689.69879994,1327745.99,111079.0,67873126.98189296,-30627437.283093017,-196110366575.41312,33032648166.199776,98500564.26498598,3373745.89,-2045999.9000000001
7805.0,1935883.0717250183,-87516.9,6043.0,4854675.683258829,-2918792.6115338104,-30785697892.121857,4941088964.420651,7773468.294792639,48013.62,-135530.52
7810.0,3298056.8715255493,-84480.37,8996.0,6739200.0824510595,-3441143.2109255106,-33860556032.9591,6441823490.796104,10180343.29337657,110909.81,-195390.18
7815.0,2635717.1634891215,-27684.239999999998,3884.0,3958336.077771611,-1322618.9142824898,-23882525480.748657,3970152412.9667034,5280954.992054101,37917.4,-65601.64
7820.0,5169864.151221383,60511.69999999999,6690.0,6450273.541932584,-1280409.3907112007,-22816103580.726288,5488732411.927009,7730682.932643785,127966.74,-67455.04000000001
7825.0,14356160.10900598,372634.83,22043.0,17468994.247025173,-3112834.138019195,-38789892574.72246,13535799987.240467,20581828.38504437,601380.55,-228745.72
7830.0,5463316.259415536,27866.47,6950.0,7034786.180662728,-1571469.9212471908,-27247309429.38378,7394525057.428461,8606256.101909919,103984.25,-76117.78
7835.0,1096699.977620161,-11512.669999999998,2748.0,1457814.8844409336,-361114.9068207727,-11132553748.517614,1689686128.2409036,1818929.7912617063,15418.369999999999,-26931.039999999997
7840.0,4728594.746510667,53329.32,5940.0,5231327.806147904,-502733.05963723664,-21378112833.094414,5458755724.582977,5734060.865785141,87807.16,-34477.84
7845.0,1106331.2923430325,4620.390000000001,2872.0,1257588.7953563188,-151257.50301328613,-8951635449.137,1432268066.6832316,1408846.2983696049,16159.0,-11538.609999999999
7850.0,20786467.111947976,461223.1,47896.0,27817502.74907106,-7031035.6371230865,-57006954868.14282,29145442260.76347,34848538.38619415,1025927.1699999999,-564704.0700000001
7855.0,1586311.8196993046,6803.090000000001,4696.0,1689624.5740644026,-103312.75436509795,-11441228335.647846,2088147583.6675334,1792937.3284295006,17081.2,-10278.11
7860.0,3280632.559488903,2821.2600000000034,6423.0,3720440.9702775967,-439808.4107886941,-13470719926.881504,4485031874.669326,4160249.3810662907,70452.91,-67631.65
7865.0,1025745.244682692,-16310.090000000002,3778.0,1561775.0014573217,-536029.7567746296,-10962728967.597672,2659799666.06654,2097804.7582319514,12802.23,-29112.320000000003
7870.0,2991555.389171005,10943.960000000001,5706.0,3262267.480515021,-270712.0913440155,-15868956964.509007,4340423361.510326,3532979.571859036,45830.11,-34886.15
7875.0,13376802.830522295,232889.93,25019.0,14984506.370678972,-1607703.5401566774,-39466921096.342186,19518002632.774628,16592209.91083565,392571.32,-159681.39
7880.0,6830490.0294382665,80264.19,10471.0,7037733.303787273,-207243.27434900604,-26877591619.346817,9981054355.749731,7244976.578136279,99161.39,-18897.2
7885.0,1275521.953519899,6266.51,4492.0,1345555.5920044659,-70033.63848456676,-11124905382.914852,1960466349.3072612,1415589.2304890326,12475.27,-6208.76
7890.0,10227593.1068696,319168.44,15727.0,10349470.806540394,-121877.69967079464,-16531456723.065939,12478989339.613434,10471348.50621119,330780.70000000007,-11612.26
7895.0,1566796.3596442137,9498.69,5440.0,1601560.094463841,-34763.73481962717,-17387282244.848484,2331791620.3033547,1636323.8292834682,13220.89,-3722.2
7900.0,59286221.81218463,1657027.9100000001,109894.0,68268031.28195706,-8981809.469772425,-118246093315.42157,94315764522.38942,77249840.75172949,2627697.95,-970670.04
7905.0,1128609.0422350883,8068.130000000001,6203.0,1156291.7158130736,-27682.67357798519,-10760246089.008284,1819229702.6641257,1183974.3893910586,10235.390000000001,-2167.26
7910.0,4107522.650532389,78832.51999999999,9241.0,4262443.3446157705,-154920.69408338115,-16618710268.385841,6701615596.5665865,4417364.038699151,94909.37999999999,-16076.859999999999
7915.0,397364.03120321577,8034.0,2008.0,405304.4474826438,-7940.416279428082,-2657443705.343975,604359812.9781221,413244.86376207194,8775.78,-741.7800000000001
7920.0,2442167.1987076867,34831.14,5836.0,2522569.0140187535,-80401.81531106705,-10094470707.511036,4267306334.5246954,2602970.829329821,52752.94,-17921.8
7925.0,7275630.623059708,188076.76000000004,27383.0,8898874.827822473,-1623244.2047627657,-27501119315.026974,14783997806.07897,10522119.032585239,380252.88,-192176.12
7930.0,2139710.7491543465,26483.899999999998,6587.0,2200664.9050070285,-60954.155852682,-10108238446.181551,3968536145.275874,2261619.0608597104,34153.45,-7669.55
7935.0,218056.8879727717,3229.73,1251.0,237128.56195627656,-19071.67398350484,-1272016060.623096,433506601.5923415,256200.2359397814,5037.4800000000005,-1807.7499999999998
7940.0,1643932.5053321552,35617.46,7993.0,1668514.147942402,-24581.642610246792,-7850114850.844357,3029258244.2958875,1693095.7905526487,38658.19,-3040.73
7945.0,431344.94920131494,2914.209999999999,1254.0,474591.987069646,-43247.03786833107,-2045935483.0130322,985581844.6500914,517839.0249379771,7630.869999999999,-4716.66
7950.0,22824187.74648202,691884.97,53568.0,24897036.67164581,-2072848.9251637892,-55178555962.21205,45974432509.626595,26969885.596809596,937424.9,-245539.93
7955.0,188140.23893530498,625.6899999999998,1263.0,219395.6785276955,-31255.439592390532,-1549180349.8974764,473624940.85915625,250651.11812008603,3816.2999999999997,-3190.61
7960.0,1106789.722202966,9884.02,4334.0,1172710.8919227943,-65921.16971982819,-7637777924.331528,2437105671.1060886,1238632.0616426223,17010.66,-7126.639999999999
7965.0,209194.9023091742,4423.05,1030.0,224428.10930476605,-15233.206995591856,-972789252.7484678,436089822.9206851,239661.31630035792,5895.36,-1472.31
7970.0,852474.6252376684,7974.63,3615.0,928242.2262518338,-75767.60101416546,-5359872780.764572,2044825901.6472595,1004009.8272659993,16680.35,-8705.72
7975.0,7379306.706428657,160272.14,18504.0,8576752.063354192,-1197445.3569255352,-18344287407.75842,17759954071.43601,9774197.420279728,319653.49,-159381.35
7980.0,5575598.216494792,387253.83999999997,12948.0,5636184.992431716,-60586.77593692349,-9161571078.61411,8597556163.92053,5696771.76836864,394415.3,-7161.46
7985.0,292253.43745868345,12643.960000000001,535.0,307041.2437067996,-14787.806248116149,-413828142.2324913,584483235.6425378,321829.0499549157,14457.970000000001,-1814.01
7990.0,5815149.366736423,424308.46,12398.0,5908994.7663042955,-93845.39956787285,-5526054617.959569,8972010398.218082,6002840.165872169,436500.6,-12192.140000000001
7995.0,128066.2844212847,4385.3099999999995,322.0,151104.4716151849,-23038.187193900205,-266714033.84259468,336207570.2240632,174142.65880908511,7080.67,-2695.36
8000.0,37888598.64512465,-1732795.9000000001,464972.0,126865098.83609556,-88976500.1909709,-186169479276.8531,316801982155.0185,215841599.02706644,10196332.53,-11929128.43
8005.0,964282.429432322,9988.8,2324.0,1000430.7789728437,-36148.34954052164,-3158822630.111345,2737023368.8238626,1036579.1285133653,14321.559999999998,-4332.76
8010.0,5790185.234848562,489667.99,13835.0,5849175.794616818,-58990.55976825642,-4777590768.1625595,8788645591.169485,5908166.354385075,496942.91000000003,-7274.92
8015.0,407735.96583230287,19174.03,720.0,421992.29043935606,-14256.324607053177,-440424800.7809423,832723749.3437338,436248.61504640925,20901.47,-1727.44
8020.0,5009508.904138167,436848.55,11942.0,5030764.439525056,-21255.53538688879,-3960101046.839775,7611290654.102745,5052019.974911944,439934.17000000004,-3085.62
8025.0,5507680.777412384,228706.92,29351.0,6377645.692505284,-869964.9150929006,-17192740497.177464,15016926525.61765,7247610.607598186,365274.84,-136567.92
8030.0,5596353.193613215,490326.17000000004,12651.0,5623300.639232028,-26947.44561881339,-3787197950.0910993,8802738644.377111,5650248.084850841,493834.62000000005,-3508.45
8035.0,334757.4785294384,14114.08,588.0,345830.8408349415,-11073.362305503131,-383985198.65247804,752152115.417157,356904.20314044465,15435.220000000001,-1321.14
8040.0,19655020.343650587,1737076.1,51962.0,19677315.242079888,-22294.898429301767,-11579237311.455217,31586779876.265347,19699610.14050919,1740387.46,-3311.36
8045.0,61026.80865619628,1937.0,204.0,77451.09087579089,-16424.282219594614,-127450586.05434303,202019774.1526191,93875.3730953855,4074.6000000000004,-2137.6
8050.0,26877417.399461403,1848743.83,73439.0,27744268.241998035,-866850.8425366337,-35105739413.89811,55236285389.24176,28611119.08453467,1977769.84,-129026.01000000001
8055.0,115518.90960697731,3130.669999999999,308.0,137920.72481871425,-22401.815211736946,-195072917.31367588,364845306.3182353,160322.5400304512,6262.879999999999,-3132.21
8060.0,6839812.583955611,583730.9899999999,15113.0,6852868.92196247,-13056.338006857604,-4154013720.5040946,12092932323.917038,6865925.259969327,585807.8099999998,-2076.8199999999997
8065.0,49211.32252395083,260.31999999999994,229.0,70319.6978474743,-21108.37532352346,-158193579.61128142,224745038.8395262,91428.07317099776,3058.8599999999997,-2798.54
8070.0,13439306.414416475,1134136.5899999999,29745.0,13462319.10439451,-23012.68997803651,-8282168651.411345,24745929883.333633,13485331.794372547,1137559.79,-3423.2000000000003
8075.0,3248461.3831442385,47503.74,17220.0,3725122.4810659084,-476661.09792166995,-14126157334.575392,11257587483.586803,4201783.578987578,117338.04999999999,-69834.31
8080.0,45029.02285873438,-8896.74,431.0,101237.63874435589,-56208.61588562152,-425601832.60411745,408486696.7731033,157446.25462997743,3523.25,-12419.99
8085.0,96633.02403492655,1918.2999999999997,262.0,98523.05328368075,-1890.029248754204,-225285481.01889563,299059639.5895403,100413.08253243496,2168.47,-250.17000000000002
8090.0,1450.6709580503448,-11290.889999999998,430.0,64228.405875391894,-62777.73491734155,-418334832.286191,307510261.1182388,127006.14079273344,4041.2299999999996,-15332.119999999999
8095.0,10422.108369573823,-447.3999999999999,76.0,16653.609079956273,-6231.500710382449,-55226072.65724398,67132332.07524106,22885.109790338724,412.7,-860.0999999999999
8100.0,16461825.004086038,1438416.24,63265.0,18197754.870857276,-1735929.8667712377,-27385725126.695683,40151917869.690865,19933684.737628512,1708360.05,-269943.81
8105.0,8978.018060443252,196.78000000000003,41.0,8978.018060443252,0.0,-29400509.965543956,27916473.778842382,8978.018060443252,196.78000000000003,0.0
8110.0,248413.13951461896,16140.889999999998,675.0,259307.4839873039,-10894.344472684921,-286678380.1543384,634440646.5119582,270201.8284599888,17720.639999999996,-1579.75
8115.0,6736.247741857705,-20.42999999999999,46.0,7086.630371601415,-350.38262974371077,-33683194.23477418,25153754.1454105,7437.013001345126,78.23,-98.66
8120.0,30584.74670949461,845.9700000000001,164.0,32342.613429640027,-1757.866720145411,-106806394.41303554,98566084.66845238,34100.480149785435,1160.15,-314.18
8125.0,3170833.0837385277,190536.68,11094.0,3495629.0145005253,-324795.9307619973,-4966663291.669824,9114960754.564667,3820424.9452625224,245222.08,-54685.4
8130.0,29355.530114909947,256.1299999999999,206.0,33970.29515558257,-4614.765040672627,-124810260.14917728,117537205.92541449,38585.0601962552,979.1299999999999,-723.0
8135.0,8036.139494537558,122.03,53.0,8036.139494537558,0.0,-34115786.31760945,27413801.334325485,8036.139494537558,122.03,0.0
8140.0,51966.57144235009,2588.9,243.0,51966.57144235009,0.0,-140991643.67030287,142192694.97946653,51966.57144235009,2588.9,0.0
8145.0,4345.5055047532605,71.69999999999999,30.0,4345.5055047532605,0.0,-18122858.963847525,14944789.973510858,4345.5055047532605,71.7,0.0
8150.0,9424699.481691401,977468.0700000001,30178.0,9728669.931039369,-303970.4493479682,-7910032379.920993,21704932028.509407,10032640.380387338,1029537.8500000001,-52069.78
8155.0,12339.431715270286,308.7099999999999,65.0,12339.431715270286,0.0,-38833048.41016009,40648259.08778691,12339.431715270286,308.7099999999999,0.0
8160.0,12492.757434466983,792.72,50.0,12492.757434466983,0.0,-22906384.256109893,33728459.60746695,12492.757434466983,792.72,0.0
8165.0,15386.406244056863,342.9,97.0,15386.406244056863,0.0,-54524996.47890107,52493911.03766168,15386.406244056863,342.9,0.0
8170.0,21057.107575704584,876.0,46.0,21057.107575704584,0.0,-26346658.1094461,64910472.888736024,21057.107575704584,876.0,0.0
8175.0,1913344.2105754092,104445.68,6807.0,2131503.4033796457,-218159.19280423643,-2595964035.745823,6399078339.601307,2349662.596183882,144455.72999999998,-40010.05
8180.0,62153.523832928186,3110.68,194.0,62153.523832928186,0.0,-94260013.4123777,188451196.5122002,62153.523832928186,3110.68,0.0
8185.0,28763.660786687797,1106.37,57.0,28763.660786687797,0.0,-34724999.84858686,93210588.48192316,28763.660786687797,1106.37,0.0
8190.0,86637.33022443563,3001.56,275.0,86637.33022443563,0.0,-153983276.45911282,289556801.1842577,86637.33022443563,3001.56,0.0
8195.0,2473.617217158556,93.65,5.0,2473.617217158556,0.0,-3043857.491274645,8231721.918034371,2473.617217158556,93.65,0.0
8200.0,13904679.984304301,922122.0599999999,50522.0,15699648.910583112,-1794968.9262788102,-16483049204.79077,48189355410.546776,17494617.836861923,1254420.8199999998,-332298.76
8205.0,2423.337503436824,90.3,5.0,2423.337503436824,0.0,-3038320.880616415,8276649.093851582,2423.337503436824,90.3,0.0
8210.0,12678.52867691164,194.04,126.0,12678.52867691164,0.0,-62399066.945034936,46995908.41100339,12678.52867691164,194.04,0.0
8220.0,24032.69813567646,627.1500000000001,155.0,24032.69813567646,0.0,-74504618.77971895,87900639.4157366,24032.69813567646,627.1500000000001,0.0
8225.0,1001138.242893926,52637.03,4718.0,1099494.2744600729,-98356.03156614679,-1834846482.93536,3755062814.7329783,1197850.3060262196,71779.09999999999,-19142.07
8230.0,25954.570409526288,406.43999999999994,289.0,25954.570409526288,0.0,-130328810.23906894,98578313.33015314,25954.570409526288,406.43999999999994,0.0
8240.0,29242.65709179079,831.3600000000001,160.0,29242.65709179079,0.0,-77845755.69982201,109868085.02028714,29242.65709179079,831.3600000000001,0.0
8250.0,5368874.0224223565,324968.67,21364.0,5481888.962162701,-113014.93974034445,-7936925101.470596,18380729573.723774,5594903.901903045,347353.25,-22384.58
8260.0,8894.03261869746,188.82000000000002,88.0,8894.03261869746,0.0,-36448151.46726215,34850859.470593095,8894.03261869746,188.82000000000002,0.0
8270.0,157006.86396031955,2187.56,2284.0,157006.86396031955,0.0,-897405849.9702314,620998933.3389852,157006.86396031955,2187.56,0.0
8275.0,2181580.701372518,152571.24000000002,6919.0,2216458.96892458,-34878.26755206196,-2409249795.545929,7442778913.85921,2251337.236476642,159743.2,-7171.96
8280.0,1469.1717971922328,23.43,20.0,1469.1717971922328,0.0,-7869160.114253972,5856440.1834771,1469.1717971922328,23.43,0.0
8290.0,10194.88137696214,272.15,71.0,10194.88137696214,0.0,-29595617.661475994,41945722.7923681,10194.88137696214,272.15,0.0
8300.0,10980617.637077533,755595.25,39041.0,11334047.607381815,-353429.97030428215,-12412892808.661304,40555325042.92041,11687477.577686097,831716.2300000001,-76120.98000000001
8310.0,66234.92752805848,2046.0,240.0,66234.92752805848,0.0,-118159870.56431635,285845979.0356199,66234.92752805848,2046.0,0.0
8320.0,23065.175410977332,709.67,80.0,23065.175410977332,0.0,-40026930.15662991,101492529.3983136,23065.175410977332,709.67,0.0
8325.0,2164647.4823355023,169372.36000000002,8809.0,2174402.470459097,-9754.988123594745,-2601191627.7725673,7630101183.0329895,2184157.458582692,171557.02000000002,-2184.66
8330.0,94339.41757349542,981.5699999999999,2110.0,94339.41757349542,0.0,-689998224.039779,384647192.0911213,94339.41757349542,981.5699999999999,0.0
8340.0,103629.92114562393,1200.85,2255.0,103629.92114562393,0.0,-735021111.5345844,426402234.8602488,103629.92114562393,1200.85,0.0
8350.0,3564583.420318581,234149.34,12609.0,3590373.8849678366,-25790.46464925559,-4002905135.1456347,14133242426.413395,3616164.3496170924,240208.44999999998,-6059.11
8360.0,309352.152449209,3394.1500000000005,8255.0,309352.152449209,0.0,-2314974725.3039594,1299965354.573277,309352.152449209,3394.1500000000005,0.0
8370.0,4376.841317258822,92.6,62.0,4376.841317258822,0.0,-18995182.12118519,19953395.58365222,4376.841317258822,92.6,0.0
8375.0,679625.9120536871,47156.90000000001,1963.0,679625.9120536871,0.0,-631526556.0640715,2723716754.4014707,679625.9120536871,47156.90000000001,0.0
8380.0,4951.433136657116,143.10000000000002,19.0,4951.433136657116,0.0,-8854156.098780282,24332978.813051734,4951.433136657116,143.10000000000002,0.0
8390.0,1618.1916381143308,16.17,49.0,1618.1916381143308,0.0,-13267840.213595333,6779182.522675511,1618.1916381143308,16.17,0.0
8400.0,13580469.147198219,946907.3200000001,47969.0,13580854.472176204,-385.32497798376596,-14642544084.555042,56492809433.11784,13581239.797154186,947405.36,-498.04
8410.0,4284.947654894932,79.14000000000001,82.0,4284.947654894932,0.0,-23265360.422084525,19889514.144682836,4284.947654894932,79.14000000000001,0.0
8420.0,82887.24413927524,2313.2000000000003,316.0,82887.24413927524,0.0,-145688141.32328555,436474155.5519,82887.24413927524,2313.2000000000003,0.0
8425.0,1057295.30250627,77933.98999999999,3168.0,1057444.852720447,-149.5502141771116,-936911024.1290181,4442243675.57816,1057594.402934624,78033.07,-99.08
8430.0,5282.051106976483,134.76,42.0,5282.051106976483,0.0,-13952365.554338807,27525134.092264373,5282.051106976483,134.76,0.0
8440.0,329.0500970428423,7.62,4.0,329.0500970428423,0.0,-1161414.2732336116,1692671.4490404273,329.0500970428423,7.62,0.0
8450.0,1766418.3974264006,98674.39,5730.0,1766418.3974264006,0.0,-1979892604.6345944,8427438511.165243,1766418.3974264006,98674.39,0.0
8460.0,848.9597449083685,12.67,27.0,848.9597449083685,0.0,-6019188.824050191,3971854.802019079,848.9597449083685,12.67,0.0
8470.0,4496.143117512801,94.08,82.0,4496.143117512801,0.0,-20090035.364922013,23379261.242610067,4496.143117512801,94.08,0.0
8475.0,767926.4796020138,55442.46,2450.0,767926.4796020138,0.0,-710190852.267619,3498501000.1218166,767926.4796020138,55442.46,0.0
8480.0,6061.647006392543,124.62,115.0,6061.647006392543,0.0,-27751003.44383977,31801934.389700927,6061.647006392543,124.62,0.0
8490.0,1122.5840963579083,27.910000000000004,9.0,1122.5840963579083,0.0,-2807349.7208425277,6419228.898269562,1122.5840963579083,27.910000000000004,0.0
8500.0,8760364.608461509,563429.65,32807.0,8760890.522323651,-525.913862141761,-10061374010.76093,42874732499.07384,8761416.436185792,563826.13,-396.47999999999996
8510.0,5803.151868572182,81.72,224.0,5803.151868572182,0.0,-47130974.14612555,27207376.93161889,5803.151868572182,81.72,0.0
8520.0,5441.251210966059,86.16,182.0,5441.251210966059,0.0,-38774071.405179985,26928130.63015875,5441.251210966059,86.16,0.0
8525.0,426205.3390931413,27880.67,1501.0,426205.3390931413,0.0,-443416311.22863156,2146718581.467988,426205.3390931413,27880.67,0.0
8530.0,1104.6048340644695,27.160000000000004,8.0,1104.6048340644695,0.0,-2528120.0441922247,6729818.737415091,1104.6048340644695,27.160000000000004,0.0
8540.0,3434.153058600862,-400.96,48.0,4035.094629117124,-600.9415705162617,-17847879.428305034,26138703.128575586,4636.036199633385,94.94,-495.9
8550.0,2105070.2965063965,99699.34999999999,8015.0,2107904.980876666,-2834.6843702699207,-2680335279.381962,11847556080.387064,2110739.665246936,102079.67,-2380.32
8560.0,6331.947369797177,155.6,40.0,6331.947369797177,0.0,-13063033.2487731,40397747.04786519,6331.947369797177,155.6,0.0
8570.0,2584.4988836708308,62.9,17.0,2584.4988836708308,0.0,-5389634.367394618,16692649.887963062,2584.4988836708308,62.9,0.0
8575.0,398061.7082218653,24944.07,1537.0,398061.7082218653,0.0,-437234917.3865215,2145946695.9245028,398061.7082218653,24944.07,0.0
8580.0,4086.3434648457974,98.83999999999999,28.0,4086.3434648457974,0.0,-8612688.747353273,26714200.880729776,4086.3434648457974,98.83999999999999,0.0
8600.0,8249981.735709253,423521.36,45127.0,8252438.886130414,-2457.150421161352,-12237308880.642248,47827981766.55673,8254896.036551576,425803.64,-2282.2799999999997
8625.0,196305.71512514763,10712.16,823.0,196305.71512514763,0.0,-237932067.54539058,1159392486.1276581,196305.71512514763,10712.16,0.0
8650.0,1584863.5172714975,98677.17000000001,6381.0,1584863.5172714975,0.0,-1751032422.8561783,9348172659.695358,1584863.5172714975,98677.17000000001,0.0
8675.0,529247.8268060363,26898.690000000002,2384.0,529247.8268060363,0.0,-677666911.1187265,3384172098.089099,529247.8268060363,26898.690000000002,0.0
8700.0,4014604.6457419987,207703.31,18802.0,4014604.6457419987,0.0,-5142775157.872301,26180951323.53838,4014604.6457419987,207703.31,0.0
8725.0,42675.948053023545,2721.36,173.0,42675.948053023545,0.0,-44737193.866211295,267962402.3609495,42675.948053023545,2721.36,0.0
8750.0,90059.3034819258,4929.71,414.0,90059.3034819258,0.0,-108892544.20706731,603196082.4280653,90059.3034819258,4929.71,0.0
8775.0,20440.720212406683,999.73,98.0,20440.720212406683,0.0,-26059598.105772983,142899236.20295474,20440.720212406683,999.73,0.0
8800.0,6176581.944149451,302745.98,41644.0,6176605.616933862,-23.67278441070366,-9234053022.027075,44502143420.13819,6176629.289718273,302845.85,-99.87
8850.0,72674.93674060883,3419.5099999999998,409.0,72674.93674060883,0.0,-98398551.51334329,548053347.6584162,72674.93674060883,3419.5099999999998,0.0
8900.0,2611731.1180318976,128044.42,17710.0,2611731.1180318976,0.0,-3679763315.962554,20503043260.79786,2611731.1180318976,128044.42,0.0
9000.0,6025723.30283257,237271.8,60954.0,6025764.994088991,-41.69125642054664,-10211691986.210213,53013537491.817894,6025806.685345411,237371.47,-99.67
9100.0,896652.1962894925,36917.11,10521.0,896652.1962894925,0.0,-1515050657.9075735,8352824300.17985,896652.1962894925,36917.11,0.0
9200.0,2064955.5705730447,77988.48999999999,33736.0,2064955.5705730447,0.0,-3901783916.5127225,20577277602.75977,2064955.5705730447,77988.48999999999,0.0
9300.0,677378.5512170584,28067.27,11542.0,677378.5512170584,0.0,-1204487715.6712472,7051752358.281189,677378.5512170584,28067.27,0.0
9400.0,1004095.1748919343,43401.26,18007.0,1004190.1209539201,-94.94606198586268,-1734779895.7603893,10957558830.276546,1004285.0670159059,43600.119999999995,-198.85999999999999
9500.0,152563.87660940737,7111.8099999999995,2063.0,152563.87660940737,0.0,-229873136.0192153,1756982011.8020532,152563.87660940737,7111.8099999999995,0.0
9600.0,411733.94428658823,16535.010000000002,11836.0,411733.94428658823,0.0,-797611974.3445883,4943839238.934358,411733.94428658823,16535.010000000002,0.0
9800.0,162591.47574063105,6152.64,7212.0,162591.47574063105,0.0,-361431358.9370946,2093775801.2194154,162591.47574063105,6152.64,0.0
10000.0,525801.6677254442,17404.399999999998,45167.0,525801.6677254442,-2.0223421439785198e-45,-1424043857.0976968,7025025968.731767,525801.6677254442,17604.3,-199.9
10200.0,41725.066483918665,1489.4299999999998,3324.0,41725.066483918665,0.0,-103729686.99308206,597337708.1505853,41725.066483918665,1489.4299999999998,0.0
10400.0,14147.709576899359,516.2,1504.0,14147.709576899359,0.0,-37368209.26473118,210699976.85945776,14147.709576899359,516.2,0.0
10600.0,16482.57348887873,599.8,2166.0,16482.57348887873,0.0,-45294674.52808361,254296977.190459,16482.57348887873,599.8,0.0
10800.0,5035.633145057507,187.5,766.0,5035.633145057507,0.0,-13832459.162567189,81146395.64600767,5035.633145057507,187.5,0.0
11000.0,13290.537696928493,518.49,2314.0,13290.537696928493,0.0,-37114855.902191,221072693.61509895,13290.537696928493,518.49,0.0
11200.0,1993.2645914719055,75.97,545.0,1993.2645914719055,0.0,-6538399.738764725,32881011.36944697,1993.2645914719055,75.97,0.0
11400.0,8357.282744928523,311.93,2663.0,8357.282744928523,0.0,-30760469.46022318,134919491.60299808,8357.282744928523,311.93,0.0
11600.0,327.9611562188214,13.21,97.0,327.9611562188214,0.0,-1049604.613860692,5747677.26695608,327.9611562188214,13.21,0.0
11800.0,896.3199460188691,38.39,261.0,896.3199460188691,0.0,-2683992.1525392486,16528006.714256516,896.3199460188691,38.39,0.0
12000.0,529.0756146853178,23.52,196.0,529.0756146853178,0.0,-1867312.0780992869,9355026.254173594,529.0756146853178,23.52,0.0
