strike,net_gex,net_dex,total_oi,call_gex,put_gex,charm_exp,vanna_exp,gross_gex,call_dex,put_dex
-1.0,56709441.08492181,156573129.58,13751143.0,7510.3,20382.0,,,,,
1200.0,-1448.6368705645816,-275.48,6887.0,0.0,-1448.6368705645816,18342108.2955131,-21155767.907600027,1448.6368705645816,0.0,-275.48
1400.0,-2176.749937394977,-358.33,6205.0,0.0,-2176.749937394977,23156924.84934267,-31811786.081716444,2176.749937394977,0.0,-358.33
1600.0,-8207.70717430909,-1432.77,12075.0,0.0,-8207.70717430909,64876150.27154968,-122560193.22039166,8207.70717430909,0.0,-1432.77
1800.0,-7450.2582864565165,-1244.67,9279.0,0.0,-7450.2582864565165,63642201.815021865,-104010339.99664786,7450.2582864565165,0.0,-1244.67
2000.0,-18695.83016393828,-1291.27,17930.0,0.036606287155516955,-18695.866770225435,156723723.43227285,-249899254.40214828,18695.903376512593,1600.0,-2891.27
2200.0,-27842.803721671236,-4252.08,20322.0,0.0,-27842.803721671236,221596148.66513076,-360213191.42550445,27842.803721671236,0.0,-4252.08
2400.0,-50614.24055111733,-7440.17,31611.0,0.0,-50614.24055111733,406779351.1320392,-626808998.8699309,50614.24055111733,0.0,-7440.17
2500.0,-64362.922870418835,-8677.22,49583.0,0.0,-64362.922870418835,634499982.3425574,-744526850.4889479,64362.922870418835,0.0,-8677.22
2600.0,-25601.973994704993,4152.45,13380.0,1.184782114661581,-25603.158776819655,203497004.9423449,-305582219.3141128,25604.343558934317,7800.0,-3647.55
2700.0,-117448.20937558696,-15601.24,54415.0,0.06699380612650019,-117448.27636939309,967642957.6727136,-1347454675.8574903,117448.34336319921,200.0,-15801.24
2800.0,-152422.46903350108,-20051.41,61001.0,0.08505526266967917,-152422.55408876375,1173758492.444564,-1746431823.1835175,152422.6391440264,400.0,-20451.41
2900.0,-13164.343799128721,1223.09,4879.0,0.09419334185185245,-13164.437992470574,96533324.70485109,-150501682.9256344,13164.532185812424,3000.0,-1776.91
3000.0,-124219.05691357417,-9938.169999999998,56151.0,1.7165642969571568,-124220.77347787113,1074087783.89789,-1366187258.963012,124222.4900421681,6000.0,-15938.169999999998
3100.0,-15372.586474819955,-1963.67,6167.0,0.0,-15372.586474819955,128055628.88158493,-167154771.47527218,15372.586474819955,0.0,-1963.67
3200.0,-78211.71868592921,-7408.500000000001,27608.0,1.0084421705510134,-78212.72712809977,600633670.454755,-849957861.0254633,78213.73557027032,2700.0,-10108.5
3300.0,-140211.69505747937,-17933.350000000002,33624.0,0.0,-140211.69505747937,929549544.1223103,-1509181750.6289876,140211.69505747937,0.0,-17933.350000000002
3400.0,-115581.3320791671,-14414.359999999999,28922.0,0.1471015620324306,-115581.47918072913,804414148.2256037,-1230759558.4869506,115581.62628229117,300.0,-14714.359999999999
3450.0,-2358.6111747662126,-185.79000000000002,1689.0,0.0,-2358.6111747662126,41117152.4964009,-19681378.42230071,2358.6111747662126,0.0,-185.79000000000002
3500.0,-388860.223446187,-47684.740000000005,77835.0,0.0,-388860.223446187,2541601595.0052714,-4025922488.7406664,388860.223446187,0.0,-47684.740000000005
3550.0,-1069.0173047047297,-86.58,666.0,0.0,-1069.0173047047297,17959361.59438804,-8822024.374276452,1069.0173047047297,0.0,-86.58
3600.0,-92965.25193496347,-10369.78,21791.0,0.12717606679430155,-92965.37911103027,730392881.8279345,-917704264.6641688,92965.50628709706,300.0,-10669.78
3650.0,-1284.7496692671587,-103.2,688.0,0.0,-1284.7496692671587,20788544.394514143,-10462267.0519424,1284.7496692671587,0.0,-103.2
3700.0,-105525.27794666585,-12429.65,19490.0,0.0,-105525.27794666585,713431331.0409374,-1050912701.0367628,105525.27794666585,0.0,-12429.65
3750.0,-3081.516879843758,-234.17999999999998,1923.0,0.0,-3081.516879843758,59288596.550461546,-23640811.15182011,3081.516879843758,0.0,-234.17999999999998
3800.0,-285282.59924945433,-35254.079999999994,48217.0,0.0035443050268277494,-285282.6027937594,1760731047.2510896,-2890224168.964795,285282.6063380644,100.0,-35354.079999999994
3850.0,-34169.317519879485,-3891.19,5231.0,0.12816300916721043,-34169.44568288865,209313884.58406293,-338703242.13864976,34169.573845897816,200.0,-4091.19
3900.0,-101414.73699678046,-10441.68,27601.0,0.0,-101414.73699678046,1049504592.8146696,-912809839.8010104,101414.73699678046,0.0,-10441.68
3950.0,-26259.931341499938,-3131.96,3618.0,0.0,-26259.931341499938,155509753.0895822,-257158100.62389103,26259.931341499938,0.0,-3131.96
3975.0,-822.8059757606378,-60.28,274.0,0.0,-822.8059757606378,11748886.415417913,-6413610.90803256,822.8059757606378,0.0,-60.28
4000.0,-944994.7716069518,194344.75,119716.0,53.0572841756475,-945047.8288911275,5694783183.474038,-8959539562.664375,945100.8861753031,300900.0,-106555.25
4025.0,-1991.8542127406047,-148.07999999999998,617.0,0.0,-1991.8542127406047,27885612.87513406,-15417149.895408882,1991.8542127406047,0.0,-148.07999999999998
4050.0,-54926.56004433595,-6324.25,6006.0,0.0,-54926.56004433595,298347665.5802644,-524350666.17183775,54926.56004433595,0.0,-6324.25
4075.0,-1416.8328935108048,-106.33999999999999,409.0,0.0,-1416.8328935108048,19445003.335993696,-10891714.435526103,1416.8328935108048,0.0,-106.33999999999999
4100.0,-143901.44595062133,-15916.6,19500.0,0.13804899032768542,-143901.58399961167,941926498.3696681,-1341537724.5385914,143901.72204860198,200.0,-16116.6
4125.0,-16912.797553985147,-1861.3600000000001,1762.0,0.0,-16912.797553985147,94543851.12859027,-156457302.73061585,16912.797553985147,0.0,-1861.3600000000001
4150.0,-62801.58661618176,-7478.16,6820.0,0.0,-62801.58661618176,335741903.62186015,-601369034.4756287,62801.58661618176,0.0,-7478.16
4175.0,-7019.780046305765,-713.6699999999998,917.0,0.0,-7019.780046305765,50190169.15908007,-61947396.601367936,7019.780046305765,0.0,-713.6699999999998
4200.0,-224046.37954143854,-23498.01,28340.0,0.2171500339990457,-224046.59669147254,1484959959.0406168,-2015828703.8731523,224046.81384150652,400.0,-23898.01
4225.0,-4691.851796216827,-489.71,510.0,0.0,-4691.851796216827,29276069.475468867,-41837389.147749096,4691.851796216827,0.0,-489.71
4250.0,-67295.62418081738,-7262.16,8115.0,0.05624011832494075,-67295.68042093569,432674163.9317469,-613900482.1277834,67295.73666105402,200.0,-7462.16
4275.0,-12032.626528702003,-1273.6000000000001,1141.0,0.0,-12032.626528702003,68106795.72627158,-107580355.68859608,12032.626528702003,0.0,-1273.6000000000001
4300.0,-199840.01371404168,-21360.17,20814.0,0.08966061875779222,-199840.10337466042,1209448091.8136475,-1787252074.4391136,199840.1930352792,100.0,-21460.17
4325.0,-9721.005644730032,-988.28,1000.0,0.0,-9721.005644730032,61942896.85551524,-84547179.63081765,9721.005644730032,0.0,-988.28
4350.0,-67333.25873540557,-6815.21,5915.0,0.3827923173253839,-67333.6415277229,351892841.9300111,-615986642.4871969,67334.02432004023,800.0,-7615.21
4375.0,-12549.990173529088,-1189.22,1724.0,0.0,-12549.990173529088,106021427.0732816,-103920692.46217021,12549.990173529088,0.0,-1189.22
4400.0,-341296.5053976366,1936.0499999999997,35465.0,33.5019567390958,-341330.00735437573,2206492566.8688607,-2952114045.0719438,341363.50931111485,37000.0,-35063.95
4425.0,-15317.283621116876,-1483.96,1902.0,0.0,-15317.283621116876,120630844.9784258,-127446970.11040825,15317.283621116876,0.0,-1483.96
4450.0,-90598.6329762068,22028.510000000002,8378.0,15.238779846051573,-90613.87175605286,518046252.15029633,-803920668.4996508,90629.11053589892,32000.0,-9971.49
4475.0,-13456.439094833848,-1174.14,1956.0,0.0,-13456.439094833848,133351436.0855224,-105396903.8739915,13456.439094833848,0.0,-1174.14
4500.0,-779441.8846138134,-64205.030000000006,61676.0,22.331433006956598,-779464.2160468203,4203908050.7802086,-6747949079.5054455,779486.5474798273,17499.82,-81704.85
4525.0,-18508.39768809794,-1734.3999999999999,1682.0,0.04679529538810312,-18508.444483393327,119296528.2413855,-154688370.52950856,18508.491278688714,100.0,-1834.3999999999999
4550.0,-70313.28036694184,-3892.24,4725.0,3.9163030119829045,-70317.19666995382,316004718.4820337,-628637184.8367811,70321.1129729658,4100.0,-7992.24
4575.0,-16549.809572730956,-1570.5600000000002,1485.0,0.0,-16549.809572730956,111778577.38815455,-134983713.34664136,16549.809572730956,0.0,-1570.5600000000002
4600.0,-382280.3627655972,-32715.34,32333.0,62.39291199628257,-382342.75567759346,2290670305.9404144,-3205015363.8581886,382405.14858958975,6096.15,-38811.49
4625.0,-38735.84133827688,-1062.7,2762.0,66.9588036593293,-38802.800141936204,205464704.54566836,-330531627.16907823,38869.75894559553,2995.6,-4058.3
4650.0,-100195.11647930832,-7723.27,8579.0,0.8576956171897138,-100195.9741749255,672634755.1531513,-814258317.2060958,100196.8318705427,2000.0,-9723.27
4675.0,-42587.25179416163,-2329.01,3034.0,1.9683377365945263,-42589.220131898226,237872897.21896204,-353938418.687379,42591.18846963482,2000.0,-4329.01
4700.0,-499123.06291412166,-50517.73000000001,31633.0,9.758102892212015,-499132.8210170139,2412106443.2624254,-4187877637.4905915,499142.57911990606,1299.4,-51817.130000000005
4725.0,-33400.883385710295,-3182.29,2653.0,0.11394042044172228,-33400.99732613074,217111201.5109879,-269947834.70437676,33401.11126655118,100.0,-3282.29
4750.0,-184094.17270845064,-15663.66,15848.0,0.37964849581605303,-184094.55235694646,1413356430.1866693,-1401368230.0932734,184094.93200544227,300.0,-15963.66
4775.0,-57075.64581399409,-4001.2300000000005,4471.0,152.1753442655233,-57227.82115825961,395953583.29950327,-447736405.1709951,57379.99650252514,1288.3,-5289.530000000001
4800.0,-551702.4516947808,-6950.1799999999985,50072.0,208.4513632142685,-551910.9030579951,4355164758.737685,-4263946319.187628,552119.3544212093,43587.35,-50537.53
4825.0,-44938.204484342226,-4442.450000000001,2503.0,0.15635020878295078,-44938.36083455101,219327200.79887053,-365765503.140596,44938.51718475979,100.0,-4542.450000000001
4850.0,-225725.0476120446,10653.230000000003,13049.0,14.477293895605426,-225739.52490594023,1138186506.1304753,-1819109193.6040893,225754.0021998358,33200.0,-22546.769999999997
4875.0,-73853.60264533144,-2836.0899999999997,4771.0,4.768396931345309,-73858.37104226278,437979050.2677456,-582831824.7192914,73863.13943919413,4400.0,-7236.09
4900.0,-503369.41870503104,-37273.020000000004,25130.0,148.74894990934195,-503518.16765494045,2221383739.395617,-4064592781.1743317,503666.91660484974,13689.05,-50962.07
4925.0,-68767.51876251565,-4641.46,4061.0,168.5158546190031,-68936.03461713465,399149330.0813752,-531991413.6353565,69104.55047175365,1786.2,-6427.66
4950.0,-115424.92705869632,12003.009999999998,6615.0,195.31782747374328,-115620.24488617007,625016200.8792403,-905705985.265646,115815.5627136438,23285.3,-11282.29
4975.0,-106230.74071828992,-8384.59,5228.0,280.3504183985296,-106511.09113668844,509582257.2646904,-837860696.928495,106791.44155508697,2076.6,-10461.19
5000.0,-4813649.833269272,9917477.07,356559.0,123445.51130475145,-4937095.344574023,27101283164.661907,-39644501438.78933,5060540.855878775,10392982.79,-475505.72000000003
5025.0,-87080.89368086612,-6638.170000000001,3767.0,22.25653274138555,-87103.15021360751,364307638.03706753,-690131957.6869091,87125.40674634889,2298.24,-8936.41
5050.0,-317252.47835955594,-10257.34,13885.0,844.8294322892255,-318097.3077918452,1398120305.2797954,-2476387189.801816,318942.1372241344,21040.63,-31297.97
5075.0,-134648.87007239414,-8938.060000000001,6351.0,248.815380454661,-134897.68545284882,694408775.4396904,-1018730486.588223,135146.50083330346,3786.9199999999996,-12724.98
5100.0,-1026373.4095289762,253998.09000000003,45433.0,23414.322363565723,-1049787.731892542,4463771690.48415,-8384691568.308932,1073202.0542561077,357930.38,-103932.29000000001
5125.0,-172126.8508139309,17907.420000000002,8534.0,2755.9721720934767,-174882.8229860244,971087799.776786,-1308272885.7373838,177638.7951581179,33357.94,-15450.52
5150.0,-337890.231203742,36098.42,17413.0,2198.1208456112236,-340088.3520493532,2033164919.4507034,-2470404096.608572,342286.47289496445,65882.59,-29784.170000000002
5175.0,-161158.34278980337,-9958.359999999999,8132.0,361.8799061135834,-161520.22269591695,1028199148.417926,-1130320359.3095,161882.10260203053,3379.5399999999995,-13337.9
5200.0,-1209369.4210015899,234752.36000000002,103435.0,40550.45807144768,-1249919.8790730375,12398893708.298218,-9306026555.280865,1290470.3371444852,344027.64999999997,-109275.29
5225.0,-289340.0665221149,-24660.18,9029.0,719.5730137368546,-290059.6395358518,952294223.5478889,-2227427736.799941,290779.2125495886,5057.67,-29717.85
5250.0,-581387.2760931093,-6568.739999999998,23492.0,7462.757537701281,-588850.0336308106,2818081060.9583097,-4368090713.461361,596312.7911685118,48851.05,-55419.79
5275.0,-399989.5988080829,-41510.770000000004,12525.0,298.47105212200006,-400288.06986020494,1362903210.0378962,-3061427638.7724214,400586.54091232695,1173.0,-42683.770000000004
5300.0,-1169129.1842078192,287143.29,47643.0,75112.19167940457,-1244241.3758872238,5832947957.387427,-9657240319.645096,1319353.5675666283,400986.1,-113842.81
5325.0,-206890.40340942453,-19180.420000000002,7047.0,41.632123442019775,-206932.03553286655,883319031.0427394,-1494522338.0212004,206973.66765630856,297.32,-19477.74
5350.0,-308243.81043623015,53191.55,12351.0,18852.84159380806,-327096.6520300382,1657183526.381138,-2436447492.1176386,345949.49362384627,81139.32,-27947.77
5375.0,-151268.28053965722,-8258.339999999998,4853.0,140.49164874575115,-151408.77218840297,627681002.9943511,-1072341582.6860694,151549.26383714873,5687.63,-13945.97
5400.0,-1427035.1709545888,136574.06,63361.0,70053.30091733066,-1497088.4718719197,7776323663.362753,-11111357787.912914,1567141.7727892504,272652.63,-136078.57
5425.0,-148902.51657121273,-12003.02,4735.0,250.65403644153344,-149153.17060765426,672030930.4286523,-1024304833.3053346,149403.8246440958,1080.38,-13083.4
5450.0,-562934.9186087473,-23685.640000000003,17948.0,5299.015986756653,-568233.934595504,2630498691.5921288,-3881732842.4895015,573532.9505822606,24531.699999999997,-48217.34
5475.0,-465545.4082044497,-36993.49,11384.0,2168.816751671143,-467714.22495612083,1302963396.3855948,-3440097091.010988,469883.041707792,13449.52,-50443.009999999995
5500.0,-3448296.9445469575,1271364.19,120173.0,268874.55210171046,-3717171.4966486683,15571614552.238369,-27871071453.003735,3986046.0487503787,1612951.89,-341587.7
5510.0,-541.6592244961986,84.93,216.0,0.9666634600105504,-542.6258879562091,25288181.314910773,-1979437.1556393309,543.5925514162196,99.98,-15.049999999999999
5520.0,-20.339154466777288,99.44,9.0,0.07030763980945688,-20.409462106586744,990556.6895551416,-74622.23663017615,20.4797697463962,100.0,-0.5599999999999999
5525.0,-161999.34950843084,-13373.400000000001,4456.0,321.89011973155436,-162321.2396281624,658571914.0800545,-1100627299.5745747,162643.12974789395,1279.24,-14652.640000000001
5530.0,-146.8768452861819,96.01,58.0,0.11135411201100219,-146.9881993981929,6797158.044230318,-535278.8213760251,147.09955351020392,100.0,-3.9899999999999998
5540.0,-28.671657250479853,-0.77,11.0,0.0,-28.671657250479853,1308419.6482976845,-104270.96769916461,28.671657250479853,0.0,-0.77
5550.0,-388039.46641857753,27657.839999999997,13019.0,21362.179510420032,-409401.64592899755,2069543181.2015626,-2853248575.094851,430763.8254394176,62273.88,-34616.04
5560.0,-4432.4146532599,91.08000000000001,308.0,4.424503034650209,-4436.83915629455,60678168.31362084,-22170455.89543324,4441.2636593292,299.87,-208.79
5570.0,-2370.485427997936,-110.78000000000002,172.0,0.0,-2370.485427997936,33270470.00144571,-11764294.682699634,2370.485427997936,0.0,-110.78000000000002
5575.0,-210197.38442974887,44580.82,7018.0,21612.684305376333,-231810.0687351252,1094701080.9374928,-1698259847.8513782,253422.75304050156,64559.3,-19978.48
5580.0,-4089.242241731028,-91.69,292.0,0.29207277642284984,-4089.534314507451,57654331.03731074,-20202478.68176742,4089.826387283874,99.99,-191.68
5590.0,-3380.8942597401647,43.35999999999996,246.0,0.3445397395507958,-3381.2387994797155,48080735.90709366,-16667535.124987938,3381.5833392192662,199.99,-156.63000000000002
5600.0,-1971709.0014345427,276452.49,69243.0,166872.98815616418,-2138581.989590707,10318832365.291937,-15374219831.631605,2305454.9777468713,463021.25,-186568.76
5605.0,-873.5133993875534,-113.1,15.0,0.0,-873.5133993875534,1123506.2028761723,-6538116.828154992,873.5133993875534,0.0,-113.1
5610.0,-27393.49520259437,-1499.1799999999998,901.0,52.32332239528981,-27445.818524989663,179828930.81020004,-160312317.6405979,27498.141847384948,194.53,-1693.7099999999998
5615.0,52.618286021594834,94.48,1.0,52.618286021594834,0.0,82646.77145837534,-450849.22266136226,52.618286021594834,94.48,0.0
5620.0,-12486.660895801968,-456.8,1730.0,0.10160081714715895,-12486.762496619114,280189440.7028369,-58789665.63600552,12486.864097436262,100.0,-556.8
5625.0,-260498.8953346919,5374.699999999999,6497.0,12278.312867208,-272777.2082018999,963874639.8909183,-1912640575.5502162,285055.5210691079,30213.04,-24838.34
5630.0,-5984.7465072681225,-458.19,205.0,0.0,-5984.7465072681225,39214118.342010275,-36127767.00151691,5984.7465072681225,0.0,-458.19
5635.0,-658.2910890077168,-85.13999999999999,11.0,0.0,-658.2910890077168,828929.917905992,-4874380.284141068,658.2910890077168,0.0,-85.13999999999999
5640.0,-10603.439741844235,-617.73,399.0,0.0,-10603.439741844235,82084290.82184137,-59516487.109321415,10603.439741844235,0.0,-617.73
5645.0,-784.9490887090304,-101.53000000000002,13.0,0.0,-784.9490887090304,981446.6133419957,-5792786.264262021,784.9490887090304,0.0,-101.53000000000002
5650.0,-649431.8777664995,76336.35,18232.0,59479.405425562305,-708911.2831920618,2873100282.3612223,-5072887162.542115,768390.6886176241,138437.25,-62100.899999999994
5655.0,-2680.538015333254,-347.16,44.0,0.0,-2680.538015333254,3327790.012937677,-19715366.365393516,2680.538015333254,0.0,-347.16
5660.0,-28913.61459574141,-1699.78,926.0,0.0,-28913.61459574141,194324304.47742507,-164311577.70913294,28913.61459574141,0.0,-1699.78
5665.0,-61.48072231531795,-7.960000000000001,1.0,0.0,-61.48072231531795,75774.63043769688,-450471.9496994085,61.48072231531795,0.0,-7.960000000000001
5670.0,-54148.47471980015,-2569.38,2622.0,0.30603203644301874,-54148.780751836595,593885452.8799495,-275316822.6707602,54149.08678387304,99.99,-2669.3700000000003
5675.0,-295742.222675606,-16159.72,7448.0,1534.6949425028754,-297276.9176181089,1256547310.7428079,-1893557004.673224,298811.61256061174,8787.300000000001,-24947.02
5680.0,-18395.034801561935,-1204.48,583.0,0.0,-18395.034801561935,119798936.63940445,-106317479.6343586,18395.034801561935,0.0,-1204.48
5685.0,-876.3858462420858,-113.4,14.0,0.0,-876.3858462420858,1064561.7204771445,-6374899.814986102,876.3858462420858,0.0,-113.4
5690.0,-17999.880078830873,-924.1299999999999,1280.0,0.0,-17999.880078830873,237143261.22583565,-92657929.46079907,17999.880078830873,0.0,-924.1299999999999
5695.0,-2147.3758106853074,-278.12,34.0,0.0,-2147.3758106853074,2589543.5139259635,-15566467.80814845,2147.3758106853074,0.0,-278.12
5700.0,-2356907.6276358534,196273.76,65616.0,170871.45053272982,-2527779.078168583,11394320925.60669,-17135071260.897104,2698650.5287013133,404188.39,-207914.63
5705.0,-701.0937305075099,-90.75000000000001,11.0,0.0,-701.0937305075099,839211.1774423232,-5062544.868563093,701.0937305075099,0.0,-90.75000000000001
5710.0,-28594.061381591462,-1801.5000000000002,933.0,0.0,-28594.061381591462,205181075.40763634,-160339584.79398885,28594.061381591462,0.0,-1801.5000000000002
5715.0,-128.60880274827224,-16.64,2.0,0.0,-128.60880274827224,152816.25819313427,-925444.6169306964,128.60880274827224,0.0,-16.64
5720.0,-29791.188930695505,-2080.24,725.0,1.0172824747007851,-29792.206213170204,125672936.34008257,-187824872.48522845,29793.22349564491,500.0,-2580.24
5725.0,-266487.38403857633,-18058.7,5793.0,2803.097495608371,-269290.48153418466,966498871.5769194,-1741097742.057535,272093.57902979304,6190.63,-24249.33
5730.0,-18841.674663058533,-1210.58,592.0,0.0,-18841.674663058533,128668132.49719693,-106172122.27695003,18841.674663058533,0.0,-1210.58
5735.0,-3142.5449111027833,-406.56,48.0,0.0,-3142.5449111027833,3678664.3096223096,-22445184.552237112,3142.5449111027833,0.0,-406.56
5740.0,-21630.756998119145,-1166.8799999999999,854.0,0.1744726613412171,-21630.931470780484,194860058.8894082,-115161234.5903893,21631.105943441828,100.0,-1266.8799999999999
5745.0,-264.26486320122547,-34.2,4.0,0.0,-264.26486320122547,307010.48915606673,-1879987.4084129895,264.26486320122547,0.0,-34.2
5750.0,-1225299.0224467681,34253.14,29005.0,74801.10260553352,-1300100.1250523017,5015932428.922445,-8714024640.22813,1374901.227657835,147281.79,-113028.65
5755.0,-800.0097747706775,-103.56,12.0,0.0,-800.0097747706775,922347.764126642,-5668587.7578109475,800.0097747706775,0.0,-103.56
5760.0,-32905.61980907032,-1782.37,1177.0,4.94876439380344,-32910.568573464116,271852950.2722513,-176212774.64753243,32915.51733785792,99.86,-1882.2299999999998
5765.0,-201.78132975974134,-26.1,3.0,0.0,-201.78132975974134,230881.70987403436,-1424631.5137255795,201.78132975974134,0.0,-26.1
5770.0,-21017.115884921834,-1202.81,616.0,56.136425846140966,-21073.252310767977,140080319.84852797,-117268237.04210511,21129.388736614117,95.28,-1298.0900000000001
5775.0,-401308.3161474071,-14626.079999999998,8975.0,11822.687072981145,-413131.00322038826,1560152412.7569773,-2670247952.5813746,424953.6902933694,22201.23,-36827.310000000005
5780.0,-23456.472472685233,-1521.38,633.0,56.55570756014095,-23513.028180245372,140110728.0941969,-134540954.57346848,23569.583887805515,95.27,-1616.65
5785.0,-1027.1164297915536,-132.9,15.0,0.0,-1027.1164297915536,1157293.9925502632,-7196297.682916698,1027.1164297915536,0.0,-132.9
5790.0,-17128.340801951428,-860.1400000000001,669.0,0.6550704280399411,-17128.99587237947,150568267.99993727,-91931285.1680494,17129.650942807508,199.98,-1060.1200000000001
5795.0,-5595.6891435351645,-724.14,81.0,0.0,-5595.6891435351645,6256434.670249544,-39062226.08285398,5595.6891435351645,0.0,-724.14
5800.0,-2707407.3750322186,587955.6599999999,119409.0,377506.5045868836,-3084913.8796191025,21322401843.70412,-21190507394.17874,3462420.384205986,842863.0899999999,-254907.43000000002
5805.0,-69.70848750121498,-9.02,1.0,0.0,-69.70848750121498,77329.20773099484,-484622.7417873414,69.70848750121498,0.0,-9.02
5810.0,-46616.54240153055,-3085.54,1271.0,0.03492947459633134,-46616.57733100514,291051805.8386399,-261533531.24841383,46616.612260479735,100.0,-3185.5399999999995
5815.0,-140.67867978181724,-18.2,2.0,0.0,-140.67867978181724,154827.99576231436,-973981.2348056277,140.67867978181724,0.0,-18.2
5820.0,-42654.098414112734,-2790.46,1097.0,0.0,-42654.098414112734,253026281.59992012,-237944876.834261,42654.098414112734,0.0,-2790.46
5825.0,-312614.41954073036,-20697.2,6925.0,1770.2884714115446,-314384.7080121419,1410408758.1359334,-1871197046.590384,316154.99648355343,4172.43,-24869.63
5830.0,-48684.12641406097,-3154.12,1179.0,57.13599525050659,-48741.26240931148,263075820.7764609,-279096035.024996,48798.39840456199,397.83000000000004,-3551.95
5835.0,-3021.526850440214,-352.38,46.0,0.0,-3021.526850440214,5357866.7691282965,-20036732.742261373,3021.526850440214,0.0,-352.38
5840.0,-66948.64890457028,-3876.4400000000005,1649.0,0.2858742578115041,-66948.93477882809,405340092.016165,-363180161.507255,66949.22065308591,100.0,-3976.4400000000005
5845.0,-289.000109524631,-37.4,4.0,0.0,-289.000109524631,310544.4602896382,-1976787.1322821202,289.000109524631,0.0,-37.4
5850.0,-934592.5642386342,-11638.649999999994,19954.0,36611.933664204145,-971204.4979028383,4005005983.6757298,-6006008068.38292,1007816.4315670424,66380.15,-78018.79999999999
5855.0,-123.21252527635986,-12.62,2.0,0.0,-123.21252527635986,307720.45259608177,-779097.6137732338,123.21252527635986,0.0,-12.62
5860.0,-49540.22217611007,-3081.7200000000003,1448.0,0.0,-49540.22217611007,354995094.27495384,-264466334.00584435,49540.22217611007,0.0,-3081.7200000000003
5865.0,-3750.8413210376643,-486.03,51.0,0.0,-3750.8413210376643,3965775.9437989057,-25450377.277220555,3750.8413210376643,0.0,-486.03
5870.0,-24356.594299762735,-1378.73,842.0,0.0,-24356.594299762735,206128123.45370367,-125754648.23404282,24356.594299762735,0.0,-1378.73
5875.0,-341739.8391823886,-9793.09,6870.0,10740.538834841282,-352480.3780172299,1338220889.6086643,-2166808294.378506,363220.9168520712,19268.89,-29061.98
5880.0,-27828.256473079757,-1710.5200000000002,761.0,0.14045537424093976,-27828.396928453996,186785917.54837453,-149641799.59286356,27828.537383828236,100.0,-1810.5200000000002
5885.0,-52.51676343753786,-3.3099999999999996,1.0,0.0,-52.51676343753786,235027.12427336385,-292035.52440406947,52.51676343753786,0.0,-3.3099999999999996
5890.0,-45080.76469905508,-2300.78,1216.0,27.305221177670656,-45108.06992023275,324006945.1181391,-233353461.4366565,45135.37514141042,198.87,-2499.65
5895.0,0.0,0.0,0.0,0.0,0.0,0.0,0.0,0.0,0.0,0.0
5900.0,-3290606.202056377,165826.01000000004,86321.0,253214.6460720464,-3543820.8481284236,18619371238.358494,-21804628890.643734,3797035.49420047,428258.66,-262432.64999999997
5905.0,0.0,0.0,0.0,0.0,0.0,0.0,0.0,0.0,0.0,0.0
5910.0,-68681.81879343395,14148.839999999998,1632.0,106.21199867606524,-68788.03079211002,324421799.59703517,-394333795.3890267,68894.24279078607,19595.92,-5447.08
5915.0,-329.10072623799726,-20.64,6.0,0.0,-329.10072623799726,1441455.1140139594,-1812397.0742939438,329.10072623799726,0.0,-20.64
5920.0,-39140.2450334282,-2174.26,1281.0,0.0,-39140.2450334282,348580830.6079838,-194855616.50432214,39140.2450334282,0.0,-2174.26
5925.0,-941059.333996126,-53953.060000000005,18235.0,5169.838758825599,-946229.1727549516,4427818980.134123,-5240125335.602836,951399.0115137772,9403.38,-63356.44
5930.0,-31923.40904248464,-1819.23,757.0,0.0,-31923.40904248464,203086516.5742978,-166055337.134425,31923.40904248464,0.0,-1819.23
5935.0,-10505.192872246182,-656.5799999999999,186.0,0.0,-10505.192872246182,45347377.40734147,-57467115.38084735,10505.192872246182,0.0,-656.5799999999999
5940.0,-35039.41993007926,3704.0699999999993,989.0,1109.4357422062974,-36148.855672285565,259714743.72173494,-193173707.48276037,37258.29141449186,5760.419999999999,-2056.35
5945.0,-57.25971387064707,-3.58,1.0,0.0,-57.25971387064707,245373.22261148598,-312332.9975446738,57.25971387064707,0.0,-3.58
5950.0,-1277487.0470797038,-27923.63,26128.0,55934.492557158475,-1333421.5396368622,5221561897.497222,-8113665680.417102,1389356.0321940207,85848.40000000001,-113772.03
5955.0,-232.4990487931542,-14.52,4.0,0.0,-232.4990487931542,988974.6899998435,-1263671.848309342,232.4990487931542,0.0,-14.52
5960.0,-41048.72774036079,-3971.7600000000007,836.0,32.599260765238924,-41081.327001126025,171370173.69352603,-241171595.02245378,41113.92626189126,98.61999999999999,-4070.3800000000006
5965.0,-236.16035904479426,-14.719999999999999,4.0,0.0,-236.16035904479426,997069.4587236802,-1278505.5892119983,236.16035904479426,0.0,-14.719999999999999
5970.0,-17360.698479056668,-887.46,426.0,35.00342666491154,-17395.70190572158,120423167.48988266,-88336537.46597798,17430.70533238649,98.48,-985.94
5975.0,-1034074.4534054311,-71341.28,16363.0,9875.831542655182,-1043950.2849480862,3342060344.55516,-6067622009.058273,1053826.1164907415,15411.380000000001,-86752.66
5980.0,-34075.80150228609,66.96999999999971,860.0,649.5308931741246,-34725.33239546022,240137351.7715585,-180307292.14889988,35374.86328863434,2071.74,-2004.77
5985.0,-303.83197427866526,-18.9,5.0,0.0,-303.83197427866526,1263731.590756414,-1634033.4617653908,303.83197427866526,0.0,-18.9
5990.0,-246040.60685199677,-14554.82,4405.0,75.34718012785154,-246115.95403212463,1162593872.7349062,-1303255672.3861234,246191.30121225247,393.58,-14948.4
5995.0,0.0,0.0,0.0,0.0,0.0,0.0,0.0,0.0,0.0,0.0
6000.0,-16189141.316427678,37648167.910000004,1115675.0,20787872.82035193,-36977014.13677961,213858349844.55447,-345529329423.8869,57764886.957131535,40595834.01,-2947666.0999999996
6005.0,-1310.304003681286,-131.20000000000002,16.0,0.0,-1310.304003681286,2114231.065394509,-7933014.035982679,1310.304003681286,0.0,-131.20000000000002
6010.0,-167031.706989807,-6543.5700000000015,3246.0,4.153576877954355,-167035.86056668495,919953193.2160814,-853477142.5813487,167040.0141435629,2800.0,-9343.570000000002
6015.0,-2980.5770709604226,-298.44,36.0,0.0,-2980.5770709604226,4769467.7073932,-17962496.62506738,2980.5770709604226,0.0,-298.44
6020.0,-36950.757842060695,-1494.36,948.0,0.3674156176181225,-36951.125257678315,302220777.37346476,-175255758.94449988,36951.492673295936,400.0,-1894.36
6025.0,-876123.5534477,85161.54000000002,17370.0,127888.26116476096,-1004011.814612461,3503161735.0324087,-6516339017.932282,1131900.075777222,168099.97,-82938.43
6030.0,-84897.32406554127,-2868.6199999999994,1706.0,1.1347541624789246,-84898.45881970375,503520853.75078803,-426231919.0973208,84899.59357386622,1900.0,-4768.62
6035.0,-1353.2935138102753,-135.35999999999999,16.0,0.0,-1353.2935138102753,2129745.013167189,-8086904.829076944,1353.2935138102753,0.0,-135.35999999999999
6040.0,-34285.61038215986,289.7700000000002,912.0,0.6632759983697345,-34286.27365815823,266591313.6839112,-166296524.84886777,34286.9369341566,2100.0,-1810.2299999999998
6045.0,-2907.289147663553,-291.03999999999996,34.0,0.0,-2907.289147663553,4536689.221828788,-17291617.909885727,2907.289147663553,0.0,-291.03999999999996
6050.0,-4087944.832247997,-126595.90999999999,93676.0,111988.82228001136,-4199933.654528009,28109178380.298843,-22058344801.147373,4311922.47680802,159515.77000000002,-286111.68
6055.0,-1887.5300400700562,-101.43999999999998,24.0,81.17954289712539,-1968.7095829671816,3350265.325244137,-12141679.355158595,2049.889125864307,93.01,-194.45
6060.0,-39711.489947949536,-2049.04,882.0,35.62250608443885,-39747.11245403397,274798713.4050399,-193940138.49615985,39782.73496011841,198.62,-2247.6600000000003
6065.0,-873.5310998822704,-87.4,10.0,0.0,-873.5310998822704,1340123.5315009288,-5150683.883176348,873.5310998822704,0.0,-87.4
6070.0,-39886.116549531274,5425.35,956.0,534.9854399785637,-40421.101989509836,273301464.6011521,-201484497.97991648,40956.0874294884,7756.4400000000005,-2331.09
6075.0,-723026.3568325816,-47862.62,10420.0,4979.038031427595,-728005.3948640091,2380665478.7222123,-3988296229.158107,732984.4328954368,8021.71,-55884.33
6080.0,-74674.12104062755,-3879.4300000000003,1537.0,1.0411933223942358,-74675.16223394994,490302949.22127646,-361586125.0194443,74676.20342727234,199.98,-4079.4100000000003
6085.0,-1428.1024505582693,-142.88,16.0,0.0,-1428.1024505582693,2153306.3806994315,-8343349.224592596,1428.1024505582693,0.0,-142.88
6090.0,-42572.388826182054,6753.989999999999,928.0,1297.2224231181249,-43869.61124930018,255587123.28916192,-228961576.78778687,45166.8336724183,9642.539999999999,-2888.55
6095.0,-3157.4713760306195,-315.7,35.0,0.0,-3157.4713760306195,4719558.667595636,-18364879.640655328,3157.4713760306195,0.0,-315.7
6100.0,-10795756.05763362,-203084.91,284303.0,366956.0111696651,-11162712.068803286,82381571625.79645,-56513770227.208336,11529668.07997295,467583.42000000004,-670668.3300000001
6105.0,-6839.952165639053,-684.0,75.0,0.0,-6839.952165639053,10133774.454563558,-39588260.92781873,6839.952165639053,0.0,-684.0
6110.0,-27565.946215664306,-348.5199999999999,602.0,209.31768172014768,-27775.26389738445,196425113.7158473,-133209249.26259254,27984.5815791046,1190.52,-1539.04
6115.0,-5622.783948785695,-562.42,61.0,0.0,-5622.783948785695,8257142.488863308,-32396722.88569064,5622.783948785695,0.0,-562.42
6120.0,-45612.477268628725,322.8699999999998,980.0,42.172833728285084,-45654.65010235701,333332778.00410026,-211529294.4574188,45696.8229360853,2598.9399999999996,-2276.0699999999997
6125.0,-2923812.457032755,-126782.25,62764.0,15016.380641640273,-2938828.8376743956,22474248152.4244,-13503135774.903416,2953845.2183160353,21703.86,-148486.11
6130.0,-52437.26073950686,-2169.24,928.0,82.04173923514846,-52519.302478742015,284175181.61645156,-259779169.00290534,52601.34421797716,998.1999999999999,-3167.44
6135.0,-14409.688572337349,-1441.2600000000002,153.0,0.0,-14409.688572337349,20784309.430480648,-82231849.89887603,14409.688572337349,0.0,-1441.2600000000002
6140.0,-114336.09496115881,-6619.81,1970.0,0.41701270968570225,-114336.5119738685,621661075.1327931,-558583308.5896555,114336.92898657819,99.99,-6719.8
6145.0,-1908.2338240097686,-107.80000000000001,22.0,90.75271094472272,-1998.9865349544914,3004387.2701804363,-11918447.370087933,2089.739245899214,92.12,-199.92000000000002
6150.0,-3826255.625022848,-99495.59999999999,84559.0,88392.11355546582,-3914647.738578314,30755217577.816532,-18541505994.711205,4003039.85213378,123032.62,-222528.22
6155.0,-866.0414310015275,-86.57999999999998,9.0,0.0,-866.0414310015275,1226604.635241749,-4894322.192837122,866.0414310015275,0.0,-86.57999999999998
6160.0,-193912.62473800022,604.6600000000003,4092.0,578.5779854661273,-194491.20272346633,1490488268.011033,-873419371.5226165,195069.78070893246,9679.32,-9074.66
6165.0,-1653.3708287687384,-165.41,17.0,0.0,-1653.3708287687384,2320330.74620235,-9299894.809478126,1653.3708287687384,0.0,-165.41
6170.0,-41740.315921003006,-1711.69,722.0,2.1027965848872876,-41742.4187175879,247986761.01854432,-196750708.09183684,41744.52151417278,600.0,-2311.69
6175.0,-2245009.9520722926,-98915.72,72136.0,48293.08193205784,-2293303.0340043507,22041045962.698307,-11312533630.7388,2341596.1159364083,67670.95,-166586.67
6180.0,-90300.12557184683,-4400.22,1325.0,504.7119647537305,-90804.83753660056,406185281.7893558,-450076666.79319906,91309.5495013543,1269.0,-5669.219999999999
6185.0,-7372.929950234414,-326.91,84.0,477.08622363248884,-7850.016173866903,11556681.97653766,-46609049.82604846,8327.102397499391,458.34999999999997,-785.26
6190.0,-93507.09908161103,-6172.120000000001,1292.0,55.20515933490397,-93562.30424094593,379116223.07679045,-467986249.0255618,93617.50940028085,298.44,-6470.56
6195.0,-2229.4263107402753,186.5,32.0,482.63745311682845,-2712.063763857104,4445620.399402192,-17937061.89427609,3194.7012169739323,457.85,-271.35
6200.0,-9422226.418502405,890432.7500000001,196210.0,1242444.804741148,-10664671.223243553,57600152217.472595,-59492389468.564705,11907116.027984701,1617774.6600000001,-727341.91
6205.0,-1218.2546527346735,-121.91999999999999,12.0,0.0,-1218.2546527346735,1646611.3094247433,-6715840.622119584,1218.2546527346735,0.0,-121.91999999999999
6210.0,-204663.43649255947,-8542.87,3639.0,441.0585457317265,-205104.49503829118,1407052306.304183,-915868504.2691346,205545.5535840229,1384.35,-9927.220000000001
6215.0,-3283.4272043113706,-328.64,32.0,0.0,-3283.4272043113706,4395763.501122991,-18011672.803146422,3283.4272043113706,0.0,-328.64
6220.0,-130346.19991941872,-6038.16,3842.0,99.58831485591145,-130445.78823427465,1379138379.583555,-561890767.6861304,130545.37654913055,91.27,-6129.43
6225.0,-3674748.426261141,-66876.09000000001,66483.0,138054.23237759463,-3812802.658638736,25027361041.52263,-18001400281.656998,3950856.89101633,144067.59999999998,-210943.69
6230.0,-139027.5711263761,-8377.49,1844.0,72.69362948588773,-139100.26475586198,592157599.883091,-669975097.9869859,139172.95838534788,197.31,-8574.8
6235.0,-2512.8083151062506,-254.60000000000002,24.0,0.0,-2512.8083151062506,3241822.661277096,-13668318.16901284,2512.8083151062506,0.0,-254.60000000000002
6240.0,-242620.50968023122,2768.249999999999,12029.0,4302.645294016799,-246923.15497424803,4444139838.278006,-966930384.9425931,251225.80026826484,12129.51,-9361.26
6245.0,-1698.7106864484492,-89.4,18.0,102.67159334033526,-1801.3822797887844,2492816.5027839076,-10326544.237414798,1904.0538731291197,90.97,-180.37
6250.0,-4371844.241803229,-193731.06999999998,61468.0,115295.50540453273,-4487139.747207762,17616802796.80855,-22825527573.66022,4602435.252612295,140337.23,-334068.3
6255.0,-1281.5739073973082,-131.49,12.0,0.0,-1281.5739073973082,1592250.5501254485,-6910697.144698845,1281.5739073973082,0.0,-131.49
6260.0,-149485.0972578235,-7230.960000000002,1960.0,364.06746017443936,-149849.16471799795,667536162.0619848,-705241320.7540693,150213.2321781724,1482.33,-8713.29
6265.0,-5625.360417284859,-566.54,52.0,0.0,-5625.360417284859,7112096.532221528,-30075061.13104786,5625.360417284859,0.0,-566.54
6270.0,-119735.80436529528,-4618.72,3477.0,149.82094333192157,-119885.62530862719,1346838472.9302666,-497642179.8198747,120035.4462519591,594.1,-5212.82
6275.0,-2857641.7469955934,-102669.15,76035.0,54282.74186511508,-2911924.488860708,26615214338.945602,-13395189185.813269,2966207.2307258234,82075.14,-184744.29
6280.0,-260412.38870021954,-10824.17,4388.0,1107.2502474396306,-261519.63894765917,1692634984.079678,-1163036551.00251,262626.88919509883,2308.38,-13132.550000000001
6285.0,-2526.112456509108,-266.32,23.0,0.0,-2526.112456509108,2924526.4853396574,-13453424.596960573,2526.112456509108,0.0,-266.32
6290.0,-182528.89066740565,-7710.12,2785.0,640.6117403127133,-183169.50240771836,1152269109.9579308,-797367992.4610107,183810.11414803108,756.27,-8466.39
6295.0,-4361.845514187699,-357.64000000000004,41.0,109.02163204118938,-4470.8671462288885,5679413.4516884275,-24117385.15244349,4579.888778270078,90.36,-448.00000000000006
6300.0,-6397918.630122923,817392.2699999998,105519.0,1050095.2350036677,-7448013.865126591,28568424137.373528,-41965013867.68924,8498109.100130258,1394735.89,-577343.62
6305.0,-3708.6118236573566,-304.23,35.0,0.0,-3708.6118236573566,7814550.814317297,-18534806.848270506,3708.6118236573566,0.0,-304.23
6310.0,-99729.86327890801,-3319.0500000000006,1281.0,341.2741407133313,-100071.13741962134,478769327.3946835,-452457464.4306287,100412.41156033467,1990.6599999999999,-5309.71
6315.0,-4058.8694747353516,-212.57,41.0,82.69902073766653,-4141.568495473019,10752682.74387545,-20604766.975221276,4224.267516210685,96.02000000000001,-308.59000000000003
6320.0,-112419.8457493105,-5538.93,1360.0,147.3727444756641,-112567.21849378616,521887225.663698,-504782261.4692785,112714.59123826183,395.5,-5934.43
6325.0,-1285307.3303156076,254735.32,21729.0,241161.75357910976,-1526469.0838947173,5623633846.810032,-8685244607.145721,1767630.8374738272,372528.9,-117793.58
6330.0,-286962.67634373985,-13443.52,3301.0,1314.5883372217588,-288277.26468096155,1214642658.7880003,-1308271332.9870062,289591.8530181833,2229.13,-15672.65
6335.0,-5263.094836955135,249.38,64.0,690.6288712781861,-5953.723708233321,15177963.212081075,-32999140.75963845,6644.352579511507,766.64,-517.26
6340.0,-123979.95434064363,-4561.72,1456.0,1011.3779741353399,-124991.33231477896,550473964.446246,-564042275.8829228,126002.7102889143,2258.6400000000003,-6820.36
6345.0,-6737.800123154654,-31.539999999999992,72.0,465.8496632313956,-7203.6497863860495,20154887.049312647,-36664969.91123842,7669.499449617444,469.80999999999995,-501.34999999999997
6350.0,-2667111.637348635,330658.51999999996,46005.0,400541.74181289057,-3067653.3791615255,13869692647.842695,-16437479207.079645,3468195.1209744164,564606.95,-233948.43
6355.0,-20175.66768595172,-1549.86,181.0,117.03705875442458,-20292.704744706145,42040021.26486439,-99018772.42708513,20409.74180346057,89.58,-1639.44
6360.0,-194597.05244560353,48464.82,3735.0,1812.7744113582517,-196409.8268569618,1439075609.6663399,-826800256.827403,198222.60126832002,57429.47,-8964.65
6365.0,-46102.582259576215,-1935.23,443.0,1031.5933683240587,-47134.17562790027,137364399.36195293,-223207890.32908443,48165.76899622433,1045.4499999999998,-2980.68
6370.0,-132507.78692189997,-3007.87,1612.0,3792.861518340421,-136300.6484402404,651917193.0833554,-612343500.5054992,140093.5099585808,4082.2200000000003,-7090.09
6375.0,-1480154.4420085927,216254.26,22215.0,253410.2945499927,-1733564.7365585852,6561185178.301818,-9387490171.542818,1986975.031108578,347376.58,-131122.31999999998
6380.0,-113175.9187634688,35099.1,1819.0,16695.75057695255,-129871.66934042134,650253354.2282602,-655228082.6658883,146567.4199173739,42606.670000000006,-7507.570000000001
6385.0,-19930.60076076103,-1210.52,179.0,408.90686910273536,-20339.507629863765,44663474.51925385,-98435108.09747271,20748.4144989665,375.14,-1585.6599999999999
6390.0,-213186.19925749174,-18283.769999999997,2125.0,2658.6830113878996,-215844.88226887965,499170632.58756363,-1056723773.624912,218503.56528026756,3118.37,-21402.139999999996
6395.0,-12202.159129853784,-912.3299999999999,105.0,97.989068010852,-12300.148197864637,24665489.57397113,-58873827.384978525,12398.137265875488,95.21,-1007.5399999999998
6400.0,-8172276.691988674,1012761.03,117667.0,1719453.2271096776,-9891729.919098351,34319608797.002975,-54546427299.453476,11611183.14620803,1794616.04,-781855.0099999999
6405.0,-33084.73861263077,-1931.8200000000006,325.0,2409.1457095461196,-35493.88432217689,46017221.17704108,-189666705.85115322,37903.03003172301,2133.6499999999996,-4065.4700000000003
6410.0,-195588.4625085281,-6335.769999999999,2068.0,2872.4696345982834,-198460.93214312635,832588289.0611597,-869707508.1073134,201333.40177772465,4270.75,-10606.519999999999
6415.0,-3625.895886249764,1917.91,90.0,3649.7341370390095,-7275.630023288773,14246556.718897264,-54763244.48938619,10925.364160327783,2693.2,-775.29
6420.0,-141121.83510132701,-6779.9,1516.0,1104.16797732995,-142226.00307865694,601955688.7013139,-619815800.6857879,143330.1710559869,1450.3400000000001,-8230.24
6425.0,-1693900.5536386755,151153.95999999996,23148.0,321091.0322520996,-2014991.5858907748,7031253350.30995,-10757889073.147926,2336082.6181428744,302267.91,-151113.95
6430.0,-141373.07873194557,-5977.93,1391.0,1394.613340440023,-142767.6920723856,509386554.21227044,-631790562.1428018,144162.30541282563,2844.54,-8822.47
6435.0,-11748.069130756427,-508.3200000000001,106.0,638.0709464204599,-12386.140077176886,24097336.353398282,-61052462.70729522,13024.211023597347,568.6199999999999,-1076.94
6440.0,-123365.01848591547,585.3200000000002,1755.0,5400.468486743563,-128765.48697265903,785494135.3433801,-557594431.597138,134165.95545940258,7367.87,-6782.55
6445.0,-28579.815734013682,247.2199999999998,276.0,2605.9003198968085,-31185.71605391049,87193837.32546523,-151295570.5455155,33791.6163738073,2271.6,-2024.38
6450.0,-4095725.671139947,1073523.3699999999,70683.0,1194948.1582888712,-5290673.829428819,23867495572.543106,-29232693194.51276,6485621.98771769,1483600.45,-410077.07999999996
6455.0,-35029.930384906525,-1587.64,292.0,667.0545823578325,-35696.98496726436,98616538.25693679,-159210602.9105777,36364.0395496222,566.9399999999999,-2154.58
6460.0,-142547.52895369608,9945.359999999999,1866.0,14313.044755221485,-156860.57370891757,823776206.5095651,-714206349.4496067,171173.61846413903,18016.9,-8071.54
6465.0,-2679.1032838252654,-44.29,25.0,246.4558305107886,-2925.559114336054,6665632.368301831,-14375172.175191976,3172.014944846843,182.34,-226.63
6470.0,-122921.26570991037,-4365.51,1229.0,2852.9178670690876,-125774.18357697946,513322620.3484847,-540952748.4326246,128627.10144404855,2715.55,-7081.0599999999995
6475.0,-1568659.6327545424,358470.87,25275.0,544921.4199385807,-2113581.052693123,8084990329.696683,-11910530711.071323,2658502.472631704,517491.68,-159020.81
6480.0,-95404.60327834108,8753.24,1184.0,15310.267372437913,-110714.87065077899,503132235.95012015,-530665152.30773604,126025.1380232169,14595.619999999999,-5842.379999999999
6485.0,-37394.61905322905,-2190.01,301.0,1188.2548871020936,-38582.87394033114,78580027.03885046,-177592602.52983767,39771.12882743323,801.99,-2992.0
6490.0,-203358.47870811247,16434.36,2326.0,18544.05860241281,-221902.53731052528,901260594.6138729,-1015720376.9640318,240446.5959129381,29787.25,-13352.89
6495.0,-58085.046478066426,-3774.2099999999996,439.0,275.33354433292817,-58360.38002239935,135655814.42839777,-254233766.05234092,58635.71356673228,175.04,-3949.2499999999995
6500.0,-12957488.172337942,2381193.75,202383.0,4624737.179907215,-17582225.352245156,67021871218.60658,-97754874934.6915,22206962.53215237,3683878.0700000003,-1302684.32
6505.0,-98409.74387704516,-5240.1900000000005,743.0,996.7918117709567,-99406.5356888161,256417589.5736743,-426508072.85184884,100403.32750058707,744.5999999999999,-5984.790000000001
6510.0,-212175.11901966087,1410.9900000000002,2126.0,8312.875956450513,-220487.99497611137,959209347.63361,-928814433.9441483,228800.87093256187,12914.820000000002,-11503.83
6515.0,-17365.750721208773,-305.88000000000005,147.0,1396.643544523668,-18762.39426573244,43786618.417227045,-87362162.94737136,20159.037810256108,1015.4999999999999,-1321.3799999999999
6520.0,-241023.22605401967,-9227.2,2054.0,3331.9249929491352,-244355.15104696882,834656520.9550393,-1021211309.2708741,247687.07603991797,4912.099999999999,-14139.300000000001
6525.0,-879465.429744249,352633.47,18143.0,632854.4434855797,-1512319.8732298287,5844953879.775,-9427713343.82442,2145174.3167154086,471320.5,-118687.03000000001
6530.0,-256177.21757911274,7884.170000000002,2607.0,23012.94350899504,-279190.1610881078,1110574063.130247,-1239626525.3462992,302203.10459710285,24051.320000000003,-16167.15
6535.0,-13592.51359974279,-841.45,100.0,260.14564111757994,-13852.65924086037,28500698.99166788,-60440349.14411117,14112.80488197795,186.95999999999998,-1028.41
6540.0,-182196.4772565314,978.1200000000017,1737.0,5353.380456448858,-187549.85771298024,754823140.8691058,-778153029.2660806,192903.23816942913,11789.150000000001,-10811.029999999999
6545.0,-15733.392595087353,2918.8299999999995,233.0,8873.716554744633,-24607.109149831984,39274101.22375663,-151467197.15381703,33480.825704576615,5295.95,-2377.12
6550.0,-4857904.361549489,316254.96,59574.0,1145004.7384201868,-6002909.099969677,20199846599.115337,-30447687653.88666,7147913.838389863,782278.79,-466023.83
6555.0,-10654.61119415573,2048.34,142.0,4916.771839350454,-15571.383033506183,36952670.360601686,-89295288.31186351,20488.154872856634,3328.6000000000004,-1280.2600000000002
6560.0,-285562.0572490328,3403.679999999996,2570.0,21947.61647354863,-307509.67372258136,1014856979.6206127,-1344949252.7858448,329457.29019613,22770.96,-19367.28
6565.0,-51226.28884385908,-3583.81,560.0,137.91245881278164,-51364.20130267186,254643346.32122692,-206755326.83043253,51502.113761484645,93.05,-3676.86
6570.0,-254201.78477112355,-10746.82,2059.0,6899.5909043421725,-261101.3756754657,817291885.6111526,-1086672983.8970165,268000.96657980786,5909.370000000001,-16656.190000000002
6575.0,-1688616.0060260575,291960.46,27645.0,718258.3944430149,-2406874.4004690726,10667984280.69061,-13102411304.265343,3125132.7949120873,473633.89,-181673.43
6580.0,-127169.59513222703,8162.299999999999,1392.0,17801.44203835022,-144971.03717057724,678148345.7386173,-637268302.5019209,162772.47920892746,15786.21,-7623.91
6585.0,-1720.0356235098966,19800.629999999997,562.0,39842.595215345,-41562.63083885489,142733185.63158378,-354051514.8787784,81405.22605419988,22661.649999999998,-2861.02
6590.0,-333661.887789475,3197.5600000000013,2988.0,42312.13297968068,-375974.02076915564,1153624477.6271162,-1686761921.9742415,418286.15374883637,25832.82,-22635.26
6595.0,-27325.753614502082,-1120.52,288.0,1647.3549019665693,-28973.108516468652,126856262.06522678,-122300362.6480113,30620.46341843522,984.8500000000001,-2105.37
6600.0,-8973412.34053922,2323838.54,150911.0,5363644.653666509,-14337056.994205728,51927362995.58158,-81628716858.64673,19700701.64787224,3417342.6300000004,-1093504.09
6605.0,-10843.010909514182,3268.7499999999995,200.0,7973.79437476402,-18816.8052842782,59061844.29202983,-112776456.42927729,26790.599659042222,4828.74,-1559.99
6610.0,-286746.125277085,16018.24,2653.0,35158.60579253276,-321904.73106961773,1230762075.1021962,-1384381279.2134576,357063.3368621505,33783.93,-17765.69
6615.0,-13020.184422626015,1384.46,148.0,3984.5722471167646,-17004.75666974278,44500609.531744994,-86418303.34952143,20989.328916859544,2730.0,-1345.54
6620.0,-542316.291351345,31751.32,5631.0,108046.19016410584,-650362.4815154509,2388360269.0873947,-2998579848.8898497,758408.6716795567,73678.68000000001,-41927.36
6625.0,-1755341.7392115397,368899.0,26793.0,930943.5896848193,-2686285.328896359,9727772021.855154,-14654178778.313522,3617228.9185811784,563587.1900000001,-194688.19
6630.0,-186314.32341580608,37897.8,2545.0,85537.21092476361,-271851.5343405697,1184336656.7449248,-1382767758.5961998,357388.74526533333,52214.57,-14316.77
6635.0,-44713.25214085094,-3380.6100000000006,358.0,1734.6258721099252,-46447.878012960864,103456287.00131822,-196936723.48315904,48182.50388507079,1005.4399999999999,-4386.05
6640.0,-290724.45417028206,-2376.2699999999995,2369.0,21140.722801475593,-311865.17697175767,1207026920.403044,-1248550645.4149709,333005.8997732332,13428.89,-15805.16
6645.0,2170.091460150521,18311.82,488.0,36882.71477668383,-34712.62331653331,180332248.3934992,-292777141.35556,71595.33809321714,21070.03,-2758.21
6650.0,-3577649.040258668,1262790.17,68170.0,3026169.2431247886,-6603818.283383457,26542220321.28769,-38071750467.4192,9629987.526508246,1713228.0999999999,-450437.93
6655.0,-22539.69901405341,774.3900000000001,276.0,4911.412606917305,-27451.111620970718,136474958.4244682,-123658670.93653399,32362.524227888025,2729.1600000000003,-1954.7700000000002
6660.0,-257435.59428310985,21131.95,2410.0,33169.591475174486,-290605.1857582843,1106577769.8509808,-1216110041.1080916,323774.7772334588,37863.54,-16731.59
6665.0,-14878.47581303509,-277.22999999999996,162.0,1832.5754908686104,-16711.0513039037,79826780.3522642,-70242960.47294444,18543.62679477231,971.8399999999999,-1249.07
6670.0,-480791.6556825567,74605.59999999999,5540.0,141685.0347646977,-622476.6904472545,3192981600.2220135,-2777436541.9957085,764161.7252119521,102824.65999999999,-28219.06
6675.0,-3137638.2432859074,499573.33,41930.0,1510304.0680950517,-4647942.311380959,17065829642.868315,-23655508903.467037,6158246.379476011,831846.25,-332272.92
6680.0,-432070.77958184894,-7241.409999999998,3179.0,25859.038474426412,-457929.81805627537,1647246086.3261275,-1763010861.2399285,483788.85653070174,16484.41,-23725.82
6685.0,-19764.338518902146,3006.4,264.0,8627.473027734351,-28391.811546636494,117165217.07268,-140809655.19486582,37019.284574370846,4710.36,-1703.9599999999998
6690.0,-297069.8956779272,-6584.959999999999,2589.0,17225.412218094763,-314295.307896022,1483214869.5858238,-1200381988.025566,331520.72011411673,10779.7,-17364.66
6695.0,-228211.70534096487,-16918.04,1447.0,1785.0351135465557,-229996.74045451143,487438930.6573124,-879536167.4138653,231781.77556805796,1050.54,-17968.58
6700.0,-12222812.985542033,2372664.64,170809.0,7202835.571754442,-19425648.557296477,67437174625.18251,-100818499286.45677,26628484.129050918,3700404.0500000003,-1327739.41
6705.0,-28008.757663311328,2794.3,322.0,10665.115425952992,-38673.87308926432,147404934.14771762,-183618160.52436784,49338.98851521731,5390.13,-2595.83
6710.0,-212816.85158146144,23085.829999999998,3182.0,66489.19764158047,-279306.0492230419,2146400885.9548523,-1236472362.1118107,345795.24686462234,38222.69,-15136.86
6715.0,-16425.41662158865,16312.820000000002,584.0,37585.57544211569,-54010.99206370434,314607624.33344656,-336172317.76397383,91596.56750582004,18990.120000000003,-2677.2999999999997
6720.0,-296111.5213350553,-4232.470000000001,2046.0,22245.215459614585,-318356.7367946699,999163504.3968364,-1220888015.432018,340601.95225428446,13933.25,-18165.72
6725.0,-5198267.569169006,207241.76000000004,55434.0,1524327.644155544,-6722595.21332455,23150213113.39932,-30482882088.94908,8246922.857480094,759091.22,-551849.46
6730.0,-277394.5939411031,7794.589999999997,2330.0,49808.90611815504,-327203.50005925813,1237550466.7351859,-1339526727.7229302,377012.4061774132,25798.54,-18003.95
6735.0,-99356.05917946654,122.4299999999999,855.0,10608.479585420488,-109964.53876488702,565168056.0536715,-410594936.43733495,120573.01835030751,5091.78,-4969.349999999999
6740.0,-285924.50657264754,23690.829999999998,2641.0,69167.88535748069,-355092.3919301282,1484906523.2594512,-1486576653.590468,424260.27728760894,42942.99,-19252.16
6745.0,-325293.31793230306,-28197.659999999996,1917.0,6326.55045962651,-331619.8683919296,402478219.48655146,-1267857684.3176327,337946.4188515561,3067.8399999999997,-31265.499999999996
6750.0,-7909926.278181377,1024625.99,94643.0,3714717.9798795297,-11624644.258060906,44532470500.32579,-54910531898.391075,15339362.237940436,1766877.19,-742251.2000000001
6755.0,-66603.42988592118,-1459.6499999999999,458.0,4307.763301064123,-70911.1931869853,271016244.6427539,-256724223.29398024,75218.95648804941,2283.13,-3742.78
6760.0,-266183.7197787646,-824.809999999999,2679.0,24608.245270062052,-290791.9650488266,2172893165.906332,-1038012506.310195,315400.21031888865,13081.43,-13906.24
6765.0,-122955.73016699903,-3365.62,1399.0,3637.2593340326175,-126592.98950103164,1311991055.5863647,-388663456.8900027,130230.24883506425,1697.6100000000001,-5063.2300000000005
6770.0,-377735.96246238245,14053.229999999996,2909.0,62792.7755691581,-440528.73803154053,1623531635.354674,-1717895447.1245098,503321.5136006987,39801.84,-25748.61
6775.0,-2150035.4457817576,410823.44,33764.0,1495312.7227091743,-3645348.1684909323,14772537591.055239,-18329700166.307922,5140660.891200107,683523.61,-272700.17
6780.0,-351638.0804460402,73078.76,3816.0,96954.86501380648,-448592.9454598467,2358007101.494092,-1819290412.7504292,545547.8104736531,97820.47,-24741.71
6785.0,-108932.47533811237,-3266.6400000000012,741.0,8484.094894906062,-117416.57023301844,420458983.1814096,-423833058.70236593,125900.6651279245,3703.8199999999997,-6970.460000000001
6790.0,-239197.66605002375,56257.16,7348.0,164490.8489701518,-403688.51502017555,8061774004.79037,-1762149376.5937536,568179.3639903273,72991.94,-16734.78
6795.0,-94914.13336893436,-1012.5799999999998,594.0,9632.52749533597,-104546.66086427032,333123391.94301075,-379538596.3272262,114179.18835960628,4255.76,-5268.339999999999
6800.0,-14748862.1921619,3106991.99,205431.0,11473915.159215083,-26222777.351376984,79606835608.6334,-131808614318.77002,37696692.510592066,5032652.62,-1925660.63
6805.0,-52608.05177185221,6062.419999999998,548.0,23191.486554764775,-75799.53832661698,340772121.44761556,-327514960.41692877,98991.02488138176,9760.079999999998,-3697.66
6810.0,-358967.4546610978,12248.11,6551.0,71056.82638806906,-430024.28104916686,7398375433.319853,-1494479387.1614537,501081.1074372359,31150.449999999997,-18902.34
6815.0,-96203.98844548072,340.319999999999,637.0,12956.443956966823,-109160.43240244754,395090354.4235538,-395965284.91967773,122116.87635941435,5386.74,-5046.42
6820.0,-654611.0686423469,24800.65,4925.0,121339.0594239406,-775950.1280662875,3074554508.3331447,-2905351888.2751784,897289.1874902281,66276.11,-41475.46
6825.0,-1388948.2915735068,1054652.0,43987.0,3290898.623217205,-4679846.914790712,16528212402.881939,-27524380001.97041,7970745.538007917,1394981.45,-340329.45
6830.0,-791185.336445154,-7138.920000000001,5128.0,74917.47272867148,-866102.8091738254,3517810320.6711993,-2993557773.5940614,941020.2819024969,36460.51,-43599.43
6835.0,-96433.43090841522,1283.6899999999998,707.0,13552.278858505011,-109985.70976692023,580116918.0886818,-380075033.73783755,123537.98862542525,5526.06,-4242.37
6840.0,-606129.8118075405,-15832.97,3549.0,49250.677581730546,-655380.489389271,1962178346.2281344,-2265956229.9610324,704631.1669710015,23046.760000000002,-38879.729999999996
6845.0,-238952.38479199618,945.6700000000016,1722.0,23171.58919122201,-262123.97398321817,1564365956.799529,-852578145.7100458,285295.5631744402,11378.08,-10432.41
6850.0,-5510829.871056564,2921767.59,129854.0,10037550.41316411,-15548380.284220677,50609476699.9179,-85553589182.92314,25585930.697384786,4035729.05,-1113961.46
6855.0,-114976.62455326015,-1554.2099999999998,704.0,10851.552323005983,-125828.17687626612,500206281.3150036,-421146957.05684924,136679.7291992721,4457.17,-6011.379999999999
6860.0,-528535.2912135608,1872.6200000000028,3217.0,65926.33675670315,-594461.6279702641,2111570399.2784941,-2041231924.2429883,660387.9647269672,32447.480000000003,-30574.86
6865.0,-176006.45208606904,-3607.199999999999,982.0,12468.842279249755,-188475.2943653188,720894490.5500319,-610199496.0344847,200944.13664456859,4923.58,-8530.779999999999
6870.0,-679078.4302753162,-5809.89,3829.0,60361.83434592166,-739440.2646212379,2287451740.240954,-2460840463.7591114,799802.0989671595,34277.21,-40087.1
6875.0,-1489542.8804396188,1323179.0799999998,54206.0,4382944.5428678375,-5872487.423307456,26302116102.469223,-33248848116.53467,10255431.966175294,1727013.65,-403834.57
6880.0,-712294.6173887263,3727.0499999999997,4386.0,94040.36154697505,-806334.9789357014,3193360300.21088,-2719641625.5169706,900375.3404826764,44986.4,-41259.350000000006
6885.0,-104728.94588702923,-3166.7,552.0,5861.454185359942,-110590.40007238917,393125408.94944686,-348160698.3006173,116451.85425774912,2344.08,-5510.78
6890.0,-1330955.571777291,6112.300000000002,12348.0,214060.07148313435,-1545015.643260425,12940221230.143997,-5096130361.101857,1759075.7147435595,80934.27,-74821.97
6895.0,-387558.55181958375,-14027.619999999999,1717.0,6566.385719203782,-394124.93753878755,1290145884.3837254,-1169558769.6789274,400691.3232579913,2620.5,-16648.12
6900.0,-10163612.804531265,3409941.9899999998,174107.0,13391943.376777608,-23555556.181308873,74714685694.99242,-116082057598.01128,36947499.558086485,5064129.93,-1654187.94
6905.0,-199945.6350905372,-6232.28,967.0,8272.10731776898,-208217.7424083062,745829504.0864813,-628229251.9874177,216489.84972607516,3063.9,-9296.18
6910.0,375324.6012316666,263465.05,7802.0,812468.4637928774,-437143.8625612108,8713987440.254065,-3683271831.210354,1249612.3263540883,282439.69999999995,-18974.65
6915.0,-225934.904573313,-3464.9699999999993,1122.0,16519.2641734414,-242454.16874675438,919794097.1226517,-740880513.9887108,258973.43292019577,6068.289999999999,-9533.259999999998
6920.0,-728078.8730795941,-5177.860000000002,4164.0,66178.2617470126,-794257.1348266067,3457136036.6256666,-2459374092.5516143,860435.3965736193,34656.63,-39834.49
6925.0,-1552556.3855844652,803938.64,36705.0,3162728.007025069,-4715284.392609534,14252616588.566813,-24255486509.83396,7878012.3996346025,1149860.7200000002,-345922.08
6930.0,-694182.6272165996,13668.62,4128.0,139482.55552009336,-833665.1827366931,3290148724.772894,-2754920663.259719,973147.7382567864,51765.0,-38096.380000000005
6935.0,-163290.33538766426,3863.4500000000025,1308.0,53095.92787680597,-216386.2632644702,501642579.2242747,-819916333.0905159,269482.19114127615,21674.72,-17811.269999999997
6940.0,-381420.7335725977,10318.03,2892.0,85321.02964077052,-466741.76321336813,3147231415.8368545,-1508856513.0011392,552062.7928541387,33444.83,-23126.8
6945.0,-242655.16160266005,-7103.379999999999,1062.0,11465.029074017384,-254120.19067667745,884533282.6437362,-732041975.8285123,265585.2197506948,3726.62,-10830.0
6950.0,-6872463.505500244,1650913.09,89928.0,7078656.307110592,-13951119.812610837,46458888667.54191,-61123116408.68929,21029776.119721428,2523895.1,-872982.01
6955.0,-260342.04830862934,-6737.77,1095.0,14349.66233499769,-274691.71064362704,857008118.879911,-792217087.0836086,289041.3729786247,4883.5,-11621.27
6960.0,-735499.7068991307,50363.64,5657.0,323128.22461157525,-1058627.931510706,4351815544.562269,-3845634017.5989656,1381756.1561222812,106483.70999999999,-56120.07
6965.0,-303184.51245241135,-9116.03,1242.0,12673.553294049769,-315858.0657464611,1038611997.9825218,-886732046.3936813,328531.61904051085,4070.24,-13186.27
6970.0,-1037651.101999728,-23197.679999999997,4841.0,59935.50548178936,-1097586.6074815174,4694532453.787954,-3080169773.405364,1157522.1129633067,27322.22,-50519.9
6975.0,-3532218.155889574,386720.3,35819.0,2420258.4683888373,-5952476.624278411,19939688062.57502,-23543076684.854744,8372735.092667249,793087.58,-406367.28
6980.0,-988728.880140343,-33511.37,4374.0,61256.28955682372,-1049985.1696971667,3495284305.10758,-2963203138.529093,1111241.4592539906,21305.46,-54816.829999999994
6985.0,-347370.2960304657,-12935.94,1333.0,6113.033245544517,-353483.3292760102,1229799031.7397232,-938741036.6441854,359596.36252155475,1753.2199999999998,-14689.16
6990.0,-1355054.8771185149,-10790.310000000001,6908.0,153801.55022166588,-1508856.4273401806,6302269250.117775,-4309318908.307114,1662657.9775618466,64232.29,-75022.6
6995.0,-552623.9274138766,-25421.11,1976.0,10059.673776663367,-562683.6011905399,1314929960.142744,-1500553222.470481,572743.2749672033,3073.11,-28494.219999999998
7000.0,-21108922.04626517,45808827.64,1548284.0,201604842.10356602,-222713764.14983118,682360016690.8689,-1169231668770.5234,424318606.2533972,60576825.230000004,-14767997.59
7005.0,-287354.490983452,7880.170000000003,1625.0,93930.09020312074,-381284.5811865728,1088900462.4897935,-1249142393.588361,475214.6713896935,26334.08,-18453.91
7010.0,-723409.4756259588,13765.209999999995,6208.0,177677.90538850214,-901087.3810144609,9972665889.600237,-2612280322.59877,1078765.286402963,55262.29,-41497.08
7015.0,-466342.2315689636,-14916.96,1787.0,32413.768155555088,-498755.99972451874,1377593728.1186488,-1353610144.767749,531169.7678800737,8828.88,-23745.84
7020.0,-1428956.4027464387,-45114.41,7154.0,76898.75438923435,-1505855.157135673,7533155290.512936,-3856941196.2341814,1582753.9115249075,24074.59,-69189.0
7025.0,-3221216.239500563,160452.95,25861.0,1633637.939790361,-4854854.179290924,14211621570.297031,-16965627716.749037,6488492.119081286,492277.95000000007,-331825.0
7030.0,-1058744.2471137897,18982.09000000001,6104.0,311630.2953621263,-1370374.542475916,4906801849.516266,-4193428848.4099956,1682004.8378380423,88073.48000000001,-69091.39
7035.0,-1239679.7301772733,-49223.73,4761.0,20644.30255456192,-1260324.0327318353,3356659432.2476974,-3146480543.1485643,1280968.335286397,5705.04,-54928.770000000004
7040.0,-1274814.6135034855,-38628.89000000001,6639.0,90873.78265911897,-1365688.3961626044,9023254354.415482,-3423883240.8476925,1456562.1788217234,25343.89,-63972.78
7045.0,-568616.706187222,-20239.59,3634.0,20781.92158391903,-589398.627771141,5429340511.239049,-1371848473.9840617,610180.54935506,5430.55,-25670.14
7050.0,-5823496.528859184,643021.3700000001,60607.0,4887664.274207593,-10711160.803066777,35771941711.405205,-39241643259.907265,15598825.07727437,1372089.2400000002,-729067.87
7055.0,-253079.4568247304,14702.569999999996,1858.0,141317.03903960827,-394396.4958643387,1608010695.245133,-1284963694.0812435,535713.5349039469,33980.969999999994,-19278.4
7060.0,-740403.9792649772,-11180.720000000001,3715.0,104302.51395924862,-844706.4932242257,4828669755.901611,-2163402946.959624,949009.0071834744,28005.75,-39186.47
7065.0,-154898.4804014587,-2580.7000000000007,724.0,11949.344462895024,-166847.82486435372,1213086592.6493018,-383897386.43574935,178797.16932724876,3146.3599999999997,-5727.0599999999995
7070.0,-577715.024144984,3624.060000000003,3289.0,152330.36870028774,-730045.3928452717,4470947439.426478,-1994244714.9298499,882375.7615455594,37677.61,-34053.549999999996
7075.0,-4082682.071209621,151256.93,27441.0,1811062.8675171973,-5893744.938726818,21201555585.73755,-18207598605.273582,7704807.806244016,506236.79,-354979.86
7080.0,-912835.1992561754,-12506.789999999999,3884.0,77353.47028508171,-990188.6695412571,5901426775.450833,-2312183688.9574156,1067542.1398263387,28323.800000000003,-40830.59
7085.0,-372425.69002581964,-11034.08,1387.0,30517.778148511774,-402943.4681743314,1383796188.382477,-972792999.939394,433461.2463228432,8506.72,-19540.8
7090.0,-3419464.540773769,-155764.30000000002,12875.0,104916.33986746015,-3524380.880641229,12811128394.300533,-8077480399.702992,3629297.220508689,23978.86,-179743.16
7095.0,-2916126.2145515643,-47418.10999999999,10065.0,36417.61926980656,-2952543.8338213707,25018315838.088078,-5679178523.673843,2988961.4530911776,9974.939999999999,-57393.049999999996
7100.0,-13049459.463958256,1117822.19,113913.0,10423229.874810383,-23472689.33876864,72340614645.55348,-77781217965.88252,33895919.21357902,2663308.81,-1545486.62
7105.0,-958453.515247842,-43373.77,3084.0,32649.672861153093,-991103.1881089951,2428081421.911986,-2237770888.3114233,1023752.8609701481,8213.29,-51587.06
7110.0,-2059048.3945772804,-108276.04999999999,7595.0,95930.16215792335,-2154978.556735204,6164717929.759037,-4954155352.566036,2250908.718893127,22458.350000000002,-130734.4
7115.0,-312244.2514181636,-7532.6,1335.0,24198.405343882223,-336442.6567620458,2548847975.135231,-717608783.5176706,360641.062105928,5653.0,-13185.6
7120.0,-1870491.570204692,-1628.4099999999962,10427.0,408516.03173187363,-2279007.6019365657,15574093590.894732,-5543222308.602618,2687523.633668439,87952.54,-89580.95
7125.0,-5914351.890539322,171416.44000000003,41878.0,3312285.606216419,-9226637.49675574,25952668450.421803,-27515670756.66363,12538923.102972161,799759.76,-628343.32
7130.0,-1119527.2496864742,-10003.84,5112.0,131369.87805932207,-1250897.1277457962,10857351152.878366,-2650604710.3169465,1382267.0058051185,30823.18,-40827.020000000004
7135.0,-479287.65048178885,-13544.920000000002,3111.0,49150.33486077467,-528437.9853425635,3610264347.497078,-1138209702.2422183,577588.3202033382,10971.01,-24515.930000000004
7140.0,-1971931.5248311602,-92119.54,6831.0,79017.63795442012,-2050949.1627855804,8468553049.715432,-4282844257.5350766,2129966.8007400003,18100.62,-110220.15999999999
7145.0,-484169.2891687598,-13627.3,2253.0,26036.436672686406,-510205.72584144614,5265615033.605682,-981538904.3537419,536242.1625141326,6464.4400000000005,-20091.74
7150.0,-15520973.51590158,489405.54000000004,97980.0,7910404.5393120535,-23431378.055213634,65538239924.04315,-64691930573.1517,31341782.594525687,1893261.11,-1403855.5699999998
7155.0,-844664.7085018982,-18856.93,3075.0,28400.682817397264,-873065.3913192955,7432225832.776485,-1576527339.2390087,901466.0741366928,5953.57,-24810.5
7160.0,-1641549.4267805659,-62013.59,5842.0,63269.4004929108,-1704818.8272734766,12690609142.93427,-3242723444.7862015,1768088.2277663874,12827.33,-74840.92
7165.0,-414104.86195915076,-7228.34,4247.0,48706.56049559706,-462811.42245474784,3793851109.2164545,-926467458.5031257,511517.9829503449,11316.679999999998,-18545.02
7170.0,-1378424.8500197846,-35836.68,5202.0,126467.04065388929,-1504891.890673674,9731328988.73864,-2973435093.95759,1631358.9313275632,27691.47,-63528.149999999994
7175.0,-7931178.319076642,-15706.580000000009,41705.0,3065630.8745711376,-10996809.19364778,31024153725.77424,-27381268321.28724,14062440.068218919,664514.8,-680221.38
7180.0,-1431921.347275469,-45885.25000000001,4720.0,99024.30253262744,-1530945.6498080965,8530715624.233636,-2926336112.848239,1629969.952340724,20555.41,-66440.66
7185.0,-732512.3457653715,-14248.79,3477.0,59924.4326689425,-792436.778434314,6233914201.099142,-1438897035.7721834,852361.2111032563,11228.75,-25477.54
7190.0,-2066351.3978967217,-70691.34,6778.0,179874.83416169588,-2246226.2320584175,9185295898.861937,-4340063913.709553,2426101.0662201135,35842.71,-106534.05
7195.0,-389966.01522990636,-6847.54,1583.0,51498.472487889885,-441464.48771779623,2988299085.0746093,-832991751.8210359,492962.9602056861,9795.17,-16642.71
7200.0,-25212477.689738806,1470336.8300000003,186566.0,20357329.875203263,-45569807.56494207,133307664922.08897,-122234031345.50917,65927137.44014533,4357505.96,-2887169.13
7205.0,-741764.1603627856,-14599.809999999998,2685.0,72076.91761066196,-813841.0779734475,7165221730.264356,-1428280523.7207184,885917.9955841094,12699.27,-27299.079999999998
7210.0,-1651874.6421084737,45995.48000000001,8705.0,803616.595012616,-2455491.23712109,19394952053.708286,-5442567740.479561,3259107.8321337057,137777.23,-91781.75
7215.0,-740596.3409986842,-21360.18,2472.0,51859.192949157026,-792455.5339478411,5304465284.396468,-1371516628.1109753,844314.7268969982,9434.87,-30795.05
7220.0,-2211481.8098559617,-46386.3,9340.0,170173.338851408,-2381655.14870737,28235484967.638016,-3792024276.3396897,2551828.487558778,28501.78,-74888.08
7225.0,-9353320.746475954,-96658.90000000005,40681.0,2831172.052508638,-12184492.79898459,44133195660.13155,-25460317277.46984,15015664.851493228,597123.02,-693781.92
7230.0,-2580237.051281239,-34922.189999999995,9556.0,308882.7227866948,-2889119.774067933,18749033943.845253,-4852764117.144981,3198002.4968546284,49776.240000000005,-84698.43
7235.0,-742416.3781784645,-14566.54,7789.0,67157.40873472908,-809573.7869131936,8833641491.34484,-1270173092.2209961,876731.1956479227,10739.23,-25305.77
7240.0,-3405551.397662935,-33979.56,10787.0,339823.34708005335,-3745374.744742988,49185917522.29985,-5596510027.24598,4085198.091823042,59627.19,-93606.75
7245.0,-1151364.6103233553,-17442.280000000002,7586.0,61432.30682087388,-1212796.9171442292,32906783946.00963,-1535072916.753442,1274229.223965103,9925.72,-27368.0
7250.0,-10659186.55302528,395967.0,64132.0,6247870.565146834,-16907057.118172113,70400657588.9483,-36815329592.462494,23154927.683318947,1318036.96,-922069.96
7255.0,-746619.6426626206,10226.82,2389.0,125167.0646639039,-871786.7073265245,10018313995.096865,-1348010063.105312,996953.7719904284,25912.69,-15685.87
7260.0,-1989871.983861336,-35920.27,5244.0,199816.93342716663,-2189688.9172885027,16393852802.913052,-3301072910.493041,2389505.8507156693,31045.96,-66966.23
7265.0,-861385.442043095,-17842.48,2256.0,48275.07526499959,-909660.5173080947,9145435286.440144,-1257006216.5176945,957935.5925730942,7660.16,-25502.64
7270.0,-2391882.2468141248,-23566.09,6214.0,238008.99638221777,-2629891.2431963426,20443542745.649357,-3851287397.170837,2867900.23957856,37026.62,-60592.71
7275.0,-6175518.481947738,-15639.109999999979,27553.0,2489541.0822617705,-8665059.564209508,44890953530.138725,-15918083786.906229,11154600.646471279,434911.25999999995,-450550.37
7280.0,-2125642.846078649,4415.9000000000015,6124.0,440919.7381496278,-2566562.5842282767,19344973739.925053,-3933897145.121686,3007482.322377905,74032.88,-69616.98
7285.0,-1223346.4315660659,-19428.61,3188.0,68687.41136078574,-1292033.8429268515,15182702122.766176,-1623629867.2050517,1360721.2542876373,11067.81,-30496.42
7290.0,-11203671.286072012,-122265.91000000002,17374.0,370266.2422693266,-11573937.52834134,80026634323.4675,-14890291122.557463,11944203.770610666,60596.05,-182861.96000000002
7295.0,-1752980.9870005457,-16982.020000000004,3983.0,107735.30787532663,-1860716.2948758726,24093829136.338314,-2294433332.607554,1968451.602751199,15733.460000000001,-32715.480000000003
7300.0,-35135472.28919074,229011.56000000003,129415.0,13165996.37000026,-48301468.659191,261530101633.67227,-79855944997.08162,61467465.02919126,2378785.62,-2149774.06
7305.0,-1555131.141589072,-21898.48,3973.0,116028.91872323325,-1671160.0603123053,20622735993.051464,-1965863039.2019637,1787188.9790355384,17301.42,-39199.9
7310.0,-1859748.0321653828,92661.43,9164.0,1224334.0838514613,-3084082.1160168443,27051349363.09998,-5089366225.026838,4308416.199868306,168090.33,-75428.90000000001
7315.0,-725157.5022079188,10191.48,2517.0,212674.75775727088,-937832.2599651897,12769493916.382475,-1213550458.6700563,1150507.0177224607,27988.649999999998,-17797.170000000002
7320.0,-1682434.7321569547,35262.37999999999,7126.0,707335.9134147015,-2389770.645571656,22457817767.302105,-3363354652.813857,3097106.558986358,91079.45999999999,-55817.08
7325.0,-6853042.537866455,381276.0899999999,36471.0,5016115.956030511,-11869158.493896967,55303740986.304474,-20426935228.52158,16885274.44992748,922371.51,-541095.42
7330.0,-3768282.990716701,-26926.250000000004,9308.0,430886.8289289237,-4199169.819645625,42506675019.51914,-4641163206.3119,4630056.648574549,49501.77,-76428.02
7335.0,-1764659.8548840594,-12774.65,6282.0,210358.6531986307,-1975018.5080826902,26081450150.644714,-2012257293.4789577,2185377.1612813207,23478.71,-36253.36
7340.0,-2382709.0829691887,-16139.000000000002,5866.0,609165.8052499936,-2991874.8882191824,26564240655.609177,-3550462439.280589,3601040.693469176,64805.97,-80944.97
7345.0,-2300141.9897690476,-22429.55,5915.0,265587.13187541976,-2565729.121644467,27842782992.752327,-2563350959.0098753,2831316.2535198866,29936.030000000002,-52365.58
7350.0,-17571110.937675405,570019.8200000001,69219.0,10519556.794532625,-28090667.732208032,178967784464.30618,-39909256355.924034,38610224.526740655,1671437.3,-1101417.48
7355.0,-1644050.5044787736,10533.58,3867.0,339529.55805461464,-1983580.0625333881,17169967285.016945,-2119044073.334286,2323109.6205880027,55117.75,-44584.17
7360.0,-2959989.609534392,43932.82999999999,8115.0,1752407.8797713113,-4712397.489305703,41688490641.866936,-5715120117.805632,6464805.369077015,144692.00999999998,-100759.18000000001
7365.0,-2543155.7794355866,-42827.69,3982.0,155250.3309394778,-2698406.1103750644,23166078229.04938,-2337081896.5504737,2853656.441314542,13151.1,-55978.79
7370.0,-4565614.85966641,-49643.04,8134.0,852828.2094845788,-5418443.069150989,45912109265.62363,-5080733984.074763,6271271.278635568,72720.02,-122363.06
7375.0,-11253342.04270878,-100743.95999999996,24849.0,2973674.9477707627,-14227016.990479544,92793182809.90974,-14759095401.317923,17200691.938250307,385685.3,-486429.26
7380.0,-6527235.856211937,-99070.32,8789.0,580945.2482371978,-7108181.104449134,61223669372.57876,-5727296508.372093,7689126.352686333,47120.3,-146190.62
7385.0,-2583546.3773226845,-35860.450000000004,3808.0,302752.84468406043,-2886299.222006745,25287496399.40084,-2289637567.524642,3189052.0666908054,20210.89,-56071.340000000004
7390.0,-6616844.206932879,-72375.69,8368.0,1028900.447561459,-7645744.654494339,52045855092.35276,-6127846267.493512,8674645.102055797,72563.58,-144939.27
7395.0,-2599415.9414057815,-28998.230000000003,4345.0,258233.96693350925,-2857649.908339291,29131963764.933933,-2002189434.687901,3115883.8752728,17339.39,-46337.62
7400.0,-27403027.521518625,1229327.1199999999,130303.0,26251888.09110088,-53654915.612619504,205455209360.7709,-63756007326.299965,79906803.70372038,3621709.02,-2392381.9
7405.0,-3455384.719738265,-36513.07,4721.0,391759.592143127,-3847144.3118813923,27238679907.632744,-2593659094.594805,4238903.904024519,29280.92,-65793.99
7410.0,-6574491.7178196935,-89905.2,8174.0,997157.7127368004,-7571649.430556494,41653665022.23399,-5402051303.474892,8568807.143293295,64552.57,-154457.77
7415.0,-2739351.974861275,-35339.02,3269.0,388325.1090160652,-3127677.08387734,23341999073.689342,-2003377442.3369515,3516002.1928934054,25320.3,-60659.32
7420.0,-2743977.654955603,51850.16,7274.0,2453668.0452576755,-5197645.700213279,38155436809.45567,-4325589366.472356,7651313.745470954,160260.30000000002,-108410.14
7425.0,-13064176.885952663,-149420.32,28572.0,5352813.348119792,-18416990.234072454,80443461858.1039,-14378999092.75629,23769803.582192246,515199.73,-664620.05
7430.0,-7463241.533829901,-94303.89,10128.0,2516223.2725953013,-9979464.806425203,49217927391.19817,-6213927888.435295,12495688.079020504,122066.93,-216370.82
7435.0,-2475273.633823985,-13301.739999999996,4349.0,1461142.5921367062,-3936416.2259606915,30004900382.94822,-2463458922.0290875,5397558.818097398,59078.54,-72380.28
7440.0,-6519950.887262676,-95742.11000000002,7945.0,2044553.4574295327,-8564504.344692208,39338770762.49715,-4753471625.467191,10609057.802121742,90974.24,-186716.35
7445.0,-3916648.9559212383,-1067.950000000003,5064.0,1550479.7968641976,-5467128.752785436,32834616070.425182,-2961012325.2964573,7017608.5496496335,95093.12,-96161.07
7450.0,-24485271.27469246,426208.38,82370.0,21208136.55164845,-45693407.82634091,148537772902.68842,-31824425783.746033,66901544.37798936,2147615.77,-1721407.3900000001
7455.0,-4417304.556726162,-18306.340000000004,5484.0,2301531.1498749037,-6718835.7066010665,50132678665.69676,-3022130091.8434725,9020366.85647597,89276.53,-107582.87
7460.0,-9364449.283806812,35666.68999999999,13121.0,4852949.015761131,-14217398.299567943,64923140238.727875,-6393849190.813851,19070347.315329075,300031.91000000003,-264365.22000000003
7465.0,-2703207.151155868,6594.979999999993,6334.0,4964698.506093781,-7667905.657249649,39372193586.36667,-3741111487.21665,12632604.163343431,144392.59,-137797.61000000002
7470.0,-29622.117375251335,75649.9,12564.0,10492929.187894633,-10522551.305269886,58023467356.323814,-5410716574.136616,21015480.493164517,331182.66000000003,-255532.76
7475.0,-25717254.121666174,-241979.48000000004,49903.0,15134271.443416802,-40851525.565082975,98070110599.37608,-16553700101.966274,55985797.00849978,1055648.51,-1297627.99
7480.0,-10437937.385256793,-120567.26000000001,12998.0,7231529.962887029,-17669467.34814382,61839811284.378136,-4868178170.150343,24900997.31103085,235549.43,-356116.69
7485.0,-9399489.687441384,-96424.08000000002,6779.0,3016547.385225445,-12416037.07266683,49852148078.744446,-2431310966.7954693,15432584.457892274,107332.44,-203756.52000000002
7490.0,-6351814.411427163,-49725.240000000005,12664.0,7426752.224986844,-13778566.636414006,103383672647.35468,-3292028256.4050856,21205318.86140085,285102.32,-334827.56
7495.0,-3762041.852239561,-20123.38,5718.0,6450034.295150612,-10212076.147390172,281025860692.5884,-1950031655.7366438,16662110.442540783,131271.54,-151394.92
7500.0,-47316720.575260855,695545.4099999997,181209.0,122153838.64304382,-169470559.2183047,5649446549253.379,-43239289282.59085,291624397.8613485,4968463.5,-4272918.09
7505.0,-25153268.19720583,-298258.88,12691.0,32139638.385515954,-57292906.582721785,1435276836187.6323,-4878947545.104856,89432544.96823774,168906.12,-467165.0
7510.0,16756494.631864961,-125507.31999999998,14496.0,89932041.07967252,-73175546.44780755,178676434879.86255,-480087393.71162,163107587.52748007,300981.56,-426488.88
7515.0,15430072.484489517,-25733.13,5737.0,42425295.34026711,-26995222.85577759,-1196725036387.5469,4073344148.007663,69420518.1960447,126220.91,-151954.04
7520.0,10922503.630552776,-134841.77,15444.0,32110895.947657224,-21188392.317104448,-1109812560528.026,5307757236.190793,53299288.26476167,302014.19,-436855.95999999996
7525.0,2858322.4427283374,-247590.72999999998,51132.0,44657978.55146399,-41799656.10873565,-448973696167.0478,8427121896.05896,86457634.66019964,1125739.92,-1373330.65
7530.0,5851789.2334694825,-112492.26999999999,17184.0,21288325.471514467,-15436536.238044983,-74879645083.31096,5768123067.688221,36724861.70955945,335670.99,-448163.26
7535.0,-2078934.5440356696,-113060.51,6982.0,6408802.5148797985,-8487737.058915468,-26948039458.789604,3083560459.5667286,14896539.573795266,97016.0,-210076.51
7540.0,4329012.878660958,-99127.42,14741.0,14551658.018956736,-10222645.140295777,-50423784995.37683,5547475740.776534,24774303.159252513,255597.37,-354724.79
7545.0,6975491.449560482,14538.169999999991,8127.0,9924425.860932736,-2948934.4113722527,-46340710983.50573,3325411851.4160194,12873360.272304988,146486.61,-131948.44
7550.0,30401120.664823156,167234.46,89992.0,72881976.05339988,-42480855.388576716,-230403418502.92535,30680243307.28718,115362831.44197659,2154327.58,-1987093.12
7555.0,10231289.164597604,-43388.37000000001,10663.0,16240406.147148842,-6009116.982551239,-75047858731.67926,7995216295.341887,22249523.129700083,155578.88,-198967.25000000003
7560.0,10353552.158964692,-9791.240000000002,12555.0,15648507.62016786,-5294955.461203167,-82831638206.50577,8387484514.941134,20943463.081371028,181547.49,-191338.73
7565.0,10063041.120265523,36713.340000000004,10727.0,13118457.013240257,-3055415.892974734,-55759428094.13912,7737991603.543791,16173872.90621499,153284.16,-116570.81999999999
7570.0,11235226.255524857,36801.37999999999,12837.0,14527538.418393048,-3292312.16286819,-78481174397.21849,8836678662.794708,17819850.581261236,173836.41999999998,-137035.04
7575.0,30034449.483887337,48796.82000000005,41630.0,39012873.146598704,-8978423.662711369,-161711308921.10504,23799830118.94116,47991296.80931008,787999.0,-739202.18
7580.0,15975800.03067705,59299.839999999975,16691.0,20068133.580767114,-4092333.550090062,-101647296766.35887,14466348062.85623,24160467.130857173,257196.84999999998,-197897.01
7585.0,3820597.3683348205,-30044.640000000003,15695.0,6198129.824980884,-2377532.4566460634,-46676857781.13524,5613838297.220329,8575662.281626947,64950.17,-94994.81000000001
7590.0,13121442.035646893,45412.32000000001,18622.0,15861646.272333533,-2740204.236686639,-86030079195.71147,13383803589.88425,18601850.509020172,173852.94,-128440.62
7595.0,4955614.843343481,5434.8600000000015,8065.0,5679621.265333486,-724006.4219900045,-39655751023.80773,4931064011.115034,6403627.68732349,43475.68,-38040.82
7600.0,51418665.650851294,249668.0,156588.0,95116148.19336544,-43697482.542514145,-327702641889.6392,88579324183.95059,138813630.7358796,3635213.4699999997,-3385545.4699999997
7605.0,6911409.699360084,26982.350000000002,6660.0,7358130.55805184,-446720.85869175737,-48817322353.67006,6865635744.133537,7804851.416743598,54150.57,-27168.22
7610.0,9334831.973153105,54975.91,9480.0,10151981.305167653,-817149.3320145475,-54654872994.20717,10166598866.583311,10969130.6371822,105353.1,-50377.19
7615.0,10560651.678894997,92514.32,9228.0,10997051.34404514,-436399.6651501431,-43502763658.99096,11621319698.686285,11433451.009195283,116948.47,-24434.15
7620.0,38967960.07205689,535484.99,29289.0,39623535.392073974,-655575.3200170909,-107607490299.81017,38297548808.34913,40279110.712091066,586213.52,-50728.53
7625.0,13666261.790070547,50038.51,27160.0,17730680.155136414,-4064418.365065868,-67785832536.727745,20136850837.440975,21795098.520202283,463969.18,-413930.67
7630.0,11593097.506574893,54377.14000000001,13732.0,12398622.34491432,-805524.838339428,-62120427778.62781,16489516643.801598,13204147.183253748,107268.45000000001,-52891.31
7635.0,4034129.36135083,17465.690000000002,6537.0,4142318.563230187,-108189.20187935731,-29028456444.308678,5334288229.743917,4250507.765109545,28052.29,-10586.599999999999
7640.0,4880889.228549582,8544.460000000005,10539.0,5786435.94147421,-905546.7129246272,-25515620926.777256,7725366105.161198,6691982.654398837,96070.12000000001,-87525.65999999999
7645.0,4119772.512716558,35345.67,6206.0,4396661.504163998,-276888.9914474404,-21197525445.269436,6522826924.279756,4673550.4956114385,54864.96,-19519.29
7650.0,29847084.032861464,396602.86,60337.0,36646679.11007122,-6799595.077209754,-100214955219.48122,46534368793.64,43446274.187280975,1166989.68,-770386.8200000001
7655.0,2316820.064310995,16819.000000000004,3819.0,2397368.7016207217,-80548.63730972691,-12152017472.818327,3511871308.003829,2477917.3389304485,23558.210000000003,-6739.21
7660.0,3312538.092101747,10213.070000000003,11050.0,3828826.8950665738,-516288.8029648267,-21044555431.71058,6036624007.596398,4345115.6980314,53335.35,-43122.28
7665.0,1056054.7391032376,4563.23,3762.0,1104269.8731393716,-48215.1340361341,-8051118469.957789,1778334166.4999166,1152485.0071755056,9223.17,-4659.94
7670.0,3823634.4366817037,34641.86,9551.0,4052468.997337916,-228834.56065621236,-18219621881.529644,6253963076.076187,4281303.557994128,55525.3,-20883.44
7675.0,12664598.294451708,304770.18000000005,33749.0,15253929.094421769,-2589330.7999700587,-39726450229.42558,21655737033.27203,17843259.894391827,638773.77,-334003.58999999997
7680.0,3029039.397350214,1277.9500000000003,7205.0,3587553.21036959,-558513.8130193766,-14291625296.48987,6247114658.734815,4146067.023388967,56579.57,-55301.62
7685.0,893769.5570046899,3959.5200000000004,9105.0,937170.3464106027,-43400.78940591267,-6223517010.324277,1635325867.7613823,980571.1358165153,9404.9,-5445.379999999999
7690.0,3363808.9224712183,40805.509999999995,8655.0,3543642.383216331,-179833.46074511242,-19979733065.61443,5870805133.482022,3723475.8439614433,59693.17,-18887.660000000003
7695.0,2799793.737957384,34662.549999999996,8764.0,2832516.6440078653,-32722.906050481142,-12729281622.927233,4817095242.229456,2865239.5500583467,39194.7,-4532.150000000001
7700.0,27531965.509005822,1056945.98,81586.0,34104372.98857295,-6572407.479567125,-77631593194.91296,51656834147.435394,40676780.46814007,1981332.5,-924386.52
7705.0,749417.2612864763,4172.89,3112.0,789119.5315882647,-39702.27030178849,-5398356407.071638,1457243063.6689532,828821.8018900532,7975.700000000001,-3802.81
7710.0,2260227.4839304984,38315.76,6008.0,2369524.466703112,-109296.98277261361,-8825705125.39654,4293438408.6173096,2478821.4494757256,50176.24,-11860.48
7715.0,1661989.161421192,37060.71,4109.0,1734879.9871002764,-72890.82567908442,-5086357989.807458,3086052809.065036,1807770.812779361,45465.11,-8404.4
7720.0,3222877.961708199,38278.310000000005,7106.0,3339843.3515940546,-116965.38988585537,-11211221143.216158,6480179274.7273655,3456808.74147991,56528.52,-18250.21
7725.0,7532237.665453631,231592.09,21831.0,8787007.320501884,-1254769.6550482535,-21384364375.218113,15412513433.081753,10041776.975550137,422172.1,-190580.01
7730.0,6257488.832013492,195495.36,12885.0,6361296.110944332,-103807.27893083985,-16096776886.109285,11405142207.35189,6465103.389875172,226879.84,-31384.480000000003
7735.0,178871.899685833,-1265.37,1069.0,210140.96577275073,-31269.066086917763,-1740342918.5415902,444155829.7053556,241410.0318596685,2845.5299999999997,-4110.9
7740.0,1704841.6596303307,31573.949999999997,6258.0,1779196.9737159377,-74355.31408560714,-8077011167.440635,3563291802.9977517,1853552.2878015449,41599.549999999996,-10025.6
7745.0,269045.643934547,770.2799999999995,1152.0,292752.872853068,-23707.22891852097,-1864885067.3738532,637459444.0181448,316460.10177158896,3834.68,-3064.4
7750.0,16757052.373006362,414781.68000000005,57558.0,19441000.65524386,-2683948.282237495,-61883844604.51889,39186927229.477776,22124948.93748135,838027.24,-423245.56
7755.0,152910.74325952565,-2559.55,766.0,199020.7917731596,-46110.04851363395,-1224409869.1492937,491173176.41243935,245130.84028679357,3810.13,-6369.68
7760.0,1680215.648410213,23218.4,5806.0,1731009.5405427783,-50793.8921325654,-7517079717.738384,3852384038.940973,1781803.432675344,30372.83,-7154.43
7765.0,245672.21355416052,3039.1099999999997,749.0,255358.4189739569,-9686.205419796377,-1185800824.5119839,581527850.5670888,265044.6243937533,4352.61,-1313.5
7770.0,663565.5441374314,15473.55,2830.0,696714.6989912905,-33149.15485385906,-3286649976.3296065,1517791211.0135345,729863.8538451495,20111.02,-4637.47
7775.0,4085400.0152434697,75374.18,18970.0,4977291.930836971,-891891.9155935007,-17077740061.131552,11176831102.409142,5869183.846430471,217528.21,-142154.03
7780.0,597869.9152084093,13979.31,2850.0,625850.1342104665,-27980.219002057318,-3241554454.6319976,1414158223.1490843,653830.3532125239,17818.63,-3839.3199999999997
7785.0,125771.59926049299,-1314.4599999999998,703.0,145709.90699867127,-19938.307738178286,-1016650557.9229442,384574277.0042874,165648.2147368496,1994.69,-3309.1499999999996
7790.0,1165760.7326809466,24369.199999999997,3655.0,1191745.294473323,-25984.56179237635,-4313422701.721478,2860430172.774729,1217729.8562656993,28546.98,-4177.78
7795.0,88063.68423707983,-1061.6600000000003,493.0,106366.63598261749,-18302.95174553766,-603352753.8555183,300113993.34542614,124669.58772815515,1564.04,-2625.7000000000003
7800.0,20577490.995143693,1147008.77,78341.0,24431602.842332974,-3854111.84718928,-45128285486.632866,51642758802.329575,28285714.689522255,1759400.2599999998,-612391.49
7805.0,41736.147633984445,881.9100000000001,71.0,44330.87922444078,-2594.7315904563347,-62782439.79135539,117126151.65432057,46925.61081489712,1271.99,-390.08
7810.0,846629.9857044604,17417.17,3197.0,859437.9070484816,-12807.921344021152,-3000157093.6258774,2256564344.1144314,872245.8283925027,19463.02,-2045.85
7815.0,33866.91446379001,-531.21,92.0,46084.11481876432,-12217.200354974308,-80210189.14395319,152457339.7231296,58301.31517373863,1253.99,-1785.1999999999998
7820.0,848543.5159560016,28133.809999999998,2059.0,869437.8229459323,-20894.306989930676,-1802299999.2364619,2179046600.4746633,890332.129935863,31392.55,-3258.74
7825.0,3751154.6634125407,179332.87999999998,17195.0,4682540.069084407,-931385.4056718661,-9188930327.138472,11493393814.683674,5613925.474756273,324181.92,-144849.04
7830.0,358536.55578797276,7163.530000000001,1332.0,380876.8682597001,-22340.312471727324,-1312013437.590252,1053451932.4384431,403217.1807314274,10955.91,-3792.38
7835.0,21203.834062983522,287.20000000000005,63.0,26579.747757834186,-5375.913694850665,-38493933.41611705,78381923.56661585,31955.66145268485,1165.8899999999999,-878.6899999999999
7840.0,524448.0193213753,19539.839999999997,1429.0,535260.5553724518,-10812.536051076493,-1037095458.6220118,1370920256.1944146,546073.0914235283,22359.93,-2820.09
7845.0,18377.65868892117,619.91,51.0,22018.215587190338,-3640.5568982691707,-32259592.84271014,66474241.54211604,25658.77248545951,1129.6100000000001,-509.70000000000005
7850.0,6953285.223191141,299503.88,32759.0,8804982.477636844,-1851697.2544457035,-17625443840.818726,23428914284.299393,10656679.732082548,596988.75,-297484.87
7855.0,17745.508375302878,802.4300000000001,54.0,20362.45042433281,-2616.942049029933,-26326119.67116559,54763612.38207976,22979.392473362743,1294.67,-492.23999999999995
7860.0,181496.26818926094,3607.2899999999995,704.0,200239.10118298017,-18742.832993719217,-555726453.3841497,596587634.9018394,218981.93417669937,7152.389999999999,-3545.1
7865.0,33510.121807212374,756.48,63.0,33510.121807212374,0.0,-55492885.50322163,103648941.9121499,33510.121807212374,756.48,0.0
7870.0,163223.02461877005,1505.3500000000001,1182.0,192495.5339566502,-29272.509337880172,-942442936.8731006,607489364.8213447,221768.0432945304,6579.25,-5073.9
7875.0,2183678.938000534,105894.83,10546.0,2587055.790334111,-403376.85233357677,-5378110665.557502,6913892148.325626,2990432.642667688,178090.91999999998,-72196.09
7880.0,313461.59801757085,9114.349999999999,1088.0,340119.4368342687,-26657.838816697837,-707895960.2821006,1047246950.3081144,366777.27565096656,13570.869999999999,-4456.52
7885.0,65918.75714572523,1542.06,134.0,65918.75714572523,0.0,-109731685.68912691,214308388.76792237,65918.75714572523,1542.06,0.0
7890.0,2405035.4697599593,93071.79,5154.0,2419698.7599334056,-14663.290173446407,-3174351548.3725514,7087634825.894873,2434362.0501068523,96011.18999999999,-2939.4000000000005
7895.0,21771.841647670568,689.8900000000001,43.0,21771.841647670568,0.0,-29264184.295440204,68312827.38658154,21771.841647670568,689.8900000000001,0.0
7900.0,22291572.392520677,1200575.6700000002,67106.0,23903964.33974661,-1612391.9472259327,-31438598364.55434,67653317624.675316,25516356.28697254,1476439.4200000002,-275863.75
7905.0,18077.855136420818,375.11,41.0,18077.855136420818,0.0,-32943702.92989525,63019078.93245711,18077.855136420818,375.11,0.0
7910.0,338666.0765404659,8708.5,2657.0,353798.4505521606,-15132.374011694767,-1628292288.2953115,1089733219.4109564,368930.82456385536,11560.5,-2852.0
7915.0,31710.0674657084,672.65,75.0,31710.0674657084,0.0,-57907165.0253434,112967839.54980174,31710.0674657084,672.65,0.0
7920.0,172638.7346376699,13084.15,712.0,180584.86526297772,-7946.130625307805,-334461233.58326095,487271027.1596743,188530.9958882855,14842.72,-1758.57
7925.0,2561453.3290695306,109378.48000000001,12755.0,2988193.7038732567,-426740.3748037263,-5816832258.3363285,9385865044.105867,3414934.0786769832,187272.38,-77893.9
7930.0,90316.36404188321,848.7899999999995,583.0,112923.59176689992,-22607.227725016714,-303741529.02922106,396066906.69482625,135530.81949191663,5255.12,-4406.33
7935.0,14332.258382910775,306.79999999999995,37.0,14332.258382910775,0.0,-26740884.545932353,53316129.47083999,14332.258382910775,306.79999999999995,0.0
7940.0,239901.29826205698,9598.21,1061.0,243726.81573648346,-3825.517474426493,-576807793.4598299,778815450.886566,247552.33321090997,10417.33,-819.12
7945.0,98878.27619803292,2193.6400000000003,264.0,98878.27619803292,0.0,-182831678.4415022,374263664.76523143,98878.27619803292,2193.6400000000003,0.0
7950.0,11278423.844247058,450369.53,39074.0,12134806.87211713,-856383.0278700718,-19518504735.293568,42173473464.060265,12991189.899987202,607079.01,-156709.48
7955.0,8096.580411193463,172.13,23.0,8096.580411193463,0.0,-15524181.95795575,31515758.282317944,8096.580411193463,172.13,0.0
7960.0,120057.31206863621,2742.2799999999993,536.0,133278.59773479437,-13221.28566615817,-296206948.6388309,491380544.49182534,146499.88340095253,5586.599999999999,-2844.32
7965.0,9138.00865587948,181.02,28.0,9138.00865587948,0.0,-18450628.155512672,36672811.38399784,9138.00865587948,181.02,0.0
7970.0,79626.33810641576,2642.6000000000004,319.0,87119.01311350381,-7492.675007088063,-155004336.27885562,320307808.57918584,94611.68812059188,4044.76,-1402.1599999999999
7975.0,825314.4748508674,-34357.22999999999,7624.0,1687972.5225616263,-862658.0477107588,-2812592645.0609684,7471293840.117491,2550630.570272385,129775.6,-164132.83000000002
7980.0,3307821.5271792454,270688.27999999997,8563.0,3310918.56525382,-3097.038074574292,-2297595175.660958,9316591762.734844,3314015.603328394,271274.87999999995,-586.5999999999999
7985.0,84117.23488602853,5973.76,240.0,87662.97808099021,-3545.743194961685,-73968922.83779526,272324679.45541686,91208.7212759519,6650.24,-676.48
7990.0,3694939.1816523587,294702.89999999997,9628.0,3706331.4306480777,-11392.248995719332,-2646040912.066568,10798015910.043993,3717723.6796437968,296999.93,-2297.03
7995.0,49152.644313914,2176.44,178.0,57595.69794181944,-8443.053627905434,-63686193.26279507,215774773.62762642,66038.75156972487,3803.22,-1626.7799999999997
8000.0,24060254.10217896,-3241253.2500000005,288609.0,64567545.71801731,-40507291.61583835,-93607909131.48366,330107050324.1268,105074837.33385566,5129784.26,-8371037.510000001
8005.0,535679.2871906318,9240.880000000001,2170.0,549986.2153578813,-14306.92816724948,-1192280341.3550715,2418093030.455641,564293.1435251308,12156.4,-2915.52
8010.0,4579630.1061437,352158.72000000003,13695.0,4588976.033014343,-9345.926870642767,-4129612264.743032,14060457860.247934,4598321.959884986,354072.56,-1913.8400000000001
8015.0,9248.908249385031,-367.1200000000001,59.0,14216.34865795965,-4967.440408574619,-25199458.959462944,73629592.52386202,19183.78906653427,652.69,-1019.8100000000001
8020.0,3992616.700177625,313227.12,10790.0,3998340.2299877275,-5723.529810102535,-2989705308.584303,12414045219.031843,4004063.75979783,314439.10000000003,-1211.98
8025.0,2786928.9947072812,236026.21,9960.0,3008007.078279561,-221078.08357227998,-2641757117.2367654,9725983114.811726,3229085.161851841,282966.67,-46940.46
8030.0,4514118.011849859,351296.36,11942.0,4515896.522541322,-1778.5106914634212,-3302027881.5040116,14336876185.269068,4517675.033232786,352103.27,-806.91
8035.0,43817.8085162792,2158.42,136.0,43817.8085162792,0.0,-57193290.03897244,169058716.6720443,43817.8085162792,2158.42,0.0
8040.0,17111438.341039523,1320349.3599999999,45045.0,17111438.341039523,0.0,-12350747860.047998,55609622393.41695,17111438.341039523,1320349.3599999999,0.0
8045.0,38512.51435202283,2342.28,114.0,38512.51435202283,0.0,-41077826.04436536,140730918.7371453,38512.51435202283,2342.28,0.0
8050.0,15677510.430584427,1147144.5100000002,47841.0,15740274.17493825,-62763.74435382373,-14958852822.096754,53437609711.23389,15803037.919292074,1161030.6600000001,-13886.150000000001
8055.0,49430.4746323473,3094.83,149.0,49430.4746323473,0.0,-51496347.03392739,181864648.87546957,49430.4746323473,3094.83,0.0
8060.0,5587610.861730569,419180.79000000004,15006.0,5591951.922033905,-4341.060303335707,-4200581940.9438086,19078025085.361973,5596292.982337241,420151.47000000003,-970.68
8065.0,24430.248929029243,1630.23,75.0,24430.248929029243,0.0,-24110107.297260378,88984626.65966186,24430.248929029243,1630.23,0.0
8070.0,10829803.990189152,808333.3900000001,29246.0,10834689.398006475,-4885.407817320194,-8186985252.84538,37703997053.201485,10839574.805823794,809496.2100000001,-1162.8200000000002
8075.0,1051505.0856567766,65907.67,4014.0,1073307.7827054646,-21802.697048688133,-1579822115.5556479,4049234903.210491,1095110.4797541527,70920.81999999999,-5013.150000000001
8080.0,4899501.492463467,354702.16,15351.0,4902803.947703873,-3302.455240406104,-4557554332.235599,17453492210.781475,4906106.402944279,355446.37,-744.21
8085.0,12887.936025098159,742.22,42.0,12887.936025098159,0.0,-14716621.111103132,51372314.37115289,12887.936025098159,742.22,0.0
8090.0,6563118.733652692,475730.01000000007,18147.0,6573080.091798184,-9961.358145492168,-5166205672.488151,23933749427.558243,6583041.449943677,478240.81000000006,-2510.7999999999997
8095.0,36232.430406294174,2331.35,120.0,36232.430406294174,0.0,-37860858.6869656,140407042.07896197,36232.430406294174,2331.35,0.0
8100.0,25260574.74450038,1852922.19,75510.0,25363253.736727837,-102678.99222745564,-21593218815.354076,94181930994.86491,25465932.72895529,1878056.03,-25133.84
8105.0,15519.92754687255,1093.44,44.0,15519.92754687255,0.0,-12761408.902388934,58675610.8619774,15519.92754687255,1093.44,0.0
8110.0,5797132.531381577,411316.55999999994,16094.0,5797132.531381577,0.0,-4621769460.529713,22007542796.911392,5797132.531381577,411316.55999999994,0.0
8115.0,7550.723976829441,317.0,40.0,7550.723976829441,0.0,-13718065.818246901,34377344.45335528,7550.723976829441,317.0,0.0
8120.0,8529096.835423768,598944.7600000001,23839.0,8529096.835423768,0.0,-6870604041.356131,33034832721.716213,8529096.835423768,598944.7600000001,0.0
8125.0,2740864.1183237648,178756.71,8090.0,2740864.1183237648,0.0,-2533663400.4970055,11030852910.516077,2740864.1183237648,178756.71,0.0
8130.0,10110868.108207075,702155.67,28473.0,10110868.108207075,0.0,-8235931209.78017,39947496207.82497,10110868.108207075,702155.67,0.0
8135.0,12136.157386530023,662.3,53.0,12136.157386530023,0.0,-16565200.258373247,52862538.03784351,12136.157386530023,662.3,0.0
8140.0,7173794.286585509,492696.3,20391.0,7173794.286585509,0.0,-5919599283.449553,28911117921.496986,7173794.286585509,492696.3,0.0
8145.0,8241.517469567656,129.50000000000003,74.0,8241.517469567656,0.0,-23663731.00614547,44444441.4297111,8241.517469567656,129.50000000000003,0.0
8150.0,18327364.938309208,1289057.4100000001,54688.0,18327364.938309208,0.0,-15606409692.092142,74690336702.43411,18327364.938309208,1289057.4100000001,0.0
8155.0,2855.88653497808,44.55,27.0,2855.88653497808,0.0,-8320872.704354589,15555504.210555146,2855.88653497808,44.55,0.0
8160.0,15543844.7274052,1043600.39,45018.0,15543844.7274052,0.0,-13143802989.885477,65109526105.13787,15543844.7274052,1043600.39,0.0
8165.0,8182.769002376107,127.91999999999999,82.0,8182.769002376107,0.0,-24186358.94641818,45086026.13017439,8182.769002376107,127.91999999999999,0.0
8170.0,7663389.891453019,509070.42,22418.0,7663389.891453019,0.0,-6558215651.883622,32688519689.796577,7663389.891453019,509070.42,0.0
8175.0,818587.4974324285,54803.380000000005,2688.0,818704.0450235066,-116.5475910781388,-804230880.8686094,3531728294.1018305,818820.5926145848,54902.740000000005,-99.36
8180.0,19586974.805232905,1287618.64,57904.0,19586974.805232905,0.0,-16965634796.937706,85058391737.33054,19586974.805232905,1287618.64,0.0
8185.0,0.0,0.0,0.0,0.0,0.0,0.0,0.0,0.0,0.0,0.0
8190.0,14307610.470922312,930215.3999999999,42777.0,14307610.470922312,0.0,-12548940317.596966,63285760933.119934,14307610.470922312,930215.3999999999,0.0
8195.0,0.0,0.0,0.0,0.0,0.0,0.0,0.0,0.0,0.0,0.0
8200.0,11503637.782432541,819813.86,61187.0,11503637.782432541,0.0,-17220511935.62081,49516685064.164734,11503637.782432541,819813.86,0.0
8205.0,0.0,0.0,0.0,0.0,0.0,0.0,0.0,0.0,0.0,0.0
8210.0,4345.716932581958,67.5,54.0,4345.716932581958,0.0,-13669141.876585638,24868891.5618185,4345.716932581958,67.5,0.0
8220.0,76.81171581077885,1.2,1.0,76.81171581077885,0.0,-244833.00045363672,443015.4759520262,76.81171581077885,1.2,0.0
8225.0,572954.5693560219,40428.52,1981.0,572954.5693560219,0.0,-547299892.3830999,2607806103.9653273,572954.5693560219,40428.52,0.0
8230.0,13420.533346218337,208.62000000000003,183.0,13420.533346218337,0.0,-43340394.20361553,77998108.8594705,13420.533346218337,208.62000000000003,0.0
8240.0,213.31872469886406,3.3300000000000005,3.0,213.31872469886406,0.0,-697867.7963274177,1244914.86841889,213.31872469886406,3.3300000000000005,0.0
8250.0,3590828.720082752,207192.14,17202.0,3590828.720082752,0.0,-4594759836.548192,17954675118.573193,3590828.720082752,207192.14,0.0
8260.0,582.212872339437,9.09,9.0,582.212872339437,0.0,-1953399.595556693,3450380.7185600684,582.212872339437,9.09,0.0
8270.0,133598.367217887,2070.82,2203.0,133598.367217887,0.0,-453794240.59840965,800632355.3799728,133598.367217887,2070.82,0.0
8275.0,1742172.2772755306,109108.69,6187.0,1742172.2772755306,0.0,-1762433219.005104,8823034111.09739,1742172.2772755306,109108.69,0.0
8280.0,467.3121720901444,11.61,5.0,467.3121720901444,0.0,-1147115.5768732233,2774990.173744758,467.3121720901444,11.61,0.0
8290.0,2930.6139861598404,45.76,52.0,2930.6139861598404,0.0,-10199292.901795616,17745236.323482703,2930.6139861598404,45.76,0.0
8300.0,8734062.04716144,561149.58,56595.0,8734152.858970782,-90.81180934213734,-13165682201.261538,44467675729.512375,8734243.670780124,561249.02,-99.44
8310.0,3290.279901875966,51.2,64.0,3290.279901875966,0.0,-11724652.970787285,20201884.52597193,3290.279901875966,51.2,0.0
8320.0,942.9880400777797,14.82,19.0,942.9880400777797,0.0,-3399501.86003734,5817377.963353266,942.9880400777797,14.82,0.0
8325.0,1233278.1243727985,83560.12,6384.0,1233278.1243727985,0.0,-1428488100.5086346,6474426759.693293,1233278.1243727985,83560.12,0.0
8330.0,100387.99458884128,1577.25,2103.0,100387.99458884128,0.0,-366070324.90116686,622679151.8307165,100387.99458884128,1577.25,0.0
8340.0,102331.86176588378,1604.1599999999999,2228.0,102331.86176588378,0.0,-377403046.3333111,638125787.2384927,102331.86176588378,1604.1599999999999,0.0
8350.0,1826622.7390867518,112402.71,11331.0,1826622.7390867518,0.0,-2511118970.059946,10036857685.423697,1826622.7390867518,112402.71,0.0
8360.0,347635.3273306591,5494.67,8201.0,347635.3273306591,0.0,-1310863126.470098,2192013434.7945476,347635.3273306591,5494.67,0.0
8370.0,1666.946751146858,26.240000000000002,41.0,1666.946751146858,0.0,-6354554.59177231,10571842.5812455,1666.946751146858,26.240000000000002,0.0
8375.0,313026.33230422705,20124.32,3364.0,313026.33230422705,0.0,-725205896.8068526,1679720752.280049,313026.33230422705,20124.32,0.0
8380.0,288.6853028720276,7.209999999999999,4.0,288.6853028720276,0.0,-731518.5789863989,1888770.0082943146,288.6853028720276,7.209999999999999,0.0
8390.0,1385.1763660541574,21.83,37.0,1385.1763660541574,0.0,-5394618.769617666,8884089.651716778,1385.1763660541574,21.83,0.0
8400.0,10745037.441354258,680937.6799999999,83506.0,10745374.360848485,-336.91949422567103,-18032504023.89687,61236481105.0992,10745711.28034271,681335.31,-397.63
8410.0,246.9260294356838,3.92,7.0,246.9260294356838,0.0,-982026.8557412514,1594891.8523682174,246.9260294356838,3.92,0.0
8420.0,0.0,0.0,0.0,0.0,0.0,0.0,0.0,0.0,0.0,0.0
8425.0,692399.1514320336,46332.05,2990.0,692399.1514320336,0.0,-718318221.8898623,4052450869.826357,692399.1514320336,46332.05,0.0
8430.0,675.019936074358,10.71,21.0,675.019936074358,0.0,-2739870.367904795,4415738.78002654,675.019936074358,10.71,0.0
8440.0,31.729144962052857,0.51,1.0,31.729144962052857,0.0,-130095.15237563329,207690.10889847326,31.729144962052857,0.51,0.0
8450.0,1076953.8291966731,54059.58,10253.0,1076953.8291966731,0.0,-2247599278.4519086,6801114309.139495,1076953.8291966731,54059.58,0.0
8460.0,749.7363210031683,11.959999999999999,26.0,749.7363210031683,0.0,-3135241.681062417,4971200.348956423,749.7363210031683,11.959999999999999,0.0
8470.0,1844.396160379007,29.9,65.0,1844.396160379007,0.0,-7788599.455086639,12243789.286062425,1844.396160379007,29.9,0.0
8475.0,421985.266965259,31220.89,1997.0,421985.266965259,0.0,-431875173.37699425,2533876184.0295477,421985.266965259,31220.89,0.0
8480.0,0.0,0.0,0.0,0.0,0.0,0.0,0.0,0.0,0.0,0.0
8490.0,76.78099503848837,1.2300000000000002,3.0,76.78099503848837,0.0,-330472.16944873135,516773.83752181265,76.78099503848837,1.2300000000000002,0.0
8500.0,6588494.372575567,376392.6,57270.0,6588494.372575567,0.0,-11845963620.965448,42654012410.87984,6588494.372575567,376392.6,0.0
8510.0,74.56281029849754,1.2,3.0,74.56281029849754,0.0,-327023.7851864773,502810.62509771064,74.56281029849754,1.2,0.0
8520.0,2075.655531961259,33.12,92.0,2075.655531961259,0.0,-9186595.4635769,14190417.860460948,2075.655531961259,33.12,0.0
8525.0,155107.06169893694,9876.2,747.0,155107.06169893694,0.0,-166652062.25266334,1024618053.5329186,155107.06169893694,9876.2,0.0
8530.0,0.0,0.0,0.0,0.0,0.0,0.0,0.0,0.0,0.0,0.0
8540.0,262.401338313264,4.32,12.0,262.401338313264,0.0,-1182736.4814621403,1797965.121787341,262.401338313264,4.32,0.0
8550.0,768403.018072439,34210.4,4472.0,768403.018072439,0.0,-1017055950.2147328,5652907472.776863,768403.018072439,34210.4,0.0
8560.0,0.0,0.0,0.0,0.0,0.0,0.0,0.0,0.0,0.0,0.0
8570.0,456.7186154876366,12.65,5.0,456.7186154876366,0.0,-887426.3493387031,3656872.873080167,456.7186154876366,12.65,0.0
8575.0,117106.93685870346,6078.24,668.0,117106.93685870346,0.0,-144452296.49733263,850755997.2269882,117106.93685870346,6078.24,0.0
8580.0,445.6824820836628,12.35,5.0,445.6824820836628,0.0,-873204.4650270267,3586864.497323406,445.6824820836628,12.35,0.0
8600.0,4946266.463630349,234767.06,63951.0,4946266.463630349,0.0,-9633370356.334238,36259632979.76706,4946266.463630349,234767.06,0.0
8650.0,780393.2930816793,37581.32,5516.0,780393.2930816793,0.0,-1049310981.5246779,6139055526.578082,780393.2930816793,37581.32,0.0
8700.0,2829088.785767793,127350.57999999999,39333.0,2829139.4912322965,-50.70546450288231,-4891638979.844246,22957395340.67982,2829190.1966967992,127450.16,-99.58
8800.0,4375221.808043741,207118.91,53061.0,4375267.104291149,-45.29624740849369,-6955176244.002877,38179997757.579,4375312.400538557,207317.79,-198.88
8900.0,1452288.749468989,61670.70999999999,41422.0,1452288.749468989,0.0,-4326941005.07673,13277010705.048872,1452288.749468989,61670.70999999999,0.0
9000.0,3656032.936573402,144550.65000000002,57040.0,3656084.147495918,-51.21092251573029,-6152929128.4468565,37356180414.97489,3656135.358418434,144750.19,-199.54000000000002
9100.0,314451.86825648043,13176.679999999998,5382.0,314451.86825648043,0.0,-515498470.2979254,3359590245.60501,314451.86825648043,13176.679999999998,0.0
9200.0,1448212.158101668,56775.7,33129.0,1448212.158101668,0.0,-2600494493.308476,16264466158.42372,1448212.158101668,56775.7,0.0
9300.0,130073.61666752155,6401.6900000000005,1852.0,130073.61666752155,0.0,-181873471.10397685,1511652209.7686734,130073.61666752155,6401.6900000000005,0.0
9400.0,406827.80401274964,17225.989999999998,11156.0,406827.80401274964,0.0,-721223878.1712447,4933184611.285963,406827.80401274964,17225.989999999998,0.0
9600.0,176510.4921894654,6544.87,8781.0,176510.4921894654,0.0,-382497242.48808354,2273195569.120488,176510.4921894654,6544.87,0.0
9800.0,123951.51504040678,4880.55,6924.0,123951.51504040678,0.0,-262792766.76911452,1704228414.8643456,123951.51504040678,4880.55,0.0
10000.0,420234.5894353791,14880.85,41805.0,420234.5894353791,0.0,-1107271888.314298,5838523031.772599,420234.5894353791,14880.85,0.0
10200.0,34008.84204680829,1304.54,3132.0,34008.84204680829,0.0,-81086406.6579665,507295736.3423876,34008.84204680829,1304.54,0.0
10400.0,13394.442994691672,525.67,1545.0,13394.442994691672,0.0,-33403983.415293135,206927504.51446608,13394.442994691672,525.67,0.0
10600.0,12749.49157145351,511.96,1851.0,12749.49157145351,0.0,-33440999.500372797,202659389.80195194,12749.49157145351,511.96,0.0
10800.0,6712.420186948602,265.38,1315.0,6712.420186948602,0.0,-19583132.257877357,107265535.20639686,6712.420186948602,265.38,0.0
11000.0,15981.079869934703,660.76,3288.0,15981.079869934703,0.0,-45043001.171816856,267474137.62452874,15981.079869934703,660.76,0.0
11200.0,3424.2614963219003,135.88,1019.0,3424.2614963219003,0.0,-11461581.381487066,55753805.30659594,3424.2614963219003,135.88,0.0
11400.0,8508.447305913256,349.47999999999996,2611.0,8508.447305913256,0.0,-28533394.96596676,141465798.0990903,8508.447305913256,349.47999999999996,0.0
11600.0,357.54686419432176,16.16,98.0,357.54686419432176,0.0,-1054389.213001322,6385175.646406375,357.54686419432176,16.16,0.0
11800.0,257.80488016068443,12.389999999999999,72.0,257.80488016068443,0.0,-733529.4690011903,4782792.278216229,257.80488016068443,12.389999999999999,0.0
12000.0,20565.081627426687,860.4900000000001,16901.0,20565.081627426687,0.0,-91951610.16405146,341447160.3944983,20565.081627426687,860.4900000000001,0.0
