strike,net_gex,net_dex,total_oi,call_gex,put_gex,charm_exp,vanna_exp,gross_gex,call_dex,put_dex
-1.0,469275685.1596775,163490777.98000002,13618193.0,7462.92,18147.0,,,,,
800.0,-793.7070082433592,-104.90000000000002,10490.0,0.0,-793.7070082433592,10735466.664336111,-12956363.63026422,793.7070082433592,0.0,-104.90000000000002
1000.0,-2282.5063681468655,-350.98,16328.0,0.0,-2282.5063681468655,26655623.28814987,-36650601.225863986,2282.5063681468655,0.0,-350.98
1200.0,-5673.664788796364,-958.51,26550.0,0.0,-5673.664788796364,66143851.549843505,-85438112.2366658,5673.664788796364,0.0,-958.51
1400.0,-7299.5833166612065,-1247.85,20631.0,0.0,-7299.5833166612065,74976266.18281409,-107529126.08209412,7299.5833166612065,0.0,-1247.85
1600.0,-9455.70250252847,-1580.2599999999998,18525.0,0.0,-9455.70250252847,91338889.8654422,-134264233.79702112,9455.70250252847,0.0,-1580.2599999999998
1800.0,-11714.701091250747,-1824.12,16026.0,0.0,-11714.701091250747,104201267.10923848,-161685451.1978545,11714.701091250747,0.0,-1824.12
2000.0,-47305.831979326744,-7225.58,49710.0,0.0,-47305.831979326744,414846278.45067275,-623812226.0050683,47305.831979326744,0.0,-7225.58
2200.0,-67356.90120640497,-9932.42,52168.0,0.0,-67356.90120640497,547800829.7740752,-864312639.7122052,67356.90120640497,0.0,-9932.42
2400.0,-58929.671308414974,-8912.68,35052.0,0.0,-58929.671308414974,438809640.17354405,-745367048.6046374,58929.671308414974,0.0,-8912.68
2500.0,-72696.95114695218,-10220.07,55157.0,0.0,-72696.95114695218,708483675.3677701,-867708058.5793917,72696.95114695218,0.0,-10220.07
2600.0,-43606.306752088865,-5759.32,28141.0,0.0,-43606.306752088865,406708363.4202839,-505747799.93445736,43606.306752088865,0.0,-5759.32
2700.0,-130999.1656308727,-18355.3,56060.0,0.0,-130999.1656308727,948130018.1943524,-1553559761.9104586,130999.1656308727,0.0,-18355.3
2800.0,-170390.07985773616,-23589.08,72871.0,0.0,-170390.07985773616,1258896586.1418602,-1991836377.6280336,170390.07985773616,0.0,-23589.08
2900.0,-17797.891569703745,-2286.94,10135.0,0.0,-17797.891569703745,166900242.95704138,-198783045.81632322,17797.891569703745,0.0,-2286.94
3000.0,-145786.4718930564,-18964.04,66238.0,0.0,-145786.4718930564,1218685787.041609,-1623484752.125864,145786.4718930564,0.0,-18964.04
3100.0,-20643.136888469842,-2593.09,10894.0,0.0,-20643.136888469842,187066982.35019135,-222708332.33226332,20643.136888469842,0.0,-2593.09
3200.0,-102983.27109097128,-13355.499999999998,35393.0,0.0,-102983.27109097128,763345142.2487557,-1128955362.898494,102983.27109097128,0.0,-13355.499999999998
3300.0,-160445.0831028735,-21049.65,43373.0,0.0,-160445.0831028735,1070903795.8777307,-1760048312.411475,160445.0831028735,0.0,-21049.65
3400.0,-110616.19822373035,-12568.25,31925.0,2.963651711835158,-110619.16187544217,809131123.3310208,-1170947390.4971657,110622.12552715401,1299.87,-13868.119999999999
3450.0,-3956.432227330433,-371.58000000000004,1689.0,0.0,-3956.432227330433,48586915.83776509,-35502735.83187038,3956.432227330433,0.0,-371.58000000000004
3500.0,-412540.2727558301,-52416.99,81099.0,0.0,-412540.2727558301,2459789069.520599,-4372391179.219562,412540.2727558301,0.0,-52416.99
3550.0,-1791.3360438892344,-159.83999999999997,666.0,0.0,-1791.3360438892344,21185316.966741845,-15863235.484367514,1791.3360438892344,0.0,-159.83999999999997
3600.0,-96391.06456450159,-11216.35,26392.0,0.0,-96391.06456450159,755026802.0499882,-960639745.9813145,96391.06456450159,0.0,-11216.35
3650.0,-2810.816835671837,-228.0,2750.0,0.0,-2810.816835671837,62402675.09108008,-22279830.02303586,2810.816835671837,0.0,-228.0
3700.0,-75479.74155980695,-9018.22,15884.0,0.0,-75479.74155980695,510698098.85724896,-761033115.0320877,75479.74155980695,0.0,-9018.22
3750.0,-6006.038737814751,-487.73,3718.0,0.0,-6006.038737814751,102856797.83654131,-48349060.032000065,6006.038737814751,0.0,-487.73
3800.0,-293916.507196625,-37734.69,46460.0,0.0,-293916.507196625,1577633065.5942736,-3060500396.2940645,293916.507196625,0.0,-37734.69
3850.0,-36806.2254724313,-4477.07,6496.0,0.0,-36806.2254724313,234874587.0618819,-368506357.6207173,36806.2254724313,0.0,-4477.07
3900.0,-122756.64363967747,-12697.91,29245.0,0.0,-122756.64363967747,1108389638.332043,-1123703978.7277572,122756.64363967747,0.0,-12697.91
3950.0,-33885.08171567877,-4117.33,5669.0,0.0,-33885.08171567877,217649919.56545743,-336420466.62673056,33885.08171567877,0.0,-4117.33
3975.0,-1301.6510112832968,-112.34000000000002,274.0,0.0,-1301.6510112832968,13051020.892550953,-10874708.700004317,1301.6510112832968,0.0,-112.34000000000002
4000.0,-1115931.878006045,-100633.57,129546.0,442.49186807097027,-1116374.3698741158,5761243289.661575,-10917251271.890783,1116816.8617421868,30872.190000000002,-131505.76
4025.0,-2694.835815627259,-233.20000000000002,530.0,0.0,-2694.835815627259,26481087.930818792,-22341951.4946132,2694.835815627259,0.0,-233.20000000000002
4050.0,-60398.936184648184,-7056.129999999999,7569.0,0.0,-60398.936184648184,334958443.8168307,-584198590.1195494,60398.936184648184,0.0,-7056.129999999999
4075.0,-2243.7523845668925,-192.23000000000002,409.0,0.0,-2243.7523845668925,21601429.045824498,-18425263.49738395,2243.7523845668925,0.0,-192.23000000000002
4100.0,-141513.5819125704,-16560.45,17284.0,0.0,-141513.5819125704,779029718.4593362,-1362580829.402226,141513.5819125704,0.0,-16560.45
4125.0,-19149.400747412394,-2201.8999999999996,1790.0,0.0,-19149.400747412394,91337760.38883047,-182683502.988302,19149.400747412394,0.0,-2201.8999999999996
4150.0,-70850.30233914766,-8370.38,10031.0,0.0,-70850.30233914766,431515828.6665505,-680297576.3165342,70850.30233914766,0.0,-8370.38
4175.0,-8518.818953164726,-908.87,919.0,0.0,-8518.818953164726,50297471.69550094,-77479385.66279078,8518.818953164726,0.0,-908.87
4200.0,-233772.27571950486,-25142.13,35668.0,0.0,-233772.27571950486,1666253740.3241847,-2118569762.6726933,233772.27571950486,0.0,-25142.13
4225.0,-6183.648793867431,-638.63,1477.0,0.0,-6183.648793867431,60264472.23505841,-53976740.66527407,6183.648793867431,0.0,-638.63
4250.0,-80051.2567804032,-2385.619999999999,10612.0,102.4062130210708,-80153.66299342428,524585972.9213598,-736886064.1769339,80256.06920644535,6494.150000000001,-8879.77
4275.0,-14285.649375326406,-1548.2599999999998,1865.0,0.0,-14285.649375326406,92605557.56336576,-129242294.6548773,14285.649375326406,0.0,-1548.2599999999998
4300.0,-218583.7063450731,-20914.26,22768.0,122.19041840089773,-218705.89676347398,1224741098.8576038,-1994496354.1971247,218828.08718187487,2991.3,-23905.56
4325.0,-12169.025283830088,-1250.48,1705.0,0.0,-12169.025283830088,87969073.76873839,-106678393.65715511,12169.025283830088,0.0,-1250.48
4350.0,-70018.2009593994,-8051.84,6781.0,0.0,-70018.2009593994,349804356.9810531,-650492580.5498374,70018.2009593994,0.0,-8051.84
4375.0,-16214.824070791432,-1545.78,2648.0,0.0,-16214.824070791432,141696538.6950175,-135562865.6856963,16214.824070791432,0.0,-1545.78
4400.0,-327540.2018953878,-33625.049999999996,35566.0,46.068044800709046,-327586.26994018845,2033837996.4974363,-2878093545.9184256,327632.33798498916,696.24,-34321.29
4425.0,-19546.620129628805,-1905.9799999999998,2550.0,0.0,-19546.620129628805,149867911.4294992,-164923906.17236575,19546.620129628805,0.0,-1905.9799999999998
4450.0,-95526.27773537333,-10351.1,12461.0,0.0,-95526.27773537333,514743079.1344265,-850201994.5004221,95526.27773537333,0.0,-10351.1
4475.0,-17735.42319823688,-1502.87,2577.0,0.0,-17735.42319823688,164416880.28220767,-139110642.61535054,17735.42319823688,0.0,-1502.87
4500.0,-781527.9527355024,-77412.08,60520.0,290.8579394332509,-781818.8106749356,3760678874.868927,-6942041265.1927805,782109.6686143688,7179.82,-84591.9
4525.0,-19488.504951896564,-1763.77,2481.0,2.9945076728631026,-19491.49945956943,151519598.35645166,-160744511.08642828,19494.49396724229,99.83999999999999,-1863.6100000000001
4550.0,-75251.82637790737,-2466.7600000000007,7213.0,142.5022915323353,-75394.32866943971,398522216.9143068,-681949770.2546091,75536.83096097205,6192.299999999999,-8659.060000000001
4575.0,-20462.771499468978,-1840.0600000000004,2173.0,2.298108918709425,-20465.069608387686,145948385.08364803,-167652958.5020203,20467.3677173064,99.88,-1939.9400000000003
4600.0,-365155.7351350845,201258.76,37464.0,12350.084864137194,-377505.8199992217,2383263547.579597,-3374506087.8631153,389855.9048633589,240319.06999999998,-39060.31
4625.0,-42238.948297999465,-3367.8,4265.0,141.2488993932737,-42380.19719739274,280913014.664323,-359281484.38970554,42521.446096786014,986.8000000000001,-4354.6
4650.0,-101964.30979926312,4610.99,8973.0,871.5055939418951,-102835.81539320502,632845482.3019263,-860142148.2830299,103707.32098714692,14644.14,-10033.15
4675.0,-45789.38419301211,156.65999999999917,3502.0,391.46043357041714,-46180.844626582526,254396026.8552974,-392839537.4842644,46572.30506015295,4872.509999999999,-4715.85
4700.0,-474352.09130319115,192913.49999999997,33191.0,21904.475837957954,-496256.56714114913,2305665074.025226,-4516012688.364859,518161.04297910706,245843.23999999996,-52929.740000000005
4725.0,-38519.87119756701,5275.120000000001,3330.0,819.2636971678215,-39339.13489473483,246407834.49976856,-331776797.9111947,40158.39859190265,9142.04,-3866.92
4750.0,-233321.53081681588,-15665.41,19933.0,488.37316590798093,-233809.90398272386,1587979827.3103476,-1829707845.5872893,234298.27714863184,5065.1,-20730.51
4775.0,-73009.84267254295,-4662.28,6320.0,333.5495483907303,-73343.39222093367,506867938.0866501,-582938365.3635412,73676.9417693244,2170.09,-6832.37
4800.0,-646380.2363505157,160875.99,60887.0,26820.791521318366,-673201.0278718341,4689157787.898923,-5620104285.281217,700021.8193931525,223782.94999999998,-62906.96
4825.0,-49596.90844815252,-4964.93,3251.0,5.623206917313049,-49602.53165506983,249495511.1142284,-408946947.573069,49608.15486198715,99.69,-5064.62
4850.0,-244358.02338346824,-23689.41,16377.0,44.46297725433591,-244402.48636072257,1298265466.9777486,-1974398504.3895998,244446.9493379769,396.79,-24086.2
4875.0,-88269.92323394872,-4656.620000000001,8087.0,240.7940661649396,-88510.71730011367,661068887.095445,-684534527.3685334,88751.5113662786,3486.2200000000003,-8142.84
4900.0,-504049.4770170824,200558.24,32206.0,39826.60103071631,-543876.0780477987,2520410647.370135,-4893743282.61387,583702.679078515,256978.21,-56419.97
4925.0,-85703.93992474873,-6786.57,5456.0,294.9668622645088,-85998.90678701324,482426827.36046517,-680311266.6078787,86293.87364927775,1473.04,-8259.61
4950.0,-130293.14343939853,-5180.630000000001,7970.0,1364.95657438467,-131658.1000137832,691064478.2943512,-1051167384.1682011,133023.05658816785,7587.14,-12767.77
4975.0,-103233.74387381172,-5560.26,8986.0,665.3669528862829,-103899.110826698,771954152.2425581,-796098837.1741345,104564.47777958428,4043.8900000000003,-9604.150000000001
5000.0,-3584655.6188778477,12190454.629999999,424384.0,2076960.8590438685,-5661616.477921716,39603092611.989204,-64220344135.8183,7738577.336965584,12747075.770000001,-556621.14
5005.0,-1.523823538603271e-62,-1.0100000000000002,101.0,0.0,-1.523823538603271e-62,1.9886360797468923e-55,-2.1325579516735696e-59,1.523823538603271e-62,0.0,-1.0100000000000002
5010.0,-1.4218827503291725e-62,-0.91,91.0,0.0,-1.4218827503291725e-62,1.85096517262556e-55,-1.9896897441716313e-59,1.4218827503291725e-62,0.0,-0.91
5015.0,-1.4767430370989288e-63,-0.09000000000000001,9.0,0.0,-1.4767430370989288e-63,1.9175714468960585e-56,-2.0661519794117936e-60,1.4767430370989288e-63,0.0,-0.09000000000000001
5020.0,-1.7221092922196904e-64,-0.01,1.0,0.0,-1.7221092922196904e-64,2.2305802270923044e-57,-2.4090985752968334e-61,1.7221092922196904e-64,0.0,-0.01
5025.0,-94778.83482883278,-7302.780000000001,5135.0,456.19931961322186,-95235.03414844601,469327790.4164215,-756999780.9294988,95691.23346805922,2262.39,-9565.17
5030.0,-1.4930712476653123e-63,-0.08,8.0,0.0,-1.4930712476653123e-63,1.9242157297328339e-56,-2.0881921187450596e-60,1.4930712476653123e-63,0.0,-0.08
5035.0,-3.910882029837325e-64,-0.02,2.0,0.0,-3.910882029837325e-64,5.0275161793057586e-57,-5.4689449885299814e-61,3.910882029837325e-64,0.0,-0.02
5040.0,-6.142915535888344e-64,-0.030000000000000002,3.0,0.0,-6.142915535888344e-64,7.876933177049697e-57,-8.58900963870318e-61,6.142915535888344e-64,0.0,-0.030000000000000002
5045.0,-2.1429659725646342e-64,-0.01,1.0,0.0,-2.1429659725646342e-64,2.7409433791120637e-57,-2.995879357559321e-61,2.1429659725646342e-64,0.0,-0.01
5050.0,-319802.0637051567,-19753.1,14624.0,2738.5815311044894,-322540.64523626113,1328893860.2736187,-2569993311.0722265,325279.22676736565,12262.84,-32015.940000000002
5055.0,-4.6862507061478784e-64,-0.02,2.0,0.0,-4.6862507061478784e-64,5.963614560781403e-57,-6.549647919470268e-61,4.6862507061478784e-64,0.0,-0.02
5060.0,-3.6720029702921594e-62,-1.5000000000000002,150.0,0.0,-3.6720029702921594e-62,4.661054081265526e-55,-5.1314294101714195e-59,3.6720029702921594e-62,0.0,-1.5000000000000002
5065.0,-2.556097300557019e-63,-0.1,10.0,0.0,-2.556097300557019e-63,3.2363378605971522e-56,-3.571547446962514e-60,2.556097300557019e-63,0.0,-0.1
5070.0,-5.868323005088788e-63,-0.22,22.0,0.0,-5.868323005088788e-63,7.411124548713435e-56,-8.198559858531201e-60,5.868323005088788e-63,0.0,-0.22
5075.0,-125269.6994938992,-7519.11,6936.0,761.617348631056,-126031.31684253024,708239812.6289796,-939736509.4097236,126792.9341911613,3436.72,-10955.83
5080.0,-2.899746082795868e-63,-0.1,10.0,0.0,-2.899746082795868e-63,3.643444211381066e-56,-4.050186512593422e-60,2.899746082795868e-63,0.0,-0.1
5085.0,-6.04146828580061e-64,-0.02,2.0,0.0,-6.04146828580061e-64,7.571519751580405e-57,-8.437320237061423e-61,6.04146828580061e-64,0.0,-0.02
5090.0,-6.384724954287484e-64,-0.02,2.0,0.0,-6.384724954287484e-64,7.981221697846026e-57,-8.915193235666948e-61,6.384724954287484e-64,0.0,-0.02
5095.0,-9.965228830414269e-64,-0.030000000000000002,3.0,0.0,-9.965228830414269e-64,1.2425084170158653e-56,-1.3913116881492642e-60,9.965228830414269e-64,0.0,-0.030000000000000002
5100.0,-1102153.3093668974,207288.38,50177.0,76591.23184226884,-1178744.5412091662,4607481971.292625,-10026258667.906977,1255335.7730514351,326721.42,-119433.04000000001
5105.0,-1.0933645143327209e-63,-0.030000000000000002,3.0,0.0,-1.0933645143327209e-63,1.3562552862733354e-56,-1.5260908829058264e-60,1.0933645143327209e-63,0.0,-0.030000000000000002
5110.0,-8.70687250227142e-63,-0.22999999999999998,23.0,0.0,-8.70687250227142e-63,1.0772541787606072e-55,-1.215146582930494e-59,8.70687250227142e-63,0.0,-0.22999999999999998
5115.0,-7.979350088384296e-64,-0.02,2.0,0.0,-7.979350088384296e-64,9.846938571951188e-57,-1.1134337500620466e-60,7.979350088384296e-64,0.0,-0.02
5120.0,-7.160855188517785e-62,-1.73,173.0,0.0,-7.160855188517785e-62,8.814029994914778e-55,-9.991126685611045e-59,7.160855188517785e-62,0.0,-1.73
5125.0,-183095.6264602317,15777.350000000002,8863.0,8211.9684949061,-191307.59495513779,956299531.256637,-1494321346.9172468,199519.5634500439,32704.04,-16926.690000000002
5130.0,-2.2577539910952477e-63,-0.05,5.0,0.0,-2.2577539910952477e-63,2.764601962039364e-56,-3.149288920753351e-60,2.2577539910952477e-63,0.0,-0.05
5135.0,-1.5194626259603051e-62,-0.32,32.0,0.0,-1.5194626259603051e-62,1.855737031366727e-55,-2.119138832792657e-59,1.5194626259603051e-62,0.0,-0.32
5140.0,-8.533588173951783e-62,-1.71,171.0,0.0,-8.533588173951783e-62,1.0395052018922387e-54,-1.1899681392865608e-58,8.533588173951783e-62,0.0,-1.71
5145.0,-1.5725826357413684e-63,-0.030000000000000002,3.0,0.0,-1.5725826357413684e-63,1.9106238058013734e-56,-2.192563416675248e-60,1.5725826357413684e-63,0.0,-0.030000000000000002
5150.0,-362993.6829945076,-7329.750000000002,18035.0,5536.503704862514,-368530.18669937016,1949186204.720748,-2762464977.3942394,374066.69040423265,25553.46,-32883.21
5155.0,-1.1371695592507112e-63,-0.02,2.0,0.0,-1.1371695592507112e-63,1.3744052653899254e-56,-1.5851058429536224e-60,1.1371695592507112e-63,0.0,-0.02
5160.0,-1.967562785313467e-62,-0.33,33.0,0.0,-1.967562785313467e-62,2.371806712110761e-55,-2.742199576173813e-59,1.967562785313467e-62,0.0,-0.33
5165.0,-9.99795281630973e-63,-0.16,16.0,0.0,-9.99795281630973e-63,1.2020457500102984e-55,-1.3932201466916344e-59,9.99795281630973e-63,0.0,-0.16
5170.0,-1.9635626672583586e-63,-0.030000000000000002,3.0,0.0,-1.9635626672583586e-63,2.354572150379066e-56,-2.735850879363707e-60,1.9635626672583586e-63,0.0,-0.030000000000000002
5175.0,-183362.52055910174,-12001.38,8543.0,822.5294959739349,-184185.05005507567,982418129.1963193,-1326833115.4934661,185007.5795510496,3330.6000000000004,-15331.98
5180.0,-3.584445849447194e-63,-0.05,5.0,0.0,-3.584445849447194e-63,4.275610873103837e-56,-4.992867585708327e-60,3.584445849447194e-63,0.0,-0.05
5185.0,-4.497769719982736e-63,-0.060000000000000005,6.0,0.0,-4.497769719982736e-63,5.3508766177083315e-56,-6.264214577669369e-60,4.497769719982736e-63,0.0,-0.060000000000000005
5190.0,-1.9337135465831326e-61,-2.43,243.0,0.0,-1.9337135465831326e-61,2.2944017740352055e-54,-2.6926592007835154e-58,1.9337135465831326e-61,0.0,-2.43
5195.0,-2.659790087373971e-62,-0.32,32.0,0.0,-2.659790087373971e-62,3.147548162285134e-55,-3.7032203842756813e-59,2.659790087373971e-62,0.0,-0.32
5200.0,-1225883.4501722802,216687.99999999997,79645.0,88469.1178128504,-1314352.5679851305,8472664049.797268,-10387484703.059994,1402821.685797981,334890.48999999993,-118202.48999999999
5205.0,-4.888342773277362e-62,-0.54,54.0,0.0,-4.888342773277362e-62,5.754083776797317e-55,-6.804280115244327e-59,4.888342773277362e-62,0.0,-0.54
5210.0,-2.9697575523268134e-60,-30.970000000000002,3097.0,0.0,-2.9697575523268134e-60,3.486400670989918e-53,-4.1329899928349573e-57,2.9697575523268134e-60,0.0,-30.970000000000002
5215.0,0.0,0.0,0.0,0.0,0.0,0.0,0.0,0.0,0.0,0.0
5220.0,-2.4978885329093048e-62,-0.24000000000000002,24.0,0.0,-2.4978885329093048e-62,2.9168022808319417e-55,-3.47543834705062e-59,2.4978885329093048e-62,0.0,-0.24000000000000002
5225.0,-293330.3383041562,-26746.310000000005,9709.0,1473.141559973295,-294803.4798641295,847270336.2664477,-2337333633.776073,296276.6214241028,4973.01,-31719.32
5230.0,-1.122180803876391e-61,-0.98,98.0,0.0,-1.122180803876391e-61,1.3033659401301362e-54,-1.5608928316286414e-58,1.122180803876391e-61,0.0,-0.98
5235.0,-4.8387927299625387e-63,-0.04,4.0,0.0,-4.8387927299625387e-63,5.604957276958342e-56,-6.729361755553989e-60,4.8387927299625387e-63,0.0,-0.04
5240.0,-2.6397341484404637e-62,-0.21000000000000002,21.0,0.0,-2.6397341484404637e-62,3.049476043013031e-55,-3.670686614682241e-59,2.6397341484404637e-62,0.0,-0.21000000000000002
5245.0,0.0,0.0,0.0,0.0,0.0,0.0,0.0,0.0,0.0,0.0
5250.0,-520271.8796380931,1179.9900000000025,21030.0,14587.775870573332,-534859.6555086664,2313937813.355068,-4075241114.21093,549447.4313792398,50759.700000000004,-49579.71
5255.0,-5.805180167776364e-63,-0.04,4.0,0.0,-5.805180167776364e-63,6.652082521811934e-56,-8.068866938206215e-60,5.805180167776364e-63,0.0,-0.04
5260.0,-4.892868552494532e-62,-0.32,32.0,0.0,-4.892868552494532e-62,5.59148237702705e-55,-6.79971689158885e-59,4.892868552494532e-62,0.0,-0.32
5265.0,-9.660270428641513e-63,-0.060000000000000005,6.0,0.0,-9.660270428641513e-63,1.1009614138385172e-55,-1.3422943212587435e-59,9.660270428641513e-63,0.0,-0.060000000000000005
5270.0,-8.472236902478507e-63,-0.05,5.0,0.0,-8.472236902478507e-63,9.629377492210411e-56,-1.1770326346855653e-59,8.472236902478507e-63,0.0,-0.05
5275.0,-367587.9574780079,-36761.63,12103.0,424.0025117058017,-368011.9599897137,1250097718.8081753,-2819718756.6698456,368435.96250141953,1357.82,-38119.45
5280.0,-1.032317316871265e-61,-0.5599999999999999,56.0,0.0,-1.032317316871265e-61,1.1669215165666457e-54,-1.4338152819425991e-58,1.032317316871265e-61,0.0,-0.5599999999999999
5290.0,-1.6677432260989098e-61,-0.8200000000000001,82.0,0.0,-1.6677432260989098e-61,1.8748969425985008e-54,-2.3156801060377443e-58,1.6677432260989098e-61,0.0,-0.8200000000000001
5300.0,-1084733.1615745148,285429.44999999995,48151.0,129168.79444449994,-1213901.9560190146,5299110848.306614,-9995641243.312899,1343070.7504635146,398454.13,-113024.68
5310.0,-4.500447050592344e-62,-0.18000000000000002,18.0,0.0,-4.500447050592344e-62,5.0040027453538086e-55,-6.244956821119173e-59,4.500447050592344e-62,0.0,-0.18000000000000002
5320.0,-1.0413241669972232e-61,-0.38,38.0,0.0,-1.0413241669972232e-61,1.1514406785188142e-54,-1.4445695632918862e-58,1.0413241669972232e-61,0.0,-0.38
5325.0,-230471.94557890788,-21657.64,9350.0,71.83595006195783,-230543.78152896982,1088179719.7247972,-1678263843.5383997,230615.6174790318,294.02,-21951.66
5330.0,-3.6564328720194504e-62,-0.12000000000000001,12.0,0.0,-3.6564328720194504e-62,4.020666745831665e-55,-5.070701637329982e-59,3.6564328720194504e-62,0.0,-0.12000000000000001
5340.0,-5.5107449657364044e-61,-1.6300000000000001,163.0,0.0,-5.5107449657364044e-61,6.025966166090148e-54,-7.639795177288375e-58,5.5107449657364044e-61,0.0,-1.6300000000000001
5350.0,-335544.0125772691,61267.45,14490.0,30254.49831844953,-365798.51089571865,1744652401.1644707,-2837814299.547701,396053.0092141681,93311.68999999999,-32044.239999999998
5360.0,-1.2197663839177449e-61,-0.3,30.0,0.0,-1.2197663839177449e-61,1.318917561360798e-54,-1.690065484069321e-58,1.2197663839177449e-61,0.0,-0.3
5370.0,-7.749232989798008e-62,-0.17,17.0,0.0,-7.749232989798008e-62,8.331979236379631e-55,-1.0733253355999551e-58,7.749232989798008e-62,0.0,-0.17
5375.0,-168583.66601497095,-3814.879999999999,6496.0,1800.6177425868993,-170384.28375755783,807087954.2840755,-1228006648.8512363,172184.90150014474,12002.109999999999,-15816.99
5380.0,-7.019179123031977e-62,-0.13999999999999999,14.0,0.0,-7.019179123031977e-62,7.504382399123618e-55,-9.719240526954363e-59,7.019179123031977e-62,0.0,-0.13999999999999999
5390.0,-7.83628182727365e-62,-0.13999999999999999,14.0,0.0,-7.83628182727365e-62,8.33044877208993e-55,-1.0846953757744175e-58,7.83628182727365e-62,0.0,-0.13999999999999999
5400.0,-1551370.3302905476,153654.52000000002,68095.0,104914.98911115638,-1656285.319401704,8075976496.322209,-12652253188.122929,1761200.3085128604,308089.64,-154435.12
5410.0,-1.4308347372630849e-61,-0.21000000000000002,21.0,0.0,-1.4308347372630849e-61,1.503760344021559e-54,-1.9793594477391972e-58,1.4308347372630849e-61,0.0,-0.21000000000000002
5420.0,-5.366091143291941e-61,-0.7100000000000001,71.0,0.0,-5.366091143291941e-61,5.607225857179363e-54,-7.42085755671944e-58,5.366091143291941e-61,0.0,-0.7100000000000001
5425.0,-171148.76814669764,-13673.93,6929.0,370.8840132489803,-171519.65215994662,917896791.8099226,-1174988452.1741648,171890.5361731956,1067.31,-14741.24
5430.0,-4.182747715908051e-62,-0.1,5.0,0.0,-4.182747715908051e-62,4.345529483059032e-55,-5.782579950967255e-59,4.182747715908051e-62,0.0,-0.1
5440.0,-3.76118690808857e-61,-0.8,40.0,0.0,-3.76118690808857e-61,3.884964126516159e-54,-5.197882331326846e-58,3.76118690808857e-61,0.0,-0.8
5450.0,-559133.1002979456,3180.9400000000023,18401.0,12138.431115126994,-571271.5314130725,2488398129.71002,-4058899220.3625975,583409.9625281995,54434.53999999999,-51253.6
5460.0,-1.4615890031748247e-60,-2.52,126.0,0.0,-1.4615890031748247e-60,1.4921734368413463e-53,-2.0185721560775628e-57,1.4615890031748247e-60,0.0,-2.52
5470.0,-1.2728541396399027e-61,-0.2,10.0,0.0,-1.2728541396399027e-61,1.2918834478172887e-54,-1.7574134163556682e-58,1.2728541396399027e-61,0.0,-0.2
5475.0,-324706.96132418595,-25364.48,8904.0,3004.3521499688236,-327711.3134741548,1029155596.4510115,-2385223946.7976146,330715.6656241236,7135.120000000001,-32499.600000000002
5480.0,-1189.5039809748573,150.10999999999999,376.0,27.30364575648262,-1216.80762673134,29895191.027652852,-5390979.004087544,1244.1112724878226,198.76,-48.65
5490.0,-6561.384547666155,-41.49000000000001,995.0,24.422161488537917,-6585.806709154694,157928460.80607423,-28696716.34732402,6610.228870643232,198.94,-240.43
5500.0,-3598807.1891816575,478390.1699999999,122948.0,370922.21369926265,-3969729.40288092,15431476110.958595,-30719908751.338943,4340651.616580183,852191.91,-373801.74
5510.0,-6416.301015889134,326.28999999999996,705.0,101.02048105943368,-6517.321496948568,125094764.05664162,-30604109.203690607,6618.341978008002,595.1,-268.80999999999995
5520.0,-2239.5450724263846,408.91,410.0,76.67275466236423,-2316.217827088749,55308488.5433311,-10302196.785256172,2392.890581751113,496.45,-87.54
5525.0,-162328.39154034227,-12716.87,4708.0,666.0253280026351,-162994.41686834494,628340012.774513,-1124768865.425933,163660.44219634758,2251.41,-14968.28
5530.0,-3996.317868655909,141.13,526.0,46.84821426766086,-4043.16608292357,86338183.01759139,-18166496.90107967,4090.0142971912305,297.84000000000003,-156.71
5540.0,-4479.921266160413,1715.3999999999996,662.0,282.99850818860114,-4762.919774349014,115939477.60045643,-21612277.10502935,5045.918282537616,1887.2699999999998,-171.86999999999998
5550.0,-410163.14693977154,27435.900000000012,15741.0,29518.785770466646,-439681.9327102382,2232000851.9262414,-3115406669.6782293,469200.7184807048,63695.87000000001,-36259.97
5560.0,-19771.566313906027,48.32999999999993,1578.0,162.8378412295269,-19934.404155135555,282561805.375064,-103169891.90011679,20097.241996365083,992.6,-944.27
5570.0,-12885.865952484848,-543.4100000000001,1279.0,0.0,-12885.865952484848,235042137.40849343,-60656481.27073111,12885.865952484848,0.0,-543.4100000000001
5575.0,-244191.03501386012,42217.36,11262.0,29820.26174937486,-274011.29676323495,1777416957.2475128,-1978811892.3364205,303831.5585126098,64492.969999999994,-22275.609999999997
5580.0,-17901.071228807457,-173.9699999999999,1317.0,124.89864299758338,-18025.969871805042,237992343.62431172,-94018271.87555103,18150.868514802623,694.19,-868.1599999999999
5590.0,-15680.953676575598,511.47999999999985,1500.0,218.09133134181255,-15899.04500791741,275792730.88835037,-76886637.82212974,16117.136339259221,1189.87,-678.3900000000001
5600.0,-2054045.7881524833,310165.42999999993,79505.0,235991.50671314856,-2290037.294865632,11363476287.799671,-16926527058.269207,2526028.8015787806,511726.08,-201560.65000000002
5610.0,-49230.54803358197,-3212.41,1734.0,0.0,-49230.54803358197,307309240.5356285,-295593732.67495614,49230.54803358197,0.0,-3212.41
5620.0,-13625.481745236919,6082.52,1011.0,1290.0654055252944,-14915.547150762213,211080929.00275588,-82875015.05064124,16205.612556287508,6841.35,-758.8299999999999
5625.0,-269978.6332291615,2706.480000000002,7227.0,15706.488088408281,-285685.1213175698,925155914.2138124,-2058676609.797887,301391.6094059781,29788.350000000002,-27081.87
5630.0,-9745.674868053764,-135.56000000000006,525.0,71.25789869004329,-9816.932766743808,96055731.04007374,-54273153.25707271,9888.19066543385,396.84,-532.4
5640.0,-21624.240653170127,-1140.72,990.0,18.7537710921056,-21642.994424262233,182923520.8689661,-122015396.2109797,21661.74819535434,99.16,-1239.8799999999999
5650.0,-676105.3871224475,87844.29000000001,21062.0,79474.56106608942,-755579.9481885369,3092301899.62082,-5543258831.972084,835054.5092546263,154331.19,-66486.9
5660.0,-33133.3679785686,-2067.41,1254.0,0.0,-33133.3679785686,233128531.4748339,-192483591.0626108,33133.3679785686,0.0,-2067.41
5670.0,-20676.914530733593,4051.040000000001,1332.0,999.5961550497451,-21676.510685783338,282732801.12506104,-116010612.17292798,22676.106840833083,5155.970000000001,-1104.93
5675.0,-314674.92000067147,-15481.9,9067.0,4238.836851935975,-318913.7568526075,1492284602.722917,-2057164379.9477234,323152.5937045434,11302.929999999998,-26784.829999999998
5680.0,-14457.53186483197,-788.19,707.0,0.0,-14457.53186483197,135869117.2546194,-78571926.15136603,14457.53186483197,0.0,-788.19
5690.0,-25467.024575089814,599.9200000000001,1251.0,416.54837420049375,-25883.572949290305,260473659.2784356,-140490607.942792,26300.1213234908,1981.4,-1381.48
5700.0,-2338630.453776944,192663.46999999997,85211.0,224691.8578397474,-2563322.3116166913,11094951367.722713,-18015511960.330746,2788014.1694564386,413847.58999999997,-221184.12
5710.0,-41845.4161180315,-1453.2199999999998,1408.0,220.84355315526534,-42066.259671186766,282904098.2989793,-241455883.88763323,42287.10322434203,1090.4299999999998,-2543.65
5715.0,-3.885906613278081e-60,-0.38,19.0,0.0,-3.885906613278081e-60,3.3879592961526606e-53,-5.318678091359683e-57,3.885906613278081e-60,0.0,-0.38
5720.0,-22055.911961574882,-890.8599999999999,854.0,134.60335087995873,-22190.51531245484,167791222.2653817,-126292584.95052142,22325.118663334797,493.40000000000003,-1384.26
5725.0,-298967.7948357099,-19472.05,6701.0,4004.0409621928047,-302971.83579790266,1046523441.2063847,-1989086649.9943273,306975.8767600955,8062.35,-27534.399999999998
5730.0,-23041.254774652472,-1227.65,1044.0,0.0,-23041.254774652472,219463607.4435012,-122702758.6092929,23041.254774652472,0.0,-1227.65
5735.0,-1.5724920719308323e-60,-0.12000000000000001,6.0,0.0,-1.5724920719308323e-60,1.3530484973152222e-53,-2.1505890603597608e-57,1.5724920719308323e-60,0.0,-0.12000000000000001
5740.0,-49910.88602183129,-2687.7999999999997,1799.0,26.9836805997271,-49937.86970243102,374760352.145816,-275150031.19187087,49964.85338303074,98.7,-2786.5
5745.0,-2.8690359623641404e-59,-1.9200000000000002,96.0,0.0,-2.8690359623641404e-59,2.4523331220569295e-52,-3.9221372076575634e-56,2.8690359623641404e-59,0.0,-1.9200000000000002
5750.0,-1423290.3119006415,15737.450000000004,39989.0,90998.75048004054,-1514289.062380682,6323611983.987686,-10174729720.76248,1605287.8128607227,146971.49,-131234.04
5755.0,-4.762137149936984e-60,-0.27999999999999997,14.0,0.0,-4.762137149936984e-60,4.0434283276243294e-53,-6.507425410477269e-57,4.762137149936984e-60,0.0,-0.27999999999999997
5760.0,-37595.24243547642,-2025.4200000000003,1371.0,0.0,-37595.24243547642,296783054.8773038,-203064345.01425597,37595.24243547642,0.0,-2025.4200000000003
5765.0,-6.434077313411243e-60,-0.34,17.0,0.0,-6.434077313411243e-60,5.426554412418924e-53,-8.789165508976524e-57,6.434077313411243e-60,0.0,-0.34
5770.0,-25466.612186721533,-37.64999999999998,1090.0,351.02316025280027,-25817.635346974337,249459050.30342385,-138024554.12137717,26168.658507227137,1381.98,-1419.6299999999999
5775.0,-465206.6085401897,-18947.660000000003,10356.0,14429.579370941432,-479636.1879111311,1728186360.0607378,-3122783282.155905,494065.7672820725,23304.249999999996,-42251.909999999996
5780.0,-22882.88429679661,-1496.32,749.0,62.87061996704974,-22945.754916763657,156293661.4486851,-131756415.82835494,23008.62553673071,94.04,-1590.3600000000001
5785.0,-1.4873765797335053e-60,-0.060000000000000005,3.0,0.0,-1.4873765797335053e-60,1.237641879979865e-53,-2.0300478382277953e-57,1.4873765797335053e-60,0.0,-0.060000000000000005
5790.0,-38566.29793689313,-2071.2599999999998,1368.0,23.288120025689313,-38589.586056918815,312828549.3842999,-207169685.72831497,38612.874176944504,99.00999999999999,-2170.27
5795.0,-5.487427732049632e-59,-1.96,98.0,0.0,-5.487427732049632e-59,4.535119092017993e-52,-7.486620058571954e-56,5.487427732049632e-59,0.0,-1.96
5800.0,-3087429.526113356,540161.8200000002,108793.0,498549.1054631022,-3585978.631576458,20243653327.74786,-25065844006.331707,4084527.7370395605,835822.8400000001,-295661.02
5805.0,-4.417919270718407e-60,-0.13999999999999999,7.0,0.0,-4.417919270718407e-60,3.626338861230771e-53,-6.025169773064245e-57,4.417919270718407e-60,0.0,-0.13999999999999999
5810.0,-93365.03425583142,-5653.74,2635.0,32.19194762355504,-93397.22620345498,568403020.8070107,-522810093.0566995,93429.41815107851,98.42999999999999,-5752.17
5815.0,-2.1757814107998182e-60,-0.060000000000000005,3.0,0.0,-2.1757814107998182e-60,1.7737045513648216e-53,-2.9660085789850866e-57,2.1757814107998182e-60,0.0,-0.060000000000000005
5820.0,-37117.061256084206,-1934.68,1299.0,41.808793526525164,-37158.870049610734,301326143.00261587,-198927262.50732017,37200.678843137255,198.34,-2133.02
5825.0,-335774.25015251734,-22563.14,6817.0,2307.585564106646,-338081.835716624,1243590475.155734,-2068756477.938272,340389.42128073063,4921.58,-27484.72
5830.0,-65361.1382746961,-4068.42,1876.0,106.53376041457281,-65467.67203511068,412018384.3860975,-370362676.9218689,65574.20579552525,395.36,-4463.78
5835.0,-2.796613110584231e-60,-0.060000000000000005,3.0,0.0,-2.796613110584231e-60,2.2484467643374797e-53,-3.809261194762649e-57,2.796613110584231e-60,0.0,-0.060000000000000005
5840.0,-73838.98151155227,-4466.949999999999,1759.0,48.88654369699911,-73887.86805524926,373376381.94706297,-418140303.92438006,73936.75459894627,197.98,-4664.929999999999
5845.0,-4.261095045906437e-59,-0.8,40.0,0.0,-4.261095045906437e-59,3.40204306899983e-52,-5.801538996926651e-56,4.261095045906437e-59,0.0,-0.8
5850.0,-1021007.9350502851,-21801.68,27590.0,45260.94396712385,-1066268.879017409,4747896049.886631,-6734396253.184195,1111529.8229845327,66431.86,-88233.54000000001
5855.0,-3.1591886787076984e-59,-0.52,26.0,0.0,-3.1591886787076984e-59,2.504646446890666e-52,-4.299459549090615e-56,3.1591886787076984e-59,0.0,-0.52
5860.0,-52977.587221502006,-3131.5,1562.0,0.0,-52977.587221502006,331239208.18269694,-288546383.7177663,52977.587221502006,0.0,-3131.5
5865.0,-2.9603178232021e-58,-4.28,214.0,0.0,-2.9603178232021e-58,2.3304789824219586e-51,-4.027130185437465e-55,2.9603178232021e-58,0.0,-4.28
5870.0,-43012.80605702824,-2268.1099999999997,1319.0,0.0,-43012.80605702824,321696352.4633377,-225067032.4140353,43012.80605702824,0.0,-2268.1099999999997
5875.0,-380480.16567150806,-10593.470000000001,8528.0,13947.640758299409,-394427.8064298075,1566369098.2189105,-2442681908.58312,408375.4471881069,21881.010000000002,-32474.48
5880.0,-69410.66131085507,-3282.96,3149.0,27.333615038697324,-69437.99492589377,778900380.4058704,-336881395.73150826,69465.32854093246,98.86,-3381.8199999999997
5885.0,-1.1118791258697174e-58,-1.22,61.0,0.0,-1.1118791258697174e-58,8.629519859114127e-52,-1.5112208694690447e-55,1.1118791258697174e-58,0.0,-1.22
5890.0,-68976.42328333542,-4327.39,1532.0,0.0,-68976.42328333542,339493848.4544545,-384812454.24108934,68976.42328333542,0.0,-4327.39
5895.0,-1.8570952994745173e-59,-0.18000000000000002,9.0,0.0,-1.8570952994745173e-59,1.431031047783407e-52,-2.5230843193811946e-56,1.8570952994745173e-59,0.0,-0.18000000000000002
5900.0,-3513166.730165781,135417.89,138549.0,310607.67911834986,-3823774.4092841307,17091847428.618301,-24344055877.11968,4134382.088402481,439296.09,-303878.2
5905.0,-1.7882414828357388e-58,-1.5000000000000002,75.0,0.0,-1.7882414828357388e-58,1.3680741746095978e-51,-2.4283989927766183e-55,1.7882414828357388e-58,0.0,-1.5000000000000002
5910.0,-87381.5507542823,11912.920000000002,2636.0,7999.490325268008,-95381.04107955031,589022537.1464368,-580477517.9476924,103380.5314048183,18895.39,-6982.47
5915.0,-6.453131946100066e-59,-0.48000000000000004,24.0,0.0,-6.453131946100066e-59,4.901232083451535e-52,-8.759861159205933e-56,6.453131946100066e-59,0.0,-0.48000000000000004
5920.0,-56709.91648530786,-3140.26,1668.0,0.0,-56709.91648530786,391599904.5617649,-296001137.5538319,56709.91648530786,0.0,-3140.26
5925.0,-1097520.562841377,-67961.01,19476.0,7484.801415482336,-1105005.3642568593,3929839739.0464983,-6400870699.197211,1112490.1656723416,12588.47,-80549.48
5930.0,-64638.6921587477,-3005.1900000000005,2546.0,117.93201231863276,-64756.62417106633,560889755.0532379,-326067848.2111734,64874.556183384964,395.2,-3400.3900000000003
5935.0,-32393.20653869495,-2295.3200000000006,516.0,0.0,-32393.20653869495,99915202.2353046,-186861326.19273862,32393.20653869495,0.0,-2295.3200000000006
5940.0,-59964.91062666315,2023.3300000000004,3935.0,2913.8505310592127,-62878.761157722365,426663289.807073,-346852844.2281998,65792.61168878157,5636.22,-3612.8900000000003
5945.0,-3.4530632710518196e-57,-16.92,846.0,0.0,-3.4530632710518196e-57,2.5655835396048623e-50,-4.6810520883814106e-54,3.4530632710518196e-57,0.0,-16.92
5950.0,-1289629.9001684734,-12258.109999999999,26858.0,71354.63881835682,-1360984.5389868303,5365208560.232559,-8369901906.934084,1432339.1778051872,103800.29000000001,-116058.4
5955.0,-2.1526185914873585e-58,-0.9000000000000001,45.0,0.0,-2.1526185914873585e-58,1.587551881644936e-51,-2.9166233717072943e-55,2.1526185914873585e-58,0.0,-0.9000000000000001
5960.0,-29561.448705423918,-1304.1599999999999,1046.0,85.94815140481222,-29647.39685682873,269416994.9608979,-145556654.46942455,29733.34500823354,195.43,-1499.59
5965.0,-1.2030805964615072e-58,-0.44,22.0,0.0,-1.2030805964615072e-58,8.806760660832851e-52,-1.6293700104248475e-55,1.2030805964615072e-58,0.0,-0.44
5970.0,-25605.328124918666,-1393.38,795.0,59.41911108494712,-25664.74723600361,166093020.77173638,-133934307.20072329,25724.166347088558,96.35000000000001,-1489.73
5975.0,-677617.5355220881,-41721.17,13380.0,12014.795515354599,-689632.3310374425,2541224650.861399,-4049399797.657246,701647.1265527972,15918.03,-57639.2
5980.0,-37567.479155226545,-511.77,949.0,1100.4121232771947,-38667.89127850374,241676180.5730047,-208489358.21196422,39768.30340178094,1731.6,-2243.37
5985.0,-5.384545655803561e-58,-1.48,74.0,0.0,-5.384545655803561e-58,3.882709508919657e-51,-7.285678447453087e-55,5.384545655803561e-58,0.0,-1.48
5990.0,-54934.483126062405,-2856.44,3654.0,217.02336916384684,-55151.506495226255,368067950.84003925,-285334569.0052333,55368.529864390104,385.81,-3242.25
5995.0,-3.557182208990006e-58,-0.86,43.0,0.0,-3.557182208990006e-58,2.5456293953098888e-51,-4.811126886984143e-55,3.557182208990006e-58,0.0,-0.86
6000.0,-10800889.704947898,42488880.050000004,1251425.0,30696743.292496048,-41497632.997443944,259436615911.25806,-421140949028.46643,72194376.28994,45905201.300000004,-3416321.25
6005.0,-676.5932400305854,-72.32000000000001,32.0,0.0,-676.5932400305854,896609.3848487891,-4164093.4500608044,676.5932400305854,0.0,-72.32000000000001
6010.0,-136856.80929478593,1940.4099999999996,2859.0,3482.397325008786,-140339.2066197947,729466397.8741587,-758107062.7232231,143821.6039448035,10563.33,-8622.92
6015.0,-2734.1993421341003,-291.8,110.0,0.0,-2734.1993421341003,3591815.9667425063,-16758347.953789102,2734.1993421341003,0.0,-291.8
6020.0,-78602.91939664226,-3067.11,2441.0,292.3172775911541,-78895.23667423341,696184772.0273837,-378274136.3404966,79187.55395182458,686.9,-3754.0099999999998
6025.0,-885013.0291187837,80030.57,16822.0,145555.03780394042,-1030568.0669227241,2992261689.0518975,-6856226610.816202,1176123.1047266645,169473.91,-89443.34
6030.0,-94695.65649350717,-5092.1,2009.0,345.8876095510716,-95041.54410305823,485045500.09028155,-499849210.58091086,95387.43171260931,683.3399999999999,-5775.4400000000005
6035.0,-1134.4174894368637,-121.55000000000001,65.0,0.0,-1134.4174894368637,1463809.7764304932,-6886101.793788203,1134.4174894368637,0.0,-121.55000000000001
6040.0,-37977.91052459462,-2087.8799999999997,1049.0,0.0,-37977.91052459462,265505551.1032331,-189011073.3161668,37977.91052459462,0.0,-2087.8799999999997
6045.0,-2468.4666711669715,-267.94,321.0,0.0,-2468.4666711669715,3156916.451337341,-14920836.191675777,2468.4666711669715,0.0,-267.94
6050.0,-3015327.0687149577,-94672.83,89242.0,136974.14098730704,-3152301.209702265,21852504601.03155,-17755687092.269444,3289275.350689572,161138.18,-255811.01
6055.0,-1250.0093904713506,-56.170000000000016,318.0,86.22980966020019,-1336.2392001315507,1815527.2741740532,-8592161.144985152,1422.4690097917508,91.77,-147.94
6060.0,-53047.60035151549,-2520.1600000000003,1658.0,115.2850945202016,-53162.88544603568,405436570.81024736,-257695109.87128583,53278.17054055589,193.9,-2714.0600000000004
6065.0,-630.1032454888682,-73.14,318.0,0.0,-630.1032454888682,791291.8183715255,-3772924.0793777676,630.1032454888682,0.0,-73.14
6070.0,-62228.61709823432,-2749.77,1883.0,580.5288714991084,-62809.14596973342,465025605.35583985,-309253106.09198815,63389.67484123253,646.8,-3396.5699999999997
6075.0,-608575.9723400677,-33972.72,10041.0,8469.284168684946,-617045.2565087527,2320422633.5401325,-3394238824.844178,625514.5406774376,12676.54,-46649.26
6080.0,-91467.80754351735,-5222.54,10979.0,108.3244466147643,-91576.13199013211,552231978.4672847,-458830332.67002344,91684.45643674688,194.79999999999998,-5417.34
6085.0,-1286.6908167074719,-142.4,302.0,0.0,-1286.6908167074719,1586233.812299147,-7630937.19269164,1286.6908167074719,0.0,-142.4
6090.0,-96256.53200853203,-2950.0900000000006,2846.0,1944.9039707872544,-98201.43597931929,826466588.355744,-479676019.91579413,100146.33995010654,2683.2999999999997,-5633.389999999999
6095.0,-3250.318830886887,-348.28999999999996,177.0,0.0,-3250.318830886887,3969686.8471063897,-19183330.57691552,3250.318830886887,0.0,-348.28999999999996
6100.0,-9186723.510027003,-89468.8,256731.0,438824.1384380668,-9625547.648465069,75213475939.03018,-49180569584.94812,10064371.786903135,486059.81000000006,-575528.61
6105.0,-6756.148228539231,-719.3000000000001,145.0,0.0,-6756.148228539231,8174003.911462511,-39680309.08390594,6756.148228539231,0.0,-719.3000000000001
6110.0,-43913.54760187612,-1235.08,1324.0,700.9732969928768,-44614.52089886899,369917139.25119174,-212189181.84277186,45315.494195861866,1062.3000000000002,-2297.38
6115.0,-5499.2113683197385,-587.8,216.0,0.0,-5499.2113683197385,6590357.998601631,-32139366.865653742,5499.2113683197385,0.0,-587.8
6120.0,-44271.19395067213,-1152.35,1060.0,566.6921843011486,-44837.88613497328,289381696.32391286,-219828797.8767088,45404.57831927443,1276.92,-2429.27
6125.0,-836911.0526163821,-38817.94,15051.0,20341.087098788576,-857252.1397151707,3548005495.7524953,-4635084526.388617,877593.2268139593,24914.98,-63732.920000000006
6130.0,-62049.94014960404,-2351.7000000000003,1264.0,739.7426906621745,-62789.68284026621,325480701.41265666,-318950718.28525186,63529.42553092838,1569.58,-3921.28
6135.0,-5009.80434538875,-167.99000000000004,210.0,0.0,-5009.80434538875,73538695.00939701,-19302551.02294331,5009.80434538875,0.0,-167.99000000000004
6140.0,-106394.61903248119,707.640000000001,1797.0,3275.9723623700543,-109670.59139485125,482206822.51807594,-577497476.0468302,112946.5637572213,8079.060000000001,-7371.42
6145.0,-6505.96844876814,351.78,313.0,305.00149265189316,-6810.969941420033,101992621.72519803,-27551734.489085715,7115.9714340719265,582.89,-231.10999999999996
6150.0,-4047175.4080534624,-88714.01000000001,141339.0,117283.80675558375,-4164459.214809046,47041447933.8225,-19113368570.1199,4281743.02156463,137543.06,-226257.07
6155.0,-27178.2599457314,-339.33000000000004,1065.0,201.953017215929,-27380.212962947327,411498531.3093808,-104067137.3780534,27582.165980163256,492.65,-831.98
6160.0,-89206.92528111403,-3359.1,2176.0,714.4058352399184,-89921.33111635395,707891823.0336438,-416915135.7148649,90635.73695159386,1263.05,-4622.15
6165.0,-8459.3064310005,-155.05,365.0,86.58815538989083,-8545.89458639039,111692543.37171784,-34678269.42129588,8632.48274178028,196.78,-351.83000000000004
6170.0,-48400.84342080627,-2745.16,898.0,64.72747003805524,-48465.57089084433,256572661.1998395,-236962114.90657264,48530.298360882385,96.89999999999999,-2842.06
6175.0,-4254851.715839045,-167582.71000000002,74757.0,78998.4818136338,-4333850.197652679,23949100580.58122,-21282873571.16756,4412848.679466313,105189.59999999999,-272772.31
6180.0,-112641.49421528674,-4483.66,20380.0,1897.5389311658878,-114539.03314645262,517849219.0316631,-580891466.2729553,116436.57207761852,3200.7300000000005,-7684.39
6185.0,-17243.499056827557,-577.56,510.0,547.5381577013115,-17791.037214528867,156496318.43638626,-84374074.97867258,18338.575372230178,549.63,-1127.19
6190.0,-185083.6640316959,-9045.93,4471.0,373.26913862995866,-185456.93317032588,1652498086.8649,-824289553.3197784,185830.2023089558,684.2800000000001,-9730.210000000001
6195.0,-8293.130073595416,95.79999999999995,323.0,545.9448780931658,-8839.07495168858,96015471.48479658,-40735064.670093626,9385.019829781748,549.44,-453.64000000000004
6200.0,-6092524.905548128,1065387.8,144042.0,1632114.2204167675,-7724639.125964897,36520982343.6364,-48870357396.086075,9356753.346381664,1694916.77,-629528.97
6205.0,-7292.371650429014,194.41999999999993,1438.0,242.39101810579527,-7534.76266853481,103198977.3247108,-29912686.77667348,7777.153686640605,490.94999999999993,-296.53
6210.0,-77523.48090303331,-2861.26,1274.0,1087.3770157297372,-78610.85791876304,352662422.2308448,-389873649.8501491,79698.23493449278,1949.2700000000002,-4810.530000000001
6215.0,-24004.92435632831,-851.2800000000002,754.0,41.17912183658574,-24046.103478164896,302251982.6211647,-94914100.98865712,24087.282600001483,98.6,-949.8800000000001
6220.0,-236013.9428305097,-10092.55,4849.0,520.9780837408149,-236534.9209142505,1528076141.75663,-1068377200.6311808,237055.89899799135,974.8699999999999,-11067.42
6225.0,-942246.4678953337,244571.07,18642.0,259376.65810632758,-1201623.1260016612,4676982131.795062,-7527203995.629799,1460999.7841079887,353044.32999999996,-108473.26
6230.0,-83827.16420079656,-3671.25,1982.0,523.1442119369538,-84350.3084127335,467022491.05027896,-397511248.7042167,84873.45262467046,978.8000000000001,-4650.05
6235.0,-12932.575118652756,-615.92,1815.0,0.0,-12932.575118652756,148672755.25673464,-52069403.72459415,12932.575118652756,0.0,-615.92
6240.0,-185621.1552808386,3401.3999999999996,5149.0,9466.63838560642,-195087.793666445,1761722504.7048101,-880279610.7991389,204554.43205205144,12413.689999999999,-9012.29
6245.0,-7176.806073381125,507.70000000000005,236.0,504.86391526508663,-7681.669988646212,88295809.67908123,-33443389.74799344,8186.533903911299,875.17,-367.46999999999997
6250.0,-6380588.031725386,248216.85999999996,125545.0,397790.00095560635,-6778378.032680992,44071921001.171196,-33200071558.549206,7176168.033636599,681664.67,-433447.81000000006
6255.0,-8665.966533318251,18.71999999999999,385.0,133.11473388414748,-8799.081267202399,119656887.75688453,-33111011.59666516,8932.196001086546,295.56,-276.84
6260.0,-138376.5586863894,31447.760000000002,2709.0,21505.394775313824,-159881.95346170323,943041232.1706333,-840467921.0823396,181387.34823701708,41418.68,-9970.92
6265.0,-16605.604587998027,-876.1999999999999,570.0,0.0,-16605.604587998027,163002845.05396762,-69337643.07367168,16605.604587998027,0.0,-876.1999999999999
6270.0,-237014.303532162,-8971.87,4320.0,891.9068087919031,-237906.21034095393,1593752051.6850796,-1037448203.5761536,238798.1171497458,1462.92,-10434.79
6275.0,-5279703.092364364,-92986.54,80252.0,151426.0071101803,-5431129.099474545,28922789818.254646,-25500116568.551636,5582555.106584726,220785.37999999998,-313771.92
6280.0,-253240.3954568075,-7696.710000000001,12428.0,4573.50955359445,-257813.90501040197,1148802951.387732,-1229957340.851516,262387.4145639964,7378.92,-15075.630000000001
6285.0,-14765.573773073687,-503.38000000000005,666.0,47.672777561740865,-14813.246550635427,171679703.72023168,-57712783.10456607,14860.919328197167,98.42,-601.8
6290.0,-259390.64343806013,-10969.43,3497.0,1729.838673308657,-261120.4821113688,1122430974.7944307,-1219629161.93965,262850.32078467746,2506.51,-13475.94
6295.0,-18707.786280324082,-808.6099999999999,508.0,113.31626025898196,-18821.102540583066,192970553.28654936,-76672509.30665594,18934.418800842046,88.75999999999999,-897.3699999999999
6300.0,-6257198.535395131,987277.63,114294.0,1417038.986250972,-7674237.521646103,33255232301.96089,-44058201294.81843,9091276.507897075,1570580.6199999999,-583302.99
6305.0,-9620.806646943649,-137.56,347.0,197.89939526587307,-9818.706042209522,83478950.65169297,-42352412.92825355,10016.605437475395,393.48,-531.04
6310.0,-113603.37327515296,-3638.6900000000005,1848.0,1269.700276195003,-114873.07355134796,710701146.19591,-509729441.63671887,116142.77382754296,2052.71,-5691.400000000001
6315.0,-26140.25550364384,-666.7100000000002,808.0,212.03788494329186,-26352.29338858713,298719898.1481126,-101495420.9085085,26564.33127353042,289.84000000000003,-956.5500000000002
6320.0,-133231.52127270392,-5632.06,1912.0,1118.9117306160442,-134350.43300331998,585651363.95699,-620353511.6014578,135469.344733936,1757.1399999999999,-7389.2
6325.0,-1194305.1617661612,398112.5,25566.0,463711.67587962956,-1658016.8376457908,8104830547.095129,-10097992248.65537,2121728.5135254203,521351.16,-123238.66
6330.0,-391945.90197705576,-20638.370000000003,4611.0,2391.9124653891317,-394337.8144424449,1400647223.383827,-1845655133.2941759,396729.726907834,2674.08,-23312.45
6335.0,-18084.772142735626,610.78,450.0,1195.9504765543102,-19280.722619289936,206533204.6858555,-80085978.95245063,20476.67309584425,1335.26,-724.48
6340.0,-155046.63093646715,4354.14,2332.0,12195.834660780203,-167242.46559724736,746950928.1515505,-820621789.7196622,179438.30025802756,14027.600000000002,-9673.46
6345.0,-19251.282365367868,-353.5699999999999,450.0,561.8560579492256,-19813.138423317094,171298890.99759033,-83362774.48967145,20374.99448126632,568.3800000000001,-921.9499999999999
6350.0,-2676919.618329555,437557.05000000005,50969.0,659437.5323950438,-3336357.150724598,16927037622.451912,-18599534508.60595,3995794.683119642,675549.09,-237992.03999999998
6355.0,-33549.960989206214,-2002.8300000000002,568.0,230.32005715985417,-33780.28104636607,174625732.859157,-152799627.448665,34010.60110352593,284.44,-2287.27
6360.0,-109229.04389950573,48839.04,2646.0,46087.256701540646,-155316.3006010464,1037329806.6383486,-866996688.8403881,201403.55730258703,57000.630000000005,-8161.59
6365.0,-61094.628192533266,-2480.9700000000003,755.0,1518.9261103149915,-62613.55430284826,249959006.0310234,-292516239.37499726,64132.48041316325,1509.86,-3990.83
6370.0,-115061.75027781482,-2343.7499999999995,1679.0,5153.47419599442,-120215.22447380923,475596473.0326019,-567273140.950382,125368.69866980365,4560.8,-6904.549999999999
6375.0,-1822744.6881329608,207042.04,28280.0,407841.1234392468,-2230585.8115722076,8411414845.932459,-12360447384.459616,2638426.9350114544,375411.95,-168369.91
6380.0,-126410.3807409355,32793.149999999994,2574.0,42413.13622497692,-168823.51696591242,837988595.2438016,-947211417.4874568,211236.65319088934,42827.560000000005,-10034.41
6385.0,-29575.231110166285,-1300.8600000000001,413.0,707.9462532209025,-30283.177363387185,145264297.6976874,-138033002.12684277,30991.123616608085,758.02,-2058.88
6390.0,-109474.13333446582,-483.44000000000005,1536.0,5291.781440829779,-114765.9147752956,583743946.3518783,-519843172.66467357,120057.69621612539,5585.79,-6069.23
6395.0,-17363.986124536787,-912.63,267.0,237.7536197206146,-17601.7397442574,85385608.26275098,-78702592.36851753,17839.493363978017,288.71,-1201.3400000000001
6400.0,-7989335.653628453,1221333.32,144668.0,2350806.6219921424,-10340142.275620595,40396285387.19637,-58642288200.84282,12690948.897612737,1999961.7,-778628.38
6405.0,-20814.254870911445,818.0599999999998,403.0,2296.2132818913833,-23110.46815280283,175823672.16128084,-104636536.95603245,25406.681434694212,1965.4099999999999,-1147.35
6410.0,-161353.85088025976,-3734.1599999999994,1875.0,5014.7253885558,-166368.57626881555,639594248.7039632,-755069694.5528054,171383.30165737134,5894.61,-9628.77
6415.0,-10911.9610050655,4597.49,419.0,5159.452912822583,-16071.413917888081,169940425.34943348,-84649690.32867949,21230.866830710664,5319.77,-722.28
6420.0,-161074.62667050603,-5189.58,1912.0,3527.5459045012994,-164602.1725750073,678031107.0301715,-732237774.4877733,168129.71847950862,4453.38,-9642.96
6425.0,-1799235.1182704759,146506.64,25288.0,395846.7298270307,-2195081.8480975064,7309629273.552922,-11894539062.901857,2590928.577924537,314166.0,-167659.36
6430.0,-145279.3048080619,3180.6800000000003,1795.0,9970.855210845893,-155250.1600189078,632983595.5577346,-718258096.0670674,165221.01522975368,12829.77,-9649.09
6435.0,-22859.732640902585,10806.5,740.0,8895.593033669787,-31755.32567457237,351506208.4749654,-152742863.71277553,40650.918708242156,12291.72,-1485.22
6440.0,-138605.60437378046,5401.089999999999,1959.0,13028.740870252994,-151634.34524403347,755493393.9294711,-695098233.5444995,164663.08611428645,13490.97,-8089.88
6445.0,-54630.21608076131,-813.2900000000004,836.0,3143.751054314358,-57773.96713507567,339626547.2453211,-252598728.9578115,60917.71818939003,2306.6299999999997,-3119.92
6450.0,-3975842.8757894463,997829.9400000001,71536.0,1797673.830939359,-5773516.706728805,21631478332.64732,-34153971696.789635,7571190.537668164,1453373.25,-455543.31
6455.0,-48992.09856259994,-1922.26,679.0,1131.3889305114653,-50123.4874931114,210870542.36031187,-218296437.62193558,51254.87642362287,1039.06,-2961.32
6460.0,-228682.47419460537,6157.52,3100.0,23312.162998510466,-251994.6371931158,1287764876.0607104,-1145411992.739053,275306.8001916263,19094.24,-12936.72
6465.0,-8684.407974644122,1634.0300000000002,315.0,1633.2021104781143,-10317.610085122236,105850325.07489818,-43800065.37119374,11950.812195600349,2034.8400000000001,-400.81
6470.0,-170257.01245419425,-2045.1300000000015,1968.0,7493.7058605310485,-177750.7183147253,790676904.5601927,-773873874.2413759,185244.42417525634,7715.119999999999,-9760.25
6475.0,-1723577.7813533633,327094.49,28750.0,689681.4708267468,-2413259.25218011,9446692092.933653,-13669463904.9668,3102940.7230068566,501755.7,-174661.21
6480.0,-141309.5119173866,22357.7,2583.0,37392.996282386295,-178702.50819977288,1058581354.501022,-888683432.6595201,216095.5044821592,31402.760000000002,-9045.060000000001
6485.0,-48655.07553180482,-1735.1599999999999,704.0,1814.2202483640567,-50469.295780168875,217330071.90980148,-219735159.21961316,52283.51602853293,1567.05,-3302.21
6490.0,-216147.4660714249,20920.879999999997,2819.0,42876.44188209672,-259023.9079535216,1019735684.8896548,-1275669770.1750464,301900.34983561834,36820.479999999996,-15899.6
6495.0,-118150.07322712462,-5652.7300000000005,1726.0,424.6417561093381,-118574.71498323396,730396086.5722394,-467324678.42847025,118999.3567393433,367.24,-6019.97
6500.0,-12510903.530348908,2482651.05,211271.0,5542415.418781556,-18053318.949130464,65465578744.36148,-102933665513.7105,23595734.36791202,3826419.7199999997,-1343768.67
6505.0,-128466.73822198255,-6363.269999999999,1301.0,1879.6482383729647,-130346.38646035551,448245500.3642946,-554326360.7702168,132226.03469872847,1699.8400000000001,-8063.109999999999
6510.0,-381543.9857442736,11157.47,5052.0,30259.64524745789,-411803.6309917315,2575826587.557904,-1712692643.3636558,442063.2762391894,30014.02,-18856.55
6515.0,-71242.20660885898,-1716.8499999999997,1094.0,1671.55031809643,-72913.75692695541,595615654.7815481,-273675796.36775076,74585.30724505184,1195.8200000000002,-2912.6699999999996
6520.0,-187554.0148537276,-4779.75,2120.0,7994.253823935931,-195548.26867766352,739951182.8555729,-835931921.2496015,203542.52250159945,6911.72,-11691.470000000001
6525.0,-868855.0751552801,356298.92000000004,21600.0,727651.9757120368,-1596507.050867317,7637029010.751452,-9882737128.174904,2324159.026579354,468192.10000000003,-111893.18
6530.0,-239434.22199179968,11533.879999999997,3566.0,35101.813249432926,-274536.0352412326,1426844288.2355027,-1232107181.2504897,309637.84849066555,25778.55,-14244.67
6535.0,-61788.903588039044,-223.24,1201.0,1942.3072026014756,-63731.210790640514,554712697.393351,-233218682.033476,65673.51799324199,2131.3199999999997,-2354.56
6540.0,-182685.98421042084,11927.669999999998,2161.0,25442.477383313817,-208128.46159373465,869927387.2897545,-938658383.1942898,233570.93897704847,24202.3,-12274.63
6545.0,-16886.450985743475,3995.72,399.0,9484.234765565125,-26370.6857513086,138344730.54357672,-148103817.27402076,35854.920516873724,5776.12,-1780.4
6550.0,-3825598.0874357736,469477.04999999993,55285.0,1301121.9000098757,-5126719.987445649,17424797036.883045,-27094432805.664173,6427841.887455525,882416.82,-412939.76999999996
6555.0,-26977.325378796824,2288.6399999999994,539.0,6342.935743483047,-33320.26112227987,207305103.88290212,-154318477.7277239,39663.19686576292,4200.5599999999995,-1911.92
6560.0,-206718.2371447233,16810.809999999998,2593.0,41546.80019719767,-248265.03734192095,984568776.9464366,-1161590700.2565353,289811.8375391186,31069.5,-14258.69
6565.0,-55169.16381267394,-3228.21,567.0,765.7461126327008,-55934.909925306645,197349442.89188597,-228872348.86833477,56700.65603793935,772.16,-4000.37
6570.0,-193472.46654437867,3528.08,2320.0,18361.526928151314,-211833.99347252998,1007955938.5259371,-894151148.2262516,230195.5204006813,15632.54,-12104.46
6575.0,-2939388.215059642,206328.02,42728.0,716594.475214175,-3655982.6902738167,19485148693.259983,-17249280336.20034,4372577.165487992,431669.51,-225341.49
6580.0,-138542.0399665853,20066.940000000002,2096.0,38672.61042706923,-177214.65039365453,906423125.8168938,-829762337.3598042,215887.26082072375,29277.86,-9210.92
6585.0,-43406.271161742174,16772.76,1174.0,37735.03654581542,-81141.3077075576,435959850.6270313,-475432455.42771584,118876.34425337301,21346.49,-4573.7300000000005
6590.0,-271213.32727500965,13857.579999999998,3698.0,48136.17764048414,-319349.5049154938,1770748780.076728,-1395297298.6310644,367485.6825559779,28476.22,-14618.64
6595.0,-54045.236711821184,-1634.8,713.0,1937.3107991015786,-55982.54751092276,334048359.7747336,-212899230.73642367,57919.85831002434,1153.47,-2788.27
6600.0,-9922145.77081103,2503892.61,164902.0,6285878.227894686,-16208023.998705717,55378043966.699936,-91395550949.9486,22493902.226600405,3733892.37,-1229999.76
6605.0,-38852.72230313257,4422.21,845.0,10016.748979951864,-48869.47128308443,357465919.10611385,-213226697.99266586,58886.220263036295,6532.990000000001,-2110.78
6610.0,-372986.25514296064,12001.98,3738.0,56782.47418741122,-429768.72933037183,1647795008.9393115,-1876228509.5803163,486551.2035177831,35996.63,-23994.65
6615.0,-66634.27145992506,1873.93,1016.0,6470.480984463276,-73104.75244438834,595689968.2350396,-273247138.56283265,79575.23342885161,4408.75,-2534.82
6620.0,-548936.3281024102,37287.08,6022.0,140954.5009553827,-689890.8290577929,2366634038.578905,-3258899396.9612074,830845.3300131756,82262.86,-44975.78
6625.0,-2000252.8514812144,420904.89,32949.0,1109863.2778152355,-3110116.12929645,13132386251.666689,-16704978502.663656,4219979.407111686,645953.1699999999,-225048.28
6630.0,-417379.43758415605,12152.720000000003,4784.0,50444.190238329036,-467823.6278224851,2573680192.832084,-1888485624.0976171,518267.8180608141,33781.5,-21628.78
6635.0,-122060.66488753445,-4892.03,1414.0,2506.5189663399156,-124567.18385387436,762736666.1913983,-450814281.9132051,127073.70282021427,1553.3600000000001,-6445.389999999999
6640.0,-358559.0879190138,35669.35,3758.0,68666.01688673599,-427225.1048057498,3204025196.6989703,-1816302110.43875,495891.12169248576,59431.55,-23762.2
6645.0,-28670.729945556588,20087.429999999997,1023.0,44068.467729639,-72739.19767519558,508583316.3280141,-434190144.843538,116807.6654048346,23744.68,-3657.25
6650.0,-5282295.900736002,1210758.78,83175.0,3304821.765447028,-8587117.66618303,33419889318.76937,-45794171938.56704,11891939.431630058,1755030.8,-544272.02
6655.0,-90490.9923676183,1704.8299999999995,1174.0,8383.458649228884,-98874.45101684718,734528345.7067305,-362479003.9506973,107257.90966607606,5453.219999999999,-3748.3900000000003
6660.0,-317168.8478386986,5822.630000000001,3122.0,46263.982829055734,-363432.8306677543,1532475919.6358786,-1521234702.1128807,409696.81349681003,26704.88,-20882.25
6665.0,-26578.357373921157,12174.58,792.0,16603.274115188855,-43181.63148911001,397250119.4717615,-198063907.22458127,59784.90560429887,14034.859999999999,-1860.2800000000002
6670.0,-677574.6814201031,30701.670000000002,7194.0,124815.10467623544,-802389.7860963385,3226097945.827645,-3400201427.63187,927204.890772574,70997.82,-40296.15
6675.0,-2384922.3931513852,561303.2,40677.0,1736565.3152408237,-4121487.708392209,13663600485.504227,-22520162984.064682,5858053.023633033,888660.27,-327357.07
6680.0,-530715.698288134,-12968.669999999998,5247.0,32772.435262155705,-563488.1335502896,1750559057.8958983,-2201944247.1364017,596260.5688124453,19818.2,-32786.87
6685.0,-116978.90075453087,-1817.3600000000001,1253.0,3964.600596995135,-120943.50135152602,846567539.7258338,-411158802.5811722,124908.10194852116,2398.8199999999997,-4216.179999999999
6690.0,-397538.7129032925,-5652.710000000003,5551.0,27226.562204299953,-424765.27510759246,2104272870.5774317,-1591322478.5753403,451991.8373118924,15786.189999999999,-21438.9
6695.0,-305287.7344354469,-18911.23,2162.0,4545.239423996681,-309832.97385944356,839984807.8142898,-1158688896.5967839,314378.2132834403,3345.34,-22256.57
6700.0,-12488802.428025002,2466846.92,189374.0,8004920.477835271,-20493722.90586027,69896930017.60684,-106695440128.23189,28498643.383695543,3967326.77,-1500479.8499999999
6705.0,-62367.824350894276,2835.56,700.0,13103.008126464485,-75470.83247735875,344944091.596424,-311434040.12892956,88573.84060382325,6552.57,-3717.01
6710.0,-323465.984413035,15395.46,6241.0,61691.746188269855,-385157.73060130485,5757221899.702518,-1458227988.5621233,446849.4767895747,33675.79,-18280.33
6715.0,-41744.01393085261,13497.369999999999,907.0,38933.60592740489,-80677.6198582575,375007673.9608279,-427486573.37771857,119611.22578566239,17252.25,-3754.88
6720.0,-346949.3198233578,-1747.04,2823.0,37487.19834567184,-384436.5181690297,1229233238.806869,-1500456917.671027,421923.7165147015,20830.11,-22577.15
6725.0,-5052696.204460967,234708.92,55386.0,1698327.01260129,-6751023.217062257,20632824985.208454,-30858517672.80007,8449350.229663547,783269.31,-548560.39
6730.0,-267355.3256106217,10991.139999999998,2693.0,62733.848770305776,-330089.1743809275,1160886123.5912685,-1384820240.4157271,392823.02315123327,30013.039999999997,-19021.9
6735.0,-126722.13193258893,-3864.29,964.0,5524.57891053965,-132246.7108431286,469658907.4782701,-473891984.58813936,137771.28975366824,2530.5899999999997,-6394.88
6740.0,-284191.5442626844,26263.949999999997,3137.0,99964.64606973782,-384156.1903324222,1422840894.4092853,-1693161685.2370434,484120.83640216006,48442.95,-22179.0
6745.0,-387985.4344539172,-28622.109999999997,2655.0,7261.771398371224,-395247.2058522884,1033629252.701842,-1431539516.0153685,402508.9772506596,3129.2700000000004,-31751.379999999997
6750.0,-6594802.383271867,875638.6100000001,84186.0,3676931.880535306,-10271734.263807174,30902859679.786503,-50229049339.697914,13948666.14434248,1619050.02,-743411.41
6755.0,-83789.65863201392,-3176.96,589.0,4890.041567724185,-88679.7001997381,178276514.34775737,-328951352.29492337,93569.74176746228,2090.32,-5267.28
6760.0,-251887.98711002085,-3223.6399999999994,1791.0,29180.991363722787,-281068.97847374366,816263571.3181347,-1067275067.7339803,310249.96983746643,12306.38,-15530.019999999999
6765.0,-39200.01379005716,-869.84,3043.0,3737.1208327601717,-42937.13462281733,114766821.25062215,-159462775.4668072,46674.2554555775,1545.4099999999999,-2415.25
6770.0,-354499.9686998313,-6303.270000000001,2660.0,45326.363911450215,-399826.3326112814,1145797859.729098,-1540036610.628682,445152.6965227317,19061.36,-25364.63
6775.0,-1983085.4733566782,361839.99,31535.0,1510023.0282316813,-3493108.5015883595,10702444463.569609,-17640000184.78397,5003131.529820041,639011.54,-277171.55
6780.0,-342138.1469444459,41116.31,3509.0,159024.3435032095,-501162.4904476554,1762947240.7942064,-2215115613.3305287,660186.833950865,70036.67,-28920.36
6785.0,-93752.40506414809,-3926.1200000000003,694.0,7589.279955310689,-101341.68501945878,155318435.21918708,-377243233.3797008,108930.96497476946,3033.27,-6959.389999999999
6790.0,-87959.0983178371,53127.71,2703.0,177678.23061982045,-265637.3289376575,1184048840.0228255,-1520056962.0109406,443315.55955747794,69622.15000000001,-16494.440000000002
6795.0,-107162.21263260141,-3298.209999999999,873.0,9202.561192617472,-116364.77382521887,206629162.89298525,-426353694.2152477,125567.33501783635,3687.2,-6985.41
6800.0,-12508231.456676753,2926365.25,204062.0,11669545.743132774,-24177777.199809525,63910557739.67314,-123727956405.70938,35847322.9429423,4785036.02,-1858670.77
6805.0,-59426.52445376527,4374.88,1621.0,23575.914574936516,-83002.43902870179,189691710.45717332,-357347982.29902905,106578.3536036383,9143.08,-4768.2
6810.0,-519443.1394753259,-3194.46,12042.0,52826.75283210623,-572269.8923074321,12783800824.60395,-1725225488.506811,625096.6451395383,20978.589999999997,-24173.05
6815.0,-79389.65477039888,559.8599999999997,879.0,12968.50876206809,-92358.16353246695,199345590.93454346,-348134125.6805968,105326.67229453503,5244.179999999999,-4684.32
6820.0,-483359.1634640167,1810.1000000000013,3428.0,96391.0063151879,-579750.1697792046,1730882060.8181534,-2211984757.791015,676141.1760943925,39441.56,-37631.46
6825.0,-1093295.8149378886,982415.8,47162.0,3209538.7854653965,-4302834.600403286,25096195447.99338,-25144402807.781414,7512373.385868682,1314405.62,-331989.82
6830.0,-880118.0661920335,-24654.990000000005,5339.0,76729.2656915389,-956847.3318835723,2543969281.1260653,-3320834369.4445467,1033576.5975751113,29487.92,-54142.91
6835.0,-87727.64934637642,168.75000000000006,716.0,13783.531272710425,-101511.18061908684,225505176.69905668,-371197201.17894346,115294.71189179727,5251.54,-5082.79
6840.0,-314550.35558528855,-6583.35,4158.0,36123.09619115435,-350673.45177644293,1209760908.178035,-1227378642.5596411,386796.54796759726,14023.32,-20606.670000000002
6845.0,-236204.29868034227,-2821.6599999999994,1517.0,29304.08800407852,-265508.3866844208,616660072.0064119,-930336573.8493872,294812.47468849935,10681.890000000001,-13503.55
6850.0,-5126565.5493868785,2610404.62,130196.0,9907422.935995547,-15033988.485382427,40397192568.33307,-82016672421.62323,24941411.421377975,3811795.28,-1201390.6600000001
6855.0,-146109.150219467,-4904.37,887.0,9606.8268035243,-155715.9770229913,298382449.0259881,-521627784.385479,165322.80382651562,3673.13,-8577.5
6860.0,-389738.5899769991,18661.420000000002,3521.0,108419.2504362745,-498157.84041327354,1888361450.5243025,-1861405212.469215,606577.0908495481,46326.68,-27665.260000000002
6865.0,-179754.67022465676,-6642.56,9508.0,11479.315452153078,-191233.98567680985,363607791.1792484,-631713005.432717,202713.30112896292,4108.91,-10751.470000000001
6870.0,-499943.25420066435,-4324.020000000007,3291.0,85098.37393502523,-585041.6281356895,1764878804.95186,-2058180574.7165427,670140.0020707147,30662.61,-34986.630000000005
6875.0,-597955.9432545078,1176422.31,45224.0,4195783.611354986,-4793739.554609494,13351176047.687754,-28851933736.75405,8989523.16596448,1572643.55,-396221.24
6880.0,-507185.91047517717,3316.570000000001,5178.0,120319.69370713632,-627505.6041823135,2033766268.2866945,-2268469317.0371275,747825.2978894499,41220.85,-37904.28
6885.0,-85225.59926627742,-3895.2,697.0,4122.5180802825635,-89348.11734655999,148840718.44112265,-286338084.00369644,93470.63542684255,1560.0000000000002,-5455.2
6890.0,-589633.7222600897,14637.060000000003,5200.0,182373.95892976073,-772007.6811898504,3171001909.0763116,-2868290504.987155,954381.6401196112,61358.11,-46721.049999999996
6895.0,-384516.71624909557,-18643.0,3472.0,6606.904106021389,-391123.62035511696,646962763.8450373,-1196755879.1434505,397730.52446113835,2346.39,-20989.39
6900.0,-8709542.477018667,3003543.6099999994,169432.0,13023868.322255706,-21733410.799274374,62340546525.99473,-106925178425.17206,34757279.12153008,4635974.54,-1632430.9300000002
6905.0,-117122.60856001778,-5030.08,1252.0,7144.031397975594,-124266.63995799336,205357572.14801773,-393217148.28403133,131410.67135596895,2524.61,-7554.6900000000005
6910.0,494279.68339174107,257851.77000000002,5935.0,883101.8786617367,-388822.19526999554,5040282735.06555,-3739717049.1710224,1271924.0739317322,279512.02,-21660.25
6915.0,-389012.75503022625,-14026.76,2690.0,15550.499742747967,-404563.25477297424,1014013579.6331066,-1219849350.5121732,420113.75451572216,5435.110000000001,-19461.870000000003
6920.0,-530859.4291975412,-12523.95,3437.0,73837.27613282163,-604696.7053303628,2266910625.241602,-1949437874.6923766,678533.9814631845,23365.82,-35889.770000000004
6925.0,-1022500.7007794039,721811.5900000001,35541.0,2909289.5494190473,-3931790.250198451,21596145600.079456,-20363297289.156265,6841079.799617498,1028049.18,-306237.59
6930.0,-496112.0980398322,17047.230000000003,5850.0,157847.4412386881,-653959.5392785203,9035254093.613691,-2108126972.7528188,811806.9805172085,47618.44,-30571.21
6935.0,-136190.08606529923,-7662.82,1794.0,3209.786238794918,-139399.87230409414,1267583515.672076,-381915306.40595627,142609.65854288905,972.9300000000001,-8635.75
6940.0,-888994.0692737666,-11479.449999999999,6784.0,51842.96791436037,-940837.0371881269,9421975223.54384,-2466150791.525471,992680.0051024874,15825.26,-27304.71
6945.0,-156864.67033138048,-5107.46,1431.0,11185.065631562959,-168049.73596294344,988001715.5352969,-485403432.1486741,179234.8015945064,3382.94,-8490.4
6950.0,-4007519.0841046846,1587225.36,82497.0,7267610.386324647,-11275129.470429331,36596504396.59372,-52721062121.50987,18542739.85675398,2351526.81,-764301.4500000001
6955.0,-158586.05624940753,-3955.390000000002,1123.0,13844.96967544053,-172431.02592484804,886800178.5978559,-500496259.66688305,186275.9956002886,4353.35,-8308.740000000002
6960.0,-424756.2816943971,49648.5,6007.0,355205.91521829367,-779962.1969126908,3424639900.716196,-3117979175.533583,1135168.1121309844,100261.48000000001,-50612.98
6965.0,-220455.674988139,-8315.86,3771.0,12980.326984209054,-233436.00197234808,765011115.2852798,-664019970.0333351,246416.32895655715,3900.04,-12215.9
6970.0,-655868.3456891808,-10720.960000000003,3907.0,79741.82155398985,-735610.1672431707,4468216491.400783,-2091248866.1240103,815351.9887971606,22596.45,-33317.41
6975.0,-3076264.8214215855,346266.14,34166.0,2341448.074114987,-5417712.895536573,15757354593.07501,-21307531551.56895,7759160.969651559,732469.7,-386203.56
6980.0,-1002973.7512819574,-28508.199999999997,6044.0,71535.14849544934,-1074508.8997774066,6908870188.065069,-2877987683.2043867,1146044.048272856,19745.010000000002,-48253.21
6985.0,-341812.95308480406,-16230.41,1686.0,5940.079945857694,-347753.0330306617,998252017.7291794,-929126144.0459218,353693.1129765194,1686.3200000000002,-17916.730000000003
6990.0,-857527.6958732122,7827.049999999997,7304.0,226548.13445866873,-1084075.8303318808,8004553572.3334675,-3264096167.754372,1310623.9647905496,60205.56,-52378.51
6995.0,-273153.4772722832,-12933.140000000001,1649.0,8416.6207613155,-281570.09803359874,1270193743.6298058,-741419270.3579634,289986.71879491425,2431.88,-15365.02
7000.0,-12586948.348909454,31947296.46,1228899.0,158918322.60372442,-171505270.95263386,358302152675.52264,-885464345378.919,330423593.5563583,45295797.2,-13348500.739999998
7005.0,-111438.0326285683,12055.92,1921.0,87728.00121840145,-199166.03384696975,1125641654.3167567,-733086787.540748,286894.0350653712,23490.04,-11434.119999999999
7010.0,-392275.7257269901,18557.37,3780.0,184469.6744273191,-576745.4001543092,5187550563.646242,-1834278672.7023838,761215.0745816283,48237.490000000005,-29680.12
7015.0,-432862.21958412934,-19446.840000000004,2021.0,26804.943032577852,-459667.1626167072,1555529822.728599,-1217503802.685131,486472.1056492851,7023.599999999999,-26470.440000000002
7020.0,-899367.1399818265,-40546.399999999994,4799.0,75685.46939046268,-975052.6093722892,5029208761.257031,-2572256125.557238,1050738.0787627518,19442.61,-59989.009999999995
7025.0,-2599214.81168472,112268.60999999999,27975.0,1425989.271560139,-4025204.0832448592,13306030075.773693,-13708830725.274002,5451193.354804998,393655.65,-281387.04000000004
7030.0,-671301.1823196202,27251.92,5218.0,316406.723315671,-987707.9056352912,5070372590.972696,-3134191082.100875,1304114.6289509623,78015.31999999999,-50763.4
7035.0,-1180764.986935994,-60463.89,4022.0,20697.788808034566,-1201462.7757440286,2244448172.5597124,-2988387556.183884,1222160.5645520631,5240.41,-65704.29999999999
7040.0,-1126825.2892446045,-21963.94,6996.0,100746.35625563022,-1227571.6455002348,14733364029.367949,-2825004090.79931,1328318.001755865,24429.19,-46393.13
7045.0,-396762.8146077333,-21807.85,1818.0,20808.601214064653,-417571.41582179785,909794243.5259478,-1058299044.1751847,438380.01703586255,5158.94,-26966.79
7050.0,-7019269.77283728,378798.12,59913.0,4268820.846789125,-11288090.619626407,38213924082.18618,-37589584967.28538,15556911.466415532,1154988.34,-776190.22
7055.0,-154458.97437400237,12532.940000000002,6488.0,136848.00037463018,-291306.9747486326,1048069621.9541492,-1017397942.569134,428154.97512326273,32212.0,-19679.059999999998
7060.0,-756953.4373917443,-12244.29,6216.0,71804.91778055578,-828758.3551723002,6226348807.621488,-1939532876.7361004,900563.272952856,18422.01,-30666.3
7065.0,-244511.55785956114,-4454.680000000001,1536.0,12650.397382873358,-257161.95524243452,3775519086.3534937,-518780897.19927466,269812.35262530786,3186.08,-7640.760000000001
7070.0,-662946.8051290227,5603.649999999999,5672.0,149615.22282751463,-812562.0279565373,17409989271.784534,-1882059447.8543632,962177.250784052,34490.33,-28886.680000000004
7075.0,-3553836.839378421,142949.84,30857.0,1758434.0285959207,-5312270.867974342,31579207855.40319,-15994746385.669748,7070704.8965702625,482293.87,-339344.03
7080.0,-926069.6013694203,280.879999999996,5540.0,106608.79948106979,-1032678.4008504901,15572879562.961878,-2127732282.194597,1139287.2003315599,30745.11,-30464.230000000003
7085.0,-342652.7752964981,1827.7100000000003,2783.0,30822.830247669368,-373475.6055441674,10265124534.121458,-622661982.6634699,404298.4357918368,8640.59,-6812.88
7090.0,-952664.4818730673,-26999.22,4937.0,42555.873834077895,-995220.3557071452,12240239191.66147,-2023043543.582971,1037776.2295412231,11183.650000000001,-38182.87
7095.0,-214306.74827276068,-2731.46,1429.0,33085.958419681665,-247392.70669244233,2529022642.79238,-561014358.9577711,280478.665112124,8907.04,-11638.5
7100.0,-11680567.86013628,805743.1600000001,112469.0,9504566.50583841,-21185134.36597469,50875269639.91689,-67842032398.67219,30689700.8718131,2288595.1300000004,-1482851.97
7105.0,-778056.352556867,-16749.519999999997,4301.0,37732.30507358191,-815788.6576304489,15871920417.480865,-1417823264.0780876,853520.9627040308,9801.060000000001,-26550.579999999998
7110.0,-924920.7076040473,-23617.659999999996,4324.0,92851.57101368446,-1017772.2786177318,8903228770.846436,-2158539888.1348295,1110623.8496314161,20433.079999999998,-44050.74
7115.0,-255373.67529902185,-5977.719999999999,2006.0,25342.27069072382,-280715.94598974567,2891742768.301421,-577875364.3563666,306058.2166804695,5390.63,-11368.35
7120.0,-1321035.5256945034,13095.619999999997,9782.0,331008.79375910194,-1652044.3194536052,23034622683.58674,-3546836491.410654,1983053.1132127072,71377.6,-58281.98
7125.0,-6184846.36174994,-5279.189999999944,46213.0,2708340.4701221953,-8893186.831872135,28982994239.030773,-24234084864.27902,11601527.301994331,657808.22,-663087.41
7130.0,-673596.7338588682,6067.489999999999,3535.0,163576.50577277437,-837173.2396316426,8957533224.498861,-1805549907.4377651,1000749.745404417,33154.92,-27087.43
7135.0,-331655.5657009993,-5669.429999999999,2183.0,41873.98830246709,-373529.5540034663,4052651188.1521897,-745537126.318561,415403.5423059335,9195.66,-14865.09
7140.0,-1368749.632376839,-39828.02,5926.0,93440.78450950253,-1462190.4168863415,12074326758.221262,-2827821557.533343,1555631.2013958439,20277.82,-60105.84
7145.0,-381803.5455011147,-8514.929999999998,1805.0,26386.543492586745,-408190.0889937014,5265866558.731885,-731621797.9360563,434576.63248628814,6506.570000000001,-15021.499999999998
7150.0,-8620840.288432186,595839.97,78185.0,6961105.740146651,-15581946.028578838,42031795530.25691,-44685751441.67792,22543051.76872549,1639154.01,-1043314.04
7155.0,-336563.2978940211,-6909.29,6477.0,31298.59701268684,-367861.8949067079,4698199694.018103,-658473543.8269337,399160.49191939476,7016.77,-13926.06
7160.0,-923993.8519612235,-14195.73,4152.0,98353.47501170382,-1022347.3269729273,11603099519.871367,-1883289199.8640683,1120700.8019846312,22956.51,-37152.24
7165.0,-341595.5150046428,-4354.18,1774.0,54390.17934148485,-395985.6943461276,4458047867.192201,-743856587.5559754,450375.8736876125,12092.33,-16446.510000000002
7170.0,-1478465.9327025227,-18218.700000000004,5970.0,118151.13932055197,-1596617.0720230746,12040918042.182493,-2862688117.5053334,1714768.2113436267,24172.09,-42390.79
7175.0,-5615431.153928938,16189.929999999998,37050.0,2681822.98793877,-8297254.141867709,27737537083.54827,-20311889080.696274,10979077.12980648,588976.3200000001,-572786.39
7180.0,-1490378.3286075164,-24071.72,5560.0,128965.66023404058,-1619343.988841557,15930763711.76517,-2759401898.447157,1748309.6490755975,25371.63,-49443.35
7185.0,-518955.480218992,206.37999999999943,2530.0,59930.36511893539,-578885.8453379273,13358775084.84203,-832252399.5106502,638816.2104568628,12172.25,-11965.87
7190.0,-1339555.5521002023,-24825.329999999998,4651.0,149757.2795755462,-1489312.8316757483,11937184483.937181,-2604186121.671045,1639070.1112512946,26687.600000000002,-51512.93
7195.0,-501513.98993336404,-8655.680000000002,2418.0,49899.46105212355,-551413.4509854876,6896684561.8507595,-897897274.1787075,601312.9120376111,9535.289999999999,-18190.97
7200.0,-18315403.641796317,1476787.1000000003,174735.0,19076640.56542182,-37392044.20721814,74234642293.87744,-99744071499.46074,56468684.77263995,4149480.89,-2672693.79
7205.0,-530155.597736963,-7762.3099999999995,2474.0,87457.790456136,-617613.388193099,7058394744.330736,-1038768614.6037229,705071.1786492349,17203.44,-24965.75
7210.0,-1475134.2502993306,59150.41,7699.0,780739.1892758829,-2255873.4395752135,14836091669.262972,-4724099687.572047,3036612.6288510966,131746.55,-72596.14
7215.0,-649900.4107017791,-2079.5599999999995,4191.0,76566.2738416233,-726466.6845434024,13714136566.977741,-1008881183.6045943,803032.9583850256,12486.36,-14565.92
7220.0,-1939104.7071171913,3593.02,6820.0,305167.5096073211,-2244272.2167245126,37948751435.32701,-3210659610.0024366,2549439.7263318338,51244.23,-47651.21
7225.0,-6278700.649734586,159492.05000000005,30665.0,2692155.9694806966,-8970856.619215282,39630509960.60533,-18132920367.19195,11663012.588695979,580386.74,-420894.69
7230.0,-3038056.1848414927,-34259.08,8238.0,317104.5899623198,-3355160.7748038126,38616410654.34629,-4778704406.691024,3672265.3647661326,50150.479999999996,-84409.56
7235.0,-918217.9647204675,-7083.219999999999,2632.0,80451.9979719942,-998669.9626924616,13647238368.424477,-1333350773.4166057,1079121.9606644558,12662.44,-19745.66
7240.0,-3985318.610605108,-19334.830000000005,10382.0,362951.1929479555,-4348269.803553063,55885649855.392006,-5722165130.656313,4711220.996501019,60882.1,-80216.93000000001
7245.0,-1546964.7940187675,-12274.77,3860.0,80698.12300676756,-1627662.917025535,22692300233.297035,-2014874019.5408578,1708361.0400323025,11840.42,-24115.19
7250.0,-12823642.870606886,458653.93000000005,63507.0,6063600.379292871,-18887243.249899756,108241105695.60065,-35163573724.441925,24950843.629192628,1253201.55,-794547.62
7255.0,-1141973.5578763697,11264.749999999998,3368.0,160631.06259281858,-1302604.620469188,20622251490.143906,-1650534791.1186693,1463235.6830620067,30788.19,-19523.440000000002
7260.0,-3123176.6004729564,-41938.98000000001,7972.0,300274.77833334834,-3423451.3788063047,29887811645.190918,-4546096737.06085,3723726.1571396533,41296.219999999994,-83235.2
7265.0,-1653336.3134319377,6557.7800000000025,4777.0,242970.8759859685,-1896307.189417906,39308917734.93977,-2080916709.1283991,2139278.0654038745,31795.58,-25237.8
7270.0,-4265089.604133428,4231.07,9874.0,593587.4542589206,-4858677.05839235,64725284519.861046,-5668333868.2473955,5452264.512651269,85222.28,-80991.20999999999
7275.0,-9645154.489021806,-68650.83,31855.0,2514891.872953978,-12160046.361975785,88180573396.17729,-17831754052.193436,14674938.234929763,423110.39999999997,-491761.23
7280.0,-3005430.45746432,58836.409999999996,8285.0,868205.7175342883,-3873636.1749986084,46507144540.6285,-5062439808.240005,4741841.892532896,136786.18,-77949.77
7285.0,-1671208.1930463086,-6970.540000000001,3557.0,162492.70467012448,-1833700.897716433,26579079110.678436,-1960909100.6875126,1996193.6023865575,20756.7,-27727.24
7290.0,-13177491.921528997,-344637.1,26826.0,603568.3758760111,-13781060.297405006,70264412778.24477,-15909233986.336126,14384628.673281018,75403.45999999999,-420040.56
7295.0,-1837105.98995485,-3875.100000000001,7568.0,243648.38080190722,-2080754.370756757,40054888181.87005,-1988260242.6142542,2324402.7515586643,28063.94,-31939.04
7300.0,-22101328.73671314,493089.82000000007,117610.0,14144907.778022187,-36246236.514735326,129203752074.30362,-59818242557.60728,50391144.29275751,2445912.02,-1952822.2
7305.0,-2927362.3295691772,-32798.159999999996,4033.0,220399.18426392117,-3147761.5138330986,17293669656.407486,-3394127885.3918266,3368160.6980970195,24586.03,-57384.189999999995
7310.0,-1442747.8152425084,142113.26999999996,7435.0,1801919.254447259,-3244667.069689768,22478899845.92066,-5192006113.627664,5046586.324137026,214246.74999999997,-72133.48
7315.0,-1220548.644748022,30822.1,3696.0,652151.7434808984,-1872700.3882289205,20719615407.93287,-2240737491.8296437,2524852.131709819,61103.12,-30281.02
7320.0,-2690272.9307577247,61319.98,8644.0,1533886.9420570352,-4224159.87281476,30650498704.73334,-5369798324.144998,5758046.814871795,149057.16,-87737.18
7325.0,-5246681.7906302735,493971.49999999994,33957.0,5965188.304496744,-11211870.095127016,73375410324.97346,-17338240602.261406,17177058.39962376,972231.09,-478259.59
7330.0,-2984680.5678989026,-5805.4599999999955,5896.0,898356.4944985929,-3883037.0623974954,28150814635.572388,-4059705091.553361,4781393.556896089,73689.68000000001,-79495.14
7335.0,-2275000.3734537433,-1208.4200000000005,3958.0,534581.443723925,-2809581.817177668,29038858948.237682,-2538899407.1338167,3344163.260901593,44308.17,-45516.59
7340.0,-6126787.245187499,-46428.369999999995,8853.0,1068842.348304125,-7195629.593491623,63511926498.083275,-6176268798.545357,8264471.941795749,88410.79000000001,-134839.16
7345.0,-3672875.4517796775,-5476.330000000001,5615.0,864572.9959006929,-4537448.44768037,48469130409.656296,-3740045933.168497,5402021.443581062,64572.31,-70048.64
7350.0,-13988074.095646117,691167.4500000001,74039.0,15749390.660764337,-29737464.756410453,174653299758.60593,-37926726777.31742,45486855.41717479,1874918.04,-1183750.59
7355.0,-1804971.2103725236,64494.65,4712.0,1374521.6693296756,-3179492.8797021993,39369982667.5482,-2979472488.2403374,4554014.549031875,109933.93,-45439.28
7360.0,-1569476.5757276872,151747.17,13175.0,4163067.7693867977,-5732544.345114484,66967036467.63742,-6231842616.846766,9895612.114501283,280615.83,-128868.66
7365.0,-3053173.34619455,24233.239999999994,4320.0,1030199.7677756818,-4083373.1139702317,40938994038.414894,-2839563104.9389668,5113572.881745913,77081.68,-52848.44
7370.0,-2166688.4144998356,115065.33,9662.0,4556004.875929616,-6722693.2904294515,74564973937.98079,-6495807531.720969,11278698.166359069,236646.4,-121581.06999999999
7375.0,-6552983.319792134,78127.34999999999,24444.0,6974585.070920332,-13527568.390712466,92555285575.7089,-13086581162.824585,20502153.4616328,534040.33,-455912.98
7380.0,-4481810.141649165,-1069.2299999999968,9983.0,3302657.744588129,-7784467.886237294,58325319189.11497,-6116068241.861161,11087125.630825423,163212.66999999998,-164281.9
7385.0,-2932489.2918014713,20717.850000000002,4651.0,1987124.9721233419,-4919614.263924813,57627683596.11185,-3116362120.926551,6906739.236048155,84402.48,-63684.63
7390.0,-4965509.347636873,54923.47,10465.0,5397374.688108499,-10362884.035745373,97121656796.6816,-7016502450.658524,15760258.723853873,223167.98,-168244.51
7395.0,-400402.66425938194,71014.99,4256.0,2308967.7210637373,-2709370.385323119,33257700018.23733,-2133333659.3844078,5018338.106386856,122100.01,-51085.02
7400.0,-16860086.79446312,2012412.41,131575.0,29430410.580506288,-46290497.37496941,172222320993.15186,-45181831416.07616,75720907.9554757,4251034.2700000005,-2238621.86
7405.0,-1179448.3822354018,79793.58,4596.0,2335211.665241628,-3514660.0474770297,20103487822.659763,-2418499779.0500107,5849871.712718658,152181.21,-72387.62999999999
7410.0,-567188.1050839802,256629.43000000002,10794.0,4392088.275874427,-4959276.380958407,31803455843.79136,-3668466274.067016,9351364.656832835,400748.91000000003,-144119.48
7415.0,4079054.9059126554,217059.28,5144.0,6015647.791697361,-1936592.8857847047,26789177228.239296,-2545558010.8088226,7952240.677482065,258529.12999999998,-41469.85
7420.0,1469293.8603333056,443723.77,10351.0,5395438.519291466,-3926144.6589581603,24098062153.418606,-3180019783.302558,9321583.178249627,538422.5700000001,-94698.8
7425.0,-10998851.51297857,236521.85000000003,33481.0,15041278.708029771,-26040130.22100834,91225182768.53825,-13992374802.634892,41081408.929038115,924975.62,-688453.77
7430.0,2261013.2523759413,495226.5,19650.0,12334497.466131208,-10073484.213755267,121945769333.00267,-5616402505.867383,22407981.679886475,778848.49,-283621.99
7435.0,3038114.559821237,149750.24,5697.0,6848946.176730195,-3810831.616908959,83255434642.34927,-2127016653.27792,10659777.793639155,229115.38,-79365.14
7440.0,-3068869.5218394757,62274.61999999999,8555.0,6162657.015968848,-9231526.537808323,246117056894.14542,-3127044484.812292,15394183.553777171,245784.69999999998,-183510.08
7445.0,-225950.29314147925,74497.02,3978.0,5948411.337482422,-6174361.630623901,480070416204.9765,-1891411015.499922,12122772.968106324,140788.04,-66291.02
7450.0,44745450.39722426,1553973.77,91173.0,155345245.5183073,-110599795.12108302,9502757820259.855,-40078961942.892525,265945040.63939032,3177676.36,-1623702.59
7455.0,27064908.950682096,184351.43,6436.0,37798310.792036794,-10733401.841354704,1174643756596.9587,-3764626809.9773,48531712.6333915,264752.22,-80400.79000000001
7460.0,-15483188.85628486,223680.07,13174.0,84319103.83545741,-99802292.69174227,2137160197372.1062,-6193886554.699149,184121396.5271997,453101.94,-229421.87
7465.0,48253276.09871083,197330.75,6884.0,63414405.70209322,-15161129.603382388,-605942151712.2809,1056514522.9758841,78575535.30547561,274884.22,-77553.47
7470.0,131927711.79881741,480022.79,14530.0,146629524.56150708,-14701812.762689669,-4526763044059.118,10499946609.516535,161331337.32419676,601066.11,-121043.31999999999
7475.0,29517311.585027408,100481.21000000002,52045.0,79229256.96573167,-49711945.38070426,-3698380053998.0503,6530863176.440393,128941202.34643593,1349707.8399999999,-1249226.63
7480.0,11612283.677590491,185783.68,10535.0,18347705.561638534,-6735421.884048044,-1005311103913.428,3039770463.0314264,25083127.44568658,330210.33,-144426.65
7485.0,5156848.74109986,91198.41,4534.0,7294202.070624663,-2137353.3295248025,-107543995279.29391,1246203382.5409935,9431555.400149465,138367.57,-47169.159999999996
7490.0,6913254.768065885,7771.220000000016,13623.0,12307348.099810908,-5394093.331745023,-124124265909.95822,2338727470.421643,17701441.43155593,325303.35,-317532.13
7495.0,7259198.984294942,200006.64,10508.0,8413423.395018404,-1154224.4107234625,-30598543587.294357,1844664009.4429138,9567647.805741867,262505.38,-62498.74
7500.0,25145271.48317401,873235.3400000001,183246.0,79113352.11877817,-53968080.635604165,-262155144670.59158,8496819523.840654,133081432.75438234,4953762.59,-4080527.25
7505.0,6002243.737208623,58061.19,2482.0,6639948.04277188,-637704.3055632563,-33371716988.02611,1942436865.8464339,7277652.348335136,75297.83,-17236.64
7510.0,9485417.0486715,85351.24,7262.0,13046184.269477606,-3560767.2208061055,-72075228280.99818,4868279783.961171,16606951.490283713,197307.6,-111956.36
7515.0,6974200.1762783835,62571.33999999999,3181.0,7745721.105868889,-771520.9295905047,-39215300297.811165,3144020125.115472,8517242.035459394,86893.84,-24322.5
7520.0,15426674.695302978,159162.45,11676.0,19319612.027283076,-3892937.331980097,-87173374641.49301,8646702571.135485,23212549.359263174,315238.71,-156076.26
7525.0,19106152.49216741,255648.26,27433.0,28445126.5947301,-9338974.102562694,-110045054597.6847,13603205829.47479,37784100.6972928,748303.65,-492655.39
7530.0,10370814.08448169,27989.660000000007,9999.0,13417426.785925701,-3046612.7014440116,-80579201732.32806,7000063120.888461,16464039.487369714,208691.96000000002,-180702.3
7535.0,4849867.0188684445,15352.36,3169.0,5963330.856448363,-1113463.837579918,-51722191007.565735,3635909683.4130793,7076794.694028281,56651.02,-41298.66
7540.0,15297078.888067417,43914.470000000016,12146.0,18059042.293883976,-2761963.4058165583,-153852697879.80225,10907821896.32411,20821005.699700534,209864.02,-165949.55000000002
7545.0,12345888.832756333,115690.26,6790.0,12593208.249729874,-247319.41697353963,-106020184626.45241,7723278827.202532,12840527.666703412,126692.03,-11001.77
7550.0,36570641.52377475,434123.79000000004,67282.0,53907096.42034217,-17336454.89656742,-247499331308.40985,38104122054.63484,71243551.31690958,1717732.54,-1283608.75
7555.0,2203784.736888897,-146967.02,6120.0,5257062.154081433,-3053277.417192536,-63649944607.940254,5619622620.0314455,8310339.571273969,47929.81,-194896.83
7560.0,9489933.459148284,49472.39000000001,7977.0,10943805.597001655,-1453872.1378533717,-79016478551.83694,9191185346.76874,12397677.734855028,123988.31,-74515.92
7565.0,4867565.652228413,44073.770000000004,4564.0,5365371.893777453,-497806.2415490398,-43135148668.82711,4458779849.333561,5863178.135326493,73802.26000000001,-29728.49
7570.0,6579476.243100106,34887.22,6379.0,7644152.288811404,-1064676.0457112975,-52199071548.42241,7092522874.033155,8708828.334522702,99810.53,-64923.31
7575.0,14169719.407937974,133852.94999999998,27125.0,20396366.493205715,-6226647.08526774,-91716774375.92833,19305514385.258877,26623013.578473456,628769.97,-494917.02
7580.0,8546713.489033727,46156.34,9059.0,9756982.589427646,-1210269.1003939186,-63566996504.25877,10130267604.252176,10967251.689821566,124619.48,-78463.14
7585.0,2391494.975976179,21664.01,2607.0,2485911.497160252,-94416.52118407344,-20903065184.50391,2483746516.4699726,2580328.0183443255,28118.649999999998,-6454.64
7590.0,5715407.833069317,26790.42,6749.0,6535243.482915641,-819835.6498463232,-34155997613.756783,7378860132.916448,7355079.132761964,91235.89,-64445.47
7595.0,1525308.7052005886,7897.529999999999,2152.0,1596509.8630864727,-71201.15788588424,-16399031700.943127,1781477852.9613805,1667711.0209723571,12645.599999999999,-4748.07
7600.0,27212088.364469234,750129.9799999997,106576.0,45133363.514658794,-17921275.15018956,-142529720417.7418,47542303880.84728,63054638.66484836,2711200.11,-1961070.1300000001
7605.0,2069514.950811182,12693.339999999998,3168.0,2160826.2478253604,-91311.29701417848,-19638745695.40575,2599322571.6371045,2252137.5448395386,19415.23,-6721.89
7610.0,4831788.191653051,40737.68,7631.0,5403539.681025708,-571751.4893726562,-30598395489.58604,6893558641.088034,5975291.170398364,93872.34999999999,-53134.67
7615.0,1688984.8312509716,5866.0,3829.0,1811778.808357823,-122793.9771068514,-20644334473.644993,2396139908.016899,1934572.7854646742,14701.8,-8835.800000000001
7620.0,4214836.760272963,37902.23,6017.0,4394818.124549508,-179981.3642765454,-24547630650.544643,6203396384.234483,4574799.488826053,53309.96,-15407.73
7625.0,9594442.164493738,119772.16999999998,22517.0,11603568.55698781,-2009126.3924940724,-42604444879.06521,14692156470.210218,13612694.949481882,401131.38,-281359.21
7630.0,4252678.21722806,48204.740000000005,7592.0,4553423.35025399,-300745.13302593044,-25835057720.15515,6583729909.839149,4854168.48327992,75295.34,-27090.6
7635.0,389232.3884907499,4267.9,1406.0,405700.5806839634,-16468.192193213465,-5473723100.059025,507011725.6208779,422168.7728771768,5776.54,-1508.6399999999999
7640.0,3669703.9442935265,36800.27,6712.0,3904229.546811744,-234525.60251821764,-21191436356.38795,6050933934.190526,4138755.1493299617,59327.72,-22527.449999999997
7645.0,198133.6232320899,-8303.500000000002,1828.0,369596.1890301219,-171462.56579803198,-5840984316.667839,684349099.9756947,541058.7548281539,4954.54,-13258.040000000003
7650.0,12132687.38376535,284783.16,41525.0,16557380.175368892,-4424692.791603543,-53473139449.79212,24042173705.701225,20982072.966972433,863341.75,-578558.5900000001
7655.0,501150.01218320744,3637.870000000001,2923.0,532848.484481106,-31698.4722978986,-8371460956.751811,748132434.7465868,564546.9567790045,6672.17,-3034.2999999999997
7660.0,2896806.6814741106,39851.53,5806.0,3136044.3628438385,-239237.68136972812,-13925164367.333889,5305404723.646281,3375282.0442135665,64334.45,-24482.92
7665.0,408439.7185602558,3179.87,2585.0,433461.7202900885,-25022.00172983271,-6217567730.568391,644806615.0059873,458483.7220199212,5399.12,-2219.25
7670.0,1671724.5323535523,23127.74,3734.0,1755763.891006288,-84039.3586527356,-8629274806.416758,3060451439.2639227,1839803.2496590235,33803.54,-10675.8
7675.0,8980969.891475268,369787.76999999996,24145.0,10562731.72919004,-1581761.8377147722,-24087388313.953808,16105151501.959589,12144493.566904813,585547.71,-215759.94000000003
7680.0,1323317.0491653853,12405.810000000001,4141.0,1446575.2863480642,-123258.23718267876,-9068561984.511272,2742326292.6123915,1569833.5235307429,26062.800000000003,-13656.99
7685.0,138266.89045278353,2597.2799999999997,465.0,157646.29923727558,-19379.408784492036,-748125867.4542998,261876783.360039,177025.7080217676,4616.22,-2018.94
7690.0,1803568.172033235,39118.399999999994,5111.0,1924315.7762045574,-120747.6041713224,-10646591589.704704,3412104143.886993,2045063.3803758798,51641.25,-12522.85
7695.0,153355.30321640923,1836.8000000000002,798.0,167088.38094723088,-13733.077730821653,-1486039902.05107,285960823.8155731,180821.45867805253,3181.56,-1344.7600000000002
7700.0,20418240.33441736,1163793.55,75457.0,25884711.87380726,-5466471.539389897,-59793047180.012505,41241824549.05792,31351183.413197156,1930117.81,-766324.2599999999
7705.0,80537.98084835554,1190.01,145.0,97112.98674044275,-16575.005892087203,-163125211.5674439,190479751.5496466,113687.99263252995,2900.31,-1710.3
7710.0,892697.2196753466,34831.86,2257.0,918579.6513096036,-25882.43163425701,-3184547983.1058598,1595913924.4041915,944462.0829438607,37869.69,-3037.83
7715.0,828401.7650794757,37498.700000000004,1317.0,855943.9487531618,-27542.18367368608,-835464884.3910947,1429379373.2804735,883486.1324268478,40407.78,-2909.08
7720.0,879560.1472467375,21625.05,2363.0,944772.5141956811,-65212.366948943556,-3275393586.9923334,1799074155.8974624,1009984.8811446247,30239.38,-8614.33
7725.0,4252559.545408068,201163.19,15048.0,5017999.575399022,-765440.0299909533,-13551843723.762627,9153233159.633453,5783439.605389975,321016.08,-119852.89
7730.0,2083370.7137693989,218265.56999999998,6901.0,2228099.583871686,-144728.870102287,-4120985408.24783,3025221571.1132665,2372828.4539739727,236440.00999999998,-18174.440000000002
7735.0,37670.9487676147,-499.54000000000013,123.0,61408.70456350192,-23737.755795887217,-110464787.988076,160916508.3114624,85146.46035938914,2198.46,-2698.0000000000005
7740.0,1025780.5709913952,36200.45,2643.0,1081242.7140499044,-55462.14305850931,-3100506442.629345,2100489472.9915028,1136704.8571084137,43459.549999999996,-7259.1
7745.0,72581.7613487652,1077.9300000000003,139.0,85078.36109835302,-12496.599749587822,-151715047.73981166,195243420.88179395,97574.96084794085,2525.0200000000004,-1447.09
7750.0,8382417.966966689,490305.8900000001,29883.0,9879744.064492233,-1497326.097525544,-21221499404.638638,18722747758.876396,11377070.162017776,722386.22,-232080.33000000002
7755.0,39673.202992959195,-681.0200000000001,106.0,56383.41650349093,-16710.213510531736,-120082251.81386106,154019392.99102452,73093.63001402267,1344.97,-2025.9900000000002
7760.0,310637.1894240519,6675.990000000001,855.0,359860.3942534866,-49223.20482943473,-945950911.4762135,832086992.5721878,409083.59908292134,13154.65,-6478.66
7765.0,29086.160820684683,239.04999999999973,61.0,35142.471132361556,-6056.310311676872,-67399656.69031012,90351093.45814079,41198.781444038425,970.8399999999999,-731.7900000000001
7770.0,482303.2016749833,16542.629999999997,1343.0,502229.97881633847,-19926.777141355138,-1537619401.9178572,1114834226.959946,522156.75595769356,19308.18,-2765.55
7775.0,2890579.342827476,119997.16,11252.0,3446998.940123619,-556419.5972961431,-9299806157.890932,7640382470.269314,4003418.5374197625,207618.19,-87621.03
7780.0,228868.13494063957,9048.42,815.0,248351.451358285,-19483.316417645416,-742003671.5050565,569153295.8384113,267834.7677759304,11697.64,-2649.22
7785.0,31777.236056837846,149.81000000000017,75.0,39058.57525746303,-7281.339200625182,-79149587.86809734,108153124.55272998,46339.91445808821,1097.3700000000001,-947.56
7790.0,194638.7857739943,7729.03,606.0,208874.85028105477,-14236.064507060455,-606185830.9497075,475033537.25126594,223110.91478811522,9751.5,-2022.47
7795.0,91268.64853929849,1888.6400000000003,155.0,93207.13585827118,-1938.487318972694,-190480957.9518135,236079500.47981447,95145.62317724388,2149.7900000000004,-261.15000000000003
7800.0,20136806.5093344,1174108.7600000002,83280.0,26052914.18070346,-5916107.671369061,-40907400588.080986,61380717613.73135,31969021.852072522,2076337.58,-902228.8199999998
7805.0,17719.905005069264,458.72,38.0,20262.71223086224,-2542.807225792974,-26379014.34153754,54540562.686693534,22805.519456655213,816.0,-357.28
7810.0,330516.5376478269,9798.099999999999,1593.0,337982.4117644031,-7465.874116576235,-1399642357.373345,870406246.2420657,345448.2858809794,10968.88,-1170.78
7815.0,19900.52825058611,-9.689999999999714,59.0,27366.196070625974,-7465.6678200398665,-40756999.0693262,88278433.13464457,34831.863890665845,1109.79,-1119.4799999999998
7820.0,533004.7318177033,30613.690000000002,1269.0,544835.9960504901,-11831.26423278665,-760756147.6924064,1235243654.7966843,556667.2602832767,32438.239999999998,-1824.5499999999997
7825.0,3340954.744696923,253831.48,11961.0,3585788.0005080183,-244833.25581109565,-5764210681.6987,7774316302.294856,3830621.256319114,295861.30000000005,-42029.82
7830.0,139401.84336433734,5845.030000000001,687.0,148453.58334954837,-9051.739985211036,-721947636.5115235,365230593.3248869,157505.32333475942,7241.49,-1396.46
7835.0,5116.647953410949,12.599999999999966,15.0,6788.222264087289,-1671.5743106763389,-9916573.528893761,22057592.329792004,8459.796574763628,258.59999999999997,-246.0
7840.0,288156.7148141035,14017.440000000002,709.0,295405.5196602281,-7248.804846124603,-458115351.51915544,753440709.8803881,302654.3245063527,15150.350000000002,-1132.9099999999999
7845.0,-3322.4406212378467,-500.04,6.0,0.0,-3322.4406212378467,-3044199.9471622263,9328776.502420207,3322.4406212378467,0.0,-500.04
7850.0,6562515.79793826,296705.52999999997,30345.0,8975415.512575237,-2412899.7146369764,-13358426789.351442,25344265093.8411,11388315.227212213,700381.8600000001,-403676.32999999996
7855.0,1632.1669056841622,59.940000000000005,3.0,1632.1669056841622,0.0,-2114594.5824327455,4499119.926757998,1632.1669056841622,59.940000000000005,0.0
7860.0,159698.5033453695,6565.13,470.0,170807.28398307532,-11108.780637705822,-357655285.3938704,472089525.1246655,181916.06462078114,8410.04,-1844.9099999999999
7865.0,8526.735804556107,307.68,16.0,8526.735804556107,0.0,-11284363.163053878,24229785.936074592,8526.735804556107,307.68,0.0
7870.0,74656.41804984315,1304.9,234.0,82812.13590372833,-8155.7178538851695,-214558280.30094185,265007894.5338768,90967.8537576135,2653.87,-1348.97
7875.0,2089141.089188989,132649.72,8767.0,2408688.38909119,-319547.299902201,-4009564929.463002,6358466134.528304,2728235.688993391,191348.8,-58699.08
7880.0,122071.30952554246,3001.33,377.0,135219.44376769214,-13148.134242149692,-292154613.8869149,431815260.6571126,148367.57800984185,5284.57,-2283.2400000000002
7885.0,26492.319212936098,931.51,52.0,26492.319212936098,0.0,-36337199.008835234,79587653.15542932,26492.319212936098,931.51,0.0
7890.0,78687.70143831545,3429.91,246.0,82884.70519756606,-4197.003759250605,-171881591.85986724,246393643.6873434,87081.70895681666,4171.469999999999,-741.5600000000001
7895.0,1494.3550112991925,51.150000000000006,3.0,1494.3550112991925,0.0,-2102224.5184154194,4624822.391948308,1494.3550112991925,51.150000000000006,0.0
7900.0,15877515.547113962,1133426.94,52307.0,17194174.921880804,-1316659.3747668439,-20552075015.732525,46503085781.633316,18510834.29664765,1370519.12,-237092.18
7905.0,8255.73907040796,285.96999999999997,17.0,8255.73907040796,0.0,-11642440.306534726,26109008.467126697,8255.73907040796,285.96999999999997,0.0
7910.0,154144.689962742,4427.3099999999995,437.0,159907.3110926907,-5762.621129948718,-326601605.2835557,529045770.92346174,165669.93222263944,5483.61,-1056.3
7915.0,2363.1874761884897,93.59,5.0,2363.1874761884897,0.0,-3050736.095307366,7471647.941943381,2363.1874761884897,93.59,0.0
7920.0,102313.3607292654,3950.5400000000004,289.0,104376.66540088519,-2063.3046716197937,-196994995.5859141,338378882.1989208,106439.97007250499,4331.9400000000005,-381.4
7925.0,2720563.892758123,171314.25,8491.0,2840867.308877305,-120303.41611918174,-3641819076.3172817,8269599275.039215,2961170.7249964867,194287.98,-22973.73
7930.0,148274.50639993112,4780.55,446.0,152508.34050434176,-4233.834104410634,-310868104.0085615,522565574.1060152,156742.1746087524,5566.2300000000005,-785.6800000000001
7935.0,9904.927429610567,324.95000000000005,22.0,9904.927429610567,0.0,-14826247.112555217,33844171.51838259,9904.927429610567,324.95000000000005,0.0
7940.0,106395.63660349941,5147.7699999999995,344.0,109713.40574996728,-3317.769146467861,-198862310.60875818,358522307.77829313,113031.17489643514,5769.53,-621.76
7945.0,9653.504664779593,318.58,22.0,9653.504664779593,0.0,-14503984.603949979,33687927.66459729,9653.504664779593,318.58,0.0
7950.0,6754300.340847216,443908.80999999994,22028.0,7278755.752314291,-524455.4114670755,-8380415770.542467,22656610270.537113,7803211.163781367,546065.13,-102156.32
7955.0,8083.151812221196,251.18,19.0,8083.151812221196,0.0,-12712711.904455435,29075279.28925024,8083.151812221196,251.18,0.0
7960.0,197640.9970601773,8786.9,540.0,201397.92087530074,-3756.9238151234335,-287144703.4715295,687395228.1082244,205154.84469042416,9524.09,-737.19
7965.0,7485.115420658662,242.34,18.0,7485.115420658662,0.0,-11563256.288216077,27315094.476388346,7485.115420658662,242.34,0.0
7970.0,86969.1729037168,3800.1100000000006,242.0,89066.03975433848,-2096.8668506216836,-126881596.13033704,312942999.062019,91162.90660496017,4216.110000000001,-416.0
7975.0,1637713.2473660144,95022.6,5739.0,1772690.7021439504,-134977.45477793584,-2368932442.693389,5902730743.699239,1907668.1569218861,122610.73,-27588.129999999997
7980.0,3061026.824413509,280658.7,8559.0,3063976.9195927945,-2950.0951792855963,-2152552501.645206,8667183087.071459,3066927.01477208,281250.55,-591.85
7985.0,77416.1449051928,6577.050000000001,223.0,79104.01496589303,-1687.8700607002177,-61098547.113221124,237090307.9657434,80791.88502659326,6916.770000000001,-339.72
7990.0,3325566.475652656,303355.43,9327.0,3326837.1453435575,-1270.6696909013338,-2335091742.2781854,9615974081.700794,3328107.815034459,303623.12,-267.69
7995.0,50795.10345324148,3763.9000000000005,146.0,52070.78172443829,-1275.6782711968137,-47489961.909631945,168176860.99836448,53346.4599956351,4033.0000000000005,-269.09999999999997
8000.0,23616474.289790012,-1717540.8699999996,226005.0,52034962.85487679,-28418488.56508678,-69269870977.0082,263616488988.4421,80453451.41996357,4330706.539999999,-6048247.409999999
8005.0,36103.161772751686,1724.24,146.0,45137.54515101246,-9034.38337826078,-43702227.55957103,176449148.77897376,54171.92852927324,3652.88,-1928.64
8010.0,4421754.258538977,365994.00000000006,13513.0,4431730.612493667,-9976.353954690414,-4154772521.9667974,13928932186.020485,4441706.966448357,368123.80000000005,-2129.8
8015.0,5666.772579927152,489.44,16.0,5666.772579927152,0.0,-4308467.217520303,17626840.489389744,5666.772579927152,489.44,0.0
8020.0,3686264.6710093645,326768.36,10540.0,3686666.3203833755,-401.6493740109992,-2695622270.8743725,11424857078.903461,3687067.9697573865,326854.12,-85.76
8025.0,2300968.627148086,226239.2,7623.0,2358587.67939729,-57619.05224920389,-1957740471.0291526,7240646627.141489,2416206.731646494,238697.27,-12458.07
8030.0,4295831.118528442,374357.86999999994,12221.0,4295831.118528442,0.0,-3147126897.577307,13653185147.340107,4295831.118528442,374357.86999999994,0.0
8035.0,21381.72669911067,1750.1299999999997,61.0,21381.72669911067,0.0,-17453614.291719764,70595043.67996415,21381.72669911067,1750.1299999999997,0.0
8040.0,15757252.233219162,1381539.81,45026.0,15757252.233219162,0.0,-11348902870.69075,50846213163.88207,15757252.233219162,1381539.81,0.0
8045.0,30838.406015621415,2308.5,90.0,30838.406015621415,0.0,-29284102.783168178,107496377.29029351,30838.406015621415,2308.5,0.0
8050.0,15827466.235289449,1263121.39,49405.0,15862541.296368081,-35075.061078631305,-14809005563.779375,54172054238.20384,15897616.357446712,1271066.2899999998,-7944.9
8055.0,39569.68518164523,3001.5099999999998,116.0,39569.68518164523,0.0,-36433734.8723369,139524072.05240712,39569.68518164523,3001.5099999999998,0.0
8060.0,5157710.604985415,441648.23000000004,14931.0,5157710.604985415,0.0,-3839549445.433206,17406443090.77984,5157710.604985415,441648.23000000004,0.0
8065.0,23805.205773072248,1771.3200000000002,71.0,23805.205773072248,0.0,-22682559.825293586,85974701.39658794,23805.205773072248,1771.3200000000002,0.0
8070.0,9953731.75248108,844520.0199999999,28942.0,9953731.75248108,0.0,-7465005676.265855,34291857778.532486,9953731.75248108,844520.0199999999,0.0
8075.0,800538.1462807762,54120.97,2648.0,810682.1391571375,-10143.992876361273,-893835034.1588978,3061675272.358812,820826.1320334988,56559.88,-2438.91
8080.0,4478735.9208210595,374310.05000000005,13198.0,4478735.9208210595,0.0,-3458855471.9576035,15783495406.75441,4478735.9208210595,374310.05000000005,0.0
8085.0,7120.033062389209,500.05999999999995,22.0,7120.033062389209,0.0,-7337562.682052016,27134126.731638182,7120.033062389209,500.05999999999995,0.0
8090.0,6089100.021478482,505054.47000000003,17945.0,6089100.021478482,0.0,-4694068916.1306305,21875283664.255665,6089100.021478482,505054.47000000003,0.0
8095.0,34291.7545011462,2489.3,106.0,34291.7545011462,0.0,-33585134.58310441,131167717.05548514,34291.7545011462,2489.3,0.0
8100.0,21813165.989761356,1718423.35,68558.0,21813165.989761356,0.0,-19797643596.962383,81183251144.37827,21813165.989761356,1718423.35,0.0
8105.0,12150.246759812613,995.0399999999998,36.0,12150.246759812613,0.0,-9447903.119603094,44913016.87570552,12150.246759812613,995.0399999999998,0.0
8110.0,5391888.50022863,438595.3,16031.0,5391888.50022863,0.0,-4226452079.570299,20144682406.707138,5391888.50022863,438595.3,0.0
8115.0,8704.431028380575,293.48,34.0,8704.431028380575,0.0,-15854024.286154874,41169058.19340067,8704.431028380575,293.48,0.0
8120.0,7950943.121590326,640750.1399999999,23796.0,7950943.121590326,0.0,-6295366160.412042,30265323074.0264,7950943.121590326,640750.1399999999,0.0
8125.0,2616082.457601123,164291.32,8162.0,2616082.457601123,0.0,-2794382057.293821,10865580045.298487,2616082.457601123,164291.32,0.0
8130.0,9449215.17580508,753651.5199999999,28469.0,9449215.17580508,0.0,-7564836312.434733,36666306029.47884,9449215.17580508,753651.5199999999,0.0
8135.0,11983.372647452268,602.6600000000001,45.0,11983.372647452268,0.0,-17654110.558437385,54168202.919001624,11983.372647452268,602.6600000000001,0.0
8140.0,6716153.62127561,530003.74,20377.0,6716153.62127561,0.0,-5438307896.7589445,26560928543.278595,6716153.62127561,530003.74,0.0
8145.0,15472.332563071057,376.3,71.0,15472.332563071057,0.0,-32353027.75061228,79458001.14908582,15472.332563071057,376.3,0.0
8150.0,15975793.342049476,1230831.03,49622.0,15975793.342049476,0.0,-13550386067.036371,64663137985.75377,15975793.342049476,1230831.03,0.0
8155.0,2095.2463692394717,50.4,10.0,2095.2463692394717,0.0,-4437827.963579643,10912183.97207215,2095.2463692394717,50.4,0.0
8160.0,14606435.160182392,1130476.3800000001,44998.0,14606435.160182392,0.0,-12090370135.125439,59868925249.52327,14606435.160182392,1130476.3800000001,0.0
8165.0,1003.6749157031068,23.900000000000002,5.0,1003.6749157031068,0.0,-2152834.369308271,5308472.338507853,1003.6749157031068,23.900000000000002,0.0
8170.0,7213985.406233258,553011.3099999999,22399.0,7213985.406233258,0.0,-6034747546.944164,30088410777.684452,7213985.406233258,553011.3099999999,0.0
8175.0,589100.9563867927,42066.36,2064.0,589100.9563867927,0.0,-610453058.8865234,2532529805.118154,589100.9563867927,42066.36,0.0
8180.0,18496955.19511943,1404068.67,57903.0,18496955.19511943,0.0,-15640843228.998558,78487345845.19865,18496955.19511943,1404068.67,0.0
8190.0,13543732.12822941,1017206.9000000001,42758.0,13543732.12822941,0.0,-11584235108.625074,58498298322.43239,13543732.12822941,1017206.9000000001,0.0
8200.0,20388829.894076385,1426400.4500000002,93522.0,20388829.894076385,0.0,-26198130727.733105,90831291308.24666,20388829.894076385,1426400.4500000002,0.0
8210.0,39718.821943826326,2698.43,140.0,39718.821943826326,0.0,-40964687.39133255,182456780.49284756,39718.821943826326,2698.43,0.0
8220.0,34729.00486869451,2528.1699999999996,113.0,34729.00486869451,0.0,-30842175.943006366,157750845.00004005,34729.00486869451,2528.1699999999996,0.0
8225.0,495823.8908683784,30559.07,1779.0,495823.8908683784,0.0,-546423440.4468044,2381182216.5766845,495823.8908683784,30559.07,0.0
8230.0,18661.482572408284,1319.0800000000002,63.0,18661.482572408284,0.0,-17502494.236423355,86729102.03389302,18661.482572408284,1319.0800000000002,0.0
8240.0,43911.843558905806,3117.81,147.0,43911.843558905806,0.0,-40353423.312250845,206326874.0864305,43911.843558905806,3117.81,0.0
8250.0,2740235.5686130626,174069.08000000002,11072.0,2740235.5686130626,0.0,-3230271717.569909,13542781920.624943,2740235.5686130626,174069.08000000002,0.0
8260.0,16680.348636261067,1113.55,61.0,16680.348636261067,0.0,-17123189.778144088,81981054.63171482,16680.348636261067,1113.55,0.0
8270.0,20002.89194200749,1393.32,68.0,20002.89194200749,0.0,-18527705.51842244,98161727.44876647,20002.89194200749,1393.32,0.0
8275.0,1160088.1679075125,76883.69,4226.0,1160088.1679075125,0.0,-1194683382.3018193,5832050103.160666,1160088.1679075125,76883.69,0.0
8280.0,35145.55359990051,2402.98,123.0,35145.55359990051,0.0,-33634984.11925613,175495655.62218285,35145.55359990051,2402.98,0.0
8290.0,46166.68548119522,2859.9,191.0,46166.68548119522,0.0,-53439658.56867839,240080864.9630414,46166.68548119522,2859.9,0.0
8300.0,7938374.652153397,509661.39999999997,49820.0,7938374.652153397,0.0,-11665246445.283554,40791627742.40745,7938374.652153397,509661.39999999997,0.0
8310.0,6913.897628728166,149.42,62.0,6913.897628728166,0.0,-17514146.267795946,43163190.223123536,6913.897628728166,149.42,0.0
8320.0,1288.986766479522,27.72,12.0,1288.986766479522,0.0,-3299533.6674992885,8115910.509924612,1288.986766479522,27.72,0.0
8325.0,1161170.6782768203,77318.43000000001,5719.0,1161170.6782768203,0.0,-1459649925.7619264,6203632332.731489,1161170.6782768203,77318.43000000001,0.0
8330.0,103.46720351893909,2.22,1.0,103.46720351893909,0.0,-267604.0637324549,656944.708300675,103.46720351893909,2.22,0.0
8340.0,2783.2971203215484,59.36,28.0,2783.2971203215484,0.0,-7272392.050535394,17832303.32293123,2783.2971203215484,59.36,0.0
8350.0,1416282.8064165385,76676.98,10756.0,1416282.8064165385,0.0,-2604789731.222348,7962928049.0548725,1416282.8064165385,76676.98,0.0
8360.0,91.97338498011028,1.95,1.0,91.97338498011028,0.0,-245184.94929553405,599285.5474524209,91.97338498011028,1.95,0.0
8370.0,3533.6675984594217,74.4,40.0,3533.6675984594217,0.0,-9513461.434715908,23224436.441800755,3533.6675984594217,74.4,0.0
8375.0,181553.43148770792,8711.31,2690.0,181553.43148770792,0.0,-470302584.60214037,1030053250.5065415,181553.43148770792,8711.31,0.0
8380.0,255.2615676028486,5.37,3.0,255.2615676028486,0.0,-693968.3655697022,1690662.6268273895,255.2615676028486,5.37,0.0
8390.0,3032.3169253509086,63.63999999999999,37.0,3032.3169253509086,0.0,-8323851.119831955,20236986.03602219,3032.3169253509086,63.63999999999999,0.0
8400.0,8526311.990069456,519560.67,69699.0,8526311.990069456,0.0,-13581809507.55461,49120061814.295654,8526311.990069456,519560.67,0.0
8410.0,381.3158480237743,8.0,5.0,381.3158480237743,0.0,-1066837.66230191,2580873.0323116863,381.3158480237743,8.0,0.0
8420.0,73.68637833151493,1.54,1.0,73.68637833151493,0.0,-208099.34486230224,501977.84621387505,73.68637833151493,1.54,0.0
8425.0,431988.75504990376,30190.82,1723.0,431988.75504990376,0.0,-421445092.8243757,2502966935.2656174,431988.75504990376,30190.82,0.0
8430.0,1486.2326551866604,30.869999999999997,21.0,1486.2326551866604,0.0,-4236277.985953485,10205245.265878849,1486.2326551866604,30.869999999999997,0.0
8440.0,68.60441716200299,1.43,1.0,68.60441716200299,0.0,-197352.47612946873,473673.4380576037,68.60441716200299,1.43,0.0
8450.0,1030978.7819053137,55309.649999999994,8123.0,1030978.7819053137,0.0,-1592906271.0161262,6442773345.922845,1030978.7819053137,55309.649999999994,0.0
8460.0,1597.3668807353176,33.24999999999999,25.0,1597.3668807353176,0.0,-4678851.957403526,11173364.982865708,1597.3668807353176,33.24999999999999,0.0
8470.0,1595.7451760733766,33.019999999999996,26.0,1595.7451760733766,0.0,-4715754.562055807,11246050.231733438,1595.7451760733766,33.019999999999996,0.0
8475.0,322330.73531885125,25502.67,1406.0,322330.73531885125,0.0,-302372366.3338147,1917738090.5036016,322330.73531885125,25502.67,0.0
8480.0,0.0,0.0,0.0,0.0,0.0,0.0,0.0,0.0,0.0,0.0
8490.0,171.55774111997718,3.54,3.0,171.55774111997718,0.0,-515952.09764138784,1224178.5167801275,171.55774111997718,3.54,0.0
8500.0,6956978.797637178,414706.9,56523.0,6956978.797637178,0.0,-10248798905.80822,44601983988.87866,6956978.797637178,414706.9,0.0
8510.0,53.66280601510999,1.11,1.0,53.66280601510999,0.0,-164190.78479303254,386987.38849846553,53.66280601510999,1.11,0.0
8520.0,4775.59818705453,98.44,92.0,4775.59818705453,0.0,-14736156.008973474,34630135.556490794,4775.59818705453,98.44,0.0
8525.0,102846.45043496111,6778.98,494.0,102846.45043496111,0.0,-111336564.17124484,672433865.735465,102846.45043496111,6778.98,0.0
8530.0,0.0,0.0,0.0,0.0,0.0,0.0,0.0,0.0,0.0,0.0
8540.0,587.1100341744004,12.120000000000001,12.0,587.1100341744004,0.0,-1842240.4815868058,4297368.357178136,587.1100341744004,12.120000000000001,0.0
8550.0,886246.8346137711,45319.16,4650.0,886246.8346137711,0.0,-1115060455.216962,6251333745.927492,886246.8346137711,45319.16,0.0
8575.0,116818.89697729968,6935.4,602.0,116818.89697729968,0.0,-136047246.00399578,816174298.985661,116818.89697729968,6935.4,0.0
8600.0,5422399.825499731,282215.31000000006,60490.0,5422399.825499731,0.0,-9545219553.73141,38687282118.98462,5422399.825499731,282215.31000000006,0.0
8650.0,582972.0662620149,33211.060000000005,3322.0,582972.0662620149,0.0,-701584320.8123873,4375548546.861775,582972.0662620149,33211.060000000005,0.0
8700.0,2567742.1814760077,130340.33000000002,21012.0,2567742.1814760077,0.0,-3682116095.326911,20352871897.14847,2567742.1814760077,130340.33000000002,0.0
8800.0,4363070.19440598,218282.79,45218.0,4363070.19440598,0.0,-6588134841.81414,37152743073.16917,4363070.19440598,218282.79,0.0
8900.0,1329501.346366774,56788.729999999996,36870.0,1329501.346366774,0.0,-3074827771.457707,11889164594.279781,1329501.346366774,56788.729999999996,0.0
9000.0,4558677.842486374,198168.86,55283.0,4558677.842486374,0.0,-7211638567.660712,45182345815.86087,4558677.842486374,198168.86,0.0
9100.0,333023.4971294694,13947.16,4910.0,333023.4971294694,0.0,-550364667.1963128,3495581475.18126,333023.4971294694,13947.16,0.0
9200.0,1994885.146696198,83779.68999999999,35206.0,1994885.146696198,0.0,-3406153519.3050075,21912712415.58866,1994885.146696198,83779.68999999999,0.0
9300.0,65914.03044885011,3401.92,880.0,65914.03044885011,0.0,-92598083.97253972,746662368.1083186,65914.03044885011,3401.92,0.0
9400.0,390139.91000348935,16299.04,9422.0,390139.91000348935,0.0,-703661677.3931359,4651644474.631765,390139.91000348935,16299.04,0.0
9600.0,165362.281841028,6703.66,5448.0,165362.281841028,0.0,-320561327.3037078,2115201023.4998155,165362.281841028,6703.66,0.0
9800.0,107656.19352150704,4699.48,3964.0,107656.19352150704,0.0,-206114566.0718854,1470489913.6940544,107656.19352150704,4699.48,0.0
10000.0,668696.0678983763,25219.48,46255.0,668696.0678983763,0.0,-1607338372.637249,9270927425.86895,668696.0678983763,25219.48,0.0
10200.0,44358.91855169463,1821.15,2945.0,44358.91855169463,0.0,-97006516.3096817,659001831.9565808,44358.91855169463,1821.15,0.0
10400.0,17283.1525815198,729.67,1417.0,17283.1525815198,0.0,-39458289.79128058,265980675.437325,17283.1525815198,729.67,0.0
10600.0,17928.45206033128,766.88,1827.0,17928.45206033128,0.0,-43230726.988725476,283502338.02825123,17928.45206033128,766.88,0.0
10800.0,9416.742225985023,393.36,1266.0,9416.742225985023,0.0,-25174299.633435708,150134675.6299513,9416.742225985023,393.36,0.0
11000.0,22072.919990572278,965.76,3178.0,22072.919990572278,0.0,-57254433.808960766,368165983.22004396,22072.919990572278,965.76,0.0
11200.0,2945.323075563541,130.36,532.0,2945.323075563541,0.0,-8385364.789033394,49220317.91139416,2945.323075563541,130.36,0.0
11400.0,8885.23254116645,382.26,2118.0,8885.23254116645,0.0,-27724323.361530602,148947187.9877926,8885.23254116645,382.26,0.0
11600.0,432.8429778892174,20.51,84.0,432.8429778892174,0.0,-1185650.2715918499,7706250.212775748,432.8429778892174,20.51,0.0
11800.0,372.8566089557553,18.36,75.0,372.8566089557553,0.0,-984372.938117654,6909744.08221124,372.8566089557553,18.36,0.0
12000.0,37465.41320083891,1706.7000000000003,16867.0,37465.41320083891,0.0,-148950016.51318094,623529622.5972214,37465.41320083891,1706.7000000000003,0.0
