strike,net_gex,net_dex,total_oi,call_gex,put_gex,charm_exp,vanna_exp,gross_gex,call_dex,put_dex
-1.0,67066031.78815538,175054466.64,12504068.0,7500.58,18786.0,,,,,
600.0,-1216.3519511809236,-344.25,34425.0,0.0,-1216.3519511809236,19772491.18958377,-20267947.42144951,1216.3519511809236,0.0,-344.25
800.0,-2611.440834234216,-471.38,35861.0,0.0,-2611.440834234216,36854307.50527434,-42308974.34919588,2611.440834234216,0.0,-471.38
1000.0,-5818.1737098912,-1022.53,43382.0,0.0,-5818.1737098912,73674841.39687067,-90940104.049347,5818.1737098912,0.0,-1022.53
1200.0,-5561.157518578885,-1021.94,24963.0,0.0,-5561.157518578885,63823665.5452411,-84262668.71211289,5561.157518578885,0.0,-1021.94
1400.0,-6301.0887390565085,-1017.69,17724.0,0.0,-6301.0887390565085,66523788.11663159,-91906996.99204679,6301.0887390565085,0.0,-1017.69
1600.0,-9550.264295972042,-1556.9700000000003,22465.0,0.0,-9550.264295972042,106207035.67065398,-132697750.62057929,9550.264295972042,0.0,-1556.9700000000003
1800.0,-13958.48750471449,-2160.8,28190.0,0.0,-13958.48750471449,153153796.0478034,-186466177.7112399,13958.48750471449,0.0,-2160.8
2000.0,-53740.433302538186,-8391.0,70686.0,0.0,-53740.433302538186,539575894.4806786,-700510125.029546,53740.433302538186,0.0,-8391.0
2200.0,-76179.55426456437,-11692.39,69152.0,0.0,-76179.55426456437,668125452.787579,-972101313.5686759,76179.55426456437,0.0,-11692.39
2300.0,-2127.6665180163996,-270.24,4504.0,0.0,-2127.6665180163996,35107192.07269755,-23075325.266334865,2127.6665180163996,0.0,-270.24
2400.0,-60493.800860508905,-9412.98,37596.0,0.0,-60493.800860508905,458032166.7524286,-763025871.1359972,60493.800860508905,0.0,-9412.98
2500.0,-90806.46937782624,-13092.740000000002,78251.0,0.0,-90806.46937782624,872739099.6803777,-1082645371.0314724,90806.46937782624,0.0,-13092.740000000002
2600.0,-48902.042254558844,-4410.13,36212.0,17.588747274844135,-48919.63100183369,468194513.5115718,-570283426.8137249,48937.21974910853,2297.48,-6707.610000000001
2700.0,-145052.8862825395,-20985.120000000003,59913.0,0.0,-145052.8862825395,1013910425.9526595,-1739762981.960438,145052.8862825395,0.0,-20985.120000000003
2800.0,-167614.37795549416,-24215.65,67971.0,10.280491638203369,-167624.65844713236,1160726611.8115003,-1989736803.9475703,167634.93893877056,298.32,-24513.97
2900.0,-17264.42254419273,622.42,9449.0,112.77538807826932,-17377.197932271,158508219.89747483,-195699835.4077996,17489.97332034927,2982.0,-2359.58
3000.0,-139574.2246707525,-9233.08,61766.0,300.6032120146941,-139874.8278827672,1155249636.8288198,-1561087692.5051596,140175.4310947819,9755.65,-18988.73
3100.0,-20920.03993904253,-2659.48,10541.0,2.752018329850072,-20922.79195737238,183978688.8056725,-227696340.40155104,20925.54397570223,99.57000000000001,-2759.0499999999997
3200.0,-86558.81541765411,-6553.49,31524.0,137.34694899262888,-86696.16236664675,677727036.0500784,-937994554.8930696,86833.50931563937,4781.879999999999,-11335.37
3300.0,-138108.78230083085,-18271.440000000002,38540.0,6.244778273307975,-138115.02707910415,918187821.2595664,-1504251572.95751,138121.27185737746,199.10000000000002,-18470.54
3400.0,-99073.11822060344,-8306.060000000001,29309.0,95.23858159720028,-99168.35680220064,745761543.0972781,-1039709310.359298,99263.59538379784,4287.900000000001,-12593.960000000001
3450.0,-4472.919332353539,-454.41,1683.0,0.0,-4472.919332353539,48580455.79884904,-41941566.00863669,4472.919332353539,0.0,-454.41
3500.0,-411195.0059407967,-54571.88,77829.0,2.2986907692887932,-411197.30463156593,2342796844.341345,-4399957865.36937,411199.6033223352,99.78,-54671.659999999996
3550.0,-2010.4435101389727,-203.66999999999996,657.0,0.0,-2010.4435101389727,21028671.901166007,-18577529.20717145,2010.4435101389727,0.0,-203.66999999999996
3600.0,-94224.16139446152,-11177.14,25261.0,8.351981683446445,-94232.51337614497,737164841.5556847,-944852492.5349947,94240.86535782841,199.06,-11376.199999999999
3650.0,-3435.1119973831233,-315.68000000000006,2717.0,0.0,-3435.1119973831233,59271455.858281925,-28799658.451686986,3435.1119973831233,0.0,-315.68000000000006
3700.0,-66827.11547689444,-7896.49,14426.0,8.097958775819697,-66835.21343567026,469546803.63660014,-668021986.7410852,66843.31139444608,199.05,-8095.540000000001
3750.0,-7317.139121959359,-661.1,3717.0,0.0,-7317.139121959359,106565504.12461749,-61671848.66130879,7317.139121959359,0.0,-661.0999999999999
3800.0,-223145.5717752545,-26888.84,40151.0,8.067737401327236,-223153.63951265585,1426056956.759637,-2220424574.93785,223161.70725005717,299.3,-27188.139999999996
3850.0,-27188.92044589234,-2943.8500000000004,5414.0,12.361669495541385,-27201.282115387883,189125564.1035261,-266427688.96752107,27213.643784883425,298.76,-3242.6100000000006
3900.0,-117549.68391655553,-12299.75,27713.0,0.0,-117549.68391655553,1051049381.4978677,-1074105874.3316417,117549.68391655553,0.0,-12299.75
3950.0,-25187.587879402297,-2894.3,4831.0,3.5745517285566852,-25191.162431130855,177298652.88284683,-243450753.1816435,25194.73698285941,99.69,-2993.9900000000002
3975.0,-1759.3997122158107,-167.0,334.0,0.0,-1759.3997122158107,15616764.754531894,-15356878.226958297,1759.3997122158107,0.0,-167.0
4000.0,-899426.7903288178,6794040.7700000005,189655.0,149441.6080518548,-1048868.3983806726,7033835083.455298,-12294988760.161575,1198310.0064325274,6923316.330000001,-129275.56
4025.0,-2983.780312501385,-280.37,529.0,0.0,-2983.780312501385,25957528.04152357,-25828372.748056278,2983.780312501385,0.0,-280.37
4050.0,-58019.73999514412,-5550.06,7217.0,45.24880139010752,-58064.98879653423,311779623.4926107,-564649593.1234134,58110.23759792434,1496.55,-7046.610000000001
4075.0,-2457.7461666809995,-232.56,408.0,0.0,-2457.7461666809995,20953479.93552484,-21107769.369729944,2457.7461666809995,0.0,-232.56
4100.0,-118798.82113285149,69032.44,17295.0,3395.6649033269623,-122194.48603617845,758504958.6470884,-1202281824.4886022,125590.15093950542,83223.59,-14191.15
4125.0,-19381.442077233125,-2366.05,1741.0,0.0,-19381.442077233125,87030491.44289455,-188176955.1623128,19381.442077233125,0.0,-2366.05
4150.0,-43298.85369012371,20759.63,7574.0,1306.4497091611504,-44605.30339928486,309066297.1365625,-432663800.47077495,45911.75310844601,25888.120000000003,-5128.490000000001
4175.0,-8982.630837513818,-1018.53,919.0,0.0,-8982.630837513818,48880034.40973233,-83666681.65964085,8982.630837513818,0.0,-1018.53
4200.0,-212935.58025983773,146228.97999999998,32480.0,10422.156634867368,-223357.73689470507,1480126981.867426,-2177383669.2446666,233779.89352957244,171287.24000000002,-25058.260000000002
4225.0,-6499.387499175005,-292.53,1445.0,26.040351458405667,-6525.427850633411,61424091.203761466,-57291763.76455506,6551.468202091817,397.68,-690.2099999999999
4250.0,-64099.25155257086,-5782.5599999999995,9488.0,70.55213116499732,-64169.80368373585,471541538.0520634,-570692371.3842778,64240.35581490085,993.7000000000002,-6776.259999999999
4275.0,-13686.114963174157,9961.14,1935.0,875.407658137984,-14561.522621312142,92483870.01183552,-143936608.89244276,15436.930279450127,11620.74,-1659.6
4300.0,-186308.79481439994,153554.52,20494.0,14123.408957121046,-200432.203771521,1081283054.7069254,-2025820461.8848176,214555.61272864204,176802.72999999998,-23248.210000000003
4325.0,-12967.398257154506,-1214.31,1691.0,16.96372022461019,-12984.361977379116,87218707.3555978,-115785290.01944657,13001.325697603726,198.44,-1412.75
4350.0,-50702.403027398796,-3008.54,5627.0,231.08613435010776,-50933.489161748905,304512888.79243714,-458940142.66000164,51164.575296099014,2578.58,-5587.12
4375.0,-17561.360843431114,2342.4800000000005,2788.0,397.28468228796874,-17958.645525719083,145689824.0969365,-157979128.8221021,18355.930208007052,4163.04,-1820.56
4400.0,-309913.8598729229,102179.39,34998.0,13139.805803145462,-323053.66567606834,1958082643.5432303,-3022084451.2359242,336193.4714792138,137688.52000000002,-35509.13
4425.0,-20534.304215889715,-1427.98,2528.0,73.69223511082222,-20607.996451000537,144851909.65282887,-178602532.26738247,20681.68868611136,693.0,-2120.98
4450.0,-88758.6240033609,27447.55,12493.0,3384.998214732182,-92143.62221809308,632650428.7271994,-841670980.6320177,95528.62043282526,37505.159999999996,-10057.61
4475.0,-17894.966370210903,9303.66,2623.0,1290.2786534556953,-19185.245023666597,160892632.13078988,-170411547.46323827,20475.52367712229,11076.8,-1773.1399999999999
4500.0,-722353.298601687,238199.69,60679.0,39336.405104526326,-761689.7037062133,3739115737.5178504,-7241896987.7778225,801026.1088107397,324020.12,-85820.43000000001
4525.0,-21078.234460822634,-1837.9900000000002,2473.0,33.944033805376364,-21112.17849462801,152053872.90127078,-177903642.47703853,21146.122528433385,296.81,-2134.8
4550.0,-49391.97770503272,-3305.8,5793.0,254.89362458440925,-49646.871329617126,337843533.7925556,-427449452.9709592,49901.764954201535,1975.6,-5281.4
4575.0,-22040.090756351266,-2119.4300000000003,2169.0,13.706681860806832,-22053.797438212074,142995308.35646576,-185228670.70302778,22067.50412007288,98.67,-2218.1000000000004
4600.0,-359992.1397047594,202239.38999999998,37334.0,35004.27391429002,-394996.4136190494,2425330317.93,-3727461813.497387,430000.6875333394,243589.81999999998,-41350.42999999999
4625.0,-39439.146545185744,-1140.84,4041.0,404.39740310360366,-39843.54394828935,268169221.5861804,-336774040.6401192,40247.94135139295,2959.7,-4100.54
4650.0,-101045.94638686246,6323.920000000001,8711.0,2520.640465276443,-103566.5868521389,615281023.101647,-892871251.9961902,106087.22731741535,16856.280000000002,-10532.36
4675.0,-40391.419006945085,2594.48,3268.0,1002.0615106870315,-41393.48051763212,237391447.96023902,-355187466.88447607,42395.54202831915,6805.26,-4210.78
4700.0,-386283.43294358515,199782.29,28424.0,41637.483974725445,-427920.91691831057,2024969960.0437894,-4105749190.4002757,469558.400893036,246591.4,-46809.11
4725.0,-35289.3462900361,5477.380000000001,3063.0,1604.1335049465092,-36893.47979498261,229216143.41238526,-318448741.0075948,38497.613299929115,9141.57,-3664.19
4750.0,-230264.5307842482,-16123.969999999998,18470.0,950.0274131216871,-231214.55819736986,1450458250.1676688,-1856512032.5904982,232164.58561049154,5506.73,-21630.699999999997
4775.0,-67661.10097462157,-4199.349999999999,5915.0,473.4615113438207,-68134.56248596539,467405062.9498326,-541699610.7709707,68608.02399730921,2147.3,-6346.65
4800.0,-598336.7343239541,216762.06,53936.0,51968.800847218095,-650305.5351711722,4101628975.978218,-5710981963.275617,702274.3360183904,279565.10000000003,-62803.04
4825.0,-43941.819100228306,-3826.06,2859.0,76.54941497269726,-44018.368515201,229243849.03369987,-361837434.50981367,44094.917930173695,693.4,-4519.46
4850.0,-234566.4332167144,24814.160000000003,16100.0,7803.438786469878,-242369.87200318425,1287719945.3183694,-2041840930.0305793,250173.31078965415,49742.380000000005,-24928.22
4875.0,-82297.13306500355,-7235.09,7452.0,21.362853067064513,-82318.49591807062,632193326.240994,-623666023.3916476,82339.85877113769,97.87,-7332.96
4900.0,-452298.3752759229,200711.27000000002,30049.0,57785.25155039741,-510083.6268263203,2378812111.304654,-4771533349.003822,567868.8783767177,255511.34,-54800.07000000001
4925.0,-76813.26312158215,-6314.93,4776.0,350.5181046110453,-77163.7812261932,412528810.670727,-617503191.2623756,77514.29933080425,1360.85,-7675.78
4950.0,-113772.72907733297,-2992.77,7207.0,1944.253277478119,-115716.98235481109,641754004.3973763,-922915293.42078,117661.2356322892,8102.6,-11095.37
4975.0,-102625.56665541884,-5503.070000000001,8611.0,1029.9399994917926,-103655.50665491063,768410501.3860302,-789361876.893898,104685.44665440242,4093.32,-9596.390000000001
5000.0,-1370208.413344763,18677232.88,484537.0,4179106.520182062,-5549314.933526825,53811067948.58431,-76949105588.46405,9728421.453708887,19244501.01,-567268.13
5005.0,-93.12880834223408,93.03,103.0,10.640917743764108,-103.76972608599819,5616664.853839121,-474923.3128874006,114.4106438297623,99.15,-6.12
5010.0,-82.21327524946504,93.69000000000001,92.0,10.672173193763033,-92.88544844322807,5070273.907310328,-428584.58830622205,103.5576216369911,99.15,-5.46
5015.0,1.4786092624485878,98.61,10.0,10.708709906018601,-9.230100643570013,963591.4875500676,-71746.4742292194,19.938810549588617,99.15,-0.5399999999999999
5020.0,9.714877196828077,99.09,2.0,10.745299932807526,-1.0304227359794502,562500.3343246934,-36874.382356610164,11.775722668786976,99.15,-0.06
5025.0,-78590.7308063334,-5536.400000000001,4360.0,611.8351569799378,-79202.56596331335,400246097.52327824,-626074240.4449399,79814.40112029327,2338.31,-7874.71
5030.0,2.4919862999858413,98.67,9.0,10.813263105623156,-8.321276805637314,917389.7499515679,-68174.39768328948,19.134539911260468,99.15,-0.48
5035.0,8.75989909257791,99.03,3.0,10.849979465452764,-2.0900803728748536,614778.688152431,-41710.8960358553,12.940059838327617,99.15,-0.12
5040.0,-3.1497860490983296,-0.18,3.0,0.0,-3.1497860490983296,152341.19010526902,-13429.044627589457,3.1497860490983296,0.0,-0.18
5045.0,-2.1096498879328403,-0.12,2.0,0.0,-2.1096498879328403,101782.81688867629,-8993.323081919763,2.1096498879328403,0.0,-0.12
5050.0,-303522.460768338,-10955.779999999999,13832.0,5275.804022007291,-308798.26479034533,1247472107.2218475,-2510957980.1984124,314074.0688123526,21089.79,-32045.57
5055.0,-2.1261420798765003,-0.12,2.0,0.0,-2.1261420798765003,102072.63916692768,-9062.78194226721,2.1261420798765003,0.0,-0.12
5060.0,-2.135958606036192,-0.12,2.0,0.0,-2.135958606036192,102289.89859372195,-9103.538393998839,2.135958606036192,0.0,-0.12
5065.0,-10.728946594699513,-0.6,10.0,0.0,-10.728946594699513,512528.7050846636,-45721.80707658192,10.728946594699513,0.0,-0.6
5070.0,-23.711972901791366,-1.3199999999999998,22.0,0.0,-23.711972901791366,1129921.6388875125,-101037.74909517837,23.711972901791366,0.0,-1.3199999999999998
5075.0,-127715.80704722909,-8161.46,6707.0,1010.8832990410565,-128726.69034627014,673103070.0280085,-982750137.3706245,129737.5736453112,3699.9999999999995,-11861.46
5080.0,-10.87681684060583,-0.6,10.0,0.0,-10.87681684060583,515722.95669674105,-46336.0945940545,10.87681684060583,0.0,-0.6
5085.0,-2.185247592079801,-0.12,2.0,0.0,-2.185247592079801,103354.59036416077,-9308.297146574898,2.185247592079801,0.0,-0.12
5090.0,-2.195144358682074,-0.12,2.0,0.0,-2.195144358682074,103563.08423444713,-9349.43631321342,2.195144358682074,0.0,-0.12
5095.0,-3.312541761240679,-0.18,3.0,0.0,-3.312541761240679,155887.75024373073,-14104.91030817188,3.312541761240679,0.0,-0.18
5100.0,-995391.9972426636,235123.14,46605.0,100391.7211031883,-1095783.7183458519,4281381250.2200146,-9597849296.26252,1196175.4394490402,349920.35,-114797.21
5105.0,-3.3423868934818,-0.18,3.0,0.0,-3.3423868934818,156503.59146497535,-14229.01375387212,3.3423868934818,0.0,-0.18
5110.0,-25.739568775868566,-1.38,23.0,0.0,-25.739568775868566,1202194.5071302934,-109565.81832621749,25.739568775868566,0.0,-1.38
5115.0,-2.2481997050555806,-0.12,2.0,0.0,-2.2481997050555806,104739.98342142414,-9568.97106716854,2.2481997050555806,0.0,-0.12
5120.0,-195.3331371548635,-10.379999999999999,173.0,0.0,-195.3331371548635,9077284.14907564,-831311.1649284963,195.3331371548635,0.0,-10.379999999999999
5125.0,-184219.07878976222,13873.45,8421.0,9898.034288956525,-194117.11307871874,853275838.2715595,-1574384943.937592,204015.14736767526,32502.34,-18628.89
5130.0,-5.695475745714124,-0.3,5.0,0.0,-5.695475745714124,263335.55973820656,-24234.539517799436,5.695475745714124,0.0,-0.3
5135.0,-36.611302641554566,-1.92,32.0,0.0,-36.611302641554566,1688463.8671081115,-155768.5217964896,36.611302641554566,0.0,-1.92
5140.0,-196.79905854970417,-10.26,171.0,0.0,-196.79905854970417,9053001.30606699,-837104.7081336317,196.79905854970417,0.0,-10.26
5145.0,-3.4676999552201693,-0.18,3.0,0.0,-3.4676999552201693,159112.60602860182,-14748.89568034631,3.4676999552201693,0.0,-0.18
5150.0,-344222.7109585456,-6292.7699999999995,16858.0,7375.443013388855,-351598.15397193446,1799330004.010588,-2681698148.928353,358973.59698532335,25888.079999999998,-32180.85
5155.0,-2.331937628304107,-0.12,2.0,0.0,-2.331937628304107,106453.90817363524,-9916.5324161763,2.331937628304107,0.0,-0.12
5160.0,-38.702829684659925,-1.9799999999999998,33.0,0.0,-38.702829684659925,1762272.8370184847,-164543.36327040577,38.702829684659925,0.0,-1.9799999999999998
5165.0,-18.845894411506126,-0.96,16.0,0.0,-18.845894411506126,855920.5027418545,-80115.91082990878,18.845894411506126,0.0,-0.96
5170.0,-3.548781446303304,-0.18,3.0,0.0,-3.548781446303304,160760.86708443874,-15085.040552931781,3.548781446303304,0.0,-0.18
5175.0,-180020.3378541539,-8940.970000000001,8222.0,1500.7337156324536,-181521.07156978638,924279969.1295958,-1342079350.345404,183021.8052854188,6961.99,-15902.960000000001
5180.0,-6.737889588029207,-0.35000000000000003,5.0,0.0,-6.737889588029207,303529.3777052491,-28273.989858633508,6.737889588029207,0.0,-0.35000000000000003
5185.0,-8.134126609094553,-0.42,6.0,0.0,-8.134126609094553,365480.5183937874,-34123.979379756725,8.134126609094553,0.0,-0.42
5190.0,-330.91586987488654,-17.01,243.0,0.0,-330.91586987488654,14830228.679306839,-1388102.299755154,330.91586987488654,0.0,-17.01
5195.0,-43.77305391711486,-2.2399999999999998,32.0,0.0,-43.77305391711486,1956645.5750246302,-183597.4538548675,43.77305391711486,0.0,-2.2399999999999998
5200.0,-968656.111980669,224982.25,61257.0,107871.92151717434,-1076528.0334978432,5701108669.721499,-8972466144.600742,1184399.9550150177,328179.58,-103197.33
5205.0,-74.5286646470575,-3.7800000000000002,54.0,0.0,-74.5286646470575,3314157.190636491,-312534.0924741292,74.5286646470575,0.0,-3.7800000000000002
5210.0,-3814.4482888454536,-186.17999999999998,3103.0,0.0,-3814.4482888454536,169252019.63682598,-16197181.611729087,3814.4482888454536,0.0,-186.17999999999998
5215.0,0.0,0.0,0.0,0.0,0.0,0.0,0.0,0.0,0.0,0.0
5220.0,-5.602881103719586,-0.27999999999999997,4.0,0.0,-5.602881103719586,247207.20319512344,-23485.118766545344,5.602881103719586,0.0,-0.27999999999999997
5225.0,-233897.34404598523,-18470.68,8148.0,1951.504629563898,-235848.84867554915,762770537.8039615,-1863577899.5002816,237800.35330511304,6809.76,-25280.44
5230.0,-124.35054516288885,-6.16,88.0,0.0,-124.35054516288885,5457862.649221331,-521135.9972876812,124.35054516288885,0.0,-6.16
5235.0,-5.685721227054806,-0.27999999999999997,4.0,0.0,-5.685721227054806,248895.91667609848,-23822.128149918524,5.685721227054806,0.0,-0.27999999999999997
5240.0,-16.916474155518053,97.59,22.0,13.063927146682918,-29.98040130220097,1866831.8975092038,-164698.79390823026,43.04432844888389,99.06,-1.47
5245.0,0.0,0.0,0.0,0.0,0.0,0.0,0.0,0.0,0.0,0.0
5250.0,-482761.0741792265,3127.799999999991,18492.0,17766.308217654023,-500527.3823968805,1961168952.849812,-3932606741.859546,518293.6906145345,52735.299999999996,-49607.5
5255.0,-4.345581655494393,-0.21,3.0,0.0,-4.345581655494393,188233.37605642068,-18198.19154150578,4.345581655494393,0.0,-0.21
5260.0,-40.73365133254555,-1.96,28.0,0.0,-40.73365133254555,1759753.2691018868,-170568.8605476725,40.73365133254555,0.0,-1.96
5265.0,0.0,0.0,0.0,0.0,0.0,0.0,0.0,0.0,0.0,0.0
5270.0,-2.939113887366514,-0.13999999999999999,2.0,0.0,-2.939113887366514,126300.73228485567,-12303.416296997157,2.939113887366514,0.0,-0.13999999999999999
5275.0,-328988.0479343956,-34061.56,11029.0,280.6637498038271,-329268.71168419946,1128894625.0762894,-2538134679.8311186,329549.3754340033,972.85,-35034.41
5280.0,-50.470364002504574,-2.38,34.0,0.0,-50.470364002504574,2157291.0915927114,-211208.49026356215,50.470364002504574,0.0,-2.38
5290.0,-122.75625950161302,-5.74,82.0,0.0,-122.75625950161302,5219067.915333233,-513640.79433013924,122.75625950161302,0.0,-5.74
5300.0,-907393.2218739269,293523.25,41310.0,148414.6045704943,-1055807.8264444212,4590201663.151488,-9026719504.322653,1204222.4310149155,394447.26,-100924.01
5310.0,-7.635459030258902,-0.4,5.0,0.0,-7.635459030258902,321150.5345180138,-31929.851749155943,7.635459030258902,0.0,-0.4
5320.0,-55.520655628744734,-2.8800000000000003,36.0,0.0,-55.520655628744734,2322616.3956268197,-232109.83372689722,55.520655628744734,0.0,-2.8800000000000003
5325.0,-224350.83925859974,-19850.760000000002,9019.0,324.8558353064242,-224675.69509390614,1051376130.0312433,-1643671995.74839,225000.55092921256,1874.9699999999998,-21725.73
5330.0,-15.563942337385406,-0.8099999999999999,9.0,0.0,-15.563942337385406,647326.8812751748,-64314.28868657646,15.563942337385406,0.0,-0.8099999999999999
5340.0,-281.2826807162923,-14.49,161.0,0.0,-281.2826807162923,11635341.23179139,-1161955.2432092137,281.2826807162923,0.0,-14.49
5350.0,-329234.50215355604,53390.11000000001,13923.0,34148.776345909435,-363383.27849946544,1647955622.2294555,-2889018043.1449714,397532.0548453749,86883.52,-33493.409999999996
5360.0,-46.28499727176858,-2.34,26.0,0.0,-46.28499727176858,1893723.7457951827,-191111.21382774637,46.28499727176858,0.0,-2.34
5370.0,-25.635940921326817,-1.3,13.0,0.0,-25.635940921326817,1042765.0247777712,-104737.21915833466,25.635940921326817,0.0,-1.3
5375.0,-159197.3911427162,-8730.720000000001,6066.0,2022.4584764974336,-161219.84961921364,743254764.6376171,-1168063728.7481952,163242.30809571105,6435.23,-15165.95
5380.0,-11.937995222883323,-0.6,6.0,0.0,-11.937995222883323,482911.4498079999,-48764.645996730964,11.937995222883323,0.0,-0.6
5390.0,-26.135960276763186,-1.3,13.0,0.0,-26.135960276763186,1051385.353664657,-106724.12454825747,26.135960276763186,0.0,-1.3
5400.0,-1425468.606436391,150603.8,60565.0,124486.82226830318,-1549955.428704694,6190660959.167324,-12291501264.485012,1674442.2509729972,304352.59,-153748.79
5410.0,-43.101716758594215,-2.1,21.0,0.0,-43.101716758594215,1714608.589664183,-175884.46779497256,43.101716758594215,0.0,-2.1
5420.0,-147.2307918213067,-7.1000000000000005,71.0,0.0,-147.2307918213067,5824095.4593389,-600606.3774042494,147.2307918213067,0.0,-7.1000000000000005
5425.0,-166202.97324875696,-13525.23,6344.0,411.40788925213224,-166614.3811380091,833412312.1352608,-1152657674.0307384,167025.78902726123,957.6999999999998,-14482.93
5430.0,-10.475107674588955,-0.5,5.0,0.0,-10.475107674588955,412038.9096709195,-42717.993978596285,10.475107674588955,0.0,-0.5
5440.0,-84.66028788380987,-4.0,40.0,0.0,-84.66028788380987,3311309.3556189467,-345140.4640859851,84.66028788380987,0.0,-4.0
5450.0,-542696.647244894,13341.759999999998,17872.0,21950.71308392738,-564647.3603288213,2389891142.6313024,-4129162761.912401,586598.0734127488,66580.51999999999,-53238.759999999995
5460.0,-107.70211101975526,-5.0600000000000005,46.0,0.0,-107.70211101975526,4163594.6632283833,-434774.4318634772,107.70211101975526,0.0,-5.0600000000000005
5470.0,-23.659361707137347,-1.1,10.0,0.0,-23.659361707137347,909406.4288365956,-95475.96273952122,23.659361707137347,0.0,-1.1
5475.0,-330447.4966059129,-27274.28,9093.0,3293.2180498266575,-333740.71465573955,1045972005.9369906,-2455403529.70043,337033.9327055662,7066.880000000001,-34341.159999999996
5480.0,-2097.2966894403185,89.46,352.0,57.21601495325138,-2154.51270439357,43403674.96644579,-10814238.303900812,2211.7287193468214,195.9,-106.44000000000001
5490.0,-10495.799687808552,-334.66999999999996,993.0,57.93072435261425,-10553.730412161167,157585357.37294066,-54387647.23977357,10611.661136513781,195.85999999999999,-530.53
5500.0,-3032176.465296709,1092444.1400000001,114552.0,515047.9756731203,-3547224.440969829,17542533939.13253,-28519942358.837505,4062272.4166429495,1435806.2,-343362.06
5510.0,-9763.240161183137,71.09999999999994,787.0,175.84901598633542,-9939.089177169473,131152622.93631907,-53367420.33553776,10114.93819315581,587.67,-516.57
5520.0,-5036.790421106267,232.21,521.0,147.40914239975191,-5184.199563506018,81760792.74456672,-26821279.71575936,5331.608705905771,489.65,-257.44
5525.0,-156584.70973237685,-6509.820000000001,4881.0,1855.7834102177094,-158440.49314259455,700579447.4696234,-1092804298.1444585,160296.27655281228,7660.4400000000005,-14170.26
5530.0,-6148.576607448667,2136.85,593.0,468.673263790552,-6617.24987123922,109108399.35061194,-35361924.51249678,7085.923135029771,2469.81,-332.96
5540.0,-6235.796420575018,1622.7099999999998,610.0,588.871393048985,-6824.6678136240025,106676917.69481868,-37110642.15697683,7413.539206672988,1959.2299999999998,-336.5199999999999
5550.0,-422614.42851091805,22806.62999999999,15519.0,31616.433032461435,-454230.8615433795,2194227833.436138,-3278894040.2036686,485847.2945758409,61898.45999999999,-39091.83
5560.0,-27125.06192693126,-573.53,1587.0,307.1435163640089,-27432.205443295272,274999180.86136866,-156605905.20736507,27739.348959659277,978.8000000000001,-1552.33
5570.0,-18313.74138128835,-953.4099999999999,1288.0,0.0,-18313.74138128835,228142965.78118706,-96446952.42504369,18313.74138128835,0.0,-953.4099999999999
5575.0,-239076.56732713454,40116.3,10713.0,31795.58632330456,-270872.1536504391,1658797796.2141716,-1972940007.989941,302667.7399737437,61724.52,-21608.22
5580.0,-19738.976695232668,-457.9199999999999,1084.0,219.53040596697727,-19958.507101199648,186445594.56237012,-115320287.62133417,20178.037507166624,684.95,-1142.87
5590.0,-22802.933236888213,-54.330000000000155,1521.0,381.6387804548416,-23184.572017343056,272945311.486464,-125928483.43589307,23566.210797797896,1174.03,-1228.3600000000001
5600.0,-1991018.9628614732,264195.41,86317.0,246238.0008413089,-2237256.963702782,10137463104.457525,-16839708028.000486,2483494.964544091,468134.52999999997,-203939.12
5610.0,-13302.774051875942,-788.81,734.0,0.0,-13302.774051875942,128093376.59580639,-75021143.35777211,13302.774051875942,0.0,-788.81
5620.0,-13767.228877889946,5787.759999999999,834.0,2255.359112982587,-16022.587990872533,167873256.07436666,-100854383.09000841,18277.94710385512,6748.2,-960.44
5625.0,-266625.1303371691,1393.42,7062.0,16612.24644112213,-283237.37677829125,905270039.9375805,-2073620355.6984515,299849.6232194134,29508.2,-28114.780000000002
5630.0,-11062.951931022133,-190.98000000000002,524.0,151.49353095732982,-11214.445461979463,93855383.63906679,-65642140.617907494,11365.938992936794,489.98,-680.96
5640.0,-20238.58895666191,-1248.1399999999999,883.0,0.0,-20238.58895666191,157894156.6390093,-117999533.33326235,20238.58895666191,0.0,-1248.1399999999999
5650.0,-651667.756897037,79062.40999999999,20210.0,82925.57348656534,-734593.3303836024,2918323200.691489,-5477463030.681376,817518.9038701677,145570.00999999998,-66507.59999999999
5660.0,-24954.187944807025,-1672.21,945.0,0.0,-24954.187944807025,167406877.83849895,-149024801.43713853,24954.187944807025,0.0,-1672.21
5670.0,-23897.77534041753,3596.3399999999997,1285.0,1797.7167169822421,-25695.492057399773,260303789.7123842,-149442465.01370555,27493.208774382016,5081.289999999999,-1484.9499999999998
5675.0,-312004.42201546626,-15443.029999999999,8795.0,5360.734658476091,-317365.15667394234,1426352824.1927404,-2065805217.53081,322725.8913324185,10742.84,-26185.87
5680.0,-15213.25753783682,-931.9000000000001,643.0,0.0,-15213.25753783682,118771068.50688851,-87451692.55733761,15213.25753783682,0.0,-931.9000000000001
5690.0,-22708.330584640084,576.07,1059.0,705.6011764066925,-23413.931761046777,208612111.00855088,-133991708.78172725,24119.53293745347,1953.8,-1377.73
5700.0,-2200776.879543391,194315.68,69694.0,241268.29214284263,-2442045.171686234,10200914761.57864,-17537116851.417908,2683313.4638290764,409714.42,-215398.74
5710.0,-35533.972630163735,-1387.97,1118.0,396.4728049275166,-35930.44543509125,208073869.2217498,-218018228.63582107,36326.918240018764,1074.26,-2462.23
5715.0,-26.318774656651506,-1.1199999999999999,7.0,0.0,-26.318774656651506,871526.8104622595,-102780.98397180304,26.318774656651506,0.0,-1.1199999999999999
5720.0,-17465.40932326425,-1249.03,612.0,0.0,-17465.40932326425,111259553.13235852,-104211585.32450604,17465.40932326425,0.0,-1249.03
5725.0,-267965.4541973576,-16735.81,5996.0,4572.545365954902,-272537.9995633125,904141333.2600293,-1820479805.5196776,277110.5449292674,8774.04,-25509.85
5730.0,-15707.859286711067,-816.44,742.0,20.701031515951804,-15728.560318227019,147842847.94658577,-85504400.10474712,15749.26134974297,98.82,-915.26
5735.0,-15.387113320688753,-0.64,4.0,0.0,-15.387113320688753,503024.6966878886,-60040.02956822238,15.387113320688753,0.0,-0.64
5740.0,-35580.06254898295,-2166.76,1217.0,41.014307489288626,-35621.07685647223,233147876.0051561,-207501435.36384305,35662.09116396152,97.31,-2264.07
5745.0,-357.67317534351747,-14.719999999999999,92.0,0.0,-357.67317534351747,11617377.048062934,-1395197.8821186791,357.67317534351747,0.0,-14.719999999999999
5750.0,-1207607.92359917,24603.07999999999,34123.0,90563.34078784168,-1298171.2643870118,5290702398.631027,-8935844225.154863,1388734.6051748535,140770.91,-116167.83
5755.0,-47.225524362339115,-1.9200000000000002,12.0,0.0,-47.225524362339115,1523953.7911590931,-184122.27620053457,47.225524362339115,0.0,-1.9200000000000002
5760.0,-21474.661123828144,-1295.9,796.0,0.0,-21474.661123828144,160169837.05979767,-120667331.15125582,21474.661123828144,0.0,-1295.9
5765.0,-58.9245251989276,-2.38,14.0,0.0,-58.9245251989276,1888702.488776417,-228030.84377266726,58.9245251989276,0.0,-2.38
5770.0,-26269.558678963574,-293.1199999999996,998.0,566.4805425292803,-26836.039221492854,207935916.38442907,-152768585.3815639,27402.519764022134,1361.1200000000001,-1654.24
5775.0,-430859.6931312589,-17860.940000000002,9422.0,15023.135048731552,-445882.8281799904,1478245291.218196,-2967402159.5663867,460905.963228722,22889.690000000002,-40750.630000000005
5780.0,-24551.700027653707,-1738.0600000000002,733.0,64.71315679186573,-24616.41318444557,140057796.79916552,-146976936.92049083,24681.12634123744,93.03,-1831.0900000000001
5785.0,-8.615728766366585,-0.33999999999999997,2.0,0.0,-8.615728766366585,272545.12653129274,-33312.94609901193,8.615728766366585,0.0,-0.33999999999999997
5790.0,-32518.07907851293,-2017.5199999999998,1015.0,39.501441406626746,-32557.580519919557,206864508.2094437,-187379190.36538538,32597.081961326185,97.50999999999999,-2115.0299999999997
5795.0,-426.74987952805765,-16.66,98.0,0.0,-426.74987952805765,13410317.094166595,-1649508.1860850337,426.74987952805765,0.0,-16.66
5800.0,-2711157.6820322894,558359.2000000001,150416.0,531938.9875965246,-3243096.6696288143,20172479993.602432,-23237137724.942665,3775035.6572253387,826756.77,-268397.57
5805.0,-17.635661794777892,-0.72,4.0,0.0,-17.635661794777892,550502.7406238749,-68131.06241860104,17.635661794777892,0.0,-0.72
5810.0,-34934.01728569114,-819.93,1008.0,510.2725993851864,-35444.28988507632,197156370.2349777,-215232788.64804938,35954.56248446151,2071.4700000000003,-2891.4
5815.0,-8.913153997314103,-0.36,2.0,0.0,-8.913153997314103,276368.8067078128,-34423.09453256056,8.913153997314103,0.0,-0.36
5820.0,-39443.849990542774,-2359.84,1159.0,82.92916662463948,-39526.77915716741,241897294.82964927,-226105469.93420005,39609.70832379205,194.79999999999998,-2554.64
5825.0,-317878.4647609128,-20370.85,6464.0,3092.262212910288,-320970.7269738231,1134259532.5161238,-2005272210.896235,324062.9891867334,6140.41,-26511.26
5830.0,-67437.96680845373,-4724.15,1764.0,124.46015558036143,-67562.42696403408,352330681.4122563,-398800911.31111497,67686.88711961443,292.26,-5016.41
5835.0,-4.568260511749143,-0.18,1.0,0.0,-4.568260511749143,139745.57447593284,-17624.785880335316,4.568260511749143,0.0,-0.18
5840.0,-68202.33001281416,-4282.6900000000005,1560.0,155.42855341610908,-68357.75856623026,308614559.3539336,-404405784.69012165,68513.18711964638,490.97,-4773.66
5845.0,-150.89017224447642,-5.89,31.0,0.0,-150.89017224447642,4583633.493198564,-578027.7961546758,150.89017224447642,0.0,-5.89
5850.0,-964362.7581331971,-19182.129999999994,24920.0,46871.559750922555,-1011234.3178841197,4115116323.482303,-6500041051.407848,1058105.8776350422,66400.73000000001,-85582.86
5855.0,-113.18598203851346,-4.37,23.0,0.0,-113.18598203851346,3414840.930442423,-433448.4211404186,113.18598203851346,0.0,-4.37
5860.0,-41077.14549729519,-2638.66,1183.0,0.0,-41077.14549729519,242422471.313196,-233045477.18451184,41077.14549729519,0.0,-2638.66
5865.0,-1061.493843766879,-40.47,213.0,0.0,-1061.493843766879,31805768.682901893,-4062830.912248735,1061.493843766879,0.0,-40.47
5870.0,-44661.38287865177,-2689.23,1205.0,0.0,-44661.38287865177,264719831.05998626,-249910137.79893047,44661.38287865177,0.0,-2689.23
5875.0,-346723.536481745,-8055.26,7733.0,15438.463202989888,-362161.9996847349,1388123740.3676584,-2301327156.662231,377600.4628877248,22910.73,-30965.99
5880.0,-75538.93740159458,-3986.21,2906.0,43.9632903794021,-75582.90069197398,678692909.351697,-388980799.2402484,75626.86398235337,97.33000000000001,-4083.54
5885.0,-311.23581891104175,-12.2,61.0,0.0,-311.23581891104175,9197160.089514622,-1190236.377807714,311.23581891104175,0.0,-12.2
5890.0,-35122.59693586519,-2132.2799999999997,906.0,0.0,-35122.59693586519,199851456.16120604,-196415513.57383183,35122.59693586519,0.0,-2132.2799999999997
5895.0,-37.947697102217596,-1.47,7.0,0.0,-37.947697102217596,1113361.2009697277,-144129.43833068403,37.947697102217596,0.0,-1.47
5900.0,-3756581.04917644,79933.73000000007,183042.0,299800.2235667604,-4056381.272743201,28129170176.672363,-25306934536.089012,4356181.496309961,399669.4600000001,-319735.73
5905.0,-405.67226726826874,-15.54,74.0,0.0,-405.67226726826874,11818820.668899886,-1540260.874614208,405.67226726826874,0.0,-15.54
5910.0,-94100.48746260323,-6735.6900000000005,2220.0,211.80019929380805,-94312.28766189705,460518065.4743208,-548190436.2747667,94524.08786119084,687.52,-7423.210000000001
5915.0,-127.71482457687301,-4.829999999999999,23.0,0.0,-127.71482457687301,3694612.5410102913,-484639.69195760926,127.71482457687301,0.0,-4.829999999999999
5920.0,-58720.544015297455,-3444.41,1625.0,25.98735763589167,-58746.53137293335,368992542.99891216,-320498360.36164707,58772.51873056924,98.66,-3543.07
5925.0,-1071898.6919210143,-69231.0,18436.0,8862.756944750803,-1080761.4488657652,3529744339.749191,-6457438347.093264,1089624.2058105161,14118.56,-83349.56
5930.0,-44876.434971748866,-2353.39,1314.0,186.62029510502416,-45063.05526685389,300547749.9162446,-243872338.97075832,45249.67556195892,388.88,-2742.27
5935.0,-56.971502798914784,-2.0999999999999996,10.0,0.0,-56.971502798914784,1624768.7142313456,-215952.0702435738,56.971502798914784,0.0,-2.0999999999999996
5940.0,-72971.43305532767,500.0800000000002,3821.0,3310.4677783518637,-76281.90083367954,728159726.1750091,-417081339.9137126,79592.3686120314,4954.04,-4453.96
5945.0,-4873.844099298128,-177.66,846.0,0.0,-4873.844099298128,138001939.71471772,-18468526.106125932,4873.844099298128,0.0,-177.66
5950.0,-1035209.3007202739,10942.77,23360.0,76062.44400475523,-1111271.744725029,4530869139.380436,-6964514942.682318,1187334.1887297845,102676.88999999998,-91734.12
5955.0,-11.670888504065982,-0.44,2.0,0.0,-11.670888504065982,328077.7953947501,-44200.79679105769,11.670888504065982,0.0,-0.44
5960.0,-36276.28538913656,-1964.3999999999999,1064.0,48.99997836356538,-36325.285367500124,259744460.51233137,-190093901.67149556,36374.28534586369,97.1,-2061.5
5965.0,-136.09086746478147,-5.06,22.0,0.0,-136.09086746478147,3797275.7314030956,-511990.13084131025,136.09086746478147,0.0,-5.06
5970.0,-25077.842762399683,-1548.29,722.0,0.0,-25077.842762399683,161964946.66224596,-134644014.13400787,25077.842762399683,0.0,-1548.29
5975.0,-665441.9907548984,-42560.79,12537.0,12400.221549766946,-677842.2123046654,2389202037.910444,-4059854521.2346983,690242.4338544323,15768.609999999999,-58329.4
5980.0,-28283.53417177923,-280.34,734.0,1064.8755660916338,-29348.40973787086,176994229.62124875,-163851975.97730756,30413.285303962497,1519.09,-1799.4299999999998
5985.0,-221.8736471789789,-8.05,35.0,0.0,-221.8736471789789,6100696.989650191,-833954.4173035674,221.8736471789789,0.0,-8.05
5990.0,-72250.12700716805,-3847.7999999999997,3588.0,253.60076086492785,-72503.72776803297,714719889.4040047,-370079485.91453135,72757.32852889791,380.56,-4228.36
5995.0,-256.91034597340087,-9.2,40.0,0.0,-256.91034597340087,7011991.55383492,-965101.9626969993,256.91034597340087,0.0,-9.2
6000.0,-4896349.658383775,38525473.2,1088757.0,30330453.176756155,-35226802.83513992,236589026309.10565,-376164597871.54517,65557256.01189608,41525317.21,-2999844.0100000002
6005.0,-727.1102644958175,-76.64,18.0,0.0,-727.1102644958175,2675601.82025846,-4390305.260899819,727.1102644958175,0.0,-76.64
6010.0,-30178.23084619792,8333.9,1081.0,5555.035503947553,-35733.26635014547,303039572.4701902,-205436998.54028544,41288.30185409302,10379.69,-2045.79
6015.0,-2711.5089454468557,-301.59000000000003,39.0,0.0,-2711.5089454468557,4644458.2527066115,-16820290.207143676,2711.5089454468557,0.0,-301.59000000000003
6020.0,-84902.5151387822,-3850.83,2246.0,398.1282106788621,-85300.64334946107,597238132.1173291,-436546771.4310324,85698.77156013992,676.1299999999999,-4526.96
6025.0,-793197.7579550018,37594.54,14596.0,102443.60623038048,-895641.3641853823,2541302006.6481886,-5892329054.737293,998084.9704157627,118619.44,-81024.9
6030.0,-79454.61297575885,-4542.929999999999,1673.0,427.8269147190438,-79882.4398904779,393803423.39680034,-435073391.6191018,80310.26680519694,673.6800000000001,-5216.61
6035.0,-1167.3573060188635,-126.53000000000002,22.0,0.0,-1167.3573060188635,3046167.3298164913,-7072598.836450094,1167.3573060188635,0.0,-126.53000000000002
6040.0,-36797.86829591894,-2145.09,953.0,0.0,-36797.86829591894,242374452.79898134,-189378526.1746096,36797.86829591894,0.0,-2145.09
6045.0,-4438.732385768589,-341.45,313.0,0.0,-4438.732385768589,56484547.04089559,-22393551.416399773,4438.732385768589,0.0,-341.45
6050.0,-3451734.603925511,-127314.20999999998,91561.0,141208.0707211194,-3592942.6746466304,21025507847.98424,-20333412449.93164,3734150.74536775,160267.25,-287581.45999999996
6055.0,-1524.7079436441759,-66.36,59.0,86.21295193948718,-1610.9208955836632,9818566.542142354,-9669692.852302914,1697.1338475231505,90.64,-157.0
6060.0,-57452.45891536669,-3069.01,1455.0,138.7999928189829,-57591.25890818567,376966791.86036384,-295053656.8734379,57730.05890100466,190.59,-3259.6
6065.0,-2323.429289576212,-129.43,231.0,0.0,-2323.429289576212,45006802.73057087,-10071008.648576504,2323.429289576212,0.0,-129.43
6070.0,-68992.7352334692,-3543.38,1635.0,590.1941380985819,-69582.92937156778,420175685.4999276,-362947169.9530831,70173.12350966636,638.97,-4182.35
6075.0,-605249.0168123756,-35914.43,9872.0,9763.6252165823,-615012.642028958,2119976527.1913836,-3479588028.98639,624776.2672455403,12691.25,-48605.68
6080.0,-157434.22512322693,-7261.93,10761.0,261.78926737109987,-157696.01439059802,2255446754.6054206,-718239334.6904445,157957.80365796914,585.76,-7847.6900000000005
6085.0,-3381.061414665021,-214.27999999999997,286.0,0.0,-3381.061414665021,55772238.81231721,-15440210.074172512,3381.061414665021,0.0,-214.27999999999997
6090.0,-99290.83973859329,-3600.0000000000005,2525.0,2239.584568102528,-101530.42430669583,685490026.6539572,-524361031.14169717,103770.00887479835,2732.3199999999997,-6332.32
6095.0,-4326.5401592292565,-402.44,167.0,0.0,-4326.5401592292565,31110517.903211344,-23519682.261570316,4326.5401592292565,0.0,-402.44
6100.0,-6418009.7273126505,-6973.800000000019,166856.0,445674.17444636347,-6863683.901759014,36842336033.391846,-38672762761.91314,7309358.0762053775,488831.52999999997,-495805.32999999996
6105.0,-7059.647960081471,-749.0500000000001,142.0,0.0,-7059.647960081471,22392525.118124247,-40939535.45278441,7059.647960081471,0.0,-749.0500000000001
6110.0,-52415.16949741016,-2160.21,1292.0,674.3098110551376,-53089.4793084653,358003340.955969,-267313079.60714436,53763.789119520436,854.02,-3014.23
6115.0,-6581.459468128174,-643.51,205.0,0.0,-6581.459468128174,37144481.25797166,-36403102.725885555,6581.459468128174,0.0,-643.51
6120.0,-39466.30789551456,-1035.94,920.0,805.3074027837554,-40271.61529829832,250488420.8871162,-205948143.5858363,41076.922701082076,1254.35,-2290.29
6125.0,-904164.1183363025,-48062.44,14441.0,19307.211113099198,-923471.3294494016,3245120834.7598715,-5119375838.972662,942778.5405625008,23051.84,-71114.28
6130.0,-63886.50594151266,-3717.44,1170.0,346.50419687173064,-64233.010138384394,293538329.5454006,-338451019.80120516,64579.51433525612,681.94,-4399.38
6135.0,-6923.120973317983,-298.89,205.0,0.0,-6923.120973317983,65050309.77378397,-31100244.53881173,6923.120973317983,0.0,-298.89
6140.0,-104655.21611508283,-6797.45,1500.0,516.6368690504476,-105171.85298413328,345152473.1111782,-570184706.1156819,105688.48985318372,1073.76,-7871.21
6145.0,-6540.281340184381,269.28,226.0,405.9963665279164,-6946.277706712297,70689327.72825374,-32741156.42935727,7352.2740732402135,572.65,-303.37
6150.0,-4992698.890896247,-146246.6,134283.0,124900.52309782125,-5117599.413994068,41018671005.19316,-24818676558.27114,5242499.93709189,135745.08000000002,-281991.68
6155.0,-15924.08802550993,103.88000000000008,465.0,422.4116734969911,-16346.49969900692,156796054.9408764,-74089641.70781597,16768.911372503913,778.03,-674.15
6160.0,-106924.5118267717,-4895.19,2224.0,941.6708278116962,-107866.18265458339,659412288.3590384,-533681079.62640214,108807.85348239509,1238.8,-6133.99
6165.0,-10257.81224969128,-260.53999999999996,331.0,128.1837585767095,-10385.99600826799,102695014.40544894,-46563998.355146155,10514.1797668447,193.04,-453.5799999999999
6170.0,-54471.94142795193,-2780.34,924.0,277.68359230108047,-54749.625020253014,255932488.45370123,-280467380.7228849,55027.308612554094,686.63,-3466.9700000000003
6175.0,-4320427.965604526,-168292.68,74926.0,95542.96654837512,-4415970.932152901,21182454217.92476,-22770996734.99578,4511513.898701276,116471.57999999999,-284764.26
6180.0,-281478.5018079045,-9448.320000000002,20026.0,2727.6318239301218,-284206.13363183464,4721800617.667542,-1203020622.3080776,286933.7654557648,3930.2799999999997,-13378.6
6185.0,-21571.221188041218,-812.2399999999999,510.0,251.8759901897784,-21823.097178230997,154052008.94756687,-106110883.07705858,22074.973168420773,588.27,-1400.51
6190.0,-227685.84349141168,-12222.189999999999,4604.0,573.0999077670048,-228258.94339917868,1473944721.2316206,-1092439610.6821125,228832.04330694568,868.51,-13090.699999999999
6195.0,-10303.70634207135,601.1800000000002,325.0,443.3567283437808,-10747.06307041513,109541945.24816613,-48879293.464210644,11190.41979875891,1079.94,-478.75999999999993
6200.0,-5361334.83012976,1106548.75,134505.0,1675171.3394690035,-7036506.169598764,29796884774.65584,-46127309193.14387,8711677.509067768,1692161.37,-585612.62
6205.0,-12581.71797976614,1782.9,487.0,1023.2703849157724,-13604.988364681913,160710765.2564561,-61993586.63963613,14628.258749597684,2352.74,-569.84
6210.0,-79892.3423769199,-3423.4,1227.0,1589.6872225364975,-81482.0295994564,327064028.5792655,-423252864.3658791,83071.71682199289,2005.69,-5429.09
6215.0,-31084.83648887349,-1369.8999999999999,737.0,68.68680596651843,-31153.523294840008,253852634.0152545,-139952543.39289433,31222.21010080653,96.36,-1466.2599999999998
6220.0,-262045.00555760227,-12658.08,4776.0,836.720597552842,-262881.7261551551,1475282792.5638456,-1265887498.0760407,263718.44675270794,1251.2599999999998,-13909.34
6225.0,-747637.9177136633,268717.01,16627.0,311199.16344033735,-1058837.0811540007,4278309199.219538,-7073073046.830055,1370036.2445943381,364808.13,-96091.12
6230.0,-81198.71794907737,-4199.87,1278.0,559.1667860051859,-81757.88473508257,378334090.8339002,-406320658.08260643,82317.05152108775,770.6,-4970.47
6235.0,-32328.083774038714,-1329.1599999999999,1806.0,0.0,-32328.083774038714,484912381.44231236,-131221183.66358458,32328.083774038714,0.0,-1329.1599999999999
6240.0,-219461.84864398616,453.9299999999997,4523.0,11105.840093997555,-230567.6887379837,1547204508.4542809,-1117647361.5362248,241673.52883198124,12383.64,-11929.71
6245.0,-9945.215026544658,307.98,249.0,678.7036349552307,-10623.918661499889,86540628.42502257,-50556481.05051613,11302.62229645512,858.56,-550.5799999999999
6250.0,-6064197.341650633,246767.65999999997,113085.0,546689.4202396639,-6610886.761890297,36131685850.33594,-34357416413.25649,7157576.1821299605,679848.34,-433080.68
6255.0,-13404.664018428539,-254.52000000000004,394.0,218.41306733260038,-13623.077085761139,134051112.89476585,-58827691.98908445,13841.49015309374,288.63,-543.15
6260.0,-92091.398413703,36199.73,2291.0,32468.656942065893,-124560.0553557689,816554962.067402,-728987602.6548738,157028.71229783478,44115.090000000004,-7915.36
6265.0,-20796.54944132871,-1170.92,416.0,0.0,-20796.54944132871,142565638.6075757,-95081281.24247038,20796.54944132871,0.0,-1170.92
6270.0,-263790.8244915626,-11815.539999999999,4274.0,1227.9582917592434,-265018.78278332186,1436368200.217778,-1244999725.6094613,266246.74107508105,1633.02,-13448.56
6275.0,-5204866.001532629,-76321.10999999999,80701.0,208115.87217148222,-5412981.873704111,24832222476.723366,-27008157153.489048,5621097.745875594,257878.59,-334199.69999999995
6280.0,-354156.05332946737,-11780.61,12130.0,6299.686510061328,-360455.7398395287,3290997761.388396,-1658825188.1042857,366755.42634959,7826.22,-19606.83
6285.0,-18125.156016248387,-667.69,410.0,118.48052734095528,-18243.636543589342,146945111.74347803,-80256595.64640161,18362.117070930297,194.36,-862.05
6290.0,-242876.4530071485,-11784.299999999997,3143.0,2242.27351754516,-245118.72652469363,936975641.1143799,-1207180527.222621,247361.0000422388,2556.31,-14340.609999999999
6295.0,-24687.70105675089,-1103.3700000000001,512.0,152.96646396276074,-24840.667520713654,182865528.97906253,-110999004.12366919,24993.633984676417,186.19,-1289.5600000000002
6300.0,-5566754.594954217,1189509.22,111436.0,1570742.083212345,-7137496.678166562,32267625558.65934,-42674461327.545074,8708238.761378907,1750756.57,-561247.35
6305.0,-10157.132307664717,-134.10999999999996,231.0,354.78601054624926,-10511.918318210966,76107008.40596211,-49005061.92124249,10866.704328757216,482.44,-616.55
6310.0,-100483.23385392786,-3577.59,1556.0,1699.0191341300683,-102182.25298805792,537553515.5299523,-480859175.96398103,103881.27212218799,2012.01,-5589.6
6315.0,-37587.73324716653,-1344.9,838.0,267.1533236425986,-37854.886570809125,309473242.6129809,-163156414.2674352,38122.03989445172,283.77,-1628.67
6320.0,-120158.90718138087,-5753.38,1654.0,1404.4150996171347,-121563.322280998,503250699.77101845,-587792187.5547539,122967.73738061514,1626.6000000000001,-7379.9800000000005
6325.0,-1237996.2977854914,302903.69999999995,25813.0,417302.02468655835,-1655298.3224720496,7322618108.626077,-9974490321.462042,2072600.347158608,431049.6,-128145.9
6330.0,-388808.3331882516,-22797.45,4454.0,2748.711982724015,-391557.0451709756,1270113348.8141978,-1913267216.6891437,394305.75715369964,2620.2,-25417.65
6335.0,-26921.017288331936,56.53000000000003,522.0,1382.0418770729334,-28303.05916540487,205022388.96956897,-128519177.97813705,29685.1010424778,1308.12,-1251.59
6340.0,-158226.20324657412,3573.7899999999977,2269.0,14662.684690203045,-172888.88793677717,698268487.0081961,-892085423.552783,187551.57262698023,14520.929999999998,-10947.140000000001
6345.0,-23735.306828465473,-697.7900000000001,421.0,617.6823573502204,-24352.98918581569,155294300.84135658,-110650116.38347107,24970.671543165914,557.64,-1255.43
6350.0,-2272176.749495442,458489.54000000004,44864.0,734429.053443528,-3006605.8029389703,13083067063.887867,-17807442788.336967,3741034.856382498,674172.99,-215683.44999999998
6355.0,-35848.2318873838,4053.039999999999,647.0,3441.436488862144,-39289.66837624594,248012168.64223197,-193013342.3394758,42731.10486510809,6754.669999999999,-2701.63
6360.0,-103652.23585802429,48077.939999999995,2541.0,55864.96739860271,-159517.203256627,921115454.396168,-969487324.3593758,215382.1706552297,57493.17,-9415.23
6365.0,-59992.765245547074,-2768.48,684.0,1643.49831295074,-61636.26355849781,195592927.47183716,-303047053.72727185,63279.76187144854,1583.48,-4351.96
6370.0,-125036.70238747977,-2724.8999999999996,1740.0,5672.415293125716,-130709.11768060549,553653904.9732424,-635072528.0783306,136381.5329737312,5277.33,-8002.2300000000005
6375.0,-1651524.833441192,132418.28,24849.0,310173.49283359875,-1961698.3262747908,7117416537.128626,-10785392926.673565,2271871.81910839,278827.36,-146409.08
6380.0,-114439.61147877357,31897.429999999997,2384.0,47114.60738269061,-161554.21886146418,755159236.0817045,-968378897.5915419,208668.8262441548,42470.41,-10572.98
6385.0,-30688.797860087474,-878.0,399.0,1180.5036232798075,-31869.30148336728,129175219.72452301,-153701262.43133935,33049.80510664709,1429.07,-2307.0699999999997
6390.0,-100459.19010142166,-727.3,1266.0,6106.762075352743,-106565.9521767744,418234650.4320866,-519407302.4499434,112672.71425212715,5783.67,-6510.97
6395.0,-18310.44993483993,-1064.6000000000001,246.0,300.78165292523784,-18611.231587765167,77156432.49185875,-87514847.12917534,18912.013240690405,282.12,-1346.7200000000003
6400.0,-6424569.557674711,1613794.27,128994.0,2585840.814873124,-9010410.372547835,38889041905.37089,-54200858672.02444,11596251.187420959,2315385.2600000002,-701590.99
6405.0,-25308.178874173384,420.02,403.0,2447.0052182357904,-27755.18409240917,154197816.3396917,-132940493.27456309,30202.18931064496,1925.33,-1505.31
6410.0,-157849.4491239367,-4954.280000000001,1746.0,5649.155452891224,-163498.60457682793,557232077.6229606,-780324638.1876601,169147.76002971915,5497.86,-10452.14
6415.0,-16402.97743444683,4524.629999999999,388.0,6122.44458852975,-22525.42202297658,160035885.1315155,-122893979.7386385,28647.86661150633,5717.74,-1193.1100000000001
6420.0,-163766.9086784038,-5905.619999999999,1855.0,4908.9282312015475,-168675.83690960534,617716806.9480705,-790834559.0476552,173584.7651408069,4834.76,-10740.38
6425.0,-1736544.3143137686,90815.06000000001,22705.0,289779.06152967946,-2026323.375843448,6546039711.8853655,-10790895173.901886,2316102.437373128,244876.37,-154061.31
6430.0,-151697.99677702918,2627.510000000001,1798.0,13616.36962350212,-165314.36640053132,599143845.157714,-810351069.399816,178930.73602403345,13715.039999999999,-11087.529999999999
6435.0,-29224.58721772138,9929.429999999998,723.0,12347.151969913713,-41571.739187635096,325662171.4093438,-219838325.40078676,53918.89115754881,12088.569999999998,-2159.14
6440.0,-150932.1125546866,4574.48,2000.0,15813.150241083455,-166745.26279577005,736839181.2793967,-806458776.4934989,182558.4130368535,14291.89,-9717.41
6445.0,-62658.979944359824,-796.3199999999998,845.0,3643.279515204059,-66302.25945956388,320276901.6508339,-305995175.52194905,69945.53897476794,3045.43,-3841.7499999999995
6450.0,-3257487.567291675,977836.85,62987.0,1779862.743810884,-5037350.311102559,17843244909.56616,-31306050813.756744,6817213.054913443,1379792.07,-401955.22
6455.0,-50841.75387940924,-1369.1099999999994,590.0,1844.7953002504069,-52686.54917965965,205647782.23988613,-242304759.2993799,54531.344479910054,1996.74,-3365.8499999999995
6460.0,-243366.94709792902,3594.960000000001,2975.0,24941.604513628867,-268308.5516115579,1103845243.1641796,-1288087210.8708313,293250.15612518677,18915.9,-15320.94
6465.0,-10958.403262677277,1979.2800000000002,245.0,2518.348760894462,-13476.75202357174,112044387.72350366,-63587587.85104268,15995.1007844662,2572.99,-593.7099999999999
6470.0,-170050.7196008598,-1002.4200000000005,1888.0,10378.411119469274,-180429.13072032906,695437693.2775393,-837596745.8810693,190807.54183979833,9992.82,-10995.240000000002
6475.0,-1628345.391885344,274423.51999999996,25884.0,619774.8315255566,-2248120.2234109007,7564974162.896499,-12973261564.66431,2867895.0549364574,442984.04,-168560.52
6480.0,-137500.2343765702,31083.76,2392.0,47347.28326054028,-184847.51763711046,985511756.7968814,-991155968.3872366,232194.80089765077,41501.59,-10417.83
6485.0,-53278.307966044675,-821.6100000000002,643.0,2483.6618434181883,-55761.96980946286,236294849.80336118,-253230701.5704672,58245.63165288105,2971.5,-3793.11
6490.0,-198983.6594842564,20186.11,2600.0,47713.72746418189,-246697.3869484383,875757173.7456021,-1292945120.1250677,294411.1144126202,36880.58,-16694.47
6495.0,-133149.71469700435,-6328.99,1578.0,899.8869562796625,-134049.60165328404,648916648.0651181,-568286232.5368763,134949.48860956368,1045.55,-7374.54
6500.0,-11409610.406289589,2238048.34,201035.0,5065391.647965637,-16475002.054255225,57533084009.61724,-96138224025.64807,21540393.70222086,3498998.31,-1260949.97
6505.0,-133785.48662986566,-6124.8,1307.0,2932.478924904776,-136717.96555477043,443717807.8677073,-610131815.538005,139650.44447967518,2935.8999999999996,-9060.699999999999
6510.0,-409135.28723001585,7889.180000000001,4948.0,37329.771621267995,-446465.05885128386,2179587737.697199,-2002095849.981494,483794.8304725518,30581.99,-22692.81
6515.0,-82566.1932195765,-2003.2399999999998,1035.0,2243.1768194488714,-84809.37003902537,480011075.44994426,-353183932.39919096,87052.54685847423,1955.8500000000001,-3959.09
6520.0,-181236.88585825945,-4218.31,1924.0,9979.798552117394,-191216.68441037682,696710958.2260128,-862533611.2108936,201196.48296249422,8127.99,-12346.3
6525.0,-739726.7466193945,319908.7,17926.0,640141.8895013601,-1379868.6361207548,5875535341.105171,-8743763185.555956,2020010.5256221148,413908.56,-93999.86
6530.0,-259741.28359180328,10052.279999999999,3485.0,37847.87561469374,-297589.15920649696,1411977418.6638644,-1396968665.7356732,335437.03482119075,26426.48,-16374.2
6535.0,-63733.49455024699,20021.260000000002,1302.0,17822.033952054473,-81555.52850230147,771418423.6790241,-370323922.1326109,99377.56245435594,23532.780000000002,-3511.52
6540.0,-159898.8124642985,13951.78,2018.0,32968.0919944442,-192866.9044587427,794295765.6776406,-941490806.9606634,225834.9964531869,26224.920000000002,-12273.14
6545.0,-18660.341768059,5546.57,378.0,10507.833263763483,-29168.17503182248,142275964.97749814,-168317726.97825643,39676.00829558597,7577.14,-2030.5700000000002
6550.0,-2859584.826191709,589142.72,51612.0,1314543.63999255,-4174128.466184259,17443148335.367622,-23268612656.814762,5488672.1061768085,903585.17,-314442.45
6555.0,-29338.47743028966,4671.099999999999,510.0,8345.849283658243,-37684.3267139479,232271403.06814295,-185070731.26070628,46030.175997606144,6861.96,-2190.86
6560.0,-212132.39888887503,15235.439999999999,2590.0,45816.95303593615,-257949.35192481117,973200535.714153,-1266546679.5143213,303766.3049607473,31193.98,-15958.54
6565.0,-57326.42717915411,-2268.3900000000003,558.0,1990.2446031759703,-59316.671782330086,203341327.44745672,-257470225.32033342,61306.916385506054,2116.0299999999997,-4384.42
6570.0,-184282.2132142578,5965.93,2222.0,23737.16293276221,-208019.37614702,941697017.8171847,-941006165.5754913,231756.5390797822,18695.88,-12729.95
6575.0,-1446001.0990813964,250921.31,23956.0,628758.5586907787,-2074759.657772175,8905689668.31459,-11187975992.959538,2703518.2164629535,382666.36000000004,-131745.05
6580.0,-128760.83485426873,21631.81,2029.0,44600.39034592691,-173361.22520019565,880708516.33591,-871498794.4686373,217961.61554612254,31379.47,-9747.66
6585.0,-33188.365770608696,17369.07,879.0,36949.04705893205,-70137.41282954074,278952638.16882855,-452580620.3622532,107086.45988847279,22045.63,-4676.5599999999995
6590.0,-259571.96465935293,20140.14,3367.0,52809.48190591167,-312381.4465652646,1526292758.214714,-1460517757.2313452,365190.92847117624,35940.87,-15800.730000000001
6595.0,-59782.80839557548,626.8600000000001,674.0,4110.73526644706,-63893.54366202254,329787796.6032353,-266459491.10651302,68004.2789284696,4063.8799999999997,-3437.0199999999995
6600.0,-8083833.955913915,2304381.17,150121.0,5825519.030144366,-13909352.986058282,42128861663.20058,-82564093564.85089,19734872.016202647,3430679.64,-1126298.47
6605.0,-49807.107745374626,4713.6900000000005,750.0,11356.331000053868,-61163.438745428495,367423028.4900732,-279946780.2504383,72519.76974548236,7594.97,-2881.2799999999997
6610.0,-336575.58400458924,18572.93,3505.0,64030.49043835851,-400606.07444294775,1404389524.2752895,-1876922235.9765382,464636.56488130626,43363.58,-24790.65
6615.0,-96231.9962185057,3376.059999999999,1151.0,9105.88887548936,-105337.88509399505,635388184.3151207,-430669468.4487793,114443.7739694844,7659.969999999999,-4283.910000000001
6620.0,-362701.678058431,53062.72,4811.0,150116.64782345574,-512818.32588188676,1694312431.1054158,-2693289475.789944,662934.9737053425,90200.12,-37137.4
6625.0,-2018027.936699763,272674.8,27500.0,857007.2999732913,-2875035.2366730543,8647831317.279211,-15247190325.764853,3732042.5366463456,494047.86000000004,-221373.06
6630.0,-258962.78017837091,26330.550000000003,2959.0,63702.73083410978,-322665.5110124807,1270639925.5193596,-1522553600.4764297,386368.2418465905,45716.79,-19386.239999999998
6635.0,-137742.6481724368,-4777.389999999999,1340.0,3883.497325405718,-141626.14549784255,659232981.6617631,-559763305.2276338,145509.64282324826,3082.02,-7859.41
6640.0,-230276.26501388647,34307.57,2805.0,73901.36197930896,-304177.62699319544,1285795582.1373742,-1461588357.1841912,378078.9889725044,52226.35,-17918.780000000002
6645.0,-28301.18003962515,18071.61,865.0,41428.75236352099,-69729.93240314614,357100003.5297789,-436544674.34273404,111158.68476666712,22113.48,-4041.870000000001
6650.0,-4575450.123440183,1048394.91,71690.0,2906468.551274262,-7481918.674714445,24153293156.482315,-41497972257.5346,10388387.225988707,1554688.27,-506293.36
6655.0,-110139.47330131393,996.5300000000009,1131.0,9993.666924607875,-120133.1402259218,624181715.1494521,-483946686.40493196,130126.80715052967,6296.08,-5299.549999999999
6660.0,-254145.9424265601,10486.289999999999,2501.0,51027.29782963086,-305173.24025619094,1009525765.5274153,-1391104113.8865108,356200.5380858218,29722.05,-19235.760000000002
6665.0,8478.718618468061,66538.41,1389.0,71539.93139682856,-63061.2127783605,1205685466.9784644,-424361744.29115343,134601.14417518905,69329.75,-2791.34
6670.0,-639459.3477151096,39174.23999999999,5947.0,139393.52291247906,-778852.8706275886,2531009100.9018817,-3547372427.27953,918246.3935400677,83259.70999999999,-44085.47
6675.0,-2016476.9053970512,551705.85,36621.0,1632030.072034346,-3648506.977431397,10854816513.387262,-20977097283.39842,5280537.049465743,853843.34,-302137.49
6680.0,-432338.7850153292,8924.570000000002,4362.0,51874.21372441015,-484212.99873973936,2046686645.659573,-2028657998.236841,536087.2124641495,38400.020000000004,-29475.45
6685.0,-95424.22848037111,1575.979999999999,927.0,7512.017955474858,-102936.24643584597,534055060.20717406,-401972334.33155733,110448.26439132082,6142.889999999999,-4566.91
6690.0,-396817.10722085985,-3911.2500000000005,4647.0,29708.361751185348,-426525.46897204523,2355178751.5061984,-1668543426.137316,456233.83072323055,17063.5,-20974.75
6695.0,-280248.6512847944,-12009.73,2081.0,12104.649466393761,-292353.30075118813,774690412.859707,-1175829242.4695692,304457.9502175819,10654.29,-22664.02
6700.0,-10105579.141599469,2246558.5300000003,159365.0,6942945.456843531,-17048524.598442998,51132979378.04829,-92690415306.64917,23991470.05528653,3515389.08,-1268830.55
6705.0,-65318.61582907987,9865.2,777.0,20288.555175673595,-85607.17100475347,429721322.0349148,-385833008.32481277,105895.72618042707,14429.67,-4564.47
6710.0,-211670.6200223184,29936.98,2588.0,82521.18684455204,-294191.80686687044,1267397760.7068057,-1380908763.091899,376712.9937114225,46510.979999999996,-16574.0
6715.0,-33401.07278967861,15040.94,719.0,38609.20955789166,-72010.28234757026,311170677.8910875,-413057816.41201544,110619.49190546192,18856.989999999998,-3816.0499999999997
6720.0,-282514.70125295204,4355.670000000001,2457.0,44368.73316840931,-326883.43442136137,1053030212.1015916,-1379918765.5925562,371252.1675897707,24602.34,-20246.67
6725.0,-3483799.315365578,329997.53,42819.0,1631452.676647759,-5115251.992013337,11952843986.40605,-25880370544.234035,6746704.668661095,776154.78,-446157.25
6730.0,-223152.9486107865,13016.719999999998,2116.0,62695.66807783228,-285848.6166886187,870075528.5256821,-1291698105.106463,348544.28476645105,30451.469999999998,-17434.75
6735.0,-106756.78408066377,-1218.55,786.0,7797.905414707322,-114554.68949537109,379291160.2917033,-446497108.5882658,122352.59491007842,5031.73,-6250.28
6740.0,-258587.9992013752,30567.83,2944.0,105306.30195640204,-363894.30115777726,1279272093.0940275,-1709885897.6166,469200.6031141793,52620.52,-22052.69
6745.0,-381626.8446874961,-28615.930000000004,2512.0,8227.030723556449,-389853.8754110525,812601754.4711607,-1501111910.1560977,398080.90613460896,4448.389999999999,-33064.32000000001
6750.0,-4951165.1447983105,909846.4199999999,68168.0,3298903.3663961254,-8250068.511194436,18833479298.330826,-43376005563.40578,11548971.877590561,1540474.98,-630628.56
6755.0,-89633.70069267202,-576.3,641.0,8337.219446745003,-97970.92013941701,269949621.7239039,-387474974.9170666,106308.13958616201,5766.82,-6343.119999999999
6760.0,-219294.98795355303,-940.0200000000003,1585.0,29424.809998294735,-248719.79795184778,633769759.0993876,-1010604080.2550483,278144.6079501425,14420.22,-15360.24
6765.0,-161844.3753907042,752.7999999999997,2785.0,8355.571250169163,-170199.94664087336,1804974670.2439296,-564824465.2981712,178555.51789104252,5988.61,-5235.81
6770.0,-266372.91640104743,8822.260000000002,2361.0,55442.96573602752,-321815.88213707495,995410156.9534993,-1352542033.631737,377258.84787310247,30038.39,-21216.13
6775.0,-1880206.6464093514,351466.55,33244.0,1310311.9172119435,-3190518.5636212947,12491261802.507753,-16239598410.054884,4500830.480833238,597100.96,-245634.41
6780.0,-235548.91304383945,50678.920000000006,3134.0,163070.49971541582,-398619.41275925527,1352854497.2277224,-1972374905.3998702,561689.9124746711,75270.6,-24591.68
6785.0,-74969.64611544152,2200.3500000000004,642.0,13572.916538123698,-88542.56265356521,279412268.09675944,-361167178.1773974,102115.47919168891,8606.44,-6406.09
6790.0,-66923.18963906507,56308.29999999999,2309.0,170316.1092295985,-237239.2988686636,843398973.4376196,-1447477083.0861986,407555.40809826215,71806.14,-15497.84
6795.0,-90743.90829312644,-2431.8300000000004,594.0,8848.219711383792,-99592.12800451023,211908748.53557318,-386214676.3854337,108440.34771589402,4160.5,-6592.330000000001
6800.0,-8772354.698692188,3191452.5100000002,176251.0,10625222.28679066,-19397576.985482845,54359085313.88632,-107210533904.5216,30022799.272273507,4695561.5200000005,-1504109.01
6805.0,-110470.2979683427,6901.14,1568.0,26236.69096420711,-136706.9889325498,976160188.8842455,-534650027.32011956,162943.67989675692,12743.5,-5842.36
6810.0,-340229.86669742595,2801.2200000000003,2884.0,55407.2190672882,-395637.08576471417,1383866062.5381408,-1549685675.9265153,451044.3048320024,25685.43,-22884.21
6815.0,-90140.49256340877,4505.81,857.0,17528.937062383156,-107669.42962579193,482072572.92961353,-420895181.1864968,125198.36668817508,9881.79,-5375.98
6820.0,-386818.6486721796,11608.2,3085.0,102159.67093494468,-488978.31960712426,1162817394.154218,-2035895643.1947875,591137.990542069,45910.65,-34302.45
6825.0,-1092504.845030345,942327.38,45661.0,2839124.539637197,-3931629.384667542,15017685141.286932,-23557539825.708435,6770753.924304739,1235786.02,-293458.64
6830.0,-607912.9913735996,-14757.999999999996,3692.0,75668.46438294559,-683581.4557565452,1231252201.7232497,-2620523146.302967,759249.9201394907,31174.99,-45932.99
6835.0,-100608.89497982006,3690.7100000000005,762.0,18442.44581341684,-119051.3407932369,401435465.44748443,-458755661.3535249,137493.78660665374,9987.460000000001,-6296.75
6840.0,-441953.8713343979,18188.36,4666.0,78136.32134537247,-520090.19267977035,3082102381.890755,-1908799467.2884169,598226.5140251428,45116.39,-26928.03
6845.0,-209787.96848153486,-118.67999999999938,1279.0,31144.34971683201,-240932.31819836685,569374912.2926112,-909663997.2947631,272076.66791519884,13649.619999999999,-13768.3
6850.0,-4834723.212453915,2321444.5900000003,114977.0,8114868.370120812,-12949591.582574727,34703174330.475464,-71706205079.68185,21064459.95269554,3350117.0900000003,-1028672.5000000001
6855.0,-121046.78533539013,-643.3700000000006,740.0,13797.564516246039,-134844.34985163616,332690784.6853326,-493216866.4013977,148641.91436788221,7541.549999999999,-8184.92
6860.0,-288048.69088374113,46986.549999999996,3382.0,155233.82468064345,-443282.5155643846,1895483475.2526205,-1908258485.01355,598516.340245028,73422.75,-26436.2
6865.0,711313.1888919789,871816.58,15980.0,1344688.095904847,-633374.907012868,19452399272.883804,-5071769152.26645,1978063.002917715,891552.07,-19735.49
6870.0,-430954.43902231345,23324.649999999998,3458.0,128499.71635321852,-559454.155375532,1721689655.8610415,-2213598630.36619,687953.8717287506,59673.850000000006,-36349.200000000004
6875.0,-735877.0051609535,1163955.01,45849.0,3920243.1959563144,-4656120.201117268,11064287031.958345,-28703291494.941013,8576363.397073584,1579104.53,-415149.52
6880.0,-343152.4742041262,32593.280000000002,3425.0,148219.92854035695,-491372.40274448314,1844533983.957351,-2020190699.0843856,639592.3312848401,63571.770000000004,-30978.489999999998
6885.0,-20253.41644640409,26133.31,681.0,50187.23375079812,-70440.65019720221,634089712.9961256,-349374444.6586514,120627.88394800034,30747.88,-4614.57
6890.0,-286803.5830893391,63695.68,5003.0,221666.72673694667,-508470.30982628575,2743645727.497915,-2257559512.6981926,730137.0365632324,93414.85,-29719.17
6895.0,297250.73274652363,394234.3900000001,6114.0,682879.2811048073,-385628.5483582836,7668100093.997209,-2820559565.6793528,1068507.8294630907,416088.92000000004,-21854.53
6900.0,-4281652.910331463,3709490.7,147064.0,12581632.194527324,-16863285.104858786,52073486373.05358,-93930639854.75241,29444917.29938611,5021049.74,-1311559.04
6905.0,-135701.26282046264,14611.499999999998,1395.0,42163.04311238664,-177864.30593284927,1137199853.174763,-647491051.0109471,220027.3490452359,23610.44,-8998.94
6910.0,477075.99543294834,262536.59,5364.0,829627.1606539146,-352551.1652209663,2175997061.3864927,-3647237808.952063,1182178.325874881,283380.97000000003,-20844.38
6915.0,-303934.8924761842,-2477.3999999999965,1636.0,29900.944522575923,-333835.8369987602,915533737.3249451,-1117729274.3603399,363736.781521336,14950.919999999998,-17428.319999999996
6920.0,-159020.7098817644,41739.880000000005,2662.0,127775.03685660943,-286795.7467383738,2072016046.479378,-1194858309.4140625,414570.7835949832,56517.62,-14777.74
6925.0,-309501.9892432161,796490.76,28560.0,2685293.5956455753,-2994795.5848887917,8287885109.869012,-17858445040.175724,5680089.1805343665,1031806.1,-235315.34
6930.0,-83134.78192523151,41974.99,1898.0,161823.7129081574,-244958.4948333889,1026354703.5443202,-1216935564.8357635,406782.20774154627,56454.170000000006,-14479.18
6935.0,-102232.67735538553,-3605.2799999999997,695.0,8050.511311670043,-110283.18866705558,443921233.9128573,-354056590.72648394,118333.69997872564,3842.18,-7447.459999999999
6940.0,-749009.3394871502,38028.850000000006,5352.0,153086.4613543201,-902095.8008414702,4937314924.785808,-2992761298.8868284,1055182.2621957904,71293.82,-33264.97
6945.0,-118167.36384814279,-588.1900000000005,736.0,15204.369959783204,-133371.733807926,484263305.7161907,-436922890.62229234,148576.1037677092,6362.04,-6950.2300000000005
6950.0,-2512695.244818997,1709188.0799999998,73727.0,6828150.057863115,-9340845.302682113,24174971603.12155,-48767371524.215385,16168995.36054523,2396550.32,-687362.24
6955.0,-161404.93845409792,-808.1299999999997,818.0,21166.42849412041,-182571.36694821832,430108695.416228,-600116551.464226,203737.79544233874,9153.91,-9962.04
6960.0,-385407.92361378705,71622.46999999999,5232.0,360035.568758512,-745443.4923722991,2986243958.904613,-3205716293.8936343,1105479.061130811,116919.36,-45296.89
6965.0,-466438.44664621766,-2053.2800000000025,3402.0,31961.402742843886,-498399.84938906156,3378289265.1371264,-1453321004.2674232,530361.2521319054,14418.099999999999,-16471.38
6970.0,-465939.82779058703,1950.9399999999987,2700.0,95934.89120398842,-561874.7189945754,1545270456.5035813,-1878120263.1253142,657809.6101985639,33012.92,-31061.98
6975.0,-2514109.7419212083,325579.08,29811.0,2022806.9902198247,-4536916.732141033,9937861668.820772,-19246259965.241955,6559723.722360858,676612.36,-351033.28
6980.0,-613164.00443354,-19540.049999999996,3444.0,74045.93671853367,-687209.9411520737,1755176065.9094203,-2179403739.029673,761255.8778706073,24053.12,-43593.17
6985.0,-275779.465497297,-7008.670000000004,1210.0,22287.89638297591,-298067.361880273,652607025.63079,-907269343.5614033,320355.25826324883,10095.63,-17104.300000000003
6990.0,-717679.5726692934,3110.7699999999995,5504.0,138000.9196086586,-855680.492277952,4497944898.414297,-2699563501.436755,993681.4118866107,42070.67,-38959.9
6995.0,-170044.3989721216,1546.42,1290.0,25143.137214975966,-195187.53618709755,927276536.331227,-596240301.6039567,220330.67340207353,10971.189999999999,-9424.77
7000.0,-10140289.928681513,27344852.639999997,1007431.0,122930504.92070068,-133070794.8493822,287722330752.9879,-722963261097.0859,256001299.7700829,37811617.64,-10466765.0
7005.0,-77030.90694813206,40685.01,1780.0,143451.51455495274,-220482.4215030848,1621824696.0846305,-950112712.9149398,363933.93605803757,51454.8,-10769.79
7010.0,-233410.477786944,37698.95,2865.0,192027.2714367913,-425437.7492237353,2082046612.6470797,-1646264881.6989844,617465.0206605266,59669.81,-21970.86
7015.0,-185181.18678666506,-3402.71,1191.0,26965.82829800932,-212147.01508467438,719399452.7552284,-644847220.2102091,239112.8433826837,8866.6,-12269.31
7020.0,-959034.4282086606,-30538.19,7789.0,96598.49340113903,-1055632.9216097996,5670442553.230602,-3024709911.1617923,1152231.4150109387,31457.739999999998,-61995.92999999999
7025.0,-2123620.8589928118,144887.25999999998,19739.0,1319666.9314940597,-3443287.7904868717,8057678783.480397,-12964963863.889,4762954.721980931,398287.2,-253399.94
7030.0,-632398.3003477519,36828.52999999999,5598.0,315331.3233655886,-947729.6237133405,3831853426.079182,-3302638898.2958636,1263060.9470789293,88589.64,-51761.11
7035.0,-989703.3322581026,-50956.26,3615.0,33171.85548262834,-1022875.1877407309,1521070485.4695284,-2820906874.0659337,1056047.0432233594,10913.82,-61870.08
7040.0,-790485.3231349207,-6923.640000000004,6896.0,117677.22279254302,-908162.5459274637,5299181705.271783,-2584319443.741706,1025839.7687200067,34851.09,-41774.73
7045.0,-461145.253175228,-14633.56,3959.0,30281.239488490377,-491426.4926637184,3619803526.165538,-1291090214.6357284,521707.7321522088,9374.62,-24008.18
7050.0,-7068410.755361411,551163.88,58634.0,4070546.7099320726,-11138957.465293484,34010599202.171375,-39413768256.30884,15209504.175225556,1208789.57,-657625.69
7055.0,-103248.35795296819,25592.91,1756.0,149953.93995664036,-253202.29790960855,1067952222.7027822,-1021498855.219447,403156.23786624894,41516.68,-15923.770000000002
7060.0,-331670.2901696538,38220.25,5043.0,191062.59089443047,-522732.88106408424,5009146978.820814,-1670166668.2563736,713795.4719585148,61918.95000000001,-23698.7
7065.0,-50496.58146537391,5682.63,644.0,24062.4249589707,-74559.00642434461,728603858.7740972,-228873827.48086268,98621.4313833153,8457.8,-2775.17
7070.0,-332861.2985218343,21277.329999999998,2590.0,167098.8687052636,-499960.1672270979,2155057943.69856,-1626375420.6649995,667059.0359323615,46266.28,-24988.95
7075.0,-2684481.3904803204,163945.18000000002,21701.0,1521807.243793653,-4206288.634273973,11342016161.184977,-14323116962.479761,5728095.878067627,443371.55,-279426.37
7080.0,-392844.0776063569,38896.87,3001.0,205025.6750754531,-597869.75268181,3380194626.250422,-1863901891.9870536,802895.4277572631,64411.399999999994,-25514.53
7085.0,-72126.90171074912,6894.81,707.0,36545.692913316525,-108672.59462406563,637761373.8622046,-344011279.2003709,145218.28753738216,11481.41,-4586.6
7090.0,-607920.8837942653,-11184.409999999998,3331.0,74191.53041766472,-682112.41421193,3602539409.699706,-1766480392.2720816,756303.9446295948,21087.14,-32271.55
7095.0,-248125.54394433412,6165.979999999999,3447.0,44876.13925227795,-293001.68319661205,3689961886.899945,-728530994.399852,337877.82244889,13351.529999999999,-7185.549999999999
7100.0,-11020568.802849296,1186652.13,111889.0,9188468.55144427,-20209037.354293566,73139337977.08817,-69675267558.42798,29397505.905737836,2431646.36,-1244994.23
7105.0,-73314.4339637165,12586.730000000001,823.0,62993.41040907355,-136307.84437279004,969815929.5391171,-447260817.78234124,199301.2547818636,17895.8,-5309.07
7110.0,-609784.8681842732,-1050.149999999996,3126.0,133645.39259464561,-743430.2607789189,3067373612.2965007,-2003865941.7245042,877075.6533735645,35531.01,-36581.159999999996
7115.0,-275110.85522795166,12708.970000000001,1677.0,84250.52108445766,-359361.37631240935,2473274497.44302,-965423626.237371,443611.897396867,22715.12,-10006.15
7120.0,-528251.8563609867,40988.630000000005,4193.0,355943.74970228877,-884195.6060632755,3559737408.983201,-2794990111.2851615,1240139.3557655641,86112.08,-45123.45
7125.0,-4830210.136382982,90746.23999999998,33566.0,2455207.4784676232,-7285417.614850605,13603694473.199781,-22553722575.19756,9740625.093318228,638889.66,-548143.42
7130.0,-340480.05974822445,38591.83,3227.0,266475.24969624495,-606955.3094444694,4213999697.9509096,-1848869539.1629639,873430.5591407144,63300.79,-24708.96
7135.0,-328465.20752822934,-1865.6399999999994,1491.0,52170.65255512345,-380635.8600833528,1819028201.6310036,-934906828.0739568,432806.5126384762,12797.53,-14663.17
7140.0,-727657.1286691217,1985.8799999999987,3755.0,211905.05413460013,-939562.1828037217,3995041006.077093,-2468378303.386476,1151467.236938322,50424.24,-48438.36
7145.0,-209173.13704495018,13029.019999999997,1358.0,108281.28187842677,-317454.41892337694,1779342246.610935,-883879886.1880612,425735.70080180373,25807.39,-12778.369999999999
7150.0,-8552726.385841334,552901.0499999998,66198.0,6013584.707441325,-14566311.093282659,38111922075.90084,-44877364007.73406,20579895.80072398,1485061.43,-932160.38
7155.0,-218029.8796068688,-1738.13,1188.0,44641.08965434083,-262670.96926120966,1342170843.363592,-639428590.6037762,307312.0589155505,10244.759999999998,-11982.89
7160.0,-465575.89057517267,16399.479999999996,2942.0,231668.8906216728,-697244.7811968455,3639150454.495154,-1885469324.244949,928913.6718185183,48826.6,-32427.120000000003
7165.0,-265175.36809043714,-529.7600000000002,1411.0,67394.13124195574,-332569.4993323929,1520273257.1895578,-822000306.4416039,399963.6305743486,16042.37,-16572.13
7170.0,-666896.9396144403,163.21000000000004,4547.0,130235.0143703286,-797131.953984769,5601836299.497694,-1841559218.0325212,927366.9683550976,28831.9,-28668.690000000002
7175.0,-4361581.3154255245,110772.07999999994,31673.0,2690217.025424401,-7051798.340849925,17586541769.79115,-20245032613.87351,9742015.366274325,629218.8,-518446.72000000003
7180.0,-1074413.9314302204,16241.630000000001,5283.0,285939.5003140531,-1360353.4317442735,9188092141.365124,-3142006689.4790344,1646292.9320583267,59435.770000000004,-43194.14
7185.0,-207336.7054425731,3742.91,1378.0,66988.68886646023,-274325.3943090333,1915622850.3979502,-661250043.8289651,341314.0831754935,14230.84,-10487.93
7190.0,-826678.038154403,5545.05,4157.0,219104.58682160891,-1045782.6249760118,5928366523.513775,-2418472100.273699,1264887.2117976209,43551.92,-38006.87
7195.0,-591893.7433349869,-8892.490000000002,2686.0,47056.75665828184,-638950.4999932687,5012867291.981147,-1282206167.806114,686007.2566515505,9699.69,-18592.18
7200.0,-18018121.59943312,1756158.79,158001.0,17577983.0207023,-35596104.62013542,82934496562.6344,-104436256800.67467,53174087.640837714,4089900.12,-2333741.33
7205.0,-507415.6716295937,-8774.16,1745.0,75826.01270639435,-583241.684335988,2495341947.7288485,-1225452280.0906978,659067.6970423823,13755.45,-22529.61
7210.0,-274328.7802617651,104183.96,4934.0,756069.0804229183,-1030397.8606846834,5171989210.012287,-3304277699.042927,1786466.9411076019,144247.92,-40063.96
7215.0,-295029.15839598415,3922.6300000000006,1256.0,71462.41665727993,-366491.5750532641,2511095249.1415234,-773647250.963809,437953.991710544,13273.11,-9350.48
7220.0,-1494617.4085591608,-15591.199999999999,4799.0,181562.5409570247,-1676179.9495161853,9022291994.29225,-3270908086.7958326,1857742.49047321,32296.37,-47887.57
7225.0,-6204039.937267867,210045.9,29902.0,2448092.7776918854,-8652132.714959752,40742700860.162544,-19772496175.126514,11100225.492651638,560280.19,-350234.29
7230.0,-2023696.25562685,-19174.069999999996,6650.0,330812.3160375145,-2354508.5716643645,10830959870.681694,-4655874625.7969475,2685320.8877018793,59344.18,-78518.25
7235.0,-369151.2936467199,33.35000000000025,1338.0,58938.00885878106,-428089.3025055009,2735870995.8665743,-827799211.1591376,487027.311364282,10496.93,-10463.58
7240.0,-1036501.7147300494,29184.789999999997,4159.0,383185.2045262585,-1419686.9192563079,6907103981.934289,-3037973376.401636,1802872.1237825665,71043.47,-41858.68
7245.0,-584341.075383355,15443.340000000002,2262.0,149736.9637235281,-734078.0391068831,6227772656.470862,-1413151197.7248871,883815.0028304112,30199.06,-14755.72
7250.0,-6691624.104367334,970537.17,59717.0,8758991.514222873,-15450615.618590208,55911811816.7158,-40754742545.06214,24209607.13281308,1726234.01,-755696.84
7255.0,-283543.9556859576,25834.24,2019.0,182067.29602346383,-465611.25170942146,3870407365.7227535,-1046373961.0947521,647678.5477328852,37243.58,-11409.34
7260.0,-1817377.542890882,4091.899999999996,5489.0,469477.0268067586,-2286854.569697641,10697511288.863495,-4352380620.242154,2756331.5965043996,76055.64,-71963.74
7265.0,-1023895.9619300509,2744.63,2941.0,231777.87216238322,-1255673.834092434,6712547655.4069195,-2277749134.868805,1487451.7062548173,31528.739999999998,-28784.109999999997
7270.0,-1612538.184691351,39181.42999999999,5594.0,736621.1724986108,-2349159.3571899617,14010372558.350594,-4591312047.007173,3085780.5296885725,100046.2,-60864.77
7275.0,-6814509.856089699,72067.60000000002,26968.0,2872792.0000207373,-9687301.856110437,26678493662.89849,-19643369080.558952,12560093.856131174,523742.81,-451675.20999999996
7280.0,-1660123.3102553666,69474.34999999999,6796.0,1042574.4634479798,-2702697.7737033465,12829013003.252985,-5531890467.209631,3745272.237151326,150034.34,-80559.99
7285.0,194734.7044303756,97115.89000000001,2952.0,997835.5824656356,-803100.8780352599,8186551191.287375,-2501719011.911888,1800936.4605008955,117528.62,-20412.73
7290.0,-2319988.2439926714,28836.260000000006,6236.0,658746.3909108764,-2978734.634903548,13097271709.570957,-5236612150.128631,3637481.0258144243,100679.73000000001,-71843.47
7295.0,-1211021.5492913339,19946.170000000002,3513.0,390139.868607298,-1601161.417898632,10141590829.999048,-2773633177.0807834,1991301.28650593,49170.2,-29224.03
7300.0,-13418986.49997109,1212772.0,91377.0,14425445.719354866,-27844432.219325956,92852419806.42679,-60988346711.62416,42269877.93868082,2543772.62,-1331000.6199999999
7305.0,-1294906.7276977012,4770.799999999998,2715.0,222977.25689638883,-1517883.9845940901,9290858807.920036,-2365856612.858138,1740861.241490479,29236.69,-24465.89
7310.0,-1298277.3690488425,147519.37,7141.0,1450664.1885624381,-2748941.5576112806,14061746044.438557,-5666327697.52843,4199605.746173718,207959.28,-60439.909999999996
7315.0,-974446.3163386099,53799.6,3469.0,743494.6658553465,-1717940.9821939564,11405237525.862875,-3152251967.246257,2461435.648049303,82926.11,-29126.51
7320.0,-2153938.588299814,80109.42,6759.0,1264537.0709444263,-3418475.6592442407,16701195571.026339,-6001454167.214015,4683012.730188667,152764.6,-72655.18000000001
7325.0,-4197587.320202932,558647.93,29384.0,5059968.316255937,-9257555.63645887,33308630100.325886,-18971835727.032494,14317523.952714806,929586.24,-370938.31
7330.0,-2487238.5832181196,-3789.0699999999965,4470.0,526807.0741841487,-3014045.657402268,13251036787.48886,-4338207376.191453,3540852.7315864167,57332.46000000001,-61121.53
7335.0,-11195605.201458517,-96300.10999999999,15535.0,389651.1605163458,-11585256.361974863,78593471592.55283,-14882600496.518095,11974907.522491207,42794.94,-139095.05000000002
7340.0,-2741746.133580073,8063.5499999999965,5976.0,895976.347202971,-3637722.480783044,17439276316.477215,-5374374846.821209,4533698.827986015,92256.53,-84192.98
7345.0,-12300968.672277898,-85891.52999999998,16378.0,535759.6235506104,-12836728.295828508,89327382235.97563,-16034356514.545303,13372487.919379119,55986.14,-141877.66999999998
7350.0,-5383186.870761933,1098132.9300000002,61393.0,15522425.41079139,-20905612.28155332,87267019592.50931,-42336634777.19325,36428037.69234471,1969606.6800000002,-871473.75
7355.0,-885738.8709296721,59357.49,2964.0,750496.5125818496,-1636235.3835115216,8635496395.129763,-2617550374.199118,2386731.8960933713,88170.66,-28813.17
7360.0,-8100310.2495498145,-89978.31,10246.0,1072917.7682279523,-9173228.017777767,31300887171.23999,-10879483923.410534,10246145.786005719,88755.31,-178733.62
7365.0,-661470.0610078989,19126.95,1643.0,516522.69779113826,-1177992.758799037,7740300117.427162,-1743456781.2382085,1694515.4565901754,36562.59,-17435.64
7370.0,-3393152.6852284414,18576.41,5898.0,1434580.4501090564,-4827733.135337498,22299941023.32617,-6286252713.300475,6262313.585446554,105880.86,-87304.45
7375.0,-7652128.737782697,142447.90000000005,24761.0,6724755.885437129,-14376884.623219827,59024031678.89304,-20936372444.76738,21101640.508656956,584220.1,-441772.19999999995
7380.0,-3196972.5261720256,39029.119999999995,7628.0,2531611.422692394,-5728583.94886442,24492393913.34906,-7779827422.03615,8260195.371556814,165385.63,-126356.51000000001
7385.0,-1244258.3912227848,48879.51,3199.0,1447268.1128473892,-2691526.504070174,14935584285.89372,-3702953966.8667493,4138794.6169175627,88680.20999999999,-39800.7
7390.0,-2709197.6760311145,23958.109999999997,5303.0,1816364.5308886801,-4525562.206919795,17447719683.70199,-5573596316.0022135,6341926.737808474,113070.45,-89112.34
7395.0,-1446889.8716745425,20944.09,2658.0,1098379.718490312,-2545269.5901648547,11171302394.291746,-3082055992.379143,3643649.3086551665,61430.1,-40486.01
7400.0,-22139985.65766372,1642504.43,119410.0,34404022.75505669,-56544008.41272041,151187456307.77255,-79308207759.91284,90948031.1677771,3659076.73,-2016572.3
7405.0,-557528.5645278755,23000.47,1748.0,902371.0716374554,-1459899.636165331,6788888192.520223,-1873641247.1088169,2362270.7078027865,49286.64,-26286.17
7410.0,-3317840.6614782126,50084.47,5762.0,2492939.972310701,-5810780.6337889135,26251365894.713802,-6570719061.40877,8303720.606099614,135496.87,-85412.4
7415.0,-1458034.4892351874,53744.22,3357.0,2100923.4163867123,-3558957.9056218993,18649117428.425602,-4230834049.829878,5659881.322008612,96189.09999999999,-42444.880000000005
7420.0,-5493753.334586328,98278.19999999998,8794.0,3813746.376083196,-9307499.710669525,32353555214.228493,-9365699038.910315,13121246.08675272,231355.20999999996,-133077.01
7425.0,-4862473.947245521,350038.18,26234.0,12569683.837077918,-17432157.78432344,50370001274.967155,-20669632022.186577,30001841.621401355,800614.02,-450575.84
7430.0,-2783692.0229915725,188372.27999999997,15367.0,9991464.762717035,-12775156.785708608,28544088541.146114,-13860674642.295698,22766621.548425645,461864.11,-273491.83
7435.0,-1637554.4305168388,16012.090000000002,2994.0,1923961.0447406694,-3561515.475257508,12067309117.086897,-3324401143.8465195,5485476.519998178,73777.55,-57765.46
7440.0,-3765378.1345122303,5644.670000000003,6004.0,3188404.793163331,-6953782.927675562,17421604177.888073,-5836205499.766732,10142187.720838893,133838.32,-128193.65
7445.0,-3276201.9701882927,-4933.489999999996,3628.0,2394331.1486280337,-5670533.118816326,17046931149.137295,-4393653003.931844,8064864.26744436,73450.88,-78384.37
7450.0,-1934876.9329519672,1276611.74,64621.0,32786810.64643124,-34721687.57938321,55469360450.82176,-35582919558.69383,67508498.22581445,2303998.77,-1027387.03
7455.0,-2739968.862262172,19205.230000000003,3088.0,2331505.056734508,-5071473.91899668,12738411681.885897,-3527681449.186634,7402978.9757311875,77003.62,-57798.39
7460.0,-13128017.882850157,-62733.63,14054.0,4685308.8699297765,-17813326.752779935,17570621137.499992,-9535488880.308523,22498635.62270971,288269.7,-351003.33
7465.0,-2660473.6830286537,-6223.0999999999985,3772.0,3079000.8694936326,-5739474.552522286,9921883192.490313,-3432056904.995922,8818475.422015918,83909.69,-90132.79
7470.0,-743564.9499882794,146978.95,8432.0,8766084.736046461,-9509649.68603474,16755437224.034784,-6317260783.370191,18275734.422081202,285507.09,-138528.13999999998
7475.0,-7044356.2713286355,155156.14000000004,33697.0,19395260.631538678,-26439616.902867313,16299285284.700039,-15198834253.783045,45834877.53440599,914307.8400000001,-759151.7
7480.0,-5914975.323900666,-39781.140000000014,6615.0,5692373.266427246,-11607348.590327911,10860056111.708563,-4621541726.684743,17299721.856755156,135906.04,-175687.18
7485.0,-2549375.5083172144,-17803.629999999997,2728.0,2683619.8472586656,-5232995.35557588,3124786560.0991096,-1656924557.2913702,7916615.202834545,56223.6,-74027.23
7490.0,-5454135.5460620895,-79580.12,8727.0,5282752.319015494,-10736887.865077583,1154266092.3462727,-3074338176.4554496,16019640.184093077,173140.36,-252720.48
7495.0,-1856955.8174774046,-15348.169999999991,3005.0,4412894.262166028,-6269850.079643433,269231206.1975944,-1227029327.9873,10682744.34180946,66403.77,-81751.94
7500.0,-6197926.930322499,1772872.07,151959.0,81366409.75325121,-87564336.68357371,-37739909360.43374,-28617367892.11869,168930746.43682492,4813278.489999999,-3040406.42
7505.0,-4826670.910022423,-29574.26,4366.0,5974516.014603563,-10801186.924625985,-7827330109.435127,-80461957.58442983,16775702.939229546,95491.06,-125065.31999999999
7510.0,-1768222.6071705376,-18088.22000000001,6297.0,7453353.576643114,-9221576.183813652,-10549240934.043337,364358713.65054744,16674929.760456765,150151.19,-168239.41
7515.0,314172.459014101,7590.130000000006,2996.0,4817187.845649796,-4503015.386635695,-7901584696.855994,806026862.0894672,9320203.23228549,78954.85,-71364.72
7520.0,-1322397.2195237933,-31440.190000000002,7021.0,6600587.249659801,-7922984.469183594,-13083985420.499624,1370209925.0564268,14523571.718843395,161528.45,-192968.64
7525.0,10487918.117895002,365425.56,23522.0,23913044.590711225,-13425126.472816223,-35571592640.76238,4006796934.04949,37338171.06352745,775637.05,-410211.49
7530.0,3916770.9035585206,-24817.08,10172.0,12982224.581152625,-9065453.677594105,-29814098757.760456,4682899242.8874,22047678.258746732,234540.56,-259357.64
7535.0,598882.6471431222,-24315.43,2960.0,5052600.573585729,-4453717.926442607,-17070708942.020407,3089089966.9531703,9506318.500028336,61549.64,-85865.07
7540.0,4208853.059060754,-27623.309999999994,8059.0,10520729.502149934,-6311876.443089179,-27387467524.693222,5237291543.096165,16832605.94523911,178059.84,-205683.15
7545.0,805478.3464936657,-22554.339999999993,2388.0,3827345.4874870637,-3021867.140993398,-13167719685.208824,2753109577.3055506,6849212.628480461,47112.4,-69666.73999999999
7550.0,12323473.819349688,227611.43999999997,53037.0,42604374.54124156,-30280900.721891873,-125653037462.11342,26170459424.86792,72885275.26313342,1448119.38,-1220507.94
7555.0,-1396258.5503230416,-162012.3,4928.0,3983310.3487086454,-5379568.8990316875,-18055463696.11731,4224573847.841764,9362879.247740332,44621.799999999996,-206634.09999999998
7560.0,2573581.9407450585,-22511.430000000004,7026.0,8126573.484894214,-5552991.544149155,-24969984798.147224,6438747087.495535,13679565.029043369,156228.52,-178739.95
7565.0,1566605.5036985234,-4760.46999999999,3223.0,3807922.234516203,-2241316.7308176793,-15117599940.67964,3593588199.809418,6049238.965333882,74569.61,-79330.07999999999
7570.0,4390125.870909028,30575.179999999993,4925.0,6796748.188036463,-2406622.317127435,-19987716423.113865,5341988652.285301,9203370.505163899,119406.17,-88830.99
7575.0,12805794.60795241,197187.48000000004,26255.0,23126678.500812937,-10320883.892860524,-73534933927.96953,19468255912.677666,33447562.39367346,700985.52,-503798.04
7580.0,6576409.092639953,-57018.979999999996,11200.0,13487511.071063092,-6911101.978423139,-62434165598.21273,13473841227.110968,20398613.04948623,203157.11000000002,-260176.09
7585.0,720164.416083109,-27784.03,1650.0,2010963.5093502738,-1290799.093267165,-11357424463.715736,2714947086.9711356,3301762.6026174384,21891.149999999998,-49675.18
7590.0,4520277.3624429,3607.5799999999967,6016.0,6547108.28409361,-2026830.9216507087,-24545665451.18279,6880455612.889844,8573939.205744319,106934.0,-103326.42
7595.0,1818585.5240911865,3770.3200000000006,1719.0,2190531.7158255037,-371946.1917343174,-10738599629.753088,2584176037.716554,2562477.9075598214,19565.47,-15795.15
7600.0,46321790.83302597,437483.5600000002,125789.0,85081280.51271002,-38759489.67968405,-276662666988.08704,91398064667.71632,123840770.19239406,3038963.24,-2601479.68
7605.0,6210569.80510645,32518.840000000004,4509.0,6748145.659244356,-537575.8541379054,-28100574629.868282,7618724370.256079,7285721.513382262,59808.48,-27289.64
7610.0,3396573.566892839,7865.169999999995,5797.0,5077552.6580498675,-1680979.0911570287,-18441517906.430695,6158073115.396174,6758531.749206897,112304.32,-104439.15000000001
7615.0,3449413.409320061,23211.56,2964.0,3725518.677513653,-276105.2681935913,-14412340903.1853,4285524852.98861,4001623.9457072443,39767.380000000005,-16555.82
7620.0,3529650.6764228917,37021.97,3973.0,4066525.9396883314,-536875.2632654394,-13774832888.429031,4629697112.259452,4603401.202953771,68375.81,-31353.84
7625.0,12795111.91142046,185778.72000000003,21400.0,15831491.74468098,-3036379.8332605213,-44724631936.79773,17201117775.614273,18867871.577941503,474865.95,-289087.23
7630.0,4217858.403181353,20600.27,6509.0,4865721.397981299,-647862.9947999467,-20269534509.862392,6556118513.033665,5513584.392781246,65008.42,-44408.15
7635.0,1470507.9131955924,9816.109999999999,3480.0,1528958.0946902349,-58450.18149464272,-8920905396.654882,2276691689.5974874,1587408.2761848776,13632.359999999999,-3816.25
7640.0,3651903.0870490926,28658.319999999996,6099.0,4350341.009452125,-698437.9224030327,-16604718606.118885,6025541025.731397,5048778.931855158,77454.62,-48796.3
7645.0,1014692.0586212846,-542.6699999999996,1760.0,1195875.1970044079,-181183.1383831233,-5632503155.488434,1827030519.3877704,1377058.3353875312,12387.220000000001,-12929.89
7650.0,14899375.595955128,398800.99000000005,36770.0,18650713.51546233,-3751337.919507204,-46396247530.0407,21732171720.259136,22402051.434969537,849460.02,-450659.03
7655.0,1816895.554016697,14230.88,2901.0,1839649.8592676723,-22754.30525097555,-9197962809.263182,2914789534.0412464,1862404.164518648,15956.65,-1725.7700000000002
7660.0,2611529.1404274805,43840.32,4653.0,2863764.2919541653,-252235.15152668508,-8931880349.690697,4060636337.916495,3115999.44348085,66809.09,-22968.77
7665.0,436425.6752084831,3285.09,1562.0,456993.1738618802,-20567.49865339704,-2642626284.529917,794893369.0988228,477560.6725152772,4935.34,-1650.25
7670.0,2219945.233715741,26970.98,3916.0,2331891.923408181,-111946.68969243998,-8862178301.829432,3604260062.4612074,2443838.613100621,37483.14,-10512.16
7675.0,9059216.647850443,391791.4099999999,21709.0,10446827.529765632,-1387610.8819151893,-23083862414.87809,13104175384.09018,11834438.411680821,569058.6699999999,-177267.26
7680.0,3113592.9876844254,44266.66,5529.0,3174921.94673631,-61328.95905188471,-11252186896.581825,5048362054.950984,3236250.9057881953,50317.8,-6051.139999999999
7685.0,458891.46409882774,5093.03,1889.0,475520.7715491554,-16629.307450327706,-2510737895.9552784,854251158.6534675,492150.07899948314,7104.01,-2010.98
7690.0,2232487.5563319526,11377.960000000003,5200.0,2470490.7156605865,-238003.15932863363,-9839221775.801401,4444703466.91466,2708493.87498922,41689.22,-30311.260000000002
7695.0,263109.4893721646,2825.7200000000003,1082.0,276458.30757434474,-13348.818202180188,-1475536127.5755439,533001117.47041374,289807.12577652495,4039.44,-1213.7199999999998
7700.0,25394814.867610786,1296790.2200000002,67786.0,29999220.58336329,-4604405.715752506,-55060128682.05114,41216473901.47179,34603626.2991158,1906315.8,-609525.58
7705.0,90213.12784934518,345.05000000000007,377.0,106082.34532540072,-15869.217476055544,-502532094.9208607,213076060.4290326,121951.56280145627,1919.78,-1574.73
7710.0,1598977.274827931,38766.83,6067.0,1622183.2764904243,-23206.001662493207,-7356072506.028367,3021193953.1597786,1645389.2781529175,41462.24,-2695.41
7715.0,808873.9411894386,45304.299999999996,1705.0,834849.2011639302,-25975.259974491644,-895700009.7929703,1089028080.4068027,860824.4611384218,47868.799999999996,-2564.5000000000005
7720.0,675340.9031072491,7915.62,3729.0,793896.8327454368,-118555.9296381877,-3608295536.153589,1634994975.201194,912452.7623836246,20711.4,-12795.78
7725.0,6436862.259511341,257144.81999999998,15892.0,6927530.637307285,-490668.377795945,-16100507195.994326,11619196055.335884,7418199.015103231,326525.39,-69380.56999999999
7730.0,2317977.39245994,229668.44999999995,8933.0,2456339.174843484,-138361.782383544,-4614207471.583163,3144787235.295842,2594700.957227028,245922.50999999998,-16254.060000000001
7735.0,23480.909644095238,-1052.4299999999994,306.0,47023.30497944998,-23542.395335354748,-178919432.0074075,119556661.19930458,70565.70031480474,1379.8100000000002,-2432.2399999999993
7740.0,1480581.854909722,46018.67,4974.0,1531024.5435726903,-50442.688662968416,-4442868724.154591,2863438454.86255,1581467.2322356587,52220.020000000004,-6201.35
7745.0,71924.15675127081,1226.7799999999997,310.0,86811.60768666644,-14887.45093539561,-219076604.4193105,179145012.64103055,101699.05862206205,2770.73,-1543.95
7750.0,9461926.7210416,496070.2299999999,30024.0,10573794.808688696,-1111868.0876470977,-19778834107.161606,18147096397.6834,11685662.896335794,657474.5199999999,-161404.28999999998
7755.0,49065.262984793604,21.560000000000173,283.0,66240.4355332795,-17175.17254848589,-175422914.50816244,152097557.62487754,83415.60808176539,1944.15,-1922.59
7760.0,609199.0069008507,10835.54,4904.0,652878.5242963922,-43679.51739554156,-3122573078.4058714,1510870531.6695108,696558.0416919339,16357.46,-5521.92
7765.0,34101.47132738041,534.49,221.0,39476.27189693531,-5374.8005695549,-130227968.93264085,89752927.97701243,44851.07246649021,1127.37,-592.88
7770.0,595842.870122982,17101.239999999998,4599.0,611834.8208558344,-15991.950732852534,-2612668638.135809,1351641605.2823565,627826.771588687,19262.59,-2161.3500000000004
7775.0,2989763.133739908,136755.94,11536.0,3396560.192555442,-406797.0588155339,-7485316113.344576,6763832143.29828,3803357.2513709757,197959.56,-61203.62
7780.0,233393.13442703022,9871.740000000002,1964.0,247957.54562323936,-14564.411196209125,-892632455.7323216,525567164.47796977,262521.9568194485,11797.59,-1925.85
7785.0,15229.641926419705,365.86999999999995,37.0,19129.59656902382,-3899.9546426041156,-25202660.955278695,41797655.14413781,23029.551211627935,857.76,-491.89
7790.0,178843.70891307516,7843.29,1727.0,191408.4441280605,-12564.735214985376,-631959639.1581503,404287720.00784624,203973.1793430459,9556.58,-1713.29
7795.0,22736.674408589435,867.2099999999999,42.0,24725.923848039143,-1989.2494394497112,-28818875.259973433,51446467.21792159,26715.173287488855,1099.3799999999999,-232.17
7800.0,17670296.212383334,1171502.6,70662.0,22697814.446284574,-5027518.23390124,-30200871893.071278,46319039223.01049,27725332.680185813,1882128.55,-710625.95
7805.0,12271.460288235565,436.7000000000001,29.0,14906.140962807645,-2634.6806745720814,-16226028.45399325,34397142.74930063,17540.821637379726,755.5000000000001,-318.8
7810.0,250401.24840202078,9671.62,1281.0,256200.13643226045,-5798.8880302396665,-719801237.0527222,579483391.3092026,261999.0244625001,10567.05,-895.4300000000001
7815.0,18143.98653492642,315.08000000000015,56.0,26003.158338711586,-7859.171803785169,-32148906.244591516,70253125.39473833,33862.33014249676,1292.72,-977.6399999999999
7820.0,481849.7324633172,31741.45,1248.0,487218.17448309256,-5368.442019775291,-558029447.2073244,931782742.3822247,492586.6165028679,32513.98,-772.53
7825.0,3370995.682356902,252923.36,12846.0,3546018.6960475445,-175023.0136906425,-5704880270.638235,7087685221.68489,3721041.709738187,281496.5,-28573.14
7830.0,186445.67244453973,5994.150000000001,817.0,199581.14692594047,-13135.474481400743,-591859947.6438445,510004047.28889483,212716.62140734118,7867.210000000001,-1873.06
7835.0,-23959.085328576937,-3783.12,60.0,6953.267072887614,-30912.35240146455,-37879570.775007226,95162470.98044801,37865.61947435216,332.88,-4116.0
7840.0,252806.0933100931,12429.08,968.0,288882.7970210501,-36076.703710957016,-466511623.4757198,704738803.2379909,324959.5007320071,17394.89,-4965.8099999999995
7845.0,-2551.3346148505098,-350.68,4.0,0.0,-2551.3346148505098,-2614179.9504976226,7018425.785239981,2551.3346148505098,0.0,-350.68
7850.0,5384112.408664022,310873.61,23457.0,6034706.127961207,-650593.7192971852,-9534830220.747547,13963935651.478468,6685299.847258393,418474.05,-107600.43999999999
7855.0,-6432.41642800928,-1020.6200000000001,14.0,1132.1575100804068,-7564.573938089687,-9105611.669308046,24829067.766809143,8696.731448170094,52.300000000000004,-1072.92
7860.0,113931.81886267806,4074.16,432.0,127651.50035436268,-13719.681491684622,-220576338.1065318,333023111.0670703,141371.18184604732,6223.74,-2149.58
7865.0,8947.116759426131,405.6,16.0,8947.116759426131,0.0,-9543974.930696381,21515626.465498563,8947.116759426131,405.6,0.0
7870.0,89594.63670361011,2452.1599999999994,283.0,95627.33714360409,-6032.700439993974,-180154083.83110216,262097362.62976494,101660.03758359805,3391.7799999999997,-939.62
7875.0,2243016.198731734,167571.89,9124.0,2361780.6011423985,-118764.4024106646,-3640774364.1844783,5398810544.095439,2480545.003553063,188010.18,-20438.29
7880.0,127387.64809831766,5174.03,389.0,132791.9038966042,-5404.255798286558,-224672428.5336857,352447193.92242754,138196.15969489078,6009.619999999999,-835.59
7885.0,27749.155453166568,1214.31,51.0,27749.155453166568,0.0,-30915445.349457823,71271840.37643525,27749.155453166568,1214.31,0.0
7890.0,90090.14926955108,4236.240000000001,339.0,94613.02496219892,-4522.875692647838,-168009640.37096885,251953105.06560537,99135.90065484676,4971.110000000001,-734.87
7895.0,1071.9548160136765,46.14,2.0,1071.9548160136765,0.0,-1219667.16325307,2839572.930640351,1071.9548160136765,46.14,0.0
7900.0,14578613.093152065,1053056.54,53537.0,16533488.415265214,-1954875.3221131484,-18904325267.818874,41965480981.8555,18488363.737378363,1373823.71,-320767.17000000004
7905.0,8972.530077905714,379.44,17.0,8972.530077905714,0.0,-10420844.146310668,24511128.760355465,8972.530077905714,379.44,0.0
7910.0,175152.80798069615,4372.37,497.0,191651.27522642282,-16498.467245726686,-335763635.38044834,598518144.9756511,208149.74247214952,7076.12,-2703.75
7915.0,1558.1119243193768,64.77000000000001,3.0,1558.1119243193768,0.0,-1846370.149049567,4386176.624692685,1558.1119243193768,64.77000000000001,0.0
7920.0,109063.59661353592,4701.2,246.0,109860.65264574837,-797.0560322124394,-158671905.78422666,315213405.70628256,110657.7086779608,4843.2,-142.0
7925.0,2474338.8942730436,160240.09,10017.0,2623787.818977773,-149448.9247047294,-3574829282.8212166,6980457437.232603,2773236.7436825023,187402.73,-27162.64
7930.0,186015.3904211207,6366.5,445.0,192432.41235779144,-6417.021936670722,-317466345.3299761,597272326.4819728,198849.43429446215,7499.41,-1132.9099999999999
7935.0,10034.535403920156,403.4,20.0,10034.535403920156,0.0,-12363867.663082136,29909619.656627536,10034.535403920156,403.4,0.0
7940.0,133925.6431154281,6779.91,336.0,135933.06417709886,-2007.4210616707655,-207947660.14052743,400726977.9411171,137940.48523876964,7148.21,-368.3
7945.0,1970.271208563257,77.96,4.0,1970.271208563257,0.0,-2474010.344384676,6034699.577014838,1970.271208563257,77.96,0.0
7950.0,4788449.5267368285,397431.32999999996,16919.0,5077647.35072339,-289197.8239865613,-4988585542.563215,13147267976.91696,5366845.174709951,451732.55,-54301.22
7955.0,6766.392855043995,263.2,14.0,6766.392855043995,0.0,-8655133.388052193,21298984.284515128,6766.392855043995,263.2,0.0
7960.0,103908.96693171795,5257.39,271.0,106335.74783418818,-2426.780902470232,-151526985.26996243,325370260.8642439,108762.52873665841,5710.63,-453.24
7965.0,473.8247484287177,18.15,1.0,473.8247484287177,0.0,-617210.1637679659,1530760.648711319,473.8247484287177,18.15,0.0
7970.0,105818.911564709,5398.12,252.0,106630.91202563817,-812.0004609291682,-131539120.58074966,329608183.8391143,107442.91248656734,5550.58,-152.46
7975.0,1440096.6599117995,85930.54999999999,5492.0,1563567.686837788,-123471.02692598855,-1916706626.9911342,4729316409.903098,1687038.7137637765,109965.62,-24035.07
7980.0,2977232.6520785526,308178.13,8515.0,2979885.533197388,-2652.881118835616,-1938358323.2909791,7257349325.38656,2982538.4143162235,308672.95,-494.82000000000005
7985.0,76117.29107299111,7350.54,222.0,77748.2204930472,-1630.9294200560935,-54786580.86601624,201305535.05471364,79379.1499131033,7659.66,-309.12
7990.0,3232924.518928487,334583.26999999996,9266.0,3234150.2280645324,-1225.7091360456002,-2062118592.8757122,8038434904.369161,3235375.937200578,334821.86,-238.59
7995.0,47292.49895745955,4107.03,136.0,48521.34919888132,-1228.850241421766,-39006036.35295919,135238766.808873,49750.199440303084,4346.7,-239.67000000000002
8000.0,19268814.848274566,-588325.9500000002,171116.0,40025014.867462404,-20756200.019187838,-49090486655.459656,173883085592.57556,60781214.886650234,3513365.3899999997,-4101691.34
8005.0,31033.332446621316,2088.21,133.0,39681.135861488714,-8647.803414867396,-33970195.34644003,132608488.66859849,48328.93927635611,3811.2599999999998,-1723.05
8010.0,4564300.451943587,410657.93000000005,13360.0,4573797.7816949645,-9497.32975137759,-4093585226.1534615,12844887521.580294,4583295.111446342,412553.59,-1895.66
8015.0,3126.4823817805586,46.3900000000001,22.0,5610.400878197553,-2483.918496416994,-5547435.81141008,23133037.59471888,8094.319374614546,545.1700000000001,-498.78
8020.0,3612769.6866283403,361543.31,10492.0,3613184.6597388946,-414.9731105541006,-2453790618.403194,9736525720.662691,3613599.632849449,361626.81,-83.5
8025.0,979605.9125076203,85196.73999999999,3416.0,1039277.1553532969,-59671.24284567656,-877372233.4460719,3094345482.6535444,1098948.3981989734,97375.3,-12178.56
8030.0,4218045.186692231,414719.28,12240.0,4226394.29166034,-8349.104968108342,-2867129807.4695773,11720615650.743406,4234743.396628448,416409.48000000004,-1690.2
8035.0,18170.741638852945,1523.3199999999997,61.0,19846.440867983463,-1675.699229130518,-15480437.408939295,62528670.72201718,21522.14009711398,1878.9199999999998,-355.6
8040.0,15447815.627702367,1534602.6,45038.0,15454138.064135933,-6322.436433566026,-10268399928.771011,43418772664.237564,15460460.5005695,1535943.4500000002,-1340.85
8045.0,26418.161051144867,2434.9,76.0,26418.161051144867,0.0,-19872529.040877763,77974822.18265148,26418.161051144867,2434.9,0.0
8050.0,13319499.24237494,1241254.0799999998,41007.0,13380148.887821121,-60649.64544618158,-10409795420.21391,39659653518.747604,13440798.533267302,1254246.4899999998,-12992.41
8055.0,39466.42698412892,3369.1800000000003,113.0,39466.42698412892,0.0,-33073557.915450808,123069563.62492985,39466.42698412892,3369.1800000000003,0.0
8060.0,5090084.963488313,493157.69,14936.0,5090084.963488313,0.0,-3506438194.6617017,15035698117.665733,5090084.963488313,493157.69,0.0
8065.0,25067.431862402012,2044.4799999999998,72.0,25067.431862402012,0.0,-22236322.55142658,81196091.29900075,25067.431862402012,2044.4799999999998,0.0
8070.0,9832041.888259461,944821.8,28949.0,9832041.888259461,0.0,-6815207331.8373995,29684173996.316288,9832041.888259461,944821.8,0.0
8075.0,434273.44749690994,4718.7099999999955,2586.0,612892.5195393122,-178619.07204240232,-770428313.5222648,2721129607.0105915,791511.5915817146,44247.86,-39529.15
8080.0,4452450.774747233,419996.64999999997,13204.0,4452450.774747233,0.0,-3198157268.9495683,13816126724.878742,4452450.774747233,419996.64999999997,0.0
8085.0,6519.776070526756,484.81000000000006,19.0,6519.776070526756,0.0,-6440475.489099104,22700494.336044222,6519.776070526756,484.81000000000006,0.0
8090.0,6044080.939823525,567345.2999999999,17946.0,6044080.939823525,0.0,-4314579601.593086,19117121469.65686,6044080.939823525,567345.2999999999,0.0
8095.0,31813.82510570968,2534.4500000000003,94.0,31813.82510570968,0.0,-29042042.08689077,109586246.93383142,31813.82510570968,2534.4500000000003,0.0
8100.0,20227264.646658015,1746482.67,64419.0,20284363.084012713,-57098.43735469727,-17097147212.947662,67746217401.62017,20341461.52136741,1760033.13,-13550.460000000001
8105.0,10398.17648480959,964.72,31.0,10398.17648480959,0.0,-7465942.163846099,33904398.710149825,10398.17648480959,964.72,0.0
8110.0,5363724.704264606,494465.06000000006,16022.0,5363724.704264606,0.0,-3880777304.0847654,17690916209.28631,5363724.704264606,494465.06000000006,0.0
8115.0,11062.318320538237,423.23999999999995,34.0,11062.318320538237,0.0,-17034746.256316002,47988626.918979876,11062.318320538237,423.23999999999995,0.0
8120.0,7926464.0107199205,723716.6900000001,23783.0,7926464.0107199205,0.0,-5793269566.021689,26690104695.0392,7926464.0107199205,723716.6900000001,0.0
8125.0,1509083.3813623106,100010.43000000001,4652.0,1530241.4344621522,-21158.053099841367,-1512513433.3941078,5821419041.654605,1551399.4875619935,105104.19000000002,-5093.759999999999
8130.0,9440697.738769839,853200.8200000001,28459.0,9440697.738769839,0.0,-6981003963.786034,32456484351.990818,9440697.738769839,853200.8200000001,0.0
8135.0,7149.0772242330095,551.7,22.0,7149.0772242330095,0.0,-6771527.416675061,26604421.321703944,7149.0772242330095,551.7,0.0
8140.0,6722264.686047339,601319.39,20363.0,6722264.686047339,0.0,-5028445839.908166,23587568674.71864,6722264.686047339,601319.39,0.0
8145.0,13583.475111512818,404.34000000000003,46.0,13583.475111512818,0.0,-23372639.84218003,64169032.53905975,13583.475111512818,404.34000000000003,0.0
8150.0,15854552.508263368,1376867.43,48529.0,15854552.508263368,0.0,-12384903624.918068,57196318365.27926,15854552.508263368,1376867.43,0.0
8155.0,2862.4341919176295,84.3,10.0,2862.4341919176295,0.0,-4991241.486590732,13741085.309771232,2862.4341919176295,84.3,0.0
8160.0,14690294.183046356,1287777.4,44980.0,14690294.183046356,0.0,-11240689975.246855,53608461997.62722,14690294.183046356,1287777.4,0.0
8165.0,1385.495603885469,40.300000000000004,5.0,1385.495603885469,0.0,-2447718.061235737,6762240.928078242,1385.495603885469,40.300000000000004,0.0
8170.0,7274854.626934623,631119.28,22396.0,7274854.626934623,0.0,-5628655140.220908,27068282659.72549,7274854.626934623,631119.28,0.0
8175.0,1232129.1239207408,69909.75,3840.0,1232129.1239207408,0.0,-1417420991.7904947,5307379470.2995205,1232129.1239207408,69909.75,0.0
8180.0,18693904.076971658,1606697.2500000002,57899.0,18693904.076971658,0.0,-14623899741.383307,70855456874.13884,18693904.076971658,1606697.2500000002,0.0
8190.0,13721776.882485012,1166354.4000000001,42756.0,13721776.882485012,0.0,-10862688616.936188,53010672883.26992,13721776.882485012,1166354.4000000001,0.0
8200.0,20040989.152540743,1388968.44,88452.0,20040989.152540743,0.0,-25751589042.987537,84615815020.44438,20040989.152540743,1388968.44,0.0
8210.0,41202.880029130334,3118.96,136.0,41202.880029130334,0.0,-39338627.728464894,172062835.69166118,41202.880029130334,3118.96,0.0
8220.0,34244.7836756655,2815.36,109.0,34244.7836756655,0.0,-28201325.952224806,139901312.74521145,34244.7836756655,2815.36,0.0
8225.0,434620.4785138515,30582.68,1460.0,434620.4785138515,0.0,-438563781.55716425,1884489408.8925946,434620.4785138515,30582.68,0.0
8230.0,19118.981465940036,1527.87,62.0,19118.981465940036,0.0,-16495584.645855727,80120133.31123148,19118.981465940036,1527.87,0.0
8240.0,45049.03492961919,3616.56,146.0,45049.03492961919,0.0,-38249130.738816164,190806036.2399928,45049.03492961919,3616.56,0.0
8250.0,2338245.745807114,164848.53,7971.0,2338245.745807114,0.0,-2295233876.623313,10483619436.317022,2338245.745807114,164848.53,0.0
8260.0,16804.47854165247,1272.3899999999999,57.0,16804.47854165247,0.0,-15642575.162228772,74797203.3995418,16804.47854165247,1272.3899999999999,0.0
8270.0,20956.27418267632,1650.48,69.0,20956.27418267632,0.0,-17995426.216664,92885147.23392825,20956.27418267632,1650.48,0.0
8275.0,1004486.4241334202,66685.6,3423.0,1004486.4241334202,0.0,-1019818698.404882,4723858108.604044,1004486.4241334202,66685.6,0.0
8280.0,35926.3199111451,2784.9399999999996,120.0,35926.3199111451,0.0,-31583993.673004508,162255038.06307566,35926.3199111451,2784.9399999999996,0.0
8290.0,50849.8785659372,3451.49,191.0,50849.8785659372,0.0,-55451288.1578289,244460757.1159338,50849.8785659372,3451.49,0.0
8300.0,8314971.747070437,463314.39,50220.0,8314971.747070437,0.0,-13432552385.813211,42177733931.28587,8314971.747070437,463314.39,0.0
8310.0,10242.411989100916,259.15999999999997,62.0,10242.411989100916,0.0,-21478329.761192262,61380259.49498287,10242.411989100916,259.15999999999997,0.0
8320.0,159.44300588221262,4.01,1.0,159.44300588221262,0.0,-337964.28202876967,965926.2938530287,159.44300588221262,4.01,0.0
8325.0,632060.9255993519,45572.909999999996,2217.0,632060.9255993519,0.0,-603275005.5430306,3091302808.680971,632060.9255993519,45572.909999999996,0.0
8330.0,153.568230487342,3.84,1.0,153.568230487342,0.0,-328980.5254000951,941087.1136865474,153.568230487342,3.84,0.0
8340.0,4148.094572282249,103.03999999999999,28.0,4148.094572282249,0.0,-8979983.575084396,25688921.407215618,4148.094572282249,103.03999999999999,0.0
8350.0,1592117.5486683857,83025.7,10186.0,1592117.5486683857,0.0,-2668367527.868193,8665037101.89447,1592117.5486683857,83025.7,0.0
8360.0,0.0,0.0,0.0,0.0,0.0,0.0,0.0,0.0,0.0,0.0
8370.0,5313.692509020033,129.6,40.0,5313.692509020033,0.0,-11862761.84867045,33930874.89585575,5313.692509020033,129.6,0.0
8375.0,208177.91100359682,7651.4400000000005,2540.0,208177.91100359682,0.0,-560746011.6831154,1205317940.3933334,208177.91100359682,7651.4400000000005,0.0
8380.0,383.3323992380728,9.3,3.0,383.3323992380728,0.0,-864392.083378747,2474153.760026182,383.3323992380728,9.3,0.0
8390.0,4668.996102565057,112.48,38.0,4668.996102565057,0.0,-10633015.030175846,30455411.51677971,4668.996102565057,112.48,0.0
8400.0,9251963.340709848,473400.86,69186.0,9251963.340709848,0.0,-16065612457.408995,53052127897.12068,9251963.340709848,473400.86,0.0
8410.0,572.8185141178998,13.750000000000002,5.0,572.8185141178998,0.0,-1330259.4675570787,3802482.01928809,572.8185141178998,13.750000000000002,0.0
8420.0,0.0,0.0,0.0,0.0,0.0,0.0,0.0,0.0,0.0,0.0
8425.0,275390.90384449984,20314.689999999995,1050.0,275390.90384449984,0.0,-262082413.49419695,1482378054.35137,275390.90384449984,20314.689999999995,0.0
8430.0,2226.431070337851,52.71,21.0,2226.431070337851,0.0,-5269986.524216524,15068806.655494116,2226.431070337851,52.71,0.0
8440.0,101.82972747056327,2.39,1.0,101.82972747056327,0.0,-243302.02154093437,696053.8788904368,101.82972747056327,2.39,0.0
8450.0,1060381.6164759505,56926.229999999996,7723.0,1060381.6164759505,0.0,-1698652588.4501128,6331859173.030265,1060381.6164759505,56926.229999999996,0.0
8460.0,0.0,0.0,0.0,0.0,0.0,0.0,0.0,0.0,0.0,0.0
8470.0,2294.0245798369306,53.49999999999999,25.0,2294.0245798369306,0.0,-5634855.447839889,16052135.619469471,2294.0245798369306,53.49999999999999,0.0
8475.0,62660.135172712085,3013.28,318.0,62660.135172712085,0.0,-87068836.2798117,397646217.1233754,62660.135172712085,3013.28,0.0
8480.0,0.0,0.0,0.0,0.0,0.0,0.0,0.0,0.0,0.0,0.0
8490.0,257.0340024084596,5.970000000000001,3.0,257.0340024084596,0.0,-642811.471692786,1825346.5552305856,257.0340024084596,5.970000000000001,0.0
8500.0,6103631.367157013,326961.37999999995,50143.0,6103631.367157013,0.0,-10010353298.31271,38110379803.57321,6103631.367157013,326961.37999999995,0.0
8510.0,79.99989596447843,1.8499999999999999,1.0,79.99989596447843,0.0,-203626.98667306715,576342.1269165945,79.99989596447843,1.8499999999999999,0.0
8520.0,7101.918427169922,163.76,92.0,7101.918427169922,0.0,-18234247.758035358,51545116.789022215,7101.918427169922,163.76,0.0
8525.0,59690.84725933546,3615.6400000000003,274.0,59690.84725933546,0.0,-68535911.04921183,377937839.79483724,59690.84725933546,3615.6400000000003,0.0
8530.0,0.0,0.0,0.0,0.0,0.0,0.0,0.0,0.0,0.0,0.0
8540.0,864.9731666417011,19.8,12.0,864.9731666417011,0.0,-2259151.0485227867,6364862.7498336155,864.9731666417011,19.8,0.0
8550.0,960376.8132237081,55145.909999999996,4447.0,960376.8132237081,0.0,-1124970536.970001,6302936258.090674,960376.8132237081,55145.909999999996,0.0
8575.0,95975.69235974949,5136.07,496.0,95975.69235974949,0.0,-122786524.30371477,653224812.8094615,95975.69235974949,5136.07,0.0
8600.0,6039161.980609188,307066.65,58380.0,6039161.980609188,0.0,-10349980913.73981,41489486695.01064,6039161.980609188,307066.65,0.0
8650.0,606990.1334819831,37238.32,3102.0,606990.1334819831,0.0,-699737284.0603727,4278785775.3231893,606990.1334819831,37238.32,0.0
8700.0,2270273.638530944,114386.39000000001,16102.0,2270273.638530944,0.0,-3216299323.043709,17256491931.798454,2270273.638530944,114386.39000000001,0.0
8800.0,4436251.11838225,212648.66999999998,43560.0,4436251.11838225,0.0,-7021287334.598355,36426109911.83213,4436251.11838225,212648.66999999998,0.0
8900.0,1403492.4275258437,56863.53999999999,35079.0,1403492.4275258437,0.0,-3433850132.1354847,12025241021.13968,1403492.4275258437,56863.53999999999,0.0
9000.0,4888650.7059711255,218869.19999999998,52786.0,4888650.7059711255,0.0,-7646797923.973102,46549218718.10641,4888650.7059711255,218869.19999999998,0.0
9100.0,421772.72558537504,18227.65,5262.0,421772.72558537504,0.0,-684617165.0243311,4271535086.0180364,421772.72558537504,18227.65,0.0
9200.0,2206928.669576954,92135.62000000001,34124.0,2206928.669576954,0.0,-3788531331.655164,23552463085.604103,2206928.669576954,92135.62000000001,0.0
9300.0,15106.953203600478,626.45,276.0,15106.953203600478,0.0,-26749801.360107407,168478843.7462614,15106.953203600478,626.45,0.0
9400.0,382662.90806159365,15541.15,8404.0,382662.90806159365,0.0,-707961624.9535067,4449453897.159653,382662.90806159365,15541.15,0.0
9600.0,193621.16301736675,7657.91,6038.0,193621.16301736675,0.0,-390580478.81704473,2404669942.336512,193621.16301736675,7657.91,0.0
9800.0,58232.0434074437,2253.95,2714.0,58232.0434074437,0.0,-131836699.09707019,762069101.6074113,58232.0434074437,2253.95,0.0
10000.0,642148.1025235065,24789.59,37251.0,642148.1025235065,0.0,-1475139691.956394,8883331405.582365,642148.1025235065,24789.59,0.0
10200.0,39252.00736078017,1605.79,2339.0,39252.00736078017,0.0,-86706263.66981071,571992282.5676917,39252.00736078017,1605.79,0.0
10400.0,16385.088809137862,686.24,1205.0,16385.088809137862,0.0,-37291300.49549617,249052497.3302093,16385.088809137862,686.24,0.0
10600.0,11141.253796123146,452.53000000000003,1211.0,11141.253796123146,0.0,-29007998.181424987,171419631.22439745,11141.253796123146,452.53000000000003,0.0
10800.0,8401.555413669772,353.78000000000003,1064.0,8401.555413669772,0.0,-22484969.519802622,133017204.19295973,8401.555413669772,353.78000000000003,0.0
11000.0,15425.378301051856,653.51,2212.0,15425.378301051856,0.0,-41782908.67560561,252143843.0992837,15425.378301051856,653.51,0.0
11200.0,2477.627700206483,106.1,427.0,2477.627700206483,0.0,-7094098.77514473,41091204.8550239,2477.627700206483,106.1,0.0
11400.0,10276.893906853877,440.48,2050.0,10276.893906853877,0.0,-30516613.87576407,173554072.98756275,10276.893906853877,440.48,0.0
11600.0,108.38682173015876,5.130000000000001,19.0,108.38682173015876,0.0,-285892.8679946762,1950548.2068119019,108.38682173015876,5.130000000000001,0.0
11800.0,84.88662059879854,4.079999999999999,17.0,84.88662059879854,0.0,-232278.21124445682,1549421.192219319,84.88662059879854,4.079999999999999,0.0
12000.0,40168.874430114396,1709.84,16862.0,40168.874430114396,0.0,-149804221.10201585,688539025.7440205,40168.874430114396,1709.84,0.0
