strike,net_gex,net_dex,total_oi,call_gex,put_gex,charm_exp,vanna_exp,gross_gex,call_dex,put_dex
-1.0,260403258.90506986,190009255.07,13782779.0,7530.62,19968.0,,,,,
1200.0,-2806.7721051578433,-495.56999999999994,16519.0,0.0,-2806.7721051578433,40486643.078976765,-39869774.74905385,2806.7721051578433,0.0,-495.56999999999994
1400.0,-4786.187976587441,-777.5,15115.0,0.0,-4786.187976587441,54939300.5773933,-69141112.27065167,4786.187976587441,0.0,-777.5
1600.0,-8545.866393166618,-1364.56,18485.0,0.0,-8545.866393166618,90782675.24253462,-119723002.70142645,8545.866393166618,0.0,-1364.56
1800.0,-10622.65301230762,-1347.0400000000002,16100.0,0.00835330525637399,-10622.661365612877,103945529.2211038,-144844642.5657707,10622.669718918134,300.0,-1647.0400000000002
2000.0,-41422.46321397766,-6067.330000000001,47973.0,0.0,-41422.46321397766,393584506.38314897,-543251034.3762045,41422.46321397766,0.0,-6067.330000000001
2200.0,-57733.89552040694,229199.24,52687.0,55.043273060191126,-57788.93879346713,542637442.3834438,-737509908.2430842,57843.98206652732,237700.0,-8500.76
2400.0,-48996.95928876701,-6964.79,31269.0,0.014127067961885635,-48996.97341583497,434122254.5690321,-621333719.8931203,48996.987542902934,100.0,-7064.79
2500.0,-64550.170544659464,-8169.989999999999,65985.0,0.015668592304751122,-64550.18621325177,1118760946.9759483,-758798719.7773176,64550.20188184407,100.0,-8269.99
2600.0,-26259.65064773787,4390.849999999999,16800.0,1.9926690049650446,-26261.643316742833,269851726.5716115,-317086238.2354804,26263.635985747802,8000.0,-3609.15
2700.0,-114935.86831638019,-15125.9,56021.0,0.0,-114935.86831638019,949692645.7860556,-1354038406.7239149,114935.86831638019,0.0,-15125.9
2800.0,-151591.59666336034,-19839.45,66673.0,0.11292957491606415,-151591.70959293525,1214020644.9377682,-1778289865.592812,151591.82252251016,500.0,-20339.45
2900.0,-13195.351764972349,1276.1800000000003,7563.0,0.09679953144701306,-13195.448564503795,177889307.38288575,-150708408.92978987,13195.545364035243,3000.0,-1723.82
3000.0,-125651.50768914758,11561.300000000001,66460.0,7.040708066554357,-125658.54839721412,1342526085.6447115,-1404574942.046755,125665.58910528068,27600.0,-16038.699999999999
3100.0,-18684.335043810053,-2301.45,9992.0,0.0,-18684.335043810053,237466294.29489282,-201927337.10442242,18684.335043810053,0.0,-2301.45
3200.0,-83201.21402410058,-3970.3099999999986,32871.0,37.49652680185016,-83238.71055090243,778041269.5756177,-913187731.3881017,83276.20707770428,6496.96,-10467.269999999999
3300.0,-142362.4390008498,-18217.33,43241.0,0.0,-142362.4390008498,1268318280.9080446,-1558764146.8132207,142362.4390008498,0.0,-18217.33
3400.0,-108849.05062949854,-12145.83,32552.0,0.5916106457640729,-108849.6422401443,945325441.0559793,-1174181348.9778583,108850.23385079007,1600.0,-13745.829999999998
3450.0,-2593.5063668543935,-219.44,1688.0,0.0,-2593.5063668543935,39740864.17059292,-22784594.387070753,2593.5063668543935,0.0,-219.44
3500.0,-368595.1723701621,-45110.43,81559.0,0.0,-368595.1723701621,2631836459.0021257,-3895365820.992929,368595.1723701621,0.0,-45110.43
3550.0,-1204.7920381942934,-99.9,666.0,0.0,-1204.7920381942934,17783789.579307355,-10423768.400489574,1204.7920381942934,0.0,-99.9
3600.0,-90924.48840200213,-10191.300000000001,26665.0,0.34459420073922975,-90924.83299620287,928515392.5290602,-913420022.6291454,90925.1775904036,199.98000000000002,-10391.28
3650.0,-1743.4162925341789,-137.59,2751.0,0.0,-1743.4162925341789,116258746.70741549,-13078459.329363955,1743.4162925341789,0.0,-137.59
3700.0,-96025.0209262033,-11113.269999999999,20625.0,1.6260863094504803,-96026.64701251275,753852501.7928008,-971800087.5324236,96028.2730988222,99.88,-11213.15
3750.0,-3804.1166814141293,-282.37,3739.0,0.0,-3804.1166814141293,144841247.46616042,-29263390.410673197,3804.1166814141293,0.0,-282.37
3800.0,-279769.6037750098,-34810.56,50560.0,0.011235092658078125,-279769.61501010245,1827878030.2847874,-2894540969.5011845,279769.6262451951,100.0,-34910.56
3850.0,-33080.723309871755,-3935.46,6669.0,0.0,-33080.723309871755,274169435.1092344,-332613057.78351724,33080.723309871755,0.0,-3935.46
3900.0,-98651.52173143865,-10046.97,28653.0,0.0,-98651.52173143865,1105005663.549192,-906769664.8081226,98651.52173143865,0.0,-10046.97
3950.0,-27241.63421065761,-3145.2299999999996,5557.0,0.0024469381751418442,-27241.636657595784,248629168.84098274,-270655911.2433495,27241.63910453396,100.0,-3245.2299999999996
3975.0,-914.6135069631088,-71.24,274.0,0.0,-914.6135069631088,11472748.665092254,-7469351.629761593,914.6135069631088,0.0,-71.24
4000.0,-935407.7705445433,239681.51,126943.0,135.2358364787192,-935543.0063810219,5646601220.195802,-9101392855.141083,935678.2422175006,346000.0,-106318.49
4025.0,-1928.2667743834463,-150.07999999999998,536.0,0.0,-1928.2667743834463,23712677.281195458,-15623871.94354321,1928.2667743834463,0.0,-150.07999999999998
4050.0,-53615.49616378651,-6159.8099999999995,7547.0,0.0,-53615.49616378651,363597566.2565203,-522331656.3249283,53615.49616378651,0.0,-6159.8099999999995
4075.0,-1581.1373338330675,-122.7,409.0,0.0,-1581.1373338330675,19059768.79879513,-12715622.31545665,1581.1373338330675,0.0,-122.7
4100.0,-142534.25438554754,-15866.16,20476.0,0.1762498210588724,-142534.4306353686,971473152.8302398,-1362820751.8981252,142534.60688518966,200.0,-16066.16
4125.0,-16888.17340421574,-1854.3999999999999,1790.0,0.0,-16888.17340421574,90313104.33105648,-160795771.86706176,16888.17340421574,0.0,-1854.3999999999999
4150.0,-61880.83226003879,-7077.97,10042.0,0.07369194288993058,-61880.90595198168,501414679.16634035,-599016229.5690254,61880.97964392457,200.0,-7277.97
4175.0,-7118.794925897817,-726.92,916.0,0.0,-7118.794925897817,47633435.641759574,-64718874.97825317,7118.794925897817,0.0,-726.92
4200.0,-218078.3149989646,-20962.81,34676.0,7.117232399255648,-218085.43223136387,1813058669.1152258,-1993779413.2186062,218092.54946376313,1999.6,-22962.41
4225.0,-4884.99719003625,-501.18,1468.0,0.0,-4884.99719003625,81809960.8615272,-43486591.81731754,4884.99719003625,0.0,-501.18
4250.0,-65777.63899394123,-7285.07,9892.0,0.0,-65777.63899394123,514581755.9233965,-610703746.0601819,65777.63899394123,0.0,-7285.07
4275.0,-12139.231362806799,-982.4500000000002,1868.0,0.24999331136845956,-12139.481356118167,105978847.43262418,-110752044.43086804,12139.731349429536,300.0,-1282.4500000000003
4300.0,-197716.64756605902,-18887.69,23503.0,0.061207188480393894,-197716.7087732475,1313126711.8570738,-1805834611.8405352,197716.769980436,2200.0,-21087.69
4325.0,-9965.56497270426,-1007.14,1698.0,0.0,-9965.56497270426,99466659.2931993,-88266093.99208665,9965.56497270426,0.0,-1007.14
4350.0,-62236.3621483168,-6236.52,6448.0,0.1784900816566746,-62236.54063839846,367918798.10655105,-580013853.9196585,62236.719128480116,800.0,-7036.52
4375.0,-13347.861804545855,-1249.7600000000002,2757.0,0.0,-13347.861804545855,163851154.42928472,-112223078.75983685,13347.861804545855,0.0,-1249.7600000000002
4400.0,-315240.1847374355,-32028.59,37723.0,0.47384876415685545,-315240.6585861996,2224501769.135824,-2797835244.130012,315241.1324349638,399.99,-32428.579999999998
4425.0,-16013.960257981416,-1529.8400000000001,2634.0,0.0,-16013.960257981416,161038431.68748805,-135790372.2620288,16013.960257981416,0.0,-1529.8400000000001
4450.0,-73637.26786201951,-7670.2699999999995,7850.0,0.0,-73637.26786201951,482837089.56237006,-652071886.4934337,73637.26786201951,0.0,-7670.2699999999995
4475.0,-13318.09602869408,-1088.1999999999998,2582.0,0.0,-13318.09602869408,167545764.2005896,-103989871.84969127,13318.09602869408,0.0,-1088.1999999999998
4500.0,-742269.9318486172,-63146.0,64725.0,273.96411377853406,-742543.8959623956,4234426011.0623713,-6575221421.527462,742817.8600761741,14383.380000000001,-77529.38
4525.0,-16053.734392202674,-1314.46,2537.0,0.09348855657429812,-16053.827880759249,166977337.67444393,-133888427.49156594,16053.921369315824,200.0,-1514.46
4550.0,-66846.94096608942,-2852.21,7082.0,10.787848134979846,-66857.72881422439,448418627.8514744,-610683898.9414582,66868.51666235938,4799.5,-7651.709999999999
4575.0,-16238.011457251767,-1508.6599999999999,2111.0,0.0,-16238.011457251767,145991476.57081333,-134518901.27187854,16238.011457251767,0.0,-1508.6599999999999
4600.0,-329533.4225333261,-26986.059999999998,37086.0,13.162888743652308,-329546.5854220697,2415049897.7314935,-2824853137.7139487,329559.7483108134,6299.6,-33285.659999999996
4625.0,-36151.81624734882,-727.2300000000001,4321.0,1.2760827272382687,-36153.092330076055,294872934.2085759,-311356714.42565274,36154.36841280329,3000.0,-3727.23
4650.0,-90873.97644097534,-6885.2,8612.0,1.4694777122583915,-90875.44591868759,627031240.4981043,-760252063.4827287,90876.91539639985,2000.0,-8885.199999999999
4675.0,-38699.743563732874,-1818.1699999999996,3316.0,5.805407065941776,-38705.548970798816,241181039.94879767,-329308481.5037448,38711.35437786476,2099.83,-3918.0
4700.0,-455346.2375407261,-45814.81999999999,31948.0,7.54990028869797,-455353.7874410148,2299285476.7867503,-3925260782.0881987,455361.33734130353,1399.65,-47214.469999999994
4725.0,-33183.99095421466,-3128.34,3257.0,0.1357627626199753,-33184.12671697728,246198515.4947436,-274101860.6988789,33184.262479739904,100.0,-3228.34
4750.0,-187536.39626645204,-15817.4,19066.0,12.406977715650072,-187548.80324416768,1551180768.8087199,-1465816896.445531,187561.21022188332,299.34000000000003,-16116.74
4775.0,-59528.90853845347,-4190.02,6356.0,86.92073305157041,-59615.82927150504,502659320.79826325,-477245041.7431825,59702.75000455661,1294.54,-5484.5599999999995
4800.0,-561234.2701201335,9025.890000000001,59165.0,184.38432293492178,-561418.6544430684,4521515802.740074,-4453443844.780807,561603.0387660033,60192.9,-51167.01
4825.0,-43134.41694578427,-4139.12,3075.0,0.18572169762272245,-43134.60266748189,244429636.0944562,-359524068.88504803,43134.78838917952,200.0,-4339.12
4850.0,-211463.16791900157,29759.260000000002,18800.0,36.031944984246245,-211499.19986398582,1471536740.2327468,-1727355825.3276062,211535.23180897004,50299.69,-20540.43
4875.0,-69518.78375126752,-1996.4699999999998,7951.0,216.68464618440592,-69735.46839745193,687157870.3904381,-550145467.7586558,69952.15304363632,4488.1,-6484.57
4900.0,-488455.10748554056,223379.41999999998,32099.0,320.3756836873584,-488775.48316922795,2447451596.9008718,-4057839156.6545854,489095.85885291535,272790.28,-49410.86000000001
4925.0,-69067.74788876549,-4623.85,5335.0,127.6021082808107,-69195.3499970463,467287025.32951784,-547182442.6495606,69322.9521053271,1790.7,-6414.55
4950.0,-112110.26096241653,-2682.68,8143.0,140.91700638469283,-112251.17796880123,704036041.5137647,-899291668.2031403,112392.09497518593,8189.8,-10872.48
4975.0,-104305.13093646984,-7920.43,9593.0,215.4558025593253,-104520.58673902917,804309978.797014,-835393181.6113439,104736.0425415885,2184.3900000000003,-10104.82
5000.0,-4536534.392029275,18788148.66,481163.0,291347.0995422775,-4827881.491571553,55787943865.02522,-40571054024.08236,5119228.591113831,19250587.28,-462438.62
5025.0,-81439.29678773737,-5905.25,5010.0,74.81221447661093,-81514.10900221398,436985591.4771155,-658230439.5752969,81588.92121669059,2295.98,-8201.23
5050.0,-285852.997314333,-5959.230000000001,14497.0,1025.200458595716,-286878.1977729287,1351748463.670487,-2282891752.682039,287903.39823152445,21536.28,-27495.51
5075.0,-113346.82337804452,-6085.249999999999,6994.0,264.1143605661976,-113610.93773861071,699338794.5823643,-861328337.4367472,113875.0520991769,3885.7000000000003,-9970.949999999999
5100.0,-964145.6654247168,260657.02,48038.0,30583.362988649802,-994729.0284133668,4382319830.672334,-8244356889.733469,1025312.3914020165,358297.24,-97640.22
5125.0,-163938.02998378646,18554.969999999998,8867.0,3850.755192044745,-167788.7851758312,929243433.1534468,-1299829976.0883036,171639.54036787595,33171.42,-14616.45
5150.0,-312281.64808460616,38435.66,18151.0,2474.322178365286,-314755.9702629714,1906171958.506978,-2365869330.496932,317230.2924413367,66058.48,-27622.82
5175.0,-161277.2104422404,-10158.49,8639.0,410.26361556917544,-161687.47405780957,994277109.9406666,-1168936280.9363275,162097.73767337875,3075.2,-13233.69
5200.0,-1127179.160883248,225864.10999999996,100651.0,46919.24675657736,-1174098.4076398255,8905377974.00259,-9072739504.889406,1221017.6543964026,327161.86,-101297.75
5225.0,-278650.4400948377,-23875.04,9441.0,816.6249605198699,-279467.0650553576,905570582.2090605,-2218504562.817337,280283.6900158774,5048.490000000001,-28923.530000000002
5250.0,-466334.9744280536,8403.489999999996,21338.0,8553.554361611632,-474888.5287896652,2410637459.8783693,-3606095225.175282,483442.08315127686,50951.06999999999,-42547.58
5275.0,-326449.04164251505,-31735.56,11969.0,308.9802521669605,-326758.021894682,1249346628.3774574,-2523439946.2936125,327067.002146849,1373.39,-33108.95
5300.0,-1017473.8084681667,304879.1,48104.0,80366.6962910165,-1097840.5047591834,5346010130.807448,-8896576989.432663,1178207.2010501998,404342.02,-99462.92
5325.0,-199977.58704896405,-18491.35,9558.0,42.759163158160085,-200020.3462121222,1026768099.8046805,-1485222470.2564719,200063.10537528037,297.14,-18788.489999999998
5350.0,-286317.87994107127,66807.33,13619.0,19907.382603660255,-306225.26254473155,1792277079.9433022,-2368035269.0585117,326132.6451483918,92771.05,-25963.719999999998
5375.0,-149844.1954124377,-1332.9499999999987,6694.0,110.31840699298694,-149954.5138194307,737703488.7568331,-1093119288.867156,150064.83222642366,12392.94,-13725.89
5400.0,-1365125.7065929684,188684.35,63912.0,71828.58612874417,-1436954.2927217127,7290175849.274989,-11093222565.314428,1508782.8788504568,320455.87,-131771.52000000002
5425.0,-141062.78348546897,-10945.890000000001,6807.0,240.03900499699697,-141302.82249046597,808628999.3612603,-993107289.2902126,141542.86149546294,1181.68,-12127.57
5450.0,-489967.85707325174,11678.700000000003,18839.0,5859.453002703117,-495827.3100759549,2394135261.559842,-3545812485.444321,501686.76307865797,54906.420000000006,-43227.72
5475.0,-318432.8541679305,-23701.66,9414.0,2170.0278057321034,-320602.8819736626,1103662184.523371,-2359243452.6914024,322772.9097793947,7245.579999999999,-30947.24
5480.0,-128.2950759050493,-1.96,196.0,0.0,-128.2950759050493,18418219.84409152,-308642.1931486647,128.2950759050493,0.0,-1.96
5490.0,-1067.7689240469117,-28.769999999999996,959.0,0.0,-1067.7689240469117,152231065.38818786,-2447842.314304743,1067.7689240469117,0.0,-28.769999999999996
5500.0,-3234249.988831111,1160826.64,125544.0,270079.53662440553,-3504329.5254555168,15616879151.763088,-27217278348.3606,3774409.0620799223,1481869.46,-321042.82
5510.0,-1797.8963763078305,540.23,717.0,11.474275963897346,-1809.370652271728,106734323.26445681,-6972658.943590692,1820.844928235625,599.57,-59.339999999999996
5520.0,-353.5222679746617,588.97,318.0,16.5271793496234,-370.0494473242851,46581210.59802218,-1019660.88543788,386.57662667390844,599.23,-10.26
5525.0,-146986.31830221167,-11078.03,4685.0,374.937852809529,-147361.2561550212,653614091.0604359,-1032468698.3504078,147736.19400783072,2276.52,-13354.550000000001
5530.0,-758.755656308656,374.17,481.0,38.69817288411559,-797.4538291927715,75442025.92059892,-2664932.4065871965,836.1520020768871,398.34000000000003,-24.169999999999998
5540.0,-773.4923903045076,1079.17,645.0,2.9775018314290516,-776.4698921359366,99969538.0132833,-1938197.2321475737,779.4473939673657,1099.89,-20.720000000000002
5550.0,-385338.31681602943,28733.760000000002,16185.0,21772.338043920157,-407110.6548599496,2393433126.3150983,-2925592384.0606585,428882.9929038697,62995.87,-34262.11
5560.0,-9067.625592773898,381.24,1441.0,12.22925104434753,-9079.854843818246,234582731.0857172,-45806485.728947625,9092.084094862594,799.52,-418.28
5570.0,-4160.0750813942705,-170.55999999999997,1286.0,0.0,-4160.0750813942705,208362165.70434293,-18330408.69073739,4160.0750813942705,0.0,-170.55999999999997
5575.0,-201642.77891559692,46448.19000000001,11297.0,21795.970752558158,-223438.74966815507,1703187633.6250615,-1680117229.1079457,245234.72042071325,65500.73,-19052.539999999997
5580.0,-8852.001683303415,386.71000000000004,1269.0,108.33058427815038,-8960.332267581565,232495614.90441155,-45271338.620238945,9068.662851859717,795.3900000000001,-408.68
5590.0,-5540.303601820259,566.1500000000001,1457.0,26.305054921979362,-5566.608656742239,242663965.0197258,-25319365.495912403,5592.913711664218,799.01,-232.85999999999996
5600.0,-1812010.258258381,347935.92,75073.0,171200.7774735214,-1983211.035731902,10492730862.876322,-14861486691.56781,2154411.8132054238,520263.94999999995,-172328.03
5605.0,-854.6540471356199,-111.45,15.0,0.0,-854.6540471356199,1066212.3873995396,-6538362.129641277,854.6540471356199,0.0,-111.45
5610.0,-28876.45041733664,-1619.2300000000002,1465.0,50.96293598706738,-28927.413353323704,249201283.51774204,-175659002.65820125,28978.376289310774,194.68,-1813.9100000000003
5615.0,0.0,0.0,0.0,0.0,0.0,0.0,0.0,0.0,0.0,0.0
5620.0,-18214.942799002914,6314.05,2340.0,35.493467959019696,-18250.436266961933,373624975.1919761,-89311520.96386285,18285.929734920956,7099.02,-784.97
5625.0,-245563.75810543986,6783.4699999999975,7036.0,12279.177078142544,-257842.9351835824,976194069.6899923,-1873710714.3194296,270122.11226172495,30285.26,-23501.79
5630.0,-7741.171139914135,-121.82000000000002,606.0,0.1372831034590075,-7741.308423017595,104580856.81955585,-45294833.159286894,7741.445706121054,400.0,-521.82
5635.0,-643.8487178305334,-84.03999999999999,11.0,0.0,-643.8487178305334,786383.2380032325,-4874487.601249914,643.8487178305334,0.0,-84.03999999999999
5640.0,-12357.176009204231,-687.3299999999999,877.0,0.0,-12357.176009204231,156645925.4822985,-69918298.93208219,12357.176009204231,0.0,-687.3299999999999
5645.0,-767.6345798778598,-100.1,13.0,0.0,-767.6345798778598,930961.8209733727,-5792887.620458195,767.6345798778598,0.0,-100.1
5650.0,-606847.35368316,101013.11999999998,20899.0,60775.94537998052,-667623.2990631405,3111911354.9144816,-4965021518.223944,728399.244443121,158821.38999999998,-57808.27
5655.0,-2621.7230807237984,-341.88,44.0,0.0,-2621.7230807237984,3156697.186326568,-19712066.194620974,2621.7230807237984,0.0,-341.88
5660.0,-24788.191116690585,-1485.78,1158.0,0.0,-24788.191116690585,207924763.65130523,-147044866.4085027,24788.191116690585,0.0,-1485.78
5665.0,-60.11044875323001,-7.84,1.0,0.0,-60.11044875323001,71860.36254124036,-450480.1877520667,60.11044875323001,0.0,-7.84
5670.0,-64098.91835067248,1971.4599999999996,3671.0,25.672496477814807,-64124.59084715029,715644372.3516779,-344817462.3512155,64150.26334362811,5199.23,-3227.7700000000004
5675.0,-267205.8133525596,-11070.05,9100.0,2154.596391194764,-269360.40974375437,1441111713.3855162,-1775678764.193439,271515.0061349491,11464.460000000001,-22534.510000000002
5680.0,-14125.381685569682,-945.87,805.0,0.0,-14125.381685569682,136589824.99205345,-84050104.3708002,14125.381685569682,0.0,-945.87
5685.0,-856.6542565721751,-111.72,14.0,0.0,-856.6542565721751,1009341.4510480728,-6375068.733665149,856.6542565721751,0.0,-111.72
5690.0,-22840.13419676539,-121.27999999999997,1924.0,1.4064490798760756,-22841.540645845267,341488434.09947175,-119458468.70480712,22842.94709492514,1000.0,-1121.28
5695.0,-2099.2552594531903,-274.04,34.0,0.0,-2099.2552594531903,2455255.2038823576,-15563834.27535677,2099.2552594531903,0.0,-274.04
5700.0,-2244868.084161596,220406.86999999997,70220.0,173972.2769461912,-2418840.3611077876,11288269526.08804,-17091406152.869862,2592812.638053979,420400.81999999995,-199993.94999999998
5705.0,-685.3043921792191,-89.42999999999999,11.0,0.0,-685.3043921792191,795601.4576945816,-5061721.667142252,685.3043921792191,0.0,-89.42999999999999
5710.0,-30846.647638870032,-803.05,1351.0,43.01775975130777,-30889.66539862134,264816518.08521464,-178454214.37148103,30932.68315837265,1098.9,-1901.95
5715.0,-62.862413660842925,-8.200000000000001,1.0,0.0,-62.862413660842925,72437.8123275314,-462551.8589021659,62.862413660842925,0.0,-8.200000000000001
5720.0,-14771.260982087002,-451.04999999999995,784.0,1.946491809876601,-14773.207473896877,143816785.3548377,-85470133.49692357,14775.153965706755,499.95000000000005,-951.0
5725.0,-259208.50538743922,-16114.369999999999,6656.0,2881.978387210397,-262090.48377464962,1032700196.7160745,-1750409147.1884398,264972.46216186,7286.92,-23401.289999999997
5730.0,-17733.10387928341,-1149.94,918.0,0.0,-17733.10387928341,166809952.7159604,-103552941.72822481,17733.10387928341,0.0,-1149.94
5735.0,-3071.3415716588393,-400.8,48.0,0.0,-3071.3415716588393,3486694.3368461216,-22437120.126724694,3071.3415716588393,0.0,-400.8
5740.0,-24088.088150973097,-1277.95,1296.0,8.75560104863204,-24096.84375202173,254490900.36824286,-132894308.50335336,24105.59935307036,99.71,-1377.66
5745.0,-64.56185755881235,-8.42,1.0,0.0,-64.56185755881235,72739.0026466984,-469832.593216903,64.56185755881235,0.0,-8.42
5750.0,-1177595.1473362762,39983.49,35489.0,73605.80583437845,-1251200.9531706548,5661269999.970723,-8683064790.092207,1324806.7590050332,148597.25999999998,-108613.76999999999
5755.0,-781.5439199225434,-101.88000000000001,12.0,0.0,-781.5439199225434,873926.031687112,-5667969.074903985,781.5439199225434,0.0,-101.88000000000001
5760.0,-36116.06343372193,-2067.4,1578.0,0.0,-36116.06343372193,316854803.4622412,-202189304.37081194,36116.06343372193,0.0,-2067.4
5765.0,-197.14046993545904,-25.71,3.0,0.0,-197.14046993545904,218757.8329408228,-1424163.7219551844,197.14046993545904,0.0,-25.71
5770.0,-18200.54642689474,290.63000000000005,1128.0,114.39055873153526,-18314.936985626275,220906607.76579866,-104182396.46833561,18429.32754435781,1393.8300000000002,-1103.2
5775.0,-373276.77414630953,-9329.400000000001,9896.0,11589.68094231313,-384866.45508862264,1645339582.270412,-2553906598.2916083,396456.1360309358,23614.56,-32943.96000000001
5780.0,-21789.919994270665,-1421.5100000000002,884.0,54.73202332888917,-21844.652017599554,169539744.59658366,-129991348.76933345,21899.384040928442,95.38,-1516.89
5785.0,-1003.2611586779087,-130.95000000000002,15.0,0.0,-1003.2611586779087,1096273.9074877002,-7194145.946413511,1003.2611586779087,0.0,-130.95000000000002
5790.0,-21669.75100825367,-1156.32,1245.0,6.500046332197092,-21676.251054585864,252646851.90916893,-117995997.94017589,21682.75110091806,99.82,-1256.1399999999999
5795.0,-5466.1223845324785,-712.8,81.0,0.0,-5466.1223845324785,5926389.231463969,-39041492.26355124,5466.1223845324785,0.0,-712.8
5800.0,-2658898.1146583254,598593.2899999999,105583.0,382641.38683621644,-3041539.501494542,18622009547.25177,-21759486927.658703,3424180.8883307585,849680.4299999999,-251087.14
5805.0,-68.08662544442501,-8.89,1.0,0.0,-68.08662544442501,73241.532915978,-484374.049221466,68.08662544442501,0.0,-8.89
5810.0,-45917.97636426205,-3032.69,1606.0,10.960457543199173,-45928.93682180525,323822411.646862,-268031824.6304901,45939.89727934845,99.64,-3132.33
5815.0,-137.39001874082084,-17.919999999999998,2.0,0.0,-137.39001874082084,146627.1313256489,-973500.7697414804,137.39001874082084,0.0,-17.919999999999998
5820.0,-27563.797247988045,-1611.8600000000001,1301.0,20.337384756280056,-27584.134632744324,260259692.33147117,-157856004.65804738,27604.472017500604,199.36,-1811.22
5825.0,-291972.26335029537,-17816.89,7092.0,1558.2748604507508,-293530.53821074613,1335092278.4716196,-1810064062.2467885,295088.81307119684,4988.95,-22805.84
5830.0,-54886.84233493771,-3080.4900000000002,8020.0,9.43865273401045,-54896.28098767172,1521114972.0945244,-287482392.3838279,54905.71964040573,399.72,-3480.21
5835.0,-2949.0288321430385,-347.62,46.0,0.0,-2949.0288321430385,4875541.07652754,-20133606.111520134,2949.0288321430385,0.0,-347.62
5840.0,-52793.20756816023,-3008.82,1577.0,26.584581982936257,-52819.79215014317,335413468.10172874,-301494954.0132137,52846.376732126104,198.99,-3207.81
5845.0,-282.1476808181353,-36.84,4.0,0.0,-282.1476808181353,293996.2675374801,-1975946.65611531,282.1476808181353,0.0,-36.84
5850.0,-898027.0928877566,-7048.689999999992,27217.0,37242.38439448367,-935269.4772822403,5012625135.168747,-5989610075.563943,972511.8616767239,67222.86,-74271.55
5855.0,-120.16176035299995,-12.48,2.0,0.0,-120.16176035299995,274499.1271545796,-787508.9792003324,120.16176035299995,0.0,-12.48
5860.0,-46285.53717408053,-2744.62,1587.0,27.778473847256723,-46313.31564792779,341552245.1352331,-260910701.6315784,46341.094121775044,199.07999999999998,-2943.7
5865.0,-3661.678376547638,-478.37999999999994,51.0,0.0,-3661.678376547638,3753823.05688416,-25433800.383326467,3661.678376547638,0.0,-478.37999999999994
5870.0,-24172.09851380662,-1304.47,1282.0,0.0,-24172.09851380662,278070415.48180705,-126581234.18556717,24172.09851380662,0.0,-1304.47
5875.0,-336692.73516862566,-5745.289999999999,8381.0,11207.906650063538,-347900.6418186892,1574045345.9143665,-2203660127.000738,359108.5484687527,22245.170000000002,-27990.46
5880.0,-35813.04584560853,-1880.07,3068.0,19.30050342425681,-35832.346349032785,625335794.2464186,-187300717.99984422,35851.646852457045,199.42000000000002,-2079.49
5885.0,-51.09195242038955,-3.3000000000000003,1.0,0.0,-51.09195242038955,205143.22190455833,-300898.48190151266,51.09195242038955,0.0,-3.3000000000000003
5890.0,-41205.48575686455,-2280.23,1350.0,0.0,-41205.48575686455,312803594.02270174,-222816200.93311515,41205.48575686455,0.0,-2280.23
5895.0,0.0,0.0,0.0,0.0,0.0,0.0,0.0,0.0,0.0,0.0
5900.0,-3048918.1575333704,203350.98,106967.0,258009.9593041336,-3306928.116837504,21112620402.998814,-21330448607.760086,3564938.0761416373,450565.84,-247214.86
5905.0,0.0,0.0,0.0,0.0,0.0,0.0,0.0,0.0,0.0,0.0
5910.0,-69298.46628723394,13604.93,2703.0,3284.8670956049896,-72583.33338283891,524829586.7581975,-446712904.8785386,75868.2004784439,19185.030000000002,-5580.1
5915.0,-319.28137236115197,-20.52,6.0,0.0,-319.28137236115197,1254722.3557653981,-1864528.166242112,319.28137236115197,0.0,-20.52
5920.0,-44059.74793546764,-2217.48,1736.0,35.51662990468947,-44095.26456537233,411836960.3608918,-230586545.8264502,44130.78119527701,198.78,-2416.26
5925.0,-923443.5166545315,-50636.6,19168.0,5568.3153115506,-929011.831966082,4067447854.253174,-5424582180.431975,934580.1472776326,12786.49,-63423.090000000004
5930.0,-38549.2184883401,-1717.8999999999996,2090.0,28.376768378729828,-38577.59525671883,455283832.68491757,-203706765.15332273,38605.97202509756,399.28,-2117.18
5935.0,-10197.76140849059,-654.72,186.0,0.0,-10197.76140849059,39492696.96084601,-59128146.921743244,10197.76140849059,0.0,-654.72
5940.0,-36865.55080023694,3732.23,1414.0,1722.3748515433338,-38587.92565178027,324180637.2909824,-218480398.1636446,40310.300503323604,5926.26,-2194.0299999999997
5945.0,-55.61574178821925,-3.56,1.0,0.0,-55.61574178821925,213803.4238194486,-321419.39578083984,55.61574178821925,0.0,-3.56
5950.0,-1197819.1280018196,-873.259999999997,27303.0,56606.753683939954,-1254425.8816857596,5127848170.679604,-7935464822.739851,1311032.6353696997,106224.66,-107097.92000000001
5955.0,-225.37554736401407,-14.399999999999999,4.0,0.0,-225.37554736401407,860076.7773075884,-1299169.561612867,225.37554736401407,0.0,-14.399999999999999
5960.0,-41511.22220717383,-3854.93,1493.0,55.206571280142754,-41566.42877845397,287789474.2927069,-248396520.31537384,41621.63534973412,197.61,-4052.54
5965.0,-228.77565056755256,-14.6,4.0,0.0,-228.77565056755256,866551.5889342682,-1313950.4114779711,228.77565056755256,0.0,-14.6
5970.0,-17795.724648382766,-897.6700000000001,737.0,39.83979401581348,-17835.56444239858,170116045.2552484,-93925475.76637581,17875.404236414393,98.06,-995.73
5975.0,-666119.4255731081,-37984.79000000001,14076.0,10261.261543296723,-676380.6871164049,2744787119.350422,-4080756433.0245595,686641.9486597016,16697.489999999998,-54682.280000000006
5980.0,-34994.763330757894,-295.74,1206.0,733.7255316422238,-35728.48886240012,285471151.98640466,-194335586.0418641,36462.21439404234,1764.18,-2059.92
5985.0,-294.29497680794464,-18.75,5.0,0.0,-294.29497680794464,1098109.1671461293,-1679000.1805963493,294.29497680794464,0.0,-18.75
5990.0,-237006.29049108177,-14363.15,4765.0,95.68660171157481,-237101.97709279333,1078922626.1006005,-1331768232.0408516,237197.6636945049,393.15999999999997,-14756.31
5995.0,0.0,0.0,0.0,0.0,0.0,0.0,0.0,0.0,0.0,0.0
6000.0,-10974713.837598732,43903846.85,1194849.0,23414280.364995643,-34388994.20259438,320492523544.14453,-354004109651.419,57803274.56759002,46702881.99,-2799035.14
6005.0,-1267.9438082131135,-127.84,16.0,0.0,-1267.9438082131135,1950200.269629939,-7970138.893978231,1267.9438082131135,0.0,-127.84
6010.0,-153959.83553905852,1597.8399999999995,3674.0,2428.565849621739,-156388.40138868027,1072242259.9888822,-856708445.4671541,158816.967238302,10716.74,-9118.9
6015.0,-2883.815009226412,-290.52,36.0,0.0,-2883.815009226412,4398808.98222775,-18047849.262718193,2883.815009226412,0.0,-290.52
6020.0,-44617.586209998815,-1521.42,2262.0,86.22580920280286,-44703.812019201614,546693639.1518955,-219973857.4830167,44790.03782840442,697.12,-2218.54
6025.0,-826290.9946060908,93955.25,17267.0,125240.81737187745,-951531.8119779683,3229116876.0647216,-6456191129.162757,1076772.6293498457,172753.47,-78798.22
6030.0,-95934.17842911155,-4605.009999999999,2480.0,133.4716894937051,-96067.65011860525,632797513.2291317,-503791012.48113775,96201.12180809896,695.73,-5300.74
6035.0,-1309.2872423575957,-132.0,16.0,0.0,-1309.2872423575957,1963981.258033498,-8124984.573820436,1309.2872423575957,0.0,-132.0
6040.0,-50511.38488741206,-2440.7200000000003,1678.0,27.589373321480576,-50538.97426073354,438020698.29988706,-253368127.2866371,50566.56363405502,98.97,-2539.69
6045.0,-2563.5733033604265,-258.23,31.0,0.0,-2563.5733033604265,3813238.206687278,-15844240.808435958,2563.5733033604265,0.0,-258.23
6050.0,-4014450.9617869062,-121922.39,92970.0,113632.77739827136,-4128083.7391851777,23826288706.594147,-22864760785.1727,4241716.516583449,161977.30000000002,-283899.69
6055.0,-1760.3124167455817,-92.35000000000001,23.0,78.68953103548785,-1839.0019477810695,2841552.044973566,-11843253.107665187,1917.6914788165573,93.11,-185.46
6060.0,-53325.490899919256,-2601.8100000000004,1725.0,56.30010052276007,-53381.79100044202,454622118.53534645,-267089216.54140937,53438.09110096478,197.67000000000002,-2799.48
6065.0,-844.9511419899687,-85.2,10.0,0.0,-844.9511419899687,1235468.1712017646,-5175109.68933013,844.9511419899687,0.0,-85.2
6070.0,-41645.1654778152,-1753.3500000000001,1509.0,502.09193775263526,-42147.25741556784,372831250.37645984,-218709863.45256928,42649.349353320475,657.39,-2410.7400000000002
6075.0,-668311.0840018681,-38526.52,11914.0,5989.362932308013,-674300.4469341761,2525794359.228247,-3856273158.0379686,680289.8098664841,12889.66,-51416.18
6080.0,-75249.32351070584,-3955.54,2175.0,56.79603536512503,-75306.11954607096,560723763.7210649,-385475506.8191944,75362.91558143609,197.98,-4153.5199999999995
6085.0,-1208.3538902618202,-121.8,14.0,0.0,-1208.3538902618202,1736490.7175313153,-7336264.895937729,1208.3538902618202,0.0,-121.8
6090.0,-70224.45102942707,-597.5700000000002,10710.0,1439.230968842269,-71663.68199826934,2994770276.5887938,-300351641.88154256,73102.91296711161,2829.28,-3426.85
6095.0,-3053.502150567421,-307.65000000000003,35.0,0.0,-3053.502150567421,4349697.569793868,-18452685.05334608,3053.502150567421,0.0,-307.65000000000003
6100.0,-5861501.202458785,90020.04999999996,195132.0,372658.66359441413,-6234159.866053199,50728349414.883675,-34249059112.88453,6606818.529647614,496493.23,-406473.18
6105.0,-6613.816725035838,-666.75,75.0,0.0,-6613.816725035838,9338298.435955292,-39781287.56795959,6613.816725035838,0.0,-666.75
6110.0,-24686.006575762818,-14.700000000000045,1190.0,472.7461430386595,-25158.75271880148,320970298.1566154,-126024365.85666724,25631.49886184014,1380.33,-1395.03
6115.0,-5437.2344625360465,-547.78,61.0,0.0,-5437.2344625360465,7608870.672144392,-32550278.459085133,5437.2344625360465,0.0,-547.78
6120.0,-64602.58600333229,-1843.2199999999998,1659.0,177.4940581957351,-64780.08006152803,495552961.9041695,-315604476.7322699,64957.574119723766,1294.2500000000002,-3137.47
6125.0,-3113521.3251807685,-132955.91,65000.0,15620.529781893236,-3129141.8549626623,20254771477.631557,-15358650114.685862,3144762.384744555,25484.4,-158440.31000000003
6130.0,-60463.38535373242,-1953.8999999999999,1419.0,316.37162473414486,-60779.75697846657,388634951.154212,-313183224.57847756,61096.128603200705,1590.3,-3544.2
6135.0,-15733.684529450537,-1549.4800000000002,349.0,0.0,-15733.684529450537,61648177.4984377,-91719246.11810721,15733.684529450537,0.0,-1549.4800000000002
6140.0,-112968.62373556603,1497.7500000000007,2299.0,89.33525861957861,-113057.9589941856,615753956.0790014,-584173946.4850641,113147.29425280518,8197.900000000001,-6700.15
6145.0,-3756.6149621525065,248.1500000000001,273.0,123.618664302676,-3880.2336264551823,60095493.66565791,-21461404.938511778,4003.852290757858,591.47,-343.32
6150.0,-3995183.8201957718,-85329.04,145019.0,97492.22364211669,-4092676.0438378886,44384013562.47968,-20107262753.262337,4190168.267480005,140289.68000000002,-225618.72
6155.0,-3609.5433803720257,356.42999999999995,1148.0,140.80894274250744,-3750.352323114533,271488702.5323761,-11992880.233314235,3891.1612658570407,495.54999999999995,-139.12
6160.0,-208088.23986881113,-8364.539999999999,5178.0,437.2594906024143,-208525.49935941354,1629392441.8080916,-996495753.0456469,208962.75885001596,1478.82,-9843.36
6165.0,-1970.3103461519604,32.50999999999999,173.0,16.50815572927935,-1986.8185018812399,38863450.37714535,-10250654.626931706,2003.3266576105193,199.66,-167.15
6170.0,-36005.738130016405,-1886.3899999999999,862.0,49.1093759191,-36054.847505935504,255530195.697377,-181218473.2651338,36103.9568818546,198.39,-2084.7799999999997
6175.0,-2697962.9099010616,-75600.86,74001.0,61705.02466375159,-2759667.9345648135,22487364118.788696,-13936273271.876326,2821372.959228565,107058.25,-182659.11
6180.0,-100204.32694656614,-2746.1499999999996,4935.0,825.9133960077043,-101030.24034257384,1480503898.7359638,-492759271.6664679,101856.15373858155,3056.85,-5803.0
6185.0,-8259.753860366167,-225.06999999999994,413.0,468.25143454375007,-8728.005294909917,113186794.92596473,-49333532.008299425,9196.256729453668,559.33,-784.4
6190.0,-105209.55878004538,-6013.549999999999,4722.0,166.142217008775,-105375.70099705415,1401425303.6695886,-519168875.35813373,105541.84321406293,694.62,-6708.17
6195.0,-2825.983934315417,282.34999999999997,230.0,491.39317799535644,-3317.3771123107736,67960072.22227034,-19572488.76144703,3808.77029030613,558.23,-275.88
6200.0,-5568977.794408082,1181065.16,148170.0,1346963.7349562752,-6915941.529364357,36375653612.77644,-44907094619.16651,8262905.264320632,1730510.3699999999,-549445.21
6205.0,-1728.0563645729783,371.05000000000007,179.0,30.434036891869333,-1758.4904014648478,55092793.58626319,-8069963.592363031,1788.924438356717,499.45000000000005,-128.4
6210.0,-212856.3053575413,-8499.42,3949.0,717.1870080063526,-213573.49236554763,1339494978.3151183,-1018240583.3950956,214290.67937355398,1874.5300000000002,-10373.95
6215.0,-6083.0714229287005,-268.96000000000004,838.0,23.77453844050256,-6106.845961369203,261090106.61727786,-24482764.07427133,6130.6204998097055,99.33999999999999,-368.3
6220.0,-169249.3966273257,-6809.7,7297.0,158.97300344261896,-169408.36963076834,2622638833.3411274,-735391083.7384737,169567.34263421095,490.01,-7299.709999999999
6225.0,-3816858.186855951,138655.84999999998,70169.0,190157.23083663182,-4007015.4176925826,26787756624.711155,-20168651247.429653,4197172.648529215,359386.83999999997,-220730.99
6230.0,-128046.25745020655,-5091.429999999999,2072.0,111.18886369305696,-128157.4463138996,588015134.9643809,-654261744.8813487,128268.63517759266,2995.5,-8086.929999999999
6235.0,-3595.516936335469,-266.8,335.0,0.0,-3595.516936335469,102767744.70318824,-16258312.1396909,3595.516936335469,0.0,-266.8
6240.0,-126867.76340101486,6155.15,8501.0,6204.482870018029,-133072.2462710329,3176680199.7053885,-601498226.3587879,139276.72914105092,12629.6,-6474.45
6245.0,-2130.7072533332657,698.49,211.0,313.4855909959685,-2444.192844329234,79959363.24267626,-12243877.914907532,2757.6784353252024,885.2,-186.71
6250.0,-4415473.809791357,364720.49,124336.0,222839.99764007417,-4638313.8074314315,46759682842.487686,-24073978759.289715,4861153.805071506,691685.63,-326965.14
6255.0,-2176.8877383506488,153.28,281.0,90.33220332063645,-2267.219941671285,95398849.80660245,-9303875.92861611,2357.5521449919215,297.39,-144.10999999999999
6260.0,-145792.68513928066,33840.23,4166.0,762.1339439622877,-146554.81908324297,1284862899.3021605,-710534828.9039433,147316.95302720525,42172.9,-8332.67
6265.0,-6806.908294460873,-572.4799999999999,402.0,0.0,-6806.908294460873,121057337.41805616,-33207277.076658163,6806.908294460873,0.0,-572.4799999999999
6270.0,-143121.502111026,-4458.6,4152.0,317.3592491030832,-143438.86136012909,1490670510.0445266,-626122040.3624432,143756.22060923217,1487.8999999999999,-5946.5
6275.0,-3407812.5236283387,21786.400000000012,79712.0,84867.5016488401,-3492680.0252771787,28107030802.19007,-16631953488.525034,3577547.5269260188,224568.9,-202782.5
6280.0,-263667.5785492742,-5892.349999999999,4887.0,2582.7907468615304,-266250.36929613573,1759911608.6335704,-1260341682.6513727,268833.1600429973,7570.41,-13462.759999999998
6285.0,-3735.817081230341,-155.69,399.0,27.13316625589986,-3762.9502474862406,129814290.93160842,-15674640.939133313,3790.0834137421407,99.28,-254.97
6290.0,-199714.70299259378,-6757.03,3345.0,664.3277853570186,-200379.0307779508,1194415300.763878,-930233485.434895,201043.35856330782,2555.12,-9312.15
6295.0,-5680.552583567171,-366.82000000000005,398.0,105.09575633630551,-5785.648339903477,124459577.53359236,-27409903.266944297,5890.744096239782,90.60000000000001,-457.4200000000001
6300.0,-5925954.276572788,1076954.71,118451.0,926048.474592064,-6852002.751164852,30408333940.51025,-39872956228.74759,7778051.225756916,1605847.34,-528892.63
6305.0,-4341.219495370622,89.34999999999997,198.0,41.30029132094839,-4382.5197866915705,75602378.35599308,-20552419.718337268,4423.820078012519,399.2,-309.85
6310.0,-71209.22694880128,-1545.9499999999998,1779.0,531.7507707622035,-71740.97771956348,680014897.3320954,-331534920.66682005,72272.7284903257,2085.7,-3631.65
6315.0,-6590.236678028491,-22.74,633.0,167.40855503677477,-6757.645233065266,261279161.0523207,-25870629.47700691,6925.053788102041,293.07,-315.81
6320.0,-90567.35849007491,-2974.9900000000002,1539.0,275.47978786044916,-90842.83827793536,547716470.6797433,-428116181.4209335,91118.3180657958,1790.7199999999998,-4765.71
6325.0,-1092324.2522776145,421931.35,26086.0,341421.58374488226,-1433745.8360224967,10870173923.290325,-8841361571.322996,1775167.419767379,530830.38,-108899.03000000001
6330.0,-279854.7321423329,-12734.38,3990.0,1688.7540382591246,-281543.48618059204,1337186467.5175552,-1356924221.3686974,283232.2402188512,2813.4300000000003,-15547.81
6335.0,-6665.4034830222845,826.27,388.0,776.7166601206218,-7442.120143142906,153011907.663862,-37235031.38475834,8218.836803263528,1361.8,-535.53
6340.0,-115509.56396150975,-557.44,1975.0,2202.386181120087,-117711.95014262982,731954663.310808,-564330763.2244525,119914.33632374991,5920.37,-6477.81
6345.0,-8056.952512308575,151.52999999999994,372.0,479.85395761280836,-8536.806469921385,145232724.92434597,-40749912.99045319,9016.660427534192,668.89,-517.36
6350.0,-2098945.6313463184,514873.4,45160.0,497365.80110379774,-2596311.4324501157,16584767374.85033,-15082957174.267612,3093677.233553914,703174.7000000001,-188301.30000000002
6355.0,-20871.073827553686,-1334.35,459.0,154.99870869403787,-21026.072536247724,157647935.97854298,-103550172.11104682,21181.071244941762,288.93,-1623.2800000000002
6360.0,-175647.09261334396,49341.10000000001,4281.0,21844.26915651247,-197491.36176985642,1735970809.155668,-952382602.1015749,219335.6309263689,58240.42000000001,-8899.32
6365.0,-45858.986579145196,-1410.5700000000002,773.0,1111.7413629563603,-46970.727942101556,264256547.15398103,-231484128.58765677,48082.469305057915,1540.86,-2951.43
6370.0,-97398.08414917279,-657.2500000000005,1508.0,3906.5166022603835,-101304.60075143317,545663194.7848061,-487858675.83694553,105211.11735369355,4666.75,-5324.0
6375.0,-1384123.0489056928,257045.96,26417.0,306208.0958857341,-1690331.1447914268,8289641508.820187,-9796315795.787327,1996539.240677161,384253.18,-127207.22
6380.0,-101218.08826368561,36740.71,2312.0,24978.601749568137,-126196.69001325376,825403467.4773486,-704573690.9100447,151175.2917628219,43939.22,-7198.509999999999
6385.0,-20743.30517966663,-797.94,462.0,406.79889349333104,-21150.10407315996,160507570.3882106,-103201750.41031341,21556.90296665329,774.3299999999999,-1572.27
6390.0,-197646.8891463537,-13525.01,2625.0,3308.860317174647,-200955.74946352837,732223784.8010815,-1013917607.2999628,204264.60978070303,5702.02,-19227.03
6395.0,-12496.944555204982,-701.91,249.0,155.90464630237568,-12652.849201507359,88154659.08859123,-61473364.31482741,12808.753847809734,293.53,-995.4399999999999
6400.0,-7146195.460896431,1351336.4200000002,128138.0,1876747.3281360005,-9022942.789032431,43543400994.12195,-53057111473.50657,10899690.11716843,2046894.6,-695558.18
6405.0,-8656.49720515519,1783.7,328.0,2516.0668922662708,-11172.564097421462,130264370.30705374,-64014460.45741052,13688.630989687734,2526.36,-742.6600000000001
6410.0,-183989.85215877657,-3893.1100000000006,2375.0,2427.392368730417,-186417.244527507,895225961.6392797,-864271799.6828628,188844.6368962374,6220.66,-10113.77
6415.0,-4747.015971946981,4632.379999999999,353.0,3724.6889104802704,-8471.704882427252,166986191.3929199,-56689083.6812827,12196.393792907522,5411.03,-778.65
6420.0,-121868.52619467558,-2754.01,1809.0,1683.6405749457083,-123552.1667696213,715797889.4092872,-565045049.9639707,125235.807344567,4238.01,-6992.02
6425.0,-1592308.1128492192,185888.83,25887.0,337811.7510574061,-1930119.8639066252,7880542069.864921,-10917613192.440733,2267931.614964031,329909.56,-144020.73
6430.0,-140750.6307098331,4469.24,2346.0,3697.009205852233,-144447.63991568531,973183977.873526,-669302944.6341445,148144.64912153757,13187.380000000001,-8718.14
6435.0,-9377.07483487607,11349.62,641.0,5269.434597875022,-14646.509432751092,535066146.4935604,-75042628.32165462,19915.944030626113,12450.12,-1100.5
6440.0,-128159.12461643647,7034.4000000000015,4680.0,8218.172729200895,-136377.29734563737,2340770000.5408645,-588038343.5541376,144595.47007483826,13670.590000000002,-6636.1900000000005
6445.0,-28908.366215472204,362.88000000000005,546.0,2608.8461875215985,-31517.212402993802,199876006.69330615,-157678893.0112284,34126.0585905154,2362.9900000000002,-2000.1100000000001
6450.0,-3552770.4968222207,1136351.48,71566.0,1356028.1946873795,-4908798.691509601,22924813631.268803,-29409032561.72033,6264826.886196979,1508557.0,-372205.52
6455.0,-34822.08043977398,-1062.3000000000002,530.0,750.5372842495959,-35572.61772402358,198027294.9862977,-165560630.34274906,36323.15500827317,1063.8999999999999,-2126.2
6460.0,-154704.80312115815,11086.5,3054.0,16645.300860666433,-171350.1039818246,1361018115.8182604,-814190588.709438,187995.404842491,19674.64,-8588.14
6465.0,-3382.5799603239334,1828.5,192.0,687.285898184648,-4069.8658585085814,115953366.63413255,-18243733.313119162,4757.151756693229,2073.4,-244.89999999999998
6470.0,-133988.85711036192,393.2699999999998,1990.0,3064.2094385349533,-137053.06654889687,823589251.6421906,-614902149.0838554,140117.2759874318,7904.19,-7510.92
6475.0,-1347987.1040288503,384087.37,27008.0,564622.4171668577,-1912609.521195708,9137344083.03758,-11537438246.95587,2477231.938362566,523187.33,-139099.96000000002
6480.0,-94469.42173329809,17894.11,2097.0,16253.847395522109,-110723.2691288202,864374422.7084296,-556709279.4277849,126977.11652434232,23703.780000000002,-5809.67
6485.0,-36758.443310152914,-1279.06,543.0,1241.2146439426456,-37999.65795409556,204600585.81082958,-179989804.50798532,39240.87259803821,1602.62,-2881.6800000000003
6490.0,-181525.7590915972,25519.320000000003,2832.0,28613.866384838046,-210139.62547643523,1328167897.0357685,-1044375760.317625,238753.49186127327,38022.840000000004,-12503.52
6495.0,-62359.014046570126,-3572.09,1303.0,318.2197959022014,-62677.23384247232,595427495.1844666,-272319078.8116501,62995.45363837453,374.68,-3946.7700000000004
6500.0,-11966169.585580073,2730705.6200000006,218956.0,4728901.633426615,-16695071.219006687,77522338081.62184,-98277884272.08057,21423972.8524333,3942548.1100000003,-1211842.49
6505.0,-96620.91730661834,-4153.050000000001,1145.0,1323.8521430773148,-97944.76944969567,459913833.46565765,-441462366.3285911,99268.62159277296,1735.61,-5888.660000000001
6510.0,-232084.257398925,17173.81,5836.0,11473.405642639696,-243557.6630415647,3024422497.926582,-1029589144.0587732,255031.06868420437,28874.29,-11700.48
6515.0,-24114.518657093202,-85.14999999999992,1052.0,1486.6025053694707,-25601.121162462674,550364278.2672881,-104527941.04081483,27087.723667832146,1310.5,-1395.6499999999999
6520.0,-234038.59992803432,-6758.74,2602.0,5446.45413413501,-239485.05406216934,1110223427.5448227,-1063385708.1977596,244931.50819630435,7148.0199999999995,-13906.76
6525.0,-664475.247913784,383782.57,20056.0,619182.6076225162,-1283657.8555363002,6913634858.581942,-8711790933.720894,1902840.4631588163,482160.84,-98378.27
6530.0,-210395.85359234916,13946.36,3695.0,27071.305317861672,-237467.15891021086,1683941643.4179204,-1128326658.1761813,264538.46422807255,27841.480000000003,-13895.12
6535.0,-19447.41254564366,1186.6800000000003,891.0,697.4441083126202,-20144.85665395628,553415706.1286376,-73337909.94155794,20842.3007622689,2178.6000000000004,-991.92
6540.0,-176509.13459431232,13759.22,2269.0,15274.404287656862,-191783.53888196917,1282734916.5566547,-861893959.7057979,207057.94316962603,24602.18,-10842.96
6545.0,-13155.168550882114,3905.6699999999996,370.0,8844.70921185354,-21999.877762735654,151962273.07617205,-141136728.79493842,30844.586974589194,5910.839999999999,-2005.1699999999996
6550.0,-4030880.62742402,529354.8999999999,59769.0,1074811.206764596,-5105691.834188616,22932237712.067844,-27412683744.027573,6180503.0409532115,923553.26,-394198.36
6555.0,-13803.123137014869,3019.3599999999997,526.0,4993.812223736049,-18796.93536075092,291648189.18312347,-98593234.51056598,23790.747584486966,4320.219999999999,-1300.8600000000001
6560.0,-208614.66684639934,17992.8,2719.0,28335.662169919782,-236950.32901631913,1341304925.5822518,-1116476190.492716,265285.9911862389,32024.56,-14031.76
6565.0,-57167.78024905625,-3001.35,768.0,270.94404185467295,-57438.724290910926,364114049.2489082,-238607682.62607878,57709.6683327656,790.22,-3791.57
6570.0,-151591.26423724307,6324.320000000001,2124.0,9456.191912216256,-161047.45614945932,1094485145.4493697,-705627920.946476,170503.6480616756,16044.06,-9719.74
6575.0,-1648735.7321239326,314946.56,32052.0,676001.3835275171,-2324737.1156514497,12938872002.446512,-13012836924.602657,3000738.499178967,484624.92,-169678.36000000002
6580.0,-116793.07657428662,23113.989999999998,1961.0,19685.19852129676,-136478.27509558338,927225212.4106712,-637251307.3044912,156163.47361688016,29970.57,-6856.58
6585.0,-6442.639619968136,21188.09,1008.0,38897.875632369985,-45340.51525233811,465798763.0550885,-371464848.0806378,84238.3908847081,24059.7,-2871.61
6590.0,-261862.06125589396,12328.659999999998,4230.0,42598.38750872436,-304460.4487646183,2108975211.0787623,-1438140293.6272361,347058.83627334266,29369.129999999997,-17040.47
6595.0,-33257.57555552925,-1016.85,679.0,1698.7177485302018,-34956.29330405945,385500454.89993757,-144098507.71494973,36655.01105258965,1183.21,-2200.06
6600.0,-8480079.382906377,2819835.5,165337.0,5352668.96803858,-13832748.350944957,65524238616.456726,-82808930466.7379,19185417.318983536,3861932.98,-1042097.48
6605.0,-16053.275942736938,5527.25,672.0,7917.204403210596,-23970.480345947537,366484062.1795494,-128109240.76086433,31887.68474915813,7139.07,-1611.8200000000002
6610.0,-248806.05183227276,21593.7,3391.0,40289.638815260696,-289095.69064753345,1682572058.1155925,-1338403716.556456,329385.3294627941,37241.340000000004,-15647.64
6615.0,-20617.844423169958,3222.3900000000003,927.0,4479.416353862541,-25097.260777032498,595667960.836989,-106102435.88857798,29576.67713089504,4619.49,-1397.1
6620.0,-476034.744806075,46442.84999999999,6018.0,111110.9886734347,-587145.7334795097,2608465548.5913296,-2919302515.222773,698256.7221529444,85121.76999999999,-38678.92
6625.0,-1641651.151096514,483606.17000000004,31277.0,956092.9118895618,-2597744.062986076,13219001715.026255,-14981090824.019289,3553836.9748756373,668520.9,-184914.72999999998
6630.0,-251931.11737037296,20645.929999999997,4613.0,36321.9601750202,-288253.07754539314,2964333013.2587233,-1242506098.421729,324575.03772041335,34805.03,-14159.1
6635.0,-55521.66505103896,-2849.05,1212.0,1668.629647056448,-57190.2946980954,701024248.6172843,-227409766.90020394,58858.924345151856,1604.12,-4453.17
6640.0,-265286.4206193259,20709.44,2925.0,31931.005359316074,-297217.42597864196,1894762323.1936274,-1288488180.3052106,329148.431337958,35873.05,-15163.61
6645.0,-3232.332134857,21698.670000000002,953.0,37008.88075201129,-40241.21288686829,564092139.2223985,-314702189.66208726,77250.09363887958,24502.260000000002,-2803.59
6650.0,-3407015.732771742,1399865.8699999999,75717.0,2906367.5816906467,-6313383.314462389,33707069956.611855,-38055899957.66259,9219750.896153035,1812015.98,-412150.11
6655.0,-30189.113217430342,3597.8799999999997,1086.0,5579.764498215237,-35768.877715645576,794342481.2156378,-143466207.8501473,41348.64221386082,5612.61,-2014.73
6660.0,-226009.43959939826,13134.52,2701.0,36662.780771694466,-262672.2203710927,1533969794.7467804,-1176893434.9324706,299335.00114278717,28199.61,-15065.09
6665.0,-10959.362714530489,13115.970000000001,457.0,7400.597893754387,-18359.960608284877,508792371.5200076,-85534750.01864459,25760.55850203926,14372.370000000003,-1256.3999999999999
6670.0,-501943.64259302354,44571.42,5827.0,90002.46720439082,-591946.1097974144,3272657928.908723,-2603173878.410946,681948.5770018052,71397.51999999999,-26826.1
6675.0,-2826807.410197624,610914.06,46227.0,1528140.9242121992,-4354948.334409823,20873539962.585163,-23759605250.128574,5883089.258622022,919459.68,-308545.62
6680.0,-422360.9622002893,-3046.840000000001,3648.0,21804.946024116744,-444165.908224406,1938747578.985446,-1801665097.5020196,465970.8542485228,20255.42,-23302.260000000002
6685.0,-32418.223222637564,4207.200000000001,1227.0,8802.332525439859,-41220.55574807742,977602929.8825291,-168089203.66392908,50022.88827351728,5922.93,-1715.73
6690.0,-298947.2120960394,-245.99000000000046,3460.0,20063.9870564421,-319011.19915248145,2181309452.043682,-1279594183.1051822,339075.1862089236,16886.53,-17132.52
6695.0,-229683.19255267843,-13549.630000000001,2017.0,3036.11893455964,-232719.31148723807,967902686.520348,-928417443.1429793,235755.4304217977,4029.03,-17578.660000000003
6700.0,-11109872.27710761,2860683.01,189962.0,7151295.608262999,-18261167.88537061,85191729261.319,-101195383232.19012,25412463.493633606,4102019.52,-1241336.51
6705.0,-33464.05282717626,4113.68,642.0,10705.096761795725,-44169.14958897199,427682591.92961514,-205110655.32461298,54874.24635076771,6777.63,-2663.9500000000003
6710.0,-187776.63952684315,22474.250000000004,2446.0,43832.46733077594,-231609.10685761907,1540179175.872067,-1033527086.9565818,275441.574188395,35124.48,-12650.23
6715.0,-19945.106252381036,15364.62,813.0,34565.52913006431,-54510.63538244535,491060405.7866817,-339139688.7064624,89076.16451250965,17906.73,-2542.11
6720.0,-277584.76527008024,4485.819999999997,2532.0,25738.393230642803,-303323.1585007231,1430463119.438796,-1242248612.4307666,329061.5517313659,21640.949999999997,-17155.13
6725.0,-4866166.059043183,310584.74,58855.0,1494072.6147679135,-6360238.673811097,25203265391.596447,-30483381020.518692,7854311.2885790095,808472.6900000001,-497887.95
6730.0,-219021.4985497494,16370.890000000001,2510.0,50645.26721814391,-269666.7657678933,1461411492.9235904,-1199916950.9267826,320312.0329860372,31197.59,-14826.7
6735.0,-114089.70768739973,-2152.2900000000004,1100.0,5970.070522942626,-120059.77821034237,721188670.1701821,-451763290.1925729,126029.84873328498,3099.32,-5251.610000000001
6740.0,-247561.03306699308,33769.44,2753.0,75935.39400225285,-323496.42706924595,1632626797.5409462,-1483072308.1590676,399431.8210714988,51306.45,-17537.01
6745.0,-329558.77472285915,-27424.25,2700.0,6162.80746157851,-335721.58218443766,1099809035.41845,-1326331821.731284,341884.3896460162,3163.44,-30587.69
6750.0,-7228643.317862204,1022332.93,88567.0,3434226.5761946836,-10662869.894056888,34780591364.07494,-53870643665.21478,14097096.470251571,1687706.6400000001,-665373.71
6755.0,-69482.79130357348,-1783.07,469.0,3970.8401674354445,-73453.63147100892,225068155.23882192,-284844142.29071325,77424.47163844436,2085.94,-3869.0099999999998
6760.0,-239118.3630934924,-336.44999999999953,1788.0,24268.223978512586,-263386.587072005,926650607.8389947,-1045713393.2844561,287654.81105051754,12640.86,-12977.31
6765.0,-154380.6751332896,-4623.24,1396.0,3319.0834030035476,-157699.75853629314,1004880408.1568455,-538097577.1237969,161018.8419392967,1607.24,-6230.4800000000005
6770.0,-322117.6562462096,-1400.5600000000002,2221.0,38367.69173561997,-360485.34798182955,902458853.2546235,-1476912684.7395794,398853.0397174495,19743.91,-21144.47
6775.0,-1712758.7387941994,423813.1,27363.0,1395963.7309918131,-3108722.4697860125,8903248275.153635,-17196426281.393463,4504686.200777826,661168.04,-237354.94
6780.0,-284769.81189124094,73134.39,3557.0,132115.22607292788,-416885.0379641688,2005254341.242976,-1951804815.8819666,549000.2640370966,96360.48,-23226.09
6785.0,-119646.58651396162,-4052.900000000001,766.0,7436.003664319156,-127082.59017828078,337819886.5870308,-488426032.4446357,134518.59384259995,3392.5199999999995,-7445.420000000001
6790.0,-104173.8729015016,58711.95,2236.0,157578.43541817486,-261752.30831967646,948068837.0651648,-1549368597.8645298,419330.7437378513,72699.7,-13987.75
6795.0,-87749.05747848818,-970.95,562.0,8944.90148287897,-96693.95896136714,250713126.85849932,-380386700.2247111,105638.86044424612,4073.1400000000003,-5044.09
6800.0,-11312613.012552394,3334151.06,186596.0,10896402.579872074,-22209015.592424467,59089452259.62213,-123688145313.42015,33105418.172296543,4958987.18,-1624836.1199999999
6805.0,-49173.29847685067,6139.979999999999,508.0,21917.023236299232,-71090.32171314991,240707954.3640865,-333669408.26830596,93007.34494944914,9686.189999999999,-3546.2100000000005
6810.0,-275311.92759101524,4755.77,1928.0,47920.198118777545,-323232.1257097928,843265691.0384499,-1323165865.9889052,371152.32382857037,22219.51,-17463.74
6815.0,-97664.53499780604,358.45999999999947,651.0,12397.661875926311,-110062.19687373235,333024053.30272514,-428559819.0195123,122459.85874965867,5418.5,-5060.040000000001
6820.0,-473287.6355375692,10743.349999999999,3200.0,75016.05693711805,-548303.6924746872,1420556064.372588,-2190947622.332995,623319.7494118053,42319.53,-31576.18
6825.0,-785699.9509307328,1080343.38,39457.0,3102417.731902386,-3888117.682833119,11501919204.494715,-25877834023.29497,6990535.414735504,1372811.29,-292467.91000000003
6830.0,-730232.8596349942,-5513.169999999997,4358.0,74636.90715265778,-804869.7667876519,1997702009.4255393,-3063451087.8530145,879506.6739403098,36129.95,-41643.119999999995
6835.0,-112528.64102225518,641.0699999999996,765.0,13019.024085673149,-125547.66510792832,488613734.43102944,-464308050.37783545,138566.6891936015,5542.469999999999,-4901.400000000001
6840.0,-412012.22444819,-11376.430000000002,2368.0,29605.432995369923,-441617.6574435599,1038055291.1883671,-1629552648.1584568,471223.09043892985,14434.339999999998,-25810.77
6845.0,-247705.10552746092,301.6400000000001,1691.0,23956.65172139943,-271661.7572488604,1173133925.186017,-967681952.063233,295618.40897025977,11292.69,-10991.050000000001
6850.0,-5222442.832163017,2895766.98,125463.0,9418566.289140502,-14641009.12130352,38515603263.29928,-86119406020.74203,24059575.41044402,3958523.31,-1062756.33
6855.0,-110295.64840658037,-1696.249999999999,667.0,10045.3239948555,-120340.97240143587,361580544.20787036,-437610903.829908,130386.29639629136,4193.2,-5889.449999999999
6860.0,-437851.59790987096,6529.76,2834.0,69326.71425901042,-507178.31216888136,1526805673.56123,-1925916043.2578838,576505.0264278918,31832.97,-25303.21
6865.0,-150397.06506808466,-2879.2999999999993,857.0,11556.138695129912,-161953.20376321458,483575062.4113761,-574978029.0397677,173509.3424583445,4753.4800000000005,-7632.78
6870.0,-575354.1808078971,-1325.6300000000015,3318.0,68532.21146963966,-643886.3922775368,1590217752.6855328,-2380238819.4025545,712418.6037471765,33672.67,-34998.3
6875.0,-954515.2742322319,1266198.0799999998,47093.0,3996678.0030998294,-4951193.277332061,15888470789.516027,-31258591953.459164,8947871.28043189,1631294.2799999998,-365096.2
6880.0,-589978.4036405623,6859.810000000002,3626.0,98361.75047275788,-688340.1541133202,1749894873.434238,-2604762053.0962543,786701.9045860781,44546.12,-37686.31
6885.0,-80600.03741093005,-2396.7799999999997,445.0,5532.964397351454,-86133.00180828151,235510980.85029104,-299479798.0277758,91665.96620563295,2257.39,-4654.17
6890.0,-828329.8583026571,9290.409999999998,5181.0,168016.48053780093,-996346.338840458,2164403121.2210484,-3860765855.672463,1164362.819378259,63751.9,-54461.490000000005
6895.0,-357740.1945180469,-13515.68,1642.0,5996.670573912858,-363736.8650919598,957909136.6840409,-1185618850.4728844,369733.5356658727,2443.34,-15959.02
6900.0,-7960040.911363482,3472767.27,161173.0,12551018.353970444,-20511059.265333924,52693943024.70123,-111816823434.25018,33062077.619304366,4945023.25,-1472255.98
6905.0,-189921.87076230862,-5954.2,930.0,7904.941103709333,-197826.81186601796,555363164.8329732,-651116026.6514107,205731.7529697273,3085.72,-9039.92
6910.0,459786.97534452763,265579.1,5318.0,773117.6470981325,-313330.6717536049,3331298998.15526,-3578997398.482839,1086448.3188517373,282246.21,-16667.11
6915.0,-206515.3923511101,-2741.9599999999996,1032.0,15879.774651303274,-222395.16700241336,647504419.8340573,-745756298.0594758,238274.94165371664,6106.679999999999,-8848.64
6920.0,-437507.1284156398,7734.359999999998,2756.0,69232.64680681874,-506739.7752224586,1450177590.4460652,-1822465297.7952342,575972.4220292773,34535.33,-26800.97
6925.0,-1174079.1912799026,778443.08,35902.0,2833255.009133765,-4007334.2004136676,15472477060.777962,-22609444497.612198,6840589.209547433,1071217.99,-292774.91
6930.0,-410635.33147105464,23757.88,3357.0,136820.32028067156,-547455.6517517262,2327269138.4531364,-2124158975.502644,684275.9720323978,50866.48,-27108.600000000002
6935.0,-151049.04753064565,4668.709999999999,1264.0,51284.886449831145,-202333.93398047678,346734436.72383535,-830613877.2202158,253618.82043030794,21870.9,-17202.190000000002
6940.0,-306112.7412078352,13010.999999999998,3753.0,85387.02773153195,-391499.76893936715,4291375626.5113077,-1411856859.482411,476886.7966708991,32959.03,-19948.030000000002
6945.0,-184267.41712329327,-5112.23,844.0,10516.863640870819,-194784.28076416408,524963382.5139514,-622930878.8900932,205301.1444050349,3546.9800000000005,-8659.21
6950.0,-4769938.230745126,1707768.34,82034.0,6722734.892024916,-11492673.122770041,30870585483.521713,-57627220120.30296,18215408.014794957,2462261.44,-754493.1
6955.0,-187674.35699170752,-3880.76,854.0,13801.42906109398,-201475.7860528015,521493841.3438418,-647604005.1399337,215277.21511389548,4903.5199999999995,-8784.28
6960.0,-474021.477311395,59533.04,4387.0,312774.9438650358,-786796.4211764308,1990197529.3730364,-3376636503.554955,1099571.3650414667,105896.73,-46363.69
6965.0,-305111.77285607683,-9362.300000000001,1272.0,12116.412379506988,-317228.1852355838,815734582.9922739,-974339357.9671931,329344.59761509084,4085.4700000000003,-13447.77
6970.0,-645359.701345199,-1787.160000000001,3131.0,65836.12809309606,-711195.8294382951,2185221450.4233155,-2265474103.921472,777031.9575313912,28404.85,-30192.01
6975.0,-2706676.70202729,447841.6,32632.0,2289719.4588965005,-4996396.160923791,12640559773.881783,-22351029540.57905,7286115.619820291,793094.27,-345252.67
6980.0,-623185.9289536829,-14908.98,3066.0,60914.62883720315,-684100.5577908861,1810578022.8843029,-2184528932.3357654,745015.1866280893,21123.800000000003,-36032.78
6985.0,-320252.0343689978,-12343.1,1257.0,5717.1369916353115,-325969.1713606331,855724649.7186936,-953272313.8542265,331686.3083522684,1761.48,-14104.579999999998
6990.0,-1080529.7824222213,-1210.4399999999994,6303.0,168527.0941601276,-1249056.8765823487,4713871691.824187,-4065913177.988208,1417583.9707424764,62868.87,-64079.31
6995.0,-274412.511775854,-10924.550000000001,1088.0,8765.422848254526,-283177.93462410854,647772758.4061445,-837993529.2227663,291943.35747236304,2819.16,-13743.710000000001
7000.0,-16327440.52012331,40571238.64,1362489.0,167538151.2191173,-183865591.73924062,461891824548.01306,-1052742286420.8007,351403742.95835793,53387217.9,-12815979.26
7005.0,-168555.3479236362,11977.95,1223.0,86316.93758034476,-254872.28550398097,551839843.8216244,-992358900.2684379,341189.22308432567,25812.48,-13834.529999999999
7010.0,-377930.9741268857,24161.160000000003,2891.0,174502.29979430276,-552433.2739211884,1660027563.1346645,-2070529175.361499,726935.5737154912,54851.25,-30690.09
7015.0,-375492.6181188327,-11580.199999999999,1494.0,30432.635027303106,-405925.25314613583,737853178.2636244,-1235741349.36719,436357.8881734389,8868.619999999999,-20448.82
7020.0,-879857.2345714535,-29320.42,3842.0,75219.46756495509,-955076.7021364087,1809172916.3963683,-2908615521.99838,1030296.1697013638,25834.89,-55155.31
7025.0,-2300228.8413926978,158380.51,20276.0,1369736.0964063804,-3669964.937799078,8005759796.994475,-14416000960.265707,5039701.034205458,418717.02,-260336.51
7030.0,-854282.3552254356,25415.180000000004,5182.0,291440.42821198056,-1145722.7834374162,2832479248.593316,-3984988605.2719016,1437163.2116493967,85438.16,-60022.979999999996
7035.0,-1222131.442095552,-51367.85,4216.0,19787.30804036479,-1241918.7501359168,2290313104.716022,-3443794978.769137,1261706.0581762816,5711.0599999999995,-57078.909999999996
7040.0,-940237.3227693322,-26265.010000000002,4290.0,87652.8048800179,-1027890.1276493501,2676886154.2962217,-3008360222.422408,1115542.932529368,25218.35,-51483.36
7045.0,-369471.8247973475,-14036.399999999996,1440.0,19542.75068045293,-389014.5754778004,830767378.2385858,-1098815614.5497496,408557.32615825336,5455.66,-19492.059999999998
7050.0,-4988928.814343333,576086.4999999999,52471.0,4215160.288364414,-9204089.102707747,21754344946.412716,-37218795642.060776,13419249.391072161,1231102.49,-655015.99
7055.0,-186401.17546105076,17692.429999999997,1500.0,130319.98461940842,-316721.1600804592,743938804.1241845,-1208220498.711368,447041.1446998676,34149.909999999996,-16457.480000000003
7060.0,-558239.0029315366,-2748.9900000000043,3112.0,98993.01046336371,-657232.0133949004,2985414450.432694,-1949372245.142109,756225.0238582641,28542.489999999998,-31291.48
7065.0,-136948.101062586,-2203.78,618.0,11358.851195284004,-148306.95225787003,599385767.4963818,-398984194.36908084,159665.80345315405,3159.8,-5363.58
7070.0,-489629.04882694257,10051.319999999998,3189.0,138947.6026754076,-628576.6515023501,2988501244.190634,-1941249462.7805138,767524.2541777578,37566.86,-27515.54
7075.0,-3347560.7884065486,192909.23,25923.0,1703073.4395178438,-5050634.227924393,13461170329.368237,-17795954503.09962,6753707.667442237,508325.44,-315416.21
7080.0,-899749.3966485267,-10637.99,4164.0,63861.19325287238,-963610.589901399,4290066352.6580405,-2544626588.611445,1027471.7831542714,30721.32,-41359.31
7085.0,-105126.39727464823,2040.370000000001,680.0,28702.35385984246,-133828.75113449068,410117036.1242095,-414408097.4662615,162531.10499433315,8406.570000000002,-6366.2
7090.0,-2779968.250877027,-151249.05,10098.0,32554.600485524214,-2812522.851362551,7447057159.23278,-7144580901.643225,2845077.4518480753,8670.710000000001,-159919.76
7095.0,-123132.90300848552,1232.7500000000007,736.0,30919.46637050974,-154052.36937899524,489757118.706494,-463467730.60757065,184971.835749505,8915.73,-7682.98
7100.0,-12479382.107627539,970952.6399999999,106990.0,9205288.62115587,-21684670.72878341,47186990174.98039,-78733898098.07596,30889959.349939276,2432679.77,-1461727.13
7105.0,-836498.5414235616,-39358.82000000001,2776.0,30760.833958644223,-867259.3753822059,1334281987.7051144,-2233370783.7158656,898020.2093408501,8185.15,-47543.97000000001
7110.0,-683866.1125923805,-18578.35,2900.0,87830.85168330991,-771696.9642756905,1925545939.370631,-2100832447.5713768,859527.8159590004,23457.81,-42036.16
7115.0,-183544.22956109553,-3790.12,848.0,22997.43542714561,-206541.66498824116,895672861.7545244,-541372270.7337921,229539.10041538675,5556.54,-9346.66
7120.0,-821331.9851839922,13715.220000000007,5698.0,296184.99156371725,-1117516.9767477093,6278052490.297627,-3348014316.073101,1413701.9683114267,69518.27,-55803.05
7125.0,-5433574.160182025,177367.13999999998,37997.0,2973451.189217125,-8407025.349399151,14821279385.468985,-27916954353.13001,11380476.538616275,761506.58,-584139.4400000001
7130.0,-667395.8368310292,-2296.4400000000014,3148.0,122514.96465588604,-789910.8014869152,4012091712.7875853,-2057884746.6682255,912425.7661428013,29932.97,-32229.41
7135.0,-231134.09687954577,-4021.61,1142.0,41742.61682183877,-272876.7137013845,929609151.5305936,-731015775.2436998,314619.33052322327,9975.029999999999,-13996.64
7140.0,-1611576.881825248,-70619.12,6274.0,74127.38091531247,-1685704.2627405608,7157996925.773765,-3995582044.0943146,1759831.6436558731,18015.29,-88634.41
7145.0,-213126.52092094635,-5505.449999999999,857.0,23208.485705642746,-236335.0066265891,712326802.9416741,-590687375.8205527,259543.49233223184,5992.17,-11497.619999999999
7150.0,-9367139.71611433,730708.2899999998,77615.0,6821819.634405081,-16188959.35051941,44780482877.965126,-53402136675.29036,23010778.98492449,1719743.67,-989035.3800000001
7155.0,-346131.82973717456,-12159.09,1352.0,26362.694607340192,-372494.52434451476,1755939599.5153854,-877030361.3140996,398857.2189518549,5914.38,-18073.47
7160.0,-1163903.1483890146,-24919.51,4784.0,62137.37570798603,-1226040.5240970007,7630873267.573515,-2706477142.3614073,1288177.8998049868,17992.760000000002,-42912.27
7165.0,-290261.0104799584,-4336.430000000001,1376.0,46044.29085711315,-336305.3013370715,1574217957.4402435,-825084259.8676239,382349.5921941847,11283.699999999999,-15620.130000000001
7170.0,-514929.7292728837,447.5400000000018,2641.0,115128.58757856303,-630058.3168514468,3229796041.749995,-1589111461.1583102,745186.9044300098,28685.660000000003,-28238.12
7175.0,-5589168.756863214,86240.39000000004,37256.0,2730097.539886418,-8319266.296749631,26541999093.78298,-24360291710.987614,11049363.83663605,635428.77,-549188.38
7180.0,-1021139.2418254531,-23520.999999999996,4389.0,89639.24395723263,-1110778.4857826857,7717911171.525451,-2448218873.899805,1200417.7297399184,23307.32,-46828.32
7185.0,-379948.0600188101,-2989.4399999999996,7557.0,55357.078448861495,-435305.1384676716,2997872647.639114,-974335557.4258853,490662.21691653307,11265.97,-14255.41
7190.0,-960972.2117274383,-16110.089999999997,4246.0,161596.68135450123,-1122568.8930819395,4538339315.1204,-2643094153.256163,1284165.5744364406,35696.69,-51806.78
7195.0,-337069.4205047968,-6441.42,1385.0,38382.86124783055,-375452.28175262734,2299894759.20204,-818546186.0232077,413835.1430004579,7956.94,-14398.36
7200.0,-21574995.503948346,1626280.0399999998,180122.0,18377319.8411186,-39952315.34506695,76967124764.7463,-123407066660.68283,58329635.186185546,4209934.56,-2583654.52
7205.0,-390296.6265884647,-7780.31,1551.0,67576.13134769535,-457872.7579361601,1891970902.065788,-1035809114.6099968,525448.8892838554,12895.77,-20676.079999999998
7210.0,-1226676.039737757,70278.06000000003,7394.0,751719.2146873485,-1978395.2544251054,9683373077.214106,-5376035470.898721,2730114.469112454,142884.72,-72606.66
7215.0,-399470.8138977254,-9808.7,4652.0,46360.427796203665,-445831.2416939291,3385335941.9289474,-924217550.2850002,492191.6694901328,10660.17,-20468.87
7220.0,-1321511.3360560534,-13858.809999999998,4753.0,142373.98806868613,-1463885.3241247395,10209536462.476942,-2932325537.792284,1606259.3121934256,31926.85,-45785.659999999996
7225.0,-6855740.783589495,64434.76000000003,37610.0,2622797.833774594,-9478538.61736409,22233162700.933517,-23797483641.869358,12101336.451138683,602124.67,-537689.91
7230.0,-1167484.3073881196,1965.0499999999972,4584.0,264636.34161934577,-1432120.6490074652,7557658684.638634,-3121973086.952188,1696756.9906268113,52682.35,-50717.3
7235.0,-403331.56030614715,-6427.520000000001,1935.0,58326.938836717476,-461658.4991428646,4162071453.4496827,-912815307.4577308,519985.43797958206,10815.86,-17243.38
7240.0,-1662288.804505362,-144.00999999999794,5549.0,311586.81251615303,-1973875.617021515,9507653628.497393,-4089823249.0610337,2285462.429537668,60465.29,-60609.3
7245.0,-376044.1993052884,-5544.459999999999,1698.0,39650.495928221855,-415694.6952335102,6138857015.448813,-725959072.4715885,455345.1911617321,6785.75,-12330.21
7250.0,-7396519.918223109,520914.07,54618.0,5733689.268665015,-13130209.186888125,41985825669.71193,-35097003546.781494,18863898.45555314,1286857.6,-765943.53
7255.0,-784457.7565671749,15467.51,3890.0,117951.59528518295,-902409.3518523579,17903896281.27721,-1413874055.9618514,1020360.9471375408,26808.9,-11341.39
7260.0,-1323500.1713393852,-15206.53,6546.0,191106.24921295885,-1514606.420552344,8695752161.425484,-2861472965.1634064,1705712.669765303,37180.88,-52387.41
7265.0,-565376.1156209698,-10507.47,1990.0,45581.49226931943,-610957.6078902893,4864324684.71182,-1051023023.2515743,656539.1001596086,8310.61,-18818.08
7270.0,-905598.7131120833,-4836.68,3028.0,147448.13879482177,-1053046.8519069052,6433343945.68518,-1952715198.0905137,1200494.9907017269,27601.3,-32437.98
7275.0,-3988879.069962332,63420.13000000001,24924.0,2320922.6537136203,-6309801.723675952,21889624917.29842,-14803443632.288752,8630724.377389573,440248.56,-376828.43
7280.0,-1054759.0324236106,34516.18,5385.0,441160.3483927148,-1495919.3808163253,10065865654.199615,-3091295910.6190124,1937079.72920904,81262.78,-46746.6
7285.0,-615036.1071789179,-7377.0,8040.0,46633.075810919196,-661669.182989837,6509961774.673249,-1046316780.3702114,708302.2588007563,8227.7,-15604.699999999999
7290.0,-9321828.337390834,-153773.31,17217.0,323620.3332432652,-9645448.6706341,32041885025.538883,-15638319924.960617,9969069.003877366,57171.93,-210945.24000000002
7295.0,-1139814.0612515137,-9775.079999999998,3886.0,86359.75592415198,-1226173.8171756656,10473032441.797369,-1919446084.643128,1312533.5730998176,14373.54,-24148.62
7300.0,-25503855.606722057,704774.8999999999,121210.0,12351525.99755439,-37855381.60427645,126647090006.53964,-79575458148.60631,50206907.60183084,2416926.71,-1712151.81
7305.0,-1803945.3075568278,-26597.059999999998,3806.0,76252.71470758508,-1880198.022264413,9171721256.66072,-2826918145.2795396,1956450.736971998,14428.330000000002,-41025.39
7310.0,-977220.0211956375,154988.00000000003,8131.0,1210059.634130287,-2187279.6553259245,37154347383.60585,-4608511853.68969,3397339.2894562115,195447.13,-40459.13
7315.0,-338896.29534808575,30709.19,2491.0,243404.08139662206,-582300.3767447078,7364170676.215243,-1105009700.5402384,825704.4581413298,42355.03,-11645.84
7320.0,-1265677.1417652029,61814.67,6863.0,698792.4949261359,-1964469.6366913384,21208558440.662178,-3507965502.1032934,2663262.1316174744,100942.88,-39128.21
7325.0,-3011696.782448216,510482.95,36000.0,4643162.797147467,-7654859.579595683,32407998611.363388,-18320225906.097755,12298022.37674315,927384.22,-416901.27
7330.0,-2368877.4517029454,-10426.29,5723.0,372236.825457072,-2741114.2771600173,16479765919.046867,-4117463041.2783427,3113351.1026170896,49700.86,-60127.15
7335.0,-748052.8417897064,1880.589999999998,4203.0,173298.14311628527,-921350.9849059916,7103901889.758392,-1395514607.9338086,1094649.1280222768,23828.38,-21947.79
7340.0,-1766067.1295579914,3772.619999999999,5448.0,580421.7596298225,-2346488.8891878137,17197803024.395493,-3671207795.1866937,2926910.6488176365,70951.19,-67178.57
7345.0,-1241703.2894725518,850.7200000000012,3376.0,206315.51470088717,-1448018.804173439,19163508684.038124,-1878241364.1229024,1654334.318874326,27971.97,-27121.25
7350.0,-8407859.464480419,909464.34,66826.0,10312990.048731564,-18720849.513211984,83225521338.4341,-38402638409.54231,29033839.561943546,1805108.8699999999,-895644.53
7355.0,-806041.5965808274,25439.300000000003,3782.0,299253.6982301084,-1105295.2948109359,9560535854.47394,-1668001409.2316132,1404548.9930410443,57217.38,-31778.08
7360.0,-1931537.7535361764,64428.78999999999,7051.0,1265938.3055679942,-3197476.0591041707,29265172823.816143,-5052853053.38128,4463414.364672164,136243.53,-71814.74
7365.0,-1271444.273561326,-15105.789999999999,3197.0,85264.92262553287,-1356709.196186859,13176737341.83374,-1515687087.6852052,1441974.1188123918,11191.45,-26297.239999999998
7370.0,-2344373.821316901,19655.729999999996,6017.0,764309.0974227701,-3108682.9187396714,25871883849.493233,-4168920029.070486,3872992.0161624416,82249.9,-62594.170000000006
7375.0,-6163359.851455613,34259.330000000016,22545.0,2894517.5768405576,-9057877.42829617,39434525956.91329,-13743105970.887377,11952395.005136728,413148.91000000003,-378889.58
7380.0,-3170427.865545115,-30720.77,7389.0,648851.7571247446,-3819279.6226698593,26193043798.763412,-4639101813.080289,4468131.379794604,64240.32,-94961.09
7385.0,-1590156.2629867166,-23376.11,3555.0,169024.7349367183,-1759180.9979234347,11814559637.155321,-1917460005.5671883,1928205.732860153,16903.01,-40279.12
7390.0,-4040312.277780549,-37587.72,6324.0,548171.944372677,-4588484.222153227,23843037200.73903,-5092586357.0622835,5136656.166525903,51660.869999999995,-89248.59
7395.0,-1074093.2082538148,-6123.759999999998,2132.0,119528.0992228157,-1193621.3074766304,10408701201.647198,-1183931091.836183,1313149.4066994463,14089.119999999999,-20212.88
7400.0,-9850967.274902487,1789541.1900000004,118002.0,23736242.426312476,-33587209.70121496,90146220527.70174,-62442468992.43409,57323452.12752744,3701456.5700000003,-1911915.38
7405.0,-2204276.801281863,-22032.909999999996,3577.0,278976.90938757284,-2483253.710669436,18187627216.058155,-2345844473.0502753,2762230.6200570087,23004.47,-45037.38
7410.0,-4777742.774044309,-38100.200000000004,7806.0,858056.9589472488,-5635799.732991558,27856641253.128704,-5732616784.439309,6493856.691938806,82455.25,-120555.45
7415.0,-2015977.9266680633,-23291.620000000003,3641.0,202671.1762621454,-2218649.1029302087,17888650036.32552,-1902490685.3272212,2421320.279192354,17706.78,-40998.4
7420.0,-2390300.2549366644,56636.200000000004,6612.0,1470432.857223331,-3860733.1121599954,23652591827.440598,-4349337076.0717535,5331165.969383326,134457.1,-77820.9
7425.0,-8051984.123545409,147799.90999999997,26338.0,5441858.936314571,-13493843.05985998,59160219974.29954,-15997228682.78438,18935701.99617455,608371.49,-460571.58
7430.0,-3958696.876702197,-13681.049999999996,6746.0,986833.0343661722,-4945529.911068369,28189327105.861633,-4352263716.454758,5932362.9454345405,75934.24,-89615.29000000001
7435.0,-1779565.4750334304,-6036.570000000003,3426.0,439539.7508895497,-2219105.22592298,13274430002.37641,-1851704651.7413168,2658644.97681253,34684.53,-40721.1
7440.0,-4035087.4785186616,-12985.859999999995,6558.0,1303047.2167512698,-5338134.695269931,27853788233.501778,-4548440197.109951,6641181.912021201,89672.29000000001,-102658.15
7445.0,-3668810.3571338616,-35739.899999999994,3923.0,381743.50943624397,-4050553.866570106,20786570272.936005,-2870455064.524038,4432297.37600635,36186.04,-71925.94
7450.0,-14718604.807856789,848376.38,76005.0,17805377.70822519,-32523982.516081978,86806134188.02565,-37130397470.83065,50329360.224307165,2146239.89,-1297863.51
7455.0,-6096157.5790948775,-81473.70999999999,7534.0,579811.9508896961,-6675969.529984573,41495926354.439766,-3892217411.8495135,7255781.480874269,29423.27,-110896.98
7460.0,-5663677.803944424,97127.48000000003,11034.0,2998099.942349227,-8661777.746293651,36244034656.17249,-6779436883.388862,11659877.688642878,272257.14,-175129.66
7465.0,-3730152.498314618,-54852.530000000006,6041.0,902434.4549315914,-4632586.95324621,18274458771.67278,-2932038434.398011,5535021.408177801,51578.69,-106431.22
7470.0,-2685283.7707391228,159289.76,11363.0,6494294.699394088,-9179578.470133211,58283334377.61455,-7406892335.117448,15673873.1695273,321281.99,-161992.23
7475.0,-9851157.47393224,225298.37,44718.0,12586539.586463124,-22437697.060395364,56682629611.71945,-19748944425.91235,35024236.64685848,1124322.83,-899024.46
7480.0,-6565217.1921171555,23350.41000000001,9664.0,4391659.419383939,-10956876.611501096,69398217450.37796,-5891955019.287337,15348536.030885035,202995.96000000002,-179645.55
7485.0,-3723370.5134103475,-36133.59999999999,4413.0,1398299.1070850284,-5121669.620495376,19077268643.572582,-2429953831.1743035,6519968.727580405,62165.18,-98298.77999999998
7490.0,-5952097.392192042,-36489.9,10190.0,3662349.8843437145,-9614447.276535757,27023857411.556004,-5075476296.468104,13276797.160879472,201258.76,-237748.66
7495.0,-2155825.337526573,-10800.17,3854.0,1712483.8726427031,-3868309.2101692758,22436566131.666748,-1602121393.6333213,5580793.082811979,66202.64,-77002.81
7500.0,-7641795.306575855,1807722.81,160808.0,51629903.75096072,-59271699.05753657,164303485465.43735,-49692964492.51717,110901602.8084973,4972674.13,-3164951.32
7505.0,-5404430.750572132,-19847.24000000002,6949.0,3569416.1057346445,-8973846.856306776,103603013478.41853,-3114261013.777402,12543262.96204142,143629.01,-163476.25
7510.0,-8556639.439151915,-46498.97,13184.0,9773086.671334341,-18329726.110486258,515779158646.2736,-5899995505.919524,28102812.781820595,280779.89,-327278.86
7515.0,-5355628.016578074,-17403.94,4988.0,6890099.690168308,-12245727.70674638,773753839676.0077,-2881753841.796935,19135827.39691469,107764.27,-125168.21
7520.0,-3031471.581746569,115313.44000000002,14897.0,31048411.48204267,-34079883.06378924,1976551373410.136,-7869322888.149514,65128294.545831904,429321.07,-314007.63
7525.0,-16280723.38978094,324850.35,45827.0,83329505.18140095,-99610228.5711819,3020837884851.4634,-15930634403.540886,182939733.75258285,1315365.71,-990515.36
7530.0,14333509.173555994,59541.09999999998,12410.0,50205200.39779035,-35871691.22423435,157884629242.03995,-2110591909.5047383,86076891.6220247,340644.73,-281103.63
7535.0,6656971.504045738,-97063.82999999999,7171.0,40292714.2047707,-33635742.70072496,-1160118481575.4453,2267126302.1831355,73928456.90549566,128353.79,-225417.62
7540.0,14650929.41185983,46578.74,12646.0,37453841.12169009,-22802911.709830254,-1709747363729.2478,3452096709.131032,60256752.83152034,338155.58,-291576.83999999997
7545.0,5769071.13030291,69051.53999999998,6079.0,15051889.95785444,-9282818.82755153,-798714313733.1556,2420846128.1065946,24334708.78540597,186373.84999999998,-117322.31
7550.0,16061165.179604175,764753.0199999999,81001.0,57160795.79934751,-41099630.61974334,-749474443563.2446,764992050.6011097,98260426.41909085,2432162.88,-1667409.86
7555.0,-2108222.5477878302,-78578.40000000001,7727.0,5935167.535057197,-8043390.082845028,-75640025556.85324,1608187596.7578018,13978557.617902225,147480.59,-226058.99000000002
7560.0,4093843.8707556752,72215.64,9010.0,9785065.382279843,-5691221.511524169,-43406136770.38053,2482223642.035,15476286.893804012,239891.82,-167676.18
7565.0,4973465.892761591,96689.86000000003,8300.0,8700222.320171913,-3726756.4274103222,-30049805411.08516,2572596598.133302,12426978.747582236,216355.64,-119665.78
7570.0,6564329.820723872,119988.02000000002,8296.0,9884058.047085501,-3319728.2263616296,-45330517856.38676,2943795522.9518867,13203786.27344713,228420.39,-108432.37
7575.0,14068232.099596681,380780.65,28681.0,21442749.306112684,-7374517.206516001,-57310077273.67468,5157037776.366677,28817266.512628682,848217.28,-467436.63
7580.0,8134245.758346998,95103.49000000002,9768.0,11834830.825014208,-3700585.06666721,-49740070098.31141,4750536115.726804,15535415.891681418,246217.92,-151114.43
7585.0,3983048.2008173955,-15279.97,5406.0,6948272.4836787805,-2965224.282861385,-47819774168.23227,3699002682.086889,9913496.766540166,90231.19,-105511.16
7590.0,6310153.502020624,34225.34,8353.0,9730326.981511055,-3420173.4794904306,-40011462038.33599,5470127830.033675,13150500.461001484,174088.84,-139863.5
7595.0,4749756.782660404,26144.440000000006,4076.0,5544042.258434087,-794285.4757736825,-37396258879.075615,2909305900.556475,6338327.73420777,67685.69,-41541.25
7600.0,42134568.06584131,1150361.2199999997,145583.0,83275075.40473571,-41140507.33889441,-298495701695.8649,39725997978.82317,124415582.74363014,4078801.11,-2928439.89
7605.0,2900068.8995955912,25990.47,3664.0,3258109.655070077,-358040.7554744859,-24706623463.41198,1904895479.715826,3616150.410544563,48466.71,-22476.24
7610.0,9463679.017972874,107941.57999999999,9193.0,10621967.1139439,-1158288.0959710267,-77022731547.05167,6325870952.705854,11780255.209914928,182948.93999999997,-75007.36
7615.0,6283813.513919742,78416.81999999999,5794.0,6683870.350968194,-400056.8370484522,-51618798351.62823,4198111959.54501,7083927.188016646,101666.26999999999,-23249.45
7620.0,35909473.77705377,912691.4500000001,28181.0,36570230.5766821,-660756.7996283284,-74227271427.69418,21567166590.662994,37230987.37631043,946285.3200000001,-33593.869999999995
7625.0,14994811.345561614,231405.58,24783.0,18295222.705082208,-3300411.359520595,-69704749870.09796,12553892461.206902,21595634.064602803,572958.8,-341553.22
7630.0,8259385.013319426,107627.42,8739.0,8714999.224825583,-455614.211506157,-46964075512.79571,6998512736.277768,9170613.43633174,136354.29,-28726.87
7635.0,3430816.9922399446,32096.579999999998,6056.0,3531872.2134782467,-101055.22123830215,-37705269925.50671,2870883372.163538,3632927.434716549,38869.0,-6772.42
7640.0,7088393.688369776,66535.62999999999,9414.0,8050498.041937774,-962104.3535679986,-58633420525.39399,7460696927.663818,9012602.395505773,127196.89,-60661.26
7645.0,2613466.5803100523,44282.579999999994,6961.0,2887151.3536706283,-273684.773360576,-19543707882.077095,2759987494.0488033,3160836.1270312043,62012.09,-17729.51
7650.0,31186416.90674611,742481.06,54823.0,37500122.70026265,-6313705.793516539,-116973128494.08205,32238878418.297565,43813828.49377919,1396316.29,-653835.23
7655.0,4594595.204768343,38217.68,6526.0,4661200.288201621,-66605.08343327802,-40244829837.63899,4910501730.6821165,4727805.3716349,42880.9,-4663.22
7660.0,5725597.525981864,66455.43,10077.0,6317922.639009177,-592325.113027313,-36550935507.45821,6998718245.618124,6910247.75203649,115210.56999999999,-48755.14000000001
7665.0,1263679.3997879687,12460.08,3333.0,1319213.3058917306,-55533.90610376175,-13363123080.55673,1452652681.4703417,1374747.2119954922,16329.509999999998,-3869.43
7670.0,9277586.56780887,104232.64,11293.0,9499021.53069359,-221434.96288472088,-45839238487.2387,11751319587.727625,9720456.493578311,122410.3,-18177.66
7675.0,14230193.656462552,460136.25,30287.0,16515812.43467206,-2285618.778209508,-41082708969.97875,17172849039.780813,18801431.21288157,732699.44,-272563.18999999994
7680.0,3016551.846817377,38723.020000000004,5600.0,3218743.137485923,-202191.29066854584,-17808380943.52523,3961476124.873388,3420934.4281544685,57133.97,-18410.95
7685.0,1511830.1862964118,13295.09,4731.0,1560605.1031012293,-48774.91680481765,-13953650577.806778,1976104235.7965534,1609380.019906047,18116.68,-4821.59
7690.0,6679320.990680601,100789.86,9583.0,6876731.710665598,-197410.71998499535,-27569136719.416824,9393803880.039852,7074142.430650593,118940.94,-18151.08
7695.0,1446098.3545554695,31305.79,2963.0,1473670.7985944804,-27572.44403901094,-6099668147.650939,1986181148.5076406,1501243.2426334913,33814.93,-2509.14
7700.0,35927961.283221476,1598085.3699999999,82296.0,42466938.43838845,-6538977.155166976,-87012820201.84447,49265305773.80744,49005915.59355543,2409528.14,-811442.77
7705.0,973720.9156431251,12392.67,2019.0,995166.7887387009,-21445.873095575877,-5137452585.507149,1465792144.610181,1016612.6618342769,14333.84,-1941.17
7710.0,2623738.838382906,52039.409999999996,5371.0,2684624.543795428,-60885.70541252239,-12544327982.319584,3917335248.9447656,2745510.24920795,59398.32,-7358.91
7715.0,1434035.0741505055,43147.859999999986,2463.0,1511652.4645359253,-77617.39038541968,-4037254252.533437,2115746664.510014,1589269.854921345,49272.80999999999,-6124.950000000001
7720.0,2977116.967476736,43033.909999999996,5556.0,3119447.0635997625,-142330.09612302654,-13160219682.819399,4886859915.04945,3261777.1597227887,60638.71,-17604.800000000003
7725.0,10056556.605266754,315021.2,22005.0,11190017.218683412,-1133460.6134166587,-28965293578.20689,16239127561.71467,12323477.832100071,477309.62,-162288.41999999998
7730.0,4119084.905797929,242606.68,9962.0,4447581.277376854,-328496.37157892477,-12050433894.089922,5995317371.428141,4776077.648955779,282957.61,-40350.93
7735.0,174450.98534800482,1022.8299999999999,443.0,205461.6970444899,-31010.711696485112,-1020471186.6936423,363229423.3293681,236472.40874097502,4084.41,-3061.58
7740.0,2114510.3990708087,50211.42,4761.0,2192522.9967940133,-78012.59772320488,-7979398182.329407,3726269571.236086,2270535.5945172184,59502.45,-9291.03
7745.0,487096.77041149023,6565.04,832.0,512794.36390052654,-25697.593489036313,-1891918462.422972,899787063.3715515,538491.9573895629,9240.45,-2675.4100000000003
7750.0,28513065.562098276,845866.29,50471.0,30317716.454807933,-1804650.8927096599,-68721507849.34192,50632783906.4502,32122367.347517595,1102523.3,-256657.00999999998
7755.0,271184.67017548776,848.7900000000004,725.0,317239.7147504053,-46055.04457491756,-1428387873.3911095,611010099.5157546,363294.75932532287,6539.21,-5690.42
7760.0,3044628.173322802,58152.63,5544.0,3109150.72806799,-64522.55474518796,-9041786103.966352,5767809573.289136,3173673.282813178,65678.34,-7525.71
7765.0,246210.31961934178,3412.1199999999994,3569.0,255947.33537983565,-9737.015760493852,-1269852425.9852903,492041533.3490158,265684.3511403295,4531.15,-1119.03
7770.0,829212.4680364461,21379.82,2057.0,853491.6441565522,-24279.17612010602,-2624522541.9276805,1643096924.2305741,877770.8202766582,24382.739999999998,-3002.9199999999996
7775.0,8128684.160111683,178401.96000000002,22559.0,8900999.868732428,-772315.708620745,-25856461387.995705,17719050218.90118,9673315.577353174,294489.45,-116087.48999999999
7780.0,626828.9123889679,15880.189999999999,1407.0,655492.9321965211,-28664.019807553217,-1977917738.4925127,1333216703.9830055,684156.9520040744,19029.61,-3149.42
7785.0,156314.56516527565,1661.12,881.0,171129.73255444164,-14815.167389165978,-467068361.3220498,383893411.3930014,185944.8999436076,3186.1299999999997,-1525.0099999999998
7790.0,583395.0623256988,14803.75,1606.0,610978.191858094,-27583.12953239522,-2187264465.1198244,1267997874.3167348,638561.3213904892,18410.87,-3607.12
7795.0,132712.0393943862,372.8499999999999,272.0,151338.76467177592,-18626.725277389727,-426780180.36221385,362255543.3068494,169965.48994916564,2740.54,-2367.69
7800.0,30805173.931250233,1481197.94,92100.0,37661304.70836855,-6856130.777118314,-61950717186.8059,74171145565.85443,44517435.48548686,2414361.57,-933163.63
7805.0,28808.636026506236,857.3800000000001,49.0,31875.055758258233,-3066.4197317519997,-39879919.48742453,70006343.40259728,34941.475490010234,1192.0600000000002,-334.68
7810.0,1106542.9642429424,26223.879999999997,1901.0,1117651.5367736812,-11108.572530738686,-2819671046.9008036,2495856721.674864,1128760.1093044197,27715.239999999998,-1491.3600000000001
7815.0,30618.298810463264,168.5299999999999,76.0,42175.71648765519,-11557.417677191926,-64089733.263108276,114406144.25297938,53733.13416484712,1489.6899999999998,-1321.1599999999999
7820.0,1051527.4888458971,40649.979999999996,1961.0,1071701.7456187168,-20174.25677281971,-1828137943.5678067,2268625072.789062,1091876.0023915365,43259.049999999996,-2609.0699999999997
7825.0,4793136.181324861,255413.94,15457.0,5552074.28975003,-758938.1084251698,-10195259961.756222,11748630955.458775,6311012.3981752,362680.9,-107266.96
7830.0,500981.4754360204,11008.48,1260.0,525603.8733537113,-24622.397917690967,-1340940731.563985,1292759884.6343455,550226.2712714024,14350.41,-3341.93
7835.0,-16525.548024133222,-3403.2599999999998,81.0,18150.62063945129,-34676.16866358451,-64367344.77960975,130088531.42514138,52826.7893030358,984.8299999999999,-4388.09
7840.0,512206.7026735016,19602.61,1215.0,552854.3720849094,-40647.66941140767,-955260679.3784297,1317223771.485538,593502.0414963169,25047.57,-5444.959999999999
7845.0,-1334.7301824585902,-86.97000000000003,26.0,5158.766075271512,-6493.496257730101,-9710187.757619018,23117892.616796985,11652.262333001614,757.4100000000001,-844.3800000000001
7850.0,9800364.40851329,445162.49,34166.0,11507395.641838854,-1707031.2333255617,-21875185123.580986,26848427621.453003,13214426.875164416,709983.1699999999,-264820.68
7855.0,2482.324861127257,-422.98999999999984,51.0,12875.839137046682,-10393.514275919424,-23550689.82971398,51236360.2470328,23269.353412966106,1218.33,-1641.3199999999997
7860.0,227429.1747676352,8338.94,624.0,246983.0439350097,-19553.869167374483,-464496506.654558,616691764.4594862,266536.9131023842,11186.75,-2847.81
7865.0,16673.301082411144,482.55999999999995,26.0,16673.301082411144,0.0,-23611755.001507606,43172947.517953835,16673.301082411144,482.55999999999995,0.0
7870.0,100895.27012047473,2845.1800000000007,375.0,127120.83990625567,-26225.569785780954,-280111671.62291706,365985730.42002463,153346.40969203663,6583.56,-3738.3799999999997
7875.0,3485533.214720418,177156.0,11308.0,3886533.550298793,-401000.3355783744,-6398276012.178597,9243069550.232847,4287533.885877167,248175.82,-71019.81999999999
7880.0,293577.42795105686,12304.27,837.0,310726.3709911337,-17148.943040076785,-679409683.9133102,799339025.3643644,327875.31403121044,14838.38,-2534.11
7885.0,64217.732995474624,1947.2900000000002,107.0,64217.732995474624,0.0,-90862478.08313629,175467993.8958727,64217.732995474624,1947.2900000000002,0.0
7890.0,2392541.38103849,110772.56000000001,4474.0,2401893.1968613365,-9351.815822846003,-2587499595.313261,6006212175.37826,2411245.0126841823,112322.39000000001,-1549.83
7895.0,17000.048642071357,730.16,30.0,17000.048642071357,0.0,-18127787.55079752,43928305.72503237,17000.048642071357,730.16,0.0
7900.0,23697035.698861208,1356641.16,68261.0,26224769.806789704,-2527734.1079284954,-32573211164.778736,67118031190.241486,28752503.9147182,1752235.48,-395594.32
7905.0,24980.014627270546,672.0,44.0,24980.014627270546,0.0,-38687357.69612016,74028388.27879907,24980.014627270546,672.0,0.0
7910.0,717045.2742747602,12578.75,2892.0,749034.0267106097,-31988.752435849496,-2573208793.9697194,2402388212.4971905,781022.7791464592,17721.34,-5142.59
7915.0,12073.041872540729,362.21000000000004,22.0,12073.041872540729,0.0,-17747200.067745846,36052003.91290245,12073.041872540729,362.21000000000004,0.0
7920.0,191661.72950476306,15374.140000000001,587.0,197019.20389433112,-5357.474389568055,-270055644.5836792,479114147.5848527,202376.67828389918,16345.740000000002,-971.6
7925.0,3545990.99563767,196517.59000000003,10819.0,3773475.3384783766,-227484.34284070652,-5664122520.062404,10052422772.257341,4000959.681319083,236099.99000000002,-39582.4
7930.0,143317.4694435337,2803.8399999999997,579.0,165385.5573163355,-22068.08787280183,-375644781.35528064,533459015.7360152,187453.64518913734,6863.1,-4059.26
7935.0,11741.45530345244,162.89999999999998,27.0,12849.750104711606,-1108.2948012591653,-21412666.415306482,45079768.040324524,13958.04490597077,356.74,-193.84
7940.0,319742.3989724285,13106.02,1041.0,323157.26239099656,-3414.863418568035,-669215239.3580049,964679486.8384707,326572.12580956455,13685.380000000001,-579.36
7945.0,146303.10477150642,3935.08,295.0,146303.10477150642,0.0,-236569950.47474766,482698975.5875373,146303.10477150642,3935.08,0.0
7950.0,14773703.199355341,687827.11,39076.0,15348556.628105737,-574853.4287503972,-22021243358.252865,46462646155.74686,15923410.056856135,788818.21,-100991.1
7955.0,9494.567122625935,236.11999999999998,20.0,9494.567122625935,0.0,-16213693.508056225,32556732.348836314,9494.567122625935,236.11999999999998,0.0
7960.0,191269.56041083176,8063.87,539.0,195988.65028853447,-4719.089877702706,-310800894.77706015,612490935.8363204,200707.74016623717,8887.77,-823.9000000000001
7965.0,10078.555371446962,253.22000000000003,22.0,10078.555371446962,0.0,-17273729.69414803,35361628.14514017,10078.555371446962,253.22000000000003,0.0
7970.0,101956.06819645537,4344.41,295.0,104104.44687184981,-2148.3786753944332,-169559505.8900932,334570936.2470452,106252.82554724424,4724.71,-380.3
7975.0,2945038.12898063,168294.0,8134.0,3101551.8923045406,-156513.76332391065,-3254778689.004131,9139604769.392763,3258065.655628451,197643.62999999998,-29349.63
7980.0,3304527.991496009,297621.16,8582.0,3309458.120980624,-4930.12948461537,-2242579268.027777,8175556311.42026,3314388.2504652394,298497.68,-876.52
7985.0,83815.60001315243,6650.280000000001,233.0,87698.06603132022,-3882.4660181677896,-70379165.88073254,239855500.29571113,91580.53204948801,7345.26,-694.98
7990.0,3655052.895840989,325292.56,9514.0,3659021.0785015346,-3968.1826605457345,-2505820639.522339,9298727883.3578,3662989.2611620803,326073.41,-780.85
7995.0,57156.81702346022,3689.7599999999998,161.0,60594.32886805793,-3437.511844597706,-60682236.401958935,185343827.27752355,64031.840712655634,4312.16,-622.4
8000.0,32487849.187990196,-1973968.55,297430.0,73686171.96207938,-41198322.77408918,-94348877137.45187,319767518154.0875,114884494.73616856,5931124.58,-7905093.13
8005.0,39546.03627059591,1932.1200000000003,151.0,49932.05590570706,-10386.019635111144,-48815115.89859577,172492980.50753033,60318.0755408182,3865.0800000000004,-1932.96
8010.0,4709953.132963464,390152.64,13816.0,4719856.043925154,-9902.910961690963,-4260174522.8353596,13012895393.17413,4729758.954886845,392009.2,-1856.56
8015.0,14155.41304256217,258.7399999999999,51.0,16760.53003586355,-2605.1169933013825,-26859276.392044663,67558639.56503037,19365.647029164935,751.76,-493.02000000000004
8020.0,3981721.7759820092,346760.38999999996,10592.0,3987200.9393932377,-5479.163411228508,-2804911143.003896,10929934317.35303,3992680.102804466,347846.87,-1086.48
8025.0,2792671.963179185,261154.61000000004,9359.0,2960105.7367240153,-167433.77354483018,-2529411047.50166,8448272069.3172655,3127539.5102688456,293695.58,-32540.97
8030.0,4658772.360377249,395264.42,12294.0,4670541.517064087,-11769.156686837094,-3330605542.8225775,13248182182.325375,4682310.673750924,397567.46,-2303.04
8035.0,43992.482845125014,2218.3599999999997,122.0,45729.69561020177,-1737.2127650767604,-54186015.8390211,162449667.2485468,47466.90837527854,2555.8399999999997,-337.48
8040.0,17101295.763680343,1464318.8099999998,45085.0,17107868.789006077,-6573.025325732602,-11944725449.802652,49241220299.59373,17114441.814331807,1465597.5599999998,-1278.7500000000002
8045.0,41075.71268664778,2673.72,110.0,41075.71268664778,0.0,-42947627.62026255,136346051.45065558,41075.71268664778,2673.72,0.0
8050.0,17707654.311586857,1351218.39,49879.0,17805733.539166406,-98079.2275795523,-16270977649.051796,55400288032.14232,17903812.76674596,1371153.5499999998,-19935.16
8055.0,42866.298749646565,3004.85,124.0,44185.24012082569,-1318.9413711791262,-41433539.62338944,146397187.62630102,45504.18149200482,3277.88,-273.03000000000003
8060.0,5615335.875639933,467951.5,14999.0,5617988.84152338,-2652.9658834470183,-4080038039.8471756,17045009193.239088,5620641.807406827,468502.84,-551.34
8065.0,23031.221716863787,1292.3899999999999,78.0,25699.557497910384,-2668.3357810465964,-26768645.152035516,95603028.6684143,28367.89327895698,1848.11,-555.72
8070.0,10882756.392141677,902930.86,29227.0,10884837.87961311,-2081.487471433327,-7939432078.10668,33716329281.581238,10886919.367084544,903385.48,-454.62000000000006
8075.0,1059913.0029535913,58330.520000000004,3750.0,1148472.162902626,-88559.15994903479,-1375778422.423232,4281914412.2457075,1237031.3228516607,77408.12,-19077.6
8080.0,4860734.588105561,396155.65,13243.0,4863873.331937082,-3138.743831520991,-3652850478.832228,15466395084.051056,4867012.075768603,396851.71,-696.06
8085.0,11639.040478058316,723.9100000000001,33.0,11639.040478058316,0.0,-12659277.358801553,42232458.893322036,11639.040478058316,723.9100000000001,0.0
8090.0,6630706.575159926,535457.1,18121.0,6633516.096297648,-2809.521137721172,-5022180950.932461,21568528645.819405,6636325.617435369,536088.46,-631.36
8095.0,39169.38808722452,2628.2,118.0,39169.38808722452,0.0,-42071645.13291317,141036209.90992886,39169.38808722452,2628.2,0.0
8100.0,24610168.747071855,1858265.4200000002,71794.0,24782074.435883086,-171905.68881123236,-21689387098.586456,84917001241.01114,24953980.12469432,1896903.5599999998,-38638.14
8105.0,13222.2686690272,1050.84,36.0,13222.2686690272,0.0,-10059924.761469867,44464924.18716718,13222.2686690272,1050.84,0.0
8110.0,5867417.64038419,463067.75,16033.0,5867417.64038419,0.0,-4503694091.467951,19969035248.805347,5867417.64038419,463067.75,0.0
8115.0,8943.596179838969,298.25,37.0,8943.596179838969,0.0,-17293974.732879154,40635854.08111638,8943.596179838969,298.25,0.0
8120.0,8661693.782200374,676524.96,23836.0,8661693.782200374,0.0,-6737622589.626248,30116816154.18221,8661693.782200374,676524.96,0.0
8125.0,3489764.1521737264,214037.95,9875.0,3515472.772621582,-25708.620447855035,-3465880609.435465,13545330728.964668,3541181.393069437,220099.21,-6061.26
8130.0,10289627.208918344,794869.24,28468.0,10289627.208918344,0.0,-8086595710.02829,36562807405.927216,10289627.208918344,794869.24,0.0
8135.0,11598.626125767227,570.8,45.0,11598.626125767227,0.0,-17879553.40109209,49712436.019427046,11598.626125767227,570.8,0.0
8140.0,7311773.959965659,558756.67,20379.0,7311773.959965659,0.0,-5819703859.362796,26521281198.847946,7311773.959965659,558756.67,0.0
8145.0,13229.74561044113,239.98,71.0,13229.74561044113,0.0,-31972522.253068734,67889333.89168866,13229.74561044113,239.98,0.0
8150.0,17698243.87901915,1302947.86,51023.0,17716582.055824175,-18338.17680502726,-15102114919.487402,66469435717.959114,17734920.232629202,1307318.5,-4370.64
8155.0,4417.325684651539,79.75,25.0,4417.325684651539,0.0,-10831033.273176024,23002466.417294703,4417.325684651539,79.75,0.0
8160.0,15916565.946054537,1189611.6400000004,45007.0,15916565.946054537,0.0,-12980569752.214178,60163379627.202065,15916565.946054537,1189611.6400000004,0.0
8165.0,13631.319982712359,242.72,82.0,13631.319982712359,0.0,-33901289.5023785,72205147.40191677,13631.319982712359,242.72,0.0
8170.0,7860617.196484724,581535.7200000001,22403.0,7860617.196484724,0.0,-6486657125.392001,30294829662.14075,7860617.196484724,581535.7200000001,0.0
8175.0,879264.7397955538,59650.5,2748.0,879264.7397955538,0.0,-858715419.7577575,3551384209.271615,879264.7397955538,59650.5,0.0
8180.0,20157389.6888823,1475274.71,57902.0,20157389.6888823,0.0,-16831709247.592253,79238550489.24185,20157389.6888823,1475274.71,0.0
8190.0,14758861.317562208,1068138.08,42765.0,14758861.317562208,0.0,-12479397019.80468,59166503218.69623,14758861.317562208,1068138.08,0.0
8200.0,12050861.14181786,812277.59,60287.0,12050861.14181786,0.0,-17053716313.146772,50206644771.60544,12050861.14181786,812277.59,0.0
8210.0,6878.92028751675,119.08000000000001,52.0,6878.92028751675,0.0,-18195335.975141697,38503082.18027539,6878.92028751675,119.08000000000001,0.0
8220.0,125.83746151420732,2.17,1.0,125.83746151420732,0.0,-337258.71641517675,712276.8148565984,125.83746151420732,2.17,0.0
8225.0,651989.4381956127,40339.61,2172.0,651989.4381956127,0.0,-708767078.961216,2937013942.2375026,651989.4381956127,40339.61,0.0
8230.0,21772.87915984891,373.32,183.0,21772.87915984891,0.0,-59113830.31149976,124821877.4167753,21772.87915984891,373.32,0.0
8240.0,342.5462242990037,5.85,3.0,342.5462242990037,0.0,-942030.4618908097,1979787.313641682,342.5462242990037,5.85,0.0
8250.0,3669418.9757524105,204248.26,16138.0,3669418.9757524105,0.0,-5044887232.195233,17728750130.931736,3669418.9757524105,204248.26,0.0
8260.0,929.4609397644325,15.840000000000002,9.0,929.4609397644325,0.0,-2620936.271395867,5485495.06388373,929.4609397644325,15.840000000000002,0.0
8270.0,217252.54105382235,3682.3499999999995,2205.0,217252.54105382235,0.0,-620191782.9056197,1294154185.9760487,217252.54105382235,3682.3499999999995,0.0
8275.0,1661885.613164652,106112.57,5631.0,1661885.613164652,0.0,-1721722161.6185205,7916622003.080512,1661885.613164652,106112.57,0.0
8280.0,377.2729255215851,6.4,4.0,377.2729255215851,0.0,-1090153.6192570527,2265990.6265969216,377.2729255215851,6.4,0.0
8290.0,4664.459288979338,78.52,52.0,4664.459288979338,0.0,-13640273.383357523,28291779.686648656,4664.459288979338,78.52,0.0
8300.0,9105192.223718364,596746.2999999999,54698.0,9105192.223718364,0.0,-13160628770.533659,43939270105.562805,9105192.223718364,596746.2999999999,0.0
8310.0,5164.821249870738,86.94,63.0,5164.821249870738,0.0,-15462290.568262866,31848040.74052817,5164.821249870738,86.94,0.0
8320.0,945.7080446003769,15.959999999999999,12.0,945.7080446003769,0.0,-2864083.759052665,5870989.581077553,945.7080446003769,15.959999999999999,0.0
8325.0,1176913.0586862597,80110.99999999999,5774.0,1176913.0586862597,0.0,-1440578856.4169855,5907719448.244993,1176913.0586862597,80110.99999999999,0.0
8330.0,158235.6350687373,2649.78,2103.0,158235.6350687373,0.0,-484695028.6710037,990508894.9664329,158235.6350687373,2649.78,0.0
8340.0,161238.47217278107,2695.88,2228.0,161238.47217278107,0.0,-499481119.3803081,1015840725.8094374,161238.47217278107,2695.88,0.0
8350.0,1700013.5993245991,109782.52,10334.0,1700013.5993245991,0.0,-2371033998.334893,8782905399.857405,1700013.5993245991,109782.52,0.0
8360.0,539416.2596597808,9021.1,8201.0,539416.2596597808,0.0,-1708204410.05209,3455608293.454311,539416.2596597808,9021.1,0.0
8370.0,2522.7945998571918,42.4,40.0,2522.7945998571918,0.0,-8076122.220159824,16273035.099868404,2522.7945998571918,42.4,0.0
8375.0,192158.43106946076,11004.79,2808.0,192158.43106946076,0.0,-499105397.6378593,992164758.154281,192158.43106946076,11004.79,0.0
8380.0,181.47064473211586,3.0300000000000002,3.0,181.47064473211586,0.0,-587187.5094268962,1178482.6012969073,181.47064473211586,3.0300000000000002,0.0
8390.0,2172.0608754198383,36.26,37.0,2172.0608754198383,0.0,-7103204.922333331,14164303.676116463,2172.0608754198383,36.26,0.0
8400.0,10368296.815544952,676456.74,78905.0,10368383.126800388,-86.3112554358488,-15539062529.689419,56078605055.50945,10368469.438055824,676556.16,-99.42
8410.0,380.01760633803445,6.370000000000001,7.0,380.01760633803445,0.0,-1268886.2930318292,2508295.639198451,380.01760633803445,6.370000000000001,0.0
8420.0,0.0,0.0,0.0,0.0,0.0,0.0,0.0,0.0,0.0,0.0
8425.0,505417.8189414602,33536.36,1911.0,505417.8189414602,0.0,-506636094.9808798,2819282304.3253794,505417.8189414602,33536.36,0.0
8430.0,1051.2263446888292,17.64,21.0,1051.2263446888292,0.0,-3582137.234874572,7025503.608236417,1051.2263446888292,17.64,0.0
8440.0,47.698473504354695,0.8,1.0,47.698473504354695,0.0,-164164.4519617128,321226.3328148548,47.698473504354695,0.8,0.0
8450.0,1147190.9220911805,58815.03,9963.0,1147190.9220911805,0.0,-2041260195.2344582,6880715474.789992,1147190.9220911805,58815.03,0.0
8460.0,1159.1722951290722,19.5,26.0,1159.1722951290722,0.0,-4068892.7770574987,7880252.73158223,1159.1722951290722,19.5,0.0
8470.0,2797.300598789305,46.8,65.0,2797.300598789305,0.0,-9914529.805961488,19111128.560033232,2797.300598789305,46.8,0.0
8475.0,346613.20375405514,26960.69,1428.0,346613.20375405514,0.0,-327723510.01973516,1969307937.8897343,346613.20375405514,26960.69,0.0
8480.0,0.0,0.0,0.0,0.0,0.0,0.0,0.0,0.0,0.0,0.0
8490.0,119.9010211069294,2.0399999999999996,3.0,119.9010211069294,0.0,-433137.6777748488,827752.22379233,119.9010211069294,2.0399999999999996,0.0
8500.0,6825276.626758401,408518.36,55253.0,6825350.451203284,-73.82444488254153,-10451138726.519516,41893791928.296196,6825424.275648166,408617.82,-99.46000000000001
8510.0,111.47170773643663,1.8900000000000001,3.0,111.47170773643663,0.0,-410265.74639425083,777347.2669509735,111.47170773643663,1.8900000000000001,0.0
8520.0,3360.9537350321234,57.04,92.0,3360.9537350321234,0.0,-12484568.022450807,23471894.79300505,3360.9537350321234,57.04,0.0
8525.0,118950.56207395767,7468.38,545.0,118950.56207395767,0.0,-131999041.74217537,755687813.4383464,118950.56207395767,7468.38,0.0
8530.0,0.0,0.0,0.0,0.0,0.0,0.0,0.0,0.0,0.0,0.0
8540.0,406.57555585733957,6.959999999999999,12.0,406.57555585733957,0.0,-1537793.073057548,2868939.4558454957,406.57555585733957,6.959999999999999,0.0
8550.0,865111.6094521781,42027.99,4346.0,865111.6094521781,0.0,-1106652171.0015657,5973285026.302433,865111.6094521781,42027.99,0.0
8575.0,174852.23640220825,9283.01,883.0,174852.23640220825,0.0,-215424200.05064994,1210585983.650883,174852.23640220825,9283.01,0.0
8600.0,5415928.61806026,269548.18,61751.0,5415928.61806026,0.0,-9741885986.135622,37712699723.64708,5415928.61806026,269548.18,0.0
8650.0,636674.5946777225,35312.75,3457.0,636674.5946777225,0.0,-771645200.1471752,4662767886.101099,636674.5946777225,35312.75,0.0
8700.0,2968216.5157407685,138917.25,35945.0,2968216.5157407685,0.0,-5123728248.992284,22978575253.223885,2968216.5157407685,138917.25,0.0
8800.0,4892525.396225339,246329.11,50708.0,4892535.970665689,-10.57444034964068,-7503750100.587183,40704367481.52549,4892546.545106038,246429.03999999998,-99.92999999999999
8900.0,1705405.6180669446,73237.32,40942.0,1705405.6180669446,0.0,-4455324786.463928,14967332454.322496,1705405.6180669446,73237.32,0.0
9000.0,4406435.972354076,182735.79,55710.0,4406435.972354076,0.0,-7148301292.535363,43495395793.45714,4406435.972354076,182735.79,0.0
9100.0,319371.92911509937,13020.94,4863.0,319371.92911509937,0.0,-537996894.4113338,3332619426.1630197,319371.92911509937,13020.94,0.0
9200.0,1787196.6279154567,72699.89,33485.0,1787196.6279154567,0.0,-3127707396.347596,19555452976.85974,1787196.6279154567,72699.89,0.0
9300.0,129168.10769020606,6677.7,1611.0,129168.10769020606,0.0,-179330253.09108543,1448846407.0718737,129168.10769020606,6677.7,0.0
9400.0,366010.7171973774,14809.319999999998,9503.0,366010.7171973774,0.0,-677191008.3335172,4355086856.125921,366010.7171973774,14809.319999999998,0.0
9600.0,162277.13814064287,6423.48,5711.0,162277.13814064287,0.0,-321025706.0420342,2071028540.9114616,162277.13814064287,6423.48,0.0
9800.0,138705.49042911181,5587.99,6487.0,138705.49042911181,0.0,-288076499.6291455,1873749911.5763159,138705.49042911181,5587.99,0.0
10000.0,516931.85274630814,18761.579999999998,41522.0,516931.85274630814,0.0,-1311042512.9789119,7135887150.782678,516931.85274630814,18761.579999999998,0.0
10200.0,41576.303866154914,1685.23,3053.0,41576.303866154914,0.0,-95131296.5457646,614354150.6410052,41576.303866154914,1685.23,0.0
10400.0,16378.62764825199,671.1800000000001,1509.0,16378.62764825199,0.0,-38986147.33085729,251476046.87124372,16378.62764825199,671.1800000000001,0.0
10600.0,15963.961289770725,667.02,1859.0,15963.961289770725,0.0,-40093377.39545895,252312331.77161285,15963.961289770725,667.02,0.0
10800.0,8339.140794162708,339.66999999999996,1307.0,8339.140794162708,0.0,-23384359.296895172,132639331.88141987,8339.140794162708,339.66999999999996,0.0
11000.0,19816.467895178823,857.75,3262.0,19816.467895178823,0.0,-53603749.62280956,330235017.99999404,19816.467895178823,857.75,0.0
11200.0,3872.61129932404,161.7,959.0,3872.61129932404,0.0,-12421353.558828855,63288767.235523894,3872.61129932404,161.7,0.0
11400.0,8547.85056263636,354.47999999999996,2482.0,8547.85056263636,0.0,-27928638.914858848,143612166.09495422,8547.85056263636,354.47999999999996,0.0
11600.0,410.2649404042204,19.150000000000002,93.0,410.2649404042204,0.0,-1171334.4036641086,7319483.173826948,410.2649404042204,19.150000000000002,0.0
11800.0,319.8998148092244,15.61,72.0,319.8998148092244,0.0,-882972.0618659246,5903473.45802406,319.8998148092244,15.61,0.0
12000.0,24093.16086857671,1030.96,16881.0,24093.16086857671,0.0,-102643586.5731526,405810410.0359402,24093.16086857671,1030.96,0.0
