date,spot,expiry,T_days,strike,call_mid,call_iv,put_mid,put_iv
2026-07-14,7530.62,2026-07-15,1.0,5800.0,1738.55,1.7923,0.03,1.416
2026-07-14,7530.62,2026-07-15,1.0,5900.0,1637.75,1.1763,0.03,1.3288
2026-07-14,7530.62,2026-07-15,1.0,6000.0,1538.15,1.3272,0.03,1.2428
2026-07-14,7530.62,2026-07-15,1.0,6100.0,1437.7,1.0253,0.03,1.158
2026-07-14,7530.62,2026-07-15,1.0,6200.0,1338.3,1.258,0.03,1.0742
2026-07-14,7530.62,2026-07-15,1.0,6275.0,1262.3,0.9243,0.03,1.0121
2026-07-14,7530.62,2026-07-15,1.0,6300.0,1238.0,0.8778,0.03,0.9915
2026-07-14,7530.62,2026-07-15,1.0,6325.0,1212.9,0.8045,0.03,0.971
2026-07-14,7530.62,2026-07-15,1.0,6350.0,1187.5,0.8863,0.03,0.9505
2026-07-14,7530.62,2026-07-15,1.0,6375.0,1162.6,0.8492,0.03,0.9301
2026-07-14,7530.62,2026-07-15,1.0,6400.0,1139.45,1.307,0.03,0.9097
2026-07-14,7530.62,2026-07-15,1.0,6425.0,1112.3,0.7377,0.03,0.8894
2026-07-14,7530.62,2026-07-15,1.0,6450.0,1087.15,0.8102,0.03,0.8692
2026-07-14,7530.62,2026-07-15,1.0,6475.0,1062.25,0.7749,0.03,0.849
2026-07-14,7530.62,2026-07-15,1.0,6500.0,1037.7,0.7335,0.03,0.8289
2026-07-14,7530.62,2026-07-15,1.0,6525.0,1012.45,0.6714,0.03,0.8088
2026-07-14,7530.62,2026-07-15,1.0,6550.0,987.35,0.735,0.03,0.7887
2026-07-14,7530.62,2026-07-15,1.0,6575.0,962.7,0.7013,0.03,0.7687
2026-07-14,7530.62,2026-07-15,1.0,6600.0,938.65,0.9715,0.03,0.7488
2026-07-14,7530.62,2026-07-15,1.0,6625.0,912.7,0.6054,0.03,0.7289
2026-07-14,7530.62,2026-07-15,1.0,6650.0,887.6,0.6604,0.03,0.709
2026-07-14,7530.62,2026-07-15,1.0,6675.0,862.75,0.6284,0.03,0.6892
2026-07-14,7530.62,2026-07-15,1.0,6700.0,837.8,0.5917,0.03,0.6694
2026-07-14,7530.62,2026-07-15,1.0,6725.0,812.35,0.5397,0.03,0.6497
2026-07-14,7530.62,2026-07-15,1.0,6750.0,788.9,0.8592,0.05,0.6638
2026-07-14,7530.62,2026-07-15,1.0,6775.0,763.65,0.7948,0.05,0.6432
2026-07-14,7530.62,2026-07-15,1.0,6800.0,738.4,0.7135,0.05,0.6226
2026-07-14,7530.62,2026-07-15,1.0,6825.0,713.65,0.7448,0.05,0.6021
2026-07-14,7530.62,2026-07-15,1.0,6850.0,688.7,0.7279,0.05,0.5816
2026-07-14,7530.62,2026-07-15,1.0,6875.0,663.95,0.7358,0.05,0.5611
2026-07-14,7530.62,2026-07-15,1.0,6890.0,648.7,0.6877,0.05,0.5489
2026-07-14,7530.62,2026-07-15,1.0,6900.0,638.7,0.6777,0.08,0.5592
2026-07-14,7530.62,2026-07-15,1.0,6910.0,628.7,0.6677,0.08,0.5508
2026-07-14,7530.62,2026-07-15,1.0,6920.0,618.95,0.6891,0.08,0.5424
2026-07-14,7530.62,2026-07-15,1.0,6925.0,613.95,0.684,0.08,0.5382
2026-07-14,7530.62,2026-07-15,1.0,6930.0,608.95,0.6788,0.08,0.534
2026-07-14,7530.62,2026-07-15,1.0,6940.0,598.65,0.6302,0.08,0.5256
2026-07-14,7530.62,2026-07-15,1.0,6950.0,588.7,0.6276,0.08,0.5172
2026-07-14,7530.62,2026-07-15,1.0,6960.0,578.7,0.6176,0.08,0.5088
2026-07-14,7530.62,2026-07-15,1.0,6970.0,568.7,0.6076,0.08,0.5004
2026-07-14,7530.62,2026-07-15,1.0,6975.0,563.7,0.6026,0.08,0.4962
2026-07-14,7530.62,2026-07-15,1.0,6980.0,559.0,0.632,0.08,0.492
2026-07-14,7530.62,2026-07-15,1.0,6990.0,549.0,0.6216,0.08,0.4836
2026-07-14,7530.62,2026-07-15,1.0,7000.0,538.7,0.5775,0.08,0.4752
2026-07-14,7530.62,2026-07-15,1.0,7010.0,528.7,0.5675,0.1,0.479
2026-07-14,7530.62,2026-07-15,1.0,7020.0,518.7,0.5575,0.1,0.4704
2026-07-14,7530.62,2026-07-15,1.0,7025.0,513.7,0.5525,0.08,0.4542
2026-07-14,7530.62,2026-07-15,1.0,7030.0,508.75,0.5537,0.1,0.4618
2026-07-14,7530.62,2026-07-15,1.0,7035.0,503.95,0.5699,0.1,0.4575
2026-07-14,7530.62,2026-07-15,1.0,7040.0,499.0,0.5694,0.1,0.4532
2026-07-14,7530.62,2026-07-15,1.0,7045.0,494.0,0.5642,0.1,0.4489
2026-07-14,7530.62,2026-07-15,1.0,7050.0,489.0,0.559,0.1,0.4447
2026-07-14,7530.62,2026-07-15,1.0,7055.0,483.75,0.5285,0.1,0.4404
2026-07-14,7530.62,2026-07-15,1.0,7060.0,478.75,0.5234,0.1,0.4361
2026-07-14,7530.62,2026-07-15,1.0,7065.0,473.75,0.5184,0.1,0.4318
2026-07-14,7530.62,2026-07-15,1.0,7070.0,468.75,0.5134,0.1,0.4275
2026-07-14,7530.62,2026-07-15,1.0,7075.0,463.8,0.5138,0.1,0.4232
2026-07-14,7530.62,2026-07-15,1.0,7080.0,458.7,0.4975,0.1,0.4189
2026-07-14,7530.62,2026-07-15,1.0,7085.0,454.0,0.5224,0.12,0.4235
2026-07-14,7530.62,2026-07-15,1.0,7090.0,449.0,0.5172,0.12,0.4191
2026-07-14,7530.62,2026-07-15,1.0,7095.0,443.7,0.4825,0.12,0.4147
2026-07-14,7530.62,2026-07-15,1.0,7100.0,438.75,0.4831,0.12,0.4104
2026-07-14,7530.62,2026-07-15,1.0,7105.0,433.75,0.478,0.12,0.406
2026-07-14,7530.62,2026-07-15,1.0,7110.0,428.75,0.473,0.12,0.4016
2026-07-14,7530.62,2026-07-15,1.0,7115.0,423.75,0.4679,0.12,0.3973
2026-07-14,7530.62,2026-07-15,1.0,7120.0,418.75,0.4629,0.12,0.3929
2026-07-14,7530.62,2026-07-15,1.0,7125.0,414.05,0.4845,0.15,0.3956
2026-07-14,7530.62,2026-07-15,1.0,7130.0,408.75,0.4527,0.15,0.3912
2026-07-14,7530.62,2026-07-15,1.0,7135.0,403.75,0.4477,0.15,0.3867
2026-07-14,7530.62,2026-07-15,1.0,7140.0,398.8,0.4475,0.15,0.3823
2026-07-14,7530.62,2026-07-15,1.0,7145.0,393.75,0.4376,0.15,0.3778
2026-07-14,7530.62,2026-07-15,1.0,7150.0,388.75,0.4325,0.15,0.3734
2026-07-14,7530.62,2026-07-15,1.0,7155.0,384.05,0.4528,0.15,0.3689
2026-07-14,7530.62,2026-07-15,1.0,7160.0,378.8,0.4271,0.15,0.3645
2026-07-14,7530.62,2026-07-15,1.0,7165.0,373.8,0.422,0.15,0.36
2026-07-14,7530.62,2026-07-15,1.0,7170.0,368.8,0.4169,0.17,0.3613
2026-07-14,7530.62,2026-07-15,1.0,7175.0,364.1,0.4351,0.17,0.3568
2026-07-14,7530.62,2026-07-15,1.0,7180.0,358.8,0.4067,0.17,0.3522
2026-07-14,7530.62,2026-07-15,1.0,7185.0,353.8,0.4015,0.17,0.3477
2026-07-14,7530.62,2026-07-15,1.0,7190.0,348.8,0.3964,0.2,0.3481
2026-07-14,7530.62,2026-07-15,1.0,7195.0,344.1,0.4138,0.2,0.3436
2026-07-14,7530.62,2026-07-15,1.0,7200.0,338.8,0.3862,0.2,0.339
2026-07-14,7530.62,2026-07-15,1.0,7205.0,333.8,0.381,0.2,0.3344
2026-07-14,7530.62,2026-07-15,1.0,7210.0,328.85,0.38,0.2,0.3298
2026-07-14,7530.62,2026-07-15,1.0,7215.0,323.85,0.3748,0.2,0.3252
2026-07-14,7530.62,2026-07-15,1.0,7220.0,319.15,0.3901,0.2,0.3206
2026-07-14,7530.62,2026-07-15,1.0,7225.0,313.85,0.3644,0.23,0.3202
2026-07-14,7530.62,2026-07-15,1.0,7230.0,309.15,0.3793,0.23,0.3155
2026-07-14,7530.62,2026-07-15,1.0,7235.0,303.85,0.354,0.25,0.3146
2026-07-14,7530.62,2026-07-15,1.0,7240.0,299.15,0.3684,0.25,0.3099
2026-07-14,7530.62,2026-07-15,1.0,7245.0,293.9,0.3472,0.25,0.3052
2026-07-14,7530.62,2026-07-15,1.0,7250.0,288.95,0.3453,0.25,0.3005
2026-07-14,7530.62,2026-07-15,1.0,7255.0,284.2,0.3549,0.28,0.2991
2026-07-14,7530.62,2026-07-15,1.0,7260.0,278.95,0.3348,0.28,0.2944
2026-07-14,7530.62,2026-07-15,1.0,7265.0,273.95,0.3294,0.3,0.2926
2026-07-14,7530.62,2026-07-15,1.0,7270.0,268.95,0.3241,0.3,0.2878
2026-07-14,7530.62,2026-07-15,1.0,7275.0,263.95,0.3188,0.3,0.283
2026-07-14,7530.62,2026-07-15,1.0,7280.0,259.0,0.3165,0.32,0.2809
2026-07-14,7530.62,2026-07-15,1.0,7285.0,254.0,0.3111,0.35,0.2787
2026-07-14,7530.62,2026-07-15,1.0,7290.0,249.3,0.3213,0.35,0.2737
2026-07-14,7530.62,2026-07-15,1.0,7295.0,244.0,0.3004,0.38,0.2712
2026-07-14,7530.62,2026-07-15,1.0,7300.0,239.05,0.2977,0.4,0.2685
2026-07-14,7530.62,2026-07-15,1.0,7305.0,234.1,0.2949,0.4,0.2635
2026-07-14,7530.62,2026-07-15,1.0,7310.0,229.25,0.2966,0.45,0.2626
2026-07-14,7530.62,2026-07-15,1.0,7315.0,224.1,0.2839,0.45,0.2575
2026-07-14,7530.62,2026-07-15,1.0,7320.0,219.15,0.2809,0.5,0.2561
2026-07-14,7530.62,2026-07-15,1.0,7325.0,214.45,0.2881,0.5,0.251
2026-07-14,7530.62,2026-07-15,1.0,7330.0,209.2,0.272,0.55,0.2491
2026-07-14,7530.62,2026-07-15,1.0,7335.0,204.25,0.2686,0.6,0.247
2026-07-14,7530.62,2026-07-15,1.0,7340.0,199.25,0.2629,0.65,0.2446
2026-07-14,7530.62,2026-07-15,1.0,7345.0,194.3,0.2593,0.68,0.2406
2026-07-14,7530.62,2026-07-15,1.0,7350.0,189.45,0.2593,0.75,0.2391
2026-07-14,7530.62,2026-07-15,1.0,7355.0,184.75,0.2636,0.8,0.236
2026-07-14,7530.62,2026-07-15,1.0,7360.0,179.6,0.2528,0.85,0.2328
2026-07-14,7530.62,2026-07-15,1.0,7365.0,174.55,0.2452,0.95,0.2314
2026-07-14,7530.62,2026-07-15,1.0,7370.0,169.95,0.2513,1.0,0.2277
2026-07-14,7530.62,2026-07-15,1.0,7375.0,164.7,0.238,1.1,0.2257
2026-07-14,7530.62,2026-07-15,1.0,7380.0,159.8,0.2349,1.2,0.2233
2026-07-14,7530.62,2026-07-15,1.0,7385.0,154.85,0.2302,1.35,0.2221
2026-07-14,7530.62,2026-07-15,1.0,7390.0,149.1,0.2002,1.45,0.2191
2026-07-14,7530.62,2026-07-15,1.0,7395.0,145.1,0.2242,1.6,0.2171
2026-07-14,7530.62,2026-07-15,1.0,7400.0,140.2,0.2202,1.75,0.2148
2026-07-14,7530.62,2026-07-15,1.0,7405.0,135.75,0.2255,1.95,0.2132
2026-07-14,7530.62,2026-07-15,1.0,7410.0,130.75,0.2189,2.15,0.2112
2026-07-14,7530.62,2026-07-15,1.0,7415.0,126.0,0.2169,2.35,0.2087
2026-07-14,7530.62,2026-07-15,1.0,7420.0,120.9,0.2082,2.6,0.2068
2026-07-14,7530.62,2026-07-15,1.0,7425.0,116.15,0.2058,2.9,0.2053
2026-07-14,7530.62,2026-07-15,1.0,7430.0,111.25,0.2005,3.15,0.2025
2026-07-14,7530.62,2026-07-15,1.0,7435.0,106.65,0.1997,3.5,0.2008
2026-07-14,7530.62,2026-07-15,1.0,7440.0,101.95,0.1969,3.9,0.1993
2026-07-14,7530.62,2026-07-15,1.0,7445.0,97.35,0.195,4.3,0.1973
2026-07-14,7530.62,2026-07-15,1.0,7450.0,92.75,0.1925,4.75,0.1953
2026-07-14,7530.62,2026-07-15,1.0,7455.0,88.35,0.192,5.2,0.1928
2026-07-14,7530.62,2026-07-15,1.0,7460.0,83.75,0.1885,5.75,0.191
2026-07-14,7530.62,2026-07-15,1.0,7465.0,79.35,0.1867,6.35,0.189
2026-07-14,7530.62,2026-07-15,1.0,7470.0,75.15,0.1863,7.05,0.1875
2026-07-14,7530.62,2026-07-15,1.0,7475.0,70.8,0.1837,7.75,0.1853
2026-07-14,7530.62,2026-07-15,1.0,7480.0,66.75,0.1832,8.65,0.1842
2026-07-14,7530.62,2026-07-15,1.0,7485.0,62.5,0.1802,9.35,0.1808
2026-07-14,7530.62,2026-07-15,1.0,7490.0,58.6,0.1794,10.35,0.1792
2026-07-14,7530.62,2026-07-15,1.0,7495.0,54.6,0.1771,11.35,0.1769
2026-07-14,7530.62,2026-07-15,1.0,7500.0,50.75,0.1752,12.5,0.175
2026-07-14,7530.62,2026-07-15,1.0,7505.0,46.95,0.1729,13.75,0.173
2026-07-14,7530.62,2026-07-15,1.0,7510.0,43.3,0.1709,15.1,0.171
2026-07-14,7530.62,2026-07-15,1.0,7515.0,39.8,0.1691,16.6,0.1692
2026-07-14,7530.62,2026-07-15,1.0,7520.0,36.4,0.1672,18.15,0.1669
2026-07-14,7530.62,2026-07-15,1.0,7525.0,33.25,0.166,20.0,0.1657
2026-07-14,7530.62,2026-07-15,1.0,7530.0,30.2,0.1645,21.9,0.1638
2026-07-14,7530.62,2026-07-15,1.0,7535.0,27.25,0.1627,23.95,0.162
2026-07-14,7530.62,2026-07-15,1.0,7540.0,24.7,0.1625,25.9,0.1586
2026-07-14,7530.62,2026-07-15,1.0,7545.0,21.8,0.159,28.4,0.1576
2026-07-14,7530.62,2026-07-15,1.0,7550.0,19.3,0.157,30.85,0.1553
2026-07-14,7530.62,2026-07-15,1.0,7555.0,17.05,0.1556,33.65,0.1542
2026-07-14,7530.62,2026-07-15,1.0,7560.0,15.0,0.1545,36.35,0.1512
2026-07-14,7530.62,2026-07-15,1.0,7565.0,13.0,0.1525,39.5,0.1501
2026-07-14,7530.62,2026-07-15,1.0,7570.0,11.2,0.1508,42.7,0.1482
2026-07-14,7530.62,2026-07-15,1.0,7575.0,9.7,0.1501,45.95,0.1454
2026-07-14,7530.62,2026-07-15,1.0,7580.0,8.1,0.1473,49.45,0.143
2026-07-14,7530.62,2026-07-15,1.0,7585.0,6.9,0.1466,53.25,0.1418
2026-07-14,7530.62,2026-07-15,1.0,7590.0,5.6,0.1436,57.3,0.1417
2026-07-14,7530.62,2026-07-15,1.0,7595.0,4.6,0.142,60.95,0.1358
2026-07-14,7530.62,2026-07-15,1.0,7600.0,3.75,0.1405,65.1,0.1333
2026-07-14,7530.62,2026-07-15,1.0,7605.0,3.1,0.1401,69.45,0.1317
2026-07-14,7530.62,2026-07-15,1.0,7610.0,2.45,0.1383,74.0,0.1314
2026-07-14,7530.62,2026-07-15,1.0,7615.0,1.95,0.1372,78.35,0.1253
2026-07-14,7530.62,2026-07-15,1.0,7620.0,1.5,0.1355,83.1,0.1252
2026-07-14,7530.62,2026-07-15,1.0,7625.0,1.2,0.1352,87.75,0.1191
2026-07-14,7530.62,2026-07-15,1.0,7630.0,0.95,0.135,92.45,0.1077
2026-07-14,7530.62,2026-07-15,1.0,7635.0,0.75,0.1348,97.1,0.1126
2026-07-14,7530.62,2026-07-15,1.0,7640.0,0.6,0.1351,101.6,0.1175
2026-07-14,7530.62,2026-07-15,1.0,7645.0,0.45,0.1342,106.5,0.1223
2026-07-14,7530.62,2026-07-15,1.0,7650.0,0.38,0.1356,111.7,0.1271
2026-07-14,7530.62,2026-07-15,1.0,7655.0,0.3,0.1362,116.6,0.1319
2026-07-14,7530.62,2026-07-15,1.0,7660.0,0.25,0.1376,,
2026-07-14,7530.62,2026-07-15,1.0,7665.0,0.2,0.1383,126.5,0.254
2026-07-14,7530.62,2026-07-15,1.0,7670.0,0.17,0.1406,131.5,0.146
2026-07-14,7530.62,2026-07-15,1.0,7675.0,0.15,0.1425,,
2026-07-14,7530.62,2026-07-15,1.0,7680.0,0.12,0.1439,141.45,0.1553
2026-07-14,7530.62,2026-07-15,1.0,7685.0,0.1,0.1446,146.45,0.16
2026-07-14,7530.62,2026-07-15,1.0,7690.0,0.1,0.1489,151.45,0.1646
2026-07-14,7530.62,2026-07-15,1.0,7695.0,0.08,0.1486,157.65,0.1862
2026-07-14,7530.62,2026-07-15,1.0,7700.0,0.08,0.1528,161.5,0.1738
2026-07-14,7530.62,2026-07-15,1.0,7705.0,0.08,0.1569,166.5,0.1783
2026-07-14,7530.62,2026-07-15,1.0,7710.0,0.08,0.1611,171.5,0.1829
2026-07-14,7530.62,2026-07-15,1.0,7715.0,0.08,0.1652,176.5,0.1874
2026-07-14,7530.62,2026-07-15,1.0,7720.0,0.08,0.1694,181.5,0.1919
2026-07-14,7530.62,2026-07-15,1.0,7725.0,0.08,0.1735,186.5,0.1964
2026-07-14,7530.62,2026-07-15,1.0,7730.0,0.08,0.1776,191.5,0.2009
2026-07-14,7530.62,2026-07-15,1.0,7735.0,0.08,0.1817,196.45,0.2054
2026-07-14,7530.62,2026-07-15,1.0,7740.0,0.05,0.1786,202.15,0.2098
2026-07-14,7530.62,2026-07-15,1.0,7745.0,0.05,0.1825,206.15,0.2142
2026-07-14,7530.62,2026-07-15,1.0,7750.0,0.03,0.1752,211.3,0.2187
2026-07-14,7530.62,2026-07-15,1.0,7755.0,0.05,0.1904,216.15,0.2231
2026-07-14,7530.62,2026-07-15,1.0,7760.0,0.03,0.1826,222.6,0.2431
2026-07-14,7530.62,2026-07-15,1.0,7765.0,0.03,0.1863,227.7,0.2586
2026-07-14,7530.62,2026-07-15,1.0,7770.0,0.03,0.19,232.0,0.2362
2026-07-14,7530.62,2026-07-15,1.0,7775.0,0.03,0.1937,237.3,0.2406
2026-07-14,7530.62,2026-07-15,1.0,7780.0,0.03,0.1974,242.2,0.2449
2026-07-14,7530.62,2026-07-15,1.0,7785.0,0.03,0.2011,247.75,0.2822
2026-07-14,7530.62,2026-07-15,1.0,7790.0,0.03,0.2047,252.45,0.2536
2026-07-14,7530.62,2026-07-15,1.0,7795.0,0.03,0.2084,256.9,0.2579
2026-07-14,7530.62,2026-07-15,1.0,7800.0,0.03,0.212,262.4,0.2622
2026-07-14,7530.62,2026-07-15,1.0,7810.0,0.03,0.2193,272.45,0.2708
2026-07-14,7530.62,2026-07-15,1.0,7820.0,0.03,0.2266,282.2,0.2793
2026-07-14,7530.62,2026-07-15,1.0,7825.0,0.03,0.2302,286.85,0.2836
2026-07-14,7530.62,2026-07-15,1.0,7830.0,0.03,0.2338,292.45,0.2878
2026-07-14,7530.62,2026-07-15,1.0,7840.0,0.03,0.241,303.3,0.3718
2026-07-14,7530.62,2026-07-15,1.0,7850.0,0.03,0.2481,312.3,0.3047
2026-07-14,7530.62,2026-07-15,1.0,7860.0,0.03,0.2553,322.7,0.3473
2026-07-14,7530.62,2026-07-15,1.0,7870.0,0.03,0.2624,332.7,0.3564
2026-07-14,7530.62,2026-07-15,1.0,7875.0,0.03,0.266,337.2,0.3256
2026-07-14,7530.62,2026-07-15,1.0,7880.0,0.03,0.2695,341.8,0.3298
2026-07-14,7530.62,2026-07-15,1.0,7900.0,0.03,0.2836,362.1,0.3463
2026-07-14,7530.62,2026-07-15,1.0,7925.0,0.03,0.3011,387.95,0.4315
2026-07-14,7530.62,2026-07-15,1.0,7950.0,0.03,0.3185,410.65,0.3872
2026-07-14,7530.62,2026-07-15,1.0,7975.0,0.03,0.3358,437.95,0.4777
2026-07-14,7530.62,2026-07-15,1.0,8000.0,0.03,0.3529,461.65,0.4274
2026-07-14,7530.62,2026-07-15,1.0,8025.0,0.03,0.3699,488.6,0.571
2026-07-14,7530.62,2026-07-15,1.0,8050.0,0.03,0.3868,512.9,0.5402
2026-07-14,7530.62,2026-07-15,1.0,8075.0,0.03,0.4036,538.0,0.5726
2026-07-14,7530.62,2026-07-15,1.0,8100.0,0.03,0.4203,563.4,0.6286
2026-07-14,7530.62,2026-07-15,1.0,8200.0,0.03,0.4861,662.8,0.6561
2026-07-14,7530.62,2026-07-15,1.0,8300.0,0.03,0.5505,762.2,0.6569
2026-07-14,7530.62,2026-07-15,1.0,8400.0,0.03,0.6135,862.6,0.771
2026-07-14,7530.62,2026-07-15,1.0,8600.0,0.03,0.7359,1061.9,0.8716
2026-07-14,7530.62,2026-07-16,2.0,5800.0,1738.85,1.1735,0.03,1.0016
2026-07-14,7530.62,2026-07-16,2.0,5900.0,1638.5,0.8654,0.03,0.9399
2026-07-14,7530.62,2026-07-16,2.0,6000.0,1538.75,0.9425,0.03,0.8791
2026-07-14,7530.62,2026-07-16,2.0,6100.0,1438.5,0.7548,0.03,0.8192
2026-07-14,7530.62,2026-07-16,2.0,6200.0,1338.6,0.7005,0.05,0.7982
2026-07-14,7530.62,2026-07-16,2.0,6300.0,1238.7,0.6468,0.05,0.7371
2026-07-14,7530.62,2026-07-16,2.0,6325.0,1212.85,0.5908,0.05,0.7219
2026-07-14,7530.62,2026-07-16,2.0,6350.0,1187.95,0.6201,0.08,0.7291
2026-07-14,7530.62,2026-07-16,2.0,6375.0,1164.35,0.8618,0.05,0.6917
2026-07-14,7530.62,2026-07-16,2.0,6400.0,1138.95,0.754,0.08,0.6981
2026-07-14,7530.62,2026-07-16,2.0,6425.0,1113.3,0.542,0.08,0.6827
2026-07-14,7530.62,2026-07-16,2.0,6450.0,1088.65,0.5672,0.08,0.6673
2026-07-14,7530.62,2026-07-16,2.0,6475.0,1063.3,0.5177,0.08,0.652
2026-07-14,7530.62,2026-07-16,2.0,6500.0,1037.7,0.5409,0.08,0.6367
2026-07-14,7530.62,2026-07-16,2.0,6525.0,1013.6,0.4935,0.1,0.6362
2026-07-14,7530.62,2026-07-16,2.0,6550.0,988.55,0.5147,0.1,0.6206
2026-07-14,7530.62,2026-07-16,2.0,6575.0,964.5,0.7312,0.1,0.6051
2026-07-14,7530.62,2026-07-16,2.0,6600.0,938.05,0.4887,0.1,0.5896
2026-07-14,7530.62,2026-07-16,2.0,6625.0,913.35,0.4452,0.1,0.5742
2026-07-14,7530.62,2026-07-16,2.0,6650.0,889.1,0.6155,0.1,0.5587
2026-07-14,7530.62,2026-07-16,2.0,6675.0,864.45,0.6508,0.12,0.5539
2026-07-14,7530.62,2026-07-16,2.0,6700.0,838.9,0.5168,0.12,0.5383
2026-07-14,7530.62,2026-07-16,2.0,6725.0,813.1,0.3972,0.15,0.5313
2026-07-14,7530.62,2026-07-16,2.0,6750.0,790.25,0.6596,0.15,0.5155
2026-07-14,7530.62,2026-07-16,2.0,6775.0,763.5,0.3732,0.15,0.4998
2026-07-14,7530.62,2026-07-16,2.0,6800.0,738.5,0.3855,0.15,0.484
2026-07-14,7530.62,2026-07-16,2.0,6825.0,712.9,0.3493,0.17,0.4751
2026-07-14,7530.62,2026-07-16,2.0,6850.0,688.55,0.3599,0.17,0.4592
2026-07-14,7530.62,2026-07-16,2.0,6875.0,662.95,0.3255,0.2,0.4491
2026-07-14,7530.62,2026-07-16,2.0,6900.0,638.9,0.3742,0.2,0.433
2026-07-14,7530.62,2026-07-16,2.0,6920.0,618.5,0.3097,0.23,0.4251
2026-07-14,7530.62,2026-07-16,2.0,6925.0,613.25,0.3016,0.23,0.4219
2026-07-14,7530.62,2026-07-16,2.0,6930.0,609.1,0.4199,0.23,0.4187
2026-07-14,7530.62,2026-07-16,2.0,6940.0,597.85,0.3187,0.23,0.4122
2026-07-14,7530.62,2026-07-16,2.0,6950.0,588.6,0.3089,0.23,0.4057
2026-07-14,7530.62,2026-07-16,2.0,6960.0,578.05,0.298,0.23,0.3992
2026-07-14,7530.62,2026-07-16,2.0,6970.0,569.3,0.4204,0.23,0.3927
2026-07-14,7530.62,2026-07-16,2.0,6975.0,563.65,0.2778,0.23,0.3895
2026-07-14,7530.62,2026-07-16,2.0,6980.0,558.9,0.3154,0.25,0.3905
2026-07-14,7530.62,2026-07-16,2.0,6990.0,548.1,0.2929,0.25,0.3839
2026-07-14,7530.62,2026-07-16,2.0,7000.0,538.5,0.2834,0.28,0.3812
2026-07-14,7530.62,2026-07-16,2.0,7010.0,528.05,0.273,0.28,0.3746
2026-07-14,7530.62,2026-07-16,2.0,7020.0,518.0,0.2611,0.28,0.368
2026-07-14,7530.62,2026-07-16,2.0,7025.0,514.1,0.3551,0.28,0.3647
2026-07-14,7530.62,2026-07-16,2.0,7030.0,508.4,0.2453,0.3,0.3648
2026-07-14,7530.62,2026-07-16,2.0,7040.0,499.05,0.3356,0.3,0.3582
2026-07-14,7530.62,2026-07-16,2.0,7050.0,488.75,0.258,0.3,0.3515
2026-07-14,7530.62,2026-07-16,2.0,7060.0,480.55,0.4295,0.3,0.3449
2026-07-14,7530.62,2026-07-16,2.0,7070.0,469.0,0.3038,0.32,0.3413
2026-07-14,7530.62,2026-07-16,2.0,7075.0,463.4,0.2301,0.32,0.3379
2026-07-14,7530.62,2026-07-16,2.0,7080.0,459.0,0.2972,0.32,0.3345
2026-07-14,7530.62,2026-07-16,2.0,7085.0,454.35,0.344,0.35,0.334
2026-07-14,7530.62,2026-07-16,2.0,7090.0,448.75,0.2414,0.35,0.3306
2026-07-14,7530.62,2026-07-16,2.0,7095.0,444.55,0.3525,0.35,0.3272
2026-07-14,7530.62,2026-07-16,2.0,7100.0,438.8,0.2326,0.35,0.3238
2026-07-14,7530.62,2026-07-16,2.0,7105.0,434.55,0.3452,0.35,0.3205
2026-07-14,7530.62,2026-07-16,2.0,7110.0,428.9,0.2232,0.38,0.3196
2026-07-14,7530.62,2026-07-16,2.0,7115.0,425.65,0.389,0.38,0.3162
2026-07-14,7530.62,2026-07-16,2.0,7120.0,418.9,0.2125,0.38,0.3128
2026-07-14,7530.62,2026-07-16,2.0,7125.0,415.65,0.3809,0.4,0.3117
2026-07-14,7530.62,2026-07-16,2.0,7130.0,408.55,0.1989,0.4,0.3083
2026-07-14,7530.62,2026-07-16,2.0,7135.0,405.65,0.3728,0.4,0.3049
2026-07-14,7530.62,2026-07-16,2.0,7140.0,398.8,0.2156,0.4,0.3015
2026-07-14,7530.62,2026-07-16,2.0,7145.0,394.2,0.287,0.43,0.3002
2026-07-14,7530.62,2026-07-16,2.0,7150.0,388.25,0.2072,0.43,0.2967
2026-07-14,7530.62,2026-07-16,2.0,7155.0,383.3,0.2028,0.45,0.2953
2026-07-14,7530.62,2026-07-16,2.0,7160.0,378.35,0.1982,0.45,0.2918
2026-07-14,7530.62,2026-07-16,2.0,7165.0,374.3,0.283,0.45,0.2884
2026-07-14,7530.62,2026-07-16,2.0,7170.0,369.1,0.2573,0.47,0.2868
2026-07-14,7530.62,2026-07-16,2.0,7175.0,364.65,0.2998,0.5,0.2851
2026-07-14,7530.62,2026-07-16,2.0,7180.0,358.2,0.1756,0.5,0.2816
2026-07-14,7530.62,2026-07-16,2.0,7185.0,354.65,0.2923,0.5,0.2781
2026-07-14,7530.62,2026-07-16,2.0,7190.0,349.2,0.2561,0.5,0.2745
2026-07-14,7530.62,2026-07-16,2.0,7195.0,344.1,0.2405,0.55,0.2743
2026-07-14,7530.62,2026-07-16,2.0,7200.0,340.75,0.323,0.53,0.2691
2026-07-14,7530.62,2026-07-16,2.0,7205.0,334.35,0.2588,0.55,0.2672
2026-07-14,7530.62,2026-07-16,2.0,7210.0,329.2,0.2423,0.6,0.2667
2026-07-14,7530.62,2026-07-16,2.0,7215.0,324.05,0.2193,0.6,0.2631
2026-07-14,7530.62,2026-07-16,2.0,7220.0,319.3,0.2443,0.6,0.2594
2026-07-14,7530.62,2026-07-16,2.0,7225.0,313.5,0.1584,0.65,0.2586
2026-07-14,7530.62,2026-07-16,2.0,7230.0,309.3,0.2372,0.65,0.255
2026-07-14,7530.62,2026-07-16,2.0,7235.0,303.75,0.1442,0.7,0.2539
2026-07-14,7530.62,2026-07-16,2.0,7240.0,299.35,0.2339,0.7,0.2502
2026-07-14,7530.62,2026-07-16,2.0,7245.0,294.35,0.2303,0.75,0.2489
2026-07-14,7530.62,2026-07-16,2.0,7250.0,288.5,0.1562,0.75,0.2452
2026-07-14,7530.62,2026-07-16,2.0,7255.0,284.45,0.2295,0.8,0.2437
2026-07-14,7530.62,2026-07-16,2.0,7260.0,281.05,0.2807,0.8,0.2399
2026-07-14,7530.62,2026-07-16,2.0,7265.0,274.15,0.1995,0.85,0.2383
2026-07-14,7530.62,2026-07-16,2.0,7270.0,268.05,0.1393,0.9,0.2365
2026-07-14,7530.62,2026-07-16,2.0,7275.0,265.5,0.2542,0.95,0.2346
2026-07-14,7530.62,2026-07-16,2.0,7280.0,259.5,0.2139,0.95,0.2307
2026-07-14,7530.62,2026-07-16,2.0,7285.0,254.85,0.2255,1.0,0.2287
2026-07-14,7530.62,2026-07-16,2.0,7290.0,248.8,0.1066,1.05,0.2265
2026-07-14,7530.62,2026-07-16,2.0,7295.0,244.9,0.2195,1.1,0.2242
2026-07-14,7530.62,2026-07-16,2.0,7300.0,238.95,0.1306,1.2,0.2234
2026-07-14,7530.62,2026-07-16,2.0,7305.0,235.0,0.215,1.25,0.2209
2026-07-14,7530.62,2026-07-16,2.0,7310.0,230.15,0.2157,1.3,0.2183
2026-07-14,7530.62,2026-07-16,2.0,7315.0,224.65,0.1946,1.38,0.2163
2026-07-14,7530.62,2026-07-16,2.0,7320.0,220.35,0.2131,1.45,0.2142
2026-07-14,7530.62,2026-07-16,2.0,7325.0,215.65,0.2162,1.55,0.2125
2026-07-14,7530.62,2026-07-16,2.0,7330.0,210.35,0.2048,1.65,0.2107
2026-07-14,7530.62,2026-07-16,2.0,7335.0,205.45,0.2031,1.75,0.2087
2026-07-14,7530.62,2026-07-16,2.0,7340.0,201.25,0.2156,1.85,0.2066
2026-07-14,7530.62,2026-07-16,2.0,7345.0,195.75,0.2014,1.97,0.2049
2026-07-14,7530.62,2026-07-16,2.0,7350.0,191.6,0.2127,2.1,0.2029
2026-07-14,7530.62,2026-07-16,2.0,7355.0,186.65,0.209,2.25,0.2013
2026-07-14,7530.62,2026-07-16,2.0,7360.0,181.7,0.2052,2.4,0.1994
2026-07-14,7530.62,2026-07-16,2.0,7365.0,176.55,0.1982,2.58,0.1978
2026-07-14,7530.62,2026-07-16,2.0,7370.0,171.95,0.1998,2.75,0.196
2026-07-14,7530.62,2026-07-16,2.0,7375.0,167.1,0.1972,2.95,0.1943
2026-07-14,7530.62,2026-07-16,2.0,7380.0,162.35,0.1959,3.2,0.1932
2026-07-14,7530.62,2026-07-16,2.0,7385.0,157.65,0.1949,3.4,0.1911
2026-07-14,7530.62,2026-07-16,2.0,7390.0,152.75,0.1912,3.65,0.1894
2026-07-14,7530.62,2026-07-16,2.0,7395.0,148.15,0.191,3.9,0.1875
2026-07-14,7530.62,2026-07-16,2.0,7400.0,143.15,0.186,4.2,0.186
2026-07-14,7530.62,2026-07-16,2.0,7405.0,138.85,0.1884,4.5,0.1842
2026-07-14,7530.62,2026-07-16,2.0,7410.0,133.95,0.1842,4.85,0.1827
2026-07-14,7530.62,2026-07-16,2.0,7415.0,129.05,0.1799,5.2,0.1809
2026-07-14,7530.62,2026-07-16,2.0,7420.0,124.75,0.1811,5.6,0.1793
2026-07-14,7530.62,2026-07-16,2.0,7425.0,120.35,0.181,6.05,0.1779
2026-07-14,7530.62,2026-07-16,2.0,7430.0,115.7,0.1783,6.5,0.1762
2026-07-14,7530.62,2026-07-16,2.0,7435.0,111.15,0.1762,7.0,0.1746
2026-07-14,7530.62,2026-07-16,2.0,7440.0,106.5,0.1731,7.55,0.1732
2026-07-14,7530.62,2026-07-16,2.0,7445.0,102.25,0.1728,8.1,0.1713
2026-07-14,7530.62,2026-07-16,2.0,7450.0,97.6,0.1692,8.7,0.1696
2026-07-14,7530.62,2026-07-16,2.0,7455.0,93.45,0.1689,9.4,0.1682
2026-07-14,7530.62,2026-07-16,2.0,7460.0,89.2,0.1675,10.1,0.1665
2026-07-14,7530.62,2026-07-16,2.0,7465.0,84.95,0.1657,10.9,0.165
2026-07-14,7530.62,2026-07-16,2.0,7470.0,80.7,0.1636,11.7,0.1632
2026-07-14,7530.62,2026-07-16,2.0,7475.0,76.4,0.1608,12.6,0.1617
2026-07-14,7530.62,2026-07-16,2.0,7480.0,72.6,0.1606,13.55,0.16
2026-07-14,7530.62,2026-07-16,2.0,7485.0,68.7,0.1594,14.6,0.1585
2026-07-14,7530.62,2026-07-16,2.0,7490.0,64.8,0.1577,15.7,0.1569
2026-07-14,7530.62,2026-07-16,2.0,7495.0,61.0,0.1562,16.9,0.1553
2026-07-14,7530.62,2026-07-16,2.0,7500.0,57.25,0.1545,18.25,0.1541
2026-07-14,7530.62,2026-07-16,2.0,7505.0,53.65,0.1531,19.6,0.1525
2026-07-14,7530.62,2026-07-16,2.0,7510.0,50.15,0.1517,21.05,0.1508
2026-07-14,7530.62,2026-07-16,2.0,7515.0,46.65,0.1498,22.65,0.1494
2026-07-14,7530.62,2026-07-16,2.0,7520.0,43.45,0.1489,24.4,0.1483
2026-07-14,7530.62,2026-07-16,2.0,7525.0,40.25,0.1474,26.15,0.1466
2026-07-14,7530.62,2026-07-16,2.0,7530.0,37.4,0.147,28.15,0.1455
2026-07-14,7530.62,2026-07-16,2.0,7535.0,34.25,0.1448,30.15,0.1439
2026-07-14,7530.62,2026-07-16,2.0,7540.0,31.25,0.1426,32.3,0.1424
2026-07-14,7530.62,2026-07-16,2.0,7545.0,28.7,0.142,34.65,0.1412
2026-07-14,7530.62,2026-07-16,2.0,7550.0,26.15,0.1407,36.85,0.1388
2026-07-14,7530.62,2026-07-16,2.0,7555.0,23.75,0.1396,39.55,0.138
2026-07-14,7530.62,2026-07-16,2.0,7560.0,21.4,0.138,42.25,0.1367
2026-07-14,7530.62,2026-07-16,2.0,7565.0,19.35,0.1373,45.1,0.1353
2026-07-14,7530.62,2026-07-16,2.0,7570.0,17.45,0.1366,48.05,0.1338
2026-07-14,7530.62,2026-07-16,2.0,7575.0,15.5,0.1351,51.25,0.1329
2026-07-14,7530.62,2026-07-16,2.0,7580.0,13.8,0.1342,54.5,0.1315
2026-07-14,7530.62,2026-07-16,2.0,7585.0,12.3,0.1336,57.95,0.1305
2026-07-14,7530.62,2026-07-16,2.0,7590.0,10.8,0.1324,61.55,0.1296
2026-07-14,7530.62,2026-07-16,2.0,7595.0,9.5,0.1316,65.05,0.1272
2026-07-14,7530.62,2026-07-16,2.0,7600.0,8.2,0.1301,68.9,0.1263
2026-07-14,7530.62,2026-07-16,2.0,7605.0,7.1,0.1291,72.95,0.1259
2026-07-14,7530.62,2026-07-16,2.0,7610.0,6.2,0.1287,76.95,0.1243
2026-07-14,7530.62,2026-07-16,2.0,7615.0,5.3,0.1277,81.0,0.1221
2026-07-14,7530.62,2026-07-16,2.0,7620.0,4.5,0.1266,85.35,0.1216
2026-07-14,7530.62,2026-07-16,2.0,7625.0,3.8,0.1257,89.4,0.1168
2026-07-14,7530.62,2026-07-16,2.0,7630.0,3.25,0.1253,93.95,0.1161
2026-07-14,7530.62,2026-07-16,2.0,7635.0,2.78,0.1251,98.6,0.1158
2026-07-14,7530.62,2026-07-16,2.0,7640.0,2.33,0.1245,103.15,0.1126
2026-07-14,7530.62,2026-07-16,2.0,7645.0,1.95,0.1241,107.65,0.1035
2026-07-14,7530.62,2026-07-16,2.0,7650.0,1.65,0.124,112.6,0.1052
2026-07-14,7530.62,2026-07-16,2.0,7655.0,1.4,0.1241,117.55,0.1058
2026-07-14,7530.62,2026-07-16,2.0,7660.0,1.15,0.1236,122.15,0.1067
2026-07-14,7530.62,2026-07-16,2.0,7665.0,1.0,0.1244,127.15,0.1103
2026-07-14,7530.62,2026-07-16,2.0,7670.0,0.82,0.1241,131.7,0.1138
2026-07-14,7530.62,2026-07-16,2.0,7675.0,0.7,0.1245,136.85,0.1174
2026-07-14,7530.62,2026-07-16,2.0,7680.0,0.6,0.1252,141.75,0.1209
2026-07-14,7530.62,2026-07-16,2.0,7685.0,0.53,0.1263,146.25,0.1244
2026-07-14,7530.62,2026-07-16,2.0,7690.0,0.47,0.128,151.3,0.1279
2026-07-14,7530.62,2026-07-16,2.0,7695.0,0.4,0.1283,156.55,0.1314
2026-07-14,7530.62,2026-07-16,2.0,7700.0,0.38,0.1306,161.2,0.1349
2026-07-14,7530.62,2026-07-16,2.0,7705.0,0.32,0.1314,165.55,0.1384
2026-07-14,7530.62,2026-07-16,2.0,7710.0,0.3,0.1334,170.45,0.1418
2026-07-14,7530.62,2026-07-16,2.0,7715.0,0.28,0.1352,175.85,0.1452
2026-07-14,7530.62,2026-07-16,2.0,7720.0,0.25,0.1368,180.85,0.1486
2026-07-14,7530.62,2026-07-16,2.0,7725.0,0.25,0.1401,186.25,0.152
2026-07-14,7530.62,2026-07-16,2.0,7730.0,0.23,0.1415,191.25,0.3273
2026-07-14,7530.62,2026-07-16,2.0,7735.0,0.2,0.1426,196.15,0.1588
2026-07-14,7530.62,2026-07-16,2.0,7740.0,0.2,0.1458,200.65,0.1622
2026-07-14,7530.62,2026-07-16,2.0,7745.0,0.2,0.1489,206.35,0.1655
2026-07-14,7530.62,2026-07-16,2.0,7750.0,0.2,0.152,211.35,0.1689
2026-07-14,7530.62,2026-07-16,2.0,7755.0,0.17,0.1528,216.15,0.1722
2026-07-14,7530.62,2026-07-16,2.0,7760.0,0.17,0.1559,220.25,0.1755
2026-07-14,7530.62,2026-07-16,2.0,7765.0,0.17,0.1589,226.1,0.1789
2026-07-14,7530.62,2026-07-16,2.0,7770.0,0.15,0.1592,230.45,0.1822
2026-07-14,7530.62,2026-07-16,2.0,7775.0,0.15,0.1622,236.4,0.1855
2026-07-14,7530.62,2026-07-16,2.0,7780.0,0.15,0.1652,242.05,0.1887
2026-07-14,7530.62,2026-07-16,2.0,7785.0,0.15,0.1682,246.65,0.192
2026-07-14,7530.62,2026-07-16,2.0,7790.0,0.15,0.1712,252.0,0.1953
2026-07-14,7530.62,2026-07-16,2.0,7795.0,0.15,0.1742,256.45,0.1985
2026-07-14,7530.62,2026-07-16,2.0,7800.0,0.15,0.1772,261.3,0.2018
2026-07-14,7530.62,2026-07-16,2.0,7810.0,0.15,0.1831,272.65,0.2228
2026-07-14,7530.62,2026-07-16,2.0,7820.0,0.15,0.189,282.65,0.2296
2026-07-14,7530.62,2026-07-16,2.0,7825.0,0.12,0.1883,285.9,0.2179
2026-07-14,7530.62,2026-07-16,2.0,7830.0,0.12,0.1912,291.3,0.2211
2026-07-14,7530.62,2026-07-16,2.0,7840.0,0.12,0.1969,301.05,0.2275
2026-07-14,7530.62,2026-07-16,2.0,7850.0,0.12,0.2027,311.35,0.2338
2026-07-14,7530.62,2026-07-16,2.0,7860.0,0.12,0.2084,321.1,0.2402
2026-07-14,7530.62,2026-07-16,2.0,7870.0,0.12,0.2141,330.5,0.2465
2026-07-14,7530.62,2026-07-16,2.0,7875.0,0.12,0.2169,336.55,0.2496
2026-07-14,7530.62,2026-07-16,2.0,7880.0,0.1,0.2149,341.2,0.2527
2026-07-14,7530.62,2026-07-16,2.0,7900.0,0.1,0.226,360.8,0.2652
2026-07-14,7530.62,2026-07-16,2.0,7925.0,0.1,0.2397,386.5,0.2806
2026-07-14,7530.62,2026-07-16,2.0,7950.0,0.1,0.2533,412.0,0.2959
2026-07-14,7530.62,2026-07-16,2.0,7975.0,0.1,0.2668,436.5,0.3111
2026-07-14,7530.62,2026-07-16,2.0,8000.0,0.08,0.2729,462.25,0.3261
2026-07-14,7530.62,2026-07-16,2.0,8025.0,0.08,0.2859,487.05,0.341
2026-07-14,7530.62,2026-07-16,2.0,8050.0,0.08,0.2989,511.45,0.3558
2026-07-14,7530.62,2026-07-16,2.0,8075.0,0.08,0.3117,536.35,0.3705
2026-07-14,7530.62,2026-07-16,2.0,8100.0,0.08,0.3244,561.6,0.3851
2026-07-14,7530.62,2026-07-16,2.0,8200.0,0.05,0.3622,661.45,0.4424
2026-07-14,7530.62,2026-07-16,2.0,8300.0,0.05,0.4098,761.1,0.4983
2026-07-14,7530.62,2026-07-16,2.0,8400.0,0.05,0.4564,861.35,0.5529
2026-07-14,7530.62,2026-07-16,2.0,8600.0,0.03,0.52,1060.65,0.6587
2026-07-14,7530.62,2026-07-17,3.0,5650.0,1890.35,1.2375,0.05,0.9382
2026-07-14,7530.62,2026-07-17,3.0,5660.0,1879.6,1.1093,0.03,0.8898
2026-07-14,7530.62,2026-07-17,3.0,5670.0,1870.45,1.2343,0.05,0.9274
2026-07-14,7530.62,2026-07-17,3.0,5675.0,1864.05,0.8164,0.03,0.882
2026-07-14,7530.62,2026-07-17,3.0,5680.0,1859.95,1.1628,0.05,0.922
2026-07-14,7530.62,2026-07-17,3.0,5690.0,1849.8,1.1305,0.03,0.8743
2026-07-14,7530.62,2026-07-17,3.0,5700.0,1840.3,1.1958,0.05,0.9112
2026-07-14,7530.62,2026-07-17,3.0,5710.0,1829.75,1.1071,0.03,0.864
2026-07-14,7530.62,2026-07-17,3.0,5720.0,1820.65,1.2185,0.05,0.9005
2026-07-14,7530.62,2026-07-17,3.0,5725.0,1814.35,0.9773,0.03,0.8563
2026-07-14,7530.62,2026-07-17,3.0,5730.0,1809.5,1.0329,0.05,0.8952
2026-07-14,7530.62,2026-07-17,3.0,5740.0,1799.7,1.0761,0.03,0.8486
2026-07-14,7530.62,2026-07-17,3.0,5750.0,1789.35,0.959,0.05,0.8845
2026-07-14,7530.62,2026-07-17,3.0,5760.0,1779.55,1.0266,0.03,0.8384
2026-07-14,7530.62,2026-07-17,3.0,5770.0,1769.4,0.9686,0.05,0.8738
2026-07-14,7530.62,2026-07-17,3.0,5775.0,1765.5,1.1641,0.05,0.8712
2026-07-14,7530.62,2026-07-17,3.0,5780.0,1759.55,1.0128,0.05,0.8685
2026-07-14,7530.62,2026-07-17,3.0,5790.0,1750.45,1.1483,0.05,0.8632
2026-07-14,7530.62,2026-07-17,3.0,5800.0,1740.45,1.1412,0.05,0.8579
2026-07-14,7530.62,2026-07-17,3.0,5810.0,1729.6,1.0053,0.05,0.8527
2026-07-14,7530.62,2026-07-17,3.0,5820.0,1719.95,1.0652,0.05,0.8474
2026-07-14,7530.62,2026-07-17,3.0,5825.0,1714.7,1.0177,0.05,0.8447
2026-07-14,7530.62,2026-07-17,3.0,5830.0,1710.65,1.1395,0.05,0.8421
2026-07-14,7530.62,2026-07-17,3.0,5840.0,1699.55,0.9716,0.05,0.8368
2026-07-14,7530.62,2026-07-17,3.0,5850.0,1690.3,1.0899,0.05,0.8316
2026-07-14,7530.62,2026-07-17,3.0,5860.0,1680.35,1.0884,0.05,0.8263
2026-07-14,7530.62,2026-07-17,3.0,5870.0,1670.65,1.1111,0.05,0.8211
2026-07-14,7530.62,2026-07-17,3.0,5875.0,1664.95,1.0275,0.05,0.8185
2026-07-14,7530.62,2026-07-17,3.0,5880.0,1660.25,1.0633,0.05,0.8159
2026-07-14,7530.62,2026-07-17,3.0,5890.0,1650.75,1.1059,0.05,0.8106
2026-07-14,7530.62,2026-07-17,3.0,5900.0,1640.65,1.09,0.05,0.8054
2026-07-14,7530.62,2026-07-17,3.0,5910.0,1630.75,1.0917,0.05,0.8002
2026-07-14,7530.62,2026-07-17,3.0,5920.0,1620.75,1.0847,0.05,0.795
2026-07-14,7530.62,2026-07-17,3.0,5925.0,1614.55,0.914,0.05,0.7924
2026-07-14,7530.62,2026-07-17,3.0,5930.0,1610.45,1.0501,0.05,0.7898
2026-07-14,7530.62,2026-07-17,3.0,5940.0,1600.75,1.0706,0.05,0.7846
2026-07-14,7530.62,2026-07-17,3.0,5950.0,1589.45,0.8637,0.05,0.7794
2026-07-14,7530.62,2026-07-17,3.0,5960.0,1580.55,1.0389,0.05,0.7743
2026-07-14,7530.62,2026-07-17,3.0,5970.0,1570.55,1.032,0.05,0.7691
2026-07-14,7530.62,2026-07-17,3.0,5975.0,1565.75,1.046,0.05,0.7665
2026-07-14,7530.62,2026-07-17,3.0,5980.0,1559.35,0.7882,0.05,0.7639
2026-07-14,7530.62,2026-07-17,3.0,5990.0,1550.75,1.0356,0.05,0.7588
2026-07-14,7530.62,2026-07-17,3.0,6000.0,1540.6,1.0157,0.05,0.7536
2026-07-14,7530.62,2026-07-17,3.0,6010.0,1530.55,1.0043,0.05,0.7485
2026-07-14,7530.62,2026-07-17,3.0,6020.0,1522.0,1.0961,0.05,0.7433
2026-07-14,7530.62,2026-07-17,3.0,6025.0,1514.7,0.8836,0.05,0.7408
2026-07-14,7530.62,2026-07-17,3.0,6030.0,1510.75,1.0077,0.05,0.7382
2026-07-14,7530.62,2026-07-17,3.0,6040.0,1500.85,1.0087,0.05,0.7331
2026-07-14,7530.62,2026-07-17,3.0,6050.0,1490.9,1.0056,0.05,0.728
2026-07-14,7530.62,2026-07-17,3.0,6060.0,1480.75,0.987,0.05,0.7229
2026-07-14,7530.62,2026-07-17,3.0,6070.0,1470.85,0.9879,0.05,0.7178
2026-07-14,7530.62,2026-07-17,3.0,6075.0,1464.95,0.8932,0.05,0.7152
2026-07-14,7530.62,2026-07-17,3.0,6080.0,1460.55,0.9563,0.05,0.7127
2026-07-14,7530.62,2026-07-17,3.0,6090.0,1450.85,0.974,0.08,0.7294
2026-07-14,7530.62,2026-07-17,3.0,6100.0,1440.6,0.947,0.05,0.7025
2026-07-14,7530.62,2026-07-17,3.0,6110.0,1430.65,0.9444,0.08,0.7189
2026-07-14,7530.62,2026-07-17,3.0,6120.0,1420.65,0.9376,0.05,0.6923
2026-07-14,7530.62,2026-07-17,3.0,6125.0,1414.65,0.8073,0.08,0.7111
2026-07-14,7530.62,2026-07-17,3.0,6130.0,1410.2,0.8881,0.05,0.6873
2026-07-14,7530.62,2026-07-17,3.0,6135.0,1405.65,0.9274,0.05,0.6847
2026-07-14,7530.62,2026-07-17,3.0,6140.0,1399.45,0.7342,0.05,0.6822
2026-07-14,7530.62,2026-07-17,3.0,6145.0,1394.55,0.7682,0.05,0.6797
2026-07-14,7530.62,2026-07-17,3.0,6150.0,1392.1,1.0069,0.05,0.6772
2026-07-14,7530.62,2026-07-17,3.0,6155.0,1386.35,0.9626,0.05,0.6746
2026-07-14,7530.62,2026-07-17,3.0,6160.0,1380.15,0.8627,0.05,0.6721
2026-07-14,7530.62,2026-07-17,3.0,6165.0,1374.6,0.7692,0.05,0.6696
2026-07-14,7530.62,2026-07-17,3.0,6170.0,1369.85,0.816,0.07,0.6878
2026-07-14,7530.62,2026-07-17,3.0,6175.0,1366.25,0.9425,0.08,0.6852
2026-07-14,7530.62,2026-07-17,3.0,6180.0,1359.55,0.7454,0.07,0.6826
2026-07-14,7530.62,2026-07-17,3.0,6185.0,1354.6,0.7563,0.07,0.68
2026-07-14,7530.62,2026-07-17,3.0,6190.0,1350.4,0.8685,0.07,0.6774
2026-07-14,7530.62,2026-07-17,3.0,6195.0,1345.95,0.909,0.07,0.6749
2026-07-14,7530.62,2026-07-17,3.0,6200.0,1340.6,0.8793,0.05,0.652
2026-07-14,7530.62,2026-07-17,3.0,6205.0,1334.5,0.712,0.07,0.6697
2026-07-14,7530.62,2026-07-17,3.0,6210.0,1330.3,0.8457,0.07,0.6671
2026-07-14,7530.62,2026-07-17,3.0,6215.0,1325.65,0.8733,0.07,0.6646
2026-07-14,7530.62,2026-07-17,3.0,6220.0,1320.1,0.8176,0.07,0.662
2026-07-14,7530.62,2026-07-17,3.0,6225.0,1315.7,0.8704,0.1,0.6746
2026-07-14,7530.62,2026-07-17,3.0,6230.0,1309.05,0.5139,0.07,0.6568
2026-07-14,7530.62,2026-07-17,3.0,6235.0,1305.6,0.8558,0.07,0.6543
2026-07-14,7530.62,2026-07-17,3.0,6240.0,1299.8,0.7628,0.07,0.6517
2026-07-14,7530.62,2026-07-17,3.0,6245.0,1295.85,0.868,0.07,0.6491
2026-07-14,7530.62,2026-07-17,3.0,6250.0,1290.15,0.8037,0.07,0.6466
2026-07-14,7530.62,2026-07-17,3.0,6255.0,1286.15,0.881,0.07,0.644
2026-07-14,7530.62,2026-07-17,3.0,6260.0,1280.65,0.8431,0.07,0.6415
2026-07-14,7530.62,2026-07-17,3.0,6265.0,1275.75,0.8473,0.07,0.6389
2026-07-14,7530.62,2026-07-17,3.0,6270.0,1270.2,0.7961,0.07,0.6363
2026-07-14,7530.62,2026-07-17,3.0,6275.0,1265.0,0.7698,0.1,0.6484
2026-07-14,7530.62,2026-07-17,3.0,6280.0,1260.5,0.8176,0.07,0.6312
2026-07-14,7530.62,2026-07-17,3.0,6285.0,1255.75,0.8339,0.07,0.6287
2026-07-14,7530.62,2026-07-17,3.0,6290.0,1249.15,0.5127,0.07,0.6261
2026-07-14,7530.62,2026-07-17,3.0,6295.0,1244.6,0.686,0.07,0.6236
2026-07-14,7530.62,2026-07-17,3.0,6300.0,1239.4,0.5812,0.07,0.621
2026-07-14,7530.62,2026-07-17,3.0,6305.0,1234.65,0.6921,0.1,0.6328
2026-07-14,7530.62,2026-07-17,3.0,6310.0,1230.3,0.7801,0.1,0.6302
2026-07-14,7530.62,2026-07-17,3.0,6315.0,1227.2,0.8935,0.1,0.6276
2026-07-14,7530.62,2026-07-17,3.0,6320.0,1220.75,0.8104,0.1,0.625
2026-07-14,7530.62,2026-07-17,3.0,6325.0,1216.05,0.8271,0.1,0.6224
2026-07-14,7530.62,2026-07-17,3.0,6330.0,1209.6,0.6638,0.1,0.6199
2026-07-14,7530.62,2026-07-17,3.0,6335.0,1204.75,0.6939,0.1,0.6173
2026-07-14,7530.62,2026-07-17,3.0,6340.0,1200.2,0.7508,0.1,0.6147
2026-07-14,7530.62,2026-07-17,3.0,6345.0,1194.65,0.667,0.1,0.6121
2026-07-14,7530.62,2026-07-17,3.0,6350.0,1190.7,0.7869,0.1,0.6095
2026-07-14,7530.62,2026-07-17,3.0,6355.0,1185.15,0.7359,0.1,0.6069
2026-07-14,7530.62,2026-07-17,3.0,6360.0,1180.7,0.7802,0.1,0.6043
2026-07-14,7530.62,2026-07-17,3.0,6365.0,1174.95,0.706,0.1,0.6017
2026-07-14,7530.62,2026-07-17,3.0,6370.0,1169.3,0.5077,0.1,0.5992
2026-07-14,7530.62,2026-07-17,3.0,6375.0,1165.1,0.7177,0.1,0.5966
2026-07-14,7530.62,2026-07-17,3.0,6380.0,1160.7,0.767,0.1,0.594
2026-07-14,7530.62,2026-07-17,3.0,6385.0,1154.1,0.4827,0.1,0.5914
2026-07-14,7530.62,2026-07-17,3.0,6390.0,1150.5,0.7454,0.1,0.5889
2026-07-14,7530.62,2026-07-17,3.0,6395.0,1145.6,0.7498,0.1,0.5863
2026-07-14,7530.62,2026-07-17,3.0,6400.0,1141.25,0.788,0.1,0.5837
2026-07-14,7530.62,2026-07-17,3.0,6405.0,1135.85,0.7607,0.1,0.5811
2026-07-14,7530.62,2026-07-17,3.0,6410.0,1130.85,0.7573,0.1,0.5786
2026-07-14,7530.62,2026-07-17,3.0,6415.0,1125.1,0.6923,0.1,0.576
2026-07-14,7530.62,2026-07-17,3.0,6420.0,1120.1,0.6892,0.1,0.5734
2026-07-14,7530.62,2026-07-17,3.0,6425.0,1115.0,0.6745,0.12,0.5816
2026-07-14,7530.62,2026-07-17,3.0,6430.0,1109.2,0.4371,0.08,0.5552
2026-07-14,7530.62,2026-07-17,3.0,6435.0,1106.15,0.7588,0.1,0.5657
2026-07-14,7530.62,2026-07-17,3.0,6440.0,1100.65,0.724,0.1,0.5632
2026-07-14,7530.62,2026-07-17,3.0,6445.0,1096.05,0.7463,0.1,0.5606
2026-07-14,7530.62,2026-07-17,3.0,6450.0,1090.25,0.6852,0.1,0.558
2026-07-14,7530.62,2026-07-17,3.0,6455.0,1084.95,0.6495,0.1,0.5555
2026-07-14,7530.62,2026-07-17,3.0,6460.0,1079.8,0.6248,0.12,0.5634
2026-07-14,7530.62,2026-07-17,3.0,6465.0,1075.1,0.6608,0.12,0.5608
2026-07-14,7530.62,2026-07-17,3.0,6470.0,1069.25,0.4638,0.12,0.5582
2026-07-14,7530.62,2026-07-17,3.0,6475.0,1065.25,0.6693,0.15,0.5644
2026-07-14,7530.62,2026-07-17,3.0,6480.0,1061.25,0.7339,0.1,0.5427
2026-07-14,7530.62,2026-07-17,3.0,6485.0,1054.65,0.5801,0.12,0.5504
2026-07-14,7530.62,2026-07-17,3.0,6490.0,1051.15,0.7219,0.12,0.5478
2026-07-14,7530.62,2026-07-17,3.0,6495.0,1045.2,0.652,0.12,0.5452
2026-07-14,7530.62,2026-07-17,3.0,6500.0,1041.15,0.7152,0.1,0.5325
2026-07-14,7530.62,2026-07-17,3.0,6505.0,1035.65,0.6816,0.12,0.54
2026-07-14,7530.62,2026-07-17,3.0,6510.0,1029.3,0.4402,0.12,0.5374
2026-07-14,7530.62,2026-07-17,3.0,6515.0,1025.95,0.694,0.12,0.5348
2026-07-14,7530.62,2026-07-17,3.0,6520.0,1020.8,0.6816,0.12,0.5323
2026-07-14,7530.62,2026-07-17,3.0,6525.0,1015.7,0.6719,0.15,0.5381
2026-07-14,7530.62,2026-07-17,3.0,6530.0,1010.15,0.6251,0.12,0.5271
2026-07-14,7530.62,2026-07-17,3.0,6535.0,1004.95,0.6,0.15,0.5329
2026-07-14,7530.62,2026-07-17,3.0,6540.0,1001.15,0.6885,0.15,0.5303
2026-07-14,7530.62,2026-07-17,3.0,6545.0,996.65,0.7093,0.15,0.5277
2026-07-14,7530.62,2026-07-17,3.0,6550.0,990.25,0.6219,0.15,0.5251
2026-07-14,7530.62,2026-07-17,3.0,6555.0,985.0,0.5937,0.15,0.5224
2026-07-14,7530.62,2026-07-17,3.0,6560.0,980.65,0.646,0.15,0.5198
2026-07-14,7530.62,2026-07-17,3.0,6565.0,975.4,0.6249,0.15,0.5172
2026-07-14,7530.62,2026-07-17,3.0,6570.0,969.8,0.5575,0.15,0.5146
2026-07-14,7530.62,2026-07-17,3.0,6575.0,965.6,0.6329,0.17,0.5191
2026-07-14,7530.62,2026-07-17,3.0,6580.0,960.95,0.6512,0.15,0.5094
2026-07-14,7530.62,2026-07-17,3.0,6585.0,955.95,0.6479,0.17,0.5139
2026-07-14,7530.62,2026-07-17,3.0,6590.0,950.55,0.6199,0.15,0.5042
2026-07-14,7530.62,2026-07-17,3.0,6595.0,946.55,0.6709,0.17,0.5086
2026-07-14,7530.62,2026-07-17,3.0,6600.0,940.8,0.6295,0.15,0.499
2026-07-14,7530.62,2026-07-17,3.0,6605.0,934.45,0.404,0.17,0.5033
2026-07-14,7530.62,2026-07-17,3.0,6610.0,930.35,0.5925,0.15,0.4938
2026-07-14,7530.62,2026-07-17,3.0,6615.0,924.85,0.5379,0.2,0.5042
2026-07-14,7530.62,2026-07-17,3.0,6620.0,920.55,0.6007,0.15,0.4886
2026-07-14,7530.62,2026-07-17,3.0,6625.0,916.35,0.6417,0.2,0.4989
2026-07-14,7530.62,2026-07-17,3.0,6630.0,911.05,0.6237,0.15,0.4834
2026-07-14,7530.62,2026-07-17,3.0,6635.0,904.35,0.3374,0.2,0.4936
2026-07-14,7530.62,2026-07-17,3.0,6640.0,901.05,0.6172,0.15,0.4782
2026-07-14,7530.62,2026-07-17,3.0,6645.0,895.65,0.5913,0.2,0.4883
2026-07-14,7530.62,2026-07-17,3.0,6650.0,891.05,0.6106,0.17,0.4796
2026-07-14,7530.62,2026-07-17,3.0,6655.0,885.05,0.5377,0.2,0.483
2026-07-14,7530.62,2026-07-17,3.0,6660.0,881.1,0.6066,0.17,0.4744
2026-07-14,7530.62,2026-07-17,3.0,6665.0,875.45,0.5653,0.2,0.4777
2026-07-14,7530.62,2026-07-17,3.0,6670.0,871.25,0.6072,0.17,0.4692
2026-07-14,7530.62,2026-07-17,3.0,6675.0,866.25,0.6039,0.2,0.4724
2026-07-14,7530.62,2026-07-17,3.0,6680.0,861.0,0.5884,0.2,0.4697
2026-07-14,7530.62,2026-07-17,3.0,6685.0,855.15,0.529,0.23,0.4723
2026-07-14,7530.62,2026-07-17,3.0,6690.0,851.0,0.5819,0.2,0.4644
2026-07-14,7530.62,2026-07-17,3.0,6695.0,845.35,0.5392,0.23,0.467
2026-07-14,7530.62,2026-07-17,3.0,6700.0,841.05,0.5779,0.2,0.4591
2026-07-14,7530.62,2026-07-17,3.0,6705.0,835.1,0.5121,0.23,0.4616
2026-07-14,7530.62,2026-07-17,3.0,6710.0,830.3,0.5261,0.2,0.4538
2026-07-14,7530.62,2026-07-17,3.0,6715.0,825.65,0.5466,0.23,0.4563
2026-07-14,7530.62,2026-07-17,3.0,6720.0,820.3,0.5199,0.2,0.4486
2026-07-14,7530.62,2026-07-17,3.0,6725.0,815.95,0.5566,0.23,0.451
2026-07-14,7530.62,2026-07-17,3.0,6730.0,811.05,0.5583,0.2,0.4433
2026-07-14,7530.62,2026-07-17,3.0,6735.0,806.35,0.5686,0.25,0.4502
2026-07-14,7530.62,2026-07-17,3.0,6740.0,801.3,0.5631,0.2,0.438
2026-07-14,7530.62,2026-07-17,3.0,6745.0,796.15,0.5532,0.25,0.4449
2026-07-14,7530.62,2026-07-20,6.0,5800.0,1740.85,0.4364,0.05,0.6073
2026-07-14,7530.62,2026-07-20,6.0,5900.0,1640.75,0.436,0.08,0.5874
2026-07-14,7530.62,2026-07-20,6.0,6000.0,1541.55,0.6456,0.08,0.5498
2026-07-14,7530.62,2026-07-20,6.0,6100.0,1441.0,0.3964,0.08,0.5127
2026-07-14,7530.62,2026-07-20,6.0,6200.0,1340.6,0.3723,0.12,0.4959
2026-07-14,7530.62,2026-07-20,6.0,6300.0,1240.9,0.347,0.12,0.4583
2026-07-14,7530.62,2026-07-20,6.0,6325.0,1216.85,0.5192,0.15,0.456
2026-07-14,7530.62,2026-07-20,6.0,6350.0,1190.75,0.3341,0.15,0.4466
2026-07-14,7530.62,2026-07-20,6.0,6375.0,1165.4,0.3511,0.15,0.4372
2026-07-14,7530.62,2026-07-20,6.0,6400.0,1140.3,0.321,0.2,0.4388
2026-07-14,7530.62,2026-07-20,6.0,6425.0,1115.4,0.3361,0.2,0.4292
2026-07-14,7530.62,2026-07-20,6.0,6450.0,1091.1,0.3078,0.2,0.4197
2026-07-14,7530.62,2026-07-20,6.0,6475.0,1066.4,0.3642,0.17,0.4053
2026-07-14,7530.62,2026-07-20,6.0,6500.0,1041.45,0.3714,0.23,0.4051
2026-07-14,7530.62,2026-07-20,6.0,6525.0,1016.4,0.3234,0.25,0.3994
2026-07-14,7530.62,2026-07-20,6.0,6550.0,991.05,0.2811,0.25,0.3898
2026-07-14,7530.62,2026-07-20,6.0,6575.0,965.8,0.2915,0.25,0.3802
2026-07-14,7530.62,2026-07-20,6.0,6600.0,940.45,0.2677,0.3,0.3772
2026-07-14,7530.62,2026-07-20,6.0,6625.0,916.0,0.2767,0.3,0.3675
2026-07-14,7530.62,2026-07-20,6.0,6650.0,891.35,0.2541,0.3,0.3578
2026-07-14,7530.62,2026-07-20,6.0,6675.0,866.05,0.2619,0.32,0.3509
2026-07-14,7530.62,2026-07-20,6.0,6700.0,841.75,0.3342,0.35,0.3438
2026-07-14,7530.62,2026-07-20,6.0,6725.0,815.0,0.2472,0.35,0.334
2026-07-14,7530.62,2026-07-20,6.0,6750.0,791.85,0.3227,0.4,0.3288
2026-07-14,7530.62,2026-07-20,6.0,6775.0,765.45,0.2325,0.4,0.3189
2026-07-14,7530.62,2026-07-20,6.0,6800.0,740.95,0.2133,0.45,0.313
2026-07-14,7530.62,2026-07-20,6.0,6825.0,716.6,0.242,0.45,0.3031
2026-07-14,7530.62,2026-07-20,6.0,6850.0,691.6,0.2254,0.5,0.2966
2026-07-14,7530.62,2026-07-20,6.0,6875.0,667.05,0.2839,0.5,0.2865
2026-07-14,7530.62,2026-07-20,6.0,6900.0,641.7,0.234,0.55,0.2795
2026-07-14,7530.62,2026-07-20,6.0,6920.0,621.7,0.2243,0.6,0.2742
2026-07-14,7530.62,2026-07-20,6.0,6925.0,616.8,0.2392,0.6,0.2722
2026-07-14,7530.62,2026-07-20,6.0,6930.0,611.75,0.2296,0.6,0.2701
2026-07-14,7530.62,2026-07-20,6.0,6940.0,601.65,0.1944,0.6,0.266
2026-07-14,7530.62,2026-07-20,6.0,6950.0,591.9,0.2392,0.65,0.2645
2026-07-14,7530.62,2026-07-20,6.0,6960.0,582.3,0.2609,0.65,0.2604
2026-07-14,7530.62,2026-07-20,6.0,6970.0,571.3,0.1601,0.7,0.2586
2026-07-14,7530.62,2026-07-20,6.0,6975.0,567.45,0.2609,0.7,0.2565
2026-07-14,7530.62,2026-07-20,6.0,6980.0,561.85,0.221,0.7,0.2544
2026-07-14,7530.62,2026-07-20,6.0,6990.0,551.3,0.1375,0.7,0.2503
2026-07-14,7530.62,2026-07-20,6.0,7000.0,542.25,0.2408,0.75,0.2483
2026-07-14,7530.62,2026-07-20,6.0,7010.0,531.05,0.1621,0.78,0.2451
2026-07-14,7530.62,2026-07-20,6.0,7020.0,520.55,0.1471,0.8,0.2419
2026-07-14,7530.62,2026-07-20,6.0,7025.0,517.35,0.2345,0.8,0.2398
2026-07-14,7530.62,2026-07-20,6.0,7030.0,511.45,0.1535,0.85,0.2396
2026-07-14,7530.62,2026-07-20,6.0,7040.0,501.3,0.1287,0.85,0.2353
2026-07-14,7530.62,2026-07-20,6.0,7050.0,492.5,0.2295,0.9,0.2328
2026-07-14,7530.62,2026-07-20,6.0,7060.0,482.2,0.2122,0.95,0.2302
2026-07-14,7530.62,2026-07-20,6.0,7070.0,471.2,0.1339,0.95,0.2259
2026-07-14,7530.62,2026-07-20,6.0,7075.0,467.75,0.2266,1.0,0.2253
2026-07-14,7530.62,2026-07-20,6.0,7080.0,462.1,0.1981,1.0,0.2232
2026-07-14,7530.62,2026-07-20,6.0,7085.0,456.8,0.1677,1.05,0.2225
2026-07-14,7530.62,2026-07-20,6.0,7090.0,451.75,0.1524,1.05,0.2203
2026-07-14,7530.62,2026-07-20,6.0,7095.0,446.8,0.1632,1.07,0.2189
2026-07-14,7530.62,2026-07-20,6.0,7100.0,442.75,0.2153,1.1,0.2174
2026-07-14,7530.62,2026-07-20,6.0,7105.0,436.75,0.1437,1.12,0.2159
2026-07-14,7530.62,2026-07-20,6.0,7110.0,432.3,0.1952,1.15,0.2144
2026-07-14,7530.62,2026-07-20,6.0,7115.0,427.0,0.1767,1.2,0.2135
2026-07-14,7530.62,2026-07-20,6.0,7120.0,422.05,0.178,1.2,0.2112
2026-07-14,7530.62,2026-07-20,6.0,7125.0,417.6,0.1996,1.25,0.2103
2026-07-14,7530.62,2026-07-20,6.0,7130.0,411.35,0.1249,1.25,0.208
2026-07-14,7530.62,2026-07-20,6.0,7135.0,407.65,0.1966,1.3,0.207
2026-07-14,7530.62,2026-07-20,6.0,7140.0,402.75,0.1973,1.32,0.2054
2026-07-14,7530.62,2026-07-20,6.0,7145.0,397.8,0.1964,1.38,0.2042
2026-07-14,7530.62,2026-07-20,6.0,7150.0,392.85,0.1954,1.4,0.2025
2026-07-14,7530.62,2026-07-20,6.0,7155.0,387.35,0.1777,1.45,0.2013
2026-07-14,7530.62,2026-07-20,6.0,7160.0,382.65,0.1854,1.5,0.2001
2026-07-14,7530.62,2026-07-20,6.0,7165.0,378.0,0.1922,1.52,0.1983
2026-07-14,7530.62,2026-07-20,6.0,7170.0,372.0,0.1534,1.55,0.1965
2026-07-14,7530.62,2026-07-20,6.0,7175.0,367.75,0.1814,1.62,0.1957
2026-07-14,7530.62,2026-07-20,6.0,7180.0,363.05,0.1864,1.65,0.1939
2026-07-14,7530.62,2026-07-20,6.0,7185.0,358.1,0.1852,1.7,0.1925
2026-07-14,7530.62,2026-07-20,6.0,7190.0,353.5,0.1906,1.75,0.191
2026-07-14,7530.62,2026-07-20,6.0,7195.0,348.0,0.1784,1.82,0.19
2026-07-14,7530.62,2026-07-20,6.0,7200.0,343.1,0.1782,1.88,0.1885
2026-07-14,7530.62,2026-07-20,6.0,7205.0,337.65,0.1653,1.95,0.1873
2026-07-14,7530.62,2026-07-20,6.0,7210.0,333.6,0.1828,2.0,0.1858
2026-07-14,7530.62,2026-07-20,6.0,7215.0,328.3,0.1751,2.08,0.1845
2026-07-14,7530.62,2026-07-20,6.0,7220.0,323.45,0.1754,2.17,0.1836
2026-07-14,7530.62,2026-07-20,6.0,7225.0,319.05,0.1824,2.22,0.1819
2026-07-14,7530.62,2026-07-20,6.0,7230.0,313.8,0.1763,2.3,0.1805
2026-07-14,7530.62,2026-07-20,6.0,7235.0,308.95,0.176,2.4,0.1795
2026-07-14,7530.62,2026-07-20,6.0,7240.0,303.75,0.1706,2.47,0.178
2026-07-14,7530.62,2026-07-20,6.0,7245.0,299.15,0.1738,2.58,0.1768
2026-07-14,7530.62,2026-07-20,6.0,7250.0,294.3,0.1733,2.67,0.1755
2026-07-14,7530.62,2026-07-20,6.0,7255.0,289.55,0.1739,2.8,0.1745
2026-07-14,7530.62,2026-07-20,6.0,7260.0,284.5,0.1707,2.92,0.1735
2026-07-14,7530.62,2026-07-20,6.0,7265.0,279.7,0.1705,3.03,0.172
2026-07-14,7530.62,2026-07-20,6.0,7270.0,274.8,0.169,3.1,0.1703
2026-07-14,7530.62,2026-07-20,6.0,7275.0,269.7,0.1653,3.3,0.1698
2026-07-14,7530.62,2026-07-20,6.0,7280.0,265.1,0.167,3.4,0.1682
2026-07-14,7530.62,2026-07-20,6.0,7285.0,260.25,0.1659,3.6,0.1676
2026-07-14,7530.62,2026-07-20,6.0,7290.0,255.45,0.1652,3.7,0.1659
2026-07-14,7530.62,2026-07-20,6.0,7295.0,250.25,0.1606,3.9,0.1651
2026-07-14,7530.62,2026-07-20,6.0,7300.0,246.4,0.1682,4.1,0.1641
2026-07-14,7530.62,2026-07-20,6.0,7305.0,240.5,0.1576,4.3,0.1631
2026-07-14,7530.62,2026-07-20,6.0,7310.0,236.2,0.161,4.5,0.162
2026-07-14,7530.62,2026-07-20,6.0,7315.0,231.55,0.161,4.6,0.1601
2026-07-14,7530.62,2026-07-20,6.0,7320.0,226.85,0.1605,4.9,0.1596
2026-07-14,7530.62,2026-07-20,6.0,7325.0,222.0,0.1588,5.1,0.1583
2026-07-14,7530.62,2026-07-20,6.0,7330.0,218.6,0.1668,5.3,0.1569
2026-07-14,7530.62,2026-07-20,6.0,7335.0,213.15,0.1609,5.6,0.1561
2026-07-14,7530.62,2026-07-20,6.0,7340.0,208.25,0.1586,5.9,0.1552
2026-07-14,7530.62,2026-07-20,6.0,7345.0,203.65,0.1581,6.2,0.1542
2026-07-14,7530.62,2026-07-20,6.0,7350.0,198.8,0.1559,6.4,0.1525
2026-07-14,7530.62,2026-07-20,6.0,7355.0,194.25,0.1555,6.8,0.152
2026-07-14,7530.62,2026-07-20,6.0,7360.0,189.6,0.1544,7.2,0.1513
2026-07-14,7530.62,2026-07-20,6.0,7365.0,184.75,0.1521,7.5,0.1499
2026-07-14,7530.62,2026-07-20,6.0,7370.0,180.15,0.1512,7.8,0.1484
2026-07-14,7530.62,2026-07-20,6.0,7375.0,177.4,0.1592,8.3,0.148
2026-07-14,7530.62,2026-07-20,6.0,7380.0,170.05,0.1442,8.7,0.1468
2026-07-14,7530.62,2026-07-20,6.0,7385.0,166.55,0.1485,9.1,0.1456
2026-07-14,7530.62,2026-07-20,6.0,7390.0,162.05,0.1476,9.6,0.1447
2026-07-14,7530.62,2026-07-20,6.0,7395.0,157.45,0.146,10.1,0.1437
2026-07-14,7530.62,2026-07-20,6.0,7400.0,152.05,0.1408,10.55,0.1424
2026-07-14,7530.62,2026-07-20,6.0,7405.0,148.35,0.1431,11.2,0.1418
2026-07-14,7530.62,2026-07-20,6.0,7410.0,143.2,0.139,11.75,0.1407
2026-07-14,7530.62,2026-07-20,6.0,7415.0,138.95,0.1386,12.35,0.1396
2026-07-14,7530.62,2026-07-20,6.0,7420.0,134.25,0.1363,13.0,0.1387
2026-07-14,7530.62,2026-07-20,6.0,7425.0,131.2,0.1403,13.65,0.1375
2026-07-14,7530.62,2026-07-20,6.0,7430.0,125.95,0.1356,14.3,0.1363
2026-07-14,7530.62,2026-07-20,6.0,7435.0,121.55,0.134,15.0,0.1351
2026-07-14,7530.62,2026-07-20,6.0,7440.0,118.35,0.1367,15.8,0.1342
2026-07-14,7530.62,2026-07-20,6.0,7445.0,114.4,0.1364,16.7,0.1334
2026-07-14,7530.62,2026-07-20,6.0,7450.0,109.9,0.1341,17.5,0.1322
2026-07-14,7530.62,2026-07-20,6.0,7455.0,105.8,0.133,18.4,0.1311
2026-07-14,7530.62,2026-07-20,6.0,7460.0,101.85,0.1322,19.45,0.1304
2026-07-14,7530.62,2026-07-20,6.0,7465.0,97.5,0.13,20.5,0.1295
2026-07-14,7530.62,2026-07-20,6.0,7470.0,93.2,0.1279,21.5,0.1282
2026-07-14,7530.62,2026-07-20,6.0,7475.0,89.75,0.1282,22.7,0.1275
2026-07-14,7530.62,2026-07-20,6.0,7480.0,85.95,0.1272,23.8,0.1262
2026-07-14,7530.62,2026-07-20,6.0,7485.0,81.9,0.1254,25.1,0.1254
2026-07-14,7530.62,2026-07-20,6.0,7490.0,78.5,0.1253,26.4,0.1244
2026-07-14,7530.62,2026-07-20,6.0,7495.0,74.85,0.1242,27.8,0.1235
2026-07-14,7530.62,2026-07-20,6.0,7500.0,71.0,0.1224,29.15,0.1222
2026-07-14,7530.62,2026-07-20,6.0,7505.0,67.75,0.1221,30.7,0.1214
2026-07-14,7530.62,2026-07-20,6.0,7510.0,64.05,0.1204,32.3,0.1204
2026-07-14,7530.62,2026-07-20,6.0,7515.0,60.75,0.1196,33.9,0.1193
2026-07-14,7530.62,2026-07-20,6.0,7520.0,57.6,0.1189,35.45,0.1178
2026-07-14,7530.62,2026-07-20,6.0,7525.0,54.3,0.1177,37.45,0.1173
2026-07-14,7530.62,2026-07-20,6.0,7530.0,51.15,0.1166,39.1,0.1157
2026-07-14,7530.62,2026-07-20,6.0,7535.0,48.2,0.1158,41.05,0.1146
2026-07-14,7530.62,2026-07-20,6.0,7540.0,45.4,0.1152,43.15,0.1137
2026-07-14,7530.62,2026-07-20,6.0,7545.0,42.35,0.1137,45.3,0.1127
2026-07-14,7530.62,2026-07-20,6.0,7550.0,39.65,0.1129,47.6,0.1118
2026-07-14,7530.62,2026-07-20,6.0,7555.0,36.95,0.1118,49.95,0.1108
2026-07-14,7530.62,2026-07-20,6.0,7560.0,34.45,0.111,52.55,0.1102
2026-07-14,7530.62,2026-07-20,6.0,7565.0,32.0,0.1101,55.15,0.1093
2026-07-14,7530.62,2026-07-20,6.0,7570.0,29.7,0.1093,57.5,0.1075
2026-07-14,7530.62,2026-07-20,6.0,7575.0,27.4,0.1083,60.35,0.1068
2026-07-14,7530.62,2026-07-20,6.0,7580.0,25.45,0.108,63.2,0.1057
2026-07-14,7530.62,2026-07-20,6.0,7585.0,23.3,0.1068,66.15,0.1047
2026-07-14,7530.62,2026-07-20,6.0,7590.0,21.5,0.1063,69.25,0.1037
2026-07-14,7530.62,2026-07-20,6.0,7595.0,19.7,0.1056,72.25,0.1022
2026-07-14,7530.62,2026-07-20,6.0,7600.0,17.85,0.1044,75.9,0.1023
2026-07-14,7530.62,2026-07-20,6.0,7605.0,16.3,0.1038,80.15,0.104
2026-07-14,7530.62,2026-07-20,6.0,7610.0,14.85,0.1032,83.4,0.1023
2026-07-14,7530.62,2026-07-20,6.0,7615.0,13.4,0.1024,87.0,0.1013
2026-07-14,7530.62,2026-07-20,6.0,7620.0,12.1,0.1017,90.85,0.1009
2026-07-14,7530.62,2026-07-20,6.0,7625.0,10.9,0.1011,94.45,0.0992
2026-07-14,7530.62,2026-07-20,6.0,7630.0,9.9,0.1009,98.6,0.0992
2026-07-14,7530.62,2026-07-20,6.0,7635.0,8.8,0.1,102.2,0.0964
2026-07-14,7530.62,2026-07-20,6.0,7640.0,7.9,0.0996,106.3,0.0953
2026-07-14,7530.62,2026-07-20,6.0,7645.0,7.0,0.0989,110.35,0.0934
2026-07-14,7530.62,2026-07-20,6.0,7650.0,6.2,0.0983,114.3,0.0899
2026-07-14,7530.62,2026-07-20,6.0,7655.0,5.5,0.0978,119.9,0.0967
2026-07-14,7530.62,2026-07-20,6.0,7660.0,4.85,0.0973,123.95,0.093
2026-07-14,7530.62,2026-07-20,6.0,7665.0,4.3,0.097,128.75,0.0941
2026-07-14,7530.62,2026-07-20,6.0,7670.0,3.75,0.0964,132.85,0.0872
2026-07-14,7530.62,2026-07-20,6.0,7675.0,3.3,0.0961,137.4,0.0824
2026-07-14,7530.62,2026-07-20,6.0,7680.0,2.85,0.0955,142.2,0.0848
2026-07-14,7530.62,2026-07-20,6.0,7685.0,2.5,0.0953,145.3,0.0871
2026-07-14,7530.62,2026-07-20,6.0,7690.0,2.2,0.0952,150.55,0.0894
2026-07-14,7530.62,2026-07-20,6.0,7695.0,1.9,0.0948,155.15,0.0917
2026-07-14,7530.62,2026-07-20,6.0,7700.0,1.65,0.0946,159.35,0.094
2026-07-14,7530.62,2026-07-20,6.0,7705.0,1.45,0.0946,164.5,0.0963
2026-07-14,7530.62,2026-07-20,6.0,7710.0,1.3,0.095,169.1,0.0986
2026-07-14,7530.62,2026-07-20,6.0,7715.0,1.1,0.0945,173.5,0.1009
2026-07-14,7530.62,2026-07-20,6.0,7720.0,1.0,0.0952,179.25,0.1031
2026-07-14,7530.62,2026-07-20,6.0,7725.0,0.85,0.0948,184.05,0.1054
2026-07-14,7530.62,2026-07-20,6.0,7730.0,0.77,0.0956,189.05,0.1076
2026-07-14,7530.62,2026-07-20,6.0,7735.0,0.7,0.0962,192.7,0.1099
2026-07-14,7530.62,2026-07-20,6.0,7740.0,0.6,0.096,198.85,0.1121
2026-07-14,7530.62,2026-07-20,6.0,7750.0,0.5,0.0975,208.75,0.1165
2026-07-14,7530.62,2026-07-20,6.0,7760.0,0.45,0.1,218.65,0.1209
2026-07-14,7530.62,2026-07-20,6.0,7770.0,0.38,0.1014,229.0,0.1252
2026-07-14,7530.62,2026-07-20,6.0,7775.0,0.35,0.1024,234.5,0.1274
2026-07-14,7530.62,2026-07-20,6.0,7780.0,0.35,0.1043,239.2,0.1296
2026-07-14,7530.62,2026-07-20,6.0,7790.0,0.3,0.106,249.35,0.1339
2026-07-14,7530.62,2026-07-20,6.0,7800.0,0.28,0.1085,258.5,0.1381
2026-07-14,7530.62,2026-07-20,6.0,7810.0,0.25,0.1108,269.2,0.1424
2026-07-14,7530.62,2026-07-20,6.0,7825.0,0.25,0.1162,284.8,0.1487
2026-07-14,7530.62,2026-07-20,6.0,7850.0,0.2,0.1219,308.65,0.1591
2026-07-14,7530.62,2026-07-20,6.0,7875.0,0.2,0.1305,333.7,0.1694
2026-07-14,7530.62,2026-07-20,6.0,7900.0,0.17,0.137,358.0,0.1795
2026-07-14,7530.62,2026-07-20,6.0,7925.0,0.15,0.143,383.6,0.1896
2026-07-14,7530.62,2026-07-20,6.0,7950.0,0.15,0.1511,408.85,0.1995
2026-07-14,7530.62,2026-07-20,6.0,7975.0,0.15,0.1592,433.0,0.2093
2026-07-14,7530.62,2026-07-20,6.0,8000.0,0.15,0.1672,458.85,0.2191
2026-07-14,7530.62,2026-07-20,6.0,8025.0,0.15,0.1751,483.75,0.2287
2026-07-14,7530.62,2026-07-20,6.0,8050.0,0.15,0.183,507.9,0.2383
2026-07-14,7530.62,2026-07-20,6.0,8075.0,0.12,0.1875,533.55,0.2478
2026-07-14,7530.62,2026-07-20,6.0,8100.0,0.12,0.1951,557.85,0.2572
2026-07-14,7530.62,2026-07-20,6.0,8200.0,0.1,0.2208,659.5,0.2942
2026-07-14,7530.62,2026-07-20,6.0,8300.0,0.1,0.2496,757.7,0.3302
2026-07-14,7530.62,2026-07-20,6.0,8400.0,0.08,0.2713,858.2,0.3653
2026-07-14,7530.62,2026-07-20,6.0,8600.0,0.05,0.3149,1057.35,0.4332
2026-07-14,7530.62,2026-07-21,7.0,5800.0,1740.3,0.478,0.08,0.5794
2026-07-14,7530.62,2026-07-21,7.0,5900.0,1640.6,0.451,0.1,0.5562
2026-07-14,7530.62,2026-07-21,7.0,6000.0,1540.25,0.4238,0.1,0.5207
2026-07-14,7530.62,2026-07-21,7.0,6100.0,1440.8,0.3966,0.15,0.502
2026-07-14,7530.62,2026-07-21,7.0,6200.0,1340.6,0.3695,0.15,0.4664
2026-07-14,7530.62,2026-07-21,7.0,6300.0,1241.55,0.3423,0.23,0.4468
2026-07-14,7530.62,2026-07-21,7.0,6325.0,1216.95,0.3914,0.23,0.4378
2026-07-14,7530.62,2026-07-21,7.0,6350.0,1190.3,0.2969,0.25,0.433
2026-07-14,7530.62,2026-07-21,7.0,6375.0,1165.45,0.3121,0.25,0.4239
2026-07-14,7530.62,2026-07-21,7.0,6400.0,1140.35,0.3152,0.25,0.4149
2026-07-14,7530.62,2026-07-21,7.0,6425.0,1116.05,0.3148,0.25,0.4059
2026-07-14,7530.62,2026-07-21,7.0,6450.0,1090.65,0.2764,0.28,0.4005
2026-07-14,7530.62,2026-07-21,7.0,6475.0,1065.45,0.2865,0.3,0.3947
2026-07-14,7530.62,2026-07-21,7.0,6500.0,1041.35,0.2881,0.3,0.3856
2026-07-14,7530.62,2026-07-21,7.0,6525.0,1017.0,0.287,0.33,0.3795
2026-07-14,7530.62,2026-07-21,7.0,6550.0,991.35,0.254,0.35,0.3732
2026-07-14,7530.62,2026-07-21,7.0,6575.0,967.45,0.3676,0.35,0.364
2026-07-14,7530.62,2026-07-21,7.0,6600.0,941.25,0.2611,0.38,0.3574
2026-07-14,7530.62,2026-07-21,7.0,6625.0,916.5,0.2593,0.4,0.3505
2026-07-14,7530.62,2026-07-21,7.0,6650.0,892.45,0.335,0.42,0.3435
2026-07-14,7530.62,2026-07-21,7.0,6675.0,866.35,0.2347,0.45,0.3363
2026-07-14,7530.62,2026-07-21,7.0,6700.0,841.75,0.2342,0.45,0.327
2026-07-14,7530.62,2026-07-21,7.0,6725.0,817.35,0.29,0.5,0.3214
2026-07-14,7530.62,2026-07-21,7.0,6750.0,790.5,0.2068,0.53,0.3138
2026-07-14,7530.62,2026-07-21,7.0,6775.0,767.45,0.2811,0.55,0.306
2026-07-14,7530.62,2026-07-21,7.0,6800.0,742.5,0.2758,0.6,0.2995
2026-07-14,7530.62,2026-07-21,7.0,6825.0,717.05,0.1685,0.62,0.2914
2026-07-14,7530.62,2026-07-21,7.0,6850.0,691.15,0.1823,0.68,0.2845
2026-07-14,7530.62,2026-07-21,7.0,6875.0,667.1,0.1827,0.73,0.2773
2026-07-14,7530.62,2026-07-21,7.0,6900.0,642.15,0.1803,0.77,0.2699
2026-07-14,7530.62,2026-07-21,7.0,6925.0,617.05,0.1509,0.82,0.2622
2026-07-14,7530.62,2026-07-21,7.0,6950.0,592.35,0.1793,0.9,0.2553
2026-07-14,7530.62,2026-07-21,7.0,6975.0,567.2,0.1565,0.98,0.248
2026-07-14,7530.62,2026-07-21,7.0,7000.0,542.7,0.2097,1.05,0.2404
2026-07-14,7530.62,2026-07-21,7.0,7025.0,516.75,0.1298,1.15,0.2333
2026-07-14,7530.62,2026-07-21,7.0,7040.0,503.05,0.2113,1.2,0.2285
2026-07-14,7530.62,2026-07-21,7.0,7050.0,493.0,0.2052,1.25,0.2258
2026-07-14,7530.62,2026-07-21,7.0,7060.0,482.8,0.1915,1.3,0.2229
2026-07-14,7530.62,2026-07-21,7.0,7070.0,473.25,0.2061,1.38,0.2206
2026-07-14,7530.62,2026-07-21,7.0,7075.0,467.85,0.1881,1.4,0.2191
2026-07-14,7530.62,2026-07-21,7.0,7080.0,463.6,0.2119,1.43,0.2176
2026-07-14,7530.62,2026-07-21,7.0,7090.0,452.9,0.1845,1.48,0.2145
2026-07-14,7530.62,2026-07-21,7.0,7100.0,442.25,0.1263,1.55,0.2119
2026-07-14,7530.62,2026-07-21,7.0,7110.0,432.55,0.1516,1.62,0.2092
2026-07-14,7530.62,2026-07-21,7.0,7120.0,422.95,0.1746,1.7,0.2064
2026-07-14,7530.62,2026-07-21,7.0,7125.0,418.55,0.1915,1.75,0.2051
2026-07-14,7530.62,2026-07-21,7.0,7130.0,413.5,0.1882,1.8,0.2039
2026-07-14,7530.62,2026-07-21,7.0,7140.0,403.6,0.1864,1.9,0.2013
2026-07-14,7530.62,2026-07-21,7.0,7150.0,393.45,0.1785,2.0,0.1986
2026-07-14,7530.62,2026-07-21,7.0,7160.0,383.95,0.1852,2.12,0.1962
2026-07-14,7530.62,2026-07-21,7.0,7170.0,373.55,0.1725,2.22,0.1933
2026-07-14,7530.62,2026-07-21,7.0,7175.0,368.95,0.1787,2.33,0.1925
2026-07-14,7530.62,2026-07-21,7.0,7180.0,363.9,0.1756,2.38,0.191
2026-07-14,7530.62,2026-07-21,7.0,7185.0,359.2,0.1788,2.45,0.1898
2026-07-14,7530.62,2026-07-21,7.0,7190.0,353.85,0.1703,2.53,0.1885
2026-07-14,7530.62,2026-07-21,7.0,7195.0,349.1,0.1726,2.6,0.1872
2026-07-14,7530.62,2026-07-21,7.0,7200.0,344.3,0.1737,2.7,0.1862
2026-07-14,7530.62,2026-07-21,7.0,7205.0,339.75,0.1781,2.78,0.1848
2026-07-14,7530.62,2026-07-21,7.0,7210.0,334.45,0.1716,2.88,0.1837
2026-07-14,7530.62,2026-07-21,7.0,7215.0,328.5,0.1523,3.0,0.1828
2026-07-14,7530.62,2026-07-21,7.0,7220.0,323.6,0.1523,3.1,0.1816
2026-07-14,7530.62,2026-07-21,7.0,7225.0,319.25,0.1618,3.2,0.1804
2026-07-14,7530.62,2026-07-21,7.0,7230.0,314.2,0.1588,3.3,0.1791
2026-07-14,7530.62,2026-07-21,7.0,7235.0,309.75,0.1644,3.4,0.1777
2026-07-14,7530.62,2026-07-21,7.0,7240.0,305.05,0.1658,3.55,0.1768
2026-07-14,7530.62,2026-07-21,7.0,7245.0,300.2,0.1652,3.7,0.1759
2026-07-14,7530.62,2026-07-21,7.0,7250.0,295.3,0.164,3.8,0.1744
2026-07-14,7530.62,2026-07-21,7.0,7255.0,290.5,0.1638,3.95,0.1733
2026-07-14,7530.62,2026-07-21,7.0,7260.0,285.65,0.163,4.1,0.1722
2026-07-14,7530.62,2026-07-21,7.0,7265.0,280.85,0.1626,4.25,0.171
2026-07-14,7530.62,2026-07-21,7.0,7270.0,276.05,0.162,4.45,0.1702
2026-07-14,7530.62,2026-07-21,7.0,7275.0,271.2,0.161,4.6,0.1689
2026-07-14,7530.62,2026-07-21,7.0,7280.0,266.4,0.1603,4.85,0.1684
2026-07-14,7530.62,2026-07-21,7.0,7285.0,261.35,0.1573,5.0,0.1669
2026-07-14,7530.62,2026-07-21,7.0,7290.0,256.45,0.1557,5.15,0.1655
2026-07-14,7530.62,2026-07-21,7.0,7295.0,252.05,0.158,5.35,0.1643
2026-07-14,7530.62,2026-07-21,7.0,7300.0,247.0,0.1551,5.65,0.1638
2026-07-14,7530.62,2026-07-21,7.0,7305.0,242.25,0.1544,5.85,0.1625
2026-07-14,7530.62,2026-07-21,7.0,7310.0,237.55,0.154,6.15,0.1618
2026-07-14,7530.62,2026-07-21,7.0,7315.0,232.85,0.1535,6.3,0.1601
2026-07-14,7530.62,2026-07-21,7.0,7320.0,228.4,0.1545,6.6,0.1593
2026-07-14,7530.62,2026-07-21,7.0,7325.0,223.55,0.1528,6.9,0.1583
2026-07-14,7530.62,2026-07-21,7.0,7330.0,219.4,0.1552,7.2,0.1573
2026-07-14,7530.62,2026-07-21,7.0,7335.0,214.75,0.1545,7.6,0.1568
2026-07-14,7530.62,2026-07-21,7.0,7340.0,210.1,0.1536,7.9,0.1556
2026-07-14,7530.62,2026-07-21,7.0,7345.0,205.45,0.1527,8.2,0.1543
2026-07-14,7530.62,2026-07-21,7.0,7350.0,200.75,0.1514,8.55,0.1532
2026-07-14,7530.62,2026-07-21,7.0,7355.0,196.2,0.1508,8.9,0.1521
2026-07-14,7530.62,2026-07-21,7.0,7360.0,191.55,0.1496,9.4,0.1516
2026-07-14,7530.62,2026-07-21,7.0,7365.0,187.0,0.1488,9.7,0.15
2026-07-14,7530.62,2026-07-21,7.0,7370.0,182.4,0.1476,10.2,0.1493
2026-07-14,7530.62,2026-07-21,7.0,7375.0,177.9,0.1468,10.6,0.148
2026-07-14,7530.62,2026-07-21,7.0,7380.0,173.35,0.1457,11.2,0.1475
2026-07-14,7530.62,2026-07-21,7.0,7385.0,168.8,0.1445,11.6,0.1461
2026-07-14,7530.62,2026-07-21,7.0,7390.0,164.4,0.1439,12.2,0.1454
2026-07-14,7530.62,2026-07-21,7.0,7395.0,160.25,0.1441,12.8,0.1446
2026-07-14,7530.62,2026-07-21,7.0,7400.0,155.5,0.1418,13.4,0.1436
2026-07-14,7530.62,2026-07-21,7.0,7405.0,151.25,0.1414,13.9,0.1422
2026-07-14,7530.62,2026-07-21,7.0,7410.0,146.75,0.1399,14.5,0.1411
2026-07-14,7530.62,2026-07-21,7.0,7415.0,142.45,0.139,15.2,0.1402
2026-07-14,7530.62,2026-07-21,7.0,7420.0,138.25,0.1384,16.0,0.1395
2026-07-14,7530.62,2026-07-21,7.0,7425.0,133.9,0.1372,16.7,0.1384
2026-07-14,7530.62,2026-07-21,7.0,7430.0,129.85,0.1368,17.5,0.1375
2026-07-14,7530.62,2026-07-21,7.0,7435.0,125.55,0.1355,18.2,0.1361
2026-07-14,7530.62,2026-07-21,7.0,7440.0,121.55,0.135,19.1,0.1353
2026-07-14,7530.62,2026-07-21,7.0,7445.0,117.2,0.1333,19.95,0.1342
2026-07-14,7530.62,2026-07-21,7.0,7450.0,113.3,0.1329,20.9,0.1333
2026-07-14,7530.62,2026-07-21,7.0,7455.0,109.15,0.1315,21.8,0.1321
2026-07-14,7530.62,2026-07-21,7.0,7460.0,105.65,0.132,22.95,0.1315
2026-07-14,7530.62,2026-07-21,7.0,7465.0,101.6,0.1306,23.9,0.1302
2026-07-14,7530.62,2026-07-21,7.0,7470.0,97.75,0.1298,25.15,0.1296
2026-07-14,7530.62,2026-07-21,7.0,7475.0,93.9,0.1287,26.3,0.1285
2026-07-14,7530.62,2026-07-21,7.0,7480.0,90.15,0.1278,27.55,0.1276
2026-07-14,7530.62,2026-07-21,7.0,7485.0,86.6,0.1273,28.8,0.1265
2026-07-14,7530.62,2026-07-21,7.0,7490.0,82.9,0.1262,30.1,0.1255
2026-07-14,7530.62,2026-07-21,7.0,7495.0,79.1,0.1248,31.55,0.1246
2026-07-14,7530.62,2026-07-21,7.0,7500.0,75.75,0.1243,33.05,0.1237
2026-07-14,7530.62,2026-07-21,7.0,7505.0,72.15,0.123,34.45,0.1224
2026-07-14,7530.62,2026-07-21,7.0,7510.0,68.8,0.1222,36.1,0.1216
2026-07-14,7530.62,2026-07-21,7.0,7515.0,65.35,0.121,37.55,0.1201
2026-07-14,7530.62,2026-07-21,7.0,7520.0,62.25,0.1204,39.25,0.119
2026-07-14,7530.62,2026-07-21,7.0,7525.0,59.1,0.1196,41.05,0.118
2026-07-14,7530.62,2026-07-21,7.0,7530.0,55.75,0.1181,43.1,0.1175
2026-07-14,7530.62,2026-07-21,7.0,7535.0,52.7,0.1171,44.85,0.116
2026-07-14,7530.62,2026-07-21,7.0,7540.0,49.75,0.1162,47.15,0.1156
2026-07-14,7530.62,2026-07-21,7.0,7545.0,47.05,0.1157,49.25,0.1146
2026-07-14,7530.62,2026-07-21,7.0,7550.0,44.15,0.1145,51.45,0.1136
2026-07-14,7530.62,2026-07-21,7.0,7555.0,41.45,0.1136,53.75,0.1126
2026-07-14,7530.62,2026-07-21,7.0,7560.0,38.75,0.1124,56.15,0.1116
2026-07-14,7530.62,2026-07-21,7.0,7565.0,36.25,0.1116,58.6,0.1106
2026-07-14,7530.62,2026-07-21,7.0,7570.0,33.85,0.1107,61.15,0.1095
2026-07-14,7530.62,2026-07-21,7.0,7575.0,31.45,0.1097,63.65,0.1081
2026-07-14,7530.62,2026-07-21,7.0,7580.0,29.25,0.1089,66.4,0.1071
2026-07-14,7530.62,2026-07-21,7.0,7585.0,27.1,0.108,69.25,0.1061
2026-07-14,7530.62,2026-07-21,7.0,7590.0,25.2,0.1075,72.2,0.105
2026-07-14,7530.62,2026-07-21,7.0,7595.0,23.15,0.1064,75.3,0.1041
2026-07-14,7530.62,2026-07-21,7.0,7600.0,21.35,0.1057,78.4,0.1029
2026-07-14,7530.62,2026-07-21,7.0,7605.0,19.7,0.1052,81.6,0.1017
2026-07-14,7530.62,2026-07-21,7.0,7610.0,17.95,0.1041,85.0,0.1008
2026-07-14,7530.62,2026-07-21,7.0,7615.0,16.5,0.1037,88.4,0.0996
2026-07-14,7530.62,2026-07-21,7.0,7620.0,15.05,0.103,91.85,0.0981
2026-07-14,7530.62,2026-07-21,7.0,7625.0,13.7,0.1023,95.3,0.0963
2026-07-14,7530.62,2026-07-21,7.0,7630.0,12.45,0.1017,99.35,0.0961
2026-07-14,7530.62,2026-07-21,7.0,7635.0,11.2,0.1008,103.25,0.0951
2026-07-14,7530.62,2026-07-21,7.0,7640.0,10.15,0.1003,107.05,0.0932
2026-07-14,7530.62,2026-07-21,7.0,7645.0,9.15,0.0997,111.0,0.0914
2026-07-14,7530.62,2026-07-21,7.0,7650.0,8.2,0.099,115.1,0.0896
2026-07-14,7530.62,2026-07-21,7.0,7655.0,7.35,0.0985,119.35,0.088
2026-07-14,7530.62,2026-07-21,7.0,7660.0,6.6,0.0981,123.15,0.0814
2026-07-14,7530.62,2026-07-21,7.0,7665.0,5.9,0.0977,127.7,0.0782
2026-07-14,7530.62,2026-07-21,7.0,7670.0,5.2,0.0969,132.1,0.0765
2026-07-14,7530.62,2026-07-21,7.0,7675.0,4.6,0.0964,137.0,0.0788
2026-07-14,7530.62,2026-07-21,7.0,7680.0,4.1,0.0961,141.45,0.081
2026-07-14,7530.62,2026-07-21,7.0,7685.0,3.6,0.0956,147.15,0.0832
2026-07-14,7530.62,2026-07-21,7.0,7690.0,3.2,0.0954,151.85,0.0854
2026-07-14,7530.62,2026-07-21,7.0,7695.0,2.78,0.0947,156.15,0.0876
2026-07-14,7530.62,2026-07-21,7.0,7700.0,2.47,0.0947,159.95,0.0898
2026-07-14,7530.62,2026-07-21,7.0,7705.0,2.17,0.0945,164.3,0.092
2026-07-14,7530.62,2026-07-21,7.0,7710.0,1.93,0.0944,169.45,0.0941
2026-07-14,7530.62,2026-07-21,7.0,7715.0,1.68,0.0941,173.7,0.0963
2026-07-14,7530.62,2026-07-21,7.0,7720.0,1.48,0.094,178.95,0.0984
2026-07-14,7530.62,2026-07-21,7.0,7725.0,1.32,0.0943,183.75,0.1005
2026-07-14,7530.62,2026-07-21,7.0,7730.0,1.18,0.0944,188.65,0.1026
2026-07-14,7530.62,2026-07-21,7.0,7740.0,0.93,0.0947,197.9,0.1069
2026-07-14,7530.62,2026-07-21,7.0,7750.0,0.75,0.0955,208.25,0.111
2026-07-14,7530.62,2026-07-21,7.0,7760.0,0.6,0.0961,219.2,0.1152
2026-07-14,7530.62,2026-07-21,7.0,7770.0,0.5,0.0973,229.15,0.1193
2026-07-14,7530.62,2026-07-21,7.0,7775.0,0.45,0.0977,234.3,0.1213
2026-07-14,7530.62,2026-07-21,7.0,7780.0,0.45,0.0995,238.2,0.1234
2026-07-14,7530.62,2026-07-21,7.0,7790.0,0.4,0.1015,247.75,0.1274
2026-07-14,7530.62,2026-07-21,7.0,7800.0,0.35,0.1032,258.4,0.1315
2026-07-14,7530.62,2026-07-21,7.0,7825.0,0.25,0.1073,282.4,0.1414
2026-07-14,7530.62,2026-07-21,7.0,7850.0,0.25,0.1155,307.5,0.1513
2026-07-14,7530.62,2026-07-21,7.0,7875.0,0.2,0.1206,333.1,0.161
2026-07-14,7530.62,2026-07-21,7.0,7900.0,0.2,0.1284,358.2,0.1706
2026-07-14,7530.62,2026-07-21,7.0,7925.0,0.17,0.1343,383.1,0.18
2026-07-14,7530.62,2026-07-21,7.0,7950.0,0.15,0.1397,408.25,0.1894
2026-07-14,7530.62,2026-07-21,7.0,7975.0,0.15,0.1471,433.1,0.1987
2026-07-14,7530.62,2026-07-21,7.0,8000.0,0.15,0.1545,458.45,0.2079
2026-07-14,7530.62,2026-07-21,7.0,8025.0,0.15,0.1619,482.15,0.217
2026-07-14,7530.62,2026-07-21,7.0,8050.0,0.15,0.1692,507.7,0.226
2026-07-14,7530.62,2026-07-21,7.0,8075.0,0.15,0.1764,533.4,0.235
2026-07-14,7530.62,2026-07-21,7.0,8100.0,0.15,0.1836,558.15,0.2438
2026-07-14,7530.62,2026-07-21,7.0,8200.0,0.1,0.2042,658.25,0.2787
2026-07-14,7530.62,2026-07-21,7.0,8300.0,0.1,0.2309,756.95,0.3126
2026-07-14,7530.62,2026-07-21,7.0,8400.0,0.1,0.2571,857.2,0.3456
2026-07-14,7530.62,2026-07-21,7.0,8600.0,0.07,0.3007,1058.35,0.4096
2026-07-14,7530.62,2026-07-22,8.0,5800.0,1741.35,0.4649,0.12,0.564
2026-07-14,7530.62,2026-07-22,8.0,5900.0,1641.85,0.4378,0.12,0.5298
2026-07-14,7530.62,2026-07-22,8.0,6000.0,1541.7,0.4108,0.17,0.5101
2026-07-14,7530.62,2026-07-22,8.0,6100.0,1441.25,0.3839,0.2,0.4815
2026-07-14,7530.62,2026-07-22,8.0,6200.0,1342.15,0.3572,0.25,0.4565
2026-07-14,7530.62,2026-07-22,8.0,6300.0,1242.1,0.3306,0.3,0.4295
2026-07-14,7530.62,2026-07-22,8.0,6325.0,1216.75,0.324,0.3,0.4208
2026-07-14,7530.62,2026-07-22,8.0,6350.0,1192.55,0.3174,0.33,0.4154
2026-07-14,7530.62,2026-07-22,8.0,6375.0,1167.2,0.3108,0.35,0.4097
2026-07-14,7530.62,2026-07-22,8.0,6400.0,1142.05,0.2384,0.35,0.401
2026-07-14,7530.62,2026-07-22,8.0,6425.0,1117.05,0.2421,0.38,0.395
2026-07-14,7530.62,2026-07-22,8.0,6450.0,1092.15,0.2414,0.4,0.3888
2026-07-14,7530.62,2026-07-22,8.0,6475.0,1067.3,0.2392,0.4,0.3801
2026-07-14,7530.62,2026-07-22,8.0,6500.0,1042.15,0.2361,0.45,0.3759
2026-07-14,7530.62,2026-07-22,8.0,6525.0,1017.5,0.2325,0.45,0.3671
2026-07-14,7530.62,2026-07-22,8.0,6550.0,992.2,0.2285,0.45,0.3584
2026-07-14,7530.62,2026-07-22,8.0,6575.0,968.05,0.3389,0.5,0.3535
2026-07-14,7530.62,2026-07-22,8.0,6600.0,942.6,0.2196,0.53,0.3465
2026-07-14,7530.62,2026-07-22,8.0,6625.0,917.35,0.2149,0.55,0.3394
2026-07-14,7530.62,2026-07-22,8.0,6650.0,892.7,0.21,0.57,0.3322
2026-07-14,7530.62,2026-07-22,8.0,6675.0,866.7,0.205,0.62,0.3263
2026-07-14,7530.62,2026-07-22,8.0,6700.0,842.95,0.2716,0.65,0.3188
2026-07-14,7530.62,2026-07-22,8.0,6725.0,817.25,0.1948,0.68,0.3112
2026-07-14,7530.62,2026-07-22,8.0,6750.0,792.05,0.1895,0.73,0.3047
2026-07-14,7530.62,2026-07-22,8.0,6775.0,768.0,0.2465,0.77,0.298
2026-07-14,7530.62,2026-07-22,8.0,6800.0,743.1,0.2502,0.82,0.2911
2026-07-14,7530.62,2026-07-22,8.0,6825.0,717.25,0.1734,0.88,0.284
2026-07-14,7530.62,2026-07-22,8.0,6850.0,693.6,0.2659,0.93,0.2768
2026-07-14,7530.62,2026-07-22,8.0,6875.0,667.8,0.1624,0.98,0.2693
2026-07-14,7530.62,2026-07-22,8.0,6900.0,643.7,0.2506,1.07,0.2634
2026-07-14,7530.62,2026-07-22,8.0,6925.0,618.9,0.2484,1.12,0.2555
2026-07-14,7530.62,2026-07-22,8.0,6950.0,593.75,0.233,1.23,0.2489
2026-07-14,7530.62,2026-07-22,8.0,6975.0,569.15,0.2364,1.32,0.242
2026-07-14,7530.62,2026-07-22,8.0,7000.0,543.35,0.1933,1.45,0.2354
2026-07-14,7530.62,2026-07-22,8.0,7025.0,519.1,0.2151,1.57,0.2284
2026-07-14,7530.62,2026-07-22,8.0,7040.0,504.0,0.2063,1.68,0.2246
2026-07-14,7530.62,2026-07-22,8.0,7050.0,494.1,0.2052,1.77,0.2226
2026-07-14,7530.62,2026-07-22,8.0,7060.0,484.6,0.2132,1.82,0.2195
2026-07-14,7530.62,2026-07-22,8.0,7070.0,474.6,0.2091,1.93,0.2173
2026-07-14,7530.62,2026-07-22,8.0,7075.0,469.2,0.1979,1.95,0.2157
2026-07-14,7530.62,2026-07-22,8.0,7080.0,464.7,0.207,1.97,0.2141
2026-07-14,7530.62,2026-07-22,8.0,7090.0,453.95,0.1852,2.08,0.2118
2026-07-14,7530.62,2026-07-22,8.0,7100.0,444.9,0.2025,2.17,0.2093
2026-07-14,7530.62,2026-07-22,8.0,7110.0,434.2,0.184,2.28,0.2067
2026-07-14,7530.62,2026-07-22,8.0,7120.0,425.2,0.1992,2.4,0.2044
2026-07-14,7530.62,2026-07-22,8.0,7125.0,420.2,0.1971,2.47,0.2033
2026-07-14,7530.62,2026-07-22,8.0,7130.0,414.9,0.1901,2.53,0.2019
2026-07-14,7530.62,2026-07-22,8.0,7140.0,405.45,0.1945,2.67,0.1997
2026-07-14,7530.62,2026-07-22,8.0,7150.0,395.55,0.1916,2.8,0.197
2026-07-14,7530.62,2026-07-22,8.0,7160.0,385.8,0.1906,2.98,0.1949
2026-07-14,7530.62,2026-07-22,8.0,7170.0,375.75,0.1856,3.15,0.1925
2026-07-14,7530.62,2026-07-22,8.0,7175.0,369.4,0.1625,3.2,0.1909
2026-07-14,7530.62,2026-07-22,8.0,7180.0,365.25,0.1746,3.3,0.1898
2026-07-14,7530.62,2026-07-22,8.0,7185.0,360.0,0.1688,3.4,0.1887
2026-07-14,7530.62,2026-07-22,8.0,7190.0,354.7,0.1619,3.5,0.1875
2026-07-14,7530.62,2026-07-22,8.0,7195.0,350.45,0.171,3.65,0.1868
2026-07-14,7530.62,2026-07-22,8.0,7200.0,345.2,0.1655,3.75,0.1855
2026-07-14,7530.62,2026-07-22,8.0,7205.0,340.1,0.1619,3.85,0.1843
2026-07-14,7530.62,2026-07-22,8.0,7210.0,335.9,0.17,4.0,0.1834
2026-07-14,7530.62,2026-07-22,8.0,7215.0,330.4,0.1618,4.1,0.182
2026-07-14,7530.62,2026-07-22,8.0,7220.0,325.55,0.1615,4.25,0.1811
2026-07-14,7530.62,2026-07-22,8.0,7225.0,320.7,0.1612,4.45,0.1805
2026-07-14,7530.62,2026-07-22,8.0,7230.0,315.85,0.1607,4.55,0.179
2026-07-14,7530.62,2026-07-22,8.0,7235.0,311.95,0.1696,4.65,0.1775
2026-07-14,7530.62,2026-07-22,8.0,7240.0,307.0,0.1677,4.85,0.1767
2026-07-14,7530.62,2026-07-22,8.0,7245.0,302.15,0.1667,5.05,0.1759
2026-07-14,7530.62,2026-07-22,8.0,7250.0,297.4,0.1666,5.25,0.175
2026-07-14,7530.62,2026-07-22,8.0,7255.0,292.6,0.1659,5.35,0.1734
2026-07-14,7530.62,2026-07-22,8.0,7260.0,287.85,0.1655,5.55,0.1724
2026-07-14,7530.62,2026-07-22,8.0,7265.0,283.1,0.165,5.75,0.1714
2026-07-14,7530.62,2026-07-22,8.0,7270.0,278.3,0.1641,6.05,0.1709
2026-07-14,7530.62,2026-07-22,8.0,7275.0,273.3,0.1616,6.15,0.1691
2026-07-14,7530.62,2026-07-22,8.0,7280.0,267.9,0.1563,6.45,0.1686
2026-07-14,7530.62,2026-07-22,8.0,7285.0,263.8,0.1602,6.65,0.1673
2026-07-14,7530.62,2026-07-22,8.0,7290.0,258.45,0.1554,6.85,0.166
2026-07-14,7530.62,2026-07-22,8.0,7295.0,254.6,0.1604,7.15,0.1652
2026-07-14,7530.62,2026-07-22,8.0,7300.0,249.9,0.1597,7.45,0.1644
2026-07-14,7530.62,2026-07-22,8.0,7305.0,245.15,0.1586,7.75,0.1635
2026-07-14,7530.62,2026-07-22,8.0,7310.0,241.2,0.1619,8.05,0.1625
2026-07-14,7530.62,2026-07-22,8.0,7315.0,236.45,0.1606,8.3,0.1612
2026-07-14,7530.62,2026-07-22,8.0,7320.0,231.7,0.1592,8.65,0.1603
2026-07-14,7530.62,2026-07-22,8.0,7325.0,227.1,0.1586,9.05,0.1596
2026-07-14,7530.62,2026-07-22,8.0,7330.0,222.45,0.1576,9.35,0.1584
2026-07-14,7530.62,2026-07-22,8.0,7335.0,217.85,0.1568,9.75,0.1576
2026-07-14,7530.62,2026-07-22,8.0,7340.0,213.15,0.1554,10.15,0.1566
2026-07-14,7530.62,2026-07-22,8.0,7345.0,208.7,0.1551,10.55,0.1557
2026-07-14,7530.62,2026-07-22,8.0,7350.0,204.0,0.1536,10.95,0.1546
2026-07-14,7530.62,2026-07-22,8.0,7355.0,199.55,0.1531,11.4,0.1537
2026-07-14,7530.62,2026-07-22,8.0,7360.0,195.0,0.1521,11.8,0.1524
2026-07-14,7530.62,2026-07-22,8.0,7365.0,190.25,0.1502,12.35,0.1518
2026-07-14,7530.62,2026-07-22,8.0,7370.0,186.25,0.1513,12.85,0.1508
2026-07-14,7530.62,2026-07-22,8.0,7375.0,181.75,0.1502,13.35,0.1497
2026-07-14,7530.62,2026-07-22,8.0,7380.0,177.25,0.149,13.95,0.149
2026-07-14,7530.62,2026-07-22,8.0,7385.0,172.8,0.148,14.5,0.1479
2026-07-14,7530.62,2026-07-22,8.0,7390.0,168.25,0.1465,15.1,0.147
2026-07-14,7530.62,2026-07-22,8.0,7395.0,163.75,0.1452,15.7,0.146
2026-07-14,7530.62,2026-07-22,8.0,7400.0,159.55,0.1447,16.35,0.145
2026-07-14,7530.62,2026-07-22,8.0,7405.0,155.05,0.1432,17.0,0.144
2026-07-14,7530.62,2026-07-22,8.0,7410.0,150.75,0.1422,17.65,0.1428
2026-07-14,7530.62,2026-07-22,8.0,7415.0,146.45,0.1412,18.45,0.1421
2026-07-14,7530.62,2026-07-22,8.0,7420.0,142.2,0.1402,19.2,0.1411
2026-07-14,7530.62,2026-07-22,8.0,7425.0,138.25,0.14,19.95,0.1399
2026-07-14,7530.62,2026-07-22,8.0,7430.0,133.9,0.1385,20.85,0.1392
2026-07-14,7530.62,2026-07-22,8.0,7435.0,129.7,0.1374,21.75,0.1383
2026-07-14,7530.62,2026-07-22,8.0,7440.0,125.65,0.1366,22.6,0.1372
2026-07-14,7530.62,2026-07-22,8.0,7445.0,121.55,0.1355,23.6,0.1364
2026-07-14,7530.62,2026-07-22,8.0,7450.0,117.95,0.1357,24.55,0.1353
2026-07-14,7530.62,2026-07-22,8.0,7455.0,113.5,0.1335,25.6,0.1344
2026-07-14,7530.62,2026-07-22,8.0,7460.0,110.15,0.1341,26.6,0.1333
2026-07-14,7530.62,2026-07-22,8.0,7465.0,105.7,0.1316,27.8,0.1325
2026-07-14,7530.62,2026-07-22,8.0,7470.0,102.3,0.1318,28.85,0.1313
2026-07-14,7530.62,2026-07-22,8.0,7475.0,98.5,0.1308,30.2,0.1306
2026-07-14,7530.62,2026-07-22,8.0,7480.0,95.75,0.1323,31.4,0.1295
2026-07-14,7530.62,2026-07-22,8.0,7485.0,90.9,0.1285,32.65,0.1284
2026-07-14,7530.62,2026-07-22,8.0,7490.0,87.2,0.1274,34.0,0.1274
2026-07-14,7530.62,2026-07-22,8.0,7495.0,83.9,0.1271,35.45,0.1265
2026-07-14,7530.62,2026-07-22,8.0,7500.0,80.3,0.126,36.85,0.1253
2026-07-14,7530.62,2026-07-22,8.0,7505.0,76.8,0.1249,38.45,0.1245
2026-07-14,7530.62,2026-07-22,8.0,7510.0,73.4,0.124,40.05,0.1235
2026-07-14,7530.62,2026-07-22,8.0,7515.0,69.9,0.1226,41.65,0.1224
2026-07-14,7530.62,2026-07-22,8.0,7520.0,66.65,0.1217,43.25,0.1211
2026-07-14,7530.62,2026-07-22,8.0,7525.0,63.55,0.121,45.2,0.1205
2026-07-14,7530.62,2026-07-22,8.0,7530.0,60.5,0.1203,47.05,0.1195
2026-07-14,7530.62,2026-07-22,8.0,7535.0,57.5,0.1195,49.0,0.1185
2026-07-14,7530.62,2026-07-22,8.0,7540.0,54.25,0.1179,51.05,0.1176
2026-07-14,7530.62,2026-07-22,8.0,7545.0,51.5,0.1174,53.05,0.1164
2026-07-14,7530.62,2026-07-22,8.0,7550.0,48.6,0.1163,55.2,0.1154
2026-07-14,7530.62,2026-07-22,8.0,7555.0,45.8,0.1153,57.4,0.1143
2026-07-14,7530.62,2026-07-22,8.0,7560.0,43.25,0.1146,59.9,0.1137
2026-07-14,7530.62,2026-07-22,8.0,7565.0,40.55,0.1134,62.3,0.1127
2026-07-14,7530.62,2026-07-22,8.0,7570.0,38.1,0.1127,64.8,0.1117
2026-07-14,7530.62,2026-07-22,8.0,7575.0,35.7,0.1118,67.4,0.1108
2026-07-14,7530.62,2026-07-22,8.0,7580.0,33.45,0.1111,69.8,0.1091
2026-07-14,7530.62,2026-07-22,8.0,7585.0,31.2,0.1102,72.5,0.108
2026-07-14,7530.62,2026-07-22,8.0,7590.0,29.2,0.1097,75.4,0.1071
2026-07-14,7530.62,2026-07-22,8.0,7595.0,27.0,0.1085,78.3,0.1059
2026-07-14,7530.62,2026-07-22,8.0,7600.0,25.25,0.1082,81.4,0.1051
2026-07-14,7530.62,2026-07-22,8.0,7605.0,23.4,0.1074,84.5,0.104
2026-07-14,7530.62,2026-07-22,8.0,7610.0,21.65,0.1067,87.55,0.1024
2026-07-14,7530.62,2026-07-22,8.0,7615.0,19.85,0.1056,91.15,0.1022
2026-07-14,7530.62,2026-07-22,8.0,7620.0,18.25,0.1048,94.5,0.1009
2026-07-14,7530.62,2026-07-22,8.0,7625.0,16.9,0.1045,98.2,0.1004
2026-07-14,7530.62,2026-07-22,8.0,7630.0,15.45,0.1037,101.75,0.0992
2026-07-14,7530.62,2026-07-22,8.0,7635.0,14.05,0.1028,105.15,0.097
2026-07-14,7530.62,2026-07-22,8.0,7640.0,12.85,0.1022,109.2,0.0967
2026-07-14,7530.62,2026-07-22,8.0,7645.0,11.75,0.1018,112.9,0.0948
2026-07-14,7530.62,2026-07-22,8.0,7650.0,10.6,0.1009,116.9,0.0937
2026-07-14,7530.62,2026-07-22,8.0,7655.0,9.65,0.1005,120.75,0.0913
2026-07-14,7530.62,2026-07-22,8.0,7660.0,8.7,0.0998,125.05,0.0904
2026-07-14,7530.62,2026-07-22,8.0,7665.0,7.85,0.0992,128.95,0.0864
2026-07-14,7530.62,2026-07-22,8.0,7670.0,7.1,0.0989,133.3,0.084
2026-07-14,7530.62,2026-07-22,8.0,7675.0,6.35,0.0982,137.55,0.0765
2026-07-14,7530.62,2026-07-22,8.0,7680.0,5.65,0.0975,141.9,0.0779
2026-07-14,7530.62,2026-07-22,8.0,7685.0,5.05,0.0971,146.85,0.0801
2026-07-14,7530.62,2026-07-22,8.0,7690.0,4.5,0.0966,151.2,0.0822
2026-07-14,7530.62,2026-07-22,8.0,7695.0,4.0,0.0961,157.3,0.0843
2026-07-14,7530.62,2026-07-22,8.0,7700.0,3.55,0.0957,161.2,0.0863
2026-07-14,7530.62,2026-07-22,8.0,7705.0,3.2,0.0957,165.45,0.0884
2026-07-14,7530.62,2026-07-22,8.0,7710.0,2.8,0.0951,170.35,0.0905
2026-07-14,7530.62,2026-07-22,8.0,7715.0,2.5,0.095,173.8,0.0925
2026-07-14,7530.62,2026-07-22,8.0,7720.0,2.22,0.0948,178.05,0.0946
2026-07-14,7530.62,2026-07-22,8.0,7725.0,1.97,0.0947,183.5,0.0966
2026-07-14,7530.62,2026-07-22,8.0,7730.0,1.75,0.0945,188.45,0.0986
2026-07-14,7530.62,2026-07-22,8.0,7740.0,1.4,0.0947,198.15,0.1026
2026-07-14,7530.62,2026-07-22,8.0,7750.0,1.12,0.095,207.4,0.1066
2026-07-14,7530.62,2026-07-22,8.0,7760.0,0.93,0.0957,217.8,0.1105
2026-07-14,7530.62,2026-07-22,8.0,7770.0,0.77,0.0967,228.9,0.1145
2026-07-14,7530.62,2026-07-22,8.0,7775.0,0.68,0.0964,233.45,0.1164
2026-07-14,7530.62,2026-07-22,8.0,7780.0,0.62,0.0971,238.15,0.1184
2026-07-14,7530.62,2026-07-22,8.0,7790.0,0.55,0.0988,246.85,0.1222
2026-07-14,7530.62,2026-07-22,8.0,7800.0,0.48,0.1002,257.2,0.1261
2026-07-14,7530.62,2026-07-22,8.0,7825.0,0.38,0.1052,282.85,0.1356
2026-07-14,7530.62,2026-07-22,8.0,7850.0,0.3,0.1101,307.35,0.1449
2026-07-14,7530.62,2026-07-22,8.0,7875.0,0.28,0.1166,332.0,0.1542
2026-07-14,7530.62,2026-07-22,8.0,7900.0,0.22,0.1214,356.95,0.1633
2026-07-14,7530.62,2026-07-22,8.0,7925.0,0.22,0.1288,382.1,0.1723
2026-07-14,7530.62,2026-07-22,8.0,7950.0,0.17,0.1325,406.95,0.1812
2026-07-14,7530.62,2026-07-22,8.0,7975.0,0.17,0.1396,433.25,0.1901
2026-07-14,7530.62,2026-07-22,8.0,8000.0,0.17,0.1466,456.6,0.1988
2026-07-14,7530.62,2026-07-22,8.0,8025.0,0.17,0.1535,481.85,0.2075
2026-07-14,7530.62,2026-07-22,8.0,8050.0,0.15,0.158,507.6,0.216
2026-07-14,7530.62,2026-07-22,8.0,8075.0,0.15,0.1648,531.35,0.2245
2026-07-14,7530.62,2026-07-22,8.0,8100.0,0.15,0.1715,556.8,0.233
2026-07-14,7530.62,2026-07-22,8.0,8200.0,0.12,0.1946,656.4,0.2661
2026-07-14,7530.62,2026-07-22,8.0,8300.0,0.1,0.2158,757.15,0.2983
2026-07-14,7530.62,2026-07-22,8.0,8400.0,0.1,0.2402,857.0,0.3297
2026-07-14,7530.62,2026-07-22,8.0,8600.0,0.07,0.281,1056.6,0.3904
2026-07-14,7530.62,2026-07-23,9.0,5800.0,1741.7,0.3933,0.15,0.5398
2026-07-14,7530.62,2026-07-23,9.0,5900.0,1640.85,0.3772,0.22,0.5249
2026-07-14,7530.62,2026-07-23,9.0,6000.0,1541.45,0.3581,0.28,0.5006
2026-07-14,7530.62,2026-07-23,9.0,6100.0,1442.85,0.3377,0.3,0.471
2026-07-14,7530.62,2026-07-23,9.0,6200.0,1342.65,0.3163,0.35,0.4443
2026-07-14,7530.62,2026-07-23,9.0,6300.0,1242.45,0.2943,0.4,0.4165
2026-07-14,7530.62,2026-07-23,9.0,6325.0,1216.7,0.2721,0.42,0.4107
2026-07-14,7530.62,2026-07-23,9.0,6350.0,1192.75,0.2975,0.45,0.4046
2026-07-14,7530.62,2026-07-23,9.0,6375.0,1169.1,0.4273,0.48,0.3984
2026-07-14,7530.62,2026-07-23,9.0,6400.0,1142.05,0.272,0.48,0.39
2026-07-14,7530.62,2026-07-23,9.0,6425.0,1118.5,0.36,0.5,0.3837
2026-07-14,7530.62,2026-07-23,9.0,6450.0,1092.7,0.2729,0.53,0.3772
2026-07-14,7530.62,2026-07-23,9.0,6475.0,1068.0,0.2619,0.57,0.3724
2026-07-14,7530.62,2026-07-23,9.0,6500.0,1043.3,0.2494,0.57,0.3639
2026-07-14,7530.62,2026-07-23,9.0,6525.0,1018.2,0.2338,0.62,0.3587
2026-07-14,7530.62,2026-07-23,9.0,6550.0,992.8,0.2485,0.65,0.3517
2026-07-14,7530.62,2026-07-23,9.0,6575.0,969.65,0.3717,0.68,0.3446
2026-07-14,7530.62,2026-07-23,9.0,6600.0,942.8,0.2266,0.73,0.3388
2026-07-14,7530.62,2026-07-23,9.0,6625.0,918.15,0.2129,0.75,0.3315
2026-07-14,7530.62,2026-07-23,9.0,6650.0,894.1,0.3184,0.77,0.3241
2026-07-14,7530.62,2026-07-23,9.0,6675.0,868.0,0.2143,0.82,0.3179
2026-07-14,7530.62,2026-07-23,9.0,6700.0,843.75,0.2737,0.88,0.3114
2026-07-14,7530.62,2026-07-23,9.0,6725.0,817.75,0.1915,0.93,0.3047
2026-07-14,7530.62,2026-07-23,9.0,6750.0,793.15,0.1736,0.98,0.2979
2026-07-14,7530.62,2026-07-23,9.0,6775.0,768.6,0.2154,1.02,0.291
2026-07-14,7530.62,2026-07-23,9.0,6800.0,743.45,0.1807,1.1,0.2847
2026-07-14,7530.62,2026-07-23,9.0,6825.0,718.25,0.1697,1.18,0.2782
2026-07-14,7530.62,2026-07-23,9.0,6850.0,693.35,0.1553,1.25,0.2715
2026-07-14,7530.62,2026-07-23,9.0,6875.0,669.15,0.2352,1.32,0.2646
2026-07-14,7530.62,2026-07-23,9.0,6900.0,645.15,0.2597,1.43,0.2581
2026-07-14,7530.62,2026-07-23,9.0,6925.0,619.9,0.2437,1.52,0.2514
2026-07-14,7530.62,2026-07-23,9.0,6950.0,595.7,0.2519,1.68,0.2455
2026-07-14,7530.62,2026-07-23,9.0,6975.0,570.05,0.2284,1.82,0.2392
2026-07-14,7530.62,2026-07-23,9.0,7000.0,545.45,0.2275,1.97,0.2326
2026-07-14,7530.62,2026-07-23,9.0,7025.0,520.65,0.2214,2.17,0.2264
2026-07-14,7530.62,2026-07-23,9.0,7050.0,495.7,0.2125,2.42,0.2206
2026-07-14,7530.62,2026-07-23,9.0,7060.0,485.75,0.2094,2.53,0.2182
2026-07-14,7530.62,2026-07-23,9.0,7070.0,475.5,0.2011,2.62,0.2157
2026-07-14,7530.62,2026-07-23,9.0,7075.0,470.9,0.2059,2.67,0.2144
2026-07-14,7530.62,2026-07-23,9.0,7080.0,465.8,0.2023,2.75,0.2134
2026-07-14,7530.62,2026-07-23,9.0,7090.0,455.5,0.1933,2.88,0.211
2026-07-14,7530.62,2026-07-23,9.0,7100.0,446.7,0.2069,3.0,0.2085
2026-07-14,7530.62,2026-07-23,9.0,7110.0,436.7,0.2028,3.15,0.2063
2026-07-14,7530.62,2026-07-23,9.0,7120.0,426.5,0.1962,3.3,0.2039
2026-07-14,7530.62,2026-07-23,9.0,7125.0,421.7,0.1966,3.4,0.2029
2026-07-14,7530.62,2026-07-23,9.0,7130.0,416.7,0.1946,3.5,0.202
2026-07-14,7530.62,2026-07-23,9.0,7140.0,406.0,0.1815,3.65,0.1994
2026-07-14,7530.62,2026-07-23,9.0,7150.0,396.2,0.1802,3.85,0.1972
2026-07-14,7530.62,2026-07-23,9.0,7160.0,386.45,0.1793,4.05,0.1949
2026-07-14,7530.62,2026-07-23,9.0,7170.0,376.7,0.1781,4.3,0.1929
2026-07-14,7530.62,2026-07-23,9.0,7175.0,371.3,0.1713,4.45,0.1921
2026-07-14,7530.62,2026-07-23,9.0,7180.0,367.25,0.1798,4.55,0.1908
2026-07-14,7530.62,2026-07-23,9.0,7190.0,357.6,0.1789,4.85,0.1889
2026-07-14,7530.62,2026-07-23,9.0,7200.0,347.6,0.1746,5.15,0.1869
2026-07-14,7530.62,2026-07-23,9.0,7210.0,338.2,0.1756,5.45,0.1847
2026-07-14,7530.62,2026-07-23,9.0,7220.0,328.55,0.174,5.75,0.1823
2026-07-14,7530.62,2026-07-23,9.0,7225.0,323.65,0.1726,5.95,0.1815
2026-07-14,7530.62,2026-07-23,9.0,7230.0,318.7,0.1707,6.15,0.1805
2026-07-14,7530.62,2026-07-23,9.0,7235.0,314.55,0.1746,6.45,0.1802
2026-07-14,7530.62,2026-07-23,9.0,7240.0,309.4,0.1713,6.55,0.1785
2026-07-14,7530.62,2026-07-23,9.0,7245.0,304.7,0.1711,6.85,0.1781
2026-07-14,7530.62,2026-07-23,9.0,7250.0,299.65,0.1684,6.95,0.1763
2026-07-14,7530.62,2026-07-23,9.0,7255.0,295.15,0.1694,7.25,0.1757
2026-07-14,7530.62,2026-07-23,9.0,7260.0,290.2,0.1673,7.45,0.1745
2026-07-14,7530.62,2026-07-23,9.0,7265.0,284.95,0.1634,7.8,0.1741
2026-07-14,7530.62,2026-07-23,9.0,7270.0,280.95,0.1671,7.95,0.1725
2026-07-14,7530.62,2026-07-23,9.0,7275.0,276.2,0.1662,8.25,0.1717
2026-07-14,7530.62,2026-07-23,9.0,7280.0,270.65,0.1606,8.55,0.1709
2026-07-14,7530.62,2026-07-23,9.0,7285.0,267.75,0.1696,8.85,0.1699
2026-07-14,7530.62,2026-07-23,9.0,7290.0,262.9,0.1679,9.1,0.1687
2026-07-14,7530.62,2026-07-23,9.0,7295.0,258.15,0.1666,9.45,0.1679
2026-07-14,7530.62,2026-07-23,9.0,7300.0,253.5,0.1658,9.85,0.1673
2026-07-14,7530.62,2026-07-23,9.0,7305.0,248.8,0.1646,10.25,0.1666
2026-07-14,7530.62,2026-07-23,9.0,7310.0,244.25,0.1642,10.55,0.1654
2026-07-14,7530.62,2026-07-23,9.0,7315.0,239.85,0.1642,10.95,0.1646
2026-07-14,7530.62,2026-07-23,9.0,7320.0,235.0,0.1623,11.3,0.1635
2026-07-14,7530.62,2026-07-23,9.0,7325.0,230.45,0.1615,11.6,0.1621
2026-07-14,7530.62,2026-07-23,9.0,7330.0,225.85,0.1605,12.15,0.1617
2026-07-14,7530.62,2026-07-23,9.0,7335.0,221.55,0.1607,12.55,0.1606
2026-07-14,7530.62,2026-07-23,9.0,7340.0,217.05,0.1599,12.95,0.1595
2026-07-14,7530.62,2026-07-23,9.0,7345.0,212.5,0.1589,13.45,0.1587
2026-07-14,7530.62,2026-07-23,9.0,7350.0,207.65,0.1567,14.05,0.1581
2026-07-14,7530.62,2026-07-23,9.0,7355.0,203.55,0.1572,14.55,0.1572
2026-07-14,7530.62,2026-07-23,9.0,7360.0,198.95,0.1558,14.9,0.1556
2026-07-14,7530.62,2026-07-23,9.0,7365.0,194.55,0.1551,15.55,0.155
2026-07-14,7530.62,2026-07-23,9.0,7370.0,190.25,0.1546,16.15,0.1542
2026-07-14,7530.62,2026-07-23,9.0,7375.0,185.7,0.1532,16.7,0.1531
2026-07-14,7530.62,2026-07-23,9.0,7380.0,181.25,0.152,17.35,0.1523
2026-07-14,7530.62,2026-07-23,9.0,7385.0,177.0,0.1514,17.9,0.1511
2026-07-14,7530.62,2026-07-23,9.0,7390.0,172.65,0.1505,18.55,0.1501
2026-07-14,7530.62,2026-07-23,9.0,7395.0,168.45,0.1499,19.35,0.1495
2026-07-14,7530.62,2026-07-23,9.0,7400.0,164.1,0.1487,20.0,0.1484
2026-07-14,7530.62,2026-07-23,9.0,7405.0,159.55,0.1469,20.85,0.1478
2026-07-14,7530.62,2026-07-23,9.0,7410.0,155.3,0.1459,21.55,0.1466
2026-07-14,7530.62,2026-07-23,9.0,7415.0,151.3,0.1456,22.4,0.1458
2026-07-14,7530.62,2026-07-23,9.0,7420.0,146.85,0.1439,23.2,0.1448
2026-07-14,7530.62,2026-07-23,9.0,7425.0,142.9,0.1434,24.15,0.1441
2026-07-14,7530.62,2026-07-23,9.0,7430.0,138.7,0.1423,24.85,0.1426
2026-07-14,7530.62,2026-07-23,9.0,7435.0,134.75,0.1416,25.75,0.1416
2026-07-14,7530.62,2026-07-23,9.0,7440.0,131.0,0.1414,26.85,0.141
2026-07-14,7530.62,2026-07-23,9.0,7445.0,126.6,0.1395,27.95,0.1403
2026-07-14,7530.62,2026-07-23,9.0,7450.0,123.05,0.1396,28.85,0.139
2026-07-14,7530.62,2026-07-23,9.0,7455.0,118.8,0.1378,30.1,0.1384
2026-07-14,7530.62,2026-07-23,9.0,7460.0,115.4,0.138,31.2,0.1374
2026-07-14,7530.62,2026-07-23,9.0,7465.0,111.6,0.1372,32.25,0.1362
2026-07-14,7530.62,2026-07-23,9.0,7470.0,107.7,0.136,33.55,0.1355
2026-07-14,7530.62,2026-07-23,9.0,7475.0,103.9,0.1349,34.85,0.1346
2026-07-14,7530.62,2026-07-23,9.0,7480.0,100.3,0.1342,36.2,0.1338
2026-07-14,7530.62,2026-07-23,9.0,7485.0,96.5,0.1329,37.3,0.1322
2026-07-14,7530.62,2026-07-23,9.0,7490.0,93.0,0.1322,38.85,0.1316
2026-07-14,7530.62,2026-07-23,9.0,7495.0,89.5,0.1313,40.4,0.1309
2026-07-14,7530.62,2026-07-23,9.0,7500.0,86.0,0.1304,41.9,0.1299
2026-07-14,7530.62,2026-07-23,9.0,7505.0,82.5,0.1293,43.45,0.1289
2026-07-14,7530.62,2026-07-23,9.0,7510.0,79.1,0.1283,45.1,0.128
2026-07-14,7530.62,2026-07-23,9.0,7515.0,75.7,0.1272,46.7,0.1269
2026-07-14,7530.62,2026-07-23,9.0,7520.0,72.5,0.1265,48.45,0.126
2026-07-14,7530.62,2026-07-23,9.0,7525.0,69.4,0.1257,50.05,0.1246
2026-07-14,7530.62,2026-07-23,9.0,7530.0,66.25,0.1248,52.0,0.1238
2026-07-14,7530.62,2026-07-23,9.0,7535.0,63.05,0.1236,54.05,0.1231
2026-07-14,7530.62,2026-07-23,9.0,7540.0,60.2,0.123,56.05,0.1222
2026-07-14,7530.62,2026-07-23,9.0,7545.0,57.4,0.1224,58.1,0.1212
2026-07-14,7530.62,2026-07-23,9.0,7550.0,54.65,0.1217,60.3,0.1203
2026-07-14,7530.62,2026-07-23,9.0,7555.0,51.65,0.1203,62.5,0.1194
2026-07-14,7530.62,2026-07-23,9.0,7560.0,49.0,0.1196,64.9,0.1186
2026-07-14,7530.62,2026-07-23,9.0,7565.0,46.4,0.1188,67.4,0.118
2026-07-14,7530.62,2026-07-23,9.0,7570.0,43.7,0.1176,69.7,0.1167
2026-07-14,7530.62,2026-07-23,9.0,7575.0,41.4,0.1171,72.1,0.1155
2026-07-14,7530.62,2026-07-23,9.0,7580.0,38.9,0.1161,74.7,0.1146
2026-07-14,7530.62,2026-07-23,9.0,7585.0,36.6,0.1152,77.2,0.1132
2026-07-14,7530.62,2026-07-23,9.0,7590.0,34.5,0.1147,80.0,0.1123
2026-07-14,7530.62,2026-07-23,9.0,7595.0,32.25,0.1137,82.8,0.1113
2026-07-14,7530.62,2026-07-23,9.0,7600.0,30.25,0.113,85.8,0.1104
2026-07-14,7530.62,2026-07-23,9.0,7605.0,28.3,0.1123,88.8,0.1094
2026-07-14,7530.62,2026-07-23,9.0,7610.0,26.3,0.1113,91.9,0.1085
2026-07-14,7530.62,2026-07-23,9.0,7615.0,24.6,0.1108,95.05,0.1074
2026-07-14,7530.62,2026-07-23,9.0,7620.0,22.85,0.11,98.3,0.1063
2026-07-14,7530.62,2026-07-23,9.0,7625.0,21.2,0.1093,101.7,0.1054
2026-07-14,7530.62,2026-07-23,9.0,7630.0,19.6,0.1084,105.7,0.1059
2026-07-14,7530.62,2026-07-23,9.0,7635.0,18.1,0.1077,109.2,0.1049
2026-07-14,7530.62,2026-07-23,9.0,7640.0,16.8,0.1073,112.5,0.1029
2026-07-14,7530.62,2026-07-23,9.0,7645.0,15.4,0.1064,116.45,0.1027
2026-07-14,7530.62,2026-07-23,9.0,7650.0,14.2,0.1059,119.55,0.0993
2026-07-14,7530.62,2026-07-23,9.0,7655.0,12.95,0.105,123.35,0.0978
2026-07-14,7530.62,2026-07-23,9.0,7660.0,11.85,0.1044,127.55,0.0975
2026-07-14,7530.62,2026-07-23,9.0,7665.0,10.9,0.104,131.3,0.095
2026-07-14,7530.62,2026-07-23,9.0,7670.0,9.95,0.1035,135.35,0.0931
2026-07-14,7530.62,2026-07-23,9.0,7675.0,9.05,0.1029,139.1,0.0886
2026-07-14,7530.62,2026-07-23,9.0,7680.0,8.2,0.1022,143.25,0.0848
2026-07-14,7530.62,2026-07-23,9.0,7685.0,7.45,0.1018,147.45,0.0774
2026-07-14,7530.62,2026-07-23,9.0,7690.0,6.75,0.1013,151.8,0.0795
2026-07-14,7530.62,2026-07-23,9.0,7695.0,6.1,0.1008,156.0,0.0815
2026-07-14,7530.62,2026-07-23,9.0,7700.0,5.5,0.1003,160.4,0.0835
2026-07-14,7530.62,2026-07-23,9.0,7705.0,4.95,0.0999,164.9,0.0854
2026-07-14,7530.62,2026-07-23,9.0,7710.0,4.4,0.0992,169.5,0.0874
2026-07-14,7530.62,2026-07-23,9.0,7715.0,3.95,0.0988,174.25,0.0894
2026-07-14,7530.62,2026-07-23,9.0,7720.0,3.55,0.0985,178.85,0.0913
2026-07-14,7530.62,2026-07-23,9.0,7725.0,3.15,0.098,183.8,0.0933
2026-07-14,7530.62,2026-07-23,9.0,7730.0,2.85,0.0979,188.2,0.0952
2026-07-14,7530.62,2026-07-23,9.0,7740.0,2.27,0.0974,198.25,0.0991
2026-07-14,7530.62,2026-07-23,9.0,7750.0,1.85,0.0974,207.55,0.1029
2026-07-14,7530.62,2026-07-23,9.0,7760.0,1.48,0.0972,217.55,0.1067
2026-07-14,7530.62,2026-07-23,9.0,7770.0,1.23,0.0977,227.35,0.1104
2026-07-14,7530.62,2026-07-23,9.0,7775.0,1.1,0.0977,232.95,0.1123
2026-07-14,7530.62,2026-07-23,9.0,7780.0,0.98,0.0976,237.75,0.1142
2026-07-14,7530.62,2026-07-23,9.0,7790.0,0.82,0.0985,245.25,0.1179
2026-07-14,7530.62,2026-07-23,9.0,7800.0,0.73,0.0999,257.9,0.1216
2026-07-14,7530.62,2026-07-23,9.0,7825.0,0.53,0.1033,282.05,0.1307
2026-07-14,7530.62,2026-07-23,9.0,7850.0,0.38,0.1064,306.35,0.1396
2026-07-14,7530.62,2026-07-23,9.0,7875.0,0.33,0.1119,331.3,0.1485
2026-07-14,7530.62,2026-07-23,9.0,7900.0,0.28,0.1169,356.1,0.1572
2026-07-14,7530.62,2026-07-23,9.0,7925.0,0.22,0.1212,382.1,0.1659
2026-07-14,7530.62,2026-07-23,9.0,7950.0,0.22,0.1281,406.5,0.1744
2026-07-14,7530.62,2026-07-23,9.0,7975.0,0.22,0.1349,431.3,0.1828
2026-07-14,7530.62,2026-07-23,9.0,8000.0,0.17,0.138,456.0,0.1912
2026-07-14,7530.62,2026-07-23,9.0,8025.0,0.17,0.1446,482.3,0.1995
2026-07-14,7530.62,2026-07-23,9.0,8050.0,0.17,0.1511,506.1,0.2077
2026-07-14,7530.62,2026-07-23,9.0,8075.0,0.17,0.1575,532.25,0.2158
2026-07-14,7530.62,2026-07-23,9.0,8100.0,0.17,0.1639,555.65,0.2239
2026-07-14,7530.62,2026-07-23,9.0,8200.0,0.12,0.1833,654.05,0.2556
2026-07-14,7530.62,2026-07-23,9.0,8300.0,0.12,0.2073,756.65,0.2864
2026-07-14,7530.62,2026-07-23,9.0,8400.0,0.1,0.2263,856.55,0.3163
2026-07-14,7530.62,2026-07-23,9.0,8600.0,0.07,0.2648,1056.1,0.3743
2026-07-14,7530.62,2026-07-24,10.0,5700.0,1842.35,0.428,0.2,0.5569
2026-07-14,7530.62,2026-07-24,10.0,5800.0,1742.4,0.4057,0.25,0.535
2026-07-14,7530.62,2026-07-24,10.0,5900.0,1642.5,0.3832,0.25,0.5028
2026-07-14,7530.62,2026-07-24,10.0,5950.0,1592.6,0.3719,0.3,0.4949
2026-07-14,7530.62,2026-07-24,10.0,6000.0,1542.95,0.3605,0.3,0.4789
2026-07-14,7530.62,2026-07-24,10.0,6025.0,1518.25,0.3225,0.35,0.4777
2026-07-14,7530.62,2026-07-24,10.0,6050.0,1492.95,0.3491,0.35,0.4696
2026-07-14,7530.62,2026-07-24,10.0,6075.0,1468.05,0.3152,0.35,0.4616
2026-07-14,7530.62,2026-07-24,10.0,6100.0,1443.05,0.3377,0.38,0.4565
2026-07-14,7530.62,2026-07-24,10.0,6125.0,1418.05,0.3071,0.38,0.4485
2026-07-14,7530.62,2026-07-24,10.0,6150.0,1393.05,0.3262,0.38,0.4405
2026-07-14,7530.62,2026-07-24,10.0,6175.0,1368.3,0.2983,0.42,0.4378
2026-07-14,7530.62,2026-07-24,10.0,6200.0,1343.55,0.3148,0.45,0.4322
2026-07-14,7530.62,2026-07-24,10.0,6225.0,1319.7,0.4629,0.45,0.4241
2026-07-14,7530.62,2026-07-24,10.0,6250.0,1294.6,0.4476,0.48,0.4183
2026-07-14,7530.62,2026-07-24,10.0,6275.0,1269.45,0.4287,0.5,0.4124
2026-07-14,7530.62,2026-07-24,10.0,6300.0,1243.15,0.2919,0.53,0.4063
2026-07-14,7530.62,2026-07-24,10.0,6325.0,1218.95,0.3584,0.55,0.4002
2026-07-14,7530.62,2026-07-24,10.0,6350.0,1194.95,0.4255,0.55,0.392
2026-07-14,7530.62,2026-07-24,10.0,6375.0,1170.05,0.42,0.57,0.3858
2026-07-14,7530.62,2026-07-24,10.0,6400.0,1144.0,0.3318,0.62,0.381
2026-07-14,7530.62,2026-07-24,10.0,6425.0,1119.65,0.3818,0.62,0.3729
2026-07-14,7530.62,2026-07-24,10.0,6450.0,1093.8,0.2575,0.68,0.3678
2026-07-14,7530.62,2026-07-24,10.0,6475.0,1069.9,0.375,0.7,0.3611
2026-07-14,7530.62,2026-07-24,10.0,6500.0,1044.2,0.3176,0.73,0.3543
2026-07-14,7530.62,2026-07-24,10.0,6525.0,1020.45,0.3768,0.77,0.3487
2026-07-14,7530.62,2026-07-24,10.0,6550.0,994.1,0.2788,0.8,0.3417
2026-07-14,7530.62,2026-07-24,10.0,6575.0,970.5,0.3593,0.85,0.3358
2026-07-14,7530.62,2026-07-24,10.0,6600.0,944.3,0.2878,0.88,0.3287
2026-07-14,7530.62,2026-07-24,10.0,6620.0,924.85,0.3179,0.93,0.3242
2026-07-14,7530.62,2026-07-24,10.0,6625.0,919.2,0.2632,0.93,0.3225
2026-07-14,7530.62,2026-07-24,10.0,6630.0,915.55,0.34,0.93,0.3208
2026-07-14,7530.62,2026-07-24,10.0,6640.0,904.5,0.2901,0.98,0.3195
2026-07-14,7530.62,2026-07-24,10.0,6650.0,894.6,0.2931,0.98,0.3162
2026-07-14,7530.62,2026-07-24,10.0,6660.0,884.9,0.3052,1.0,0.3138
2026-07-14,7530.62,2026-07-24,10.0,6670.0,875.05,0.3079,1.02,0.3114
2026-07-14,7530.62,2026-07-24,10.0,6675.0,870.5,0.3215,1.02,0.3097
2026-07-14,7530.62,2026-07-24,10.0,6680.0,864.6,0.2818,1.05,0.309
2026-07-14,7530.62,2026-07-24,10.0,6690.0,855.1,0.3024,1.07,0.3065
2026-07-14,7530.62,2026-07-24,10.0,6700.0,844.3,0.2462,1.07,0.3031
2026-07-14,7530.62,2026-07-24,10.0,6710.0,834.7,0.2766,1.12,0.3015
2026-07-14,7530.62,2026-07-24,10.0,6720.0,824.7,0.2729,1.12,0.2981
2026-07-14,7530.62,2026-07-24,10.0,6725.0,819.95,0.2834,1.15,0.2972
2026-07-14,7530.62,2026-07-24,10.0,6730.0,815.3,0.2947,1.18,0.2963
2026-07-14,7530.62,2026-07-24,10.0,6740.0,804.65,0.2626,1.18,0.2929
2026-07-14,7530.62,2026-07-24,10.0,6750.0,794.75,0.2646,1.23,0.2911
2026-07-14,7530.62,2026-07-24,10.0,6760.0,785.6,0.2926,1.25,0.2884
2026-07-14,7530.62,2026-07-24,10.0,6770.0,774.75,0.2572,1.27,0.2858
2026-07-14,7530.62,2026-07-24,10.0,6775.0,770.05,0.2691,1.27,0.2841
2026-07-14,7530.62,2026-07-24,10.0,6780.0,766.75,0.3107,1.3,0.2831
2026-07-14,7530.62,2026-07-24,10.0,6790.0,755.5,0.2786,1.32,0.2803
2026-07-14,7530.62,2026-07-24,10.0,6800.0,744.95,0.2559,1.38,0.2783
2026-07-14,7530.62,2026-07-24,10.0,6810.0,736.1,0.2862,1.4,0.2755
2026-07-14,7530.62,2026-07-24,10.0,6820.0,726.15,0.2835,1.43,0.2727
2026-07-14,7530.62,2026-07-24,10.0,6825.0,719.85,0.2423,1.45,0.2716
2026-07-14,7530.62,2026-07-24,10.0,6830.0,716.0,0.2765,1.48,0.2705
2026-07-14,7530.62,2026-07-24,10.0,6840.0,706.05,0.2738,1.52,0.2683
2026-07-14,7530.62,2026-07-24,10.0,6850.0,694.85,0.2332,1.55,0.2654
2026-07-14,7530.62,2026-07-24,10.0,6860.0,686.6,0.2772,1.6,0.263
2026-07-14,7530.62,2026-07-24,10.0,6870.0,676.35,0.2687,1.62,0.2601
2026-07-14,7530.62,2026-07-24,10.0,6875.0,672.25,0.2822,1.68,0.2595
2026-07-14,7530.62,2026-07-24,10.0,6880.0,665.4,0.2427,1.68,0.2577
2026-07-14,7530.62,2026-07-24,10.0,6890.0,657.0,0.2725,1.73,0.2553
2026-07-14,7530.62,2026-07-24,10.0,6900.0,646.1,0.2524,1.77,0.2528
2026-07-14,7530.62,2026-07-24,10.0,6910.0,635.95,0.2455,1.85,0.2507
2026-07-14,7530.62,2026-07-24,10.0,6920.0,626.55,0.2534,1.9,0.2481
2026-07-14,7530.62,2026-07-24,10.0,6925.0,620.05,0.2148,1.93,0.2468
2026-07-14,7530.62,2026-07-24,10.0,6930.0,616.85,0.2546,1.97,0.246
2026-07-14,7530.62,2026-07-24,10.0,6940.0,606.5,0.245,2.02,0.2433
2026-07-14,7530.62,2026-07-24,10.0,6950.0,595.85,0.2285,2.08,0.2406
2026-07-14,7530.62,2026-07-24,10.0,6960.0,587.5,0.2526,2.17,0.2387
2026-07-14,7530.62,2026-07-24,10.0,6970.0,577.3,0.2459,2.22,0.2359
2026-07-14,7530.62,2026-07-24,10.0,6975.0,571.15,0.2254,2.28,0.2349
2026-07-14,7530.62,2026-07-24,10.0,6980.0,567.15,0.2399,2.33,0.2338
2026-07-14,7530.62,2026-07-24,10.0,6990.0,557.9,0.2458,2.42,0.2317
2026-07-14,7530.62,2026-07-24,10.0,7000.0,550.0,0.2637,2.47,0.2288
2026-07-14,7530.62,2026-07-24,10.0,7010.0,537.5,0.233,2.58,0.2265
2026-07-14,7530.62,2026-07-24,10.0,7020.0,526.2,0.2096,2.67,0.2242
2026-07-14,7530.62,2026-07-24,10.0,7025.0,522.6,0.2283,2.75,0.2233
2026-07-14,7530.62,2026-07-24,10.0,7030.0,517.65,0.227,2.83,0.2224
2026-07-14,7530.62,2026-07-24,10.0,7040.0,507.8,0.2248,2.92,0.22
2026-07-14,7530.62,2026-07-24,10.0,7050.0,498.15,0.2248,3.03,0.2174
2026-07-14,7530.62,2026-07-24,10.0,7060.0,488.45,0.224,3.2,0.2157
2026-07-14,7530.62,2026-07-24,10.0,7070.0,478.55,0.221,3.3,0.213
2026-07-14,7530.62,2026-07-24,10.0,7075.0,473.65,0.22,3.4,0.2122
2026-07-14,7530.62,2026-07-24,10.0,7080.0,467.15,0.2012,3.5,0.2113
2026-07-14,7530.62,2026-07-24,10.0,7085.0,463.25,0.2119,3.55,0.2099
2026-07-14,7530.62,2026-07-24,10.0,7090.0,458.55,0.2129,3.6,0.2085
2026-07-14,7530.62,2026-07-24,10.0,7095.0,453.55,0.2108,3.7,0.2076
2026-07-14,7530.62,2026-07-24,10.0,7100.0,448.65,0.2098,3.8,0.2066
2026-07-14,7530.62,2026-07-24,10.0,7105.0,442.75,0.1986,3.9,0.2057
2026-07-14,7530.62,2026-07-24,10.0,7110.0,437.85,0.1977,4.0,0.2046
2026-07-14,7530.62,2026-07-24,10.0,7115.0,433.85,0.2055,4.1,0.2036
2026-07-14,7530.62,2026-07-24,10.0,7120.0,428.2,0.1973,4.2,0.2025
2026-07-14,7530.62,2026-07-24,10.0,7125.0,423.45,0.1977,4.3,0.2014
2026-07-14,7530.62,2026-07-24,10.0,7130.0,418.15,0.1928,4.4,0.2003
2026-07-14,7530.62,2026-07-24,10.0,7135.0,413.7,0.196,4.5,0.1992
2026-07-14,7530.62,2026-07-24,10.0,7140.0,408.25,0.1897,4.6,0.198
2026-07-14,7530.62,2026-07-24,10.0,7145.0,403.95,0.1941,4.75,0.1972
2026-07-14,7530.62,2026-07-24,10.0,7150.0,399.1,0.1933,4.85,0.196
2026-07-14,7530.62,2026-07-24,10.0,7155.0,393.65,0.1873,5.0,0.1951
2026-07-14,7530.62,2026-07-24,10.0,7160.0,388.8,0.1866,5.1,0.1939
2026-07-14,7530.62,2026-07-24,10.0,7165.0,384.5,0.1903,5.25,0.1929
2026-07-14,7530.62,2026-07-24,10.0,7170.0,379.7,0.1898,5.4,0.192
2026-07-14,7530.62,2026-07-24,10.0,7175.0,375.1,0.1906,5.6,0.1913
2026-07-14,7530.62,2026-07-24,10.0,7180.0,370.3,0.19,5.75,0.1903
2026-07-14,7530.62,2026-07-24,10.0,7185.0,365.2,0.1871,5.85,0.1889
2026-07-14,7530.62,2026-07-24,10.0,7190.0,360.65,0.1881,6.1,0.1885
2026-07-14,7530.62,2026-07-24,10.0,7195.0,355.85,0.1872,6.2,0.187
2026-07-14,7530.62,2026-07-24,10.0,7200.0,350.6,0.1834,6.4,0.1861
2026-07-14,7530.62,2026-07-24,10.0,7205.0,346.2,0.1851,6.55,0.1849
2026-07-14,7530.62,2026-07-24,10.0,7210.0,341.45,0.1845,6.75,0.184
2026-07-14,7530.62,2026-07-24,10.0,7215.0,336.4,0.182,6.95,0.1831
2026-07-14,7530.62,2026-07-24,10.0,7220.0,331.8,0.1822,7.25,0.1826
2026-07-14,7530.62,2026-07-24,10.0,7225.0,326.95,0.1808,7.4,0.1813
2026-07-14,7530.62,2026-07-24,10.0,7230.0,322.2,0.18,7.65,0.1805
2026-07-14,7530.62,2026-07-24,10.0,7235.0,317.55,0.1797,7.85,0.1794
2026-07-14,7530.62,2026-07-24,10.0,7240.0,312.7,0.1782,8.15,0.1787
2026-07-14,7530.62,2026-07-24,10.0,7245.0,307.95,0.1773,8.35,0.1775
2026-07-14,7530.62,2026-07-24,10.0,7250.0,303.25,0.1765,8.65,0.1768
2026-07-14,7530.62,2026-07-24,10.0,7255.0,298.5,0.1755,8.9,0.1758
2026-07-14,7530.62,2026-07-24,10.0,7260.0,293.6,0.1737,9.15,0.1747
2026-07-14,7530.62,2026-07-24,10.0,7265.0,290.6,0.1808,9.45,0.1738
2026-07-14,7530.62,2026-07-24,10.0,7270.0,285.35,0.1773,9.75,0.1729
2026-07-14,7530.62,2026-07-24,10.0,7275.0,280.65,0.1762,10.1,0.1722
2026-07-14,7530.62,2026-07-24,10.0,7280.0,276.0,0.1753,10.45,0.1714
2026-07-14,7530.62,2026-07-24,10.0,7285.0,271.3,0.1741,10.75,0.1703
2026-07-14,7530.62,2026-07-24,10.0,7290.0,266.7,0.1733,11.15,0.1696
2026-07-14,7530.62,2026-07-24,10.0,7295.0,262.05,0.1723,11.5,0.1686
2026-07-14,7530.62,2026-07-24,10.0,7300.0,257.75,0.1726,11.8,0.1674
2026-07-14,7530.62,2026-07-24,10.0,7305.0,252.85,0.1704,12.2,0.1665
2026-07-14,7530.62,2026-07-24,10.0,7310.0,248.25,0.1694,12.6,0.1656
2026-07-14,7530.62,2026-07-24,10.0,7315.0,243.95,0.1695,13.05,0.1649
2026-07-14,7530.62,2026-07-24,10.0,7320.0,239.0,0.1671,13.55,0.1642
2026-07-14,7530.62,2026-07-24,10.0,7325.0,234.9,0.1677,13.95,0.1631
2026-07-14,7530.62,2026-07-24,10.0,7330.0,230.25,0.1663,14.45,0.1623
2026-07-14,7530.62,2026-07-24,10.0,7335.0,225.8,0.1656,14.85,0.1611
2026-07-14,7530.62,2026-07-24,10.0,7340.0,221.3,0.1646,15.35,0.1602
2026-07-14,7530.62,2026-07-24,10.0,7345.0,216.8,0.1635,15.9,0.1595
2026-07-14,7530.62,2026-07-24,10.0,7350.0,212.2,0.1621,16.4,0.1584
2026-07-14,7530.62,2026-07-24,10.0,7355.0,207.5,0.1603,16.9,0.1574
2026-07-14,7530.62,2026-07-24,10.0,7360.0,203.45,0.1605,17.5,0.1565
2026-07-14,7530.62,2026-07-24,10.0,7365.0,199.1,0.1597,18.1,0.1556
2026-07-14,7530.62,2026-07-24,10.0,7370.0,194.6,0.1584,18.8,0.155
2026-07-14,7530.62,2026-07-24,10.0,7375.0,190.25,0.1574,19.55,0.1544
2026-07-14,7530.62,2026-07-24,10.0,7380.0,186.0,0.1567,20.1,0.1532
2026-07-14,7530.62,2026-07-24,10.0,7385.0,181.55,0.1554,20.75,0.1522
2026-07-14,7530.62,2026-07-24,10.0,7390.0,177.3,0.1545,21.4,0.1511
2026-07-14,7530.62,2026-07-24,10.0,7395.0,172.75,0.1527,22.3,0.1506
2026-07-14,7530.62,2026-07-24,10.0,7400.0,168.85,0.1527,23.0,0.1496
2026-07-14,7530.62,2026-07-24,10.0,7405.0,164.35,0.151,23.8,0.1487
2026-07-14,7530.62,2026-07-24,10.0,7410.0,160.3,0.1504,24.55,0.1476
2026-07-14,7530.62,2026-07-24,10.0,7415.0,156.0,0.149,25.45,0.1468
2026-07-14,7530.62,2026-07-24,10.0,7420.0,152.0,0.1484,26.4,0.1461
2026-07-14,7530.62,2026-07-24,10.0,7425.0,147.9,0.1474,27.15,0.1448
2026-07-14,7530.62,2026-07-24,10.0,7430.0,144.0,0.1469,28.2,0.1441
2026-07-14,7530.62,2026-07-24,10.0,7435.0,139.9,0.1458,29.2,0.1433
2026-07-14,7530.62,2026-07-24,10.0,7440.0,136.05,0.1452,30.2,0.1423
2026-07-14,7530.62,2026-07-24,10.0,7445.0,131.75,0.1434,31.2,0.1413
2026-07-14,7530.62,2026-07-24,10.0,7450.0,128.15,0.1432,32.15,0.1401
2026-07-14,7530.62,2026-07-24,10.0,7455.0,124.0,0.1416,33.45,0.1396
2026-07-14,7530.62,2026-07-24,10.0,7460.0,120.5,0.1415,34.6,0.1386
2026-07-14,7530.62,2026-07-24,10.0,7465.0,116.7,0.1405,35.6,0.1373
2026-07-14,7530.62,2026-07-24,10.0,7470.0,112.9,0.1395,36.8,0.1362
2026-07-14,7530.62,2026-07-24,10.0,7475.0,109.3,0.1388,38.25,0.1357
2026-07-14,7530.62,2026-07-24,10.0,7480.0,105.6,0.1378,39.6,0.1348
2026-07-14,7530.62,2026-07-24,10.0,7485.0,101.9,0.1367,40.9,0.1337
2026-07-14,7530.62,2026-07-24,10.0,7490.0,98.3,0.1357,42.25,0.1326
2026-07-14,7530.62,2026-07-24,10.0,7495.0,95.8,0.1369,43.8,0.1319
2026-07-14,7530.62,2026-07-24,10.0,7500.0,91.35,0.134,45.4,0.1311
2026-07-14,7530.62,2026-07-24,10.0,7505.0,87.9,0.133,46.9,0.13
2026-07-14,7530.62,2026-07-24,10.0,7510.0,84.5,0.132,48.45,0.1289
2026-07-14,7530.62,2026-07-24,10.0,7515.0,81.1,0.1309,50.2,0.1281
2026-07-14,7530.62,2026-07-24,10.0,7520.0,77.9,0.1301,51.9,0.1271
2026-07-14,7530.62,2026-07-24,10.0,7525.0,74.7,0.1292,53.7,0.1262
2026-07-14,7530.62,2026-07-24,10.0,7530.0,71.5,0.1282,55.4,0.1249
2026-07-14,7530.62,2026-07-24,10.0,7535.0,68.45,0.1273,57.25,0.1239
2026-07-14,7530.62,2026-07-24,10.0,7540.0,65.65,0.1269,59.45,0.1234
2026-07-14,7530.62,2026-07-24,10.0,7545.0,62.45,0.1255,61.45,0.1223
2026-07-14,7530.62,2026-07-24,10.0,7550.0,59.6,0.1247,63.55,0.1214
2026-07-14,7530.62,2026-07-24,10.0,7555.0,56.9,0.124,65.7,0.1203
2026-07-14,7530.62,2026-07-24,10.0,7560.0,54.0,0.1229,68.1,0.1197
2026-07-14,7530.62,2026-07-24,10.0,7565.0,51.3,0.1219,70.3,0.1185
2026-07-14,7530.62,2026-07-24,10.0,7570.0,48.85,0.1214,72.7,0.1176
2026-07-14,7530.62,2026-07-24,10.0,7575.0,46.15,0.1202,74.9,0.1161
2026-07-14,7530.62,2026-07-24,10.0,7580.0,43.7,0.1194,77.6,0.1155
2026-07-14,7530.62,2026-07-24,10.0,7585.0,41.3,0.1185,80.2,0.1145
2026-07-14,7530.62,2026-07-24,10.0,7590.0,39.0,0.1177,83.0,0.1138
2026-07-14,7530.62,2026-07-24,10.0,7595.0,36.9,0.1172,85.4,0.112
2026-07-14,7530.62,2026-07-24,10.0,7600.0,34.8,0.1165,88.3,0.1111
2026-07-14,7530.62,2026-07-24,10.0,7605.0,32.65,0.1156,91.2,0.1101
2026-07-14,7530.62,2026-07-24,10.0,7610.0,30.6,0.1147,94.2,0.1091
2026-07-14,7530.62,2026-07-24,10.0,7615.0,28.8,0.1142,97.2,0.1079
2026-07-14,7530.62,2026-07-24,10.0,7620.0,26.85,0.1132,100.5,0.1072
2026-07-14,7530.62,2026-07-24,10.0,7625.0,25.15,0.1126,103.5,0.1055
2026-07-14,7530.62,2026-07-24,10.0,7630.0,23.45,0.1118,107.0,0.1048
2026-07-14,7530.62,2026-07-24,10.0,7635.0,21.75,0.1109,110.95,0.1052
2026-07-14,7530.62,2026-07-24,10.0,7640.0,20.2,0.1101,114.15,0.1033
2026-07-14,7530.62,2026-07-24,10.0,7645.0,18.8,0.1096,118.0,0.103
2026-07-14,7530.62,2026-07-24,10.0,7650.0,17.45,0.109,120.9,0.0996
2026-07-14,7530.62,2026-07-24,10.0,7655.0,16.05,0.108,124.8,0.0988
2026-07-14,7530.62,2026-07-24,10.0,7660.0,14.9,0.1076,128.35,0.0966
2026-07-14,7530.62,2026-07-24,10.0,7665.0,13.7,0.1069,132.15,0.0948
2026-07-14,7530.62,2026-07-24,10.0,7670.0,12.6,0.1063,136.05,0.0928
2026-07-14,7530.62,2026-07-24,10.0,7675.0,11.65,0.1059,139.95,0.0901
2026-07-14,7530.62,2026-07-24,10.0,7680.0,10.5,0.1047,144.0,0.0872
2026-07-14,7530.62,2026-07-24,10.0,7685.0,9.7,0.1045,148.05,0.0824
2026-07-14,7530.62,2026-07-24,10.0,7690.0,8.85,0.1039,152.2,0.0772
2026-07-14,7530.62,2026-07-24,10.0,7695.0,8.1,0.1035,156.4,0.0791
2026-07-14,7530.62,2026-07-24,10.0,7700.0,7.35,0.1028,160.65,0.081
2026-07-14,7530.62,2026-07-24,10.0,7705.0,6.65,0.1022,,
2026-07-14,7530.62,2026-07-24,10.0,7710.0,6.05,0.1018,,
2026-07-14,7530.62,2026-07-24,10.0,7715.0,5.45,0.1012,,
2026-07-14,7530.62,2026-07-24,10.0,7720.0,4.95,0.1009,179.8,0.0886
2026-07-14,7530.62,2026-07-24,10.0,7725.0,4.4,0.1001,184.4,0.0905
2026-07-14,7530.62,2026-07-24,10.0,7730.0,4.05,0.1002,189.0,0.0924
2026-07-14,7530.62,2026-07-24,10.0,7735.0,3.6,0.0995,193.45,0.0942
2026-07-14,7530.62,2026-07-24,10.0,7740.0,3.2,0.0989,196.65,0.0961
2026-07-14,7530.62,2026-07-24,10.0,7745.0,2.92,0.0989,201.95,0.0979
2026-07-14,7530.62,2026-07-24,10.0,7750.0,2.62,0.0986,,
2026-07-14,7530.62,2026-07-24,10.0,7755.0,2.38,0.0985,211.35,0.1016
2026-07-14,7530.62,2026-07-24,10.0,7760.0,2.12,0.0982,,
2026-07-14,7530.62,2026-07-24,10.0,7765.0,1.93,0.0982,221.65,0.1052
2026-07-14,7530.62,2026-07-24,10.0,7770.0,1.75,0.0983,225.4,0.107
2026-07-14,7530.62,2026-07-24,10.0,7775.0,1.57,0.0982,230.55,0.1088
2026-07-14,7530.62,2026-07-24,10.0,7780.0,1.43,0.0982,236.6,0.1106
2026-07-14,7530.62,2026-07-24,10.0,7785.0,1.3,0.0984,240.75,0.1124
2026-07-14,7530.62,2026-07-24,10.0,7790.0,1.18,0.0984,246.0,0.1142
2026-07-14,7530.62,2026-07-24,10.0,7795.0,1.07,0.0987,250.1,0.116
2026-07-14,7530.62,2026-07-24,10.0,7800.0,1.0,0.0992,255.8,0.1177
2026-07-14,7530.62,2026-07-24,10.0,7810.0,0.85,0.0999,265.95,0.1213
2026-07-14,7530.62,2026-07-24,10.0,7820.0,0.7,0.1002,274.35,0.1248
2026-07-14,7530.62,2026-07-24,10.0,7825.0,0.65,0.1007,279.55,0.1265
2026-07-14,7530.62,2026-07-24,10.0,7830.0,0.6,0.1011,285.65,0.1282
2026-07-14,7530.62,2026-07-24,10.0,7840.0,0.55,0.1028,295.05,0.1317
2026-07-14,7530.62,2026-07-24,10.0,7850.0,0.47,0.1038,304.95,0.1351
2026-07-14,7530.62,2026-07-24,10.0,7860.0,0.43,0.1052,315.4,0.1386
2026-07-14,7530.62,2026-07-24,10.0,7870.0,0.4,0.1072,324.0,0.142
2026-07-14,7530.62,2026-07-24,10.0,7875.0,0.35,0.1069,329.25,0.1437
2026-07-14,7530.62,2026-07-24,10.0,7880.0,0.35,0.1083,334.4,0.1454
2026-07-14,7530.62,2026-07-24,10.0,7890.0,0.32,0.1101,345.3,0.1487
2026-07-14,7530.62,2026-07-24,10.0,7900.0,0.3,0.1118,353.95,0.1521
2026-07-14,7530.62,2026-07-24,10.0,7910.0,0.3,0.1145,364.7,0.1554
2026-07-14,7530.62,2026-07-24,10.0,7920.0,0.25,0.1148,375.3,0.1587
2026-07-14,7530.62,2026-07-24,10.0,7925.0,0.25,0.1161,379.45,0.1604
2026-07-14,7530.62,2026-07-24,10.0,7930.0,0.25,0.1174,385.25,0.162
2026-07-14,7530.62,2026-07-24,10.0,7940.0,0.25,0.1201,395.1,0.1653
2026-07-14,7530.62,2026-07-24,10.0,7950.0,0.25,0.1227,405.6,0.1686
2026-07-14,7530.62,2026-07-24,10.0,7960.0,0.25,0.1253,415.55,0.1719
2026-07-14,7530.62,2026-07-24,10.0,7970.0,0.22,0.1265,424.55,0.1751
2026-07-14,7530.62,2026-07-24,10.0,7975.0,0.2,0.1262,428.7,0.1767
2026-07-14,7530.62,2026-07-24,10.0,7980.0,0.2,0.1275,435.0,0.1783
2026-07-14,7530.62,2026-07-24,10.0,7990.0,0.2,0.13,445.0,0.1816
2026-07-14,7530.62,2026-07-24,10.0,8000.0,0.2,0.1325,456.15,0.1848
2026-07-14,7530.62,2026-07-24,10.0,8010.0,0.2,0.135,465.1,0.188
2026-07-14,7530.62,2026-07-24,10.0,8020.0,0.2,0.1376,473.75,0.1911
2026-07-14,7530.62,2026-07-24,10.0,8025.0,0.2,0.1388,478.65,0.1927
2026-07-14,7530.62,2026-07-24,10.0,8030.0,0.2,0.1401,484.9,0.1943
2026-07-14,7530.62,2026-07-24,10.0,8050.0,0.2,0.1451,504.1,0.2006
2026-07-14,7530.62,2026-07-24,10.0,8075.0,0.2,0.1513,528.5,0.2084
2026-07-14,7530.62,2026-07-24,10.0,8100.0,0.17,0.1553,,
2026-07-14,7530.62,2026-07-24,10.0,8125.0,0.15,0.159,578.75,0.2239
2026-07-14,7530.62,2026-07-24,10.0,8150.0,0.15,0.1649,603.8,0.2315
2026-07-14,7530.62,2026-07-24,10.0,8175.0,0.15,0.1708,629.75,0.2391
2026-07-14,7530.62,2026-07-24,10.0,8200.0,0.15,0.1767,654.25,0.2466
2026-07-14,7530.62,2026-07-24,10.0,8225.0,0.15,0.1825,,
2026-07-14,7530.62,2026-07-24,10.0,8250.0,0.15,0.1883,702.85,0.2615
2026-07-14,7530.62,2026-07-24,10.0,8275.0,0.12,0.1908,729.6,0.2689
2026-07-14,7530.62,2026-07-24,10.0,8300.0,0.1,0.1926,753.9,0.2762
2026-07-14,7530.62,2026-07-24,10.0,8325.0,0.12,0.2021,779.45,0.2835
2026-07-14,7530.62,2026-07-24,10.0,8350.0,0.1,0.2036,803.4,0.2907
2026-07-14,7530.62,2026-07-24,10.0,8400.0,0.1,0.2145,854.4,0.305
2026-07-14,7530.62,2026-07-24,10.0,8500.0,0.1,0.236,953.75,0.3332
2026-07-14,7530.62,2026-07-24,10.0,8600.0,0.07,0.251,1052.65,0.3607
2026-07-14,7530.62,2026-07-27,13.0,5800.0,1743.1,0.3619,0.33,0.4808
2026-07-14,7530.62,2026-07-27,13.0,5900.0,1643.45,0.342,0.38,0.4581
2026-07-14,7530.62,2026-07-27,13.0,6000.0,1543.65,0.3218,0.42,0.4345
2026-07-14,7530.62,2026-07-27,13.0,6100.0,1443.85,0.3016,0.5,0.4123
2026-07-14,7530.62,2026-07-27,13.0,6200.0,1344.15,0.2813,0.57,0.3891
2026-07-14,7530.62,2026-07-27,13.0,6300.0,1244.0,0.2096,0.68,0.3664
2026-07-14,7530.62,2026-07-27,13.0,6325.0,1219.2,0.2515,0.73,0.362
2026-07-14,7530.62,2026-07-27,13.0,6350.0,1196.35,0.3509,0.73,0.3547
2026-07-14,7530.62,2026-07-27,13.0,6375.0,1170.0,0.2288,0.77,0.35
2026-07-14,7530.62,2026-07-27,13.0,6400.0,1144.5,0.2096,0.82,0.3451
2026-07-14,7530.62,2026-07-27,13.0,6425.0,1121.35,0.3238,0.82,0.3377
2026-07-14,7530.62,2026-07-27,13.0,6450.0,1094.6,0.2222,0.88,0.3326
2026-07-14,7530.62,2026-07-27,13.0,6475.0,1069.55,0.2114,0.93,0.3274
2026-07-14,7530.62,2026-07-27,13.0,6500.0,1045.8,0.1969,1.0,0.323
2026-07-14,7530.62,2026-07-27,13.0,6525.0,1020.95,0.2287,1.02,0.3165
2026-07-14,7530.62,2026-07-27,13.0,6550.0,995.2,0.2031,1.07,0.3108
2026-07-14,7530.62,2026-07-27,13.0,6575.0,969.5,0.1933,1.12,0.3051
2026-07-14,7530.62,2026-07-27,13.0,6600.0,945.85,0.1814,1.18,0.2992
2026-07-14,7530.62,2026-07-27,13.0,6625.0,920.9,0.1565,1.23,0.2933
2026-07-14,7530.62,2026-07-27,13.0,6650.0,895.6,0.1837,1.27,0.2872
2026-07-14,7530.62,2026-07-27,13.0,6675.0,870.55,0.1749,1.38,0.2824
2026-07-14,7530.62,2026-07-27,13.0,6700.0,845.7,0.1646,1.43,0.2761
2026-07-14,7530.62,2026-07-27,13.0,6725.0,820.75,0.1498,1.52,0.271
2026-07-14,7530.62,2026-07-27,13.0,6750.0,796.05,0.1643,1.62,0.2656
2026-07-14,7530.62,2026-07-27,13.0,6775.0,771.2,0.1561,1.73,0.26
2026-07-14,7530.62,2026-07-27,13.0,6800.0,747.7,0.2459,1.82,0.2543
2026-07-14,7530.62,2026-07-27,13.0,6825.0,721.2,0.1356,1.97,0.2493
2026-07-14,7530.62,2026-07-27,13.0,6850.0,696.2,0.1447,2.08,0.2432
2026-07-14,7530.62,2026-07-27,13.0,6875.0,671.4,0.1503,2.22,0.2378
2026-07-14,7530.62,2026-07-27,13.0,6900.0,647.7,0.2129,2.42,0.2328
2026-07-14,7530.62,2026-07-27,13.0,6925.0,622.15,0.1902,2.6,0.2272
2026-07-14,7530.62,2026-07-27,13.0,6950.0,598.25,0.207,2.83,0.222
2026-07-14,7530.62,2026-07-27,13.0,6975.0,572.7,0.1884,3.1,0.2171
2026-07-14,7530.62,2026-07-27,13.0,7000.0,549.5,0.2075,3.35,0.2116
2026-07-14,7530.62,2026-07-27,13.0,7025.0,523.55,0.1867,3.65,0.2062
2026-07-14,7530.62,2026-07-27,13.0,7050.0,499.2,0.1868,4.05,0.2014
2026-07-14,7530.62,2026-07-27,13.0,7070.0,480.0,0.1884,4.4,0.1975
2026-07-14,7530.62,2026-07-27,13.0,7075.0,474.35,0.1799,4.45,0.1962
2026-07-14,7530.62,2026-07-27,13.0,7080.0,469.25,0.1771,4.6,0.1957
2026-07-14,7530.62,2026-07-27,13.0,7090.0,459.8,0.1794,4.8,0.1937
2026-07-14,7530.62,2026-07-27,13.0,7100.0,449.9,0.1769,5.0,0.1917
2026-07-14,7530.62,2026-07-27,13.0,7110.0,441.2,0.1846,5.25,0.1899
2026-07-14,7530.62,2026-07-27,13.0,7120.0,430.25,0.1731,5.45,0.1877
2026-07-14,7530.62,2026-07-27,13.0,7125.0,425.0,0.1691,5.6,0.1869
2026-07-14,7530.62,2026-07-27,13.0,7130.0,420.2,0.1691,5.75,0.1861
2026-07-14,7530.62,2026-07-27,13.0,7140.0,411.25,0.1741,6.05,0.1844
2026-07-14,7530.62,2026-07-27,13.0,7150.0,401.35,0.1712,6.35,0.1825
2026-07-14,7530.62,2026-07-27,13.0,7160.0,392.0,0.172,6.65,0.1806
2026-07-14,7530.62,2026-07-27,13.0,7170.0,382.1,0.169,7.05,0.1791
2026-07-14,7530.62,2026-07-27,13.0,7175.0,377.5,0.1697,7.15,0.1778
2026-07-14,7530.62,2026-07-27,13.0,7180.0,372.5,0.1678,7.4,0.1772
2026-07-14,7530.62,2026-07-27,13.0,7190.0,363.3,0.1687,7.85,0.1758
2026-07-14,7530.62,2026-07-27,13.0,7200.0,352.9,0.1626,8.2,0.1737
2026-07-14,7530.62,2026-07-27,13.0,7210.0,344.05,0.1651,8.65,0.1719
2026-07-14,7530.62,2026-07-27,13.0,7220.0,334.6,0.1639,9.15,0.1703
2026-07-14,7530.62,2026-07-27,13.0,7225.0,329.9,0.1634,9.35,0.1692
2026-07-14,7530.62,2026-07-27,13.0,7230.0,325.15,0.1626,9.65,0.1685
2026-07-14,7530.62,2026-07-27,13.0,7235.0,320.05,0.1601,10.0,0.168
2026-07-14,7530.62,2026-07-27,13.0,7240.0,313.65,0.1512,10.25,0.167
2026-07-14,7530.62,2026-07-27,13.0,7245.0,311.8,0.1639,10.55,0.1662
2026-07-14,7530.62,2026-07-27,13.0,7250.0,307.05,0.1629,10.85,0.1654
2026-07-14,7530.62,2026-07-27,13.0,7255.0,302.3,0.1619,11.2,0.1647
2026-07-14,7530.62,2026-07-27,13.0,7260.0,297.8,0.1618,11.45,0.1636
2026-07-14,7530.62,2026-07-27,13.0,7265.0,292.95,0.1602,11.85,0.163
2026-07-14,7530.62,2026-07-27,13.0,7270.0,288.3,0.1595,12.1,0.1618
2026-07-14,7530.62,2026-07-27,13.0,7275.0,283.8,0.1592,12.45,0.1609
2026-07-14,7530.62,2026-07-27,13.0,7280.0,279.05,0.158,12.85,0.1602
2026-07-14,7530.62,2026-07-27,13.0,7285.0,274.3,0.1567,13.35,0.1598
2026-07-14,7530.62,2026-07-27,13.0,7290.0,269.7,0.156,13.7,0.1589
2026-07-14,7530.62,2026-07-27,13.0,7295.0,265.05,0.155,14.15,0.1582
2026-07-14,7530.62,2026-07-27,13.0,7300.0,260.5,0.1543,14.55,0.1573
2026-07-14,7530.62,2026-07-27,13.0,7305.0,255.95,0.1536,15.0,0.1565
2026-07-14,7530.62,2026-07-27,13.0,7310.0,251.45,0.153,15.4,0.1555
2026-07-14,7530.62,2026-07-27,13.0,7315.0,247.05,0.1526,15.95,0.155
2026-07-14,7530.62,2026-07-27,13.0,7320.0,242.4,0.1514,16.35,0.1539
2026-07-14,7530.62,2026-07-27,13.0,7325.0,238.35,0.1521,16.8,0.1529
2026-07-14,7530.62,2026-07-27,13.0,7330.0,233.7,0.1508,17.3,0.1521
2026-07-14,7530.62,2026-07-27,13.0,7335.0,229.25,0.15,17.9,0.1515
2026-07-14,7530.62,2026-07-27,13.0,7340.0,224.75,0.1491,18.4,0.1505
2026-07-14,7530.62,2026-07-27,13.0,7345.0,220.45,0.1487,19.05,0.1499
2026-07-14,7530.62,2026-07-27,13.0,7350.0,216.15,0.1482,19.55,0.1489
2026-07-14,7530.62,2026-07-27,13.0,7355.0,211.55,0.1468,20.25,0.1483
2026-07-14,7530.62,2026-07-27,13.0,7360.0,207.3,0.1464,20.9,0.1476
2026-07-14,7530.62,2026-07-27,13.0,7365.0,202.95,0.1456,21.55,0.1468
2026-07-14,7530.62,2026-07-27,13.0,7370.0,198.35,0.1441,22.15,0.1458
2026-07-14,7530.62,2026-07-27,13.0,7375.0,194.35,0.1441,22.85,0.145
2026-07-14,7530.62,2026-07-27,13.0,7380.0,190.05,0.1433,23.55,0.1441
2026-07-14,7530.62,2026-07-27,13.0,7385.0,185.8,0.1425,24.4,0.1436
2026-07-14,7530.62,2026-07-27,13.0,7390.0,181.6,0.1418,25.05,0.1425
2026-07-14,7530.62,2026-07-27,13.0,7395.0,177.4,0.141,25.8,0.1416
2026-07-14,7530.62,2026-07-27,13.0,7400.0,173.0,0.1397,26.65,0.1409
2026-07-14,7530.62,2026-07-27,13.0,7405.0,168.85,0.139,27.6,0.1403
2026-07-14,7530.62,2026-07-27,13.0,7410.0,164.65,0.138,28.4,0.1394
2026-07-14,7530.62,2026-07-27,13.0,7415.0,160.6,0.1374,29.25,0.1384
2026-07-14,7530.62,2026-07-27,13.0,7420.0,156.95,0.1375,30.25,0.1378
2026-07-14,7530.62,2026-07-27,13.0,7425.0,152.9,0.1367,31.2,0.137
2026-07-14,7530.62,2026-07-27,13.0,7430.0,148.9,0.1359,32.2,0.1362
2026-07-14,7530.62,2026-07-27,13.0,7435.0,144.45,0.1341,33.05,0.135
2026-07-14,7530.62,2026-07-27,13.0,7440.0,141.0,0.1344,34.25,0.1345
2026-07-14,7530.62,2026-07-27,13.0,7445.0,136.7,0.1328,35.4,0.1338
2026-07-14,7530.62,2026-07-27,13.0,7450.0,133.2,0.1327,36.3,0.1325
2026-07-14,7530.62,2026-07-27,13.0,7455.0,129.3,0.1318,37.5,0.1318
2026-07-14,7530.62,2026-07-27,13.0,7460.0,125.4,0.1308,38.8,0.1312
2026-07-14,7530.62,2026-07-27,13.0,7465.0,121.6,0.1299,40.1,0.1305
2026-07-14,7530.62,2026-07-27,13.0,7470.0,118.1,0.1296,41.3,0.1295
2026-07-14,7530.62,2026-07-27,13.0,7475.0,114.3,0.1285,42.6,0.1286
2026-07-14,7530.62,2026-07-27,13.0,7480.0,110.7,0.1278,43.95,0.1278
2026-07-14,7530.62,2026-07-27,13.0,7485.0,107.1,0.127,45.2,0.1267
2026-07-14,7530.62,2026-07-27,13.0,7490.0,103.5,0.1261,46.65,0.1259
2026-07-14,7530.62,2026-07-27,13.0,7495.0,101.05,0.1273,48.3,0.1253
2026-07-14,7530.62,2026-07-27,13.0,7500.0,97.5,0.1263,49.85,0.1245
2026-07-14,7530.62,2026-07-27,13.0,7505.0,93.1,0.1237,51.35,0.1235
2026-07-14,7530.62,2026-07-27,13.0,7510.0,89.8,0.123,53.0,0.1227
2026-07-14,7530.62,2026-07-27,13.0,7515.0,86.6,0.1224,54.6,0.1217
2026-07-14,7530.62,2026-07-27,13.0,7520.0,83.5,0.1219,56.4,0.121
2026-07-14,7530.62,2026-07-27,13.0,7525.0,80.0,0.1206,58.2,0.1202
2026-07-14,7530.62,2026-07-27,13.0,7530.0,76.9,0.1199,60.1,0.1195
2026-07-14,7530.62,2026-07-27,13.0,7535.0,73.75,0.119,61.7,0.1181
2026-07-14,7530.62,2026-07-27,13.0,7540.0,70.7,0.1182,63.9,0.1177
2026-07-14,7530.62,2026-07-27,13.0,7545.0,67.8,0.1175,65.9,0.1168
2026-07-14,7530.62,2026-07-27,13.0,7550.0,64.9,0.1168,68.1,0.1161
2026-07-14,7530.62,2026-07-27,13.0,7555.0,62.25,0.1163,70.15,0.1151
2026-07-14,7530.62,2026-07-27,13.0,7560.0,59.5,0.1156,72.4,0.1144
2026-07-14,7530.62,2026-07-27,13.0,7565.0,56.5,0.1144,73.45,0.1114
2026-07-14,7530.62,2026-07-27,13.0,7570.0,53.9,0.1137,77.0,0.1127
2026-07-14,7530.62,2026-07-27,13.0,7575.0,51.35,0.113,79.4,0.1118
2026-07-14,7530.62,2026-07-27,13.0,7580.0,48.9,0.1124,81.9,0.111
2026-07-14,7530.62,2026-07-27,13.0,7585.0,46.5,0.1118,84.5,0.1103
2026-07-14,7530.62,2026-07-27,13.0,7590.0,44.1,0.111,87.1,0.1094
2026-07-14,7530.62,2026-07-27,13.0,7595.0,41.85,0.1104,89.8,0.1086
2026-07-14,7530.62,2026-07-27,13.0,7600.0,39.45,0.1094,92.2,0.107
2026-07-14,7530.62,2026-07-27,13.0,7605.0,37.3,0.1087,95.1,0.1063
2026-07-14,7530.62,2026-07-27,13.0,7610.0,35.3,0.1082,98.0,0.1054
2026-07-14,7530.62,2026-07-27,13.0,7615.0,33.3,0.1075,101.0,0.1046
2026-07-14,7530.62,2026-07-27,13.0,7620.0,31.35,0.1068,104.0,0.1036
2026-07-14,7530.62,2026-07-27,13.0,7625.0,29.45,0.1061,107.2,0.1028
2026-07-14,7530.62,2026-07-27,13.0,7630.0,27.65,0.1054,110.25,0.1015
2026-07-14,7530.62,2026-07-27,13.0,7635.0,26.0,0.1049,113.45,0.1004
2026-07-14,7530.62,2026-07-27,13.0,7640.0,24.25,0.1041,116.6,0.099
2026-07-14,7530.62,2026-07-27,13.0,7645.0,22.6,0.1033,120.3,0.0986
2026-07-14,7530.62,2026-07-27,13.0,7650.0,21.25,0.103,123.8,0.0976
2026-07-14,7530.62,2026-07-27,13.0,7655.0,19.6,0.102,127.35,0.0964
2026-07-14,7530.62,2026-07-27,13.0,7660.0,18.35,0.1016,130.7,0.0945
2026-07-14,7530.62,2026-07-27,13.0,7665.0,17.0,0.1009,134.9,0.0947
2026-07-14,7530.62,2026-07-27,13.0,7670.0,15.85,0.1006,138.25,0.092
2026-07-14,7530.62,2026-07-27,13.0,7675.0,14.7,0.1,142.0,0.0901
2026-07-14,7530.62,2026-07-27,13.0,7680.0,13.6,0.0995,145.85,0.0882
2026-07-14,7530.62,2026-07-27,13.0,7690.0,11.6,0.0985,153.8,0.0829
2026-07-14,7530.62,2026-07-27,13.0,7700.0,9.8,0.0974,161.95,0.0754
2026-07-14,7530.62,2026-07-27,13.0,7710.0,8.25,0.0965,170.35,0.0789
2026-07-14,7530.62,2026-07-27,13.0,7720.0,6.85,0.0954,,
2026-07-14,7530.62,2026-07-27,13.0,7725.0,6.25,0.095,,
2026-07-14,7530.62,2026-07-27,13.0,7730.0,5.75,0.0949,,
2026-07-14,7530.62,2026-07-27,13.0,7740.0,4.75,0.0941,196.7,0.0892
2026-07-14,7530.62,2026-07-27,13.0,7750.0,3.9,0.0933,,
2026-07-14,7530.62,2026-07-27,13.0,7760.0,3.25,0.0931,216.25,0.0959
2026-07-14,7530.62,2026-07-27,13.0,7775.0,2.42,0.0925,231.05,0.1008
2026-07-14,7530.62,2026-07-27,13.0,7800.0,1.55,0.0927,254.75,0.109
2026-07-14,7530.62,2026-07-27,13.0,7825.0,1.02,0.0937,279.3,0.117
2026-07-14,7530.62,2026-07-27,13.0,7850.0,0.73,0.0957,305.35,0.1248
2026-07-14,7530.62,2026-07-27,13.0,7875.0,0.57,0.0992,328.95,0.1326
2026-07-14,7530.62,2026-07-27,13.0,7900.0,0.45,0.1023,354.7,0.1402
2026-07-14,7530.62,2026-07-27,13.0,7925.0,0.38,0.1061,,
2026-07-14,7530.62,2026-07-27,13.0,7950.0,0.33,0.1103,402.9,0.1553
2026-07-14,7530.62,2026-07-27,13.0,7975.0,0.28,0.114,429.3,0.1627
2026-07-14,7530.62,2026-07-27,13.0,8000.0,0.25,0.1185,453.4,0.17
2026-07-14,7530.62,2026-07-27,13.0,8025.0,0.22,0.1227,,
2026-07-14,7530.62,2026-07-27,13.0,8050.0,0.22,0.1282,503.8,0.1844
2026-07-14,7530.62,2026-07-27,13.0,8075.0,0.2,0.1321,529.4,0.1915
2026-07-14,7530.62,2026-07-27,13.0,8100.0,0.17,0.1357,553.65,0.1985
2026-07-14,7530.62,2026-07-27,13.0,8200.0,0.17,0.1567,,
2026-07-14,7530.62,2026-07-27,13.0,8300.0,0.12,0.1718,,
2026-07-14,7530.62,2026-07-27,13.0,8400.0,0.12,0.1913,,
2026-07-14,7530.62,2026-07-27,13.0,8600.0,0.1,0.2249,,
2026-07-14,7530.62,2026-07-28,14.0,5800.0,1744.45,0.2878,0.38,0.4696
2026-07-14,7530.62,2026-07-28,14.0,5900.0,1644.65,0.297,0.48,0.4516
2026-07-14,7530.62,2026-07-28,14.0,6000.0,1544.5,0.2866,0.53,0.4276
2026-07-14,7530.62,2026-07-28,14.0,6100.0,1445.55,0.2723,0.62,0.4066
2026-07-14,7530.62,2026-07-28,14.0,6200.0,1345.55,0.2564,0.7,0.3829
2026-07-14,7530.62,2026-07-28,14.0,6300.0,1245.5,0.2395,0.82,0.3611
2026-07-14,7530.62,2026-07-28,14.0,6325.0,1222.15,0.3557,0.88,0.3563
2026-07-14,7530.62,2026-07-28,14.0,6350.0,1195.7,0.2307,0.88,0.3491
2026-07-14,7530.62,2026-07-28,14.0,6375.0,1171.45,0.2755,0.93,0.3442
2026-07-14,7530.62,2026-07-28,14.0,6400.0,1145.9,0.2219,0.98,0.3391
2026-07-14,7530.62,2026-07-28,14.0,6425.0,1121.05,0.1918,1.02,0.3338
2026-07-14,7530.62,2026-07-28,14.0,6450.0,1096.3,0.213,1.07,0.3285
2026-07-14,7530.62,2026-07-28,14.0,6475.0,1070.85,0.1885,1.12,0.323
2026-07-14,7530.62,2026-07-28,14.0,6500.0,1045.8,0.204,1.18,0.3175
2026-07-14,7530.62,2026-07-28,14.0,6525.0,1021.05,0.183,1.23,0.3118
2026-07-14,7530.62,2026-07-28,14.0,6550.0,996.5,0.1949,1.27,0.306
2026-07-14,7530.62,2026-07-28,14.0,6575.0,971.0,0.1764,1.32,0.3002
2026-07-14,7530.62,2026-07-28,14.0,6600.0,947.0,0.2505,1.43,0.2956
2026-07-14,7530.62,2026-07-28,14.0,6625.0,921.45,0.1692,1.48,0.2896
2026-07-14,7530.62,2026-07-28,14.0,6650.0,897.3,0.2514,1.57,0.2846
2026-07-14,7530.62,2026-07-28,14.0,6675.0,871.45,0.1615,1.62,0.2784
2026-07-14,7530.62,2026-07-28,14.0,6700.0,847.4,0.2394,1.73,0.2731
2026-07-14,7530.62,2026-07-28,14.0,6725.0,822.65,0.2412,1.82,0.2677
2026-07-14,7530.62,2026-07-28,14.0,6750.0,797.4,0.2229,1.97,0.2631
2026-07-14,7530.62,2026-07-28,14.0,6775.0,773.85,0.255,2.08,0.2574
2026-07-14,7530.62,2026-07-28,14.0,6800.0,748.15,0.2319,2.22,0.2523
2026-07-14,7530.62,2026-07-28,14.0,6825.0,722.7,0.2107,2.38,0.247
2026-07-14,7530.62,2026-07-28,14.0,6850.0,698.9,0.2314,2.53,0.2415
2026-07-14,7530.62,2026-07-28,14.0,6875.0,673.25,0.2103,2.72,0.2365
2026-07-14,7530.62,2026-07-28,14.0,6900.0,649.4,0.2231,2.92,0.2312
2026-07-14,7530.62,2026-07-28,14.0,6925.0,622.85,0.1838,3.15,0.226
2026-07-14,7530.62,2026-07-28,14.0,6950.0,599.1,0.2022,3.4,0.2208
2026-07-14,7530.62,2026-07-28,14.0,6975.0,573.7,0.1876,3.7,0.2158
2026-07-14,7530.62,2026-07-28,14.0,7000.0,549.75,0.1949,4.05,0.2109
2026-07-14,7530.62,2026-07-28,14.0,7025.0,525.15,0.1913,4.45,0.2061
2026-07-14,7530.62,2026-07-28,14.0,7050.0,500.4,0.1856,4.9,0.2013
2026-07-14,7530.62,2026-07-28,14.0,7075.0,477.3,0.1935,5.4,0.1965
2026-07-14,7530.62,2026-07-28,14.0,7100.0,451.1,0.1751,5.95,0.1915
2026-07-14,7530.62,2026-07-28,14.0,7110.0,442.35,0.1815,6.25,0.1899
2026-07-14,7530.62,2026-07-28,14.0,7120.0,432.95,0.182,6.55,0.1882
2026-07-14,7530.62,2026-07-28,14.0,7125.0,428.0,0.1806,6.75,0.1876
2026-07-14,7530.62,2026-07-28,14.0,7130.0,424.1,0.1856,6.85,0.1863
2026-07-14,7530.62,2026-07-28,14.0,7140.0,413.05,0.1755,7.25,0.185
2026-07-14,7530.62,2026-07-28,14.0,7150.0,403.25,0.1731,7.55,0.183
2026-07-14,7530.62,2026-07-28,14.0,7160.0,394.7,0.1779,7.95,0.1814
2026-07-14,7530.62,2026-07-28,14.0,7170.0,384.5,0.173,8.3,0.1794
2026-07-14,7530.62,2026-07-28,14.0,7175.0,380.35,0.1757,8.5,0.1785
2026-07-14,7530.62,2026-07-28,14.0,7180.0,374.55,0.1695,8.75,0.1779
2026-07-14,7530.62,2026-07-28,14.0,7190.0,365.8,0.1722,9.15,0.1759
2026-07-14,7530.62,2026-07-28,14.0,7200.0,356.4,0.1712,9.65,0.1744
2026-07-14,7530.62,2026-07-28,14.0,7210.0,346.1,0.1659,10.15,0.1727
2026-07-14,7530.62,2026-07-28,14.0,7220.0,337.4,0.1678,10.6,0.1706
2026-07-14,7530.62,2026-07-28,14.0,7225.0,332.25,0.1651,10.95,0.1701
2026-07-14,7530.62,2026-07-28,14.0,7230.0,328.65,0.169,11.2,0.1691
2026-07-14,7530.62,2026-07-28,14.0,7240.0,318.95,0.1661,11.95,0.168
2026-07-14,7530.62,2026-07-28,14.0,7250.0,309.6,0.1645,12.45,0.1658
2026-07-14,7530.62,2026-07-28,14.0,7260.0,300.3,0.1629,13.15,0.1641
2026-07-14,7530.62,2026-07-28,14.0,7270.0,291.05,0.1613,13.95,0.1627
2026-07-14,7530.62,2026-07-28,14.0,7275.0,286.4,0.1604,14.35,0.162
2026-07-14,7530.62,2026-07-28,14.0,7280.0,281.8,0.1596,14.75,0.1612
2026-07-14,7530.62,2026-07-28,14.0,7290.0,272.7,0.1582,15.55,0.1594
2026-07-14,7530.62,2026-07-28,14.0,7300.0,263.6,0.1567,16.55,0.1581
2026-07-14,7530.62,2026-07-28,14.0,7310.0,254.55,0.1551,17.35,0.1561
2026-07-14,7530.62,2026-07-28,14.0,7320.0,245.5,0.1533,18.5,0.1549
2026-07-14,7530.62,2026-07-28,14.0,7325.0,241.1,0.1527,18.95,0.1539
2026-07-14,7530.62,2026-07-28,14.0,7330.0,236.85,0.1525,19.45,0.1529
2026-07-14,7530.62,2026-07-28,14.0,7335.0,232.25,0.1513,20.0,0.1521
2026-07-14,7530.62,2026-07-28,14.0,7340.0,228.1,0.1512,20.6,0.1513
2026-07-14,7530.62,2026-07-28,14.0,7345.0,223.8,0.1507,21.2,0.1505
2026-07-14,7530.62,2026-07-28,14.0,7350.0,219.05,0.1489,21.8,0.1497
2026-07-14,7530.62,2026-07-28,14.0,7355.0,214.7,0.1482,22.45,0.1489
2026-07-14,7530.62,2026-07-28,14.0,7360.0,210.65,0.1481,23.1,0.1481
2026-07-14,7530.62,2026-07-28,14.0,7365.0,206.45,0.1476,23.85,0.1475
2026-07-14,7530.62,2026-07-28,14.0,7370.0,202.05,0.1466,24.6,0.1468
2026-07-14,7530.62,2026-07-28,14.0,7375.0,197.85,0.1459,25.4,0.1462
2026-07-14,7530.62,2026-07-28,14.0,7380.0,193.65,0.1453,26.0,0.145
2026-07-14,7530.62,2026-07-28,14.0,7385.0,189.4,0.1444,26.9,0.1445
2026-07-14,7530.62,2026-07-28,14.0,7390.0,184.85,0.1428,27.5,0.1433
2026-07-14,7530.62,2026-07-28,14.0,7395.0,180.65,0.142,28.4,0.1427
2026-07-14,7530.62,2026-07-28,14.0,7400.0,176.6,0.1415,29.3,0.142
2026-07-14,7530.62,2026-07-28,14.0,7405.0,172.5,0.1407,30.2,0.1413
2026-07-14,7530.62,2026-07-28,14.0,7410.0,168.4,0.14,31.05,0.1404
2026-07-14,7530.62,2026-07-28,14.0,7415.0,164.3,0.1391,32.05,0.1397
2026-07-14,7530.62,2026-07-28,14.0,7420.0,161.05,0.14,32.8,0.1385
2026-07-14,7530.62,2026-07-28,14.0,7425.0,156.45,0.138,33.9,0.1379
2026-07-14,7530.62,2026-07-28,14.0,7430.0,153.0,0.1383,34.8,0.1369
2026-07-14,7530.62,2026-07-28,14.0,7435.0,148.25,0.1359,36.1,0.1366
2026-07-14,7530.62,2026-07-28,14.0,7440.0,145.1,0.1366,36.9,0.1352
2026-07-14,7530.62,2026-07-28,14.0,7445.0,140.55,0.1345,38.2,0.1348
2026-07-14,7530.62,2026-07-28,14.0,7450.0,137.0,0.1343,39.3,0.1339
2026-07-14,7530.62,2026-07-28,14.0,7455.0,133.2,0.1335,40.5,0.1331
2026-07-14,7530.62,2026-07-28,14.0,7460.0,129.3,0.1325,41.6,0.1321
2026-07-14,7530.62,2026-07-28,14.0,7465.0,125.6,0.1318,43.05,0.1317
2026-07-14,7530.62,2026-07-28,14.0,7470.0,121.9,0.131,44.25,0.1307
2026-07-14,7530.62,2026-07-28,14.0,7475.0,118.2,0.1302,45.5,0.1297
2026-07-14,7530.62,2026-07-28,14.0,7480.0,114.7,0.1296,46.85,0.1289
2026-07-14,7530.62,2026-07-28,14.0,7485.0,110.9,0.1284,48.05,0.1277
2026-07-14,7530.62,2026-07-28,14.0,7490.0,107.5,0.1279,49.9,0.1275
2026-07-14,7530.62,2026-07-28,14.0,7495.0,103.9,0.1269,51.3,0.1265
2026-07-14,7530.62,2026-07-28,14.0,7500.0,100.5,0.1262,52.8,0.1256
2026-07-14,7530.62,2026-07-28,14.0,7505.0,98.1,0.1272,54.3,0.1247
2026-07-14,7530.62,2026-07-28,14.0,7510.0,93.7,0.1246,56.1,0.1241
2026-07-14,7530.62,2026-07-28,14.0,7515.0,90.5,0.124,57.7,0.1232
2026-07-14,7530.62,2026-07-28,14.0,7520.0,87.2,0.1231,59.5,0.1224
2026-07-14,7530.62,2026-07-28,14.0,7525.0,83.7,0.1218,61.3,0.1216
2026-07-14,7530.62,2026-07-28,14.0,7530.0,80.7,0.1213,63.05,0.1206
2026-07-14,7530.62,2026-07-28,14.0,7535.0,77.9,0.1211,64.9,0.1197
2026-07-14,7530.62,2026-07-28,14.0,7540.0,74.7,0.12,66.9,0.119
2026-07-14,7530.62,2026-07-28,14.0,7545.0,71.8,0.1194,68.9,0.1182
2026-07-14,7530.62,2026-07-28,14.0,7550.0,68.5,0.118,70.95,0.1173
2026-07-14,7530.62,2026-07-28,14.0,7555.0,65.9,0.1177,73.1,0.1165
2026-07-14,7530.62,2026-07-28,14.0,7560.0,63.1,0.117,75.3,0.1157
2026-07-14,7530.62,2026-07-28,14.0,7565.0,60.4,0.1163,77.5,0.1148
2026-07-14,7530.62,2026-07-28,14.0,7570.0,57.75,0.1156,79.9,0.1141
2026-07-14,7530.62,2026-07-28,14.0,7575.0,55.0,0.1146,82.3,0.1134
2026-07-14,7530.62,2026-07-28,14.0,7580.0,52.5,0.114,84.7,0.1125
2026-07-14,7530.62,2026-07-28,14.0,7585.0,50.15,0.1135,87.2,0.1116
2026-07-14,7530.62,2026-07-28,14.0,7590.0,47.7,0.1128,89.7,0.1107
2026-07-14,7530.62,2026-07-28,14.0,7595.0,45.25,0.1119,92.3,0.1097
2026-07-14,7530.62,2026-07-28,14.0,7600.0,43.1,0.1114,95.1,0.1091
2026-07-14,7530.62,2026-07-28,14.0,7605.0,40.7,0.1104,97.6,0.1077
2026-07-14,7530.62,2026-07-28,14.0,7610.0,38.6,0.1098,100.5,0.1069
2026-07-14,7530.62,2026-07-28,14.0,7615.0,36.6,0.1093,103.4,0.1061
2026-07-14,7530.62,2026-07-28,14.0,7620.0,34.5,0.1084,106.4,0.1052
2026-07-14,7530.62,2026-07-28,14.0,7625.0,32.6,0.1078,109.4,0.1042
2026-07-14,7530.62,2026-07-28,14.0,7630.0,30.85,0.1074,112.6,0.1034
2026-07-14,7530.62,2026-07-28,14.0,7635.0,29.0,0.1066,116.25,0.1034
2026-07-14,7530.62,2026-07-28,14.0,7640.0,27.3,0.1061,119.55,0.1026
2026-07-14,7530.62,2026-07-28,14.0,7645.0,25.65,0.1055,122.8,0.1015
2026-07-14,7530.62,2026-07-28,14.0,7650.0,24.1,0.1049,126.3,0.1007
2026-07-14,7530.62,2026-07-28,14.0,7660.0,21.1,0.1037,133.1,0.0981
2026-07-14,7530.62,2026-07-28,14.0,7670.0,18.4,0.1026,140.05,0.0949
2026-07-14,7530.62,2026-07-28,14.0,7675.0,17.1,0.1019,144.05,0.0943
2026-07-14,7530.62,2026-07-28,14.0,7680.0,15.9,0.1013,147.6,0.0919
2026-07-14,7530.62,2026-07-28,14.0,7690.0,13.65,0.1001,155.4,0.0883
2026-07-14,7530.62,2026-07-28,14.0,7700.0,11.75,0.0993,163.7,0.0842
2026-07-14,7530.62,2026-07-28,14.0,7710.0,10.0,0.0983,171.6,0.0774
2026-07-14,7530.62,2026-07-28,14.0,7720.0,8.5,0.0975,180.0,0.0808
2026-07-14,7530.62,2026-07-28,14.0,7725.0,7.8,0.097,184.7,0.0824
2026-07-14,7530.62,2026-07-28,14.0,7730.0,7.15,0.0966,,
2026-07-14,7530.62,2026-07-28,14.0,7740.0,6.05,0.096,,
2026-07-14,7530.62,2026-07-28,14.0,7750.0,5.05,0.0953,206.55,0.0907
2026-07-14,7530.62,2026-07-28,14.0,7760.0,4.2,0.0946,216.25,0.0939
2026-07-14,7530.62,2026-07-28,14.0,7775.0,3.2,0.094,230.95,0.0988
2026-07-14,7530.62,2026-07-28,14.0,7800.0,2.05,0.0936,255.45,0.1067
2026-07-14,7530.62,2026-07-28,14.0,7825.0,1.38,0.0944,,
2026-07-14,7530.62,2026-07-28,14.0,7850.0,0.98,0.0961,303.65,0.1221
2026-07-14,7530.62,2026-07-28,14.0,7875.0,0.73,0.0984,,
2026-07-14,7530.62,2026-07-28,14.0,7900.0,0.57,0.1015,352.35,0.1371
2026-07-14,7530.62,2026-07-28,14.0,7925.0,0.48,0.105,,
2026-07-14,7530.62,2026-07-28,14.0,7950.0,0.38,0.1078,,
2026-07-14,7530.62,2026-07-28,14.0,7975.0,0.33,0.1117,,
2026-07-14,7530.62,2026-07-28,14.0,8000.0,0.3,0.1163,,
2026-07-14,7530.62,2026-07-28,14.0,8025.0,0.28,0.1206,,
2026-07-14,7530.62,2026-07-28,14.0,8050.0,0.25,0.1248,,
2026-07-14,7530.62,2026-07-28,14.0,8075.0,0.22,0.1287,,
2026-07-14,7530.62,2026-07-28,14.0,8100.0,0.2,0.1324,,
2026-07-14,7530.62,2026-07-28,14.0,8200.0,0.17,0.1509,,
2026-07-14,7530.62,2026-07-28,14.0,8300.0,0.15,0.1682,,
2026-07-14,7530.62,2026-07-28,14.0,8400.0,0.12,0.1842,,
2026-07-14,7530.62,2026-07-28,14.0,8600.0,0.1,0.2166,,
2026-07-14,7530.62,2026-07-29,15.0,5800.0,1745.4,0.3297,0.53,0.4687
2026-07-14,7530.62,2026-07-29,15.0,5900.0,1645.85,0.3128,0.57,0.4448
2026-07-14,7530.62,2026-07-29,15.0,6000.0,1545.15,0.2954,0.68,0.4239
2026-07-14,7530.62,2026-07-29,15.0,6100.0,1445.9,0.2775,0.77,0.402
2026-07-14,7530.62,2026-07-29,15.0,6200.0,1346.5,0.2593,0.88,0.3791
2026-07-14,7530.62,2026-07-29,15.0,6300.0,1247.25,0.3211,1.02,0.3577
2026-07-14,7530.62,2026-07-29,15.0,6325.0,1222.1,0.2946,1.07,0.3526
2026-07-14,7530.62,2026-07-29,15.0,6350.0,1197.5,0.3207,1.12,0.3474
2026-07-14,7530.62,2026-07-29,15.0,6375.0,1173.35,0.3482,1.15,0.3412
2026-07-14,7530.62,2026-07-29,15.0,6400.0,1147.2,0.2749,1.2,0.3359
2026-07-14,7530.62,2026-07-29,15.0,6425.0,1122.15,0.2531,1.27,0.3312
2026-07-14,7530.62,2026-07-29,15.0,6450.0,1097.4,0.2768,1.32,0.3256
2026-07-14,7530.62,2026-07-29,15.0,6475.0,1072.9,0.2984,1.38,0.32
2026-07-14,7530.62,2026-07-29,15.0,6500.0,1048.1,0.2982,1.43,0.3143
2026-07-14,7530.62,2026-07-29,15.0,6525.0,1021.75,0.1858,1.52,0.3098
2026-07-14,7530.62,2026-07-29,15.0,6550.0,997.85,0.2709,1.57,0.3039
2026-07-14,7530.62,2026-07-29,15.0,6575.0,972.5,0.2379,1.68,0.2991
2026-07-14,7530.62,2026-07-29,15.0,6600.0,948.2,0.2692,1.77,0.2941
2026-07-14,7530.62,2026-07-29,15.0,6625.0,923.65,0.2752,1.88,0.289
2026-07-14,7530.62,2026-07-29,15.0,6650.0,897.6,0.2188,1.97,0.2837
2026-07-14,7530.62,2026-07-29,15.0,6675.0,873.9,0.2655,2.08,0.2782
2026-07-14,7530.62,2026-07-29,15.0,6700.0,848.7,0.2526,2.17,0.2727
2026-07-14,7530.62,2026-07-29,15.0,6725.0,824.25,0.2572,2.33,0.2678
2026-07-14,7530.62,2026-07-29,15.0,6750.0,799.35,0.2512,2.47,0.2628
2026-07-14,7530.62,2026-07-29,15.0,6775.0,774.7,0.2496,2.62,0.2575
2026-07-14,7530.62,2026-07-29,15.0,6800.0,749.5,0.2382,2.8,0.2525
2026-07-14,7530.62,2026-07-29,15.0,6825.0,724.85,0.2361,3.0,0.2475
2026-07-14,7530.62,2026-07-29,15.0,6850.0,700.45,0.2368,3.2,0.2423
2026-07-14,7530.62,2026-07-29,15.0,6875.0,675.25,0.226,3.45,0.2375
2026-07-14,7530.62,2026-07-29,15.0,6900.0,650.5,0.2213,3.7,0.2324
2026-07-14,7530.62,2026-07-29,15.0,6925.0,626.15,0.2208,4.0,0.2275
2026-07-14,7530.62,2026-07-29,15.0,6950.0,601.45,0.2158,4.3,0.2223
2026-07-14,7530.62,2026-07-29,15.0,6975.0,577.3,0.2155,4.7,0.2177
2026-07-14,7530.62,2026-07-29,15.0,7000.0,552.6,0.2096,5.1,0.2128
2026-07-14,7530.62,2026-07-29,15.0,7025.0,527.95,0.2039,5.65,0.2086
2026-07-14,7530.62,2026-07-29,15.0,7050.0,503.65,0.2004,6.25,0.2042
2026-07-14,7530.62,2026-07-29,15.0,7075.0,479.65,0.1982,6.8,0.1991
2026-07-14,7530.62,2026-07-29,15.0,7100.0,455.3,0.1932,7.55,0.1948
2026-07-14,7530.62,2026-07-29,15.0,7110.0,445.75,0.1921,7.9,0.1931
2026-07-14,7530.62,2026-07-29,15.0,7120.0,435.5,0.1871,8.25,0.1914
2026-07-14,7530.62,2026-07-29,15.0,7125.0,430.85,0.1872,8.45,0.1907
2026-07-14,7530.62,2026-07-29,15.0,7130.0,426.9,0.1908,8.65,0.1899
2026-07-14,7530.62,2026-07-29,15.0,7140.0,416.85,0.1868,9.05,0.1882
2026-07-14,7530.62,2026-07-29,15.0,7150.0,407.65,0.187,9.45,0.1864
2026-07-14,7530.62,2026-07-29,15.0,7160.0,397.5,0.1825,9.9,0.1848
2026-07-14,7530.62,2026-07-29,15.0,7170.0,388.3,0.1823,10.35,0.1831
2026-07-14,7530.62,2026-07-29,15.0,7175.0,384.05,0.1837,10.7,0.1827
2026-07-14,7530.62,2026-07-29,15.0,7180.0,378.95,0.1813,10.9,0.1816
2026-07-14,7530.62,2026-07-29,15.0,7190.0,369.4,0.1793,11.35,0.1797
2026-07-14,7530.62,2026-07-29,15.0,7200.0,359.85,0.1772,11.9,0.178
2026-07-14,7530.62,2026-07-29,15.0,7210.0,350.45,0.1756,12.5,0.1764
2026-07-14,7530.62,2026-07-29,15.0,7220.0,341.1,0.1741,13.15,0.1749
2026-07-14,7530.62,2026-07-29,15.0,7225.0,336.75,0.1745,13.55,0.1744
2026-07-14,7530.62,2026-07-29,15.0,7230.0,331.8,0.1726,13.9,0.1736
2026-07-14,7530.62,2026-07-29,15.0,7240.0,322.5,0.171,14.55,0.1718
2026-07-14,7530.62,2026-07-29,15.0,7250.0,313.2,0.1692,15.4,0.1705
2026-07-14,7530.62,2026-07-29,15.0,7260.0,304.25,0.1685,16.05,0.1685
2026-07-14,7530.62,2026-07-29,15.0,7270.0,295.05,0.1668,16.95,0.1671
2026-07-14,7530.62,2026-07-29,15.0,7275.0,290.25,0.1652,17.4,0.1663
2026-07-14,7530.62,2026-07-29,15.0,7280.0,285.8,0.1647,17.75,0.1652
2026-07-14,7530.62,2026-07-29,15.0,7290.0,277.0,0.1639,18.8,0.164
2026-07-14,7530.62,2026-07-29,15.0,7300.0,267.9,0.1621,19.8,0.1624
2026-07-14,7530.62,2026-07-29,15.0,7310.0,259.15,0.161,20.85,0.1608
2026-07-14,7530.62,2026-07-29,15.0,7320.0,250.15,0.1591,22.0,0.1593
2026-07-14,7530.62,2026-07-29,15.0,7325.0,246.05,0.1591,22.6,0.1586
2026-07-14,7530.62,2026-07-29,15.0,7330.0,241.6,0.1582,23.1,0.1575
2026-07-14,7530.62,2026-07-29,15.0,7335.0,237.05,0.157,23.8,0.1569
2026-07-14,7530.62,2026-07-29,15.0,7340.0,232.45,0.1556,24.4,0.1561
2026-07-14,7530.62,2026-07-29,15.0,7345.0,228.1,0.1548,25.1,0.1554
2026-07-14,7530.62,2026-07-29,15.0,7350.0,224.45,0.1556,25.7,0.1544
2026-07-14,7530.62,2026-07-29,15.0,7355.0,219.9,0.1543,26.3,0.1534
2026-07-14,7530.62,2026-07-29,15.0,7360.0,215.75,0.1538,27.2,0.1531
2026-07-14,7530.62,2026-07-29,15.0,7365.0,211.05,0.152,27.85,0.1521
2026-07-14,7530.62,2026-07-29,15.0,7370.0,207.05,0.1518,28.65,0.1514
2026-07-14,7530.62,2026-07-29,15.0,7375.0,202.8,0.1509,29.45,0.1507
2026-07-14,7530.62,2026-07-29,15.0,7380.0,198.5,0.1499,30.2,0.1498
2026-07-14,7530.62,2026-07-29,15.0,7385.0,194.35,0.1492,31.15,0.1493
2026-07-14,7530.62,2026-07-29,15.0,7390.0,189.95,0.1478,31.9,0.1483
2026-07-14,7530.62,2026-07-29,15.0,7395.0,185.95,0.1473,32.75,0.1474
2026-07-14,7530.62,2026-07-29,15.0,7400.0,181.75,0.1464,33.75,0.1469
2026-07-14,7530.62,2026-07-29,15.0,7405.0,177.85,0.1459,34.65,0.146
2026-07-14,7530.62,2026-07-29,15.0,7410.0,174.35,0.1463,35.5,0.145
2026-07-14,7530.62,2026-07-29,15.0,7415.0,169.85,0.1445,36.35,0.144
2026-07-14,7530.62,2026-07-29,15.0,7420.0,166.35,0.1447,37.35,0.1432
2026-07-14,7530.62,2026-07-29,15.0,7425.0,162.45,0.144,38.35,0.1423
2026-07-14,7530.62,2026-07-29,15.0,7430.0,158.45,0.1431,39.65,0.142
2026-07-14,7530.62,2026-07-29,15.0,7435.0,153.85,0.141,40.7,0.1411
2026-07-14,7530.62,2026-07-29,15.0,7440.0,150.75,0.1417,41.8,0.1403
2026-07-14,7530.62,2026-07-29,15.0,7445.0,146.5,0.1401,43.05,0.1397
2026-07-14,7530.62,2026-07-29,15.0,7450.0,142.7,0.1394,44.2,0.1388
2026-07-14,7530.62,2026-07-29,15.0,7455.0,138.9,0.1385,45.45,0.1381
2026-07-14,7530.62,2026-07-29,15.0,7460.0,135.2,0.1378,46.4,0.1367
2026-07-14,7530.62,2026-07-29,15.0,7465.0,131.5,0.1371,47.85,0.1362
2026-07-14,7530.62,2026-07-29,15.0,7470.0,127.8,0.1362,49.0,0.1351
2026-07-14,7530.62,2026-07-29,15.0,7475.0,124.1,0.1353,50.6,0.1347
2026-07-14,7530.62,2026-07-29,15.0,7480.0,120.5,0.1345,51.9,0.1337
2026-07-14,7530.62,2026-07-29,15.0,7485.0,117.0,0.1338,53.5,0.1332
2026-07-14,7530.62,2026-07-29,15.0,7490.0,113.6,0.1333,54.9,0.1322
2026-07-14,7530.62,2026-07-29,15.0,7495.0,109.9,0.1321,56.5,0.1316
2026-07-14,7530.62,2026-07-29,15.0,7500.0,106.5,0.1314,57.9,0.1305
2026-07-14,7530.62,2026-07-29,15.0,7505.0,103.2,0.1307,59.5,0.1297
2026-07-14,7530.62,2026-07-29,15.0,7510.0,99.8,0.1299,61.1,0.1288
2026-07-14,7530.62,2026-07-29,15.0,7515.0,96.5,0.1291,62.9,0.1281
2026-07-14,7530.62,2026-07-29,15.0,7520.0,93.45,0.1286,64.55,0.1271
2026-07-14,7530.62,2026-07-29,15.0,7525.0,90.1,0.1276,66.2,0.1261
2026-07-14,7530.62,2026-07-29,15.0,7530.0,87.1,0.1271,68.3,0.1257
2026-07-14,7530.62,2026-07-29,15.0,7535.0,83.8,0.126,70.35,0.1252
2026-07-14,7530.62,2026-07-29,15.0,7540.0,80.9,0.1255,72.1,0.124
2026-07-14,7530.62,2026-07-29,15.0,7545.0,77.7,0.1244,74.3,0.1235
2026-07-14,7530.62,2026-07-29,15.0,7550.0,74.9,0.1239,76.05,0.1222
2026-07-14,7530.62,2026-07-29,15.0,7555.0,71.9,0.123,78.3,0.1217
2026-07-14,7530.62,2026-07-29,15.0,7560.0,69.35,0.1227,80.5,0.1209
2026-07-14,7530.62,2026-07-29,15.0,7565.0,66.35,0.1216,82.7,0.1201
2026-07-14,7530.62,2026-07-29,15.0,7570.0,63.9,0.1213,85.0,0.1193
2026-07-14,7530.62,2026-07-29,15.0,7575.0,61.0,0.1202,87.4,0.1186
2026-07-14,7530.62,2026-07-29,15.0,7580.0,58.45,0.1195,89.8,0.1178
2026-07-14,7530.62,2026-07-29,15.0,7585.0,56.0,0.1189,92.1,0.1167
2026-07-14,7530.62,2026-07-29,15.0,7590.0,53.55,0.1183,93.45,0.1139
2026-07-14,7530.62,2026-07-29,15.0,7595.0,51.1,0.1175,97.3,0.1152
2026-07-14,7530.62,2026-07-29,15.0,7600.0,48.75,0.1168,100.2,0.1149
2026-07-14,7530.62,2026-07-29,15.0,7605.0,46.35,0.1159,102.7,0.1137
2026-07-14,7530.62,2026-07-29,15.0,7610.0,44.2,0.1154,105.2,0.1124
2026-07-14,7530.62,2026-07-29,15.0,7615.0,42.15,0.1149,108.0,0.1115
2026-07-14,7530.62,2026-07-29,15.0,7620.0,39.95,0.114,111.0,0.1108
2026-07-14,7530.62,2026-07-29,15.0,7625.0,38.0,0.1135,113.8,0.1096
2026-07-14,7530.62,2026-07-29,15.0,7630.0,35.9,0.1126,117.0,0.1091
2026-07-14,7530.62,2026-07-29,15.0,7635.0,34.1,0.1122,120.0,0.108
2026-07-14,7530.62,2026-07-29,15.0,7640.0,32.3,0.1116,123.3,0.1074
2026-07-14,7530.62,2026-07-29,15.0,7645.0,30.6,0.1111,126.65,0.1067
2026-07-14,7530.62,2026-07-29,15.0,7650.0,28.9,0.1105,130.0,0.1059
2026-07-14,7530.62,2026-07-29,15.0,7660.0,25.5,0.1089,136.65,0.1037
2026-07-14,7530.62,2026-07-29,15.0,7670.0,22.65,0.108,143.75,0.1018
2026-07-14,7530.62,2026-07-29,15.0,7675.0,21.35,0.1076,147.3,0.1005
2026-07-14,7530.62,2026-07-29,15.0,7680.0,20.0,0.107,150.75,0.0988
2026-07-14,7530.62,2026-07-29,15.0,7690.0,17.5,0.1058,158.5,0.0967
2026-07-14,7530.62,2026-07-29,15.0,7700.0,15.3,0.1049,166.0,0.0925
2026-07-14,7530.62,2026-07-29,15.0,7710.0,13.25,0.1038,173.95,0.0874
2026-07-14,7530.62,2026-07-29,15.0,7720.0,11.5,0.103,182.1,0.0793
2026-07-14,7530.62,2026-07-29,15.0,7725.0,10.65,0.1025,186.3,0.0809
2026-07-14,7530.62,2026-07-29,15.0,7730.0,9.85,0.102,190.5,0.0826
2026-07-14,7530.62,2026-07-29,15.0,7740.0,8.45,0.1012,,
2026-07-14,7530.62,2026-07-29,15.0,7750.0,7.15,0.1003,,
2026-07-14,7530.62,2026-07-29,15.0,7760.0,6.05,0.0995,217.35,0.0922
2026-07-14,7530.62,2026-07-29,15.0,7775.0,4.75,0.0988,231.15,0.0969
2026-07-14,7530.62,2026-07-29,15.0,7800.0,3.15,0.098,255.05,0.1046
2026-07-14,7530.62,2026-07-29,15.0,7825.0,2.1,0.0978,278.35,0.1122
2026-07-14,7530.62,2026-07-29,15.0,7850.0,1.45,0.0985,302.85,0.1197
2026-07-14,7530.62,2026-07-29,15.0,7875.0,1.02,0.0997,,
2026-07-14,7530.62,2026-07-29,15.0,7900.0,0.8,0.1023,,
2026-07-14,7530.62,2026-07-29,15.0,7925.0,0.62,0.1049,,
2026-07-14,7530.62,2026-07-29,15.0,7950.0,0.53,0.1083,,
2026-07-14,7530.62,2026-07-29,15.0,7975.0,0.42,0.1112,,
2026-07-14,7530.62,2026-07-29,15.0,8000.0,0.38,0.115,,
2026-07-14,7530.62,2026-07-29,15.0,8025.0,0.33,0.1185,,
2026-07-14,7530.62,2026-07-29,15.0,8050.0,0.3,0.1228,,
2026-07-14,7530.62,2026-07-29,15.0,8075.0,0.28,0.1268,,
2026-07-14,7530.62,2026-07-29,15.0,8100.0,0.25,0.1307,,
2026-07-14,7530.62,2026-07-29,15.0,8200.0,0.17,0.1456,,
2026-07-14,7530.62,2026-07-29,15.0,8300.0,0.15,0.1623,,
2026-07-14,7530.62,2026-07-29,15.0,8400.0,0.12,0.1778,,
2026-07-14,7530.62,2026-07-29,15.0,8600.0,0.1,0.2091,,
2026-07-14,7530.62,2026-07-30,16.0,5800.0,1746.1,0.332,0.62,0.4618
2026-07-14,7530.62,2026-07-30,16.0,5900.0,1647.05,0.3872,0.73,0.4411
2026-07-14,7530.62,2026-07-30,16.0,6000.0,1547.6,0.4037,0.85,0.4207
2026-07-14,7530.62,2026-07-30,16.0,6100.0,1446.85,0.2444,0.93,0.3969
2026-07-14,7530.62,2026-07-30,16.0,6200.0,1346.7,0.2338,1.07,0.3759
2026-07-14,7530.62,2026-07-30,16.0,6300.0,1248.35,0.339,1.27,0.3554
2026-07-14,7530.62,2026-07-30,16.0,6325.0,1223.7,0.3445,1.32,0.3501
2026-07-14,7530.62,2026-07-30,16.0,6350.0,1198.2,0.3146,1.38,0.3447
2026-07-14,7530.62,2026-07-30,16.0,6375.0,1173.75,0.3298,1.45,0.3399
2026-07-14,7530.62,2026-07-30,16.0,6400.0,1147.45,0.2051,1.52,0.335
2026-07-14,7530.62,2026-07-30,16.0,6425.0,1123.65,0.3098,1.57,0.3294
2026-07-14,7530.62,2026-07-30,16.0,6450.0,1098.2,0.2799,1.68,0.3249
2026-07-14,7530.62,2026-07-30,16.0,6475.0,1074.35,0.3152,1.73,0.319
2026-07-14,7530.62,2026-07-30,16.0,6500.0,1048.6,0.2833,1.82,0.3143
2026-07-14,7530.62,2026-07-30,16.0,6525.0,1024.3,0.298,1.93,0.3094
2026-07-14,7530.62,2026-07-30,16.0,6550.0,998.25,0.248,2.02,0.3043
2026-07-14,7530.62,2026-07-30,16.0,6575.0,973.75,0.265,2.12,0.2992
2026-07-14,7530.62,2026-07-30,16.0,6600.0,949.65,0.2827,2.22,0.2938
2026-07-14,7530.62,2026-07-30,16.0,6625.0,924.6,0.2737,2.35,0.2889
2026-07-14,7530.62,2026-07-30,16.0,6650.0,900.1,0.2762,2.47,0.2837
2026-07-14,7530.62,2026-07-30,16.0,6675.0,875.75,0.2793,2.62,0.2788
2026-07-14,7530.62,2026-07-30,16.0,6700.0,850.5,0.2674,2.78,0.2737
2026-07-14,7530.62,2026-07-30,16.0,6725.0,826.05,0.2679,2.98,0.2692
2026-07-14,7530.62,2026-07-30,16.0,6750.0,801.8,0.2696,3.1,0.2634
2026-07-14,7530.62,2026-07-30,16.0,6775.0,775.55,0.2447,3.3,0.2585
2026-07-14,7530.62,2026-07-30,16.0,6800.0,751.4,0.2487,3.55,0.2539
2026-07-14,7530.62,2026-07-30,16.0,6825.0,726.85,0.2461,3.8,0.2491
2026-07-14,7530.62,2026-07-30,16.0,6850.0,702.35,0.2434,4.0,0.2436
2026-07-14,7530.62,2026-07-30,16.0,6875.0,677.15,0.2333,4.3,0.2388
2026-07-14,7530.62,2026-07-30,16.0,6900.0,651.75,0.221,4.65,0.2342
2026-07-14,7530.62,2026-07-30,16.0,6925.0,628.5,0.2296,5.0,0.2293
2026-07-14,7530.62,2026-07-30,16.0,6950.0,602.65,0.214,5.45,0.225
2026-07-14,7530.62,2026-07-30,16.0,6975.0,579.7,0.222,5.85,0.2198
2026-07-14,7530.62,2026-07-30,16.0,7000.0,554.8,0.2142,6.45,0.2158
2026-07-14,7530.62,2026-07-30,16.0,7025.0,530.15,0.208,6.95,0.2107
2026-07-14,7530.62,2026-07-30,16.0,7050.0,507.05,0.2106,7.65,0.2064
2026-07-14,7530.62,2026-07-30,16.0,7075.0,481.5,0.1988,8.5,0.2025
2026-07-14,7530.62,2026-07-30,16.0,7100.0,458.25,0.1989,9.35,0.1981
2026-07-14,7530.62,2026-07-30,16.0,7125.0,434.45,0.1954,10.4,0.194
2026-07-14,7530.62,2026-07-30,16.0,7150.0,411.0,0.1926,11.45,0.1894
2026-07-14,7530.62,2026-07-30,16.0,7160.0,401.05,0.189,12.15,0.1886
2026-07-14,7530.62,2026-07-30,16.0,7170.0,392.25,0.1898,12.55,0.1864
2026-07-14,7530.62,2026-07-30,16.0,7175.0,386.9,0.1866,12.95,0.1861
2026-07-14,7530.62,2026-07-30,16.0,7180.0,381.9,0.1846,13.15,0.1849
2026-07-14,7530.62,2026-07-30,16.0,7190.0,372.85,0.1843,13.85,0.1837
2026-07-14,7530.62,2026-07-30,16.0,7200.0,363.2,0.1816,14.35,0.1816
2026-07-14,7530.62,2026-07-30,16.0,7210.0,353.9,0.1801,15.15,0.1804
2026-07-14,7530.62,2026-07-30,16.0,7220.0,344.6,0.1785,15.85,0.1788
2026-07-14,7530.62,2026-07-30,16.0,7225.0,339.95,0.1776,16.2,0.178
2026-07-14,7530.62,2026-07-30,16.0,7230.0,335.35,0.1769,16.5,0.1769
2026-07-14,7530.62,2026-07-30,16.0,7240.0,326.2,0.1755,17.4,0.1757
2026-07-14,7530.62,2026-07-30,16.0,7250.0,317.1,0.1741,18.3,0.1743
2026-07-14,7530.62,2026-07-30,16.0,7260.0,307.95,0.1724,19.0,0.1722
2026-07-14,7530.62,2026-07-30,16.0,7270.0,299.2,0.1717,19.9,0.1706
2026-07-14,7530.62,2026-07-30,16.0,7275.0,294.35,0.17,20.55,0.1703
2026-07-14,7530.62,2026-07-30,16.0,7280.0,289.9,0.1693,20.9,0.1691
2026-07-14,7530.62,2026-07-30,16.0,7290.0,281.25,0.1686,22.1,0.168
2026-07-14,7530.62,2026-07-30,16.0,7300.0,272.3,0.1669,23.2,0.1665
2026-07-14,7530.62,2026-07-30,16.0,7310.0,263.45,0.1653,24.35,0.1649
2026-07-14,7530.62,2026-07-30,16.0,7320.0,254.65,0.1637,25.45,0.1631
2026-07-14,7530.62,2026-07-30,16.0,7325.0,250.5,0.1635,26.05,0.1622
2026-07-14,7530.62,2026-07-30,16.0,7330.0,246.0,0.1623,26.65,0.1613
2026-07-14,7530.62,2026-07-30,16.0,7340.0,237.75,0.1616,28.05,0.1599
2026-07-14,7530.62,2026-07-30,16.0,7350.0,228.95,0.1596,29.7,0.1589
2026-07-14,7530.62,2026-07-30,16.0,7360.0,220.6,0.1583,31.2,0.1573
2026-07-14,7530.62,2026-07-30,16.0,7370.0,212.1,0.1565,32.8,0.1558
2026-07-14,7530.62,2026-07-30,16.0,7375.0,207.7,0.1553,33.65,0.1551
2026-07-14,7530.62,2026-07-30,16.0,7380.0,203.65,0.1547,34.5,0.1543
2026-07-14,7530.62,2026-07-30,16.0,7385.0,199.5,0.1539,35.4,0.1536
2026-07-14,7530.62,2026-07-30,16.0,7390.0,195.45,0.1532,36.0,0.1522
2026-07-14,7530.62,2026-07-30,16.0,7395.0,191.35,0.1524,37.15,0.1519
2026-07-14,7530.62,2026-07-30,16.0,7400.0,187.85,0.1527,37.9,0.1507
2026-07-14,7530.62,2026-07-30,16.0,7405.0,183.3,0.1509,38.85,0.1499
2026-07-14,7530.62,2026-07-30,16.0,7410.0,179.8,0.1511,40.1,0.1496
2026-07-14,7530.62,2026-07-30,16.0,7415.0,175.25,0.1492,40.9,0.1484
2026-07-14,7530.62,2026-07-30,16.0,7420.0,171.9,0.1496,42.2,0.1481
2026-07-14,7530.62,2026-07-30,16.0,7425.0,168.05,0.1489,43.25,0.1473
2026-07-14,7530.62,2026-07-30,16.0,7430.0,164.1,0.148,44.45,0.1467
2026-07-14,7530.62,2026-07-30,16.0,7435.0,159.9,0.1467,45.5,0.1458
2026-07-14,7530.62,2026-07-30,16.0,7440.0,156.1,0.1459,46.4,0.1445
2026-07-14,7530.62,2026-07-30,16.0,7445.0,152.3,0.1452,47.9,0.1443
2026-07-14,7530.62,2026-07-30,16.0,7450.0,148.6,0.1445,49.1,0.1434
2026-07-14,7530.62,2026-07-30,16.0,7455.0,144.7,0.1435,50.25,0.1425
2026-07-14,7530.62,2026-07-30,16.0,7460.0,141.0,0.1427,51.65,0.1419
2026-07-14,7530.62,2026-07-30,16.0,7465.0,137.3,0.1419,52.95,0.141
2026-07-14,7530.62,2026-07-30,16.0,7470.0,133.8,0.1413,54.3,0.1402
2026-07-14,7530.62,2026-07-30,16.0,7475.0,131.2,0.1423,55.7,0.1395
2026-07-14,7530.62,2026-07-30,16.0,7480.0,126.5,0.1396,57.1,0.1386
2026-07-14,7530.62,2026-07-30,16.0,7485.0,124.1,0.1407,58.65,0.138
2026-07-14,7530.62,2026-07-30,16.0,7490.0,119.5,0.1381,60.1,0.1371
2026-07-14,7530.62,2026-07-30,16.0,7495.0,116.1,0.1374,61.5,0.136
2026-07-14,7530.62,2026-07-30,16.0,7500.0,112.7,0.1366,63.25,0.1355
2026-07-14,7530.62,2026-07-30,16.0,7505.0,110.35,0.1375,64.65,0.1344
2026-07-14,7530.62,2026-07-30,16.0,7510.0,106.0,0.1351,66.55,0.1339
2026-07-14,7530.62,2026-07-30,16.0,7515.0,102.7,0.1343,68.1,0.1329
2026-07-14,7530.62,2026-07-30,16.0,7520.0,99.5,0.1336,70.05,0.1324
2026-07-14,7530.62,2026-07-30,16.0,7525.0,96.3,0.1329,71.85,0.1316
2026-07-14,7530.62,2026-07-30,16.0,7530.0,93.1,0.132,73.5,0.1305
2026-07-14,7530.62,2026-07-30,16.0,7535.0,89.95,0.1312,75.35,0.1296
2026-07-14,7530.62,2026-07-30,16.0,7540.0,87.15,0.1309,77.5,0.1292
2026-07-14,7530.62,2026-07-30,16.0,7545.0,84.05,0.13,79.45,0.1283
2026-07-14,7530.62,2026-07-30,16.0,7550.0,81.05,0.1291,81.45,0.1275
2026-07-14,7530.62,2026-07-30,16.0,7555.0,78.3,0.1287,83.45,0.1265
2026-07-14,7530.62,2026-07-30,16.0,7560.0,75.5,0.128,85.7,0.1259
2026-07-14,7530.62,2026-07-30,16.0,7565.0,72.7,0.1273,88.15,0.1255
2026-07-14,7530.62,2026-07-30,16.0,7570.0,69.7,0.1261,89.05,0.1225
2026-07-14,7530.62,2026-07-30,16.0,7575.0,67.25,0.1258,92.7,0.1239
2026-07-14,7530.62,2026-07-30,16.0,7580.0,64.65,0.1252,94.8,0.1227
2026-07-14,7530.62,2026-07-30,16.0,7585.0,61.95,0.1242,97.5,0.1224
2026-07-14,7530.62,2026-07-30,16.0,7590.0,59.5,0.1237,99.7,0.1211
2026-07-14,7530.62,2026-07-30,16.0,7595.0,56.85,0.1227,102.4,0.1206
2026-07-14,7530.62,2026-07-30,16.0,7600.0,54.5,0.1221,104.9,0.1196
2026-07-14,7530.62,2026-07-30,16.0,7605.0,52.05,0.1212,107.8,0.1193
2026-07-14,7530.62,2026-07-30,16.0,7610.0,50.0,0.1209,109.2,0.1162
2026-07-14,7530.62,2026-07-30,16.0,7615.0,47.85,0.1204,113.0,0.1172
2026-07-14,7530.62,2026-07-30,16.0,7620.0,45.65,0.1197,115.6,0.116
2026-07-14,7530.62,2026-07-30,16.0,7625.0,43.5,0.119,118.5,0.1152
2026-07-14,7530.62,2026-07-30,16.0,7630.0,41.45,0.1183,121.4,0.1143
2026-07-14,7530.62,2026-07-30,16.0,7635.0,39.5,0.1177,124.4,0.1134
2026-07-14,7530.62,2026-07-30,16.0,7640.0,37.4,0.1168,127.6,0.1128
2026-07-14,7530.62,2026-07-30,16.0,7645.0,35.7,0.1165,130.7,0.1119
2026-07-14,7530.62,2026-07-30,16.0,7650.0,33.8,0.1157,134.05,0.1113
2026-07-14,7530.62,2026-07-30,16.0,7660.0,30.5,0.1147,140.75,0.1098
2026-07-14,7530.62,2026-07-30,16.0,7670.0,27.3,0.1135,147.55,0.1079
2026-07-14,7530.62,2026-07-30,16.0,7675.0,25.75,0.1129,151.05,0.1069
2026-07-14,7530.62,2026-07-30,16.0,7680.0,24.3,0.1123,154.55,0.1057
2026-07-14,7530.62,2026-07-30,16.0,7690.0,21.65,0.1113,161.85,0.1036
2026-07-14,7530.62,2026-07-30,16.0,7700.0,19.1,0.1102,169.1,0.1004
2026-07-14,7530.62,2026-07-30,16.0,7710.0,16.85,0.1092,177.05,0.098
2026-07-14,7530.62,2026-07-30,16.0,7720.0,14.8,0.1083,185.3,0.0954
2026-07-14,7530.62,2026-07-30,16.0,7725.0,13.85,0.1078,189.15,0.092
2026-07-14,7530.62,2026-07-30,16.0,7730.0,12.85,0.1071,192.8,0.0845
2026-07-14,7530.62,2026-07-30,16.0,7740.0,11.3,0.1066,201.2,0.0843
2026-07-14,7530.62,2026-07-30,16.0,7750.0,9.75,0.1056,209.65,0.0875
2026-07-14,7530.62,2026-07-30,16.0,7760.0,8.45,0.1049,,
2026-07-14,7530.62,2026-07-30,16.0,7775.0,6.75,0.1039,233.05,0.0952
2026-07-14,7530.62,2026-07-30,16.0,7800.0,4.6,0.1025,255.55,0.1027
2026-07-14,7530.62,2026-07-30,16.0,7825.0,3.15,0.1019,,
2026-07-14,7530.62,2026-07-30,16.0,7850.0,2.15,0.1017,,
2026-07-14,7530.62,2026-07-30,16.0,7875.0,1.52,0.1024,,
2026-07-14,7530.62,2026-07-30,16.0,7900.0,1.12,0.1039,,
2026-07-14,7530.62,2026-07-30,16.0,7925.0,0.88,0.1061,,
2026-07-14,7530.62,2026-07-30,16.0,7950.0,0.7,0.1087,,
2026-07-14,7530.62,2026-07-30,16.0,7975.0,0.57,0.1115,,
2026-07-14,7530.62,2026-07-30,16.0,8000.0,0.48,0.1143,,
2026-07-14,7530.62,2026-07-30,16.0,8025.0,0.42,0.1182,,
2026-07-14,7530.62,2026-07-30,16.0,8050.0,0.38,0.1217,,
2026-07-14,7530.62,2026-07-30,16.0,8075.0,0.33,0.1249,,
2026-07-14,7530.62,2026-07-30,16.0,8100.0,0.3,0.1288,,
2026-07-14,7530.62,2026-07-30,16.0,8200.0,0.22,0.1443,,
2026-07-14,7530.62,2026-07-30,16.0,8300.0,0.17,0.1593,,
2026-07-14,7530.62,2026-07-30,16.0,8400.0,0.15,0.1749,,
2026-07-14,7530.62,2026-07-30,16.0,8600.0,0.1,0.2023,,
2026-07-14,7530.62,2026-07-31,17.0,5650.0,1898.1,0.5166,0.65,0.4907
2026-07-14,7530.62,2026-07-31,17.0,5660.0,1888.55,0.5336,0.68,0.4898
2026-07-14,7530.62,2026-07-31,17.0,5670.0,1877.7,0.484,0.68,0.487
2026-07-14,7530.62,2026-07-31,17.0,5675.0,1872.15,0.4013,0.68,0.4857
2026-07-14,7530.62,2026-07-31,17.0,5680.0,1868.7,0.5323,0.68,0.4843
2026-07-14,7530.62,2026-07-31,17.0,5690.0,1857.05,0.3443,0.68,0.4816
2026-07-14,7530.62,2026-07-31,17.0,5700.0,1848.55,0.5191,0.68,0.4788
2026-07-14,7530.62,2026-07-31,17.0,5710.0,1838.75,0.5234,0.68,0.4761
2026-07-14,7530.62,2026-07-31,17.0,5720.0,1827.95,0.4817,0.73,0.4768
2026-07-14,7530.62,2026-07-31,17.0,5725.0,1823.15,0.4913,0.73,0.4754
2026-07-14,7530.62,2026-07-31,17.0,5730.0,1818.5,0.5061,0.73,0.4741
2026-07-14,7530.62,2026-07-31,17.0,5740.0,1808.2,0.4884,0.73,0.4713
2026-07-14,7530.62,2026-07-31,17.0,5750.0,1797.95,0.4702,0.73,0.4686
2026-07-14,7530.62,2026-07-31,17.0,5760.0,1787.7,0.4473,0.73,0.4659
2026-07-14,7530.62,2026-07-31,17.0,5770.0,1778.55,0.4939,0.73,0.4632
2026-07-14,7530.62,2026-07-31,17.0,5775.0,1772.5,0.4183,0.75,0.4634
2026-07-14,7530.62,2026-07-31,17.0,5780.0,1767.5,0.4158,0.77,0.4636
2026-07-14,7530.62,2026-07-31,17.0,5790.0,1758.25,0.4726,0.77,0.4609
2026-07-14,7530.62,2026-07-31,17.0,5800.0,1748.4,0.4764,0.77,0.4582
2026-07-14,7530.62,2026-07-31,17.0,5810.0,1738.4,0.4727,0.77,0.4554
2026-07-14,7530.62,2026-07-31,17.0,5820.0,1728.95,0.4916,0.77,0.4527
2026-07-14,7530.62,2026-07-31,17.0,5825.0,1723.55,0.4742,0.8,0.4529
2026-07-14,7530.62,2026-07-31,17.0,5830.0,1718.75,0.4807,0.82,0.453
2026-07-14,7530.62,2026-07-31,17.0,5840.0,1709.85,0.5119,0.82,0.4502
2026-07-14,7530.62,2026-07-31,17.0,5850.0,1698.95,0.4811,0.82,0.4475
2026-07-14,7530.62,2026-07-31,17.0,5860.0,1689.1,0.4828,0.82,0.4448
2026-07-14,7530.62,2026-07-31,17.0,5870.0,1677.85,0.4155,0.82,0.4421
2026-07-14,7530.62,2026-07-31,17.0,5875.0,1674.1,0.4776,0.85,0.4421
2026-07-14,7530.62,2026-07-31,17.0,5880.0,1668.25,0.4396,0.88,0.4421
2026-07-14,7530.62,2026-07-31,17.0,5890.0,1659.0,0.469,0.88,0.4394
2026-07-14,7530.62,2026-07-31,17.0,5900.0,1648.55,0.4475,0.88,0.4366
2026-07-14,7530.62,2026-07-31,17.0,5910.0,1640.05,0.4928,0.88,0.4339
2026-07-14,7530.62,2026-07-31,17.0,5920.0,1629.3,0.4686,0.93,0.4338
2026-07-14,7530.62,2026-07-31,17.0,5925.0,1623.4,0.4314,0.93,0.4324
2026-07-14,7530.62,2026-07-31,17.0,5930.0,1617.95,0.4,0.93,0.4311
2026-07-14,7530.62,2026-07-31,17.0,5940.0,1608.85,0.4461,0.93,0.4283
2026-07-14,7530.62,2026-07-31,17.0,5950.0,1599.3,0.4583,0.93,0.4256
2026-07-14,7530.62,2026-07-31,17.0,5960.0,1589.65,0.4652,0.95,0.4241
2026-07-14,7530.62,2026-07-31,17.0,5970.0,1579.45,0.4561,0.98,0.4226
2026-07-14,7530.62,2026-07-31,17.0,5975.0,1574.4,0.4529,0.98,0.4213
2026-07-14,7530.62,2026-07-31,17.0,5980.0,1569.25,0.4464,0.98,0.4199
2026-07-14,7530.62,2026-07-31,17.0,5990.0,1560.45,0.4748,0.98,0.4172
2026-07-14,7530.62,2026-07-31,17.0,6000.0,1548.9,0.4273,1.0,0.4156
2026-07-14,7530.62,2026-07-31,17.0,6010.0,1540.5,0.4691,1.02,0.414
2026-07-14,7530.62,2026-07-31,17.0,6020.0,1528.75,0.4143,1.02,0.4113
2026-07-14,7530.62,2026-07-31,17.0,6025.0,1524.2,0.4295,1.02,0.4099
2026-07-14,7530.62,2026-07-31,17.0,6030.0,1520.9,0.4707,1.02,0.4086
2026-07-14,7530.62,2026-07-31,17.0,6040.0,1508.9,0.4136,1.07,0.408
2026-07-14,7530.62,2026-07-31,17.0,6050.0,1498.5,0.392,1.07,0.4053
2026-07-14,7530.62,2026-07-31,17.0,6060.0,1488.85,0.4047,1.07,0.4026
2026-07-14,7530.62,2026-07-31,17.0,6070.0,1480.75,0.4542,1.12,0.4019
2026-07-14,7530.62,2026-07-31,17.0,6075.0,1474.45,0.4206,1.12,0.4006
2026-07-14,7530.62,2026-07-31,17.0,6080.0,1470.05,0.4352,1.12,0.3992
2026-07-14,7530.62,2026-07-31,17.0,6090.0,1460.8,0.4485,1.12,0.3965
2026-07-14,7530.62,2026-07-31,17.0,6100.0,1450.2,0.4321,1.15,0.3947
2026-07-14,7530.62,2026-07-31,17.0,6110.0,1439.8,0.4188,1.18,0.393
2026-07-14,7530.62,2026-07-31,17.0,6120.0,1429.5,0.4071,1.18,0.3903
2026-07-14,7530.62,2026-07-31,17.0,6125.0,1423.8,0.3804,1.18,0.3889
2026-07-14,7530.62,2026-07-31,17.0,6130.0,1419.65,0.4081,1.23,0.3894
2026-07-14,7530.62,2026-07-31,17.0,6140.0,1409.0,0.3836,1.23,0.3867
2026-07-14,7530.62,2026-07-31,17.0,6150.0,1400.0,0.4107,1.25,0.3849
2026-07-14,7530.62,2026-07-31,17.0,6160.0,1389.75,0.4009,1.27,0.383
2026-07-14,7530.62,2026-07-31,17.0,6170.0,1380.0,0.4041,1.27,0.3803
2026-07-14,7530.62,2026-07-31,17.0,6175.0,1373.95,0.3698,1.3,0.3798
2026-07-14,7530.62,2026-07-31,17.0,6180.0,1368.65,0.3543,1.3,0.3784
2026-07-14,7530.62,2026-07-31,17.0,6190.0,1361.25,0.4237,1.32,0.3765
2026-07-14,7530.62,2026-07-31,17.0,6200.0,1349.95,0.393,1.35,0.3746
2026-07-14,7530.62,2026-07-31,17.0,6210.0,1341.05,0.4135,1.38,0.3727
2026-07-14,7530.62,2026-07-31,17.0,6220.0,1330.0,0.3878,1.4,0.3707
2026-07-14,7530.62,2026-07-31,17.0,6225.0,1325.05,0.3873,1.38,0.3686
2026-07-14,7530.62,2026-07-31,17.0,6230.0,1321.75,0.419,1.4,0.368
2026-07-14,7530.62,2026-07-31,17.0,6240.0,1310.6,0.3948,1.43,0.366
2026-07-14,7530.62,2026-07-31,17.0,6250.0,1300.3,0.3851,1.45,0.3641
2026-07-14,7530.62,2026-07-31,17.0,6260.0,1289.05,0.3454,1.48,0.3621
2026-07-14,7530.62,2026-07-31,17.0,6270.0,1280.55,0.384,1.5,0.3601
2026-07-14,7530.62,2026-07-31,17.0,6275.0,1274.55,0.3577,1.52,0.3594
2026-07-14,7530.62,2026-07-31,17.0,6280.0,1270.8,0.3858,1.52,0.358
2026-07-14,7530.62,2026-07-31,17.0,6290.0,1260.9,0.3845,1.52,0.3553
2026-07-14,7530.62,2026-07-31,17.0,6300.0,1250.7,0.3773,1.57,0.354
2026-07-14,7530.62,2026-07-31,17.0,6310.0,1240.6,0.3721,1.57,0.3512
2026-07-14,7530.62,2026-07-31,17.0,6320.0,1230.1,0.3578,1.62,0.3498
2026-07-14,7530.62,2026-07-31,17.0,6325.0,1225.4,0.363,1.65,0.3491
2026-07-14,7530.62,2026-07-31,17.0,6330.0,1220.75,0.3686,1.65,0.3477
2026-07-14,7530.62,2026-07-31,17.0,6340.0,1210.75,0.3654,1.68,0.3456
2026-07-14,7530.62,2026-07-31,17.0,6350.0,1200.7,0.3612,1.73,0.3441
2026-07-14,7530.62,2026-07-31,17.0,6360.0,1190.3,0.3496,1.73,0.3414
2026-07-14,7530.62,2026-07-31,17.0,6370.0,1180.9,0.3586,1.77,0.3398
2026-07-14,7530.62,2026-07-31,17.0,6375.0,1175.65,0.3522,1.77,0.3385
2026-07-14,7530.62,2026-07-31,17.0,6380.0,1170.35,0.3443,1.77,0.3371
2026-07-14,7530.62,2026-07-31,17.0,6390.0,1160.75,0.3494,1.82,0.3355
2026-07-14,7530.62,2026-07-31,17.0,6400.0,1150.6,0.3432,1.88,0.3339
2026-07-14,7530.62,2026-07-31,17.0,6410.0,1141.25,0.352,1.88,0.3311
2026-07-14,7530.62,2026-07-31,17.0,6420.0,1131.6,0.3546,1.93,0.3295
2026-07-14,7530.62,2026-07-31,17.0,6425.0,1126.0,0.3429,1.93,0.3281
2026-07-14,7530.62,2026-07-31,17.0,6430.0,1121.1,0.343,1.97,0.3278
2026-07-14,7530.62,2026-07-31,17.0,6440.0,1111.25,0.3424,1.97,0.325
2026-07-14,7530.62,2026-07-31,17.0,6450.0,1101.2,0.3384,2.02,0.3233
2026-07-14,7530.62,2026-07-31,17.0,6460.0,1090.35,0.319,2.08,0.3215
2026-07-14,7530.62,2026-07-31,17.0,6470.0,1080.3,0.3148,2.12,0.3197
2026-07-14,7530.62,2026-07-31,17.0,6475.0,1076.4,0.3338,2.12,0.3183
2026-07-14,7530.62,2026-07-31,17.0,6480.0,1071.8,0.3384,2.12,0.3169
2026-07-14,7530.62,2026-07-31,17.0,6490.0,1060.95,0.3214,2.17,0.3151
2026-07-14,7530.62,2026-07-31,17.0,6500.0,1051.65,0.3297,2.22,0.3133
2026-07-14,7530.62,2026-07-31,17.0,6510.0,1042.15,0.3338,2.28,0.3114
2026-07-14,7530.62,2026-07-31,17.0,6520.0,1031.3,0.3179,2.33,0.3095
2026-07-14,7530.62,2026-07-31,17.0,6525.0,1025.65,0.3048,2.33,0.3081
2026-07-14,7530.62,2026-07-31,17.0,6530.0,1021.75,0.3217,2.38,0.3076
2026-07-14,7530.62,2026-07-31,17.0,6540.0,1012.35,0.3268,2.4,0.3052
2026-07-14,7530.62,2026-07-31,17.0,6550.0,1001.9,0.3175,2.47,0.3037
2026-07-14,7530.62,2026-07-31,17.0,6560.0,991.7,0.3114,2.5,0.3013
2026-07-14,7530.62,2026-07-31,17.0,6565.0,986.75,0.3106,2.53,0.3003
2026-07-14,7530.62,2026-07-31,17.0,6570.0,981.45,0.3045,2.55,0.2993
2026-07-14,7530.62,2026-07-31,17.0,6575.0,976.95,0.3103,2.58,0.2983
2026-07-14,7530.62,2026-07-31,17.0,6580.0,971.9,0.308,2.62,0.2977
2026-07-14,7530.62,2026-07-31,17.0,6585.0,967.55,0.315,2.62,0.2963
2026-07-14,7530.62,2026-07-31,17.0,6590.0,961.6,0.3005,2.67,0.2957
2026-07-14,7530.62,2026-07-31,17.0,6595.0,957.3,0.3086,2.67,0.2942
2026-07-14,7530.62,2026-07-31,17.0,6600.0,952.0,0.303,2.72,0.2936
2026-07-14,7530.62,2026-07-31,17.0,6605.0,946.9,0.3001,2.72,0.2922
2026-07-14,7530.62,2026-07-31,17.0,6610.0,941.0,0.2847,2.78,0.2915
2026-07-14,7530.62,2026-07-31,17.0,6615.0,936.0,0.2831,2.78,0.2901
2026-07-14,7530.62,2026-07-31,17.0,6620.0,932.8,0.3068,2.83,0.2894
2026-07-14,7530.62,2026-07-31,17.0,6625.0,927.45,0.301,2.88,0.2887
2026-07-14,7530.62,2026-07-31,17.0,6630.0,921.6,0.288,2.88,0.2873
2026-07-14,7530.62,2026-07-31,17.0,6635.0,917.05,0.2927,2.92,0.2865
2026-07-14,7530.62,2026-07-31,17.0,6640.0,912.15,0.2924,2.92,0.2851
2026-07-14,7530.62,2026-07-31,17.0,6645.0,907.7,0.2977,3.0,0.2847
2026-07-14,7530.62,2026-07-31,17.0,6650.0,902.6,0.2949,3.03,0.2836
2026-07-14,7530.62,2026-07-31,17.0,6655.0,896.75,0.2823,3.03,0.2822
2026-07-14,7530.62,2026-07-31,17.0,6660.0,892.85,0.2946,3.1,0.2818
2026-07-14,7530.62,2026-07-31,17.0,6665.0,886.95,0.2819,3.1,0.2803
2026-07-14,7530.62,2026-07-31,17.0,6670.0,883.4,0.2975,3.1,0.2789
2026-07-14,7530.62,2026-07-31,17.0,6675.0,877.95,0.291,3.2,0.2788
2026-07-14,7530.62,2026-07-31,17.0,6680.0,872.65,0.2859,3.2,0.2773
2026-07-14,7530.62,2026-07-31,17.0,6685.0,867.75,0.2855,3.2,0.2759
2026-07-14,7530.62,2026-07-31,17.0,6690.0,862.55,0.2816,3.3,0.2757
2026-07-14,7530.62,2026-07-31,17.0,6695.0,857.2,0.2757,3.3,0.2743
2026-07-14,7530.62,2026-07-31,17.0,6700.0,853.5,0.2889,3.35,0.2734
2026-07-14,7530.62,2026-07-31,17.0,6705.0,847.9,0.2809,3.4,0.2726
2026-07-14,7530.62,2026-07-31,17.0,6710.0,843.5,0.2857,3.4,0.2712
2026-07-14,7530.62,2026-07-31,17.0,6715.0,837.25,0.2701,3.5,0.2709
2026-07-14,7530.62,2026-07-31,17.0,6720.0,832.8,0.275,3.5,0.2694
2026-07-14,7530.62,2026-07-31,17.0,6725.0,827.65,0.2717,3.5,0.268
2026-07-14,7530.62,2026-07-31,17.0,6730.0,823.45,0.2787,3.6,0.2677
2026-07-14,7530.62,2026-07-31,17.0,6735.0,818.55,0.2781,3.6,0.2662
2026-07-14,7530.62,2026-07-31,17.0,6740.0,813.45,0.2755,3.7,0.2659
2026-07-14,7530.62,2026-07-31,17.0,6745.0,808.5,0.2744,3.7,0.2644
2026-07-14,7530.62,2026-07-31,17.0,6750.0,804.3,0.2804,3.8,0.2641
2026-07-14,7530.62,2026-07-31,17.0,6755.0,797.65,0.2622,3.8,0.2626
2026-07-14,7530.62,2026-07-31,17.0,6760.0,794.05,0.2749,3.85,0.2617
2026-07-14,7530.62,2026-07-31,17.0,6765.0,788.6,0.269,3.9,0.2607
2026-07-14,7530.62,2026-07-31,17.0,6770.0,782.95,0.2608,4.0,0.2603
2026-07-14,7530.62,2026-07-31,17.0,6775.0,779.25,0.2718,4.0,0.2588
2026-07-14,7530.62,2026-07-31,17.0,6780.0,772.75,0.2555,4.0,0.2574
2026-07-14,7530.62,2026-07-31,17.0,6785.0,768.55,0.2621,4.1,0.2569
2026-07-14,7530.62,2026-07-31,17.0,6790.0,763.85,0.2634,4.15,0.2559
2026-07-14,7530.62,2026-07-31,17.0,6795.0,758.4,0.2575,4.2,0.2549
2026-07-14,7530.62,2026-07-31,17.0,6800.0,754.05,0.262,4.25,0.2539
2026-07-14,7530.62,2026-07-31,17.0,6805.0,748.45,0.2548,4.3,0.2529
2026-07-14,7530.62,2026-07-31,17.0,6810.0,744.4,0.2618,4.4,0.2524
2026-07-14,7530.62,2026-07-31,17.0,6815.0,738.7,0.2539,4.4,0.2509
2026-07-14,7530.62,2026-07-31,17.0,6820.0,734.95,0.2631,4.5,0.2503
2026-07-14,7530.62,2026-07-31,17.0,6825.0,729.95,0.2615,4.5,0.2488
2026-07-14,7530.62,2026-07-31,17.0,6830.0,724.35,0.2549,4.6,0.2483
2026-07-14,7530.62,2026-07-31,17.0,6835.0,720.15,0.2598,4.7,0.2477
2026-07-14,7530.62,2026-07-31,17.0,6840.0,715.25,0.2589,4.7,0.2461
2026-07-14,7530.62,2026-07-31,17.0,6845.0,710.05,0.2557,4.8,0.2455
2026-07-14,7530.62,2026-07-31,17.0,6850.0,704.2,0.2472,4.85,0.2444
2026-07-14,7530.62,2026-07-31,17.0,6855.0,700.4,0.2551,4.9,0.2433
2026-07-14,7530.62,2026-07-31,17.0,6860.0,695.45,0.2539,5.0,0.2427
2026-07-14,7530.62,2026-07-31,17.0,6865.0,689.3,0.2432,5.1,0.242
2026-07-14,7530.62,2026-07-31,17.0,6870.0,685.75,0.2528,5.15,0.2409
2026-07-14,7530.62,2026-07-31,17.0,6875.0,680.8,0.2515,5.2,0.2397
2026-07-14,7530.62,2026-07-31,17.0,6880.0,675.75,0.2495,5.3,0.239
2026-07-14,7530.62,2026-07-31,17.0,6885.0,668.85,0.2329,5.4,0.2383
2026-07-14,7530.62,2026-07-31,17.0,6890.0,665.7,0.2458,5.4,0.2367
2026-07-14,7530.62,2026-07-31,17.0,6895.0,660.6,0.2434,5.5,0.236
2026-07-14,7530.62,2026-07-31,17.0,6900.0,654.7,0.2351,5.6,0.2352
2026-07-14,7530.62,2026-07-31,17.0,6905.0,651.15,0.2439,5.7,0.2344
2026-07-14,7530.62,2026-07-31,17.0,6910.0,646.45,0.2443,5.8,0.2336
2026-07-14,7530.62,2026-07-31,17.0,6915.0,641.65,0.2439,5.8,0.232
2026-07-14,7530.62,2026-07-31,17.0,6920.0,636.35,0.2403,5.9,0.2312
2026-07-14,7530.62,2026-07-31,17.0,6925.0,631.65,0.2406,6.0,0.2303
2026-07-14,7530.62,2026-07-31,17.0,6930.0,626.6,0.2386,6.15,0.2298
2026-07-14,7530.62,2026-07-31,17.0,6935.0,620.65,0.2306,6.2,0.2286
2026-07-14,7530.62,2026-07-31,17.0,6940.0,616.25,0.2329,6.3,0.2277
2026-07-14,7530.62,2026-07-31,17.0,6945.0,611.7,0.2342,6.4,0.2268
2026-07-14,7530.62,2026-07-31,17.0,6950.0,606.55,0.2315,6.5,0.2259
2026-07-14,7530.62,2026-07-31,17.0,6955.0,600.5,0.2229,6.65,0.2253
2026-07-14,7530.62,2026-07-31,17.0,6960.0,597.15,0.2319,6.75,0.2244
2026-07-14,7530.62,2026-07-31,17.0,6965.0,592.65,0.2331,6.85,0.2234
2026-07-14,7530.62,2026-07-31,17.0,6970.0,587.0,0.2276,6.95,0.2224
2026-07-14,7530.62,2026-07-31,17.0,6975.0,582.55,0.2291,7.1,0.2218
2026-07-14,7530.62,2026-07-31,17.0,6980.0,576.4,0.2205,7.2,0.2208
2026-07-14,7530.62,2026-07-31,17.0,6985.0,573.1,0.2288,7.35,0.2201
2026-07-14,7530.62,2026-07-31,17.0,6990.0,567.45,0.2234,7.45,0.219
2026-07-14,7530.62,2026-07-31,17.0,6995.0,562.2,0.2203,7.55,0.218
2026-07-14,7530.62,2026-07-31,17.0,7000.0,558.35,0.225,7.7,0.2173
2026-07-14,7530.62,2026-07-31,17.0,7005.0,553.35,0.2233,7.85,0.2165
2026-07-14,7530.62,2026-07-31,17.0,7010.0,548.65,0.2231,7.95,0.2154
2026-07-14,7530.62,2026-07-31,17.0,7015.0,543.7,0.2217,8.1,0.2146
2026-07-14,7530.62,2026-07-31,17.0,7020.0,537.8,0.2151,8.25,0.2138
2026-07-14,7530.62,2026-07-31,17.0,7025.0,533.95,0.2195,8.4,0.2129
2026-07-14,7530.62,2026-07-31,17.0,7030.0,528.8,0.217,8.55,0.2121
2026-07-14,7530.62,2026-07-31,17.0,7035.0,524.55,0.219,8.75,0.2115
2026-07-14,7530.62,2026-07-31,17.0,7040.0,519.35,0.2162,8.85,0.2103
2026-07-14,7530.62,2026-07-31,17.0,7045.0,513.75,0.2115,9.05,0.2096
2026-07-14,7530.62,2026-07-31,17.0,7050.0,510.05,0.2161,9.2,0.2087
2026-07-14,7530.62,2026-07-31,17.0,7055.0,504.15,0.21,9.35,0.2078
2026-07-14,7530.62,2026-07-31,17.0,7060.0,499.4,0.2094,9.55,0.207
2026-07-14,7530.62,2026-07-31,17.0,7065.0,496.0,0.215,9.75,0.2063
2026-07-14,7530.62,2026-07-31,17.0,7070.0,490.75,0.2121,9.95,0.2055
2026-07-14,7530.62,2026-07-31,17.0,7075.0,485.95,0.2112,10.1,0.2045
2026-07-14,7530.62,2026-07-31,17.0,7080.0,480.0,0.2052,10.3,0.2037
2026-07-14,7530.62,2026-07-31,17.0,7085.0,476.5,0.21,10.5,0.2029
2026-07-14,7530.62,2026-07-31,17.0,7090.0,471.4,0.2077,10.75,0.2023
2026-07-14,7530.62,2026-07-31,17.0,7095.0,466.9,0.208,10.95,0.2014
2026-07-14,7530.62,2026-07-31,17.0,7100.0,461.95,0.2064,11.15,0.2005
2026-07-14,7530.62,2026-07-31,17.0,7105.0,458.05,0.209,11.35,0.1996
2026-07-14,7530.62,2026-07-31,17.0,7110.0,452.4,0.2046,11.6,0.1989
2026-07-14,7530.62,2026-07-31,17.0,7115.0,448.4,0.2066,11.85,0.1982
2026-07-14,7530.62,2026-07-31,17.0,7120.0,443.0,0.2032,12.05,0.1972
2026-07-14,7530.62,2026-07-31,17.0,7125.0,438.55,0.2035,12.25,0.1962
2026-07-14,7530.62,2026-07-31,17.0,7130.0,433.35,0.2008,12.6,0.1958
2026-07-14,7530.62,2026-07-31,17.0,7135.0,429.35,0.2027,12.7,0.1944
2026-07-14,7530.62,2026-07-31,17.0,7140.0,424.9,0.2028,13.05,0.1939
2026-07-14,7530.62,2026-07-31,17.0,7145.0,419.75,0.2003,13.25,0.1929
2026-07-14,7530.62,2026-07-31,17.0,7150.0,414.4,0.1972,13.6,0.1924
2026-07-14,7530.62,2026-07-31,17.0,7155.0,409.8,0.1967,13.8,0.1913
2026-07-14,7530.62,2026-07-31,17.0,7160.0,405.15,0.196,14.25,0.191
2026-07-14,7530.62,2026-07-31,17.0,7165.0,400.45,0.1951,14.5,0.1901
2026-07-14,7530.62,2026-07-31,17.0,7170.0,395.75,0.1942,14.85,0.1894
2026-07-14,7530.62,2026-07-31,17.0,7175.0,391.1,0.1935,15.15,0.1886
2026-07-14,7530.62,2026-07-31,17.0,7180.0,386.75,0.1937,15.4,0.1876
2026-07-14,7530.62,2026-07-31,17.0,7185.0,382.2,0.1932,15.7,0.1867
2026-07-14,7530.62,2026-07-31,17.0,7190.0,377.45,0.192,16.05,0.1859
2026-07-14,7530.62,2026-07-31,17.0,7195.0,372.65,0.1906,16.4,0.1852
2026-07-14,7530.62,2026-07-31,17.0,7200.0,367.7,0.1888,16.85,0.1847
2026-07-14,7530.62,2026-07-31,17.0,7205.0,363.2,0.1884,17.25,0.184
2026-07-14,7530.62,2026-07-31,17.0,7210.0,358.7,0.1879,17.5,0.1828
2026-07-14,7530.62,2026-07-31,17.0,7215.0,354.0,0.1868,17.95,0.1823
2026-07-14,7530.62,2026-07-31,17.0,7220.0,349.45,0.1861,18.35,0.1815
2026-07-14,7530.62,2026-07-31,17.0,7225.0,344.85,0.1852,18.75,0.1807
2026-07-14,7530.62,2026-07-31,17.0,7230.0,340.3,0.1844,19.2,0.18
2026-07-14,7530.62,2026-07-31,17.0,7235.0,335.65,0.1834,19.65,0.1793
2026-07-14,7530.62,2026-07-31,17.0,7240.0,331.45,0.1835,19.95,0.1782
2026-07-14,7530.62,2026-07-31,17.0,7245.0,326.7,0.1821,20.5,0.1777
2026-07-14,7530.62,2026-07-31,17.0,7250.0,322.35,0.1818,21.0,0.177
2026-07-14,7530.62,2026-07-31,17.0,7255.0,317.9,0.1812,21.5,0.1763
2026-07-14,7530.62,2026-07-31,17.0,7260.0,313.4,0.1804,21.85,0.1752
2026-07-14,7530.62,2026-07-31,17.0,7265.0,308.85,0.1794,22.4,0.1746
2026-07-14,7530.62,2026-07-31,17.0,7270.0,304.45,0.1788,23.0,0.174
2026-07-14,7530.62,2026-07-31,17.0,7275.0,299.8,0.1775,23.5,0.1732
2026-07-14,7530.62,2026-07-31,17.0,7280.0,295.2,0.1763,23.9,0.1721
2026-07-14,7530.62,2026-07-31,17.0,7285.0,291.0,0.1761,24.55,0.1716
2026-07-14,7530.62,2026-07-31,17.0,7290.0,286.6,0.1754,25.0,0.1705
2026-07-14,7530.62,2026-07-31,17.0,7295.0,282.15,0.1745,25.6,0.1698
2026-07-14,7530.62,2026-07-31,17.0,7300.0,277.65,0.1734,26.25,0.1692
2026-07-14,7530.62,2026-07-31,17.0,7305.0,273.4,0.1729,26.8,0.1683
2026-07-14,7530.62,2026-07-31,17.0,7310.0,269.15,0.1724,27.6,0.168
2026-07-14,7530.62,2026-07-31,17.0,7315.0,264.75,0.1715,28.0,0.1666
2026-07-14,7530.62,2026-07-31,17.0,7320.0,260.4,0.1706,28.8,0.1662
2026-07-14,7530.62,2026-07-31,17.0,7325.0,256.1,0.1699,29.55,0.1656
2026-07-14,7530.62,2026-07-31,17.0,7330.0,251.6,0.1686,30.2,0.1648
2026-07-14,7530.62,2026-07-31,17.0,7335.0,247.7,0.1687,30.75,0.1637
2026-07-14,7530.62,2026-07-31,17.0,7340.0,243.25,0.1675,31.65,0.1633
2026-07-14,7530.62,2026-07-31,17.0,7345.0,239.05,0.1668,32.4,0.1625
2026-07-14,7530.62,2026-07-31,17.0,7350.0,234.7,0.1657,33.05,0.1615
2026-07-14,7530.62,2026-07-31,17.0,7355.0,230.4,0.1648,34.0,0.1611
2026-07-14,7530.62,2026-07-31,17.0,7360.0,226.45,0.1644,34.75,0.1603
2026-07-14,7530.62,2026-07-31,17.0,7365.0,222.25,0.1636,35.45,0.1592
2026-07-14,7530.62,2026-07-31,17.0,7370.0,217.85,0.1623,36.45,0.1588
2026-07-14,7530.62,2026-07-31,17.0,7375.0,214.0,0.1621,37.35,0.1581
2026-07-14,7530.62,2026-07-31,17.0,7380.0,209.65,0.1608,38.2,0.1573
2026-07-14,7530.62,2026-07-31,17.0,7385.0,205.4,0.1597,38.85,0.156
2026-07-14,7530.62,2026-07-31,17.0,7390.0,201.35,0.1589,40.0,0.1557
2026-07-14,7530.62,2026-07-31,17.0,7395.0,197.45,0.1584,41.0,0.155
2026-07-14,7530.62,2026-07-31,17.0,7400.0,194.0,0.1587,41.8,0.1539
2026-07-14,7530.62,2026-07-31,17.0,7405.0,189.45,0.1568,42.85,0.1532
2026-07-14,7530.62,2026-07-31,17.0,7410.0,186.0,0.157,43.85,0.1524
2026-07-14,7530.62,2026-07-31,17.0,7415.0,181.4,0.155,44.95,0.1517
2026-07-14,7530.62,2026-07-31,17.0,7420.0,178.3,0.1557,46.1,0.1511
2026-07-14,7530.62,2026-07-31,17.0,7425.0,173.75,0.1537,47.3,0.1505
2026-07-14,7530.62,2026-07-31,17.0,7430.0,169.8,0.1528,48.05,0.149
2026-07-14,7530.62,2026-07-31,17.0,7435.0,166.2,0.1524,49.6,0.1489
2026-07-14,7530.62,2026-07-31,17.0,7440.0,162.3,0.1514,50.65,0.1479
2026-07-14,7530.62,2026-07-31,17.0,7445.0,158.4,0.1504,52.0,0.1473
2026-07-14,7530.62,2026-07-31,17.0,7450.0,154.7,0.1497,53.2,0.1465
2026-07-14,7530.62,2026-07-31,17.0,7455.0,151.2,0.1493,54.3,0.1454
2026-07-14,7530.62,2026-07-31,17.0,7460.0,147.3,0.1482,55.8,0.1449
2026-07-14,7530.62,2026-07-31,17.0,7465.0,143.8,0.1476,57.0,0.1439
2026-07-14,7530.62,2026-07-31,17.0,7470.0,140.3,0.1471,58.15,0.1428
2026-07-14,7530.62,2026-07-31,17.0,7475.0,136.4,0.1458,59.75,0.1423
2026-07-14,7530.62,2026-07-31,17.0,7480.0,133.0,0.1452,61.3,0.1417
2026-07-14,7530.62,2026-07-31,17.0,7485.0,129.5,0.1445,62.85,0.141
2026-07-14,7530.62,2026-07-31,17.0,7490.0,126.0,0.1437,64.2,0.14
2026-07-14,7530.62,2026-07-31,17.0,7495.0,122.4,0.1426,65.85,0.1393
2026-07-14,7530.62,2026-07-31,17.0,7500.0,119.05,0.1419,67.35,0.1384
2026-07-14,7530.62,2026-07-31,17.0,7505.0,115.8,0.1414,69.05,0.1377
2026-07-14,7530.62,2026-07-31,17.0,7510.0,112.6,0.1408,70.65,0.1368
2026-07-14,7530.62,2026-07-31,17.0,7515.0,109.3,0.14,72.45,0.1362
2026-07-14,7530.62,2026-07-31,17.0,7520.0,106.1,0.1393,74.05,0.1351
2026-07-14,7530.62,2026-07-31,17.0,7525.0,102.7,0.1382,76.0,0.1346
2026-07-14,7530.62,2026-07-31,17.0,7530.0,99.55,0.1375,77.8,0.1337
2026-07-14,7530.62,2026-07-31,17.0,7535.0,96.55,0.1369,79.7,0.133
2026-07-14,7530.62,2026-07-31,17.0,7540.0,93.35,0.1359,81.6,0.1321
2026-07-14,7530.62,2026-07-31,17.0,7545.0,90.45,0.1354,83.4,0.1311
2026-07-14,7530.62,2026-07-31,17.0,7550.0,87.55,0.1347,85.4,0.1302
2026-07-14,7530.62,2026-07-31,17.0,7555.0,84.45,0.1337,87.65,0.1297
2026-07-14,7530.62,2026-07-31,17.0,7560.0,81.55,0.133,89.75,0.1289
2026-07-14,7530.62,2026-07-31,17.0,7565.0,78.9,0.1325,91.8,0.1279
2026-07-14,7530.62,2026-07-31,17.0,7570.0,75.9,0.1314,94.0,0.1271
2026-07-14,7530.62,2026-07-31,17.0,7575.0,73.35,0.131,96.45,0.1266
2026-07-14,7530.62,2026-07-31,17.0,7580.0,70.6,0.1302,98.7,0.1257
2026-07-14,7530.62,2026-07-31,17.0,7585.0,68.1,0.1296,101.0,0.1248
2026-07-14,7530.62,2026-07-31,17.0,7590.0,65.5,0.1289,102.5,0.1225
2026-07-14,7530.62,2026-07-31,17.0,7595.0,62.95,0.1281,105.9,0.1231
2026-07-14,7530.62,2026-07-31,17.0,7600.0,60.55,0.1275,108.25,0.122
2026-07-14,7530.62,2026-07-31,17.0,7605.0,58.0,0.1266,111.1,0.1216
2026-07-14,7530.62,2026-07-31,17.0,7610.0,55.8,0.1262,113.9,0.1211
2026-07-14,7530.62,2026-07-31,17.0,7615.0,53.45,0.1254,116.5,0.1201
2026-07-14,7530.62,2026-07-31,17.0,7620.0,51.25,0.1248,119.25,0.1193
2026-07-14,7530.62,2026-07-31,17.0,7625.0,49.05,0.1241,121.7,0.1178
2026-07-14,7530.62,2026-07-31,17.0,7630.0,46.9,0.1234,124.6,0.117
2026-07-14,7530.62,2026-07-31,17.0,7635.0,44.85,0.1228,127.4,0.1159
2026-07-14,7530.62,2026-07-31,17.0,7640.0,42.85,0.1222,130.4,0.1151
2026-07-14,7530.62,2026-07-31,17.0,7645.0,40.85,0.1215,133.4,0.1141
2026-07-14,7530.62,2026-07-31,17.0,7650.0,39.0,0.121,136.55,0.1133
2026-07-14,7530.62,2026-07-31,17.0,7655.0,37.0,0.1201,139.7,0.1124
2026-07-14,7530.62,2026-07-31,17.0,7660.0,35.2,0.1194,143.3,0.1122
2026-07-14,7530.62,2026-07-31,17.0,7665.0,33.6,0.119,146.65,0.1114
2026-07-14,7530.62,2026-07-31,17.0,7670.0,32.0,0.1186,149.75,0.11
2026-07-14,7530.62,2026-07-31,17.0,7675.0,30.25,0.1177,153.4,0.1095
2026-07-14,7530.62,2026-07-31,17.0,7680.0,28.75,0.1173,156.55,0.1078
2026-07-14,7530.62,2026-07-31,17.0,7685.0,27.35,0.1169,160.2,0.107
2026-07-14,7530.62,2026-07-31,17.0,7690.0,25.85,0.1162,163.55,0.1054
2026-07-14,7530.62,2026-07-31,17.0,7695.0,24.4,0.1156,167.15,0.1042
2026-07-14,7530.62,2026-07-31,17.0,7700.0,23.2,0.1153,171.1,0.1036
2026-07-14,7530.62,2026-07-31,17.0,7705.0,21.85,0.1146,174.6,0.1016
2026-07-14,7530.62,2026-07-31,17.0,7710.0,20.6,0.1141,178.05,0.0991
2026-07-14,7530.62,2026-07-31,17.0,7715.0,19.4,0.1135,182.15,0.0982
2026-07-14,7530.62,2026-07-31,17.0,7720.0,18.35,0.1132,186.0,0.0961
2026-07-14,7530.62,2026-07-31,17.0,7725.0,17.25,0.1126,189.95,0.0939
2026-07-14,7530.62,2026-07-31,17.0,7730.0,16.2,0.1121,193.9,0.0907
2026-07-14,7530.62,2026-07-31,17.0,7735.0,15.25,0.1117,197.95,0.0862
2026-07-14,7530.62,2026-07-31,17.0,7740.0,14.25,0.1111,201.9,0.083
2026-07-14,7530.62,2026-07-31,17.0,7745.0,13.4,0.1108,205.7,0.0845
2026-07-14,7530.62,2026-07-31,17.0,7750.0,12.6,0.1104,210.25,0.0861
2026-07-14,7530.62,2026-07-31,17.0,7755.0,11.8,0.11,214.6,0.0876
2026-07-14,7530.62,2026-07-31,17.0,7760.0,11.0,0.1095,,
2026-07-14,7530.62,2026-07-31,17.0,7765.0,10.35,0.1093,,
2026-07-14,7530.62,2026-07-31,17.0,7770.0,9.6,0.1087,,
2026-07-14,7530.62,2026-07-31,17.0,7775.0,8.95,0.1083,,
2026-07-14,7530.62,2026-07-31,17.0,7780.0,8.35,0.108,,
2026-07-14,7530.62,2026-07-31,17.0,7785.0,7.8,0.1077,,
2026-07-14,7530.62,2026-07-31,17.0,7790.0,7.25,0.1073,245.55,0.0981
2026-07-14,7530.62,2026-07-31,17.0,7795.0,6.75,0.107,250.5,0.0996
2026-07-14,7530.62,2026-07-31,17.0,7800.0,6.3,0.1068,254.65,0.101
2026-07-14,7530.62,2026-07-31,17.0,7810.0,5.45,0.1062,263.3,0.104
2026-07-14,7530.62,2026-07-31,17.0,7820.0,4.7,0.1057,,
2026-07-14,7530.62,2026-07-31,17.0,7825.0,4.35,0.1055,,
2026-07-14,7530.62,2026-07-31,17.0,7830.0,4.05,0.1053,,
2026-07-14,7530.62,2026-07-31,17.0,7840.0,3.5,0.105,,
2026-07-14,7530.62,2026-07-31,17.0,7850.0,3.03,0.1048,,
2026-07-14,7530.62,2026-07-31,17.0,7860.0,2.62,0.1048,,
2026-07-14,7530.62,2026-07-31,17.0,7870.0,2.28,0.1047,,
2026-07-14,7530.62,2026-07-31,17.0,7875.0,2.15,0.105,,
2026-07-14,7530.62,2026-07-31,17.0,7880.0,2.02,0.1052,,
2026-07-14,7530.62,2026-07-31,17.0,7890.0,1.77,0.1055,,
2026-07-14,7530.62,2026-07-31,17.0,7900.0,1.55,0.1056,,
2026-07-14,7530.62,2026-07-31,17.0,7910.0,1.38,0.1061,,
2026-07-14,7530.62,2026-07-31,17.0,7920.0,1.23,0.1066,,
2026-07-14,7530.62,2026-07-31,17.0,7925.0,1.18,0.1072,,
2026-07-14,7530.62,2026-07-31,17.0,7930.0,1.1,0.1073,,
2026-07-14,7530.62,2026-07-31,17.0,7940.0,1.0,0.1082,,
2026-07-14,7530.62,2026-07-31,17.0,7950.0,0.9,0.1089,,
2026-07-14,7530.62,2026-07-31,17.0,7960.0,0.8,0.1094,,
2026-07-14,7530.62,2026-07-31,17.0,7970.0,0.75,0.1107,,
2026-07-14,7530.62,2026-07-31,17.0,7975.0,0.7,0.1108,,
2026-07-14,7530.62,2026-07-31,17.0,7980.0,0.7,0.1119,,
2026-07-14,7530.62,2026-07-31,17.0,7990.0,0.65,0.113,,
2026-07-14,7530.62,2026-07-31,17.0,8000.0,0.6,0.114,,
2026-07-14,7530.62,2026-07-31,17.0,8010.0,0.55,0.1149,,
2026-07-14,7530.62,2026-07-31,17.0,8020.0,0.5,0.1156,,
2026-07-14,7530.62,2026-07-31,17.0,8025.0,0.5,0.1167,,
2026-07-14,7530.62,2026-07-31,17.0,8030.0,0.5,0.1177,,
2026-07-14,7530.62,2026-07-31,17.0,8040.0,0.45,0.1183,,
2026-07-14,7530.62,2026-07-31,17.0,8050.0,0.45,0.1204,,
2026-07-14,7530.62,2026-07-31,17.0,8060.0,0.4,0.1208,,
2026-07-14,7530.62,2026-07-31,17.0,8070.0,0.4,0.1228,,
2026-07-14,7530.62,2026-07-31,17.0,8075.0,0.4,0.1238,,
2026-07-14,7530.62,2026-07-31,17.0,8080.0,0.35,0.123,,
2026-07-14,7530.62,2026-07-31,17.0,8090.0,0.35,0.1249,,
2026-07-14,7530.62,2026-07-31,17.0,8100.0,0.35,0.1269,,
2026-07-14,7530.62,2026-07-31,17.0,8125.0,0.3,0.1297,,
2026-07-14,7530.62,2026-07-31,17.0,8150.0,0.3,0.1345,,
2026-07-14,7530.62,2026-07-31,17.0,8175.0,0.25,0.1367,,
2026-07-14,7530.62,2026-07-31,17.0,8200.0,0.25,0.1414,,
2026-07-14,7530.62,2026-07-31,17.0,8225.0,0.25,0.146,,
2026-07-14,7530.62,2026-07-31,17.0,8250.0,0.2,0.1474,,
2026-07-14,7530.62,2026-07-31,17.0,8275.0,0.2,0.1519,,
2026-07-14,7530.62,2026-07-31,17.0,8300.0,0.17,0.1544,,
2026-07-14,7530.62,2026-07-31,17.0,8325.0,0.17,0.1588,,
2026-07-14,7530.62,2026-07-31,17.0,8350.0,0.15,0.1609,,
2026-07-14,7530.62,2026-07-31,17.0,8375.0,0.15,0.1652,,
2026-07-14,7530.62,2026-07-31,17.0,8400.0,0.12,0.1668,,
2026-07-14,7530.62,2026-07-31,17.0,8425.0,0.15,0.1738,,
2026-07-14,7530.62,2026-07-31,17.0,8450.0,0.15,0.178,,
2026-07-14,7530.62,2026-07-31,17.0,8475.0,0.15,0.1822,,
2026-07-14,7530.62,2026-07-31,17.0,8500.0,0.12,0.1835,,
2026-07-14,7530.62,2026-07-31,17.0,8525.0,0.12,0.1876,,
2026-07-14,7530.62,2026-07-31,17.0,8550.0,0.12,0.1917,,
2026-07-14,7530.62,2026-07-31,17.0,8600.0,0.1,0.1961,,
2026-07-14,7530.62,2026-08-03,20.0,5800.0,1748.45,0.2892,0.93,0.4308
2026-07-14,7530.62,2026-08-03,20.0,5900.0,1649.55,0.3666,1.07,0.4121
2026-07-14,7530.62,2026-08-03,20.0,6000.0,1550.8,0.3983,1.23,0.3924
2026-07-14,7530.62,2026-08-03,20.0,6100.0,1449.9,0.3164,1.43,0.3736
2026-07-14,7530.62,2026-08-03,20.0,6200.0,1350.5,0.3209,1.62,0.3537
2026-07-14,7530.62,2026-08-03,20.0,6300.0,1251.0,0.3094,1.93,0.3352
2026-07-14,7530.62,2026-08-03,20.0,6400.0,1150.5,0.251,2.28,0.3163
2026-07-14,7530.62,2026-08-03,20.0,6425.0,1125.5,0.2413,2.38,0.3116
2026-07-14,7530.62,2026-08-03,20.0,6450.0,1102.65,0.3046,2.47,0.3067
2026-07-14,7530.62,2026-08-03,20.0,6475.0,1077.45,0.2936,2.58,0.3018
2026-07-14,7530.62,2026-08-03,20.0,6500.0,1052.1,0.2792,2.72,0.2976
2026-07-14,7530.62,2026-08-03,20.0,6525.0,1027.7,0.2834,2.83,0.2925
2026-07-14,7530.62,2026-08-03,20.0,6550.0,1003.1,0.2826,3.0,0.2884
2026-07-14,7530.62,2026-08-03,20.0,6575.0,977.0,0.255,3.1,0.283
2026-07-14,7530.62,2026-08-03,20.0,6600.0,952.4,0.256,3.3,0.2789
2026-07-14,7530.62,2026-08-03,20.0,6625.0,928.55,0.2671,3.45,0.2741
2026-07-14,7530.62,2026-08-03,20.0,6650.0,903.7,0.2618,3.65,0.2696
2026-07-14,7530.62,2026-08-03,20.0,6675.0,877.7,0.2398,3.85,0.265
2026-07-14,7530.62,2026-08-03,20.0,6700.0,853.95,0.2504,4.05,0.2603
2026-07-14,7530.62,2026-08-03,20.0,6725.0,828.55,0.2381,4.3,0.2559
2026-07-14,7530.62,2026-08-03,20.0,6750.0,805.1,0.2482,4.55,0.2513
2026-07-14,7530.62,2026-08-03,20.0,6775.0,780.4,0.2436,4.8,0.2466
2026-07-14,7530.62,2026-08-03,20.0,6800.0,755.85,0.2402,5.1,0.2421
2026-07-14,7530.62,2026-08-03,20.0,6825.0,730.75,0.2319,5.45,0.2378
2026-07-14,7530.62,2026-08-03,20.0,6850.0,705.55,0.2228,5.85,0.2336
2026-07-14,7530.62,2026-08-03,20.0,6875.0,681.9,0.2259,6.25,0.2292
2026-07-14,7530.62,2026-08-03,20.0,6900.0,657.6,0.2231,6.65,0.2245
2026-07-14,7530.62,2026-08-03,20.0,6925.0,631.9,0.2108,7.15,0.2203
2026-07-14,7530.62,2026-08-03,20.0,6950.0,608.8,0.2151,7.75,0.2163
2026-07-14,7530.62,2026-08-03,20.0,6975.0,584.55,0.2115,8.35,0.212
2026-07-14,7530.62,2026-08-03,20.0,7000.0,560.15,0.2067,9.05,0.2079
2026-07-14,7530.62,2026-08-03,20.0,7025.0,535.95,0.2026,9.85,0.2039
2026-07-14,7530.62,2026-08-03,20.0,7050.0,511.9,0.1988,10.8,0.2002
2026-07-14,7530.62,2026-08-03,20.0,7075.0,488.0,0.1952,11.8,0.1963
2026-07-14,7530.62,2026-08-03,20.0,7100.0,464.45,0.1924,12.95,0.1925
2026-07-14,7530.62,2026-08-03,20.0,7125.0,441.05,0.1896,14.25,0.1887
2026-07-14,7530.62,2026-08-03,20.0,7150.0,417.3,0.1851,15.7,0.185
2026-07-14,7530.62,2026-08-03,20.0,7160.0,407.9,0.1834,16.4,0.1837
2026-07-14,7530.62,2026-08-03,20.0,7170.0,398.6,0.182,17.0,0.1821
2026-07-14,7530.62,2026-08-03,20.0,7175.0,393.9,0.1812,17.35,0.1814
2026-07-14,7530.62,2026-08-03,20.0,7180.0,389.2,0.1803,17.7,0.1806
2026-07-14,7530.62,2026-08-03,20.0,7190.0,379.9,0.1787,18.4,0.1791
2026-07-14,7530.62,2026-08-03,20.0,7200.0,370.95,0.178,19.05,0.1773
2026-07-14,7530.62,2026-08-03,20.0,7210.0,361.7,0.1764,19.95,0.1761
2026-07-14,7530.62,2026-08-03,20.0,7220.0,352.55,0.1749,20.7,0.1744
2026-07-14,7530.62,2026-08-03,20.0,7225.0,348.1,0.1745,21.3,0.1741
2026-07-14,7530.62,2026-08-03,20.0,7230.0,343.5,0.1736,21.7,0.1733
2026-07-14,7530.62,2026-08-03,20.0,7240.0,334.5,0.1723,22.7,0.172
2026-07-14,7530.62,2026-08-03,20.0,7250.0,326.0,0.1721,23.5,0.1702
2026-07-14,7530.62,2026-08-03,20.0,7260.0,316.55,0.1695,24.6,0.1689
2026-07-14,7530.62,2026-08-03,20.0,7270.0,307.85,0.1686,25.6,0.1673
2026-07-14,7530.62,2026-08-03,20.0,7275.0,303.2,0.1674,26.35,0.1671
2026-07-14,7530.62,2026-08-03,20.0,7280.0,299.0,0.1671,26.7,0.1659
2026-07-14,7530.62,2026-08-03,20.0,7290.0,290.2,0.1657,28.0,0.1647
2026-07-14,7530.62,2026-08-03,20.0,7300.0,281.15,0.1636,29.1,0.163
2026-07-14,7530.62,2026-08-03,20.0,7310.0,272.8,0.1629,30.55,0.1619
2026-07-14,7530.62,2026-08-03,20.0,7320.0,264.4,0.162,31.75,0.1601
2026-07-14,7530.62,2026-08-03,20.0,7325.0,260.1,0.1612,32.6,0.1597
2026-07-14,7530.62,2026-08-03,20.0,7330.0,255.6,0.16,33.3,0.159
2026-07-14,7530.62,2026-08-03,20.0,7340.0,247.2,0.1588,34.8,0.1576
2026-07-14,7530.62,2026-08-03,20.0,7350.0,238.8,0.1574,36.3,0.156
2026-07-14,7530.62,2026-08-03,20.0,7360.0,230.25,0.1556,38.05,0.1548
2026-07-14,7530.62,2026-08-03,20.0,7370.0,222.0,0.1542,39.7,0.1532
2026-07-14,7530.62,2026-08-03,20.0,7375.0,217.7,0.1531,40.65,0.1526
2026-07-14,7530.62,2026-08-03,20.0,7380.0,213.75,0.1527,41.65,0.152
2026-07-14,7530.62,2026-08-03,20.0,7385.0,209.7,0.152,42.6,0.1514
2026-07-14,7530.62,2026-08-03,20.0,7390.0,206.15,0.1521,43.5,0.1505
2026-07-14,7530.62,2026-08-03,20.0,7395.0,201.5,0.1503,44.5,0.1498
2026-07-14,7530.62,2026-08-03,20.0,7400.0,198.2,0.1507,45.5,0.1491
2026-07-14,7530.62,2026-08-03,20.0,7405.0,193.6,0.149,46.6,0.1485
2026-07-14,7530.62,2026-08-03,20.0,7410.0,190.25,0.1492,47.55,0.1476
2026-07-14,7530.62,2026-08-03,20.0,7415.0,185.75,0.1476,48.7,0.147
2026-07-14,7530.62,2026-08-03,20.0,7420.0,182.45,0.1478,49.7,0.1462
2026-07-14,7530.62,2026-08-03,20.0,7425.0,178.2,0.1465,50.85,0.1455
2026-07-14,7530.62,2026-08-03,20.0,7430.0,174.4,0.1458,52.05,0.1448
2026-07-14,7530.62,2026-08-03,20.0,7435.0,170.3,0.1447,53.25,0.1441
2026-07-14,7530.62,2026-08-03,20.0,7440.0,166.8,0.1444,54.3,0.1431
2026-07-14,7530.62,2026-08-03,20.0,7445.0,162.8,0.1433,55.75,0.1428
2026-07-14,7530.62,2026-08-03,20.0,7450.0,160.4,0.1447,56.9,0.1418
2026-07-14,7530.62,2026-08-03,20.0,7455.0,155.4,0.1419,58.25,0.1412
2026-07-14,7530.62,2026-08-03,20.0,7460.0,151.7,0.1412,59.5,0.1404
2026-07-14,7530.62,2026-08-03,20.0,7465.0,148.0,0.1404,60.9,0.1397
2026-07-14,7530.62,2026-08-03,20.0,7470.0,144.7,0.1401,62.25,0.1389
2026-07-14,7530.62,2026-08-03,20.0,7475.0,141.0,0.1392,63.65,0.1381
2026-07-14,7530.62,2026-08-03,20.0,7480.0,137.5,0.1386,65.1,0.1374
2026-07-14,7530.62,2026-08-03,20.0,7485.0,133.9,0.1377,66.7,0.1368
2026-07-14,7530.62,2026-08-03,20.0,7490.0,130.6,0.1373,68.1,0.1359
2026-07-14,7530.62,2026-08-03,20.0,7495.0,126.9,0.1362,69.7,0.1352
2026-07-14,7530.62,2026-08-03,20.0,7500.0,123.7,0.1358,71.3,0.1345
2026-07-14,7530.62,2026-08-03,20.0,7505.0,120.2,0.1349,72.95,0.1338
2026-07-14,7530.62,2026-08-03,20.0,7510.0,117.1,0.1345,74.5,0.1329
2026-07-14,7530.62,2026-08-03,20.0,7515.0,113.55,0.1334,76.3,0.1323
2026-07-14,7530.62,2026-08-03,20.0,7520.0,110.6,0.1331,77.95,0.1314
2026-07-14,7530.62,2026-08-03,20.0,7525.0,107.3,0.1323,79.7,0.1306
2026-07-14,7530.62,2026-08-03,20.0,7530.0,104.35,0.1319,81.55,0.1299
2026-07-14,7530.62,2026-08-03,20.0,7535.0,100.9,0.1307,83.55,0.1293
2026-07-14,7530.62,2026-08-03,20.0,7540.0,97.95,0.1302,85.3,0.1284
2026-07-14,7530.62,2026-08-03,20.0,7545.0,94.8,0.1294,87.5,0.128
2026-07-14,7530.62,2026-08-03,20.0,7550.0,92.15,0.1292,89.35,0.127
2026-07-14,7530.62,2026-08-03,20.0,7555.0,88.9,0.1281,91.5,0.1264
2026-07-14,7530.62,2026-08-03,20.0,7560.0,86.3,0.1278,93.5,0.1255
2026-07-14,7530.62,2026-08-03,20.0,7565.0,83.1,0.1266,95.7,0.1249
2026-07-14,7530.62,2026-08-03,20.0,7570.0,80.5,0.1262,97.8,0.124
2026-07-14,7530.62,2026-08-03,20.0,7575.0,77.7,0.1255,100.0,0.1232
2026-07-14,7530.62,2026-08-03,20.0,7580.0,74.95,0.1248,102.5,0.1228
2026-07-14,7530.62,2026-08-03,20.0,7585.0,72.15,0.1239,104.8,0.122
2026-07-14,7530.62,2026-08-03,20.0,7590.0,69.95,0.1239,107.0,0.121
2026-07-14,7530.62,2026-08-03,20.0,7600.0,64.8,0.1224,112.0,0.1196
2026-07-14,7530.62,2026-08-03,20.0,7610.0,59.9,0.1211,117.1,0.118
2026-07-14,7530.62,2026-08-03,20.0,7620.0,55.3,0.1199,122.6,0.1167
2026-07-14,7530.62,2026-08-03,20.0,7625.0,53.15,0.1194,125.2,0.1157
2026-07-14,7530.62,2026-08-03,20.0,7630.0,50.9,0.1187,128.1,0.1151
2026-07-14,7530.62,2026-08-03,20.0,7640.0,46.65,0.1174,133.6,0.113
2026-07-14,7530.62,2026-08-03,20.0,7650.0,42.8,0.1164,139.6,0.1114
2026-07-14,7530.62,2026-08-03,20.0,7660.0,38.85,0.115,146.2,0.1104
2026-07-14,7530.62,2026-08-03,20.0,7670.0,35.3,0.1138,152.2,0.1078
2026-07-14,7530.62,2026-08-03,20.0,7675.0,33.8,0.1136,155.75,0.1074
2026-07-14,7530.62,2026-08-03,20.0,7680.0,32.1,0.1129,159.1,0.1064
2026-07-14,7530.62,2026-08-03,20.0,7690.0,29.1,0.1121,165.95,0.1044
2026-07-14,7530.62,2026-08-03,20.0,7700.0,26.15,0.1109,173.15,0.1025
2026-07-14,7530.62,2026-08-03,20.0,7710.0,23.6,0.1102,180.35,0.0997
2026-07-14,7530.62,2026-08-03,20.0,7720.0,21.1,0.1092,187.9,0.0969
2026-07-14,7530.62,2026-08-03,20.0,7725.0,19.8,0.1084,191.55,0.0946
2026-07-14,7530.62,2026-08-03,20.0,7750.0,14.8,0.1065,211.4,0.0825
2026-07-14,7530.62,2026-08-03,20.0,7775.0,10.8,0.1046,,
2026-07-14,7530.62,2026-08-03,20.0,7800.0,7.75,0.103,,
2026-07-14,7530.62,2026-08-03,20.0,7825.0,5.45,0.1015,,
2026-07-14,7530.62,2026-08-03,20.0,7850.0,3.85,0.1008,,
2026-07-14,7530.62,2026-08-03,20.0,7875.0,2.77,0.1008,,
2026-07-14,7530.62,2026-08-03,20.0,7900.0,2.02,0.1012,,
2026-07-14,7530.62,2026-08-03,20.0,7925.0,1.5,0.102,,
2026-07-14,7530.62,2026-08-03,20.0,7950.0,1.18,0.1037,,
2026-07-14,7530.62,2026-08-03,20.0,7975.0,0.95,0.1059,,
2026-07-14,7530.62,2026-08-03,20.0,8000.0,0.77,0.1081,,
2026-07-14,7530.62,2026-08-03,20.0,8025.0,0.65,0.1106,,
2026-07-14,7530.62,2026-08-03,20.0,8050.0,0.55,0.1132,,
2026-07-14,7530.62,2026-08-03,20.0,8075.0,0.5,0.1167,,
2026-07-14,7530.62,2026-08-03,20.0,8100.0,0.42,0.1191,,
2026-07-14,7530.62,2026-08-03,20.0,8200.0,0.3,0.1324,,
2026-07-14,7530.62,2026-08-03,20.0,8300.0,0.2,0.1437,,
2026-07-14,7530.62,2026-08-03,20.0,8400.0,0.17,0.1581,,
2026-07-14,7530.62,2026-08-03,20.0,8600.0,0.12,0.1839,,
2026-07-14,7530.62,2026-08-04,21.0,5800.0,1749.65,0.3304,1.12,0.4296
2026-07-14,7530.62,2026-08-04,21.0,5900.0,1650.45,0.3816,1.27,0.4101
2026-07-14,7530.62,2026-08-04,21.0,6000.0,1551.45,0.3906,1.48,0.3915
2026-07-14,7530.62,2026-08-04,21.0,6100.0,1450.35,0.2888,1.68,0.3719
2026-07-14,7530.62,2026-08-04,21.0,6200.0,1351.85,0.34,1.93,0.3527
2026-07-14,7530.62,2026-08-04,21.0,6300.0,1252.55,0.3272,2.28,0.3345
2026-07-14,7530.62,2026-08-04,21.0,6400.0,1153.2,0.3105,2.67,0.3157
2026-07-14,7530.62,2026-08-04,21.0,6450.0,1103.55,0.3018,2.9,0.3062
2026-07-14,7530.62,2026-08-04,21.0,6475.0,1078.75,0.2977,3.03,0.3015
2026-07-14,7530.62,2026-08-04,21.0,6500.0,1053.85,0.2919,3.15,0.2967
2026-07-14,7530.62,2026-08-04,21.0,6525.0,1028.7,0.2824,3.3,0.2922
2026-07-14,7530.62,2026-08-04,21.0,6550.0,1003.9,0.2782,3.45,0.2875
2026-07-14,7530.62,2026-08-04,21.0,6575.0,978.3,0.2615,3.65,0.2833
2026-07-14,7530.62,2026-08-04,21.0,6600.0,953.25,0.2535,3.8,0.2783
2026-07-14,7530.62,2026-08-04,21.0,6625.0,930.2,0.2728,4.0,0.2738
2026-07-14,7530.62,2026-08-04,21.0,6650.0,905.35,0.2672,4.2,0.2692
2026-07-14,7530.62,2026-08-04,21.0,6675.0,880.65,0.263,4.45,0.2649
2026-07-14,7530.62,2026-08-04,21.0,6700.0,855.55,0.2547,4.65,0.26
2026-07-14,7530.62,2026-08-04,21.0,6725.0,831.2,0.2537,4.9,0.2554
2026-07-14,7530.62,2026-08-04,21.0,6750.0,805.95,0.2441,5.2,0.2511
2026-07-14,7530.62,2026-08-04,21.0,6775.0,781.5,0.2417,5.45,0.2462
2026-07-14,7530.62,2026-08-04,21.0,6800.0,757.05,0.2388,5.85,0.2422
2026-07-14,7530.62,2026-08-04,21.0,6825.0,732.5,0.2349,6.15,0.2374
2026-07-14,7530.62,2026-08-04,21.0,6850.0,707.9,0.2303,6.6,0.2333
2026-07-14,7530.62,2026-08-04,21.0,6875.0,683.9,0.2294,7.05,0.229
2026-07-14,7530.62,2026-08-04,21.0,6900.0,659.3,0.2243,7.55,0.2248
2026-07-14,7530.62,2026-08-04,21.0,6925.0,634.65,0.2187,8.1,0.2206
2026-07-14,7530.62,2026-08-04,21.0,6950.0,610.7,0.2167,8.7,0.2164
2026-07-14,7530.62,2026-08-04,21.0,6975.0,586.15,0.2112,9.45,0.2126
2026-07-14,7530.62,2026-08-04,21.0,7000.0,562.35,0.209,10.15,0.2082
2026-07-14,7530.62,2026-08-04,21.0,7025.0,538.8,0.2073,11.05,0.2045
2026-07-14,7530.62,2026-08-04,21.0,7050.0,515.0,0.204,12.0,0.2005
2026-07-14,7530.62,2026-08-04,21.0,7075.0,491.2,0.2002,13.1,0.1967
2026-07-14,7530.62,2026-08-04,21.0,7100.0,467.55,0.1965,14.3,0.1929
2026-07-14,7530.62,2026-08-04,21.0,7125.0,442.95,0.1893,15.7,0.1892
2026-07-14,7530.62,2026-08-04,21.0,7150.0,419.55,0.1856,17.1,0.1851
2026-07-14,7530.62,2026-08-04,21.0,7175.0,396.6,0.1828,18.85,0.1815
2026-07-14,7530.62,2026-08-04,21.0,7190.0,382.55,0.18,20.0,0.1794
2026-07-14,7530.62,2026-08-04,21.0,7200.0,373.35,0.1785,20.8,0.178
2026-07-14,7530.62,2026-08-04,21.0,7210.0,364.45,0.1777,21.7,0.1767
2026-07-14,7530.62,2026-08-04,21.0,7220.0,355.1,0.1756,22.5,0.1751
2026-07-14,7530.62,2026-08-04,21.0,7225.0,350.5,0.1748,23.0,0.1745
2026-07-14,7530.62,2026-08-04,21.0,7230.0,346.05,0.1742,23.45,0.1737
2026-07-14,7530.62,2026-08-04,21.0,7240.0,337.0,0.1727,24.6,0.1727
2026-07-14,7530.62,2026-08-04,21.0,7250.0,328.15,0.1716,25.55,0.1711
2026-07-14,7530.62,2026-08-04,21.0,7260.0,319.15,0.17,26.6,0.1697
2026-07-14,7530.62,2026-08-04,21.0,7270.0,310.25,0.1685,27.75,0.1684
2026-07-14,7530.62,2026-08-04,21.0,7275.0,306.55,0.1694,28.3,0.1676
2026-07-14,7530.62,2026-08-04,21.0,7280.0,302.1,0.1686,28.95,0.167
2026-07-14,7530.62,2026-08-04,21.0,7290.0,293.15,0.1667,29.95,0.1651
2026-07-14,7530.62,2026-08-04,21.0,7300.0,284.4,0.1652,31.4,0.1641
2026-07-14,7530.62,2026-08-04,21.0,7310.0,275.35,0.163,32.6,0.1624
2026-07-14,7530.62,2026-08-04,21.0,7320.0,267.15,0.1623,34.0,0.161
2026-07-14,7530.62,2026-08-04,21.0,7325.0,263.0,0.1619,34.8,0.1604
2026-07-14,7530.62,2026-08-04,21.0,7330.0,258.7,0.1611,35.55,0.1597
2026-07-14,7530.62,2026-08-04,21.0,7340.0,250.15,0.1594,37.15,0.1584
2026-07-14,7530.62,2026-08-04,21.0,7350.0,241.9,0.1583,38.8,0.1571
2026-07-14,7530.62,2026-08-04,21.0,7360.0,233.4,0.1565,40.35,0.1555
2026-07-14,7530.62,2026-08-04,21.0,7370.0,225.15,0.1551,42.0,0.1539
2026-07-14,7530.62,2026-08-04,21.0,7375.0,221.05,0.1543,43.15,0.1536
2026-07-14,7530.62,2026-08-04,21.0,7380.0,217.55,0.1546,44.1,0.1529
2026-07-14,7530.62,2026-08-04,21.0,7390.0,209.65,0.1534,46.0,0.1514
2026-07-14,7530.62,2026-08-04,21.0,7400.0,201.5,0.1517,47.9,0.1498
2026-07-14,7530.62,2026-08-04,21.0,7410.0,193.6,0.1502,50.1,0.1485
2026-07-14,7530.62,2026-08-04,21.0,7420.0,185.4,0.1481,52.3,0.1471
2026-07-14,7530.62,2026-08-04,21.0,7425.0,181.5,0.1474,53.5,0.1465
2026-07-14,7530.62,2026-08-04,21.0,7430.0,177.6,0.1465,54.7,0.1458
2026-07-14,7530.62,2026-08-04,21.0,7440.0,170.4,0.1457,57.1,0.1443
2026-07-14,7530.62,2026-08-04,21.0,7450.0,162.8,0.1441,59.5,0.1427
2026-07-14,7530.62,2026-08-04,21.0,7460.0,155.3,0.1424,62.1,0.1412
2026-07-14,7530.62,2026-08-04,21.0,7470.0,148.2,0.1412,65.1,0.1401
2026-07-14,7530.62,2026-08-04,21.0,7475.0,144.7,0.1406,66.3,0.139
2026-07-14,7530.62,2026-08-04,21.0,7480.0,140.9,0.1395,67.8,0.1384
2026-07-14,7530.62,2026-08-04,21.0,7490.0,133.9,0.1381,70.9,0.137
2026-07-14,7530.62,2026-08-04,21.0,7500.0,127.3,0.137,73.9,0.1353
2026-07-14,7530.62,2026-08-04,21.0,7510.0,120.5,0.1354,77.3,0.134
2026-07-14,7530.62,2026-08-04,21.0,7520.0,113.9,0.134,80.6,0.1323
2026-07-14,7530.62,2026-08-04,21.0,7525.0,110.8,0.1334,82.6,0.1319
2026-07-14,7530.62,2026-08-04,21.0,7530.0,107.7,0.1328,84.2,0.1309
2026-07-14,7530.62,2026-08-04,21.0,7540.0,101.5,0.1315,88.2,0.1297
2026-07-14,7530.62,2026-08-04,21.0,7550.0,95.45,0.1301,91.8,0.1278
2026-07-14,7530.62,2026-08-04,21.0,7560.0,89.7,0.1289,96.1,0.1266
2026-07-14,7530.62,2026-08-04,21.0,7570.0,84.0,0.1276,100.25,0.1249
2026-07-14,7530.62,2026-08-04,21.0,7575.0,81.05,0.1267,102.4,0.1241
2026-07-14,7530.62,2026-08-04,21.0,7580.0,78.5,0.1263,105.0,0.1238
2026-07-14,7530.62,2026-08-04,21.0,7590.0,73.1,0.1248,109.6,0.1222
2026-07-14,7530.62,2026-08-04,21.0,7600.0,67.95,0.1235,114.2,0.1203
2026-07-14,7530.62,2026-08-04,21.0,7610.0,63.05,0.1222,119.4,0.119
2026-07-14,7530.62,2026-08-04,21.0,7620.0,58.55,0.1213,124.8,0.1177
2026-07-14,7530.62,2026-08-04,21.0,7625.0,56.1,0.1204,127.4,0.1167
2026-07-14,7530.62,2026-08-04,21.0,7630.0,53.85,0.1198,130.2,0.116
2026-07-14,7530.62,2026-08-04,21.0,7640.0,49.6,0.1186,135.6,0.114
2026-07-14,7530.62,2026-08-04,21.0,7650.0,45.5,0.1174,141.6,0.1125
2026-07-14,7530.62,2026-08-04,21.0,7660.0,41.65,0.1163,147.7,0.1108
2026-07-14,7530.62,2026-08-04,21.0,7670.0,38.2,0.1154,154.25,0.1095
2026-07-14,7530.62,2026-08-04,21.0,7675.0,36.3,0.1146,157.2,0.108
2026-07-14,7530.62,2026-08-04,21.0,7680.0,34.8,0.1144,161.1,0.1081
2026-07-14,7530.62,2026-08-04,21.0,7690.0,31.5,0.1132,167.4,0.1053
2026-07-14,7530.62,2026-08-04,21.0,7700.0,28.75,0.1126,174.7,0.104
2026-07-14,7530.62,2026-08-04,21.0,7710.0,25.95,0.1116,181.6,0.101
2026-07-14,7530.62,2026-08-04,21.0,7720.0,23.35,0.1107,189.2,0.0988
2026-07-14,7530.62,2026-08-04,21.0,7725.0,22.1,0.1101,192.95,0.0972
2026-07-14,7530.62,2026-08-04,21.0,7750.0,16.7,0.108,212.3,0.0815
2026-07-14,7530.62,2026-08-04,21.0,7775.0,12.45,0.1062,,
2026-07-14,7530.62,2026-08-04,21.0,7800.0,9.1,0.1046,,
2026-07-14,7530.62,2026-08-04,21.0,7825.0,6.55,0.1032,279.25,0.1022
2026-07-14,7530.62,2026-08-04,21.0,7850.0,4.65,0.1021,,
2026-07-14,7530.62,2026-08-04,21.0,7875.0,3.35,0.1017,,
2026-07-14,7530.62,2026-08-04,21.0,7900.0,2.42,0.1017,,
2026-07-14,7530.62,2026-08-04,21.0,7925.0,1.8,0.1023,,
2026-07-14,7530.62,2026-08-04,21.0,7950.0,1.38,0.1034,,
2026-07-14,7530.62,2026-08-04,21.0,7975.0,1.1,0.1053,,
2026-07-14,7530.62,2026-08-04,21.0,8000.0,0.9,0.1075,,
2026-07-14,7530.62,2026-08-04,21.0,8025.0,0.75,0.1098,,
2026-07-14,7530.62,2026-08-04,21.0,8050.0,0.65,0.1126,,
2026-07-14,7530.62,2026-08-04,21.0,8075.0,0.55,0.115,,
2026-07-14,7530.62,2026-08-04,21.0,8100.0,0.48,0.1176,,
2026-07-14,7530.62,2026-08-04,21.0,8200.0,0.3,0.129,,
2026-07-14,7530.62,2026-08-04,21.0,8300.0,0.22,0.1418,,
2026-07-14,7530.62,2026-08-04,21.0,8400.0,0.17,0.1541,,
2026-07-14,7530.62,2026-08-04,21.0,8600.0,0.12,0.1793,,
2026-07-14,7530.62,2026-08-05,22.0,5800.0,1750.3,0.3437,1.27,0.4257
2026-07-14,7530.62,2026-08-05,22.0,5900.0,1652.35,0.422,1.45,0.4068
2026-07-14,7530.62,2026-08-05,22.0,6000.0,1552.25,0.3878,1.68,0.3885
2026-07-14,7530.62,2026-08-05,22.0,6100.0,1452.4,0.361,1.9,0.3692
2026-07-14,7530.62,2026-08-05,22.0,6200.0,1351.75,0.3071,2.22,0.3512
2026-07-14,7530.62,2026-08-05,22.0,6300.0,1253.4,0.3245,2.58,0.3324
2026-07-14,7530.62,2026-08-05,22.0,6400.0,1154.2,0.3096,3.03,0.314
2026-07-14,7530.62,2026-08-05,22.0,6450.0,1104.65,0.3019,3.3,0.305
2026-07-14,7530.62,2026-08-05,22.0,6475.0,1080.3,0.3033,3.45,0.3005
2026-07-14,7530.62,2026-08-05,22.0,6500.0,1054.8,0.2897,3.6,0.2959
2026-07-14,7530.62,2026-08-05,22.0,6525.0,1030.5,0.2914,3.75,0.2911
2026-07-14,7530.62,2026-08-05,22.0,6550.0,1004.3,0.2683,3.9,0.2863
2026-07-14,7530.62,2026-08-05,22.0,6575.0,980.75,0.2799,4.1,0.282
2026-07-14,7530.62,2026-08-05,22.0,6600.0,956.25,0.278,4.3,0.2774
2026-07-14,7530.62,2026-08-05,22.0,6625.0,931.05,0.2688,4.5,0.2728
2026-07-14,7530.62,2026-08-05,22.0,6650.0,906.35,0.2647,4.75,0.2685
2026-07-14,7530.62,2026-08-05,22.0,6675.0,881.8,0.2618,4.95,0.2636
2026-07-14,7530.62,2026-08-05,22.0,6700.0,857.0,0.2564,5.25,0.2595
2026-07-14,7530.62,2026-08-05,22.0,6725.0,832.6,0.2542,5.55,0.2551
2026-07-14,7530.62,2026-08-05,22.0,6750.0,808.2,0.2517,5.85,0.2506
2026-07-14,7530.62,2026-08-05,22.0,6775.0,783.55,0.2469,6.15,0.2459
2026-07-14,7530.62,2026-08-05,22.0,6800.0,759.0,0.2427,6.55,0.2418
2026-07-14,7530.62,2026-08-05,22.0,6825.0,733.8,0.234,6.95,0.2374
2026-07-14,7530.62,2026-08-05,22.0,6850.0,709.25,0.2296,7.4,0.2332
2026-07-14,7530.62,2026-08-05,22.0,6875.0,685.35,0.2289,7.9,0.229
2026-07-14,7530.62,2026-08-05,22.0,6900.0,660.7,0.2234,8.45,0.2248
2026-07-14,7530.62,2026-08-05,22.0,6925.0,636.5,0.2201,9.05,0.2207
2026-07-14,7530.62,2026-08-05,22.0,6950.0,612.15,0.2157,9.75,0.2168
2026-07-14,7530.62,2026-08-05,22.0,6975.0,588.15,0.2127,10.5,0.2127
2026-07-14,7530.62,2026-08-05,22.0,7000.0,564.2,0.2094,11.25,0.2084
2026-07-14,7530.62,2026-08-05,22.0,7025.0,541.1,0.2091,12.25,0.2048
2026-07-14,7530.62,2026-08-05,22.0,7050.0,516.4,0.2021,13.3,0.201
2026-07-14,7530.62,2026-08-05,22.0,7075.0,492.8,0.1989,14.45,0.1972
2026-07-14,7530.62,2026-08-05,22.0,7100.0,468.7,0.1937,15.7,0.1933
2026-07-14,7530.62,2026-08-05,22.0,7125.0,445.4,0.1906,17.2,0.1898
2026-07-14,7530.62,2026-08-05,22.0,7150.0,422.0,0.1867,18.9,0.1863
2026-07-14,7530.62,2026-08-05,22.0,7175.0,398.9,0.1831,20.7,0.1826
2026-07-14,7530.62,2026-08-05,22.0,7190.0,385.1,0.1809,21.85,0.1804
2026-07-14,7530.62,2026-08-05,22.0,7200.0,376.25,0.1802,22.75,0.1791
2026-07-14,7530.62,2026-08-05,22.0,7210.0,366.85,0.1781,23.65,0.1777
2026-07-14,7530.62,2026-08-05,22.0,7220.0,358.5,0.1783,24.55,0.1762
2026-07-14,7530.62,2026-08-05,22.0,7225.0,353.65,0.1768,24.85,0.1751
2026-07-14,7530.62,2026-08-05,22.0,7230.0,349.5,0.1769,25.45,0.1747
2026-07-14,7530.62,2026-08-05,22.0,7240.0,339.95,0.1742,26.55,0.1735
2026-07-14,7530.62,2026-08-05,22.0,7250.0,331.25,0.1732,27.55,0.1719
2026-07-14,7530.62,2026-08-05,22.0,7260.0,322.05,0.1711,28.65,0.1705
2026-07-14,7530.62,2026-08-05,22.0,7270.0,313.95,0.1713,29.85,0.1692
2026-07-14,7530.62,2026-08-05,22.0,7275.0,308.9,0.1692,30.25,0.1681
2026-07-14,7530.62,2026-08-05,22.0,7280.0,304.4,0.1682,31.05,0.1678
2026-07-14,7530.62,2026-08-05,22.0,7290.0,296.1,0.1677,32.35,0.1665
2026-07-14,7530.62,2026-08-05,22.0,7300.0,287.65,0.1667,33.65,0.165
2026-07-14,7530.62,2026-08-05,22.0,7310.0,278.7,0.1646,35.05,0.1637
2026-07-14,7530.62,2026-08-05,22.0,7320.0,270.35,0.1636,36.4,0.1621
2026-07-14,7530.62,2026-08-05,22.0,7325.0,265.95,0.1626,37.2,0.1615
2026-07-14,7530.62,2026-08-05,22.0,7330.0,261.95,0.1623,37.9,0.1607
2026-07-14,7530.62,2026-08-05,22.0,7340.0,253.65,0.1611,39.45,0.1592
2026-07-14,7530.62,2026-08-05,22.0,7350.0,245.2,0.1595,41.15,0.1579
2026-07-14,7530.62,2026-08-05,22.0,7360.0,236.7,0.1577,42.85,0.1565
2026-07-14,7530.62,2026-08-05,22.0,7370.0,228.55,0.1563,44.65,0.1551
2026-07-14,7530.62,2026-08-05,22.0,7375.0,224.45,0.1556,45.5,0.1543
2026-07-14,7530.62,2026-08-05,22.0,7380.0,220.95,0.1558,46.4,0.1535
2026-07-14,7530.62,2026-08-05,22.0,7390.0,212.85,0.1542,48.45,0.1522
2026-07-14,7530.62,2026-08-05,22.0,7400.0,204.85,0.1527,50.5,0.1508
2026-07-14,7530.62,2026-08-05,22.0,7410.0,197.1,0.1515,52.7,0.1495
2026-07-14,7530.62,2026-08-05,22.0,7420.0,189.0,0.1495,54.9,0.148
2026-07-14,7530.62,2026-08-05,22.0,7425.0,185.2,0.1489,56.1,0.1474
2026-07-14,7530.62,2026-08-05,22.0,7430.0,181.3,0.148,57.25,0.1466
2026-07-14,7530.62,2026-08-05,22.0,7440.0,173.9,0.1469,59.7,0.1452
2026-07-14,7530.62,2026-08-05,22.0,7450.0,166.4,0.1454,62.25,0.1438
2026-07-14,7530.62,2026-08-05,22.0,7460.0,158.8,0.1436,64.9,0.1423
2026-07-14,7530.62,2026-08-05,22.0,7470.0,151.8,0.1425,67.5,0.1407
2026-07-14,7530.62,2026-08-05,22.0,7475.0,148.2,0.1417,69.0,0.14
2026-07-14,7530.62,2026-08-05,22.0,7480.0,144.5,0.1408,70.5,0.1394
2026-07-14,7530.62,2026-08-05,22.0,7490.0,137.7,0.1396,73.5,0.1379
2026-07-14,7530.62,2026-08-05,22.0,7500.0,131.0,0.1384,76.7,0.1365
2026-07-14,7530.62,2026-08-05,22.0,7510.0,124.2,0.1369,80.1,0.1352
2026-07-14,7530.62,2026-08-05,22.0,7520.0,117.55,0.1353,83.3,0.1334
2026-07-14,7530.62,2026-08-05,22.0,7525.0,114.5,0.1349,85.3,0.133
2026-07-14,7530.62,2026-08-05,22.0,7530.0,111.2,0.134,86.9,0.1319
2026-07-14,7530.62,2026-08-05,22.0,7540.0,105.1,0.1328,90.55,0.1303
2026-07-14,7530.62,2026-08-05,22.0,7550.0,99.0,0.1314,94.6,0.1291
2026-07-14,7530.62,2026-08-05,22.0,7560.0,92.9,0.1298,98.7,0.1276
2026-07-14,7530.62,2026-08-05,22.0,7570.0,87.3,0.1287,102.9,0.1261
2026-07-14,7530.62,2026-08-05,22.0,7575.0,84.55,0.1281,105.3,0.1256
2026-07-14,7530.62,2026-08-05,22.0,7580.0,81.9,0.1275,107.4,0.1247
2026-07-14,7530.62,2026-08-05,22.0,7590.0,76.5,0.1262,112.0,0.1232
2026-07-14,7530.62,2026-08-05,22.0,7600.0,71.55,0.1252,116.8,0.1217
2026-07-14,7530.62,2026-08-05,22.0,7610.0,66.3,0.1235,121.8,0.1202
2026-07-14,7530.62,2026-08-05,22.0,7620.0,61.5,0.1223,127.0,0.1186
2026-07-14,7530.62,2026-08-05,22.0,7625.0,59.3,0.1218,129.8,0.1181
2026-07-14,7530.62,2026-08-05,22.0,7630.0,57.15,0.1214,132.6,0.1174
2026-07-14,7530.62,2026-08-05,22.0,7640.0,52.65,0.12,137.8,0.1152
2026-07-14,7530.62,2026-08-05,22.0,7650.0,48.6,0.1189,143.7,0.1137
2026-07-14,7530.62,2026-08-05,22.0,7660.0,44.65,0.1178,149.8,0.1122
2026-07-14,7530.62,2026-08-05,22.0,7670.0,41.05,0.1169,156.1,0.1106
2026-07-14,7530.62,2026-08-05,22.0,7675.0,39.1,0.1161,159.1,0.1094
2026-07-14,7530.62,2026-08-05,22.0,7680.0,37.6,0.1159,162.65,0.109
2026-07-14,7530.62,2026-08-05,22.0,7690.0,34.15,0.1146,169.3,0.1071
2026-07-14,7530.62,2026-08-05,22.0,7700.0,31.1,0.1137,176.25,0.1053
2026-07-14,7530.62,2026-08-05,22.0,7710.0,28.3,0.1129,183.2,0.1029
2026-07-14,7530.62,2026-08-05,22.0,7720.0,25.55,0.1119,190.35,0.1001
2026-07-14,7530.62,2026-08-05,22.0,7725.0,24.25,0.1114,194.1,0.0988
2026-07-14,7530.62,2026-08-05,22.0,7750.0,18.7,0.1095,213.5,0.0881
2026-07-14,7530.62,2026-08-05,22.0,7775.0,14.0,0.1074,,
2026-07-14,7530.62,2026-08-05,22.0,7800.0,10.35,0.1056,,
2026-07-14,7530.62,2026-08-05,22.0,7825.0,7.55,0.1042,,
2026-07-14,7530.62,2026-08-05,22.0,7850.0,5.55,0.1035,,
2026-07-14,7530.62,2026-08-05,22.0,7875.0,4.0,0.1027,,
2026-07-14,7530.62,2026-08-05,22.0,7900.0,2.95,0.1027,,
2026-07-14,7530.62,2026-08-05,22.0,7925.0,2.17,0.1029,,
2026-07-14,7530.62,2026-08-05,22.0,7950.0,1.65,0.1038,,
2026-07-14,7530.62,2026-08-05,22.0,7975.0,1.3,0.1052,,
2026-07-14,7530.62,2026-08-05,22.0,8000.0,1.05,0.1071,,
2026-07-14,7530.62,2026-08-05,22.0,8025.0,0.85,0.1089,,
2026-07-14,7530.62,2026-08-05,22.0,8050.0,0.75,0.1119,,
2026-07-14,7530.62,2026-08-05,22.0,8075.0,0.62,0.114,,
2026-07-14,7530.62,2026-08-05,22.0,8100.0,0.55,0.1168,,
2026-07-14,7530.62,2026-08-05,22.0,8200.0,0.35,0.128,,
2026-07-14,7530.62,2026-08-05,22.0,8300.0,0.25,0.1398,,
2026-07-14,7530.62,2026-08-05,22.0,8400.0,0.17,0.1505,,
2026-07-14,7530.62,2026-08-05,22.0,8600.0,0.12,0.1751,,
2026-07-14,7530.62,2026-08-06,23.0,5800.0,1750.9,0.3409,1.48,0.4235
2026-07-14,7530.62,2026-08-06,23.0,6000.0,1552.8,0.3782,1.93,0.3866
2026-07-14,7530.62,2026-08-06,23.0,6100.0,1452.4,0.334,2.22,0.3685
2026-07-14,7530.62,2026-08-06,23.0,6200.0,1354.15,0.349,2.58,0.3503
2026-07-14,7530.62,2026-08-06,23.0,6300.0,1254.2,0.3208,2.98,0.3318
2026-07-14,7530.62,2026-08-06,23.0,6400.0,1155.6,0.3139,3.45,0.3132
2026-07-14,7530.62,2026-08-06,23.0,6450.0,1106.1,0.3059,3.75,0.3042
2026-07-14,7530.62,2026-08-06,23.0,6475.0,1081.05,0.2981,3.9,0.2995
2026-07-14,7530.62,2026-08-06,23.0,6500.0,1055.9,0.2892,4.05,0.2948
2026-07-14,7530.62,2026-08-06,23.0,6525.0,1031.2,0.2857,4.25,0.2905
2026-07-14,7530.62,2026-08-06,23.0,6550.0,1006.55,0.2825,4.45,0.286
2026-07-14,7530.62,2026-08-06,23.0,6575.0,981.8,0.2781,4.65,0.2815
2026-07-14,7530.62,2026-08-06,23.0,6600.0,956.8,0.271,4.85,0.2768
2026-07-14,7530.62,2026-08-06,23.0,6625.0,933.0,0.2751,5.05,0.2721
2026-07-14,7530.62,2026-08-06,23.0,6650.0,907.65,0.265,5.35,0.268
2026-07-14,7530.62,2026-08-06,23.0,6675.0,883.55,0.2654,5.55,0.263
2026-07-14,7530.62,2026-08-06,23.0,6700.0,857.85,0.2525,5.85,0.2587
2026-07-14,7530.62,2026-08-06,23.0,6725.0,834.25,0.2563,6.15,0.2542
2026-07-14,7530.62,2026-08-06,23.0,6750.0,808.9,0.2465,6.55,0.2503
2026-07-14,7530.62,2026-08-06,23.0,6775.0,784.6,0.2443,6.85,0.2455
2026-07-14,7530.62,2026-08-06,23.0,6800.0,760.0,0.2397,7.25,0.2412
2026-07-14,7530.62,2026-08-06,23.0,6825.0,735.55,0.2359,7.75,0.2373
2026-07-14,7530.62,2026-08-06,23.0,6850.0,710.4,0.2277,8.25,0.2331
2026-07-14,7530.62,2026-08-06,23.0,6875.0,686.95,0.2291,8.75,0.2288
2026-07-14,7530.62,2026-08-06,23.0,6900.0,662.55,0.2247,9.35,0.2247
2026-07-14,7530.62,2026-08-06,23.0,6925.0,638.45,0.2216,10.05,0.2209
2026-07-14,7530.62,2026-08-06,23.0,6950.0,614.75,0.2198,10.75,0.2167
2026-07-14,7530.62,2026-08-06,23.0,6975.0,589.6,0.2115,11.55,0.2128
2026-07-14,7530.62,2026-08-06,23.0,7000.0,566.6,0.2118,12.45,0.2089
2026-07-14,7530.62,2026-08-06,23.0,7025.0,542.95,0.2089,13.5,0.2053
2026-07-14,7530.62,2026-08-06,23.0,7050.0,518.8,0.2039,14.6,0.2014
2026-07-14,7530.62,2026-08-06,23.0,7075.0,495.1,0.2,15.7,0.1972
2026-07-14,7530.62,2026-08-06,23.0,7100.0,471.1,0.1949,17.2,0.1939
2026-07-14,7530.62,2026-08-06,23.0,7125.0,447.6,0.191,18.75,0.1903
2026-07-14,7530.62,2026-08-06,23.0,7150.0,424.75,0.1884,20.5,0.1868
2026-07-14,7530.62,2026-08-06,23.0,7175.0,401.35,0.1838,22.35,0.1831
2026-07-14,7530.62,2026-08-06,23.0,7200.0,378.65,0.1806,24.5,0.1796
2026-07-14,7530.62,2026-08-06,23.0,7220.0,360.45,0.1775,26.45,0.177
2026-07-14,7530.62,2026-08-06,23.0,7225.0,356.1,0.1771,26.95,0.1763
2026-07-14,7530.62,2026-08-06,23.0,7230.0,351.6,0.1764,27.45,0.1755
2026-07-14,7530.62,2026-08-06,23.0,7240.0,343.05,0.1758,28.5,0.1741
2026-07-14,7530.62,2026-08-06,23.0,7250.0,334.15,0.1743,29.45,0.1724
2026-07-14,7530.62,2026-08-06,23.0,7260.0,325.25,0.1728,30.75,0.1714
2026-07-14,7530.62,2026-08-06,23.0,7270.0,316.85,0.1722,31.95,0.17
2026-07-14,7530.62,2026-08-06,23.0,7275.0,312.2,0.1709,32.55,0.1693
2026-07-14,7530.62,2026-08-06,23.0,7280.0,308.1,0.1707,33.15,0.1685
2026-07-14,7530.62,2026-08-06,23.0,7290.0,299.15,0.1688,34.25,0.1667
2026-07-14,7530.62,2026-08-06,23.0,7300.0,290.55,0.1674,35.6,0.1654
2026-07-14,7530.62,2026-08-06,23.0,7310.0,282.0,0.1661,37.0,0.1639
2026-07-14,7530.62,2026-08-06,23.0,7320.0,273.35,0.1644,38.75,0.1631
2026-07-14,7530.62,2026-08-06,23.0,7325.0,269.3,0.164,39.45,0.1622
2026-07-14,7530.62,2026-08-06,23.0,7330.0,265.25,0.1636,40.1,0.1613
2026-07-14,7530.62,2026-08-06,23.0,7340.0,256.55,0.1616,41.85,0.1602
2026-07-14,7530.62,2026-08-06,23.0,7350.0,248.7,0.161,43.25,0.1583
2026-07-14,7530.62,2026-08-06,23.0,7360.0,239.8,0.1585,45.3,0.1574
2026-07-14,7530.62,2026-08-06,23.0,7370.0,232.45,0.1584,47.15,0.1561
2026-07-14,7530.62,2026-08-06,23.0,7375.0,227.85,0.1568,48.0,0.1552
2026-07-14,7530.62,2026-08-06,23.0,7380.0,224.35,0.157,48.9,0.1544
2026-07-14,7530.62,2026-08-06,23.0,7390.0,215.85,0.1548,50.9,0.153
2026-07-14,7530.62,2026-08-06,23.0,7400.0,208.4,0.1541,53.1,0.1518
2026-07-14,7530.62,2026-08-06,23.0,7410.0,200.55,0.1526,54.85,0.1498
2026-07-14,7530.62,2026-08-06,23.0,7420.0,192.5,0.1507,57.5,0.149
2026-07-14,7530.62,2026-08-06,23.0,7425.0,188.8,0.1502,58.65,0.1482
2026-07-14,7530.62,2026-08-06,23.0,7430.0,184.8,0.1492,59.85,0.1476
2026-07-14,7530.62,2026-08-06,23.0,7440.0,177.0,0.1475,62.1,0.1458
2026-07-14,7530.62,2026-08-06,23.0,7450.0,170.95,0.148,64.7,0.1445
2026-07-14,7530.62,2026-08-06,23.0,7460.0,162.6,0.1451,67.5,0.1432
2026-07-14,7530.62,2026-08-06,23.0,7470.0,155.3,0.1436,70.25,0.1418
2026-07-14,7530.62,2026-08-06,23.0,7475.0,151.8,0.143,71.5,0.1408
2026-07-14,7530.62,2026-08-06,23.0,7480.0,148.1,0.1421,73.15,0.1403
2026-07-14,7530.62,2026-08-06,23.0,7490.0,141.3,0.1409,76.25,0.139
2026-07-14,7530.62,2026-08-06,23.0,7500.0,134.2,0.1391,79.15,0.1372
2026-07-14,7530.62,2026-08-06,23.0,7510.0,127.9,0.1383,82.55,0.1359
2026-07-14,7530.62,2026-08-06,23.0,7520.0,121.2,0.1367,85.8,0.1342
2026-07-14,7530.62,2026-08-06,23.0,7525.0,118.1,0.1362,87.9,0.1339
2026-07-14,7530.62,2026-08-06,23.0,7530.0,115.0,0.1356,89.25,0.1326
2026-07-14,7530.62,2026-08-06,23.0,7540.0,108.5,0.1339,93.3,0.1315
2026-07-14,7530.62,2026-08-06,23.0,7550.0,102.5,0.1327,97.2,0.1301
2026-07-14,7530.62,2026-08-06,23.0,7560.0,96.6,0.1314,101.3,0.1287
2026-07-14,7530.62,2026-08-06,23.0,7570.0,90.75,0.1299,105.5,0.1272
2026-07-14,7530.62,2026-08-06,23.0,7575.0,88.0,0.1294,107.7,0.1265
2026-07-14,7530.62,2026-08-06,23.0,7580.0,85.3,0.1288,109.9,0.1257
2026-07-14,7530.62,2026-08-06,23.0,7590.0,79.9,0.1275,113.2,0.1225
2026-07-14,7530.62,2026-08-06,23.0,7600.0,74.7,0.1263,117.95,0.121
2026-07-14,7530.62,2026-08-06,23.0,7610.0,69.65,0.125,122.9,0.1195
2026-07-14,7530.62,2026-08-06,23.0,7620.0,64.8,0.1237,129.2,0.1196
2026-07-14,7530.62,2026-08-06,23.0,7625.0,62.5,0.1232,132.0,0.1191
2026-07-14,7530.62,2026-08-06,23.0,7630.0,60.3,0.1227,134.8,0.1185
2026-07-14,7530.62,2026-08-06,23.0,7640.0,55.85,0.1215,140.45,0.1171
2026-07-14,7530.62,2026-08-06,23.0,7650.0,51.65,0.1204,145.8,0.1149
2026-07-14,7530.62,2026-08-06,23.0,7660.0,47.65,0.1193,151.8,0.1134
2026-07-14,7530.62,2026-08-06,23.0,7670.0,43.9,0.1183,157.9,0.1117
2026-07-14,7530.62,2026-08-06,23.0,7675.0,42.0,0.1176,161.1,0.1109
2026-07-14,7530.62,2026-08-06,23.0,7680.0,40.3,0.1172,164.5,0.1103
2026-07-14,7530.62,2026-08-06,23.0,7690.0,36.85,0.1161,170.85,0.1081
2026-07-14,7530.62,2026-08-06,23.0,7700.0,33.85,0.1154,178.15,0.1072
2026-07-14,7530.62,2026-08-06,23.0,7710.0,30.7,0.1142,184.6,0.1042
2026-07-14,7530.62,2026-08-06,23.0,7720.0,27.85,0.1132,191.75,0.1017
2026-07-14,7530.62,2026-08-06,23.0,7725.0,26.55,0.1128,195.45,0.1005
2026-07-14,7530.62,2026-08-06,23.0,7750.0,20.55,0.1106,214.45,0.0912
2026-07-14,7530.62,2026-08-06,23.0,7775.0,15.7,0.1087,234.85,0.0865
2026-07-14,7530.62,2026-08-06,23.0,7800.0,11.85,0.1071,,
2026-07-14,7530.62,2026-08-06,23.0,7825.0,8.75,0.1056,,
2026-07-14,7530.62,2026-08-06,23.0,7850.0,6.45,0.1045,,
2026-07-14,7530.62,2026-08-06,23.0,7875.0,4.75,0.1039,,
2026-07-14,7530.62,2026-08-06,23.0,7900.0,3.45,0.1033,,
2026-07-14,7530.62,2026-08-06,23.0,7925.0,2.58,0.1035,,
2026-07-14,7530.62,2026-08-06,23.0,7950.0,1.95,0.1041,,
2026-07-14,7530.62,2026-08-06,23.0,7975.0,1.5,0.105,,
2026-07-14,7530.62,2026-08-06,23.0,8000.0,1.2,0.1066,,
2026-07-14,7530.62,2026-08-06,23.0,8025.0,1.0,0.1087,,
2026-07-14,7530.62,2026-08-06,23.0,8050.0,0.8,0.1102,,
2026-07-14,7530.62,2026-08-06,23.0,8075.0,0.7,0.1129,,
2026-07-14,7530.62,2026-08-06,23.0,8100.0,0.6,0.1153,,
2026-07-14,7530.62,2026-08-06,23.0,8200.0,0.38,0.126,,
2026-07-14,7530.62,2026-08-06,23.0,8300.0,0.28,0.1379,,
2026-07-14,7530.62,2026-08-06,23.0,8400.0,0.2,0.1489,,
2026-07-14,7530.62,2026-08-06,23.0,8600.0,0.12,0.1711,,
2026-07-14,7530.62,2026-08-07,24.0,5700.0,1852.7,0.4442,1.52,0.4409
2026-07-14,7530.62,2026-08-07,24.0,5800.0,1753.0,0.4213,1.73,0.4224
2026-07-14,7530.62,2026-08-07,24.0,5900.0,1654.15,0.4187,1.95,0.4037
2026-07-14,7530.62,2026-08-07,24.0,5950.0,1604.6,0.4125,2.1,0.395
2026-07-14,7530.62,2026-08-07,24.0,6000.0,1555.4,0.4113,2.22,0.3855
2026-07-14,7530.62,2026-08-07,24.0,6050.0,1504.6,0.3826,2.38,0.3763
2026-07-14,7530.62,2026-08-07,24.0,6100.0,1456.0,0.3906,2.55,0.3673
2026-07-14,7530.62,2026-08-07,24.0,6150.0,1404.7,0.3551,2.72,0.3581
2026-07-14,7530.62,2026-08-07,24.0,6175.0,1380.25,0.3574,2.83,0.3536
2026-07-14,7530.62,2026-08-07,24.0,6200.0,1355.6,0.3556,2.92,0.349
2026-07-14,7530.62,2026-08-07,24.0,6225.0,1331.4,0.3595,3.03,0.3444
2026-07-14,7530.62,2026-08-07,24.0,6250.0,1305.45,0.3389,3.1,0.3393
2026-07-14,7530.62,2026-08-07,24.0,6275.0,1281.25,0.3431,3.25,0.3353
2026-07-14,7530.62,2026-08-07,24.0,6300.0,1257.45,0.3504,3.4,0.3311
2026-07-14,7530.62,2026-08-07,24.0,6325.0,1232.6,0.3448,3.5,0.3262
2026-07-14,7530.62,2026-08-07,24.0,6350.0,1207.5,0.3365,3.6,0.3212
2026-07-14,7530.62,2026-08-07,24.0,6375.0,1181.8,0.3215,3.8,0.3175
2026-07-14,7530.62,2026-08-07,24.0,6400.0,1157.5,0.3222,3.9,0.3123
2026-07-14,7530.62,2026-08-07,24.0,6425.0,1133.5,0.325,4.1,0.3083
2026-07-14,7530.62,2026-08-07,24.0,6450.0,1108.7,0.3196,4.2,0.3031
2026-07-14,7530.62,2026-08-07,24.0,6475.0,1082.5,0.3009,4.4,0.2989
2026-07-14,7530.62,2026-08-07,24.0,6500.0,1058.85,0.3066,4.6,0.2945
2026-07-14,7530.62,2026-08-07,24.0,6525.0,1034.2,0.3025,4.8,0.29
2026-07-14,7530.62,2026-08-07,24.0,6550.0,1009.15,0.2949,5.0,0.2855
2026-07-14,7530.62,2026-08-07,24.0,6575.0,984.65,0.2918,5.2,0.2808
2026-07-14,7530.62,2026-08-07,24.0,6600.0,959.0,0.2794,5.4,0.276
2026-07-14,7530.62,2026-08-07,24.0,6625.0,934.8,0.2786,5.7,0.272
2026-07-14,7530.62,2026-08-07,24.0,6650.0,911.05,0.2803,6.0,0.2678
2026-07-14,7530.62,2026-08-07,24.0,6675.0,886.05,0.2731,6.25,0.263
2026-07-14,7530.62,2026-08-07,24.0,6700.0,861.45,0.2684,6.6,0.2589
2026-07-14,7530.62,2026-08-07,24.0,6725.0,836.35,0.2606,6.9,0.2543
2026-07-14,7530.62,2026-08-07,24.0,6750.0,812.05,0.2576,7.3,0.2501
2026-07-14,7530.62,2026-08-07,24.0,6770.0,792.75,0.2558,7.6,0.2466
2026-07-14,7530.62,2026-08-07,24.0,6775.0,787.8,0.2546,7.7,0.2458
2026-07-14,7530.62,2026-08-07,24.0,6780.0,783.35,0.2561,7.8,0.2451
2026-07-14,7530.62,2026-08-07,24.0,6790.0,773.5,0.2539,7.95,0.2432
2026-07-14,7530.62,2026-08-07,24.0,6800.0,762.45,0.2453,8.1,0.2414
2026-07-14,7530.62,2026-08-07,24.0,6810.0,754.7,0.2541,8.3,0.2397
2026-07-14,7530.62,2026-08-07,24.0,6820.0,742.85,0.2417,8.5,0.2381
2026-07-14,7530.62,2026-08-07,24.0,6825.0,739.2,0.2471,8.6,0.2373
2026-07-14,7530.62,2026-08-07,24.0,6830.0,733.9,0.2442,8.7,0.2364
2026-07-14,7530.62,2026-08-07,24.0,6840.0,724.25,0.2429,8.95,0.235
2026-07-14,7530.62,2026-08-07,24.0,6850.0,714.6,0.2416,9.15,0.2332
2026-07-14,7530.62,2026-08-07,24.0,6860.0,704.85,0.2398,9.35,0.2314
2026-07-14,7530.62,2026-08-07,24.0,6870.0,694.9,0.2371,9.6,0.2299
2026-07-14,7530.62,2026-08-07,24.0,6875.0,690.15,0.2367,9.75,0.2292
2026-07-14,7530.62,2026-08-07,24.0,6880.0,684.3,0.2313,9.85,0.2283
2026-07-14,7530.62,2026-08-07,24.0,6890.0,676.1,0.2364,10.1,0.2266
2026-07-14,7530.62,2026-08-07,24.0,6900.0,665.9,0.2325,10.35,0.2249
2026-07-14,7530.62,2026-08-07,24.0,6910.0,655.7,0.2286,10.7,0.2237
2026-07-14,7530.62,2026-08-07,24.0,6920.0,645.55,0.2249,11.0,0.2221
2026-07-14,7530.62,2026-08-07,24.0,6925.0,641.75,0.2285,11.1,0.2211
2026-07-14,7530.62,2026-08-07,24.0,6930.0,636.55,0.2261,11.3,0.2206
2026-07-14,7530.62,2026-08-07,24.0,6940.0,627.3,0.2261,11.6,0.2189
2026-07-14,7530.62,2026-08-07,24.0,6950.0,617.65,0.2244,11.85,0.217
2026-07-14,7530.62,2026-08-07,24.0,6960.0,607.75,0.2217,12.25,0.2157
2026-07-14,7530.62,2026-08-07,24.0,6970.0,598.55,0.2216,12.6,0.2142
2026-07-14,7530.62,2026-08-07,24.0,6975.0,593.6,0.2202,12.7,0.2131
2026-07-14,7530.62,2026-08-07,24.0,6980.0,589.05,0.2203,13.0,0.2128
2026-07-14,7530.62,2026-08-07,24.0,6990.0,578.6,0.2155,13.4,0.2113
2026-07-14,7530.62,2026-08-07,24.0,7000.0,570.35,0.2185,13.7,0.2094
2026-07-14,7530.62,2026-08-07,24.0,7010.0,560.3,0.2152,14.2,0.2082
2026-07-14,7530.62,2026-08-07,24.0,7020.0,550.75,0.2135,14.6,0.2066
2026-07-14,7530.62,2026-08-07,24.0,7025.0,546.6,0.2147,14.75,0.2056
2026-07-14,7530.62,2026-08-07,24.0,7030.0,540.8,0.2105,15.05,0.2051
2026-07-14,7530.62,2026-08-07,24.0,7040.0,532.25,0.2119,15.5,0.2035
2026-07-14,7530.62,2026-08-07,24.0,7050.0,521.9,0.2076,15.95,0.2019
2026-07-14,7530.62,2026-08-07,24.0,7060.0,513.6,0.2095,16.5,0.2005
2026-07-14,7530.62,2026-08-07,24.0,7070.0,503.45,0.2058,17.1,0.1993
2026-07-14,7530.62,2026-08-07,24.0,7075.0,498.5,0.2043,17.3,0.1983
2026-07-14,7530.62,2026-08-07,24.0,7080.0,493.8,0.2035,17.6,0.1976
2026-07-14,7530.62,2026-08-07,24.0,7090.0,484.45,0.202,18.2,0.1962
2026-07-14,7530.62,2026-08-07,24.0,7100.0,475.05,0.2004,18.75,0.1946
2026-07-14,7530.62,2026-08-07,24.0,7110.0,465.7,0.1988,19.4,0.1933
2026-07-14,7530.62,2026-08-07,24.0,7120.0,456.45,0.1975,20.05,0.1918
2026-07-14,7530.62,2026-08-07,24.0,7125.0,451.75,0.1966,20.45,0.1912
2026-07-14,7530.62,2026-08-07,24.0,7130.0,447.05,0.1956,20.8,0.1905
2026-07-14,7530.62,2026-08-07,24.0,7140.0,437.9,0.1944,21.4,0.1888
2026-07-14,7530.62,2026-08-07,24.0,7150.0,428.6,0.1927,22.15,0.1874
2026-07-14,7530.62,2026-08-07,24.0,7160.0,419.3,0.1909,22.95,0.186
2026-07-14,7530.62,2026-08-07,24.0,7170.0,410.55,0.1904,23.75,0.1846
2026-07-14,7530.62,2026-08-07,24.0,7175.0,405.75,0.1891,24.25,0.1841
2026-07-14,7530.62,2026-08-07,24.0,7180.0,401.15,0.1883,24.65,0.1833
2026-07-14,7530.62,2026-08-07,24.0,7190.0,391.95,0.1866,25.5,0.1819
2026-07-14,7530.62,2026-08-07,24.0,7200.0,383.5,0.1864,26.4,0.1804
2026-07-14,7530.62,2026-08-07,24.0,7210.0,374.3,0.1845,27.5,0.1793
2026-07-14,7530.62,2026-08-07,24.0,7220.0,365.55,0.1835,28.45,0.1778
2026-07-14,7530.62,2026-08-07,24.0,7225.0,360.85,0.1823,28.85,0.1769
2026-07-14,7530.62,2026-08-07,24.0,7230.0,356.4,0.1816,29.45,0.1764
2026-07-14,7530.62,2026-08-07,24.0,7235.0,351.55,0.18,30.15,0.176
2026-07-14,7530.62,2026-08-07,24.0,7240.0,347.4,0.1799,30.45,0.1748
2026-07-14,7530.62,2026-08-07,24.0,7245.0,342.75,0.1787,31.25,0.1746
2026-07-14,7530.62,2026-08-07,24.0,7250.0,338.55,0.1784,31.6,0.1735
2026-07-14,7530.62,2026-08-07,24.0,7255.0,333.95,0.1773,32.4,0.1732
2026-07-14,7530.62,2026-08-07,24.0,7260.0,329.95,0.1773,33.0,0.1725
2026-07-14,7530.62,2026-08-07,24.0,7265.0,325.1,0.1757,33.6,0.1718
2026-07-14,7530.62,2026-08-07,24.0,7270.0,321.15,0.1758,34.0,0.1707
2026-07-14,7530.62,2026-08-07,24.0,7275.0,316.5,0.1745,34.7,0.1701
2026-07-14,7530.62,2026-08-07,24.0,7280.0,312.2,0.1738,35.25,0.1692
2026-07-14,7530.62,2026-08-07,24.0,7285.0,308.35,0.174,36.2,0.1691
2026-07-14,7530.62,2026-08-07,24.0,7290.0,303.9,0.173,36.6,0.1679
2026-07-14,7530.62,2026-08-07,24.0,7295.0,299.65,0.1724,37.45,0.1675
2026-07-14,7530.62,2026-08-07,24.0,7300.0,295.3,0.1715,38.2,0.1669
2026-07-14,7530.62,2026-08-07,24.0,7305.0,291.3,0.1713,39.0,0.1663
2026-07-14,7530.62,2026-08-07,24.0,7310.0,286.9,0.1703,39.7,0.1656
2026-07-14,7530.62,2026-08-07,24.0,7315.0,282.7,0.1696,40.2,0.1645
2026-07-14,7530.62,2026-08-07,24.0,7320.0,278.5,0.169,41.2,0.1642
2026-07-14,7530.62,2026-08-07,24.0,7325.0,273.9,0.1676,41.8,0.1632
2026-07-14,7530.62,2026-08-07,24.0,7330.0,270.1,0.1675,42.8,0.1628
2026-07-14,7530.62,2026-08-07,24.0,7335.0,265.75,0.1665,43.6,0.1621
2026-07-14,7530.62,2026-08-07,24.0,7340.0,261.6,0.1658,44.3,0.1612
2026-07-14,7530.62,2026-08-07,24.0,7345.0,257.45,0.1651,45.25,0.1607
2026-07-14,7530.62,2026-08-07,24.0,7350.0,253.5,0.1646,46.1,0.16
2026-07-14,7530.62,2026-08-07,24.0,7355.0,249.0,0.1633,46.7,0.1588
2026-07-14,7530.62,2026-08-07,24.0,7360.0,244.9,0.1625,47.85,0.1585
2026-07-14,7530.62,2026-08-07,24.0,7365.0,240.7,0.1616,48.5,0.1574
2026-07-14,7530.62,2026-08-07,24.0,7370.0,236.85,0.1612,49.45,0.1567
2026-07-14,7530.62,2026-08-07,24.0,7375.0,233.35,0.1613,50.6,0.1563
2026-07-14,7530.62,2026-08-07,24.0,7380.0,229.3,0.1606,51.65,0.1557
2026-07-14,7530.62,2026-08-07,24.0,7385.0,224.6,0.1587,52.65,0.155
2026-07-14,7530.62,2026-08-07,24.0,7390.0,221.45,0.1593,53.75,0.1545
2026-07-14,7530.62,2026-08-07,24.0,7395.0,216.85,0.1576,54.7,0.1536
2026-07-14,7530.62,2026-08-07,24.0,7400.0,212.95,0.1569,55.65,0.1528
2026-07-14,7530.62,2026-08-07,24.0,7405.0,208.95,0.1561,56.85,0.1522
2026-07-14,7530.62,2026-08-07,24.0,7410.0,205.2,0.1556,58.05,0.1517
2026-07-14,7530.62,2026-08-07,24.0,7415.0,201.4,0.1549,58.75,0.1503
2026-07-14,7530.62,2026-08-07,24.0,7420.0,197.6,0.1543,60.25,0.1502
2026-07-14,7530.62,2026-08-07,24.0,7425.0,194.0,0.1539,61.4,0.1494
2026-07-14,7530.62,2026-08-07,24.0,7430.0,190.0,0.1529,62.65,0.1488
2026-07-14,7530.62,2026-08-07,24.0,7435.0,186.2,0.1521,63.85,0.148
2026-07-14,7530.62,2026-08-07,24.0,7440.0,182.5,0.1515,65.1,0.1473
2026-07-14,7530.62,2026-08-07,24.0,7445.0,178.7,0.1506,66.4,0.1467
2026-07-14,7530.62,2026-08-07,24.0,7450.0,174.9,0.1498,67.65,0.1459
2026-07-14,7530.62,2026-08-07,24.0,7455.0,171.3,0.1492,68.85,0.145
2026-07-14,7530.62,2026-08-07,24.0,7460.0,167.7,0.1485,70.3,0.1444
2026-07-14,7530.62,2026-08-07,24.0,7465.0,164.1,0.1478,71.7,0.1437
2026-07-14,7530.62,2026-08-07,24.0,7470.0,160.3,0.1468,72.9,0.1427
2026-07-14,7530.62,2026-08-07,24.0,7475.0,156.9,0.1463,74.45,0.1422
2026-07-14,7530.62,2026-08-07,24.0,7480.0,153.2,0.1454,76.05,0.1416
2026-07-14,7530.62,2026-08-07,24.0,7485.0,150.0,0.1451,77.4,0.1407
2026-07-14,7530.62,2026-08-07,24.0,7490.0,146.5,0.1443,78.8,0.1398
2026-07-14,7530.62,2026-08-07,24.0,7495.0,143.1,0.1436,80.35,0.1391
2026-07-14,7530.62,2026-08-07,24.0,7500.0,139.6,0.1428,82.1,0.1386
2026-07-14,7530.62,2026-08-07,24.0,7505.0,136.2,0.1421,83.55,0.1376
2026-07-14,7530.62,2026-08-07,24.0,7510.0,132.9,0.1414,85.2,0.1369
2026-07-14,7530.62,2026-08-07,24.0,7515.0,129.8,0.141,87.1,0.1364
2026-07-14,7530.62,2026-08-07,24.0,7520.0,126.2,0.1398,88.6,0.1354
2026-07-14,7530.62,2026-08-07,24.0,7525.0,123.3,0.1396,90.25,0.1345
2026-07-14,7530.62,2026-08-07,24.0,7530.0,119.9,0.1386,92.3,0.1341
2026-07-14,7530.62,2026-08-07,24.0,7535.0,116.75,0.1379,94.2,0.1335
2026-07-14,7530.62,2026-08-07,24.0,7540.0,113.8,0.1375,96.0,0.1327
2026-07-14,7530.62,2026-08-07,24.0,7545.0,110.6,0.1366,98.0,0.1321
2026-07-14,7530.62,2026-08-07,24.0,7550.0,107.7,0.1361,99.9,0.1313
2026-07-14,7530.62,2026-08-07,24.0,7555.0,104.5,0.1352,101.7,0.1303
2026-07-14,7530.62,2026-08-07,24.0,7560.0,101.6,0.1346,103.9,0.1298
2026-07-14,7530.62,2026-08-07,24.0,7565.0,98.7,0.134,105.5,0.1284
2026-07-14,7530.62,2026-08-07,24.0,7570.0,95.7,0.1332,108.1,0.1283
2026-07-14,7530.62,2026-08-07,24.0,7575.0,92.9,0.1326,109.9,0.1271
2026-07-14,7530.62,2026-08-07,24.0,7580.0,90.1,0.1319,112.6,0.1271
2026-07-14,7530.62,2026-08-07,24.0,7585.0,87.3,0.1312,114.8,0.1263
2026-07-14,7530.62,2026-08-07,24.0,7590.0,84.8,0.1308,116.8,0.1252
2026-07-14,7530.62,2026-08-07,24.0,7595.0,82.0,0.13,119.1,0.1244
2026-07-14,7530.62,2026-08-07,24.0,7600.0,79.35,0.1293,121.4,0.1235
2026-07-14,7530.62,2026-08-07,24.0,7605.0,77.15,0.1292,124.0,0.123
2026-07-14,7530.62,2026-08-07,24.0,7610.0,74.5,0.1284,126.4,0.1222
2026-07-14,7530.62,2026-08-07,24.0,7615.0,72.05,0.1278,128.9,0.1214
2026-07-14,7530.62,2026-08-07,24.0,7620.0,69.5,0.127,131.5,0.1207
2026-07-14,7530.62,2026-08-07,24.0,7625.0,67.2,0.1265,134.1,0.1199
2026-07-14,7530.62,2026-08-07,24.0,7630.0,64.7,0.1257,136.8,0.1192
2026-07-14,7530.62,2026-08-07,24.0,7635.0,62.5,0.1252,139.7,0.1187
2026-07-14,7530.62,2026-08-07,24.0,7640.0,60.4,0.1248,142.3,0.1178
2026-07-14,7530.62,2026-08-07,24.0,7645.0,58.1,0.1241,145.3,0.1172
2026-07-14,7530.62,2026-08-07,24.0,7650.0,56.05,0.1236,148.1,0.1164
2026-07-14,7530.62,2026-08-07,24.0,7655.0,53.8,0.1228,150.6,0.115
2026-07-14,7530.62,2026-08-07,24.0,7660.0,51.9,0.1225,153.5,0.1141
2026-07-14,7530.62,2026-08-07,24.0,7665.0,49.95,0.122,156.5,0.1133
2026-07-14,7530.62,2026-08-07,24.0,7670.0,48.1,0.1216,159.6,0.1125
2026-07-14,7530.62,2026-08-07,24.0,7675.0,46.15,0.1209,162.6,0.1115
2026-07-14,7530.62,2026-08-07,24.0,7680.0,44.3,0.1204,165.85,0.1108
2026-07-14,7530.62,2026-08-07,24.0,7685.0,42.3,0.1196,169.45,0.1105
2026-07-14,7530.62,2026-08-07,24.0,7690.0,40.65,0.1192,172.3,0.1089
2026-07-14,7530.62,2026-08-07,24.0,7695.0,39.0,0.1187,175.7,0.1081
2026-07-14,7530.62,2026-08-07,24.0,7700.0,37.45,0.1184,178.95,0.107
2026-07-14,7530.62,2026-08-07,24.0,7705.0,35.75,0.1177,182.2,0.1057
2026-07-14,7530.62,2026-08-07,24.0,7710.0,34.3,0.1174,185.65,0.1047
2026-07-14,7530.62,2026-08-07,24.0,7715.0,32.85,0.117,189.15,0.1035
2026-07-14,7530.62,2026-08-07,24.0,7720.0,31.25,0.1163,192.65,0.1022
2026-07-14,7530.62,2026-08-07,24.0,7725.0,30.0,0.1161,196.55,0.1015
2026-07-14,7530.62,2026-08-07,24.0,7730.0,28.5,0.1154,200.1,0.1
2026-07-14,7530.62,2026-08-07,24.0,7740.0,25.95,0.1146,207.4,0.0965
2026-07-14,7530.62,2026-08-07,24.0,7750.0,23.55,0.1137,214.75,0.0912
2026-07-14,7530.62,2026-08-07,24.0,7760.0,21.3,0.1129,222.6,0.0823
2026-07-14,7530.62,2026-08-07,24.0,7770.0,19.3,0.1122,230.5,0.0843
2026-07-14,7530.62,2026-08-07,24.0,7775.0,18.25,0.1117,234.8,0.0856
2026-07-14,7530.62,2026-08-07,24.0,7780.0,17.4,0.1115,,
2026-07-14,7530.62,2026-08-07,24.0,7790.0,15.65,0.1108,,
2026-07-14,7530.62,2026-08-07,24.0,7800.0,13.95,0.1099,,
2026-07-14,7530.62,2026-08-07,24.0,7810.0,12.5,0.1093,,
2026-07-14,7530.62,2026-08-07,24.0,7820.0,11.2,0.1088,,
2026-07-14,7530.62,2026-08-07,24.0,7825.0,10.6,0.1086,,
2026-07-14,7530.62,2026-08-07,24.0,7830.0,10.0,0.1083,,
2026-07-14,7530.62,2026-08-07,24.0,7840.0,8.9,0.1077,,
2026-07-14,7530.62,2026-08-07,24.0,7850.0,7.9,0.1072,,
2026-07-14,7530.62,2026-08-07,24.0,7860.0,7.05,0.1069,,
2026-07-14,7530.62,2026-08-07,24.0,7870.0,6.25,0.1065,,
2026-07-14,7530.62,2026-08-07,24.0,7875.0,5.85,0.1062,,
2026-07-14,7530.62,2026-08-07,24.0,7880.0,5.5,0.106,,
2026-07-14,7530.62,2026-08-07,24.0,7890.0,4.9,0.1058,,
2026-07-14,7530.62,2026-08-07,24.0,7900.0,4.35,0.1056,,
2026-07-14,7530.62,2026-08-07,24.0,7910.0,3.85,0.1054,,
2026-07-14,7530.62,2026-08-07,24.0,7920.0,3.45,0.1055,,
2026-07-14,7530.62,2026-08-07,24.0,7925.0,3.25,0.1055,,
2026-07-14,7530.62,2026-08-07,24.0,7930.0,3.1,0.1057,,
2026-07-14,7530.62,2026-08-07,24.0,7940.0,2.75,0.1056,,
2026-07-14,7530.62,2026-08-07,24.0,7950.0,2.47,0.1058,,
2026-07-14,7530.62,2026-08-07,24.0,7975.0,1.93,0.1067,,
2026-07-14,7530.62,2026-08-07,24.0,8000.0,1.52,0.1079,,
2026-07-14,7530.62,2026-08-07,24.0,8025.0,1.23,0.1093,,
2026-07-14,7530.62,2026-08-07,24.0,8050.0,1.0,0.111,,
2026-07-14,7530.62,2026-08-07,24.0,8075.0,0.85,0.1132,,
2026-07-14,7530.62,2026-08-07,24.0,8100.0,0.73,0.1153,,
2026-07-14,7530.62,2026-08-07,24.0,8125.0,0.62,0.1176,,
2026-07-14,7530.62,2026-08-07,24.0,8150.0,0.55,0.1201,,
2026-07-14,7530.62,2026-08-07,24.0,8175.0,0.5,0.123,,
2026-07-14,7530.62,2026-08-07,24.0,8200.0,0.45,0.1257,,
2026-07-14,7530.62,2026-08-07,24.0,8225.0,0.4,0.1282,,
2026-07-14,7530.62,2026-08-07,24.0,8250.0,0.35,0.1303,,
2026-07-14,7530.62,2026-08-07,24.0,8300.0,0.3,0.1361,,
2026-07-14,7530.62,2026-08-07,24.0,8350.0,0.28,0.1426,,
2026-07-14,7530.62,2026-08-07,24.0,8400.0,0.25,0.1488,,
2026-07-14,7530.62,2026-08-07,24.0,8500.0,0.2,0.1602,,
2026-07-14,7530.62,2026-08-07,24.0,8600.0,0.15,0.1701,,
2026-07-14,7530.62,2026-08-10,27.0,5800.0,1752.35,0.2536,2.0,0.4057
2026-07-14,7530.62,2026-08-10,27.0,6000.0,1556.95,0.3846,2.58,0.3708
2026-07-14,7530.62,2026-08-10,27.0,6100.0,1455.8,0.3352,2.98,0.354
2026-07-14,7530.62,2026-08-10,27.0,6200.0,1358.25,0.3463,3.35,0.3358
2026-07-14,7530.62,2026-08-10,27.0,6300.0,1257.1,0.3031,3.9,0.3189
2026-07-14,7530.62,2026-08-10,27.0,6400.0,1157.5,0.282,4.5,0.3014
2026-07-14,7530.62,2026-08-10,27.0,6450.0,1108.5,0.2811,4.85,0.2927
2026-07-14,7530.62,2026-08-10,27.0,6475.0,1084.25,0.2824,5.05,0.2884
2026-07-14,7530.62,2026-08-10,27.0,6500.0,1059.5,0.2782,5.25,0.2841
2026-07-14,7530.62,2026-08-10,27.0,6525.0,1036.25,0.2865,5.45,0.2796
2026-07-14,7530.62,2026-08-10,27.0,6550.0,1009.95,0.2689,5.75,0.2759
2026-07-14,7530.62,2026-08-10,27.0,6575.0,985.9,0.2702,5.95,0.2713
2026-07-14,7530.62,2026-08-10,27.0,6600.0,960.45,0.2598,6.25,0.2673
2026-07-14,7530.62,2026-08-10,27.0,6625.0,936.25,0.2594,6.55,0.2631
2026-07-14,7530.62,2026-08-10,27.0,6650.0,911.15,0.2519,6.8,0.2586
2026-07-14,7530.62,2026-08-10,27.0,6675.0,886.95,0.2509,7.15,0.2545
2026-07-14,7530.62,2026-08-10,27.0,6700.0,862.15,0.2455,7.5,0.2503
2026-07-14,7530.62,2026-08-10,27.0,6725.0,836.75,0.2361,7.85,0.246
2026-07-14,7530.62,2026-08-10,27.0,6750.0,812.65,0.2351,8.25,0.2419
2026-07-14,7530.62,2026-08-10,27.0,6775.0,787.85,0.2296,8.75,0.2381
2026-07-14,7530.62,2026-08-10,27.0,6800.0,764.4,0.2314,9.25,0.2341
2026-07-14,7530.62,2026-08-10,27.0,6825.0,740.3,0.2291,9.8,0.2302
2026-07-14,7530.62,2026-08-10,27.0,6850.0,715.6,0.2236,10.4,0.2263
2026-07-14,7530.62,2026-08-10,27.0,6875.0,691.1,0.2189,11.0,0.2222
2026-07-14,7530.62,2026-08-10,27.0,6900.0,667.25,0.2168,11.7,0.2183
2026-07-14,7530.62,2026-08-10,27.0,6925.0,643.4,0.2144,12.5,0.2146
2026-07-14,7530.62,2026-08-10,27.0,6950.0,618.95,0.2093,13.4,0.2111
2026-07-14,7530.62,2026-08-10,27.0,6975.0,595.35,0.2071,14.35,0.2074
2026-07-14,7530.62,2026-08-10,27.0,7000.0,571.25,0.2028,15.4,0.2037
2026-07-14,7530.62,2026-08-10,27.0,7025.0,547.8,0.2003,16.5,0.2
2026-07-14,7530.62,2026-08-10,27.0,7050.0,524.05,0.1965,17.7,0.1962
2026-07-14,7530.62,2026-08-10,27.0,7075.0,500.2,0.1921,19.2,0.1929
2026-07-14,7530.62,2026-08-10,27.0,7100.0,476.8,0.1886,20.85,0.1897
2026-07-14,7530.62,2026-08-10,27.0,7125.0,453.65,0.1854,22.45,0.1859
2026-07-14,7530.62,2026-08-10,27.0,7150.0,430.7,0.1823,24.4,0.1826
2026-07-14,7530.62,2026-08-10,27.0,7175.0,407.85,0.1789,26.65,0.1796
2026-07-14,7530.62,2026-08-10,27.0,7200.0,385.65,0.1765,28.95,0.1761
2026-07-14,7530.62,2026-08-10,27.0,7220.0,367.4,0.1732,31.05,0.1736
2026-07-14,7530.62,2026-08-10,27.0,7225.0,363.35,0.1733,31.4,0.1725
2026-07-14,7530.62,2026-08-10,27.0,7230.0,358.6,0.172,32.15,0.1723
2026-07-14,7530.62,2026-08-10,27.0,7240.0,349.7,0.1706,33.3,0.171
2026-07-14,7530.62,2026-08-10,27.0,7250.0,341.3,0.1701,34.3,0.1693
2026-07-14,7530.62,2026-08-10,27.0,7260.0,332.25,0.1682,35.7,0.1683
2026-07-14,7530.62,2026-08-10,27.0,7270.0,323.55,0.1669,37.0,0.167
2026-07-14,7530.62,2026-08-10,27.0,7275.0,319.55,0.1669,37.4,0.1659
2026-07-14,7530.62,2026-08-10,27.0,7280.0,315.0,0.1658,38.25,0.1656
2026-07-14,7530.62,2026-08-10,27.0,7290.0,306.5,0.1647,39.65,0.1643
2026-07-14,7530.62,2026-08-10,27.0,7300.0,298.3,0.1639,41.15,0.1631
2026-07-14,7530.62,2026-08-10,27.0,7310.0,289.3,0.1618,42.65,0.1618
2026-07-14,7530.62,2026-08-10,27.0,7320.0,280.85,0.1604,44.2,0.1604
2026-07-14,7530.62,2026-08-10,27.0,7325.0,276.9,0.1601,45.0,0.1598
2026-07-14,7530.62,2026-08-10,27.0,7330.0,272.65,0.1594,45.9,0.1592
2026-07-14,7530.62,2026-08-10,27.0,7340.0,264.6,0.1585,47.2,0.1573
2026-07-14,7530.62,2026-08-10,27.0,7350.0,256.35,0.1571,48.95,0.156
2026-07-14,7530.62,2026-08-10,27.0,7360.0,248.8,0.1567,51.1,0.1551
2026-07-14,7530.62,2026-08-10,27.0,7370.0,240.5,0.1551,52.85,0.1536
2026-07-14,7530.62,2026-08-10,27.0,7375.0,236.6,0.1546,53.6,0.1526
2026-07-14,7530.62,2026-08-10,27.0,7380.0,232.5,0.1538,54.9,0.1524
2026-07-14,7530.62,2026-08-10,27.0,7390.0,224.6,0.1525,56.65,0.1506
2026-07-14,7530.62,2026-08-10,27.0,7400.0,216.7,0.1511,59.1,0.1497
2026-07-14,7530.62,2026-08-10,27.0,7410.0,208.9,0.1497,61.35,0.1484
2026-07-14,7530.62,2026-08-10,27.0,7420.0,201.0,0.1481,63.7,0.1472
2026-07-14,7530.62,2026-08-10,27.0,7425.0,197.2,0.1474,64.95,0.1466
2026-07-14,7530.62,2026-08-10,27.0,7430.0,193.4,0.1468,66.1,0.1458
2026-07-14,7530.62,2026-08-10,27.0,7440.0,185.9,0.1454,68.5,0.1443
2026-07-14,7530.62,2026-08-10,27.0,7450.0,178.6,0.1442,71.1,0.143
2026-07-14,7530.62,2026-08-10,27.0,7460.0,171.2,0.1428,73.8,0.1416
2026-07-14,7530.62,2026-08-10,27.0,7470.0,164.0,0.1414,76.5,0.1401
2026-07-14,7530.62,2026-08-10,27.0,7475.0,160.5,0.1408,77.9,0.1394
2026-07-14,7530.62,2026-08-10,27.0,7480.0,156.9,0.1401,79.45,0.1388
2026-07-14,7530.62,2026-08-10,27.0,7490.0,150.0,0.1388,82.5,0.1375
2026-07-14,7530.62,2026-08-10,27.0,7500.0,143.25,0.1376,85.5,0.1359
2026-07-14,7530.62,2026-08-10,27.0,7510.0,136.65,0.1364,88.85,0.1346
2026-07-14,7530.62,2026-08-10,27.0,7520.0,129.9,0.1349,92.45,0.1335
2026-07-14,7530.62,2026-08-10,27.0,7525.0,126.65,0.1342,94.2,0.1328
2026-07-14,7530.62,2026-08-10,27.0,7530.0,123.3,0.1334,95.85,0.1319
2026-07-14,7530.62,2026-08-10,27.0,7540.0,117.1,0.1322,99.45,0.1304
2026-07-14,7530.62,2026-08-10,27.0,7550.0,111.05,0.1311,103.35,0.1291
2026-07-14,7530.62,2026-08-10,27.0,7560.0,105.1,0.1299,107.25,0.1276
2026-07-14,7530.62,2026-08-10,27.0,7570.0,99.3,0.1287,111.45,0.1263
2026-07-14,7530.62,2026-08-10,27.0,7575.0,96.55,0.1282,113.7,0.1257
2026-07-14,7530.62,2026-08-10,27.0,7580.0,93.85,0.1277,115.8,0.1249
2026-07-14,7530.62,2026-08-10,27.0,7590.0,88.2,0.1263,120.15,0.1234
2026-07-14,7530.62,2026-08-10,27.0,7600.0,82.9,0.1251,124.95,0.1222
2026-07-14,7530.62,2026-08-10,27.0,7610.0,77.85,0.124,129.75,0.1207
2026-07-14,7530.62,2026-08-10,27.0,7620.0,72.7,0.1226,134.95,0.1196
2026-07-14,7530.62,2026-08-10,27.0,7625.0,70.6,0.1225,137.55,0.1189
2026-07-14,7530.62,2026-08-10,27.0,7630.0,68.2,0.1219,138.8,0.1164
2026-07-14,7530.62,2026-08-10,27.0,7640.0,63.55,0.1207,144.2,0.1149
2026-07-14,7530.62,2026-08-10,27.0,7650.0,59.1,0.1195,151.2,0.1154
2026-07-14,7530.62,2026-08-10,27.0,7660.0,54.75,0.1183,157.0,0.114
2026-07-14,7530.62,2026-08-10,27.0,7675.0,49.05,0.117,165.6,0.1111
2026-07-14,7530.62,2026-08-10,27.0,7700.0,40.2,0.1147,181.7,0.1071
2026-07-14,7530.62,2026-08-10,27.0,7725.0,32.5,0.1126,199.35,0.1032
2026-07-14,7530.62,2026-08-10,27.0,7750.0,25.85,0.1105,217.15,0.0953
2026-07-14,7530.62,2026-08-10,27.0,7775.0,20.3,0.1086,237.0,0.0832
2026-07-14,7530.62,2026-08-10,27.0,7800.0,15.7,0.1068,,
2026-07-14,7530.62,2026-08-10,27.0,7825.0,12.0,0.1053,,
2026-07-14,7530.62,2026-08-10,27.0,7850.0,9.1,0.1041,,
2026-07-14,7530.62,2026-08-10,27.0,7875.0,6.8,0.103,,
2026-07-14,7530.62,2026-08-10,27.0,7900.0,5.1,0.1024,,
2026-07-14,7530.62,2026-08-10,27.0,7925.0,3.85,0.1022,,
2026-07-14,7530.62,2026-08-10,27.0,7950.0,2.95,0.1024,,
2026-07-14,7530.62,2026-08-10,27.0,7975.0,2.27,0.1029,,
2026-07-14,7530.62,2026-08-10,27.0,8000.0,1.8,0.1039,,
2026-07-14,7530.62,2026-08-10,27.0,8025.0,1.45,0.1052,,
2026-07-14,7530.62,2026-08-10,27.0,8050.0,1.2,0.1068,,
2026-07-14,7530.62,2026-08-10,27.0,8075.0,1.0,0.1086,,
2026-07-14,7530.62,2026-08-10,27.0,8100.0,0.85,0.1106,,
2026-07-14,7530.62,2026-08-10,27.0,8200.0,0.5,0.1196,,
2026-07-14,7530.62,2026-08-10,27.0,8300.0,0.38,0.1309,,
2026-07-14,7530.62,2026-08-10,27.0,8400.0,0.28,0.1412,,
2026-07-14,7530.62,2026-08-10,27.0,8600.0,0.17,0.1622,,
2026-07-14,7530.62,2026-08-11,28.0,5800.0,1755.0,0.3817,2.17,0.4027
2026-07-14,7530.62,2026-08-11,28.0,6000.0,1556.0,0.3489,2.78,0.3678
2026-07-14,7530.62,2026-08-11,28.0,6100.0,1456.25,0.326,3.2,0.3512
2026-07-14,7530.62,2026-08-11,28.0,6200.0,1356.4,0.3011,3.65,0.3339
2026-07-14,7530.62,2026-08-11,28.0,6300.0,1258.25,0.3053,4.2,0.3168
2026-07-14,7530.62,2026-08-11,28.0,6400.0,1159.15,0.2896,4.85,0.2996
2026-07-14,7530.62,2026-08-11,28.0,6450.0,1110.05,0.2857,5.25,0.2912
2026-07-14,7530.62,2026-08-11,28.0,6475.0,1083.95,0.2675,5.45,0.2869
2026-07-14,7530.62,2026-08-11,28.0,6500.0,1059.85,0.2705,5.65,0.2825
2026-07-14,7530.62,2026-08-11,28.0,6525.0,1034.7,0.2624,5.95,0.2788
2026-07-14,7530.62,2026-08-11,28.0,6550.0,1011.15,0.2689,6.15,0.2742
2026-07-14,7530.62,2026-08-11,28.0,6575.0,984.9,0.2513,6.45,0.2702
2026-07-14,7530.62,2026-08-11,28.0,6600.0,961.65,0.2596,6.75,0.2662
2026-07-14,7530.62,2026-08-11,28.0,6625.0,937.7,0.2605,7.05,0.262
2026-07-14,7530.62,2026-08-11,28.0,6650.0,911.5,0.2452,7.35,0.2576
2026-07-14,7530.62,2026-08-11,28.0,6675.0,887.0,0.2423,7.7,0.2535
2026-07-14,7530.62,2026-08-11,28.0,6700.0,863.5,0.2455,8.1,0.2496
2026-07-14,7530.62,2026-08-11,28.0,6725.0,838.95,0.2415,8.5,0.2454
2026-07-14,7530.62,2026-08-11,28.0,6750.0,814.95,0.2404,8.95,0.2414
2026-07-14,7530.62,2026-08-11,28.0,6775.0,790.5,0.2364,9.4,0.2373
2026-07-14,7530.62,2026-08-11,28.0,6800.0,766.3,0.2336,9.95,0.2335
2026-07-14,7530.62,2026-08-11,28.0,6825.0,740.9,0.2248,10.55,0.2297
2026-07-14,7530.62,2026-08-11,28.0,6850.0,716.7,0.2217,11.2,0.2259
2026-07-14,7530.62,2026-08-11,28.0,6875.0,692.5,0.2183,11.9,0.2221
2026-07-14,7530.62,2026-08-11,28.0,6900.0,668.75,0.2164,12.6,0.2182
2026-07-14,7530.62,2026-08-11,28.0,6925.0,645.05,0.2144,13.5,0.2147
2026-07-14,7530.62,2026-08-11,28.0,6950.0,621.45,0.2122,14.4,0.211
2026-07-14,7530.62,2026-08-11,28.0,6975.0,597.0,0.2068,15.4,0.2073
2026-07-14,7530.62,2026-08-11,28.0,7000.0,572.8,0.2021,16.5,0.2037
2026-07-14,7530.62,2026-08-11,28.0,7025.0,548.75,0.1976,17.7,0.2002
2026-07-14,7530.62,2026-08-11,28.0,7050.0,525.7,0.1959,18.95,0.1964
2026-07-14,7530.62,2026-08-11,28.0,7075.0,502.3,0.1926,20.55,0.1933
2026-07-14,7530.62,2026-08-11,28.0,7100.0,479.05,0.1894,22.15,0.1898
2026-07-14,7530.62,2026-08-11,28.0,7125.0,456.05,0.1864,23.95,0.1864
2026-07-14,7530.62,2026-08-11,28.0,7150.0,433.15,0.1832,25.95,0.1831
2026-07-14,7530.62,2026-08-11,28.0,7175.0,410.6,0.1803,28.05,0.1796
2026-07-14,7530.62,2026-08-11,28.0,7200.0,387.7,0.1763,30.65,0.1766
2026-07-14,7530.62,2026-08-11,28.0,7225.0,365.9,0.1739,33.15,0.173
2026-07-14,7530.62,2026-08-11,28.0,7250.0,343.95,0.1708,36.1,0.1698
2026-07-14,7530.62,2026-08-11,28.0,7275.0,322.3,0.1676,39.35,0.1665
2026-07-14,7530.62,2026-08-11,28.0,7300.0,300.95,0.1644,42.9,0.1632
2026-07-14,7530.62,2026-08-11,28.0,7325.0,279.65,0.1607,46.85,0.16
2026-07-14,7530.62,2026-08-11,28.0,7340.0,267.5,0.1592,49.35,0.158
2026-07-14,7530.62,2026-08-11,28.0,7350.0,259.1,0.1576,51.15,0.1567
2026-07-14,7530.62,2026-08-11,28.0,7360.0,251.45,0.157,53.3,0.1558
2026-07-14,7530.62,2026-08-11,28.0,7370.0,243.55,0.1559,55.25,0.1546
2026-07-14,7530.62,2026-08-11,28.0,7375.0,239.4,0.1551,56.15,0.1538
2026-07-14,7530.62,2026-08-11,28.0,7380.0,235.5,0.1545,56.9,0.1527
2026-07-14,7530.62,2026-08-11,28.0,7390.0,227.5,0.1531,59.2,0.1517
2026-07-14,7530.62,2026-08-11,28.0,7400.0,219.7,0.1518,61.1,0.1501
2026-07-14,7530.62,2026-08-11,28.0,7410.0,211.6,0.15,63.7,0.1492
2026-07-14,7530.62,2026-08-11,28.0,7420.0,204.0,0.1488,65.9,0.1477
2026-07-14,7530.62,2026-08-11,28.0,7425.0,200.2,0.1481,67.1,0.1471
2026-07-14,7530.62,2026-08-11,28.0,7430.0,196.4,0.1475,68.5,0.1466
2026-07-14,7530.62,2026-08-11,28.0,7440.0,189.0,0.1462,70.9,0.1452
2026-07-14,7530.62,2026-08-11,28.0,7450.0,181.6,0.1449,73.4,0.1437
2026-07-14,7530.62,2026-08-11,28.0,7460.0,174.1,0.1433,76.1,0.1423
2026-07-14,7530.62,2026-08-11,28.0,7470.0,167.25,0.1424,78.9,0.1409
2026-07-14,7530.62,2026-08-11,28.0,7475.0,163.65,0.1417,80.2,0.1401
2026-07-14,7530.62,2026-08-11,28.0,7480.0,160.05,0.1409,81.7,0.1394
2026-07-14,7530.62,2026-08-11,28.0,7490.0,153.05,0.1396,84.75,0.1381
2026-07-14,7530.62,2026-08-11,28.0,7500.0,146.4,0.1385,88.1,0.137
2026-07-14,7530.62,2026-08-11,28.0,7510.0,139.65,0.1371,91.2,0.1354
2026-07-14,7530.62,2026-08-11,28.0,7520.0,133.05,0.1358,94.5,0.1339
2026-07-14,7530.62,2026-08-11,28.0,7525.0,129.75,0.1351,96.15,0.1331
2026-07-14,7530.62,2026-08-11,28.0,7530.0,126.6,0.1345,98.25,0.1328
2026-07-14,7530.62,2026-08-11,28.0,7540.0,120.3,0.1332,101.7,0.1311
2026-07-14,7530.62,2026-08-11,28.0,7550.0,114.15,0.132,105.75,0.13
2026-07-14,7530.62,2026-08-11,28.0,7560.0,108.2,0.1308,109.65,0.1286
2026-07-14,7530.62,2026-08-11,28.0,7570.0,102.4,0.1296,113.8,0.1272
2026-07-14,7530.62,2026-08-11,28.0,7575.0,99.6,0.1291,115.95,0.1266
2026-07-14,7530.62,2026-08-11,28.0,7580.0,96.9,0.1286,118.05,0.1258
2026-07-14,7530.62,2026-08-11,28.0,7590.0,91.2,0.1272,122.55,0.1245
2026-07-14,7530.62,2026-08-11,28.0,7600.0,85.95,0.1262,127.05,0.123
2026-07-14,7530.62,2026-08-11,28.0,7610.0,80.7,0.1249,131.85,0.1216
2026-07-14,7530.62,2026-08-11,28.0,7620.0,75.65,0.1237,137.1,0.1205
2026-07-14,7530.62,2026-08-11,28.0,7625.0,73.5,0.1235,139.95,0.1202
2026-07-14,7530.62,2026-08-11,28.0,7630.0,70.85,0.1226,142.05,0.1189
2026-07-14,7530.62,2026-08-11,28.0,7640.0,66.4,0.1217,147.75,0.1179
2026-07-14,7530.62,2026-08-11,28.0,7650.0,61.9,0.1206,151.8,0.1146
2026-07-14,7530.62,2026-08-11,28.0,7675.0,51.75,0.1182,167.6,0.1125
2026-07-14,7530.62,2026-08-11,28.0,7700.0,42.7,0.1159,183.85,0.1091
2026-07-14,7530.62,2026-08-11,28.0,7725.0,34.7,0.1136,200.5,0.104
2026-07-14,7530.62,2026-08-11,28.0,7750.0,27.9,0.1116,218.65,0.098
2026-07-14,7530.62,2026-08-11,28.0,7775.0,22.1,0.1097,237.6,0.0831
2026-07-14,7530.62,2026-08-11,28.0,7800.0,17.25,0.1079,,
2026-07-14,7530.62,2026-08-11,28.0,7825.0,13.35,0.1065,,
2026-07-14,7530.62,2026-08-11,28.0,7850.0,10.25,0.1053,,
2026-07-14,7530.62,2026-08-11,28.0,7875.0,7.7,0.104,,
2026-07-14,7530.62,2026-08-11,28.0,7900.0,5.85,0.1034,,
2026-07-14,7530.62,2026-08-11,28.0,7925.0,4.4,0.1028,,
2026-07-14,7530.62,2026-08-11,28.0,7950.0,3.35,0.1027,,
2026-07-14,7530.62,2026-08-11,28.0,7975.0,2.6,0.1032,,
2026-07-14,7530.62,2026-08-11,28.0,8000.0,2.05,0.104,,
2026-07-14,7530.62,2026-08-11,28.0,8025.0,1.6,0.1046,,
2026-07-14,7530.62,2026-08-11,28.0,8050.0,1.35,0.1065,,
2026-07-14,7530.62,2026-08-11,28.0,8075.0,1.1,0.1079,,
2026-07-14,7530.62,2026-08-11,28.0,8100.0,0.95,0.11,,
2026-07-14,7530.62,2026-08-11,28.0,8200.0,0.57,0.1192,,
2026-07-14,7530.62,2026-08-11,28.0,8300.0,0.38,0.1285,,
2026-07-14,7530.62,2026-08-11,28.0,8400.0,0.28,0.1386,,
2026-07-14,7530.62,2026-08-11,28.0,8600.0,0.17,0.1592,,
2026-07-14,7530.62,2026-08-12,29.0,5800.0,1755.35,0.3678,2.4,0.4007
2026-07-14,7530.62,2026-08-12,29.0,6000.0,1556.65,0.3442,3.1,0.3669
2026-07-14,7530.62,2026-08-12,29.0,6100.0,1457.6,0.3349,3.5,0.3495
2026-07-14,7530.62,2026-08-12,29.0,6200.0,1358.45,0.321,4.0,0.3326
2026-07-14,7530.62,2026-08-12,29.0,6300.0,1259.35,0.3061,4.6,0.3157
2026-07-14,7530.62,2026-08-12,29.0,6400.0,1160.6,0.2931,5.35,0.2991
2026-07-14,7530.62,2026-08-12,29.0,6450.0,1111.1,0.2846,5.75,0.2906
2026-07-14,7530.62,2026-08-12,29.0,6475.0,1086.0,0.2772,5.95,0.2862
2026-07-14,7530.62,2026-08-12,29.0,6500.0,1061.55,0.2754,6.25,0.2824
2026-07-14,7530.62,2026-08-12,29.0,6525.0,1036.95,0.2721,6.45,0.2779
2026-07-14,7530.62,2026-08-12,29.0,6550.0,1012.35,0.2687,6.75,0.2739
2026-07-14,7530.62,2026-08-12,29.0,6575.0,987.75,0.2651,7.05,0.2699
2026-07-14,7530.62,2026-08-12,29.0,6600.0,962.6,0.2574,7.35,0.2657
2026-07-14,7530.62,2026-08-12,29.0,6625.0,938.3,0.2557,7.65,0.2614
2026-07-14,7530.62,2026-08-12,29.0,6650.0,914.35,0.2558,8.0,0.2573
2026-07-14,7530.62,2026-08-12,29.0,6675.0,889.8,0.2519,8.4,0.2533
2026-07-14,7530.62,2026-08-12,29.0,6700.0,864.65,0.2443,8.8,0.2493
2026-07-14,7530.62,2026-08-12,29.0,6725.0,840.35,0.2416,9.25,0.2453
2026-07-14,7530.62,2026-08-12,29.0,6750.0,816.15,0.2391,9.75,0.2415
2026-07-14,7530.62,2026-08-12,29.0,6775.0,791.45,0.2339,10.3,0.2377
2026-07-14,7530.62,2026-08-12,29.0,6800.0,767.1,0.2303,10.85,0.2337
2026-07-14,7530.62,2026-08-12,29.0,6825.0,743.05,0.2278,11.5,0.23
2026-07-14,7530.62,2026-08-12,29.0,6850.0,718.95,0.2247,12.15,0.2261
2026-07-14,7530.62,2026-08-12,29.0,6875.0,695.45,0.2238,12.9,0.2224
2026-07-14,7530.62,2026-08-12,29.0,6900.0,670.75,0.2179,13.7,0.2187
2026-07-14,7530.62,2026-08-12,29.0,6925.0,647.2,0.216,14.6,0.2151
2026-07-14,7530.62,2026-08-12,29.0,6950.0,623.45,0.2131,15.6,0.2115
2026-07-14,7530.62,2026-08-12,29.0,6975.0,599.8,0.2101,16.6,0.2077
2026-07-14,7530.62,2026-08-12,29.0,7000.0,575.8,0.2058,17.75,0.2042
2026-07-14,7530.62,2026-08-12,29.0,7025.0,551.35,0.2,19.05,0.2007
2026-07-14,7530.62,2026-08-12,29.0,7050.0,528.15,0.1974,20.5,0.1974
2026-07-14,7530.62,2026-08-12,29.0,7075.0,504.8,0.1941,22.2,0.1943
2026-07-14,7530.62,2026-08-12,29.0,7100.0,481.45,0.1905,23.85,0.1908
2026-07-14,7530.62,2026-08-12,29.0,7125.0,458.45,0.1873,25.75,0.1875
2026-07-14,7530.62,2026-08-12,29.0,7150.0,435.6,0.184,27.85,0.1842
2026-07-14,7530.62,2026-08-12,29.0,7175.0,413.15,0.1812,30.2,0.1811
2026-07-14,7530.62,2026-08-12,29.0,7200.0,390.95,0.1784,32.75,0.1779
2026-07-14,7530.62,2026-08-12,29.0,7225.0,368.8,0.1752,35.5,0.1746
2026-07-14,7530.62,2026-08-12,29.0,7250.0,346.95,0.1721,38.55,0.1713
2026-07-14,7530.62,2026-08-12,29.0,7275.0,325.25,0.1687,41.95,0.1682
2026-07-14,7530.62,2026-08-12,29.0,7300.0,304.0,0.1655,45.65,0.165
2026-07-14,7530.62,2026-08-12,29.0,7325.0,283.2,0.1625,49.7,0.1618
2026-07-14,7530.62,2026-08-12,29.0,7340.0,270.6,0.1602,52.35,0.1599
2026-07-14,7530.62,2026-08-12,29.0,7350.0,262.3,0.1588,54.2,0.1587
2026-07-14,7530.62,2026-08-12,29.0,7360.0,254.85,0.1584,56.1,0.1574
2026-07-14,7530.62,2026-08-12,29.0,7370.0,246.9,0.1572,57.95,0.1559
2026-07-14,7530.62,2026-08-12,29.0,7375.0,242.9,0.1566,58.65,0.1549
2026-07-14,7530.62,2026-08-12,29.0,7380.0,238.95,0.1559,59.75,0.1543
2026-07-14,7530.62,2026-08-12,29.0,7390.0,231.0,0.1545,62.05,0.1533
2026-07-14,7530.62,2026-08-12,29.0,7400.0,223.0,0.153,64.3,0.152
2026-07-14,7530.62,2026-08-12,29.0,7410.0,216.3,0.153,66.55,0.1507
2026-07-14,7530.62,2026-08-12,29.0,7420.0,207.8,0.1506,68.9,0.1494
2026-07-14,7530.62,2026-08-12,29.0,7425.0,204.9,0.1511,70.1,0.1487
2026-07-14,7530.62,2026-08-12,29.0,7430.0,200.2,0.1492,71.3,0.148
2026-07-14,7530.62,2026-08-12,29.0,7440.0,192.6,0.1477,73.95,0.1468
2026-07-14,7530.62,2026-08-12,29.0,7450.0,185.25,0.1464,76.5,0.1454
2026-07-14,7530.62,2026-08-12,29.0,7460.0,178.05,0.1452,79.1,0.1439
2026-07-14,7530.62,2026-08-12,29.0,7470.0,171.15,0.1442,82.05,0.1427
2026-07-14,7530.62,2026-08-12,29.0,7475.0,167.25,0.1431,83.4,0.1419
2026-07-14,7530.62,2026-08-12,29.0,7480.0,163.8,0.1425,84.95,0.1413
2026-07-14,7530.62,2026-08-12,29.0,7490.0,157.05,0.1415,88.0,0.14
2026-07-14,7530.62,2026-08-12,29.0,7500.0,150.15,0.1401,90.9,0.1383
2026-07-14,7530.62,2026-08-12,29.0,7510.0,143.25,0.1386,94.35,0.1371
2026-07-14,7530.62,2026-08-12,29.0,7520.0,136.8,0.1374,97.65,0.1357
2026-07-14,7530.62,2026-08-12,29.0,7525.0,133.65,0.1369,99.45,0.135
2026-07-14,7530.62,2026-08-12,29.0,7530.0,130.55,0.1364,101.4,0.1346
2026-07-14,7530.62,2026-08-12,29.0,7540.0,124.25,0.1351,104.9,0.133
2026-07-14,7530.62,2026-08-12,29.0,7550.0,117.95,0.1337,108.75,0.1317
2026-07-14,7530.62,2026-08-12,29.0,7560.0,112.0,0.1326,112.65,0.1303
2026-07-14,7530.62,2026-08-12,29.0,7570.0,106.0,0.1312,116.85,0.129
2026-07-14,7530.62,2026-08-12,29.0,7575.0,103.25,0.1307,118.95,0.1283
2026-07-14,7530.62,2026-08-12,29.0,7580.0,100.35,0.1301,121.05,0.1276
2026-07-14,7530.62,2026-08-12,29.0,7590.0,95.1,0.1292,125.55,0.1263
2026-07-14,7530.62,2026-08-12,29.0,7600.0,89.55,0.1279,130.05,0.1248
2026-07-14,7530.62,2026-08-12,29.0,7610.0,84.3,0.1267,134.85,0.1235
2026-07-14,7530.62,2026-08-12,29.0,7620.0,79.45,0.1258,139.95,0.1224
2026-07-14,7530.62,2026-08-12,29.0,7625.0,77.05,0.1253,142.65,0.1219
2026-07-14,7530.62,2026-08-12,29.0,7630.0,74.55,0.1246,145.05,0.121
2026-07-14,7530.62,2026-08-12,29.0,7640.0,69.75,0.1234,150.45,0.1198
2026-07-14,7530.62,2026-08-12,29.0,7650.0,65.5,0.1227,154.45,0.1165
2026-07-14,7530.62,2026-08-12,29.0,7675.0,54.9,0.1199,170.0,0.1143
2026-07-14,7530.62,2026-08-12,29.0,7700.0,45.7,0.1177,186.15,0.1112
2026-07-14,7530.62,2026-08-12,29.0,7725.0,37.6,0.1156,202.9,0.107
2026-07-14,7530.62,2026-08-12,29.0,7750.0,30.5,0.1136,220.25,0.1005
2026-07-14,7530.62,2026-08-12,29.0,7775.0,24.45,0.1117,239.0,0.0904
2026-07-14,7530.62,2026-08-12,29.0,7800.0,19.35,0.11,259.2,0.088
2026-07-14,7530.62,2026-08-12,29.0,7825.0,15.15,0.1085,,
2026-07-14,7530.62,2026-08-12,29.0,7850.0,11.75,0.1072,,
2026-07-14,7530.62,2026-08-12,29.0,7875.0,9.0,0.106,,
2026-07-14,7530.62,2026-08-12,29.0,7900.0,6.8,0.1048,,
2026-07-14,7530.62,2026-08-12,29.0,7925.0,5.2,0.1044,,
2026-07-14,7530.62,2026-08-12,29.0,7950.0,3.95,0.104,,
2026-07-14,7530.62,2026-08-12,29.0,7975.0,3.08,0.1042,,
2026-07-14,7530.62,2026-08-12,29.0,8000.0,2.38,0.1045,,
2026-07-14,7530.62,2026-08-12,29.0,8025.0,1.85,0.105,,
2026-07-14,7530.62,2026-08-12,29.0,8050.0,1.5,0.1062,,
2026-07-14,7530.62,2026-08-12,29.0,8075.0,1.25,0.1077,,
2026-07-14,7530.62,2026-08-12,29.0,8100.0,1.05,0.1094,,
2026-07-14,7530.62,2026-08-12,29.0,8200.0,0.6,0.1176,,
2026-07-14,7530.62,2026-08-12,29.0,8300.0,0.4,0.127,,
2026-07-14,7530.62,2026-08-12,29.0,8400.0,0.3,0.1372,,
2026-07-14,7530.62,2026-08-12,29.0,8600.0,0.17,0.1563,,
2026-07-14,7530.62,2026-08-13,30.0,5800.0,1755.4,0.3113,2.67,0.3996
2026-07-14,7530.62,2026-08-13,30.0,6000.0,1557.9,0.3442,3.4,0.3655
2026-07-14,7530.62,2026-08-13,30.0,6100.0,1457.95,0.3172,3.9,0.3492
2026-07-14,7530.62,2026-08-13,30.0,6200.0,1358.85,0.3064,4.45,0.3324
2026-07-14,7530.62,2026-08-13,30.0,6300.0,1259.45,0.289,5.05,0.3151
2026-07-14,7530.62,2026-08-13,30.0,6400.0,1161.35,0.2855,5.85,0.2986
2026-07-14,7530.62,2026-08-13,30.0,6475.0,1086.1,0.2635,6.55,0.2862
2026-07-14,7530.62,2026-08-13,30.0,6500.0,1062.1,0.2666,6.75,0.2816
2026-07-14,7530.62,2026-08-13,30.0,6525.0,1038.25,0.2696,7.05,0.2777
2026-07-14,7530.62,2026-08-13,30.0,6550.0,1013.25,0.2631,7.35,0.2736
2026-07-14,7530.62,2026-08-13,30.0,6575.0,988.65,0.2596,7.65,0.2695
2026-07-14,7530.62,2026-08-13,30.0,6600.0,963.75,0.2538,8.0,0.2655
2026-07-14,7530.62,2026-08-13,30.0,6625.0,938.9,0.2484,8.35,0.2614
2026-07-14,7530.62,2026-08-13,30.0,6650.0,915.2,0.2503,8.75,0.2575
2026-07-14,7530.62,2026-08-13,30.0,6675.0,891.55,0.2515,9.15,0.2534
2026-07-14,7530.62,2026-08-13,30.0,6700.0,866.0,0.2419,9.6,0.2495
2026-07-14,7530.62,2026-08-13,30.0,6725.0,842.65,0.244,10.1,0.2457
2026-07-14,7530.62,2026-08-13,30.0,6750.0,818.3,0.2405,10.6,0.2417
2026-07-14,7530.62,2026-08-13,30.0,6775.0,793.25,0.2335,11.2,0.238
2026-07-14,7530.62,2026-08-13,30.0,6800.0,768.45,0.2277,11.8,0.2342
2026-07-14,7530.62,2026-08-13,30.0,6825.0,745.05,0.228,12.4,0.2301
2026-07-14,7530.62,2026-08-13,30.0,6850.0,721.2,0.2257,13.2,0.2267
2026-07-14,7530.62,2026-08-13,30.0,6875.0,696.4,0.2196,14.0,0.223
2026-07-14,7530.62,2026-08-13,30.0,6900.0,671.85,0.2144,14.85,0.2193
2026-07-14,7530.62,2026-08-13,30.0,6925.0,648.65,0.2138,15.8,0.2158
2026-07-14,7530.62,2026-08-13,30.0,6950.0,625.2,0.2117,16.85,0.2123
2026-07-14,7530.62,2026-08-13,30.0,6975.0,601.5,0.2086,17.95,0.2086
2026-07-14,7530.62,2026-08-13,30.0,7000.0,577.8,0.2051,19.2,0.2052
2026-07-14,7530.62,2026-08-13,30.0,7025.0,553.35,0.1993,20.45,0.2015
2026-07-14,7530.62,2026-08-13,30.0,7050.0,529.9,0.196,22.05,0.1984
2026-07-14,7530.62,2026-08-13,30.0,7075.0,506.55,0.1927,23.55,0.1947
2026-07-14,7530.62,2026-08-13,30.0,7100.0,483.6,0.1899,25.45,0.1916
2026-07-14,7530.62,2026-08-13,30.0,7125.0,460.75,0.187,27.55,0.1886
2026-07-14,7530.62,2026-08-13,30.0,7150.0,437.85,0.1836,29.5,0.1849
2026-07-14,7530.62,2026-08-13,30.0,7175.0,415.65,0.1812,31.95,0.1818
2026-07-14,7530.62,2026-08-13,30.0,7200.0,393.4,0.1782,34.6,0.1787
2026-07-14,7530.62,2026-08-13,30.0,7225.0,371.3,0.175,37.35,0.1753
2026-07-14,7530.62,2026-08-13,30.0,7250.0,349.45,0.1718,40.4,0.172
2026-07-14,7530.62,2026-08-13,30.0,7275.0,327.75,0.1684,43.85,0.1688
2026-07-14,7530.62,2026-08-13,30.0,7300.0,306.6,0.1654,47.75,0.1659
2026-07-14,7530.62,2026-08-13,30.0,7325.0,285.75,0.1622,51.95,0.1628
2026-07-14,7530.62,2026-08-13,30.0,7350.0,265.45,0.1593,56.5,0.1597
2026-07-14,7530.62,2026-08-13,30.0,7370.0,249.35,0.1568,60.45,0.1572
2026-07-14,7530.62,2026-08-13,30.0,7375.0,245.8,0.1567,61.05,0.156
2026-07-14,7530.62,2026-08-13,30.0,7380.0,241.45,0.1556,62.5,0.1559
2026-07-14,7530.62,2026-08-13,30.0,7390.0,233.55,0.1542,64.5,0.1544
2026-07-14,7530.62,2026-08-13,30.0,7400.0,226.0,0.1533,66.7,0.1531
2026-07-14,7530.62,2026-08-13,30.0,7410.0,218.05,0.1517,68.9,0.1517
2026-07-14,7530.62,2026-08-13,30.0,7420.0,210.55,0.1505,71.3,0.1504
2026-07-14,7530.62,2026-08-13,30.0,7425.0,206.85,0.15,72.5,0.1497
2026-07-14,7530.62,2026-08-13,30.0,7430.0,203.1,0.1494,73.8,0.1491
2026-07-14,7530.62,2026-08-13,30.0,7440.0,195.75,0.1482,76.3,0.1478
2026-07-14,7530.62,2026-08-13,30.0,7450.0,188.25,0.1467,78.15,0.1455
2026-07-14,7530.62,2026-08-13,30.0,7460.0,181.05,0.1455,81.75,0.1452
2026-07-14,7530.62,2026-08-13,30.0,7470.0,174.15,0.1445,84.3,0.1435
2026-07-14,7530.62,2026-08-13,30.0,7475.0,170.4,0.1436,85.85,0.143
2026-07-14,7530.62,2026-08-13,30.0,7480.0,166.95,0.1431,87.45,0.1424
2026-07-14,7530.62,2026-08-13,30.0,7490.0,159.9,0.1417,90.4,0.141
2026-07-14,7530.62,2026-08-13,30.0,7500.0,153.3,0.1406,93.6,0.1397
2026-07-14,7530.62,2026-08-13,30.0,7510.0,146.55,0.1393,96.9,0.1384
2026-07-14,7530.62,2026-08-13,30.0,7520.0,139.95,0.138,100.35,0.1371
2026-07-14,7530.62,2026-08-13,30.0,7525.0,136.8,0.1375,101.85,0.1361
2026-07-14,7530.62,2026-08-13,30.0,7530.0,133.65,0.137,103.9,0.1358
2026-07-14,7530.62,2026-08-13,30.0,7540.0,127.35,0.1357,107.25,0.1341
2026-07-14,7530.62,2026-08-13,30.0,7550.0,121.2,0.1345,111.15,0.1328
2026-07-14,7530.62,2026-08-13,30.0,7560.0,115.2,0.1334,115.05,0.1315
2026-07-14,7530.62,2026-08-13,30.0,7570.0,109.35,0.1322,119.25,0.1302
2026-07-14,7530.62,2026-08-13,30.0,7575.0,106.3,0.1314,121.65,0.1299
2026-07-14,7530.62,2026-08-13,30.0,7580.0,103.35,0.1307,123.45,0.1289
2026-07-14,7530.62,2026-08-13,30.0,7590.0,97.8,0.1295,127.95,0.1276
2026-07-14,7530.62,2026-08-13,30.0,7600.0,92.4,0.1284,132.45,0.1262
2026-07-14,7530.62,2026-08-13,30.0,7610.0,88.0,0.1283,136.15,0.1237
2026-07-14,7530.62,2026-08-13,30.0,7620.0,82.35,0.1265,142.05,0.1235
2026-07-14,7530.62,2026-08-13,30.0,7625.0,79.8,0.1258,144.75,0.1231
2026-07-14,7530.62,2026-08-13,30.0,7630.0,77.4,0.1253,147.45,0.1226
2026-07-14,7530.62,2026-08-13,30.0,7640.0,72.6,0.1242,152.55,0.1211
2026-07-14,7530.62,2026-08-13,30.0,7650.0,68.1,0.1232,157.95,0.1197
2026-07-14,7530.62,2026-08-13,30.0,7675.0,57.55,0.1208,172.05,0.1159
2026-07-14,7530.62,2026-08-13,30.0,7700.0,48.15,0.1185,188.05,0.1129
2026-07-14,7530.62,2026-08-13,30.0,7725.0,39.7,0.1162,204.55,0.1089
2026-07-14,7530.62,2026-08-13,30.0,7750.0,32.5,0.1143,222.2,0.1038
2026-07-14,7530.62,2026-08-13,30.0,7775.0,26.2,0.1124,240.8,0.0962
2026-07-14,7530.62,2026-08-13,30.0,7800.0,20.85,0.1106,260.2,0.0877
2026-07-14,7530.62,2026-08-13,30.0,7825.0,16.45,0.109,,
2026-07-14,7530.62,2026-08-13,30.0,7850.0,12.8,0.1076,,
2026-07-14,7530.62,2026-08-13,30.0,7875.0,9.9,0.1064,,
2026-07-14,7530.62,2026-08-13,30.0,7900.0,7.6,0.1055,,
2026-07-14,7530.62,2026-08-13,30.0,7925.0,5.85,0.1049,,
2026-07-14,7530.62,2026-08-13,30.0,7950.0,4.5,0.1046,,
2026-07-14,7530.62,2026-08-13,30.0,7975.0,3.45,0.1044,,
2026-07-14,7530.62,2026-08-13,30.0,8000.0,2.73,0.1049,,
2026-07-14,7530.62,2026-08-13,30.0,8025.0,2.15,0.1055,,
2026-07-14,7530.62,2026-08-13,30.0,8050.0,1.75,0.1066,,
2026-07-14,7530.62,2026-08-13,30.0,8075.0,1.45,0.108,,
2026-07-14,7530.62,2026-08-13,30.0,8100.0,1.2,0.1093,,
2026-07-14,7530.62,2026-08-13,30.0,8200.0,0.7,0.1175,,
2026-07-14,7530.62,2026-08-13,30.0,8300.0,0.45,0.1263,,
2026-07-14,7530.62,2026-08-13,30.0,8400.0,0.33,0.1358,,
2026-07-14,7530.62,2026-08-13,30.0,8600.0,0.17,0.1535,,
2026-07-14,7530.62,2026-08-14,31.0,5700.0,1857.9,0.4124,2.58,0.4142
2026-07-14,7530.62,2026-08-14,31.0,5800.0,1755.95,0.302,2.92,0.3978
2026-07-14,7530.62,2026-08-14,31.0,5900.0,1656.9,0.3241,3.3,0.3811
2026-07-14,7530.62,2026-08-14,31.0,5950.0,1607.8,0.3372,3.5,0.3726
2026-07-14,7530.62,2026-08-14,31.0,6000.0,1557.6,0.317,3.7,0.364
2026-07-14,7530.62,2026-08-14,31.0,6050.0,1508.25,0.3193,3.95,0.3558
2026-07-14,7530.62,2026-08-14,31.0,6100.0,1459.3,0.3256,4.2,0.3473
2026-07-14,7530.62,2026-08-14,31.0,6150.0,1409.0,0.3068,4.5,0.3392
2026-07-14,7530.62,2026-08-14,31.0,6200.0,1359.15,0.296,4.8,0.3309
2026-07-14,7530.62,2026-08-14,31.0,6250.0,1309.95,0.2956,5.1,0.3223
2026-07-14,7530.62,2026-08-14,31.0,6300.0,1260.9,0.2949,5.5,0.3143
2026-07-14,7530.62,2026-08-14,31.0,6325.0,1236.85,0.2989,5.65,0.3098
2026-07-14,7530.62,2026-08-14,31.0,6350.0,1211.15,0.2849,5.85,0.3057
2026-07-14,7530.62,2026-08-14,31.0,6375.0,1187.4,0.2913,6.05,0.3014
2026-07-14,7530.62,2026-08-14,31.0,6400.0,1162.35,0.2843,6.3,0.2975
2026-07-14,7530.62,2026-08-14,31.0,6425.0,1138.3,0.2863,6.5,0.2932
2026-07-14,7530.62,2026-08-14,31.0,6450.0,1112.4,0.272,6.75,0.2891
2026-07-14,7530.62,2026-08-14,31.0,6475.0,1087.75,0.2687,7.0,0.2849
2026-07-14,7530.62,2026-08-14,31.0,6500.0,1063.1,0.2653,7.3,0.281
2026-07-14,7530.62,2026-08-14,31.0,6525.0,1039.4,0.2689,7.55,0.2766
2026-07-14,7530.62,2026-08-14,31.0,6550.0,1013.95,0.2592,7.9,0.2728
2026-07-14,7530.62,2026-08-14,31.0,6575.0,989.15,0.2543,8.25,0.2689
2026-07-14,7530.62,2026-08-14,31.0,6600.0,966.55,0.2634,8.55,0.2646
2026-07-14,7530.62,2026-08-14,31.0,6625.0,940.8,0.2524,8.95,0.2607
2026-07-14,7530.62,2026-08-14,31.0,6650.0,915.9,0.2466,9.35,0.2567
2026-07-14,7530.62,2026-08-14,31.0,6675.0,892.5,0.2491,9.8,0.2528
2026-07-14,7530.62,2026-08-14,31.0,6700.0,868.6,0.2481,10.25,0.2488
2026-07-14,7530.62,2026-08-14,31.0,6725.0,844.05,0.2437,10.75,0.2449
2026-07-14,7530.62,2026-08-14,31.0,6750.0,819.0,0.2368,11.35,0.2413
2026-07-14,7530.62,2026-08-14,31.0,6775.0,794.65,0.2331,11.95,0.2375
2026-07-14,7530.62,2026-08-14,31.0,6800.0,770.7,0.231,12.6,0.2338
2026-07-14,7530.62,2026-08-14,31.0,6825.0,745.95,0.2253,13.25,0.2299
2026-07-14,7530.62,2026-08-14,31.0,6850.0,722.2,0.2234,14.0,0.2262
2026-07-14,7530.62,2026-08-14,31.0,6875.0,698.1,0.2199,14.85,0.2226
2026-07-14,7530.62,2026-08-14,31.0,6900.0,675.3,0.2206,15.75,0.219
2026-07-14,7530.62,2026-08-14,31.0,6920.0,655.2,0.2147,16.7,0.2167
2026-07-14,7530.62,2026-08-14,31.0,6925.0,649.7,0.2116,16.75,0.2155
2026-07-14,7530.62,2026-08-14,31.0,6930.0,645.55,0.213,17.1,0.2152
2026-07-14,7530.62,2026-08-14,31.0,6940.0,635.55,0.2102,17.5,0.2137
2026-07-14,7530.62,2026-08-14,31.0,6950.0,627.3,0.2128,17.85,0.212
2026-07-14,7530.62,2026-08-14,31.0,6960.0,617.05,0.2092,18.4,0.2109
2026-07-14,7530.62,2026-08-14,31.0,6970.0,607.6,0.2079,18.9,0.2096
2026-07-14,7530.62,2026-08-14,31.0,6975.0,602.8,0.2071,19.05,0.2086
2026-07-14,7530.62,2026-08-14,31.0,6980.0,598.5,0.2077,19.4,0.2082
2026-07-14,7530.62,2026-08-14,31.0,6990.0,589.65,0.208,19.85,0.2067
2026-07-14,7530.62,2026-08-14,31.0,7000.0,579.05,0.2034,20.4,0.2053
2026-07-14,7530.62,2026-08-14,31.0,7010.0,569.75,0.2025,21.0,0.2041
2026-07-14,7530.62,2026-08-14,31.0,7020.0,560.3,0.201,21.5,0.2026
2026-07-14,7530.62,2026-08-14,31.0,7025.0,555.7,0.2006,21.75,0.2018
2026-07-14,7530.62,2026-08-14,31.0,7030.0,551.0,0.1999,22.05,0.2011
2026-07-14,7530.62,2026-08-14,31.0,7040.0,541.85,0.1991,22.75,0.2
2026-07-14,7530.62,2026-08-14,31.0,7050.0,532.2,0.197,23.35,0.1985
2026-07-14,7530.62,2026-08-14,31.0,7060.0,523.0,0.196,23.95,0.1971
2026-07-14,7530.62,2026-08-14,31.0,7070.0,513.7,0.1947,24.75,0.196
2026-07-14,7530.62,2026-08-14,31.0,7075.0,509.4,0.1948,25.0,0.1951
2026-07-14,7530.62,2026-08-14,31.0,7080.0,504.55,0.1937,25.5,0.1948
2026-07-14,7530.62,2026-08-14,31.0,7090.0,495.25,0.1922,26.15,0.1933
2026-07-14,7530.62,2026-08-14,31.0,7100.0,485.95,0.1908,26.85,0.1918
2026-07-14,7530.62,2026-08-14,31.0,7110.0,476.85,0.1897,27.7,0.1906
2026-07-14,7530.62,2026-08-14,31.0,7120.0,467.8,0.1886,28.5,0.1893
2026-07-14,7530.62,2026-08-14,31.0,7125.0,463.1,0.1877,28.9,0.1886
2026-07-14,7530.62,2026-08-14,31.0,7130.0,458.6,0.1872,29.45,0.1882
2026-07-14,7530.62,2026-08-14,31.0,7140.0,450.2,0.1873,30.2,0.1866
2026-07-14,7530.62,2026-08-14,31.0,7150.0,440.9,0.1855,31.1,0.1853
2026-07-14,7530.62,2026-08-14,31.0,7160.0,431.85,0.1842,32.1,0.1841
2026-07-14,7530.62,2026-08-14,31.0,7170.0,422.85,0.1829,33.15,0.183
2026-07-14,7530.62,2026-08-14,31.0,7175.0,418.65,0.1828,33.5,0.182
2026-07-14,7530.62,2026-08-14,31.0,7180.0,413.9,0.1817,34.2,0.1817
2026-07-14,7530.62,2026-08-14,31.0,7190.0,405.0,0.1804,35.25,0.1805
2026-07-14,7530.62,2026-08-14,31.0,7200.0,395.95,0.1789,36.2,0.1789
2026-07-14,7530.62,2026-08-14,31.0,7210.0,387.3,0.178,37.35,0.1777
2026-07-14,7530.62,2026-08-14,31.0,7220.0,378.4,0.1765,38.65,0.1766
2026-07-14,7530.62,2026-08-14,31.0,7225.0,374.15,0.1761,39.1,0.1757
2026-07-14,7530.62,2026-08-14,31.0,7230.0,369.7,0.1754,39.75,0.1751
2026-07-14,7530.62,2026-08-14,31.0,7240.0,361.05,0.1742,41.1,0.174
2026-07-14,7530.62,2026-08-14,31.0,7250.0,352.45,0.1731,42.3,0.1726
2026-07-14,7530.62,2026-08-14,31.0,7260.0,344.15,0.1723,43.8,0.1715
2026-07-14,7530.62,2026-08-14,31.0,7270.0,335.35,0.1707,45.2,0.1702
2026-07-14,7530.62,2026-08-14,31.0,7275.0,330.6,0.1693,45.75,0.1693
2026-07-14,7530.62,2026-08-14,31.0,7280.0,326.85,0.1695,46.65,0.169
2026-07-14,7530.62,2026-08-14,31.0,7290.0,318.35,0.1682,47.95,0.1674
2026-07-14,7530.62,2026-08-14,31.0,7300.0,309.95,0.1669,49.65,0.1663
2026-07-14,7530.62,2026-08-14,31.0,7310.0,301.5,0.1655,51.15,0.1649
2026-07-14,7530.62,2026-08-14,31.0,7320.0,293.1,0.1641,52.75,0.1635
2026-07-14,7530.62,2026-08-14,31.0,7325.0,289.1,0.1637,53.75,0.163
2026-07-14,7530.62,2026-08-14,31.0,7330.0,284.65,0.1626,54.7,0.1625
2026-07-14,7530.62,2026-08-14,31.0,7340.0,276.6,0.1615,56.3,0.1609
2026-07-14,7530.62,2026-08-14,31.0,7350.0,268.5,0.1603,58.4,0.16
2026-07-14,7530.62,2026-08-14,31.0,7360.0,260.6,0.1592,60.3,0.1587
2026-07-14,7530.62,2026-08-14,31.0,7370.0,252.5,0.1578,61.95,0.1569
2026-07-14,7530.62,2026-08-14,31.0,7375.0,248.5,0.1571,63.15,0.1565
2026-07-14,7530.62,2026-08-14,31.0,7380.0,245.05,0.1571,64.05,0.1557
2026-07-14,7530.62,2026-08-14,31.0,7385.0,240.5,0.1557,65.55,0.1556
2026-07-14,7530.62,2026-08-14,31.0,7390.0,237.45,0.1562,66.5,0.1548
2026-07-14,7530.62,2026-08-14,31.0,7395.0,232.8,0.1545,67.65,0.1542
2026-07-14,7530.62,2026-08-14,31.0,7400.0,229.3,0.1544,68.6,0.1533
2026-07-14,7530.62,2026-08-14,31.0,7405.0,225.1,0.1533,69.95,0.153
2026-07-14,7530.62,2026-08-14,31.0,7410.0,221.5,0.153,71.05,0.1522
2026-07-14,7530.62,2026-08-14,31.0,7415.0,217.4,0.152,72.25,0.1516
2026-07-14,7530.62,2026-08-14,31.0,7420.0,214.85,0.1529,73.35,0.1508
2026-07-14,7530.62,2026-08-14,31.0,7425.0,210.0,0.1509,74.5,0.1501
2026-07-14,7530.62,2026-08-14,31.0,7430.0,206.4,0.1504,75.8,0.1495
2026-07-14,7530.62,2026-08-14,31.0,7435.0,202.6,0.1497,77.1,0.1489
2026-07-14,7530.62,2026-08-14,31.0,7440.0,198.6,0.1487,78.45,0.1483
2026-07-14,7530.62,2026-08-14,31.0,7445.0,195.2,0.1484,79.75,0.1476
2026-07-14,7530.62,2026-08-14,31.0,7450.0,191.5,0.1477,81.0,0.1469
2026-07-14,7530.62,2026-08-14,31.0,7455.0,189.05,0.1485,82.3,0.1461
2026-07-14,7530.62,2026-08-14,31.0,7460.0,184.25,0.1464,83.7,0.1455
2026-07-14,7530.62,2026-08-14,31.0,7465.0,180.6,0.1457,85.1,0.1448
2026-07-14,7530.62,2026-08-14,31.0,7470.0,178.25,0.1465,86.65,0.1443
2026-07-14,7530.62,2026-08-14,31.0,7475.0,173.6,0.1446,87.7,0.1432
2026-07-14,7530.62,2026-08-14,31.0,7480.0,170.1,0.1439,89.1,0.1424
2026-07-14,7530.62,2026-08-14,31.0,7485.0,166.5,0.1432,90.9,0.1421
2026-07-14,7530.62,2026-08-14,31.0,7490.0,163.15,0.1427,92.5,0.1415
2026-07-14,7530.62,2026-08-14,31.0,7495.0,159.75,0.1421,94.05,0.1408
2026-07-14,7530.62,2026-08-14,31.0,7500.0,156.6,0.1417,95.7,0.1402
2026-07-14,7530.62,2026-08-14,31.0,7505.0,153.15,0.141,97.35,0.1396
2026-07-14,7530.62,2026-08-14,31.0,7510.0,149.55,0.14,98.8,0.1387
2026-07-14,7530.62,2026-08-14,31.0,7515.0,146.25,0.1394,100.3,0.1378
2026-07-14,7530.62,2026-08-14,31.0,7520.0,143.25,0.1391,102.35,0.1375
2026-07-14,7530.62,2026-08-14,31.0,7525.0,140.1,0.1386,103.95,0.1367
2026-07-14,7530.62,2026-08-14,31.0,7530.0,136.65,0.1377,105.7,0.136
2026-07-14,7530.62,2026-08-14,31.0,7535.0,133.65,0.1373,107.7,0.1355
2026-07-14,7530.62,2026-08-14,31.0,7540.0,130.7,0.1369,109.6,0.1349
2026-07-14,7530.62,2026-08-14,31.0,7545.0,127.35,0.136,111.45,0.1342
2026-07-14,7530.62,2026-08-14,31.0,7550.0,124.45,0.1356,113.15,0.1333
2026-07-14,7530.62,2026-08-14,31.0,7555.0,121.35,0.1349,114.85,0.1324
2026-07-14,7530.62,2026-08-14,31.0,7560.0,118.05,0.134,117.15,0.1321
2026-07-14,7530.62,2026-08-14,31.0,7565.0,115.4,0.1338,119.35,0.1316
2026-07-14,7530.62,2026-08-14,31.0,7570.0,112.35,0.133,121.35,0.1309
2026-07-14,7530.62,2026-08-14,31.0,7575.0,109.55,0.1326,123.35,0.1301
2026-07-14,7530.62,2026-08-14,31.0,7580.0,106.8,0.1321,125.2,0.1291
2026-07-14,7530.62,2026-08-14,31.0,7585.0,103.95,0.1315,127.65,0.1288
2026-07-14,7530.62,2026-08-14,31.0,7590.0,100.95,0.1307,129.75,0.128
2026-07-14,7530.62,2026-08-14,31.0,7595.0,98.2,0.1301,132.0,0.1274
2026-07-14,7530.62,2026-08-14,31.0,7600.0,95.65,0.1297,134.5,0.1269
2026-07-14,7530.62,2026-08-14,31.0,7605.0,92.85,0.1289,136.95,0.1264
2026-07-14,7530.62,2026-08-14,31.0,7610.0,90.45,0.1286,139.05,0.1254
2026-07-14,7530.62,2026-08-14,31.0,7615.0,87.75,0.1279,140.4,0.1235
2026-07-14,7530.62,2026-08-14,31.0,7620.0,85.35,0.1275,144.15,0.1244
2026-07-14,7530.62,2026-08-14,31.0,7625.0,82.8,0.1269,146.45,0.1235
2026-07-14,7530.62,2026-08-14,31.0,7630.0,80.35,0.1264,147.9,0.1215
2026-07-14,7530.62,2026-08-14,31.0,7635.0,77.85,0.1258,151.65,0.1223
2026-07-14,7530.62,2026-08-14,31.0,7640.0,75.7,0.1255,154.4,0.1218
2026-07-14,7530.62,2026-08-14,31.0,7645.0,73.2,0.1248,157.05,0.1211
2026-07-14,7530.62,2026-08-14,31.0,7650.0,71.1,0.1245,159.25,0.1198
2026-07-14,7530.62,2026-08-14,31.0,7660.0,66.5,0.1232,163.85,0.1172
2026-07-14,7530.62,2026-08-14,31.0,7670.0,62.55,0.1226,170.9,0.1175
2026-07-14,7530.62,2026-08-14,31.0,7675.0,60.35,0.122,173.6,0.1165
2026-07-14,7530.62,2026-08-14,31.0,7680.0,58.15,0.1213,176.5,0.1157
2026-07-14,7530.62,2026-08-14,31.0,7690.0,54.5,0.1206,182.5,0.1141
2026-07-14,7530.62,2026-08-14,31.0,7700.0,50.65,0.1196,188.8,0.1127
2026-07-14,7530.62,2026-08-14,31.0,7710.0,47.3,0.1189,195.2,0.1111
2026-07-14,7530.62,2026-08-14,31.0,7720.0,43.7,0.1178,202.1,0.1099
2026-07-14,7530.62,2026-08-14,31.0,7725.0,42.25,0.1176,205.45,0.1091
2026-07-14,7530.62,2026-08-14,31.0,7730.0,40.75,0.1173,208.85,0.1081
2026-07-14,7530.62,2026-08-14,31.0,7740.0,37.55,0.1162,215.5,0.1056
2026-07-14,7530.62,2026-08-14,31.0,7750.0,34.75,0.1155,222.8,0.1038
2026-07-14,7530.62,2026-08-14,31.0,7760.0,32.1,0.1149,229.85,0.1009
2026-07-14,7530.62,2026-08-14,31.0,7770.0,29.45,0.114,237.35,0.098
2026-07-14,7530.62,2026-08-14,31.0,7775.0,28.3,0.1137,241.35,0.0968
2026-07-14,7530.62,2026-08-14,31.0,7780.0,27.05,0.1132,244.75,0.0932
2026-07-14,7530.62,2026-08-14,31.0,7790.0,24.75,0.1125,252.5,0.0846
2026-07-14,7530.62,2026-08-14,31.0,7800.0,22.75,0.112,260.75,0.087
2026-07-14,7530.62,2026-08-14,31.0,7810.0,20.75,0.1112,,
2026-07-14,7530.62,2026-08-14,31.0,7820.0,18.95,0.1107,,
2026-07-14,7530.62,2026-08-14,31.0,7825.0,18.15,0.1105,,
2026-07-14,7530.62,2026-08-14,31.0,7830.0,17.25,0.11,,
2026-07-14,7530.62,2026-08-14,31.0,7840.0,15.7,0.1095,,
2026-07-14,7530.62,2026-08-14,31.0,7850.0,14.35,0.1092,,
2026-07-14,7530.62,2026-08-14,31.0,7860.0,12.95,0.1085,,
2026-07-14,7530.62,2026-08-14,31.0,7870.0,11.75,0.1081,,
2026-07-14,7530.62,2026-08-14,31.0,7875.0,11.2,0.1079,,
2026-07-14,7530.62,2026-08-14,31.0,7880.0,10.65,0.1077,,
2026-07-14,7530.62,2026-08-14,31.0,7900.0,8.7,0.107,,
2026-07-14,7530.62,2026-08-14,31.0,7925.0,6.75,0.1063,,
2026-07-14,7530.62,2026-08-14,31.0,7950.0,5.25,0.106,,
2026-07-14,7530.62,2026-08-14,31.0,7975.0,4.05,0.1056,,
2026-07-14,7530.62,2026-08-14,31.0,8000.0,3.2,0.106,,
2026-07-14,7530.62,2026-08-14,31.0,8025.0,2.55,0.1065,,
2026-07-14,7530.62,2026-08-14,31.0,8050.0,2.08,0.1075,,
2026-07-14,7530.62,2026-08-14,31.0,8075.0,1.68,0.1083,,
2026-07-14,7530.62,2026-08-14,31.0,8100.0,1.43,0.11,,
2026-07-14,7530.62,2026-08-14,31.0,8125.0,1.23,0.1118,,
2026-07-14,7530.62,2026-08-14,31.0,8150.0,1.02,0.1132,,
2026-07-14,7530.62,2026-08-14,31.0,8175.0,0.93,0.1156,,
2026-07-14,7530.62,2026-08-14,31.0,8200.0,0.8,0.1174,,
2026-07-14,7530.62,2026-08-14,31.0,8250.0,0.62,0.1214,,
2026-07-14,7530.62,2026-08-14,31.0,8300.0,0.53,0.1262,,
2026-07-14,7530.62,2026-08-14,31.0,8400.0,0.38,0.1355,,
2026-07-14,7530.62,2026-08-14,31.0,8500.0,0.3,0.1457,,
2026-07-14,7530.62,2026-08-14,31.0,8600.0,0.2,0.1527,,
2026-07-14,7530.62,2026-08-17,34.0,5800.0,1758.1,0.3177,3.2,0.3848
2026-07-14,7530.62,2026-08-17,34.0,6000.0,1558.8,0.2809,4.05,0.3524
2026-07-14,7530.62,2026-08-17,34.0,6100.0,1459.9,0.287,4.6,0.3365
2026-07-14,7530.62,2026-08-17,34.0,6200.0,1361.3,0.2874,5.25,0.3207
2026-07-14,7530.62,2026-08-17,34.0,6300.0,1262.5,0.2783,5.95,0.3044
2026-07-14,7530.62,2026-08-17,34.0,6400.0,1162.85,0.2574,6.85,0.2885
2026-07-14,7530.62,2026-08-17,34.0,6475.0,1089.55,0.2556,7.65,0.2767
2026-07-14,7530.62,2026-08-17,34.0,6500.0,1064.55,0.2494,7.95,0.2728
2026-07-14,7530.62,2026-08-17,34.0,6525.0,1040.65,0.252,8.25,0.2688
2026-07-14,7530.62,2026-08-17,34.0,6550.0,1016.15,0.2494,8.6,0.265
2026-07-14,7530.62,2026-08-17,34.0,6575.0,991.65,0.2467,8.95,0.2611
2026-07-14,7530.62,2026-08-17,34.0,6600.0,967.8,0.2476,9.35,0.2573
2026-07-14,7530.62,2026-08-17,34.0,6625.0,942.15,0.2375,9.75,0.2535
2026-07-14,7530.62,2026-08-17,34.0,6650.0,918.1,0.2369,10.2,0.2497
2026-07-14,7530.62,2026-08-17,34.0,6675.0,893.55,0.2332,10.7,0.2461
2026-07-14,7530.62,2026-08-17,34.0,6700.0,869.0,0.2293,11.2,0.2423
2026-07-14,7530.62,2026-08-17,34.0,6725.0,845.6,0.2309,11.7,0.2384
2026-07-14,7530.62,2026-08-17,34.0,6750.0,821.4,0.2281,12.35,0.235
2026-07-14,7530.62,2026-08-17,34.0,6775.0,797.2,0.2252,13.0,0.2314
2026-07-14,7530.62,2026-08-17,34.0,6800.0,772.7,0.2208,13.7,0.2279
2026-07-14,7530.62,2026-08-17,34.0,6825.0,747.95,0.2153,14.5,0.2245
2026-07-14,7530.62,2026-08-17,34.0,6850.0,723.55,0.2112,15.3,0.2209
2026-07-14,7530.62,2026-08-17,34.0,6875.0,699.45,0.2079,16.25,0.2176
2026-07-14,7530.62,2026-08-17,34.0,6900.0,675.3,0.2043,17.15,0.214
2026-07-14,7530.62,2026-08-17,34.0,6925.0,652.15,0.2037,18.2,0.2105
2026-07-14,7530.62,2026-08-17,34.0,6950.0,628.6,0.2013,19.35,0.2072
2026-07-14,7530.62,2026-08-17,34.0,6975.0,605.1,0.1988,20.65,0.204
2026-07-14,7530.62,2026-08-17,34.0,7000.0,581.05,0.1945,21.95,0.2005
2026-07-14,7530.62,2026-08-17,34.0,7025.0,557.8,0.192,23.5,0.1974
2026-07-14,7530.62,2026-08-17,34.0,7050.0,534.6,0.1893,25.15,0.1943
2026-07-14,7530.62,2026-08-17,34.0,7075.0,511.4,0.1863,26.85,0.1909
2026-07-14,7530.62,2026-08-17,34.0,7100.0,488.45,0.1835,28.85,0.1879
2026-07-14,7530.62,2026-08-17,34.0,7125.0,466.2,0.1817,30.9,0.1846
2026-07-14,7530.62,2026-08-17,34.0,7150.0,443.6,0.1788,33.3,0.1817
2026-07-14,7530.62,2026-08-17,34.0,7175.0,420.9,0.1754,35.8,0.1786
2026-07-14,7530.62,2026-08-17,34.0,7200.0,398.7,0.1725,38.55,0.1755
2026-07-14,7530.62,2026-08-17,34.0,7225.0,376.8,0.1696,41.6,0.1725
2026-07-14,7530.62,2026-08-17,34.0,7250.0,355.7,0.1676,44.9,0.1695
2026-07-14,7530.62,2026-08-17,34.0,7275.0,333.75,0.1638,48.35,0.1662
2026-07-14,7530.62,2026-08-17,34.0,7300.0,312.9,0.1612,52.4,0.1634
2026-07-14,7530.62,2026-08-17,34.0,7325.0,291.95,0.158,56.35,0.16
2026-07-14,7530.62,2026-08-17,34.0,7350.0,272.1,0.1557,60.95,0.1569
2026-07-14,7530.62,2026-08-17,34.0,7370.0,255.75,0.1528,65.3,0.1549
2026-07-14,7530.62,2026-08-17,34.0,7375.0,252.2,0.1527,66.15,0.154
2026-07-14,7530.62,2026-08-17,34.0,7380.0,247.85,0.1516,67.3,0.1535
2026-07-14,7530.62,2026-08-17,34.0,7390.0,239.85,0.1502,69.6,0.1524
2026-07-14,7530.62,2026-08-17,34.0,7400.0,233.6,0.1509,71.7,0.151
2026-07-14,7530.62,2026-08-17,34.0,7410.0,224.55,0.148,74.1,0.1498
2026-07-14,7530.62,2026-08-17,34.0,7420.0,217.05,0.1469,76.5,0.1486
2026-07-14,7530.62,2026-08-17,34.0,7425.0,213.45,0.1465,77.55,0.1477
2026-07-14,7530.62,2026-08-17,34.0,7430.0,209.55,0.1457,79.05,0.1474
2026-07-14,7530.62,2026-08-17,34.0,7440.0,202.05,0.1444,81.45,0.1459
2026-07-14,7530.62,2026-08-17,34.0,7450.0,194.85,0.1433,84.05,0.1446
2026-07-14,7530.62,2026-08-17,34.0,7460.0,187.65,0.1421,86.9,0.1435
2026-07-14,7530.62,2026-08-17,34.0,7470.0,180.45,0.1409,89.75,0.1422
2026-07-14,7530.62,2026-08-17,34.0,7475.0,177.05,0.1404,91.05,0.1414
2026-07-14,7530.62,2026-08-17,34.0,7480.0,173.55,0.1398,92.7,0.1409
2026-07-14,7530.62,2026-08-17,34.0,7490.0,166.65,0.1387,95.75,0.1396
2026-07-14,7530.62,2026-08-17,34.0,7500.0,160.05,0.1377,98.2,0.1376
2026-07-14,7530.62,2026-08-17,34.0,7510.0,153.15,0.1363,102.15,0.137
2026-07-14,7530.62,2026-08-17,34.0,7520.0,146.55,0.1351,105.75,0.136
2026-07-14,7530.62,2026-08-17,34.0,7525.0,143.65,0.1349,107.25,0.1351
2026-07-14,7530.62,2026-08-17,34.0,7530.0,139.95,0.1338,109.05,0.1345
2026-07-14,7530.62,2026-08-17,34.0,7540.0,133.65,0.1327,112.95,0.1335
2026-07-14,7530.62,2026-08-17,34.0,7550.0,127.65,0.1317,116.6,0.1321
2026-07-14,7530.62,2026-08-17,34.0,7560.0,121.6,0.1306,120.45,0.1307
2026-07-14,7530.62,2026-08-17,34.0,7570.0,115.65,0.1294,124.65,0.1296
2026-07-14,7530.62,2026-08-17,34.0,7575.0,113.8,0.13,126.5,0.1288
2026-07-14,7530.62,2026-08-17,34.0,7580.0,109.95,0.1284,128.85,0.1284
2026-07-14,7530.62,2026-08-17,34.0,7590.0,104.25,0.1272,133.35,0.1273
2026-07-14,7530.62,2026-08-17,34.0,7600.0,99.1,0.1265,137.55,0.1257
2026-07-14,7530.62,2026-08-17,34.0,7625.0,86.25,0.124,148.2,0.1211
2026-07-14,7530.62,2026-08-17,34.0,7650.0,74.5,0.1217,162.75,0.1197
2026-07-14,7530.62,2026-08-17,34.0,7675.0,63.45,0.1192,176.4,0.1161
2026-07-14,7530.62,2026-08-17,34.0,7700.0,53.85,0.1172,191.55,0.1127
2026-07-14,7530.62,2026-08-17,34.0,7725.0,44.9,0.1149,208.0,0.1094
2026-07-14,7530.62,2026-08-17,34.0,7750.0,37.45,0.1133,224.7,0.1041
2026-07-14,7530.62,2026-08-17,34.0,7775.0,30.6,0.1113,242.95,0.0981
2026-07-14,7530.62,2026-08-17,34.0,7800.0,24.9,0.1098,262.0,0.0852
2026-07-14,7530.62,2026-08-17,34.0,7825.0,19.85,0.108,,
2026-07-14,7530.62,2026-08-17,34.0,7850.0,15.85,0.1068,,
2026-07-14,7530.62,2026-08-17,34.0,7875.0,12.5,0.1056,,
2026-07-14,7530.62,2026-08-17,34.0,7900.0,9.8,0.1047,,
2026-07-14,7530.62,2026-08-17,34.0,7925.0,7.65,0.1039,,
2026-07-14,7530.62,2026-08-17,34.0,7950.0,6.0,0.1036,,
2026-07-14,7530.62,2026-08-17,34.0,7975.0,4.7,0.1034,,
2026-07-14,7530.62,2026-08-17,34.0,8000.0,3.7,0.1034,,
2026-07-14,7530.62,2026-08-17,34.0,8025.0,2.95,0.1038,,
2026-07-14,7530.62,2026-08-17,34.0,8100.0,1.6,0.1064,,
2026-07-14,7530.62,2026-08-17,34.0,8200.0,0.9,0.1134,,
2026-07-14,7530.62,2026-08-17,34.0,8400.0,0.4,0.1299,,
2026-07-14,7530.62,2026-08-17,34.0,8600.0,0.2,0.1455,,
2026-07-14,7530.62,2026-08-18,35.0,5800.0,1757.7,0.2136,3.4,0.3824
2026-07-14,7530.62,2026-08-18,35.0,6000.0,1558.65,0.1867,4.35,0.351
2026-07-14,7530.62,2026-08-18,35.0,6100.0,1461.9,0.3089,4.9,0.3349
2026-07-14,7530.62,2026-08-18,35.0,6200.0,1361.75,0.2806,5.55,0.319
2026-07-14,7530.62,2026-08-18,35.0,6300.0,1261.85,0.2565,6.35,0.3033
2026-07-14,7530.62,2026-08-18,35.0,6400.0,1163.65,0.2555,7.25,0.2873
2026-07-14,7530.62,2026-08-18,35.0,6500.0,1065.75,0.2504,8.45,0.272
2026-07-14,7530.62,2026-08-18,35.0,6600.0,968.2,0.2426,9.9,0.2566
2026-07-14,7530.62,2026-08-18,35.0,6700.0,868.9,0.2221,11.9,0.242
2026-07-14,7530.62,2026-08-18,35.0,6800.0,774.3,0.2213,14.55,0.2278
2026-07-14,7530.62,2026-08-18,35.0,6900.0,677.45,0.2063,18.15,0.214
2026-07-14,7530.62,2026-08-18,35.0,6950.0,629.65,0.1996,20.4,0.2072
2026-07-14,7530.62,2026-08-18,35.0,6975.0,606.5,0.198,21.8,0.2042
2026-07-14,7530.62,2026-08-18,35.0,7000.0,582.75,0.1945,23.25,0.201
2026-07-14,7530.62,2026-08-18,35.0,7025.0,559.65,0.1922,24.75,0.1977
2026-07-14,7530.62,2026-08-18,35.0,7050.0,536.6,0.1898,26.45,0.1945
2026-07-14,7530.62,2026-08-18,35.0,7075.0,513.25,0.1863,28.35,0.1915
2026-07-14,7530.62,2026-08-18,35.0,7100.0,490.65,0.1841,30.35,0.1884
2026-07-14,7530.62,2026-08-18,35.0,7125.0,468.0,0.1814,32.55,0.1853
2026-07-14,7530.62,2026-08-18,35.0,7150.0,445.3,0.1783,34.8,0.182
2026-07-14,7530.62,2026-08-18,35.0,7175.0,423.0,0.1755,37.55,0.1792
2026-07-14,7530.62,2026-08-18,35.0,7200.0,400.95,0.1728,40.25,0.176
2026-07-14,7530.62,2026-08-18,35.0,7225.0,379.2,0.1701,43.25,0.1728
2026-07-14,7530.62,2026-08-18,35.0,7250.0,357.65,0.1673,46.7,0.17
2026-07-14,7530.62,2026-08-18,35.0,7275.0,336.35,0.1645,50.2,0.1668
2026-07-14,7530.62,2026-08-18,35.0,7300.0,315.25,0.1614,54.4,0.1641
2026-07-14,7530.62,2026-08-18,35.0,7325.0,294.6,0.1585,58.7,0.161
2026-07-14,7530.62,2026-08-18,35.0,7350.0,274.9,0.1564,63.0,0.1575
2026-07-14,7530.62,2026-08-18,35.0,7375.0,254.9,0.1533,68.35,0.1548
2026-07-14,7530.62,2026-08-18,35.0,7400.0,234.75,0.1495,73.75,0.1516
2026-07-14,7530.62,2026-08-18,35.0,7425.0,216.1,0.1469,79.65,0.1483
2026-07-14,7530.62,2026-08-18,35.0,7450.0,197.85,0.1442,86.3,0.1454
2026-07-14,7530.62,2026-08-18,35.0,7475.0,179.85,0.141,93.15,0.142
2026-07-14,7530.62,2026-08-18,35.0,7500.0,162.75,0.1382,101.0,0.139
2026-07-14,7530.62,2026-08-18,35.0,7525.0,146.25,0.1353,109.35,0.1357
2026-07-14,7530.62,2026-08-18,35.0,7550.0,130.35,0.1323,118.65,0.1327
2026-07-14,7530.62,2026-08-18,35.0,7575.0,115.6,0.1297,128.85,0.1298
2026-07-14,7530.62,2026-08-18,35.0,7600.0,101.85,0.1273,139.65,0.1265
2026-07-14,7530.62,2026-08-18,35.0,7625.0,88.65,0.1245,151.35,0.1232
2026-07-14,7530.62,2026-08-18,35.0,7650.0,76.65,0.1221,164.4,0.1203
2026-07-14,7530.62,2026-08-18,35.0,7675.0,65.75,0.1198,178.35,0.1172
2026-07-14,7530.62,2026-08-18,35.0,7700.0,55.85,0.1177,193.35,0.1138
2026-07-14,7530.62,2026-08-18,35.0,7725.0,47.05,0.1157,209.7,0.1107
2026-07-14,7530.62,2026-08-18,35.0,7750.0,39.3,0.1139,226.55,0.1062
2026-07-14,7530.62,2026-08-18,35.0,7775.0,32.4,0.1121,244.2,0.1
2026-07-14,7530.62,2026-08-18,35.0,7800.0,26.5,0.1106,263.1,0.0882
2026-07-14,7530.62,2026-08-18,35.0,7825.0,21.45,0.1091,,
2026-07-14,7530.62,2026-08-18,35.0,7900.0,10.75,0.1054,,
2026-07-14,7530.62,2026-08-18,35.0,8000.0,4.1,0.1037,,
2026-07-14,7530.62,2026-08-18,35.0,8100.0,1.8,0.1066,,
2026-07-14,7530.62,2026-08-18,35.0,8200.0,1.0,0.1131,,
2026-07-14,7530.62,2026-08-18,35.0,8400.0,0.43,0.1287,,
2026-07-14,7530.62,2026-08-18,35.0,8600.0,0.2,0.1433,,
2026-07-14,7530.62,2026-08-19,36.0,5800.0,1759.55,0.3212,3.65,0.3809
2026-07-14,7530.62,2026-08-19,36.0,6000.0,1560.4,0.2878,4.65,0.3496
2026-07-14,7530.62,2026-08-19,36.0,6100.0,1462.0,0.2964,5.25,0.3338
2026-07-14,7530.62,2026-08-19,36.0,6200.0,1361.25,0.2541,5.95,0.3181
2026-07-14,7530.62,2026-08-19,36.0,6300.0,1264.75,0.2812,6.75,0.3022
2026-07-14,7530.62,2026-08-19,36.0,6400.0,1164.45,0.2537,7.75,0.2867
2026-07-14,7530.62,2026-08-19,36.0,6500.0,1065.6,0.2404,9.0,0.2714
2026-07-14,7530.62,2026-08-19,36.0,6600.0,968.9,0.2396,10.6,0.2565
2026-07-14,7530.62,2026-08-19,36.0,6700.0,871.05,0.2266,12.7,0.242
2026-07-14,7530.62,2026-08-19,36.0,6800.0,774.9,0.218,15.45,0.2278
2026-07-14,7530.62,2026-08-19,36.0,6900.0,679.5,0.2077,19.25,0.2143
2026-07-14,7530.62,2026-08-19,36.0,6975.0,607.75,0.1969,23.1,0.2047
2026-07-14,7530.62,2026-08-19,36.0,7000.0,584.5,0.1945,24.5,0.2013
2026-07-14,7530.62,2026-08-19,36.0,7025.0,561.0,0.1913,26.1,0.1981
2026-07-14,7530.62,2026-08-19,36.0,7050.0,538.15,0.1892,27.9,0.1951
2026-07-14,7530.62,2026-08-19,36.0,7075.0,514.95,0.186,29.8,0.192
2026-07-14,7530.62,2026-08-19,36.0,7100.0,492.45,0.1839,31.95,0.189
2026-07-14,7530.62,2026-08-19,36.0,7125.0,469.85,0.1813,34.15,0.1859
2026-07-14,7530.62,2026-08-19,36.0,7150.0,447.05,0.1779,36.55,0.1827
2026-07-14,7530.62,2026-08-19,36.0,7175.0,425.15,0.1758,39.2,0.1797
2026-07-14,7530.62,2026-08-19,36.0,7200.0,403.05,0.1729,42.15,0.1768
2026-07-14,7530.62,2026-08-19,36.0,7225.0,381.25,0.17,45.15,0.1736
2026-07-14,7530.62,2026-08-19,36.0,7250.0,359.9,0.1675,48.55,0.1706
2026-07-14,7530.62,2026-08-19,36.0,7275.0,338.7,0.1647,52.15,0.1674
2026-07-14,7530.62,2026-08-19,36.0,7300.0,317.8,0.1619,56.2,0.1645
2026-07-14,7530.62,2026-08-19,36.0,7325.0,297.0,0.1588,60.45,0.1613
2026-07-14,7530.62,2026-08-19,36.0,7350.0,277.4,0.1567,65.2,0.1583
2026-07-14,7530.62,2026-08-19,36.0,7375.0,257.0,0.1531,70.25,0.1552
2026-07-14,7530.62,2026-08-19,36.0,7400.0,238.85,0.1517,76.0,0.1524
2026-07-14,7530.62,2026-08-19,36.0,7425.0,219.75,0.1485,82.0,0.1492
2026-07-14,7530.62,2026-08-19,36.0,7450.0,201.35,0.1456,88.6,0.1462
2026-07-14,7530.62,2026-08-19,36.0,7475.0,183.35,0.1424,95.45,0.1428
2026-07-14,7530.62,2026-08-19,36.0,7500.0,165.6,0.1389,103.1,0.1396
2026-07-14,7530.62,2026-08-19,36.0,7525.0,148.85,0.1358,111.75,0.1367
2026-07-14,7530.62,2026-08-19,36.0,7550.0,133.05,0.1329,121.05,0.1337
2026-07-14,7530.62,2026-08-19,36.0,7575.0,118.45,0.1305,131.0,0.1306
2026-07-14,7530.62,2026-08-19,36.0,7600.0,104.45,0.1279,141.85,0.1275
2026-07-14,7530.62,2026-08-19,36.0,7625.0,91.3,0.1253,153.7,0.1245
2026-07-14,7530.62,2026-08-19,36.0,7650.0,79.4,0.1231,165.45,0.1202
2026-07-14,7530.62,2026-08-19,36.0,7675.0,68.3,0.1207,180.6,0.1186
2026-07-14,7530.62,2026-08-19,36.0,7700.0,58.2,0.1185,194.35,0.114
2026-07-14,7530.62,2026-08-19,36.0,7725.0,49.3,0.1166,211.55,0.1122
2026-07-14,7530.62,2026-08-19,36.0,7750.0,41.3,0.1147,228.45,0.1082
2026-07-14,7530.62,2026-08-19,36.0,7775.0,34.3,0.113,245.8,0.1023
2026-07-14,7530.62,2026-08-19,36.0,7800.0,28.2,0.1114,264.45,0.0934
2026-07-14,7530.62,2026-08-19,36.0,7825.0,23.0,0.11,,
2026-07-14,7530.62,2026-08-19,36.0,7850.0,18.55,0.1086,,
2026-07-14,7530.62,2026-08-19,36.0,7875.0,14.9,0.1075,,
2026-07-14,7530.62,2026-08-19,36.0,7900.0,11.9,0.1066,,
2026-07-14,7530.62,2026-08-19,36.0,8000.0,4.6,0.1044,,
2026-07-14,7530.62,2026-08-19,36.0,8100.0,1.98,0.1065,,
2026-07-14,7530.62,2026-08-19,36.0,8200.0,1.07,0.1125,,
2026-07-14,7530.62,2026-08-19,36.0,8300.0,0.7,0.1205,,
2026-07-14,7530.62,2026-08-19,36.0,8400.0,0.47,0.1284,,
2026-07-14,7530.62,2026-08-19,36.0,8600.0,0.25,0.1442,,
2026-07-14,7530.62,2026-08-20,37.0,5800.0,1758.8,0.2201,3.95,0.3799
2026-07-14,7530.62,2026-08-20,37.0,6000.0,1559.85,0.1922,5.05,0.3492
2026-07-14,7530.62,2026-08-20,37.0,6100.0,1461.65,0.2729,5.7,0.3336
2026-07-14,7530.62,2026-08-20,37.0,6200.0,1362.55,0.2653,6.4,0.3176
2026-07-14,7530.62,2026-08-20,37.0,6300.0,1264.85,0.2721,7.3,0.3022
2026-07-14,7530.62,2026-08-20,37.0,6400.0,1165.7,0.2563,8.4,0.2869
2026-07-14,7530.62,2026-08-20,37.0,6500.0,1067.15,0.2444,9.7,0.2716
2026-07-14,7530.62,2026-08-20,37.0,6600.0,969.6,0.2366,11.4,0.2568
2026-07-14,7530.62,2026-08-20,37.0,6700.0,872.2,0.2259,13.6,0.2424
2026-07-14,7530.62,2026-08-20,37.0,6800.0,776.55,0.2187,16.55,0.2285
2026-07-14,7530.62,2026-08-20,37.0,6900.0,680.05,0.2046,20.5,0.215
2026-07-14,7530.62,2026-08-20,37.0,6925.0,657.1,0.204,21.7,0.2117
2026-07-14,7530.62,2026-08-20,37.0,6950.0,632.65,0.1989,23.0,0.2084
2026-07-14,7530.62,2026-08-20,37.0,6975.0,609.0,0.1958,24.45,0.2053
2026-07-14,7530.62,2026-08-20,37.0,7000.0,586.55,0.1953,26.0,0.2021
2026-07-14,7530.62,2026-08-20,37.0,7025.0,563.7,0.1934,27.65,0.199
2026-07-14,7530.62,2026-08-20,37.0,7050.0,540.1,0.1895,29.45,0.1958
2026-07-14,7530.62,2026-08-20,37.0,7075.0,515.95,0.1843,31.45,0.1928
2026-07-14,7530.62,2026-08-20,37.0,7100.0,494.8,0.1848,33.55,0.1897
2026-07-14,7530.62,2026-08-20,37.0,7125.0,472.4,0.1824,35.9,0.1867
2026-07-14,7530.62,2026-08-20,37.0,7150.0,449.95,0.1795,38.4,0.1836
2026-07-14,7530.62,2026-08-20,37.0,7175.0,427.2,0.1758,41.15,0.1807
2026-07-14,7530.62,2026-08-20,37.0,7200.0,405.5,0.1735,44.1,0.1777
2026-07-14,7530.62,2026-08-20,37.0,7225.0,383.2,0.1698,47.3,0.1747
2026-07-14,7530.62,2026-08-20,37.0,7250.0,361.5,0.1667,50.8,0.1717
2026-07-14,7530.62,2026-08-20,37.0,7275.0,340.25,0.1639,54.6,0.1688
2026-07-14,7530.62,2026-08-20,37.0,7300.0,319.85,0.1617,58.8,0.1659
2026-07-14,7530.62,2026-08-20,37.0,7325.0,299.25,0.1589,63.0,0.1626
2026-07-14,7530.62,2026-08-20,37.0,7350.0,278.85,0.1557,67.75,0.1596
2026-07-14,7530.62,2026-08-20,37.0,7375.0,259.35,0.1532,72.9,0.1565
2026-07-14,7530.62,2026-08-20,37.0,7400.0,239.7,0.15,78.75,0.1538
2026-07-14,7530.62,2026-08-20,37.0,7425.0,220.75,0.1471,84.55,0.1504
2026-07-14,7530.62,2026-08-20,37.0,7450.0,202.6,0.1444,91.1,0.1473
2026-07-14,7530.62,2026-08-20,37.0,7475.0,184.5,0.1412,98.25,0.1442
2026-07-14,7530.62,2026-08-20,37.0,7500.0,167.6,0.1387,106.1,0.1412
2026-07-14,7530.62,2026-08-20,37.0,7525.0,150.9,0.1357,114.45,0.138
2026-07-14,7530.62,2026-08-20,37.0,7550.0,135.4,0.1332,123.65,0.135
2026-07-14,7530.62,2026-08-20,37.0,7575.0,120.75,0.1307,133.7,0.132
2026-07-14,7530.62,2026-08-20,37.0,7600.0,106.45,0.1279,144.9,0.1293
2026-07-14,7530.62,2026-08-20,37.0,7625.0,93.6,0.1257,156.55,0.1262
2026-07-14,7530.62,2026-08-20,37.0,7650.0,81.3,0.1231,169.25,0.1232
2026-07-14,7530.62,2026-08-20,37.0,7675.0,70.3,0.121,183.05,0.1202
2026-07-14,7530.62,2026-08-20,37.0,7700.0,60.25,0.119,197.8,0.1171
2026-07-14,7530.62,2026-08-20,37.0,7725.0,51.15,0.117,212.8,0.1128
2026-07-14,7530.62,2026-08-20,37.0,7750.0,43.05,0.1152,232.0,0.1127
2026-07-14,7530.62,2026-08-20,37.0,7775.0,35.9,0.1135,249.7,0.1085
2026-07-14,7530.62,2026-08-20,37.0,7800.0,29.7,0.1119,267.65,0.1016
2026-07-14,7530.62,2026-08-20,37.0,7900.0,12.75,0.107,,
2026-07-14,7530.62,2026-08-20,37.0,8000.0,5.15,0.1052,,
2026-07-14,7530.62,2026-08-20,37.0,8100.0,2.22,0.1069,,
2026-07-14,7530.62,2026-08-20,37.0,8200.0,1.2,0.1125,,
2026-07-14,7530.62,2026-08-20,37.0,8400.0,0.53,0.1279,,
2026-07-14,7530.62,2026-08-20,37.0,8600.0,0.28,0.1434,,
2026-07-14,7530.62,2026-08-21,38.0,5650.0,1908.4,0.239,3.6,0.4024
2026-07-14,7530.62,2026-08-21,38.0,5660.0,1898.9,0.2064,3.5,0.3987
2026-07-14,7530.62,2026-08-21,38.0,5670.0,1889.85,0.3187,3.6,0.398
2026-07-14,7530.62,2026-08-21,38.0,5675.0,1883.5,0.2205,3.6,0.397
2026-07-14,7530.62,2026-08-21,38.0,5680.0,1879.65,0.2987,3.6,0.3959
2026-07-14,7530.62,2026-08-21,38.0,5690.0,1869.35,0.2255,3.65,0.3945
2026-07-14,7530.62,2026-08-21,38.0,5700.0,1858.85,0.2274,3.8,0.3944
2026-07-14,7530.62,2026-08-21,38.0,5710.0,1849.9,0.3048,3.75,0.3916
2026-07-14,7530.62,2026-08-21,38.0,5720.0,1839.4,0.2297,3.8,0.3901
2026-07-14,7530.62,2026-08-21,38.0,5725.0,1834.0,0.176,3.8,0.3891
2026-07-14,7530.62,2026-08-21,38.0,5730.0,1830.3,0.3193,3.8,0.388
2026-07-14,7530.62,2026-08-21,38.0,5740.0,1820.3,0.3157,3.85,0.3865
2026-07-14,7530.62,2026-08-21,38.0,5750.0,1809.25,0.214,4.0,0.3864
2026-07-14,7530.62,2026-08-21,38.0,5760.0,1800.4,0.3131,3.95,0.3836
2026-07-14,7530.62,2026-08-21,38.0,5770.0,1790.45,0.3118,4.0,0.3821
2026-07-14,7530.62,2026-08-21,38.0,5775.0,1784.7,0.219,4.0,0.381
2026-07-14,7530.62,2026-08-21,38.0,5780.0,1780.55,0.3126,4.0,0.3799
2026-07-14,7530.62,2026-08-21,38.0,5790.0,1770.6,0.3113,4.1,0.3791
2026-07-14,7530.62,2026-08-21,38.0,5800.0,1759.85,0.1933,4.2,0.3782
2026-07-14,7530.62,2026-08-21,38.0,5810.0,1750.75,0.3105,4.2,0.376
2026-07-14,7530.62,2026-08-21,38.0,5820.0,1740.85,0.3109,4.2,0.3739
2026-07-14,7530.62,2026-08-21,38.0,5825.0,1735.05,0.2541,4.25,0.3734
2026-07-14,7530.62,2026-08-21,38.0,5830.0,1730.6,0.2973,4.3,0.373
2026-07-14,7530.62,2026-08-21,38.0,5840.0,1721.05,0.3114,4.3,0.3708
2026-07-14,7530.62,2026-08-21,38.0,5850.0,1710.25,0.2647,4.5,0.371
2026-07-14,7530.62,2026-08-21,38.0,5860.0,1701.35,0.3144,4.4,0.3677
2026-07-14,7530.62,2026-08-21,38.0,5870.0,1691.35,0.3114,4.5,0.3667
2026-07-14,7530.62,2026-08-21,38.0,5875.0,1685.1,0.1906,4.5,0.3656
2026-07-14,7530.62,2026-08-21,38.0,5880.0,1681.1,0.3005,4.5,0.3646
2026-07-14,7530.62,2026-08-21,38.0,5890.0,1671.55,0.311,4.6,0.3636
2026-07-14,7530.62,2026-08-21,38.0,5900.0,1660.7,0.2762,4.7,0.3625
2026-07-14,7530.62,2026-08-21,38.0,5910.0,1651.75,0.3103,4.7,0.3604
2026-07-14,7530.62,2026-08-21,38.0,5920.0,1641.8,0.3087,4.7,0.3582
2026-07-14,7530.62,2026-08-21,38.0,5925.0,1635.45,0.2411,4.8,0.3582
2026-07-14,7530.62,2026-08-21,38.0,5930.0,1631.9,0.3082,4.8,0.3572
2026-07-14,7530.62,2026-08-21,38.0,5940.0,1621.7,0.3004,4.85,0.3555
2026-07-14,7530.62,2026-08-21,38.0,5950.0,1610.75,0.2585,5.0,0.355
2026-07-14,7530.62,2026-08-21,38.0,5960.0,1601.95,0.3009,5.0,0.3528
2026-07-14,7530.62,2026-08-21,38.0,5970.0,1592.3,0.3059,5.0,0.3506
2026-07-14,7530.62,2026-08-21,38.0,5975.0,1586.45,0.2826,5.05,0.3501
2026-07-14,7530.62,2026-08-21,38.0,5980.0,1582.45,0.3063,5.1,0.3495
2026-07-14,7530.62,2026-08-21,38.0,5990.0,1570.95,0.255,5.15,0.3479
2026-07-14,7530.62,2026-08-21,38.0,6000.0,1561.65,0.2814,5.3,0.3472
2026-07-14,7530.62,2026-08-21,38.0,6010.0,1550.75,0.2233,5.3,0.345
2026-07-14,7530.62,2026-08-21,38.0,6020.0,1542.45,0.2954,5.5,0.3448
2026-07-14,7530.62,2026-08-21,38.0,6025.0,1537.1,0.2863,5.4,0.3428
2026-07-14,7530.62,2026-08-21,38.0,6030.0,1532.15,0.2861,5.5,0.3426
2026-07-14,7530.62,2026-08-21,38.0,6040.0,1522.3,0.2868,5.45,0.34
2026-07-14,7530.62,2026-08-21,38.0,6050.0,1512.45,0.2873,5.7,0.3401
2026-07-14,7530.62,2026-08-21,38.0,6060.0,1501.6,0.2613,5.6,0.3371
2026-07-14,7530.62,2026-08-21,38.0,6070.0,1492.6,0.285,5.8,0.3367
2026-07-14,7530.62,2026-08-21,38.0,6075.0,1487.55,0.2827,5.7,0.3347
2026-07-14,7530.62,2026-08-21,38.0,6080.0,1483.2,0.2934,5.9,0.3354
2026-07-14,7530.62,2026-08-21,38.0,6090.0,1472.75,0.2827,5.8,0.3324
2026-07-14,7530.62,2026-08-21,38.0,6100.0,1462.8,0.281,6.0,0.3319
2026-07-14,7530.62,2026-08-21,38.0,6110.0,1452.6,0.2743,5.9,0.3289
2026-07-14,7530.62,2026-08-21,38.0,6120.0,1442.6,0.2716,6.15,0.3289
2026-07-14,7530.62,2026-08-21,38.0,6125.0,1438.15,0.2809,6.0,0.3265
2026-07-14,7530.62,2026-08-21,38.0,6130.0,1433.4,0.2838,6.2,0.3271
2026-07-14,7530.62,2026-08-21,38.0,6140.0,1422.35,0.2603,6.15,0.3245
2026-07-14,7530.62,2026-08-21,38.0,6150.0,1412.25,0.2548,6.4,0.3244
2026-07-14,7530.62,2026-08-21,38.0,6160.0,1403.1,0.2709,6.3,0.3214
2026-07-14,7530.62,2026-08-21,38.0,6170.0,1393.2,0.2701,6.5,0.3208
2026-07-14,7530.62,2026-08-21,38.0,6175.0,1389.15,0.2834,6.4,0.3189
2026-07-14,7530.62,2026-08-21,38.0,6180.0,1383.35,0.2701,6.6,0.3194
2026-07-14,7530.62,2026-08-21,38.0,6190.0,1372.8,0.2571,6.5,0.3165
2026-07-14,7530.62,2026-08-21,38.0,6200.0,1364.15,0.2772,6.8,0.3166
2026-07-14,7530.62,2026-08-21,38.0,6210.0,1354.25,0.276,6.7,0.3136
2026-07-14,7530.62,2026-08-21,38.0,6220.0,1343.75,0.2664,6.95,0.3133
2026-07-14,7530.62,2026-08-21,38.0,6225.0,1340.0,0.2815,6.8,0.3111
2026-07-14,7530.62,2026-08-21,38.0,6230.0,1333.3,0.2564,7.0,0.3115
2026-07-14,7530.62,2026-08-21,38.0,6240.0,1324.2,0.2679,6.95,0.3089
2026-07-14,7530.62,2026-08-21,38.0,6250.0,1315.3,0.2787,7.2,0.3086
2026-07-14,7530.62,2026-08-21,38.0,6260.0,1304.9,0.2718,7.1,0.3056
2026-07-14,7530.62,2026-08-21,38.0,6270.0,1294.55,0.2651,7.4,0.3056
2026-07-14,7530.62,2026-08-21,38.0,6275.0,1288.9,0.2549,7.45,0.3048
2026-07-14,7530.62,2026-08-21,38.0,6280.0,1285.05,0.2686,7.5,0.3041
2026-07-14,7530.62,2026-08-21,38.0,6290.0,1274.75,0.2627,7.55,0.3022
2026-07-14,7530.62,2026-08-21,38.0,6300.0,1265.5,0.2687,7.7,0.301
2026-07-14,7530.62,2026-08-21,38.0,6310.0,1255.65,0.2678,7.8,0.2994
2026-07-14,7530.62,2026-08-21,38.0,6320.0,1244.35,0.2502,7.9,0.2979
2026-07-14,7530.62,2026-08-21,38.0,6325.0,1240.9,0.2667,7.95,0.2971
2026-07-14,7530.62,2026-08-21,38.0,6330.0,1235.3,0.2593,8.0,0.2963
2026-07-14,7530.62,2026-08-21,38.0,6340.0,1224.95,0.2529,8.1,0.2947
2026-07-14,7530.62,2026-08-21,38.0,6350.0,1216.35,0.265,8.2,0.2932
2026-07-14,7530.62,2026-08-21,38.0,6360.0,1206.75,0.2662,8.3,0.2916
2026-07-14,7530.62,2026-08-21,38.0,6370.0,1196.25,0.2593,8.4,0.2899
2026-07-14,7530.62,2026-08-21,38.0,6375.0,1191.7,0.2621,8.5,0.2894
2026-07-14,7530.62,2026-08-21,38.0,6380.0,1186.8,0.2618,8.55,0.2886
2026-07-14,7530.62,2026-08-21,38.0,6390.0,1177.15,0.2624,8.65,0.287
2026-07-14,7530.62,2026-08-21,38.0,6400.0,1167.2,0.2604,8.8,0.2856
2026-07-14,7530.62,2026-08-21,38.0,6410.0,1156.9,0.2555,8.9,0.284
2026-07-14,7530.62,2026-08-21,38.0,6420.0,1146.55,0.2501,9.05,0.2826
2026-07-14,7530.62,2026-08-21,38.0,6425.0,1141.5,0.2484,9.1,0.2818
2026-07-14,7530.62,2026-08-21,38.0,6430.0,1137.75,0.2575,9.15,0.2809
2026-07-14,7530.62,2026-08-21,38.0,6440.0,1127.95,0.2567,9.3,0.2795
2026-07-14,7530.62,2026-08-21,38.0,6450.0,1118.0,0.2546,9.45,0.2781
2026-07-14,7530.62,2026-08-21,38.0,6460.0,1108.3,0.2544,9.6,0.2766
2026-07-14,7530.62,2026-08-21,38.0,6470.0,1098.35,0.2524,9.75,0.2752
2026-07-14,7530.62,2026-08-21,38.0,6475.0,1093.5,0.2523,9.8,0.2743
2026-07-14,7530.62,2026-08-21,38.0,6480.0,1088.55,0.2514,9.85,0.2734
2026-07-14,7530.62,2026-08-21,38.0,6490.0,1078.8,0.2507,10.05,0.2722
2026-07-14,7530.62,2026-08-21,38.0,6500.0,1068.6,0.247,10.15,0.2705
2026-07-14,7530.62,2026-08-21,38.0,6510.0,1059.25,0.2489,10.35,0.2692
2026-07-14,7530.62,2026-08-21,38.0,6520.0,1049.4,0.2475,10.5,0.2677
2026-07-14,7530.62,2026-08-21,38.0,6525.0,1043.25,0.2386,10.55,0.2668
2026-07-14,7530.62,2026-08-21,38.0,6530.0,1039.7,0.247,10.65,0.2661
2026-07-14,7530.62,2026-08-21,38.0,6540.0,1029.85,0.2455,10.85,0.2648
2026-07-14,7530.62,2026-08-21,38.0,6550.0,1019.6,0.2416,11.0,0.2632
2026-07-14,7530.62,2026-08-21,38.0,6560.0,1010.25,0.2431,11.15,0.2616
2026-07-14,7530.62,2026-08-21,38.0,6570.0,1001.1,0.2455,11.35,0.2602
2026-07-14,7530.62,2026-08-21,38.0,6575.0,995.85,0.2429,11.45,0.2595
2026-07-14,7530.62,2026-08-21,38.0,6580.0,990.8,0.2414,11.55,0.2588
2026-07-14,7530.62,2026-08-21,38.0,6590.0,979.55,0.2318,11.75,0.2574
2026-07-14,7530.62,2026-08-21,38.0,6600.0,970.7,0.2361,11.95,0.256
2026-07-14,7530.62,2026-08-21,38.0,6610.0,960.8,0.2342,12.15,0.2545
2026-07-14,7530.62,2026-08-21,38.0,6620.0,951.75,0.2369,12.35,0.253
2026-07-14,7530.62,2026-08-21,38.0,6625.0,945.7,0.2301,12.45,0.2523
2026-07-14,7530.62,2026-08-21,38.0,6630.0,942.2,0.2367,12.55,0.2516
2026-07-14,7530.62,2026-08-21,38.0,6640.0,932.85,0.2374,12.75,0.25
2026-07-14,7530.62,2026-08-21,38.0,6650.0,923.05,0.2359,13.05,0.2489
2026-07-14,7530.62,2026-08-21,38.0,6660.0,912.5,0.2309,13.25,0.2474
2026-07-14,7530.62,2026-08-21,38.0,6670.0,903.15,0.2315,13.55,0.2462
2026-07-14,7530.62,2026-08-21,38.0,6675.0,897.55,0.2275,13.65,0.2454
2026-07-14,7530.62,2026-08-21,38.0,6680.0,892.95,0.2282,13.75,0.2446
2026-07-14,7530.62,2026-08-21,38.0,6690.0,883.25,0.2271,14.05,0.2434
2026-07-14,7530.62,2026-08-21,38.0,6695.0,879.8,0.2326,13.75,0.2411
2026-07-14,7530.62,2026-08-21,38.0,6700.0,873.5,0.2258,14.25,0.2417
2026-07-14,7530.62,2026-08-21,38.0,6705.0,869.75,0.23,14.0,0.2396
2026-07-14,7530.62,2026-08-21,38.0,6710.0,863.8,0.2247,14.55,0.2405
2026-07-14,7530.62,2026-08-21,38.0,6715.0,860.4,0.2301,14.3,0.2384
2026-07-14,7530.62,2026-08-21,38.0,6720.0,854.3,0.2244,14.85,0.2392
2026-07-14,7530.62,2026-08-21,38.0,6725.0,849.8,0.2253,14.95,0.2383
2026-07-14,7530.62,2026-08-21,38.0,6730.0,845.0,0.2248,15.1,0.2376
2026-07-14,7530.62,2026-08-21,38.0,6735.0,840.7,0.2264,14.8,0.2354
2026-07-14,7530.62,2026-08-21,38.0,6740.0,835.5,0.2244,15.4,0.2363
2026-07-14,7530.62,2026-08-21,38.0,6745.0,830.95,0.2249,15.1,0.2341
2026-07-14,7530.62,2026-08-21,38.0,6750.0,826.15,0.2244,15.65,0.2347
2026-07-14,7530.62,2026-08-21,38.0,6755.0,821.4,0.2241,15.4,0.2327
2026-07-14,7530.62,2026-08-21,38.0,6760.0,815.65,0.22,16.05,0.2337
2026-07-14,7530.62,2026-08-21,38.0,6765.0,811.65,0.2226,15.7,0.2313
2026-07-14,7530.62,2026-08-21,38.0,6770.0,806.45,0.2206,16.35,0.2322
2026-07-14,7530.62,2026-08-21,38.0,6775.0,801.75,0.2205,16.45,0.2314
2026-07-14,7530.62,2026-08-21,38.0,6780.0,796.3,0.2176,16.7,0.2309
2026-07-14,7530.62,2026-08-21,38.0,6785.0,792.75,0.2215,16.4,0.2288
2026-07-14,7530.62,2026-08-21,38.0,6790.0,787.0,0.2176,17.0,0.2295
2026-07-14,7530.62,2026-08-21,38.0,6795.0,783.1,0.2202,16.7,0.2273
2026-07-14,7530.62,2026-08-21,38.0,6800.0,777.75,0.2178,17.35,0.2281
2026-07-14,7530.62,2026-08-21,38.0,6805.0,773.15,0.2179,17.05,0.226
2026-07-14,7530.62,2026-08-21,38.0,6810.0,768.1,0.2165,17.75,0.2269
2026-07-14,7530.62,2026-08-21,38.0,6815.0,764.0,0.2182,17.4,0.2246
2026-07-14,7530.62,2026-08-21,38.0,6820.0,758.45,0.2151,18.1,0.2255
2026-07-14,7530.62,2026-08-21,38.0,6825.0,753.3,0.2134,18.25,0.2247
2026-07-14,7530.62,2026-08-21,38.0,6830.0,749.5,0.216,18.5,0.2242
2026-07-14,7530.62,2026-08-21,38.0,6835.0,744.4,0.2145,18.15,0.2219
2026-07-14,7530.62,2026-08-21,38.0,6840.0,739.45,0.2133,18.9,0.2229
2026-07-14,7530.62,2026-08-21,38.0,6845.0,734.6,0.2126,19.1,0.2222
2026-07-14,7530.62,2026-08-21,38.0,6850.0,729.35,0.2105,19.25,0.2214
2026-07-14,7530.62,2026-08-21,38.0,6855.0,725.3,0.2122,19.5,0.2209
2026-07-14,7530.62,2026-08-21,38.0,6860.0,720.3,0.2109,19.7,0.2202
2026-07-14,7530.62,2026-08-21,38.0,6865.0,714.9,0.2084,19.9,0.2195
2026-07-14,7530.62,2026-08-21,38.0,6870.0,710.85,0.21,20.2,0.219
2026-07-14,7530.62,2026-08-21,38.0,6875.0,706.15,0.2096,20.35,0.2182
2026-07-14,7530.62,2026-08-21,38.0,6880.0,700.85,0.2075,20.55,0.2175
2026-07-14,7530.62,2026-08-21,38.0,6885.0,696.05,0.2068,20.85,0.217
2026-07-14,7530.62,2026-08-21,38.0,6890.0,691.75,0.2075,21.05,0.2163
2026-07-14,7530.62,2026-08-21,38.0,6895.0,686.4,0.2052,21.25,0.2155
2026-07-14,7530.62,2026-08-21,38.0,6900.0,682.25,0.2064,21.5,0.2149
2026-07-14,7530.62,2026-08-21,38.0,6905.0,678.25,0.2079,21.75,0.2143
2026-07-14,7530.62,2026-08-21,38.0,6910.0,673.1,0.2061,22.0,0.2136
2026-07-14,7530.62,2026-08-21,38.0,6915.0,667.55,0.2033,22.3,0.2131
2026-07-14,7530.62,2026-08-21,38.0,6920.0,663.35,0.2042,22.55,0.2125
2026-07-14,7530.62,2026-08-21,38.0,6925.0,659.5,0.206,22.75,0.2117
2026-07-14,7530.62,2026-08-21,38.0,6930.0,654.45,0.2045,23.05,0.2111
2026-07-14,7530.62,2026-08-21,38.0,6935.0,649.9,0.2044,23.35,0.2106
2026-07-14,7530.62,2026-08-21,38.0,6940.0,645.15,0.2037,23.6,0.2099
2026-07-14,7530.62,2026-08-21,38.0,6945.0,640.25,0.2026,23.85,0.2092
2026-07-14,7530.62,2026-08-21,38.0,6950.0,635.65,0.2023,24.1,0.2085
2026-07-14,7530.62,2026-08-21,38.0,6955.0,630.95,0.2017,24.45,0.208
2026-07-14,7530.62,2026-08-21,38.0,6960.0,626.3,0.2013,24.7,0.2073
2026-07-14,7530.62,2026-08-21,38.0,6965.0,622.3,0.2024,25.0,0.2066
2026-07-14,7530.62,2026-08-21,38.0,6970.0,617.0,0.2003,25.3,0.206
2026-07-14,7530.62,2026-08-21,38.0,6975.0,612.25,0.1996,25.55,0.2053
2026-07-14,7530.62,2026-08-21,38.0,6980.0,607.7,0.1993,26.0,0.205
2026-07-14,7530.62,2026-08-21,38.0,6985.0,602.8,0.1982,26.25,0.2042
2026-07-14,7530.62,2026-08-21,38.0,6990.0,598.3,0.198,26.55,0.2035
2026-07-14,7530.62,2026-08-21,38.0,6995.0,593.5,0.1971,26.85,0.2028
2026-07-14,7530.62,2026-08-21,38.0,7000.0,588.95,0.1968,27.25,0.2024
2026-07-14,7530.62,2026-08-21,38.0,7005.0,584.6,0.1969,27.55,0.2017
2026-07-14,7530.62,2026-08-21,38.0,7010.0,579.7,0.1957,27.85,0.201
2026-07-14,7530.62,2026-08-21,38.0,7015.0,575.15,0.1954,28.3,0.2006
2026-07-14,7530.62,2026-08-21,38.0,7020.0,570.4,0.1945,28.55,0.1997
2026-07-14,7530.62,2026-08-21,38.0,7025.0,565.85,0.1942,28.85,0.199
2026-07-14,7530.62,2026-08-21,38.0,7030.0,561.2,0.1935,29.3,0.1986
2026-07-14,7530.62,2026-08-21,38.0,7035.0,556.85,0.1935,29.7,0.198
2026-07-14,7530.62,2026-08-21,38.0,7040.0,552.0,0.1924,30.05,0.1974
2026-07-14,7530.62,2026-08-21,38.0,7045.0,547.65,0.1924,,
2026-07-14,7530.62,2026-08-28,45.0,5700.0,1864.3,0.3023,5.0,0.3774
2026-07-14,7530.62,2026-08-28,45.0,5800.0,1765.8,0.3133,5.6,0.363
2026-07-14,7530.62,2026-08-28,45.0,5900.0,1666.3,0.2961,6.3,0.3488
2026-07-14,7530.62,2026-08-28,45.0,5950.0,1616.8,0.292,6.7,0.3419
2026-07-14,7530.62,2026-08-28,45.0,6000.0,1566.85,0.2799,7.1,0.3347
2026-07-14,7530.62,2026-08-28,45.0,6050.0,1518.75,0.2939,7.5,0.3273
2026-07-14,7530.62,2026-08-28,45.0,6100.0,1468.85,0.283,7.95,0.32
2026-07-14,7530.62,2026-08-28,45.0,6150.0,1420.55,0.2879,8.45,0.3129
2026-07-14,7530.62,2026-08-28,45.0,6200.0,1370.5,0.2758,8.95,0.3055
2026-07-14,7530.62,2026-08-28,45.0,6250.0,1322.3,0.2785,9.55,0.2985
2026-07-14,7530.62,2026-08-28,45.0,6300.0,1273.35,0.2741,10.25,0.2918
2026-07-14,7530.62,2026-08-28,45.0,6350.0,1223.45,0.2633,10.95,0.2847
2026-07-14,7530.62,2026-08-28,45.0,6400.0,1173.95,0.255,11.75,0.2778
2026-07-14,7530.62,2026-08-28,45.0,6450.0,1126.15,0.2557,12.65,0.2711
2026-07-14,7530.62,2026-08-28,45.0,6475.0,1100.85,0.2485,13.15,0.2677
2026-07-14,7530.62,2026-08-28,45.0,6500.0,1076.65,0.2467,13.6,0.2641
2026-07-14,7530.62,2026-08-28,45.0,6525.0,1053.9,0.2512,14.15,0.2608
2026-07-14,7530.62,2026-08-28,45.0,6550.0,1029.0,0.2458,14.75,0.2576
2026-07-14,7530.62,2026-08-28,45.0,6575.0,1004.05,0.2403,15.35,0.2543
2026-07-14,7530.62,2026-08-28,45.0,6600.0,980.9,0.2418,16.0,0.251
2026-07-14,7530.62,2026-08-28,45.0,6625.0,956.95,0.2398,16.65,0.2476
2026-07-14,7530.62,2026-08-28,45.0,6650.0,932.15,0.2347,17.35,0.2443
2026-07-14,7530.62,2026-08-28,45.0,6675.0,908.2,0.2324,18.15,0.2411
2026-07-14,7530.62,2026-08-28,45.0,6700.0,883.85,0.2286,18.95,0.2379
2026-07-14,7530.62,2026-08-28,45.0,6725.0,859.9,0.226,19.85,0.2347
2026-07-14,7530.62,2026-08-28,45.0,6750.0,837.2,0.2269,20.8,0.2316
2026-07-14,7530.62,2026-08-28,45.0,6775.0,813.25,0.2238,21.8,0.2285
2026-07-14,7530.62,2026-08-28,45.0,6800.0,788.1,0.2173,22.85,0.2253
2026-07-14,7530.62,2026-08-28,45.0,6825.0,764.85,0.2159,24.0,0.2222
2026-07-14,7530.62,2026-08-28,45.0,6850.0,741.9,0.2148,25.25,0.2192
2026-07-14,7530.62,2026-08-28,45.0,6875.0,717.95,0.2111,26.55,0.2161
2026-07-14,7530.62,2026-08-28,45.0,6900.0,694.1,0.2075,28.05,0.2133
2026-07-14,7530.62,2026-08-28,45.0,6925.0,670.85,0.205,29.55,0.2103
2026-07-14,7530.62,2026-08-28,45.0,6950.0,647.55,0.2022,31.15,0.2072
2026-07-14,7530.62,2026-08-28,45.0,6975.0,624.55,0.1998,32.9,0.2043
2026-07-14,7530.62,2026-08-28,45.0,6990.0,610.85,0.1984,34.1,0.2027
2026-07-14,7530.62,2026-08-28,45.0,7000.0,602.0,0.198,34.75,0.2013
2026-07-14,7530.62,2026-08-28,45.0,7025.0,578.6,0.1943,36.7,0.1983
2026-07-14,7530.62,2026-08-28,45.0,7050.0,556.1,0.1921,38.9,0.1955
2026-07-14,7530.62,2026-08-28,45.0,7070.0,538.0,0.1899,40.9,0.1935
2026-07-14,7530.62,2026-08-28,45.0,7075.0,533.5,0.1893,41.2,0.1926
2026-07-14,7530.62,2026-08-28,45.0,7080.0,529.0,0.1888,41.85,0.1923
2026-07-14,7530.62,2026-08-28,45.0,7090.0,519.8,0.1873,42.85,0.1912
2026-07-14,7530.62,2026-08-28,45.0,7100.0,511.35,0.187,43.7,0.1898
2026-07-14,7530.62,2026-08-28,45.0,7110.0,502.15,0.1855,44.9,0.1889
2026-07-14,7530.62,2026-08-28,45.0,7120.0,493.25,0.1844,45.95,0.1877
2026-07-14,7530.62,2026-08-28,45.0,7125.0,489.05,0.1842,46.3,0.1868
2026-07-14,7530.62,2026-08-28,45.0,7130.0,484.65,0.1837,46.95,0.1864
2026-07-14,7530.62,2026-08-28,45.0,7140.0,475.85,0.1827,48.05,0.1852
2026-07-14,7530.62,2026-08-28,45.0,7150.0,466.8,0.1812,49.1,0.1839
2026-07-14,7530.62,2026-08-28,45.0,7160.0,458.65,0.181,50.4,0.1829
2026-07-14,7530.62,2026-08-28,45.0,7170.0,449.95,0.18,51.7,0.1818
2026-07-14,7530.62,2026-08-28,45.0,7175.0,445.1,0.1787,52.15,0.181
2026-07-14,7530.62,2026-08-28,45.0,7180.0,441.15,0.1787,53.0,0.1807
2026-07-14,7530.62,2026-08-28,45.0,7190.0,432.25,0.1773,54.1,0.1793
2026-07-14,7530.62,2026-08-28,45.0,7200.0,424.0,0.1767,55.55,0.1783
2026-07-14,7530.62,2026-08-28,45.0,7210.0,415.15,0.1753,56.85,0.1771
2026-07-14,7530.62,2026-08-28,45.0,7220.0,406.65,0.1742,58.25,0.1759
2026-07-14,7530.62,2026-08-28,45.0,7225.0,402.05,0.1732,58.95,0.1753
2026-07-14,7530.62,2026-08-28,45.0,7230.0,397.9,0.1728,59.7,0.1747
2026-07-14,7530.62,2026-08-28,45.0,7240.0,389.65,0.172,61.2,0.1736
2026-07-14,7530.62,2026-08-28,45.0,7250.0,381.45,0.1712,62.9,0.1726
2026-07-14,7530.62,2026-08-28,45.0,7260.0,372.7,0.1696,64.5,0.1715
2026-07-14,7530.62,2026-08-28,45.0,7270.0,364.85,0.1691,65.95,0.1702
2026-07-14,7530.62,2026-08-28,45.0,7275.0,360.45,0.1682,66.95,0.1698
2026-07-14,7530.62,2026-08-28,45.0,7280.0,356.35,0.1677,67.7,0.1691
2026-07-14,7530.62,2026-08-28,45.0,7290.0,347.9,0.1664,69.45,0.168
2026-07-14,7530.62,2026-08-28,45.0,7300.0,340.2,0.1659,71.35,0.167
2026-07-14,7530.62,2026-08-28,45.0,7310.0,331.55,0.1642,73.2,0.1658
2026-07-14,7530.62,2026-08-28,45.0,7320.0,323.95,0.1636,74.85,0.1644
2026-07-14,7530.62,2026-08-28,45.0,7325.0,319.4,0.1625,75.8,0.1638
2026-07-14,7530.62,2026-08-28,45.0,7330.0,316.05,0.1627,76.75,0.1632
2026-07-14,7530.62,2026-08-28,45.0,7340.0,307.95,0.1614,78.75,0.1621
2026-07-14,7530.62,2026-08-28,45.0,7350.0,300.05,0.1603,80.8,0.1609
2026-07-14,7530.62,2026-08-28,45.0,7360.0,292.25,0.1593,83.1,0.16
2026-07-14,7530.62,2026-08-28,45.0,7370.0,285.25,0.159,85.1,0.1586
2026-07-14,7530.62,2026-08-28,45.0,7375.0,280.6,0.1576,86.4,0.1583
2026-07-14,7530.62,2026-08-28,45.0,7380.0,276.45,0.1568,87.65,0.1578
2026-07-14,7530.62,2026-08-28,45.0,7390.0,269.95,0.1569,89.9,0.1566
2026-07-14,7530.62,2026-08-28,45.0,7400.0,261.1,0.1545,92.1,0.1553
2026-07-14,7530.62,2026-08-28,45.0,7410.0,253.65,0.1534,94.5,0.1541
2026-07-14,7530.62,2026-08-28,45.0,7420.0,247.2,0.1534,97.3,0.1532
2026-07-14,7530.62,2026-08-28,45.0,7425.0,242.85,0.1522,98.2,0.1522
2026-07-14,7530.62,2026-08-28,45.0,7430.0,239.95,0.1524,99.75,0.1519
2026-07-14,7530.62,2026-08-28,45.0,7440.0,231.45,0.1501,102.5,0.1508
2026-07-14,7530.62,2026-08-28,45.0,7450.0,224.7,0.1495,105.15,0.1496
2026-07-14,7530.62,2026-08-28,45.0,7460.0,217.25,0.1481,108.1,0.1485
2026-07-14,7530.62,2026-08-28,45.0,7470.0,211.3,0.1481,110.75,0.1471
2026-07-14,7530.62,2026-08-28,45.0,7475.0,207.05,0.1468,112.15,0.1464
2026-07-14,7530.62,2026-08-28,45.0,7480.0,204.05,0.1467,113.75,0.1459
2026-07-14,7530.62,2026-08-28,45.0,7490.0,196.65,0.1451,117.05,0.145
2026-07-14,7530.62,2026-08-28,45.0,7500.0,189.7,0.1439,120.1,0.1437
2026-07-14,7530.62,2026-08-28,45.0,7510.0,183.95,0.1437,123.3,0.1425
2026-07-14,7530.62,2026-08-28,45.0,7520.0,176.55,0.1418,127.05,0.1416
2026-07-14,7530.62,2026-08-28,45.0,7525.0,173.55,0.1415,128.35,0.1407
2026-07-14,7530.62,2026-08-28,45.0,7530.0,169.95,0.1407,130.4,0.1404
2026-07-14,7530.62,2026-08-28,45.0,7540.0,163.65,0.1397,134.0,0.1392
2026-07-14,7530.62,2026-08-28,45.0,7550.0,157.4,0.1387,137.75,0.1381
2026-07-14,7530.62,2026-08-28,45.0,7560.0,151.3,0.1377,141.5,0.1369
2026-07-14,7530.62,2026-08-28,45.0,7570.0,145.35,0.1367,145.35,0.1357
2026-07-14,7530.62,2026-08-28,45.0,7575.0,142.45,0.1363,147.55,0.1353
2026-07-14,7530.62,2026-08-28,45.0,7580.0,139.5,0.1358,149.55,0.1346
2026-07-14,7530.62,2026-08-28,45.0,7590.0,134.0,0.1351,153.75,0.1335
2026-07-14,7530.62,2026-08-28,45.0,7600.0,128.1,0.1339,157.8,0.1322
2026-07-14,7530.62,2026-08-28,45.0,7610.0,122.55,0.1329,162.35,0.1311
2026-07-14,7530.62,2026-08-28,45.0,7620.0,117.45,0.1322,166.95,0.13
2026-07-14,7530.62,2026-08-28,45.0,7625.0,114.65,0.1316,169.4,0.1296
2026-07-14,7530.62,2026-08-28,45.0,7630.0,112.0,0.1311,171.75,0.129
2026-07-14,7530.62,2026-08-28,45.0,7640.0,106.95,0.1303,176.75,0.128
2026-07-14,7530.62,2026-08-28,45.0,7650.0,102.15,0.1296,181.6,0.1268
2026-07-14,7530.62,2026-08-28,45.0,7660.0,97.1,0.1285,186.75,0.1257
2026-07-14,7530.62,2026-08-28,45.0,7670.0,92.5,0.1277,190.85,0.1233
2026-07-14,7530.62,2026-08-28,45.0,7675.0,90.15,0.1273,194.75,0.124
2026-07-14,7530.62,2026-08-28,45.0,7680.0,88.05,0.127,196.1,0.122
2026-07-14,7530.62,2026-08-28,45.0,7690.0,83.4,0.126,201.85,0.1211
2026-07-14,7530.62,2026-08-28,45.0,7700.0,79.3,0.1253,208.55,0.121
2026-07-14,7530.62,2026-08-28,45.0,7710.0,75.05,0.1244,214.65,0.12
2026-07-14,7530.62,2026-08-28,45.0,7720.0,71.05,0.1236,220.05,0.1181
2026-07-14,7530.62,2026-08-28,45.0,7725.0,69.1,0.1233,223.2,0.1176
2026-07-14,7530.62,2026-08-28,45.0,7730.0,67.35,0.1231,226.2,0.1169
2026-07-14,7530.62,2026-08-28,45.0,7740.0,63.55,0.1222,232.65,0.1158
2026-07-14,7530.62,2026-08-28,45.0,7750.0,60.0,0.1215,239.25,0.1148
2026-07-14,7530.62,2026-08-28,45.0,7760.0,56.7,0.121,245.75,0.1133
2026-07-14,7530.62,2026-08-28,45.0,7770.0,53.3,0.1202,252.1,0.1112
2026-07-14,7530.62,2026-08-28,45.0,7775.0,51.7,0.1198,255.2,0.11
2026-07-14,7530.62,2026-08-28,45.0,7780.0,50.3,0.1197,259.15,0.1098
2026-07-14,7530.62,2026-08-28,45.0,7790.0,47.3,0.119,265.8,0.1076
2026-07-14,7530.62,2026-08-28,45.0,7800.0,44.35,0.1183,273.2,0.1061
2026-07-14,7530.62,2026-08-28,45.0,7825.0,37.75,0.1169,290.95,0.0978
2026-07-14,7530.62,2026-08-28,45.0,7850.0,31.8,0.1154,310.3,0.0905
2026-07-14,7530.62,2026-08-28,45.0,7875.0,26.8,0.1143,,
2026-07-14,7530.62,2026-08-28,45.0,7900.0,22.4,0.1132,,
2026-07-14,7530.62,2026-08-28,45.0,7925.0,18.55,0.1121,,
2026-07-14,7530.62,2026-08-28,45.0,7950.0,15.35,0.1112,,
2026-07-14,7530.62,2026-08-28,45.0,7975.0,12.65,0.1105,,
2026-07-14,7530.62,2026-08-28,45.0,8000.0,10.35,0.1098,,
2026-07-14,7530.62,2026-08-28,45.0,8025.0,8.45,0.1093,,
2026-07-14,7530.62,2026-08-28,45.0,8050.0,6.95,0.1091,,
2026-07-14,7530.62,2026-08-28,45.0,8075.0,5.75,0.1091,,
2026-07-14,7530.62,2026-08-28,45.0,8100.0,4.75,0.1092,,
2026-07-14,7530.62,2026-08-28,45.0,8150.0,3.3,0.11,,
2026-07-14,7530.62,2026-08-28,45.0,8200.0,2.38,0.1115,,
2026-07-14,7530.62,2026-08-28,45.0,8250.0,1.77,0.1136,,
2026-07-14,7530.62,2026-08-28,45.0,8300.0,1.38,0.1163,,
2026-07-14,7530.62,2026-08-28,45.0,8400.0,0.88,0.1221,,
2026-07-14,7530.62,2026-08-28,45.0,8500.0,0.62,0.1292,,
2026-07-14,7530.62,2026-08-28,45.0,8600.0,0.48,0.1366,,
2026-07-14,7530.62,2026-08-31,48.0,5650.0,1913.5,0.1924,5.1,0.3767
2026-07-14,7530.62,2026-08-31,48.0,5675.0,1889.7,0.211,5.2,0.3728
2026-07-14,7530.62,2026-08-31,48.0,5700.0,1865.95,0.2898,5.35,0.3693
2026-07-14,7530.62,2026-08-31,48.0,5720.0,1845.05,0.1782,5.5,0.3668
2026-07-14,7530.62,2026-08-31,48.0,5725.0,1841.25,0.2924,5.5,0.3658
2026-07-14,7530.62,2026-08-31,48.0,5730.0,1835.0,0.1872,5.55,0.3653
2026-07-14,7530.62,2026-08-31,48.0,5740.0,1825.4,0.1911,5.6,0.3638
2026-07-14,7530.62,2026-08-31,48.0,5750.0,1816.25,0.2839,5.7,0.3627
2026-07-14,7530.62,2026-08-31,48.0,5760.0,1806.9,0.3004,5.7,0.3607
2026-07-14,7530.62,2026-08-31,48.0,5770.0,1796.0,0.2646,5.8,0.3597
2026-07-14,7530.62,2026-08-31,48.0,5775.0,1791.9,0.2959,5.8,0.3587
2026-07-14,7530.62,2026-08-31,48.0,5780.0,1786.75,0.2904,5.85,0.3581
2026-07-14,7530.62,2026-08-31,48.0,5790.0,1776.25,0.2693,5.9,0.3566
2026-07-14,7530.62,2026-08-31,48.0,5800.0,1766.85,0.2871,6.0,0.3555
2026-07-14,7530.62,2026-08-31,48.0,5810.0,1756.3,0.264,6.05,0.3539
2026-07-14,7530.62,2026-08-31,48.0,5820.0,1746.5,0.269,6.1,0.3524
2026-07-14,7530.62,2026-08-31,48.0,5825.0,1741.25,0.2551,6.15,0.3518
2026-07-14,7530.62,2026-08-31,48.0,5830.0,1736.05,0.2369,6.2,0.3512
2026-07-14,7530.62,2026-08-31,48.0,5840.0,1726.55,0.2639,6.25,0.3496
2026-07-14,7530.62,2026-08-31,48.0,5850.0,1717.75,0.2939,6.3,0.3481
2026-07-14,7530.62,2026-08-31,48.0,5860.0,1707.55,0.287,6.4,0.3469
2026-07-14,7530.62,2026-08-31,48.0,5870.0,1697.05,0.2714,6.5,0.3457
2026-07-14,7530.62,2026-08-31,48.0,5875.0,1692.1,0.2714,6.5,0.3447
2026-07-14,7530.62,2026-08-31,48.0,5880.0,1686.85,0.2616,6.55,0.3441
2026-07-14,7530.62,2026-08-31,48.0,5890.0,1677.2,0.2697,6.6,0.3425
2026-07-14,7530.62,2026-08-31,48.0,5900.0,1667.9,0.2833,6.7,0.3413
2026-07-14,7530.62,2026-08-31,48.0,5910.0,1657.75,0.2775,6.8,0.3401
2026-07-14,7530.62,2026-08-31,48.0,5920.0,1646.85,0.2475,6.85,0.3385
2026-07-14,7530.62,2026-08-31,48.0,5925.0,1641.65,0.2346,6.9,0.3379
2026-07-14,7530.62,2026-08-31,48.0,5930.0,1637.85,0.2742,6.9,0.3369
2026-07-14,7530.62,2026-08-31,48.0,5940.0,1628.05,0.2756,7.0,0.3356
2026-07-14,7530.62,2026-08-31,48.0,5950.0,1618.8,0.2861,7.1,0.3344
2026-07-14,7530.62,2026-08-31,48.0,5960.0,1608.45,0.2778,7.2,0.3331
2026-07-14,7530.62,2026-08-31,48.0,5970.0,1598.0,0.2665,7.3,0.3318
2026-07-14,7530.62,2026-08-31,48.0,5975.0,1592.05,0.2359,7.3,0.3308
2026-07-14,7530.62,2026-08-31,48.0,5980.0,1588.75,0.2777,7.3,0.3298
2026-07-14,7530.62,2026-08-31,48.0,5990.0,1578.5,0.2709,7.4,0.3285
2026-07-14,7530.62,2026-08-31,48.0,6000.0,1568.85,0.2743,7.5,0.3272
2026-07-14,7530.62,2026-08-31,48.0,6010.0,1558.8,0.2709,7.6,0.3259
2026-07-14,7530.62,2026-08-31,48.0,6020.0,1549.3,0.2761,7.7,0.3246
2026-07-14,7530.62,2026-08-31,48.0,6025.0,1545.15,0.2859,7.7,0.3236
2026-07-14,7530.62,2026-08-31,48.0,6030.0,1539.1,0.2707,7.8,0.3233
2026-07-14,7530.62,2026-08-31,48.0,6040.0,1529.6,0.2754,7.9,0.3219
2026-07-14,7530.62,2026-08-31,48.0,6050.0,1518.55,0.2562,8.0,0.3206
2026-07-14,7530.62,2026-08-31,48.0,6060.0,1509.8,0.2732,8.05,0.3189
2026-07-14,7530.62,2026-08-31,48.0,6070.0,1500.0,0.2733,8.15,0.3175
2026-07-14,7530.62,2026-08-31,48.0,6075.0,1494.8,0.2695,8.2,0.3169
2026-07-14,7530.62,2026-08-31,48.0,6080.0,1490.0,0.2709,8.25,0.3162
2026-07-14,7530.62,2026-08-31,48.0,6090.0,1480.15,0.2704,8.35,0.3148
2026-07-14,7530.62,2026-08-31,48.0,6100.0,1470.7,0.2743,8.45,0.3134
2026-07-14,7530.62,2026-08-31,48.0,6110.0,1460.3,0.2674,8.55,0.312
2026-07-14,7530.62,2026-08-31,48.0,6120.0,1450.75,0.2702,8.65,0.3106
2026-07-14,7530.62,2026-08-31,48.0,6125.0,1446.1,0.2727,8.7,0.3099
2026-07-14,7530.62,2026-08-31,48.0,6130.0,1440.9,0.2694,8.75,0.3092
2026-07-14,7530.62,2026-08-31,48.0,6140.0,1431.05,0.2687,8.85,0.3077
2026-07-14,7530.62,2026-08-31,48.0,6150.0,1422.35,0.2786,9.0,0.3066
2026-07-14,7530.62,2026-08-31,48.0,6160.0,1411.4,0.2676,9.1,0.3051
2026-07-14,7530.62,2026-08-31,48.0,6170.0,1402.4,0.2744,9.2,0.3037
2026-07-14,7530.62,2026-08-31,48.0,6175.0,1394.95,0.2475,9.25,0.303
2026-07-14,7530.62,2026-08-31,48.0,6180.0,1392.1,0.2695,9.35,0.3025
2026-07-14,7530.62,2026-08-31,48.0,6190.0,1382.7,0.2724,9.45,0.301
2026-07-14,7530.62,2026-08-31,48.0,6200.0,1372.9,0.2717,9.55,0.2996
2026-07-14,7530.62,2026-08-31,48.0,6210.0,1362.05,0.2622,9.65,0.2981
2026-07-14,7530.62,2026-08-31,48.0,6220.0,1352.4,0.263,9.8,0.2968
2026-07-14,7530.62,2026-08-31,48.0,6225.0,1348.35,0.2695,9.85,0.2961
2026-07-14,7530.62,2026-08-31,48.0,6230.0,1343.1,0.2665,9.95,0.2956
2026-07-14,7530.62,2026-08-31,48.0,6240.0,1331.7,0.2522,10.05,0.2941
2026-07-14,7530.62,2026-08-31,48.0,6250.0,1321.55,0.2484,10.15,0.2926
2026-07-14,7530.62,2026-08-31,48.0,6260.0,1311.75,0.2481,10.35,0.2916
2026-07-14,7530.62,2026-08-31,48.0,6270.0,1302.25,0.2504,10.45,0.29
2026-07-14,7530.62,2026-08-31,48.0,6275.0,1299.25,0.2647,10.55,0.2895
2026-07-14,7530.62,2026-08-31,48.0,6280.0,1293.5,0.2583,10.65,0.289
2026-07-14,7530.62,2026-08-31,48.0,6290.0,1282.6,0.2489,10.75,0.2874
2026-07-14,7530.62,2026-08-31,48.0,6300.0,1272.9,0.2491,10.85,0.2858
2026-07-14,7530.62,2026-08-31,48.0,6310.0,1263.35,0.2504,11.05,0.2847
2026-07-14,7530.62,2026-08-31,48.0,6320.0,1254.5,0.2564,11.15,0.2832
2026-07-14,7530.62,2026-08-31,48.0,6325.0,1249.35,0.2542,11.25,0.2826
2026-07-14,7530.62,2026-08-31,48.0,6330.0,1244.6,0.2548,11.35,0.282
2026-07-14,7530.62,2026-08-31,48.0,6340.0,1233.95,0.2481,11.5,0.2807
2026-07-14,7530.62,2026-08-31,48.0,6350.0,1225.4,0.2554,11.65,0.2793
2026-07-14,7530.62,2026-08-31,48.0,6360.0,1215.3,0.2526,11.85,0.2781
2026-07-14,7530.62,2026-08-31,48.0,6370.0,1205.35,0.2507,12.0,0.2767
2026-07-14,7530.62,2026-08-31,48.0,6375.0,1200.6,0.2511,12.05,0.2759
2026-07-14,7530.62,2026-08-31,48.0,6380.0,1195.7,0.2506,12.15,0.2753
2026-07-14,7530.62,2026-08-31,48.0,6390.0,1185.1,0.2447,12.35,0.2741
2026-07-14,7530.62,2026-08-31,48.0,6400.0,1174.7,0.2399,12.5,0.2726
2026-07-14,7530.62,2026-08-31,48.0,6410.0,1165.15,0.2406,12.75,0.2716
2026-07-14,7530.62,2026-08-31,48.0,6420.0,1155.0,0.2374,12.9,0.2701
2026-07-14,7530.62,2026-08-31,48.0,6425.0,1152.55,0.2507,12.95,0.2693
2026-07-14,7530.62,2026-08-31,48.0,6430.0,1145.3,0.2371,13.05,0.2686
2026-07-14,7530.62,2026-08-31,48.0,6440.0,1135.95,0.2387,13.25,0.2674
2026-07-14,7530.62,2026-08-31,48.0,6450.0,1128.0,0.2474,13.45,0.266
2026-07-14,7530.62,2026-08-31,48.0,6460.0,1116.5,0.2374,13.65,0.2647
2026-07-14,7530.62,2026-08-31,48.0,6470.0,1106.3,0.2341,13.9,0.2636
2026-07-14,7530.62,2026-08-31,48.0,6475.0,1103.4,0.2438,14.0,0.2629
2026-07-14,7530.62,2026-08-31,48.0,6480.0,1098.6,0.2436,14.1,0.2622
2026-07-14,7530.62,2026-08-31,48.0,6490.0,1087.65,0.2368,14.3,0.2609
2026-07-14,7530.62,2026-08-31,48.0,6500.0,1079.1,0.2415,14.55,0.2597
2026-07-14,7530.62,2026-08-31,48.0,6510.0,1067.4,0.2311,14.75,0.2583
2026-07-14,7530.62,2026-08-31,48.0,6520.0,1057.7,0.2304,15.0,0.2571
2026-07-14,7530.62,2026-08-31,48.0,6525.0,1054.8,0.239,15.1,0.2564
2026-07-14,7530.62,2026-08-31,48.0,6530.0,1048.15,0.2304,15.2,0.2557
2026-07-14,7530.62,2026-08-31,48.0,6540.0,1039.55,0.2346,15.45,0.2544
2026-07-14,7530.62,2026-08-31,48.0,6550.0,1030.55,0.2366,15.7,0.2531
2026-07-14,7530.62,2026-08-31,48.0,6560.0,1021.35,0.2376,16.0,0.252
2026-07-14,7530.62,2026-08-31,48.0,6570.0,1009.25,0.2266,16.2,0.2505
2026-07-14,7530.62,2026-08-31,48.0,6575.0,1006.7,0.2356,16.4,0.2501
2026-07-14,7530.62,2026-08-31,48.0,6580.0,1001.5,0.2337,16.5,0.2494
2026-07-14,7530.62,2026-08-31,48.0,6590.0,991.05,0.2297,16.75,0.248
2026-07-14,7530.62,2026-08-31,48.0,6600.0,982.15,0.2317,17.0,0.2467
2026-07-14,7530.62,2026-08-31,48.0,6610.0,971.6,0.2274,17.3,0.2455
2026-07-14,7530.62,2026-08-31,48.0,6620.0,963.4,0.2318,17.6,0.2442
2026-07-14,7530.62,2026-08-31,48.0,6625.0,958.4,0.2306,17.8,0.2437
2026-07-14,7530.62,2026-08-31,48.0,6630.0,953.0,0.2281,17.9,0.243
2026-07-14,7530.62,2026-08-31,48.0,6640.0,942.75,0.2249,18.2,0.2417
2026-07-14,7530.62,2026-08-31,48.0,6650.0,933.45,0.2252,18.55,0.2405
2026-07-14,7530.62,2026-08-31,48.0,6660.0,924.3,0.2258,18.9,0.2394
2026-07-14,7530.62,2026-08-31,48.0,6670.0,914.05,0.2227,19.2,0.238
2026-07-14,7530.62,2026-08-31,48.0,6675.0,909.9,0.2244,19.4,0.2375
2026-07-14,7530.62,2026-08-31,48.0,6680.0,904.4,0.2216,19.55,0.2368
2026-07-14,7530.62,2026-08-31,48.0,6690.0,895.05,0.2215,19.9,0.2356
2026-07-14,7530.62,2026-08-31,48.0,6700.0,886.15,0.2226,20.25,0.2344
2026-07-14,7530.62,2026-08-31,48.0,6710.0,874.95,0.2166,20.6,0.2331
2026-07-14,7530.62,2026-08-31,48.0,6720.0,867.0,0.2206,21.0,0.2319
2026-07-14,7530.62,2026-08-31,48.0,6725.0,862.35,0.2205,21.2,0.2313
2026-07-14,7530.62,2026-08-31,48.0,6730.0,857.45,0.2197,21.4,0.2307
2026-07-14,7530.62,2026-08-31,48.0,6740.0,846.65,0.215,21.75,0.2294
2026-07-14,7530.62,2026-08-31,48.0,6750.0,838.65,0.2185,22.2,0.2283
2026-07-14,7530.62,2026-08-31,48.0,6760.0,828.25,0.215,22.6,0.227
2026-07-14,7530.62,2026-08-31,48.0,6770.0,819.55,0.2163,23.0,0.2258
2026-07-14,7530.62,2026-08-31,48.0,6775.0,814.5,0.215,23.25,0.2252
2026-07-14,7530.62,2026-08-31,48.0,6780.0,809.15,0.2129,23.45,0.2246
2026-07-14,7530.62,2026-08-31,48.0,6790.0,800.15,0.2132,23.85,0.2233
2026-07-14,7530.62,2026-08-31,48.0,6800.0,790.1,0.2107,24.4,0.2223
2026-07-14,7530.62,2026-08-31,48.0,6810.0,781.7,0.2125,24.8,0.2209
2026-07-14,7530.62,2026-08-31,48.0,6820.0,771.55,0.2097,25.3,0.2197
2026-07-14,7530.62,2026-08-31,48.0,6825.0,766.75,0.209,25.55,0.2192
2026-07-14,7530.62,2026-08-31,48.0,6830.0,762.7,0.2102,25.8,0.2186
2026-07-14,7530.62,2026-08-31,48.0,6840.0,752.15,0.2065,26.35,0.2175
2026-07-14,7530.62,2026-08-31,48.0,6845.0,747.6,0.2064,26.55,0.2167
2026-07-14,7530.62,2026-08-31,48.0,6850.0,743.25,0.2068,26.85,0.2162
2026-07-14,7530.62,2026-08-31,48.0,6855.0,738.35,0.2058,27.1,0.2156
2026-07-14,7530.62,2026-08-31,48.0,6860.0,734.2,0.2066,27.35,0.2149
2026-07-14,7530.62,2026-08-31,48.0,6865.0,729.1,0.2052,27.65,0.2144
2026-07-14,7530.62,2026-08-31,48.0,6870.0,724.55,0.205,27.95,0.2139
2026-07-14,7530.62,2026-08-31,48.0,6875.0,719.75,0.2042,28.2,0.2132
2026-07-14,7530.62,2026-08-31,48.0,6880.0,715.15,0.2039,28.5,0.2127
2026-07-14,7530.62,2026-08-31,48.0,6885.0,710.2,0.2028,28.8,0.2121
2026-07-14,7530.62,2026-08-31,48.0,6890.0,705.85,0.2031,29.05,0.2114
2026-07-14,7530.62,2026-08-31,48.0,6895.0,701.05,0.2023,29.35,0.2108
2026-07-14,7530.62,2026-08-31,48.0,6900.0,696.0,0.201,29.7,0.2103
2026-07-14,7530.62,2026-08-31,48.0,6905.0,691.35,0.2005,30.0,0.2097
2026-07-14,7530.62,2026-08-31,48.0,6910.0,686.85,0.2004,30.35,0.2092
2026-07-14,7530.62,2026-08-31,48.0,6915.0,682.2,0.1999,30.6,0.2085
2026-07-14,7530.62,2026-08-31,48.0,6920.0,677.5,0.1993,30.95,0.208
2026-07-14,7530.62,2026-08-31,48.0,6925.0,672.75,0.1986,31.25,0.2074
2026-07-14,7530.62,2026-08-31,48.0,6930.0,667.95,0.1978,31.55,0.2068
2026-07-14,7530.62,2026-08-31,48.0,6935.0,663.35,0.1974,31.9,0.2062
2026-07-14,7530.62,2026-08-31,48.0,6940.0,658.8,0.1971,32.25,0.2057
2026-07-14,7530.62,2026-08-31,48.0,6945.0,654.1,0.1964,32.55,0.205
2026-07-14,7530.62,2026-08-31,48.0,6950.0,649.55,0.1961,33.0,0.2046
2026-07-14,7530.62,2026-08-31,48.0,6955.0,644.9,0.1956,33.3,0.2039
2026-07-14,7530.62,2026-08-31,48.0,6960.0,640.35,0.1952,33.65,0.2034
2026-07-14,7530.62,2026-08-31,48.0,6965.0,635.7,0.1946,33.95,0.2027
2026-07-14,7530.62,2026-08-31,48.0,6970.0,631.05,0.1941,34.35,0.2022
2026-07-14,7530.62,2026-08-31,48.0,6975.0,626.45,0.1936,34.75,0.2016
2026-07-14,7530.62,2026-08-31,48.0,6980.0,621.8,0.193,35.1,0.201
2026-07-14,7530.62,2026-08-31,48.0,6985.0,617.3,0.1927,35.45,0.2004
2026-07-14,7530.62,2026-08-31,48.0,6990.0,612.7,0.1922,35.9,0.1999
2026-07-14,7530.62,2026-08-31,48.0,6995.0,608.4,0.1922,36.35,0.1995
2026-07-14,7530.62,2026-08-31,48.0,7000.0,603.45,0.191,36.75,0.1989
2026-07-14,7530.62,2026-08-31,48.0,7005.0,599.15,0.191,37.0,0.1981
2026-07-14,7530.62,2026-08-31,48.0,7010.0,594.7,0.1907,37.45,0.1976
2026-07-14,7530.62,2026-08-31,48.0,7015.0,590.0,0.19,37.9,0.1971
2026-07-14,7530.62,2026-08-31,48.0,7020.0,585.45,0.1895,38.3,0.1965
2026-07-14,7530.62,2026-08-31,48.0,7025.0,580.8,0.1888,38.7,0.1959
2026-07-14,7530.62,2026-08-31,48.0,7030.0,576.25,0.1883,39.15,0.1953
2026-07-14,7530.62,2026-08-31,48.0,7035.0,571.65,0.1877,39.6,0.1948
2026-07-14,7530.62,2026-08-31,48.0,7040.0,567.25,0.1874,40.05,0.1942
2026-07-14,7530.62,2026-08-31,48.0,7045.0,562.6,0.1867,40.4,0.1935
2026-07-14,7530.62,2026-08-31,48.0,7050.0,558.05,0.1862,40.9,0.193
2026-07-14,7530.62,2026-08-31,48.0,7055.0,553.5,0.1856,41.3,0.1924
2026-07-14,7530.62,2026-08-31,48.0,7060.0,549.05,0.1852,41.8,0.1918
2026-07-14,7530.62,2026-08-31,48.0,7065.0,544.5,0.1846,42.25,0.1912
2026-07-14,7530.62,2026-08-31,48.0,7070.0,540.35,0.1847,42.85,0.1909
2026-07-14,7530.62,2026-08-31,48.0,7075.0,535.5,0.1836,43.25,0.1902
2026-07-14,7530.62,2026-08-31,48.0,7080.0,531.75,0.1843,43.7,0.1895
2026-07-14,7530.62,2026-08-31,48.0,7085.0,527.1,0.1835,44.25,0.1891
2026-07-14,7530.62,2026-08-31,48.0,7090.0,522.5,0.1828,44.7,0.1884
2026-07-14,7530.62,2026-08-31,48.0,7095.0,517.9,0.1821,45.25,0.1879
2026-07-14,7530.62,2026-08-31,48.0,7100.0,513.3,0.1814,45.75,0.1873
2026-07-14,7530.62,2026-08-31,48.0,7105.0,509.1,0.1812,46.3,0.1868
2026-07-14,7530.62,2026-08-31,48.0,7110.0,504.4,0.1803,46.85,0.1862
2026-07-14,7530.62,2026-08-31,48.0,7115.0,500.25,0.1803,47.4,0.1857
2026-07-14,7530.62,2026-08-31,48.0,7120.0,495.8,0.1797,48.05,0.1853
2026-07-14,7530.62,2026-08-31,48.0,7125.0,491.75,0.1798,48.5,0.1846
2026-07-14,7530.62,2026-08-31,48.0,7130.0,486.7,0.1783,48.95,0.1838
2026-07-14,7530.62,2026-08-31,48.0,7135.0,482.6,0.1782,49.75,0.1836
2026-07-14,7530.62,2026-08-31,48.0,7140.0,478.2,0.1777,50.25,0.1829
2026-07-14,7530.62,2026-08-31,48.0,7145.0,473.55,0.1768,50.8,0.1823
2026-07-14,7530.62,2026-08-31,48.0,7150.0,469.2,0.1764,51.45,0.1818
2026-07-14,7530.62,2026-08-31,48.0,7155.0,464.8,0.1758,52.05,0.1812
2026-07-14,7530.62,2026-08-31,48.0,7160.0,460.5,0.1754,52.65,0.1807
2026-07-14,7530.62,2026-08-31,48.0,7165.0,456.15,0.1749,53.15,0.1799
2026-07-14,7530.62,2026-08-31,48.0,7170.0,451.75,0.1743,53.9,0.1795
2026-07-14,7530.62,2026-08-31,48.0,7175.0,447.35,0.1737,54.45,0.1789
2026-07-14,7530.62,2026-08-31,48.0,7180.0,443.35,0.1737,55.05,0.1782
2026-07-14,7530.62,2026-08-31,48.0,7185.0,439.25,0.1735,55.75,0.1777
2026-07-14,7530.62,2026-08-31,48.0,7190.0,434.75,0.1727,56.4,0.1772
2026-07-14,7530.62,2026-08-31,48.0,7195.0,430.65,0.1725,57.3,0.1769
2026-07-14,7530.62,2026-08-31,48.0,7200.0,425.95,0.1714,57.9,0.1762
2026-07-14,7530.62,2026-08-31,48.0,7205.0,421.9,0.1712,58.5,0.1755
2026-07-14,7530.62,2026-08-31,48.0,7210.0,417.5,0.1705,59.3,0.1751
2026-07-14,7530.62,2026-08-31,48.0,7215.0,413.25,0.17,59.85,0.1743
2026-07-14,7530.62,2026-08-31,48.0,7220.0,409.4,0.17,60.65,0.1739
2026-07-14,7530.62,2026-08-31,48.0,7225.0,404.5,0.1687,61.4,0.1733
2026-07-14,7530.62,2026-08-31,48.0,7230.0,400.55,0.1685,62.25,0.1729
2026-07-14,7530.62,2026-08-31,48.0,7235.0,396.25,0.1679,62.9,0.1722
2026-07-14,7530.62,2026-08-31,48.0,7240.0,392.15,0.1675,63.75,0.1718
2026-07-14,7530.62,2026-08-31,48.0,7245.0,388.45,0.1677,64.3,0.1709
2026-07-14,7530.62,2026-08-31,48.0,7250.0,383.55,0.1663,65.35,0.1707
2026-07-14,7530.62,2026-08-31,48.0,7255.0,379.6,0.166,66.05,0.17
2026-07-14,7530.62,2026-08-31,48.0,7260.0,375.85,0.166,66.75,0.1693
2026-07-14,7530.62,2026-08-31,48.0,7265.0,371.45,0.1652,67.75,0.169
2026-07-14,7530.62,2026-08-31,48.0,7270.0,367.35,0.1648,68.4,0.1682
2026-07-14,7530.62,2026-08-31,48.0,7275.0,362.9,0.1639,69.25,0.1677
2026-07-14,7530.62,2026-08-31,48.0,7280.0,359.05,0.1637,70.2,0.1672
2026-07-14,7530.62,2026-08-31,48.0,7285.0,354.65,0.1628,71.05,0.1666
2026-07-14,7530.62,2026-08-31,48.0,7290.0,351.15,0.163,71.95,0.1661
2026-07-14,7530.62,2026-08-31,48.0,7295.0,346.7,0.162,72.7,0.1654
2026-07-14,7530.62,2026-08-31,48.0,7300.0,342.45,0.1613,73.85,0.1651
2026-07-14,7530.62,2026-08-31,48.0,7305.0,338.45,0.1609,74.55,0.1643
2026-07-14,7530.62,2026-08-31,48.0,7310.0,334.25,0.1602,75.65,0.1639
2026-07-14,7530.62,2026-08-31,48.0,7315.0,330.3,0.1598,76.4,0.1631
2026-07-14,7530.62,2026-08-31,48.0,7320.0,326.35,0.1593,77.4,0.1626
2026-07-14,7530.62,2026-08-31,48.0,7325.0,322.9,0.1594,78.4,0.1621
2026-07-14,7530.62,2026-08-31,48.0,7330.0,318.35,0.1583,79.5,0.1617
2026-07-14,7530.62,2026-08-31,48.0,7335.0,314.25,0.1576,80.45,0.161
2026-07-14,7530.62,2026-08-31,48.0,7340.0,311.0,0.1579,81.5,0.1605
2026-07-14,7530.62,2026-08-31,48.0,7345.0,306.35,0.1566,82.45,0.1599
2026-07-14,7530.62,2026-08-31,48.0,7350.0,302.95,0.1567,83.45,0.1593
2026-07-14,7530.62,2026-08-31,48.0,7355.0,298.45,0.1555,84.55,0.1588
2026-07-14,7530.62,2026-08-31,48.0,7360.0,295.2,0.1557,85.55,0.1581
2026-07-14,7530.62,2026-08-31,48.0,7365.0,292.15,0.1561,86.9,0.1578
2026-07-14,7530.62,2026-08-31,48.0,7370.0,287.0,0.1542,87.75,0.157
2026-07-14,7530.62,2026-08-31,48.0,7375.0,284.4,0.155,89.05,0.1566
2026-07-14,7530.62,2026-08-31,48.0,7380.0,280.55,0.1545,90.15,0.156
2026-07-14,7530.62,2026-08-31,48.0,7385.0,276.75,0.154,91.3,0.1555
2026-07-14,7530.62,2026-08-31,48.0,7390.0,272.85,0.1534,92.45,0.1549
2026-07-14,7530.62,2026-08-31,48.0,7395.0,268.0,0.1518,93.65,0.1543
2026-07-14,7530.62,2026-08-31,48.0,7400.0,265.35,0.1524,94.9,0.1538
2026-07-14,7530.62,2026-08-31,48.0,7405.0,260.5,0.1508,96.1,0.1532
2026-07-14,7530.62,2026-08-31,48.0,7410.0,257.85,0.1513,97.3,0.1526
2026-07-14,7530.62,2026-08-31,48.0,7415.0,252.9,0.1496,98.6,0.1521
2026-07-14,7530.62,2026-08-31,48.0,7420.0,250.35,0.1502,99.8,0.1515
2026-07-14,7530.62,2026-08-31,48.0,7425.0,246.75,0.1498,101.2,0.151
2026-07-14,7530.62,2026-08-31,48.0,7430.0,243.0,0.1492,102.5,0.1505
2026-07-14,7530.62,2026-08-31,48.0,7435.0,238.35,0.1477,103.8,0.1499
2026-07-14,7530.62,2026-08-31,48.0,7440.0,235.75,0.1482,105.1,0.1493
2026-07-14,7530.62,2026-08-31,48.0,7445.0,231.15,0.1467,106.35,0.1486
2026-07-14,7530.62,2026-08-31,48.0,7450.0,227.55,0.1461,107.9,0.1482
2026-07-14,7530.62,2026-08-31,48.0,7455.0,223.95,0.1456,109.35,0.1477
2026-07-14,7530.62,2026-08-31,48.0,7460.0,221.5,0.1461,110.8,0.1471
2026-07-14,7530.62,2026-08-31,48.0,7465.0,216.9,0.1446,112.05,0.1464
2026-07-14,7530.62,2026-08-31,48.0,7470.0,213.45,0.1441,113.6,0.1459
2026-07-14,7530.62,2026-08-31,48.0,7475.0,210.0,0.1437,115.2,0.1454
2026-07-14,7530.62,2026-08-31,48.0,7480.0,207.45,0.144,116.7,0.1448
2026-07-14,7530.62,2026-08-31,48.0,7485.0,204.05,0.1435,118.05,0.1441
2026-07-14,7530.62,2026-08-31,48.0,7490.0,200.55,0.1429,119.85,0.1438
2026-07-14,7530.62,2026-08-31,48.0,7495.0,197.2,0.1425,121.4,0.1432
2026-07-14,7530.62,2026-08-31,48.0,7500.0,193.05,0.1412,123.15,0.1428
2026-07-14,7530.62,2026-08-31,48.0,7505.0,190.45,0.1414,124.7,0.1421
2026-07-14,7530.62,2026-08-31,48.0,7510.0,186.3,0.1401,126.25,0.1415
2026-07-14,7530.62,2026-08-31,48.0,7515.0,182.85,0.1395,127.9,0.1409
2026-07-14,7530.62,2026-08-31,48.0,7520.0,179.95,0.1393,129.75,0.1404
2026-07-14,7530.62,2026-08-31,48.0,7525.0,176.55,0.1387,131.35,0.1398
2026-07-14,7530.62,2026-08-31,48.0,7530.0,173.25,0.1381,133.15,0.1392
2026-07-14,7530.62,2026-08-31,48.0,7535.0,170.1,0.1377,135.0,0.1388
2026-07-14,7530.62,2026-08-31,48.0,7540.0,167.2,0.1374,137.0,0.1384
2026-07-14,7530.62,2026-08-31,48.0,7545.0,163.95,0.1368,138.6,0.1376
2026-07-14,7530.62,2026-08-31,48.0,7550.0,160.7,0.1362,140.45,0.137
2026-07-14,7530.62,2026-08-31,48.0,7555.0,157.8,0.1359,142.35,0.1365
2026-07-14,7530.62,2026-08-31,48.0,7560.0,154.65,0.1353,144.45,0.1361
2026-07-14,7530.62,2026-08-31,48.0,7565.0,151.8,0.135,146.3,0.1354
2026-07-14,7530.62,2026-08-31,48.0,7570.0,148.65,0.1344,148.35,0.135
2026-07-14,7530.62,2026-08-31,48.0,7575.0,145.65,0.1339,150.45,0.1345
2026-07-14,7530.62,2026-08-31,48.0,7580.0,142.7,0.1334,152.35,0.1338
2026-07-14,7530.62,2026-08-31,48.0,7585.0,139.95,0.1331,154.25,0.1331
2026-07-14,7530.62,2026-08-31,48.0,7590.0,136.95,0.1325,156.55,0.1328
2026-07-14,7530.62,2026-08-31,48.0,7595.0,134.25,0.1322,158.65,0.1322
2026-07-14,7530.62,2026-08-31,48.0,7600.0,131.55,0.1318,160.85,0.1317
2026-07-14,7530.62,2026-08-31,48.0,7605.0,128.55,0.1312,163.1,0.1312
2026-07-14,7530.62,2026-08-31,48.0,7610.0,126.0,0.1309,165.15,0.1305
2026-07-14,7530.62,2026-08-31,48.0,7615.0,123.0,0.1302,167.6,0.1301
2026-07-14,7530.62,2026-08-31,48.0,7620.0,120.4,0.1298,169.95,0.1296
2026-07-14,7530.62,2026-08-31,48.0,7625.0,118.05,0.1296,171.25,0.1281
2026-07-14,7530.62,2026-08-31,48.0,7630.0,115.45,0.1292,174.75,0.1287
2026-07-14,7530.62,2026-08-31,48.0,7635.0,112.65,0.1286,177.0,0.128
2026-07-14,7530.62,2026-08-31,48.0,7640.0,110.25,0.1283,179.55,0.1276
2026-07-14,7530.62,2026-08-31,48.0,7645.0,107.5,0.1277,180.9,0.126
2026-07-14,7530.62,2026-08-31,48.0,7650.0,105.2,0.1274,183.2,0.1252
2026-07-14,7530.62,2026-08-31,48.0,7655.0,102.85,0.1271,185.65,0.1246
2026-07-14,7530.62,2026-08-31,48.0,7660.0,100.45,0.1267,189.45,0.1253
2026-07-14,7530.62,2026-08-31,48.0,7665.0,98.05,0.1263,192.0,0.1247
2026-07-14,7530.62,2026-08-31,48.0,7670.0,95.45,0.1256,194.55,0.1241
2026-07-14,7530.62,2026-08-31,48.0,7675.0,93.15,0.1252,197.55,0.1238
2026-07-14,7530.62,2026-08-31,48.0,7680.0,90.9,0.1249,198.8,0.1219
2026-07-14,7530.62,2026-08-31,48.0,7685.0,88.7,0.1245,202.8,0.1226
2026-07-14,7530.62,2026-08-31,48.0,7690.0,86.65,0.1243,204.2,0.1206
2026-07-14,7530.62,2026-08-31,48.0,7695.0,84.3,0.1237,207.25,0.1203
2026-07-14,7530.62,2026-08-31,48.0,7700.0,82.35,0.1235,209.85,0.1195
2026-07-14,7530.62,2026-08-31,48.0,7705.0,80.3,0.1232,214.05,0.1203
2026-07-14,7530.62,2026-08-31,48.0,7710.0,78.0,0.1226,215.85,0.1185
2026-07-14,7530.62,2026-08-31,48.0,7715.0,76.2,0.1225,219.8,0.119
2026-07-14,7530.62,2026-08-31,48.0,7720.0,74.1,0.122,222.4,0.118
2026-07-14,7530.62,2026-08-31,48.0,7725.0,72.2,0.1217,225.6,0.1176
2026-07-14,7530.62,2026-08-31,48.0,7730.0,70.05,0.1211,228.7,0.1171
2026-07-14,7530.62,2026-08-31,48.0,7735.0,68.15,0.1208,231.7,0.1164
2026-07-14,7530.62,2026-08-31,48.0,7740.0,66.4,0.1205,234.9,0.1159
2026-07-14,7530.62,2026-08-31,48.0,7745.0,64.65,0.1203,238.0,0.1152
2026-07-14,7530.62,2026-08-31,48.0,7750.0,62.9,0.12,241.55,0.115
2026-07-14,7530.62,2026-08-31,48.0,7755.0,60.9,0.1194,244.85,0.1145
2026-07-14,7530.62,2026-08-31,48.0,7760.0,59.4,0.1193,248.05,0.1137
2026-07-14,7530.62,2026-08-31,48.0,7765.0,57.55,0.1188,251.1,0.1127
2026-07-14,7530.62,2026-08-31,48.0,7770.0,56.1,0.1187,254.4,0.1119
2026-07-14,7530.62,2026-08-31,48.0,7775.0,54.4,0.1183,257.7,0.111
2026-07-14,7530.62,2026-08-31,48.0,7780.0,52.9,0.1181,261.1,0.1102
2026-07-14,7530.62,2026-08-31,48.0,7785.0,51.3,0.1177,264.85,0.1099
2026-07-14,7530.62,2026-08-31,48.0,7790.0,49.8,0.1174,267.9,0.1085
2026-07-14,7530.62,2026-08-31,48.0,7795.0,48.3,0.1171,271.45,0.1077
2026-07-14,7530.62,2026-08-31,48.0,7800.0,46.75,0.1167,274.75,0.1064
2026-07-14,7530.62,2026-08-31,48.0,7805.0,45.5,0.1166,278.85,0.1063
2026-07-14,7530.62,2026-08-31,48.0,7810.0,44.05,0.1163,282.45,0.1052
2026-07-14,7530.62,2026-08-31,48.0,7815.0,42.7,0.116,286.1,0.1042
2026-07-14,7530.62,2026-08-31,48.0,7820.0,41.3,0.1156,289.15,0.1019
2026-07-14,7530.62,2026-08-31,48.0,7825.0,40.05,0.1154,293.15,0.1011
2026-07-14,7530.62,2026-08-31,48.0,7830.0,38.75,0.1151,296.85,0.0993
2026-07-14,7530.62,2026-08-31,48.0,7835.0,37.6,0.1149,300.55,0.0973
2026-07-14,7530.62,2026-08-31,48.0,7840.0,36.4,0.1147,304.35,0.0952
2026-07-14,7530.62,2026-08-31,48.0,7845.0,35.25,0.1144,308.2,0.0916
2026-07-14,7530.62,2026-08-31,48.0,7850.0,34.05,0.1141,311.85,0.0892
2026-07-14,7530.62,2026-08-31,48.0,7855.0,33.05,0.114,315.55,0.0903
2026-07-14,7530.62,2026-08-31,48.0,7860.0,31.85,0.1136,,
2026-07-14,7530.62,2026-08-31,48.0,7865.0,30.9,0.1135,,
2026-07-14,7530.62,2026-08-31,48.0,7870.0,29.75,0.1131,,
2026-07-14,7530.62,2026-08-31,48.0,7875.0,28.8,0.1129,,
2026-07-14,7530.62,2026-08-31,48.0,7880.0,27.85,0.1128,,
2026-07-14,7530.62,2026-08-31,48.0,7885.0,26.95,0.1126,,
2026-07-14,7530.62,2026-08-31,48.0,7890.0,26.0,0.1123,,
2026-07-14,7530.62,2026-08-31,48.0,7895.0,25.1,0.1121,,
2026-07-14,7530.62,2026-08-31,48.0,7900.0,24.2,0.1119,,
2026-07-14,7530.62,2026-08-31,48.0,7905.0,23.4,0.1117,,
2026-07-14,7530.62,2026-08-31,48.0,7910.0,22.6,0.1116,,
2026-07-14,7530.62,2026-08-31,48.0,7915.0,21.75,0.1113,,
2026-07-14,7530.62,2026-08-31,48.0,7920.0,21.0,0.1111,,
2026-07-14,7530.62,2026-08-31,48.0,7925.0,20.25,0.1109,,
2026-07-14,7530.62,2026-08-31,48.0,7930.0,19.5,0.1107,,
2026-07-14,7530.62,2026-08-31,48.0,7935.0,18.8,0.1105,,
2026-07-14,7530.62,2026-08-31,48.0,7940.0,18.15,0.1104,,
2026-07-14,7530.62,2026-08-31,48.0,7945.0,17.45,0.1102,,
2026-07-14,7530.62,2026-08-31,48.0,7950.0,16.85,0.1101,,
2026-07-14,7530.62,2026-08-31,48.0,7955.0,16.25,0.1099,,
2026-07-14,7530.62,2026-08-31,48.0,7960.0,15.6,0.1097,,
2026-07-14,7530.62,2026-08-31,48.0,7965.0,15.0,0.1095,,
2026-07-14,7530.62,2026-08-31,48.0,7970.0,14.5,0.1095,,
2026-07-14,7530.62,2026-08-31,48.0,7975.0,13.9,0.1092,,
2026-07-14,7530.62,2026-08-31,48.0,7980.0,13.45,0.1092,,
2026-07-14,7530.62,2026-08-31,48.0,7985.0,12.95,0.1091,,
2026-07-14,7530.62,2026-08-31,48.0,7990.0,12.45,0.1089,,
2026-07-14,7530.62,2026-08-31,48.0,7995.0,11.95,0.1088,,
2026-07-14,7530.62,2026-08-31,48.0,8000.0,11.55,0.1088,,
2026-07-14,7530.62,2026-08-31,48.0,8005.0,11.1,0.1086,,
2026-07-14,7530.62,2026-08-31,48.0,8010.0,10.65,0.1084,,
2026-07-14,7530.62,2026-08-31,48.0,8015.0,10.3,0.1085,,
2026-07-14,7530.62,2026-08-31,48.0,8020.0,9.9,0.1084,,
2026-07-14,7530.62,2026-08-31,48.0,8025.0,9.5,0.1082,,
2026-07-14,7530.62,2026-08-31,48.0,8030.0,9.1,0.108,,
2026-07-14,7530.62,2026-08-31,48.0,8035.0,8.8,0.1081,,
2026-07-14,7530.62,2026-08-31,48.0,8040.0,8.45,0.108,,
2026-07-14,7530.62,2026-08-31,48.0,8045.0,8.15,0.108,,
2026-07-14,7530.62,2026-08-31,48.0,8050.0,7.8,0.1078,,
2026-07-14,7530.62,2026-08-31,48.0,8055.0,7.5,0.1078,,
2026-07-14,7530.62,2026-08-31,48.0,8060.0,7.25,0.1078,,
2026-07-14,7530.62,2026-08-31,48.0,8065.0,7.0,0.1079,,
2026-07-14,7530.62,2026-08-31,48.0,8070.0,6.7,0.1077,,
2026-07-14,7530.62,2026-08-31,48.0,8075.0,6.5,0.1079,,
2026-07-14,7530.62,2026-08-31,48.0,8080.0,6.25,0.1078,,
2026-07-14,7530.62,2026-08-31,48.0,8085.0,6.0,0.1078,,
2026-07-14,7530.62,2026-08-31,48.0,8090.0,5.8,0.1079,,
2026-07-14,7530.62,2026-08-31,48.0,8095.0,5.6,0.1079,,
2026-07-14,7530.62,2026-08-31,48.0,8100.0,5.35,0.1078,,
2026-07-14,7530.62,2026-08-31,48.0,8105.0,5.2,0.108,,
2026-07-14,7530.62,2026-08-31,48.0,8110.0,4.95,0.1078,,
2026-07-14,7530.62,2026-08-31,48.0,8115.0,4.8,0.1079,,
2026-07-14,7530.62,2026-08-31,48.0,8120.0,4.65,0.1081,,
2026-07-14,7530.62,2026-08-31,48.0,8125.0,4.45,0.108,,
2026-07-14,7530.62,2026-08-31,48.0,8130.0,4.35,0.1083,,
2026-07-14,7530.62,2026-08-31,48.0,8135.0,4.15,0.1081,,
2026-07-14,7530.62,2026-08-31,48.0,8140.0,4.05,0.1084,,
2026-07-14,7530.62,2026-08-31,48.0,8145.0,3.9,0.1085,,
2026-07-14,7530.62,2026-08-31,48.0,8150.0,3.75,0.1085,,
2026-07-14,7530.62,2026-08-31,48.0,8155.0,3.65,0.1087,,
2026-07-14,7530.62,2026-08-31,48.0,8160.0,3.55,0.1089,,
2026-07-14,7530.62,2026-08-31,48.0,8165.0,3.35,0.1086,,
2026-07-14,7530.62,2026-08-31,48.0,8170.0,3.25,0.1088,,
2026-07-14,7530.62,2026-08-31,48.0,8175.0,3.15,0.1089,,
2026-07-14,7530.62,2026-08-31,48.0,8180.0,3.08,0.1092,,
2026-07-14,7530.62,2026-08-31,48.0,8190.0,2.88,0.1095,,
2026-07-14,7530.62,2026-08-31,48.0,8200.0,2.7,0.1098,,
2026-07-14,7530.62,2026-08-31,48.0,8210.0,2.55,0.1102,,
2026-07-14,7530.62,2026-08-31,48.0,8220.0,2.4,0.1106,,
2026-07-14,7530.62,2026-08-31,48.0,8225.0,2.33,0.1107,,
2026-07-14,7530.62,2026-08-31,48.0,8230.0,2.25,0.1108,,
2026-07-14,7530.62,2026-08-31,48.0,8240.0,2.15,0.1115,,
2026-07-14,7530.62,2026-08-31,48.0,8250.0,2.05,0.112,,
2026-07-14,7530.62,2026-08-31,48.0,8260.0,1.92,0.1123,,
2026-07-14,7530.62,2026-08-31,48.0,8270.0,1.82,0.1128,,
2026-07-14,7530.62,2026-08-31,48.0,8275.0,1.8,0.1132,,
2026-07-14,7530.62,2026-08-31,48.0,8280.0,1.75,0.1134,,
2026-07-14,7530.62,2026-08-31,48.0,8290.0,1.65,0.1138,,
2026-07-14,7530.62,2026-08-31,48.0,8300.0,1.6,0.1146,,
2026-07-14,7530.62,2026-08-31,48.0,8310.0,1.5,0.1149,,
2026-07-14,7530.62,2026-08-31,48.0,8320.0,1.45,0.1156,,
2026-07-14,7530.62,2026-08-31,48.0,8325.0,1.4,0.1157,,
2026-07-14,7530.62,2026-08-31,48.0,8330.0,1.38,0.1161,,
2026-07-14,7530.62,2026-08-31,48.0,8340.0,1.32,0.1168,,
2026-07-14,7530.62,2026-08-31,48.0,8350.0,1.25,0.1171,,
2026-07-14,7530.62,2026-08-31,48.0,8360.0,1.2,0.1177,,
2026-07-14,7530.62,2026-08-31,48.0,8370.0,1.15,0.1183,,
2026-07-14,7530.62,2026-08-31,48.0,8375.0,1.15,0.1189,,
2026-07-14,7530.62,2026-08-31,48.0,8380.0,1.1,0.1189,,
2026-07-14,7530.62,2026-08-31,48.0,8390.0,1.07,0.1198,,
2026-07-14,7530.62,2026-08-31,48.0,8400.0,1.02,0.1203,,
2026-07-14,7530.62,2026-08-31,48.0,8410.0,1.0,0.1211,,
2026-07-14,7530.62,2026-08-31,48.0,8420.0,0.98,0.1219,,
2026-07-14,7530.62,2026-08-31,48.0,8425.0,0.95,0.1221,,
2026-07-14,7530.62,2026-08-31,48.0,8430.0,0.93,0.1223,,
2026-07-14,7530.62,2026-08-31,48.0,8440.0,0.88,0.1227,,
2026-07-14,7530.62,2026-08-31,48.0,8450.0,0.85,0.1234,,
2026-07-14,7530.62,2026-08-31,48.0,8460.0,0.82,0.1242,,
2026-07-14,7530.62,2026-08-31,48.0,8470.0,0.8,0.1249,,
2026-07-14,7530.62,2026-08-31,48.0,8475.0,0.8,0.1254,,
2026-07-14,7530.62,2026-08-31,48.0,8480.0,0.8,0.126,,
2026-07-14,7530.62,2026-08-31,48.0,8490.0,0.75,0.1262,,
2026-07-14,7530.62,2026-08-31,48.0,8500.0,0.73,0.1269,,
2026-07-14,7530.62,2026-08-31,48.0,8510.0,0.7,0.1275,,
2026-07-14,7530.62,2026-08-31,48.0,8520.0,0.7,0.1286,,
2026-07-14,7530.62,2026-08-31,48.0,8530.0,0.65,0.1287,,
2026-07-14,7530.62,2026-08-31,48.0,8540.0,0.65,0.1298,,
2026-07-14,7530.62,2026-08-31,48.0,8550.0,0.6,0.1298,,
2026-07-14,7530.62,2026-08-31,48.0,8600.0,0.53,0.1334,,
2026-07-14,7530.62,2026-09-04,52.0,5700.0,1867.75,0.249,6.4,0.3648
2026-07-14,7530.62,2026-09-04,52.0,5800.0,1769.0,0.2706,7.2,0.3516
2026-07-14,7530.62,2026-09-04,52.0,5900.0,1670.6,0.2783,8.0,0.3377
2026-07-14,7530.62,2026-09-04,52.0,6000.0,1573.95,0.2945,8.95,0.3241
2026-07-14,7530.62,2026-09-04,52.0,6050.0,1523.95,0.2831,9.5,0.3175
2026-07-14,7530.62,2026-09-04,52.0,6100.0,1474.0,0.2721,10.05,0.3107
2026-07-14,7530.62,2026-09-04,52.0,6150.0,1426.45,0.2802,10.7,0.3041
2026-07-14,7530.62,2026-09-04,52.0,6200.0,1375.75,0.2641,11.4,0.2976
2026-07-14,7530.62,2026-09-04,52.0,6250.0,1328.35,0.27,12.2,0.2912
2026-07-14,7530.62,2026-09-04,52.0,6300.0,1278.7,0.261,13.0,0.2846
2026-07-14,7530.62,2026-09-04,52.0,6350.0,1231.15,0.2626,13.9,0.2781
2026-07-14,7530.62,2026-09-04,52.0,6400.0,1182.45,0.2575,14.9,0.2717
2026-07-14,7530.62,2026-09-04,52.0,6450.0,1132.1,0.245,16.05,0.2655
2026-07-14,7530.62,2026-09-04,52.0,6500.0,1084.4,0.2435,17.3,0.2593
2026-07-14,7530.62,2026-09-04,52.0,6550.0,1035.85,0.2378,18.65,0.253
2026-07-14,7530.62,2026-09-04,52.0,6600.0,989.45,0.2385,20.2,0.2469
2026-07-14,7530.62,2026-09-04,52.0,6650.0,939.55,0.2277,21.95,0.2409
2026-07-14,7530.62,2026-09-04,52.0,6700.0,892.8,0.2256,23.85,0.2348
2026-07-14,7530.62,2026-09-04,52.0,6750.0,844.85,0.2194,26.05,0.2289
2026-07-14,7530.62,2026-09-04,52.0,6800.0,798.3,0.216,28.5,0.2231
2026-07-14,7530.62,2026-09-04,52.0,6850.0,751.45,0.211,31.3,0.2173
2026-07-14,7530.62,2026-09-04,52.0,6900.0,704.6,0.2053,34.45,0.2116
2026-07-14,7530.62,2026-09-04,52.0,6925.0,681.25,0.2024,36.15,0.2087
2026-07-14,7530.62,2026-09-04,52.0,6950.0,658.35,0.2001,37.95,0.2058
2026-07-14,7530.62,2026-09-04,52.0,6975.0,635.4,0.1975,39.95,0.2031
2026-07-14,7530.62,2026-09-04,52.0,6990.0,621.85,0.1962,41.15,0.2013
2026-07-14,7530.62,2026-09-04,52.0,7000.0,612.7,0.1951,42.0,0.2002
2026-07-14,7530.62,2026-09-04,52.0,7025.0,590.15,0.1927,44.2,0.1974
2026-07-14,7530.62,2026-09-04,52.0,7050.0,567.7,0.1902,46.6,0.1946
2026-07-14,7530.62,2026-09-04,52.0,7075.0,545.3,0.1875,49.1,0.1918
2026-07-14,7530.62,2026-09-04,52.0,7100.0,523.4,0.1854,51.75,0.189
2026-07-14,7530.62,2026-09-04,52.0,7125.0,501.85,0.1834,54.65,0.1863
2026-07-14,7530.62,2026-09-04,52.0,7150.0,479.85,0.1806,57.7,0.1835
2026-07-14,7530.62,2026-09-04,52.0,7175.0,458.2,0.1779,60.9,0.1807
2026-07-14,7530.62,2026-09-04,52.0,7200.0,436.7,0.1752,64.4,0.1779
2026-07-14,7530.62,2026-09-04,52.0,7225.0,415.5,0.1726,68.3,0.1754
2026-07-14,7530.62,2026-09-04,52.0,7250.0,394.9,0.1703,72.15,0.1725
2026-07-14,7530.62,2026-09-04,52.0,7275.0,374.2,0.1677,76.5,0.1698
2026-07-14,7530.62,2026-09-04,52.0,7300.0,353.8,0.165,80.9,0.1669
2026-07-14,7530.62,2026-09-04,52.0,7325.0,334.25,0.1629,85.7,0.1641
2026-07-14,7530.62,2026-09-04,52.0,7350.0,314.75,0.1605,91.0,0.1615
2026-07-14,7530.62,2026-09-04,52.0,7360.0,307.4,0.1599,93.15,0.1604
2026-07-14,7530.62,2026-09-04,52.0,7370.0,299.95,0.1591,95.6,0.1595
2026-07-14,7530.62,2026-09-04,52.0,7375.0,296.15,0.1586,96.55,0.1587
2026-07-14,7530.62,2026-09-04,52.0,7380.0,290.85,0.1567,97.75,0.1582
2026-07-14,7530.62,2026-09-04,52.0,7390.0,284.5,0.1568,100.05,0.1571
2026-07-14,7530.62,2026-09-04,52.0,7400.0,277.05,0.1559,102.65,0.1561
2026-07-14,7530.62,2026-09-04,52.0,7410.0,268.35,0.1537,105.15,0.155
2026-07-14,7530.62,2026-09-04,52.0,7420.0,261.15,0.1528,107.7,0.1539
2026-07-14,7530.62,2026-09-04,52.0,7425.0,257.4,0.1522,109.1,0.1535
2026-07-14,7530.62,2026-09-04,52.0,7430.0,255.0,0.1529,110.4,0.1529
2026-07-14,7530.62,2026-09-04,52.0,7440.0,246.45,0.1506,113.0,0.1517
2026-07-14,7530.62,2026-09-04,52.0,7450.0,239.4,0.1497,115.75,0.1506
2026-07-14,7530.62,2026-09-04,52.0,7460.0,233.6,0.1499,118.55,0.1494
2026-07-14,7530.62,2026-09-04,52.0,7470.0,225.4,0.1478,121.65,0.1485
2026-07-14,7530.62,2026-09-04,52.0,7475.0,221.8,0.1472,123.15,0.1479
2026-07-14,7530.62,2026-09-04,52.0,7480.0,219.5,0.1477,124.8,0.1475
2026-07-14,7530.62,2026-09-04,52.0,7490.0,212.55,0.1466,127.95,0.1464
2026-07-14,7530.62,2026-09-04,52.0,7500.0,204.9,0.1448,130.95,0.1452
2026-07-14,7530.62,2026-09-04,52.0,7510.0,198.15,0.1438,134.2,0.144
2026-07-14,7530.62,2026-09-04,52.0,7520.0,191.9,0.1431,137.85,0.1432
2026-07-14,7530.62,2026-09-04,52.0,7525.0,188.5,0.1424,139.4,0.1425
2026-07-14,7530.62,2026-09-04,52.0,7530.0,185.3,0.142,141.1,0.1419
2026-07-14,7530.62,2026-09-04,52.0,7540.0,178.9,0.141,144.75,0.1409
2026-07-14,7530.62,2026-09-04,52.0,7550.0,172.65,0.14,148.65,0.14
2026-07-14,7530.62,2026-09-04,52.0,7560.0,166.65,0.1392,152.15,0.1386
2026-07-14,7530.62,2026-09-04,52.0,7570.0,160.55,0.1383,156.05,0.1376
2026-07-14,7530.62,2026-09-04,52.0,7575.0,157.6,0.1378,158.25,0.1372
2026-07-14,7530.62,2026-09-04,52.0,7600.0,143.15,0.1356,168.5,0.1345
2026-07-14,7530.62,2026-09-04,52.0,7625.0,129.5,0.1335,179.75,0.1319
2026-07-14,7530.62,2026-09-04,52.0,7650.0,116.45,0.1314,191.65,0.1293
2026-07-14,7530.62,2026-09-04,52.0,7675.0,104.2,0.1293,203.1,0.1255
2026-07-14,7530.62,2026-09-04,52.0,7700.0,92.85,0.1274,216.8,0.123
2026-07-14,7530.62,2026-09-04,52.0,7725.0,82.35,0.1257,230.8,0.1198
2026-07-14,7530.62,2026-09-04,52.0,7750.0,72.65,0.124,246.05,0.1169
2026-07-14,7530.62,2026-09-04,52.0,7775.0,63.6,0.1223,263.3,0.115
2026-07-14,7530.62,2026-09-04,52.0,7800.0,55.6,0.1209,279.95,0.1111
2026-07-14,7530.62,2026-09-04,52.0,7850.0,41.7,0.1182,315.6,0.0986
2026-07-14,7530.62,2026-09-04,52.0,7900.0,30.7,0.116,,
2026-07-14,7530.62,2026-09-04,52.0,7950.0,22.05,0.1139,,
2026-07-14,7530.62,2026-09-04,52.0,8000.0,15.7,0.1125,,
2026-07-14,7530.62,2026-09-04,52.0,8050.0,10.95,0.1113,,
2026-07-14,7530.62,2026-09-04,52.0,8100.0,7.65,0.1107,,
2026-07-14,7530.62,2026-09-04,52.0,8150.0,5.4,0.1108,,
2026-07-14,7530.62,2026-09-04,52.0,8200.0,3.9,0.1116,,
2026-07-14,7530.62,2026-09-04,52.0,8250.0,2.88,0.1129,,
2026-07-14,7530.62,2026-09-04,52.0,8300.0,2.2,0.1148,,
2026-07-14,7530.62,2026-09-04,52.0,8400.0,1.4,0.1198,,
2026-07-14,7530.62,2026-09-04,52.0,8600.0,0.7,0.1318,,
2026-07-14,7530.62,2026-09-18,66.0,5650.0,1926.15,0.2611,8.8,0.3507
2026-07-14,7530.62,2026-09-18,66.0,5660.0,1916.3,0.2621,8.9,0.3495
2026-07-14,7530.62,2026-09-18,66.0,5670.0,1906.5,0.2643,9.0,0.3483
2026-07-14,7530.62,2026-09-18,66.0,5675.0,1901.3,0.257,9.05,0.3477
2026-07-14,7530.62,2026-09-18,66.0,5680.0,1896.75,0.2674,9.1,0.3471
2026-07-14,7530.62,2026-09-18,66.0,5690.0,1886.9,0.2678,9.15,0.3456
2026-07-14,7530.62,2026-09-18,66.0,5700.0,1877.1,0.2691,9.25,0.3444
2026-07-14,7530.62,2026-09-18,66.0,5710.0,1867.2,0.2683,9.35,0.3432
2026-07-14,7530.62,2026-09-18,66.0,5720.0,1857.35,0.2685,9.45,0.342
2026-07-14,7530.62,2026-09-18,66.0,5725.0,1852.6,0.2717,9.55,0.3416
2026-07-14,7530.62,2026-09-18,66.0,5730.0,1847.6,0.2703,9.55,0.3407
2026-07-14,7530.62,2026-09-18,66.0,5740.0,1837.3,0.2618,9.65,0.3395
2026-07-14,7530.62,2026-09-18,66.0,5750.0,1828.0,0.2718,9.75,0.3383
2026-07-14,7530.62,2026-09-18,66.0,5760.0,1818.05,0.27,9.85,0.337
2026-07-14,7530.62,2026-09-18,66.0,5770.0,1808.25,0.2706,9.95,0.3357
2026-07-14,7530.62,2026-09-18,66.0,5775.0,1803.5,0.273,10.05,0.3354
2026-07-14,7530.62,2026-09-18,66.0,5780.0,1798.1,0.2656,10.05,0.3345
2026-07-14,7530.62,2026-09-18,66.0,5790.0,1788.7,0.2721,10.2,0.3335
2026-07-14,7530.62,2026-09-18,66.0,5800.0,1778.75,0.2703,10.35,0.3325
2026-07-14,7530.62,2026-09-18,66.0,5810.0,1769.1,0.2725,10.45,0.3312
2026-07-14,7530.62,2026-09-18,66.0,5820.0,1758.85,0.2667,10.55,0.3299
2026-07-14,7530.62,2026-09-18,66.0,5825.0,1753.9,0.2662,10.55,0.329
2026-07-14,7530.62,2026-09-18,66.0,5830.0,1749.4,0.2714,10.65,0.3286
2026-07-14,7530.62,2026-09-18,66.0,5840.0,1739.6,0.2714,10.75,0.3273
2026-07-14,7530.62,2026-09-18,66.0,5850.0,1729.8,0.2714,10.85,0.326
2026-07-14,7530.62,2026-09-18,66.0,5860.0,1720.0,0.2713,10.95,0.3247
2026-07-14,7530.62,2026-09-18,66.0,5870.0,1709.8,0.2667,11.15,0.3239
2026-07-14,7530.62,2026-09-18,66.0,5875.0,1704.9,0.2667,11.15,0.323
2026-07-14,7530.62,2026-09-18,66.0,5880.0,1700.4,0.271,11.25,0.3225
2026-07-14,7530.62,2026-09-18,66.0,5890.0,1690.65,0.2712,11.35,0.3212
2026-07-14,7530.62,2026-09-18,66.0,5900.0,1680.75,0.2699,11.45,0.3199
2026-07-14,7530.62,2026-09-18,66.0,5910.0,1671.15,0.2715,11.6,0.3188
2026-07-14,7530.62,2026-09-18,66.0,5920.0,1661.35,0.2711,11.75,0.3177
2026-07-14,7530.62,2026-09-18,66.0,5925.0,1656.0,0.2667,11.8,0.317
2026-07-14,7530.62,2026-09-18,66.0,5930.0,1651.55,0.2707,11.85,0.3163
2026-07-14,7530.62,2026-09-18,66.0,5940.0,1641.35,0.2667,12.0,0.3152
2026-07-14,7530.62,2026-09-18,66.0,5950.0,1631.55,0.2663,12.15,0.314
2026-07-14,7530.62,2026-09-18,66.0,5960.0,1621.75,0.2658,12.25,0.3127
2026-07-14,7530.62,2026-09-18,66.0,5970.0,1612.35,0.2686,12.4,0.3115
2026-07-14,7530.62,2026-09-18,66.0,5975.0,1607.55,0.2691,12.5,0.311
2026-07-14,7530.62,2026-09-18,66.0,5980.0,1602.15,0.2648,12.55,0.3103
2026-07-14,7530.62,2026-09-18,66.0,5990.0,1592.7,0.2671,12.7,0.3092
2026-07-14,7530.62,2026-09-18,66.0,6000.0,1582.6,0.2641,12.85,0.308
2026-07-14,7530.62,2026-09-18,66.0,6010.0,1573.2,0.2665,13.0,0.3068
2026-07-14,7530.62,2026-09-18,66.0,6020.0,1563.5,0.2665,13.15,0.3056
2026-07-14,7530.62,2026-09-18,66.0,6025.0,1558.25,0.2637,13.2,0.3049
2026-07-14,7530.62,2026-09-18,66.0,6030.0,1553.6,0.2651,13.3,0.3044
2026-07-14,7530.62,2026-09-18,66.0,6040.0,1543.65,0.2633,13.45,0.3032
2026-07-14,7530.62,2026-09-18,66.0,6050.0,1533.85,0.2626,13.6,0.302
2026-07-14,7530.62,2026-09-18,66.0,6060.0,1524.3,0.2635,13.75,0.3007
2026-07-14,7530.62,2026-09-18,66.0,6070.0,1514.2,0.2608,13.95,0.2997
2026-07-14,7530.62,2026-09-18,66.0,6075.0,1509.75,0.2633,14.0,0.299
2026-07-14,7530.62,2026-09-18,66.0,6080.0,1504.5,0.2606,14.1,0.2985
2026-07-14,7530.62,2026-09-18,66.0,6090.0,1494.75,0.2601,14.25,0.2972
2026-07-14,7530.62,2026-09-18,66.0,6100.0,1485.35,0.2617,14.45,0.2961
2026-07-14,7530.62,2026-09-18,66.0,6110.0,1475.25,0.259,14.6,0.2949
2026-07-14,7530.62,2026-09-18,66.0,6120.0,1465.9,0.2608,14.75,0.2936
2026-07-14,7530.62,2026-09-18,66.0,6125.0,1461.1,0.2609,14.85,0.293
2026-07-14,7530.62,2026-09-18,66.0,6130.0,1456.2,0.2604,14.95,0.2925
2026-07-14,7530.62,2026-09-18,66.0,6140.0,1446.0,0.2572,15.15,0.2914
2026-07-14,7530.62,2026-09-18,66.0,6150.0,1436.75,0.2593,15.35,0.2903
2026-07-14,7530.62,2026-09-18,66.0,6160.0,1427.0,0.2585,15.5,0.289
2026-07-14,7530.62,2026-09-18,66.0,6170.0,1417.3,0.258,15.7,0.2878
2026-07-14,7530.62,2026-09-18,66.0,6175.0,1412.4,0.2575,15.8,0.2872
2026-07-14,7530.62,2026-09-18,66.0,6180.0,1407.6,0.2575,15.9,0.2867
2026-07-14,7530.62,2026-09-18,66.0,6190.0,1397.35,0.2542,16.1,0.2855
2026-07-14,7530.62,2026-09-18,66.0,6200.0,1388.15,0.2561,16.3,0.2843
2026-07-14,7530.62,2026-09-18,66.0,6210.0,1378.6,0.2562,16.5,0.2832
2026-07-14,7530.62,2026-09-18,66.0,6220.0,1368.55,0.2539,16.7,0.282
2026-07-14,7530.62,2026-09-18,66.0,6225.0,1364.0,0.255,16.85,0.2816
2026-07-14,7530.62,2026-09-18,66.0,6230.0,1358.75,0.2528,16.9,0.2808
2026-07-14,7530.62,2026-09-18,66.0,6240.0,1349.9,0.256,17.15,0.2797
2026-07-14,7530.62,2026-09-18,66.0,6250.0,1339.6,0.2526,17.35,0.2785
2026-07-14,7530.62,2026-09-18,66.0,6260.0,1329.75,0.2512,17.6,0.2775
2026-07-14,7530.62,2026-09-18,66.0,6270.0,1320.05,0.2505,17.8,0.2762
2026-07-14,7530.62,2026-09-18,66.0,6275.0,1315.1,0.2497,17.95,0.2758
2026-07-14,7530.62,2026-09-18,66.0,6280.0,1310.7,0.2512,18.05,0.2751
2026-07-14,7530.62,2026-09-18,66.0,6290.0,1301.0,0.2504,18.3,0.274
2026-07-14,7530.62,2026-09-18,66.0,6300.0,1291.15,0.2489,18.55,0.2729
2026-07-14,7530.62,2026-09-18,66.0,6310.0,1281.55,0.2485,18.75,0.2716
2026-07-14,7530.62,2026-09-18,66.0,6320.0,1271.9,0.2478,19.0,0.2705
2026-07-14,7530.62,2026-09-18,66.0,6325.0,1267.05,0.2474,19.15,0.27
2026-07-14,7530.62,2026-09-18,66.0,6330.0,1262.7,0.2488,19.25,0.2693
2026-07-14,7530.62,2026-09-18,66.0,6340.0,1252.55,0.2462,19.5,0.2682
2026-07-14,7530.62,2026-09-18,66.0,6350.0,1242.8,0.2451,19.8,0.2672
2026-07-14,7530.62,2026-09-18,66.0,6360.0,1233.0,0.2438,20.05,0.266
2026-07-14,7530.62,2026-09-18,66.0,6370.0,1223.25,0.2427,20.35,0.2649
2026-07-14,7530.62,2026-09-18,66.0,6375.0,1218.8,0.2436,20.45,0.2643
2026-07-14,7530.62,2026-09-18,66.0,6380.0,1213.6,0.2419,20.6,0.2637
2026-07-14,7530.62,2026-09-18,66.0,6390.0,1204.35,0.2425,20.9,0.2626
2026-07-14,7530.62,2026-09-18,66.0,6400.0,1194.6,0.2413,21.2,0.2615
2026-07-14,7530.62,2026-09-18,66.0,6410.0,1185.05,0.2408,21.5,0.2604
2026-07-14,7530.62,2026-09-18,66.0,6420.0,1175.15,0.2391,21.8,0.2593
2026-07-14,7530.62,2026-09-18,66.0,6425.0,1170.7,0.2399,21.95,0.2588
2026-07-14,7530.62,2026-09-18,66.0,6430.0,1165.9,0.2395,22.1,0.2582
2026-07-14,7530.62,2026-09-18,66.0,6440.0,1156.3,0.2387,22.4,0.257
2026-07-14,7530.62,2026-09-18,66.0,6450.0,1146.6,0.2376,22.7,0.2559
2026-07-14,7530.62,2026-09-18,66.0,6460.0,1137.1,0.2371,23.05,0.2548
2026-07-14,7530.62,2026-09-18,66.0,6470.0,1127.5,0.2362,23.4,0.2538
2026-07-14,7530.62,2026-09-18,66.0,6475.0,1122.3,0.2346,23.55,0.2532
2026-07-14,7530.62,2026-09-18,66.0,6480.0,1117.9,0.2354,23.7,0.2526
2026-07-14,7530.62,2026-09-18,66.0,6490.0,1108.3,0.2345,24.05,0.2515
2026-07-14,7530.62,2026-09-18,66.0,6500.0,1098.45,0.2329,24.4,0.2504
2026-07-14,7530.62,2026-09-18,66.0,6510.0,1089.15,0.2328,24.8,0.2494
2026-07-14,7530.62,2026-09-18,66.0,6520.0,1079.25,0.2311,25.1,0.2481
2026-07-14,7530.62,2026-09-18,66.0,6525.0,1074.5,0.2307,25.3,0.2476
2026-07-14,7530.62,2026-09-18,66.0,6530.0,1070.05,0.2312,25.5,0.2471
2026-07-14,7530.62,2026-09-18,66.0,6540.0,1060.15,0.2294,25.9,0.2461
2026-07-14,7530.62,2026-09-18,66.0,6550.0,1050.95,0.2295,26.3,0.245
2026-07-14,7530.62,2026-09-18,66.0,6560.0,1041.05,0.2277,26.7,0.2439
2026-07-14,7530.62,2026-09-18,66.0,6570.0,1031.7,0.2273,27.1,0.2428
2026-07-14,7530.62,2026-09-18,66.0,6575.0,1026.85,0.2267,27.3,0.2423
2026-07-14,7530.62,2026-09-18,66.0,6580.0,1022.05,0.2261,27.5,0.2417
2026-07-14,7530.62,2026-09-18,66.0,6590.0,1012.55,0.2253,27.9,0.2406
2026-07-14,7530.62,2026-09-18,66.0,6600.0,1003.25,0.225,28.3,0.2394
2026-07-14,7530.62,2026-09-18,66.0,6610.0,993.95,0.2246,28.8,0.2385
2026-07-14,7530.62,2026-09-18,66.0,6620.0,984.45,0.2237,29.2,0.2373
2026-07-14,7530.62,2026-09-18,66.0,6625.0,979.4,0.2225,29.45,0.2368
2026-07-14,7530.62,2026-09-18,66.0,6630.0,974.9,0.2226,29.7,0.2363
2026-07-14,7530.62,2026-09-18,66.0,6640.0,965.55,0.222,30.1,0.2351
2026-07-14,7530.62,2026-09-18,66.0,6650.0,955.95,0.2208,30.6,0.2341
2026-07-14,7530.62,2026-09-18,66.0,6660.0,946.2,0.2193,31.1,0.2331
2026-07-14,7530.62,2026-09-18,66.0,6670.0,936.8,0.2185,31.6,0.232
2026-07-14,7530.62,2026-09-18,66.0,6675.0,932.25,0.2185,31.8,0.2314
2026-07-14,7530.62,2026-09-18,66.0,6680.0,927.4,0.2177,32.1,0.231
2026-07-14,7530.62,2026-09-18,66.0,6690.0,918.05,0.217,32.6,0.2299
2026-07-14,7530.62,2026-09-18,66.0,6700.0,908.55,0.216,33.1,0.2288
2026-07-14,7530.62,2026-09-18,66.0,6710.0,899.5,0.2158,33.65,0.2277
2026-07-14,7530.62,2026-09-18,66.0,6720.0,889.8,0.2143,34.2,0.2267
2026-07-14,7530.62,2026-09-18,66.0,6725.0,885.5,0.2146,34.45,0.2261
2026-07-14,7530.62,2026-09-18,66.0,6730.0,880.75,0.2141,34.75,0.2256
2026-07-14,7530.62,2026-09-18,66.0,6740.0,871.4,0.2132,35.3,0.2245
2026-07-14,7530.62,2026-09-18,66.0,6750.0,861.7,0.2117,35.9,0.2235
2026-07-14,7530.62,2026-09-18,66.0,6760.0,852.75,0.2115,36.45,0.2223
2026-07-14,7530.62,2026-09-18,66.0,6770.0,843.1,0.21,37.05,0.2213
2026-07-14,7530.62,2026-09-18,66.0,6775.0,838.75,0.2102,37.4,0.2208
2026-07-14,7530.62,2026-09-18,66.0,6780.0,833.75,0.2091,37.7,0.2203
2026-07-14,7530.62,2026-09-18,66.0,6790.0,824.5,0.2083,38.35,0.2193
2026-07-14,7530.62,2026-09-18,66.0,6800.0,815.3,0.2076,38.95,0.2181
2026-07-14,7530.62,2026-09-18,66.0,6810.0,806.1,0.2068,39.65,0.2172
2026-07-14,7530.62,2026-09-18,66.0,6820.0,797.0,0.2062,40.25,0.216
2026-07-14,7530.62,2026-09-18,66.0,6825.0,792.1,0.2053,40.65,0.2156
2026-07-14,7530.62,2026-09-18,66.0,6830.0,787.45,0.2048,40.95,0.215
2026-07-14,7530.62,2026-09-18,66.0,6840.0,778.25,0.204,41.65,0.2139
2026-07-14,7530.62,2026-09-18,66.0,6850.0,769.0,0.203,42.35,0.2129
2026-07-14,7530.62,2026-09-18,66.0,6860.0,759.85,0.2022,43.15,0.2119
2026-07-14,7530.62,2026-09-18,66.0,6870.0,750.9,0.2017,43.85,0.2108
2026-07-14,7530.62,2026-09-18,66.0,6875.0,746.35,0.2013,44.25,0.2103
2026-07-14,7530.62,2026-09-18,66.0,6880.0,741.55,0.2005,44.65,0.2098
2026-07-14,7530.62,2026-09-18,66.0,6890.0,732.3,0.1995,45.45,0.2088
2026-07-14,7530.62,2026-09-18,66.0,6900.0,723.3,0.1988,46.2,0.2077
2026-07-14,7530.62,2026-09-18,66.0,6910.0,714.35,0.1982,47.0,0.2066
2026-07-14,7530.62,2026-09-18,66.0,6920.0,705.05,0.197,47.85,0.2056
2026-07-14,7530.62,2026-09-18,66.0,6925.0,700.7,0.1968,48.25,0.2051
2026-07-14,7530.62,2026-09-18,66.0,6930.0,696.0,0.1961,48.7,0.2046
2026-07-14,7530.62,2026-09-18,66.0,6940.0,686.9,0.1952,49.55,0.2035
2026-07-14,7530.62,2026-09-18,66.0,6950.0,677.85,0.1942,50.45,0.2025
2026-07-14,7530.62,2026-09-18,66.0,6960.0,668.8,0.1933,51.35,0.2015
2026-07-14,7530.62,2026-09-18,66.0,6970.0,660.15,0.1929,52.3,0.2005
2026-07-14,7530.62,2026-09-18,66.0,6975.0,655.35,0.192,52.8,0.2
2026-07-14,7530.62,2026-09-18,66.0,6980.0,650.9,0.1916,53.25,0.1994
2026-07-14,7530.62,2026-09-18,66.0,6990.0,641.95,0.1908,54.2,0.1984
2026-07-14,7530.62,2026-09-18,66.0,6995.0,637.7,0.1906,54.7,0.1979
2026-07-14,7530.62,2026-09-18,66.0,7000.0,633.05,0.1899,55.2,0.1974
2026-07-14,7530.62,2026-09-18,66.0,7005.0,628.75,0.1897,55.75,0.1969
2026-07-14,7530.62,2026-09-18,66.0,7010.0,624.1,0.189,56.25,0.1964
2026-07-14,7530.62,2026-09-18,66.0,7015.0,619.6,0.1884,56.75,0.1959
2026-07-14,7530.62,2026-09-18,66.0,7020.0,615.15,0.188,57.25,0.1953
2026-07-14,7530.62,2026-09-18,66.0,7025.0,610.75,0.1876,57.75,0.1948
2026-07-14,7530.62,2026-09-18,66.0,7030.0,606.35,0.1872,58.3,0.1943
2026-07-14,7530.62,2026-09-18,66.0,7035.0,601.85,0.1866,58.8,0.1937
2026-07-14,7530.62,2026-09-18,66.0,7040.0,597.45,0.1862,59.35,0.1932
2026-07-14,7530.62,2026-09-18,66.0,7045.0,593.0,0.1857,59.95,0.1928
2026-07-14,7530.62,2026-09-18,66.0,7050.0,588.55,0.1852,60.45,0.1922
2026-07-14,7530.62,2026-09-18,66.0,7055.0,584.3,0.1849,61.05,0.1917
2026-07-14,7530.62,2026-09-18,66.0,7060.0,579.85,0.1844,61.65,0.1912
2026-07-14,7530.62,2026-09-18,66.0,7065.0,575.6,0.1841,62.2,0.1907
2026-07-14,7530.62,2026-09-18,66.0,7070.0,571.1,0.1835,62.75,0.1901
2026-07-14,7530.62,2026-09-18,66.0,7075.0,566.8,0.1832,63.35,0.1896
2026-07-14,7530.62,2026-09-18,66.0,7080.0,562.4,0.1827,63.95,0.1891
2026-07-14,7530.62,2026-09-18,66.0,7085.0,558.25,0.1825,64.55,0.1886
2026-07-14,7530.62,2026-09-18,66.0,7090.0,553.7,0.1818,65.15,0.1881
2026-07-14,7530.62,2026-09-18,66.0,7095.0,549.5,0.1815,65.75,0.1876
2026-07-14,7530.62,2026-09-18,66.0,7100.0,544.9,0.1808,66.4,0.1871
2026-07-14,7530.62,2026-09-18,66.0,7105.0,540.65,0.1804,67.05,0.1866
2026-07-14,7530.62,2026-09-18,66.0,7110.0,536.4,0.18,67.65,0.1861
2026-07-14,7530.62,2026-09-18,66.0,7115.0,531.85,0.1793,68.35,0.1856
2026-07-14,7530.62,2026-09-18,66.0,7120.0,527.8,0.1792,68.95,0.185
2026-07-14,7530.62,2026-09-18,66.0,7125.0,523.45,0.1787,69.65,0.1846
2026-07-14,7530.62,2026-09-18,66.0,7130.0,519.15,0.1782,70.35,0.1841
2026-07-14,7530.62,2026-09-18,66.0,7135.0,514.85,0.1777,71.0,0.1836
2026-07-14,7530.62,2026-09-18,66.0,7140.0,510.45,0.1772,71.65,0.183
2026-07-14,7530.62,2026-09-18,66.0,7145.0,506.25,0.1768,72.35,0.1825
2026-07-14,7530.62,2026-09-18,66.0,7150.0,501.95,0.1763,73.05,0.182
2026-07-14,7530.62,2026-09-18,66.0,7155.0,497.75,0.1759,73.75,0.1815
2026-07-14,7530.62,2026-09-18,66.0,7160.0,493.55,0.1755,74.5,0.181
2026-07-14,7530.62,2026-09-18,66.0,7165.0,489.35,0.1751,75.25,0.1806
2026-07-14,7530.62,2026-09-18,66.0,7170.0,485.15,0.1747,75.95,0.18
2026-07-14,7530.62,2026-09-18,66.0,7175.0,480.95,0.1742,76.65,0.1795
2026-07-14,7530.62,2026-09-18,66.0,7180.0,476.65,0.1737,77.45,0.179
2026-07-14,7530.62,2026-09-18,66.0,7185.0,472.55,0.1733,78.2,0.1785
2026-07-14,7530.62,2026-09-18,66.0,7190.0,468.0,0.1725,78.95,0.178
2026-07-14,7530.62,2026-09-18,66.0,7195.0,464.15,0.1724,79.75,0.1775
2026-07-14,7530.62,2026-09-18,66.0,7200.0,459.8,0.1718,80.5,0.1769
2026-07-14,7530.62,2026-09-18,66.0,7205.0,455.7,0.1714,81.35,0.1765
2026-07-14,7530.62,2026-09-18,66.0,7210.0,451.65,0.1711,82.15,0.176
2026-07-14,7530.62,2026-09-18,66.0,7215.0,447.3,0.1704,82.95,0.1755
2026-07-14,7530.62,2026-09-18,66.0,7220.0,443.3,0.1701,83.75,0.1749
2026-07-14,7530.62,2026-09-18,66.0,7225.0,439.15,0.1696,84.6,0.1744
2026-07-14,7530.62,2026-09-18,66.0,7230.0,435.1,0.1692,85.45,0.1739
2026-07-14,7530.62,2026-09-18,66.0,7235.0,430.9,0.1687,86.3,0.1734
2026-07-14,7530.62,2026-09-18,66.0,7240.0,426.9,0.1683,87.15,0.1729
2026-07-14,7530.62,2026-09-18,66.0,7245.0,422.6,0.1677,88.05,0.1724
2026-07-14,7530.62,2026-09-30,78.0,5650.0,1933.6,0.2552,11.65,0.339
2026-07-14,7530.62,2026-09-30,78.0,5675.0,1909.2,0.2589,11.95,0.3362
2026-07-14,7530.62,2026-09-30,78.0,5700.0,1885.35,0.2686,12.25,0.3332
2026-07-14,7530.62,2026-09-30,78.0,5725.0,1859.75,0.2543,12.55,0.3303
2026-07-14,7530.62,2026-09-30,78.0,5750.0,1836.0,0.2642,12.85,0.3273
2026-07-14,7530.62,2026-09-30,78.0,5775.0,1810.7,0.2548,13.15,0.3243
2026-07-14,7530.62,2026-09-30,78.0,5780.0,1805.6,0.2523,13.25,0.3239
2026-07-14,7530.62,2026-09-30,78.0,5790.0,1796.55,0.2609,13.35,0.3226
2026-07-14,7530.62,2026-09-30,78.0,5800.0,1785.25,0.2424,13.55,0.3217
2026-07-14,7530.62,2026-09-30,78.0,5805.0,1781.9,0.261,13.6,0.321
2026-07-14,7530.62,2026-09-30,78.0,5810.0,1777.4,0.2647,13.65,0.3204
2026-07-14,7530.62,2026-09-30,78.0,5815.0,1772.6,0.2654,13.75,0.3199
2026-07-14,7530.62,2026-09-30,78.0,5820.0,1767.05,0.2591,13.85,0.3195
2026-07-14,7530.62,2026-09-30,78.0,5825.0,1763.15,0.2679,13.85,0.3186
2026-07-14,7530.62,2026-09-30,78.0,5830.0,1757.0,0.2564,13.95,0.3181
2026-07-14,7530.62,2026-09-30,78.0,5835.0,1752.55,0.2605,14.05,0.3177
2026-07-14,7530.62,2026-09-30,78.0,5840.0,1747.9,0.2625,14.15,0.3172
2026-07-14,7530.62,2026-09-30,78.0,5845.0,1742.95,0.2619,14.2,0.3165
2026-07-14,7530.62,2026-09-30,78.0,5850.0,1738.1,0.262,14.25,0.3159
2026-07-14,7530.62,2026-09-30,78.0,5855.0,1731.7,0.2476,14.35,0.3154
2026-07-14,7530.62,2026-09-30,78.0,5860.0,1726.65,0.2459,14.4,0.3147
2026-07-14,7530.62,2026-09-30,78.0,5865.0,1723.25,0.26,14.45,0.3141
2026-07-14,7530.62,2026-09-30,78.0,5870.0,1718.25,0.259,14.55,0.3136
2026-07-14,7530.62,2026-09-30,78.0,5875.0,1713.45,0.2595,14.65,0.3131
2026-07-14,7530.62,2026-09-30,78.0,5880.0,1708.65,0.2601,14.75,0.3126
2026-07-14,7530.62,2026-09-30,78.0,5885.0,1703.75,0.2598,14.8,0.312
2026-07-14,7530.62,2026-09-30,78.0,5890.0,1699.25,0.2625,14.85,0.3113
2026-07-14,7530.62,2026-09-30,78.0,5895.0,1694.05,0.26,14.95,0.3108
2026-07-14,7530.62,2026-09-30,78.0,5900.0,1690.05,0.2661,15.05,0.3103
2026-07-14,7530.62,2026-09-30,78.0,5905.0,1684.2,0.259,15.15,0.3098
2026-07-14,7530.62,2026-09-30,78.0,5910.0,1680.0,0.2637,15.2,0.3091
2026-07-14,7530.62,2026-09-30,78.0,5915.0,1674.55,0.2595,15.25,0.3084
2026-07-14,7530.62,2026-09-30,78.0,5920.0,1669.3,0.2566,15.35,0.308
2026-07-14,7530.62,2026-09-30,78.0,5925.0,1665.2,0.2619,15.45,0.3075
2026-07-14,7530.62,2026-09-30,78.0,5930.0,1659.9,0.2588,15.55,0.307
2026-07-14,7530.62,2026-09-30,78.0,5935.0,1655.4,0.2612,15.65,0.3064
2026-07-14,7530.62,2026-09-30,78.0,5940.0,1650.55,0.2611,15.7,0.3058
2026-07-14,7530.62,2026-09-30,78.0,5945.0,1645.6,0.2604,15.8,0.3053
2026-07-14,7530.62,2026-09-30,78.0,5950.0,1640.35,0.2577,15.85,0.3046
2026-07-14,7530.62,2026-09-30,78.0,5955.0,1635.5,0.2577,15.95,0.304
2026-07-14,7530.62,2026-09-30,78.0,5960.0,1630.85,0.2589,16.05,0.3035
2026-07-14,7530.62,2026-09-30,78.0,5965.0,1625.9,0.2582,16.15,0.303
2026-07-14,7530.62,2026-09-30,78.0,5970.0,1621.35,0.26,16.25,0.3025
2026-07-14,7530.62,2026-09-30,78.0,5975.0,1616.45,0.2596,16.35,0.302
2026-07-14,7530.62,2026-09-30,78.0,5980.0,1611.6,0.2595,16.4,0.3013
2026-07-14,7530.62,2026-09-30,78.0,5985.0,1606.4,0.2573,16.5,0.3008
2026-07-14,7530.62,2026-09-30,78.0,5990.0,1601.45,0.2565,16.6,0.3002
2026-07-14,7530.62,2026-09-30,78.0,5995.0,1596.4,0.2552,16.7,0.2997
2026-07-14,7530.62,2026-09-30,78.0,6000.0,1592.45,0.2603,16.85,0.2993
2026-07-14,7530.62,2026-09-30,78.0,6005.0,1587.0,0.2568,16.9,0.2986
2026-07-14,7530.62,2026-09-30,78.0,6010.0,1582.8,0.2602,16.95,0.2979
2026-07-14,7530.62,2026-09-30,78.0,6015.0,1577.25,0.2562,17.05,0.2974
2026-07-14,7530.62,2026-09-30,78.0,6020.0,1572.75,0.2579,17.15,0.2968
2026-07-14,7530.62,2026-09-30,78.0,6025.0,1568.45,0.2606,17.25,0.2963
2026-07-14,7530.62,2026-09-30,78.0,6030.0,1561.4,0.2481,17.35,0.2958
2026-07-14,7530.62,2026-09-30,78.0,6035.0,1557.55,0.2538,17.45,0.2952
2026-07-14,7530.62,2026-09-30,78.0,6040.0,1553.55,0.2582,17.55,0.2947
2026-07-14,7530.62,2026-09-30,78.0,6045.0,1547.65,0.2524,17.65,0.2941
2026-07-14,7530.62,2026-09-30,78.0,6050.0,1543.6,0.2564,17.75,0.2936
2026-07-14,7530.62,2026-09-30,78.0,6055.0,1539.05,0.2577,17.85,0.293
2026-07-14,7530.62,2026-09-30,78.0,6060.0,1533.9,0.256,17.95,0.2925
2026-07-14,7530.62,2026-09-30,78.0,6065.0,1529.45,0.2577,18.1,0.2921
2026-07-14,7530.62,2026-09-30,78.0,6070.0,1524.2,0.2555,18.2,0.2915
2026-07-14,7530.62,2026-09-30,78.0,6075.0,1519.75,0.2571,18.3,0.2909
2026-07-14,7530.62,2026-09-30,78.0,6080.0,1513.75,0.2512,18.4,0.2904
2026-07-14,7530.62,2026-09-30,78.0,6085.0,1508.55,0.2492,18.5,0.2898
2026-07-14,7530.62,2026-09-30,78.0,6090.0,1504.8,0.2544,18.6,0.2892
2026-07-14,7530.62,2026-09-30,78.0,6095.0,1500.4,0.2562,18.7,0.2887
2026-07-14,7530.62,2026-09-30,78.0,6100.0,1495.55,0.2559,18.8,0.2881
2026-07-14,7530.62,2026-09-30,78.0,6110.0,1486.3,0.2572,19.05,0.2871
2026-07-14,7530.62,2026-09-30,78.0,6120.0,1476.1,0.2544,19.3,0.2861
2026-07-14,7530.62,2026-09-30,78.0,6125.0,1470.9,0.2525,19.4,0.2855
2026-07-14,7530.62,2026-09-30,78.0,6130.0,1466.1,0.2524,19.5,0.2849
2026-07-14,7530.62,2026-09-30,78.0,6140.0,1456.15,0.2507,19.7,0.2837
2026-07-14,7530.62,2026-09-30,78.0,6150.0,1447.2,0.2531,20.0,0.2828
2026-07-14,7530.62,2026-09-30,78.0,6160.0,1437.05,0.2506,20.2,0.2817
2026-07-14,7530.62,2026-09-30,78.0,6170.0,1427.4,0.25,20.45,0.2806
2026-07-14,7530.62,2026-09-30,78.0,6175.0,1422.6,0.2499,20.6,0.2801
2026-07-14,7530.62,2026-09-30,78.0,6180.0,1418.15,0.2511,20.7,0.2795
2026-07-14,7530.62,2026-09-30,78.0,6190.0,1408.6,0.2508,20.95,0.2784
2026-07-14,7530.62,2026-09-30,78.0,6200.0,1398.95,0.2502,21.2,0.2774
2026-07-14,7530.62,2026-09-30,78.0,6210.0,1388.8,0.2477,21.5,0.2764
2026-07-14,7530.62,2026-09-30,78.0,6220.0,1378.0,0.2427,21.7,0.2752
2026-07-14,7530.62,2026-09-30,78.0,6225.0,1374.75,0.2483,21.9,0.2748
2026-07-14,7530.62,2026-09-30,78.0,6230.0,1369.5,0.2464,22.0,0.2742
2026-07-14,7530.62,2026-09-30,78.0,6240.0,1359.8,0.2455,22.3,0.2732
2026-07-14,7530.62,2026-09-30,78.0,6250.0,1350.25,0.2452,22.6,0.2722
2026-07-14,7530.62,2026-09-30,78.0,6260.0,1341.0,0.2458,22.9,0.2712
2026-07-14,7530.62,2026-09-30,78.0,6270.0,1330.35,0.2417,23.1,0.2699
2026-07-14,7530.62,2026-09-30,78.0,6275.0,1326.2,0.2436,23.3,0.2695
2026-07-14,7530.62,2026-09-30,78.0,6280.0,1320.6,0.2406,23.4,0.2688
2026-07-14,7530.62,2026-09-30,78.0,6290.0,1311.6,0.242,23.7,0.2678
2026-07-14,7530.62,2026-09-30,78.0,6300.0,1302.2,0.242,24.0,0.2667
2026-07-14,7530.62,2026-09-30,78.0,6305.0,1297.55,0.2422,24.2,0.2663
2026-07-14,7530.62,2026-09-30,78.0,6310.0,1292.8,0.242,24.35,0.2658
2026-07-14,7530.62,2026-09-30,78.0,6315.0,1288.0,0.2417,24.5,0.2653
2026-07-14,7530.62,2026-09-30,78.0,6320.0,1282.65,0.2396,24.7,0.2648
2026-07-14,7530.62,2026-09-30,78.0,6325.0,1278.4,0.2409,24.8,0.2642
2026-07-14,7530.62,2026-09-30,78.0,6330.0,1273.75,0.241,25.0,0.2637
2026-07-14,7530.62,2026-09-30,78.0,6335.0,1269.05,0.241,25.15,0.2632
2026-07-14,7530.62,2026-09-30,78.0,6340.0,1264.2,0.2404,25.3,0.2626
2026-07-14,7530.62,2026-09-30,78.0,6345.0,1258.6,0.2377,25.5,0.2622
2026-07-14,7530.62,2026-09-30,78.0,6350.0,1254.25,0.2387,25.65,0.2616
2026-07-14,7530.62,2026-09-30,78.0,6355.0,1249.25,0.2377,25.8,0.2611
2026-07-14,7530.62,2026-09-30,78.0,6360.0,1244.9,0.2386,26.0,0.2606
2026-07-14,7530.62,2026-09-30,78.0,6365.0,1239.45,0.2363,26.2,0.2602
2026-07-14,7530.62,2026-09-30,78.0,6370.0,1235.1,0.2373,26.3,0.2595
2026-07-14,7530.62,2026-09-30,78.0,6375.0,1230.35,0.237,26.5,0.259
2026-07-14,7530.62,2026-09-30,78.0,6380.0,1225.7,0.237,26.7,0.2586
2026-07-14,7530.62,2026-09-30,78.0,6385.0,1221.1,0.2372,26.9,0.2581
2026-07-14,7530.62,2026-09-30,78.0,6390.0,1215.95,0.2358,27.0,0.2574
2026-07-14,7530.62,2026-09-30,78.0,6395.0,1211.15,0.2354,27.2,0.257
2026-07-14,7530.62,2026-09-30,78.0,6400.0,1206.45,0.2352,27.4,0.2565
2026-07-14,7530.62,2026-09-30,78.0,6405.0,1202.1,0.236,27.6,0.256
2026-07-14,7530.62,2026-09-30,78.0,6410.0,1197.05,0.2349,27.8,0.2555
2026-07-14,7530.62,2026-09-30,78.0,6415.0,1192.75,0.2358,28.0,0.255
2026-07-14,7530.62,2026-09-30,78.0,6420.0,1187.15,0.2332,28.15,0.2544
2026-07-14,7530.62,2026-09-30,78.0,6425.0,1182.7,0.2337,28.4,0.2541
2026-07-14,7530.62,2026-09-30,78.0,6430.0,1178.2,0.234,28.5,0.2533
2026-07-14,7530.62,2026-09-30,78.0,6435.0,1173.45,0.2337,28.7,0.2528
2026-07-14,7530.62,2026-09-30,78.0,6440.0,1168.65,0.2332,28.9,0.2523
2026-07-14,7530.62,2026-09-30,78.0,6445.0,1163.85,0.2327,29.1,0.2518
2026-07-14,7530.62,2026-09-30,78.0,6450.0,1159.8,0.2341,29.3,0.2513
2026-07-14,7530.62,2026-09-30,78.0,6455.0,1153.9,0.2309,29.5,0.2508
2026-07-14,7530.62,2026-09-30,78.0,6460.0,1149.9,0.2324,29.7,0.2503
2026-07-14,7530.62,2026-09-30,78.0,6465.0,1145.35,0.2325,29.9,0.2498
2026-07-14,7530.62,2026-09-30,78.0,6470.0,1140.05,0.2308,30.1,0.2493
2026-07-14,7530.62,2026-09-30,78.0,6475.0,1135.6,0.2312,30.3,0.2488
2026-07-14,7530.62,2026-09-30,78.0,6480.0,1130.45,0.2298,30.55,0.2483
2026-07-14,7530.62,2026-09-30,78.0,6485.0,1125.1,0.228,30.75,0.2478
2026-07-14,7530.62,2026-09-30,78.0,6490.0,1121.65,0.2307,31.0,0.2474
2026-07-14,7530.62,2026-09-30,78.0,6495.0,1116.3,0.2289,31.2,0.2468
2026-07-14,7530.62,2026-09-30,78.0,6500.0,1111.65,0.2287,31.4,0.2463
2026-07-14,7530.62,2026-09-30,78.0,6505.0,1106.6,0.2276,31.6,0.2457
2026-07-14,7530.62,2026-09-30,78.0,6510.0,1102.6,0.229,31.85,0.2453
2026-07-14,7530.62,2026-09-30,78.0,6515.0,1097.85,0.2285,32.05,0.2447
2026-07-14,7530.62,2026-09-30,78.0,6520.0,1093.05,0.228,32.3,0.2443
2026-07-14,7530.62,2026-09-30,78.0,6525.0,1087.35,0.2254,32.5,0.2437
2026-07-14,7530.62,2026-09-30,78.0,6530.0,1083.8,0.2277,32.7,0.2432
2026-07-14,7530.62,2026-09-30,78.0,6535.0,1078.15,0.2253,33.0,0.2428
2026-07-14,7530.62,2026-09-30,78.0,6540.0,1073.85,0.2258,33.2,0.2422
2026-07-14,7530.62,2026-09-30,78.0,6545.0,1069.0,0.2252,33.4,0.2417
2026-07-14,7530.62,2026-09-30,78.0,6550.0,1063.75,0.2236,33.7,0.2413
2026-07-14,7530.62,2026-09-30,78.0,6555.0,1059.35,0.2239,33.95,0.2408
2026-07-14,7530.62,2026-09-30,78.0,6560.0,1055.6,0.2256,34.15,0.2402
2026-07-14,7530.62,2026-09-30,78.0,6565.0,1049.85,0.223,34.4,0.2397
2026-07-14,7530.62,2026-09-30,78.0,6570.0,1046.3,0.2251,34.65,0.2392
2026-07-14,7530.62,2026-09-30,78.0,6575.0,1040.6,0.2226,34.9,0.2387
2026-07-14,7530.62,2026-09-30,78.0,6580.0,1036.25,0.223,35.15,0.2382
2026-07-14,7530.62,2026-09-30,78.0,6585.0,1030.95,0.2214,35.4,0.2377
2026-07-14,7530.62,2026-09-30,78.0,6590.0,1026.0,0.2205,35.65,0.2372
2026-07-14,7530.62,2026-09-30,78.0,6595.0,1022.2,0.2219,35.9,0.2367
2026-07-14,7530.62,2026-09-30,78.0,6600.0,1017.65,0.2218,36.2,0.2363
2026-07-14,7530.62,2026-09-30,78.0,6605.0,1012.55,0.2206,36.45,0.2357
2026-07-14,7530.62,2026-09-30,78.0,6610.0,1007.05,0.2187,36.7,0.2352
2026-07-14,7530.62,2026-09-30,78.0,6615.0,1002.95,0.2194,36.95,0.2347
2026-07-14,7530.62,2026-09-30,78.0,6620.0,998.3,0.2191,37.25,0.2342
2026-07-14,7530.62,2026-09-30,78.0,6625.0,993.6,0.2187,37.5,0.2337
2026-07-14,7530.62,2026-09-30,78.0,6630.0,988.9,0.2183,37.8,0.2333
2026-07-14,7530.62,2026-09-30,78.0,6635.0,984.25,0.218,38.05,0.2327
2026-07-14,7530.62,2026-09-30,78.0,6640.0,979.6,0.2176,38.35,0.2323
2026-07-14,7530.62,2026-09-30,78.0,6645.0,974.9,0.2172,38.6,0.2317
2026-07-14,7530.62,2026-09-30,78.0,6650.0,970.15,0.2167,38.9,0.2312
2026-07-14,7530.62,2026-09-30,78.0,6655.0,965.6,0.2165,39.2,0.2308
2026-07-14,7530.62,2026-09-30,78.0,6660.0,960.85,0.216,39.55,0.2304
2026-07-14,7530.62,2026-09-30,78.0,6665.0,956.2,0.2156,39.8,0.2298
2026-07-14,7530.62,2026-09-30,78.0,6670.0,951.6,0.2153,40.05,0.2292
2026-07-14,7530.62,2026-09-30,78.0,6675.0,946.9,0.2148,40.35,0.2287
2026-07-14,7530.62,2026-09-30,78.0,6680.0,942.25,0.2145,40.65,0.2282
2026-07-14,7530.62,2026-09-30,78.0,6685.0,937.6,0.2141,41.05,0.2279
2026-07-14,7530.62,2026-09-30,78.0,6690.0,933.0,0.2138,41.3,0.2273
2026-07-14,7530.62,2026-09-30,78.0,6695.0,928.0,0.2128,41.6,0.2268
2026-07-14,7530.62,2026-09-30,78.0,6700.0,923.45,0.2125,41.9,0.2263
2026-07-14,7530.62,2026-09-30,78.0,6705.0,919.4,0.2132,42.25,0.2258
2026-07-14,7530.62,2026-09-30,78.0,6710.0,914.35,0.2121,42.55,0.2253
2026-07-14,7530.62,2026-09-30,78.0,6715.0,909.95,0.2121,42.85,0.2248
2026-07-14,7530.62,2026-09-30,78.0,6720.0,904.95,0.2111,43.25,0.2244
2026-07-14,7530.62,2026-09-30,78.0,6725.0,900.15,0.2104,43.5,0.2238
2026-07-14,7530.62,2026-09-30,78.0,6730.0,896.2,0.2111,43.85,0.2233
2026-07-14,7530.62,2026-09-30,78.0,6735.0,891.5,0.2106,44.15,0.2228
2026-07-14,7530.62,2026-09-30,78.0,6740.0,886.3,0.2092,44.55,0.2224
2026-07-14,7530.62,2026-09-30,78.0,6745.0,881.95,0.2093,44.85,0.2219
2026-07-14,7530.62,2026-09-30,78.0,6750.0,877.5,0.2091,45.2,0.2214
2026-07-14,7530.62,2026-09-30,78.0,6755.0,873.1,0.2091,45.55,0.2209
2026-07-14,7530.62,2026-09-30,78.0,6760.0,868.3,0.2084,45.9,0.2204
2026-07-14,7530.62,2026-09-30,78.0,6765.0,863.4,0.2075,46.25,0.2199
2026-07-14,7530.62,2026-09-30,78.0,6770.0,859.0,0.2074,46.6,0.2194
2026-07-14,7530.62,2026-09-30,78.0,6775.0,854.4,0.207,46.95,0.2189
2026-07-14,7530.62,2026-09-30,78.0,6780.0,849.8,0.2066,47.35,0.2185
2026-07-14,7530.62,2026-09-30,78.0,6785.0,845.15,0.2061,47.65,0.2179
2026-07-14,7530.62,2026-09-30,78.0,6790.0,840.55,0.2057,48.05,0.2174
2026-07-14,7530.62,2026-09-30,78.0,6795.0,836.15,0.2056,48.45,0.217
2026-07-14,7530.62,2026-09-30,78.0,6800.0,831.3,0.2048,48.8,0.2165
2026-07-14,7530.62,2026-09-30,78.0,6805.0,826.7,0.2043,49.15,0.2159
2026-07-14,7530.62,2026-09-30,78.0,6810.0,822.35,0.2043,49.55,0.2155
2026-07-14,7530.62,2026-09-30,78.0,6815.0,817.75,0.2038,49.95,0.215
2026-07-14,7530.62,2026-09-30,78.0,6820.0,813.2,0.2034,50.35,0.2145
2026-07-14,7530.62,2026-09-30,78.0,6825.0,808.4,0.2027,50.7,0.214
2026-07-14,7530.62,2026-09-30,78.0,6830.0,803.7,0.2021,51.15,0.2135
2026-07-14,7530.62,2026-09-30,78.0,6835.0,799.7,0.2025,51.5,0.213
2026-07-14,7530.62,2026-09-30,78.0,6840.0,794.6,0.2013,51.95,0.2125
2026-07-14,7530.62,2026-09-30,78.0,6845.0,790.05,0.2009,52.4,0.2121
2026-07-14,7530.62,2026-09-30,78.0,6850.0,785.8,0.2009,52.75,0.2115
2026-07-14,7530.62,2026-09-30,78.0,6855.0,781.15,0.2003,53.15,0.211
2026-07-14,7530.62,2026-09-30,78.0,6860.0,776.5,0.1998,53.6,0.2106
2026-07-14,7530.62,2026-09-30,78.0,6865.0,772.4,0.1999,54.05,0.2101
2026-07-14,7530.62,2026-09-30,78.0,6870.0,767.4,0.1989,54.45,0.2096
2026-07-14,7530.62,2026-09-30,78.0,6875.0,762.9,0.1985,54.95,0.2092
2026-07-14,7530.62,2026-09-30,78.0,6880.0,758.55,0.1983,55.3,0.2086
2026-07-14,7530.62,2026-09-30,78.0,6885.0,753.85,0.1977,55.75,0.2081
2026-07-14,7530.62,2026-09-30,78.0,6890.0,749.4,0.1973,56.2,0.2076
2026-07-14,7530.62,2026-09-30,78.0,6895.0,744.85,0.1969,56.65,0.2071
2026-07-14,7530.62,2026-09-30,78.0,6900.0,740.45,0.1966,57.05,0.2066
2026-07-14,7530.62,2026-09-30,78.0,6905.0,735.85,0.1961,57.55,0.2062
2026-07-14,7530.62,2026-09-30,78.0,6910.0,731.35,0.1956,58.05,0.2057
2026-07-14,7530.62,2026-09-30,78.0,6915.0,726.8,0.1952,58.45,0.2051
2026-07-14,7530.62,2026-09-30,78.0,6920.0,722.5,0.195,58.9,0.2046
2026-07-14,7530.62,2026-09-30,78.0,6925.0,717.9,0.1944,59.45,0.2042
2026-07-14,7530.62,2026-09-30,78.0,6930.0,713.45,0.194,59.9,0.2037
2026-07-14,7530.62,2026-09-30,78.0,6935.0,708.9,0.1935,60.4,0.2032
2026-07-14,7530.62,2026-09-30,78.0,6940.0,704.6,0.1933,60.85,0.2027
2026-07-14,7530.62,2026-09-30,78.0,6945.0,700.0,0.1927,61.4,0.2023
2026-07-14,7530.62,2026-09-30,78.0,6950.0,695.75,0.1926,61.85,0.2017
2026-07-14,7530.62,2026-09-30,78.0,6955.0,691.1,0.1919,62.35,0.2012
2026-07-14,7530.62,2026-09-30,78.0,6960.0,686.7,0.1916,62.9,0.2008
2026-07-14,7530.62,2026-09-30,78.0,6965.0,682.3,0.1912,63.4,0.2003
2026-07-14,7530.62,2026-09-30,78.0,6970.0,678.1,0.1911,63.9,0.1998
2026-07-14,7530.62,2026-09-30,78.0,6975.0,673.4,0.1903,64.55,0.1994
2026-07-14,7530.62,2026-09-30,78.0,6980.0,669.0,0.1899,65.05,0.1989
2026-07-14,7530.62,2026-09-30,78.0,6985.0,664.85,0.1898,65.65,0.1985
2026-07-14,7530.62,2026-09-30,78.0,6990.0,660.4,0.1894,66.05,0.1978
2026-07-14,7530.62,2026-09-30,78.0,6995.0,655.75,0.1887,66.6,0.1974
2026-07-14,7530.62,2026-09-30,78.0,7000.0,651.25,0.1882,67.15,0.1969
2026-07-14,7530.62,2026-09-30,78.0,7005.0,646.95,0.1879,67.75,0.1964
2026-07-14,7530.62,2026-09-30,78.0,7010.0,642.55,0.1874,68.35,0.196
2026-07-14,7530.62,2026-09-30,78.0,7015.0,638.1,0.1869,68.85,0.1954
2026-07-14,7530.62,2026-09-30,78.0,7020.0,633.95,0.1868,69.45,0.195
2026-07-14,7530.62,2026-09-30,78.0,7025.0,629.6,0.1864,69.95,0.1944
2026-07-14,7530.62,2026-09-30,78.0,7030.0,625.05,0.1858,70.65,0.194
2026-07-14,7530.62,2026-09-30,78.0,7035.0,620.6,0.1853,71.15,0.1935
2026-07-14,7530.62,2026-09-30,78.0,7040.0,616.35,0.185,71.8,0.193
2026-07-14,7530.62,2026-09-30,78.0,7045.0,612.25,0.1848,72.45,0.1926
2026-07-14,7530.62,2026-09-30,78.0,7050.0,607.65,0.1841,73.0,0.192
2026-07-14,7530.62,2026-09-30,78.0,7055.0,603.4,0.1838,73.55,0.1915
2026-07-14,7530.62,2026-09-30,78.0,7060.0,599.25,0.1836,74.25,0.1911
2026-07-14,7530.62,2026-09-30,78.0,7065.0,595.1,0.1833,74.9,0.1906
2026-07-14,7530.62,2026-09-30,78.0,7070.0,590.7,0.1828,75.5,0.1901
2026-07-14,7530.62,2026-09-30,78.0,7075.0,586.4,0.1824,76.25,0.1897
2026-07-14,7530.62,2026-09-30,78.0,7080.0,581.8,0.1817,76.8,0.1891
2026-07-14,7530.62,2026-09-30,78.0,7085.0,577.55,0.1813,77.4,0.1886
2026-07-14,7530.62,2026-09-30,78.0,7090.0,573.2,0.1808,78.1,0.1882
2026-07-14,7530.62,2026-09-30,78.0,7095.0,569.15,0.1807,78.75,0.1877
2026-07-14,7530.62,2026-09-30,78.0,7100.0,565.1,0.1805,79.45,0.1872
2026-07-14,7530.62,2026-09-30,78.0,7105.0,560.65,0.1799,80.15,0.1867
2026-07-14,7530.62,2026-09-30,78.0,7110.0,556.3,0.1794,80.8,0.1862
2026-07-14,7530.62,2026-09-30,78.0,7115.0,551.85,0.1787,81.65,0.1859
2026-07-14,7530.62,2026-09-30,78.0,7120.0,547.7,0.1784,82.15,0.1852
2026-07-14,7530.62,2026-09-30,78.0,7125.0,543.7,0.1782,82.9,0.1847
2026-07-14,7530.62,2026-09-30,78.0,7130.0,539.2,0.1776,83.6,0.1842
2026-07-14,7530.62,2026-09-30,78.0,7135.0,535.15,0.1773,84.35,0.1838
2026-07-14,7530.62,2026-09-30,78.0,7140.0,531.05,0.177,85.2,0.1834
2026-07-14,7530.62,2026-09-30,78.0,7145.0,526.45,0.1762,85.85,0.1828
2026-07-14,7530.62,2026-09-30,78.0,7150.0,522.35,0.1759,86.55,0.1823
2026-07-14,7530.62,2026-09-30,78.0,7155.0,518.1,0.1754,87.45,0.182
2026-07-14,7530.62,2026-09-30,78.0,7160.0,513.95,0.175,88.05,0.1813
2026-07-14,7530.62,2026-09-30,78.0,7165.0,509.6,0.1744,88.9,0.1809
2026-07-14,7530.62,2026-09-30,78.0,7170.0,506.05,0.1746,89.65,0.1804
2026-07-14,7530.62,2026-09-30,78.0,7175.0,501.55,0.1739,90.5,0.18
2026-07-14,7530.62,2026-09-30,78.0,7180.0,497.1,0.1732,91.3,0.1795
2026-07-14,7530.62,2026-09-30,78.0,7185.0,493.2,0.173,92.1,0.179
2026-07-14,7530.62,2026-09-30,78.0,7190.0,489.35,0.1728,92.8,0.1784
2026-07-14,7530.62,2026-09-30,78.0,7195.0,484.8,0.172,93.7,0.178
2026-07-14,7530.62,2026-09-30,78.0,7200.0,480.7,0.1716,94.5,0.1775
2026-07-14,7530.62,2026-09-30,78.0,7205.0,476.6,0.1712,95.45,0.1771
2026-07-14,7530.62,2026-09-30,78.0,7210.0,472.6,0.1709,96.25,0.1766
2026-07-14,7530.62,2026-09-30,78.0,7215.0,468.55,0.1705,97.1,0.1761
2026-07-14,7530.62,2026-09-30,78.0,7220.0,464.35,0.1699,97.9,0.1756
2026-07-14,7530.62,2026-09-30,78.0,7225.0,460.5,0.1697,98.8,0.1751
2026-07-14,7530.62,2026-09-30,78.0,7230.0,456.6,0.1695,99.7,0.1746
2026-07-14,7530.62,2026-09-30,78.0,7235.0,452.25,0.1688,100.65,0.1742
2026-07-14,7530.62,2026-09-30,78.0,7240.0,448.0,0.1682,101.5,0.1737
2026-07-14,7530.62,2026-09-30,78.0,7245.0,443.95,0.1677,102.35,0.1731
2026-07-14,7530.62,2026-09-30,78.0,7250.0,439.95,0.1673,103.3,0.1727
2026-07-14,7530.62,2026-09-30,78.0,7255.0,435.95,0.1669,104.4,0.1723
2026-07-14,7530.62,2026-09-30,78.0,7260.0,432.05,0.1666,105.15,0.1717
2026-07-14,7530.62,2026-09-30,78.0,7265.0,427.9,0.166,106.3,0.1714
2026-07-14,7530.62,2026-09-30,78.0,7270.0,423.9,0.1656,107.1,0.1708
2026-07-14,7530.62,2026-09-30,78.0,7275.0,419.75,0.165,108.1,0.1703
2026-07-14,7530.62,2026-09-30,78.0,7280.0,415.95,0.1647,109.1,0.1698
2026-07-14,7530.62,2026-09-30,78.0,7285.0,411.95,0.1643,110.15,0.1694
2026-07-14,7530.62,2026-09-30,78.0,7290.0,408.5,0.1643,111.1,0.1689
2026-07-14,7530.62,2026-09-30,78.0,7295.0,403.95,0.1633,112.3,0.1685
2026-07-14,7530.62,2026-09-30,78.0,7300.0,400.65,0.1634,113.25,0.168
2026-07-14,7530.62,2026-09-30,78.0,7305.0,396.3,0.1626,114.3,0.1675
2026-07-14,7530.62,2026-09-30,78.0,7310.0,392.8,0.1626,115.2,0.1669
2026-07-14,7530.62,2026-09-30,78.0,7315.0,388.5,0.1618,116.45,0.1666
2026-07-14,7530.62,2026-09-30,78.0,7320.0,384.4,0.1612,117.5,0.1661
2026-07-14,7530.62,2026-09-30,78.0,7325.0,381.95,0.1619,118.65,0.1657
2026-07-14,7530.62,2026-09-30,78.0,7330.0,378.2,0.1616,119.7,0.1651
2026-07-14,7530.62,2026-09-30,78.0,7335.0,372.9,0.16,120.7,0.1646
2026-07-14,7530.62,2026-09-30,78.0,7340.0,370.7,0.1609,121.9,0.1642
2026-07-14,7530.62,2026-09-30,78.0,7345.0,366.65,0.1603,123.05,0.1637
2026-07-14,7530.62,2026-09-30,78.0,7350.0,362.85,0.1598,124.3,0.1633
2026-07-14,7530.62,2026-09-30,78.0,7355.0,359.2,0.1595,125.45,0.1628
2026-07-14,7530.62,2026-09-30,78.0,7360.0,355.45,0.1591,126.5,0.1622
2026-07-14,7530.62,2026-09-30,78.0,7365.0,350.3,0.1576,127.75,0.1618
2026-07-14,7530.62,2026-09-30,78.0,7370.0,347.9,0.1582,129.0,0.1614
2026-07-14,7530.62,2026-09-30,78.0,7375.0,342.8,0.1567,130.25,0.1609
2026-07-14,7530.62,2026-09-30,78.0,7380.0,339.1,0.1563,131.45,0.1604
2026-07-14,7530.62,2026-09-30,78.0,7385.0,336.55,0.1568,132.5,0.1598
2026-07-14,7530.62,2026-09-30,78.0,7390.0,332.9,0.1565,133.9,0.1594
2026-07-14,7530.62,2026-09-30,78.0,7395.0,328.0,0.1551,135.15,0.1589
2026-07-14,7530.62,2026-09-30,78.0,7400.0,325.55,0.1556,136.35,0.1584
2026-07-14,7530.62,2026-09-30,78.0,7405.0,321.95,0.1552,137.8,0.158
2026-07-14,7530.62,2026-09-30,78.0,7410.0,318.3,0.1548,139.1,0.1576
2026-07-14,7530.62,2026-09-30,78.0,7415.0,314.5,0.1543,140.5,0.1571
2026-07-14,7530.62,2026-09-30,78.0,7420.0,311.05,0.154,141.75,0.1566
2026-07-14,7530.62,2026-09-30,78.0,7425.0,307.3,0.1534,143.15,0.1562
2026-07-14,7530.62,2026-09-30,78.0,7430.0,302.55,0.1521,144.5,0.1557
2026-07-14,7530.62,2026-09-30,78.0,7435.0,300.1,0.1525,145.9,0.1552
2026-07-14,7530.62,2026-09-30,78.0,7440.0,296.7,0.1522,147.3,0.1547
2026-07-14,7530.62,2026-09-30,78.0,7445.0,293.15,0.1518,148.8,0.1543
2026-07-14,7530.62,2026-09-30,78.0,7450.0,289.5,0.1513,150.4,0.154
2026-07-14,7530.62,2026-09-30,78.0,7455.0,284.85,0.15,151.7,0.1534
2026-07-14,7530.62,2026-09-30,78.0,7460.0,282.6,0.1505,153.2,0.1529
2026-07-14,7530.62,2026-09-30,78.0,7465.0,279.25,0.1502,154.65,0.1524
2026-07-14,7530.62,2026-09-30,78.0,7470.0,275.95,0.1499,156.2,0.152
2026-07-14,7530.62,2026-09-30,78.0,7475.0,272.2,0.1493,157.55,0.1514
2026-07-14,7530.62,2026-09-30,78.0,7480.0,268.8,0.1489,159.3,0.1511
2026-07-14,7530.62,2026-09-30,78.0,7485.0,265.45,0.1485,160.75,0.1505
2026-07-14,7530.62,2026-09-30,78.0,7490.0,261.0,0.1473,162.45,0.1502
2026-07-14,7530.62,2026-09-30,78.0,7495.0,258.85,0.1478,164.0,0.1497
2026-07-14,7530.62,2026-09-30,78.0,7500.0,254.2,0.1464,165.5,0.1491
2026-07-14,7530.62,2026-09-30,78.0,7505.0,252.0,0.1468,167.25,0.1487
2026-07-14,7530.62,2026-09-30,78.0,7510.0,248.65,0.1464,168.8,0.1482
2026-07-14,7530.62,2026-09-30,78.0,7515.0,245.55,0.1461,170.5,0.1478
2026-07-14,7530.62,2026-09-30,78.0,7520.0,241.05,0.1448,172.35,0.1474
2026-07-14,7530.62,2026-09-30,78.0,7525.0,238.0,0.1446,173.85,0.1468
2026-07-14,7530.62,2026-09-30,78.0,7530.0,234.85,0.1443,175.7,0.1464
2026-07-14,7530.62,2026-09-30,78.0,7535.0,231.75,0.1439,177.45,0.146
2026-07-14,7530.62,2026-09-30,78.0,7540.0,228.55,0.1435,179.25,0.1455
2026-07-14,7530.62,2026-09-30,78.0,7545.0,225.25,0.1431,181.1,0.1451
2026-07-14,7530.62,2026-09-30,78.0,7550.0,222.2,0.1427,182.85,0.1446
2026-07-14,7530.62,2026-09-30,78.0,7555.0,218.9,0.1422,184.7,0.1442
2026-07-14,7530.62,2026-09-30,78.0,7560.0,215.95,0.142,186.55,0.1437
2026-07-14,7530.62,2026-09-30,78.0,7565.0,212.9,0.1416,188.6,0.1434
2026-07-14,7530.62,2026-09-30,78.0,7570.0,209.85,0.1412,190.35,0.1428
2026-07-14,7530.62,2026-09-30,78.0,7575.0,206.85,0.1409,192.25,0.1423
2026-07-14,7530.62,2026-09-30,78.0,7580.0,203.6,0.1403,194.2,0.1419
2026-07-14,7530.62,2026-09-30,78.0,7585.0,200.85,0.1401,196.15,0.1414
2026-07-14,7530.62,2026-09-30,78.0,7590.0,197.85,0.1397,198.25,0.1411
2026-07-14,7530.62,2026-09-30,78.0,7595.0,194.9,0.1394,200.15,0.1405
2026-07-14,7530.62,2026-09-30,78.0,7600.0,191.8,0.1389,202.3,0.1402
2026-07-14,7530.62,2026-09-30,78.0,7605.0,188.95,0.1386,204.25,0.1396
2026-07-14,7530.62,2026-09-30,78.0,7610.0,186.2,0.1383,206.35,0.1392
2026-07-14,7530.62,2026-09-30,78.0,7615.0,183.25,0.1379,208.45,0.1388
2026-07-14,7530.62,2026-09-30,78.0,7620.0,180.5,0.1376,210.6,0.1383
2026-07-14,7530.62,2026-09-30,78.0,7625.0,177.6,0.1371,212.85,0.138
2026-07-14,7530.62,2026-09-30,78.0,7630.0,174.9,0.1368,214.85,0.1374
2026-07-14,7530.62,2026-09-30,78.0,7635.0,172.1,0.1365,217.1,0.137
2026-07-14,7530.62,2026-09-30,78.0,7640.0,169.3,0.1361,219.2,0.1364
2026-07-14,7530.62,2026-09-30,78.0,7645.0,166.7,0.1358,221.45,0.136
2026-07-14,7530.62,2026-09-30,78.0,7650.0,163.85,0.1354,223.85,0.1356
2026-07-14,7530.62,2026-09-30,78.0,7655.0,161.2,0.135,226.15,0.1352
2026-07-14,7530.62,2026-09-30,78.0,7660.0,158.8,0.1349,228.45,0.1347
2026-07-14,7530.62,2026-09-30,78.0,7665.0,156.0,0.1344,230.85,0.1343
2026-07-14,7530.62,2026-09-30,78.0,7670.0,153.5,0.1341,232.15,0.1331
2026-07-14,7530.62,2026-09-30,78.0,7675.0,150.75,0.1336,234.4,0.1325
2026-07-14,7530.62,2026-09-30,78.0,7680.0,148.3,0.1334,238.05,0.133
2026-07-14,7530.62,2026-09-30,78.0,7685.0,145.75,0.133,240.45,0.1325
2026-07-14,7530.62,2026-09-30,78.0,7690.0,143.3,0.1327,242.85,0.132
2026-07-14,7530.62,2026-09-30,78.0,7695.0,140.8,0.1324,244.05,0.1306
2026-07-14,7530.62,2026-09-30,78.0,7700.0,138.4,0.1321,246.85,0.1304
2026-07-14,7530.62,2026-09-30,78.0,7705.0,136.05,0.1318,250.35,0.1306
2026-07-14,7530.62,2026-09-30,78.0,7710.0,133.65,0.1315,251.9,0.1294
2026-07-14,7530.62,2026-09-30,78.0,7715.0,131.2,0.1311,254.25,0.1287
2026-07-14,7530.62,2026-09-30,78.0,7720.0,129.05,0.1309,257.1,0.1284
2026-07-14,7530.62,2026-09-30,78.0,7725.0,126.7,0.1306,259.6,0.1278
2026-07-14,7530.62,2026-09-30,78.0,7730.0,124.35,0.1303,262.45,0.1275
2026-07-14,7530.62,2026-09-30,78.0,7735.0,122.1,0.13,266.25,0.1279
2026-07-14,7530.62,2026-09-30,78.0,7740.0,119.85,0.1296,267.85,0.1265
2026-07-14,7530.62,2026-09-30,78.0,7745.0,117.5,0.1292,270.55,0.126
2026-07-14,7530.62,2026-09-30,78.0,7750.0,115.55,0.1291,274.4,0.1263
2026-07-14,7530.62,2026-09-30,78.0,7755.0,113.35,0.1288,277.2,0.1259
2026-07-14,7530.62,2026-09-30,78.0,7760.0,111.2,0.1285,278.95,0.1245
2026-07-14,7530.62,2026-09-30,78.0,7765.0,109.05,0.1282,281.85,0.124
2026-07-14,7530.62,2026-09-30,78.0,7770.0,107.05,0.1279,285.8,0.1244
2026-07-14,7530.62,2026-09-30,78.0,7775.0,105.0,0.1277,288.6,0.1238
2026-07-14,7530.62,2026-09-30,78.0,7780.0,102.95,0.1274,290.3,0.1223
2026-07-14,7530.62,2026-09-30,78.0,7785.0,100.8,0.127,293.4,0.1219
2026-07-14,7530.62,2026-09-30,78.0,7790.0,99.0,0.1268,296.35,0.1214
2026-07-14,7530.62,2026-09-30,78.0,7795.0,97.0,0.1265,299.4,0.1208
2026-07-14,7530.62,2026-09-30,78.0,7800.0,94.95,0.1261,303.6,0.1213
2026-07-14,7530.62,2026-09-30,78.0,7805.0,93.2,0.126,306.3,0.1204
2026-07-14,7530.62,2026-09-30,78.0,7810.0,91.4,0.1258,309.5,0.1199
2026-07-14,7530.62,2026-09-30,78.0,7815.0,89.55,0.1255,312.7,0.1193
2026-07-14,7530.62,2026-09-30,78.0,7820.0,87.75,0.1253,315.7,0.1186
2026-07-14,7530.62,2026-09-30,78.0,7825.0,85.8,0.1249,319.0,0.1181
2026-07-14,7530.62,2026-09-30,78.0,7830.0,84.05,0.1246,322.2,0.1175
2026-07-14,7530.62,2026-09-30,78.0,7835.0,82.3,0.1244,325.15,0.1166
2026-07-14,7530.62,2026-09-30,78.0,7840.0,80.6,0.1241,329.0,0.1165
2026-07-14,7530.62,2026-09-30,78.0,7845.0,79.05,0.124,331.9,0.1155
2026-07-14,7530.62,2026-09-30,78.0,7850.0,77.4,0.1238,335.55,0.1152
2026-07-14,7530.62,2026-09-30,78.0,7855.0,75.75,0.1235,338.5,0.1141
2026-07-14,7530.62,2026-09-30,78.0,7860.0,74.0,0.1232,341.75,0.1132
2026-07-14,7530.62,2026-09-30,78.0,7865.0,72.45,0.123,345.45,0.1128
2026-07-14,7530.62,2026-09-30,78.0,7870.0,71.0,0.1228,348.7,0.1118
2026-07-14,7530.62,2026-09-30,78.0,7875.0,69.5,0.1226,351.85,0.1106
2026-07-14,7530.62,2026-09-30,78.0,7880.0,67.95,0.1224,356.0,0.1105
2026-07-14,7530.62,2026-09-30,78.0,7885.0,66.45,0.1221,359.3,0.1094
2026-07-14,7530.62,2026-09-30,78.0,7890.0,65.05,0.122,362.75,0.1083
2026-07-14,7530.62,2026-09-30,78.0,7895.0,63.6,0.1217,366.5,0.1074
2026-07-14,7530.62,2026-09-30,78.0,7900.0,62.2,0.1215,369.65,0.1055
2026-07-14,7530.62,2026-09-30,78.0,7905.0,60.85,0.1214,373.3,0.1042
2026-07-14,7530.62,2026-09-30,78.0,7910.0,59.45,0.1211,376.85,0.1026
2026-07-14,7530.62,2026-09-30,78.0,7915.0,58.15,0.1209,380.5,0.1008
2026-07-14,7530.62,2026-09-30,78.0,7920.0,56.8,0.1207,384.45,0.0989
2026-07-14,7530.62,2026-09-30,78.0,7925.0,55.55,0.1206,387.75,0.0944
2026-07-14,7530.62,2026-09-30,78.0,7930.0,54.25,0.1203,391.85,0.0944
2026-07-14,7530.62,2026-09-30,78.0,7935.0,53.0,0.1201,395.45,0.0953
2026-07-14,7530.62,2026-09-30,78.0,7940.0,51.8,0.12,,
2026-07-14,7530.62,2026-09-30,78.0,7945.0,50.55,0.1197,,
2026-07-14,7530.62,2026-09-30,78.0,7950.0,49.45,0.1196,,
2026-07-14,7530.62,2026-09-30,78.0,7955.0,48.3,0.1195,,
2026-07-14,7530.62,2026-09-30,78.0,7960.0,47.15,0.1193,,
2026-07-14,7530.62,2026-09-30,78.0,7965.0,46.05,0.1191,,
2026-07-14,7530.62,2026-09-30,78.0,7970.0,45.0,0.119,,
2026-07-14,7530.62,2026-09-30,78.0,7975.0,43.85,0.1187,,
2026-07-14,7530.62,2026-09-30,78.0,7980.0,42.85,0.1186,,
2026-07-14,7530.62,2026-09-30,78.0,7985.0,41.8,0.1184,,
2026-07-14,7530.62,2026-09-30,78.0,7990.0,40.85,0.1183,,
2026-07-14,7530.62,2026-09-30,78.0,7995.0,39.8,0.1181,,
2026-07-14,7530.62,2026-09-30,78.0,8000.0,38.85,0.118,,
2026-07-14,7530.62,2026-09-30,78.0,8005.0,37.95,0.1179,,
2026-07-14,7530.62,2026-09-30,78.0,8010.0,37.0,0.1177,,
2026-07-14,7530.62,2026-09-30,78.0,8015.0,36.1,0.1176,,
2026-07-14,7530.62,2026-09-30,78.0,8020.0,35.2,0.1174,,
2026-07-14,7530.62,2026-09-30,78.0,8025.0,34.35,0.1173,,
2026-07-14,7530.62,2026-09-30,78.0,8030.0,33.45,0.1171,,
2026-07-14,7530.62,2026-09-30,78.0,8035.0,32.7,0.1171,,
2026-07-14,7530.62,2026-09-30,78.0,8040.0,31.85,0.1169,,
2026-07-14,7530.62,2026-09-30,78.0,8045.0,31.05,0.1168,,
2026-07-14,7530.62,2026-09-30,78.0,8050.0,30.25,0.1166,,
2026-07-14,7530.62,2026-09-30,78.0,8055.0,29.5,0.1165,,
2026-07-14,7530.62,2026-09-30,78.0,8060.0,28.75,0.1164,,
2026-07-14,7530.62,2026-09-30,78.0,8065.0,28.05,0.1163,,
2026-07-14,7530.62,2026-09-30,78.0,8070.0,27.3,0.1161,,
2026-07-14,7530.62,2026-09-30,78.0,8075.0,26.55,0.116,,
2026-07-14,7530.62,2026-09-30,78.0,8080.0,25.9,0.1159,,
2026-07-14,7530.62,2026-09-30,78.0,8085.0,25.3,0.1159,,
2026-07-14,7530.62,2026-10-16,94.0,5650.0,1948.5,0.2748,16.25,0.3293
2026-07-14,7530.62,2026-10-16,94.0,5675.0,1924.15,0.2741,16.5,0.3261
2026-07-14,7530.62,2026-10-16,94.0,5700.0,1899.85,0.2736,17.05,0.3239
2026-07-14,7530.62,2026-10-16,94.0,5725.0,1875.55,0.2729,17.3,0.3207
2026-07-14,7530.62,2026-10-16,94.0,5750.0,1850.75,0.269,17.9,0.3186
2026-07-14,7530.62,2026-10-16,94.0,5775.0,1826.95,0.271,18.2,0.3154
2026-07-14,7530.62,2026-10-16,94.0,5800.0,1801.75,0.2648,18.8,0.3133
2026-07-14,7530.62,2026-10-16,94.0,5825.0,1778.45,0.269,19.05,0.3099
2026-07-14,7530.62,2026-10-16,94.0,5850.0,1754.35,0.2686,19.75,0.3079
2026-07-14,7530.62,2026-10-16,94.0,5875.0,1729.75,0.2656,20.1,0.3048
2026-07-14,7530.62,2026-10-16,94.0,5900.0,1705.35,0.2635,20.8,0.3028
2026-07-14,7530.62,2026-10-16,94.0,5925.0,1681.85,0.2652,21.2,0.2998
2026-07-14,7530.62,2026-10-16,94.0,5950.0,1657.1,0.2614,21.95,0.2977
2026-07-14,7530.62,2026-10-16,94.0,5975.0,1633.1,0.2607,22.35,0.2946
2026-07-14,7530.62,2026-10-16,94.0,6000.0,1607.3,0.2527,23.1,0.2925
2026-07-14,7530.62,2026-10-16,94.0,6025.0,1585.2,0.2591,23.6,0.2896
2026-07-14,7530.62,2026-10-16,94.0,6050.0,1560.1,0.254,24.45,0.2876
2026-07-14,7530.62,2026-10-16,94.0,6075.0,1536.75,0.255,24.9,0.2845
2026-07-14,7530.62,2026-10-16,94.0,6100.0,1512.2,0.2519,25.85,0.2826
2026-07-14,7530.62,2026-10-16,94.0,6125.0,1489.2,0.2535,26.35,0.2795
2026-07-14,7530.62,2026-10-16,94.0,6130.0,1484.05,0.2521,26.5,0.279
2026-07-14,7530.62,2026-10-16,94.0,6140.0,1474.8,0.2525,26.8,0.278
2026-07-14,7530.62,2026-10-16,94.0,6150.0,1464.3,0.2491,27.4,0.2777
2026-07-14,7530.62,2026-10-16,94.0,6160.0,1455.3,0.2502,27.45,0.2761
2026-07-14,7530.62,2026-10-16,94.0,6170.0,1446.2,0.251,27.75,0.2751
2026-07-14,7530.62,2026-10-16,94.0,6175.0,1441.35,0.2505,27.95,0.2747
2026-07-14,7530.62,2026-10-16,94.0,6180.0,1436.55,0.2501,28.05,0.2741
2026-07-14,7530.62,2026-10-16,94.0,6190.0,1426.65,0.2485,28.45,0.2733
2026-07-14,7530.62,2026-10-16,94.0,6200.0,1416.4,0.246,29.0,0.2727
2026-07-14,7530.62,2026-10-16,94.0,6210.0,1407.85,0.2481,29.05,0.2711
2026-07-14,7530.62,2026-10-16,94.0,6220.0,1398.35,0.2476,29.45,0.2703
2026-07-14,7530.62,2026-10-16,94.0,6225.0,1393.65,0.2474,29.6,0.2698
2026-07-14,7530.62,2026-10-16,94.0,6230.0,1388.7,0.2466,29.75,0.2692
2026-07-14,7530.62,2026-10-16,94.0,6240.0,1379.25,0.2462,30.15,0.2683
2026-07-14,7530.62,2026-10-16,94.0,6250.0,1368.7,0.2429,30.8,0.268
2026-07-14,7530.62,2026-10-16,94.0,6260.0,1359.8,0.2439,30.9,0.2665
2026-07-14,7530.62,2026-10-16,94.0,6270.0,1350.7,0.2442,31.25,0.2655
2026-07-14,7530.62,2026-10-16,94.0,6275.0,1345.9,0.2438,31.45,0.265
2026-07-14,7530.62,2026-10-16,94.0,6280.0,1341.1,0.2434,31.65,0.2645
2026-07-14,7530.62,2026-10-16,94.0,6290.0,1331.55,0.2426,32.05,0.2636
2026-07-14,7530.62,2026-10-16,94.0,6300.0,1321.2,0.2399,32.7,0.2632
2026-07-14,7530.62,2026-10-16,94.0,6310.0,1312.25,0.2405,32.8,0.2616
2026-07-14,7530.62,2026-10-16,94.0,6320.0,1302.8,0.24,33.2,0.2607
2026-07-14,7530.62,2026-10-16,94.0,6325.0,1297.45,0.2382,33.7,0.2607
2026-07-14,7530.62,2026-10-16,94.0,6330.0,1293.7,0.2402,33.65,0.2598
2026-07-14,7530.62,2026-10-16,94.0,6340.0,1284.15,0.2393,34.05,0.2588
2026-07-14,7530.62,2026-10-16,94.0,6350.0,1273.95,0.237,34.75,0.2584
2026-07-14,7530.62,2026-10-16,94.0,6360.0,1265.3,0.2381,34.9,0.2569
2026-07-14,7530.62,2026-10-16,94.0,6370.0,1255.75,0.2372,35.35,0.256
2026-07-14,7530.62,2026-10-16,94.0,6375.0,1250.2,0.2351,35.85,0.256
2026-07-14,7530.62,2026-10-16,94.0,6380.0,1246.05,0.236,35.8,0.255
2026-07-14,7530.62,2026-10-16,94.0,6390.0,1236.55,0.2352,36.25,0.2541
2026-07-14,7530.62,2026-10-16,94.0,6400.0,1226.85,0.2339,37.0,0.2537
2026-07-14,7530.62,2026-10-16,94.0,6410.0,1218.1,0.2346,37.15,0.2522
2026-07-14,7530.62,2026-10-16,94.0,6420.0,1208.6,0.2338,37.65,0.2513
2026-07-14,7530.62,2026-10-16,94.0,6425.0,1203.1,0.2318,38.15,0.2513
2026-07-14,7530.62,2026-10-16,94.0,6430.0,1199.3,0.2333,38.1,0.2503
2026-07-14,7530.62,2026-10-16,94.0,6440.0,1189.85,0.2325,38.6,0.2494
2026-07-14,7530.62,2026-10-16,94.0,6450.0,1179.8,0.2305,39.4,0.2489
2026-07-14,7530.62,2026-10-16,94.0,6460.0,1171.05,0.2311,39.6,0.2475
2026-07-14,7530.62,2026-10-16,94.0,6470.0,1161.7,0.2304,40.1,0.2465
2026-07-14,7530.62,2026-10-16,94.0,6475.0,1157.4,0.2308,40.7,0.2466
2026-07-14,7530.62,2026-10-16,94.0,6480.0,1152.25,0.2296,40.6,0.2456
2026-07-14,7530.62,2026-10-16,94.0,6490.0,1142.65,0.2284,41.15,0.2447
2026-07-14,7530.62,2026-10-16,94.0,6500.0,1132.85,0.2269,42.0,0.2443
2026-07-14,7530.62,2026-10-16,94.0,6510.0,1124.25,0.2275,42.2,0.2428
2026-07-14,7530.62,2026-10-16,94.0,6520.0,1114.55,0.2262,42.8,0.2419
2026-07-14,7530.62,2026-10-16,94.0,6525.0,1110.65,0.2272,43.4,0.2419
2026-07-14,7530.62,2026-10-16,94.0,6530.0,1105.55,0.226,43.35,0.241
2026-07-14,7530.62,2026-10-16,94.0,6540.0,1096.0,0.2249,43.9,0.24
2026-07-14,7530.62,2026-10-16,94.0,6550.0,1087.65,0.2258,44.85,0.2396
2026-07-14,7530.62,2026-10-16,94.0,6560.0,1077.6,0.2238,45.1,0.2382
2026-07-14,7530.62,2026-10-16,94.0,6570.0,1067.95,0.2225,45.7,0.2373
2026-07-14,7530.62,2026-10-16,94.0,6575.0,1063.6,0.2226,46.35,0.2373
2026-07-14,7530.62,2026-10-16,94.0,6580.0,1059.05,0.2224,46.25,0.2363
2026-07-14,7530.62,2026-10-16,94.0,6590.0,1049.7,0.2216,46.9,0.2354
2026-07-14,7530.62,2026-10-16,94.0,6600.0,1041.05,0.2218,47.95,0.2351
2026-07-14,7530.62,2026-10-16,94.0,6610.0,1030.95,0.2197,48.15,0.2335
2026-07-14,7530.62,2026-10-16,94.0,6620.0,1022.0,0.2195,48.85,0.2327
2026-07-14,7530.62,2026-10-16,94.0,6625.0,1017.4,0.2191,49.55,0.2327
2026-07-14,7530.62,2026-10-16,94.0,6630.0,1012.85,0.2188,49.45,0.2317
2026-07-14,7530.62,2026-10-16,94.0,6640.0,1003.45,0.2178,50.15,0.2308
2026-07-14,7530.62,2026-10-16,94.0,6650.0,995.1,0.2184,51.3,0.2305
2026-07-14,7530.62,2026-10-16,94.0,6660.0,984.8,0.216,51.55,0.229
2026-07-14,7530.62,2026-10-16,94.0,6670.0,976.0,0.2158,52.25,0.2281
2026-07-14,7530.62,2026-10-16,94.0,6675.0,971.75,0.2159,52.95,0.228
2026-07-14,7530.62,2026-10-16,94.0,6680.0,966.7,0.2149,52.95,0.2271
2026-07-14,7530.62,2026-10-16,94.0,6690.0,957.5,0.2141,53.65,0.2262
2026-07-14,7530.62,2026-10-16,94.0,6700.0,948.95,0.2142,54.85,0.2258
2026-07-14,7530.62,2026-10-16,94.0,6710.0,939.2,0.2126,55.15,0.2243
2026-07-14,7530.62,2026-10-16,94.0,6720.0,930.2,0.212,55.85,0.2233
2026-07-14,7530.62,2026-10-16,94.0,6725.0,925.7,0.2117,56.75,0.2235
2026-07-14,7530.62,2026-10-16,94.0,6730.0,921.0,0.2111,56.65,0.2225
2026-07-14,7530.62,2026-10-16,94.0,6740.0,911.6,0.21,57.45,0.2216
2026-07-14,7530.62,2026-10-16,94.0,6750.0,903.3,0.2103,58.65,0.2211
2026-07-14,7530.62,2026-10-16,94.0,6760.0,893.75,0.2089,59.05,0.2197
2026-07-14,7530.62,2026-10-16,94.0,6770.0,884.65,0.2081,59.85,0.2188
2026-07-14,7530.62,2026-10-16,94.0,6775.0,880.85,0.2086,60.75,0.2189
2026-07-14,7530.62,2026-10-16,94.0,6780.0,875.3,0.2069,60.75,0.2179
2026-07-14,7530.62,2026-10-16,94.0,6790.0,866.55,0.2065,61.55,0.2169
2026-07-14,7530.62,2026-10-16,94.0,6800.0,857.9,0.2062,62.9,0.2166
2026-07-14,7530.62,2026-10-16,94.0,6810.0,848.6,0.2051,63.25,0.215
2026-07-14,7530.62,2026-10-16,94.0,6820.0,839.4,0.2041,64.15,0.2141
2026-07-14,7530.62,2026-10-16,94.0,6825.0,835.25,0.2041,65.1,0.2142
2026-07-14,7530.62,2026-10-16,94.0,6830.0,830.45,0.2033,65.05,0.2132
2026-07-14,7530.62,2026-10-16,94.0,6840.0,821.2,0.2022,66.0,0.2123
2026-07-14,7530.62,2026-10-16,94.0,6850.0,812.9,0.2022,67.5,0.212
2026-07-14,7530.62,2026-10-16,94.0,6860.0,803.6,0.201,67.85,0.2104
2026-07-14,7530.62,2026-10-16,94.0,6870.0,794.7,0.2002,68.8,0.2095
2026-07-14,7530.62,2026-10-16,94.0,6875.0,790.75,0.2004,69.9,0.2097
2026-07-14,7530.62,2026-10-16,94.0,6880.0,785.85,0.1995,69.85,0.2086
2026-07-14,7530.62,2026-10-16,94.0,6890.0,776.9,0.1987,70.85,0.2077
2026-07-14,7530.62,2026-10-16,94.0,6900.0,768.35,0.1982,72.4,0.2073
2026-07-14,7530.62,2026-10-16,94.0,6910.0,758.85,0.1967,72.85,0.2058
2026-07-14,7530.62,2026-10-16,94.0,6920.0,750.35,0.1963,73.9,0.2049
2026-07-14,7530.62,2026-10-16,94.0,6925.0,746.35,0.1964,75.0,0.205
2026-07-14,7530.62,2026-10-16,94.0,6930.0,741.5,0.1955,75.05,0.204
2026-07-14,7530.62,2026-10-16,94.0,6940.0,732.5,0.1945,76.1,0.2031
2026-07-14,7530.62,2026-10-16,94.0,6950.0,724.3,0.1943,77.85,0.2028
2026-07-14,7530.62,2026-10-16,94.0,6960.0,715.2,0.1931,78.3,0.2012
2026-07-14,7530.62,2026-10-16,94.0,6970.0,706.5,0.1924,79.45,0.2003
2026-07-14,7530.62,2026-10-16,94.0,6975.0,702.5,0.1924,80.65,0.2004
2026-07-14,7530.62,2026-10-16,94.0,6980.0,697.75,0.1916,80.6,0.1993
2026-07-14,7530.62,2026-10-16,94.0,6990.0,688.8,0.1905,81.85,0.1985
2026-07-14,7530.62,2026-10-16,94.0,7000.0,681.4,0.191,83.75,0.1982
2026-07-14,7530.62,2026-10-16,94.0,7010.0,671.7,0.1891,84.25,0.1966
2026-07-14,7530.62,2026-10-16,94.0,7020.0,663.1,0.1884,85.55,0.1957
2026-07-14,7530.62,2026-10-16,94.0,7025.0,659.55,0.1887,86.75,0.1958
2026-07-14,7530.62,2026-10-16,94.0,7030.0,654.25,0.1873,86.75,0.1947
2026-07-14,7530.62,2026-10-16,94.0,7040.0,645.9,0.1868,88.05,0.1938
2026-07-14,7530.62,2026-10-16,94.0,7050.0,638.0,0.1866,90.05,0.1935
2026-07-14,7530.62,2026-10-16,94.0,7060.0,628.75,0.1851,90.75,0.192
2026-07-14,7530.62,2026-10-16,94.0,7070.0,620.25,0.1843,92.1,0.191
2026-07-14,7530.62,2026-10-16,94.0,7075.0,616.65,0.1845,93.5,0.1912
2026-07-14,7530.62,2026-10-16,94.0,7080.0,611.5,0.1833,93.5,0.1901
2026-07-14,7530.62,2026-10-16,94.0,7090.0,603.2,0.1826,94.95,0.1892
2026-07-14,7530.62,2026-10-16,94.0,7100.0,595.55,0.1825,97.05,0.1889
2026-07-14,7530.62,2026-10-16,94.0,7110.0,586.4,0.1811,97.85,0.1874
2026-07-14,7530.62,2026-10-16,94.0,7120.0,577.8,0.1801,99.35,0.1864
2026-07-14,7530.62,2026-10-16,94.0,7125.0,574.5,0.1805,100.85,0.1866
2026-07-14,7530.62,2026-10-16,94.0,7130.0,569.6,0.1794,100.85,0.1855
2026-07-14,7530.62,2026-10-16,94.0,7140.0,561.25,0.1786,102.4,0.1846
2026-07-14,7530.62,2026-10-16,94.0,7150.0,553.65,0.1784,104.7,0.1843
2026-07-14,7530.62,2026-10-16,94.0,7160.0,544.7,0.177,105.65,0.1828
2026-07-14,7530.62,2026-10-16,94.0,7170.0,536.4,0.1761,107.25,0.1818
2026-07-14,7530.62,2026-10-16,94.0,7175.0,533.25,0.1765,108.9,0.182
2026-07-14,7530.62,2026-10-16,94.0,7180.0,528.05,0.1752,108.95,0.1809
2026-07-14,7530.62,2026-10-16,94.0,7190.0,520.0,0.1745,110.65,0.18
2026-07-14,7530.62,2026-10-16,94.0,7200.0,512.75,0.1744,113.3,0.1798
2026-07-14,7530.62,2026-10-16,94.0,7210.0,503.9,0.173,114.15,0.1782
2026-07-14,7530.62,2026-10-16,94.0,7215.0,499.75,0.1725,115.05,0.1777
2026-07-14,7530.62,2026-10-16,94.0,7220.0,495.7,0.1721,116.0,0.1773
2026-07-14,7530.62,2026-10-16,94.0,7225.0,492.65,0.1725,117.8,0.1775
2026-07-14,7530.62,2026-10-16,94.0,7230.0,487.8,0.1714,117.85,0.1764
2026-07-14,7530.62,2026-10-16,94.0,7235.0,483.8,0.171,118.75,0.1759
2026-07-14,7530.62,2026-10-16,94.0,7240.0,479.8,0.1706,119.75,0.1755
2026-07-14,7530.62,2026-10-16,94.0,7245.0,475.8,0.1702,120.65,0.175
2026-07-14,7530.62,2026-10-16,94.0,7250.0,472.45,0.1703,122.5,0.1752
2026-07-14,7530.62,2026-10-16,94.0,7255.0,467.7,0.1693,122.65,0.1741
2026-07-14,7530.62,2026-10-16,94.0,7260.0,463.9,0.169,123.65,0.1737
2026-07-14,7530.62,2026-10-16,94.0,7265.0,459.75,0.1684,124.65,0.1732
2026-07-14,7530.62,2026-10-16,94.0,7270.0,456.0,0.1682,125.65,0.1728
2026-07-14,7530.62,2026-10-16,94.0,7275.0,452.7,0.1683,127.45,0.1729
2026-07-14,7530.62,2026-10-16,94.0,7280.0,447.95,0.1672,127.65,0.1718
2026-07-14,7530.62,2026-10-16,94.0,7285.0,444.35,0.1671,128.65,0.1713
2026-07-14,7530.62,2026-10-16,94.0,7290.0,440.35,0.1666,129.75,0.1709
2026-07-14,7530.62,2026-10-16,94.0,7295.0,436.55,0.1662,130.75,0.1704
2026-07-14,7530.62,2026-10-16,94.0,7300.0,433.2,0.1662,132.8,0.1707
2026-07-14,7530.62,2026-10-16,94.0,7305.0,428.75,0.1654,132.9,0.1695
2026-07-14,7530.62,2026-10-16,94.0,7310.0,424.95,0.1651,134.05,0.1691
2026-07-14,7530.62,2026-10-16,94.0,7315.0,421.15,0.1647,135.1,0.1687
2026-07-14,7530.62,2026-10-16,94.0,7320.0,417.15,0.1642,136.25,0.1682
2026-07-14,7530.62,2026-10-16,94.0,7325.0,415.15,0.1651,138.2,0.1684
2026-07-14,7530.62,2026-10-16,94.0,7330.0,409.55,0.1634,138.45,0.1673
2026-07-14,7530.62,2026-10-16,94.0,7335.0,405.7,0.163,139.55,0.1668
2026-07-14,7530.62,2026-10-16,94.0,7340.0,401.9,0.1626,140.75,0.1664
2026-07-14,7530.62,2026-10-16,94.0,7345.0,398.05,0.1621,141.95,0.166
2026-07-14,7530.62,2026-10-16,94.0,7350.0,394.95,0.1622,143.95,0.1661
2026-07-14,7530.62,2026-10-16,94.0,7355.0,390.55,0.1613,144.25,0.165
2026-07-14,7530.62,2026-10-16,94.0,7360.0,386.95,0.161,145.45,0.1646
2026-07-14,7530.62,2026-10-16,94.0,7365.0,383.05,0.1605,146.65,0.1641
2026-07-14,7530.62,2026-10-16,94.0,7370.0,379.4,0.1602,147.9,0.1637
2026-07-14,7530.62,2026-10-16,94.0,7375.0,376.35,0.1603,150.05,0.1639
2026-07-14,7530.62,2026-10-16,94.0,7380.0,372.0,0.1594,150.35,0.1628
2026-07-14,7530.62,2026-10-16,94.0,7385.0,368.25,0.159,151.65,0.1623
2026-07-14,7530.62,2026-10-16,94.0,7390.0,364.55,0.1585,152.95,0.1619
2026-07-14,7530.62,2026-10-16,94.0,7395.0,361.05,0.1583,154.2,0.1614
2026-07-14,7530.62,2026-10-16,94.0,7400.0,359.2,0.1591,156.45,0.1617
2026-07-14,7530.62,2026-10-16,94.0,7405.0,353.5,0.1573,156.85,0.1606
2026-07-14,7530.62,2026-10-16,94.0,7410.0,349.85,0.1569,158.15,0.1601
2026-07-14,7530.62,2026-10-16,94.0,7415.0,346.25,0.1565,159.45,0.1596
2026-07-14,7530.62,2026-10-16,94.0,7420.0,342.65,0.1561,160.85,0.1592
2026-07-14,7530.62,2026-10-16,94.0,7425.0,341.15,0.1572,163.2,0.1594
2026-07-14,7530.62,2026-10-16,94.0,7430.0,335.55,0.1553,163.7,0.1584
2026-07-14,7530.62,2026-10-16,94.0,7435.0,332.1,0.155,165.0,0.1579
2026-07-14,7530.62,2026-10-16,94.0,7440.0,328.6,0.1547,166.45,0.1574
2026-07-14,7530.62,2026-10-16,94.0,7445.0,325.1,0.1543,167.85,0.157
2026-07-14,7530.62,2026-10-16,94.0,7450.0,323.45,0.1552,170.2,0.1572
2026-07-14,7530.62,2026-10-16,94.0,7455.0,318.1,0.1535,170.75,0.1561
2026-07-14,7530.62,2026-10-16,94.0,7460.0,314.5,0.1531,172.2,0.1556
2026-07-14,7530.62,2026-10-16,94.0,7465.0,311.15,0.1527,173.7,0.1552
2026-07-14,7530.62,2026-10-16,94.0,7470.0,307.65,0.1523,175.2,0.1548
2026-07-14,7530.62,2026-10-16,94.0,7475.0,306.1,0.1532,177.8,0.1551
2026-07-14,7530.62,2026-10-16,94.0,7480.0,300.7,0.1515,178.2,0.1538
2026-07-14,7530.62,2026-10-16,94.0,7485.0,297.35,0.1512,179.8,0.1534
2026-07-14,7530.62,2026-10-16,94.0,7490.0,294.05,0.1508,181.35,0.153
2026-07-14,7530.62,2026-10-16,94.0,7495.0,290.65,0.1504,182.95,0.1526
2026-07-14,7530.62,2026-10-16,94.0,7500.0,288.15,0.1506,185.5,0.1528
2026-07-14,7530.62,2026-10-16,94.0,7505.0,284.05,0.1497,186.15,0.1517
2026-07-14,7530.62,2026-10-16,94.0,7510.0,280.6,0.1493,187.75,0.1512
2026-07-14,7530.62,2026-10-16,94.0,7515.0,277.35,0.1489,189.4,0.1508
2026-07-14,7530.62,2026-10-16,94.0,7520.0,274.1,0.1486,191.05,0.1503
2026-07-14,7530.62,2026-10-16,94.0,7525.0,271.65,0.1488,193.65,0.1505
2026-07-14,7530.62,2026-10-16,94.0,7530.0,267.6,0.1479,194.4,0.1494
2026-07-14,7530.62,2026-10-16,94.0,7535.0,264.4,0.1475,196.15,0.149
2026-07-14,7530.62,2026-10-16,94.0,7540.0,261.1,0.1471,197.9,0.1486
2026-07-14,7530.62,2026-10-16,94.0,7545.0,258.0,0.1468,199.6,0.1481
2026-07-14,7530.62,2026-10-16,94.0,7550.0,255.75,0.147,202.5,0.1484
2026-07-14,7530.62,2026-10-16,94.0,7555.0,251.6,0.146,203.2,0.1473
2026-07-14,7530.62,2026-10-16,94.0,7560.0,248.45,0.1457,205.0,0.1468
2026-07-14,7530.62,2026-10-16,94.0,7565.0,245.35,0.1453,206.85,0.1464
2026-07-14,7530.62,2026-10-16,94.0,7570.0,242.3,0.145,208.7,0.146
2026-07-14,7530.62,2026-10-16,94.0,7575.0,240.15,0.1452,211.6,0.1462
2026-07-14,7530.62,2026-10-16,94.0,7580.0,236.1,0.1442,212.45,0.1451
2026-07-14,7530.62,2026-10-16,94.0,7585.0,233.05,0.1439,214.3,0.1447
2026-07-14,7530.62,2026-10-16,94.0,7590.0,230.15,0.1436,216.25,0.1442
2026-07-14,7530.62,2026-10-16,94.0,7595.0,227.15,0.1433,218.2,0.1438
2026-07-14,7530.62,2026-10-16,94.0,7600.0,225.2,0.1436,221.25,0.1441
2026-07-14,7530.62,2026-10-16,94.0,7605.0,221.1,0.1425,222.1,0.1429
2026-07-14,7530.62,2026-10-16,94.0,7610.0,218.15,0.1422,224.15,0.1425
2026-07-14,7530.62,2026-10-16,94.0,7615.0,215.3,0.1419,226.2,0.1421
2026-07-14,7530.62,2026-10-16,94.0,7620.0,212.45,0.1416,228.2,0.1416
2026-07-14,7530.62,2026-10-16,94.0,7625.0,210.45,0.1418,231.5,0.142
2026-07-14,7530.62,2026-10-16,94.0,7630.0,206.65,0.1409,232.4,0.1408
2026-07-14,7530.62,2026-10-16,94.0,7635.0,203.75,0.1405,234.5,0.1404
2026-07-14,7530.62,2026-10-16,94.0,7640.0,200.95,0.1402,236.6,0.1399
2026-07-14,7530.62,2026-10-16,94.0,7645.0,198.25,0.1399,238.8,0.1395
2026-07-14,7530.62,2026-10-16,94.0,7650.0,196.45,0.1402,242.05,0.1398
2026-07-14,7530.62,2026-10-16,94.0,7655.0,192.75,0.1393,243.1,0.1386
2026-07-14,7530.62,2026-10-16,94.0,7660.0,190.0,0.139,245.35,0.1382
2026-07-14,7530.62,2026-10-16,94.0,7670.0,184.65,0.1383,249.8,0.1373
2026-07-14,7530.62,2026-10-16,94.0,7675.0,182.85,0.1386,253.3,0.1377
2026-07-14,7530.62,2026-10-16,94.0,7680.0,179.25,0.1377,254.45,0.1365
2026-07-14,7530.62,2026-10-16,94.0,7690.0,174.05,0.1371,259.1,0.1356
2026-07-14,7530.62,2026-10-16,94.0,7700.0,169.95,0.1371,263.95,0.1348
2026-07-14,7530.62,2026-10-16,94.0,7710.0,163.85,0.1358,268.7,0.1339
2026-07-14,7530.62,2026-10-16,94.0,7720.0,158.95,0.1353,273.65,0.133
2026-07-14,7530.62,2026-10-16,94.0,7725.0,157.45,0.1356,276.2,0.1325
2026-07-14,7530.62,2026-10-16,94.0,7730.0,154.05,0.1346,278.65,0.132
2026-07-14,7530.62,2026-10-16,94.0,7740.0,149.3,0.1341,283.8,0.1311
2026-07-14,7530.62,2026-10-16,94.0,7750.0,145.6,0.1342,289.05,0.1302
2026-07-14,7530.62,2026-10-16,94.0,7760.0,140.05,0.133,294.3,0.1292
2026-07-14,7530.62,2026-10-16,94.0,7770.0,135.4,0.1323,299.8,0.1284
2026-07-14,7530.62,2026-10-16,94.0,7775.0,134.1,0.1326,303.45,0.1286
2026-07-14,7530.62,2026-10-16,94.0,7780.0,131.15,0.1319,305.3,0.1275
2026-07-14,7530.62,2026-10-16,94.0,7790.0,126.8,0.1313,310.8,0.1264
2026-07-14,7530.62,2026-10-16,94.0,7800.0,123.55,0.1314,316.4,0.1254
2026-07-14,7530.62,2026-10-16,94.0,7810.0,118.45,0.1302,322.25,0.1243
2026-07-14,7530.62,2026-10-16,94.0,7820.0,114.45,0.1297,328.25,0.1233
2026-07-14,7530.62,2026-10-16,94.0,7825.0,113.4,0.1301,330.9,0.1225
2026-07-14,7530.62,2026-10-16,94.0,7830.0,110.5,0.1292,334.2,0.1221
2026-07-14,7530.62,2026-10-16,94.0,7840.0,106.65,0.1287,340.0,0.1208
2026-07-14,7530.62,2026-10-16,94.0,7850.0,103.9,0.129,346.8,0.1202
2026-07-14,7530.62,2026-10-16,94.0,7860.0,99.3,0.1278,352.65,0.1186
2026-07-14,7530.62,2026-10-16,94.0,7870.0,95.75,0.1274,358.9,0.1172
2026-07-14,7530.62,2026-10-16,94.0,7875.0,94.85,0.1278,361.9,0.1163
2026-07-14,7530.62,2026-10-16,94.0,7880.0,92.25,0.1269,365.4,0.1158
2026-07-14,7530.62,2026-10-16,94.0,7890.0,88.9,0.1265,371.8,0.1141
2026-07-14,7530.62,2026-10-16,94.0,7900.0,86.5,0.1267,379.55,0.1136
2026-07-14,7530.62,2026-10-16,94.0,7910.0,82.45,0.1256,385.15,0.1105
2026-07-14,7530.62,2026-10-16,94.0,7920.0,79.35,0.1252,391.8,0.108
2026-07-14,7530.62,2026-10-16,94.0,7925.0,78.65,0.1257,396.45,0.1084
2026-07-14,7530.62,2026-10-16,94.0,7930.0,76.35,0.1248,398.8,0.1055
2026-07-14,7530.62,2026-10-16,94.0,7940.0,73.45,0.1245,405.85,0.1022
2026-07-14,7530.62,2026-10-16,94.0,7950.0,71.45,0.1248,414.05,0.0995
2026-07-14,7530.62,2026-10-16,94.0,7960.0,67.85,0.1237,,
2026-07-14,7530.62,2026-10-16,94.0,7970.0,65.15,0.1233,,
2026-07-14,7530.62,2026-10-16,94.0,7975.0,64.7,0.1239,,
2026-07-14,7530.62,2026-10-16,94.0,7980.0,62.6,0.123,,
2026-07-14,7530.62,2026-10-16,94.0,7990.0,60.1,0.1227,,
2026-07-14,7530.62,2026-10-16,94.0,8000.0,58.4,0.123,,
2026-07-14,7530.62,2026-10-16,94.0,8010.0,55.4,0.1221,,
2026-07-14,7530.62,2026-10-16,94.0,8020.0,53.05,0.1217,,
2026-07-14,7530.62,2026-10-16,94.0,8025.0,52.75,0.1223,,
2026-07-14,7530.62,2026-10-16,94.0,8030.0,50.9,0.1214,,
2026-07-14,7530.62,2026-10-16,94.0,8040.0,48.85,0.1212,,
2026-07-14,7530.62,2026-10-16,94.0,8050.0,47.45,0.1215,,
2026-07-14,7530.62,2026-10-16,94.0,8075.0,42.65,0.1209,,
2026-07-14,7530.62,2026-10-16,94.0,8100.0,38.2,0.1202,,
2026-07-14,7530.62,2026-10-16,94.0,8125.0,34.25,0.1197,,
2026-07-14,7530.62,2026-10-16,94.0,8150.0,30.55,0.1191,,
2026-07-14,7530.62,2026-10-16,94.0,8175.0,26.7,0.1179,,
2026-07-14,7530.62,2026-10-16,94.0,8200.0,24.25,0.1182,,
2026-07-14,7530.62,2026-10-16,94.0,8225.0,21.1,0.1171,,
2026-07-14,7530.62,2026-10-16,94.0,8250.0,19.15,0.1174,,
2026-07-14,7530.62,2026-10-16,94.0,8275.0,16.65,0.1166,,
2026-07-14,7530.62,2026-10-16,94.0,8300.0,15.1,0.1169,,
2026-07-14,7530.62,2026-10-16,94.0,8325.0,13.1,0.1162,,
2026-07-14,7530.62,2026-10-16,94.0,8350.0,11.9,0.1167,,
2026-07-14,7530.62,2026-10-30,108.0,5650.0,1960.85,0.281,20.2,0.3213
2026-07-14,7530.62,2026-10-30,108.0,5700.0,1912.25,0.2778,21.2,0.3163
2026-07-14,7530.62,2026-10-30,108.0,5750.0,1862.8,0.2705,22.3,0.3115
2026-07-14,7530.62,2026-10-30,108.0,5800.0,1815.85,0.2735,23.4,0.3065
2026-07-14,7530.62,2026-10-30,108.0,5850.0,1768.35,0.2731,24.6,0.3016
2026-07-14,7530.62,2026-10-30,108.0,5875.0,1742.45,0.2653,25.2,0.2992
2026-07-14,7530.62,2026-10-30,108.0,5900.0,1719.85,0.2688,25.9,0.2969
2026-07-14,7530.62,2026-10-30,108.0,5925.0,1695.25,0.2654,26.55,0.2944
2026-07-14,7530.62,2026-10-30,108.0,5950.0,1671.9,0.2659,27.25,0.292
2026-07-14,7530.62,2026-10-30,108.0,5975.0,1647.7,0.2637,28.0,0.2897
2026-07-14,7530.62,2026-10-30,108.0,6000.0,1623.65,0.2619,28.75,0.2874
2026-07-14,7530.62,2026-10-30,108.0,6025.0,1599.85,0.2606,29.55,0.2851
2026-07-14,7530.62,2026-10-30,108.0,6050.0,1576.35,0.2601,30.35,0.2827
2026-07-14,7530.62,2026-10-30,108.0,6075.0,1552.55,0.2586,31.15,0.2803
2026-07-14,7530.62,2026-10-30,108.0,6100.0,1528.8,0.2572,32.05,0.2781
2026-07-14,7530.62,2026-10-30,108.0,6125.0,1505.0,0.2555,32.95,0.2758
2026-07-14,7530.62,2026-10-30,108.0,6150.0,1480.95,0.2532,33.85,0.2734
2026-07-14,7530.62,2026-10-30,108.0,6175.0,1456.95,0.251,34.85,0.2712
2026-07-14,7530.62,2026-10-30,108.0,6200.0,1433.15,0.2491,35.85,0.269
2026-07-14,7530.62,2026-10-30,108.0,6225.0,1410.7,0.25,36.95,0.2668
2026-07-14,7530.62,2026-10-30,108.0,6250.0,1386.8,0.2477,37.95,0.2644
2026-07-14,7530.62,2026-10-30,108.0,6275.0,1363.55,0.2466,39.15,0.2623
2026-07-14,7530.62,2026-10-30,108.0,6300.0,1339.55,0.244,40.25,0.26
2026-07-14,7530.62,2026-10-30,108.0,6325.0,1316.6,0.2433,41.45,0.2578
2026-07-14,7530.62,2026-10-30,108.0,6350.0,1292.5,0.2404,42.75,0.2556
2026-07-14,7530.62,2026-10-30,108.0,6375.0,1268.85,0.2382,44.05,0.2534
2026-07-14,7530.62,2026-10-30,108.0,6400.0,1246.0,0.2374,45.35,0.2512
2026-07-14,7530.62,2026-10-30,108.0,6425.0,1222.05,0.2346,46.75,0.249
2026-07-14,7530.62,2026-10-30,108.0,6450.0,1198.9,0.233,48.2,0.2468
2026-07-14,7530.62,2026-10-30,108.0,6475.0,1176.2,0.232,49.7,0.2446
2026-07-14,7530.62,2026-10-30,108.0,6500.0,1153.1,0.2303,51.25,0.2425
2026-07-14,7530.62,2026-10-30,108.0,6525.0,1130.3,0.2289,52.85,0.2403
2026-07-14,7530.62,2026-10-30,108.0,6550.0,1106.55,0.2261,54.5,0.2381
2026-07-14,7530.62,2026-10-30,108.0,6575.0,1083.85,0.2247,56.15,0.2358
2026-07-14,7530.62,2026-10-30,108.0,6600.0,1061.25,0.2233,58.0,0.2337
2026-07-14,7530.62,2026-10-30,108.0,6625.0,1038.1,0.2211,59.85,0.2316
2026-07-14,7530.62,2026-10-30,108.0,6650.0,1015.4,0.2193,61.7,0.2293
2026-07-14,7530.62,2026-10-30,108.0,6675.0,992.8,0.2176,63.75,0.2272
2026-07-14,7530.62,2026-10-30,108.0,6700.0,970.45,0.2161,65.8,0.225
2026-07-14,7530.62,2026-10-30,108.0,6725.0,947.65,0.214,67.9,0.2228
2026-07-14,7530.62,2026-10-30,108.0,6750.0,925.2,0.2121,70.2,0.2207
2026-07-14,7530.62,2026-10-30,108.0,6775.0,902.3,0.2097,72.35,0.2184
2026-07-14,7530.62,2026-10-30,108.0,6800.0,880.05,0.2078,74.8,0.2163
2026-07-14,7530.62,2026-10-30,108.0,6825.0,857.8,0.2059,77.3,0.2141
2026-07-14,7530.62,2026-10-30,108.0,6850.0,835.7,0.204,79.9,0.212
2026-07-14,7530.62,2026-10-30,108.0,6860.0,826.9,0.2033,80.95,0.2111
2026-07-14,7530.62,2026-10-30,108.0,6870.0,818.1,0.2026,82.0,0.2102
2026-07-14,7530.62,2026-10-30,108.0,6875.0,813.7,0.2022,82.55,0.2098
2026-07-14,7530.62,2026-10-30,108.0,6880.0,809.4,0.2019,83.1,0.2093
2026-07-14,7530.62,2026-10-30,108.0,6890.0,800.5,0.201,84.2,0.2084
2026-07-14,7530.62,2026-10-30,108.0,6900.0,792.0,0.2005,85.3,0.2075
2026-07-14,7530.62,2026-10-30,108.0,6910.0,783.05,0.1995,86.35,0.2066
2026-07-14,7530.62,2026-10-30,108.0,6920.0,774.6,0.199,87.6,0.2058
2026-07-14,7530.62,2026-10-30,108.0,6925.0,770.35,0.1987,88.0,0.2052
2026-07-14,7530.62,2026-10-30,108.0,6930.0,765.85,0.1982,88.8,0.2049
2026-07-14,7530.62,2026-10-30,108.0,6940.0,756.95,0.1972,89.95,0.204
2026-07-14,7530.62,2026-10-30,108.0,6950.0,748.5,0.1966,91.2,0.2032
2026-07-14,7530.62,2026-10-30,108.0,6960.0,739.7,0.1957,92.25,0.2022
2026-07-14,7530.62,2026-10-30,108.0,6970.0,731.35,0.1952,93.65,0.2014
2026-07-14,7530.62,2026-10-30,108.0,6975.0,726.85,0.1946,94.3,0.201
2026-07-14,7530.62,2026-10-30,108.0,6980.0,722.95,0.1946,94.9,0.2005
2026-07-14,7530.62,2026-10-30,108.0,6990.0,714.0,0.1935,96.1,0.1996
2026-07-14,7530.62,2026-10-30,108.0,7000.0,705.65,0.1929,97.5,0.1988
2026-07-14,7530.62,2026-10-30,108.0,7010.0,696.95,0.192,98.65,0.1977
2026-07-14,7530.62,2026-10-30,108.0,7020.0,688.4,0.1912,100.05,0.1969
2026-07-14,7530.62,2026-10-30,108.0,7025.0,684.3,0.1909,100.85,0.1966
2026-07-14,7530.62,2026-10-30,108.0,7030.0,680.6,0.191,101.5,0.1961
2026-07-14,7530.62,2026-10-30,108.0,7040.0,671.7,0.1899,102.75,0.1951
2026-07-14,7530.62,2026-10-30,108.0,7050.0,663.0,0.1889,104.35,0.1944
2026-07-14,7530.62,2026-10-30,108.0,7060.0,654.7,0.1882,105.65,0.1934
2026-07-14,7530.62,2026-10-30,108.0,7070.0,646.45,0.1876,107.1,0.1925
2026-07-14,7530.62,2026-10-30,108.0,7075.0,642.3,0.1872,107.85,0.192
2026-07-14,7530.62,2026-10-30,108.0,7080.0,638.05,0.1868,108.7,0.1917
2026-07-14,7530.62,2026-10-30,108.0,7090.0,629.8,0.1861,110.25,0.1908
2026-07-14,7530.62,2026-10-30,108.0,7100.0,621.4,0.1852,111.8,0.19
2026-07-14,7530.62,2026-10-30,108.0,7110.0,613.2,0.1845,113.35,0.1891
2026-07-14,7530.62,2026-10-30,108.0,7120.0,604.75,0.1836,114.95,0.1882
2026-07-14,7530.62,2026-10-30,108.0,7125.0,600.3,0.183,115.75,0.1878
2026-07-14,7530.62,2026-10-30,108.0,7130.0,596.5,0.1828,116.35,0.1872
2026-07-14,7530.62,2026-10-30,108.0,7140.0,588.0,0.1818,118.0,0.1863
2026-07-14,7530.62,2026-10-30,108.0,7150.0,580.0,0.1812,119.7,0.1854
2026-07-14,7530.62,2026-10-30,108.0,7160.0,572.05,0.1806,121.55,0.1847
2026-07-14,7530.62,2026-10-30,108.0,7170.0,563.45,0.1795,123.4,0.1839
2026-07-14,7530.62,2026-10-30,108.0,7175.0,559.45,0.1791,124.05,0.1833
2026-07-14,7530.62,2026-10-30,108.0,7180.0,555.35,0.1787,125.2,0.183
2026-07-14,7530.62,2026-10-30,108.0,7190.0,547.45,0.178,126.75,0.182
2026-07-14,7530.62,2026-10-30,108.0,7200.0,539.45,0.1773,128.5,0.181
2026-07-14,7530.62,2026-10-30,108.0,7210.0,531.2,0.1763,130.4,0.1802
2026-07-14,7530.62,2026-10-30,108.0,7220.0,523.2,0.1755,132.55,0.1795
2026-07-14,7530.62,2026-10-30,108.0,7225.0,519.5,0.1754,133.25,0.1789
2026-07-14,7530.62,2026-10-30,108.0,7230.0,515.7,0.1751,134.25,0.1785
2026-07-14,7530.62,2026-10-30,108.0,7240.0,507.45,0.1741,136.35,0.1777
2026-07-14,7530.62,2026-10-30,108.0,7250.0,499.45,0.1732,138.3,0.1768
2026-07-14,7530.62,2026-10-30,108.0,7260.0,491.75,0.1725,140.25,0.1759
2026-07-14,7530.62,2026-10-30,108.0,7270.0,483.65,0.1715,142.55,0.1752
2026-07-14,7530.62,2026-10-30,108.0,7275.0,480.6,0.1718,143.5,0.1747
2026-07-14,7530.62,2026-10-30,108.0,7280.0,476.65,0.1713,144.4,0.1741
2026-07-14,7530.62,2026-10-30,108.0,7290.0,468.3,0.1701,146.55,0.1733
2026-07-14,7530.62,2026-10-30,108.0,7300.0,461.85,0.1702,148.7,0.1724
2026-07-14,7530.62,2026-10-30,108.0,7310.0,452.85,0.1685,150.95,0.1715
2026-07-14,7530.62,2026-10-30,108.0,7320.0,446.7,0.1687,153.15,0.1706
2026-07-14,7530.62,2026-10-30,108.0,7325.0,442.75,0.1682,154.65,0.1704
2026-07-14,7530.62,2026-10-30,108.0,7330.0,437.7,0.167,155.5,0.1698
2026-07-14,7530.62,2026-10-30,108.0,7340.0,431.55,0.1672,158.25,0.1692
2026-07-14,7530.62,2026-10-30,108.0,7350.0,423.9,0.1663,160.15,0.168
2026-07-14,7530.62,2026-10-30,108.0,7360.0,416.6,0.1656,162.95,0.1674
2026-07-14,7530.62,2026-10-30,108.0,7370.0,409.2,0.1648,165.15,0.1664
2026-07-14,7530.62,2026-10-30,108.0,7375.0,404.25,0.1636,166.6,0.1661
2026-07-14,7530.62,2026-10-30,108.0,7380.0,400.5,0.1632,167.75,0.1655
2026-07-14,7530.62,2026-10-30,108.0,7390.0,393.3,0.1625,170.2,0.1646
2026-07-14,7530.62,2026-10-30,108.0,7400.0,387.15,0.1625,173.0,0.1639
2026-07-14,7530.62,2026-10-30,108.0,7410.0,380.15,0.1619,175.6,0.163
2026-07-14,7530.62,2026-10-30,108.0,7420.0,372.75,0.1609,178.3,0.1621
2026-07-14,7530.62,2026-10-30,108.0,7425.0,367.95,0.1598,179.75,0.1617
2026-07-14,7530.62,2026-10-30,108.0,7430.0,365.75,0.1603,180.95,0.1612
2026-07-14,7530.62,2026-10-30,108.0,7440.0,358.65,0.1595,184.05,0.1605
2026-07-14,7530.62,2026-10-30,108.0,7450.0,351.7,0.1588,187.0,0.1597
2026-07-14,7530.62,2026-10-30,108.0,7460.0,344.8,0.1581,189.7,0.1587
2026-07-14,7530.62,2026-10-30,108.0,7470.0,337.65,0.1572,192.7,0.1578
2026-07-14,7530.62,2026-10-30,108.0,7475.0,334.3,0.1569,194.2,0.1574
2026-07-14,7530.62,2026-10-30,108.0,7480.0,330.95,0.1565,195.8,0.157
2026-07-14,7530.62,2026-10-30,108.0,7490.0,324.15,0.1558,198.85,0.1561
2026-07-14,7530.62,2026-10-30,108.0,7500.0,317.45,0.1551,202.0,0.1553
2026-07-14,7530.62,2026-10-30,108.0,7510.0,310.85,0.1544,205.35,0.1545
2026-07-14,7530.62,2026-10-30,108.0,7520.0,303.15,0.153,208.65,0.1537
2026-07-14,7530.62,2026-10-30,108.0,7525.0,301.05,0.1534,210.45,0.1534
2026-07-14,7530.62,2026-10-30,108.0,7530.0,297.65,0.1529,211.95,0.1528
2026-07-14,7530.62,2026-10-30,108.0,7540.0,290.1,0.1515,215.35,0.152
2026-07-14,7530.62,2026-10-30,108.0,7550.0,284.75,0.1515,218.8,0.1511
2026-07-14,7530.62,2026-10-30,108.0,7560.0,278.35,0.1508,222.25,0.1502
2026-07-14,7530.62,2026-10-30,108.0,7570.0,271.45,0.1497,226.05,0.1495
2026-07-14,7530.62,2026-10-30,108.0,7575.0,268.2,0.1493,227.8,0.149
2026-07-14,7530.62,2026-10-30,108.0,7580.0,264.95,0.1488,229.7,0.1487
2026-07-14,7530.62,2026-10-30,108.0,7590.0,259.05,0.1483,233.55,0.1479
2026-07-14,7530.62,2026-10-30,108.0,7600.0,252.95,0.1476,237.35,0.147
2026-07-14,7530.62,2026-10-30,108.0,7610.0,247.1,0.147,241.1,0.1461
2026-07-14,7530.62,2026-10-30,108.0,7620.0,241.25,0.1464,245.1,0.1453
2026-07-14,7530.62,2026-10-30,108.0,7625.0,238.2,0.146,247.25,0.145
2026-07-14,7530.62,2026-10-30,108.0,7630.0,235.0,0.1455,249.05,0.1444
2026-07-14,7530.62,2026-10-30,108.0,7640.0,229.35,0.1449,253.35,0.1437
2026-07-14,7530.62,2026-10-30,108.0,7650.0,223.95,0.1445,257.5,0.1428
2026-07-14,7530.62,2026-10-30,108.0,7660.0,218.3,0.1438,261.8,0.142
2026-07-14,7530.62,2026-10-30,108.0,7670.0,212.85,0.1433,266.25,0.1412
2026-07-14,7530.62,2026-10-30,108.0,7675.0,210.0,0.1429,268.4,0.1408
2026-07-14,7530.62,2026-10-30,108.0,7680.0,207.3,0.1426,270.4,0.1402
2026-07-14,7530.62,2026-10-30,108.0,7690.0,202.05,0.1421,274.9,0.1394
2026-07-14,7530.62,2026-10-30,108.0,7700.0,196.35,0.1412,279.45,0.1385
2026-07-14,7530.62,2026-10-30,108.0,7710.0,191.25,0.1407,284.25,0.1377
2026-07-14,7530.62,2026-10-30,108.0,7720.0,186.45,0.1403,289.05,0.1369
2026-07-14,7530.62,2026-10-30,108.0,7725.0,183.75,0.1399,291.45,0.1365
2026-07-14,7530.62,2026-10-30,108.0,7730.0,181.35,0.1397,292.8,0.1353
2026-07-14,7530.62,2026-10-30,108.0,7740.0,176.4,0.1391,297.7,0.1344
2026-07-14,7530.62,2026-10-30,108.0,7750.0,171.5,0.1386,303.75,0.1342
2026-07-14,7530.62,2026-10-30,108.0,7760.0,166.35,0.1378,307.55,0.1325
2026-07-14,7530.62,2026-10-30,108.0,7770.0,162.1,0.1375,312.9,0.1317
2026-07-14,7530.62,2026-10-30,108.0,7775.0,159.7,0.1372,315.35,0.1311
2026-07-14,7530.62,2026-10-30,108.0,7780.0,157.45,0.137,318.2,0.1308
2026-07-14,7530.62,2026-10-30,108.0,7790.0,152.85,0.1364,324.6,0.1306
2026-07-14,7530.62,2026-10-30,108.0,7800.0,148.3,0.1359,328.9,0.129
2026-07-14,7530.62,2026-10-30,108.0,7810.0,144.1,0.1355,334.35,0.128
2026-07-14,7530.62,2026-10-30,108.0,7820.0,139.65,0.1349,341.1,0.1277
2026-07-14,7530.62,2026-10-30,108.0,7825.0,137.65,0.1347,343.95,0.1272
2026-07-14,7530.62,2026-10-30,108.0,7830.0,135.55,0.1344,346.8,0.1267
2026-07-14,7530.62,2026-10-30,108.0,7840.0,131.05,0.1337,351.2,0.1245
2026-07-14,7530.62,2026-10-30,108.0,7850.0,127.1,0.1333,357.2,0.1235
2026-07-14,7530.62,2026-10-30,108.0,7860.0,123.4,0.133,363.15,0.1224
2026-07-14,7530.62,2026-10-30,108.0,7870.0,119.35,0.1324,370.35,0.1222
2026-07-14,7530.62,2026-10-30,108.0,7875.0,117.65,0.1323,372.1,0.1206
2026-07-14,7530.62,2026-10-30,108.0,7880.0,115.75,0.132,375.25,0.1201
2026-07-14,7530.62,2026-10-30,108.0,7900.0,108.35,0.1311,388.65,0.1181
2026-07-14,7530.62,2026-10-30,108.0,7925.0,99.65,0.13,404.9,0.1143
2026-07-14,7530.62,2026-10-30,108.0,7950.0,91.55,0.129,421.45,0.1089
2026-07-14,7530.62,2026-10-30,108.0,7975.0,84.0,0.1281,438.1,0.098
2026-07-14,7530.62,2026-10-30,108.0,8000.0,76.9,0.1273,,
2026-07-14,7530.62,2026-10-30,108.0,8025.0,70.25,0.1264,,
2026-07-14,7530.62,2026-10-30,108.0,8050.0,64.1,0.1257,,
2026-07-14,7530.62,2026-10-30,108.0,8075.0,58.4,0.125,,
2026-07-14,7530.62,2026-10-30,108.0,8100.0,53.1,0.1243,,
2026-07-14,7530.62,2026-10-30,108.0,8125.0,48.2,0.1236,,
2026-07-14,7530.62,2026-10-30,108.0,8150.0,43.7,0.1231,,
2026-07-14,7530.62,2026-10-30,108.0,8175.0,39.5,0.1225,,
2026-07-14,7530.62,2026-10-30,108.0,8200.0,35.7,0.122,,
2026-07-14,7530.62,2026-10-30,108.0,8225.0,32.25,0.1215,,
2026-07-14,7530.62,2026-10-30,108.0,8250.0,29.0,0.121,,
2026-07-14,7530.62,2026-10-30,108.0,8275.0,26.15,0.1207,,
2026-07-14,7530.62,2026-10-30,108.0,8300.0,23.5,0.1203,,
2026-07-14,7530.62,2026-10-30,108.0,8325.0,21.15,0.12,,
2026-07-14,7530.62,2026-10-30,108.0,8350.0,18.95,0.1197,,
2026-07-14,7530.62,2026-10-30,108.0,8375.0,17.05,0.1196,,
2026-07-14,7530.62,2026-10-30,108.0,8400.0,15.25,0.1193,,
2026-07-14,7530.62,2026-10-30,108.0,8450.0,12.3,0.1191,,
2026-07-14,7530.62,2026-10-30,108.0,8500.0,9.95,0.1192,,
2026-07-14,7530.62,2026-10-30,108.0,8600.0,6.55,0.1197,,
2026-07-14,7530.62,2026-11-20,129.0,5650.0,1975.45,0.2682,26.4,0.3119
2026-07-14,7530.62,2026-11-20,129.0,5675.0,1951.65,0.2681,27.1,0.3098
2026-07-14,7530.62,2026-11-20,129.0,5700.0,1927.55,0.2667,27.8,0.3076
2026-07-14,7530.62,2026-11-20,129.0,5725.0,1903.75,0.2663,28.4,0.3052
2026-07-14,7530.62,2026-11-20,129.0,5750.0,1879.8,0.2653,29.1,0.303
2026-07-14,7530.62,2026-11-20,129.0,5775.0,1856.25,0.2654,29.8,0.3007
2026-07-14,7530.62,2026-11-20,129.0,5800.0,1831.95,0.2631,30.55,0.2985
2026-07-14,7530.62,2026-11-20,129.0,5825.0,1808.05,0.2619,31.35,0.2964
2026-07-14,7530.62,2026-11-20,129.0,5850.0,1784.55,0.2617,32.1,0.2941
2026-07-14,7530.62,2026-11-20,129.0,5875.0,1760.35,0.2595,32.95,0.292
2026-07-14,7530.62,2026-11-20,129.0,5900.0,1736.75,0.2588,33.8,0.2898
2026-07-14,7530.62,2026-11-20,129.0,5925.0,1713.4,0.2587,34.65,0.2877
2026-07-14,7530.62,2026-11-20,129.0,5950.0,1689.25,0.2564,35.55,0.2855
2026-07-14,7530.62,2026-11-20,129.0,5975.0,1665.45,0.2549,36.45,0.2833
2026-07-14,7530.62,2026-11-20,129.0,6000.0,1642.25,0.2547,37.45,0.2813
2026-07-14,7530.62,2026-11-20,129.0,6025.0,1618.2,0.2525,38.4,0.2791
2026-07-14,7530.62,2026-11-20,129.0,6050.0,1595.05,0.2522,39.45,0.277
2026-07-14,7530.62,2026-11-20,129.0,6075.0,1571.0,0.2498,40.5,0.2749
2026-07-14,7530.62,2026-11-20,129.0,6100.0,1547.55,0.2487,41.55,0.2727
2026-07-14,7530.62,2026-11-20,129.0,6125.0,1523.9,0.247,42.7,0.2707
2026-07-14,7530.62,2026-11-20,129.0,6150.0,1500.6,0.246,43.85,0.2686
2026-07-14,7530.62,2026-11-20,129.0,6175.0,1477.05,0.2444,45.05,0.2665
2026-07-14,7530.62,2026-11-20,129.0,6200.0,1453.8,0.2432,46.25,0.2644
2026-07-14,7530.62,2026-11-20,129.0,6225.0,1430.35,0.2416,47.55,0.2624
2026-07-14,7530.62,2026-11-20,129.0,6250.0,1407.15,0.2404,48.85,0.2603
2026-07-14,7530.62,2026-11-20,129.0,6275.0,1384.25,0.2395,50.25,0.2583
2026-07-14,7530.62,2026-11-20,129.0,6300.0,1360.6,0.2373,51.65,0.2562
2026-07-14,7530.62,2026-11-20,129.0,6325.0,1337.45,0.2359,53.1,0.2542
2026-07-14,7530.62,2026-11-20,129.0,6350.0,1314.9,0.2353,54.65,0.2522
2026-07-14,7530.62,2026-11-20,129.0,6375.0,1291.3,0.233,56.15,0.2501
2026-07-14,7530.62,2026-11-20,129.0,6400.0,1268.3,0.2315,57.8,0.2481
2026-07-14,7530.62,2026-11-20,129.0,6425.0,1245.65,0.2304,59.45,0.2461
2026-07-14,7530.62,2026-11-20,129.0,6450.0,1222.4,0.2284,61.15,0.2441
2026-07-14,7530.62,2026-11-20,129.0,6475.0,1199.9,0.2273,62.9,0.242
2026-07-14,7530.62,2026-11-20,129.0,6500.0,1176.75,0.2253,64.75,0.24
2026-07-14,7530.62,2026-11-20,129.0,6525.0,1154.0,0.2237,66.65,0.238
2026-07-14,7530.62,2026-11-20,129.0,6550.0,1131.3,0.2221,68.55,0.236
2026-07-14,7530.62,2026-11-20,129.0,6575.0,1108.7,0.2205,70.55,0.2339
2026-07-14,7530.62,2026-11-20,129.0,6600.0,1086.15,0.2189,72.65,0.232
2026-07-14,7530.62,2026-11-20,129.0,6625.0,1064.0,0.2177,74.75,0.2299
2026-07-14,7530.62,2026-11-20,129.0,6650.0,1041.3,0.2157,76.95,0.2279
2026-07-14,7530.62,2026-11-20,129.0,6660.0,1032.3,0.215,77.9,0.2271
2026-07-14,7530.62,2026-11-20,129.0,6670.0,1023.65,0.2147,78.8,0.2263
2026-07-14,7530.62,2026-11-20,129.0,6675.0,1018.85,0.214,79.25,0.2259
2026-07-14,7530.62,2026-11-20,129.0,6680.0,1014.4,0.2137,79.75,0.2255
2026-07-14,7530.62,2026-11-20,129.0,6690.0,1005.5,0.213,80.65,0.2247
2026-07-14,7530.62,2026-11-20,129.0,6700.0,996.7,0.2124,81.6,0.2238
2026-07-14,7530.62,2026-11-20,129.0,6710.0,988.05,0.212,82.5,0.223
2026-07-14,7530.62,2026-11-20,129.0,6720.0,978.85,0.211,83.5,0.2222
2026-07-14,7530.62,2026-11-20,129.0,6725.0,974.8,0.2111,83.95,0.2217
2026-07-14,7530.62,2026-11-20,129.0,6730.0,970.0,0.2104,84.45,0.2213
2026-07-14,7530.62,2026-11-20,129.0,6740.0,961.1,0.2096,85.45,0.2205
2026-07-14,7530.62,2026-11-20,129.0,6750.0,952.25,0.209,86.45,0.2197
2026-07-14,7530.62,2026-11-20,129.0,6760.0,943.55,0.2084,87.5,0.2189
2026-07-14,7530.62,2026-11-20,129.0,6770.0,934.75,0.2077,88.55,0.2181
2026-07-14,7530.62,2026-11-20,129.0,6775.0,930.65,0.2077,89.05,0.2177
2026-07-14,7530.62,2026-11-20,129.0,6780.0,925.95,0.207,89.6,0.2173
2026-07-14,7530.62,2026-11-20,129.0,6790.0,917.1,0.2063,90.65,0.2165
2026-07-14,7530.62,2026-11-20,129.0,6800.0,908.4,0.2057,91.75,0.2157
2026-07-14,7530.62,2026-11-20,129.0,6810.0,899.55,0.2049,92.85,0.2148
2026-07-14,7530.62,2026-11-20,129.0,6820.0,890.8,0.2042,93.95,0.214
2026-07-14,7530.62,2026-11-20,129.0,6825.0,886.5,0.2039,94.55,0.2136
2026-07-14,7530.62,2026-11-20,129.0,6830.0,882.15,0.2036,95.05,0.2132
2026-07-14,7530.62,2026-11-20,129.0,6840.0,873.45,0.2029,96.25,0.2124
2026-07-14,7530.62,2026-11-20,129.0,6850.0,864.8,0.2022,97.35,0.2116
2026-07-14,7530.62,2026-11-20,129.0,6860.0,856.05,0.2015,98.55,0.2108
2026-07-14,7530.62,2026-11-20,129.0,6870.0,847.45,0.2009,99.75,0.21
2026-07-14,7530.62,2026-11-20,129.0,6875.0,843.35,0.2007,100.35,0.2095
2026-07-14,7530.62,2026-11-20,129.0,6880.0,838.75,0.2001,100.95,0.2091
2026-07-14,7530.62,2026-11-20,129.0,6890.0,830.1,0.1994,102.15,0.2083
2026-07-14,7530.62,2026-11-20,129.0,6900.0,821.45,0.1987,103.4,0.2075
2026-07-14,7530.62,2026-11-20,129.0,6910.0,812.9,0.198,104.65,0.2067
2026-07-14,7530.62,2026-11-20,129.0,6920.0,804.55,0.1975,105.95,0.2059
2026-07-14,7530.62,2026-11-20,129.0,6925.0,800.15,0.197,106.55,0.2054
2026-07-14,7530.62,2026-11-20,129.0,6930.0,796.1,0.1969,107.2,0.205
2026-07-14,7530.62,2026-11-20,129.0,6940.0,787.2,0.1959,108.55,0.2042
2026-07-14,7530.62,2026-11-20,129.0,6950.0,778.75,0.1952,109.85,0.2034
2026-07-14,7530.62,2026-11-20,129.0,6960.0,770.2,0.1945,111.15,0.2025
2026-07-14,7530.62,2026-11-20,129.0,6970.0,761.7,0.1938,112.55,0.2017
2026-07-14,7530.62,2026-11-20,129.0,6975.0,757.8,0.1937,113.25,0.2013
2026-07-14,7530.62,2026-11-20,129.0,6980.0,753.3,0.1931,113.95,0.2009
2026-07-14,7530.62,2026-11-20,129.0,6990.0,744.8,0.1924,115.35,0.2001
2026-07-14,7530.62,2026-11-20,129.0,7000.0,736.6,0.1918,116.75,0.1993
2026-07-14,7530.62,2026-11-20,129.0,7010.0,728.05,0.191,118.2,0.1985
2026-07-14,7530.62,2026-11-20,129.0,7020.0,719.6,0.1903,119.65,0.1976
2026-07-14,7530.62,2026-11-20,129.0,7025.0,715.7,0.1901,120.4,0.1972
2026-07-14,7530.62,2026-11-20,129.0,7030.0,711.25,0.1896,121.15,0.1968
2026-07-14,7530.62,2026-11-20,129.0,7040.0,702.9,0.1888,122.65,0.196
2026-07-14,7530.62,2026-11-20,129.0,7050.0,694.65,0.1882,124.2,0.1952
2026-07-14,7530.62,2026-11-20,129.0,7060.0,686.55,0.1876,125.75,0.1944
2026-07-14,7530.62,2026-11-20,129.0,7070.0,678.05,0.1867,127.3,0.1935
2026-07-14,7530.62,2026-11-20,129.0,7075.0,673.8,0.1863,128.1,0.1931
2026-07-14,7530.62,2026-11-20,129.0,7080.0,670.1,0.1862,128.9,0.1927
2026-07-14,7530.62,2026-11-20,129.0,7090.0,661.8,0.1855,130.55,0.1919
2026-07-14,7530.62,2026-11-20,129.0,7100.0,653.4,0.1846,132.2,0.1911
2026-07-14,7530.62,2026-11-20,129.0,7110.0,645.25,0.1839,133.9,0.1903
2026-07-14,7530.62,2026-11-20,129.0,7120.0,637.35,0.1834,135.6,0.1895
2026-07-14,7530.62,2026-11-20,129.0,7125.0,633.3,0.183,136.45,0.189
2026-07-14,7530.62,2026-11-20,129.0,7130.0,629.1,0.1826,137.3,0.1886
2026-07-14,7530.62,2026-11-20,129.0,7140.0,621.05,0.1819,139.1,0.1878
2026-07-14,7530.62,2026-11-20,129.0,7150.0,613.2,0.1813,140.85,0.187
2026-07-14,7530.62,2026-11-20,129.0,7160.0,605.15,0.1806,142.65,0.1862
2026-07-14,7530.62,2026-11-20,129.0,7170.0,596.95,0.1798,144.5,0.1854
2026-07-14,7530.62,2026-11-20,129.0,7175.0,593.15,0.1795,145.45,0.185
2026-07-14,7530.62,2026-11-20,129.0,7180.0,589.25,0.1792,146.4,0.1846
2026-07-14,7530.62,2026-11-20,129.0,7190.0,581.2,0.1785,148.25,0.1837
2026-07-14,7530.62,2026-11-20,129.0,7200.0,573.1,0.1776,150.2,0.1829
2026-07-14,7530.62,2026-11-20,129.0,7210.0,565.2,0.1769,152.15,0.1821
2026-07-14,7530.62,2026-11-20,129.0,7220.0,557.5,0.1763,154.15,0.1813
2026-07-14,7530.62,2026-11-20,129.0,7225.0,553.65,0.176,155.15,0.1809
2026-07-14,7530.62,2026-11-20,129.0,7230.0,549.45,0.1754,156.15,0.1805
2026-07-14,7530.62,2026-11-20,129.0,7240.0,541.95,0.1749,158.25,0.1797
2026-07-14,7530.62,2026-11-20,129.0,7250.0,534.1,0.1742,160.35,0.1789
2026-07-14,7530.62,2026-11-20,129.0,7260.0,526.4,0.1735,162.45,0.1781
2026-07-14,7530.62,2026-11-20,129.0,7270.0,518.75,0.1728,164.55,0.1772
2026-07-14,7530.62,2026-11-20,129.0,7275.0,514.9,0.1724,165.65,0.1768
2026-07-14,7530.62,2026-11-20,129.0,7280.0,511.1,0.1721,166.75,0.1764
2026-07-14,7530.62,2026-11-20,129.0,7290.0,503.3,0.1713,169.0,0.1756
2026-07-14,7530.62,2026-11-20,129.0,7300.0,495.65,0.1705,171.25,0.1748
2026-07-14,7530.62,2026-11-20,129.0,7310.0,488.3,0.17,173.55,0.174
2026-07-14,7530.62,2026-11-20,129.0,7320.0,480.85,0.1693,175.9,0.1732
2026-07-14,7530.62,2026-11-20,129.0,7325.0,477.1,0.169,177.05,0.1728
2026-07-14,7530.62,2026-11-20,129.0,7330.0,473.35,0.1686,178.25,0.1724
2026-07-14,7530.62,2026-11-20,129.0,7340.0,465.95,0.1679,180.65,0.1716
2026-07-14,7530.62,2026-11-20,129.0,7350.0,458.5,0.1672,183.15,0.1708
2026-07-14,7530.62,2026-11-20,129.0,7360.0,451.1,0.1665,185.55,0.1699
2026-07-14,7530.62,2026-11-20,129.0,7370.0,443.6,0.1657,188.15,0.1691
2026-07-14,7530.62,2026-11-20,129.0,7375.0,440.25,0.1655,189.45,0.1688
2026-07-14,7530.62,2026-11-20,129.0,7380.0,436.4,0.165,190.75,0.1684
2026-07-14,7530.62,2026-11-20,129.0,7390.0,429.1,0.1643,193.35,0.1675
2026-07-14,7530.62,2026-11-20,129.0,7400.0,421.95,0.1636,196.05,0.1668
2026-07-14,7530.62,2026-11-20,129.0,7410.0,414.95,0.163,198.7,0.1659
2026-07-14,7530.62,2026-11-20,129.0,7420.0,407.75,0.1623,201.5,0.1652
2026-07-14,7530.62,2026-11-20,129.0,7425.0,404.1,0.1619,202.85,0.1647
2026-07-14,7530.62,2026-11-20,129.0,7430.0,400.5,0.1615,204.3,0.1644
2026-07-14,7530.62,2026-11-20,129.0,7440.0,393.6,0.1609,207.1,0.1635
2026-07-14,7530.62,2026-11-20,129.0,7450.0,386.7,0.1602,210.05,0.1628
2026-07-14,7530.62,2026-11-20,129.0,7460.0,379.85,0.1596,213.0,0.162
2026-07-14,7530.62,2026-11-20,129.0,7470.0,373.15,0.159,216.0,0.1612
2026-07-14,7530.62,2026-11-20,129.0,7475.0,369.65,0.1586,217.5,0.1608
2026-07-14,7530.62,2026-11-20,129.0,7480.0,366.25,0.1583,219.0,0.1603
2026-07-14,7530.62,2026-11-20,129.0,7490.0,359.5,0.1576,222.1,0.1596
2026-07-14,7530.62,2026-11-20,129.0,7500.0,352.75,0.1569,225.3,0.1588
2026-07-14,7530.62,2026-11-20,129.0,7510.0,346.1,0.1563,228.5,0.158
2026-07-14,7530.62,2026-11-20,129.0,7520.0,339.6,0.1557,231.8,0.1572
2026-07-14,7530.62,2026-11-20,129.0,7525.0,336.4,0.1554,233.4,0.1568
2026-07-14,7530.62,2026-11-20,129.0,7530.0,333.1,0.155,235.15,0.1565
2026-07-14,7530.62,2026-11-20,129.0,7540.0,326.65,0.1544,238.55,0.1557
2026-07-14,7530.62,2026-11-20,129.0,7550.0,320.25,0.1538,242.0,0.1549
2026-07-14,7530.62,2026-11-20,129.0,7560.0,313.75,0.1531,245.4,0.1541
2026-07-14,7530.62,2026-11-20,129.0,7570.0,307.6,0.1525,248.95,0.1533
2026-07-14,7530.62,2026-11-20,129.0,7575.0,304.4,0.1522,250.9,0.153
2026-07-14,7530.62,2026-11-20,129.0,7580.0,301.35,0.1519,252.55,0.1525
2026-07-14,7530.62,2026-11-20,129.0,7590.0,295.15,0.1512,256.25,0.1517
2026-07-14,7530.62,2026-11-20,129.0,7600.0,289.05,0.1506,260.0,0.1509
2026-07-14,7530.62,2026-11-20,129.0,7610.0,282.95,0.15,263.8,0.1501
2026-07-14,7530.62,2026-11-20,129.0,7620.0,277.05,0.1494,267.65,0.1493
2026-07-14,7530.62,2026-11-20,129.0,7625.0,274.1,0.1492,269.65,0.149
2026-07-14,7530.62,2026-11-20,129.0,7630.0,271.15,0.1489,271.6,0.1486
2026-07-14,7530.62,2026-11-20,129.0,7640.0,265.25,0.1482,275.65,0.1478
2026-07-14,7530.62,2026-11-20,129.0,7650.0,259.45,0.1476,279.65,0.147
2026-07-14,7530.62,2026-11-20,129.0,7660.0,253.85,0.1471,283.85,0.1462
2026-07-14,7530.62,2026-11-20,129.0,7670.0,248.2,0.1465,288.05,0.1455
2026-07-14,7530.62,2026-11-20,129.0,7675.0,245.3,0.1462,290.2,0.1451
2026-07-14,7530.62,2026-11-20,129.0,7680.0,242.6,0.146,292.25,0.1446
2026-07-14,7530.62,2026-11-20,129.0,7690.0,237.1,0.1454,296.65,0.1439
2026-07-14,7530.62,2026-11-20,129.0,7700.0,231.7,0.1449,301.15,0.1431
2026-07-14,7530.62,2026-11-20,129.0,7710.0,226.35,0.1443,305.6,0.1423
2026-07-14,7530.62,2026-11-20,129.0,7720.0,221.0,0.1437,310.1,0.1415
2026-07-14,7530.62,2026-11-20,129.0,7725.0,218.35,0.1435,312.4,0.1411
2026-07-14,7530.62,2026-11-20,129.0,7730.0,215.85,0.1432,314.9,0.1408
2026-07-14,7530.62,2026-11-20,129.0,7740.0,210.7,0.1427,319.6,0.1399
2026-07-14,7530.62,2026-11-20,129.0,7750.0,205.6,0.1422,324.4,0.1391
2026-07-14,7530.62,2026-11-20,129.0,7760.0,200.55,0.1416,329.2,0.1383
2026-07-14,7530.62,2026-11-20,129.0,7770.0,195.65,0.1411,334.15,0.1374
2026-07-14,7530.62,2026-11-20,129.0,7775.0,193.25,0.1409,336.7,0.1371
2026-07-14,7530.62,2026-11-20,129.0,7780.0,190.85,0.1407,339.1,0.1366
2026-07-14,7530.62,2026-11-20,129.0,7790.0,186.1,0.1402,344.2,0.1358
2026-07-14,7530.62,2026-11-20,129.0,7800.0,181.35,0.1396,349.35,0.1349
2026-07-14,7530.62,2026-11-20,129.0,7810.0,176.75,0.1392,354.6,0.1341
2026-07-14,7530.62,2026-11-20,129.0,7820.0,172.25,0.1387,359.9,0.1332
2026-07-14,7530.62,2026-11-20,129.0,7825.0,170.0,0.1385,362.55,0.1328
2026-07-14,7530.62,2026-11-20,129.0,7830.0,167.7,0.1382,365.25,0.1323
2026-07-14,7530.62,2026-11-20,129.0,7840.0,163.35,0.1378,370.7,0.1313
2026-07-14,7530.62,2026-11-20,129.0,7850.0,159.05,0.1373,376.3,0.1303
2026-07-14,7530.62,2026-11-20,129.0,7860.0,154.8,0.1369,381.9,0.1293
2026-07-14,7530.62,2026-11-20,129.0,7870.0,150.6,0.1364,387.55,0.1283
2026-07-14,7530.62,2026-11-20,129.0,7875.0,148.6,0.1362,390.45,0.1278
2026-07-14,7530.62,2026-11-20,129.0,7880.0,146.55,0.136,393.35,0.1273
2026-07-14,7530.62,2026-11-20,129.0,7890.0,142.5,0.1355,399.1,0.1262
2026-07-14,7530.62,2026-11-20,129.0,7900.0,138.6,0.1351,405.25,0.1253
2026-07-14,7530.62,2026-11-20,129.0,7910.0,134.75,0.1347,411.3,0.1243
2026-07-14,7530.62,2026-11-20,129.0,7920.0,131.0,0.1343,417.3,0.123
2026-07-14,7530.62,2026-11-20,129.0,7925.0,129.15,0.1341,420.2,0.1222
2026-07-14,7530.62,2026-11-20,129.0,7930.0,127.25,0.1339,423.45,0.1217
2026-07-14,7530.62,2026-11-20,129.0,7940.0,123.65,0.1335,429.45,0.1201
2026-07-14,7530.62,2026-11-20,129.0,7950.0,120.1,0.1332,436.0,0.1188
2026-07-14,7530.62,2026-11-20,129.0,7960.0,116.6,0.1328,442.25,0.1172
2026-07-14,7530.62,2026-11-20,129.0,7970.0,113.2,0.1324,448.55,0.1152
2026-07-14,7530.62,2026-11-20,129.0,7975.0,111.55,0.1322,451.9,0.1143
2026-07-14,7530.62,2026-11-20,129.0,7980.0,109.85,0.132,455.2,0.1133
2026-07-14,7530.62,2026-11-20,129.0,7990.0,106.65,0.1317,461.7,0.1109
2026-07-14,7530.62,2026-11-20,129.0,8000.0,103.45,0.1313,468.35,0.1083
2026-07-14,7530.62,2026-11-20,129.0,8025.0,95.8,0.1305,486.5,0.1004
2026-07-14,7530.62,2026-11-20,129.0,8050.0,88.6,0.1297,,
2026-07-14,7530.62,2026-11-20,129.0,8075.0,81.85,0.129,,
2026-07-14,7530.62,2026-11-20,129.0,8100.0,75.5,0.1282,,
2026-07-14,7530.62,2026-11-20,129.0,8125.0,69.55,0.1276,,
2026-07-14,7530.62,2026-11-20,129.0,8150.0,63.95,0.1269,,
2026-07-14,7530.62,2026-11-20,129.0,8175.0,58.8,0.1263,,
2026-07-14,7530.62,2026-11-20,129.0,8200.0,54.0,0.1258,,
2026-07-14,7530.62,2026-11-20,129.0,8225.0,49.45,0.1252,,
2026-07-14,7530.62,2026-11-20,129.0,8250.0,45.3,0.1248,,
2026-07-14,7530.62,2026-11-20,129.0,8275.0,41.45,0.1243,,
2026-07-14,7530.62,2026-11-20,129.0,8300.0,37.85,0.1239,,
2026-07-14,7530.62,2026-11-20,129.0,8325.0,34.55,0.1235,,
2026-07-14,7530.62,2026-11-20,129.0,8350.0,31.5,0.1231,,
2026-07-14,7530.62,2026-11-20,129.0,8375.0,28.65,0.1227,,
2026-07-14,7530.62,2026-11-20,129.0,8400.0,26.1,0.1224,,
2026-07-14,7530.62,2026-11-20,129.0,8425.0,23.75,0.1222,,
2026-07-14,7530.62,2026-11-20,129.0,8450.0,21.55,0.1219,,
2026-07-14,7530.62,2026-11-20,129.0,8475.0,19.55,0.1216,,
2026-07-14,7530.62,2026-11-20,129.0,8500.0,17.75,0.1214,,
2026-07-14,7530.62,2026-11-20,129.0,8525.0,16.1,0.1213,,
2026-07-14,7530.62,2026-11-20,129.0,8550.0,14.6,0.1211,,
2026-07-14,7530.62,2026-11-20,129.0,8575.0,13.25,0.121,,
2026-07-14,7530.62,2026-11-20,129.0,8600.0,12.0,0.1209,,
2026-07-14,7530.62,2026-11-20,129.0,8650.0,9.95,0.121,,
2026-07-14,7530.62,2026-11-30,139.0,5700.0,1933.7,0.2585,30.25,0.3025
2026-07-14,7530.62,2026-11-30,139.0,5750.0,1886.6,0.2589,31.75,0.2982
2026-07-14,7530.62,2026-11-30,139.0,5800.0,1839.1,0.2575,33.25,0.2938
2026-07-14,7530.62,2026-11-30,139.0,5850.0,1791.6,0.2555,34.95,0.2897
2026-07-14,7530.62,2026-11-30,139.0,5900.0,1744.2,0.2535,36.75,0.2855
2026-07-14,7530.62,2026-11-30,139.0,5950.0,1697.05,0.2516,38.65,0.2814
2026-07-14,7530.62,2026-11-30,139.0,6000.0,1650.15,0.2498,40.65,0.2772
2026-07-14,7530.62,2026-11-30,139.0,6050.0,1603.15,0.2475,42.8,0.2731
2026-07-14,7530.62,2026-11-30,139.0,6100.0,1556.1,0.2447,45.1,0.2691
2026-07-14,7530.62,2026-11-30,139.0,6150.0,1509.25,0.2419,47.55,0.2651
2026-07-14,7530.62,2026-11-30,139.0,6200.0,1463.25,0.2403,50.1,0.261
2026-07-14,7530.62,2026-11-30,139.0,6250.0,1416.3,0.2367,52.9,0.2571
2026-07-14,7530.62,2026-11-30,139.0,6275.0,1392.3,0.234,54.3,0.2551
2026-07-14,7530.62,2026-11-30,139.0,6300.0,1369.95,0.2338,55.9,0.2533
2026-07-14,7530.62,2026-11-30,139.0,6325.0,1346.95,0.2325,57.35,0.2512
2026-07-14,7530.62,2026-11-30,139.0,6350.0,1323.9,0.231,59.0,0.2493
2026-07-14,7530.62,2026-11-30,139.0,6375.0,1300.85,0.2294,60.6,0.2473
2026-07-14,7530.62,2026-11-30,139.0,6400.0,1277.9,0.228,62.3,0.2453
2026-07-14,7530.62,2026-11-30,139.0,6425.0,1255.4,0.227,64.1,0.2434
2026-07-14,7530.62,2026-11-30,139.0,6450.0,1232.55,0.2254,65.9,0.2415
2026-07-14,7530.62,2026-11-30,139.0,6475.0,1209.8,0.2239,67.7,0.2395
2026-07-14,7530.62,2026-11-30,139.0,6500.0,1186.6,0.2218,69.65,0.2375
2026-07-14,7530.62,2026-11-30,139.0,6525.0,1163.9,0.2202,71.5,0.2355
2026-07-14,7530.62,2026-11-30,139.0,6550.0,1141.4,0.2188,73.55,0.2335
2026-07-14,7530.62,2026-11-30,139.0,6575.0,1119.4,0.2178,75.75,0.2317
2026-07-14,7530.62,2026-11-30,139.0,6600.0,1096.5,0.2158,77.8,0.2296
2026-07-14,7530.62,2026-11-30,139.0,6625.0,1074.1,0.2142,80.05,0.2277
2026-07-14,7530.62,2026-11-30,139.0,6650.0,1051.8,0.2126,82.35,0.2257
2026-07-14,7530.62,2026-11-30,139.0,6675.0,1029.65,0.2112,84.8,0.2238
2026-07-14,7530.62,2026-11-30,139.0,6700.0,1007.45,0.2095,87.3,0.2219
2026-07-14,7530.62,2026-11-30,139.0,6725.0,985.5,0.208,89.65,0.2198
2026-07-14,7530.62,2026-11-30,139.0,6750.0,963.45,0.2064,92.25,0.2178
2026-07-14,7530.62,2026-11-30,139.0,6775.0,942.1,0.2053,94.9,0.2158
2026-07-14,7530.62,2026-11-30,139.0,6800.0,920.1,0.2035,97.9,0.2141
2026-07-14,7530.62,2026-11-30,139.0,6825.0,898.05,0.2016,100.75,0.2121
2026-07-14,7530.62,2026-11-30,139.0,6850.0,876.4,0.1999,103.75,0.2101
2026-07-14,7530.62,2026-11-30,139.0,6875.0,855.15,0.1985,106.6,0.208
2026-07-14,7530.62,2026-11-30,139.0,6900.0,833.6,0.1967,109.7,0.2059
2026-07-14,7530.62,2026-11-30,139.0,6925.0,812.45,0.1952,113.05,0.204
2026-07-14,7530.62,2026-11-30,139.0,6950.0,790.9,0.1932,116.4,0.202
2026-07-14,7530.62,2026-11-30,139.0,6975.0,769.85,0.1916,119.8,0.2
2026-07-14,7530.62,2026-11-30,139.0,7000.0,749.15,0.1901,123.65,0.1982
2026-07-14,7530.62,2026-11-30,139.0,7025.0,728.5,0.1886,127.25,0.1961
2026-07-14,7530.62,2026-11-30,139.0,7050.0,707.8,0.1869,131.1,0.1941
2026-07-14,7530.62,2026-11-30,139.0,7075.0,686.75,0.1848,135.1,0.1921
2026-07-14,7530.62,2026-11-30,139.0,7100.0,666.5,0.1832,139.2,0.19
2026-07-14,7530.62,2026-11-30,139.0,7125.0,646.2,0.1815,143.6,0.1881
2026-07-14,7530.62,2026-11-30,139.0,7150.0,626.1,0.1798,148.1,0.1862
2026-07-14,7530.62,2026-11-30,139.0,7175.0,606.3,0.1782,152.7,0.1841
2026-07-14,7530.62,2026-11-30,139.0,7200.0,586.35,0.1764,157.55,0.1822
2026-07-14,7530.62,2026-11-30,139.0,7225.0,566.65,0.1746,162.6,0.1802
2026-07-14,7530.62,2026-11-30,139.0,7250.0,547.4,0.173,167.75,0.1782
2026-07-14,7530.62,2026-11-30,139.0,7275.0,529.65,0.1721,173.25,0.1763
2026-07-14,7530.62,2026-11-30,139.0,7300.0,510.7,0.1705,178.9,0.1743
2026-07-14,7530.62,2026-11-30,139.0,7310.0,503.05,0.1697,181.2,0.1735
2026-07-14,7530.62,2026-11-30,139.0,7320.0,495.5,0.169,183.65,0.1728
2026-07-14,7530.62,2026-11-30,139.0,7325.0,491.8,0.1687,184.75,0.1724
2026-07-14,7530.62,2026-11-30,139.0,7330.0,486.8,0.1676,186.0,0.172
2026-07-14,7530.62,2026-11-30,139.0,7340.0,480.65,0.1676,188.4,0.1712
2026-07-14,7530.62,2026-11-30,139.0,7350.0,473.3,0.167,191.05,0.1705
2026-07-14,7530.62,2026-11-30,139.0,7360.0,464.8,0.1656,193.4,0.1697
2026-07-14,7530.62,2026-11-30,139.0,7370.0,458.65,0.1656,195.85,0.1688
2026-07-14,7530.62,2026-11-30,139.0,7375.0,454.8,0.1652,197.2,0.1685
2026-07-14,7530.62,2026-11-30,139.0,7380.0,450.2,0.1643,198.6,0.1681
2026-07-14,7530.62,2026-11-30,139.0,7390.0,443.0,0.1636,201.15,0.1673
2026-07-14,7530.62,2026-11-30,139.0,7400.0,435.6,0.1628,203.9,0.1666
2026-07-14,7530.62,2026-11-30,139.0,7410.0,428.7,0.1623,206.5,0.1657
2026-07-14,7530.62,2026-11-30,139.0,7420.0,421.6,0.1616,209.25,0.165
2026-07-14,7530.62,2026-11-30,139.0,7425.0,419.1,0.1619,210.7,0.1646
2026-07-14,7530.62,2026-11-30,139.0,7430.0,415.75,0.1616,212.05,0.1642
2026-07-14,7530.62,2026-11-30,139.0,7440.0,407.6,0.1603,215.2,0.1636
2026-07-14,7530.62,2026-11-30,139.0,7450.0,401.8,0.1603,218.1,0.1628
2026-07-14,7530.62,2026-11-30,139.0,7460.0,394.75,0.1596,220.8,0.1619
2026-07-14,7530.62,2026-11-30,139.0,7470.0,388.1,0.1591,224.0,0.1612
2026-07-14,7530.62,2026-11-30,139.0,7475.0,384.6,0.1587,225.5,0.1608
2026-07-14,7530.62,2026-11-30,139.0,7480.0,381.1,0.1583,226.85,0.1603
2026-07-14,7530.62,2026-11-30,139.0,7490.0,374.5,0.1577,229.95,0.1596
2026-07-14,7530.62,2026-11-30,139.0,7500.0,367.8,0.1571,233.1,0.1588
2026-07-14,7530.62,2026-11-30,139.0,7510.0,360.0,0.1558,236.3,0.158
2026-07-14,7530.62,2026-11-30,139.0,7520.0,353.45,0.1552,239.7,0.1574
2026-07-14,7530.62,2026-11-30,139.0,7525.0,351.35,0.1556,241.1,0.1568
2026-07-14,7530.62,2026-11-30,139.0,7530.0,347.95,0.1552,243.0,0.1566
2026-07-14,7530.62,2026-11-30,139.0,7540.0,341.45,0.1546,246.35,0.1558
2026-07-14,7530.62,2026-11-30,139.0,7550.0,334.0,0.1534,249.65,0.155
2026-07-14,7530.62,2026-11-30,139.0,7560.0,328.6,0.1533,253.2,0.1543
2026-07-14,7530.62,2026-11-30,139.0,7570.0,322.25,0.1527,256.8,0.1535
2026-07-14,7530.62,2026-11-30,139.0,7575.0,319.3,0.1525,258.5,0.1531
2026-07-14,7530.62,2026-11-30,139.0,7580.0,316.15,0.1521,260.45,0.1528
2026-07-14,7530.62,2026-11-30,139.0,7590.0,309.25,0.1512,263.95,0.152
2026-07-14,7530.62,2026-11-30,139.0,7600.0,303.05,0.1505,267.65,0.1512
2026-07-14,7530.62,2026-11-30,139.0,7610.0,297.05,0.15,271.35,0.1504
2026-07-14,7530.62,2026-11-30,139.0,7620.0,291.05,0.1494,275.25,0.1497
2026-07-14,7530.62,2026-11-30,139.0,7625.0,287.65,0.1489,277.25,0.1493
2026-07-14,7530.62,2026-11-30,139.0,7630.0,285.05,0.1488,279.25,0.149
2026-07-14,7530.62,2026-11-30,139.0,7640.0,278.85,0.1481,283.2,0.1482
2026-07-14,7530.62,2026-11-30,139.0,7650.0,273.2,0.1476,287.25,0.1474
2026-07-14,7530.62,2026-11-30,139.0,7660.0,267.25,0.1469,291.3,0.1467
2026-07-14,7530.62,2026-11-30,139.0,7670.0,261.65,0.1464,295.65,0.146
2026-07-14,7530.62,2026-11-30,139.0,7675.0,258.85,0.1461,297.6,0.1455
2026-07-14,7530.62,2026-11-30,139.0,7680.0,256.45,0.1461,299.65,0.1451
2026-07-14,7530.62,2026-11-30,139.0,7690.0,250.35,0.1453,304.0,0.1444
2026-07-14,7530.62,2026-11-30,139.0,7700.0,245.4,0.145,308.1,0.1435
2026-07-14,7530.62,2026-11-30,139.0,7710.0,239.85,0.1444,312.65,0.1428
2026-07-14,7530.62,2026-11-30,139.0,7720.0,234.7,0.144,317.25,0.1421
2026-07-14,7530.62,2026-11-30,139.0,7725.0,232.05,0.1437,319.5,0.1416
2026-07-14,7530.62,2026-11-30,139.0,7730.0,228.95,0.1432,321.65,0.1412
2026-07-14,7530.62,2026-11-30,139.0,7740.0,224.05,0.1429,326.45,0.1404
2026-07-14,7530.62,2026-11-30,139.0,7750.0,219.05,0.1424,329.9,0.1389
2026-07-14,7530.62,2026-11-30,139.0,7775.0,206.35,0.1411,342.25,0.1371
2026-07-14,7530.62,2026-11-30,139.0,7800.0,194.35,0.1399,354.65,0.135
2026-07-14,7530.62,2026-11-30,139.0,7825.0,182.65,0.1387,367.45,0.1328
2026-07-14,7530.62,2026-11-30,139.0,7850.0,171.55,0.1376,382.0,0.1311
2026-07-14,7530.62,2026-11-30,139.0,7875.0,160.9,0.1366,396.0,0.1287
2026-07-14,7530.62,2026-11-30,139.0,7900.0,150.6,0.1355,409.1,0.1254
2026-07-14,7530.62,2026-11-30,139.0,7925.0,140.8,0.1345,425.2,0.1235
2026-07-14,7530.62,2026-11-30,139.0,7950.0,131.3,0.1335,439.3,0.1192
2026-07-14,7530.62,2026-11-30,139.0,7975.0,122.45,0.1326,455.85,0.1161
2026-07-14,7530.62,2026-11-30,139.0,8000.0,114.0,0.1317,472.35,0.1112
2026-07-14,7530.62,2026-11-30,139.0,8025.0,106.05,0.1309,488.85,0.1019
2026-07-14,7530.62,2026-11-30,139.0,8050.0,98.5,0.1301,,
2026-07-14,7530.62,2026-11-30,139.0,8075.0,91.35,0.1293,,
2026-07-14,7530.62,2026-11-30,139.0,8100.0,84.6,0.1286,,
2026-07-14,7530.62,2026-11-30,139.0,8125.0,78.35,0.1279,,
2026-07-14,7530.62,2026-11-30,139.0,8150.0,72.4,0.1273,,
2026-07-14,7530.62,2026-11-30,139.0,8175.0,66.85,0.1267,,
2026-07-14,7530.62,2026-11-30,139.0,8200.0,61.65,0.1261,,
2026-07-14,7530.62,2026-11-30,139.0,8225.0,56.75,0.1256,,
2026-07-14,7530.62,2026-11-30,139.0,8250.0,52.25,0.1251,,
2026-07-14,7530.62,2026-11-30,139.0,8275.0,47.95,0.1245,,
2026-07-14,7530.62,2026-11-30,139.0,8300.0,44.05,0.1241,,
2026-07-14,7530.62,2026-11-30,139.0,8350.0,37.0,0.1233,,
2026-07-14,7530.62,2026-11-30,139.0,8400.0,30.95,0.1226,,
2026-07-14,7530.62,2026-11-30,139.0,8450.0,25.85,0.122,,
2026-07-14,7530.62,2026-11-30,139.0,8500.0,21.5,0.1215,,
2026-07-14,7530.62,2026-11-30,139.0,8600.0,14.8,0.1208,,
2026-07-14,7530.62,2026-12-18,157.0,5650.0,1996.95,0.2613,35.3,0.303
2026-07-14,7530.62,2026-12-18,157.0,5675.0,1973.2,0.2604,36.1,0.3009
2026-07-14,7530.62,2026-12-18,157.0,5700.0,1949.8,0.2604,36.9,0.2988
2026-07-14,7530.62,2026-12-18,157.0,5725.0,1925.85,0.2589,37.75,0.2967
2026-07-14,7530.62,2026-12-18,157.0,5750.0,1902.2,0.258,38.65,0.2947
2026-07-14,7530.62,2026-12-18,157.0,5775.0,1878.45,0.2568,39.6,0.2928
2026-07-14,7530.62,2026-12-18,157.0,5800.0,1855.0,0.2562,40.6,0.2909
2026-07-14,7530.62,2026-12-18,157.0,5825.0,1831.4,0.2551,41.55,0.2888
2026-07-14,7530.62,2026-12-18,157.0,5850.0,1807.9,0.2542,42.55,0.2868
2026-07-14,7530.62,2026-12-18,157.0,5875.0,1784.3,0.253,43.6,0.2849
2026-07-14,7530.62,2026-12-18,157.0,5900.0,1760.9,0.2521,44.65,0.2829
2026-07-14,7530.62,2026-12-18,157.0,5925.0,1737.45,0.2511,45.8,0.281
2026-07-14,7530.62,2026-12-18,157.0,5950.0,1714.05,0.25,46.95,0.2791
2026-07-14,7530.62,2026-12-18,157.0,5975.0,1690.7,0.249,48.05,0.2771
2026-07-14,7530.62,2026-12-18,157.0,6000.0,1667.7,0.2485,49.25,0.2751
2026-07-14,7530.62,2026-12-18,157.0,6025.0,1644.0,0.2466,50.5,0.2732
2026-07-14,7530.62,2026-12-18,157.0,6050.0,1620.85,0.2457,51.8,0.2713
2026-07-14,7530.62,2026-12-18,157.0,6075.0,1597.7,0.2446,53.15,0.2695
2026-07-14,7530.62,2026-12-18,157.0,6100.0,1574.4,0.2432,54.45,0.2675
2026-07-14,7530.62,2026-12-18,157.0,6125.0,1551.25,0.242,55.85,0.2656
2026-07-14,7530.62,2026-12-18,157.0,6150.0,1528.3,0.2411,57.3,0.2638
2026-07-14,7530.62,2026-12-18,157.0,6175.0,1505.05,0.2395,58.8,0.2619
2026-07-14,7530.62,2026-12-18,157.0,6200.0,1482.05,0.2383,60.3,0.26
2026-07-14,7530.62,2026-12-18,157.0,6225.0,1459.55,0.2377,61.9,0.2582
2026-07-14,7530.62,2026-12-18,157.0,6250.0,1436.25,0.2359,63.5,0.2563
2026-07-14,7530.62,2026-12-18,157.0,6275.0,1413.4,0.2347,65.1,0.2543
2026-07-14,7530.62,2026-12-18,157.0,6300.0,1390.5,0.2333,66.85,0.2525
2026-07-14,7530.62,2026-12-18,157.0,6325.0,1367.65,0.2319,68.6,0.2507
2026-07-14,7530.62,2026-12-18,157.0,6350.0,1345.0,0.2307,70.4,0.2488
2026-07-14,7530.62,2026-12-18,157.0,6375.0,1322.2,0.2292,72.3,0.247
2026-07-14,7530.62,2026-12-18,157.0,6400.0,1299.8,0.2281,74.2,0.2451
2026-07-14,7530.62,2026-12-18,157.0,6425.0,1277.05,0.2265,76.1,0.2432
2026-07-14,7530.62,2026-12-18,157.0,6450.0,1254.75,0.2254,78.2,0.2414
2026-07-14,7530.62,2026-12-18,157.0,6475.0,1232.25,0.2239,80.25,0.2395
2026-07-14,7530.62,2026-12-18,157.0,6500.0,1209.85,0.2225,82.4,0.2377
2026-07-14,7530.62,2026-12-18,157.0,6525.0,1187.8,0.2214,84.6,0.2358
2026-07-14,7530.62,2026-12-18,157.0,6550.0,1165.15,0.2196,86.9,0.234
2026-07-14,7530.62,2026-12-18,157.0,6575.0,1142.85,0.218,89.25,0.2322
2026-07-14,7530.62,2026-12-18,157.0,6600.0,1120.9,0.2167,91.65,0.2303
2026-07-14,7530.62,2026-12-18,157.0,6625.0,1098.65,0.2151,94.0,0.2284
2026-07-14,7530.62,2026-12-18,157.0,6650.0,1076.75,0.2137,96.6,0.2265
2026-07-14,7530.62,2026-12-18,157.0,6675.0,1055.2,0.2126,99.2,0.2247
2026-07-14,7530.62,2026-12-18,157.0,6700.0,1032.95,0.2107,101.85,0.2228
2026-07-14,7530.62,2026-12-18,157.0,6725.0,1011.55,0.2095,104.65,0.2209
2026-07-14,7530.62,2026-12-18,157.0,6750.0,989.45,0.2076,107.45,0.219
2026-07-14,7530.62,2026-12-18,157.0,6775.0,967.9,0.2062,110.45,0.2172
2026-07-14,7530.62,2026-12-18,157.0,6800.0,946.35,0.2046,113.45,0.2153
2026-07-14,7530.62,2026-12-18,157.0,6825.0,924.95,0.2031,116.55,0.2134
2026-07-14,7530.62,2026-12-18,157.0,6850.0,903.65,0.2015,119.75,0.2115
2026-07-14,7530.62,2026-12-18,157.0,6875.0,882.45,0.2,123.05,0.2097
2026-07-14,7530.62,2026-12-18,157.0,6900.0,861.5,0.1986,126.45,0.2078
2026-07-14,7530.62,2026-12-18,157.0,6925.0,840.55,0.197,129.95,0.2059
2026-07-14,7530.62,2026-12-18,157.0,6950.0,819.35,0.1952,133.55,0.204
2026-07-14,7530.62,2026-12-18,157.0,6975.0,798.6,0.1937,137.3,0.2021
2026-07-14,7530.62,2026-12-18,157.0,7000.0,777.85,0.192,141.2,0.2003
2026-07-14,7530.62,2026-12-18,157.0,7025.0,757.35,0.1905,145.15,0.1984
2026-07-14,7530.62,2026-12-18,157.0,7050.0,737.1,0.189,149.3,0.1965
2026-07-14,7530.62,2026-12-18,157.0,7075.0,716.95,0.1875,153.5,0.1946
2026-07-14,7530.62,2026-12-18,157.0,7100.0,696.9,0.1859,157.9,0.1927
2026-07-14,7530.62,2026-12-18,157.0,7125.0,676.8,0.1842,162.5,0.1909
2026-07-14,7530.62,2026-12-18,157.0,7150.0,656.85,0.1826,167.15,0.1889
2026-07-14,7530.62,2026-12-18,157.0,7175.0,637.4,0.1811,172.0,0.187
2026-07-14,7530.62,2026-12-18,157.0,7200.0,617.8,0.1794,177.0,0.1851
2026-07-14,7530.62,2026-12-18,157.0,7225.0,598.65,0.1779,182.25,0.1833
2026-07-14,7530.62,2026-12-18,157.0,7250.0,579.4,0.1762,187.6,0.1814
2026-07-14,7530.62,2026-12-18,157.0,7275.0,560.4,0.1746,193.15,0.1795
2026-07-14,7530.62,2026-12-18,157.0,7300.0,541.65,0.173,198.95,0.1776
2026-07-14,7530.62,2026-12-18,157.0,7325.0,523.0,0.1714,204.95,0.1757
2026-07-14,7530.62,2026-12-18,157.0,7350.0,504.8,0.1699,211.15,0.1739
2026-07-14,7530.62,2026-12-18,157.0,7375.0,486.35,0.1681,217.6,0.172
2026-07-14,7530.62,2026-12-18,157.0,7400.0,468.6,0.1666,224.25,0.1701
2026-07-14,7530.62,2026-12-18,157.0,7425.0,451.05,0.1651,231.2,0.1683
2026-07-14,7530.62,2026-12-18,157.0,7450.0,433.9,0.1636,238.4,0.1664
2026-07-14,7530.62,2026-12-18,157.0,7475.0,416.5,0.1619,245.9,0.1646
2026-07-14,7530.62,2026-12-18,157.0,7500.0,399.75,0.1604,253.6,0.1627
2026-07-14,7530.62,2026-12-18,157.0,7525.0,383.4,0.159,261.7,0.1609
2026-07-14,7530.62,2026-12-18,157.0,7550.0,367.3,0.1576,270.1,0.1591
2026-07-14,7530.62,2026-12-18,157.0,7575.0,351.45,0.1562,278.75,0.1572
2026-07-14,7530.62,2026-12-18,157.0,7600.0,335.85,0.1547,287.8,0.1554
2026-07-14,7530.62,2026-12-18,157.0,7625.0,320.75,0.1533,297.15,0.1535
2026-07-14,7530.62,2026-12-18,157.0,7650.0,305.95,0.152,306.9,0.1517
2026-07-14,7530.62,2026-12-18,157.0,7675.0,291.55,0.1507,316.95,0.1498
2026-07-14,7530.62,2026-12-18,157.0,7700.0,277.45,0.1494,327.4,0.148
2026-07-14,7530.62,2026-12-18,157.0,7725.0,263.75,0.1481,338.3,0.1461
2026-07-14,7530.62,2026-12-18,157.0,7750.0,250.45,0.1468,349.55,0.1442
2026-07-14,7530.62,2026-12-18,157.0,7775.0,237.6,0.1456,361.2,0.1422
2026-07-14,7530.62,2026-12-18,157.0,7800.0,225.2,0.1445,373.3,0.1403
2026-07-14,7530.62,2026-12-18,157.0,7825.0,212.95,0.1433,385.7,0.1383
2026-07-14,7530.62,2026-12-18,157.0,7850.0,201.3,0.1422,398.65,0.1362
2026-07-14,7530.62,2026-12-18,157.0,7875.0,190.15,0.1412,411.85,0.1339
2026-07-14,7530.62,2026-12-18,157.0,7900.0,179.35,0.1401,425.75,0.1316
2026-07-14,7530.62,2026-12-18,157.0,7925.0,168.95,0.1391,439.85,0.1292
2026-07-14,7530.62,2026-12-18,157.0,7950.0,158.95,0.1382,454.4,0.1265
2026-07-14,7530.62,2026-12-18,157.0,7975.0,149.45,0.1373,469.4,0.1233
2026-07-14,7530.62,2026-12-18,157.0,8000.0,140.3,0.1364,485.0,0.12
2026-07-14,7530.62,2026-12-18,157.0,8025.0,131.6,0.1355,500.7,0.1151
2026-07-14,7530.62,2026-12-18,157.0,8050.0,123.3,0.1347,517.15,0.1087
2026-07-14,7530.62,2026-12-18,157.0,8075.0,115.4,0.1339,,
2026-07-14,7530.62,2026-12-18,157.0,8100.0,107.9,0.1332,,
2026-07-14,7530.62,2026-12-18,157.0,8125.0,100.8,0.1325,,
2026-07-14,7530.62,2026-12-18,157.0,8150.0,94.05,0.1318,,
2026-07-14,7530.62,2026-12-18,157.0,8175.0,87.6,0.1312,,
2026-07-14,7530.62,2026-12-18,157.0,8200.0,81.65,0.1306,,
2026-07-14,7530.62,2026-12-18,157.0,8225.0,75.9,0.13,,
2026-07-14,7530.62,2026-12-18,157.0,8250.0,70.55,0.1295,,
2026-07-14,7530.62,2026-12-18,157.0,8275.0,65.55,0.129,,
2026-07-14,7530.62,2026-12-18,157.0,8300.0,60.8,0.1285,,
2026-07-14,7530.62,2026-12-18,157.0,8325.0,56.4,0.128,,
2026-07-14,7530.62,2026-12-18,157.0,8350.0,52.2,0.1276,,
2026-07-14,7530.62,2026-12-18,157.0,8375.0,48.3,0.1272,,
2026-07-14,7530.62,2026-12-18,157.0,8400.0,44.6,0.1267,,
2026-07-14,7530.62,2026-12-18,157.0,8425.0,41.15,0.1263,,
2026-07-14,7530.62,2026-12-18,157.0,8450.0,38.0,0.126,,
2026-07-14,7530.62,2026-12-18,157.0,8475.0,34.95,0.1256,,
2026-07-14,7530.62,2026-12-18,157.0,8500.0,32.3,0.1254,,
2026-07-14,7530.62,2026-12-18,157.0,8525.0,29.65,0.125,,
2026-07-14,7530.62,2026-12-18,157.0,8550.0,27.3,0.1247,,
2026-07-14,7530.62,2026-12-18,157.0,8575.0,25.1,0.1245,,
2026-07-14,7530.62,2026-12-18,157.0,8600.0,23.1,0.1243,,
2026-07-14,7530.62,2026-12-18,157.0,8650.0,19.45,0.1238,,
2026-07-14,7530.62,2026-12-31,170.0,5650.0,2010.15,0.2663,39.0,0.2988
2026-07-14,7530.62,2026-12-31,170.0,5675.0,1986.0,0.264,39.9,0.2968
2026-07-14,7530.62,2026-12-31,170.0,5700.0,1962.1,0.2623,40.8,0.2948
2026-07-14,7530.62,2026-12-31,170.0,5710.0,1953.4,0.2635,41.15,0.294
2026-07-14,7530.62,2026-12-31,170.0,5720.0,1943.55,0.2622,41.55,0.2933
2026-07-14,7530.62,2026-12-31,170.0,5725.0,1937.6,0.2592,41.75,0.2929
2026-07-14,7530.62,2026-12-31,170.0,5730.0,1934.35,0.2622,41.9,0.2924
2026-07-14,7530.62,2026-12-31,170.0,5740.0,1925.35,0.2627,42.3,0.2917
2026-07-14,7530.62,2026-12-31,170.0,5750.0,1915.35,0.261,42.7,0.2909
2026-07-14,7530.62,2026-12-31,170.0,5760.0,1906.25,0.2612,43.1,0.2901
2026-07-14,7530.62,2026-12-31,170.0,5770.0,1897.5,0.2621,43.5,0.2894
2026-07-14,7530.62,2026-12-31,170.0,5775.0,1892.8,0.2618,43.7,0.289
2026-07-14,7530.62,2026-12-31,170.0,5780.0,1887.55,0.2605,43.9,0.2886
2026-07-14,7530.62,2026-12-31,170.0,5790.0,1878.7,0.2611,44.3,0.2878
2026-07-14,7530.62,2026-12-31,170.0,5800.0,1868.75,0.2596,44.75,0.2871
2026-07-14,7530.62,2026-12-31,170.0,5810.0,1858.8,0.258,45.2,0.2864
2026-07-14,7530.62,2026-12-31,170.0,5820.0,1850.55,0.2597,45.6,0.2856
2026-07-14,7530.62,2026-12-31,170.0,5825.0,1844.65,0.2572,45.8,0.2852
2026-07-14,7530.62,2026-12-31,170.0,5830.0,1840.6,0.2582,46.0,0.2848
2026-07-14,7530.62,2026-12-31,170.0,5840.0,1830.75,0.2568,46.5,0.2841
2026-07-14,7530.62,2026-12-31,170.0,5850.0,1821.4,0.2564,46.9,0.2833
2026-07-14,7530.62,2026-12-31,170.0,5860.0,1813.05,0.2578,47.35,0.2825
2026-07-14,7530.62,2026-12-31,170.0,5870.0,1803.15,0.2563,47.8,0.2818
2026-07-14,7530.62,2026-12-31,170.0,5875.0,1798.45,0.256,48.0,0.2813
2026-07-14,7530.62,2026-12-31,170.0,5880.0,1794.2,0.2566,48.25,0.281
2026-07-14,7530.62,2026-12-31,170.0,5890.0,1785.15,0.2566,48.7,0.2802
2026-07-14,7530.62,2026-12-31,170.0,5900.0,1774.95,0.2546,49.2,0.2795
2026-07-14,7530.62,2026-12-31,170.0,5910.0,1766.3,0.2553,49.7,0.2788
2026-07-14,7530.62,2026-12-31,170.0,5920.0,1757.05,0.255,50.1,0.2779
2026-07-14,7530.62,2026-12-31,170.0,5925.0,1751.75,0.2536,50.4,0.2777
2026-07-14,7530.62,2026-12-31,170.0,5930.0,1747.75,0.2545,50.6,0.2772
2026-07-14,7530.62,2026-12-31,170.0,5940.0,1738.55,0.2542,51.1,0.2765
2026-07-14,7530.62,2026-12-31,170.0,5950.0,1729.3,0.2538,51.6,0.2757
2026-07-14,7530.62,2026-12-31,170.0,5960.0,1719.7,0.2528,52.1,0.275
2026-07-14,7530.62,2026-12-31,170.0,5970.0,1710.7,0.2528,52.6,0.2743
2026-07-14,7530.62,2026-12-31,170.0,5975.0,1705.9,0.2523,52.8,0.2738
2026-07-14,7530.62,2026-12-31,170.0,5980.0,1700.3,0.2505,53.1,0.2735
2026-07-14,7530.62,2026-12-31,170.0,5990.0,1691.3,0.2505,53.6,0.2727
2026-07-14,7530.62,2026-12-31,170.0,6000.0,1682.85,0.2513,54.1,0.272
2026-07-14,7530.62,2026-12-31,170.0,6005.0,1677.95,0.2507,54.4,0.2716
2026-07-14,7530.62,2026-12-31,170.0,6010.0,1673.35,0.2505,54.6,0.2712
2026-07-14,7530.62,2026-12-31,170.0,6015.0,1668.6,0.25,54.9,0.2709
2026-07-14,7530.62,2026-12-31,170.0,6020.0,1664.4,0.2504,55.2,0.2705
2026-07-14,7530.62,2026-12-31,170.0,6025.0,1659.7,0.2501,55.45,0.2701
2026-07-14,7530.62,2026-12-31,170.0,6030.0,1655.0,0.2497,55.75,0.2698
2026-07-14,7530.62,2026-12-31,170.0,6035.0,1650.25,0.2493,56.0,0.2694
2026-07-14,7530.62,2026-12-31,170.0,6040.0,1645.65,0.2491,56.3,0.2691
2026-07-14,7530.62,2026-12-31,170.0,6045.0,1640.25,0.2477,56.5,0.2686
2026-07-14,7530.62,2026-12-31,170.0,6050.0,1636.25,0.2483,56.8,0.2683
2026-07-14,7530.62,2026-12-31,170.0,6055.0,1631.65,0.2481,57.1,0.2679
2026-07-14,7530.62,2026-12-31,170.0,6060.0,1627.05,0.2479,57.4,0.2676
2026-07-14,7530.62,2026-12-31,170.0,6065.0,1622.75,0.2481,57.7,0.2672
2026-07-14,7530.62,2026-12-31,170.0,6070.0,1617.25,0.2466,57.9,0.2668
2026-07-14,7530.62,2026-12-31,170.0,6075.0,1612.65,0.2463,58.2,0.2664
2026-07-14,7530.62,2026-12-31,170.0,6080.0,1608.75,0.2471,58.5,0.2661
2026-07-14,7530.62,2026-12-31,170.0,6085.0,1604.25,0.247,58.8,0.2657
2026-07-14,7530.62,2026-12-31,170.0,6090.0,1599.25,0.2462,59.1,0.2654
2026-07-14,7530.62,2026-12-31,170.0,6095.0,1595.05,0.2465,59.4,0.265
2026-07-14,7530.62,2026-12-31,170.0,6100.0,1589.75,0.2453,59.7,0.2647
2026-07-14,7530.62,2026-12-31,170.0,6105.0,1585.7,0.2458,60.0,0.2643
2026-07-14,7530.62,2026-12-31,170.0,6110.0,1580.7,0.245,60.3,0.2639
2026-07-14,7530.62,2026-12-31,170.0,6115.0,1576.4,0.2452,60.6,0.2636
2026-07-14,7530.62,2026-12-31,170.0,6120.0,1571.9,0.245,60.85,0.2631
2026-07-14,7530.62,2026-12-31,170.0,6125.0,1566.95,0.2443,61.15,0.2628
2026-07-14,7530.62,2026-12-31,170.0,6130.0,1562.55,0.2443,61.5,0.2625
2026-07-14,7530.62,2026-12-31,170.0,6135.0,1558.25,0.2445,61.8,0.2621
2026-07-14,7530.62,2026-12-31,170.0,6140.0,1553.5,0.244,62.1,0.2617
2026-07-14,7530.62,2026-12-31,170.0,6145.0,1548.8,0.2436,62.4,0.2614
2026-07-14,7530.62,2026-12-31,170.0,6150.0,1543.4,0.2422,62.7,0.261
2026-07-14,7530.62,2026-12-31,170.0,6155.0,1538.85,0.242,63.0,0.2606
2026-07-14,7530.62,2026-12-31,170.0,6160.0,1533.9,0.2413,63.3,0.2602
2026-07-14,7530.62,2026-12-31,170.0,6165.0,1529.5,0.2413,63.6,0.2598
2026-07-14,7530.62,2026-12-31,170.0,6170.0,1524.55,0.2405,63.95,0.2595
2026-07-14,7530.62,2026-12-31,170.0,6175.0,1520.15,0.2405,64.25,0.2591
2026-07-14,7530.62,2026-12-31,170.0,6180.0,1515.7,0.2404,64.6,0.2588
2026-07-14,7530.62,2026-12-31,170.0,6185.0,1511.05,0.2401,64.9,0.2584
2026-07-14,7530.62,2026-12-31,170.0,6190.0,1506.15,0.2394,65.25,0.2581
2026-07-14,7530.62,2026-12-31,170.0,6195.0,1501.8,0.2394,65.55,0.2577
2026-07-14,7530.62,2026-12-31,170.0,6200.0,1497.15,0.2391,65.9,0.2574
2026-07-14,7530.62,2026-12-31,170.0,6205.0,1493.05,0.2394,66.2,0.257
2026-07-14,7530.62,2026-12-31,170.0,6210.0,1488.45,0.2391,66.55,0.2566
2026-07-14,7530.62,2026-12-31,170.0,6215.0,1483.95,0.2389,66.95,0.2563
2026-07-14,7530.62,2026-12-31,170.0,6220.0,1478.85,0.238,67.25,0.2559
2026-07-14,7530.62,2026-12-31,170.0,6225.0,1474.8,0.2384,67.55,0.2555
2026-07-14,7530.62,2026-12-31,170.0,6230.0,1469.75,0.2375,67.9,0.2552
2026-07-14,7530.62,2026-12-31,170.0,6235.0,1465.3,0.2374,68.25,0.2548
2026-07-14,7530.62,2026-12-31,170.0,6240.0,1460.65,0.237,68.6,0.2545
2026-07-14,7530.62,2026-12-31,170.0,6245.0,1456.6,0.2374,68.95,0.2541
2026-07-14,7530.62,2026-12-31,170.0,6250.0,1451.5,0.2365,69.25,0.2537
2026-07-14,7530.62,2026-12-31,170.0,6255.0,1447.2,0.2365,69.6,0.2534
2026-07-14,7530.62,2026-12-31,170.0,6260.0,1442.9,0.2365,69.95,0.253
2026-07-14,7530.62,2026-12-31,170.0,6265.0,1438.05,0.2359,70.3,0.2526
2026-07-14,7530.62,2026-12-31,170.0,6270.0,1433.3,0.2354,70.65,0.2523
2026-07-14,7530.62,2026-12-31,170.0,6275.0,1428.95,0.2354,71.0,0.2519
2026-07-14,7530.62,2026-12-31,170.0,6280.0,1424.55,0.2353,71.4,0.2516
2026-07-14,7530.62,2026-12-31,170.0,6285.0,1419.8,0.2348,71.75,0.2512
2026-07-14,7530.62,2026-12-31,170.0,6290.0,1415.55,0.2348,72.1,0.2508
2026-07-14,7530.62,2026-12-31,170.0,6295.0,1411.2,0.2348,72.45,0.2505
2026-07-14,7530.62,2026-12-31,170.0,6300.0,1406.1,0.2339,72.85,0.2501
2026-07-14,7530.62,2026-12-31,170.0,6305.0,1401.7,0.2337,73.2,0.2498
2026-07-14,7530.62,2026-12-31,170.0,6310.0,1397.4,0.2337,73.55,0.2494
2026-07-14,7530.62,2026-12-31,170.0,6315.0,1392.65,0.2332,73.95,0.2491
2026-07-14,7530.62,2026-12-31,170.0,6320.0,1388.5,0.2334,74.3,0.2487
2026-07-14,7530.62,2026-12-31,170.0,6325.0,1383.5,0.2326,74.7,0.2483
2026-07-14,7530.62,2026-12-31,170.0,6330.0,1378.95,0.2323,75.05,0.2479
2026-07-14,7530.62,2026-12-31,170.0,6335.0,1374.55,0.2321,75.45,0.2476
2026-07-14,7530.62,2026-12-31,170.0,6340.0,1370.3,0.2322,75.85,0.2473
2026-07-14,7530.62,2026-12-31,170.0,6345.0,1365.95,0.2321,76.25,0.2469
2026-07-14,7530.62,2026-12-31,170.0,6350.0,1361.4,0.2318,76.6,0.2465
2026-07-14,7530.62,2026-12-31,170.0,6355.0,1356.6,0.2312,77.0,0.2462
2026-07-14,7530.62,2026-12-31,170.0,6360.0,1352.3,0.2311,77.35,0.2458
2026-07-14,7530.62,2026-12-31,170.0,6365.0,1347.95,0.231,77.75,0.2454
2026-07-14,7530.62,2026-12-31,170.0,6370.0,1343.25,0.2305,78.15,0.2451
2026-07-14,7530.62,2026-12-31,170.0,6375.0,1338.65,0.2302,78.55,0.2447
2026-07-14,7530.62,2026-12-31,170.0,6380.0,1334.15,0.2299,78.95,0.2444
2026-07-14,7530.62,2026-12-31,170.0,6385.0,1329.45,0.2294,79.35,0.244
2026-07-14,7530.62,2026-12-31,170.0,6390.0,1325.15,0.2293,79.75,0.2436
2026-07-14,7530.62,2026-12-31,170.0,6395.0,1320.7,0.2291,80.15,0.2433
2026-07-14,7530.62,2026-12-31,170.0,6400.0,1315.9,0.2285,80.55,0.2429
2026-07-14,7530.62,2026-12-31,170.0,6405.0,1311.7,0.2285,81.0,0.2426
2026-07-14,7530.62,2026-12-31,170.0,6410.0,1306.95,0.228,81.4,0.2422
2026-07-14,7530.62,2026-12-31,170.0,6415.0,1303.0,0.2283,81.8,0.2419
2026-07-14,7530.62,2026-12-31,170.0,6420.0,1298.0,0.2274,82.25,0.2415
2026-07-14,7530.62,2026-12-31,170.0,6425.0,1293.5,0.2271,82.65,0.2411
2026-07-14,7530.62,2026-12-31,170.0,6430.0,1289.05,0.2269,83.05,0.2408
2026-07-14,7530.62,2026-12-31,170.0,6435.0,1284.7,0.2267,83.5,0.2404
2026-07-14,7530.62,2026-12-31,170.0,6440.0,1280.5,0.2267,83.9,0.2401
2026-07-14,7530.62,2026-12-31,170.0,6445.0,1275.8,0.2262,84.35,0.2397
2026-07-14,7530.62,2026-12-31,170.0,6450.0,1271.2,0.2258,84.8,0.2394
2026-07-14,7530.62,2026-12-31,170.0,6455.0,1267.2,0.226,85.2,0.239
2026-07-14,7530.62,2026-12-31,170.0,6460.0,1262.75,0.2257,85.65,0.2386
2026-07-14,7530.62,2026-12-31,170.0,6465.0,1258.3,0.2255,86.1,0.2383
2026-07-14,7530.62,2026-12-31,170.0,6470.0,1253.6,0.2249,86.55,0.2379
2026-07-14,7530.62,2026-12-31,170.0,6475.0,1248.9,0.2244,86.95,0.2375
2026-07-14,7530.62,2026-12-31,170.0,6480.0,1244.7,0.2244,87.4,0.2372
2026-07-14,7530.62,2026-12-31,170.0,6485.0,1240.5,0.2244,87.85,0.2368
2026-07-14,7530.62,2026-12-31,170.0,6490.0,1235.55,0.2236,88.3,0.2365
2026-07-14,7530.62,2026-12-31,170.0,6495.0,1231.6,0.2238,88.75,0.2361
2026-07-14,7530.62,2026-12-31,170.0,6500.0,1226.65,0.223,89.2,0.2358
2026-07-14,7530.62,2026-12-31,170.0,6505.0,1222.7,0.2232,89.7,0.2354
2026-07-14,7530.62,2026-12-31,170.0,6510.0,1217.8,0.2225,90.15,0.2351
2026-07-14,7530.62,2026-12-31,170.0,6515.0,1213.35,0.2222,90.6,0.2347
2026-07-14,7530.62,2026-12-31,170.0,6520.0,1208.95,0.2219,91.05,0.2343
2026-07-14,7530.62,2026-12-31,170.0,6525.0,1204.85,0.222,91.55,0.234
2026-07-14,7530.62,2026-12-31,170.0,6530.0,1200.35,0.2216,92.0,0.2336
2026-07-14,7530.62,2026-12-31,170.0,6535.0,1196.15,0.2215,92.5,0.2333
2026-07-14,7530.62,2026-12-31,170.0,6540.0,1191.7,0.2212,92.95,0.2329
2026-07-14,7530.62,2026-12-31,170.0,6545.0,1187.3,0.221,93.45,0.2326
2026-07-14,7530.62,2026-12-31,170.0,6550.0,1182.65,0.2204,93.9,0.2322
2026-07-14,7530.62,2026-12-31,170.0,6555.0,1178.0,0.2199,94.4,0.2318
2026-07-14,7530.62,2026-12-31,170.0,6560.0,1174.05,0.2201,94.85,0.2314
2026-07-14,7530.62,2026-12-31,170.0,6565.0,1169.2,0.2194,95.35,0.2311
2026-07-14,7530.62,2026-12-31,170.0,6570.0,1165.05,0.2193,95.85,0.2307
2026-07-14,7530.62,2026-12-31,170.0,6575.0,1160.35,0.2188,96.35,0.2304
2026-07-14,7530.62,2026-12-31,170.0,6580.0,1156.25,0.2188,96.85,0.23
2026-07-14,7530.62,2026-12-31,170.0,6585.0,1151.85,0.2185,97.35,0.2297
2026-07-14,7530.62,2026-12-31,170.0,6590.0,1147.35,0.2181,97.85,0.2293
2026-07-14,7530.62,2026-12-31,170.0,6595.0,1142.8,0.2177,98.35,0.229
2026-07-14,7530.62,2026-12-31,170.0,6600.0,1138.4,0.2174,98.85,0.2286
2026-07-14,7530.62,2026-12-31,170.0,6605.0,1134.0,0.2171,99.35,0.2282
2026-07-14,7530.62,2026-12-31,170.0,6610.0,1129.65,0.2168,99.9,0.2279
2026-07-14,7530.62,2026-12-31,170.0,6615.0,1125.25,0.2165,100.4,0.2275
2026-07-14,7530.62,2026-12-31,170.0,6620.0,1120.85,0.2162,100.9,0.2272
2026-07-14,7530.62,2026-12-31,170.0,6625.0,1116.55,0.216,101.45,0.2268
2026-07-14,7530.62,2026-12-31,170.0,6630.0,1112.3,0.2158,101.95,0.2264
2026-07-14,7530.62,2026-12-31,170.0,6635.0,1107.75,0.2153,102.5,0.2261
2026-07-14,7530.62,2026-12-31,170.0,6640.0,1103.75,0.2154,103.05,0.2258
2026-07-14,7530.62,2026-12-31,170.0,6645.0,1099.2,0.2149,103.55,0.2254
2026-07-14,7530.62,2026-12-31,170.0,6650.0,1094.7,0.2145,104.1,0.225
2026-07-14,7530.62,2026-12-31,170.0,6655.0,1090.35,0.2142,104.65,0.2247
2026-07-14,7530.62,2026-12-31,170.0,6660.0,1086.35,0.2142,105.2,0.2243
2026-07-14,7530.62,2026-12-31,170.0,6665.0,1081.65,0.2136,105.75,0.224
2026-07-14,7530.62,2026-12-31,170.0,6670.0,1077.55,0.2135,106.25,0.2236
2026-07-14,7530.62,2026-12-31,170.0,6675.0,1073.1,0.2132,106.85,0.2232
2026-07-14,7530.62,2026-12-31,170.0,6680.0,1068.9,0.213,107.35,0.2228
2026-07-14,7530.62,2026-12-31,170.0,6685.0,1064.2,0.2124,107.95,0.2225
2026-07-14,7530.62,2026-12-31,170.0,6690.0,1060.15,0.2123,108.5,0.2221
2026-07-14,7530.62,2026-12-31,170.0,6695.0,1055.6,0.2119,109.05,0.2218
2026-07-14,7530.62,2026-12-31,170.0,6700.0,1051.3,0.2116,109.65,0.2214
2026-07-14,7530.62,2026-12-31,170.0,6705.0,1046.95,0.2113,110.15,0.221
2026-07-14,7530.62,2026-12-31,170.0,6710.0,1042.6,0.211,110.75,0.2207
2026-07-14,7530.62,2026-12-31,170.0,6715.0,1038.3,0.2107,111.35,0.2203
2026-07-14,7530.62,2026-12-31,170.0,6720.0,1034.0,0.2104,111.95,0.22
2026-07-14,7530.62,2026-12-31,170.0,6725.0,1029.75,0.2101,112.55,0.2196
2026-07-14,7530.62,2026-12-31,170.0,6730.0,1025.35,0.2098,113.05,0.2192
2026-07-14,7530.62,2026-12-31,170.0,6735.0,1021.05,0.2095,113.65,0.2189
2026-07-14,7530.62,2026-12-31,170.0,6740.0,1017.1,0.2095,114.25,0.2185
2026-07-14,7530.62,2026-12-31,170.0,6745.0,1012.45,0.2089,114.85,0.2181
2026-07-14,7530.62,2026-12-31,170.0,6750.0,1008.15,0.2086,115.45,0.2178
2026-07-14,7530.62,2026-12-31,170.0,6755.0,1003.85,0.2083,116.05,0.2174
2026-07-14,7530.62,2026-12-31,170.0,6760.0,999.9,0.2082,116.65,0.2171
2026-07-14,7530.62,2026-12-31,170.0,6765.0,995.55,0.2079,117.25,0.2167
2026-07-14,7530.62,2026-12-31,170.0,6770.0,991.4,0.2077,117.9,0.2163
2026-07-14,7530.62,2026-12-31,170.0,6775.0,986.75,0.2071,118.5,0.216
2026-07-14,7530.62,2026-12-31,170.0,6780.0,982.7,0.207,119.15,0.2156
2026-07-14,7530.62,2026-12-31,170.0,6785.0,978.3,0.2066,119.75,0.2153
2026-07-14,7530.62,2026-12-31,170.0,6790.0,973.9,0.2062,120.35,0.2149
2026-07-14,7530.62,2026-12-31,170.0,6795.0,969.65,0.2059,121.0,0.2145
2026-07-14,7530.62,2026-12-31,170.0,6800.0,965.4,0.2056,121.65,0.2142
2026-07-14,7530.62,2026-12-31,170.0,6805.0,961.15,0.2053,122.3,0.2138
2026-07-14,7530.62,2026-12-31,170.0,6810.0,957.25,0.2053,122.9,0.2134
2026-07-14,7530.62,2026-12-31,170.0,6815.0,952.8,0.2048,123.55,0.2131
2026-07-14,7530.62,2026-12-31,170.0,6820.0,948.7,0.2046,124.2,0.2127
2026-07-14,7530.62,2026-12-31,170.0,6825.0,944.15,0.2041,124.85,0.2124
2026-07-14,7530.62,2026-12-31,170.0,6830.0,940.05,0.2039,125.5,0.212
2026-07-14,7530.62,2026-12-31,170.0,6835.0,935.7,0.2035,126.2,0.2116
2026-07-14,7530.62,2026-12-31,170.0,6840.0,931.7,0.2034,126.85,0.2113
2026-07-14,7530.62,2026-12-31,170.0,6845.0,927.45,0.2031,127.4,0.2108
2026-07-14,7530.62,2026-12-31,170.0,6850.0,923.0,0.2026,128.2,0.2106
2026-07-14,7530.62,2026-12-31,170.0,6855.0,919.05,0.2025,128.85,0.2102
2026-07-14,7530.62,2026-12-31,170.0,6860.0,914.55,0.202,129.55,0.2098
2026-07-14,7530.62,2026-12-31,170.0,6865.0,910.35,0.2017,130.2,0.2094
2026-07-14,7530.62,2026-12-31,170.0,6870.0,906.3,0.2015,130.9,0.2091
2026-07-14,7530.62,2026-12-31,170.0,6875.0,902.1,0.2012,131.6,0.2087
2026-07-14,7530.62,2026-12-31,170.0,6880.0,897.7,0.2007,132.3,0.2084
2026-07-14,7530.62,2026-12-31,170.0,6885.0,893.7,0.2006,133.0,0.208
2026-07-14,7530.62,2026-12-31,170.0,6890.0,889.5,0.2002,133.7,0.2076
2026-07-14,7530.62,2026-12-31,170.0,6895.0,885.15,0.1998,134.4,0.2073
2026-07-14,7530.62,2026-12-31,170.0,6900.0,880.95,0.1995,135.1,0.2069
2026-07-14,7530.62,2026-12-31,170.0,6905.0,877.0,0.1994,135.8,0.2065
2026-07-14,7530.62,2026-12-31,170.0,6910.0,872.6,0.1989,136.5,0.2062
2026-07-14,7530.62,2026-12-31,170.0,6915.0,868.9,0.1989,137.25,0.2058
2026-07-14,7530.62,2026-12-31,170.0,6920.0,864.45,0.1984,138.0,0.2055
2026-07-14,7530.62,2026-12-31,170.0,6925.0,860.1,0.198,138.6,0.205
2026-07-14,7530.62,2026-12-31,170.0,6930.0,856.15,0.1978,139.4,0.2047
2026-07-14,7530.62,2026-12-31,170.0,6935.0,852.05,0.1975,140.2,0.2044
2026-07-14,7530.62,2026-12-31,170.0,6940.0,847.9,0.1972,140.9,0.204
2026-07-14,7530.62,2026-12-31,170.0,6945.0,843.65,0.1968,141.7,0.2036
2026-07-14,7530.62,2026-12-31,170.0,6950.0,839.65,0.1966,142.4,0.2032
2026-07-14,7530.62,2026-12-31,170.0,6955.0,835.45,0.1963,143.2,0.2029
2026-07-14,7530.62,2026-12-31,170.0,6960.0,831.45,0.1961,143.95,0.2025
2026-07-14,7530.62,2026-12-31,170.0,6965.0,827.4,0.1958,144.7,0.2021
2026-07-14,7530.62,2026-12-31,170.0,6970.0,823.05,0.1953,145.5,0.2018
2026-07-14,7530.62,2026-12-31,170.0,6975.0,818.9,0.195,146.25,0.2014
2026-07-14,7530.62,2026-12-31,170.0,6980.0,814.85,0.1947,147.05,0.2011
2026-07-14,7530.62,2026-12-31,170.0,6985.0,810.65,0.1944,147.8,0.2007
2026-07-14,7530.62,2026-12-31,170.0,6990.0,806.55,0.194,148.6,0.2003
2026-07-14,7530.62,2026-12-31,170.0,6995.0,802.45,0.1937,149.4,0.2
2026-07-14,7530.62,2026-12-31,170.0,7000.0,798.4,0.1935,150.35,0.1997
2026-07-14,7530.62,2026-12-31,170.0,7005.0,794.6,0.1933,151.0,0.1992
2026-07-14,7530.62,2026-12-31,170.0,7010.0,790.5,0.193,151.7,0.1988
2026-07-14,7530.62,2026-12-31,170.0,7015.0,786.1,0.1925,152.6,0.1985
2026-07-14,7530.62,2026-12-31,170.0,7020.0,782.2,0.1923,153.45,0.1981
2026-07-14,7530.62,2026-12-31,170.0,7025.0,777.95,0.1919,154.2,0.1977
2026-07-14,7530.62,2026-12-31,170.0,7030.0,774.1,0.1917,155.1,0.1974
2026-07-14,7530.62,2026-12-31,170.0,7035.0,769.85,0.1912,155.9,0.197
2026-07-14,7530.62,2026-12-31,170.0,7040.0,765.75,0.1909,156.8,0.1967
2026-07-14,7530.62,2026-12-31,170.0,7045.0,761.75,0.1906,157.6,0.1963
2026-07-14,7530.62,2026-12-31,170.0,7050.0,757.65,0.1903,158.5,0.1959
2026-07-14,7530.62,2026-12-31,170.0,7055.0,753.95,0.1902,159.3,0.1955
2026-07-14,7530.62,2026-12-31,170.0,7060.0,749.65,0.1897,160.2,0.1952
2026-07-14,7530.62,2026-12-31,170.0,7065.0,745.9,0.1896,160.9,0.1947
2026-07-14,7530.62,2026-12-31,170.0,7070.0,741.85,0.1892,161.9,0.1945
2026-07-14,7530.62,2026-12-31,170.0,7075.0,737.85,0.1889,162.8,0.1941
2026-07-14,7530.62,2026-12-31,170.0,7080.0,733.55,0.1884,163.7,0.1937
2026-07-14,7530.62,2026-12-31,170.0,7085.0,729.8,0.1883,164.6,0.1934
2026-07-14,7530.62,2026-12-31,170.0,7090.0,725.6,0.1878,165.45,0.193
2026-07-14,7530.62,2026-12-31,170.0,7095.0,721.5,0.1875,166.35,0.1926
2026-07-14,7530.62,2026-12-31,170.0,7100.0,717.5,0.1871,167.2,0.1922
2026-07-14,7530.62,2026-12-31,170.0,7105.0,713.55,0.1868,168.2,0.1919
2026-07-14,7530.62,2026-12-31,170.0,7110.0,709.6,0.1865,169.1,0.1915
2026-07-14,7530.62,2026-12-31,170.0,7115.0,705.6,0.1862,170.05,0.1912
2026-07-14,7530.62,2026-12-31,170.0,7120.0,701.9,0.1861,170.85,0.1907
2026-07-14,7530.62,2026-12-31,170.0,7125.0,697.65,0.1856,171.9,0.1904
2026-07-14,7530.62,2026-12-31,170.0,7130.0,694.0,0.1854,172.8,0.19
2026-07-14,7530.62,2026-12-31,170.0,7135.0,689.75,0.1849,173.8,0.1897
2026-07-14,7530.62,2026-12-31,170.0,7140.0,686.1,0.1848,174.65,0.1893
2026-07-14,7530.62,2026-12-31,170.0,7145.0,682.1,0.1845,175.55,0.1889
2026-07-14,7530.62,2026-12-31,170.0,7150.0,678.2,0.1842,176.7,0.1886
2026-07-14,7530.62,2026-12-31,170.0,7155.0,674.05,0.1837,177.65,0.1882
2026-07-14,7530.62,2026-12-31,170.0,7160.0,670.2,0.1834,178.55,0.1878
2026-07-14,7530.62,2026-12-31,170.0,7165.0,666.2,0.1831,179.5,0.1874
2026-07-14,7530.62,2026-12-31,170.0,7170.0,662.5,0.1829,180.45,0.187
2026-07-14,7530.62,2026-12-31,170.0,7175.0,658.55,0.1825,181.6,0.1868
2026-07-14,7530.62,2026-12-31,170.0,7180.0,654.65,0.1822,182.65,0.1864
2026-07-14,7530.62,2026-12-31,170.0,7185.0,650.65,0.1818,183.6,0.186
2026-07-14,7530.62,2026-12-31,170.0,7190.0,646.95,0.1816,184.65,0.1857
2026-07-14,7530.62,2026-12-31,170.0,7195.0,642.95,0.1812,185.55,0.1852
2026-07-14,7530.62,2026-12-31,170.0,7200.0,638.85,0.1808,186.7,0.1849
2026-07-14,7530.62,2026-12-31,170.0,7205.0,635.2,0.1806,187.7,0.1846
2026-07-14,7530.62,2026-12-31,170.0,7210.0,631.3,0.1802,188.75,0.1842
2026-07-14,7530.62,2026-12-31,170.0,7215.0,627.3,0.1798,189.8,0.1838
2026-07-14,7530.62,2026-12-31,170.0,7220.0,623.45,0.1795,190.9,0.1835
2026-07-14,7530.62,2026-12-31,170.0,7225.0,619.6,0.1792,191.9,0.1831
2026-07-14,7530.62,2026-12-31,170.0,7230.0,615.8,0.1789,193.1,0.1828
2026-07-14,7530.62,2026-12-31,170.0,7235.0,612.4,0.1788,194.1,0.1824
2026-07-14,7530.62,2026-12-31,170.0,7240.0,609.8,0.1792,195.05,0.1819
2026-07-14,7530.62,2026-12-31,170.0,7245.0,604.8,0.1782,196.25,0.1816
2026-07-14,7530.62,2026-12-31,170.0,7250.0,602.2,0.1786,197.25,0.1812
2026-07-14,7530.62,2026-12-31,170.0,7255.0,598.35,0.1782,198.5,0.1809
2026-07-14,7530.62,2026-12-31,170.0,7260.0,594.4,0.1778,199.55,0.1805
2026-07-14,7530.62,2026-12-31,170.0,7265.0,589.6,0.1769,200.7,0.1801
2026-07-14,7530.62,2026-12-31,170.0,7270.0,586.0,0.1767,201.85,0.1798
2026-07-14,7530.62,2026-12-31,170.0,7275.0,582.0,0.1762,202.95,0.1794
2026-07-14,7530.62,2026-12-31,170.0,7280.0,579.45,0.1766,204.1,0.179
2026-07-14,7530.62,2026-12-31,170.0,7285.0,574.4,0.1756,205.25,0.1787
2026-07-14,7530.62,2026-12-31,170.0,7290.0,572.1,0.176,206.4,0.1783
2026-07-14,7530.62,2026-12-31,170.0,7295.0,567.2,0.1751,207.7,0.178
2026-07-14,7530.62,2026-12-31,170.0,7300.0,564.65,0.1754,208.7,0.1775
2026-07-14,7530.62,2026-12-31,170.0,7305.0,559.6,0.1744,209.9,0.1772
2026-07-14,7530.62,2026-12-31,170.0,7310.0,557.1,0.1747,211.2,0.1769
2026-07-14,7530.62,2026-12-31,170.0,7315.0,553.5,0.1744,212.3,0.1764
2026-07-14,7530.62,2026-12-31,170.0,7320.0,549.95,0.1742,213.6,0.1761
2026-07-14,7530.62,2026-12-31,170.0,7325.0,544.8,0.1731,214.8,0.1758
2026-07-14,7530.62,2026-12-31,170.0,7330.0,541.15,0.1728,216.0,0.1754
2026-07-14,7530.62,2026-12-31,170.0,7335.0,538.7,0.1731,217.2,0.175
2026-07-14,7530.62,2026-12-31,170.0,7340.0,535.1,0.1729,218.45,0.1746
2026-07-14,7530.62,2026-12-31,170.0,7345.0,531.45,0.1725,219.75,0.1743
2026-07-14,7530.62,2026-12-31,170.0,7350.0,526.65,0.1716,220.9,0.1739
2026-07-14,7530.62,2026-12-31,170.0,7355.0,524.25,0.172,222.2,0.1735
2026-07-14,7530.62,2026-12-31,170.0,7360.0,519.2,0.1709,223.5,0.1732
2026-07-14,7530.62,2026-12-31,170.0,7365.0,516.0,0.1708,224.65,0.1727
2026-07-14,7530.62,2026-12-31,170.0,7370.0,513.35,0.171,226.1,0.1724
2026-07-14,7530.62,2026-12-31,170.0,7375.0,508.8,0.1702,227.4,0.1721
2026-07-14,7530.62,2026-12-31,170.0,7380.0,506.15,0.1704,228.8,0.1717
2026-07-14,7530.62,2026-12-31,170.0,7385.0,502.65,0.1701,230.0,0.1713
2026-07-14,7530.62,2026-12-31,170.0,7390.0,499.05,0.1698,231.4,0.171
2026-07-14,7530.62,2026-12-31,170.0,7395.0,495.45,0.1694,232.75,0.1706
2026-07-14,7530.62,2026-12-31,170.0,7400.0,490.8,0.1685,234.05,0.1702
2026-07-14,7530.62,2026-12-31,170.0,7405.0,488.3,0.1688,235.5,0.1699
2026-07-14,7530.62,2026-12-31,170.0,7410.0,483.6,0.1679,236.8,0.1695
2026-07-14,7530.62,2026-12-31,170.0,7415.0,481.4,0.1682,238.2,0.1692
2026-07-14,7530.62,2026-12-31,170.0,7420.0,477.8,0.1679,239.6,0.1688
2026-07-14,7530.62,2026-12-31,170.0,7425.0,473.2,0.167,241.0,0.1684
2026-07-14,7530.62,2026-12-31,170.0,7430.0,469.55,0.1666,242.4,0.1681
2026-07-14,7530.62,2026-12-31,170.0,7435.0,466.0,0.1663,243.85,0.1677
2026-07-14,7530.62,2026-12-31,170.0,7440.0,462.8,0.1661,245.25,0.1673
2026-07-14,7530.62,2026-12-31,170.0,7445.0,460.35,0.1663,246.75,0.167
2026-07-14,7530.62,2026-12-31,170.0,7450.0,456.95,0.1661,248.05,0.1665
2026-07-14,7530.62,2026-12-31,170.0,7455.0,453.55,0.1658,249.55,0.1662
2026-07-14,7530.62,2026-12-31,170.0,7460.0,448.8,0.1648,251.15,0.1659
2026-07-14,7530.62,2026-12-31,170.0,7465.0,446.65,0.1652,252.55,0.1655
2026-07-14,7530.62,2026-12-31,170.0,7470.0,443.1,0.1648,254.05,0.1651
2026-07-14,7530.62,2026-12-31,170.0,7475.0,439.85,0.1646,255.55,0.1648
2026-07-14,7530.62,2026-12-31,170.0,7480.0,436.3,0.1642,257.15,0.1645
2026-07-14,7530.62,2026-12-31,170.0,7485.0,433.1,0.164,258.3,0.1639
2026-07-14,7530.62,2026-12-31,170.0,7490.0,429.75,0.1637,260.05,0.1636
2026-07-14,7530.62,2026-12-31,170.0,7495.0,426.4,0.1634,261.3,0.1631
2026-07-14,7530.62,2026-12-31,170.0,7500.0,423.0,0.1631,263.2,0.1629
2026-07-14,7530.62,2026-12-31,170.0,7505.0,419.8,0.1628,264.45,0.1624
2026-07-14,7530.62,2026-12-31,170.0,7510.0,416.25,0.1624,266.4,0.1622
2026-07-14,7530.62,2026-12-31,170.0,7515.0,413.05,0.1622,267.65,0.1617
2026-07-14,7530.62,2026-12-31,170.0,7520.0,409.75,0.1619,269.6,0.1615
2026-07-14,7530.62,2026-12-31,170.0,7525.0,406.35,0.1615,271.2,0.1611
2026-07-14,7530.62,2026-12-31,170.0,7530.0,403.15,0.1613,272.85,0.1608
2026-07-14,7530.62,2026-12-31,170.0,7535.0,399.9,0.161,274.05,0.1602
2026-07-14,7530.62,2026-12-31,170.0,7540.0,395.5,0.1601,276.05,0.16
2026-07-14,7530.62,2026-12-31,170.0,7545.0,393.5,0.1604,277.35,0.1595
2026-07-14,7530.62,2026-12-31,170.0,7550.0,390.2,0.1601,279.35,0.1593
2026-07-14,7530.62,2026-12-31,170.0,7555.0,386.0,0.1593,281.05,0.1589
2026-07-14,7530.62,2026-12-31,170.0,7560.0,383.85,0.1596,282.85,0.1586
2026-07-14,7530.62,2026-12-31,170.0,7565.0,379.6,0.1588,284.15,0.158
2026-07-14,7530.62,2026-12-31,170.0,7570.0,377.45,0.159,286.35,0.1579
2026-07-14,7530.62,2026-12-31,170.0,7575.0,373.4,0.1583,287.9,0.1574
2026-07-14,7530.62,2026-12-31,170.0,7580.0,370.2,0.158,289.7,0.1571
2026-07-14,7530.62,2026-12-31,170.0,7585.0,367.05,0.1577,291.2,0.1566
2026-07-14,7530.62,2026-12-31,170.0,7590.0,363.6,0.1572,293.25,0.1564
2026-07-14,7530.62,2026-12-31,170.0,7595.0,360.8,0.1571,295.1,0.156
2026-07-14,7530.62,2026-12-31,170.0,7600.0,357.85,0.1569,296.85,0.1556
2026-07-14,7530.62,2026-12-31,170.0,7605.0,354.4,0.1564,298.3,0.1551
2026-07-14,7530.62,2026-12-31,170.0,7610.0,351.75,0.1564,300.5,0.1549
2026-07-14,7530.62,2026-12-31,170.0,7615.0,348.55,0.156,302.0,0.1544
2026-07-14,7530.62,2026-12-31,170.0,7620.0,345.55,0.1558,304.05,0.1541
2026-07-14,7530.62,2026-12-31,170.0,7625.0,342.6,0.1555,306.0,0.1538
2026-07-14,7530.62,2026-12-31,170.0,7630.0,339.25,0.1551,307.8,0.1534
2026-07-14,7530.62,2026-12-31,170.0,7635.0,336.4,0.1549,309.3,0.1528
2026-07-14,7530.62,2026-12-31,170.0,7640.0,333.25,0.1546,311.7,0.1527
2026-07-14,7530.62,2026-12-31,170.0,7645.0,330.4,0.1544,313.4,0.1522
2026-07-14,7530.62,2026-12-31,170.0,7650.0,327.65,0.1542,315.4,0.1519
2026-07-14,7530.62,2026-12-31,170.0,7655.0,324.55,0.1539,317.15,0.1515
2026-07-14,7530.62,2026-12-31,170.0,7660.0,321.75,0.1537,319.4,0.1512
2026-07-14,7530.62,2026-12-31,170.0,7665.0,318.4,0.1532,321.0,0.1507
2026-07-14,7530.62,2026-12-31,170.0,7670.0,315.55,0.153,323.35,0.1505
2026-07-14,7530.62,2026-12-31,170.0,7675.0,312.7,0.1527,325.35,0.1501
2026-07-14,7530.62,2026-12-31,170.0,7680.0,309.9,0.1525,327.4,0.1498
2026-07-14,7530.62,2026-12-31,170.0,7685.0,307.15,0.1523,329.2,0.1493
2026-07-14,7530.62,2026-12-31,170.0,7690.0,304.4,0.1521,331.45,0.149
2026-07-14,7530.62,2026-12-31,170.0,7695.0,301.5,0.1518,333.6,0.1487
2026-07-14,7530.62,2026-12-31,170.0,7700.0,298.8,0.1516,335.7,0.1483
2026-07-14,7530.62,2026-12-31,170.0,7705.0,295.6,0.1511,337.25,0.1477
2026-07-14,7530.62,2026-12-31,170.0,7710.0,292.75,0.1509,339.7,0.1475
2026-07-14,7530.62,2026-12-31,170.0,7715.0,290.25,0.1507,341.45,0.1469
2026-07-14,7530.62,2026-12-31,170.0,7720.0,287.55,0.1505,344.1,0.1468
2026-07-14,7530.62,2026-12-31,170.0,7725.0,284.5,0.1501,346.2,0.1464
2026-07-14,7530.62,2026-12-31,170.0,7730.0,282.1,0.15,348.45,0.146
2026-07-14,7530.62,2026-12-31,170.0,7740.0,276.65,0.1495,352.8,0.1453
2026-07-14,7530.62,2026-12-31,170.0,7750.0,271.3,0.1491,357.35,0.1446
2026-07-14,7530.62,2026-12-31,170.0,7760.0,265.9,0.1485,361.7,0.1437
2026-07-14,7530.62,2026-12-31,170.0,7770.0,260.4,0.1479,366.4,0.143
2026-07-14,7530.62,2026-12-31,170.0,7775.0,257.8,0.1477,368.55,0.1425
2026-07-14,7530.62,2026-12-31,170.0,7780.0,255.55,0.1476,370.9,0.1422
2026-07-14,7530.62,2026-12-31,170.0,7790.0,250.35,0.1471,375.45,0.1413
2026-07-14,7530.62,2026-12-31,170.0,7800.0,245.35,0.1467,380.4,0.1407
2026-07-14,7530.62,2026-12-31,170.0,7810.0,240.35,0.1462,383.95,0.1392
2026-07-14,7530.62,2026-12-31,170.0,7820.0,235.35,0.1457,390.0,0.1391
2026-07-14,7530.62,2026-12-31,170.0,7825.0,232.85,0.1454,391.3,0.1381
2026-07-14,7530.62,2026-12-31,170.0,7830.0,230.4,0.1452,394.85,0.1382
2026-07-14,7530.62,2026-12-31,170.0,7840.0,225.65,0.1448,399.7,0.1373
2026-07-14,7530.62,2026-12-31,170.0,7850.0,220.85,0.1443,404.8,0.1364
2026-07-14,7530.62,2026-12-31,170.0,7860.0,216.1,0.1439,410.05,0.1356
2026-07-14,7530.62,2026-12-31,170.0,7870.0,211.65,0.1435,414.0,0.134
2026-07-14,7530.62,2026-12-31,170.0,7875.0,209.35,0.1433,416.55,0.1335
2026-07-14,7530.62,2026-12-31,170.0,7880.0,207.0,0.143,420.4,0.1337
2026-07-14,7530.62,2026-12-31,170.0,7890.0,202.45,0.1426,424.55,0.1321
2026-07-14,7530.62,2026-12-31,170.0,7900.0,198.15,0.1422,429.7,0.131
2026-07-14,7530.62,2026-12-31,170.0,7910.0,193.65,0.1418,435.3,0.1302
2026-07-14,7530.62,2026-12-31,170.0,7920.0,189.45,0.1414,442.0,0.1299
2026-07-14,7530.62,2026-12-31,170.0,7925.0,187.35,0.1412,443.6,0.1287
2026-07-14,7530.62,2026-12-31,170.0,7930.0,185.25,0.141,446.35,0.1282
2026-07-14,7530.62,2026-12-31,170.0,7940.0,181.05,0.1406,452.05,0.1272
2026-07-14,7530.62,2026-12-31,170.0,7950.0,176.9,0.1402,458.8,0.1267
2026-07-14,7530.62,2026-12-31,170.0,7960.0,172.95,0.1399,463.35,0.1247
2026-07-14,7530.62,2026-12-31,170.0,7970.0,168.85,0.1394,469.25,0.1235
2026-07-14,7530.62,2026-12-31,170.0,7975.0,167.0,0.1393,472.05,0.1227
2026-07-14,7530.62,2026-12-31,170.0,7980.0,164.95,0.1391,476.15,0.1228
2026-07-14,7530.62,2026-12-31,170.0,7985.0,163.05,0.1389,478.0,0.1213
2026-07-14,7530.62,2026-12-31,170.0,7990.0,161.25,0.1388,480.95,0.1206
2026-07-14,7530.62,2026-12-31,170.0,7995.0,159.25,0.1385,485.2,0.1208
2026-07-14,7530.62,2026-12-31,170.0,8000.0,157.35,0.1383,488.0,0.12
2026-07-14,7530.62,2026-12-31,170.0,8005.0,155.4,0.1381,490.0,0.1184
2026-07-14,7530.62,2026-12-31,170.0,8010.0,153.55,0.138,494.4,0.1186
2026-07-14,7530.62,2026-12-31,170.0,8015.0,151.8,0.1378,496.05,0.1165
2026-07-14,7530.62,2026-12-31,170.0,8020.0,150.05,0.1377,500.45,0.1167
2026-07-14,7530.62,2026-12-31,170.0,8025.0,148.3,0.1375,503.6,0.1157
2026-07-14,7530.62,2026-12-31,170.0,8030.0,146.5,0.1374,506.55,0.1145
2026-07-14,7530.62,2026-12-31,170.0,8035.0,144.65,0.1372,509.6,0.1134
2026-07-14,7530.62,2026-12-31,170.0,8040.0,142.9,0.137,511.3,0.1109
2026-07-14,7530.62,2026-12-31,170.0,8045.0,141.1,0.1368,515.6,0.1108
2026-07-14,7530.62,2026-12-31,170.0,8050.0,139.4,0.1366,518.8,0.1092
2026-07-14,7530.62,2026-12-31,170.0,8055.0,137.7,0.1365,522.0,0.1073
2026-07-14,7530.62,2026-12-31,170.0,8060.0,136.05,0.1363,525.2,0.105
2026-07-14,7530.62,2026-12-31,170.0,8065.0,134.2,0.1361,528.4,0.1025
2026-07-14,7530.62,2026-12-31,170.0,8070.0,132.6,0.136,,
2026-07-14,7530.62,2026-12-31,170.0,8075.0,130.95,0.1358,,
2026-07-14,7530.62,2026-12-31,170.0,8080.0,129.35,0.1357,,
2026-07-14,7530.62,2026-12-31,170.0,8085.0,127.75,0.1355,,
2026-07-14,7530.62,2026-12-31,170.0,8090.0,126.15,0.1354,,
2026-07-14,7530.62,2026-12-31,170.0,8095.0,124.5,0.1352,,
2026-07-14,7530.62,2026-12-31,170.0,8100.0,122.9,0.135,,
2026-07-14,7530.62,2026-12-31,170.0,8105.0,121.4,0.1349,,
2026-07-14,7530.62,2026-12-31,170.0,8110.0,119.85,0.1347,,
2026-07-14,7530.62,2026-12-31,170.0,8115.0,118.3,0.1346,,
2026-07-14,7530.62,2026-12-31,170.0,8120.0,116.9,0.1345,,
2026-07-14,7530.62,2026-12-31,170.0,8125.0,115.3,0.1343,,
2026-07-14,7530.62,2026-12-31,170.0,8130.0,113.85,0.1341,,
2026-07-14,7530.62,2026-12-31,170.0,8135.0,112.4,0.134,,
2026-07-14,7530.62,2026-12-31,170.0,8140.0,110.95,0.1339,,
2026-07-14,7530.62,2026-12-31,170.0,8150.0,108.1,0.1336,,
2026-07-14,7530.62,2026-12-31,170.0,8160.0,105.3,0.1333,,
2026-07-14,7530.62,2026-12-31,170.0,8170.0,102.6,0.1331,,
2026-07-14,7530.62,2026-12-31,170.0,8175.0,101.2,0.1329,,
2026-07-14,7530.62,2026-12-31,170.0,8180.0,99.9,0.1328,,
2026-07-14,7530.62,2026-12-31,170.0,8190.0,97.25,0.1325,,
