date,spot,expiry,T_days,strike,call_mid,call_iv,put_mid,put_iv
2026-07-07,7503.85,2026-07-08,1.0,5800.0,,,0.03,139.36
2026-07-07,7503.85,2026-07-08,1.0,5900.0,,,0.03,130.63
2026-07-07,7503.85,2026-07-08,1.0,6000.0,,,0.03,122.03
2026-07-07,7503.85,2026-07-08,1.0,6100.0,,,0.03,113.53
2026-07-07,7503.85,2026-07-08,1.0,6200.0,,,0.03,105.15
2026-07-07,7503.85,2026-07-08,1.0,6275.0,,,0.03,98.93
2026-07-07,7503.85,2026-07-08,1.0,6300.0,,,0.03,96.86
2026-07-07,7503.85,2026-07-08,1.0,6325.0,,,0.03,94.81
2026-07-07,7503.85,2026-07-08,1.0,6350.0,,,0.03,92.76
2026-07-07,7503.85,2026-07-08,1.0,6375.0,,,0.03,90.71
2026-07-07,7503.85,2026-07-08,1.0,6400.0,,,0.03,88.67
2026-07-07,7503.85,2026-07-08,1.0,6425.0,,,0.03,86.64
2026-07-07,7503.85,2026-07-08,1.0,6450.0,,,0.03,84.61
2026-07-07,7503.85,2026-07-08,1.0,6475.0,,,0.03,82.59
2026-07-07,7503.85,2026-07-08,1.0,6500.0,,,0.03,80.57
2026-07-07,7503.85,2026-07-08,1.0,6525.0,,,0.03,78.56
2026-07-07,7503.85,2026-07-08,1.0,6550.0,,,0.03,76.55
2026-07-07,7503.85,2026-07-08,1.0,6575.0,,,0.03,74.54
2026-07-07,7503.85,2026-07-08,1.0,6600.0,902.1,165.46,0.03,72.54
2026-07-07,7503.85,2026-07-08,1.0,6625.0,,,0.03,70.55
2026-07-07,7503.85,2026-07-08,1.0,6650.0,,,0.03,68.56
2026-07-07,7503.85,2026-07-08,1.0,6675.0,,,0.03,66.57
2026-07-07,7503.85,2026-07-08,1.0,6700.0,,,0.03,64.59
2026-07-07,7503.85,2026-07-08,1.0,6725.0,,,0.03,62.61
2026-07-07,7503.85,2026-07-08,1.0,6750.0,750.9,130.28,0.03,60.63
2026-07-07,7503.85,2026-07-08,1.0,6775.0,,,0.03,58.66
2026-07-07,7503.85,2026-07-08,1.0,6800.0,,,0.03,56.69
2026-07-07,7503.85,2026-07-08,1.0,6825.0,,,0.03,54.73
2026-07-07,7503.85,2026-07-08,1.0,6850.0,,,0.05,55.67
2026-07-07,7503.85,2026-07-08,1.0,6875.0,,,0.05,53.61
2026-07-07,7503.85,2026-07-08,1.0,6880.0,,,0.05,53.2
2026-07-07,7503.85,2026-07-08,1.0,6890.0,,,0.05,52.38
2026-07-07,7503.85,2026-07-08,1.0,6900.0,,,0.05,51.56
2026-07-07,7503.85,2026-07-08,1.0,6910.0,,,0.05,50.74
2026-07-07,7503.85,2026-07-08,1.0,6920.0,,,0.05,49.92
2026-07-07,7503.85,2026-07-08,1.0,6925.0,,,0.05,49.51
2026-07-07,7503.85,2026-07-08,1.0,6930.0,,,0.05,49.1
2026-07-07,7503.85,2026-07-08,1.0,6940.0,,,0.05,48.28
2026-07-07,7503.85,2026-07-08,1.0,6950.0,,,0.05,47.46
2026-07-07,7503.85,2026-07-08,1.0,6960.0,,,0.05,46.64
2026-07-07,7503.85,2026-07-08,1.0,6970.0,,,0.05,45.82
2026-07-07,7503.85,2026-07-08,1.0,6975.0,,,0.05,45.41
2026-07-07,7503.85,2026-07-08,1.0,6980.0,,,0.05,45.01
2026-07-07,7503.85,2026-07-08,1.0,6990.0,,,0.05,44.19
2026-07-07,7503.85,2026-07-08,1.0,7000.0,503.0,91.02,0.03,41.04
2026-07-07,7503.85,2026-07-08,1.0,7010.0,,,0.05,42.55
2026-07-07,7503.85,2026-07-08,1.0,7020.0,,,0.05,41.73
2026-07-07,7503.85,2026-07-08,1.0,7025.0,,,0.03,39.09
2026-07-07,7503.85,2026-07-08,1.0,7030.0,,,0.05,40.91
2026-07-07,7503.85,2026-07-08,1.0,7035.0,,,0.05,40.5
2026-07-07,7503.85,2026-07-08,1.0,7040.0,462.3,97.18,0.05,40.09
2026-07-07,7503.85,2026-07-08,1.0,7045.0,,,0.05,39.69
2026-07-07,7503.85,2026-07-08,1.0,7050.0,451.45,84.84,0.03,37.14
2026-07-07,7503.85,2026-07-08,1.0,7055.0,,,0.03,36.75
2026-07-07,7503.85,2026-07-08,1.0,7060.0,,,0.03,36.36
2026-07-07,7503.85,2026-07-08,1.0,7065.0,,,0.03,35.97
2026-07-07,7503.85,2026-07-08,1.0,7070.0,,,0.05,37.64
2026-07-07,7503.85,2026-07-08,1.0,7075.0,,,0.03,35.19
2026-07-07,7503.85,2026-07-08,1.0,7080.0,,,0.03,34.8
2026-07-07,7503.85,2026-07-08,1.0,7085.0,,,0.03,34.41
2026-07-07,7503.85,2026-07-08,1.0,7090.0,,,0.03,34.02
2026-07-07,7503.85,2026-07-08,1.0,7095.0,,,0.03,33.63
2026-07-07,7503.85,2026-07-08,1.0,7100.0,,,0.03,33.24
2026-07-07,7503.85,2026-07-08,1.0,7105.0,,,0.05,34.77
2026-07-07,7503.85,2026-07-08,1.0,7110.0,,,0.03,32.46
2026-07-07,7503.85,2026-07-08,1.0,7115.0,,,0.03,32.06
2026-07-07,7503.85,2026-07-08,1.0,7120.0,383.2,84.51,0.03,31.67
2026-07-07,7503.85,2026-07-08,1.0,7125.0,,,0.03,31.28
2026-07-07,7503.85,2026-07-08,1.0,7130.0,,,0.05,32.72
2026-07-07,7503.85,2026-07-08,1.0,7135.0,,,0.05,32.31
2026-07-07,7503.85,2026-07-08,1.0,7140.0,,,0.05,31.9
2026-07-07,7503.85,2026-07-08,1.0,7145.0,,,0.05,31.49
2026-07-07,7503.85,2026-07-08,1.0,7150.0,353.35,72.66,0.05,31.08
2026-07-07,7503.85,2026-07-08,1.0,7155.0,,,0.05,30.67
2026-07-07,7503.85,2026-07-08,1.0,7160.0,,,0.05,30.26
2026-07-07,7503.85,2026-07-08,1.0,7165.0,,,0.08,30.96
2026-07-07,7503.85,2026-07-08,1.0,7170.0,,,0.08,30.54
2026-07-07,7503.85,2026-07-08,1.0,7175.0,328.25,68.42,0.08,30.12
2026-07-07,7503.85,2026-07-08,1.0,7180.0,,,0.08,29.69
2026-07-07,7503.85,2026-07-08,1.0,7185.0,,,0.1,30.09
2026-07-07,7503.85,2026-07-08,1.0,7190.0,,,0.1,29.65
2026-07-07,7503.85,2026-07-08,1.0,7195.0,,,0.1,29.22
2026-07-07,7503.85,2026-07-08,1.0,7200.0,303.25,36.1,0.1,28.78
2026-07-07,7503.85,2026-07-08,1.0,7205.0,,,0.1,28.35
2026-07-07,7503.85,2026-07-08,1.0,7210.0,,,0.1,27.91
2026-07-07,7503.85,2026-07-08,1.0,7215.0,,,0.1,27.47
2026-07-07,7503.85,2026-07-08,1.0,7220.0,283.35,38.28,0.1,27.04
2026-07-07,7503.85,2026-07-08,1.0,7225.0,,,0.1,26.6
2026-07-07,7503.85,2026-07-08,1.0,7230.0,,,0.1,26.16
2026-07-07,7503.85,2026-07-08,1.0,7235.0,,,0.1,25.73
2026-07-07,7503.85,2026-07-08,1.0,7240.0,,,0.1,25.29
2026-07-07,7503.85,2026-07-08,1.0,7245.0,258.3,55.07,0.12,25.43
2026-07-07,7503.85,2026-07-08,1.0,7250.0,,,0.15,25.47
2026-07-07,7503.85,2026-07-08,1.0,7255.0,248.4,54.68,0.15,25.02
2026-07-07,7503.85,2026-07-08,1.0,7260.0,243.45,56.25,0.15,24.56
2026-07-07,7503.85,2026-07-08,1.0,7265.0,,,0.15,24.11
2026-07-07,7503.85,2026-07-08,1.0,7270.0,,,0.15,23.65
2026-07-07,7503.85,2026-07-08,1.0,7275.0,,,0.15,23.19
2026-07-07,7503.85,2026-07-08,1.0,7280.0,223.35,53.62,0.15,22.74
2026-07-07,7503.85,2026-07-08,1.0,7285.0,,,0.17,22.67
2026-07-07,7503.85,2026-07-08,1.0,7290.0,,,0.2,22.55
2026-07-07,7503.85,2026-07-08,1.0,7295.0,,,0.2,22.08
2026-07-07,7503.85,2026-07-08,1.0,7300.0,203.45,49.52,0.2,21.61
2026-07-07,7503.85,2026-07-08,1.0,7305.0,,,0.22,21.43
2026-07-07,7503.85,2026-07-08,1.0,7310.0,,,0.25,21.23
2026-07-07,7503.85,2026-07-08,1.0,7315.0,,,0.25,20.74
2026-07-07,7503.85,2026-07-08,1.0,7320.0,183.5,41.84,0.28,20.5
2026-07-07,7503.85,2026-07-08,1.0,7325.0,,,0.3,20.24
2026-07-07,7503.85,2026-07-08,1.0,7330.0,173.5,38.36,0.3,19.74
2026-07-07,7503.85,2026-07-08,1.0,7335.0,,,0.35,19.64
2026-07-07,7503.85,2026-07-08,1.0,7340.0,163.6,36.26,0.4,19.49
2026-07-07,7503.85,2026-07-08,1.0,7345.0,,,0.4,18.98
2026-07-07,7503.85,2026-07-08,1.0,7350.0,,,0.45,18.77
2026-07-07,7503.85,2026-07-08,1.0,7355.0,,,0.5,18.53
2026-07-07,7503.85,2026-07-08,1.0,7360.0,,,0.55,18.26
2026-07-07,7503.85,2026-07-08,1.0,7365.0,138.75,24.85,0.6,17.96
2026-07-07,7503.85,2026-07-08,1.0,7370.0,,,0.68,17.75
2026-07-07,7503.85,2026-07-08,1.0,7375.0,,,0.75,17.49
2026-07-07,7503.85,2026-07-08,1.0,7380.0,,,0.82,17.2
2026-07-07,7503.85,2026-07-08,1.0,7385.0,119.15,19.95,0.95,17.05
2026-07-07,7503.85,2026-07-08,1.0,7390.0,,,1.07,16.84
2026-07-07,7503.85,2026-07-08,1.0,7395.0,,,1.23,16.65
2026-07-07,7503.85,2026-07-08,1.0,7400.0,,,1.4,16.47
2026-07-07,7503.85,2026-07-08,1.0,7405.0,99.75,11.14,1.57,16.23
2026-07-07,7503.85,2026-07-08,1.0,7410.0,95.05,12.39,1.77,16.0
2026-07-07,7503.85,2026-07-08,1.0,7415.0,90.25,12.59,2.02,15.81
2026-07-07,7503.85,2026-07-08,1.0,7420.0,85.55,12.88,2.35,15.69
2026-07-07,7503.85,2026-07-08,1.0,7425.0,80.7,12.63,2.65,15.45
2026-07-07,7503.85,2026-07-08,1.0,7430.0,76.2,13.02,3.0,15.23
2026-07-07,7503.85,2026-07-08,1.0,7435.0,71.55,12.95,3.35,14.95
2026-07-07,7503.85,2026-07-08,1.0,7440.0,66.95,12.85,3.85,14.79
2026-07-07,7503.85,2026-07-08,1.0,7445.0,62.25,12.53,4.3,14.5
2026-07-07,7503.85,2026-07-08,1.0,7450.0,58.0,12.69,4.85,14.25
2026-07-07,7503.85,2026-07-08,1.0,7455.0,53.45,12.38,5.5,14.03
2026-07-07,7503.85,2026-07-08,1.0,7460.0,49.6,12.68,6.2,13.78
2026-07-07,7503.85,2026-07-08,1.0,7465.0,45.2,12.33,7.1,13.61
2026-07-07,7503.85,2026-07-08,1.0,7470.0,41.1,12.15,7.95,13.31
2026-07-07,7503.85,2026-07-08,1.0,7475.0,37.15,11.99,9.0,13.09
2026-07-07,7503.85,2026-07-08,1.0,7480.0,33.25,11.76,10.2,12.87
2026-07-07,7503.85,2026-07-08,1.0,7485.0,29.6,11.6,11.55,12.65
2026-07-07,7503.85,2026-07-08,1.0,7490.0,26.15,11.44,13.05,12.43
2026-07-07,7503.85,2026-07-08,1.0,7495.0,22.85,11.26,14.7,12.18
2026-07-07,7503.85,2026-07-08,1.0,7500.0,19.75,11.08,16.65,12.01
2026-07-07,7503.85,2026-07-08,1.0,7505.0,16.85,10.88,18.85,11.87
2026-07-07,7503.85,2026-07-08,1.0,7510.0,14.25,10.73,21.2,11.69
2026-07-07,7503.85,2026-07-08,1.0,7515.0,11.9,10.58,23.85,11.55
2026-07-07,7503.85,2026-07-08,1.0,7520.0,9.8,10.43,26.7,11.4
2026-07-07,7503.85,2026-07-08,1.0,7525.0,7.95,10.29,29.85,11.3
2026-07-07,7503.85,2026-07-08,1.0,7530.0,6.3,10.11,33.45,11.37
2026-07-07,7503.85,2026-07-08,1.0,7535.0,5.0,10.03,36.8,11.1
2026-07-07,7503.85,2026-07-08,1.0,7540.0,3.9,9.94,40.65,11.06
2026-07-07,7503.85,2026-07-08,1.0,7545.0,3.0,9.87,44.8,11.15
2026-07-07,7503.85,2026-07-08,1.0,7550.0,2.27,9.8,49.0,11.15
2026-07-07,7503.85,2026-07-08,1.0,7555.0,1.7,9.74,53.4,11.23
2026-07-07,7503.85,2026-07-08,1.0,7560.0,1.27,9.73,58.15,11.66
2026-07-07,7503.85,2026-07-08,1.0,7565.0,0.9,9.62,62.6,11.57
2026-07-07,7503.85,2026-07-08,1.0,7570.0,0.7,9.74,67.45,12.01
2026-07-07,7503.85,2026-07-08,1.0,7575.0,0.47,9.63,72.2,12.21
2026-07-07,7503.85,2026-07-08,1.0,7580.0,0.35,9.68,77.25,12.97
2026-07-07,7503.85,2026-07-08,1.0,7585.0,0.28,9.85,82.0,13.06
2026-07-07,7503.85,2026-07-08,1.0,7590.0,0.17,9.72,87.05,13.81
2026-07-07,7503.85,2026-07-08,1.0,7595.0,0.17,10.2,91.85,13.92
2026-07-07,7503.85,2026-07-08,1.0,7600.0,0.15,10.47,96.95,14.79
2026-07-07,7503.85,2026-07-08,1.0,7605.0,0.1,10.41,101.9,15.26
2026-07-07,7503.85,2026-07-08,1.0,7610.0,0.08,10.51,106.9,15.85
2026-07-07,7503.85,2026-07-08,1.0,7615.0,0.1,11.32,112.3,17.5
2026-07-07,7503.85,2026-07-08,1.0,7620.0,0.08,11.39,117.75,19.14
2026-07-07,7503.85,2026-07-08,1.0,7625.0,0.08,11.82,122.1,18.2
2026-07-07,7503.85,2026-07-08,1.0,7630.0,0.08,12.25,126.7,17.52
2026-07-07,7503.85,2026-07-08,1.0,7635.0,0.08,12.68,132.05,19.24
2026-07-07,7503.85,2026-07-08,1.0,7640.0,0.08,13.11,137.2,20.26
2026-07-07,7503.85,2026-07-08,1.0,7645.0,0.08,13.54,,
2026-07-07,7503.85,2026-07-08,1.0,7650.0,0.08,13.96,146.95,20.66
2026-07-07,7503.85,2026-07-08,1.0,7655.0,0.05,13.8,153.15,24.42
2026-07-07,7503.85,2026-07-08,1.0,7660.0,0.05,14.21,158.4,25.58
2026-07-07,7503.85,2026-07-08,1.0,7665.0,0.05,14.62,162.9,25.07
2026-07-07,7503.85,2026-07-08,1.0,7670.0,0.05,15.02,169.2,28.45
2026-07-07,7503.85,2026-07-08,1.0,7675.0,0.03,14.47,172.9,26.28
2026-07-07,7503.85,2026-07-08,1.0,7680.0,0.03,14.85,179.2,29.74
2026-07-07,7503.85,2026-07-08,1.0,7685.0,0.03,15.23,182.4,26.09
2026-07-07,7503.85,2026-07-08,1.0,7690.0,0.03,15.61,187.65,27.4
2026-07-07,7503.85,2026-07-08,1.0,7695.0,0.03,15.99,191.95,25.67
2026-07-07,7503.85,2026-07-08,1.0,7700.0,0.03,16.37,198.15,29.91
2026-07-07,7503.85,2026-07-08,1.0,7705.0,0.03,16.74,202.35,28.21
2026-07-07,7503.85,2026-07-08,1.0,7710.0,0.03,17.12,206.9,27.09
2026-07-07,7503.85,2026-07-08,1.0,7715.0,0.03,17.5,213.05,31.43
2026-07-07,7503.85,2026-07-08,1.0,7720.0,0.03,17.87,218.35,32.81
2026-07-07,7503.85,2026-07-08,1.0,7725.0,0.03,18.24,224.15,35.29
2026-07-07,7503.85,2026-07-08,1.0,7730.0,0.03,18.61,227.35,31.0
2026-07-07,7503.85,2026-07-08,1.0,7735.0,0.03,18.99,233.55,35.09
2026-07-07,7503.85,2026-07-08,1.0,7740.0,0.03,19.36,238.05,34.34
2026-07-07,7503.85,2026-07-08,1.0,7745.0,0.03,19.73,244.25,37.96
2026-07-07,7503.85,2026-07-08,1.0,7750.0,0.03,20.1,247.75,34.57
2026-07-07,7503.85,2026-07-08,1.0,7755.0,0.03,20.46,254.1,38.82
2026-07-07,7503.85,2026-07-08,1.0,7760.0,0.03,20.83,258.55,38.04
2026-07-07,7503.85,2026-07-08,1.0,7770.0,0.03,21.56,266.85,33.16
2026-07-07,7503.85,2026-07-08,1.0,7775.0,0.03,21.93,273.6,39.92
2026-07-07,7503.85,2026-07-08,1.0,7780.0,0.03,22.29,277.35,36.44
2026-07-07,7503.85,2026-07-08,1.0,7790.0,0.03,23.02,289.05,42.85
2026-07-07,7503.85,2026-07-08,1.0,7800.0,0.03,23.75,296.85,36.22
2026-07-07,7503.85,2026-07-08,1.0,7810.0,0.03,24.47,309.05,45.18
2026-07-07,7503.85,2026-07-08,1.0,7820.0,0.03,25.19,317.8,42.46
2026-07-07,7503.85,2026-07-08,1.0,7825.0,0.03,25.54,321.85,38.73
2026-07-07,7503.85,2026-07-08,1.0,7830.0,0.03,25.9,328.15,44.77
2026-07-07,7503.85,2026-07-08,1.0,7850.0,0.03,27.33,348.6,48.43
2026-07-07,7503.85,2026-07-08,1.0,7875.0,0.03,29.1,372.7,47.92
2026-07-07,7503.85,2026-07-08,1.0,7900.0,0.03,30.85,397.75,50.73
2026-07-07,7503.85,2026-07-08,1.0,7925.0,0.03,32.59,422.35,51.42
2026-07-07,7503.85,2026-07-08,1.0,7950.0,0.03,34.32,448.3,58.17
2026-07-07,7503.85,2026-07-08,1.0,7975.0,0.03,36.04,473.25,60.57
2026-07-07,7503.85,2026-07-08,1.0,8000.0,0.03,37.74,498.4,63.75
2026-07-07,7503.85,2026-07-08,1.0,8025.0,0.03,39.44,522.85,63.87
2026-07-07,7503.85,2026-07-08,1.0,8050.0,0.03,41.12,547.8,66.1
2026-07-07,7503.85,2026-07-08,1.0,8075.0,0.03,42.79,572.25,65.36
2026-07-07,7503.85,2026-07-08,1.0,8100.0,0.03,44.45,598.1,72.49
2026-07-07,7503.85,2026-07-08,1.0,8200.0,0.03,51.01,698.05,81.89
2026-07-07,7503.85,2026-07-08,1.0,8300.0,0.03,57.42,797.95,90.66
2026-07-07,7503.85,2026-07-08,1.0,8400.0,0.03,63.71,896.8,90.06
2026-07-07,7503.85,2026-07-08,1.0,8600.0,0.03,75.92,1096.75,105.6
2026-07-07,7503.85,2026-07-09,2.0,5800.0,,,0.03,98.58
2026-07-07,7503.85,2026-07-09,2.0,5900.0,,,0.03,92.4
2026-07-07,7503.85,2026-07-09,2.0,6000.0,,,0.03,86.32
2026-07-07,7503.85,2026-07-09,2.0,6100.0,,,0.03,80.31
2026-07-07,7503.85,2026-07-09,2.0,6200.0,,,0.03,74.39
2026-07-07,7503.85,2026-07-09,2.0,6275.0,,,0.03,69.99
2026-07-07,7503.85,2026-07-09,2.0,6300.0,,,0.03,68.53
2026-07-07,7503.85,2026-07-09,2.0,6325.0,,,0.03,67.07
2026-07-07,7503.85,2026-07-09,2.0,6350.0,,,0.05,68.98
2026-07-07,7503.85,2026-07-09,2.0,6375.0,,,0.05,67.47
2026-07-07,7503.85,2026-07-09,2.0,6400.0,,,0.05,65.96
2026-07-07,7503.85,2026-07-09,2.0,6425.0,,,0.05,64.46
2026-07-07,7503.85,2026-07-09,2.0,6450.0,,,0.05,62.96
2026-07-07,7503.85,2026-07-09,2.0,6475.0,,,0.05,61.47
2026-07-07,7503.85,2026-07-09,2.0,6500.0,,,0.05,59.97
2026-07-07,7503.85,2026-07-09,2.0,6525.0,,,0.05,58.48
2026-07-07,7503.85,2026-07-09,2.0,6550.0,,,0.05,57.0
2026-07-07,7503.85,2026-07-09,2.0,6575.0,,,0.05,55.52
2026-07-07,7503.85,2026-07-09,2.0,6600.0,,,0.05,54.04
2026-07-07,7503.85,2026-07-09,2.0,6625.0,,,0.05,52.56
2026-07-07,7503.85,2026-07-09,2.0,6650.0,,,0.05,51.09
2026-07-07,7503.85,2026-07-09,2.0,6675.0,,,0.05,49.62
2026-07-07,7503.85,2026-07-09,2.0,6700.0,,,0.05,48.15
2026-07-07,7503.85,2026-07-09,2.0,6725.0,,,0.05,46.69
2026-07-07,7503.85,2026-07-09,2.0,6750.0,,,0.07,46.74
2026-07-07,7503.85,2026-07-09,2.0,6775.0,,,0.07,45.24
2026-07-07,7503.85,2026-07-09,2.0,6800.0,,,0.1,44.83
2026-07-07,7503.85,2026-07-09,2.0,6825.0,,,0.1,43.3
2026-07-07,7503.85,2026-07-09,2.0,6850.0,,,0.1,41.77
2026-07-07,7503.85,2026-07-09,2.0,6875.0,,,0.1,40.25
2026-07-07,7503.85,2026-07-09,2.0,6880.0,,,0.1,39.94
2026-07-07,7503.85,2026-07-09,2.0,6890.0,,,0.1,39.33
2026-07-07,7503.85,2026-07-09,2.0,6900.0,,,0.1,38.72
2026-07-07,7503.85,2026-07-09,2.0,6910.0,,,0.12,38.89
2026-07-07,7503.85,2026-07-09,2.0,6920.0,,,0.12,38.27
2026-07-07,7503.85,2026-07-09,2.0,6925.0,,,0.12,37.96
2026-07-07,7503.85,2026-07-09,2.0,6930.0,,,0.12,37.65
2026-07-07,7503.85,2026-07-09,2.0,6940.0,,,0.15,37.68
2026-07-07,7503.85,2026-07-09,2.0,6950.0,551.15,88.2,0.15,37.05
2026-07-07,7503.85,2026-07-09,2.0,6960.0,,,0.15,36.42
2026-07-07,7503.85,2026-07-09,2.0,6970.0,,,0.15,35.79
2026-07-07,7503.85,2026-07-09,2.0,6975.0,,,0.15,35.47
2026-07-07,7503.85,2026-07-09,2.0,6980.0,,,0.15,35.16
2026-07-07,7503.85,2026-07-09,2.0,6990.0,,,0.15,34.53
2026-07-07,7503.85,2026-07-09,2.0,7000.0,,,0.15,33.9
2026-07-07,7503.85,2026-07-09,2.0,7010.0,,,0.17,33.78
2026-07-07,7503.85,2026-07-09,2.0,7020.0,,,0.17,33.15
2026-07-07,7503.85,2026-07-09,2.0,7025.0,,,0.17,32.83
2026-07-07,7503.85,2026-07-09,2.0,7030.0,,,0.2,32.95
2026-07-07,7503.85,2026-07-09,2.0,7035.0,,,0.2,32.63
2026-07-07,7503.85,2026-07-09,2.0,7040.0,461.1,68.59,0.2,32.31
2026-07-07,7503.85,2026-07-09,2.0,7045.0,,,0.2,31.98
2026-07-07,7503.85,2026-07-09,2.0,7050.0,,,0.2,31.66
2026-07-07,7503.85,2026-07-09,2.0,7055.0,,,0.2,31.34
2026-07-07,7503.85,2026-07-09,2.0,7060.0,441.1,49.48,0.2,31.02
2026-07-07,7503.85,2026-07-09,2.0,7065.0,,,0.2,30.69
2026-07-07,7503.85,2026-07-09,2.0,7070.0,,,0.2,30.37
2026-07-07,7503.85,2026-07-09,2.0,7075.0,,,0.22,30.42
2026-07-07,7503.85,2026-07-09,2.0,7080.0,,,0.22,30.1
2026-07-07,7503.85,2026-07-09,2.0,7085.0,,,0.25,30.11
2026-07-07,7503.85,2026-07-09,2.0,7090.0,,,0.25,29.78
2026-07-07,7503.85,2026-07-09,2.0,7095.0,,,0.25,29.45
2026-07-07,7503.85,2026-07-09,2.0,7100.0,403.2,33.36,0.25,29.12
2026-07-07,7503.85,2026-07-09,2.0,7105.0,,,0.25,28.79
2026-07-07,7503.85,2026-07-09,2.0,7110.0,,,0.25,28.46
2026-07-07,7503.85,2026-07-09,2.0,7115.0,,,0.25,28.13
2026-07-07,7503.85,2026-07-09,2.0,7120.0,382.5,59.74,0.28,28.1
2026-07-07,7503.85,2026-07-09,2.0,7125.0,,,0.28,27.76
2026-07-07,7503.85,2026-07-09,2.0,7130.0,,,0.3,27.7
2026-07-07,7503.85,2026-07-09,2.0,7135.0,,,0.3,27.36
2026-07-07,7503.85,2026-07-09,2.0,7140.0,362.5,59.0,0.3,27.03
2026-07-07,7503.85,2026-07-09,2.0,7145.0,,,0.3,26.69
2026-07-07,7503.85,2026-07-09,2.0,7150.0,,,0.3,26.35
2026-07-07,7503.85,2026-07-09,2.0,7155.0,,,0.33,26.26
2026-07-07,7503.85,2026-07-09,2.0,7160.0,343.3,56.82,0.35,26.15
2026-07-07,7503.85,2026-07-09,2.0,7165.0,,,0.35,25.8
2026-07-07,7503.85,2026-07-09,2.0,7170.0,,,0.35,25.46
2026-07-07,7503.85,2026-07-09,2.0,7175.0,,,0.35,25.12
2026-07-07,7503.85,2026-07-09,2.0,7180.0,,,0.38,24.98
2026-07-07,7503.85,2026-07-09,2.0,7185.0,,,0.4,24.83
2026-07-07,7503.85,2026-07-09,2.0,7190.0,,,0.4,24.49
2026-07-07,7503.85,2026-07-09,2.0,7195.0,,,0.4,24.14
2026-07-07,7503.85,2026-07-09,2.0,7200.0,303.4,33.49,0.42,23.97
2026-07-07,7503.85,2026-07-09,2.0,7205.0,,,0.45,23.79
2026-07-07,7503.85,2026-07-09,2.0,7210.0,,,0.45,23.44
2026-07-07,7503.85,2026-07-09,2.0,7215.0,,,0.48,23.24
2026-07-07,7503.85,2026-07-09,2.0,7220.0,,,0.5,23.04
2026-07-07,7503.85,2026-07-09,2.0,7225.0,,,0.53,22.83
2026-07-07,7503.85,2026-07-09,2.0,7230.0,,,0.53,22.47
2026-07-07,7503.85,2026-07-09,2.0,7235.0,,,0.57,22.38
2026-07-07,7503.85,2026-07-09,2.0,7240.0,,,0.57,22.02
2026-07-07,7503.85,2026-07-09,2.0,7245.0,,,0.62,21.9
2026-07-07,7503.85,2026-07-09,2.0,7250.0,,,0.62,21.53
2026-07-07,7503.85,2026-07-09,2.0,7255.0,,,0.68,21.4
2026-07-07,7503.85,2026-07-09,2.0,7260.0,,,0.73,21.24
2026-07-07,7503.85,2026-07-09,2.0,7265.0,,,0.73,20.86
2026-07-07,7503.85,2026-07-09,2.0,7270.0,,,0.77,20.69
2026-07-07,7503.85,2026-07-09,2.0,7275.0,,,0.82,20.5
2026-07-07,7503.85,2026-07-09,2.0,7280.0,,,0.88,20.3
2026-07-07,7503.85,2026-07-09,2.0,7285.0,,,0.93,20.08
2026-07-07,7503.85,2026-07-09,2.0,7290.0,,,0.98,19.86
2026-07-07,7503.85,2026-07-09,2.0,7295.0,211.2,19.22,1.02,19.62
2026-07-07,7503.85,2026-07-09,2.0,7300.0,203.3,33.42,1.1,19.44
2026-07-07,7503.85,2026-07-09,2.0,7305.0,,,1.18,19.25
2026-07-07,7503.85,2026-07-09,2.0,7310.0,,,1.25,19.05
2026-07-07,7503.85,2026-07-09,2.0,7315.0,,,1.32,18.83
2026-07-07,7503.85,2026-07-09,2.0,7320.0,,,1.43,18.65
2026-07-07,7503.85,2026-07-09,2.0,7325.0,,,1.52,18.46
2026-07-07,7503.85,2026-07-09,2.0,7330.0,,,1.62,18.25
2026-07-07,7503.85,2026-07-09,2.0,7335.0,,,1.75,18.07
2026-07-07,7503.85,2026-07-09,2.0,7340.0,,,1.88,17.88
2026-07-07,7503.85,2026-07-09,2.0,7345.0,,,2.02,17.71
2026-07-07,7503.85,2026-07-09,2.0,7350.0,155.8,13.49,2.17,17.51
2026-07-07,7503.85,2026-07-09,2.0,7355.0,,,2.35,17.34
2026-07-07,7503.85,2026-07-09,2.0,7360.0,146.15,13.88,2.53,17.15
2026-07-07,7503.85,2026-07-09,2.0,7365.0,140.75,12.15,2.72,16.97
2026-07-07,7503.85,2026-07-09,2.0,7370.0,136.0,12.64,2.92,16.76
2026-07-07,7503.85,2026-07-09,2.0,7375.0,130.5,10.13,3.2,16.63
2026-07-07,7503.85,2026-07-09,2.0,7380.0,126.5,13.05,3.4,16.38
2026-07-07,7503.85,2026-07-09,2.0,7385.0,121.0,11.44,3.7,16.23
2026-07-07,7503.85,2026-07-09,2.0,7390.0,116.3,11.77,4.0,16.04
2026-07-07,7503.85,2026-07-09,2.0,7395.0,112.4,13.23,4.3,15.83
2026-07-07,7503.85,2026-07-09,2.0,7400.0,108.25,13.84,4.65,15.64
2026-07-07,7503.85,2026-07-09,2.0,7405.0,103.75,13.89,5.05,15.47
2026-07-07,7503.85,2026-07-09,2.0,7410.0,99.05,13.69,5.45,15.27
2026-07-07,7503.85,2026-07-09,2.0,7415.0,94.7,13.77,5.9,15.08
2026-07-07,7503.85,2026-07-09,2.0,7420.0,90.2,13.67,6.4,14.9
2026-07-07,7503.85,2026-07-09,2.0,7425.0,85.75,13.55,6.9,14.68
2026-07-07,7503.85,2026-07-09,2.0,7430.0,81.15,13.29,7.5,14.5
2026-07-07,7503.85,2026-07-09,2.0,7435.0,77.05,13.35,8.15,14.32
2026-07-07,7503.85,2026-07-09,2.0,7440.0,72.8,13.25,8.8,14.11
2026-07-07,7503.85,2026-07-09,2.0,7445.0,68.75,13.22,9.55,13.91
2026-07-07,7503.85,2026-07-09,2.0,7450.0,63.7,12.53,10.35,13.71
2026-07-07,7503.85,2026-07-09,2.0,7455.0,59.6,12.4,11.25,13.53
2026-07-07,7503.85,2026-07-09,2.0,7460.0,55.15,12.02,12.25,13.35
2026-07-07,7503.85,2026-07-09,2.0,7465.0,51.95,12.28,13.3,13.16
2026-07-07,7503.85,2026-07-09,2.0,7470.0,48.1,12.13,14.4,12.95
2026-07-07,7503.85,2026-07-09,2.0,7475.0,44.35,11.97,15.75,12.81
2026-07-07,7503.85,2026-07-09,2.0,7480.0,40.75,11.82,17.15,12.64
2026-07-07,7503.85,2026-07-09,2.0,7485.0,37.25,11.67,18.65,12.46
2026-07-07,7503.85,2026-07-09,2.0,7490.0,33.9,11.52,20.25,12.27
2026-07-07,7503.85,2026-07-09,2.0,7495.0,30.65,11.35,22.05,12.11
2026-07-07,7503.85,2026-07-09,2.0,7500.0,27.65,11.24,23.95,11.94
2026-07-07,7503.85,2026-07-09,2.0,7505.0,24.75,11.09,26.05,11.79
2026-07-07,7503.85,2026-07-09,2.0,7510.0,21.95,10.92,28.35,11.66
2026-07-07,7503.85,2026-07-09,2.0,7515.0,19.45,10.81,30.75,11.51
2026-07-07,7503.85,2026-07-09,2.0,7520.0,17.05,10.67,33.35,11.37
2026-07-07,7503.85,2026-07-09,2.0,7525.0,14.85,10.53,36.2,11.27
2026-07-07,7503.85,2026-07-09,2.0,7530.0,12.85,10.41,39.2,11.16
2026-07-07,7503.85,2026-07-09,2.0,7535.0,11.05,10.31,42.35,11.05
2026-07-07,7503.85,2026-07-09,2.0,7540.0,9.45,10.22,45.8,11.01
2026-07-07,7503.85,2026-07-09,2.0,7545.0,8.0,10.12,49.35,10.95
2026-07-07,7503.85,2026-07-09,2.0,7550.0,6.75,10.04,53.1,10.91
2026-07-07,7503.85,2026-07-09,2.0,7555.0,5.65,9.97,57.25,11.05
2026-07-07,7503.85,2026-07-09,2.0,7560.0,4.65,9.87,61.3,11.06
2026-07-07,7503.85,2026-07-09,2.0,7565.0,3.8,9.79,65.55,11.13
2026-07-07,7503.85,2026-07-09,2.0,7570.0,3.1,9.73,69.85,11.17
2026-07-07,7503.85,2026-07-09,2.0,7575.0,2.53,9.69,74.25,11.23
2026-07-07,7503.85,2026-07-09,2.0,7580.0,2.02,9.63,78.5,11.07
2026-07-07,7503.85,2026-07-09,2.0,7585.0,1.6,9.57,83.35,11.43
2026-07-07,7503.85,2026-07-09,2.0,7590.0,1.27,9.54,88.05,11.61
2026-07-07,7503.85,2026-07-09,2.0,7595.0,1.0,9.5,92.7,11.67
2026-07-07,7503.85,2026-07-09,2.0,7600.0,0.77,9.46,97.55,11.95
2026-07-07,7503.85,2026-07-09,2.0,7605.0,0.62,9.5,102.6,12.49
2026-07-07,7503.85,2026-07-09,2.0,7610.0,0.48,9.45,109.7,15.36
2026-07-07,7503.85,2026-07-09,2.0,7615.0,0.38,9.48,113.2,14.22
2026-07-07,7503.85,2026-07-09,2.0,7620.0,0.33,9.63,118.1,14.57
2026-07-07,7503.85,2026-07-09,2.0,7625.0,0.23,9.49,123.05,14.97
2026-07-07,7503.85,2026-07-09,2.0,7630.0,0.2,9.68,128.0,15.36
2026-07-07,7503.85,2026-07-09,2.0,7635.0,0.17,9.85,133.0,15.82
2026-07-07,7503.85,2026-07-09,2.0,7640.0,0.15,9.99,137.95,16.21
2026-07-07,7503.85,2026-07-09,2.0,7645.0,0.15,10.31,142.9,16.59
2026-07-07,7503.85,2026-07-09,2.0,7650.0,0.1,10.14,147.9,17.04
2026-07-07,7503.85,2026-07-09,2.0,7655.0,0.1,10.45,152.9,17.48
2026-07-07,7503.85,2026-07-09,2.0,7660.0,0.08,10.43,157.9,17.93
2026-07-07,7503.85,2026-07-09,2.0,7665.0,0.08,10.72,162.9,18.37
2026-07-07,7503.85,2026-07-09,2.0,7670.0,0.08,11.02,167.9,18.81
2026-07-07,7503.85,2026-07-09,2.0,7675.0,0.08,11.32,172.9,19.25
2026-07-07,7503.85,2026-07-09,2.0,7680.0,0.1,11.97,177.9,19.68
2026-07-07,7503.85,2026-07-09,2.0,7685.0,0.07,11.91,182.95,20.2
2026-07-07,7503.85,2026-07-09,2.0,7690.0,0.05,11.72,187.8,20.37
2026-07-07,7503.85,2026-07-09,2.0,7695.0,0.05,12.0,192.8,20.8
2026-07-07,7503.85,2026-07-09,2.0,7700.0,0.05,12.28,197.85,21.31
2026-07-07,7503.85,2026-07-09,2.0,7705.0,0.05,12.56,202.85,21.74
2026-07-07,7503.85,2026-07-09,2.0,7710.0,0.05,12.84,208.15,22.7
2026-07-07,7503.85,2026-07-09,2.0,7715.0,0.05,13.12,214.05,24.56
2026-07-07,7503.85,2026-07-09,2.0,7720.0,0.05,13.4,218.8,24.62
2026-07-07,7503.85,2026-07-09,2.0,7725.0,0.05,13.68,224.3,25.82
2026-07-07,7503.85,2026-07-09,2.0,7730.0,0.05,13.96,228.9,25.65
2026-07-07,7503.85,2026-07-09,2.0,7735.0,0.05,14.23,234.25,26.63
2026-07-07,7503.85,2026-07-09,2.0,7740.0,0.05,14.51,239.15,26.92
2026-07-07,7503.85,2026-07-09,2.0,7745.0,0.05,14.79,244.15,27.35
2026-07-07,7503.85,2026-07-09,2.0,7750.0,0.05,15.06,249.15,27.79
2026-07-07,7503.85,2026-07-09,2.0,7755.0,0.05,15.33,254.15,28.22
2026-07-07,7503.85,2026-07-09,2.0,7760.0,0.05,15.61,258.7,27.91
2026-07-07,7503.85,2026-07-09,2.0,7770.0,0.05,16.15,269.25,29.68
2026-07-07,7503.85,2026-07-09,2.0,7775.0,0.05,16.42,273.85,29.43
2026-07-07,7503.85,2026-07-09,2.0,7780.0,0.05,16.7,279.05,30.2
2026-07-07,7503.85,2026-07-09,2.0,7790.0,0.05,17.24,289.05,31.04
2026-07-07,7503.85,2026-07-09,2.0,7800.0,0.08,18.46,299.25,32.23
2026-07-07,7503.85,2026-07-09,2.0,7810.0,0.05,18.31,309.25,33.07
2026-07-07,7503.85,2026-07-09,2.0,7820.0,0.05,18.85,319.25,33.91
2026-07-07,7503.85,2026-07-09,2.0,7825.0,0.05,19.11,323.55,33.0
2026-07-07,7503.85,2026-07-09,2.0,7830.0,0.05,19.38,329.25,34.74
2026-07-07,7503.85,2026-07-09,2.0,7850.0,0.05,20.44,348.3,34.47
2026-07-07,7503.85,2026-07-09,2.0,7875.0,0.05,21.75,373.95,37.83
2026-07-07,7503.85,2026-07-09,2.0,7900.0,0.05,23.06,398.85,39.61
2026-07-07,7503.85,2026-07-09,2.0,7925.0,0.05,24.35,423.75,41.34
2026-07-07,7503.85,2026-07-09,2.0,7950.0,0.05,25.63,448.25,42.04
2026-07-07,7503.85,2026-07-09,2.0,7975.0,0.05,26.9,473.1,43.5
2026-07-07,7503.85,2026-07-09,2.0,8000.0,0.05,28.17,499.15,48.02
2026-07-07,7503.85,2026-07-09,2.0,8025.0,0.05,29.42,523.3,47.74
2026-07-07,7503.85,2026-07-09,2.0,8050.0,0.05,30.67,548.75,50.8
2026-07-07,7503.85,2026-07-09,2.0,8075.0,0.05,31.91,573.75,52.63
2026-07-07,7503.85,2026-07-09,2.0,8100.0,0.0,33.14,598.95,55.0
2026-07-07,7503.85,2026-07-09,2.0,8200.0,0.05,38.0,699.15,62.76
2026-07-07,7503.85,2026-07-09,2.0,8300.0,0.05,42.74,798.5,67.69
2026-07-07,7503.85,2026-07-09,2.0,8400.0,0.03,45.01,898.85,75.62
2026-07-07,7503.85,2026-07-09,2.0,8600.0,0.03,53.65,1099.05,89.41
2026-07-07,7503.85,2026-07-10,3.0,5700.0,,,0.03,85.63
2026-07-07,7503.85,2026-07-10,3.0,5800.0,,,0.03,80.51
2026-07-07,7503.85,2026-07-10,3.0,5850.0,,,0.03,77.99
2026-07-07,7503.85,2026-07-10,3.0,5900.0,,,0.03,75.48
2026-07-07,7503.85,2026-07-10,3.0,5950.0,,,0.05,76.59
2026-07-07,7503.85,2026-07-10,3.0,6000.0,,,0.05,74.0
2026-07-07,7503.85,2026-07-10,3.0,6025.0,,,0.05,72.72
2026-07-07,7503.85,2026-07-10,3.0,6050.0,,,0.05,71.44
2026-07-07,7503.85,2026-07-10,3.0,6075.0,,,0.05,70.16
2026-07-07,7503.85,2026-07-10,3.0,6100.0,,,0.05,68.88
2026-07-07,7503.85,2026-07-10,3.0,6125.0,,,0.05,67.61
2026-07-07,7503.85,2026-07-10,3.0,6150.0,,,0.05,66.35
2026-07-07,7503.85,2026-07-10,3.0,6175.0,,,0.05,65.09
2026-07-07,7503.85,2026-07-10,3.0,6200.0,,,0.05,63.83
2026-07-07,7503.85,2026-07-10,3.0,6225.0,,,0.05,62.57
2026-07-07,7503.85,2026-07-10,3.0,6250.0,,,0.05,61.32
2026-07-07,7503.85,2026-07-10,3.0,6275.0,,,0.05,60.08
2026-07-07,7503.85,2026-07-10,3.0,6300.0,,,0.08,60.69
2026-07-07,7503.85,2026-07-10,3.0,6325.0,,,0.05,57.59
2026-07-07,7503.85,2026-07-10,3.0,6350.0,,,0.05,56.35
2026-07-07,7503.85,2026-07-10,3.0,6375.0,,,0.07,56.87
2026-07-07,7503.85,2026-07-10,3.0,6400.0,,,0.07,55.61
2026-07-07,7503.85,2026-07-10,3.0,6425.0,,,0.1,55.63
2026-07-07,7503.85,2026-07-10,3.0,6450.0,,,0.1,54.34
2026-07-07,7503.85,2026-07-10,3.0,6475.0,,,0.1,53.06
2026-07-07,7503.85,2026-07-10,3.0,6500.0,,,0.1,51.79
2026-07-07,7503.85,2026-07-10,3.0,6525.0,977.5,68.3,0.1,50.51
2026-07-07,7503.85,2026-07-10,3.0,6550.0,,,0.12,50.18
2026-07-07,7503.85,2026-07-10,3.0,6575.0,,,0.15,49.68
2026-07-07,7503.85,2026-07-10,3.0,6580.0,,,0.15,49.42
2026-07-07,7503.85,2026-07-10,3.0,6590.0,,,0.15,48.9
2026-07-07,7503.85,2026-07-10,3.0,6600.0,,,0.15,48.38
2026-07-07,7503.85,2026-07-10,3.0,6610.0,,,0.15,47.86
2026-07-07,7503.85,2026-07-10,3.0,6620.0,,,0.15,47.33
2026-07-07,7503.85,2026-07-10,3.0,6625.0,,,0.15,47.07
2026-07-07,7503.85,2026-07-10,3.0,6630.0,,,0.15,46.81
2026-07-07,7503.85,2026-07-10,3.0,6640.0,,,0.15,46.29
2026-07-07,7503.85,2026-07-10,3.0,6650.0,,,0.15,45.77
2026-07-07,7503.85,2026-07-10,3.0,6660.0,,,0.17,45.89
2026-07-07,7503.85,2026-07-10,3.0,6670.0,,,0.17,45.37
2026-07-07,7503.85,2026-07-10,3.0,6675.0,,,0.17,45.1
2026-07-07,7503.85,2026-07-10,3.0,6680.0,,,0.17,44.84
2026-07-07,7503.85,2026-07-10,3.0,6690.0,,,0.17,44.32
2026-07-07,7503.85,2026-07-10,3.0,6700.0,,,0.2,44.34
2026-07-07,7503.85,2026-07-10,3.0,6710.0,,,0.2,43.81
2026-07-07,7503.85,2026-07-10,3.0,6720.0,,,0.2,43.28
2026-07-07,7503.85,2026-07-10,3.0,6725.0,,,0.2,43.02
2026-07-07,7503.85,2026-07-10,3.0,6730.0,,,0.2,42.75
2026-07-07,7503.85,2026-07-10,3.0,6740.0,,,0.2,42.23
2026-07-07,7503.85,2026-07-10,3.0,6750.0,,,0.2,41.7
2026-07-07,7503.85,2026-07-10,3.0,6760.0,742.45,75.39,0.2,41.17
2026-07-07,7503.85,2026-07-10,3.0,6770.0,,,0.22,41.11
2026-07-07,7503.85,2026-07-10,3.0,6775.0,,,0.22,40.84
2026-07-07,7503.85,2026-07-10,3.0,6780.0,,,0.22,40.57
2026-07-07,7503.85,2026-07-10,3.0,6790.0,,,0.22,40.04
2026-07-07,7503.85,2026-07-10,3.0,6800.0,,,0.25,39.92
2026-07-07,7503.85,2026-07-10,3.0,6810.0,,,0.25,39.38
2026-07-07,7503.85,2026-07-10,3.0,6820.0,,,0.25,38.85
2026-07-07,7503.85,2026-07-10,3.0,6825.0,,,0.25,38.58
2026-07-07,7503.85,2026-07-10,3.0,6830.0,,,0.25,38.31
2026-07-07,7503.85,2026-07-10,3.0,6840.0,,,0.25,37.77
2026-07-07,7503.85,2026-07-10,3.0,6850.0,,,0.25,37.24
2026-07-07,7503.85,2026-07-10,3.0,6860.0,,,0.25,36.7
2026-07-07,7503.85,2026-07-10,3.0,6870.0,,,0.28,36.52
2026-07-07,7503.85,2026-07-10,3.0,6875.0,,,0.28,36.25
2026-07-07,7503.85,2026-07-10,3.0,6880.0,,,0.28,35.98
2026-07-07,7503.85,2026-07-10,3.0,6890.0,612.45,59.53,0.28,35.44
2026-07-07,7503.85,2026-07-10,3.0,6900.0,,,0.28,34.89
2026-07-07,7503.85,2026-07-10,3.0,6910.0,,,0.3,34.67
2026-07-07,7503.85,2026-07-10,3.0,6920.0,,,0.3,34.12
2026-07-07,7503.85,2026-07-10,3.0,6925.0,,,0.3,33.85
2026-07-07,7503.85,2026-07-10,3.0,6930.0,572.7,60.48,0.3,33.58
2026-07-07,7503.85,2026-07-10,3.0,6940.0,,,0.3,33.03
2026-07-07,7503.85,2026-07-10,3.0,6950.0,,,0.33,32.77
2026-07-07,7503.85,2026-07-10,3.0,6960.0,,,0.33,32.22
2026-07-07,7503.85,2026-07-10,3.0,6970.0,,,0.35,31.93
2026-07-07,7503.85,2026-07-10,3.0,6975.0,,,0.35,31.66
2026-07-07,7503.85,2026-07-10,3.0,6980.0,522.8,41.6,0.35,31.38
2026-07-07,7503.85,2026-07-10,3.0,6990.0,513.95,41.26,0.35,30.83
2026-07-07,7503.85,2026-07-10,3.0,7000.0,505.45,45.61,0.38,30.51
2026-07-07,7503.85,2026-07-10,3.0,7010.0,494.15,44.7,0.38,29.95
2026-07-07,7503.85,2026-07-10,3.0,7020.0,,,0.38,29.4
2026-07-07,7503.85,2026-07-10,3.0,7025.0,479.1,56.87,0.4,29.33
2026-07-07,7503.85,2026-07-10,3.0,7030.0,,,0.4,29.05
2026-07-07,7503.85,2026-07-10,3.0,7035.0,469.1,58.32,0.4,28.77
2026-07-07,7503.85,2026-07-10,3.0,7040.0,,,0.42,28.69
2026-07-07,7503.85,2026-07-10,3.0,7045.0,,,0.42,28.41
2026-07-07,7503.85,2026-07-10,3.0,7050.0,,,0.42,28.13
2026-07-07,7503.85,2026-07-10,3.0,7055.0,,,0.42,27.85
2026-07-07,7503.85,2026-07-10,3.0,7060.0,444.25,54.76,0.45,27.75
2026-07-07,7503.85,2026-07-10,3.0,7065.0,439.2,57.45,0.45,27.47
2026-07-07,7503.85,2026-07-10,3.0,7070.0,,,0.48,27.36
2026-07-07,7503.85,2026-07-10,3.0,7075.0,429.2,56.53,0.48,27.08
2026-07-07,7503.85,2026-07-10,3.0,7080.0,424.2,29.13,0.48,26.79
2026-07-07,7503.85,2026-07-10,3.0,7085.0,419.2,53.89,0.48,26.51
2026-07-07,7503.85,2026-07-10,3.0,7090.0,,,0.5,26.38
2026-07-07,7503.85,2026-07-10,3.0,7095.0,410.0,52.59,0.53,26.26
2026-07-07,7503.85,2026-07-10,3.0,7100.0,,,0.53,25.97
2026-07-07,7503.85,2026-07-10,3.0,7105.0,,,0.53,25.68
2026-07-07,7503.85,2026-07-10,3.0,7110.0,,,0.55,25.54
2026-07-07,7503.85,2026-07-10,3.0,7115.0,,,0.57,25.39
2026-07-07,7503.85,2026-07-10,3.0,7120.0,,,0.57,25.1
2026-07-07,7503.85,2026-07-10,3.0,7125.0,,,0.57,24.8
2026-07-07,7503.85,2026-07-10,3.0,7130.0,,,0.6,24.65
2026-07-07,7503.85,2026-07-10,3.0,7135.0,,,0.62,24.48
2026-07-07,7503.85,2026-07-10,3.0,7140.0,,,0.62,24.19
2026-07-07,7503.85,2026-07-10,3.0,7145.0,,,0.65,24.01
2026-07-07,7503.85,2026-07-10,3.0,7150.0,,,0.68,23.84
2026-07-07,7503.85,2026-07-10,3.0,7155.0,,,0.68,23.54
2026-07-07,7503.85,2026-07-10,3.0,7160.0,,,0.73,23.47
2026-07-07,7503.85,2026-07-10,3.0,7165.0,,,0.73,23.16
2026-07-07,7503.85,2026-07-10,3.0,7170.0,,,0.77,23.07
2026-07-07,7503.85,2026-07-10,3.0,7175.0,,,0.77,22.77
2026-07-07,7503.85,2026-07-10,3.0,7180.0,,,0.82,22.66
2026-07-07,7503.85,2026-07-10,3.0,7185.0,,,0.82,22.36
2026-07-07,7503.85,2026-07-10,3.0,7190.0,314.75,19.61,0.88,22.24
2026-07-07,7503.85,2026-07-10,3.0,7195.0,,,0.9,22.02
2026-07-07,7503.85,2026-07-10,3.0,7200.0,304.75,37.26,0.93,21.8
2026-07-07,7503.85,2026-07-10,3.0,7205.0,,,0.98,21.65
2026-07-07,7503.85,2026-07-10,3.0,7210.0,,,1.02,21.5
2026-07-07,7503.85,2026-07-10,3.0,7215.0,,,1.07,21.34
2026-07-07,7503.85,2026-07-10,3.0,7220.0,284.95,17.66,1.12,21.17
2026-07-07,7503.85,2026-07-10,3.0,7225.0,,,1.18,20.99
2026-07-07,7503.85,2026-07-10,3.0,7230.0,275.05,32.54,1.2,20.73
2026-07-07,7503.85,2026-07-10,3.0,7235.0,,,1.27,20.61
2026-07-07,7503.85,2026-07-10,3.0,7240.0,265.15,33.91,1.32,20.41
2026-07-07,7503.85,2026-07-10,3.0,7245.0,,,1.38,20.2
2026-07-07,7503.85,2026-07-10,3.0,7250.0,256.6,17.48,1.45,20.05
2026-07-07,7503.85,2026-07-10,3.0,7255.0,251.1,13.7,1.52,19.89
2026-07-07,7503.85,2026-07-10,3.0,7260.0,,,1.6,19.71
2026-07-07,7503.85,2026-07-10,3.0,7265.0,,,1.68,19.53
2026-07-07,7503.85,2026-07-10,3.0,7270.0,235.65,29.4,1.77,19.39
2026-07-07,7503.85,2026-07-10,3.0,7275.0,,,1.85,19.18
2026-07-07,7503.85,2026-07-10,3.0,7280.0,227.2,17.43,1.95,19.02
2026-07-07,7503.85,2026-07-10,3.0,7285.0,,,2.08,18.89
2026-07-07,7503.85,2026-07-10,3.0,7290.0,216.05,10.66,2.17,18.7
2026-07-07,7503.85,2026-07-10,3.0,7295.0,212.65,17.38,2.3,18.54
2026-07-07,7503.85,2026-07-10,3.0,7300.0,207.7,17.13,2.42,18.37
2026-07-07,7503.85,2026-07-10,3.0,7305.0,201.5,13.71,2.55,18.19
2026-07-07,7503.85,2026-07-10,3.0,7310.0,196.7,14.12,2.72,18.07
2026-07-07,7503.85,2026-07-10,3.0,7315.0,191.8,14.1,2.88,17.9
2026-07-07,7503.85,2026-07-10,3.0,7320.0,187.0,14.3,3.1,17.81
2026-07-07,7503.85,2026-07-10,3.0,7325.0,183.5,16.61,3.25,17.61
2026-07-07,7503.85,2026-07-10,3.0,7330.0,177.35,14.39,3.4,17.4
2026-07-07,7503.85,2026-07-10,3.0,7335.0,172.6,14.5,3.65,17.29
2026-07-07,7503.85,2026-07-10,3.0,7340.0,167.8,14.48,3.9,17.16
2026-07-07,7503.85,2026-07-10,3.0,7345.0,163.75,15.43,4.1,16.96
2026-07-07,7503.85,2026-07-10,3.0,7350.0,159.55,15.96,4.35,16.8
2026-07-07,7503.85,2026-07-10,3.0,7355.0,153.6,14.48,4.6,16.62
2026-07-07,7503.85,2026-07-10,3.0,7360.0,150.15,15.76,4.9,16.47
2026-07-07,7503.85,2026-07-10,3.0,7365.0,144.2,14.39,5.2,16.31
2026-07-07,7503.85,2026-07-10,3.0,7370.0,140.75,15.47,5.55,16.17
2026-07-07,7503.85,2026-07-10,3.0,7375.0,136.1,15.34,5.9,16.01
2026-07-07,7503.85,2026-07-10,3.0,7380.0,131.35,15.11,6.25,15.83
2026-07-07,7503.85,2026-07-10,3.0,7385.0,126.4,14.71,6.65,15.66
2026-07-07,7503.85,2026-07-10,3.0,7390.0,122.3,14.93,7.1,15.52
2026-07-07,7503.85,2026-07-10,3.0,7395.0,117.35,14.51,7.55,15.35
2026-07-07,7503.85,2026-07-10,3.0,7400.0,113.25,14.66,8.05,15.2
2026-07-07,7503.85,2026-07-10,3.0,7405.0,108.75,14.5,8.55,15.02
2026-07-07,7503.85,2026-07-10,3.0,7410.0,104.3,14.36,9.1,14.85
2026-07-07,7503.85,2026-07-10,3.0,7415.0,99.95,14.24,9.65,14.66
2026-07-07,7503.85,2026-07-10,3.0,7420.0,95.55,14.07,10.35,14.53
2026-07-07,7503.85,2026-07-10,3.0,7425.0,91.2,13.91,10.95,14.32
2026-07-07,7503.85,2026-07-10,3.0,7430.0,86.95,13.77,11.75,14.19
2026-07-07,7503.85,2026-07-10,3.0,7435.0,83.05,13.78,12.45,13.98
2026-07-07,7503.85,2026-07-10,3.0,7440.0,78.65,13.5,13.35,13.85
2026-07-07,7503.85,2026-07-10,3.0,7445.0,73.65,12.93,14.25,13.68
2026-07-07,7503.85,2026-07-10,3.0,7450.0,70.55,13.22,15.15,13.49
2026-07-07,7503.85,2026-07-10,3.0,7455.0,66.5,13.03,16.2,13.34
2026-07-07,7503.85,2026-07-10,3.0,7460.0,62.6,12.87,17.3,13.17
2026-07-07,7503.85,2026-07-10,3.0,7465.0,58.8,12.72,18.5,13.01
2026-07-07,7503.85,2026-07-10,3.0,7470.0,55.1,12.58,19.75,12.84
2026-07-07,7503.85,2026-07-10,3.0,7475.0,51.5,12.45,21.1,12.68
2026-07-07,7503.85,2026-07-10,3.0,7480.0,47.9,12.27,22.6,12.54
2026-07-07,7503.85,2026-07-10,3.0,7485.0,44.5,12.14,24.15,12.38
2026-07-07,7503.85,2026-07-10,3.0,7490.0,41.2,12.0,25.8,12.21
2026-07-07,7503.85,2026-07-10,3.0,7495.0,37.95,11.84,27.6,12.07
2026-07-07,7503.85,2026-07-10,3.0,7500.0,34.85,11.69,29.5,11.91
2026-07-07,7503.85,2026-07-10,3.0,7505.0,31.9,11.55,31.55,11.77
2026-07-07,7503.85,2026-07-10,3.0,7510.0,29.1,11.43,33.7,11.62
2026-07-07,7503.85,2026-07-10,3.0,7515.0,26.4,11.29,36.0,11.48
2026-07-07,7503.85,2026-07-10,3.0,7520.0,23.85,11.15,38.5,11.36
2026-07-07,7503.85,2026-07-10,3.0,7525.0,21.45,11.03,41.1,11.23
2026-07-07,7503.85,2026-07-10,3.0,7530.0,19.2,10.9,43.8,11.08
2026-07-07,7503.85,2026-07-10,3.0,7535.0,17.1,10.78,46.7,10.95
2026-07-07,7503.85,2026-07-10,3.0,7540.0,15.15,10.66,49.8,10.85
2026-07-07,7503.85,2026-07-10,3.0,7545.0,13.35,10.55,52.95,10.71
2026-07-07,7503.85,2026-07-10,3.0,7550.0,11.75,10.46,56.4,10.64
2026-07-07,7503.85,2026-07-10,3.0,7555.0,10.25,10.36,59.95,10.55
2026-07-07,7503.85,2026-07-10,3.0,7560.0,8.9,10.27,63.65,10.48
2026-07-07,7503.85,2026-07-10,3.0,7565.0,7.75,10.21,67.4,10.36
2026-07-07,7503.85,2026-07-10,3.0,7570.0,6.65,10.12,71.3,10.26
2026-07-07,7503.85,2026-07-10,3.0,7575.0,5.65,10.03,75.35,10.17
2026-07-07,7503.85,2026-07-10,3.0,7580.0,4.85,9.99,79.55,10.11
2026-07-07,7503.85,2026-07-10,3.0,7585.0,4.1,9.92,83.9,10.08
2026-07-07,7503.85,2026-07-10,3.0,7590.0,3.45,9.85,88.2,9.93
2026-07-07,7503.85,2026-07-10,3.0,7595.0,2.88,9.78,92.7,9.88
2026-07-07,7503.85,2026-07-10,3.0,7600.0,2.4,9.74,97.05,9.54
2026-07-07,7503.85,2026-07-10,3.0,7605.0,2.0,9.7,102.1,9.98
2026-07-07,7503.85,2026-07-10,3.0,7610.0,1.65,9.66,107.8,11.17
2026-07-07,7503.85,2026-07-10,3.0,7615.0,1.32,9.58,112.4,11.11
2026-07-07,7503.85,2026-07-10,3.0,7620.0,1.07,9.53,117.15,11.17
2026-07-07,7503.85,2026-07-10,3.0,7625.0,0.88,9.5,120.4,17.9
2026-07-07,7503.85,2026-07-10,3.0,7630.0,0.75,9.57,126.8,11.36
2026-07-07,7503.85,2026-07-10,3.0,7635.0,0.57,9.46,131.65,11.43
2026-07-07,7503.85,2026-07-10,3.0,7640.0,0.48,9.48,136.55,11.57
2026-07-07,7503.85,2026-07-10,3.0,7645.0,0.4,9.54,141.45,11.65
2026-07-07,7503.85,2026-07-10,3.0,7650.0,0.33,9.54,146.4,11.84
2026-07-07,7503.85,2026-07-10,3.0,7655.0,0.28,9.6,150.65,17.43
2026-07-07,7503.85,2026-07-10,3.0,7660.0,0.25,9.76,156.3,12.17
2026-07-07,7503.85,2026-07-10,3.0,7665.0,0.2,9.75,,
2026-07-07,7503.85,2026-07-10,3.0,7670.0,0.17,9.85,166.2,12.29
2026-07-07,7503.85,2026-07-10,3.0,7675.0,0.15,9.93,171.2,12.59
2026-07-07,7503.85,2026-07-10,3.0,7680.0,0.15,10.19,176.2,12.89
2026-07-07,7503.85,2026-07-10,3.0,7685.0,0.15,10.44,181.15,12.8
2026-07-07,7503.85,2026-07-10,3.0,7690.0,0.12,10.48,185.45,17.47
2026-07-07,7503.85,2026-07-10,3.0,7695.0,0.1,10.47,,
2026-07-07,7503.85,2026-07-10,3.0,7700.0,0.1,10.72,196.05,18.19
2026-07-07,7503.85,2026-07-10,3.0,7705.0,0.1,10.96,,
2026-07-07,7503.85,2026-07-10,3.0,7710.0,0.1,11.2,,
2026-07-07,7503.85,2026-07-10,3.0,7715.0,0.1,11.44,211.75,16.95
2026-07-07,7503.85,2026-07-10,3.0,7720.0,0.1,11.68,,
2026-07-07,7503.85,2026-07-10,3.0,7725.0,0.1,11.92,,
2026-07-07,7503.85,2026-07-10,3.0,7730.0,0.1,12.16,,
2026-07-07,7503.85,2026-07-10,3.0,7735.0,0.1,12.4,232.55,19.85
2026-07-07,7503.85,2026-07-10,3.0,7740.0,0.1,12.64,237.55,20.19
2026-07-07,7503.85,2026-07-10,3.0,7745.0,0.1,12.88,242.15,19.78
2026-07-07,7503.85,2026-07-10,3.0,7750.0,0.1,13.12,246.6,18.77
2026-07-07,7503.85,2026-07-10,3.0,7755.0,0.1,13.35,252.3,20.73
2026-07-07,7503.85,2026-07-10,3.0,7760.0,0.1,13.59,257.3,21.06
2026-07-07,7503.85,2026-07-10,3.0,7770.0,0.1,14.06,267.55,22.19
2026-07-07,7503.85,2026-07-10,3.0,7775.0,0.1,14.3,272.1,21.61
2026-07-07,7503.85,2026-07-10,3.0,7780.0,0.1,14.53,277.25,22.25
2026-07-07,7503.85,2026-07-10,3.0,7790.0,0.1,15.0,287.5,23.4
2026-07-07,7503.85,2026-07-10,3.0,7800.0,0.1,15.46,296.75,22.27
2026-07-07,7503.85,2026-07-10,3.0,7810.0,0.08,15.49,307.45,24.59
2026-07-07,7503.85,2026-07-10,3.0,7820.0,0.08,15.94,317.45,25.23
2026-07-07,7503.85,2026-07-10,3.0,7825.0,0.08,16.16,321.5,22.92
2026-07-07,7503.85,2026-07-10,3.0,7830.0,0.08,16.38,327.45,25.86
2026-07-07,7503.85,2026-07-10,3.0,7840.0,0.08,16.83,337.25,26.04
2026-07-07,7503.85,2026-07-10,3.0,7850.0,0.08,17.28,346.95,25.89
2026-07-07,7503.85,2026-07-10,3.0,7860.0,0.08,17.72,356.9,26.34
2026-07-07,7503.85,2026-07-10,3.0,7870.0,0.08,18.16,366.4,25.05
2026-07-07,7503.85,2026-07-10,3.0,7875.0,0.08,18.38,371.5,25.81
2026-07-07,7503.85,2026-07-10,3.0,7880.0,0.08,18.6,376.5,26.09
2026-07-07,7503.85,2026-07-10,3.0,7890.0,0.08,19.04,387.25,29.12
2026-07-07,7503.85,2026-07-10,3.0,7900.0,0.08,19.48,397.0,29.03
2026-07-07,7503.85,2026-07-10,3.0,7910.0,0.05,19.21,406.4,27.29
2026-07-07,7503.85,2026-07-10,3.0,7920.0,0.05,19.64,417.15,30.65
2026-07-07,7503.85,2026-07-10,3.0,7925.0,0.05,19.85,422.0,30.5
2026-07-07,7503.85,2026-07-10,3.0,7930.0,0.05,20.06,427.4,31.92
2026-07-07,7503.85,2026-07-10,3.0,7940.0,0.05,20.48,437.35,32.39
2026-07-07,7503.85,2026-07-10,3.0,7950.0,0.05,20.89,447.1,32.28
2026-07-07,7503.85,2026-07-10,3.0,7960.0,0.05,21.31,457.0,32.54
2026-07-07,7503.85,2026-07-10,3.0,7970.0,0.05,21.73,467.15,33.6
2026-07-07,7503.85,2026-07-10,3.0,7975.0,0.05,21.93,471.85,32.89
2026-07-07,7503.85,2026-07-10,3.0,7980.0,0.05,22.14,477.35,34.76
2026-07-07,7503.85,2026-07-10,3.0,8000.0,0.05,22.97,496.85,34.31
2026-07-07,7503.85,2026-07-10,3.0,8025.0,0.05,23.99,522.0,36.27
2026-07-07,7503.85,2026-07-10,3.0,8050.0,0.05,25.01,546.85,37.1
2026-07-07,7503.85,2026-07-10,3.0,8075.0,0.05,26.02,571.9,38.69
2026-07-07,7503.85,2026-07-10,3.0,8100.0,0.05,27.03,596.9,40.06
2026-07-07,7503.85,2026-07-10,3.0,8125.0,0.05,28.03,621.45,39.12
2026-07-07,7503.85,2026-07-10,3.0,8150.0,0.05,29.02,646.2,37.98
2026-07-07,7503.85,2026-07-10,3.0,8175.0,0.05,30.01,671.8,43.67
2026-07-07,7503.85,2026-07-10,3.0,8200.0,0.05,30.99,696.8,44.99
2026-07-07,7503.85,2026-07-10,3.0,8225.0,0.05,31.97,721.8,46.31
2026-07-07,7503.85,2026-07-10,3.0,8250.0,0.05,32.94,747.0,48.55
2026-07-07,7503.85,2026-07-10,3.0,8275.0,0.05,33.91,771.95,49.64
2026-07-07,7503.85,2026-07-10,3.0,8300.0,0.0,34.87,796.8,50.2
2026-07-07,7503.85,2026-07-10,3.0,8350.0,0.05,36.77,846.85,53.02
2026-07-07,7503.85,2026-07-10,3.0,8400.0,0.05,38.66,896.7,54.69
2026-07-07,7503.85,2026-07-10,3.0,8500.0,0.03,40.28,996.6,58.95
2026-07-07,7503.85,2026-07-10,3.0,8600.0,,,1096.9,65.72
2026-07-07,7503.85,2026-07-13,6.0,5800.0,,,0.05,59.78
2026-07-07,7503.85,2026-07-13,6.0,5900.0,,,0.05,56.06
2026-07-07,7503.85,2026-07-13,6.0,6000.0,,,0.07,54.0
2026-07-07,7503.85,2026-07-13,6.0,6100.0,,,0.1,51.43
2026-07-07,7503.85,2026-07-13,6.0,6200.0,,,0.1,47.68
2026-07-07,7503.85,2026-07-13,6.0,6275.0,,,0.1,44.9
2026-07-07,7503.85,2026-07-13,6.0,6300.0,,,0.12,44.8
2026-07-07,7503.85,2026-07-13,6.0,6325.0,,,0.12,43.86
2026-07-07,7503.85,2026-07-13,6.0,6350.0,,,0.12,42.93
2026-07-07,7503.85,2026-07-13,6.0,6375.0,,,0.15,42.66
2026-07-07,7503.85,2026-07-13,6.0,6400.0,,,0.15,41.72
2026-07-07,7503.85,2026-07-13,6.0,6425.0,,,0.15,40.78
2026-07-07,7503.85,2026-07-13,6.0,6450.0,,,0.17,40.4
2026-07-07,7503.85,2026-07-13,6.0,6475.0,,,0.17,39.45
2026-07-07,7503.85,2026-07-13,6.0,6500.0,,,0.2,38.98
2026-07-07,7503.85,2026-07-13,6.0,6525.0,,,0.2,38.03
2026-07-07,7503.85,2026-07-13,6.0,6550.0,,,0.22,37.49
2026-07-07,7503.85,2026-07-13,6.0,6575.0,,,0.22,36.54
2026-07-07,7503.85,2026-07-13,6.0,6600.0,,,0.25,35.94
2026-07-07,7503.85,2026-07-13,6.0,6625.0,,,0.28,35.31
2026-07-07,7503.85,2026-07-13,6.0,6650.0,,,0.28,34.34
2026-07-07,7503.85,2026-07-13,6.0,6675.0,,,0.3,33.67
2026-07-07,7503.85,2026-07-13,6.0,6700.0,,,0.3,32.7
2026-07-07,7503.85,2026-07-13,6.0,6725.0,,,0.33,31.99
2026-07-07,7503.85,2026-07-13,6.0,6750.0,,,0.33,31.02
2026-07-07,7503.85,2026-07-13,6.0,6775.0,,,0.35,30.28
2026-07-07,7503.85,2026-07-13,6.0,6800.0,,,0.38,29.51
2026-07-07,7503.85,2026-07-13,6.0,6825.0,,,0.4,28.73
2026-07-07,7503.85,2026-07-13,6.0,6850.0,,,0.42,27.93
2026-07-07,7503.85,2026-07-13,6.0,6875.0,,,0.45,27.1
2026-07-07,7503.85,2026-07-13,6.0,6900.0,,,0.48,26.27
2026-07-07,7503.85,2026-07-13,6.0,6925.0,,,0.53,25.56
2026-07-07,7503.85,2026-07-13,6.0,6940.0,,,0.53,24.95
2026-07-07,7503.85,2026-07-13,6.0,6950.0,,,0.57,24.81
2026-07-07,7503.85,2026-07-13,6.0,6960.0,,,0.57,24.4
2026-07-07,7503.85,2026-07-13,6.0,6970.0,,,0.57,23.99
2026-07-07,7503.85,2026-07-13,6.0,6975.0,,,0.62,24.03
2026-07-07,7503.85,2026-07-13,6.0,6980.0,,,0.62,23.82
2026-07-07,7503.85,2026-07-13,6.0,6990.0,,,0.62,23.41
2026-07-07,7503.85,2026-07-13,6.0,7000.0,,,0.68,23.22
2026-07-07,7503.85,2026-07-13,6.0,7010.0,,,0.68,22.8
2026-07-07,7503.85,2026-07-13,6.0,7020.0,,,0.73,22.59
2026-07-07,7503.85,2026-07-13,6.0,7025.0,,,0.73,22.38
2026-07-07,7503.85,2026-07-13,6.0,7030.0,,,0.73,22.17
2026-07-07,7503.85,2026-07-13,6.0,7040.0,,,0.77,21.94
2026-07-07,7503.85,2026-07-13,6.0,7050.0,455.3,39.58,0.8,21.6
2026-07-07,7503.85,2026-07-13,6.0,7060.0,,,0.82,21.27
2026-07-07,7503.85,2026-07-13,6.0,7070.0,,,0.88,21.0
2026-07-07,7503.85,2026-07-13,6.0,7075.0,430.4,38.48,0.88,20.79
2026-07-07,7503.85,2026-07-13,6.0,7080.0,,,0.93,20.73
2026-07-07,7503.85,2026-07-13,6.0,7085.0,,,0.93,20.51
2026-07-07,7503.85,2026-07-13,6.0,7090.0,,,0.98,20.45
2026-07-07,7503.85,2026-07-13,6.0,7095.0,,,0.98,20.23
2026-07-07,7503.85,2026-07-13,6.0,7100.0,405.55,36.39,1.02,20.15
2026-07-07,7503.85,2026-07-13,6.0,7105.0,,,1.02,19.93
2026-07-07,7503.85,2026-07-13,6.0,7110.0,,,1.07,19.85
2026-07-07,7503.85,2026-07-13,6.0,7115.0,,,1.07,19.63
2026-07-07,7503.85,2026-07-13,6.0,7120.0,,,1.12,19.53
2026-07-07,7503.85,2026-07-13,6.0,7125.0,,,1.15,19.37
2026-07-07,7503.85,2026-07-13,6.0,7130.0,,,1.18,19.21
2026-07-07,7503.85,2026-07-13,6.0,7135.0,,,1.23,19.11
2026-07-07,7503.85,2026-07-13,6.0,7140.0,,,1.27,19.0
2026-07-07,7503.85,2026-07-13,6.0,7145.0,,,1.3,18.83
2026-07-07,7503.85,2026-07-13,6.0,7150.0,,,1.35,18.71
2026-07-07,7503.85,2026-07-13,6.0,7155.0,,,1.38,18.53
2026-07-07,7503.85,2026-07-13,6.0,7160.0,,,1.43,18.4
2026-07-07,7503.85,2026-07-13,6.0,7165.0,,,1.48,18.27
2026-07-07,7503.85,2026-07-13,6.0,7170.0,,,1.52,18.14
2026-07-07,7503.85,2026-07-13,6.0,7175.0,,,1.57,18.0
2026-07-07,7503.85,2026-07-13,6.0,7180.0,,,1.65,17.9
2026-07-07,7503.85,2026-07-13,6.0,7185.0,,,1.7,17.75
2026-07-07,7503.85,2026-07-13,6.0,7190.0,,,1.75,17.6
2026-07-07,7503.85,2026-07-13,6.0,7195.0,311.45,26.27,1.82,17.49
2026-07-07,7503.85,2026-07-13,6.0,7200.0,306.55,26.51,1.9,17.37
2026-07-07,7503.85,2026-07-13,6.0,7205.0,,,1.97,17.24
2026-07-07,7503.85,2026-07-13,6.0,7210.0,,,2.05,17.11
2026-07-07,7503.85,2026-07-13,6.0,7215.0,,,2.12,16.98
2026-07-07,7503.85,2026-07-13,6.0,7220.0,,,2.2,16.84
2026-07-07,7503.85,2026-07-13,6.0,7225.0,,,2.3,16.72
2026-07-07,7503.85,2026-07-13,6.0,7230.0,,,2.4,16.61
2026-07-07,7503.85,2026-07-13,6.0,7235.0,,,2.5,16.48
2026-07-07,7503.85,2026-07-13,6.0,7240.0,,,2.6,16.35
2026-07-07,7503.85,2026-07-13,6.0,7245.0,,,2.73,16.24
2026-07-07,7503.85,2026-07-13,6.0,7250.0,258.25,9.81,2.85,16.13
2026-07-07,7503.85,2026-07-13,6.0,7255.0,,,2.98,16.01
2026-07-07,7503.85,2026-07-13,6.0,7260.0,,,3.1,15.88
2026-07-07,7503.85,2026-07-13,6.0,7265.0,,,3.25,15.77
2026-07-07,7503.85,2026-07-13,6.0,7270.0,,,3.4,15.65
2026-07-07,7503.85,2026-07-13,6.0,7275.0,233.25,8.75,3.6,15.57
2026-07-07,7503.85,2026-07-13,6.0,7280.0,229.15,12.02,3.75,15.44
2026-07-07,7503.85,2026-07-13,6.0,7285.0,224.35,12.15,3.95,15.34
2026-07-07,7503.85,2026-07-13,6.0,7290.0,218.75,10.65,4.1,15.19
2026-07-07,7503.85,2026-07-13,6.0,7295.0,214.75,12.29,4.3,15.08
2026-07-07,7503.85,2026-07-13,6.0,7300.0,211.55,14.01,4.55,14.99
2026-07-07,7503.85,2026-07-13,6.0,7305.0,204.5,11.44,4.75,14.86
2026-07-07,7503.85,2026-07-13,6.0,7310.0,199.65,11.42,5.0,14.76
2026-07-07,7503.85,2026-07-13,6.0,7315.0,195.0,11.63,5.25,14.65
2026-07-07,7503.85,2026-07-13,6.0,7320.0,191.0,12.43,5.5,14.52
2026-07-07,7503.85,2026-07-13,6.0,7325.0,185.45,11.62,5.8,14.42
2026-07-07,7503.85,2026-07-13,6.0,7330.0,180.75,11.66,6.05,14.28
2026-07-07,7503.85,2026-07-13,6.0,7335.0,176.9,12.37,6.4,14.19
2026-07-07,7503.85,2026-07-13,6.0,7340.0,171.5,11.78,6.75,14.09
2026-07-07,7503.85,2026-07-13,6.0,7345.0,166.8,11.73,7.05,13.95
2026-07-07,7503.85,2026-07-13,6.0,7350.0,162.2,11.75,7.45,13.86
2026-07-07,7503.85,2026-07-13,6.0,7355.0,157.6,11.73,7.8,13.73
2026-07-07,7503.85,2026-07-13,6.0,7360.0,153.05,11.73,8.2,13.61
2026-07-07,7503.85,2026-07-13,6.0,7365.0,148.45,11.68,8.65,13.5
2026-07-07,7503.85,2026-07-13,6.0,7370.0,143.95,11.66,9.05,13.36
2026-07-07,7503.85,2026-07-13,6.0,7375.0,140.15,12.0,9.55,13.26
2026-07-07,7503.85,2026-07-13,6.0,7380.0,135.65,11.93,10.05,13.14
2026-07-07,7503.85,2026-07-13,6.0,7385.0,131.15,11.84,10.55,13.01
2026-07-07,7503.85,2026-07-13,6.0,7390.0,126.0,11.44,11.05,12.87
2026-07-07,7503.85,2026-07-13,6.0,7395.0,121.6,11.38,11.65,12.76
2026-07-07,7503.85,2026-07-13,6.0,7400.0,117.25,11.32,12.25,12.63
2026-07-07,7503.85,2026-07-13,6.0,7405.0,113.6,11.53,12.95,12.53
2026-07-07,7503.85,2026-07-13,6.0,7410.0,109.7,11.61,13.65,12.42
2026-07-07,7503.85,2026-07-13,6.0,7415.0,108.1,12.49,14.35,12.28
2026-07-07,7503.85,2026-07-13,6.0,7420.0,100.95,11.32,15.1,12.16
2026-07-07,7503.85,2026-07-13,6.0,7425.0,96.9,11.28,15.9,12.03
2026-07-07,7503.85,2026-07-13,6.0,7430.0,91.95,10.9,16.75,11.91
2026-07-07,7503.85,2026-07-13,6.0,7435.0,87.85,10.8,17.65,11.78
2026-07-07,7503.85,2026-07-13,6.0,7440.0,83.85,10.72,18.6,11.66
2026-07-07,7503.85,2026-07-13,6.0,7445.0,80.7,10.89,19.65,11.55
2026-07-07,7503.85,2026-07-13,6.0,7450.0,76.8,10.79,20.7,11.42
2026-07-07,7503.85,2026-07-13,6.0,7455.0,73.0,10.71,21.85,11.3
2026-07-07,7503.85,2026-07-13,6.0,7460.0,69.2,10.6,23.05,11.18
2026-07-07,7503.85,2026-07-13,6.0,7465.0,65.5,10.5,24.35,11.07
2026-07-07,7503.85,2026-07-13,6.0,7470.0,61.8,10.38,25.7,10.95
2026-07-07,7503.85,2026-07-13,6.0,7475.0,58.3,10.3,27.1,10.82
2026-07-07,7503.85,2026-07-13,6.0,7480.0,54.8,10.19,28.65,10.72
2026-07-07,7503.85,2026-07-13,6.0,7485.0,51.4,10.08,30.3,10.61
2026-07-07,7503.85,2026-07-13,6.0,7490.0,48.1,9.98,32.0,10.5
2026-07-07,7503.85,2026-07-13,6.0,7495.0,45.0,9.9,33.8,10.39
2026-07-07,7503.85,2026-07-13,6.0,7500.0,41.9,9.8,35.7,10.28
2026-07-07,7503.85,2026-07-13,6.0,7505.0,38.9,9.7,37.7,10.17
2026-07-07,7503.85,2026-07-13,6.0,7510.0,36.0,9.6,39.8,10.06
2026-07-07,7503.85,2026-07-13,6.0,7515.0,33.2,9.49,42.1,9.98
2026-07-07,7503.85,2026-07-13,6.0,7520.0,30.6,9.41,44.4,9.86
2026-07-07,7503.85,2026-07-13,6.0,7525.0,28.05,9.31,46.9,9.77
2026-07-07,7503.85,2026-07-13,6.0,7530.0,25.65,9.22,49.5,9.68
2026-07-07,7503.85,2026-07-13,6.0,7535.0,23.4,9.14,52.2,9.58
2026-07-07,7503.85,2026-07-13,6.0,7540.0,21.2,9.04,55.0,9.48
2026-07-07,7503.85,2026-07-13,6.0,7545.0,19.2,8.96,58.0,9.4
2026-07-07,7503.85,2026-07-13,6.0,7550.0,17.3,8.88,61.1,9.31
2026-07-07,7503.85,2026-07-13,6.0,7555.0,15.55,8.8,64.3,9.22
2026-07-07,7503.85,2026-07-13,6.0,7560.0,13.9,8.72,67.7,9.15
2026-07-07,7503.85,2026-07-13,6.0,7565.0,12.35,8.64,70.5,8.84
2026-07-07,7503.85,2026-07-13,6.0,7570.0,10.95,8.57,74.1,8.76
2026-07-07,7503.85,2026-07-13,6.0,7575.0,9.7,8.51,77.85,8.68
2026-07-07,7503.85,2026-07-13,6.0,7580.0,8.55,8.45,82.4,8.87
2026-07-07,7503.85,2026-07-13,6.0,7585.0,7.45,8.37,86.3,8.77
2026-07-07,7503.85,2026-07-13,6.0,7590.0,6.55,8.33,90.45,8.74
2026-07-07,7503.85,2026-07-13,6.0,7595.0,5.65,8.25,94.55,8.65
2026-07-07,7503.85,2026-07-13,6.0,7600.0,4.9,8.21,98.15,8.19
2026-07-07,7503.85,2026-07-13,6.0,7605.0,4.2,8.14,102.35,7.93
2026-07-07,7503.85,2026-07-13,6.0,7610.0,3.6,8.09,109.05,9.33
2026-07-07,7503.85,2026-07-13,6.0,7615.0,3.1,8.07,113.3,9.18
2026-07-07,7503.85,2026-07-13,6.0,7620.0,2.65,8.03,117.15,8.61
2026-07-07,7503.85,2026-07-13,6.0,7625.0,2.22,7.97,121.75,8.49
2026-07-07,7503.85,2026-07-13,6.0,7630.0,1.85,7.91,127.05,9.07
2026-07-07,7503.85,2026-07-13,6.0,7635.0,1.55,7.87,131.75,9.02
2026-07-07,7503.85,2026-07-13,6.0,7640.0,1.3,7.85,136.5,8.95
2026-07-07,7503.85,2026-07-13,6.0,7645.0,1.07,7.8,141.3,8.84
2026-07-07,7503.85,2026-07-13,6.0,7650.0,0.9,7.79,,
2026-07-07,7503.85,2026-07-13,6.0,7655.0,0.75,7.77,,
2026-07-07,7503.85,2026-07-13,6.0,7660.0,0.62,7.76,,
2026-07-07,7503.85,2026-07-13,6.0,7665.0,0.53,7.77,,
2026-07-07,7503.85,2026-07-13,6.0,7670.0,0.42,7.73,,
2026-07-07,7503.85,2026-07-13,6.0,7675.0,0.38,7.8,,
2026-07-07,7503.85,2026-07-13,6.0,7680.0,0.33,7.84,,
2026-07-07,7503.85,2026-07-13,6.0,7685.0,0.28,7.86,,
2026-07-07,7503.85,2026-07-13,6.0,7690.0,0.22,7.85,,
2026-07-07,7503.85,2026-07-13,6.0,7695.0,0.2,7.92,,
2026-07-07,7503.85,2026-07-13,6.0,7700.0,0.17,7.98,,
2026-07-07,7503.85,2026-07-13,6.0,7705.0,0.15,8.02,,
2026-07-07,7503.85,2026-07-13,6.0,7710.0,0.15,8.2,205.35,17.24
2026-07-07,7503.85,2026-07-13,6.0,7715.0,0.1,8.01,,
2026-07-07,7503.85,2026-07-13,6.0,7720.0,0.12,8.38,,
2026-07-07,7503.85,2026-07-13,6.0,7725.0,0.12,8.55,,
2026-07-07,7503.85,2026-07-13,6.0,7730.0,0.1,8.52,225.25,21.96
2026-07-07,7503.85,2026-07-13,6.0,7735.0,0.1,8.69,,
2026-07-07,7503.85,2026-07-13,6.0,7740.0,0.1,8.86,,
2026-07-07,7503.85,2026-07-13,6.0,7745.0,0.1,9.03,,
2026-07-07,7503.85,2026-07-13,6.0,7750.0,0.1,9.2,245.3,22.86
2026-07-07,7503.85,2026-07-13,6.0,7755.0,0.1,9.37,,
2026-07-07,7503.85,2026-07-13,6.0,7760.0,0.1,9.53,,
2026-07-07,7503.85,2026-07-13,6.0,7770.0,0.1,9.87,266.75,15.62
2026-07-07,7503.85,2026-07-13,6.0,7775.0,0.1,10.03,,
2026-07-07,7503.85,2026-07-13,6.0,7780.0,0.1,10.2,276.7,15.99
2026-07-07,7503.85,2026-07-13,6.0,7790.0,0.1,10.53,286.7,16.45
2026-07-07,7503.85,2026-07-13,6.0,7800.0,0.1,10.86,,
2026-07-07,7503.85,2026-07-13,6.0,7810.0,0.1,11.18,306.65,17.25
2026-07-07,7503.85,2026-07-13,6.0,7820.0,0.1,11.51,316.45,17.25
2026-07-07,7503.85,2026-07-13,6.0,7825.0,0.1,11.67,321.4,17.34
2026-07-07,7503.85,2026-07-13,6.0,7830.0,0.1,11.83,326.65,18.15
2026-07-07,7503.85,2026-07-13,6.0,7850.0,0.1,12.48,346.15,17.29
2026-07-07,7503.85,2026-07-13,6.0,7875.0,0.1,13.28,371.65,20.12
2026-07-07,7503.85,2026-07-13,6.0,7900.0,0.1,14.07,,
2026-07-07,7503.85,2026-07-13,6.0,7925.0,0.1,14.86,,
2026-07-07,7503.85,2026-07-13,6.0,7950.0,0.1,15.64,,
2026-07-07,7503.85,2026-07-13,6.0,7975.0,0.1,16.42,,
2026-07-07,7503.85,2026-07-13,6.0,8000.0,0.1,17.19,496.2,23.57
2026-07-07,7503.85,2026-07-13,6.0,8025.0,0.07,17.49,521.2,24.54
2026-07-07,7503.85,2026-07-13,6.0,8050.0,0.07,18.23,,
2026-07-07,7503.85,2026-07-13,6.0,8075.0,0.07,18.97,,
2026-07-07,7503.85,2026-07-13,6.0,8100.0,0.05,19.04,596.3,28.06
2026-07-07,7503.85,2026-07-13,6.0,8200.0,0.05,21.85,696.15,30.66
2026-07-07,7503.85,2026-07-13,6.0,8300.0,0.05,24.59,,
2026-07-07,7503.85,2026-07-13,6.0,8400.0,0.05,27.27,,
2026-07-07,7503.85,2026-07-13,6.0,8600.0,0.05,32.48,,
2026-07-07,7503.85,2026-07-14,7.0,5900.0,,,0.12,55.68
2026-07-07,7503.85,2026-07-14,7.0,6000.0,,,0.12,52.07
2026-07-07,7503.85,2026-07-14,7.0,6100.0,,,0.15,49.24
2026-07-07,7503.85,2026-07-14,7.0,6200.0,,,0.17,46.28
2026-07-07,7503.85,2026-07-14,7.0,6275.0,,,0.17,43.6
2026-07-07,7503.85,2026-07-14,7.0,6300.0,,,0.17,42.71
2026-07-07,7503.85,2026-07-14,7.0,6325.0,,,0.2,42.32
2026-07-07,7503.85,2026-07-14,7.0,6350.0,,,0.22,41.87
2026-07-07,7503.85,2026-07-14,7.0,6375.0,,,0.22,40.97
2026-07-07,7503.85,2026-07-14,7.0,6400.0,,,0.22,40.08
2026-07-07,7503.85,2026-07-14,7.0,6425.0,,,0.22,39.18
2026-07-07,7503.85,2026-07-14,7.0,6450.0,,,0.25,38.67
2026-07-07,7503.85,2026-07-14,7.0,6475.0,,,0.28,38.11
2026-07-07,7503.85,2026-07-14,7.0,6500.0,,,0.28,37.21
2026-07-07,7503.85,2026-07-14,7.0,6525.0,,,0.28,36.31
2026-07-07,7503.85,2026-07-14,7.0,6550.0,,,0.3,35.71
2026-07-07,7503.85,2026-07-14,7.0,6575.0,,,0.33,35.08
2026-07-07,7503.85,2026-07-14,7.0,6600.0,,,0.33,34.17
2026-07-07,7503.85,2026-07-14,7.0,6625.0,,,0.35,33.51
2026-07-07,7503.85,2026-07-14,7.0,6650.0,,,0.38,32.83
2026-07-07,7503.85,2026-07-14,7.0,6675.0,,,0.38,31.92
2026-07-07,7503.85,2026-07-14,7.0,6700.0,,,0.42,31.41
2026-07-07,7503.85,2026-07-14,7.0,6725.0,,,0.42,30.49
2026-07-07,7503.85,2026-07-14,7.0,6750.0,,,0.48,29.92
2026-07-07,7503.85,2026-07-14,7.0,6775.0,,,0.48,28.99
2026-07-07,7503.85,2026-07-14,7.0,6800.0,,,0.53,28.38
2026-07-07,7503.85,2026-07-14,7.0,6825.0,,,0.55,27.58
2026-07-07,7503.85,2026-07-14,7.0,6850.0,,,0.6,26.91
2026-07-07,7503.85,2026-07-14,7.0,6875.0,,,0.62,26.09
2026-07-07,7503.85,2026-07-14,7.0,6900.0,,,0.68,25.37
2026-07-07,7503.85,2026-07-14,7.0,6925.0,,,0.75,24.72
2026-07-07,7503.85,2026-07-14,7.0,6950.0,,,0.82,24.04
2026-07-07,7503.85,2026-07-14,7.0,6975.0,,,0.9,23.32
2026-07-07,7503.85,2026-07-14,7.0,6990.0,,,0.95,22.89
2026-07-07,7503.85,2026-07-14,7.0,7000.0,,,0.98,22.57
2026-07-07,7503.85,2026-07-14,7.0,7010.0,,,1.02,22.32
2026-07-07,7503.85,2026-07-14,7.0,7020.0,,,1.07,22.06
2026-07-07,7503.85,2026-07-14,7.0,7025.0,,,1.1,21.93
2026-07-07,7503.85,2026-07-14,7.0,7030.0,,,1.12,21.79
2026-07-07,7503.85,2026-07-14,7.0,7040.0,,,1.2,21.58
2026-07-07,7503.85,2026-07-14,7.0,7050.0,,,1.25,21.29
2026-07-07,7503.85,2026-07-14,7.0,7060.0,,,1.3,21.0
2026-07-07,7503.85,2026-07-14,7.0,7070.0,,,1.38,20.75
2026-07-07,7503.85,2026-07-14,7.0,7075.0,,,1.4,20.6
2026-07-07,7503.85,2026-07-14,7.0,7080.0,,,1.45,20.5
2026-07-07,7503.85,2026-07-14,7.0,7090.0,,,1.52,20.23
2026-07-07,7503.85,2026-07-14,7.0,7100.0,,,1.6,19.95
2026-07-07,7503.85,2026-07-14,7.0,7110.0,,,1.7,19.71
2026-07-07,7503.85,2026-07-14,7.0,7120.0,,,1.8,19.46
2026-07-07,7503.85,2026-07-14,7.0,7125.0,,,1.88,19.37
2026-07-07,7503.85,2026-07-14,7.0,7130.0,,,1.92,19.23
2026-07-07,7503.85,2026-07-14,7.0,7140.0,367.1,33.88,2.05,18.99
2026-07-07,7503.85,2026-07-14,7.0,7150.0,,,2.17,18.74
2026-07-07,7503.85,2026-07-14,7.0,7160.0,,,2.33,18.5
2026-07-07,7503.85,2026-07-14,7.0,7170.0,,,2.52,18.31
2026-07-07,7503.85,2026-07-14,7.0,7175.0,,,2.58,18.15
2026-07-07,7503.85,2026-07-14,7.0,7180.0,,,2.67,18.04
2026-07-07,7503.85,2026-07-14,7.0,7185.0,,,2.77,17.93
2026-07-07,7503.85,2026-07-14,7.0,7190.0,,,2.88,17.82
2026-07-07,7503.85,2026-07-14,7.0,7195.0,,,3.03,17.75
2026-07-07,7503.85,2026-07-14,7.0,7200.0,,,3.15,17.65
2026-07-07,7503.85,2026-07-14,7.0,7205.0,,,3.25,17.52
2026-07-07,7503.85,2026-07-14,7.0,7210.0,298.55,27.86,3.35,17.39
2026-07-07,7503.85,2026-07-14,7.0,7215.0,,,3.45,17.25
2026-07-07,7503.85,2026-07-14,7.0,7220.0,287.95,29.13,3.65,17.2
2026-07-07,7503.85,2026-07-14,7.0,7225.0,282.75,26.88,3.75,17.05
2026-07-07,7503.85,2026-07-14,7.0,7230.0,,,3.9,16.94
2026-07-07,7503.85,2026-07-14,7.0,7235.0,,,4.05,16.83
2026-07-07,7503.85,2026-07-14,7.0,7240.0,,,4.25,16.75
2026-07-07,7503.85,2026-07-14,7.0,7245.0,,,4.4,16.62
2026-07-07,7503.85,2026-07-14,7.0,7250.0,,,4.6,16.53
2026-07-07,7503.85,2026-07-14,7.0,7255.0,254.55,11.52,4.8,16.43
2026-07-07,7503.85,2026-07-14,7.0,7260.0,249.05,9.42,5.0,16.32
2026-07-07,7503.85,2026-07-14,7.0,7265.0,245.0,12.03,5.2,16.21
2026-07-07,7503.85,2026-07-14,7.0,7270.0,239.55,10.9,5.4,16.09
2026-07-07,7503.85,2026-07-14,7.0,7275.0,235.6,12.49,5.65,16.0
2026-07-07,7503.85,2026-07-14,7.0,7280.0,230.85,12.57,5.9,15.9
2026-07-07,7503.85,2026-07-14,7.0,7285.0,225.7,12.16,6.1,15.76
2026-07-07,7503.85,2026-07-14,7.0,7290.0,221.0,12.28,6.35,15.64
2026-07-07,7503.85,2026-07-14,7.0,7295.0,216.75,12.8,6.65,15.55
2026-07-07,7503.85,2026-07-14,7.0,7300.0,213.6,14.02,6.95,15.45
2026-07-07,7503.85,2026-07-14,7.0,7305.0,208.95,14.0,7.25,15.34
2026-07-07,7503.85,2026-07-14,7.0,7310.0,204.05,13.79,7.55,15.23
2026-07-07,7503.85,2026-07-14,7.0,7315.0,199.55,13.84,7.95,15.16
2026-07-07,7503.85,2026-07-14,7.0,7320.0,194.75,13.69,8.25,15.03
2026-07-07,7503.85,2026-07-14,7.0,7325.0,190.1,13.62,8.65,14.94
2026-07-07,7503.85,2026-07-14,7.0,7330.0,185.5,13.57,9.05,14.84
2026-07-07,7503.85,2026-07-14,7.0,7335.0,180.9,13.5,9.45,14.73
2026-07-07,7503.85,2026-07-14,7.0,7340.0,176.5,13.52,9.85,14.61
2026-07-07,7503.85,2026-07-14,7.0,7345.0,171.95,13.45,10.25,14.49
2026-07-07,7503.85,2026-07-14,7.0,7350.0,167.6,13.47,10.75,14.4
2026-07-07,7503.85,2026-07-14,7.0,7355.0,162.9,13.3,11.25,14.3
2026-07-07,7503.85,2026-07-14,7.0,7360.0,158.25,13.16,11.75,14.18
2026-07-07,7503.85,2026-07-14,7.0,7365.0,153.95,13.15,12.25,14.06
2026-07-07,7503.85,2026-07-14,7.0,7370.0,149.5,13.07,12.85,13.97
2026-07-07,7503.85,2026-07-14,7.0,7375.0,145.1,12.99,13.4,13.85
2026-07-07,7503.85,2026-07-14,7.0,7380.0,140.55,12.84,14.0,13.74
2026-07-07,7503.85,2026-07-14,7.0,7385.0,136.4,12.84,14.65,13.63
2026-07-07,7503.85,2026-07-14,7.0,7390.0,132.1,12.76,15.35,13.53
2026-07-07,7503.85,2026-07-14,7.0,7395.0,127.8,12.67,16.05,13.42
2026-07-07,7503.85,2026-07-14,7.0,7400.0,123.55,12.59,16.75,13.3
2026-07-07,7503.85,2026-07-14,7.0,7405.0,119.3,12.49,17.55,13.2
2026-07-07,7503.85,2026-07-14,7.0,7410.0,115.15,12.41,18.35,13.08
2026-07-07,7503.85,2026-07-14,7.0,7415.0,111.05,12.33,19.2,12.97
2026-07-07,7503.85,2026-07-14,7.0,7420.0,106.95,12.24,20.1,12.86
2026-07-07,7503.85,2026-07-14,7.0,7425.0,102.85,12.13,21.0,12.74
2026-07-07,7503.85,2026-07-14,7.0,7430.0,98.85,12.04,22.0,12.64
2026-07-07,7503.85,2026-07-14,7.0,7435.0,94.85,11.94,23.05,12.53
2026-07-07,7503.85,2026-07-14,7.0,7440.0,90.8,11.8,24.1,12.41
2026-07-07,7503.85,2026-07-14,7.0,7445.0,87.2,11.78,25.25,12.31
2026-07-07,7503.85,2026-07-14,7.0,7450.0,83.4,11.68,26.45,12.2
2026-07-07,7503.85,2026-07-14,7.0,7455.0,79.7,11.6,27.7,12.09
2026-07-07,7503.85,2026-07-14,7.0,7460.0,76.0,11.5,29.0,11.98
2026-07-07,7503.85,2026-07-14,7.0,7465.0,72.4,11.41,30.4,11.88
2026-07-07,7503.85,2026-07-14,7.0,7470.0,68.8,11.3,31.9,11.78
2026-07-07,7503.85,2026-07-14,7.0,7475.0,65.35,11.21,33.4,11.67
2026-07-07,7503.85,2026-07-14,7.0,7480.0,62.0,11.12,35.0,11.57
2026-07-07,7503.85,2026-07-14,7.0,7485.0,58.6,11.01,36.7,11.47
2026-07-07,7503.85,2026-07-14,7.0,7490.0,55.4,10.92,38.4,11.36
2026-07-07,7503.85,2026-07-14,7.0,7495.0,52.2,10.82,40.25,11.26
2026-07-07,7503.85,2026-07-14,7.0,7500.0,49.2,10.75,42.2,11.16
2026-07-07,7503.85,2026-07-14,7.0,7505.0,46.2,10.65,44.2,11.06
2026-07-07,7503.85,2026-07-14,7.0,7510.0,43.3,10.56,46.3,10.96
2026-07-07,7503.85,2026-07-14,7.0,7515.0,40.5,10.46,48.5,10.86
2026-07-07,7503.85,2026-07-14,7.0,7520.0,37.8,10.37,50.8,10.77
2026-07-07,7503.85,2026-07-14,7.0,7525.0,35.2,10.29,53.2,10.68
2026-07-07,7503.85,2026-07-14,7.0,7530.0,32.7,10.2,55.7,10.58
2026-07-07,7503.85,2026-07-14,7.0,7535.0,30.3,10.11,58.3,10.49
2026-07-07,7503.85,2026-07-14,7.0,7540.0,28.0,10.02,61.0,10.4
2026-07-07,7503.85,2026-07-14,7.0,7545.0,25.8,9.94,63.8,10.31
2026-07-07,7503.85,2026-07-14,7.0,7550.0,23.75,9.86,66.7,10.22
2026-07-07,7503.85,2026-07-14,7.0,7555.0,21.8,9.79,69.75,10.14
2026-07-07,7503.85,2026-07-14,7.0,7560.0,19.9,9.7,72.85,10.04
2026-07-07,7503.85,2026-07-14,7.0,7565.0,18.15,9.62,76.1,9.96
2026-07-07,7503.85,2026-07-14,7.0,7570.0,16.5,9.55,79.45,9.88
2026-07-07,7503.85,2026-07-14,7.0,7575.0,14.95,9.47,82.9,9.79
2026-07-07,7503.85,2026-07-14,7.0,7580.0,13.55,9.41,86.4,9.69
2026-07-07,7503.85,2026-07-14,7.0,7585.0,12.2,9.34,90.05,9.61
2026-07-07,7503.85,2026-07-14,7.0,7590.0,10.95,9.27,93.75,9.51
2026-07-07,7503.85,2026-07-14,7.0,7595.0,9.8,9.21,97.65,9.43
2026-07-07,7503.85,2026-07-14,7.0,7600.0,8.75,9.15,101.6,9.34
2026-07-07,7503.85,2026-07-14,7.0,7605.0,7.75,9.07,105.6,9.23
2026-07-07,7503.85,2026-07-14,7.0,7610.0,6.85,9.01,109.75,9.15
2026-07-07,7503.85,2026-07-14,7.0,7615.0,6.05,8.95,113.85,8.98
2026-07-07,7503.85,2026-07-14,7.0,7620.0,5.35,8.91,118.1,8.83
2026-07-07,7503.85,2026-07-14,7.0,7625.0,4.65,8.83,122.55,8.73
2026-07-07,7503.85,2026-07-14,7.0,7630.0,4.1,8.8,126.95,8.51
2026-07-07,7503.85,2026-07-14,7.0,7635.0,3.55,8.74,134.35,10.38
2026-07-07,7503.85,2026-07-14,7.0,7640.0,3.05,8.67,138.85,10.37
2026-07-07,7503.85,2026-07-14,7.0,7645.0,2.65,8.63,143.45,10.4
2026-07-07,7503.85,2026-07-14,7.0,7650.0,2.27,8.58,148.1,10.43
2026-07-07,7503.85,2026-07-14,7.0,7655.0,1.95,8.54,152.75,10.43
2026-07-07,7503.85,2026-07-14,7.0,7660.0,1.68,8.5,157.5,10.49
2026-07-07,7503.85,2026-07-14,7.0,7665.0,1.45,8.49,162.25,10.52
2026-07-07,7503.85,2026-07-14,7.0,7670.0,1.23,8.44,167.05,10.58
2026-07-07,7503.85,2026-07-14,7.0,7675.0,1.02,8.39,171.85,10.6
2026-07-07,7503.85,2026-07-14,7.0,7680.0,0.88,8.37,176.65,10.58
2026-07-07,7503.85,2026-07-14,7.0,7685.0,0.77,8.41,181.55,10.68
2026-07-07,7503.85,2026-07-14,7.0,7690.0,0.65,8.38,186.45,10.75
2026-07-07,7503.85,2026-07-14,7.0,7700.0,0.48,8.37,196.25,10.73
2026-07-07,7503.85,2026-07-14,7.0,7710.0,0.38,8.46,206.15,10.84
2026-07-07,7503.85,2026-07-14,7.0,7720.0,0.3,8.57,,
2026-07-07,7503.85,2026-07-14,7.0,7725.0,0.25,8.55,,
2026-07-07,7503.85,2026-07-14,7.0,7730.0,0.22,8.61,225.05,16.98
2026-07-07,7503.85,2026-07-14,7.0,7740.0,0.2,8.82,,
2026-07-07,7503.85,2026-07-14,7.0,7750.0,0.17,9.02,,
2026-07-07,7503.85,2026-07-14,7.0,7760.0,0.15,9.19,,
2026-07-07,7503.85,2026-07-14,7.0,7775.0,0.15,9.66,,
2026-07-07,7503.85,2026-07-14,7.0,7800.0,0.12,10.26,,
2026-07-07,7503.85,2026-07-14,7.0,7825.0,0.1,10.78,,
2026-07-07,7503.85,2026-07-14,7.0,7850.0,0.1,11.53,,
2026-07-07,7503.85,2026-07-14,7.0,7875.0,0.1,12.27,,
2026-07-07,7503.85,2026-07-14,7.0,7900.0,0.1,13.01,,
2026-07-07,7503.85,2026-07-14,7.0,7925.0,0.1,13.74,,
2026-07-07,7503.85,2026-07-14,7.0,7950.0,0.1,14.46,,
2026-07-07,7503.85,2026-07-14,7.0,7975.0,0.1,15.18,,
2026-07-07,7503.85,2026-07-14,7.0,8000.0,0.1,15.89,,
2026-07-07,7503.85,2026-07-14,7.0,8025.0,0.1,16.6,,
2026-07-07,7503.85,2026-07-14,7.0,8050.0,0.1,17.3,,
2026-07-07,7503.85,2026-07-14,7.0,8075.0,0.1,17.99,,
2026-07-07,7503.85,2026-07-14,7.0,8100.0,0.1,18.69,,
2026-07-07,7503.85,2026-07-14,7.0,8200.0,0.07,20.89,,
2026-07-07,7503.85,2026-07-14,7.0,8300.0,0.07,23.5,,
2026-07-07,7503.85,2026-07-14,7.0,8400.0,0.05,25.23,,
2026-07-07,7503.85,2026-07-14,7.0,8600.0,0.05,30.05,,
2026-07-07,7503.85,2026-07-15,8.0,6000.0,,,0.2,50.69
2026-07-07,7503.85,2026-07-15,8.0,6100.0,,,0.22,47.73
2026-07-07,7503.85,2026-07-15,8.0,6200.0,,,0.25,44.71
2026-07-07,7503.85,2026-07-15,8.0,6275.0,,,0.3,42.86
2026-07-07,7503.85,2026-07-15,8.0,6300.0,,,0.3,41.99
2026-07-07,7503.85,2026-07-15,8.0,6325.0,,,0.3,41.12
2026-07-07,7503.85,2026-07-15,8.0,6350.0,,,0.33,40.57
2026-07-07,7503.85,2026-07-15,8.0,6375.0,,,0.35,39.99
2026-07-07,7503.85,2026-07-15,8.0,6400.0,,,0.35,39.12
2026-07-07,7503.85,2026-07-15,8.0,6425.0,,,0.38,38.52
2026-07-07,7503.85,2026-07-15,8.0,6450.0,,,0.38,37.64
2026-07-07,7503.85,2026-07-15,8.0,6475.0,,,0.4,37.02
2026-07-07,7503.85,2026-07-15,8.0,6500.0,,,0.4,36.14
2026-07-07,7503.85,2026-07-15,8.0,6525.0,,,0.42,35.49
2026-07-07,7503.85,2026-07-15,8.0,6550.0,,,0.45,34.83
2026-07-07,7503.85,2026-07-15,8.0,6575.0,,,0.48,34.14
2026-07-07,7503.85,2026-07-15,8.0,6600.0,,,0.5,33.45
2026-07-07,7503.85,2026-07-15,8.0,6625.0,,,0.53,32.74
2026-07-07,7503.85,2026-07-15,8.0,6650.0,,,0.55,32.02
2026-07-07,7503.85,2026-07-15,8.0,6675.0,,,0.57,31.28
2026-07-07,7503.85,2026-07-15,8.0,6700.0,,,0.6,30.54
2026-07-07,7503.85,2026-07-15,8.0,6725.0,,,0.65,29.92
2026-07-07,7503.85,2026-07-15,8.0,6750.0,,,0.68,29.15
2026-07-07,7503.85,2026-07-15,8.0,6775.0,,,0.73,28.49
2026-07-07,7503.85,2026-07-15,8.0,6800.0,,,0.77,27.8
2026-07-07,7503.85,2026-07-15,8.0,6825.0,,,0.82,27.1
2026-07-07,7503.85,2026-07-15,8.0,6850.0,,,0.9,26.47
2026-07-07,7503.85,2026-07-15,8.0,6875.0,,,0.98,25.8
2026-07-07,7503.85,2026-07-15,8.0,6900.0,,,1.05,25.11
2026-07-07,7503.85,2026-07-15,8.0,6925.0,,,1.15,24.47
2026-07-07,7503.85,2026-07-15,8.0,6950.0,,,1.25,23.79
2026-07-07,7503.85,2026-07-15,8.0,6975.0,,,1.38,23.14
2026-07-07,7503.85,2026-07-15,8.0,6990.0,,,1.45,22.73
2026-07-07,7503.85,2026-07-15,8.0,7000.0,,,1.52,22.5
2026-07-07,7503.85,2026-07-15,8.0,7010.0,,,1.6,22.27
2026-07-07,7503.85,2026-07-15,8.0,7020.0,,,1.65,21.97
2026-07-07,7503.85,2026-07-15,8.0,7025.0,,,1.7,21.87
2026-07-07,7503.85,2026-07-15,8.0,7030.0,,,1.75,21.77
2026-07-07,7503.85,2026-07-15,8.0,7040.0,,,1.8,21.46
2026-07-07,7503.85,2026-07-15,8.0,7050.0,,,1.9,21.23
2026-07-07,7503.85,2026-07-15,8.0,7060.0,,,2.0,21.0
2026-07-07,7503.85,2026-07-15,8.0,7070.0,,,2.08,20.71
2026-07-07,7503.85,2026-07-15,8.0,7075.0,,,2.12,20.59
2026-07-07,7503.85,2026-07-15,8.0,7080.0,,,2.2,20.5
2026-07-07,7503.85,2026-07-15,8.0,7090.0,,,2.33,20.27
2026-07-07,7503.85,2026-07-15,8.0,7100.0,,,2.45,20.03
2026-07-07,7503.85,2026-07-15,8.0,7110.0,,,2.58,19.77
2026-07-07,7503.85,2026-07-15,8.0,7120.0,,,2.73,19.54
2026-07-07,7503.85,2026-07-15,8.0,7125.0,,,2.77,19.39
2026-07-07,7503.85,2026-07-15,8.0,7130.0,,,2.88,19.3
2026-07-07,7503.85,2026-07-15,8.0,7140.0,367.25,30.24,3.05,19.07
2026-07-07,7503.85,2026-07-15,8.0,7150.0,357.45,31.34,3.25,18.85
2026-07-07,7503.85,2026-07-15,8.0,7160.0,347.65,29.26,3.45,18.62
2026-07-07,7503.85,2026-07-15,8.0,7170.0,,,3.65,18.38
2026-07-07,7503.85,2026-07-15,8.0,7175.0,,,3.75,18.25
2026-07-07,7503.85,2026-07-15,8.0,7180.0,,,3.9,18.16
2026-07-07,7503.85,2026-07-15,8.0,7185.0,,,4.0,18.03
2026-07-07,7503.85,2026-07-15,8.0,7190.0,,,4.15,17.93
2026-07-07,7503.85,2026-07-15,8.0,7195.0,,,4.3,17.83
2026-07-07,7503.85,2026-07-15,8.0,7200.0,,,4.45,17.73
2026-07-07,7503.85,2026-07-15,8.0,7205.0,,,4.6,17.62
2026-07-07,7503.85,2026-07-15,8.0,7210.0,,,4.8,17.54
2026-07-07,7503.85,2026-07-15,8.0,7215.0,,,4.9,17.38
2026-07-07,7503.85,2026-07-15,8.0,7220.0,,,5.1,17.3
2026-07-07,7503.85,2026-07-15,8.0,7225.0,284.6,7.37,5.3,17.2
2026-07-07,7503.85,2026-07-15,8.0,7230.0,279.8,10.12,5.5,17.11
2026-07-07,7503.85,2026-07-15,8.0,7235.0,275.0,10.81,5.7,17.0
2026-07-07,7503.85,2026-07-15,8.0,7240.0,270.25,11.34,5.9,16.89
2026-07-07,7503.85,2026-07-15,8.0,7245.0,265.45,11.59,6.1,16.78
2026-07-07,7503.85,2026-07-15,8.0,7250.0,260.7,11.86,6.3,16.66
2026-07-07,7503.85,2026-07-15,8.0,7255.0,255.95,12.05,6.6,16.59
2026-07-07,7503.85,2026-07-15,8.0,7260.0,251.2,12.19,6.8,16.46
2026-07-07,7503.85,2026-07-15,8.0,7265.0,246.45,12.3,7.1,16.38
2026-07-07,7503.85,2026-07-15,8.0,7270.0,241.75,12.42,7.3,16.24
2026-07-07,7503.85,2026-07-15,8.0,7275.0,237.05,12.51,7.6,16.15
2026-07-07,7503.85,2026-07-15,8.0,7280.0,235.0,14.58,7.9,16.05
2026-07-07,7503.85,2026-07-15,8.0,7285.0,230.25,14.49,8.2,15.95
2026-07-07,7503.85,2026-07-15,8.0,7290.0,225.6,14.45,8.5,15.83
2026-07-07,7503.85,2026-07-15,8.0,7295.0,220.9,14.37,8.9,15.77
2026-07-07,7503.85,2026-07-15,8.0,7300.0,216.25,14.31,9.2,15.64
2026-07-07,7503.85,2026-07-15,8.0,7305.0,211.6,14.25,9.6,15.56
2026-07-07,7503.85,2026-07-15,8.0,7310.0,207.0,14.19,10.0,15.46
2026-07-07,7503.85,2026-07-15,8.0,7315.0,202.4,14.13,10.35,15.34
2026-07-07,7503.85,2026-07-15,8.0,7320.0,197.75,14.03,10.8,15.26
2026-07-07,7503.85,2026-07-15,8.0,7325.0,193.25,14.0,11.2,15.14
2026-07-07,7503.85,2026-07-15,8.0,7330.0,188.7,13.93,11.65,15.04
2026-07-07,7503.85,2026-07-15,8.0,7335.0,184.1,13.83,12.1,14.93
2026-07-07,7503.85,2026-07-15,8.0,7340.0,179.65,13.78,12.6,14.83
2026-07-07,7503.85,2026-07-15,8.0,7345.0,175.15,13.7,13.1,14.73
2026-07-07,7503.85,2026-07-15,8.0,7350.0,170.8,13.68,13.65,14.63
2026-07-07,7503.85,2026-07-15,8.0,7355.0,166.2,13.54,14.15,14.51
2026-07-07,7503.85,2026-07-15,8.0,7360.0,161.85,13.49,14.75,14.41
2026-07-07,7503.85,2026-07-15,8.0,7365.0,157.4,13.39,15.35,14.31
2026-07-07,7503.85,2026-07-15,8.0,7370.0,153.05,13.32,15.95,14.2
2026-07-07,7503.85,2026-07-15,8.0,7375.0,148.65,13.22,16.65,14.11
2026-07-07,7503.85,2026-07-15,8.0,7380.0,144.35,13.14,17.25,13.98
2026-07-07,7503.85,2026-07-15,8.0,7385.0,140.1,13.07,17.95,13.87
2026-07-07,7503.85,2026-07-15,8.0,7390.0,135.8,12.97,18.75,13.78
2026-07-07,7503.85,2026-07-15,8.0,7395.0,131.6,12.89,19.45,13.65
2026-07-07,7503.85,2026-07-15,8.0,7400.0,127.45,12.82,20.3,13.56
2026-07-07,7503.85,2026-07-15,8.0,7405.0,123.25,12.72,21.15,13.46
2026-07-07,7503.85,2026-07-15,8.0,7410.0,119.1,12.62,22.0,13.34
2026-07-07,7503.85,2026-07-15,8.0,7415.0,115.05,12.54,22.95,13.25
2026-07-07,7503.85,2026-07-15,8.0,7420.0,111.0,12.45,23.9,13.14
2026-07-07,7503.85,2026-07-15,8.0,7425.0,107.0,12.36,24.9,13.03
2026-07-07,7503.85,2026-07-15,8.0,7430.0,103.05,12.27,25.95,12.93
2026-07-07,7503.85,2026-07-15,8.0,7435.0,99.15,12.18,27.05,12.83
2026-07-07,7503.85,2026-07-15,8.0,7440.0,95.4,12.11,28.15,12.71
2026-07-07,7503.85,2026-07-15,8.0,7445.0,91.6,12.02,29.35,12.61
2026-07-07,7503.85,2026-07-15,8.0,7450.0,87.8,11.92,30.6,12.5
2026-07-07,7503.85,2026-07-15,8.0,7455.0,84.1,11.82,31.9,12.4
2026-07-07,7503.85,2026-07-15,8.0,7460.0,80.5,11.74,33.3,12.31
2026-07-07,7503.85,2026-07-15,8.0,7465.0,76.9,11.64,34.7,12.2
2026-07-07,7503.85,2026-07-15,8.0,7470.0,73.4,11.55,36.2,12.1
2026-07-07,7503.85,2026-07-15,8.0,7475.0,70.0,11.47,37.8,12.01
2026-07-07,7503.85,2026-07-15,8.0,7480.0,66.6,11.37,39.4,11.9
2026-07-07,7503.85,2026-07-15,8.0,7485.0,63.3,11.28,41.1,11.81
2026-07-07,7503.85,2026-07-15,8.0,7490.0,60.1,11.2,42.8,11.69
2026-07-07,7503.85,2026-07-15,8.0,7495.0,56.9,11.1,44.7,11.61
2026-07-07,7503.85,2026-07-15,8.0,7500.0,53.85,11.02,46.6,11.51
2026-07-07,7503.85,2026-07-15,8.0,7505.0,50.85,10.93,48.6,11.41
2026-07-07,7503.85,2026-07-15,8.0,7510.0,47.95,10.84,50.7,11.32
2026-07-07,7503.85,2026-07-15,8.0,7515.0,45.1,10.75,52.85,11.22
2026-07-07,7503.85,2026-07-15,8.0,7520.0,42.4,10.67,55.1,11.13
2026-07-07,7503.85,2026-07-15,8.0,7525.0,39.7,10.57,57.45,11.03
2026-07-07,7503.85,2026-07-15,8.0,7530.0,37.2,10.5,59.9,10.95
2026-07-07,7503.85,2026-07-15,8.0,7535.0,34.7,10.41,62.4,10.85
2026-07-07,7503.85,2026-07-15,8.0,7540.0,32.3,10.32,65.05,10.77
2026-07-07,7503.85,2026-07-15,8.0,7545.0,30.1,10.25,67.8,10.69
2026-07-07,7503.85,2026-07-15,8.0,7550.0,27.9,10.16,70.6,10.6
2026-07-07,7503.85,2026-07-15,8.0,7555.0,25.8,10.08,73.5,10.51
2026-07-07,7503.85,2026-07-15,8.0,7560.0,23.8,9.99,76.5,10.42
2026-07-07,7503.85,2026-07-15,8.0,7565.0,21.95,9.93,79.6,10.33
2026-07-07,7503.85,2026-07-15,8.0,7570.0,20.15,9.85,82.7,10.22
2026-07-07,7503.85,2026-07-15,8.0,7575.0,18.45,9.77,86.1,10.16
2026-07-07,7503.85,2026-07-15,8.0,7580.0,16.9,9.7,89.4,10.05
2026-07-07,7503.85,2026-07-15,8.0,7585.0,15.4,9.63,93.0,10.0
2026-07-07,7503.85,2026-07-15,8.0,7590.0,14.0,9.56,96.6,9.92
2026-07-07,7503.85,2026-07-15,8.0,7595.0,12.65,9.48,100.25,9.82
2026-07-07,7503.85,2026-07-15,8.0,7600.0,11.45,9.42,104.0,9.73
2026-07-07,7503.85,2026-07-15,8.0,7605.0,10.35,9.36,107.9,9.65
2026-07-07,7503.85,2026-07-15,8.0,7610.0,9.25,9.28,111.75,9.52
2026-07-07,7503.85,2026-07-15,8.0,7615.0,8.3,9.22,115.75,9.41
2026-07-07,7503.85,2026-07-15,8.0,7620.0,7.4,9.16,119.85,9.3
2026-07-07,7503.85,2026-07-15,8.0,7625.0,6.6,9.1,124.0,9.16
2026-07-07,7503.85,2026-07-15,8.0,7630.0,5.85,9.04,128.25,9.02
2026-07-07,7503.85,2026-07-15,8.0,7635.0,5.15,8.98,132.65,8.9
2026-07-07,7503.85,2026-07-15,8.0,7640.0,4.55,8.93,137.1,8.74
2026-07-07,7503.85,2026-07-15,8.0,7645.0,4.0,8.87,144.45,10.45
2026-07-07,7503.85,2026-07-15,8.0,7650.0,3.5,8.82,148.95,10.44
2026-07-07,7503.85,2026-07-15,8.0,7655.0,3.03,8.75,153.55,10.46
2026-07-07,7503.85,2026-07-15,8.0,7660.0,2.65,8.72,158.15,10.46
2026-07-07,7503.85,2026-07-15,8.0,7665.0,2.3,8.67,162.75,10.42
2026-07-07,7503.85,2026-07-15,8.0,7670.0,2.0,8.64,167.45,10.44
2026-07-07,7503.85,2026-07-15,8.0,7675.0,1.73,8.6,172.2,10.46
2026-07-07,7503.85,2026-07-15,8.0,7680.0,1.48,8.55,176.95,10.45
2026-07-07,7503.85,2026-07-15,8.0,7685.0,1.27,8.52,181.75,10.45
2026-07-07,7503.85,2026-07-15,8.0,7690.0,1.1,8.5,186.55,10.43
2026-07-07,7503.85,2026-07-15,8.0,7700.0,0.85,8.51,196.3,10.41
2026-07-07,7503.85,2026-07-15,8.0,7710.0,0.65,8.53,,
2026-07-07,7503.85,2026-07-15,8.0,7720.0,0.5,8.55,,
2026-07-07,7503.85,2026-07-15,8.0,7725.0,0.45,8.6,,
2026-07-07,7503.85,2026-07-15,8.0,7730.0,0.4,8.63,,
2026-07-07,7503.85,2026-07-15,8.0,7740.0,0.35,8.81,,
2026-07-07,7503.85,2026-07-15,8.0,7750.0,0.3,8.96,,
2026-07-07,7503.85,2026-07-15,8.0,7760.0,0.25,9.08,,
2026-07-07,7503.85,2026-07-15,8.0,7775.0,0.22,9.43,,
2026-07-07,7503.85,2026-07-15,8.0,7800.0,0.2,10.07,,
2026-07-07,7503.85,2026-07-15,8.0,7825.0,0.15,10.49,,
2026-07-07,7503.85,2026-07-15,8.0,7850.0,0.15,11.21,,
2026-07-07,7503.85,2026-07-15,8.0,7875.0,0.15,11.93,,
2026-07-07,7503.85,2026-07-15,8.0,7900.0,0.15,12.64,,
2026-07-07,7503.85,2026-07-15,8.0,7925.0,0.15,13.34,,
2026-07-07,7503.85,2026-07-15,8.0,7950.0,0.15,14.04,,
2026-07-07,7503.85,2026-07-15,8.0,7975.0,0.12,14.48,,
2026-07-07,7503.85,2026-07-15,8.0,8000.0,0.1,14.84,,
2026-07-07,7503.85,2026-07-15,8.0,8025.0,0.12,15.83,,
2026-07-07,7503.85,2026-07-15,8.0,8050.0,0.12,16.5,,
2026-07-07,7503.85,2026-07-15,8.0,8075.0,0.12,17.16,,
2026-07-07,7503.85,2026-07-15,8.0,8100.0,0.12,17.82,,
2026-07-07,7503.85,2026-07-15,8.0,8200.0,0.1,20.01,,
2026-07-07,7503.85,2026-07-15,8.0,8300.0,0.07,21.96,,
2026-07-07,7503.85,2026-07-15,8.0,8400.0,0.07,24.35,,
2026-07-07,7503.85,2026-07-15,8.0,8600.0,0.07,28.99,,
2026-07-07,7503.85,2026-07-16,9.0,6100.0,,,0.33,46.56
2026-07-07,7503.85,2026-07-16,9.0,6200.0,,,0.38,43.82
2026-07-07,7503.85,2026-07-16,9.0,6300.0,,,0.42,40.97
2026-07-07,7503.85,2026-07-16,9.0,6325.0,,,0.45,40.37
2026-07-07,7503.85,2026-07-16,9.0,6350.0,,,0.45,39.53
2026-07-07,7503.85,2026-07-16,9.0,6375.0,,,0.48,38.9
2026-07-07,7503.85,2026-07-16,9.0,6400.0,,,0.5,38.26
2026-07-07,7503.85,2026-07-16,9.0,6425.0,,,0.5,37.42
2026-07-07,7503.85,2026-07-16,9.0,6450.0,,,0.53,36.76
2026-07-07,7503.85,2026-07-16,9.0,6475.0,,,0.55,36.1
2026-07-07,7503.85,2026-07-16,9.0,6500.0,,,0.57,35.42
2026-07-07,7503.85,2026-07-16,9.0,6525.0,,,0.6,34.73
2026-07-07,7503.85,2026-07-16,9.0,6550.0,,,0.62,34.04
2026-07-07,7503.85,2026-07-16,9.0,6575.0,,,0.68,33.47
2026-07-07,7503.85,2026-07-16,9.0,6600.0,,,0.7,32.75
2026-07-07,7503.85,2026-07-16,9.0,6625.0,,,0.73,32.02
2026-07-07,7503.85,2026-07-16,9.0,6650.0,,,0.77,31.4
2026-07-07,7503.85,2026-07-16,9.0,6675.0,,,0.82,30.77
2026-07-07,7503.85,2026-07-16,9.0,6700.0,,,0.88,30.11
2026-07-07,7503.85,2026-07-16,9.0,6725.0,,,0.93,29.44
2026-07-07,7503.85,2026-07-16,9.0,6750.0,,,0.98,28.75
2026-07-07,7503.85,2026-07-16,9.0,6775.0,,,1.05,28.13
2026-07-07,7503.85,2026-07-16,9.0,6800.0,,,1.1,27.41
2026-07-07,7503.85,2026-07-16,9.0,6825.0,,,1.2,26.82
2026-07-07,7503.85,2026-07-16,9.0,6850.0,,,1.27,26.13
2026-07-07,7503.85,2026-07-16,9.0,6875.0,,,1.35,25.42
2026-07-07,7503.85,2026-07-16,9.0,6900.0,,,1.5,24.88
2026-07-07,7503.85,2026-07-16,9.0,6925.0,,,1.6,24.18
2026-07-07,7503.85,2026-07-16,9.0,6950.0,,,1.75,23.56
2026-07-07,7503.85,2026-07-16,9.0,6975.0,,,1.9,22.9
2026-07-07,7503.85,2026-07-16,9.0,6990.0,,,2.02,22.55
2026-07-07,7503.85,2026-07-16,9.0,7000.0,,,2.1,22.29
2026-07-07,7503.85,2026-07-16,9.0,7010.0,,,2.2,22.07
2026-07-07,7503.85,2026-07-16,9.0,7020.0,,,2.27,21.8
2026-07-07,7503.85,2026-07-16,9.0,7025.0,,,2.33,21.68
2026-07-07,7503.85,2026-07-16,9.0,7030.0,,,2.38,21.56
2026-07-07,7503.85,2026-07-16,9.0,7040.0,,,2.48,21.31
2026-07-07,7503.85,2026-07-16,9.0,7050.0,,,2.6,21.09
2026-07-07,7503.85,2026-07-16,9.0,7060.0,,,2.73,20.86
2026-07-07,7503.85,2026-07-16,9.0,7070.0,,,2.83,20.58
2026-07-07,7503.85,2026-07-16,9.0,7075.0,,,2.95,20.54
2026-07-07,7503.85,2026-07-16,9.0,7080.0,,,2.98,20.37
2026-07-07,7503.85,2026-07-16,9.0,7090.0,,,3.15,20.16
2026-07-07,7503.85,2026-07-16,9.0,7100.0,,,3.3,19.92
2026-07-07,7503.85,2026-07-16,9.0,7110.0,,,3.45,19.67
2026-07-07,7503.85,2026-07-16,9.0,7120.0,,,3.65,19.46
2026-07-07,7503.85,2026-07-16,9.0,7125.0,,,3.75,19.35
2026-07-07,7503.85,2026-07-16,9.0,7130.0,,,3.85,19.23
2026-07-07,7503.85,2026-07-16,9.0,7140.0,,,4.1,19.04
2026-07-07,7503.85,2026-07-16,9.0,7150.0,,,4.3,18.79
2026-07-07,7503.85,2026-07-16,9.0,7160.0,,,4.6,18.61
2026-07-07,7503.85,2026-07-16,9.0,7170.0,,,4.8,18.34
2026-07-07,7503.85,2026-07-16,9.0,7175.0,,,5.0,18.27
2026-07-07,7503.85,2026-07-16,9.0,7180.0,,,5.1,18.13
2026-07-07,7503.85,2026-07-16,9.0,7185.0,325.35,9.88,5.3,18.05
2026-07-07,7503.85,2026-07-16,9.0,7190.0,320.55,11.16,5.5,17.97
2026-07-07,7503.85,2026-07-16,9.0,7195.0,315.7,11.59,5.6,17.82
2026-07-07,7503.85,2026-07-16,9.0,7200.0,310.9,12.02,5.8,17.73
2026-07-07,7503.85,2026-07-16,9.0,7205.0,306.1,12.31,6.0,17.64
2026-07-07,7503.85,2026-07-16,9.0,7210.0,301.3,12.53,6.2,17.54
2026-07-07,7503.85,2026-07-16,9.0,7215.0,296.5,12.69,6.4,17.43
2026-07-07,7503.85,2026-07-16,9.0,7220.0,291.75,12.88,6.6,17.33
2026-07-07,7503.85,2026-07-16,9.0,7225.0,286.95,12.96,6.85,17.24
2026-07-07,7503.85,2026-07-16,9.0,7230.0,282.2,13.08,7.1,17.15
2026-07-07,7503.85,2026-07-16,9.0,7235.0,277.45,13.16,7.3,17.03
2026-07-07,7503.85,2026-07-16,9.0,7240.0,272.7,13.22,7.6,16.96
2026-07-07,7503.85,2026-07-16,9.0,7245.0,267.95,13.26,7.8,16.83
2026-07-07,7503.85,2026-07-16,9.0,7250.0,263.25,13.33,8.1,16.75
2026-07-07,7503.85,2026-07-16,9.0,7255.0,258.55,13.37,8.35,16.63
2026-07-07,7503.85,2026-07-16,9.0,7260.0,256.45,15.17,8.6,16.51
2026-07-07,7503.85,2026-07-16,9.0,7265.0,251.75,15.11,8.95,16.44
2026-07-07,7503.85,2026-07-16,9.0,7270.0,247.05,15.04,9.25,16.33
2026-07-07,7503.85,2026-07-16,9.0,7275.0,242.35,14.96,9.6,16.25
2026-07-07,7503.85,2026-07-16,9.0,7280.0,237.7,14.9,9.9,16.13
2026-07-07,7503.85,2026-07-16,9.0,7285.0,233.0,14.81,10.3,16.05
2026-07-07,7503.85,2026-07-16,9.0,7290.0,228.4,14.76,10.6,15.92
2026-07-07,7503.85,2026-07-16,9.0,7295.0,223.75,14.67,11.0,15.83
2026-07-07,7503.85,2026-07-16,9.0,7300.0,219.15,14.61,11.4,15.74
2026-07-07,7503.85,2026-07-16,9.0,7305.0,214.55,14.53,11.8,15.63
2026-07-07,7503.85,2026-07-16,9.0,7310.0,209.95,14.45,12.25,15.54
2026-07-07,7503.85,2026-07-16,9.0,7315.0,205.4,14.38,12.65,15.43
2026-07-07,7503.85,2026-07-16,9.0,7320.0,200.9,14.32,13.15,15.34
2026-07-07,7503.85,2026-07-16,9.0,7325.0,196.35,14.24,13.65,15.25
2026-07-07,7503.85,2026-07-16,9.0,7330.0,191.85,14.16,14.1,15.13
2026-07-07,7503.85,2026-07-16,9.0,7335.0,187.35,14.08,14.65,15.05
2026-07-07,7503.85,2026-07-16,9.0,7340.0,182.85,13.99,15.15,14.93
2026-07-07,7503.85,2026-07-16,9.0,7345.0,178.45,13.93,15.75,14.85
2026-07-07,7503.85,2026-07-16,9.0,7350.0,174.3,13.94,16.25,14.72
2026-07-07,7503.85,2026-07-16,9.0,7355.0,169.6,13.76,16.85,14.62
2026-07-07,7503.85,2026-07-16,9.0,7360.0,165.25,13.68,17.45,14.51
2026-07-07,7503.85,2026-07-16,9.0,7365.0,160.95,13.62,18.15,14.42
2026-07-07,7503.85,2026-07-16,9.0,7370.0,156.6,13.52,18.85,14.33
2026-07-07,7503.85,2026-07-16,9.0,7375.0,152.3,13.44,19.55,14.22
2026-07-07,7503.85,2026-07-16,9.0,7380.0,148.0,13.34,20.25,14.11
2026-07-07,7503.85,2026-07-16,9.0,7385.0,143.8,13.27,21.05,14.02
2026-07-07,7503.85,2026-07-16,9.0,7390.0,139.45,13.14,21.8,13.91
2026-07-07,7503.85,2026-07-16,9.0,7395.0,135.45,13.11,22.65,13.81
2026-07-07,7503.85,2026-07-16,9.0,7400.0,131.35,13.03,23.5,13.71
2026-07-07,7503.85,2026-07-16,9.0,7405.0,127.25,12.95,24.35,13.6
2026-07-07,7503.85,2026-07-16,9.0,7410.0,123.2,12.86,25.3,13.5
2026-07-07,7503.85,2026-07-16,9.0,7415.0,119.15,12.77,26.25,13.39
2026-07-07,7503.85,2026-07-16,9.0,7420.0,115.15,12.68,27.3,13.3
2026-07-07,7503.85,2026-07-16,9.0,7425.0,111.25,12.6,28.35,13.2
2026-07-07,7503.85,2026-07-16,9.0,7430.0,107.35,12.51,29.4,13.09
2026-07-07,7503.85,2026-07-16,9.0,7435.0,103.55,12.44,30.55,12.99
2026-07-07,7503.85,2026-07-16,9.0,7440.0,99.75,12.35,31.75,12.89
2026-07-07,7503.85,2026-07-16,9.0,7445.0,96.0,12.26,33.0,12.8
2026-07-07,7503.85,2026-07-16,9.0,7450.0,92.3,12.18,34.3,12.7
2026-07-07,7503.85,2026-07-16,9.0,7455.0,88.6,12.08,35.6,12.59
2026-07-07,7503.85,2026-07-16,9.0,7460.0,85.0,11.99,37.0,12.49
2026-07-07,7503.85,2026-07-16,9.0,7465.0,81.5,11.91,38.4,12.38
2026-07-07,7503.85,2026-07-16,9.0,7470.0,78.0,11.82,39.95,12.3
2026-07-07,7503.85,2026-07-16,9.0,7475.0,74.55,11.72,41.5,12.19
2026-07-07,7503.85,2026-07-16,9.0,7480.0,71.2,11.63,43.15,12.1
2026-07-07,7503.85,2026-07-16,9.0,7485.0,67.9,11.54,44.85,12.0
2026-07-07,7503.85,2026-07-16,9.0,7490.0,64.7,11.46,46.6,11.9
2026-07-07,7503.85,2026-07-16,9.0,7495.0,61.5,11.36,48.45,11.81
2026-07-07,7503.85,2026-07-16,9.0,7500.0,58.4,11.27,50.35,11.71
2026-07-07,7503.85,2026-07-16,9.0,7505.0,55.4,11.19,52.35,11.62
2026-07-07,7503.85,2026-07-16,9.0,7510.0,52.45,11.1,54.4,11.53
2026-07-07,7503.85,2026-07-16,9.0,7515.0,49.6,11.01,56.55,11.44
2026-07-07,7503.85,2026-07-16,9.0,7520.0,46.8,10.92,58.75,11.34
2026-07-07,7503.85,2026-07-16,9.0,7525.0,44.1,10.84,61.05,11.25
2026-07-07,7503.85,2026-07-16,9.0,7530.0,41.5,10.75,63.4,11.15
2026-07-07,7503.85,2026-07-16,9.0,7535.0,39.0,10.68,65.9,11.07
2026-07-07,7503.85,2026-07-16,9.0,7540.0,36.5,10.58,68.45,10.98
2026-07-07,7503.85,2026-07-16,9.0,7545.0,34.2,10.51,71.1,10.89
2026-07-07,7503.85,2026-07-16,9.0,7550.0,31.9,10.42,73.8,10.8
2026-07-07,7503.85,2026-07-16,9.0,7555.0,29.75,10.34,76.65,10.72
2026-07-07,7503.85,2026-07-16,9.0,7560.0,27.7,10.27,79.55,10.63
2026-07-07,7503.85,2026-07-16,9.0,7565.0,25.7,10.19,82.55,10.54
2026-07-07,7503.85,2026-07-16,9.0,7570.0,23.8,10.11,85.65,10.45
2026-07-07,7503.85,2026-07-16,9.0,7575.0,22.0,10.04,88.65,10.32
2026-07-07,7503.85,2026-07-16,9.0,7580.0,20.25,9.96,92.0,10.26
2026-07-07,7503.85,2026-07-16,9.0,7585.0,18.65,9.89,95.4,10.18
2026-07-07,7503.85,2026-07-16,9.0,7590.0,17.1,9.81,98.85,10.09
2026-07-07,7503.85,2026-07-16,9.0,7595.0,15.65,9.74,102.4,10.0
2026-07-07,7503.85,2026-07-16,9.0,7600.0,14.35,9.69,106.05,9.92
2026-07-07,7503.85,2026-07-16,9.0,7605.0,13.05,9.61,109.65,9.79
2026-07-07,7503.85,2026-07-16,9.0,7610.0,11.85,9.55,113.5,9.71
2026-07-07,7503.85,2026-07-16,9.0,7615.0,10.75,9.48,117.45,9.63
2026-07-07,7503.85,2026-07-16,9.0,7620.0,9.75,9.43,121.45,9.55
2026-07-07,7503.85,2026-07-16,9.0,7625.0,8.75,9.36,125.45,9.42
2026-07-07,7503.85,2026-07-16,9.0,7630.0,7.85,9.29,129.5,9.27
2026-07-07,7503.85,2026-07-16,9.0,7635.0,7.05,9.24,133.7,9.13
2026-07-07,7503.85,2026-07-16,9.0,7640.0,6.3,9.18,138.05,9.02
2026-07-07,7503.85,2026-07-16,9.0,7645.0,5.65,9.14,142.35,8.82
2026-07-07,7503.85,2026-07-16,9.0,7650.0,5.0,9.07,146.7,8.5
2026-07-07,7503.85,2026-07-16,9.0,7655.0,4.5,9.05,,
2026-07-07,7503.85,2026-07-16,9.0,7660.0,4.0,9.01,158.55,10.26
2026-07-07,7503.85,2026-07-16,9.0,7665.0,3.5,8.94,163.15,10.26
2026-07-07,7503.85,2026-07-16,9.0,7670.0,3.1,8.91,167.75,10.23
2026-07-07,7503.85,2026-07-16,9.0,7675.0,2.72,8.87,172.35,10.17
2026-07-07,7503.85,2026-07-16,9.0,7680.0,2.38,8.81,177.05,10.13
2026-07-07,7503.85,2026-07-16,9.0,7685.0,2.12,8.82,181.75,10.05
2026-07-07,7503.85,2026-07-16,9.0,7690.0,1.82,8.75,186.45,9.9
2026-07-07,7503.85,2026-07-16,9.0,7700.0,1.43,8.73,,
2026-07-07,7503.85,2026-07-16,9.0,7710.0,1.1,8.71,,
2026-07-07,7503.85,2026-07-16,9.0,7720.0,0.85,8.7,,
2026-07-07,7503.85,2026-07-16,9.0,7725.0,0.75,8.7,,
2026-07-07,7503.85,2026-07-16,9.0,7730.0,0.7,8.78,,
2026-07-07,7503.85,2026-07-16,9.0,7740.0,0.55,8.8,,
2026-07-07,7503.85,2026-07-16,9.0,7750.0,0.53,9.07,,
2026-07-07,7503.85,2026-07-16,9.0,7760.0,0.4,9.05,,
2026-07-07,7503.85,2026-07-16,9.0,7775.0,0.35,9.36,,
2026-07-07,7503.85,2026-07-16,9.0,7800.0,0.25,9.71,,
2026-07-07,7503.85,2026-07-16,9.0,7825.0,0.2,10.18,,
2026-07-07,7503.85,2026-07-16,9.0,7850.0,0.2,10.88,,
2026-07-07,7503.85,2026-07-16,9.0,7875.0,0.17,11.41,,
2026-07-07,7503.85,2026-07-16,9.0,7900.0,0.17,12.09,,
2026-07-07,7503.85,2026-07-16,9.0,7925.0,0.15,12.56,,
2026-07-07,7503.85,2026-07-16,9.0,7950.0,0.15,13.22,,
2026-07-07,7503.85,2026-07-16,9.0,7975.0,0.15,13.87,,
2026-07-07,7503.85,2026-07-16,9.0,8000.0,0.15,14.52,,
2026-07-07,7503.85,2026-07-16,9.0,8025.0,0.15,15.17,,
2026-07-07,7503.85,2026-07-16,9.0,8050.0,0.15,15.8,,
2026-07-07,7503.85,2026-07-16,9.0,8075.0,0.15,16.44,,
2026-07-07,7503.85,2026-07-16,9.0,8100.0,0.15,17.07,,
2026-07-07,7503.85,2026-07-16,9.0,8200.0,0.12,19.23,,
2026-07-07,7503.85,2026-07-16,9.0,8300.0,0.12,21.62,,
2026-07-07,7503.85,2026-07-16,9.0,8400.0,0.1,23.5,,
2026-07-07,7503.85,2026-07-16,9.0,8600.0,0.07,27.31,,
2026-07-07,7503.85,2026-07-17,10.0,5630.0,,,0.25,58.26
2026-07-07,7503.85,2026-07-17,10.0,5640.0,,,0.2,56.83
2026-07-07,7503.85,2026-07-17,10.0,5650.0,,,0.25,57.6
2026-07-07,7503.85,2026-07-17,10.0,5660.0,,,0.22,56.75
2026-07-07,7503.85,2026-07-17,10.0,5670.0,,,0.28,57.41
2026-07-07,7503.85,2026-07-17,10.0,5675.0,,,0.22,56.25
2026-07-07,7503.85,2026-07-17,10.0,5680.0,,,0.28,57.08
2026-07-07,7503.85,2026-07-17,10.0,5690.0,1815.45,89.77,0.22,55.76
2026-07-07,7503.85,2026-07-17,10.0,5700.0,,,0.28,56.42
2026-07-07,7503.85,2026-07-17,10.0,5710.0,,,0.22,55.11
2026-07-07,7503.85,2026-07-17,10.0,5720.0,,,0.28,55.76
2026-07-07,7503.85,2026-07-17,10.0,5725.0,1780.55,88.17,0.25,55.13
2026-07-07,7503.85,2026-07-17,10.0,5730.0,,,0.28,55.42
2026-07-07,7503.85,2026-07-17,10.0,5740.0,,,0.22,54.14
2026-07-07,7503.85,2026-07-17,10.0,5750.0,,,0.3,55.19
2026-07-07,7503.85,2026-07-17,10.0,5760.0,,,0.22,53.49
2026-07-07,7503.85,2026-07-17,10.0,5770.0,,,0.3,54.53
2026-07-07,7503.85,2026-07-17,10.0,5775.0,,,0.25,53.49
2026-07-07,7503.85,2026-07-17,10.0,5780.0,,,0.3,54.2
2026-07-07,7503.85,2026-07-17,10.0,5790.0,,,0.25,53.0
2026-07-07,7503.85,2026-07-17,10.0,5800.0,,,0.33,53.93
2026-07-07,7503.85,2026-07-17,10.0,5810.0,,,0.28,52.8
2026-07-07,7503.85,2026-07-17,10.0,5820.0,,,0.33,53.27
2026-07-07,7503.85,2026-07-17,10.0,5825.0,,,0.28,52.31
2026-07-07,7503.85,2026-07-17,10.0,5830.0,,,0.33,52.94
2026-07-07,7503.85,2026-07-17,10.0,5840.0,,,0.28,51.82
2026-07-07,7503.85,2026-07-17,10.0,5850.0,,,0.33,52.28
2026-07-07,7503.85,2026-07-17,10.0,5860.0,,,0.28,51.17
2026-07-07,7503.85,2026-07-17,10.0,5870.0,,,0.35,51.98
2026-07-07,7503.85,2026-07-17,10.0,5875.0,,,0.3,51.09
2026-07-07,7503.85,2026-07-17,10.0,5880.0,,,0.35,51.65
2026-07-07,7503.85,2026-07-17,10.0,5890.0,,,0.28,50.2
2026-07-07,7503.85,2026-07-17,10.0,5900.0,,,0.38,51.32
2026-07-07,7503.85,2026-07-17,10.0,5910.0,,,0.3,49.95
2026-07-07,7503.85,2026-07-17,10.0,5920.0,,,0.38,50.66
2026-07-07,7503.85,2026-07-17,10.0,5925.0,,,0.33,49.83
2026-07-07,7503.85,2026-07-17,10.0,5930.0,,,0.38,50.33
2026-07-07,7503.85,2026-07-17,10.0,5940.0,,,0.33,49.34
2026-07-07,7503.85,2026-07-17,10.0,5950.0,,,0.38,49.68
2026-07-07,7503.85,2026-07-17,10.0,5960.0,,,0.35,49.03
2026-07-07,7503.85,2026-07-17,10.0,5970.0,,,0.4,49.32
2026-07-07,7503.85,2026-07-17,10.0,5975.0,,,0.35,48.54
2026-07-07,7503.85,2026-07-17,10.0,5980.0,,,0.4,48.99
2026-07-07,7503.85,2026-07-17,10.0,5990.0,,,0.33,47.72
2026-07-07,7503.85,2026-07-17,10.0,6000.0,1508.85,77.03,0.42,48.62
2026-07-07,7503.85,2026-07-17,10.0,6010.0,,,0.35,47.4
2026-07-07,7503.85,2026-07-17,10.0,6020.0,,,0.42,47.96
2026-07-07,7503.85,2026-07-17,10.0,6025.0,,,0.38,47.22
2026-07-07,7503.85,2026-07-17,10.0,6030.0,,,0.42,47.63
2026-07-07,7503.85,2026-07-17,10.0,6040.0,,,0.38,46.74
2026-07-07,7503.85,2026-07-17,10.0,6050.0,,,0.42,46.97
2026-07-07,7503.85,2026-07-17,10.0,6060.0,,,0.4,46.37
2026-07-07,7503.85,2026-07-17,10.0,6070.0,,,0.45,46.58
2026-07-07,7503.85,2026-07-17,10.0,6075.0,,,0.4,45.88
2026-07-07,7503.85,2026-07-17,10.0,6080.0,,,0.45,46.25
2026-07-07,7503.85,2026-07-17,10.0,6090.0,,,0.4,45.4
2026-07-07,7503.85,2026-07-17,10.0,6100.0,1408.2,67.69,0.48,45.84
2026-07-07,7503.85,2026-07-17,10.0,6110.0,,,0.4,44.75
2026-07-07,7503.85,2026-07-17,10.0,6120.0,,,0.48,45.18
2026-07-07,7503.85,2026-07-17,10.0,6125.0,,,0.43,44.53
2026-07-07,7503.85,2026-07-17,10.0,6130.0,,,0.48,44.85
2026-07-07,7503.85,2026-07-17,10.0,6135.0,,,0.43,44.2
2026-07-07,7503.85,2026-07-17,10.0,6140.0,,,0.5,44.76
2026-07-07,7503.85,2026-07-17,10.0,6145.0,,,0.43,43.88
2026-07-07,7503.85,2026-07-17,10.0,6150.0,,,0.5,44.43
2026-07-07,7503.85,2026-07-17,10.0,6155.0,,,0.45,43.8
2026-07-07,7503.85,2026-07-17,10.0,6160.0,,,0.53,44.32
2026-07-07,7503.85,2026-07-17,10.0,6165.0,,,0.43,43.23
2026-07-07,7503.85,2026-07-17,10.0,6170.0,,,0.53,43.99
2026-07-07,7503.85,2026-07-17,10.0,6175.0,,,0.45,43.15
2026-07-07,7503.85,2026-07-17,10.0,6180.0,,,0.53,43.66
2026-07-07,7503.85,2026-07-17,10.0,6185.0,,,0.45,42.82
2026-07-07,7503.85,2026-07-17,10.0,6190.0,,,0.53,43.33
2026-07-07,7503.85,2026-07-17,10.0,6195.0,,,0.45,42.5
2026-07-07,7503.85,2026-07-17,10.0,6200.0,,,0.53,43.0
2026-07-07,7503.85,2026-07-17,10.0,6205.0,,,0.47,42.41
2026-07-07,7503.85,2026-07-17,10.0,6210.0,,,0.55,42.88
2026-07-07,7503.85,2026-07-17,10.0,6215.0,,,0.5,42.3
2026-07-07,7503.85,2026-07-17,10.0,6220.0,,,0.55,42.55
2026-07-07,7503.85,2026-07-17,10.0,6225.0,,,0.5,41.97
2026-07-07,7503.85,2026-07-17,10.0,6230.0,,,0.57,42.42
2026-07-07,7503.85,2026-07-17,10.0,6235.0,,,0.47,41.43
2026-07-07,7503.85,2026-07-17,10.0,6240.0,,,0.57,42.09
2026-07-07,7503.85,2026-07-17,10.0,6245.0,,,0.47,41.11
2026-07-07,7503.85,2026-07-17,10.0,6250.0,1259.25,65.29,0.57,41.76
2026-07-07,7503.85,2026-07-17,10.0,6255.0,,,0.5,41.0
2026-07-07,7503.85,2026-07-17,10.0,6260.0,,,0.57,41.43
2026-07-07,7503.85,2026-07-17,10.0,6265.0,,,0.5,40.67
2026-07-07,7503.85,2026-07-17,10.0,6270.0,,,0.6,41.28
2026-07-07,7503.85,2026-07-17,10.0,6275.0,,,0.53,40.55
2026-07-07,7503.85,2026-07-17,10.0,6280.0,,,0.6,40.95
2026-07-07,7503.85,2026-07-17,10.0,6285.0,,,0.53,40.22
2026-07-07,7503.85,2026-07-17,10.0,6290.0,,,0.62,40.8
2026-07-07,7503.85,2026-07-17,10.0,6295.0,,,0.53,39.9
2026-07-07,7503.85,2026-07-17,10.0,6300.0,,,0.62,40.47
2026-07-07,7503.85,2026-07-17,10.0,6305.0,,,0.53,39.57
2026-07-07,7503.85,2026-07-17,10.0,6310.0,,,0.62,40.14
2026-07-07,7503.85,2026-07-17,10.0,6315.0,,,0.55,39.44
2026-07-07,7503.85,2026-07-17,10.0,6320.0,,,0.62,39.81
2026-07-07,7503.85,2026-07-17,10.0,6325.0,,,0.57,39.3
2026-07-07,7503.85,2026-07-17,10.0,6330.0,,,0.65,39.65
2026-07-07,7503.85,2026-07-17,10.0,6335.0,,,0.57,38.97
2026-07-07,7503.85,2026-07-17,10.0,6340.0,,,0.68,39.48
2026-07-07,7503.85,2026-07-17,10.0,6345.0,,,0.57,38.64
2026-07-07,7503.85,2026-07-17,10.0,6350.0,,,0.68,39.15
2026-07-07,7503.85,2026-07-17,10.0,6355.0,,,0.57,38.32
2026-07-07,7503.85,2026-07-17,10.0,6360.0,,,0.68,38.82
2026-07-07,7503.85,2026-07-17,10.0,6365.0,,,0.6,38.16
2026-07-07,7503.85,2026-07-17,10.0,6370.0,,,0.68,38.49
2026-07-07,7503.85,2026-07-17,10.0,6375.0,,,0.62,38.0
2026-07-07,7503.85,2026-07-17,10.0,6380.0,,,0.7,38.31
2026-07-07,7503.85,2026-07-17,10.0,6385.0,,,0.62,37.68
2026-07-07,7503.85,2026-07-17,10.0,6390.0,,,0.73,38.12
2026-07-07,7503.85,2026-07-17,10.0,6395.0,,,0.62,37.35
2026-07-07,7503.85,2026-07-17,10.0,6400.0,1106.85,26.22,0.73,37.79
2026-07-07,7503.85,2026-07-17,10.0,6405.0,,,0.62,37.02
2026-07-07,7503.85,2026-07-17,10.0,6410.0,,,0.73,37.46
2026-07-07,7503.85,2026-07-17,10.0,6415.0,,,0.65,36.85
2026-07-07,7503.85,2026-07-17,10.0,6420.0,,,0.75,37.27
2026-07-07,7503.85,2026-07-17,10.0,6425.0,,,0.68,36.68
2026-07-07,7503.85,2026-07-17,10.0,6430.0,,,0.77,37.08
2026-07-07,7503.85,2026-07-17,10.0,6435.0,,,0.68,36.35
2026-07-07,7503.85,2026-07-17,10.0,6440.0,,,0.77,36.74
2026-07-07,7503.85,2026-07-17,10.0,6445.0,,,0.68,36.02
2026-07-07,7503.85,2026-07-17,10.0,6450.0,,,0.77,36.41
2026-07-07,7503.85,2026-07-17,10.0,6455.0,,,0.68,35.69
2026-07-07,7503.85,2026-07-17,10.0,6460.0,,,0.8,36.21
2026-07-07,7503.85,2026-07-17,10.0,6465.0,,,0.72,35.64
2026-07-07,7503.85,2026-07-17,10.0,6470.0,,,0.82,36.0
2026-07-07,7503.85,2026-07-17,10.0,6475.0,,,0.72,35.31
2026-07-07,7503.85,2026-07-17,10.0,6480.0,,,0.82,35.67
2026-07-07,7503.85,2026-07-17,10.0,6485.0,,,0.72,34.99
2026-07-07,7503.85,2026-07-17,10.0,6490.0,,,0.82,35.33
2026-07-07,7503.85,2026-07-17,10.0,6495.0,,,0.75,34.79
2026-07-07,7503.85,2026-07-17,10.0,6500.0,1007.4,37.83,0.85,35.12
2026-07-07,7503.85,2026-07-17,10.0,6505.0,,,0.75,34.46
2026-07-07,7503.85,2026-07-17,10.0,6510.0,,,0.88,34.91
2026-07-07,7503.85,2026-07-17,10.0,6515.0,,,0.78,34.26
2026-07-07,7503.85,2026-07-17,10.0,6520.0,,,0.88,34.57
2026-07-07,7503.85,2026-07-17,10.0,6525.0,,,0.78,33.93
2026-07-07,7503.85,2026-07-17,10.0,6530.0,,,0.9,34.35
2026-07-07,7503.85,2026-07-17,10.0,6535.0,,,0.82,33.84
2026-07-07,7503.85,2026-07-17,10.0,6540.0,,,0.93,34.12
2026-07-07,7503.85,2026-07-17,10.0,6545.0,,,0.82,33.51
2026-07-07,7503.85,2026-07-17,10.0,6550.0,,,0.93,33.79
2026-07-07,7503.85,2026-07-17,10.0,6555.0,,,0.82,33.17
2026-07-07,7503.85,2026-07-17,10.0,6560.0,,,0.95,33.56
2026-07-07,7503.85,2026-07-17,10.0,6565.0,,,0.85,32.96
2026-07-07,7503.85,2026-07-17,10.0,6570.0,,,0.98,33.33
2026-07-07,7503.85,2026-07-17,10.0,6575.0,,,0.88,32.74
2026-07-07,7503.85,2026-07-17,10.0,6580.0,,,0.98,32.99
2026-07-07,7503.85,2026-07-17,10.0,6585.0,,,0.88,32.4
2026-07-07,7503.85,2026-07-17,10.0,6590.0,,,1.0,32.75
2026-07-07,7503.85,2026-07-17,10.0,6595.0,,,0.9,32.18
2026-07-07,7503.85,2026-07-17,10.0,6600.0,,,1.02,32.51
2026-07-07,7503.85,2026-07-17,10.0,6605.0,,,0.9,31.84
2026-07-07,7503.85,2026-07-17,10.0,6610.0,,,1.02,32.18
2026-07-07,7503.85,2026-07-17,10.0,6615.0,,,0.93,31.61
2026-07-07,7503.85,2026-07-17,10.0,6620.0,,,1.05,31.93
2026-07-07,7503.85,2026-07-17,10.0,6625.0,,,0.98,31.48
2026-07-07,7503.85,2026-07-17,10.0,6630.0,,,1.07,31.69
2026-07-07,7503.85,2026-07-17,10.0,6635.0,,,0.98,31.14
2026-07-07,7503.85,2026-07-17,10.0,6640.0,,,1.1,31.44
2026-07-07,7503.85,2026-07-17,10.0,6645.0,,,0.98,30.81
2026-07-07,7503.85,2026-07-17,10.0,6650.0,,,1.12,31.18
2026-07-07,7503.85,2026-07-17,10.0,6655.0,,,1.0,30.57
2026-07-07,7503.85,2026-07-17,10.0,6660.0,,,1.15,30.93
2026-07-07,7503.85,2026-07-17,10.0,6665.0,,,1.02,30.32
2026-07-07,7503.85,2026-07-17,10.0,6670.0,,,1.15,30.59
2026-07-07,7503.85,2026-07-17,10.0,6675.0,,,1.02,29.99
2026-07-07,7503.85,2026-07-17,10.0,6680.0,,,1.18,30.33
2026-07-07,7503.85,2026-07-17,10.0,6685.0,,,1.07,29.82
2026-07-07,7503.85,2026-07-17,10.0,6690.0,,,1.2,30.07
2026-07-07,7503.85,2026-07-17,10.0,6695.0,,,1.07,29.49
2026-07-07,7503.85,2026-07-17,10.0,6700.0,810.6,22.74,1.23,29.81
2026-07-07,7503.85,2026-07-17,10.0,6705.0,,,1.1,29.23
2026-07-07,7503.85,2026-07-17,10.0,6710.0,,,1.25,29.54
2026-07-07,7503.85,2026-07-17,10.0,6715.0,,,1.12,28.98
2026-07-07,7503.85,2026-07-17,10.0,6720.0,,,1.3,29.35
2026-07-07,7503.85,2026-07-17,10.0,6725.0,,,1.15,28.72
2026-07-07,7503.85,2026-07-17,10.0,6730.0,,,1.3,29.0
2026-07-07,7503.85,2026-07-17,10.0,6735.0,,,1.2,28.53
2026-07-07,7503.85,2026-07-17,10.0,6740.0,,,1.35,28.8
2026-07-07,7503.85,2026-07-17,10.0,6745.0,,,1.2,28.19
2026-07-07,7503.85,2026-07-20,13.0,6200.0,,,0.7,38.92
2026-07-07,7503.85,2026-07-20,13.0,6300.0,,,0.8,36.51
2026-07-07,7503.85,2026-07-20,13.0,6325.0,,,0.82,35.9
2026-07-07,7503.85,2026-07-20,13.0,6350.0,,,0.85,35.27
2026-07-07,7503.85,2026-07-20,13.0,6375.0,,,0.9,34.76
2026-07-07,7503.85,2026-07-20,13.0,6400.0,,,0.93,34.12
2026-07-07,7503.85,2026-07-20,13.0,6425.0,,,0.95,33.49
2026-07-07,7503.85,2026-07-20,13.0,6450.0,,,1.0,32.94
2026-07-07,7503.85,2026-07-20,13.0,6475.0,,,1.05,32.38
2026-07-07,7503.85,2026-07-20,13.0,6500.0,,,1.1,31.81
2026-07-07,7503.85,2026-07-20,13.0,6525.0,,,1.15,31.23
2026-07-07,7503.85,2026-07-20,13.0,6550.0,,,1.2,30.64
2026-07-07,7503.85,2026-07-20,13.0,6575.0,,,1.25,30.04
2026-07-07,7503.85,2026-07-20,13.0,6600.0,,,1.3,29.43
2026-07-07,7503.85,2026-07-20,13.0,6625.0,,,1.35,28.81
2026-07-07,7503.85,2026-07-20,13.0,6650.0,,,1.43,28.24
2026-07-07,7503.85,2026-07-20,13.0,6675.0,,,1.5,27.67
2026-07-07,7503.85,2026-07-20,13.0,6700.0,,,1.6,27.13
2026-07-07,7503.85,2026-07-20,13.0,6725.0,,,1.65,26.47
2026-07-07,7503.85,2026-07-20,13.0,6750.0,,,1.75,25.91
2026-07-07,7503.85,2026-07-20,13.0,6775.0,,,1.85,25.33
2026-07-07,7503.85,2026-07-20,13.0,6800.0,,,1.98,24.77
2026-07-07,7503.85,2026-07-20,13.0,6825.0,,,2.1,24.2
2026-07-07,7503.85,2026-07-20,13.0,6850.0,,,2.25,23.65
2026-07-07,7503.85,2026-07-20,13.0,6875.0,,,2.4,23.07
2026-07-07,7503.85,2026-07-20,13.0,6900.0,,,2.6,22.55
2026-07-07,7503.85,2026-07-20,13.0,6925.0,,,2.8,21.99
2026-07-07,7503.85,2026-07-20,13.0,6950.0,,,3.05,21.47
2026-07-07,7503.85,2026-07-20,13.0,6975.0,,,3.35,20.96
2026-07-07,7503.85,2026-07-20,13.0,7000.0,,,3.65,20.42
2026-07-07,7503.85,2026-07-20,13.0,7025.0,,,4.0,19.89
2026-07-07,7503.85,2026-07-20,13.0,7050.0,,,4.4,19.36
2026-07-07,7503.85,2026-07-20,13.0,7060.0,,,4.6,19.17
2026-07-07,7503.85,2026-07-20,13.0,7070.0,,,4.8,18.97
2026-07-07,7503.85,2026-07-20,13.0,7075.0,,,4.9,18.87
2026-07-07,7503.85,2026-07-20,13.0,7080.0,,,5.0,18.76
2026-07-07,7503.85,2026-07-20,13.0,7090.0,,,5.3,18.62
2026-07-07,7503.85,2026-07-20,13.0,7100.0,,,5.5,18.39
2026-07-07,7503.85,2026-07-20,13.0,7110.0,403.25,11.17,5.8,18.22
2026-07-07,7503.85,2026-07-20,13.0,7120.0,393.55,12.05,6.05,18.01
2026-07-07,7503.85,2026-07-20,13.0,7125.0,388.65,12.17,6.2,17.92
2026-07-07,7503.85,2026-07-20,13.0,7130.0,383.85,12.48,6.35,17.82
2026-07-07,7503.85,2026-07-20,13.0,7140.0,374.2,12.82,6.7,17.65
2026-07-07,7503.85,2026-07-20,13.0,7150.0,364.55,13.03,7.0,17.44
2026-07-07,7503.85,2026-07-20,13.0,7160.0,354.95,13.21,7.4,17.28
2026-07-07,7503.85,2026-07-20,13.0,7170.0,345.35,13.31,7.8,17.1
2026-07-07,7503.85,2026-07-20,13.0,7175.0,340.6,13.38,8.0,17.0
2026-07-07,7503.85,2026-07-20,13.0,7180.0,335.85,13.44,8.2,16.9
2026-07-07,7503.85,2026-07-20,13.0,7190.0,326.3,13.47,8.7,16.75
2026-07-07,7503.85,2026-07-20,13.0,7200.0,316.8,13.49,9.15,16.55
2026-07-07,7503.85,2026-07-20,13.0,7210.0,307.35,13.51,9.65,16.37
2026-07-07,7503.85,2026-07-20,13.0,7220.0,300.15,14.74,10.2,16.19
2026-07-07,7503.85,2026-07-20,13.0,7225.0,295.65,14.78,10.5,16.1
2026-07-07,7503.85,2026-07-20,13.0,7230.0,290.95,14.72,10.8,16.01
2026-07-07,7503.85,2026-07-20,13.0,7235.0,286.25,14.66,11.15,15.94
2026-07-07,7503.85,2026-07-20,13.0,7240.0,281.6,14.61,11.45,15.84
2026-07-07,7503.85,2026-07-20,13.0,7245.0,276.9,14.53,11.75,15.74
2026-07-07,7503.85,2026-07-20,13.0,7250.0,272.3,14.5,12.15,15.68
2026-07-07,7503.85,2026-07-20,13.0,7255.0,267.6,14.41,12.45,15.57
2026-07-07,7503.85,2026-07-20,13.0,7260.0,263.0,14.36,12.85,15.49
2026-07-07,7503.85,2026-07-20,13.0,7265.0,258.4,14.31,13.25,15.41
2026-07-07,7503.85,2026-07-20,13.0,7270.0,253.75,14.23,13.65,15.33
2026-07-07,7503.85,2026-07-20,13.0,7275.0,249.15,14.16,14.05,15.24
2026-07-07,7503.85,2026-07-20,13.0,7280.0,244.65,14.12,14.45,15.14
2026-07-07,7503.85,2026-07-20,13.0,7285.0,240.05,14.04,14.85,15.05
2026-07-07,7503.85,2026-07-20,13.0,7290.0,235.5,13.98,15.35,14.97
2026-07-07,7503.85,2026-07-20,13.0,7295.0,231.0,13.92,15.75,14.87
2026-07-07,7503.85,2026-07-20,13.0,7300.0,226.65,13.91,16.25,14.79
2026-07-07,7503.85,2026-07-20,13.0,7305.0,221.95,13.78,16.75,14.7
2026-07-07,7503.85,2026-07-20,13.0,7310.0,217.45,13.7,17.25,14.61
2026-07-07,7503.85,2026-07-20,13.0,7315.0,213.05,13.66,17.8,14.53
2026-07-07,7503.85,2026-07-20,13.0,7320.0,208.55,13.57,18.35,14.44
2026-07-07,7503.85,2026-07-20,13.0,7325.0,204.15,13.51,18.85,14.33
2026-07-07,7503.85,2026-07-20,13.0,7330.0,199.75,13.44,19.5,14.26
2026-07-07,7503.85,2026-07-20,13.0,7335.0,195.4,13.38,20.1,14.17
2026-07-07,7503.85,2026-07-20,13.0,7340.0,191.0,13.3,20.75,14.09
2026-07-07,7503.85,2026-07-20,13.0,7345.0,186.65,13.23,21.35,13.99
2026-07-07,7503.85,2026-07-20,13.0,7350.0,182.55,13.22,22.05,13.91
2026-07-07,7503.85,2026-07-20,13.0,7355.0,178.05,13.09,22.75,13.82
2026-07-07,7503.85,2026-07-20,13.0,7360.0,173.75,13.01,23.45,13.73
2026-07-07,7503.85,2026-07-20,13.0,7365.0,169.5,12.94,24.2,13.64
2026-07-07,7503.85,2026-07-20,13.0,7370.0,165.3,12.87,25.0,13.56
2026-07-07,7503.85,2026-07-20,13.0,7375.0,161.1,12.8,25.8,13.48
2026-07-07,7503.85,2026-07-20,13.0,7380.0,156.95,12.73,26.6,13.38
2026-07-07,7503.85,2026-07-20,13.0,7385.0,152.9,12.67,27.45,13.29
2026-07-07,7503.85,2026-07-20,13.0,7390.0,148.8,12.6,28.3,13.2
2026-07-07,7503.85,2026-07-20,13.0,7395.0,144.7,12.52,29.25,13.12
2026-07-07,7503.85,2026-07-20,13.0,7400.0,140.6,12.43,30.2,13.03
2026-07-07,7503.85,2026-07-20,13.0,7405.0,136.6,12.36,31.2,12.95
2026-07-07,7503.85,2026-07-20,13.0,7410.0,132.65,12.29,32.2,12.86
2026-07-07,7503.85,2026-07-20,13.0,7415.0,128.7,12.21,33.2,12.76
2026-07-07,7503.85,2026-07-20,13.0,7420.0,124.8,12.14,34.3,12.67
2026-07-07,7503.85,2026-07-20,13.0,7425.0,121.05,12.08,35.4,12.58
2026-07-07,7503.85,2026-07-20,13.0,7430.0,117.25,12.01,36.6,12.5
2026-07-07,7503.85,2026-07-20,13.0,7435.0,113.45,11.93,37.8,12.41
2026-07-07,7503.85,2026-07-20,13.0,7440.0,109.7,11.85,39.05,12.33
2026-07-07,7503.85,2026-07-20,13.0,7445.0,106.0,11.77,40.35,12.24
2026-07-07,7503.85,2026-07-20,13.0,7450.0,102.35,11.7,41.7,12.16
2026-07-07,7503.85,2026-07-20,13.0,7455.0,98.75,11.62,43.05,12.06
2026-07-07,7503.85,2026-07-20,13.0,7460.0,95.15,11.53,44.5,11.98
2026-07-07,7503.85,2026-07-20,13.0,7465.0,91.65,11.46,45.95,11.89
2026-07-07,7503.85,2026-07-20,13.0,7470.0,88.15,11.37,47.5,11.81
2026-07-07,7503.85,2026-07-20,13.0,7475.0,84.75,11.3,49.1,11.72
2026-07-07,7503.85,2026-07-20,13.0,7480.0,81.45,11.23,50.7,11.63
2026-07-07,7503.85,2026-07-20,13.0,7485.0,78.15,11.15,52.4,11.54
2026-07-07,7503.85,2026-07-20,13.0,7490.0,74.85,11.06,54.15,11.46
2026-07-07,7503.85,2026-07-20,13.0,7495.0,71.75,11.0,55.95,11.37
2026-07-07,7503.85,2026-07-20,13.0,7500.0,68.6,10.91,57.85,11.29
2026-07-07,7503.85,2026-07-20,13.0,7505.0,65.55,10.84,59.8,11.21
2026-07-07,7503.85,2026-07-20,13.0,7510.0,62.55,10.76,61.8,11.12
2026-07-07,7503.85,2026-07-20,13.0,7515.0,59.65,10.68,63.85,11.03
2026-07-07,7503.85,2026-07-20,13.0,7520.0,56.75,10.6,66.05,10.96
2026-07-07,7503.85,2026-07-20,13.0,7525.0,54.0,10.53,68.25,10.88
2026-07-07,7503.85,2026-07-20,13.0,7530.0,51.25,10.45,70.55,10.8
2026-07-07,7503.85,2026-07-20,13.0,7535.0,48.65,10.38,72.85,10.71
2026-07-07,7503.85,2026-07-20,13.0,7540.0,46.05,10.3,75.25,10.62
2026-07-07,7503.85,2026-07-20,13.0,7545.0,43.6,10.24,77.75,10.54
2026-07-07,7503.85,2026-07-20,13.0,7550.0,41.15,10.16,80.35,10.46
2026-07-07,7503.85,2026-07-20,13.0,7555.0,38.8,10.08,83.05,10.39
2026-07-07,7503.85,2026-07-20,13.0,7560.0,36.55,10.01,85.75,10.3
2026-07-07,7503.85,2026-07-20,13.0,7565.0,34.4,9.95,88.55,10.22
2026-07-07,7503.85,2026-07-20,13.0,7570.0,32.3,9.88,91.45,10.14
2026-07-07,7503.85,2026-07-20,13.0,7575.0,30.25,9.81,94.45,10.06
2026-07-07,7503.85,2026-07-20,13.0,7580.0,28.3,9.74,97.45,9.97
2026-07-07,7503.85,2026-07-20,13.0,7585.0,26.45,9.67,100.5,9.87
2026-07-07,7503.85,2026-07-20,13.0,7590.0,24.7,9.61,103.65,9.78
2026-07-07,7503.85,2026-07-20,13.0,7595.0,23.0,9.55,107.0,9.71
2026-07-07,7503.85,2026-07-20,13.0,7600.0,21.35,9.48,110.35,9.62
2026-07-07,7503.85,2026-07-20,13.0,7605.0,19.8,9.42,113.85,9.54
2026-07-07,7503.85,2026-07-20,13.0,7610.0,18.35,9.36,117.25,9.42
2026-07-07,7503.85,2026-07-20,13.0,7615.0,16.95,9.3,120.95,9.35
2026-07-07,7503.85,2026-07-20,13.0,7620.0,15.65,9.24,124.65,9.26
2026-07-07,7503.85,2026-07-20,13.0,7625.0,14.4,9.18,128.35,9.15
2026-07-07,7503.85,2026-07-20,13.0,7630.0,13.2,9.11,132.15,9.03
2026-07-07,7503.85,2026-07-20,13.0,7635.0,12.15,9.07,136.1,8.92
2026-07-07,7503.85,2026-07-20,13.0,7640.0,11.1,9.01,140.05,8.78
2026-07-07,7503.85,2026-07-20,13.0,7645.0,10.15,8.96,144.05,8.61
2026-07-07,7503.85,2026-07-20,13.0,7650.0,9.25,8.91,148.15,8.43
2026-07-07,7503.85,2026-07-20,13.0,7655.0,8.45,8.87,152.3,8.18
2026-07-07,7503.85,2026-07-20,13.0,7660.0,7.65,8.81,156.55,7.83
2026-07-07,7503.85,2026-07-20,13.0,7665.0,6.95,8.77,,
2026-07-07,7503.85,2026-07-20,13.0,7670.0,6.3,8.73,,
2026-07-07,7503.85,2026-07-20,13.0,7675.0,5.7,8.69,,
2026-07-07,7503.85,2026-07-20,13.0,7680.0,5.1,8.63,,
2026-07-07,7503.85,2026-07-20,13.0,7685.0,4.6,8.59,181.45,8.64
2026-07-07,7503.85,2026-07-20,13.0,7690.0,4.15,8.56,,
2026-07-07,7503.85,2026-07-20,13.0,7700.0,3.3,8.47,,
2026-07-07,7503.85,2026-07-20,13.0,7710.0,2.72,8.47,,
2026-07-07,7503.85,2026-07-20,13.0,7720.0,2.17,8.42,,
2026-07-07,7503.85,2026-07-20,13.0,7725.0,1.92,8.38,,
2026-07-07,7503.85,2026-07-20,13.0,7730.0,1.75,8.39,,
2026-07-07,7503.85,2026-07-20,13.0,7740.0,1.4,8.37,,
2026-07-07,7503.85,2026-07-20,13.0,7750.0,1.12,8.36,,
2026-07-07,7503.85,2026-07-20,13.0,7760.0,0.93,8.39,,
2026-07-07,7503.85,2026-07-20,13.0,7775.0,0.7,8.46,,
2026-07-07,7503.85,2026-07-20,13.0,7800.0,0.5,8.72,,
2026-07-07,7503.85,2026-07-20,13.0,7825.0,0.35,8.96,,
2026-07-07,7503.85,2026-07-20,13.0,7850.0,0.3,9.4,,
2026-07-07,7503.85,2026-07-20,13.0,7875.0,0.25,9.79,,
2026-07-07,7503.85,2026-07-20,13.0,7900.0,0.22,10.26,,
2026-07-07,7503.85,2026-07-20,13.0,7925.0,0.2,10.69,,
2026-07-07,7503.85,2026-07-20,13.0,7950.0,0.2,11.26,,
2026-07-07,7503.85,2026-07-20,13.0,7975.0,0.17,11.65,,
2026-07-07,7503.85,2026-07-20,13.0,8000.0,0.17,12.2,,
2026-07-07,7503.85,2026-07-20,13.0,8025.0,0.17,12.74,,
2026-07-07,7503.85,2026-07-20,13.0,8050.0,0.15,13.08,,
2026-07-07,7503.85,2026-07-20,13.0,8075.0,0.15,13.61,,
2026-07-07,7503.85,2026-07-20,13.0,8100.0,0.15,14.14,,
2026-07-07,7503.85,2026-07-20,13.0,8200.0,0.12,15.93,,
2026-07-07,7503.85,2026-07-20,13.0,8300.0,0.1,17.57,,
2026-07-07,7503.85,2026-07-20,13.0,8400.0,0.1,19.49,,
2026-07-07,7503.85,2026-07-20,13.0,8600.0,0.1,23.2,,
2026-07-07,7503.85,2026-07-21,14.0,6000.0,,,0.65,42.94
2026-07-07,7503.85,2026-07-21,14.0,6100.0,,,0.73,40.53
2026-07-07,7503.85,2026-07-21,14.0,6200.0,,,0.82,38.19
2026-07-07,7503.85,2026-07-21,14.0,6300.0,,,0.95,35.89
2026-07-07,7503.85,2026-07-21,14.0,6325.0,,,1.0,35.37
2026-07-07,7503.85,2026-07-21,14.0,6350.0,,,1.02,34.74
2026-07-07,7503.85,2026-07-21,14.0,6375.0,,,1.05,34.12
2026-07-07,7503.85,2026-07-21,14.0,6400.0,,,1.1,33.57
2026-07-07,7503.85,2026-07-21,14.0,6425.0,,,1.15,33.02
2026-07-07,7503.85,2026-07-21,14.0,6450.0,,,1.2,32.46
2026-07-07,7503.85,2026-07-21,14.0,6475.0,,,1.25,31.89
2026-07-07,7503.85,2026-07-21,14.0,6500.0,,,1.3,31.31
2026-07-07,7503.85,2026-07-21,14.0,6525.0,,,1.35,30.72
2026-07-07,7503.85,2026-07-21,14.0,6550.0,,,1.4,30.12
2026-07-07,7503.85,2026-07-21,14.0,6575.0,,,1.45,29.51
2026-07-07,7503.85,2026-07-21,14.0,6600.0,,,1.55,29.02
2026-07-07,7503.85,2026-07-21,14.0,6625.0,,,1.6,28.4
2026-07-07,7503.85,2026-07-21,14.0,6650.0,,,1.7,27.88
2026-07-07,7503.85,2026-07-21,14.0,6675.0,,,1.77,27.29
2026-07-07,7503.85,2026-07-21,14.0,6700.0,,,1.88,26.74
2026-07-07,7503.85,2026-07-21,14.0,6725.0,,,1.98,26.17
2026-07-07,7503.85,2026-07-21,14.0,6750.0,,,2.1,25.64
2026-07-07,7503.85,2026-07-21,14.0,6775.0,,,2.23,25.08
2026-07-07,7503.85,2026-07-21,14.0,6800.0,,,2.35,24.51
2026-07-07,7503.85,2026-07-21,14.0,6825.0,,,2.52,23.99
2026-07-07,7503.85,2026-07-21,14.0,6850.0,,,2.67,23.42
2026-07-07,7503.85,2026-07-21,14.0,6875.0,,,2.88,22.89
2026-07-07,7503.85,2026-07-21,14.0,6900.0,,,3.08,22.34
2026-07-07,7503.85,2026-07-21,14.0,6925.0,,,3.35,21.85
2026-07-07,7503.85,2026-07-21,14.0,6950.0,,,3.65,21.35
2026-07-07,7503.85,2026-07-21,14.0,6975.0,,,3.95,20.81
2026-07-07,7503.85,2026-07-21,14.0,7000.0,,,4.3,20.29
2026-07-07,7503.85,2026-07-21,14.0,7025.0,,,4.75,19.81
2026-07-07,7503.85,2026-07-21,14.0,7050.0,,,5.25,19.33
2026-07-07,7503.85,2026-07-21,14.0,7060.0,,,5.5,19.15
2026-07-07,7503.85,2026-07-21,14.0,7070.0,443.85,11.44,5.7,18.94
2026-07-07,7503.85,2026-07-21,14.0,7075.0,438.95,11.87,5.8,18.83
2026-07-07,7503.85,2026-07-21,14.0,7080.0,434.15,12.53,6.0,18.78
2026-07-07,7503.85,2026-07-21,14.0,7090.0,424.4,12.93,6.2,18.55
2026-07-07,7503.85,2026-07-21,14.0,7100.0,414.75,13.35,6.5,18.38
2026-07-07,7503.85,2026-07-21,14.0,7110.0,405.05,13.54,6.8,18.19
2026-07-07,7503.85,2026-07-21,14.0,7120.0,395.4,13.72,7.15,18.02
2026-07-07,7503.85,2026-07-21,14.0,7125.0,390.55,13.75,7.3,17.92
2026-07-07,7503.85,2026-07-21,14.0,7130.0,385.75,13.83,7.5,17.84
2026-07-07,7503.85,2026-07-21,14.0,7140.0,376.15,13.93,7.85,17.66
2026-07-07,7503.85,2026-07-21,14.0,7150.0,366.55,13.98,8.25,17.48
2026-07-07,7503.85,2026-07-21,14.0,7160.0,357.0,14.02,8.65,17.3
2026-07-07,7503.85,2026-07-21,14.0,7170.0,347.45,14.03,9.1,17.12
2026-07-07,7503.85,2026-07-21,14.0,7175.0,342.75,14.07,9.35,17.04
2026-07-07,7503.85,2026-07-21,14.0,7180.0,337.95,14.04,9.6,16.96
2026-07-07,7503.85,2026-07-21,14.0,7190.0,328.5,14.04,10.1,16.78
2026-07-07,7503.85,2026-07-21,14.0,7200.0,319.05,14.01,10.6,16.59
2026-07-07,7503.85,2026-07-21,14.0,7210.0,312.05,15.17,11.2,16.43
2026-07-07,7503.85,2026-07-21,14.0,7220.0,302.65,15.05,11.8,16.25
2026-07-07,7503.85,2026-07-21,14.0,7225.0,298.0,15.0,12.1,16.16
2026-07-07,7503.85,2026-07-21,14.0,7230.0,293.35,14.94,12.45,16.08
2026-07-07,7503.85,2026-07-21,14.0,7240.0,284.0,14.8,13.15,15.91
2026-07-07,7503.85,2026-07-21,14.0,7250.0,274.8,14.69,13.85,15.73
2026-07-07,7503.85,2026-07-21,14.0,7260.0,265.55,14.55,14.65,15.56
2026-07-07,7503.85,2026-07-21,14.0,7270.0,256.4,14.42,15.5,15.4
2026-07-07,7503.85,2026-07-21,14.0,7275.0,251.85,14.36,15.95,15.31
2026-07-07,7503.85,2026-07-21,14.0,7280.0,247.3,14.29,16.35,15.21
2026-07-07,7503.85,2026-07-21,14.0,7290.0,238.25,14.16,17.35,15.06
2026-07-07,7503.85,2026-07-21,14.0,7300.0,229.25,14.02,18.35,14.88
2026-07-07,7503.85,2026-07-21,14.0,7310.0,220.35,13.88,19.4,14.7
2026-07-07,7503.85,2026-07-21,14.0,7320.0,211.5,13.74,20.55,14.53
2026-07-07,7503.85,2026-07-21,14.0,7325.0,207.1,13.67,21.15,14.45
2026-07-07,7503.85,2026-07-21,14.0,7330.0,202.75,13.61,21.75,14.36
2026-07-07,7503.85,2026-07-21,14.0,7335.0,198.4,13.54,22.4,14.27
2026-07-07,7503.85,2026-07-21,14.0,7340.0,194.05,13.46,23.1,14.2
2026-07-07,7503.85,2026-07-21,14.0,7345.0,189.75,13.39,23.8,14.11
2026-07-07,7503.85,2026-07-21,14.0,7350.0,185.5,13.33,24.5,14.03
2026-07-07,7503.85,2026-07-21,14.0,7355.0,181.05,13.21,25.2,13.93
2026-07-07,7503.85,2026-07-21,14.0,7360.0,177.0,13.19,25.95,13.85
2026-07-07,7503.85,2026-07-21,14.0,7365.0,172.75,13.1,26.7,13.75
2026-07-07,7503.85,2026-07-21,14.0,7370.0,168.55,13.03,27.55,13.68
2026-07-07,7503.85,2026-07-21,14.0,7375.0,164.55,12.99,28.4,13.6
2026-07-07,7503.85,2026-07-21,14.0,7380.0,160.4,12.91,29.2,13.5
2026-07-07,7503.85,2026-07-21,14.0,7385.0,156.3,12.84,30.1,13.42
2026-07-07,7503.85,2026-07-21,14.0,7390.0,152.2,12.76,31.0,13.33
2026-07-07,7503.85,2026-07-21,14.0,7395.0,148.15,12.69,32.0,13.25
2026-07-07,7503.85,2026-07-21,14.0,7400.0,144.15,12.61,33.0,13.17
2026-07-07,7503.85,2026-07-21,14.0,7405.0,140.2,12.54,34.0,13.08
2026-07-07,7503.85,2026-07-21,14.0,7410.0,136.2,12.46,35.0,12.99
2026-07-07,7503.85,2026-07-21,14.0,7415.0,132.3,12.39,36.1,12.91
2026-07-07,7503.85,2026-07-21,14.0,7420.0,128.6,12.34,37.2,12.82
2026-07-07,7503.85,2026-07-21,14.0,7425.0,124.75,12.27,38.35,12.73
2026-07-07,7503.85,2026-07-21,14.0,7430.0,120.95,12.19,39.5,12.64
2026-07-07,7503.85,2026-07-21,14.0,7435.0,117.2,12.12,40.75,12.56
2026-07-07,7503.85,2026-07-21,14.0,7440.0,113.45,12.03,42.05,12.48
2026-07-07,7503.85,2026-07-21,14.0,7445.0,109.75,11.95,43.35,12.39
2026-07-07,7503.85,2026-07-21,14.0,7450.0,106.15,11.88,44.7,12.3
2026-07-07,7503.85,2026-07-21,14.0,7455.0,102.55,11.8,46.1,12.22
2026-07-07,7503.85,2026-07-21,14.0,7460.0,99.05,11.74,47.55,12.14
2026-07-07,7503.85,2026-07-21,14.0,7465.0,95.55,11.66,49.05,12.05
2026-07-07,7503.85,2026-07-21,14.0,7470.0,92.05,11.57,50.55,11.96
2026-07-07,7503.85,2026-07-21,14.0,7475.0,88.65,11.49,52.15,11.88
2026-07-07,7503.85,2026-07-21,14.0,7480.0,85.35,11.43,53.8,11.79
2026-07-07,7503.85,2026-07-21,14.0,7485.0,82.05,11.35,55.5,11.71
2026-07-07,7503.85,2026-07-21,14.0,7490.0,78.75,11.26,57.25,11.62
2026-07-07,7503.85,2026-07-21,14.0,7495.0,75.55,11.18,59.05,11.54
2026-07-07,7503.85,2026-07-21,14.0,7500.0,72.45,11.11,60.95,11.46
2026-07-07,7503.85,2026-07-21,14.0,7505.0,69.45,11.04,62.85,11.37
2026-07-07,7503.85,2026-07-21,14.0,7510.0,66.45,10.97,64.85,11.29
2026-07-07,7503.85,2026-07-21,14.0,7515.0,63.45,10.88,66.95,11.22
2026-07-07,7503.85,2026-07-21,14.0,7520.0,60.6,10.81,69.05,11.13
2026-07-07,7503.85,2026-07-21,14.0,7525.0,57.75,10.73,71.25,11.05
2026-07-07,7503.85,2026-07-21,14.0,7530.0,55.05,10.66,73.45,10.96
2026-07-07,7503.85,2026-07-21,14.0,7535.0,52.35,10.58,75.75,10.88
2026-07-07,7503.85,2026-07-21,14.0,7540.0,49.75,10.51,78.15,10.8
2026-07-07,7503.85,2026-07-21,14.0,7545.0,47.25,10.45,80.65,10.72
2026-07-07,7503.85,2026-07-21,14.0,7550.0,44.8,10.38,83.15,10.64
2026-07-07,7503.85,2026-07-21,14.0,7555.0,42.4,10.3,85.75,10.56
2026-07-07,7503.85,2026-07-21,14.0,7560.0,40.1,10.23,88.45,10.48
2026-07-07,7503.85,2026-07-21,14.0,7565.0,37.85,10.16,91.25,10.41
2026-07-07,7503.85,2026-07-21,14.0,7570.0,35.7,10.1,94.05,10.32
2026-07-07,7503.85,2026-07-21,14.0,7575.0,33.6,10.03,96.95,10.24
2026-07-07,7503.85,2026-07-21,14.0,7580.0,31.6,9.96,99.95,10.17
2026-07-07,7503.85,2026-07-21,14.0,7585.0,29.65,9.89,102.95,10.07
2026-07-07,7503.85,2026-07-21,14.0,7590.0,27.8,9.83,105.9,9.95
2026-07-07,7503.85,2026-07-21,14.0,7595.0,26.0,9.76,109.15,9.88
2026-07-07,7503.85,2026-07-21,14.0,7600.0,24.3,9.7,112.5,9.81
2026-07-07,7503.85,2026-07-21,14.0,7605.0,22.65,9.63,115.8,9.71
2026-07-07,7503.85,2026-07-21,14.0,7610.0,21.1,9.57,119.2,9.61
2026-07-07,7503.85,2026-07-21,14.0,7620.0,18.2,9.45,126.4,9.45
2026-07-07,7503.85,2026-07-21,14.0,7625.0,16.85,9.39,130.05,9.35
2026-07-07,7503.85,2026-07-21,14.0,7630.0,15.6,9.34,133.65,9.22
2026-07-07,7503.85,2026-07-21,14.0,7640.0,13.25,9.22,141.45,9.02
2026-07-07,7503.85,2026-07-21,14.0,7650.0,11.25,9.13,149.3,8.71
2026-07-07,7503.85,2026-07-21,14.0,7660.0,9.45,9.03,157.45,8.27
2026-07-07,7503.85,2026-07-21,14.0,7670.0,7.85,8.92,,
2026-07-07,7503.85,2026-07-21,14.0,7675.0,7.15,8.88,170.2,10.11
2026-07-07,7503.85,2026-07-21,14.0,7680.0,6.5,8.84,,
2026-07-07,7503.85,2026-07-21,14.0,7690.0,5.35,8.76,,
2026-07-07,7503.85,2026-07-21,14.0,7700.0,4.4,8.69,,
2026-07-07,7503.85,2026-07-21,14.0,7710.0,3.6,8.64,,
2026-07-07,7503.85,2026-07-21,14.0,7720.0,2.98,8.61,,
2026-07-07,7503.85,2026-07-21,14.0,7725.0,2.62,8.55,,
2026-07-07,7503.85,2026-07-21,14.0,7750.0,1.57,8.5,,
2026-07-07,7503.85,2026-07-21,14.0,7775.0,0.98,8.54,,
2026-07-07,7503.85,2026-07-21,14.0,7800.0,0.65,8.69,,
2026-07-07,7503.85,2026-07-21,14.0,7825.0,0.45,8.89,,
2026-07-07,7503.85,2026-07-21,14.0,7850.0,0.35,9.2,,
2026-07-07,7503.85,2026-07-21,14.0,7875.0,0.3,9.61,,
2026-07-07,7503.85,2026-07-21,14.0,7900.0,0.25,9.98,,
2026-07-07,7503.85,2026-07-21,14.0,7925.0,0.22,10.42,,
2026-07-07,7503.85,2026-07-21,14.0,7950.0,0.2,10.83,,
2026-07-07,7503.85,2026-07-21,14.0,7975.0,0.2,11.37,,
2026-07-07,7503.85,2026-07-21,14.0,8000.0,0.17,11.74,,
2026-07-07,7503.85,2026-07-21,14.0,8025.0,0.17,12.26,,
2026-07-07,7503.85,2026-07-21,14.0,8050.0,0.17,12.78,,
2026-07-07,7503.85,2026-07-21,14.0,8100.0,0.15,13.61,,
2026-07-07,7503.85,2026-07-21,14.0,8200.0,0.12,15.34,,
2026-07-07,7503.85,2026-07-21,14.0,8400.0,0.1,18.76,,
2026-07-07,7503.85,2026-07-21,14.0,8600.0,0.1,22.34,,
2026-07-07,7503.85,2026-07-22,15.0,5900.0,,,0.65,44.31
2026-07-07,7503.85,2026-07-22,15.0,6000.0,,,0.75,42.12
2026-07-07,7503.85,2026-07-22,15.0,6100.0,,,0.85,39.85
2026-07-07,7503.85,2026-07-22,15.0,6200.0,,,0.95,37.5
2026-07-07,7503.85,2026-07-22,15.0,6300.0,,,1.1,35.28
2026-07-07,7503.85,2026-07-22,15.0,6325.0,,,1.15,34.75
2026-07-07,7503.85,2026-07-22,15.0,6350.0,,,1.2,34.21
2026-07-07,7503.85,2026-07-22,15.0,6375.0,,,1.25,33.67
2026-07-07,7503.85,2026-07-22,15.0,6400.0,,,1.3,33.11
2026-07-07,7503.85,2026-07-22,15.0,6425.0,,,1.35,32.55
2026-07-07,7503.85,2026-07-22,15.0,6450.0,,,1.4,31.98
2026-07-07,7503.85,2026-07-22,15.0,6475.0,,,1.45,31.4
2026-07-07,7503.85,2026-07-22,15.0,6500.0,,,1.5,30.81
2026-07-07,7503.85,2026-07-22,15.0,6525.0,,,1.6,30.34
2026-07-07,7503.85,2026-07-22,15.0,6550.0,,,1.65,29.74
2026-07-07,7503.85,2026-07-22,15.0,6575.0,,,1.75,29.24
2026-07-07,7503.85,2026-07-22,15.0,6600.0,,,1.8,28.62
2026-07-07,7503.85,2026-07-22,15.0,6625.0,,,1.9,28.1
2026-07-07,7503.85,2026-07-22,15.0,6650.0,,,2.0,27.56
2026-07-07,7503.85,2026-07-22,15.0,6675.0,,,2.1,27.01
2026-07-07,7503.85,2026-07-22,15.0,6700.0,,,2.23,26.48
2026-07-07,7503.85,2026-07-22,15.0,6725.0,,,2.35,25.94
2026-07-07,7503.85,2026-07-22,15.0,6750.0,,,2.5,25.43
2026-07-07,7503.85,2026-07-22,15.0,6775.0,,,2.65,24.89
2026-07-07,7503.85,2026-07-22,15.0,6800.0,,,2.83,24.37
2026-07-07,7503.85,2026-07-22,15.0,6825.0,,,2.98,23.8
2026-07-07,7503.85,2026-07-22,15.0,6850.0,,,3.25,23.36
2026-07-07,7503.85,2026-07-22,15.0,6875.0,,,3.45,22.8
2026-07-07,7503.85,2026-07-22,15.0,6900.0,,,3.7,22.28
2026-07-07,7503.85,2026-07-22,15.0,6925.0,,,4.0,21.78
2026-07-07,7503.85,2026-07-22,15.0,6950.0,,,4.35,21.29
2026-07-07,7503.85,2026-07-22,15.0,6975.0,,,4.7,20.77
2026-07-07,7503.85,2026-07-22,15.0,7000.0,513.75,28.2,5.15,20.3
2026-07-07,7503.85,2026-07-22,15.0,7025.0,489.35,10.38,5.7,19.85
2026-07-07,7503.85,2026-07-22,15.0,7050.0,464.95,13.31,6.25,19.36
2026-07-07,7503.85,2026-07-22,15.0,7060.0,455.25,13.74,6.5,19.17
2026-07-07,7503.85,2026-07-22,15.0,7070.0,445.55,14.0,6.8,19.0
2026-07-07,7503.85,2026-07-22,15.0,7075.0,440.7,14.09,6.9,18.89
2026-07-07,7503.85,2026-07-22,15.0,7080.0,435.85,14.17,7.05,18.8
2026-07-07,7503.85,2026-07-22,15.0,7090.0,426.2,14.33,7.4,18.64
2026-07-07,7503.85,2026-07-22,15.0,7100.0,416.55,14.43,7.7,18.45
2026-07-07,7503.85,2026-07-22,15.0,7110.0,406.95,14.53,8.05,18.27
2026-07-07,7503.85,2026-07-22,15.0,7120.0,397.3,14.54,8.45,18.11
2026-07-07,7503.85,2026-07-22,15.0,7125.0,392.55,14.6,8.6,18.0
2026-07-07,7503.85,2026-07-22,15.0,7130.0,387.75,14.6,8.8,17.91
2026-07-07,7503.85,2026-07-22,15.0,7140.0,378.15,14.58,9.25,17.75
2026-07-07,7503.85,2026-07-22,15.0,7150.0,368.65,14.6,9.65,17.56
2026-07-07,7503.85,2026-07-22,15.0,7160.0,359.15,14.59,10.15,17.4
2026-07-07,7503.85,2026-07-22,15.0,7170.0,349.65,14.55,10.65,17.23
2026-07-07,7503.85,2026-07-22,15.0,7175.0,344.95,14.55,10.9,17.14
2026-07-07,7503.85,2026-07-22,15.0,7180.0,340.25,14.55,11.15,17.05
2026-07-07,7503.85,2026-07-22,15.0,7190.0,333.35,15.7,11.75,16.9
2026-07-07,7503.85,2026-07-22,15.0,7200.0,323.95,15.58,12.3,16.71
2026-07-07,7503.85,2026-07-22,15.0,7210.0,314.6,15.46,12.95,16.55
2026-07-07,7503.85,2026-07-22,15.0,7220.0,305.3,15.34,13.65,16.39
2026-07-07,7503.85,2026-07-22,15.0,7225.0,300.65,15.28,13.95,16.29
2026-07-07,7503.85,2026-07-22,15.0,7230.0,296.0,15.21,14.35,16.22
2026-07-07,7503.85,2026-07-22,15.0,7240.0,286.8,15.09,15.05,16.03
2026-07-07,7503.85,2026-07-22,15.0,7250.0,277.65,14.97,15.9,15.88
2026-07-07,7503.85,2026-07-22,15.0,7260.0,268.5,14.84,16.75,15.71
2026-07-07,7503.85,2026-07-22,15.0,7270.0,259.4,14.7,17.65,15.54
2026-07-07,7503.85,2026-07-22,15.0,7275.0,254.9,14.64,18.15,15.46
2026-07-07,7503.85,2026-07-22,15.0,7280.0,250.4,14.57,18.6,15.37
2026-07-07,7503.85,2026-07-22,15.0,7290.0,241.45,14.44,19.65,15.21
2026-07-07,7503.85,2026-07-22,15.0,7300.0,232.55,14.3,20.7,15.03
2026-07-07,7503.85,2026-07-22,15.0,7310.0,223.7,14.16,21.85,14.87
2026-07-07,7503.85,2026-07-22,15.0,7320.0,215.0,14.04,23.1,14.71
2026-07-07,7503.85,2026-07-22,15.0,7325.0,210.6,13.95,23.7,14.61
2026-07-07,7503.85,2026-07-22,15.0,7330.0,206.3,13.89,24.4,14.54
2026-07-07,7503.85,2026-07-22,15.0,7335.0,201.95,13.81,25.1,14.46
2026-07-07,7503.85,2026-07-22,15.0,7340.0,197.65,13.74,25.8,14.38
2026-07-07,7503.85,2026-07-22,15.0,7345.0,193.4,13.67,26.5,14.29
2026-07-07,7503.85,2026-07-22,15.0,7350.0,189.2,13.61,27.2,14.19
2026-07-07,7503.85,2026-07-22,15.0,7355.0,184.95,13.53,28.0,14.12
2026-07-07,7503.85,2026-07-22,15.0,7360.0,180.55,13.41,28.8,14.04
2026-07-07,7503.85,2026-07-22,15.0,7365.0,176.4,13.35,29.6,13.95
2026-07-07,7503.85,2026-07-22,15.0,7370.0,172.35,13.3,30.5,13.88
2026-07-07,7503.85,2026-07-22,15.0,7375.0,168.25,13.23,31.3,13.78
2026-07-07,7503.85,2026-07-22,15.0,7380.0,164.15,13.15,32.2,13.7
2026-07-07,7503.85,2026-07-22,15.0,7385.0,160.1,13.08,33.15,13.62
2026-07-07,7503.85,2026-07-22,15.0,7390.0,156.05,13.01,34.1,13.53
2026-07-07,7503.85,2026-07-22,15.0,7395.0,152.05,12.94,35.1,13.45
2026-07-07,7503.85,2026-07-22,15.0,7400.0,148.05,12.86,36.1,13.37
2026-07-07,7503.85,2026-07-22,15.0,7405.0,144.1,12.78,37.15,13.28
2026-07-07,7503.85,2026-07-22,15.0,7410.0,140.2,12.71,38.2,13.2
2026-07-07,7503.85,2026-07-22,15.0,7415.0,136.4,12.65,39.3,13.11
2026-07-07,7503.85,2026-07-22,15.0,7420.0,132.55,12.58,40.45,13.03
2026-07-07,7503.85,2026-07-22,15.0,7425.0,128.75,12.5,41.65,12.95
2026-07-07,7503.85,2026-07-22,15.0,7430.0,124.95,12.42,42.85,12.86
2026-07-07,7503.85,2026-07-22,15.0,7435.0,121.25,12.35,44.1,12.78
2026-07-07,7503.85,2026-07-22,15.0,7440.0,117.55,12.28,45.4,12.69
2026-07-07,7503.85,2026-07-22,15.0,7445.0,113.85,12.19,46.75,12.61
2026-07-07,7503.85,2026-07-22,15.0,7450.0,110.25,12.12,48.1,12.53
2026-07-07,7503.85,2026-07-22,15.0,7455.0,106.65,12.04,49.55,12.45
2026-07-07,7503.85,2026-07-22,15.0,7460.0,103.15,11.97,50.95,12.35
2026-07-07,7503.85,2026-07-22,15.0,7465.0,99.65,11.89,52.45,12.27
2026-07-07,7503.85,2026-07-22,15.0,7470.0,96.25,11.82,54.05,12.19
2026-07-07,7503.85,2026-07-22,15.0,7475.0,92.85,11.74,55.65,12.11
2026-07-07,7503.85,2026-07-22,15.0,7480.0,89.45,11.66,57.3,12.03
2026-07-07,7503.85,2026-07-22,15.0,7485.0,86.2,11.59,59.05,11.95
2026-07-07,7503.85,2026-07-22,15.0,7490.0,82.95,11.51,60.75,11.86
2026-07-07,7503.85,2026-07-22,15.0,7495.0,79.75,11.43,62.55,11.78
2026-07-07,7503.85,2026-07-22,15.0,7500.0,76.65,11.36,64.45,11.7
2026-07-07,7503.85,2026-07-22,15.0,7505.0,73.55,11.28,66.35,11.61
2026-07-07,7503.85,2026-07-22,15.0,7510.0,70.55,11.21,68.35,11.54
2026-07-07,7503.85,2026-07-22,15.0,7515.0,67.65,11.14,70.35,11.45
2026-07-07,7503.85,2026-07-22,15.0,7520.0,64.75,11.07,72.45,11.37
2026-07-07,7503.85,2026-07-22,15.0,7525.0,61.85,10.98,74.65,11.29
2026-07-07,7503.85,2026-07-22,15.0,7530.0,59.15,10.92,76.85,11.21
2026-07-07,7503.85,2026-07-22,15.0,7535.0,56.45,10.85,79.15,11.13
2026-07-07,7503.85,2026-07-22,15.0,7540.0,53.75,10.77,81.5,11.05
2026-07-07,7503.85,2026-07-22,15.0,7545.0,51.25,10.71,83.95,10.98
2026-07-07,7503.85,2026-07-22,15.0,7550.0,48.7,10.63,86.4,10.89
2026-07-07,7503.85,2026-07-22,15.0,7555.0,46.25,10.56,88.95,10.81
2026-07-07,7503.85,2026-07-22,15.0,7560.0,43.9,10.49,91.6,10.73
2026-07-07,7503.85,2026-07-22,15.0,7565.0,41.6,10.42,94.25,10.65
2026-07-07,7503.85,2026-07-22,15.0,7570.0,39.4,10.36,97.05,10.57
2026-07-07,7503.85,2026-07-22,15.0,7575.0,37.25,10.29,99.9,10.49
2026-07-07,7503.85,2026-07-22,15.0,7580.0,35.15,10.22,102.85,10.42
2026-07-07,7503.85,2026-07-22,15.0,7585.0,33.15,10.15,105.85,10.34
2026-07-07,7503.85,2026-07-22,15.0,7590.0,31.2,10.09,108.85,10.25
2026-07-07,7503.85,2026-07-22,15.0,7595.0,29.4,10.03,111.75,10.13
2026-07-07,7503.85,2026-07-22,15.0,7600.0,27.6,9.97,115.15,10.08
2026-07-07,7503.85,2026-07-22,15.0,7605.0,25.9,9.91,118.35,9.99
2026-07-07,7503.85,2026-07-22,15.0,7610.0,24.2,9.84,121.75,9.91
2026-07-07,7503.85,2026-07-22,15.0,7620.0,21.2,9.73,128.7,9.74
2026-07-07,7503.85,2026-07-22,15.0,7625.0,19.7,9.66,132.15,9.63
2026-07-07,7503.85,2026-07-22,15.0,7630.0,18.4,9.62,135.85,9.55
2026-07-07,7503.85,2026-07-22,15.0,7640.0,15.85,9.5,143.3,9.34
2026-07-07,7503.85,2026-07-22,15.0,7650.0,13.6,9.4,151.0,9.09
2026-07-07,7503.85,2026-07-22,15.0,7660.0,11.6,9.3,159.05,8.81
2026-07-07,7503.85,2026-07-22,15.0,7670.0,9.85,9.21,167.2,8.32
2026-07-07,7503.85,2026-07-22,15.0,7675.0,9.05,9.17,171.5,7.99
2026-07-07,7503.85,2026-07-22,15.0,7680.0,8.25,9.11,,
2026-07-07,7503.85,2026-07-22,15.0,7690.0,6.95,9.04,,
2026-07-07,7503.85,2026-07-22,15.0,7700.0,5.75,8.95,,
2026-07-07,7503.85,2026-07-22,15.0,7710.0,4.8,8.89,,
2026-07-07,7503.85,2026-07-22,15.0,7720.0,3.95,8.82,,
2026-07-07,7503.85,2026-07-22,15.0,7725.0,3.6,8.8,,
2026-07-07,7503.85,2026-07-22,15.0,7750.0,2.22,8.72,,
2026-07-07,7503.85,2026-07-22,15.0,7775.0,1.38,8.69,,
2026-07-07,7503.85,2026-07-22,15.0,7800.0,0.9,8.77,,
2026-07-07,7503.85,2026-07-22,15.0,7825.0,0.62,8.94,,
2026-07-07,7503.85,2026-07-22,15.0,7850.0,0.47,9.21,,
2026-07-07,7503.85,2026-07-22,15.0,7875.0,0.38,9.52,,
2026-07-07,7503.85,2026-07-22,15.0,7900.0,0.3,9.82,,
2026-07-07,7503.85,2026-07-22,15.0,7925.0,0.25,10.16,,
2026-07-07,7503.85,2026-07-22,15.0,7950.0,0.25,10.7,,
2026-07-07,7503.85,2026-07-22,15.0,7975.0,0.22,11.1,,
2026-07-07,7503.85,2026-07-22,15.0,8000.0,0.22,11.62,,
2026-07-07,7503.85,2026-07-22,15.0,8025.0,0.17,11.83,,
2026-07-07,7503.85,2026-07-22,15.0,8050.0,0.17,12.33,,
2026-07-07,7503.85,2026-07-22,15.0,8100.0,0.17,13.33,,
2026-07-07,7503.85,2026-07-22,15.0,8200.0,0.12,14.8,,
2026-07-07,7503.85,2026-07-22,15.0,8400.0,0.1,18.11,,
2026-07-07,7503.85,2026-07-22,15.0,8600.0,0.1,21.57,,
2026-07-07,7503.85,2026-07-23,16.0,5900.0,,,0.75,43.56
2026-07-07,7503.85,2026-07-23,16.0,6000.0,,,0.85,41.35
2026-07-07,7503.85,2026-07-23,16.0,6100.0,,,1.0,39.3
2026-07-07,7503.85,2026-07-23,16.0,6200.0,,,1.12,37.03
2026-07-07,7503.85,2026-07-23,16.0,6300.0,,,1.3,34.86
2026-07-07,7503.85,2026-07-23,16.0,6325.0,,,1.35,34.32
2026-07-07,7503.85,2026-07-23,16.0,6350.0,,,1.4,33.77
2026-07-07,7503.85,2026-07-23,16.0,6375.0,,,1.45,33.21
2026-07-07,7503.85,2026-07-23,16.0,6400.0,,,1.5,32.65
2026-07-07,7503.85,2026-07-23,16.0,6425.0,,,1.55,32.08
2026-07-07,7503.85,2026-07-23,16.0,6450.0,,,1.6,31.51
2026-07-07,7503.85,2026-07-23,16.0,6475.0,,,1.7,31.04
2026-07-07,7503.85,2026-07-23,16.0,6500.0,,,1.75,30.45
2026-07-07,7503.85,2026-07-23,16.0,6525.0,,,1.85,29.96
2026-07-07,7503.85,2026-07-23,16.0,6550.0,,,1.92,29.41
2026-07-07,7503.85,2026-07-23,16.0,6575.0,,,2.02,28.89
2026-07-07,7503.85,2026-07-23,16.0,6600.0,,,2.12,28.37
2026-07-07,7503.85,2026-07-23,16.0,6625.0,,,2.23,27.83
2026-07-07,7503.85,2026-07-23,16.0,6650.0,,,2.33,27.27
2026-07-07,7503.85,2026-07-23,16.0,6675.0,,,2.45,26.75
2026-07-07,7503.85,2026-07-23,16.0,6700.0,,,2.58,26.21
2026-07-07,7503.85,2026-07-23,16.0,6725.0,,,2.73,25.7
2026-07-07,7503.85,2026-07-23,16.0,6750.0,,,2.9,25.2
2026-07-07,7503.85,2026-07-23,16.0,6775.0,,,3.08,24.68
2026-07-07,7503.85,2026-07-23,16.0,6800.0,,,3.25,24.14
2026-07-07,7503.85,2026-07-23,16.0,6825.0,,,3.45,23.62
2026-07-07,7503.85,2026-07-23,16.0,6850.0,,,3.75,23.17
2026-07-07,7503.85,2026-07-23,16.0,6875.0,,,4.0,22.65
2026-07-07,7503.85,2026-07-23,16.0,6900.0,,,4.3,22.16
2026-07-07,7503.85,2026-07-23,16.0,6925.0,,,4.65,21.68
2026-07-07,7503.85,2026-07-23,16.0,6950.0,,,5.05,21.2
2026-07-07,7503.85,2026-07-23,16.0,6975.0,,,5.5,20.74
2026-07-07,7503.85,2026-07-23,16.0,7000.0,515.45,13.79,6.0,20.27
2026-07-07,7503.85,2026-07-23,16.0,7025.0,491.05,14.55,6.6,19.82
2026-07-07,7503.85,2026-07-23,16.0,7050.0,466.85,15.05,7.25,19.36
2026-07-07,7503.85,2026-07-23,16.0,7060.0,457.15,15.11,7.55,19.19
2026-07-07,7503.85,2026-07-23,16.0,7070.0,447.45,15.13,7.85,19.0
2026-07-07,7503.85,2026-07-23,16.0,7075.0,442.65,15.18,8.05,18.94
2026-07-07,7503.85,2026-07-23,16.0,7080.0,437.85,15.22,8.2,18.84
2026-07-07,7503.85,2026-07-23,16.0,7090.0,428.2,15.22,8.55,18.67
2026-07-07,7503.85,2026-07-23,16.0,7100.0,418.6,15.24,8.95,18.51
2026-07-07,7503.85,2026-07-23,16.0,7110.0,409.05,15.26,9.3,18.32
2026-07-07,7503.85,2026-07-23,16.0,7120.0,399.45,15.22,9.75,18.16
2026-07-07,7503.85,2026-07-23,16.0,7125.0,394.7,15.22,9.95,18.07
2026-07-07,7503.85,2026-07-23,16.0,7130.0,389.95,15.22,10.15,17.97
2026-07-07,7503.85,2026-07-23,16.0,7140.0,380.45,15.19,10.65,17.82
2026-07-07,7503.85,2026-07-23,16.0,7150.0,370.95,15.14,11.15,17.66
2026-07-07,7503.85,2026-07-23,16.0,7160.0,361.5,15.09,11.65,17.48
2026-07-07,7503.85,2026-07-23,16.0,7170.0,354.5,16.16,12.2,17.31
2026-07-07,7503.85,2026-07-23,16.0,7175.0,349.8,16.1,12.45,17.22
2026-07-07,7503.85,2026-07-23,16.0,7180.0,345.15,16.06,12.75,17.14
2026-07-07,7503.85,2026-07-23,16.0,7190.0,335.75,15.92,13.45,17.0
2026-07-07,7503.85,2026-07-23,16.0,7200.0,326.4,15.79,14.05,16.82
2026-07-07,7503.85,2026-07-23,16.0,7210.0,317.1,15.67,14.75,16.66
2026-07-07,7503.85,2026-07-23,16.0,7220.0,307.9,15.56,15.5,16.5
2026-07-07,7503.85,2026-07-23,16.0,7225.0,303.25,15.48,15.85,16.41
2026-07-07,7503.85,2026-07-23,16.0,7230.0,298.65,15.42,16.25,16.33
2026-07-07,7503.85,2026-07-23,16.0,7240.0,289.5,15.29,17.1,16.17
2026-07-07,7503.85,2026-07-23,16.0,7250.0,280.35,15.15,17.95,16.0
2026-07-07,7503.85,2026-07-23,16.0,7260.0,271.3,15.03,18.9,15.85
2026-07-07,7503.85,2026-07-23,16.0,7270.0,262.3,14.9,19.85,15.68
2026-07-07,7503.85,2026-07-23,16.0,7275.0,257.8,14.83,20.35,15.6
2026-07-07,7503.85,2026-07-23,16.0,7280.0,253.35,14.77,20.9,15.52
2026-07-07,7503.85,2026-07-23,16.0,7290.0,244.45,14.63,22.0,15.36
2026-07-07,7503.85,2026-07-23,16.0,7300.0,235.65,14.5,23.1,15.18
2026-07-07,7503.85,2026-07-23,16.0,7310.0,226.9,14.37,24.4,15.04
2026-07-07,7503.85,2026-07-23,16.0,7320.0,218.2,14.23,25.65,14.87
2026-07-07,7503.85,2026-07-23,16.0,7325.0,213.9,14.16,26.3,14.78
2026-07-07,7503.85,2026-07-23,16.0,7330.0,209.6,14.09,27.0,14.7
2026-07-07,7503.85,2026-07-23,16.0,7335.0,205.35,14.02,27.7,14.61
2026-07-07,7503.85,2026-07-23,16.0,7340.0,201.05,13.94,28.5,14.55
2026-07-07,7503.85,2026-07-23,16.0,7345.0,196.85,13.88,29.2,14.45
2026-07-07,7503.85,2026-07-23,16.0,7350.0,192.6,13.8,30.0,14.37
2026-07-07,7503.85,2026-07-23,16.0,7355.0,188.45,13.74,30.8,14.29
2026-07-07,7503.85,2026-07-23,16.0,7360.0,184.3,13.67,31.65,14.21
2026-07-07,7503.85,2026-07-23,16.0,7365.0,180.2,13.6,32.5,14.13
2026-07-07,7503.85,2026-07-23,16.0,7370.0,176.1,13.54,33.4,14.06
2026-07-07,7503.85,2026-07-23,16.0,7375.0,172.05,13.47,34.3,13.97
2026-07-07,7503.85,2026-07-23,16.0,7380.0,167.95,13.39,35.2,13.89
2026-07-07,7503.85,2026-07-23,16.0,7385.0,163.95,13.32,36.15,13.8
2026-07-07,7503.85,2026-07-23,16.0,7390.0,159.95,13.25,37.15,13.72
2026-07-07,7503.85,2026-07-23,16.0,7395.0,155.95,13.17,38.15,13.64
2026-07-07,7503.85,2026-07-23,16.0,7400.0,152.05,13.11,39.2,13.56
2026-07-07,7503.85,2026-07-23,16.0,7405.0,148.05,13.02,40.25,13.47
2026-07-07,7503.85,2026-07-23,16.0,7410.0,144.3,12.97,41.35,13.39
2026-07-07,7503.85,2026-07-23,16.0,7415.0,140.45,12.9,42.5,13.31
2026-07-07,7503.85,2026-07-23,16.0,7420.0,136.65,12.83,43.65,13.22
2026-07-07,7503.85,2026-07-23,16.0,7425.0,132.85,12.75,44.85,13.14
2026-07-07,7503.85,2026-07-23,16.0,7430.0,129.05,12.67,46.1,13.06
2026-07-07,7503.85,2026-07-23,16.0,7435.0,125.35,12.59,47.35,12.97
2026-07-07,7503.85,2026-07-23,16.0,7440.0,121.65,12.52,48.65,12.89
2026-07-07,7503.85,2026-07-23,16.0,7445.0,118.05,12.45,50.05,12.82
2026-07-07,7503.85,2026-07-23,16.0,7450.0,114.45,12.37,51.45,12.73
2026-07-07,7503.85,2026-07-23,16.0,7455.0,110.9,12.3,52.85,12.65
2026-07-07,7503.85,2026-07-23,16.0,7460.0,107.35,12.22,54.35,12.57
2026-07-07,7503.85,2026-07-23,16.0,7465.0,103.9,12.15,55.85,12.48
2026-07-07,7503.85,2026-07-23,16.0,7470.0,100.45,12.07,57.45,12.41
2026-07-07,7503.85,2026-07-23,16.0,7475.0,97.1,12.0,59.05,12.32
2026-07-07,7503.85,2026-07-23,16.0,7480.0,93.75,11.92,60.65,12.23
2026-07-07,7503.85,2026-07-23,16.0,7485.0,90.45,11.84,62.4,12.16
2026-07-07,7503.85,2026-07-23,16.0,7490.0,87.25,11.77,64.15,12.08
2026-07-07,7503.85,2026-07-23,16.0,7495.0,84.05,11.7,65.95,11.99
2026-07-07,7503.85,2026-07-23,16.0,7500.0,80.9,11.62,67.8,11.91
2026-07-07,7503.85,2026-07-23,16.0,7505.0,77.85,11.55,69.75,11.84
2026-07-07,7503.85,2026-07-23,16.0,7510.0,74.8,11.47,71.7,11.75
2026-07-07,7503.85,2026-07-23,16.0,7515.0,71.85,11.4,73.75,11.68
2026-07-07,7503.85,2026-07-23,16.0,7520.0,68.95,11.33,75.8,11.59
2026-07-07,7503.85,2026-07-23,16.0,7525.0,66.1,11.26,77.95,11.51
2026-07-07,7503.85,2026-07-23,16.0,7530.0,63.3,11.18,80.15,11.44
2026-07-07,7503.85,2026-07-23,16.0,7535.0,60.55,11.11,82.4,11.35
2026-07-07,7503.85,2026-07-23,16.0,7540.0,57.95,11.05,84.75,11.28
2026-07-07,7503.85,2026-07-23,16.0,7545.0,55.35,10.98,87.15,11.2
2026-07-07,7503.85,2026-07-23,16.0,7550.0,52.75,10.9,89.6,11.12
2026-07-07,7503.85,2026-07-23,16.0,7555.0,50.3,10.84,92.1,11.04
2026-07-07,7503.85,2026-07-23,16.0,7560.0,47.9,10.77,94.7,10.97
2026-07-07,7503.85,2026-07-23,16.0,7565.0,45.55,10.7,97.35,10.89
2026-07-07,7503.85,2026-07-23,16.0,7570.0,43.25,10.63,100.05,10.81
2026-07-07,7503.85,2026-07-23,16.0,7575.0,41.05,10.56,102.85,10.73
2026-07-07,7503.85,2026-07-23,16.0,7580.0,38.95,10.5,105.7,10.66
2026-07-07,7503.85,2026-07-23,16.0,7585.0,36.85,10.43,108.65,10.58
2026-07-07,7503.85,2026-07-23,16.0,7590.0,34.85,10.37,111.65,10.5
2026-07-07,7503.85,2026-07-23,16.0,7595.0,32.95,10.31,114.7,10.42
2026-07-07,7503.85,2026-07-23,16.0,7600.0,31.1,10.25,117.65,10.31
2026-07-07,7503.85,2026-07-23,16.0,7605.0,29.3,10.19,120.9,10.24
2026-07-07,7503.85,2026-07-23,16.0,7610.0,27.6,10.14,124.1,10.14
2026-07-07,7503.85,2026-07-23,16.0,7620.0,24.35,10.02,130.9,9.98
2026-07-07,7503.85,2026-07-23,16.0,7625.0,22.8,9.95,134.35,9.89
2026-07-07,7503.85,2026-07-23,16.0,7630.0,21.4,9.91,137.85,9.79
2026-07-07,7503.85,2026-07-23,16.0,7640.0,18.7,9.8,145.2,9.62
2026-07-07,7503.85,2026-07-23,16.0,7650.0,16.2,9.68,152.75,9.4
2026-07-07,7503.85,2026-07-23,16.0,7660.0,14.0,9.59,160.5,9.13
2026-07-07,7503.85,2026-07-23,16.0,7670.0,12.05,9.5,168.45,8.77
2026-07-07,7503.85,2026-07-23,16.0,7675.0,11.15,9.45,172.55,8.53
2026-07-07,7503.85,2026-07-23,16.0,7680.0,10.3,9.41,176.7,8.19
2026-07-07,7503.85,2026-07-23,16.0,7690.0,8.75,9.32,,
2026-07-07,7503.85,2026-07-23,16.0,7700.0,7.45,9.25,,
2026-07-07,7503.85,2026-07-23,16.0,7710.0,6.25,9.17,,
2026-07-07,7503.85,2026-07-23,16.0,7720.0,5.25,9.11,,
2026-07-07,7503.85,2026-07-23,16.0,7725.0,4.85,9.1,,
2026-07-07,7503.85,2026-07-23,16.0,7750.0,3.03,8.94,,
2026-07-07,7503.85,2026-07-23,16.0,7775.0,1.95,8.91,,
2026-07-07,7503.85,2026-07-23,16.0,7800.0,1.27,8.94,,
2026-07-07,7503.85,2026-07-23,16.0,7825.0,0.88,9.06,,
2026-07-07,7503.85,2026-07-23,16.0,7850.0,0.62,9.23,,
2026-07-07,7503.85,2026-07-23,16.0,7875.0,0.47,9.47,,
2026-07-07,7503.85,2026-07-23,16.0,7900.0,0.38,9.74,,
2026-07-07,7503.85,2026-07-23,16.0,7925.0,0.33,10.12,,
2026-07-07,7503.85,2026-07-23,16.0,7950.0,0.28,10.45,,
2026-07-07,7503.85,2026-07-23,16.0,7975.0,0.25,10.85,,
2026-07-07,7503.85,2026-07-23,16.0,8000.0,0.22,11.24,,
2026-07-07,7503.85,2026-07-23,16.0,8025.0,0.22,11.74,,
2026-07-07,7503.85,2026-07-23,16.0,8050.0,0.22,12.23,,
2026-07-07,7503.85,2026-07-23,16.0,8100.0,0.17,12.89,,
2026-07-07,7503.85,2026-07-23,16.0,8200.0,0.15,14.56,,
2026-07-07,7503.85,2026-07-23,16.0,8300.0,0.12,16.11,,
2026-07-07,7503.85,2026-07-23,16.0,8400.0,0.12,17.86,,
2026-07-07,7503.85,2026-07-23,16.0,8600.0,0.1,20.87,,
2026-07-07,7503.85,2026-07-24,17.0,5700.0,,,0.73,47.55
2026-07-07,7503.85,2026-07-24,17.0,5800.0,,,0.8,45.28
2026-07-07,7503.85,2026-07-24,17.0,5900.0,,,0.9,43.1
2026-07-07,7503.85,2026-07-24,17.0,5950.0,,,0.95,41.98
2026-07-07,7503.85,2026-07-24,17.0,6000.0,,,1.0,40.85
2026-07-07,7503.85,2026-07-24,17.0,6050.0,,,1.07,39.81
2026-07-07,7503.85,2026-07-24,17.0,6100.0,,,1.12,38.65
2026-07-07,7503.85,2026-07-24,17.0,6150.0,,,1.2,37.57
2026-07-07,7503.85,2026-07-24,17.0,6175.0,,,1.25,37.07
2026-07-07,7503.85,2026-07-24,17.0,6200.0,,,1.3,36.56
2026-07-07,7503.85,2026-07-24,17.0,6225.0,,,1.32,35.95
2026-07-07,7503.85,2026-07-24,17.0,6250.0,,,1.38,35.43
2026-07-07,7503.85,2026-07-24,17.0,6275.0,,,1.43,34.9
2026-07-07,7503.85,2026-07-24,17.0,6300.0,,,1.48,34.36
2026-07-07,7503.85,2026-07-24,17.0,6325.0,,,1.52,33.81
2026-07-07,7503.85,2026-07-24,17.0,6350.0,,,1.6,33.33
2026-07-07,7503.85,2026-07-24,17.0,6375.0,,,1.65,32.77
2026-07-07,7503.85,2026-07-24,17.0,6400.0,,,1.73,32.26
2026-07-07,7503.85,2026-07-24,17.0,6425.0,,,1.8,31.74
2026-07-07,7503.85,2026-07-24,17.0,6450.0,,,1.85,31.16
2026-07-07,7503.85,2026-07-24,17.0,6475.0,,,1.95,30.68
2026-07-07,7503.85,2026-07-24,17.0,6500.0,,,2.02,30.14
2026-07-07,7503.85,2026-07-24,17.0,6525.0,,,2.1,29.59
2026-07-07,7503.85,2026-07-24,17.0,6550.0,,,2.2,29.07
2026-07-07,7503.85,2026-07-24,17.0,6575.0,,,2.33,28.59
2026-07-07,7503.85,2026-07-24,17.0,6600.0,,,2.42,28.05
2026-07-07,7503.85,2026-07-24,17.0,6625.0,,,2.55,27.54
2026-07-07,7503.85,2026-07-24,17.0,6650.0,,,2.67,27.02
2026-07-07,7503.85,2026-07-24,17.0,6675.0,,,2.8,26.49
2026-07-07,7503.85,2026-07-24,17.0,6700.0,,,2.98,26.01
2026-07-07,7503.85,2026-07-24,17.0,6725.0,,,3.15,25.51
2026-07-07,7503.85,2026-07-24,17.0,6730.0,,,3.15,25.36
2026-07-07,7503.85,2026-07-24,17.0,6740.0,,,3.25,25.19
2026-07-07,7503.85,2026-07-24,17.0,6750.0,,,3.35,25.02
2026-07-07,7503.85,2026-07-24,17.0,6760.0,,,3.4,24.78
2026-07-07,7503.85,2026-07-24,17.0,6770.0,,,3.5,24.61
2026-07-07,7503.85,2026-07-24,17.0,6775.0,,,3.55,24.51
2026-07-07,7503.85,2026-07-24,17.0,6780.0,,,3.55,24.37
2026-07-07,7503.85,2026-07-24,17.0,6790.0,,,3.65,24.18
2026-07-07,7503.85,2026-07-24,17.0,6800.0,,,3.75,23.99
2026-07-07,7503.85,2026-07-24,17.0,6810.0,,,3.85,23.8
2026-07-07,7503.85,2026-07-24,17.0,6820.0,695.7,17.01,3.95,23.6
2026-07-07,7503.85,2026-07-24,17.0,6825.0,,,4.0,23.5
2026-07-07,7503.85,2026-07-24,17.0,6830.0,,,4.05,23.4
2026-07-07,7503.85,2026-07-24,17.0,6840.0,675.45,13.81,4.15,23.19
2026-07-07,7503.85,2026-07-24,17.0,6850.0,665.55,14.88,4.25,22.99
2026-07-07,7503.85,2026-07-24,17.0,6860.0,655.7,15.71,4.4,22.82
2026-07-07,7503.85,2026-07-24,17.0,6870.0,646.2,17.4,4.55,22.65
2026-07-07,7503.85,2026-07-24,17.0,6875.0,641.45,17.89,4.55,22.5
2026-07-07,7503.85,2026-07-24,17.0,6880.0,636.0,16.46,4.65,22.43
2026-07-07,7503.85,2026-07-24,17.0,6890.0,626.7,17.99,4.8,22.25
2026-07-07,7503.85,2026-07-24,17.0,6900.0,616.35,16.91,4.95,22.06
2026-07-07,7503.85,2026-07-24,17.0,6910.0,606.95,17.86,5.1,21.87
2026-07-07,7503.85,2026-07-24,17.0,6920.0,596.7,17.1,5.25,21.68
2026-07-07,7503.85,2026-07-24,17.0,6925.0,591.75,17.06,5.35,21.6
2026-07-07,7503.85,2026-07-24,17.0,6930.0,586.9,17.19,5.45,21.52
2026-07-07,7503.85,2026-07-24,17.0,6940.0,577.05,17.15,5.6,21.31
2026-07-07,7503.85,2026-07-24,17.0,6950.0,567.3,17.24,5.8,21.14
2026-07-07,7503.85,2026-07-24,17.0,6960.0,557.55,17.3,6.0,20.96
2026-07-07,7503.85,2026-07-24,17.0,6970.0,547.75,17.26,6.2,20.77
2026-07-07,7503.85,2026-07-24,17.0,6975.0,542.85,17.23,6.3,20.68
2026-07-07,7503.85,2026-07-24,17.0,6980.0,538.15,17.43,6.4,20.58
2026-07-07,7503.85,2026-07-24,17.0,6990.0,528.25,17.23,6.65,20.42
2026-07-07,7503.85,2026-07-24,17.0,7000.0,518.9,17.58,6.9,20.24
2026-07-07,7503.85,2026-07-24,17.0,7010.0,509.05,17.4,7.1,20.04
2026-07-07,7503.85,2026-07-24,17.0,7020.0,499.05,17.09,7.45,19.91
2026-07-07,7503.85,2026-07-24,17.0,7025.0,495.05,17.75,7.55,19.8
2026-07-07,7503.85,2026-07-24,17.0,7030.0,489.4,17.08,7.7,19.72
2026-07-07,7503.85,2026-07-24,17.0,7040.0,480.1,17.31,8.0,19.54
2026-07-07,7503.85,2026-07-24,17.0,7050.0,470.3,17.14,8.3,19.36
2026-07-07,7503.85,2026-07-24,17.0,7060.0,461.35,17.52,8.65,19.2
2026-07-07,7503.85,2026-07-24,17.0,7070.0,450.8,16.83,9.05,19.06
2026-07-07,7503.85,2026-07-24,17.0,7075.0,446.15,16.9,9.15,18.93
2026-07-07,7503.85,2026-07-24,17.0,7080.0,441.6,17.01,9.35,18.85
2026-07-07,7503.85,2026-07-24,17.0,7090.0,431.65,16.71,9.75,18.69
2026-07-07,7503.85,2026-07-24,17.0,7100.0,422.4,16.8,10.15,18.52
2026-07-07,7503.85,2026-07-24,17.0,7110.0,413.4,16.98,10.65,18.38
2026-07-07,7503.85,2026-07-24,17.0,7120.0,403.5,16.69,11.05,18.19
2026-07-07,7503.85,2026-07-24,17.0,7125.0,399.4,16.94,11.35,18.13
2026-07-07,7503.85,2026-07-24,17.0,7130.0,394.25,16.7,11.55,18.03
2026-07-07,7503.85,2026-07-24,17.0,7140.0,384.05,16.25,12.05,17.87
2026-07-07,7503.85,2026-07-24,17.0,7150.0,376.9,17.11,12.6,17.71
2026-07-07,7503.85,2026-07-24,17.0,7160.0,367.65,17.04,13.15,17.54
2026-07-07,7503.85,2026-07-24,17.0,7170.0,358.3,16.91,13.8,17.39
2026-07-07,7503.85,2026-07-24,17.0,7175.0,353.6,16.83,14.1,17.31
2026-07-07,7503.85,2026-07-24,17.0,7180.0,349.0,16.78,14.45,17.24
2026-07-07,7503.85,2026-07-24,17.0,7185.0,344.3,16.69,14.75,17.15
2026-07-07,7503.85,2026-07-24,17.0,7190.0,339.65,16.62,15.15,17.09
2026-07-07,7503.85,2026-07-24,17.0,7195.0,335.0,16.55,15.45,16.99
2026-07-07,7503.85,2026-07-24,17.0,7200.0,330.4,16.49,15.8,16.91
2026-07-07,7503.85,2026-07-24,17.0,7205.0,325.75,16.41,16.2,16.84
2026-07-07,7503.85,2026-07-24,17.0,7210.0,321.15,16.34,16.55,16.75
2026-07-07,7503.85,2026-07-24,17.0,7215.0,316.55,16.27,16.95,16.67
2026-07-07,7503.85,2026-07-24,17.0,7220.0,311.95,16.19,17.35,16.59
2026-07-07,7503.85,2026-07-24,17.0,7225.0,307.35,16.12,17.75,16.51
2026-07-07,7503.85,2026-07-24,17.0,7230.0,302.8,16.05,18.2,16.44
2026-07-07,7503.85,2026-07-24,17.0,7235.0,298.25,15.98,18.65,16.36
2026-07-07,7503.85,2026-07-24,17.0,7240.0,293.7,15.91,19.05,16.27
2026-07-07,7503.85,2026-07-24,17.0,7245.0,289.2,15.84,19.55,16.2
2026-07-07,7503.85,2026-07-24,17.0,7250.0,284.65,15.76,20.0,16.11
2026-07-07,7503.85,2026-07-24,17.0,7255.0,280.15,15.69,20.5,16.04
2026-07-07,7503.85,2026-07-24,17.0,7260.0,275.65,15.62,20.95,15.95
2026-07-07,7503.85,2026-07-24,17.0,7265.0,271.15,15.54,21.5,15.88
2026-07-07,7503.85,2026-07-24,17.0,7270.0,266.7,15.47,22.0,15.79
2026-07-07,7503.85,2026-07-24,17.0,7275.0,262.25,15.4,22.5,15.7
2026-07-07,7503.85,2026-07-24,17.0,7280.0,257.85,15.33,23.1,15.63
2026-07-07,7503.85,2026-07-24,17.0,7285.0,253.4,15.25,23.7,15.56
2026-07-07,7503.85,2026-07-24,17.0,7290.0,249.0,15.18,24.25,15.47
2026-07-07,7503.85,2026-07-24,17.0,7295.0,244.6,15.11,24.9,15.41
2026-07-07,7503.85,2026-07-24,17.0,7300.0,240.2,15.03,25.5,15.32
2026-07-07,7503.85,2026-07-24,17.0,7305.0,235.9,14.97,26.1,15.24
2026-07-07,7503.85,2026-07-24,17.0,7310.0,231.55,14.89,26.8,15.17
2026-07-07,7503.85,2026-07-24,17.0,7315.0,227.25,14.82,27.4,15.07
2026-07-07,7503.85,2026-07-24,17.0,7320.0,222.95,14.75,28.1,14.99
2026-07-07,7503.85,2026-07-24,17.0,7325.0,218.65,14.67,28.8,14.91
2026-07-07,7503.85,2026-07-24,17.0,7330.0,214.35,14.59,29.6,14.85
2026-07-07,7503.85,2026-07-24,17.0,7335.0,210.1,14.51,30.3,14.76
2026-07-07,7503.85,2026-07-24,17.0,7340.0,205.9,14.44,31.1,14.69
2026-07-07,7503.85,2026-07-24,17.0,7345.0,201.7,14.37,31.85,14.6
2026-07-07,7503.85,2026-07-24,17.0,7350.0,197.5,14.29,32.65,14.51
2026-07-07,7503.85,2026-07-24,17.0,7355.0,193.45,14.23,33.5,14.44
2026-07-07,7503.85,2026-07-24,17.0,7360.0,189.25,14.15,34.35,14.36
2026-07-07,7503.85,2026-07-24,17.0,7365.0,185.15,14.07,35.25,14.28
2026-07-07,7503.85,2026-07-24,17.0,7370.0,181.05,13.99,36.1,14.19
2026-07-07,7503.85,2026-07-24,17.0,7375.0,177.05,13.93,37.05,14.11
2026-07-07,7503.85,2026-07-24,17.0,7380.0,173.05,13.86,38.0,14.03
2026-07-07,7503.85,2026-07-24,17.0,7385.0,168.95,13.77,39.0,13.95
2026-07-07,7503.85,2026-07-24,17.0,7390.0,165.05,13.71,40.0,13.87
2026-07-07,7503.85,2026-07-24,17.0,7395.0,161.05,13.62,41.05,13.79
2026-07-07,7503.85,2026-07-24,17.0,7400.0,157.25,13.57,42.05,13.7
2026-07-07,7503.85,2026-07-24,17.0,7405.0,153.45,13.51,43.2,13.63
2026-07-07,7503.85,2026-07-24,17.0,7410.0,149.55,13.43,44.35,13.55
2026-07-07,7503.85,2026-07-24,17.0,7415.0,145.75,13.36,45.45,13.46
2026-07-07,7503.85,2026-07-24,17.0,7420.0,141.9,13.27,46.65,13.38
2026-07-07,7503.85,2026-07-24,17.0,7425.0,138.15,13.2,47.85,13.3
2026-07-07,7503.85,2026-07-24,17.0,7430.0,134.4,13.12,49.15,13.22
2026-07-07,7503.85,2026-07-24,17.0,7435.0,130.7,13.04,50.45,13.14
2026-07-07,7503.85,2026-07-24,17.0,7440.0,127.05,12.96,51.75,13.06
2026-07-07,7503.85,2026-07-24,17.0,7445.0,123.4,12.88,53.15,12.98
2026-07-07,7503.85,2026-07-24,17.0,7450.0,119.8,12.8,54.5,12.89
2026-07-07,7503.85,2026-07-24,17.0,7455.0,116.25,12.73,55.95,12.81
2026-07-07,7503.85,2026-07-24,17.0,7460.0,112.75,12.65,57.45,12.73
2026-07-07,7503.85,2026-07-24,17.0,7465.0,109.3,12.58,58.95,12.65
2026-07-07,7503.85,2026-07-24,17.0,7470.0,105.85,12.5,60.5,12.56
2026-07-07,7503.85,2026-07-24,17.0,7475.0,102.45,12.42,62.1,12.48
2026-07-07,7503.85,2026-07-24,17.0,7480.0,99.15,12.35,63.75,12.4
2026-07-07,7503.85,2026-07-24,17.0,7485.0,95.85,12.27,65.45,12.32
2026-07-07,7503.85,2026-07-24,17.0,7490.0,92.6,12.19,67.2,12.24
2026-07-07,7503.85,2026-07-24,17.0,7495.0,89.4,12.12,69.0,12.16
2026-07-07,7503.85,2026-07-24,17.0,7500.0,86.2,12.03,70.8,12.07
2026-07-07,7503.85,2026-07-24,17.0,7505.0,83.15,11.97,72.7,11.99
2026-07-07,7503.85,2026-07-24,17.0,7510.0,80.05,11.88,74.65,11.91
2026-07-07,7503.85,2026-07-24,17.0,7515.0,77.1,11.82,76.65,11.83
2026-07-07,7503.85,2026-07-24,17.0,7520.0,74.15,11.74,78.7,11.75
2026-07-07,7503.85,2026-07-24,17.0,7525.0,71.2,11.66,80.75,11.66
2026-07-07,7503.85,2026-07-24,17.0,7530.0,68.45,11.6,83.0,11.59
2026-07-07,7503.85,2026-07-24,17.0,7535.0,65.7,11.53,85.2,11.5
2026-07-07,7503.85,2026-07-24,17.0,7540.0,62.95,11.45,87.5,11.43
2026-07-07,7503.85,2026-07-24,17.0,7545.0,60.3,11.38,89.8,11.34
2026-07-07,7503.85,2026-07-24,17.0,7550.0,57.7,11.3,92.15,11.25
2026-07-07,7503.85,2026-07-24,17.0,7555.0,55.15,11.23,94.7,11.18
2026-07-07,7503.85,2026-07-24,17.0,7560.0,52.75,11.17,97.2,11.1
2026-07-07,7503.85,2026-07-24,17.0,7565.0,50.35,11.1,99.8,11.02
2026-07-07,7503.85,2026-07-24,17.0,7570.0,47.95,11.03,102.45,10.94
2026-07-07,7503.85,2026-07-24,17.0,7575.0,45.65,10.96,105.15,10.86
2026-07-07,7503.85,2026-07-24,17.0,7580.0,43.45,10.89,107.95,10.78
2026-07-07,7503.85,2026-07-24,17.0,7585.0,41.35,10.83,110.75,10.69
2026-07-07,7503.85,2026-07-24,17.0,7590.0,39.2,10.76,113.65,10.6
2026-07-07,7503.85,2026-07-24,17.0,7595.0,37.25,10.7,116.65,10.52
2026-07-07,7503.85,2026-07-24,17.0,7600.0,35.25,10.63,119.7,10.44
2026-07-07,7503.85,2026-07-24,17.0,7605.0,33.45,10.58,122.8,10.35
2026-07-07,7503.85,2026-07-24,17.0,7610.0,31.55,10.51,125.75,10.22
2026-07-07,7503.85,2026-07-24,17.0,7615.0,29.8,10.45,128.95,10.13
2026-07-07,7503.85,2026-07-24,17.0,7620.0,28.15,10.39,132.3,10.04
2026-07-07,7503.85,2026-07-24,17.0,7625.0,26.5,10.33,135.65,9.94
2026-07-07,7503.85,2026-07-24,17.0,7630.0,25.0,10.28,139.05,9.83
2026-07-07,7503.85,2026-07-24,17.0,7635.0,23.5,10.23,142.6,9.74
2026-07-07,7503.85,2026-07-24,17.0,7640.0,22.1,10.18,146.15,9.63
2026-07-07,7503.85,2026-07-24,17.0,7645.0,20.7,10.11,149.7,9.5
2026-07-07,7503.85,2026-07-24,17.0,7650.0,19.4,10.06,153.4,9.38
2026-07-07,7503.85,2026-07-24,17.0,7655.0,18.2,10.02,157.15,9.24
2026-07-07,7503.85,2026-07-24,17.0,7660.0,16.95,9.95,160.95,9.09
2026-07-07,7503.85,2026-07-24,17.0,7665.0,15.9,9.92,164.8,8.91
2026-07-07,7503.85,2026-07-24,17.0,7670.0,14.8,9.87,168.85,8.75
2026-07-07,7503.85,2026-07-24,17.0,7675.0,13.75,9.81,172.8,8.49
2026-07-07,7503.85,2026-07-24,17.0,7680.0,12.8,9.77,176.75,8.08
2026-07-07,7503.85,2026-07-24,17.0,7685.0,11.9,9.72,,
2026-07-07,7503.85,2026-07-24,17.0,7690.0,11.05,9.68,,
2026-07-07,7503.85,2026-07-24,17.0,7700.0,9.45,9.58,,
2026-07-07,7503.85,2026-07-24,17.0,7710.0,8.15,9.53,,
2026-07-07,7503.85,2026-07-24,17.0,7720.0,6.95,9.46,,
2026-07-07,7503.85,2026-07-24,17.0,7725.0,6.35,9.41,,
2026-07-07,7503.85,2026-07-24,17.0,7730.0,5.85,9.38,,
2026-07-07,7503.85,2026-07-24,17.0,7740.0,4.95,9.32,,
2026-07-07,7503.85,2026-07-24,17.0,7750.0,4.15,9.25,,
2026-07-07,7503.85,2026-07-24,17.0,7760.0,3.55,9.24,,
2026-07-07,7503.85,2026-07-24,17.0,7770.0,2.95,9.18,,
2026-07-07,7503.85,2026-07-24,17.0,7775.0,2.7,9.16,,
2026-07-07,7503.85,2026-07-24,17.0,7780.0,2.48,9.15,,
2026-07-07,7503.85,2026-07-24,17.0,7790.0,2.08,9.13,,
2026-07-07,7503.85,2026-07-24,17.0,7800.0,1.77,9.14,,
2026-07-07,7503.85,2026-07-24,17.0,7810.0,1.5,9.14,,
2026-07-07,7503.85,2026-07-24,17.0,7820.0,1.3,9.18,,
2026-07-07,7503.85,2026-07-24,17.0,7825.0,1.2,9.19,,
2026-07-07,7503.85,2026-07-24,17.0,7830.0,1.1,9.19,,
2026-07-07,7503.85,2026-07-24,17.0,7840.0,0.95,9.23,,
2026-07-07,7503.85,2026-07-24,17.0,7850.0,0.82,9.28,,
2026-07-07,7503.85,2026-07-24,17.0,7860.0,0.73,9.34,,
2026-07-07,7503.85,2026-07-24,17.0,7870.0,0.62,9.38,,
2026-07-07,7503.85,2026-07-24,17.0,7875.0,0.6,9.45,,
2026-07-07,7503.85,2026-07-24,17.0,7880.0,0.57,9.51,,
2026-07-07,7503.85,2026-07-24,17.0,7890.0,0.5,9.56,,
2026-07-07,7503.85,2026-07-24,17.0,7900.0,0.45,9.65,,
2026-07-07,7503.85,2026-07-24,17.0,7910.0,0.42,9.79,,
2026-07-07,7503.85,2026-07-24,17.0,7925.0,0.38,9.96,,
2026-07-07,7503.85,2026-07-24,17.0,7950.0,0.33,10.31,,
2026-07-07,7503.85,2026-07-24,17.0,7975.0,0.28,10.62,,
2026-07-07,7503.85,2026-07-24,17.0,8000.0,0.25,11.01,,
2026-07-07,7503.85,2026-07-24,17.0,8025.0,0.22,11.37,,
2026-07-07,7503.85,2026-07-24,17.0,8050.0,0.2,11.71,,
2026-07-07,7503.85,2026-07-24,17.0,8075.0,0.2,12.18,,
2026-07-07,7503.85,2026-07-24,17.0,8100.0,0.17,12.49,,
2026-07-07,7503.85,2026-07-24,17.0,8125.0,0.17,12.95,,
2026-07-07,7503.85,2026-07-24,17.0,8150.0,0.17,13.41,,
2026-07-07,7503.85,2026-07-24,17.0,8175.0,0.15,13.66,,
2026-07-07,7503.85,2026-07-24,17.0,8200.0,0.15,14.11,,
2026-07-07,7503.85,2026-07-24,17.0,8250.0,0.15,15.0,,
2026-07-07,7503.85,2026-07-24,17.0,8300.0,0.12,15.61,,
2026-07-07,7503.85,2026-07-24,17.0,8350.0,0.1,16.15,,
2026-07-07,7503.85,2026-07-24,17.0,8400.0,0.1,16.99,,
2026-07-07,7503.85,2026-07-24,17.0,8500.0,0.1,18.63,,
2026-07-07,7503.85,2026-07-24,17.0,8600.0,0.07,19.77,,
2026-07-07,7503.85,2026-07-27,20.0,6000.0,,,1.2,38.49
2026-07-07,7503.85,2026-07-27,20.0,6100.0,,,1.35,36.44
2026-07-07,7503.85,2026-07-27,20.0,6200.0,,,1.55,34.47
2026-07-07,7503.85,2026-07-27,20.0,6300.0,,,1.8,32.52
2026-07-07,7503.85,2026-07-27,20.0,6325.0,,,1.88,32.05
2026-07-07,7503.85,2026-07-27,20.0,6350.0,,,1.95,31.56
2026-07-07,7503.85,2026-07-27,20.0,6375.0,,,2.02,31.07
2026-07-07,7503.85,2026-07-27,20.0,6400.0,,,2.1,30.57
2026-07-07,7503.85,2026-07-27,20.0,6425.0,,,2.17,30.06
2026-07-07,7503.85,2026-07-27,20.0,6450.0,,,2.27,29.59
2026-07-07,7503.85,2026-07-27,20.0,6475.0,,,2.38,29.11
2026-07-07,7503.85,2026-07-27,20.0,6500.0,,,2.45,28.57
2026-07-07,7503.85,2026-07-27,20.0,6525.0,,,2.58,28.11
2026-07-07,7503.85,2026-07-27,20.0,6550.0,,,2.7,27.64
2026-07-07,7503.85,2026-07-27,20.0,6575.0,,,2.83,27.16
2026-07-07,7503.85,2026-07-27,20.0,6600.0,,,2.98,26.7
2026-07-07,7503.85,2026-07-27,20.0,6625.0,,,3.15,26.25
2026-07-07,7503.85,2026-07-27,20.0,6650.0,,,3.25,25.7
2026-07-07,7503.85,2026-07-27,20.0,6675.0,,,3.45,25.26
2026-07-07,7503.85,2026-07-27,20.0,6700.0,,,3.65,24.8
2026-07-07,7503.85,2026-07-27,20.0,6725.0,,,3.85,24.33
2026-07-07,7503.85,2026-07-27,20.0,6750.0,,,4.05,23.84
2026-07-07,7503.85,2026-07-27,20.0,6775.0,,,4.3,23.38
2026-07-07,7503.85,2026-07-27,20.0,6800.0,,,4.6,22.95
2026-07-07,7503.85,2026-07-27,20.0,6825.0,,,4.85,22.45
2026-07-07,7503.85,2026-07-27,20.0,6850.0,,,5.15,21.97
2026-07-07,7503.85,2026-07-27,20.0,6875.0,642.65,13.36,5.55,21.55
2026-07-07,7503.85,2026-07-27,20.0,6900.0,618.15,14.97,5.95,21.1
2026-07-07,7503.85,2026-07-27,20.0,6925.0,593.65,15.47,6.45,20.69
2026-07-07,7503.85,2026-07-27,20.0,6950.0,569.25,15.78,6.95,20.25
2026-07-07,7503.85,2026-07-27,20.0,6975.0,544.95,15.96,7.55,19.84
2026-07-07,7503.85,2026-07-27,20.0,7000.0,520.65,15.96,8.25,19.44
2026-07-07,7503.85,2026-07-27,20.0,7025.0,496.5,15.96,9.05,19.05
2026-07-07,7503.85,2026-07-27,20.0,7050.0,472.45,15.89,9.85,18.62
2026-07-07,7503.85,2026-07-27,20.0,7075.0,448.45,15.75,10.85,18.23
2026-07-07,7503.85,2026-07-27,20.0,7100.0,424.65,15.62,11.95,17.84
2026-07-07,7503.85,2026-07-27,20.0,7125.0,401.05,15.48,13.25,17.47
2026-07-07,7503.85,2026-07-27,20.0,7140.0,389.4,16.32,14.05,17.22
2026-07-07,7503.85,2026-07-27,20.0,7150.0,380.0,16.2,14.65,17.07
2026-07-07,7503.85,2026-07-27,20.0,7160.0,370.65,16.08,15.3,16.93
2026-07-07,7503.85,2026-07-27,20.0,7170.0,361.35,15.96,15.95,16.77
2026-07-07,7503.85,2026-07-27,20.0,7175.0,356.75,15.92,16.3,16.7
2026-07-07,7503.85,2026-07-27,20.0,7180.0,352.05,15.84,16.65,16.62
2026-07-07,7503.85,2026-07-27,20.0,7190.0,342.8,15.71,17.4,16.48
2026-07-07,7503.85,2026-07-27,20.0,7200.0,333.6,15.59,18.15,16.32
2026-07-07,7503.85,2026-07-27,20.0,7210.0,324.4,15.46,19.0,16.18
2026-07-07,7503.85,2026-07-27,20.0,7220.0,315.3,15.34,19.8,16.02
2026-07-07,7503.85,2026-07-27,20.0,7225.0,310.75,15.28,20.3,15.96
2026-07-07,7503.85,2026-07-27,20.0,7230.0,306.25,15.23,20.7,15.87
2026-07-07,7503.85,2026-07-27,20.0,7240.0,297.2,15.1,21.7,15.74
2026-07-07,7503.85,2026-07-27,20.0,7250.0,288.2,14.96,22.7,15.59
2026-07-07,7503.85,2026-07-27,20.0,7260.0,279.3,14.84,23.7,15.43
2026-07-07,7503.85,2026-07-27,20.0,7270.0,270.4,14.71,24.8,15.28
2026-07-07,7503.85,2026-07-27,20.0,7275.0,266.0,14.65,25.4,15.21
2026-07-07,7503.85,2026-07-27,20.0,7280.0,261.6,14.59,26.0,15.14
2026-07-07,7503.85,2026-07-27,20.0,7290.0,252.65,14.41,27.2,14.98
2026-07-07,7503.85,2026-07-27,20.0,7300.0,244.15,14.33,28.5,14.84
2026-07-07,7503.85,2026-07-27,20.0,7310.0,235.5,14.19,29.85,14.69
2026-07-07,7503.85,2026-07-27,20.0,7320.0,226.95,14.06,31.3,14.54
2026-07-07,7503.85,2026-07-27,20.0,7325.0,222.75,14.0,32.0,14.46
2026-07-07,7503.85,2026-07-27,20.0,7330.0,218.5,13.93,32.8,14.39
2026-07-07,7503.85,2026-07-27,20.0,7340.0,210.1,13.8,34.35,14.24
2026-07-07,7503.85,2026-07-27,20.0,7350.0,201.8,13.67,36.0,14.09
2026-07-07,7503.85,2026-07-27,20.0,7360.0,193.6,13.54,37.8,13.94
2026-07-07,7503.85,2026-07-27,20.0,7370.0,185.45,13.4,39.65,13.79
2026-07-07,7503.85,2026-07-27,20.0,7375.0,181.45,13.33,40.6,13.72
2026-07-07,7503.85,2026-07-27,20.0,7380.0,177.45,13.27,41.55,13.64
2026-07-07,7503.85,2026-07-27,20.0,7390.0,169.5,13.13,43.65,13.5
2026-07-07,7503.85,2026-07-27,20.0,7395.0,165.55,13.05,44.7,13.42
2026-07-07,7503.85,2026-07-27,20.0,7400.0,161.85,13.02,45.75,13.34
2026-07-07,7503.85,2026-07-27,20.0,7405.0,157.95,12.94,46.95,13.27
2026-07-07,7503.85,2026-07-27,20.0,7410.0,154.1,12.87,48.05,13.19
2026-07-07,7503.85,2026-07-27,20.0,7415.0,150.3,12.8,49.25,13.12
2026-07-07,7503.85,2026-07-27,20.0,7420.0,146.55,12.74,50.45,13.04
2026-07-07,7503.85,2026-07-27,20.0,7425.0,142.8,12.67,51.7,12.96
2026-07-07,7503.85,2026-07-27,20.0,7430.0,139.1,12.6,52.95,12.88
2026-07-07,7503.85,2026-07-27,20.0,7435.0,135.4,12.53,54.25,12.81
2026-07-07,7503.85,2026-07-27,20.0,7440.0,131.75,12.46,55.6,12.73
2026-07-07,7503.85,2026-07-27,20.0,7445.0,128.15,12.39,57.0,12.66
2026-07-07,7503.85,2026-07-27,20.0,7450.0,124.6,12.32,58.4,12.58
2026-07-07,7503.85,2026-07-27,20.0,7455.0,121.0,12.24,59.85,12.5
2026-07-07,7503.85,2026-07-27,20.0,7460.0,117.5,12.17,61.35,12.43
2026-07-07,7503.85,2026-07-27,20.0,7465.0,114.1,12.11,62.9,12.36
2026-07-07,7503.85,2026-07-27,20.0,7470.0,110.7,12.04,64.45,12.28
2026-07-07,7503.85,2026-07-27,20.0,7475.0,107.3,11.97,66.1,12.21
2026-07-07,7503.85,2026-07-27,20.0,7480.0,104.0,11.91,67.7,12.12
2026-07-07,7503.85,2026-07-27,20.0,7485.0,100.7,11.84,69.4,12.05
2026-07-07,7503.85,2026-07-27,20.0,7490.0,97.4,11.76,71.2,11.98
2026-07-07,7503.85,2026-07-27,20.0,7495.0,94.2,11.69,73.0,11.91
2026-07-07,7503.85,2026-07-27,20.0,7500.0,91.1,11.63,74.8,11.83
2026-07-07,7503.85,2026-07-27,20.0,7505.0,88.0,11.56,76.7,11.75
2026-07-07,7503.85,2026-07-27,20.0,7510.0,84.9,11.49,78.6,11.67
2026-07-07,7503.85,2026-07-27,20.0,7515.0,81.9,11.42,80.6,11.6
2026-07-07,7503.85,2026-07-27,20.0,7520.0,79.0,11.36,82.6,11.52
2026-07-07,7503.85,2026-07-27,20.0,7525.0,76.1,11.29,84.7,11.45
2026-07-07,7503.85,2026-07-27,20.0,7530.0,73.2,11.22,86.9,11.38
2026-07-07,7503.85,2026-07-27,20.0,7535.0,70.4,11.15,89.1,11.31
2026-07-07,7503.85,2026-07-27,20.0,7540.0,67.7,11.09,91.3,11.23
2026-07-07,7503.85,2026-07-27,20.0,7545.0,65.0,11.02,93.6,11.15
2026-07-07,7503.85,2026-07-27,20.0,7550.0,62.4,10.96,96.0,11.08
2026-07-07,7503.85,2026-07-27,20.0,7555.0,59.8,10.89,98.4,11.0
2026-07-07,7503.85,2026-07-27,20.0,7560.0,57.3,10.83,100.9,10.93
2026-07-07,7503.85,2026-07-27,20.0,7565.0,54.85,10.77,103.5,10.87
2026-07-07,7503.85,2026-07-27,20.0,7570.0,52.5,10.71,106.1,10.79
2026-07-07,7503.85,2026-07-27,20.0,7575.0,50.15,10.65,108.7,10.71
2026-07-07,7503.85,2026-07-27,20.0,7580.0,47.9,10.59,111.4,10.63
2026-07-07,7503.85,2026-07-27,20.0,7585.0,45.7,10.53,114.2,10.56
2026-07-07,7503.85,2026-07-27,20.0,7590.0,43.55,10.47,117.1,10.49
2026-07-07,7503.85,2026-07-27,20.0,7595.0,41.45,10.41,120.0,10.41
2026-07-07,7503.85,2026-07-27,20.0,7600.0,39.45,10.35,123.0,10.34
2026-07-07,7503.85,2026-07-27,20.0,7605.0,37.5,10.29,126.0,10.26
2026-07-07,7503.85,2026-07-27,20.0,7610.0,35.65,10.24,129.1,10.18
2026-07-07,7503.85,2026-07-27,20.0,7620.0,32.05,10.13,135.35,10.0
2026-07-07,7503.85,2026-07-27,20.0,7625.0,30.35,10.08,138.65,9.92
2026-07-07,7503.85,2026-07-27,20.0,7630.0,28.7,10.03,142.0,9.83
2026-07-07,7503.85,2026-07-27,20.0,7640.0,25.6,9.92,148.85,9.65
2026-07-07,7503.85,2026-07-27,20.0,7650.0,22.75,9.83,156.0,9.46
2026-07-07,7503.85,2026-07-27,20.0,7660.0,20.15,9.74,163.35,9.23
2026-07-07,7503.85,2026-07-27,20.0,7670.0,17.8,9.65,171.0,8.99
2026-07-07,7503.85,2026-07-27,20.0,7675.0,16.7,9.61,174.9,8.84
2026-07-07,7503.85,2026-07-27,20.0,7680.0,15.6,9.56,178.8,8.65
2026-07-07,7503.85,2026-07-27,20.0,7690.0,13.7,9.49,186.75,8.02
2026-07-07,7503.85,2026-07-27,20.0,7700.0,11.9,9.41,,
2026-07-07,7503.85,2026-07-27,20.0,7710.0,10.3,9.33,,
2026-07-07,7503.85,2026-07-27,20.0,7720.0,8.95,9.27,,
2026-07-07,7503.85,2026-07-27,20.0,7725.0,8.3,9.24,,
2026-07-07,7503.85,2026-07-27,20.0,7750.0,5.65,9.09,,
2026-07-07,7503.85,2026-07-27,20.0,7775.0,3.85,9.01,,
2026-07-07,7503.85,2026-07-27,20.0,7800.0,2.58,8.95,,
2026-07-07,7503.85,2026-07-27,20.0,7825.0,1.8,8.99,,
2026-07-07,7503.85,2026-07-27,20.0,7850.0,1.25,9.04,,
2026-07-07,7503.85,2026-07-27,20.0,7875.0,0.93,9.19,,
2026-07-07,7503.85,2026-07-27,20.0,7900.0,0.7,9.36,,
2026-07-07,7503.85,2026-07-27,20.0,7925.0,0.55,9.57,,
2026-07-07,7503.85,2026-07-27,20.0,7950.0,0.45,9.83,,
2026-07-07,7503.85,2026-07-27,20.0,7975.0,0.38,10.09,,
2026-07-07,7503.85,2026-07-27,20.0,8000.0,0.33,10.4,,
2026-07-07,7503.85,2026-07-27,20.0,8025.0,0.28,10.66,,
2026-07-07,7503.85,2026-07-27,20.0,8050.0,0.28,11.11,,
2026-07-07,7503.85,2026-07-27,20.0,8100.0,0.22,11.76,,
2026-07-07,7503.85,2026-07-27,20.0,8200.0,0.17,13.16,,
2026-07-07,7503.85,2026-07-27,20.0,8400.0,0.12,15.93,,
2026-07-07,7503.85,2026-07-28,21.0,5800.0,,,1.05,42.0
2026-07-07,7503.85,2026-07-28,21.0,5900.0,,,1.15,39.89
2026-07-07,7503.85,2026-07-28,21.0,6000.0,,,1.32,38.0
2026-07-07,7503.85,2026-07-28,21.0,6100.0,,,1.5,36.03
2026-07-07,7503.85,2026-07-28,21.0,6200.0,,,1.7,34.04
2026-07-07,7503.85,2026-07-28,21.0,6300.0,,,2.0,32.19
2026-07-07,7503.85,2026-07-28,21.0,6325.0,,,2.08,31.7
2026-07-07,7503.85,2026-07-28,21.0,6350.0,,,2.17,31.26
2026-07-07,7503.85,2026-07-28,21.0,6375.0,,,2.25,30.76
2026-07-07,7503.85,2026-07-28,21.0,6400.0,,,2.33,30.26
2026-07-07,7503.85,2026-07-28,21.0,6425.0,,,2.42,29.79
2026-07-07,7503.85,2026-07-28,21.0,6450.0,,,2.52,29.31
2026-07-07,7503.85,2026-07-28,21.0,6475.0,,,2.67,28.9
2026-07-07,7503.85,2026-07-28,21.0,6500.0,,,2.77,28.4
2026-07-07,7503.85,2026-07-28,21.0,6525.0,,,2.88,27.89
2026-07-07,7503.85,2026-07-28,21.0,6550.0,,,3.05,27.48
2026-07-07,7503.85,2026-07-28,21.0,6575.0,,,3.15,26.95
2026-07-07,7503.85,2026-07-28,21.0,6600.0,,,3.35,26.54
2026-07-07,7503.85,2026-07-28,21.0,6625.0,,,3.5,26.05
2026-07-07,7503.85,2026-07-28,21.0,6650.0,,,3.65,25.56
2026-07-07,7503.85,2026-07-28,21.0,6675.0,,,3.9,25.15
2026-07-07,7503.85,2026-07-28,21.0,6700.0,,,4.1,24.68
2026-07-07,7503.85,2026-07-28,21.0,6725.0,,,4.35,24.24
2026-07-07,7503.85,2026-07-28,21.0,6750.0,,,4.6,23.78
2026-07-07,7503.85,2026-07-28,21.0,6775.0,,,4.9,23.35
2026-07-07,7503.85,2026-07-28,21.0,6800.0,,,5.2,22.89
2026-07-07,7503.85,2026-07-28,21.0,6825.0,693.25,14.21,5.45,22.39
2026-07-07,7503.85,2026-07-28,21.0,6850.0,668.75,15.78,5.9,22.0
2026-07-07,7503.85,2026-07-28,21.0,6875.0,644.2,16.2,6.25,21.52
2026-07-07,7503.85,2026-07-28,21.0,6900.0,619.75,16.5,6.8,21.15
2026-07-07,7503.85,2026-07-28,21.0,6925.0,595.35,16.63,7.3,20.71
2026-07-07,7503.85,2026-07-28,21.0,6950.0,570.95,16.61,7.85,20.28
2026-07-07,7503.85,2026-07-28,21.0,6975.0,546.75,16.65,8.55,19.89
2026-07-07,7503.85,2026-07-28,21.0,7000.0,522.55,16.57,9.25,19.47
2026-07-07,7503.85,2026-07-28,21.0,7025.0,498.45,16.45,10.15,19.1
2026-07-07,7503.85,2026-07-28,21.0,7050.0,474.45,16.31,11.05,18.69
2026-07-07,7503.85,2026-07-28,21.0,7075.0,450.6,16.15,12.15,18.31
2026-07-07,7503.85,2026-07-28,21.0,7100.0,426.9,15.98,13.35,17.93
2026-07-07,7503.85,2026-07-28,21.0,7125.0,405.8,16.7,14.7,17.55
2026-07-07,7503.85,2026-07-28,21.0,7150.0,382.35,16.38,16.25,17.17
2026-07-07,7503.85,2026-07-28,21.0,7175.0,359.15,16.08,18.0,16.8
2026-07-07,7503.85,2026-07-28,21.0,7180.0,354.55,16.02,18.35,16.72
2026-07-07,7503.85,2026-07-28,21.0,7190.0,345.35,15.89,19.1,16.57
2026-07-07,7503.85,2026-07-28,21.0,7200.0,336.2,15.77,19.9,16.42
2026-07-07,7503.85,2026-07-28,21.0,7210.0,327.05,15.64,20.8,16.28
2026-07-07,7503.85,2026-07-28,21.0,7220.0,317.95,15.51,21.7,16.13
2026-07-07,7503.85,2026-07-28,21.0,7225.0,313.45,15.45,22.2,16.07
2026-07-07,7503.85,2026-07-28,21.0,7230.0,308.95,15.39,22.65,15.99
2026-07-07,7503.85,2026-07-28,21.0,7240.0,299.95,15.26,23.6,15.83
2026-07-07,7503.85,2026-07-28,21.0,7250.0,291.0,15.13,24.7,15.69
2026-07-07,7503.85,2026-07-28,21.0,7260.0,282.1,15.0,25.8,15.55
2026-07-07,7503.85,2026-07-28,21.0,7270.0,273.3,14.87,26.9,15.39
2026-07-07,7503.85,2026-07-28,21.0,7275.0,268.9,14.81,27.5,15.32
2026-07-07,7503.85,2026-07-28,21.0,7280.0,264.55,14.75,28.15,15.25
2026-07-07,7503.85,2026-07-28,21.0,7290.0,255.85,14.62,29.4,15.1
2026-07-07,7503.85,2026-07-28,21.0,7300.0,247.2,14.49,30.7,14.95
2026-07-07,7503.85,2026-07-28,21.0,7310.0,238.6,14.35,32.15,14.81
2026-07-07,7503.85,2026-07-28,21.0,7320.0,230.1,14.22,33.65,14.67
2026-07-07,7503.85,2026-07-28,21.0,7325.0,225.85,14.15,34.4,14.59
2026-07-07,7503.85,2026-07-28,21.0,7330.0,221.65,14.08,35.15,14.51
2026-07-07,7503.85,2026-07-28,21.0,7340.0,213.3,13.95,36.85,14.38
2026-07-07,7503.85,2026-07-28,21.0,7350.0,205.15,13.84,38.55,14.23
2026-07-07,7503.85,2026-07-28,21.0,7360.0,196.95,13.7,40.35,14.08
2026-07-07,7503.85,2026-07-28,21.0,7370.0,188.9,13.57,42.25,13.93
2026-07-07,7503.85,2026-07-28,21.0,7375.0,184.9,13.51,43.2,13.85
2026-07-07,7503.85,2026-07-28,21.0,7380.0,180.9,13.44,44.2,13.78
2026-07-07,7503.85,2026-07-28,21.0,7390.0,173.0,13.3,46.3,13.63
2026-07-07,7503.85,2026-07-28,21.0,7400.0,165.4,13.19,48.5,13.48
2026-07-07,7503.85,2026-07-28,21.0,7410.0,157.7,13.05,50.8,13.33
2026-07-07,7503.85,2026-07-28,21.0,7420.0,150.2,12.92,53.2,13.18
2026-07-07,7503.85,2026-07-28,21.0,7425.0,146.4,12.84,54.45,13.1
2026-07-07,7503.85,2026-07-28,21.0,7430.0,142.7,12.77,55.75,13.03
2026-07-07,7503.85,2026-07-28,21.0,7440.0,135.4,12.63,58.4,12.88
2026-07-07,7503.85,2026-07-28,21.0,7450.0,128.3,12.5,61.2,12.72
2026-07-07,7503.85,2026-07-28,21.0,7460.0,121.25,12.36,64.2,12.58
2026-07-07,7503.85,2026-07-28,21.0,7470.0,114.4,12.22,67.3,12.43
2026-07-07,7503.85,2026-07-28,21.0,7475.0,111.0,12.15,68.9,12.35
2026-07-07,7503.85,2026-07-28,21.0,7480.0,107.7,12.09,70.6,12.28
2026-07-07,7503.85,2026-07-28,21.0,7490.0,101.15,11.95,74.0,12.13
2026-07-07,7503.85,2026-07-28,21.0,7500.0,94.8,11.81,77.65,11.98
2026-07-07,7503.85,2026-07-28,21.0,7510.0,88.6,11.67,81.45,11.83
2026-07-07,7503.85,2026-07-28,21.0,7520.0,82.6,11.54,85.45,11.68
2026-07-07,7503.85,2026-07-28,21.0,7525.0,79.7,11.47,87.5,11.61
2026-07-07,7503.85,2026-07-28,21.0,7530.0,76.9,11.41,89.65,11.54
2026-07-07,7503.85,2026-07-28,21.0,7540.0,71.3,11.28,94.1,11.39
2026-07-07,7503.85,2026-07-28,21.0,7550.0,66.0,11.16,98.7,11.24
2026-07-07,7503.85,2026-07-28,21.0,7560.0,60.8,11.02,103.55,11.1
2026-07-07,7503.85,2026-07-28,21.0,7570.0,55.9,10.9,108.6,10.95
2026-07-07,7503.85,2026-07-28,21.0,7575.0,53.6,10.85,111.3,10.89
2026-07-07,7503.85,2026-07-28,21.0,7580.0,51.3,10.79,113.95,10.81
2026-07-07,7503.85,2026-07-28,21.0,7590.0,46.85,10.67,119.5,10.66
2026-07-07,7503.85,2026-07-28,21.0,7600.0,42.7,10.56,125.3,10.51
2026-07-07,7503.85,2026-07-28,21.0,7610.0,38.75,10.45,131.35,10.36
2026-07-07,7503.85,2026-07-28,21.0,7620.0,35.0,10.33,137.35,10.16
2026-07-07,7503.85,2026-07-28,21.0,7625.0,33.25,10.28,140.65,10.09
2026-07-07,7503.85,2026-07-28,21.0,7630.0,31.6,10.23,143.9,10.0
2026-07-07,7503.85,2026-07-28,21.0,7640.0,28.35,10.13,150.7,9.84
2026-07-07,7503.85,2026-07-28,21.0,7650.0,25.45,10.05,157.7,9.66
2026-07-07,7503.85,2026-07-28,21.0,7660.0,22.65,9.94,164.95,9.45
2026-07-07,7503.85,2026-07-28,21.0,7670.0,20.15,9.86,172.4,9.22
2026-07-07,7503.85,2026-07-28,21.0,7675.0,18.95,9.81,176.2,9.08
2026-07-07,7503.85,2026-07-28,21.0,7680.0,17.85,9.78,180.1,8.93
2026-07-07,7503.85,2026-07-28,21.0,7700.0,13.85,9.62,,
2026-07-07,7503.85,2026-07-28,21.0,7725.0,9.9,9.45,,
2026-07-07,7503.85,2026-07-28,21.0,7750.0,6.95,9.32,,
2026-07-07,7503.85,2026-07-28,21.0,7775.0,4.85,9.23,,
2026-07-07,7503.85,2026-07-28,21.0,7800.0,3.3,9.14,,
2026-07-07,7503.85,2026-07-28,21.0,7825.0,2.33,9.16,,
2026-07-07,7503.85,2026-07-28,21.0,7850.0,1.62,9.18,,
2026-07-07,7503.85,2026-07-28,21.0,7875.0,1.18,9.27,,
2026-07-07,7503.85,2026-07-28,21.0,7900.0,0.9,9.44,,
2026-07-07,7503.85,2026-07-28,21.0,7925.0,0.72,9.67,,
2026-07-07,7503.85,2026-07-28,21.0,7950.0,0.57,9.87,,
2026-07-07,7503.85,2026-07-28,21.0,7975.0,0.47,10.11,,
2026-07-07,7503.85,2026-07-28,21.0,8000.0,0.38,10.3,,
2026-07-07,7503.85,2026-07-28,21.0,8025.0,0.33,10.58,,
2026-07-07,7503.85,2026-07-28,21.0,8050.0,0.33,11.03,,
2026-07-07,7503.85,2026-07-28,21.0,8100.0,0.28,11.71,,
2026-07-07,7503.85,2026-07-28,21.0,8200.0,0.2,12.99,,
2026-07-07,7503.85,2026-07-28,21.0,8400.0,0.12,15.53,,
2026-07-07,7503.85,2026-07-28,21.0,8600.0,0.1,18.16,,
2026-07-07,7503.85,2026-07-29,22.0,5800.0,,,1.2,41.66
2026-07-07,7503.85,2026-07-29,22.0,5900.0,,,1.35,39.71
2026-07-07,7503.85,2026-07-29,22.0,6000.0,,,1.55,37.84
2026-07-07,7503.85,2026-07-29,22.0,6100.0,,,1.77,35.94
2026-07-07,7503.85,2026-07-29,22.0,6200.0,,,2.02,34.02
2026-07-07,7503.85,2026-07-29,22.0,6300.0,,,2.35,32.14
2026-07-07,7503.85,2026-07-29,22.0,6325.0,,,2.42,31.64
2026-07-07,7503.85,2026-07-29,22.0,6350.0,,,2.52,31.18
2026-07-07,7503.85,2026-07-29,22.0,6375.0,,,2.62,30.71
2026-07-07,7503.85,2026-07-29,22.0,6400.0,,,2.77,30.31
2026-07-07,7503.85,2026-07-29,22.0,6425.0,,,2.88,29.82
2026-07-07,7503.85,2026-07-29,22.0,6450.0,,,2.98,29.32
2026-07-07,7503.85,2026-07-29,22.0,6475.0,,,3.15,28.92
2026-07-07,7503.85,2026-07-29,22.0,6500.0,,,3.25,28.41
2026-07-07,7503.85,2026-07-29,22.0,6525.0,,,3.45,28.01
2026-07-07,7503.85,2026-07-29,22.0,6550.0,,,3.55,27.48
2026-07-07,7503.85,2026-07-29,22.0,6575.0,,,3.75,27.06
2026-07-07,7503.85,2026-07-29,22.0,6600.0,,,3.95,26.62
2026-07-07,7503.85,2026-07-29,22.0,6625.0,,,4.15,26.16
2026-07-07,7503.85,2026-07-29,22.0,6650.0,,,4.35,25.7
2026-07-07,7503.85,2026-07-29,22.0,6675.0,,,4.6,25.26
2026-07-07,7503.85,2026-07-29,22.0,6700.0,,,4.85,24.81
2026-07-07,7503.85,2026-07-29,22.0,6725.0,,,5.1,24.35
2026-07-07,7503.85,2026-07-29,22.0,6750.0,768.8,15.63,5.4,23.9
2026-07-07,7503.85,2026-07-29,22.0,6775.0,744.2,16.82,5.75,23.48
2026-07-07,7503.85,2026-07-29,22.0,6800.0,719.65,17.38,6.1,23.04
2026-07-07,7503.85,2026-07-29,22.0,6825.0,695.1,17.61,6.5,22.61
2026-07-07,7503.85,2026-07-29,22.0,6850.0,670.6,17.72,6.95,22.19
2026-07-07,7503.85,2026-07-29,22.0,6875.0,646.15,17.76,7.45,21.78
2026-07-07,7503.85,2026-07-29,22.0,6900.0,621.75,17.73,7.95,21.34
2026-07-07,7503.85,2026-07-29,22.0,6925.0,597.45,17.69,8.6,20.95
2026-07-07,7503.85,2026-07-29,22.0,6950.0,573.25,17.62,9.25,20.53
2026-07-07,7503.85,2026-07-29,22.0,6975.0,549.05,17.47,10.05,20.15
2026-07-07,7503.85,2026-07-29,22.0,7000.0,524.95,17.3,10.9,19.76
2026-07-07,7503.85,2026-07-29,22.0,7025.0,501.0,17.15,11.85,19.37
2026-07-07,7503.85,2026-07-29,22.0,7050.0,477.15,16.96,12.95,19.0
2026-07-07,7503.85,2026-07-29,22.0,7075.0,453.45,16.77,14.1,18.6
2026-07-07,7503.85,2026-07-29,22.0,7100.0,432.4,17.47,15.45,18.23
2026-07-07,7503.85,2026-07-29,22.0,7125.0,408.9,17.13,17.0,17.87
2026-07-07,7503.85,2026-07-29,22.0,7150.0,385.65,16.82,18.7,17.5
2026-07-07,7503.85,2026-07-29,22.0,7175.0,362.65,16.52,20.6,17.13
2026-07-07,7503.85,2026-07-29,22.0,7180.0,358.05,16.45,21.0,17.06
2026-07-07,7503.85,2026-07-29,22.0,7190.0,348.9,16.32,21.8,16.9
2026-07-07,7503.85,2026-07-29,22.0,7200.0,339.85,16.2,22.7,16.76
2026-07-07,7503.85,2026-07-29,22.0,7210.0,330.8,16.07,23.65,16.62
2026-07-07,7503.85,2026-07-29,22.0,7220.0,321.75,15.93,24.6,16.47
2026-07-07,7503.85,2026-07-29,22.0,7225.0,317.35,15.89,25.1,16.39
2026-07-07,7503.85,2026-07-29,22.0,7230.0,312.85,15.82,25.65,16.33
2026-07-07,7503.85,2026-07-29,22.0,7240.0,303.9,15.68,26.7,16.18
2026-07-07,7503.85,2026-07-29,22.0,7250.0,295.1,15.57,27.8,16.03
2026-07-07,7503.85,2026-07-29,22.0,7260.0,286.25,15.43,29.0,15.89
2026-07-07,7503.85,2026-07-29,22.0,7270.0,277.55,15.31,30.25,15.75
2026-07-07,7503.85,2026-07-29,22.0,7275.0,273.15,15.23,30.85,15.67
2026-07-07,7503.85,2026-07-29,22.0,7280.0,268.85,15.18,31.55,15.61
2026-07-07,7503.85,2026-07-29,22.0,7290.0,260.2,15.04,32.85,15.45
2026-07-07,7503.85,2026-07-29,22.0,7300.0,251.6,14.9,34.25,15.31
2026-07-07,7503.85,2026-07-29,22.0,7310.0,243.15,14.78,35.75,15.16
2026-07-07,7503.85,2026-07-29,22.0,7320.0,234.75,14.65,37.35,15.03
2026-07-07,7503.85,2026-07-29,22.0,7325.0,230.55,14.58,38.15,14.95
2026-07-07,7503.85,2026-07-29,22.0,7330.0,226.35,14.51,38.95,14.88
2026-07-07,7503.85,2026-07-29,22.0,7340.0,218.1,14.38,40.65,14.73
2026-07-07,7503.85,2026-07-29,22.0,7350.0,209.9,14.25,42.45,14.59
2026-07-07,7503.85,2026-07-29,22.0,7360.0,201.8,14.11,44.3,14.44
2026-07-07,7503.85,2026-07-29,22.0,7370.0,193.8,13.98,46.25,14.29
2026-07-07,7503.85,2026-07-29,22.0,7375.0,189.8,13.91,47.25,14.22
2026-07-07,7503.85,2026-07-29,22.0,7380.0,185.9,13.85,48.3,14.14
2026-07-07,7503.85,2026-07-29,22.0,7390.0,178.2,13.73,50.45,14.0
2026-07-07,7503.85,2026-07-29,22.0,7400.0,170.5,13.6,52.7,13.85
2026-07-07,7503.85,2026-07-29,22.0,7410.0,162.9,13.47,55.1,13.71
2026-07-07,7503.85,2026-07-29,22.0,7420.0,155.4,13.33,57.5,13.55
2026-07-07,7503.85,2026-07-29,22.0,7425.0,151.65,13.25,58.8,13.48
2026-07-07,7503.85,2026-07-29,22.0,7430.0,148.0,13.19,60.1,13.4
2026-07-07,7503.85,2026-07-29,22.0,7440.0,140.7,13.04,62.8,13.25
2026-07-07,7503.85,2026-07-29,22.0,7450.0,133.6,12.91,65.7,13.11
2026-07-07,7503.85,2026-07-29,22.0,7460.0,126.6,12.77,68.7,12.96
2026-07-07,7503.85,2026-07-29,22.0,7470.0,119.8,12.64,71.8,12.81
2026-07-07,7503.85,2026-07-29,22.0,7475.0,116.45,12.57,73.45,12.73
2026-07-07,7503.85,2026-07-29,22.0,7480.0,113.1,12.5,75.1,12.66
2026-07-07,7503.85,2026-07-29,22.0,7490.0,106.6,12.37,78.6,12.52
2026-07-07,7503.85,2026-07-29,22.0,7500.0,100.25,12.23,82.2,12.37
2026-07-07,7503.85,2026-07-29,22.0,7510.0,94.05,12.09,86.0,12.22
2026-07-07,7503.85,2026-07-29,22.0,7520.0,88.05,11.96,90.0,12.08
2026-07-07,7503.85,2026-07-29,22.0,7525.0,85.15,11.9,92.05,12.0
2026-07-07,7503.85,2026-07-29,22.0,7530.0,82.3,11.84,94.2,11.94
2026-07-07,7503.85,2026-07-29,22.0,7540.0,76.7,11.71,98.55,11.79
2026-07-07,7503.85,2026-07-29,22.0,7550.0,71.3,11.59,103.15,11.65
2026-07-07,7503.85,2026-07-29,22.0,7560.0,66.1,11.46,107.95,11.51
2026-07-07,7503.85,2026-07-29,22.0,7570.0,61.15,11.34,112.95,11.36
2026-07-07,7503.85,2026-07-29,22.0,7575.0,58.8,11.29,115.55,11.29
2026-07-07,7503.85,2026-07-29,22.0,7580.0,56.4,11.22,118.2,11.22
2026-07-07,7503.85,2026-07-29,22.0,7590.0,51.9,11.11,123.65,11.08
2026-07-07,7503.85,2026-07-29,22.0,7600.0,47.6,11.0,129.35,10.94
2026-07-07,7503.85,2026-07-29,22.0,7610.0,43.55,10.89,135.25,10.79
2026-07-07,7503.85,2026-07-29,22.0,7620.0,39.7,10.78,141.4,10.65
2026-07-07,7503.85,2026-07-29,22.0,7625.0,37.9,10.74,144.3,10.53
2026-07-07,7503.85,2026-07-29,22.0,7630.0,36.1,10.68,147.55,10.46
2026-07-07,7503.85,2026-07-29,22.0,7640.0,32.75,10.59,154.2,10.31
2026-07-07,7503.85,2026-07-29,22.0,7650.0,29.5,10.48,160.95,10.13
2026-07-07,7503.85,2026-07-29,22.0,7660.0,26.65,10.4,168.0,9.95
2026-07-07,7503.85,2026-07-29,22.0,7670.0,23.95,10.31,175.35,9.76
2026-07-07,7503.85,2026-07-29,22.0,7675.0,22.65,10.27,179.05,9.65
2026-07-07,7503.85,2026-07-29,22.0,7680.0,21.45,10.23,182.8,9.53
2026-07-07,7503.85,2026-07-29,22.0,7700.0,17.05,10.08,198.35,8.88
2026-07-07,7503.85,2026-07-29,22.0,7725.0,12.55,9.9,,
2026-07-07,7503.85,2026-07-29,22.0,7750.0,9.1,9.75,,
2026-07-07,7503.85,2026-07-29,22.0,7775.0,6.5,9.63,,
2026-07-07,7503.85,2026-07-29,22.0,7800.0,4.65,9.57,,
2026-07-07,7503.85,2026-07-29,22.0,7825.0,3.25,9.5,,
2026-07-07,7503.85,2026-07-29,22.0,7850.0,2.35,9.53,,
2026-07-07,7503.85,2026-07-29,22.0,7875.0,1.7,9.57,,
2026-07-07,7503.85,2026-07-29,22.0,7900.0,1.27,9.68,,
2026-07-07,7503.85,2026-07-29,22.0,7925.0,0.98,9.82,,
2026-07-07,7503.85,2026-07-29,22.0,7950.0,0.78,10.0,,
2026-07-07,7503.85,2026-07-29,22.0,7975.0,0.62,10.2,,
2026-07-07,7503.85,2026-07-29,22.0,8000.0,0.53,10.45,,
2026-07-07,7503.85,2026-07-29,22.0,8025.0,0.43,10.64,,
2026-07-07,7503.85,2026-07-29,22.0,8050.0,0.38,10.93,,
2026-07-07,7503.85,2026-07-29,22.0,8100.0,0.28,11.42,,
2026-07-07,7503.85,2026-07-29,22.0,8200.0,0.2,12.68,,
2026-07-07,7503.85,2026-07-29,22.0,8400.0,0.12,15.16,,
2026-07-07,7503.85,2026-07-29,22.0,8600.0,0.1,17.73,,
2026-07-07,7503.85,2026-07-30,23.0,5800.0,,,1.4,41.47
2026-07-07,7503.85,2026-07-30,23.0,5900.0,,,1.55,39.48
2026-07-07,7503.85,2026-07-30,23.0,6000.0,,,1.77,37.63
2026-07-07,7503.85,2026-07-30,23.0,6100.0,,,2.02,35.75
2026-07-07,7503.85,2026-07-30,23.0,6200.0,,,2.35,33.93
2026-07-07,7503.85,2026-07-30,23.0,6300.0,,,2.73,32.09
2026-07-07,7503.85,2026-07-30,23.0,6325.0,,,2.83,31.62
2026-07-07,7503.85,2026-07-30,23.0,6350.0,,,2.98,31.22
2026-07-07,7503.85,2026-07-30,23.0,6375.0,,,3.08,30.73
2026-07-07,7503.85,2026-07-30,23.0,6400.0,,,3.25,30.34
2026-07-07,7503.85,2026-07-30,23.0,6425.0,,,3.35,29.83
2026-07-07,7503.85,2026-07-30,23.0,6450.0,,,3.5,29.39
2026-07-07,7503.85,2026-07-30,23.0,6475.0,,,3.65,28.93
2026-07-07,7503.85,2026-07-30,23.0,6500.0,,,3.85,28.52
2026-07-07,7503.85,2026-07-30,23.0,6525.0,,,4.0,28.04
2026-07-07,7503.85,2026-07-30,23.0,6550.0,,,4.2,27.6
2026-07-07,7503.85,2026-07-30,23.0,6575.0,,,4.4,27.15
2026-07-07,7503.85,2026-07-30,23.0,6600.0,,,4.6,26.69
2026-07-07,7503.85,2026-07-30,23.0,6625.0,,,4.85,26.26
2026-07-07,7503.85,2026-07-30,23.0,6650.0,,,5.1,25.82
2026-07-07,7503.85,2026-07-30,23.0,6675.0,844.25,16.3,5.4,25.4
2026-07-07,7503.85,2026-07-30,23.0,6700.0,819.6,17.63,5.7,24.97
2026-07-07,7503.85,2026-07-30,23.0,6725.0,794.95,18.12,6.0,24.52
2026-07-07,7503.85,2026-07-30,23.0,6750.0,770.4,18.53,6.3,24.05
2026-07-07,7503.85,2026-07-30,23.0,6775.0,745.85,18.7,6.7,23.64
2026-07-07,7503.85,2026-07-30,23.0,6800.0,721.35,18.78,7.15,23.23
2026-07-07,7503.85,2026-07-30,23.0,6825.0,696.9,18.8,7.6,22.8
2026-07-07,7503.85,2026-07-30,23.0,6850.0,672.45,18.72,8.15,22.41
2026-07-07,7503.85,2026-07-30,23.0,6875.0,648.15,18.69,8.65,21.97
2026-07-07,7503.85,2026-07-30,23.0,6900.0,623.85,18.57,9.35,21.6
2026-07-07,7503.85,2026-07-30,23.0,6925.0,599.6,18.42,10.05,21.2
2026-07-07,7503.85,2026-07-30,23.0,6950.0,575.45,18.26,10.8,20.8
2026-07-07,7503.85,2026-07-30,23.0,6975.0,551.4,18.09,11.65,20.4
2026-07-07,7503.85,2026-07-30,23.0,7000.0,527.45,17.9,12.65,20.03
2026-07-07,7503.85,2026-07-30,23.0,7025.0,503.6,17.7,13.7,19.65
2026-07-07,7503.85,2026-07-30,23.0,7050.0,479.9,17.49,14.9,19.27
2026-07-07,7503.85,2026-07-30,23.0,7075.0,458.95,18.19,16.25,18.91
2026-07-07,7503.85,2026-07-30,23.0,7100.0,435.5,17.88,17.75,18.54
2026-07-07,7503.85,2026-07-30,23.0,7125.0,412.25,17.57,19.4,18.17
2026-07-07,7503.85,2026-07-30,23.0,7150.0,389.15,17.25,21.25,17.81
2026-07-07,7503.85,2026-07-30,23.0,7175.0,366.3,16.94,23.35,17.46
2026-07-07,7503.85,2026-07-30,23.0,7180.0,361.8,16.89,23.8,17.39
2026-07-07,7503.85,2026-07-30,23.0,7190.0,352.7,16.75,24.7,17.24
2026-07-07,7503.85,2026-07-30,23.0,7200.0,343.7,16.63,25.65,17.09
2026-07-07,7503.85,2026-07-30,23.0,7210.0,334.75,16.5,26.65,16.95
2026-07-07,7503.85,2026-07-30,23.0,7220.0,325.8,16.37,27.7,16.81
2026-07-07,7503.85,2026-07-30,23.0,7225.0,321.4,16.32,28.25,16.74
2026-07-07,7503.85,2026-07-30,23.0,7230.0,316.9,16.24,28.8,16.67
2026-07-07,7503.85,2026-07-30,23.0,7240.0,308.1,16.12,29.95,16.53
2026-07-07,7503.85,2026-07-30,23.0,7250.0,299.35,15.99,31.15,16.39
2026-07-07,7503.85,2026-07-30,23.0,7260.0,290.65,15.87,32.45,16.25
2026-07-07,7503.85,2026-07-30,23.0,7270.0,281.95,15.73,33.75,16.11
2026-07-07,7503.85,2026-07-30,23.0,7275.0,277.65,15.67,34.45,16.04
2026-07-07,7503.85,2026-07-30,23.0,7280.0,273.35,15.6,35.05,15.96
2026-07-07,7503.85,2026-07-30,23.0,7290.0,264.8,15.47,36.55,15.83
2026-07-07,7503.85,2026-07-30,23.0,7300.0,256.3,15.34,38.05,15.69
2026-07-07,7503.85,2026-07-30,23.0,7310.0,247.95,15.22,39.6,15.54
2026-07-07,7503.85,2026-07-30,23.0,7320.0,239.55,15.08,41.25,15.4
2026-07-07,7503.85,2026-07-30,23.0,7325.0,235.35,15.0,42.05,15.32
2026-07-07,7503.85,2026-07-30,23.0,7330.0,231.25,14.94,42.95,15.26
2026-07-07,7503.85,2026-07-30,23.0,7340.0,223.05,14.81,44.75,15.12
2026-07-07,7503.85,2026-07-30,23.0,7350.0,214.95,14.68,46.6,14.97
2026-07-07,7503.85,2026-07-30,23.0,7360.0,206.85,14.53,48.55,14.83
2026-07-07,7503.85,2026-07-30,23.0,7370.0,198.95,14.41,50.6,14.69
2026-07-07,7503.85,2026-07-30,23.0,7375.0,195.05,14.35,51.65,14.62
2026-07-07,7503.85,2026-07-30,23.0,7380.0,191.1,14.27,52.7,14.54
2026-07-07,7503.85,2026-07-30,23.0,7390.0,183.5,14.16,54.9,14.39
2026-07-07,7503.85,2026-07-30,23.0,7400.0,175.8,14.02,57.25,14.25
2026-07-07,7503.85,2026-07-30,23.0,7410.0,168.3,13.89,59.7,14.11
2026-07-07,7503.85,2026-07-30,23.0,7420.0,160.85,13.76,62.2,13.96
2026-07-07,7503.85,2026-07-30,23.0,7425.0,157.15,13.69,63.5,13.89
2026-07-07,7503.85,2026-07-30,23.0,7430.0,153.5,13.62,64.9,13.82
2026-07-07,7503.85,2026-07-30,23.0,7440.0,146.3,13.48,67.65,13.67
2026-07-07,7503.85,2026-07-30,23.0,7450.0,139.25,13.35,70.55,13.53
2026-07-07,7503.85,2026-07-30,23.0,7460.0,132.35,13.22,73.6,13.38
2026-07-07,7503.85,2026-07-30,23.0,7470.0,125.55,13.09,76.8,13.24
2026-07-07,7503.85,2026-07-30,23.0,7475.0,122.15,13.01,78.45,13.17
2026-07-07,7503.85,2026-07-30,23.0,7480.0,118.85,12.95,80.1,13.09
2026-07-07,7503.85,2026-07-30,23.0,7490.0,112.35,12.81,83.6,12.95
2026-07-07,7503.85,2026-07-30,23.0,7500.0,106.1,12.69,87.25,12.81
2026-07-07,7503.85,2026-07-30,23.0,7510.0,99.85,12.55,91.05,12.67
2026-07-07,7503.85,2026-07-30,23.0,7520.0,93.85,12.42,95.05,12.53
2026-07-07,7503.85,2026-07-30,23.0,7525.0,90.95,12.36,97.05,12.45
2026-07-07,7503.85,2026-07-30,23.0,7530.0,88.05,12.3,99.15,12.38
2026-07-07,7503.85,2026-07-30,23.0,7540.0,82.45,12.18,103.55,12.25
2026-07-07,7503.85,2026-07-30,23.0,7550.0,77.0,12.05,108.05,12.1
2026-07-07,7503.85,2026-07-30,23.0,7560.0,71.75,11.93,112.8,11.96
2026-07-07,7503.85,2026-07-30,23.0,7570.0,66.75,11.81,117.75,11.82
2026-07-07,7503.85,2026-07-30,23.0,7575.0,64.3,11.75,120.3,11.76
2026-07-07,7503.85,2026-07-30,23.0,7580.0,61.9,11.69,122.9,11.69
2026-07-07,7503.85,2026-07-30,23.0,7590.0,57.3,11.58,128.25,11.55
2026-07-07,7503.85,2026-07-30,23.0,7600.0,52.9,11.47,133.8,11.4
2026-07-07,7503.85,2026-07-30,23.0,7610.0,48.7,11.36,139.6,11.26
2026-07-07,7503.85,2026-07-30,23.0,7620.0,44.7,11.25,145.6,11.12
2026-07-07,7503.85,2026-07-30,23.0,7625.0,42.8,11.2,148.7,11.05
2026-07-07,7503.85,2026-07-30,23.0,7630.0,41.0,11.16,151.8,10.98
2026-07-07,7503.85,2026-07-30,23.0,7640.0,37.45,11.06,158.15,10.81
2026-07-07,7503.85,2026-07-30,23.0,7650.0,34.1,10.96,164.8,10.65
2026-07-07,7503.85,2026-07-30,23.0,7660.0,31.0,10.87,171.65,10.49
2026-07-07,7503.85,2026-07-30,23.0,7670.0,28.1,10.78,178.7,10.31
2026-07-07,7503.85,2026-07-30,23.0,7675.0,26.75,10.74,182.35,10.23
2026-07-07,7503.85,2026-07-30,23.0,7680.0,25.45,10.71,185.95,10.11
2026-07-07,7503.85,2026-07-30,23.0,7700.0,20.65,10.55,201.1,9.62
2026-07-07,7503.85,2026-07-30,23.0,7725.0,15.65,10.37,,
2026-07-07,7503.85,2026-07-30,23.0,7750.0,11.7,10.22,,
2026-07-07,7503.85,2026-07-30,23.0,7775.0,8.6,10.09,,
2026-07-07,7503.85,2026-07-30,23.0,7800.0,6.25,9.99,,
2026-07-07,7503.85,2026-07-30,23.0,7825.0,4.6,9.95,,
2026-07-07,7503.85,2026-07-30,23.0,7850.0,3.35,9.93,,
2026-07-07,7503.85,2026-07-30,23.0,7875.0,2.45,9.94,,
2026-07-07,7503.85,2026-07-30,23.0,7900.0,1.85,10.01,,
2026-07-07,7503.85,2026-07-30,23.0,7925.0,1.4,10.1,,
2026-07-07,7503.85,2026-07-30,23.0,7950.0,1.1,10.25,,
2026-07-07,7503.85,2026-07-30,23.0,7975.0,0.88,10.41,,
2026-07-07,7503.85,2026-07-30,23.0,8000.0,0.72,10.62,,
2026-07-07,7503.85,2026-07-30,23.0,8025.0,0.57,10.77,,
2026-07-07,7503.85,2026-07-30,23.0,8050.0,0.5,11.04,,
2026-07-07,7503.85,2026-07-30,23.0,8100.0,0.38,11.54,,
2026-07-07,7503.85,2026-07-30,23.0,8200.0,0.28,12.79,,
2026-07-07,7503.85,2026-07-30,23.0,8400.0,0.15,15.06,,
2026-07-07,7503.85,2026-07-30,23.0,8600.0,0.12,17.65,,
2026-07-07,7503.85,2026-07-31,24.0,5630.0,,,1.25,44.22
2026-07-07,7503.85,2026-07-31,24.0,5640.0,,,1.3,44.17
2026-07-07,7503.85,2026-07-31,24.0,5650.0,,,1.3,43.92
2026-07-07,7503.85,2026-07-31,24.0,5660.0,,,1.3,43.68
2026-07-07,7503.85,2026-07-31,24.0,5670.0,,,1.3,43.43
2026-07-07,7503.85,2026-07-31,24.0,5675.0,,,1.35,43.49
2026-07-07,7503.85,2026-07-31,24.0,5680.0,,,1.35,43.37
2026-07-07,7503.85,2026-07-31,24.0,5690.0,,,1.35,43.12
2026-07-07,7503.85,2026-07-31,24.0,5700.0,,,1.35,42.88
2026-07-07,7503.85,2026-07-31,24.0,5710.0,,,1.4,42.81
2026-07-07,7503.85,2026-07-31,24.0,5720.0,,,1.4,42.56
2026-07-07,7503.85,2026-07-31,24.0,5725.0,,,1.4,42.44
2026-07-07,7503.85,2026-07-31,24.0,5730.0,,,1.4,42.32
2026-07-07,7503.85,2026-07-31,24.0,5740.0,,,1.45,42.24
2026-07-07,7503.85,2026-07-31,24.0,5750.0,,,1.45,42.0
2026-07-07,7503.85,2026-07-31,24.0,5760.0,,,1.45,41.75
2026-07-07,7503.85,2026-07-31,24.0,5770.0,,,1.5,41.67
2026-07-07,7503.85,2026-07-31,24.0,5775.0,,,1.5,41.55
2026-07-07,7503.85,2026-07-31,24.0,5780.0,,,1.5,41.43
2026-07-07,7503.85,2026-07-31,24.0,5790.0,,,1.52,41.26
2026-07-07,7503.85,2026-07-31,24.0,5800.0,,,1.55,41.09
2026-07-07,7503.85,2026-07-31,24.0,5810.0,,,1.55,40.85
2026-07-07,7503.85,2026-07-31,24.0,5820.0,,,1.6,40.76
2026-07-07,7503.85,2026-07-31,24.0,5825.0,,,1.6,40.63
2026-07-07,7503.85,2026-07-31,24.0,5830.0,,,1.6,40.51
2026-07-07,7503.85,2026-07-31,24.0,5840.0,,,1.6,40.27
2026-07-07,7503.85,2026-07-31,24.0,5850.0,,,1.65,40.17
2026-07-07,7503.85,2026-07-31,24.0,5860.0,,,1.65,39.92
2026-07-07,7503.85,2026-07-31,24.0,5870.0,,,1.7,39.82
2026-07-07,7503.85,2026-07-31,24.0,5875.0,,,1.7,39.7
2026-07-07,7503.85,2026-07-31,24.0,5880.0,,,1.7,39.58
2026-07-07,7503.85,2026-07-31,24.0,5890.0,,,1.7,39.33
2026-07-07,7503.85,2026-07-31,24.0,5900.0,,,1.75,39.22
2026-07-07,7503.85,2026-07-31,24.0,5910.0,,,1.75,38.98
2026-07-07,7503.85,2026-07-31,24.0,5920.0,,,1.8,38.87
2026-07-07,7503.85,2026-07-31,24.0,5925.0,,,1.8,38.74
2026-07-07,7503.85,2026-07-31,24.0,5930.0,,,1.8,38.62
2026-07-07,7503.85,2026-07-31,24.0,5940.0,,,1.85,38.51
2026-07-07,7503.85,2026-07-31,24.0,5950.0,,,1.85,38.26
2026-07-07,7503.85,2026-07-31,24.0,5960.0,,,1.9,38.14
2026-07-07,7503.85,2026-07-31,24.0,5970.0,,,1.9,37.9
2026-07-07,7503.85,2026-07-31,24.0,5975.0,,,1.9,37.77
2026-07-07,7503.85,2026-07-31,24.0,5980.0,,,1.95,37.77
2026-07-07,7503.85,2026-07-31,24.0,5990.0,,,1.95,37.53
2026-07-07,7503.85,2026-07-31,24.0,6000.0,,,2.0,37.4
2026-07-07,7503.85,2026-07-31,24.0,6010.0,,,2.0,37.15
2026-07-07,7503.85,2026-07-31,24.0,6020.0,,,2.05,37.02
2026-07-07,7503.85,2026-07-31,24.0,6025.0,,,2.05,36.9
2026-07-07,7503.85,2026-07-31,24.0,6030.0,,,2.05,36.78
2026-07-07,7503.85,2026-07-31,24.0,6040.0,,,2.1,36.65
2026-07-07,7503.85,2026-07-31,24.0,6050.0,,,2.15,36.51
2026-07-07,7503.85,2026-07-31,24.0,6060.0,,,2.15,36.26
2026-07-07,7503.85,2026-07-31,24.0,6070.0,,,2.2,36.12
2026-07-07,7503.85,2026-07-31,24.0,6075.0,,,2.2,36.0
2026-07-07,7503.85,2026-07-31,24.0,6080.0,,,2.2,35.88
2026-07-07,7503.85,2026-07-31,24.0,6090.0,,,2.25,35.74
2026-07-07,7503.85,2026-07-31,24.0,6100.0,,,2.3,35.59
2026-07-07,7503.85,2026-07-31,24.0,6110.0,,,2.3,35.35
2026-07-07,7503.85,2026-07-31,24.0,6120.0,,,2.35,35.2
2026-07-07,7503.85,2026-07-31,24.0,6125.0,,,2.35,35.07
2026-07-07,7503.85,2026-07-31,24.0,6130.0,,,2.4,35.05
2026-07-07,7503.85,2026-07-31,24.0,6140.0,,,2.4,34.8
2026-07-07,7503.85,2026-07-31,24.0,6150.0,,,2.45,34.65
2026-07-07,7503.85,2026-07-31,24.0,6160.0,,,2.5,34.5
2026-07-07,7503.85,2026-07-31,24.0,6170.0,,,2.52,34.29
2026-07-07,7503.85,2026-07-31,24.0,6175.0,,,2.55,34.22
2026-07-07,7503.85,2026-07-31,24.0,6180.0,,,2.55,34.09
2026-07-07,7503.85,2026-07-31,24.0,6190.0,,,2.6,33.93
2026-07-07,7503.85,2026-07-31,24.0,6200.0,,,2.65,33.77
2026-07-07,7503.85,2026-07-31,24.0,6210.0,,,2.67,33.57
2026-07-07,7503.85,2026-07-31,24.0,6220.0,,,2.73,33.4
2026-07-07,7503.85,2026-07-31,24.0,6225.0,,,2.75,33.32
2026-07-07,7503.85,2026-07-31,24.0,6230.0,,,2.75,33.2
2026-07-07,7503.85,2026-07-31,24.0,6240.0,,,2.8,33.03
2026-07-07,7503.85,2026-07-31,24.0,6250.0,,,2.85,32.86
2026-07-07,7503.85,2026-07-31,24.0,6260.0,,,2.9,32.69
2026-07-07,7503.85,2026-07-31,24.0,6270.0,,,2.98,32.56
2026-07-07,7503.85,2026-07-31,24.0,6275.0,,,2.98,32.44
2026-07-07,7503.85,2026-07-31,24.0,6280.0,,,2.98,32.31
2026-07-07,7503.85,2026-07-31,24.0,6290.0,,,3.05,32.18
2026-07-07,7503.85,2026-07-31,24.0,6300.0,,,3.08,31.96
2026-07-07,7503.85,2026-07-31,24.0,6310.0,,,3.15,31.82
2026-07-07,7503.85,2026-07-31,24.0,6320.0,,,3.15,31.57
2026-07-07,7503.85,2026-07-31,24.0,6325.0,,,3.2,31.52
2026-07-07,7503.85,2026-07-31,24.0,6330.0,,,3.25,31.46
2026-07-07,7503.85,2026-07-31,24.0,6340.0,,,3.25,31.21
2026-07-07,7503.85,2026-07-31,24.0,6350.0,,,3.35,31.1
2026-07-07,7503.85,2026-07-31,24.0,6360.0,,,3.4,30.91
2026-07-07,7503.85,2026-07-31,24.0,6370.0,,,3.45,30.73
2026-07-07,7503.85,2026-07-31,24.0,6375.0,,,3.45,30.6
2026-07-07,7503.85,2026-07-31,24.0,6380.0,,,3.55,30.6
2026-07-07,7503.85,2026-07-31,24.0,6390.0,,,3.55,30.35
2026-07-07,7503.85,2026-07-31,24.0,6400.0,,,3.65,30.23
2026-07-07,7503.85,2026-07-31,24.0,6410.0,,,3.65,29.97
2026-07-07,7503.85,2026-07-31,24.0,6420.0,,,3.75,29.84
2026-07-07,7503.85,2026-07-31,24.0,6425.0,,,3.75,29.71
2026-07-07,7503.85,2026-07-31,24.0,6430.0,,,3.85,29.71
2026-07-07,7503.85,2026-07-31,24.0,6440.0,,,3.85,29.45
2026-07-07,7503.85,2026-07-31,24.0,6450.0,1069.25,17.42,3.95,29.31
2026-07-07,7503.85,2026-07-31,24.0,6460.0,1059.35,19.27,4.05,29.17
2026-07-07,7503.85,2026-07-31,24.0,6470.0,1049.45,20.05,4.05,28.92
2026-07-07,7503.85,2026-07-31,24.0,6475.0,1044.45,19.83,4.15,28.9
2026-07-07,7503.85,2026-07-31,24.0,6480.0,1039.55,20.53,4.15,28.77
2026-07-07,7503.85,2026-07-31,24.0,6490.0,1029.65,20.86,4.25,28.62
2026-07-07,7503.85,2026-07-31,24.0,6500.0,1019.75,21.1,4.35,28.47
2026-07-07,7503.85,2026-07-31,24.0,6510.0,1009.85,21.28,4.35,28.21
2026-07-07,7503.85,2026-07-31,24.0,6520.0,999.95,21.41,4.45,28.06
2026-07-07,7503.85,2026-07-31,24.0,6525.0,995.05,21.65,4.55,28.03
2026-07-07,7503.85,2026-07-31,24.0,6530.0,990.05,21.5,4.55,27.9
2026-07-07,7503.85,2026-07-31,24.0,6540.0,980.2,21.73,4.65,27.74
2026-07-07,7503.85,2026-07-31,24.0,6550.0,970.35,21.9,4.75,27.58
2026-07-07,7503.85,2026-07-31,24.0,6560.0,960.45,21.9,4.85,27.41
2026-07-07,7503.85,2026-07-31,24.0,6565.0,955.5,21.89,4.85,27.28
2026-07-07,7503.85,2026-07-31,24.0,6570.0,950.55,21.88,4.95,27.24
2026-07-07,7503.85,2026-07-31,24.0,6575.0,945.65,21.99,4.95,27.11
2026-07-07,7503.85,2026-07-31,24.0,6580.0,940.7,21.97,5.05,27.07
2026-07-07,7503.85,2026-07-31,24.0,6585.0,935.75,21.95,5.05,26.94
2026-07-07,7503.85,2026-07-31,24.0,6590.0,930.85,22.03,5.1,26.85
2026-07-07,7503.85,2026-07-31,24.0,6595.0,925.85,21.89,5.15,26.77
2026-07-07,7503.85,2026-07-31,24.0,6600.0,920.95,21.97,5.25,26.72
2026-07-07,7503.85,2026-07-31,24.0,6605.0,916.05,22.03,5.25,26.59
2026-07-07,7503.85,2026-07-31,24.0,6610.0,911.05,21.89,5.35,26.55
2026-07-07,7503.85,2026-07-31,24.0,6615.0,906.15,21.95,5.35,26.42
2026-07-07,7503.85,2026-07-31,24.0,6620.0,901.25,22.0,5.45,26.37
2026-07-07,7503.85,2026-07-31,24.0,6625.0,896.3,21.95,5.45,26.24
2026-07-07,7503.85,2026-07-31,24.0,6630.0,891.35,21.9,5.55,26.19
2026-07-07,7503.85,2026-07-31,24.0,6635.0,886.45,21.94,5.55,26.05
2026-07-07,7503.85,2026-07-31,24.0,6640.0,881.5,21.89,5.65,26.0
2026-07-07,7503.85,2026-07-31,24.0,6645.0,876.55,21.83,5.7,25.91
2026-07-07,7503.85,2026-07-31,24.0,6650.0,871.65,21.86,5.75,25.82
2026-07-07,7503.85,2026-07-31,24.0,6655.0,866.75,21.87,5.85,25.76
2026-07-07,7503.85,2026-07-31,24.0,6660.0,861.8,21.81,5.85,25.63
2026-07-07,7503.85,2026-07-31,24.0,6665.0,856.85,21.75,5.95,25.57
2026-07-07,7503.85,2026-07-31,24.0,6670.0,851.95,21.76,6.0,25.48
2026-07-07,7503.85,2026-07-31,24.0,6675.0,847.05,21.77,6.05,25.38
2026-07-07,7503.85,2026-07-31,24.0,6680.0,842.15,21.77,6.15,25.32
2026-07-07,7503.85,2026-07-31,24.0,6685.0,837.2,21.7,6.2,25.23
2026-07-07,7503.85,2026-07-31,24.0,6690.0,832.3,21.69,6.25,25.13
2026-07-07,7503.85,2026-07-31,24.0,6695.0,827.35,21.62,6.35,25.07
2026-07-07,7503.85,2026-07-31,24.0,6700.0,822.45,21.61,6.45,25.0
2026-07-07,7503.85,2026-07-31,24.0,6705.0,817.55,21.6,6.45,24.87
2026-07-07,7503.85,2026-07-31,24.0,6710.0,812.65,21.58,6.55,24.8
2026-07-07,7503.85,2026-07-31,24.0,6715.0,807.75,21.56,6.6,24.7
2026-07-07,7503.85,2026-07-31,24.0,6720.0,802.85,21.54,6.7,24.64
2026-07-07,7503.85,2026-07-31,24.0,6725.0,797.9,21.46,6.75,24.54
2026-07-07,7503.85,2026-07-31,24.0,6730.0,793.0,21.43,6.85,24.47
2026-07-07,7503.85,2026-07-31,24.0,6735.0,788.1,21.4,6.9,24.37
2026-07-07,7503.85,2026-07-31,24.0,6740.0,783.2,21.37,7.0,24.29
2026-07-07,7503.85,2026-07-31,24.0,6745.0,778.3,21.33,7.1,24.22
2026-07-07,7503.85,2026-07-31,24.0,6750.0,773.35,21.25,7.15,24.12
2026-07-07,7503.85,2026-07-31,24.0,6755.0,768.45,21.21,7.25,24.05
2026-07-07,7503.85,2026-07-31,24.0,6760.0,763.6,21.22,7.35,23.97
2026-07-07,7503.85,2026-07-31,24.0,6765.0,758.7,21.18,7.4,23.87
2026-07-07,7503.85,2026-07-31,24.0,6770.0,753.8,21.13,7.5,23.79
2026-07-07,7503.85,2026-07-31,24.0,6775.0,748.9,21.08,7.6,23.71
2026-07-07,7503.85,2026-07-31,24.0,6780.0,744.05,21.08,7.7,23.64
2026-07-07,7503.85,2026-07-31,24.0,6785.0,739.15,21.03,7.8,23.56
2026-07-07,7503.85,2026-07-31,24.0,6790.0,734.35,21.06,7.9,23.48
2026-07-07,7503.85,2026-07-31,24.0,6795.0,729.35,20.92,8.0,23.4
2026-07-07,7503.85,2026-07-31,24.0,6800.0,724.45,20.87,8.1,23.32
2026-07-07,7503.85,2026-07-31,24.0,6805.0,719.6,20.85,8.2,23.23
2026-07-07,7503.85,2026-07-31,24.0,6810.0,714.7,20.79,8.3,23.15
2026-07-07,7503.85,2026-07-31,24.0,6815.0,709.85,20.77,8.4,23.07
2026-07-07,7503.85,2026-07-31,24.0,6820.0,704.95,20.71,8.5,22.98
2026-07-07,7503.85,2026-07-31,24.0,6825.0,700.05,20.64,8.6,22.9
2026-07-07,7503.85,2026-07-31,24.0,6830.0,695.2,20.61,8.7,22.81
2026-07-07,7503.85,2026-07-31,24.0,6835.0,690.35,20.58,8.8,22.72
2026-07-07,7503.85,2026-07-31,24.0,6840.0,685.45,20.51,8.95,22.66
2026-07-07,7503.85,2026-07-31,24.0,6845.0,680.6,20.48,9.1,22.6
2026-07-07,7503.85,2026-07-31,24.0,6850.0,675.75,20.44,9.2,22.51
2026-07-07,7503.85,2026-07-31,24.0,6855.0,670.85,20.37,9.3,22.41
2026-07-07,7503.85,2026-07-31,24.0,6860.0,666.05,20.36,9.45,22.35
2026-07-07,7503.85,2026-07-31,24.0,6865.0,661.15,20.28,9.6,22.28
2026-07-07,7503.85,2026-07-31,24.0,6870.0,656.3,20.24,9.7,22.18
2026-07-07,7503.85,2026-07-31,24.0,6875.0,651.45,20.19,9.85,22.11
2026-07-07,7503.85,2026-07-31,24.0,6880.0,646.9,20.32,10.0,22.04
2026-07-07,7503.85,2026-07-31,24.0,6885.0,641.8,20.12,10.1,21.95
2026-07-07,7503.85,2026-07-31,24.0,6890.0,636.95,20.06,10.25,21.87
2026-07-07,7503.85,2026-07-31,24.0,6895.0,632.05,19.98,10.4,21.8
2026-07-07,7503.85,2026-07-31,24.0,6900.0,627.25,19.95,10.55,21.72
2026-07-07,7503.85,2026-07-31,24.0,6905.0,622.45,19.92,10.7,21.64
2026-07-07,7503.85,2026-07-31,24.0,6910.0,617.55,19.83,10.85,21.56
2026-07-07,7503.85,2026-07-31,24.0,6915.0,612.95,19.9,11.0,21.48
2026-07-07,7503.85,2026-07-31,24.0,6920.0,607.95,19.76,11.2,21.42
2026-07-07,7503.85,2026-07-31,24.0,6925.0,603.15,19.72,11.35,21.34
2026-07-07,7503.85,2026-07-31,24.0,6930.0,598.3,19.65,11.5,21.26
2026-07-07,7503.85,2026-07-31,24.0,6935.0,593.75,19.73,11.65,21.17
2026-07-07,7503.85,2026-07-31,24.0,6940.0,588.65,19.53,11.85,21.11
2026-07-07,7503.85,2026-07-31,24.0,6945.0,584.05,19.58,12.05,21.04
2026-07-07,7503.85,2026-07-31,24.0,6950.0,579.05,19.44,12.15,20.93
2026-07-07,7503.85,2026-07-31,24.0,6955.0,574.8,19.64,12.35,20.86
2026-07-07,7503.85,2026-07-31,24.0,6960.0,569.45,19.33,12.55,20.79
2026-07-07,7503.85,2026-07-31,24.0,6965.0,565.2,19.52,12.75,20.72
2026-07-07,7503.85,2026-07-31,24.0,6970.0,559.9,19.24,12.95,20.65
2026-07-07,7503.85,2026-07-31,24.0,6975.0,555.15,19.2,13.15,20.57
2026-07-07,7503.85,2026-07-31,24.0,6980.0,550.35,19.14,13.35,20.49
2026-07-07,7503.85,2026-07-31,24.0,6985.0,545.55,19.07,13.55,20.42
2026-07-07,7503.85,2026-07-31,24.0,6990.0,540.8,19.03,13.75,20.34
2026-07-07,7503.85,2026-07-31,24.0,6995.0,536.05,18.98,14.0,20.27
2026-07-07,7503.85,2026-07-31,24.0,7000.0,531.7,19.09,14.25,20.21
2026-07-07,7503.85,2026-07-31,24.0,7005.0,527.2,19.14,14.45,20.13
2026-07-07,7503.85,2026-07-31,24.0,7010.0,521.8,18.83,14.65,20.04
2026-07-07,7503.85,2026-07-31,24.0,7015.0,517.55,18.96,14.9,19.97
2026-07-07,7503.85,2026-07-31,24.0,7020.0,512.5,18.79,15.15,19.9
2026-07-07,7503.85,2026-07-31,24.0,7025.0,507.7,18.71,15.4,19.83
2026-07-07,7503.85,2026-07-31,24.0,7030.0,503.1,18.71,15.65,19.76
2026-07-07,7503.85,2026-07-31,24.0,7035.0,498.75,18.78,15.9,19.68
2026-07-07,7503.85,2026-07-31,24.0,7040.0,493.5,18.54,16.15,19.6
2026-07-07,7503.85,2026-07-31,24.0,7045.0,488.85,18.51,16.45,19.54
2026-07-07,7503.85,2026-07-31,24.0,7050.0,486.5,19.23,16.7,19.46
2026-07-07,7503.85,2026-07-31,24.0,7055.0,481.8,19.16,16.95,19.38
2026-07-07,7503.85,2026-07-31,24.0,7060.0,477.05,19.08,17.25,19.31
2026-07-07,7503.85,2026-07-31,24.0,7065.0,472.35,19.01,17.55,19.24
2026-07-07,7503.85,2026-07-31,24.0,7070.0,467.75,18.97,17.85,19.17
2026-07-07,7503.85,2026-07-31,24.0,7075.0,463.05,18.9,18.15,19.1
2026-07-07,7503.85,2026-07-31,24.0,7080.0,458.35,18.82,18.45,19.02
2026-07-07,7503.85,2026-07-31,24.0,7085.0,453.65,18.75,18.75,18.95
2026-07-07,7503.85,2026-07-31,24.0,7090.0,449.0,18.68,19.1,18.88
2026-07-07,7503.85,2026-07-31,24.0,7095.0,444.35,18.62,19.4,18.8
2026-07-07,7503.85,2026-07-31,24.0,7100.0,439.7,18.55,19.75,18.73
2026-07-07,7503.85,2026-07-31,24.0,7105.0,435.05,18.48,20.1,18.66
2026-07-07,7503.85,2026-07-31,24.0,7110.0,430.4,18.41,20.4,18.58
2026-07-07,7503.85,2026-07-31,24.0,7115.0,425.8,18.35,20.8,18.52
2026-07-07,7503.85,2026-07-31,24.0,7120.0,421.2,18.28,21.15,18.44
2026-07-07,7503.85,2026-07-31,24.0,7125.0,416.55,18.21,21.5,18.37
2026-07-07,7503.85,2026-07-31,24.0,7130.0,411.95,18.14,21.9,18.3
2026-07-07,7503.85,2026-07-31,24.0,7135.0,407.35,18.07,22.3,18.23
2026-07-07,7503.85,2026-07-31,24.0,7140.0,402.75,18.0,22.7,18.16
2026-07-07,7503.85,2026-07-31,24.0,7145.0,398.2,17.94,23.1,18.09
2026-07-07,7503.85,2026-07-31,24.0,7150.0,393.6,17.87,23.5,18.01
2026-07-07,7503.85,2026-07-31,24.0,7155.0,389.05,17.8,23.9,17.94
2026-07-07,7503.85,2026-07-31,24.0,7160.0,384.45,17.72,24.3,17.86
2026-07-07,7503.85,2026-07-31,24.0,7165.0,379.95,17.67,24.8,17.8
2026-07-07,7503.85,2026-07-31,24.0,7170.0,375.4,17.6,25.2,17.72
2026-07-07,7503.85,2026-07-31,24.0,7175.0,370.85,17.52,25.7,17.66
2026-07-07,7503.85,2026-07-31,24.0,7180.0,366.35,17.46,26.2,17.59
2026-07-07,7503.85,2026-07-31,24.0,7185.0,361.85,17.39,26.6,17.5
2026-07-07,7503.85,2026-07-31,24.0,7190.0,357.35,17.32,27.1,17.44
2026-07-07,7503.85,2026-07-31,24.0,7195.0,352.9,17.26,27.6,17.37
2026-07-07,7503.85,2026-07-31,24.0,7200.0,348.4,17.19,28.1,17.29
2026-07-07,7503.85,2026-07-31,24.0,7205.0,343.9,17.12,28.65,17.23
2026-07-07,7503.85,2026-07-31,24.0,7210.0,339.5,17.06,29.2,17.16
2026-07-07,7503.85,2026-07-31,24.0,7215.0,335.05,16.99,29.7,17.08
2026-07-07,7503.85,2026-07-31,24.0,7220.0,330.6,16.92,30.3,17.02
2026-07-07,7503.85,2026-07-31,24.0,7225.0,326.15,16.85,30.85,16.95
2026-07-07,7503.85,2026-07-31,24.0,7230.0,321.75,16.78,31.4,16.87
2026-07-07,7503.85,2026-07-31,24.0,7235.0,317.4,16.72,32.0,16.8
2026-07-07,7503.85,2026-07-31,24.0,7240.0,313.0,16.65,32.6,16.73
2026-07-07,7503.85,2026-07-31,24.0,7245.0,308.6,16.58,33.25,16.67
2026-07-07,7503.85,2026-07-31,24.0,7250.0,304.3,16.52,33.85,16.59
2026-07-07,7503.85,2026-07-31,24.0,7255.0,299.95,16.45,34.5,16.52
2026-07-07,7503.85,2026-07-31,24.0,7260.0,295.6,16.38,35.15,16.45
2026-07-07,7503.85,2026-07-31,24.0,7265.0,291.3,16.31,35.85,16.38
2026-07-07,7503.85,2026-07-31,24.0,7270.0,287.0,16.24,36.55,16.32
2026-07-07,7503.85,2026-07-31,24.0,7275.0,282.7,16.17,37.25,16.24
2026-07-07,7503.85,2026-07-31,24.0,7280.0,278.45,16.11,37.95,16.17
2026-07-07,7503.85,2026-07-31,24.0,7285.0,274.15,16.03,38.65,16.1
2026-07-07,7503.85,2026-07-31,24.0,7290.0,269.95,15.97,39.45,16.03
2026-07-07,7503.85,2026-07-31,24.0,7295.0,265.7,15.9,40.15,15.95
2026-07-07,7503.85,2026-07-31,24.0,7300.0,261.5,15.83,40.95,15.89
2026-07-07,7503.85,2026-07-31,24.0,7305.0,257.3,15.76,41.75,15.82
2026-07-07,7503.85,2026-07-31,24.0,7310.0,253.15,15.7,42.55,15.74
2026-07-07,7503.85,2026-07-31,24.0,7315.0,248.95,15.63,43.4,15.68
2026-07-07,7503.85,2026-07-31,24.0,7320.0,244.8,15.56,44.25,15.6
2026-07-07,7503.85,2026-07-31,24.0,7325.0,240.7,15.49,45.1,15.53
2026-07-07,7503.85,2026-07-31,24.0,7330.0,236.6,15.42,45.95,15.45
2026-07-07,7503.85,2026-07-31,24.0,7335.0,232.5,15.35,46.85,15.38
2026-07-07,7503.85,2026-07-31,24.0,7340.0,228.5,15.29,47.85,15.32
2026-07-07,7503.85,2026-07-31,24.0,7345.0,224.4,15.22,48.75,15.25
2026-07-07,7503.85,2026-07-31,24.0,7350.0,220.4,15.15,49.7,15.17
2026-07-07,7503.85,2026-07-31,24.0,7355.0,216.4,15.08,50.7,15.1
2026-07-07,7503.85,2026-07-31,24.0,7360.0,212.4,15.01,51.75,15.04
2026-07-07,7503.85,2026-07-31,24.0,7365.0,208.45,14.95,52.75,14.97
2026-07-07,7503.85,2026-07-31,24.0,7370.0,204.5,14.88,53.75,14.89
2026-07-07,7503.85,2026-07-31,24.0,7375.0,200.65,14.82,54.85,14.82
2026-07-07,7503.85,2026-07-31,24.0,7380.0,196.7,14.74,55.95,14.75
2026-07-07,7503.85,2026-07-31,24.0,7385.0,192.9,14.68,57.05,14.68
2026-07-07,7503.85,2026-07-31,24.0,7390.0,189.1,14.62,58.2,14.6
2026-07-07,7503.85,2026-07-31,24.0,7395.0,185.25,14.55,59.35,14.53
2026-07-07,7503.85,2026-07-31,24.0,7400.0,181.45,14.48,60.5,14.45
2026-07-07,7503.85,2026-07-31,24.0,7405.0,177.7,14.41,61.75,14.39
2026-07-07,7503.85,2026-07-31,24.0,7410.0,173.9,14.33,63.0,14.32
2026-07-07,7503.85,2026-07-31,24.0,7415.0,170.2,14.27,64.25,14.24
2026-07-07,7503.85,2026-07-31,24.0,7420.0,166.5,14.2,65.55,14.17
2026-07-07,7503.85,2026-07-31,24.0,7425.0,162.85,14.13,66.9,14.1
2026-07-07,7503.85,2026-07-31,24.0,7430.0,159.2,14.06,68.2,14.02
2026-07-07,7503.85,2026-07-31,24.0,7435.0,155.6,13.99,69.6,13.95
2026-07-07,7503.85,2026-07-31,24.0,7440.0,152.0,13.92,71.0,13.88
2026-07-07,7503.85,2026-07-31,24.0,7445.0,148.5,13.86,72.45,13.81
2026-07-07,7503.85,2026-07-31,24.0,7450.0,145.0,13.79,73.9,13.73
2026-07-07,7503.85,2026-07-31,24.0,7455.0,141.5,13.72,75.4,13.66
2026-07-07,7503.85,2026-07-31,24.0,7460.0,138.05,13.65,77.0,13.59
2026-07-07,7503.85,2026-07-31,24.0,7465.0,134.6,13.58,78.5,13.51
2026-07-07,7503.85,2026-07-31,24.0,7470.0,131.25,13.51,80.1,13.44
2026-07-07,7503.85,2026-07-31,24.0,7475.0,127.9,13.45,81.75,13.37
2026-07-07,7503.85,2026-07-31,24.0,7480.0,124.6,13.38,83.5,13.3
2026-07-07,7503.85,2026-07-31,24.0,7485.0,121.3,13.31,85.2,13.23
2026-07-07,7503.85,2026-07-31,24.0,7490.0,118.1,13.25,86.9,13.15
2026-07-07,7503.85,2026-07-31,24.0,7495.0,114.9,13.18,88.7,13.08
2026-07-07,7503.85,2026-07-31,24.0,7500.0,111.75,13.11,90.55,13.01
2026-07-07,7503.85,2026-07-31,24.0,7505.0,108.6,13.04,92.4,12.94
2026-07-07,7503.85,2026-07-31,24.0,7510.0,105.55,12.98,94.3,12.86
2026-07-07,7503.85,2026-07-31,24.0,7515.0,102.45,12.91,96.3,12.8
2026-07-07,7503.85,2026-07-31,24.0,7520.0,99.45,12.84,98.25,12.72
2026-07-07,7503.85,2026-07-31,24.0,7525.0,96.55,12.78,100.25,12.65
2026-07-07,7503.85,2026-07-31,24.0,7530.0,93.7,12.73,102.4,12.58
2026-07-07,7503.85,2026-07-31,24.0,7535.0,90.8,12.66,104.5,12.51
2026-07-07,7503.85,2026-07-31,24.0,7540.0,88.0,12.6,106.65,12.44
2026-07-07,7503.85,2026-07-31,24.0,7545.0,85.2,12.53,108.9,12.37
2026-07-07,7503.85,2026-07-31,24.0,7550.0,82.45,12.47,111.1,12.29
2026-07-07,7503.85,2026-07-31,24.0,7555.0,79.8,12.41,113.4,12.22
2026-07-07,7503.85,2026-07-31,24.0,7560.0,77.2,12.35,115.8,12.15
2026-07-07,7503.85,2026-07-31,24.0,7565.0,74.6,12.29,118.2,12.08
2026-07-07,7503.85,2026-07-31,24.0,7570.0,72.05,12.23,120.6,12.0
2026-07-07,7503.85,2026-07-31,24.0,7575.0,69.5,12.16,123.1,11.93
2026-07-07,7503.85,2026-07-31,24.0,7580.0,67.1,12.11,125.7,11.87
2026-07-07,7503.85,2026-07-31,24.0,7585.0,64.7,12.05,128.3,11.8
2026-07-07,7503.85,2026-07-31,24.0,7590.0,62.35,11.99,130.9,11.72
2026-07-07,7503.85,2026-07-31,24.0,7595.0,60.1,11.93,133.6,11.65
2026-07-07,7503.85,2026-07-31,24.0,7600.0,57.8,11.87,136.4,11.58
2026-07-07,7503.85,2026-07-31,24.0,7605.0,55.7,11.82,139.2,11.51
2026-07-07,7503.85,2026-07-31,24.0,7610.0,53.55,11.77,142.0,11.43
2026-07-07,7503.85,2026-07-31,24.0,7615.0,51.45,11.71,144.95,11.36
2026-07-07,7503.85,2026-07-31,24.0,7620.0,49.45,11.66,147.9,11.28
2026-07-07,7503.85,2026-07-31,24.0,7625.0,47.45,11.61,150.9,11.21
2026-07-07,7503.85,2026-07-31,24.0,7630.0,45.55,11.56,154.0,11.14
2026-07-07,7503.85,2026-07-31,24.0,7635.0,43.65,11.5,157.1,11.06
2026-07-07,7503.85,2026-07-31,24.0,7640.0,41.85,11.45,160.05,10.95
2026-07-07,7503.85,2026-07-31,24.0,7645.0,40.1,11.41,163.3,10.87
2026-07-07,7503.85,2026-07-31,24.0,7650.0,38.35,11.35,166.6,10.79
2026-07-07,7503.85,2026-07-31,24.0,7655.0,36.7,11.31,169.9,10.7
2026-07-07,7503.85,2026-07-31,24.0,7660.0,35.1,11.26,173.25,10.61
2026-07-07,7503.85,2026-07-31,24.0,7665.0,33.5,11.21,176.7,10.53
2026-07-07,7503.85,2026-07-31,24.0,7670.0,32.0,11.17,180.2,10.44
2026-07-07,7503.85,2026-07-31,24.0,7675.0,30.55,11.13,183.65,10.33
2026-07-07,7503.85,2026-07-31,24.0,7680.0,29.1,11.08,187.2,10.22
2026-07-07,7503.85,2026-07-31,24.0,7685.0,27.8,11.05,190.95,10.14
2026-07-07,7503.85,2026-07-31,24.0,7690.0,26.5,11.01,194.55,10.0
2026-07-07,7503.85,2026-07-31,24.0,7695.0,25.25,10.97,198.3,9.89
2026-07-07,7503.85,2026-07-31,24.0,7700.0,24.0,10.93,202.1,9.76
2026-07-07,7503.85,2026-07-31,24.0,7705.0,22.85,10.89,205.85,9.59
2026-07-07,7503.85,2026-07-31,24.0,7710.0,21.7,10.85,209.7,9.41
2026-07-07,7503.85,2026-07-31,24.0,7715.0,20.6,10.81,213.6,9.2
2026-07-07,7503.85,2026-07-31,24.0,7720.0,19.6,10.79,217.55,8.92
2026-07-07,7503.85,2026-07-31,24.0,7725.0,18.5,10.73,221.55,8.48
2026-07-07,7503.85,2026-07-31,24.0,7730.0,17.6,10.71,,
2026-07-07,7503.85,2026-07-31,24.0,7735.0,16.7,10.68,,
2026-07-07,7503.85,2026-07-31,24.0,7740.0,15.8,10.65,,
2026-07-07,7503.85,2026-07-31,24.0,7745.0,15.0,10.62,,
2026-07-07,7503.85,2026-07-31,24.0,7750.0,14.15,10.58,,
2026-07-07,7503.85,2026-07-31,24.0,7755.0,13.4,10.56,,
2026-07-07,7503.85,2026-07-31,24.0,7760.0,12.65,10.53,,
2026-07-07,7503.85,2026-07-31,24.0,7765.0,12.0,10.51,,
2026-07-07,7503.85,2026-07-31,24.0,7770.0,11.3,10.48,,
2026-07-07,7503.85,2026-07-31,24.0,7775.0,10.65,10.45,,
2026-07-07,7503.85,2026-07-31,24.0,7780.0,10.05,10.42,,
2026-07-07,7503.85,2026-07-31,24.0,7785.0,9.5,10.41,,
2026-07-07,7503.85,2026-07-31,24.0,7790.0,8.95,10.38,,
2026-07-07,7503.85,2026-07-31,24.0,7795.0,8.4,10.35,,
2026-07-07,7503.85,2026-07-31,24.0,7800.0,7.95,10.34,,
2026-07-07,7503.85,2026-07-31,24.0,7810.0,7.05,10.31,,
2026-07-07,7503.85,2026-07-31,24.0,7820.0,6.2,10.26,,
2026-07-07,7503.85,2026-07-31,24.0,7825.0,5.85,10.25,,
2026-07-07,7503.85,2026-07-31,24.0,7830.0,5.5,10.24,,
2026-07-07,7503.85,2026-07-31,24.0,7840.0,4.85,10.21,,
2026-07-07,7503.85,2026-07-31,24.0,7850.0,4.35,10.22,,
2026-07-07,7503.85,2026-07-31,24.0,7860.0,3.8,10.18,,
2026-07-07,7503.85,2026-07-31,24.0,7870.0,3.35,10.16,,
2026-07-07,7503.85,2026-07-31,24.0,7875.0,3.15,10.16,,
2026-07-07,7503.85,2026-07-31,24.0,7880.0,2.98,10.17,,
2026-07-07,7503.85,2026-07-31,24.0,7890.0,2.67,10.2,,
2026-07-07,7503.85,2026-07-31,24.0,7900.0,2.35,10.19,,
2026-07-07,7503.85,2026-07-31,24.0,7910.0,2.1,10.21,,
2026-07-07,7503.85,2026-07-31,24.0,7920.0,1.9,10.25,,
2026-07-07,7503.85,2026-07-31,24.0,7925.0,1.8,10.27,,
2026-07-07,7503.85,2026-07-31,24.0,7930.0,1.7,10.28,,
2026-07-07,7503.85,2026-07-31,24.0,7940.0,1.55,10.33,,
2026-07-07,7503.85,2026-07-31,24.0,7950.0,1.38,10.35,,
2026-07-07,7503.85,2026-07-31,24.0,7960.0,1.25,10.4,,
2026-07-07,7503.85,2026-07-31,24.0,7970.0,1.15,10.47,,
2026-07-07,7503.85,2026-07-31,24.0,7975.0,1.1,10.5,,
2026-07-07,7503.85,2026-07-31,24.0,7980.0,1.05,10.53,,
2026-07-07,7503.85,2026-07-31,24.0,7990.0,0.95,10.57,,
2026-07-07,7503.85,2026-07-31,24.0,8000.0,0.88,10.64,,
2026-07-07,7503.85,2026-07-31,24.0,8010.0,0.8,10.7,,
2026-07-07,7503.85,2026-07-31,24.0,8020.0,0.73,10.75,,
2026-07-07,7503.85,2026-07-31,24.0,8025.0,0.73,10.84,,
2026-07-07,7503.85,2026-07-31,24.0,8030.0,0.68,10.83,,
2026-07-07,7503.85,2026-07-31,24.0,8040.0,0.62,10.91,,
2026-07-07,7503.85,2026-07-31,24.0,8050.0,0.57,10.97,,
2026-07-07,7503.85,2026-07-31,24.0,8060.0,0.55,11.09,,
2026-07-07,7503.85,2026-07-31,24.0,8070.0,0.53,11.2,,
2026-07-07,7503.85,2026-07-31,24.0,8075.0,0.48,11.16,,
2026-07-07,7503.85,2026-07-31,24.0,8080.0,0.48,11.24,,
2026-07-07,7503.85,2026-07-31,24.0,8090.0,0.45,11.34,,
2026-07-07,7503.85,2026-07-31,24.0,8100.0,0.42,11.44,,
2026-07-07,7503.85,2026-07-31,24.0,8125.0,0.38,11.7,,
2026-07-07,7503.85,2026-07-31,24.0,8150.0,0.33,11.92,,
2026-07-07,7503.85,2026-07-31,24.0,8175.0,0.3,12.22,,
2026-07-07,7503.85,2026-07-31,24.0,8200.0,0.28,12.51,,
2026-07-07,7503.85,2026-07-31,24.0,8225.0,0.25,12.78,,
2026-07-07,7503.85,2026-07-31,24.0,8250.0,0.22,13.03,,
2026-07-07,7503.85,2026-07-31,24.0,8275.0,0.22,13.41,,
2026-07-07,7503.85,2026-07-31,24.0,8300.0,0.2,13.64,,
2026-07-07,7503.85,2026-07-31,24.0,8325.0,0.2,14.01,,
2026-07-07,7503.85,2026-07-31,24.0,8350.0,0.17,14.2,,
2026-07-07,7503.85,2026-07-31,24.0,8375.0,0.17,14.57,,
2026-07-07,7503.85,2026-07-31,24.0,8400.0,0.15,14.73,,
2026-07-07,7503.85,2026-07-31,24.0,8425.0,0.15,15.09,,
2026-07-07,7503.85,2026-07-31,24.0,8450.0,0.15,15.44,,
2026-07-07,7503.85,2026-07-31,24.0,8475.0,0.12,15.55,,
2026-07-07,7503.85,2026-07-31,24.0,8500.0,0.12,15.89,,
2026-07-07,7503.85,2026-07-31,24.0,8525.0,0.12,16.24,,
2026-07-07,7503.85,2026-07-31,24.0,8550.0,0.1,16.28,,
2026-07-07,7503.85,2026-07-31,24.0,8600.0,0.1,16.95,,
2026-07-07,7503.85,2026-08-03,27.0,5800.0,,,1.77,39.41
2026-07-07,7503.85,2026-08-03,27.0,5900.0,,,2.02,37.68
2026-07-07,7503.85,2026-08-03,27.0,6000.0,,,2.3,35.93
2026-07-07,7503.85,2026-08-03,27.0,6100.0,,,2.62,34.18
2026-07-07,7503.85,2026-08-03,27.0,6200.0,,,3.05,32.5
2026-07-07,7503.85,2026-08-03,27.0,6300.0,,,3.55,30.8
2026-07-07,7503.85,2026-08-03,27.0,6400.0,,,4.15,29.1
2026-07-07,7503.85,2026-08-03,27.0,6425.0,,,4.35,28.7
2026-07-07,7503.85,2026-08-03,27.0,6450.0,,,4.55,28.29
2026-07-07,7503.85,2026-08-03,27.0,6475.0,,,4.75,27.87
2026-07-07,7503.85,2026-08-03,27.0,6500.0,,,4.95,27.45
2026-07-07,7503.85,2026-08-03,27.0,6525.0,,,5.2,27.05
2026-07-07,7503.85,2026-08-03,27.0,6550.0,971.55,17.12,5.4,26.6
2026-07-07,7503.85,2026-08-03,27.0,6575.0,946.85,18.34,5.7,26.22
2026-07-07,7503.85,2026-08-03,27.0,6600.0,922.25,19.15,5.95,25.78
2026-07-07,7503.85,2026-08-03,27.0,6625.0,897.65,19.53,6.25,25.37
2026-07-07,7503.85,2026-08-03,27.0,6650.0,873.05,19.7,6.6,24.99
2026-07-07,7503.85,2026-08-03,27.0,6675.0,848.45,19.73,6.9,24.55
2026-07-07,7503.85,2026-08-03,27.0,6700.0,823.9,19.74,7.3,24.16
2026-07-07,7503.85,2026-08-03,27.0,6725.0,799.4,19.73,7.7,23.76
2026-07-07,7503.85,2026-08-03,27.0,6750.0,774.95,19.68,8.1,23.34
2026-07-07,7503.85,2026-08-03,27.0,6775.0,750.5,19.56,8.65,22.98
2026-07-07,7503.85,2026-08-03,27.0,6800.0,726.15,19.47,9.15,22.57
2026-07-07,7503.85,2026-08-03,27.0,6825.0,701.75,19.28,9.75,22.2
2026-07-07,7503.85,2026-08-03,27.0,6850.0,677.5,19.14,10.4,21.82
2026-07-07,7503.85,2026-08-03,27.0,6875.0,653.3,18.97,11.1,21.45
2026-07-07,7503.85,2026-08-03,27.0,6900.0,629.15,18.78,11.9,21.08
2026-07-07,7503.85,2026-08-03,27.0,6925.0,605.1,18.59,12.7,20.7
2026-07-07,7503.85,2026-08-03,27.0,6950.0,581.15,18.39,13.7,20.35
2026-07-07,7503.85,2026-08-03,27.0,6975.0,557.25,18.17,14.7,19.98
2026-07-07,7503.85,2026-08-03,27.0,7000.0,533.5,17.95,15.85,19.63
2026-07-07,7503.85,2026-08-03,27.0,7025.0,509.85,17.72,17.1,19.27
2026-07-07,7503.85,2026-08-03,27.0,7050.0,488.9,18.28,18.5,18.92
2026-07-07,7503.85,2026-08-03,27.0,7075.0,465.5,17.98,20.05,18.58
2026-07-07,7503.85,2026-08-03,27.0,7100.0,442.3,17.68,21.75,18.23
2026-07-07,7503.85,2026-08-03,27.0,7125.0,419.25,17.37,23.65,17.89
2026-07-07,7503.85,2026-08-03,27.0,7150.0,396.4,17.07,25.75,17.55
2026-07-07,7503.85,2026-08-03,27.0,7175.0,373.8,16.77,28.05,17.21
2026-07-07,7503.85,2026-08-03,27.0,7200.0,351.45,16.47,30.55,16.86
2026-07-07,7503.85,2026-08-03,27.0,7225.0,329.35,16.16,33.45,16.54
2026-07-07,7503.85,2026-08-03,27.0,7240.0,316.25,15.98,35.25,16.33
2026-07-07,7503.85,2026-08-03,27.0,7250.0,307.55,15.85,36.55,16.2
2026-07-07,7503.85,2026-08-03,27.0,7260.0,298.95,15.73,37.85,16.05
2026-07-07,7503.85,2026-08-03,27.0,7270.0,290.35,15.6,39.25,15.92
2026-07-07,7503.85,2026-08-03,27.0,7275.0,286.1,15.54,40.05,15.86
2026-07-07,7503.85,2026-08-03,27.0,7280.0,281.9,15.49,40.75,15.79
2026-07-07,7503.85,2026-08-03,27.0,7290.0,273.4,15.36,42.25,15.65
2026-07-07,7503.85,2026-08-03,27.0,7300.0,265.05,15.24,43.85,15.52
2026-07-07,7503.85,2026-08-03,27.0,7310.0,256.75,15.12,45.5,15.39
2026-07-07,7503.85,2026-08-03,27.0,7320.0,248.45,14.98,47.25,15.26
2026-07-07,7503.85,2026-08-03,27.0,7325.0,244.35,14.92,48.15,15.19
2026-07-07,7503.85,2026-08-03,27.0,7330.0,240.25,14.85,49.05,15.12
2026-07-07,7503.85,2026-08-03,27.0,7340.0,232.15,14.73,50.9,14.98
2026-07-07,7503.85,2026-08-03,27.0,7350.0,224.1,14.6,52.85,14.85
2026-07-07,7503.85,2026-08-03,27.0,7360.0,216.15,14.47,54.9,14.72
2026-07-07,7503.85,2026-08-03,27.0,7370.0,208.3,14.35,57.0,14.58
2026-07-07,7503.85,2026-08-03,27.0,7375.0,204.4,14.29,58.1,14.51
2026-07-07,7503.85,2026-08-03,27.0,7380.0,200.7,14.25,59.2,14.45
2026-07-07,7503.85,2026-08-03,27.0,7390.0,193.05,14.12,61.5,14.31
2026-07-07,7503.85,2026-08-03,27.0,7400.0,185.45,14.0,63.9,14.18
2026-07-07,7503.85,2026-08-03,27.0,7410.0,177.95,13.87,66.4,14.04
2026-07-07,7503.85,2026-08-03,27.0,7420.0,170.65,13.75,69.0,13.91
2026-07-07,7503.85,2026-08-03,27.0,7425.0,166.95,13.68,70.3,13.83
2026-07-07,7503.85,2026-08-03,27.0,7430.0,163.35,13.62,71.7,13.77
2026-07-07,7503.85,2026-08-03,27.0,7440.0,156.2,13.49,74.5,13.63
2026-07-07,7503.85,2026-08-03,27.0,7450.0,149.15,13.36,77.45,13.49
2026-07-07,7503.85,2026-08-03,27.0,7460.0,142.25,13.24,80.5,13.36
2026-07-07,7503.85,2026-08-03,27.0,7470.0,135.5,13.12,83.75,13.23
2026-07-07,7503.85,2026-08-03,27.0,7475.0,132.15,13.05,85.35,13.15
2026-07-07,7503.85,2026-08-03,27.0,7480.0,128.85,12.99,87.05,13.09
2026-07-07,7503.85,2026-08-03,27.0,7490.0,122.35,12.87,90.55,12.96
2026-07-07,7503.85,2026-08-03,27.0,7500.0,116.05,12.75,94.15,12.82
2026-07-07,7503.85,2026-08-03,27.0,7510.0,109.85,12.63,97.9,12.68
2026-07-07,7503.85,2026-08-03,27.0,7520.0,103.75,12.5,101.85,12.55
2026-07-07,7503.85,2026-08-03,27.0,7525.0,100.85,12.45,103.85,12.48
2026-07-07,7503.85,2026-08-03,27.0,7530.0,97.95,12.39,105.95,12.42
2026-07-07,7503.85,2026-08-03,27.0,7540.0,92.25,12.27,110.25,12.29
2026-07-07,7503.85,2026-08-03,27.0,7550.0,86.65,12.15,114.65,12.15
2026-07-07,7503.85,2026-08-03,27.0,7560.0,81.3,12.03,119.25,12.02
2026-07-07,7503.85,2026-08-03,27.0,7570.0,76.15,11.92,124.05,11.88
2026-07-07,7503.85,2026-08-03,27.0,7575.0,73.65,11.87,126.55,11.82
2026-07-07,7503.85,2026-08-03,27.0,7580.0,71.2,11.82,129.05,11.75
2026-07-07,7503.85,2026-08-03,27.0,7590.0,66.4,11.71,134.25,11.62
2026-07-07,7503.85,2026-08-03,27.0,7600.0,61.8,11.6,139.65,11.49
2026-07-07,7503.85,2026-08-03,27.0,7610.0,57.4,11.5,145.25,11.36
2026-07-07,7503.85,2026-08-03,27.0,7620.0,53.15,11.39,151.0,11.22
2026-07-07,7503.85,2026-08-03,27.0,7625.0,51.2,11.35,153.95,11.15
2026-07-07,7503.85,2026-08-03,27.0,7630.0,49.2,11.3,156.95,11.08
2026-07-07,7503.85,2026-08-03,27.0,7640.0,45.35,11.19,163.15,10.94
2026-07-07,7503.85,2026-08-03,27.0,7650.0,41.85,11.11,169.35,10.76
2026-07-07,7503.85,2026-08-03,27.0,7660.0,38.45,11.02,175.95,10.61
2026-07-07,7503.85,2026-08-03,27.0,7670.0,35.25,10.94,182.75,10.46
2026-07-07,7503.85,2026-08-03,27.0,7675.0,33.75,10.9,186.2,10.38
2026-07-07,7503.85,2026-08-03,27.0,7680.0,32.25,10.86,189.7,10.29
2026-07-07,7503.85,2026-08-03,27.0,7700.0,26.85,10.71,204.2,9.87
2026-07-07,7503.85,2026-08-03,27.0,7725.0,21.1,10.54,223.45,9.11
2026-07-07,7503.85,2026-08-03,27.0,7750.0,16.35,10.38,243.6,10.07
2026-07-07,7503.85,2026-08-03,27.0,7775.0,12.5,10.25,,
2026-07-07,7503.85,2026-08-03,27.0,7800.0,9.5,10.15,,
2026-07-07,7503.85,2026-08-03,27.0,7825.0,7.1,10.05,,
2026-07-07,7503.85,2026-08-03,27.0,7850.0,5.3,9.99,,
2026-07-07,7503.85,2026-08-03,27.0,7875.0,3.9,9.93,,
2026-07-07,7503.85,2026-08-03,27.0,7900.0,3.03,9.99,,
2026-07-07,7503.85,2026-08-03,27.0,7925.0,2.33,10.04,,
2026-07-07,7503.85,2026-08-03,27.0,7950.0,1.8,10.12,,
2026-07-07,7503.85,2026-08-03,27.0,7975.0,1.43,10.23,,
2026-07-07,7503.85,2026-08-03,27.0,8000.0,1.15,10.37,,
2026-07-07,7503.85,2026-08-03,27.0,8025.0,0.95,10.55,,
2026-07-07,7503.85,2026-08-03,27.0,8050.0,0.8,10.74,,
2026-07-07,7503.85,2026-08-03,27.0,8100.0,0.57,11.13,,
2026-07-07,7503.85,2026-08-03,27.0,8200.0,0.38,12.15,,
2026-07-07,7503.85,2026-08-03,27.0,8400.0,0.2,14.22,,
2026-07-07,7503.85,2026-08-03,27.0,8600.0,0.15,16.51,,
2026-07-07,7503.85,2026-08-04,28.0,5800.0,,,2.0,39.27
2026-07-07,7503.85,2026-08-04,28.0,5900.0,,,2.27,37.56
2026-07-07,7503.85,2026-08-04,28.0,6000.0,,,2.58,35.82
2026-07-07,7503.85,2026-08-04,28.0,6100.0,,,2.95,34.11
2026-07-07,7503.85,2026-08-04,28.0,6200.0,,,3.35,32.35
2026-07-07,7503.85,2026-08-04,28.0,6300.0,,,3.95,30.74
2026-07-07,7503.85,2026-08-04,28.0,6400.0,,,4.6,29.05
2026-07-07,7503.85,2026-08-04,28.0,6450.0,,,5.0,28.22
2026-07-07,7503.85,2026-08-04,28.0,6475.0,,,5.2,27.79
2026-07-07,7503.85,2026-08-04,28.0,6500.0,1022.2,18.85,5.45,27.39
2026-07-07,7503.85,2026-08-04,28.0,6525.0,997.55,19.77,5.7,26.98
2026-07-07,7503.85,2026-08-04,28.0,6550.0,972.85,20.05,5.9,26.53
2026-07-07,7503.85,2026-08-04,28.0,6575.0,948.25,20.39,6.2,26.13
2026-07-07,7503.85,2026-08-04,28.0,6600.0,923.6,20.45,6.5,25.73
2026-07-07,7503.85,2026-08-04,28.0,6625.0,899.0,20.49,6.85,25.34
2026-07-07,7503.85,2026-08-04,28.0,6650.0,874.45,20.52,7.2,24.94
2026-07-07,7503.85,2026-08-04,28.0,6675.0,849.9,20.46,7.55,24.53
2026-07-07,7503.85,2026-08-04,28.0,6700.0,825.35,20.33,7.95,24.13
2026-07-07,7503.85,2026-08-04,28.0,6725.0,800.9,20.25,8.4,23.74
2026-07-07,7503.85,2026-08-04,28.0,6750.0,776.45,20.11,8.85,23.33
2026-07-07,7503.85,2026-08-04,28.0,6775.0,752.05,19.95,9.4,22.96
2026-07-07,7503.85,2026-08-04,28.0,6800.0,727.75,19.82,9.95,22.57
2026-07-07,7503.85,2026-08-04,28.0,6825.0,703.45,19.63,10.6,22.2
2026-07-07,7503.85,2026-08-04,28.0,6850.0,679.25,19.46,11.3,21.83
2026-07-07,7503.85,2026-08-04,28.0,6875.0,655.05,19.24,12.0,21.44
2026-07-07,7503.85,2026-08-04,28.0,6900.0,630.95,19.03,12.85,21.09
2026-07-07,7503.85,2026-08-04,28.0,6925.0,606.95,18.81,13.7,20.7
2026-07-07,7503.85,2026-08-04,28.0,6950.0,583.05,18.6,14.7,20.35
2026-07-07,7503.85,2026-08-04,28.0,6975.0,559.25,18.37,15.8,20.0
2026-07-07,7503.85,2026-08-04,28.0,7000.0,535.55,18.14,17.0,19.64
2026-07-07,7503.85,2026-08-04,28.0,7025.0,514.55,18.71,18.35,19.3
2026-07-07,7503.85,2026-08-04,28.0,7050.0,491.05,18.39,19.8,18.95
2026-07-07,7503.85,2026-08-04,28.0,7075.0,467.75,18.09,21.4,18.61
2026-07-07,7503.85,2026-08-04,28.0,7100.0,444.6,17.79,23.2,18.27
2026-07-07,7503.85,2026-08-04,28.0,7125.0,421.65,17.49,25.15,17.93
2026-07-07,7503.85,2026-08-04,28.0,7150.0,398.9,17.18,27.25,17.58
2026-07-07,7503.85,2026-08-04,28.0,7175.0,376.35,16.88,29.65,17.25
2026-07-07,7503.85,2026-08-04,28.0,7200.0,354.05,16.57,32.3,16.92
2026-07-07,7503.85,2026-08-04,28.0,7225.0,332.1,16.27,35.2,16.58
2026-07-07,7503.85,2026-08-04,28.0,7250.0,310.35,15.96,38.4,16.25
2026-07-07,7503.85,2026-08-04,28.0,7275.0,289.0,15.65,41.95,15.91
2026-07-07,7503.85,2026-08-04,28.0,7300.0,268.0,15.34,45.9,15.59
2026-07-07,7503.85,2026-08-04,28.0,7325.0,247.35,15.02,50.2,15.25
2026-07-07,7503.85,2026-08-04,28.0,7330.0,243.25,14.96,51.1,15.18
2026-07-07,7503.85,2026-08-04,28.0,7340.0,235.15,14.83,53.0,15.05
2026-07-07,7503.85,2026-08-04,28.0,7350.0,227.15,14.7,55.0,14.92
2026-07-07,7503.85,2026-08-04,28.0,7360.0,219.25,14.58,57.1,14.79
2026-07-07,7503.85,2026-08-04,28.0,7370.0,211.45,14.46,59.2,14.65
2026-07-07,7503.85,2026-08-04,28.0,7375.0,207.7,14.42,60.3,14.58
2026-07-07,7503.85,2026-08-04,28.0,7380.0,203.85,14.36,61.4,14.51
2026-07-07,7503.85,2026-08-04,28.0,7390.0,196.15,14.22,63.75,14.38
2026-07-07,7503.85,2026-08-04,28.0,7400.0,188.65,14.11,66.15,14.25
2026-07-07,7503.85,2026-08-04,28.0,7410.0,181.15,13.97,68.65,14.11
2026-07-07,7503.85,2026-08-04,28.0,7420.0,173.75,13.84,71.25,13.98
2026-07-07,7503.85,2026-08-04,28.0,7425.0,170.15,13.79,72.6,13.91
2026-07-07,7503.85,2026-08-04,28.0,7430.0,166.55,13.72,73.95,13.84
2026-07-07,7503.85,2026-08-04,28.0,7440.0,159.45,13.6,76.85,13.71
2026-07-07,7503.85,2026-08-04,28.0,7450.0,152.4,13.48,79.75,13.57
2026-07-07,7503.85,2026-08-04,28.0,7460.0,145.5,13.35,82.85,13.44
2026-07-07,7503.85,2026-08-04,28.0,7470.0,138.75,13.23,86.05,13.31
2026-07-07,7503.85,2026-08-04,28.0,7475.0,135.4,13.17,87.65,13.23
2026-07-07,7503.85,2026-08-04,28.0,7480.0,132.1,13.1,89.35,13.17
2026-07-07,7503.85,2026-08-04,28.0,7490.0,125.6,12.98,92.85,13.04
2026-07-07,7503.85,2026-08-04,28.0,7500.0,119.25,12.86,96.45,12.9
2026-07-07,7503.85,2026-08-04,28.0,7510.0,113.05,12.74,100.25,12.77
2026-07-07,7503.85,2026-08-04,28.0,7520.0,107.0,12.62,104.15,12.64
2026-07-07,7503.85,2026-08-04,28.0,7525.0,104.05,12.56,106.15,12.57
2026-07-07,7503.85,2026-08-04,28.0,7530.0,101.15,12.51,108.25,12.51
2026-07-07,7503.85,2026-08-04,28.0,7540.0,95.4,12.39,112.45,12.37
2026-07-07,7503.85,2026-08-04,28.0,7550.0,89.85,12.27,116.9,12.25
2026-07-07,7503.85,2026-08-04,28.0,7560.0,84.45,12.16,121.5,12.12
2026-07-07,7503.85,2026-08-04,28.0,7570.0,79.25,12.05,126.25,11.98
2026-07-07,7503.85,2026-08-04,28.0,7575.0,76.7,11.99,128.7,11.92
2026-07-07,7503.85,2026-08-04,28.0,7580.0,74.25,11.94,131.2,11.85
2026-07-07,7503.85,2026-08-04,28.0,7590.0,69.4,11.83,136.35,11.72
2026-07-07,7503.85,2026-08-04,28.0,7600.0,64.75,11.73,141.65,11.58
2026-07-07,7503.85,2026-08-04,28.0,7610.0,60.35,11.63,147.2,11.46
2026-07-07,7503.85,2026-08-04,28.0,7625.0,54.05,11.48,155.85,11.25
2026-07-07,7503.85,2026-08-04,28.0,7650.0,44.5,11.25,171.4,10.93
2026-07-07,7503.85,2026-08-04,28.0,7675.0,36.15,11.03,187.8,10.51
2026-07-07,7503.85,2026-08-04,28.0,7700.0,29.05,10.84,205.6,10.04
2026-07-07,7503.85,2026-08-04,28.0,7725.0,23.05,10.67,224.5,9.36
2026-07-07,7503.85,2026-08-04,28.0,7750.0,18.05,10.52,,
2026-07-07,7503.85,2026-08-04,28.0,7775.0,14.0,10.39,,
2026-07-07,7503.85,2026-08-04,28.0,7800.0,10.7,10.27,,
2026-07-07,7503.85,2026-08-04,28.0,7825.0,8.2,10.2,,
2026-07-07,7503.85,2026-08-04,28.0,7850.0,6.2,10.13,,
2026-07-07,7503.85,2026-08-04,28.0,7875.0,4.7,10.1,,
2026-07-07,7503.85,2026-08-04,28.0,7900.0,3.55,10.09,,
2026-07-07,7503.85,2026-08-04,28.0,7925.0,2.75,10.14,,
2026-07-07,7503.85,2026-08-04,28.0,7950.0,2.12,10.19,,
2026-07-07,7503.85,2026-08-04,28.0,7975.0,1.65,10.26,,
2026-07-07,7503.85,2026-08-04,28.0,8000.0,1.35,10.41,,
2026-07-07,7503.85,2026-08-04,28.0,8025.0,1.1,10.55,,
2026-07-07,7503.85,2026-08-04,28.0,8050.0,0.9,10.69,,
2026-07-07,7503.85,2026-08-04,28.0,8100.0,0.65,11.08,,
2026-07-07,7503.85,2026-08-04,28.0,8200.0,0.4,12.0,,
2026-07-07,7503.85,2026-08-04,28.0,8400.0,0.2,13.95,,
2026-07-07,7503.85,2026-08-04,28.0,8600.0,0.15,16.2,,
2026-07-07,7503.85,2026-08-05,29.0,5800.0,,,2.12,38.89
2026-07-07,7503.85,2026-08-05,29.0,5900.0,,,2.42,37.22
2026-07-07,7503.85,2026-08-05,29.0,6000.0,,,2.77,35.56
2026-07-07,7503.85,2026-08-05,29.0,6100.0,,,3.15,33.84
2026-07-07,7503.85,2026-08-05,29.0,6200.0,,,3.65,32.2
2026-07-07,7503.85,2026-08-05,29.0,6300.0,,,4.25,30.55
2026-07-07,7503.85,2026-08-05,29.0,6400.0,,,4.95,28.89
2026-07-07,7503.85,2026-08-05,29.0,6450.0,1072.75,19.74,5.4,28.09
2026-07-07,7503.85,2026-08-05,29.0,6475.0,1048.05,20.37,5.6,27.65
2026-07-07,7503.85,2026-08-05,29.0,6500.0,1023.4,20.82,5.8,27.21
2026-07-07,7503.85,2026-08-05,29.0,6525.0,998.75,21.03,6.1,26.84
2026-07-07,7503.85,2026-08-05,29.0,6550.0,974.1,21.11,6.4,26.45
2026-07-07,7503.85,2026-08-05,29.0,6575.0,949.5,21.18,6.7,26.04
2026-07-07,7503.85,2026-08-05,29.0,6600.0,924.9,21.15,7.0,25.63
2026-07-07,7503.85,2026-08-05,29.0,6625.0,900.35,21.12,7.35,25.24
2026-07-07,7503.85,2026-08-05,29.0,6650.0,875.8,21.02,7.75,24.86
2026-07-07,7503.85,2026-08-05,29.0,6675.0,851.25,20.86,8.15,24.46
2026-07-07,7503.85,2026-08-05,29.0,6700.0,826.8,20.76,8.55,24.05
2026-07-07,7503.85,2026-08-05,29.0,6725.0,802.35,20.6,9.05,23.68
2026-07-07,7503.85,2026-08-05,29.0,6750.0,777.95,20.43,9.55,23.29
2026-07-07,7503.85,2026-08-05,29.0,6775.0,753.65,20.28,10.1,22.91
2026-07-07,7503.85,2026-08-05,29.0,6800.0,729.35,20.09,10.7,22.53
2026-07-07,7503.85,2026-08-05,29.0,6825.0,705.05,19.86,11.4,22.17
2026-07-07,7503.85,2026-08-05,29.0,6850.0,680.9,19.67,12.1,21.8
2026-07-07,7503.85,2026-08-05,29.0,6875.0,656.8,19.46,12.9,21.43
2026-07-07,7503.85,2026-08-05,29.0,6900.0,632.75,19.23,13.8,21.08
2026-07-07,7503.85,2026-08-05,29.0,6925.0,608.85,19.02,14.7,20.71
2026-07-07,7503.85,2026-08-05,29.0,6950.0,584.95,18.77,15.8,20.37
2026-07-07,7503.85,2026-08-05,29.0,6975.0,561.25,18.55,16.9,20.01
2026-07-07,7503.85,2026-08-05,29.0,7000.0,537.55,18.28,18.2,19.67
2026-07-07,7503.85,2026-08-05,29.0,7025.0,516.65,18.81,19.6,19.33
2026-07-07,7503.85,2026-08-05,29.0,7050.0,493.25,18.5,21.1,18.98
2026-07-07,7503.85,2026-08-05,29.0,7075.0,470.0,18.19,22.8,18.65
2026-07-07,7503.85,2026-08-05,29.0,7100.0,446.95,17.9,24.65,18.31
2026-07-07,7503.85,2026-08-05,29.0,7125.0,424.05,17.59,26.65,17.97
2026-07-07,7503.85,2026-08-05,29.0,7150.0,401.4,17.29,28.9,17.64
2026-07-07,7503.85,2026-08-05,29.0,7175.0,378.95,16.99,31.35,17.3
2026-07-07,7503.85,2026-08-05,29.0,7200.0,356.75,16.68,34.05,16.97
2026-07-07,7503.85,2026-08-05,29.0,7225.0,334.8,16.37,37.05,16.64
2026-07-07,7503.85,2026-08-05,29.0,7250.0,313.15,16.06,40.35,16.32
2026-07-07,7503.85,2026-08-05,29.0,7275.0,291.9,15.76,44.0,15.99
2026-07-07,7503.85,2026-08-05,29.0,7300.0,270.95,15.45,48.0,15.66
2026-07-07,7503.85,2026-08-05,29.0,7325.0,250.4,15.13,52.4,15.33
2026-07-07,7503.85,2026-08-05,29.0,7330.0,246.3,15.07,53.3,15.26
2026-07-07,7503.85,2026-08-05,29.0,7340.0,238.3,14.95,55.3,15.14
2026-07-07,7503.85,2026-08-05,29.0,7350.0,230.3,14.82,57.3,15.0
2026-07-07,7503.85,2026-08-05,29.0,7360.0,222.4,14.69,59.35,14.87
2026-07-07,7503.85,2026-08-05,29.0,7370.0,214.6,14.57,61.5,14.73
2026-07-07,7503.85,2026-08-05,29.0,7375.0,210.95,14.54,62.6,14.67
2026-07-07,7503.85,2026-08-05,29.0,7380.0,207.05,14.47,63.75,14.6
2026-07-07,7503.85,2026-08-05,29.0,7390.0,199.45,14.35,66.1,14.47
2026-07-07,7503.85,2026-08-05,29.0,7400.0,191.85,14.22,68.5,14.33
2026-07-07,7503.85,2026-08-05,29.0,7410.0,184.45,14.1,71.05,14.2
2026-07-07,7503.85,2026-08-05,29.0,7420.0,177.1,13.97,73.65,14.07
2026-07-07,7503.85,2026-08-05,29.0,7425.0,173.45,13.91,75.05,14.01
2026-07-07,7503.85,2026-08-05,29.0,7430.0,169.85,13.84,76.4,13.93
2026-07-07,7503.85,2026-08-05,29.0,7440.0,162.75,13.72,79.25,13.8
2026-07-07,7503.85,2026-08-05,29.0,7450.0,155.75,13.6,82.25,13.67
2026-07-07,7503.85,2026-08-05,29.0,7460.0,148.85,13.47,85.25,13.53
2026-07-07,7503.85,2026-08-05,29.0,7470.0,142.1,13.35,88.5,13.4
2026-07-07,7503.85,2026-08-05,29.0,7475.0,138.75,13.29,90.15,13.34
2026-07-07,7503.85,2026-08-05,29.0,7480.0,135.45,13.23,91.85,13.27
2026-07-07,7503.85,2026-08-05,29.0,7490.0,129.0,13.11,95.3,13.14
2026-07-07,7503.85,2026-08-05,29.0,7500.0,122.65,12.99,98.95,13.01
2026-07-07,7503.85,2026-08-05,29.0,7510.0,116.45,12.88,102.7,12.88
2026-07-07,7503.85,2026-08-05,29.0,7520.0,110.35,12.75,106.6,12.75
2026-07-07,7503.85,2026-08-05,29.0,7525.0,107.4,12.7,108.6,12.68
2026-07-07,7503.85,2026-08-05,29.0,7530.0,104.45,12.64,110.65,12.62
2026-07-07,7503.85,2026-08-05,29.0,7540.0,98.75,12.53,114.9,12.49
2026-07-07,7503.85,2026-08-05,29.0,7550.0,93.15,12.41,119.3,12.36
2026-07-07,7503.85,2026-08-05,29.0,7560.0,87.75,12.3,123.85,12.23
2026-07-07,7503.85,2026-08-05,29.0,7570.0,82.55,12.2,128.6,12.1
2026-07-07,7503.85,2026-08-05,29.0,7575.0,80.0,12.14,131.05,12.04
2026-07-07,7503.85,2026-08-05,29.0,7580.0,77.5,12.09,133.55,11.97
2026-07-07,7503.85,2026-08-05,29.0,7590.0,72.65,11.99,138.65,11.85
2026-07-07,7503.85,2026-08-05,29.0,7600.0,67.95,11.88,143.9,11.71
2026-07-07,7503.85,2026-08-05,29.0,7610.0,63.45,11.78,149.35,11.58
2026-07-07,7503.85,2026-08-05,29.0,7625.0,57.05,11.64,157.95,11.39
2026-07-07,7503.85,2026-08-05,29.0,7650.0,47.35,11.41,173.15,11.04
2026-07-07,7503.85,2026-08-05,29.0,7675.0,38.8,11.19,189.4,10.64
2026-07-07,7503.85,2026-08-05,29.0,7700.0,31.5,11.01,207.05,10.21
2026-07-07,7503.85,2026-08-05,29.0,7725.0,25.25,10.84,225.7,9.59
2026-07-07,7503.85,2026-08-05,29.0,7750.0,20.0,10.69,,
2026-07-07,7503.85,2026-08-05,29.0,7775.0,15.65,10.55,,
2026-07-07,7503.85,2026-08-05,29.0,7800.0,12.15,10.43,,
2026-07-07,7503.85,2026-08-05,29.0,7825.0,9.4,10.36,,
2026-07-07,7503.85,2026-08-05,29.0,7850.0,7.2,10.29,,
2026-07-07,7503.85,2026-08-05,29.0,7875.0,5.5,10.24,,
2026-07-07,7503.85,2026-08-05,29.0,7900.0,4.2,10.22,,
2026-07-07,7503.85,2026-08-05,29.0,7925.0,3.25,10.25,,
2026-07-07,7503.85,2026-08-05,29.0,7950.0,2.53,10.29,,
2026-07-07,7503.85,2026-08-05,29.0,7975.0,1.98,10.35,,
2026-07-07,7503.85,2026-08-05,29.0,8000.0,1.6,10.47,,
2026-07-07,7503.85,2026-08-05,29.0,8025.0,1.3,10.6,,
2026-07-07,7503.85,2026-08-05,29.0,8050.0,1.07,10.75,,
2026-07-07,7503.85,2026-08-05,29.0,8100.0,0.75,11.07,,
2026-07-07,7503.85,2026-08-05,29.0,8200.0,0.45,11.93,,
2026-07-07,7503.85,2026-08-05,29.0,8400.0,0.2,13.7,,
2026-07-07,7503.85,2026-08-05,29.0,8600.0,0.15,15.91,,
2026-07-07,7503.85,2026-08-06,30.0,5800.0,,,2.33,38.69
2026-07-07,7503.85,2026-08-06,30.0,6000.0,,,3.05,35.43
2026-07-07,7503.85,2026-08-06,30.0,6100.0,,,3.45,33.71
2026-07-07,7503.85,2026-08-06,30.0,6200.0,,,3.95,32.04
2026-07-07,7503.85,2026-08-06,30.0,6300.0,,,4.6,30.43
2026-07-07,7503.85,2026-08-06,30.0,6400.0,,,5.35,28.78
2026-07-07,7503.85,2026-08-06,30.0,6450.0,1074.0,20.12,5.8,27.97
2026-07-07,7503.85,2026-08-06,30.0,6475.0,1049.35,20.67,6.1,27.61
2026-07-07,7503.85,2026-08-06,30.0,6500.0,1024.65,20.83,6.3,27.16
2026-07-07,7503.85,2026-08-06,30.0,6525.0,1000.05,21.07,6.6,26.77
2026-07-07,7503.85,2026-08-06,30.0,6550.0,975.45,21.17,6.9,26.37
2026-07-07,7503.85,2026-08-06,30.0,6575.0,950.85,21.17,7.2,25.96
2026-07-07,7503.85,2026-08-06,30.0,6600.0,926.25,21.1,7.55,25.57
2026-07-07,7503.85,2026-08-06,30.0,6625.0,901.75,21.09,7.95,25.2
2026-07-07,7503.85,2026-08-06,30.0,6650.0,877.25,21.01,8.35,24.81
2026-07-07,7503.85,2026-08-06,30.0,6675.0,852.75,20.87,8.75,24.41
2026-07-07,7503.85,2026-08-06,30.0,6700.0,828.35,20.77,9.25,24.04
2026-07-07,7503.85,2026-08-06,30.0,6725.0,803.95,20.62,9.75,23.66
2026-07-07,7503.85,2026-08-06,30.0,6750.0,779.55,20.42,10.3,23.28
2026-07-07,7503.85,2026-08-06,30.0,6775.0,755.25,20.25,10.9,22.91
2026-07-07,7503.85,2026-08-06,30.0,6800.0,731.0,20.06,11.5,22.52
2026-07-07,7503.85,2026-08-06,30.0,6825.0,706.8,19.87,12.2,22.15
2026-07-07,7503.85,2026-08-06,30.0,6850.0,682.65,19.65,13.0,21.8
2026-07-07,7503.85,2026-08-06,30.0,6875.0,658.6,19.44,13.9,21.47
2026-07-07,7503.85,2026-08-06,30.0,6900.0,634.65,19.24,14.8,21.1
2026-07-07,7503.85,2026-08-06,30.0,6925.0,610.75,19.01,15.8,20.75
2026-07-07,7503.85,2026-08-06,30.0,6950.0,586.95,18.78,16.9,20.4
2026-07-07,7503.85,2026-08-06,30.0,6975.0,563.25,18.54,18.1,20.05
2026-07-07,7503.85,2026-08-06,30.0,7000.0,542.25,19.08,19.4,19.7
2026-07-07,7503.85,2026-08-06,30.0,7025.0,518.85,18.8,20.9,19.38
2026-07-07,7503.85,2026-08-06,30.0,7050.0,495.5,18.5,22.45,19.03
2026-07-07,7503.85,2026-08-06,30.0,7075.0,472.3,18.19,24.2,18.7
2026-07-07,7503.85,2026-08-06,30.0,7100.0,449.35,17.9,26.15,18.37
2026-07-07,7503.85,2026-08-06,30.0,7125.0,426.55,17.61,28.25,18.04
2026-07-07,7503.85,2026-08-06,30.0,7150.0,403.9,17.3,30.55,17.71
2026-07-07,7503.85,2026-08-06,30.0,7175.0,381.55,17.01,33.05,17.37
2026-07-07,7503.85,2026-08-06,30.0,7200.0,359.45,16.71,35.85,17.05
2026-07-07,7503.85,2026-08-06,30.0,7225.0,337.6,16.41,38.9,16.72
2026-07-07,7503.85,2026-08-06,30.0,7250.0,316.05,16.11,42.3,16.4
2026-07-07,7503.85,2026-08-06,30.0,7275.0,294.8,15.8,46.0,16.07
2026-07-07,7503.85,2026-08-06,30.0,7300.0,274.0,15.51,50.1,15.75
2026-07-07,7503.85,2026-08-06,30.0,7325.0,253.4,15.18,54.6,15.43
2026-07-07,7503.85,2026-08-06,30.0,7330.0,249.4,15.12,55.5,15.36
2026-07-07,7503.85,2026-08-06,30.0,7340.0,241.4,15.0,57.5,15.23
2026-07-07,7503.85,2026-08-06,30.0,7350.0,233.45,14.88,59.5,15.1
2026-07-07,7503.85,2026-08-06,30.0,7360.0,225.6,14.76,61.6,14.97
2026-07-07,7503.85,2026-08-06,30.0,7370.0,217.95,14.66,63.8,14.84
2026-07-07,7503.85,2026-08-06,30.0,7375.0,214.15,14.6,64.9,14.77
2026-07-07,7503.85,2026-08-06,30.0,7380.0,210.25,14.53,66.05,14.71
2026-07-07,7503.85,2026-08-06,30.0,7390.0,202.65,14.41,68.4,14.57
2026-07-07,7503.85,2026-08-06,30.0,7400.0,195.15,14.29,70.85,14.44
2026-07-07,7503.85,2026-08-06,30.0,7410.0,187.75,14.17,73.4,14.31
2026-07-07,7503.85,2026-08-06,30.0,7420.0,180.4,14.05,76.05,14.18
2026-07-07,7503.85,2026-08-06,30.0,7425.0,176.75,13.98,77.35,14.11
2026-07-07,7503.85,2026-08-06,30.0,7430.0,173.15,13.92,78.75,14.04
2026-07-07,7503.85,2026-08-06,30.0,7440.0,166.05,13.8,81.65,13.92
2026-07-07,7503.85,2026-08-06,30.0,7450.0,159.1,13.68,84.65,13.79
2026-07-07,7503.85,2026-08-06,30.0,7460.0,152.2,13.56,87.7,13.65
2026-07-07,7503.85,2026-08-06,30.0,7470.0,145.45,13.44,90.95,13.53
2026-07-07,7503.85,2026-08-06,30.0,7475.0,142.15,13.38,92.55,13.45
2026-07-07,7503.85,2026-08-06,30.0,7480.0,138.85,13.32,94.25,13.39
2026-07-07,7503.85,2026-08-06,30.0,7490.0,132.35,13.21,97.75,13.26
2026-07-07,7503.85,2026-08-06,30.0,7500.0,126.0,13.09,101.35,13.13
2026-07-07,7503.85,2026-08-06,30.0,7510.0,119.8,12.97,105.1,13.0
2026-07-07,7503.85,2026-08-06,30.0,7520.0,113.7,12.85,109.0,12.88
2026-07-07,7503.85,2026-08-06,30.0,7525.0,110.75,12.8,111.0,12.81
2026-07-07,7503.85,2026-08-06,30.0,7530.0,107.8,12.74,113.05,12.75
2026-07-07,7503.85,2026-08-06,30.0,7540.0,102.05,12.63,117.25,12.62
2026-07-07,7503.85,2026-08-06,30.0,7550.0,96.45,12.52,121.65,12.49
2026-07-07,7503.85,2026-08-06,30.0,7560.0,91.05,12.41,126.2,12.37
2026-07-07,7503.85,2026-08-06,30.0,7570.0,85.75,12.3,130.9,12.24
2026-07-07,7503.85,2026-08-06,30.0,7575.0,83.2,12.25,133.3,12.17
2026-07-07,7503.85,2026-08-06,30.0,7580.0,80.65,12.2,135.75,12.11
2026-07-07,7503.85,2026-08-06,30.0,7590.0,75.75,12.09,140.85,11.99
2026-07-07,7503.85,2026-08-06,30.0,7600.0,71.05,12.0,146.05,11.85
2026-07-07,7503.85,2026-08-06,30.0,7610.0,66.45,11.89,151.5,11.73
2026-07-07,7503.85,2026-08-06,30.0,7625.0,60.05,11.76,159.95,11.53
2026-07-07,7503.85,2026-08-06,30.0,7650.0,50.15,11.53,175.05,11.21
2026-07-07,7503.85,2026-08-06,30.0,7675.0,41.4,11.32,191.35,10.86
2026-07-07,7503.85,2026-08-06,30.0,7700.0,33.9,11.14,208.65,10.43
2026-07-07,7503.85,2026-08-06,30.0,7725.0,27.4,10.97,226.85,9.82
2026-07-07,7503.85,2026-08-06,30.0,7750.0,21.95,10.82,246.3,8.51
2026-07-07,7503.85,2026-08-06,30.0,7775.0,17.35,10.68,,
2026-07-07,7503.85,2026-08-06,30.0,7800.0,13.65,10.58,,
2026-07-07,7503.85,2026-08-06,30.0,7825.0,10.6,10.47,,
2026-07-07,7503.85,2026-08-06,30.0,7850.0,8.2,10.4,,
2026-07-07,7503.85,2026-08-06,30.0,7875.0,6.35,10.36,,
2026-07-07,7503.85,2026-08-06,30.0,7900.0,4.9,10.34,,
2026-07-07,7503.85,2026-08-06,30.0,7925.0,3.8,10.34,,
2026-07-07,7503.85,2026-08-06,30.0,7950.0,2.98,10.38,,
2026-07-07,7503.85,2026-08-06,30.0,7975.0,2.33,10.42,,
2026-07-07,7503.85,2026-08-06,30.0,8000.0,1.85,10.5,,
2026-07-07,7503.85,2026-08-06,30.0,8025.0,1.5,10.61,,
2026-07-07,7503.85,2026-08-06,30.0,8050.0,1.23,10.73,,
2026-07-07,7503.85,2026-08-06,30.0,8100.0,0.85,11.03,,
2026-07-07,7503.85,2026-08-06,30.0,8200.0,0.5,11.85,,
2026-07-07,7503.85,2026-08-06,30.0,8400.0,0.25,13.74,,
2026-07-07,7503.85,2026-08-06,30.0,8600.0,0.15,15.62,,
2026-07-07,7503.85,2026-08-07,31.0,5700.0,,,2.3,40.28
2026-07-07,7503.85,2026-08-07,31.0,5800.0,,,2.58,38.57
2026-07-07,7503.85,2026-08-07,31.0,5900.0,,,2.95,36.97
2026-07-07,7503.85,2026-08-07,31.0,5950.0,,,3.15,36.15
2026-07-07,7503.85,2026-08-07,31.0,6000.0,,,3.35,35.31
2026-07-07,7503.85,2026-08-07,31.0,6050.0,,,3.55,34.45
2026-07-07,7503.85,2026-08-07,31.0,6100.0,,,3.75,33.57
2026-07-07,7503.85,2026-08-07,31.0,6150.0,1373.25,14.27,4.05,32.8
2026-07-07,7503.85,2026-08-07,31.0,6200.0,1323.7,23.31,4.35,31.99
2026-07-07,7503.85,2026-08-07,31.0,6250.0,1274.25,24.42,4.65,31.15
2026-07-07,7503.85,2026-08-07,31.0,6300.0,1224.75,24.56,5.05,30.38
2026-07-07,7503.85,2026-08-07,31.0,6325.0,1200.05,24.63,5.25,29.99
2026-07-07,7503.85,2026-08-07,31.0,6350.0,1175.35,24.62,5.45,29.58
2026-07-07,7503.85,2026-08-07,31.0,6375.0,1150.65,24.54,5.65,29.17
2026-07-07,7503.85,2026-08-07,31.0,6400.0,1126.0,24.5,5.85,28.74
2026-07-07,7503.85,2026-08-07,31.0,6425.0,1101.35,24.4,6.1,28.35
2026-07-07,7503.85,2026-08-07,31.0,6450.0,1076.65,24.19,6.35,27.95
2026-07-07,7503.85,2026-08-07,31.0,6475.0,1052.05,24.07,6.6,27.54
2026-07-07,7503.85,2026-08-07,31.0,6500.0,1027.45,23.92,6.85,27.12
2026-07-07,7503.85,2026-08-07,31.0,6525.0,1002.85,23.72,7.2,26.75
2026-07-07,7503.85,2026-08-07,31.0,6550.0,978.25,23.49,7.5,26.35
2026-07-07,7503.85,2026-08-07,31.0,6575.0,953.7,23.28,7.9,25.99
2026-07-07,7503.85,2026-08-07,31.0,6600.0,929.15,23.04,8.25,25.59
2026-07-07,7503.85,2026-08-07,31.0,6625.0,904.65,22.81,8.65,25.2
2026-07-07,7503.85,2026-08-07,31.0,6650.0,880.2,22.59,9.05,24.8
2026-07-07,7503.85,2026-08-07,31.0,6675.0,855.75,22.34,9.55,24.44
2026-07-07,7503.85,2026-08-07,31.0,6700.0,831.35,22.09,10.0,24.04
2026-07-07,7503.85,2026-08-07,31.0,6725.0,807.0,21.85,10.6,23.69
2026-07-07,7503.85,2026-08-07,31.0,6750.0,782.7,21.6,11.15,23.3
2026-07-07,7503.85,2026-08-07,31.0,6775.0,758.45,21.34,11.8,22.94
2026-07-07,7503.85,2026-08-07,31.0,6800.0,734.25,21.08,12.5,22.58
2026-07-07,7503.85,2026-08-07,31.0,6825.0,710.1,20.82,13.25,22.21
2026-07-07,7503.85,2026-08-07,31.0,6850.0,686.05,20.56,14.1,21.87
2026-07-07,7503.85,2026-08-07,31.0,6875.0,662.05,20.29,15.0,21.52
2026-07-07,7503.85,2026-08-07,31.0,6880.0,657.25,20.23,15.2,21.45
2026-07-07,7503.85,2026-08-07,31.0,6890.0,647.65,20.12,15.6,21.31
2026-07-07,7503.85,2026-08-07,31.0,6900.0,638.1,20.01,15.95,21.16
2026-07-07,7503.85,2026-08-07,31.0,6910.0,628.55,19.9,16.4,21.03
2026-07-07,7503.85,2026-08-07,31.0,6920.0,619.05,19.8,16.8,20.88
2026-07-07,7503.85,2026-08-07,31.0,6925.0,614.25,19.73,17.0,20.8
2026-07-07,7503.85,2026-08-07,31.0,6930.0,609.55,19.7,17.25,20.74
2026-07-07,7503.85,2026-08-07,31.0,6940.0,600.05,19.59,17.7,20.6
2026-07-07,7503.85,2026-08-07,31.0,6950.0,590.55,19.47,18.2,20.47
2026-07-07,7503.85,2026-08-07,31.0,6960.0,581.05,19.35,18.7,20.33
2026-07-07,7503.85,2026-08-07,31.0,6970.0,571.65,19.25,19.2,20.19
2026-07-07,7503.85,2026-08-07,31.0,6975.0,569.55,19.96,19.5,20.14
2026-07-07,7503.85,2026-08-07,31.0,6980.0,564.85,19.9,19.7,20.05
2026-07-07,7503.85,2026-08-07,31.0,6990.0,555.4,19.76,20.3,19.93
2026-07-07,7503.85,2026-08-07,31.0,7000.0,546.05,19.64,20.8,19.77
2026-07-07,7503.85,2026-08-07,31.0,7010.0,536.65,19.51,21.4,19.64
2026-07-07,7503.85,2026-08-07,31.0,7020.0,527.3,19.38,22.05,19.52
2026-07-07,7503.85,2026-08-07,31.0,7025.0,522.6,19.31,22.4,19.46
2026-07-07,7503.85,2026-08-07,31.0,7030.0,517.95,19.25,22.7,19.39
2026-07-07,7503.85,2026-08-07,31.0,7040.0,508.65,19.12,23.35,19.25
2026-07-07,7503.85,2026-08-07,31.0,7050.0,499.4,19.0,24.0,19.11
2026-07-07,7503.85,2026-08-07,31.0,7060.0,490.1,18.86,24.7,18.97
2026-07-07,7503.85,2026-08-07,31.0,7070.0,480.9,18.74,25.45,18.85
2026-07-07,7503.85,2026-08-07,31.0,7075.0,476.3,18.68,25.85,18.79
2026-07-07,7503.85,2026-08-07,31.0,7080.0,471.7,18.61,26.2,18.71
2026-07-07,7503.85,2026-08-07,31.0,7090.0,462.5,18.48,27.0,18.58
2026-07-07,7503.85,2026-08-07,31.0,7100.0,453.35,18.35,27.85,18.46
2026-07-07,7503.85,2026-08-07,31.0,7110.0,444.25,18.23,28.65,18.32
2026-07-07,7503.85,2026-08-07,31.0,7120.0,435.15,18.1,29.55,18.19
2026-07-07,7503.85,2026-08-07,31.0,7125.0,430.65,18.05,30.0,18.12
2026-07-07,7503.85,2026-08-07,31.0,7130.0,426.1,17.98,30.45,18.06
2026-07-07,7503.85,2026-08-07,31.0,7140.0,417.1,17.85,31.4,17.93
2026-07-07,7503.85,2026-08-07,31.0,7150.0,408.15,17.74,32.35,17.79
2026-07-07,7503.85,2026-08-07,31.0,7160.0,399.2,17.61,33.4,17.66
2026-07-07,7503.85,2026-08-07,31.0,7170.0,390.3,17.48,34.45,17.53
2026-07-07,7503.85,2026-08-07,31.0,7175.0,385.8,17.41,35.05,17.48
2026-07-07,7503.85,2026-08-07,31.0,7180.0,381.4,17.35,35.55,17.4
2026-07-07,7503.85,2026-08-07,31.0,7190.0,372.6,17.23,36.65,17.27
2026-07-07,7503.85,2026-08-07,31.0,7200.0,363.8,17.11,37.85,17.14
2026-07-07,7503.85,2026-08-07,31.0,7210.0,355.05,16.98,39.1,17.02
2026-07-07,7503.85,2026-08-07,31.0,7220.0,346.35,16.85,40.35,16.88
2026-07-07,7503.85,2026-08-07,31.0,7225.0,342.0,16.79,41.0,16.82
2026-07-07,7503.85,2026-08-07,31.0,7230.0,337.7,16.73,41.7,16.76
2026-07-07,7503.85,2026-08-07,31.0,7240.0,329.1,16.6,43.05,16.63
2026-07-07,7503.85,2026-08-07,31.0,7250.0,320.55,16.48,44.45,16.5
2026-07-07,7503.85,2026-08-07,31.0,7260.0,312.05,16.35,45.95,16.37
2026-07-07,7503.85,2026-08-07,31.0,7270.0,303.65,16.23,47.45,16.24
2026-07-07,7503.85,2026-08-07,31.0,7275.0,299.45,16.17,48.25,16.18
2026-07-07,7503.85,2026-08-07,31.0,7280.0,295.25,16.11,49.05,16.11
2026-07-07,7503.85,2026-08-07,31.0,7290.0,286.9,15.98,50.7,15.98
2026-07-07,7503.85,2026-08-07,31.0,7300.0,278.65,15.85,52.4,15.85
2026-07-07,7503.85,2026-08-07,31.0,7310.0,270.45,15.73,54.15,15.72
2026-07-07,7503.85,2026-08-07,31.0,7320.0,262.25,15.59,56.0,15.59
2026-07-07,7503.85,2026-08-07,31.0,7325.0,258.25,15.54,56.9,15.52
2026-07-07,7503.85,2026-08-07,31.0,7330.0,254.25,15.48,57.9,15.46
2026-07-07,7503.85,2026-08-07,31.0,7335.0,250.25,15.42,58.9,15.4
2026-07-07,7503.85,2026-08-07,31.0,7340.0,246.25,15.35,59.9,15.34
2026-07-07,7503.85,2026-08-07,31.0,7345.0,242.25,15.29,60.9,15.27
2026-07-07,7503.85,2026-08-07,31.0,7350.0,238.4,15.24,61.9,15.2
2026-07-07,7503.85,2026-08-07,31.0,7355.0,234.4,15.16,63.0,15.14
2026-07-07,7503.85,2026-08-07,31.0,7360.0,230.5,15.1,64.0,15.07
2026-07-07,7503.85,2026-08-07,31.0,7365.0,226.6,15.04,65.1,15.0
2026-07-07,7503.85,2026-08-07,31.0,7370.0,222.85,14.99,66.2,14.94
2026-07-07,7503.85,2026-08-07,31.0,7375.0,219.0,14.93,67.35,14.87
2026-07-07,7503.85,2026-08-07,31.0,7380.0,215.15,14.87,68.5,14.81
2026-07-07,7503.85,2026-08-07,31.0,7385.0,211.35,14.8,69.7,14.75
2026-07-07,7503.85,2026-08-07,31.0,7390.0,207.55,14.74,70.9,14.68
2026-07-07,7503.85,2026-08-07,31.0,7395.0,203.85,14.68,72.1,14.61
2026-07-07,7503.85,2026-08-07,31.0,7400.0,200.05,14.61,73.35,14.55
2026-07-07,7503.85,2026-08-07,31.0,7405.0,196.35,14.55,74.6,14.48
2026-07-07,7503.85,2026-08-07,31.0,7410.0,192.65,14.49,75.9,14.42
2026-07-07,7503.85,2026-08-07,31.0,7415.0,189.0,14.43,77.2,14.35
2026-07-07,7503.85,2026-08-07,31.0,7420.0,185.35,14.37,78.55,14.28
2026-07-07,7503.85,2026-08-07,31.0,7425.0,181.75,14.31,79.85,14.21
2026-07-07,7503.85,2026-08-07,31.0,7430.0,178.15,14.25,81.3,14.15
2026-07-07,7503.85,2026-08-07,31.0,7435.0,174.55,14.18,82.75,14.09
2026-07-07,7503.85,2026-08-07,31.0,7440.0,171.05,14.12,84.15,14.02
2026-07-07,7503.85,2026-08-07,31.0,7445.0,167.55,14.06,85.65,13.96
2026-07-07,7503.85,2026-08-07,31.0,7450.0,164.05,14.0,87.15,13.89
2026-07-07,7503.85,2026-08-07,31.0,7455.0,160.65,13.94,88.65,13.82
2026-07-07,7503.85,2026-08-07,31.0,7460.0,157.15,13.87,90.25,13.76
2026-07-07,7503.85,2026-08-07,31.0,7465.0,153.75,13.81,91.8,13.69
2026-07-07,7503.85,2026-08-07,31.0,7470.0,150.45,13.76,93.45,13.63
2026-07-07,7503.85,2026-08-07,31.0,7475.0,147.05,13.69,95.05,13.56
2026-07-07,7503.85,2026-08-07,31.0,7480.0,143.75,13.63,96.75,13.5
2026-07-07,7503.85,2026-08-07,31.0,7485.0,140.55,13.58,98.45,13.43
2026-07-07,7503.85,2026-08-07,31.0,7490.0,137.25,13.51,100.25,13.37
2026-07-07,7503.85,2026-08-07,31.0,7495.0,134.05,13.45,101.95,13.3
2026-07-07,7503.85,2026-08-07,31.0,7500.0,130.9,13.39,103.85,13.24
2026-07-07,7503.85,2026-08-07,31.0,7505.0,127.75,13.33,105.65,13.17
2026-07-07,7503.85,2026-08-07,31.0,7510.0,124.65,13.28,107.55,13.11
2026-07-07,7503.85,2026-08-07,31.0,7515.0,121.65,13.22,109.45,13.04
2026-07-07,7503.85,2026-08-07,31.0,7520.0,118.55,13.16,111.45,12.98
2026-07-07,7503.85,2026-08-07,31.0,7525.0,115.6,13.11,113.4,12.91
2026-07-07,7503.85,2026-08-07,31.0,7530.0,112.65,13.05,115.45,12.85
2026-07-07,7503.85,2026-08-07,31.0,7535.0,109.75,12.99,117.5,12.79
2026-07-07,7503.85,2026-08-07,31.0,7540.0,106.85,12.93,119.6,12.72
2026-07-07,7503.85,2026-08-07,31.0,7545.0,104.05,12.88,121.75,12.66
2026-07-07,7503.85,2026-08-07,31.0,7550.0,101.2,12.82,123.95,12.59
2026-07-07,7503.85,2026-08-07,31.0,7555.0,98.45,12.77,126.15,12.53
2026-07-07,7503.85,2026-08-07,31.0,7560.0,95.75,12.71,128.45,12.47
2026-07-07,7503.85,2026-08-07,31.0,7565.0,93.05,12.66,130.75,12.4
2026-07-07,7503.85,2026-08-07,31.0,7570.0,90.45,12.61,133.05,12.33
2026-07-07,7503.85,2026-08-07,31.0,7575.0,87.8,12.55,135.45,12.27
2026-07-07,7503.85,2026-08-07,31.0,7580.0,85.35,12.51,137.85,12.2
2026-07-07,7503.85,2026-08-07,31.0,7585.0,82.8,12.45,140.35,12.14
2026-07-07,7503.85,2026-08-07,31.0,7590.0,80.35,12.4,142.85,12.07
2026-07-07,7503.85,2026-08-07,31.0,7595.0,77.9,12.35,145.45,12.01
2026-07-07,7503.85,2026-08-07,31.0,7600.0,75.45,12.29,148.0,11.94
2026-07-07,7503.85,2026-08-07,31.0,7605.0,73.2,12.25,150.65,11.88
2026-07-07,7503.85,2026-08-07,31.0,7610.0,70.9,12.2,153.35,11.81
2026-07-07,7503.85,2026-08-07,31.0,7620.0,66.45,12.1,158.85,11.68
2026-07-07,7503.85,2026-08-07,31.0,7625.0,64.25,12.05,161.7,11.61
2026-07-07,7503.85,2026-08-07,31.0,7630.0,62.2,12.01,164.55,11.54
2026-07-07,7503.85,2026-08-07,31.0,7640.0,58.1,11.92,170.45,11.41
2026-07-07,7503.85,2026-08-07,31.0,7650.0,54.1,11.82,176.5,11.27
2026-07-07,7503.85,2026-08-07,31.0,7660.0,50.4,11.73,182.75,11.12
2026-07-07,7503.85,2026-08-07,31.0,7670.0,46.9,11.66,188.9,10.93
2026-07-07,7503.85,2026-08-07,31.0,7675.0,45.15,11.61,192.2,10.86
2026-07-07,7503.85,2026-08-07,31.0,7680.0,43.5,11.57,195.5,10.78
2026-07-07,7503.85,2026-08-07,31.0,7690.0,40.35,11.5,202.25,10.61
2026-07-07,7503.85,2026-08-07,31.0,7700.0,37.3,11.42,209.2,10.41
2026-07-07,7503.85,2026-08-07,31.0,7710.0,34.45,11.35,216.3,10.2
2026-07-07,7503.85,2026-08-07,31.0,7720.0,31.75,11.28,223.6,9.96
2026-07-07,7503.85,2026-08-07,31.0,7725.0,30.45,11.24,227.3,9.82
2026-07-07,7503.85,2026-08-07,31.0,7730.0,29.25,11.21,231.05,9.67
2026-07-07,7503.85,2026-08-07,31.0,7740.0,26.85,11.15,238.65,9.27
2026-07-07,7503.85,2026-08-07,31.0,7750.0,24.65,11.09,246.35,8.48
2026-07-07,7503.85,2026-08-07,31.0,7760.0,22.6,11.03,,
2026-07-07,7503.85,2026-08-07,31.0,7770.0,20.7,10.98,,
2026-07-07,7503.85,2026-08-07,31.0,7775.0,19.75,10.95,,
2026-07-07,7503.85,2026-08-07,31.0,7780.0,18.9,10.93,,
2026-07-07,7503.85,2026-08-07,31.0,7790.0,17.25,10.88,,
2026-07-07,7503.85,2026-08-07,31.0,7800.0,15.7,10.83,,
2026-07-07,7503.85,2026-08-07,31.0,7810.0,14.3,10.79,,
2026-07-07,7503.85,2026-08-07,31.0,7820.0,13.0,10.75,,
2026-07-07,7503.85,2026-08-07,31.0,7825.0,12.35,10.72,,
2026-07-07,7503.85,2026-08-07,31.0,7830.0,11.8,10.71,,
2026-07-07,7503.85,2026-08-07,31.0,7850.0,9.65,10.64,,
2026-07-07,7503.85,2026-08-07,31.0,7875.0,7.5,10.57,,
2026-07-07,7503.85,2026-08-07,31.0,7900.0,5.8,10.52,,
2026-07-07,7503.85,2026-08-07,31.0,7925.0,4.55,10.52,,
2026-07-07,7503.85,2026-08-07,31.0,7950.0,3.55,10.52,,
2026-07-07,7503.85,2026-08-07,31.0,7975.0,2.83,10.58,,
2026-07-07,7503.85,2026-08-07,31.0,8000.0,2.25,10.64,,
2026-07-07,7503.85,2026-08-07,31.0,8025.0,1.82,10.74,,
2026-07-07,7503.85,2026-08-07,31.0,8050.0,1.52,10.88,,
2026-07-07,7503.85,2026-08-07,31.0,8075.0,1.23,10.96,,
2026-07-07,7503.85,2026-08-07,31.0,8100.0,1.05,11.14,,
2026-07-07,7503.85,2026-08-07,31.0,8125.0,0.88,11.27,,
2026-07-07,7503.85,2026-08-07,31.0,8150.0,0.75,11.44,,
2026-07-07,7503.85,2026-08-07,31.0,8200.0,0.57,11.83,,
2026-07-07,7503.85,2026-08-07,31.0,8250.0,0.45,12.23,,
2026-07-07,7503.85,2026-08-07,31.0,8300.0,0.38,12.69,,
2026-07-07,7503.85,2026-08-07,31.0,8350.0,0.33,13.19,,
2026-07-07,7503.85,2026-08-07,31.0,8400.0,0.28,13.63,,
2026-07-07,7503.85,2026-08-07,31.0,8500.0,0.22,14.66,,
2026-07-07,7503.85,2026-08-07,31.0,8600.0,0.17,15.57,,
2026-07-07,7503.85,2026-08-10,34.0,5800.0,,,2.85,37.35
2026-07-07,7503.85,2026-08-10,34.0,6000.0,,,3.65,34.16
2026-07-07,7503.85,2026-08-10,34.0,6100.0,,,4.15,32.57
2026-07-07,7503.85,2026-08-10,34.0,6200.0,,,4.8,31.04
2026-07-07,7503.85,2026-08-10,34.0,6300.0,,,5.55,29.49
2026-07-07,7503.85,2026-08-10,34.0,6400.0,1126.55,20.22,6.5,27.97
2026-07-07,7503.85,2026-08-10,34.0,6500.0,1028.1,21.16,7.6,26.41
2026-07-07,7503.85,2026-08-10,34.0,6525.0,1003.55,21.2,7.95,26.05
2026-07-07,7503.85,2026-08-10,34.0,6550.0,978.95,21.11,8.3,25.67
2026-07-07,7503.85,2026-08-10,34.0,6575.0,954.45,21.08,8.65,25.28
2026-07-07,7503.85,2026-08-10,34.0,6600.0,929.95,20.99,9.05,24.9
2026-07-07,7503.85,2026-08-10,34.0,6625.0,905.55,20.93,9.55,24.57
2026-07-07,7503.85,2026-08-10,34.0,6650.0,881.1,20.79,10.0,24.19
2026-07-07,7503.85,2026-08-10,34.0,6675.0,856.7,20.64,10.5,23.83
2026-07-07,7503.85,2026-08-10,34.0,6700.0,832.35,20.49,11.05,23.47
2026-07-07,7503.85,2026-08-10,34.0,6725.0,808.05,20.32,11.6,23.09
2026-07-07,7503.85,2026-08-10,34.0,6750.0,783.75,20.12,12.3,22.76
2026-07-07,7503.85,2026-08-10,34.0,6775.0,759.55,19.94,13.0,22.42
2026-07-07,7503.85,2026-08-10,34.0,6800.0,735.45,19.77,13.7,22.05
2026-07-07,7503.85,2026-08-10,34.0,6825.0,711.35,19.57,14.5,21.7
2026-07-07,7503.85,2026-08-10,34.0,6850.0,687.35,19.36,15.4,21.36
2026-07-07,7503.85,2026-08-10,34.0,6875.0,663.45,19.17,16.35,21.02
2026-07-07,7503.85,2026-08-10,34.0,6900.0,639.55,18.93,17.4,20.69
2026-07-07,7503.85,2026-08-10,34.0,6925.0,615.8,18.71,18.5,20.35
2026-07-07,7503.85,2026-08-10,34.0,6950.0,592.15,18.49,19.75,20.02
2026-07-07,7503.85,2026-08-10,34.0,6975.0,571.15,18.97,21.1,19.69
2026-07-07,7503.85,2026-08-10,34.0,7000.0,547.7,18.69,22.55,19.37
2026-07-07,7503.85,2026-08-10,34.0,7025.0,524.4,18.41,24.15,19.04
2026-07-07,7503.85,2026-08-10,34.0,7050.0,501.25,18.13,25.9,18.72
2026-07-07,7503.85,2026-08-10,34.0,7075.0,478.25,17.85,27.8,18.4
2026-07-07,7503.85,2026-08-10,34.0,7100.0,455.45,17.58,29.85,18.08
2026-07-07,7503.85,2026-08-10,34.0,7125.0,432.8,17.29,32.15,17.77
2026-07-07,7503.85,2026-08-10,34.0,7150.0,410.4,17.01,34.65,17.46
2026-07-07,7503.85,2026-08-10,34.0,7175.0,388.15,16.72,37.35,17.15
2026-07-07,7503.85,2026-08-10,34.0,7200.0,366.25,16.45,40.3,16.83
2026-07-07,7503.85,2026-08-10,34.0,7225.0,344.6,16.17,43.55,16.52
2026-07-07,7503.85,2026-08-10,34.0,7250.0,323.2,15.88,47.05,16.21
2026-07-07,7503.85,2026-08-10,34.0,7275.0,302.15,15.59,50.95,15.9
2026-07-07,7503.85,2026-08-10,34.0,7300.0,281.5,15.31,55.2,15.59
2026-07-07,7503.85,2026-08-10,34.0,7325.0,261.2,15.02,59.85,15.29
2026-07-07,7503.85,2026-08-10,34.0,7350.0,241.4,14.73,64.9,14.97
2026-07-07,7503.85,2026-08-10,34.0,7375.0,222.25,14.47,70.5,14.67
2026-07-07,7503.85,2026-08-10,34.0,7390.0,210.85,14.29,74.05,14.48
2026-07-07,7503.85,2026-08-10,34.0,7400.0,203.4,14.18,76.55,14.35
2026-07-07,7503.85,2026-08-10,34.0,7410.0,196.05,14.07,79.15,14.23
2026-07-07,7503.85,2026-08-10,34.0,7420.0,188.75,13.95,81.85,14.11
2026-07-07,7503.85,2026-08-10,34.0,7425.0,185.15,13.89,83.2,14.04
2026-07-07,7503.85,2026-08-10,34.0,7430.0,181.55,13.83,84.6,13.98
2026-07-07,7503.85,2026-08-10,34.0,7440.0,174.5,13.72,87.5,13.86
2026-07-07,7503.85,2026-08-10,34.0,7450.0,167.5,13.61,90.5,13.73
2026-07-07,7503.85,2026-08-10,34.0,7460.0,160.7,13.5,93.6,13.61
2026-07-07,7503.85,2026-08-10,34.0,7470.0,153.95,13.38,96.8,13.48
2026-07-07,7503.85,2026-08-10,34.0,7475.0,150.6,13.33,98.45,13.42
2026-07-07,7503.85,2026-08-10,34.0,7480.0,147.3,13.27,100.15,13.36
2026-07-07,7503.85,2026-08-10,34.0,7490.0,140.8,13.16,103.65,13.24
2026-07-07,7503.85,2026-08-10,34.0,7500.0,134.5,13.05,107.25,13.12
2026-07-07,7503.85,2026-08-10,34.0,7510.0,128.25,12.94,111.0,13.0
2026-07-07,7503.85,2026-08-10,34.0,7520.0,122.1,12.83,114.85,12.87
2026-07-07,7503.85,2026-08-10,34.0,7525.0,119.15,12.78,116.85,12.81
2026-07-07,7503.85,2026-08-10,34.0,7530.0,116.15,12.72,118.9,12.75
2026-07-07,7503.85,2026-08-10,34.0,7540.0,110.35,12.61,123.05,12.63
2026-07-07,7503.85,2026-08-10,34.0,7550.0,104.8,12.52,127.35,12.51
2026-07-07,7503.85,2026-08-10,34.0,7560.0,99.3,12.42,131.8,12.38
2026-07-07,7503.85,2026-08-10,34.0,7570.0,93.95,12.32,136.5,12.27
2026-07-07,7503.85,2026-08-10,34.0,7575.0,91.35,12.27,138.85,12.21
2026-07-07,7503.85,2026-08-10,34.0,7580.0,88.8,12.22,141.25,12.15
2026-07-07,7503.85,2026-08-10,34.0,7590.0,83.8,12.12,146.2,12.03
2026-07-07,7503.85,2026-08-10,34.0,7600.0,78.95,12.03,151.35,11.91
2026-07-07,7503.85,2026-08-10,34.0,7610.0,74.25,11.93,156.65,11.79
2026-07-07,7503.85,2026-08-10,34.0,7625.0,67.6,11.8,164.9,11.6
2026-07-07,7503.85,2026-08-10,34.0,7650.0,57.3,11.58,179.55,11.29
2026-07-07,7503.85,2026-08-10,34.0,7675.0,48.15,11.38,194.95,10.9
2026-07-07,7503.85,2026-08-10,34.0,7700.0,40.1,11.21,211.85,10.53
2026-07-07,7503.85,2026-08-10,34.0,7725.0,33.1,11.05,229.7,10.04
2026-07-07,7503.85,2026-08-10,34.0,7750.0,27.0,10.89,248.55,9.26
2026-07-07,7503.85,2026-08-10,34.0,7775.0,21.85,10.76,,
2026-07-07,7503.85,2026-08-10,34.0,7800.0,17.55,10.65,,
2026-07-07,7503.85,2026-08-10,34.0,7825.0,13.95,10.54,,
2026-07-07,7503.85,2026-08-10,34.0,7850.0,11.05,10.46,,
2026-07-07,7503.85,2026-08-10,34.0,7875.0,8.7,10.4,,
2026-07-07,7503.85,2026-08-10,34.0,7900.0,6.8,10.34,,
2026-07-07,7503.85,2026-08-10,34.0,7925.0,5.4,10.35,,
2026-07-07,7503.85,2026-08-10,34.0,7950.0,4.25,10.35,,
2026-07-07,7503.85,2026-08-10,34.0,7975.0,3.35,10.36,,
2026-07-07,7503.85,2026-08-10,34.0,8000.0,2.7,10.43,,
2026-07-07,7503.85,2026-08-10,34.0,8025.0,2.17,10.49,,
2026-07-07,7503.85,2026-08-10,34.0,8050.0,1.8,10.61,,
2026-07-07,7503.85,2026-08-10,34.0,8100.0,1.25,10.85,,
2026-07-07,7503.85,2026-08-10,34.0,8200.0,0.7,11.53,,
2026-07-07,7503.85,2026-08-10,34.0,8400.0,0.3,13.1,,
2026-07-07,7503.85,2026-08-10,34.0,8600.0,0.2,15.01,,
2026-07-07,7503.85,2026-08-11,35.0,5800.0,,,3.05,37.16
2026-07-07,7503.85,2026-08-11,35.0,6000.0,,,3.85,33.93
2026-07-07,7503.85,2026-08-11,35.0,6100.0,,,4.45,32.44
2026-07-07,7503.85,2026-08-11,35.0,6200.0,,,5.1,30.89
2026-07-07,7503.85,2026-08-11,35.0,6300.0,,,5.9,29.37
2026-07-07,7503.85,2026-08-11,35.0,6400.0,1127.55,21.03,6.9,27.86
2026-07-07,7503.85,2026-08-11,35.0,6500.0,1029.15,21.43,8.1,26.35
2026-07-07,7503.85,2026-08-11,35.0,6600.0,931.15,21.18,9.65,24.86
2026-07-07,7503.85,2026-08-11,35.0,6700.0,833.65,20.6,11.75,23.44
2026-07-07,7503.85,2026-08-11,35.0,6800.0,736.95,19.88,14.6,22.06
2026-07-07,7503.85,2026-08-11,35.0,6900.0,641.25,19.02,18.4,20.7
2026-07-07,7503.85,2026-08-11,35.0,6925.0,617.55,18.8,19.6,20.37
2026-07-07,7503.85,2026-08-11,35.0,6950.0,596.55,19.31,20.9,20.05
2026-07-07,7503.85,2026-08-11,35.0,6975.0,573.05,19.04,22.3,19.73
2026-07-07,7503.85,2026-08-11,35.0,7000.0,549.65,18.75,23.8,19.4
2026-07-07,7503.85,2026-08-11,35.0,7025.0,526.4,18.47,25.45,19.08
2026-07-07,7503.85,2026-08-11,35.0,7050.0,503.3,18.19,27.25,18.76
2026-07-07,7503.85,2026-08-11,35.0,7075.0,480.35,17.91,29.25,18.45
2026-07-07,7503.85,2026-08-11,35.0,7100.0,457.6,17.63,31.35,18.13
2026-07-07,7503.85,2026-08-11,35.0,7125.0,435.0,17.35,33.65,17.81
2026-07-07,7503.85,2026-08-11,35.0,7150.0,412.7,17.08,36.2,17.5
2026-07-07,7503.85,2026-08-11,35.0,7175.0,390.55,16.79,39.0,17.2
2026-07-07,7503.85,2026-08-11,35.0,7200.0,368.7,16.51,42.0,16.88
2026-07-07,7503.85,2026-08-11,35.0,7225.0,347.1,16.23,45.3,16.57
2026-07-07,7503.85,2026-08-11,35.0,7250.0,325.75,15.94,48.9,16.27
2026-07-07,7503.85,2026-08-11,35.0,7275.0,304.8,15.66,52.9,15.97
2026-07-07,7503.85,2026-08-11,35.0,7300.0,284.15,15.37,57.2,15.66
2026-07-07,7503.85,2026-08-11,35.0,7325.0,263.95,15.09,61.9,15.35
2026-07-07,7503.85,2026-08-11,35.0,7350.0,243.6,14.73,67.0,15.04
2026-07-07,7503.85,2026-08-11,35.0,7375.0,225.0,14.54,72.55,14.73
2026-07-07,7503.85,2026-08-11,35.0,7400.0,206.2,14.25,78.65,14.42
2026-07-07,7503.85,2026-08-11,35.0,7425.0,187.95,13.96,85.35,14.11
2026-07-07,7503.85,2026-08-11,35.0,7450.0,170.4,13.68,92.65,13.8
2026-07-07,7503.85,2026-08-11,35.0,7475.0,153.5,13.41,100.65,13.5
2026-07-07,7503.85,2026-08-11,35.0,7500.0,137.3,13.13,109.4,13.19
2026-07-07,7503.85,2026-08-11,35.0,7525.0,122.0,12.86,119.0,12.89
2026-07-07,7503.85,2026-08-11,35.0,7550.0,107.55,12.6,129.5,12.6
2026-07-07,7503.85,2026-08-11,35.0,7575.0,94.1,12.35,140.9,12.3
2026-07-07,7503.85,2026-08-11,35.0,7600.0,81.7,12.12,153.35,12.0
2026-07-07,7503.85,2026-08-11,35.0,7625.0,70.25,11.9,166.85,11.71
2026-07-07,7503.85,2026-08-11,35.0,7650.0,59.85,11.68,181.35,11.4
2026-07-07,7503.85,2026-08-11,35.0,7675.0,50.55,11.49,196.8,11.04
2026-07-07,7503.85,2026-08-11,35.0,7700.0,42.3,11.31,213.65,10.71
2026-07-07,7503.85,2026-08-11,35.0,7725.0,35.1,11.14,231.1,10.22
2026-07-07,7503.85,2026-08-11,35.0,7750.0,28.9,11.0,249.75,9.54
2026-07-07,7503.85,2026-08-11,35.0,7775.0,23.55,10.87,269.3,11.63
2026-07-07,7503.85,2026-08-11,35.0,7800.0,19.05,10.75,289.75,11.33
2026-07-07,7503.85,2026-08-11,35.0,7900.0,7.6,10.44,,
2026-07-07,7503.85,2026-08-11,35.0,8000.0,3.08,10.49,,
2026-07-07,7503.85,2026-08-11,35.0,8100.0,1.4,10.85,,
2026-07-07,7503.85,2026-08-11,35.0,8200.0,0.75,11.44,,
2026-07-07,7503.85,2026-08-11,35.0,8400.0,0.35,13.1,,
2026-07-07,7503.85,2026-08-11,35.0,8600.0,0.2,14.79,,
2026-07-07,7503.85,2026-08-12,36.0,5800.0,,,3.25,36.96
2026-07-07,7503.85,2026-08-12,36.0,6000.0,,,4.15,33.83
2026-07-07,7503.85,2026-08-12,36.0,6100.0,,,4.75,32.31
2026-07-07,7503.85,2026-08-12,36.0,6200.0,,,5.5,30.83
2026-07-07,7503.85,2026-08-12,36.0,6300.0,1227.25,20.26,6.3,29.28
2026-07-07,7503.85,2026-08-12,36.0,6400.0,1128.7,21.86,7.4,27.82
2026-07-07,7503.85,2026-08-12,36.0,6500.0,1030.45,21.93,8.65,26.31
2026-07-07,7503.85,2026-08-12,36.0,6600.0,932.55,21.49,10.35,24.87
2026-07-07,7503.85,2026-08-12,36.0,6700.0,835.25,20.86,12.6,23.47
2026-07-07,7503.85,2026-08-12,36.0,6800.0,738.65,20.05,15.6,22.1
2026-07-07,7503.85,2026-08-12,36.0,6900.0,643.2,19.18,19.65,20.77
2026-07-07,7503.85,2026-08-12,36.0,6925.0,619.55,18.95,20.9,20.45
2026-07-07,7503.85,2026-08-12,36.0,6950.0,598.65,19.44,22.25,20.12
2026-07-07,7503.85,2026-08-12,36.0,6975.0,575.25,19.17,23.7,19.8
2026-07-07,7503.85,2026-08-12,36.0,7000.0,551.9,18.88,25.3,19.49
2026-07-07,7503.85,2026-08-12,36.0,7025.0,528.8,18.62,27.05,19.18
2026-07-07,7503.85,2026-08-12,36.0,7050.0,505.75,18.33,28.9,18.86
2026-07-07,7503.85,2026-08-12,36.0,7075.0,482.85,18.04,30.95,18.55
2026-07-07,7503.85,2026-08-12,36.0,7100.0,460.2,17.77,33.15,18.23
2026-07-07,7503.85,2026-08-12,36.0,7125.0,437.7,17.49,35.6,17.93
2026-07-07,7503.85,2026-08-12,36.0,7150.0,415.45,17.21,38.2,17.62
2026-07-07,7503.85,2026-08-12,36.0,7175.0,393.4,16.93,41.1,17.32
2026-07-07,7503.85,2026-08-12,36.0,7200.0,371.6,16.65,44.2,17.01
2026-07-07,7503.85,2026-08-12,36.0,7225.0,350.05,16.36,47.6,16.71
2026-07-07,7503.85,2026-08-12,36.0,7250.0,328.85,16.09,51.3,16.4
2026-07-07,7503.85,2026-08-12,36.0,7275.0,307.95,15.8,55.35,16.1
2026-07-07,7503.85,2026-08-12,36.0,7300.0,287.45,15.52,59.75,15.8
2026-07-07,7503.85,2026-08-12,36.0,7325.0,267.35,15.25,64.5,15.49
2026-07-07,7503.85,2026-08-12,36.0,7350.0,247.6,14.96,69.7,15.19
2026-07-07,7503.85,2026-08-12,36.0,7375.0,228.55,14.7,75.35,14.88
2026-07-07,7503.85,2026-08-12,36.0,7400.0,209.85,14.42,81.55,14.58
2026-07-07,7503.85,2026-08-12,36.0,7425.0,191.65,14.13,88.25,14.27
2026-07-07,7503.85,2026-08-12,36.0,7450.0,174.1,13.85,95.6,13.96
2026-07-07,7503.85,2026-08-12,36.0,7475.0,157.25,13.58,103.6,13.66
2026-07-07,7503.85,2026-08-12,36.0,7500.0,141.1,13.31,112.4,13.36
2026-07-07,7503.85,2026-08-12,36.0,7525.0,125.8,13.04,122.0,13.07
2026-07-07,7503.85,2026-08-12,36.0,7550.0,111.35,12.79,132.4,12.77
2026-07-07,7503.85,2026-08-12,36.0,7575.0,97.8,12.54,143.8,12.48
2026-07-07,7503.85,2026-08-12,36.0,7600.0,85.25,12.31,156.15,12.19
2026-07-07,7503.85,2026-08-12,36.0,7625.0,73.7,12.09,169.5,11.89
2026-07-07,7503.85,2026-08-12,36.0,7650.0,63.2,11.88,183.9,11.59
2026-07-07,7503.85,2026-08-12,36.0,7675.0,53.75,11.69,199.35,11.27
2026-07-07,7503.85,2026-08-12,36.0,7700.0,45.3,11.51,215.35,10.86
2026-07-07,7503.85,2026-08-12,36.0,7725.0,37.9,11.35,233.05,10.47
2026-07-07,7503.85,2026-08-12,36.0,7750.0,31.45,11.2,251.3,9.85
2026-07-07,7503.85,2026-08-12,36.0,7800.0,21.1,10.95,,
2026-07-07,7503.85,2026-08-12,36.0,7900.0,8.75,10.62,,
2026-07-07,7503.85,2026-08-12,36.0,8000.0,3.5,10.57,,
2026-07-07,7503.85,2026-08-12,36.0,8100.0,1.55,10.84,,
2026-07-07,7503.85,2026-08-12,36.0,8200.0,0.85,11.45,,
2026-07-07,7503.85,2026-08-12,36.0,8400.0,0.35,12.91,,
2026-07-07,7503.85,2026-08-12,36.0,8600.0,0.2,14.57,,
2026-07-07,7503.85,2026-08-13,37.0,5800.0,,,3.55,36.9
2026-07-07,7503.85,2026-08-13,37.0,6000.0,,,4.55,33.83
2026-07-07,7503.85,2026-08-13,37.0,6100.0,,,5.15,32.28
2026-07-07,7503.85,2026-08-13,37.0,6200.0,,,5.9,30.76
2026-07-07,7503.85,2026-08-13,37.0,6300.0,1228.25,21.56,6.8,29.26
2026-07-07,7503.85,2026-08-13,37.0,6400.0,1129.85,22.42,7.9,27.77
2026-07-07,7503.85,2026-08-13,37.0,6500.0,1031.65,22.21,9.3,26.31
2026-07-07,7503.85,2026-08-13,37.0,6600.0,933.85,21.67,11.1,24.89
2026-07-07,7503.85,2026-08-13,37.0,6700.0,836.65,20.97,13.4,23.47
2026-07-07,7503.85,2026-08-13,37.0,6800.0,740.3,20.18,16.6,22.14
2026-07-07,7503.85,2026-08-13,37.0,6900.0,645.05,19.29,20.85,20.82
2026-07-07,7503.85,2026-08-13,37.0,6950.0,600.55,19.5,23.55,20.18
2026-07-07,7503.85,2026-08-13,37.0,6975.0,577.15,19.21,25.05,19.86
2026-07-07,7503.85,2026-08-13,37.0,7000.0,553.95,18.95,26.75,19.56
2026-07-07,7503.85,2026-08-13,37.0,7025.0,530.8,18.66,28.45,19.22
2026-07-07,7503.85,2026-08-13,37.0,7050.0,507.8,18.38,30.45,18.93
2026-07-07,7503.85,2026-08-13,37.0,7075.0,485.05,18.11,32.55,18.62
2026-07-07,7503.85,2026-08-13,37.0,7100.0,462.45,17.84,34.8,18.3
2026-07-07,7503.85,2026-08-13,37.0,7125.0,440.0,17.55,37.3,18.0
2026-07-07,7503.85,2026-08-13,37.0,7150.0,417.8,17.28,40.0,17.69
2026-07-07,7503.85,2026-08-13,37.0,7175.0,395.8,16.99,42.9,17.39
2026-07-07,7503.85,2026-08-13,37.0,7200.0,374.05,16.71,46.1,17.09
2026-07-07,7503.85,2026-08-13,37.0,7225.0,352.65,16.44,49.5,16.78
2026-07-07,7503.85,2026-08-13,37.0,7250.0,331.5,16.16,53.3,16.48
2026-07-07,7503.85,2026-08-13,37.0,7275.0,310.65,15.88,57.4,16.18
2026-07-07,7503.85,2026-08-13,37.0,7300.0,290.2,15.6,61.8,15.87
2026-07-07,7503.85,2026-08-13,37.0,7325.0,270.1,15.32,66.65,15.57
2026-07-07,7503.85,2026-08-13,37.0,7350.0,250.4,15.03,71.85,15.26
2026-07-07,7503.85,2026-08-13,37.0,7375.0,231.45,14.78,77.55,14.96
2026-07-07,7503.85,2026-08-13,37.0,7400.0,212.75,14.5,83.75,14.66
2026-07-07,7503.85,2026-08-13,37.0,7425.0,194.6,14.22,90.5,14.35
2026-07-07,7503.85,2026-08-13,37.0,7450.0,177.1,13.94,97.85,14.05
2026-07-07,7503.85,2026-08-13,37.0,7475.0,160.2,13.66,105.9,13.75
2026-07-07,7503.85,2026-08-13,37.0,7500.0,144.1,13.4,114.6,13.44
2026-07-07,7503.85,2026-08-13,37.0,7525.0,128.8,13.14,124.2,13.15
2026-07-07,7503.85,2026-08-13,37.0,7550.0,114.3,12.89,134.6,12.86
2026-07-07,7503.85,2026-08-13,37.0,7575.0,100.7,12.64,145.9,12.57
2026-07-07,7503.85,2026-08-13,37.0,7600.0,88.1,12.41,158.2,12.28
2026-07-07,7503.85,2026-08-13,37.0,7625.0,76.45,12.19,171.5,12.0
2026-07-07,7503.85,2026-08-13,37.0,7650.0,65.8,11.98,185.75,11.7
2026-07-07,7503.85,2026-08-13,37.0,7675.0,56.15,11.78,201.0,11.38
2026-07-07,7503.85,2026-08-13,37.0,7700.0,47.55,11.6,217.05,11.01
2026-07-07,7503.85,2026-08-13,37.0,7725.0,39.95,11.44,234.4,10.6
2026-07-07,7503.85,2026-08-13,37.0,7750.0,33.3,11.29,252.6,10.05
2026-07-07,7503.85,2026-08-13,37.0,7775.0,27.5,11.15,271.8,8.96
2026-07-07,7503.85,2026-08-13,37.0,7800.0,22.5,11.02,,
2026-07-07,7503.85,2026-08-13,37.0,7825.0,18.35,10.92,,
2026-07-07,7503.85,2026-08-13,37.0,7900.0,9.5,10.67,,
2026-07-07,7503.85,2026-08-13,37.0,8000.0,3.95,10.64,,
2026-07-07,7503.85,2026-08-13,37.0,8100.0,1.8,10.92,,
2026-07-07,7503.85,2026-08-13,37.0,8200.0,0.95,11.44,,
2026-07-07,7503.85,2026-08-13,37.0,8400.0,0.4,12.9,,
2026-07-07,7503.85,2026-08-13,37.0,8600.0,0.2,14.36,,
2026-07-07,7503.85,2026-08-14,38.0,5700.0,,,3.35,38.26
2026-07-07,7503.85,2026-08-14,38.0,5800.0,,,3.8,36.77
2026-07-07,7503.85,2026-08-14,38.0,5900.0,,,4.25,35.19
2026-07-07,7503.85,2026-08-14,38.0,5950.0,,,4.55,34.46
2026-07-07,7503.85,2026-08-14,38.0,6000.0,,,4.85,33.71
2026-07-07,7503.85,2026-08-14,38.0,6050.0,,,5.15,32.94
2026-07-07,7503.85,2026-08-14,38.0,6100.0,,,5.55,32.23
2026-07-07,7503.85,2026-08-14,38.0,6150.0,,,5.85,31.41
2026-07-07,7503.85,2026-08-14,38.0,6200.0,1328.15,21.39,6.25,30.65
2026-07-07,7503.85,2026-08-14,38.0,6250.0,1278.8,22.48,6.75,29.94
2026-07-07,7503.85,2026-08-14,38.0,6300.0,1229.55,22.99,7.25,29.2
2026-07-07,7503.85,2026-08-14,38.0,6350.0,1180.35,23.14,7.8,28.46
2026-07-07,7503.85,2026-08-14,38.0,6400.0,1131.15,23.03,8.4,27.72
2026-07-07,7503.85,2026-08-14,38.0,6450.0,1082.1,22.9,9.1,26.99
2026-07-07,7503.85,2026-08-14,38.0,6475.0,1057.6,22.8,9.45,26.62
2026-07-07,7503.85,2026-08-14,38.0,6500.0,1033.1,22.65,9.9,26.29
2026-07-07,7503.85,2026-08-14,38.0,6525.0,1008.65,22.51,10.3,25.92
2026-07-07,7503.85,2026-08-14,38.0,6550.0,984.25,22.38,10.7,25.53
2026-07-07,7503.85,2026-08-14,38.0,6575.0,959.85,22.21,11.2,25.19
2026-07-07,7503.85,2026-08-14,38.0,6600.0,935.45,22.01,11.75,24.85
2026-07-07,7503.85,2026-08-14,38.0,6625.0,911.15,21.84,12.3,24.5
2026-07-07,7503.85,2026-08-14,38.0,6650.0,886.85,21.64,12.9,24.16
2026-07-07,7503.85,2026-08-14,38.0,6675.0,862.65,21.47,13.55,23.82
2026-07-07,7503.85,2026-08-14,38.0,6700.0,838.45,21.26,14.2,23.47
2026-07-07,7503.85,2026-08-14,38.0,6725.0,814.3,21.05,15.0,23.15
2026-07-07,7503.85,2026-08-14,38.0,6750.0,790.2,20.83,15.75,22.8
2026-07-07,7503.85,2026-08-14,38.0,6775.0,766.15,20.6,16.6,22.47
2026-07-07,7503.85,2026-08-14,38.0,6800.0,742.25,20.4,17.5,22.14
2026-07-07,7503.85,2026-08-14,38.0,6825.0,718.35,20.17,18.5,21.81
2026-07-07,7503.85,2026-08-14,38.0,6850.0,694.55,19.94,19.6,21.5
2026-07-07,7503.85,2026-08-14,38.0,6875.0,670.8,19.7,20.7,21.16
2026-07-07,7503.85,2026-08-14,38.0,6900.0,647.15,19.46,21.95,20.84
2026-07-07,7503.85,2026-08-14,38.0,6925.0,626.25,19.92,23.3,20.52
2026-07-07,7503.85,2026-08-14,38.0,6950.0,602.8,19.64,24.75,20.21
2026-07-07,7503.85,2026-08-14,38.0,6975.0,579.45,19.35,26.35,19.9
2026-07-07,7503.85,2026-08-14,38.0,7000.0,556.3,19.08,28.05,19.59
2026-07-07,7503.85,2026-08-14,38.0,7025.0,533.2,18.79,29.85,19.27
2026-07-07,7503.85,2026-08-14,38.0,7030.0,528.65,18.74,30.25,19.21
2026-07-07,7503.85,2026-08-14,38.0,7040.0,519.45,18.62,31.05,19.09
2026-07-07,7503.85,2026-08-14,38.0,7050.0,510.35,18.52,31.85,18.96
2026-07-07,7503.85,2026-08-14,38.0,7060.0,501.25,18.41,32.65,18.83
2026-07-07,7503.85,2026-08-14,38.0,7070.0,492.15,18.3,33.55,18.72
2026-07-07,7503.85,2026-08-14,38.0,7075.0,487.6,18.24,34.0,18.65
2026-07-07,7503.85,2026-08-14,38.0,7080.0,483.05,18.18,34.45,18.59
2026-07-07,7503.85,2026-08-14,38.0,7090.0,474.05,18.07,35.35,18.47
2026-07-07,7503.85,2026-08-14,38.0,7100.0,465.05,17.96,36.35,18.35
2026-07-07,7503.85,2026-08-14,38.0,7110.0,456.1,17.85,37.35,18.23
2026-07-07,7503.85,2026-08-14,38.0,7120.0,447.1,17.73,38.35,18.11
2026-07-07,7503.85,2026-08-14,38.0,7125.0,442.7,17.68,38.85,18.04
2026-07-07,7503.85,2026-08-14,38.0,7130.0,438.2,17.62,39.4,17.98
2026-07-07,7503.85,2026-08-14,38.0,7140.0,429.4,17.52,40.5,17.86
2026-07-07,7503.85,2026-08-14,38.0,7150.0,420.5,17.4,41.6,17.74
2026-07-07,7503.85,2026-08-14,38.0,7160.0,411.75,17.29,42.8,17.62
2026-07-07,7503.85,2026-08-14,38.0,7170.0,402.95,17.17,43.95,17.49
2026-07-07,7503.85,2026-08-14,38.0,7175.0,398.65,17.13,44.6,17.44
2026-07-07,7503.85,2026-08-14,38.0,7180.0,394.25,17.06,45.2,17.37
2026-07-07,7503.85,2026-08-14,38.0,7190.0,385.6,16.96,46.5,17.26
2026-07-07,7503.85,2026-08-14,38.0,7200.0,376.95,16.84,47.8,17.13
2026-07-07,7503.85,2026-08-14,38.0,7210.0,368.4,16.74,49.15,17.01
2026-07-07,7503.85,2026-08-14,38.0,7220.0,359.8,16.62,50.55,16.89
2026-07-07,7503.85,2026-08-14,38.0,7225.0,355.55,16.56,51.3,16.83
2026-07-07,7503.85,2026-08-14,38.0,7230.0,351.3,16.5,52.0,16.76
2026-07-07,7503.85,2026-08-14,38.0,7240.0,342.85,16.39,53.55,16.65
2026-07-07,7503.85,2026-08-14,38.0,7250.0,334.45,16.28,55.1,16.53
2026-07-07,7503.85,2026-08-14,38.0,7260.0,326.1,16.17,56.65,16.4
2026-07-07,7503.85,2026-08-14,38.0,7270.0,317.8,16.05,58.35,16.28
2026-07-07,7503.85,2026-08-14,38.0,7275.0,313.7,16.0,59.2,16.22
2026-07-07,7503.85,2026-08-14,38.0,7280.0,309.55,15.94,60.05,16.16
2026-07-07,7503.85,2026-08-14,38.0,7290.0,301.35,15.82,61.85,16.04
2026-07-07,7503.85,2026-08-14,38.0,7300.0,293.25,15.72,63.65,15.92
2026-07-07,7503.85,2026-08-14,38.0,7310.0,285.15,15.6,65.6,15.8
2026-07-07,7503.85,2026-08-14,38.0,7320.0,277.15,15.49,67.5,15.68
2026-07-07,7503.85,2026-08-14,38.0,7325.0,273.15,15.43,68.55,15.62
2026-07-07,7503.85,2026-08-14,38.0,7330.0,269.25,15.38,69.6,15.57
2026-07-07,7503.85,2026-08-14,38.0,7340.0,261.35,15.26,71.65,15.44
2026-07-07,7503.85,2026-08-14,38.0,7350.0,253.75,15.17,73.75,15.31
2026-07-07,7503.85,2026-08-14,38.0,7360.0,246.05,15.06,76.05,15.2
2026-07-07,7503.85,2026-08-14,38.0,7370.0,238.35,14.94,78.35,15.08
2026-07-07,7503.85,2026-08-14,38.0,7375.0,234.55,14.88,79.45,15.0
2026-07-07,7503.85,2026-08-14,38.0,7380.0,230.8,14.83,80.7,14.95
2026-07-07,7503.85,2026-08-14,38.0,7390.0,223.3,14.72,83.15,14.83
2026-07-07,7503.85,2026-08-14,38.0,7400.0,215.85,14.6,85.7,14.71
2026-07-07,7503.85,2026-08-14,38.0,7410.0,208.55,14.49,88.35,14.59
2026-07-07,7503.85,2026-08-14,38.0,7420.0,201.35,14.38,91.05,14.46
2026-07-07,7503.85,2026-08-14,38.0,7425.0,197.75,14.32,92.4,14.4
2026-07-07,7503.85,2026-08-14,38.0,7430.0,194.2,14.27,93.85,14.34
2026-07-07,7503.85,2026-08-14,38.0,7440.0,187.15,14.15,96.8,14.22
2026-07-07,7503.85,2026-08-14,38.0,7450.0,180.2,14.04,99.8,14.1
2026-07-07,7503.85,2026-08-14,38.0,7460.0,173.4,13.94,102.95,13.98
2026-07-07,7503.85,2026-08-14,38.0,7470.0,166.7,13.83,106.15,13.86
2026-07-07,7503.85,2026-08-14,38.0,7475.0,163.3,13.77,107.8,13.8
2026-07-07,7503.85,2026-08-14,38.0,7480.0,160.05,13.72,109.55,13.74
2026-07-07,7503.85,2026-08-14,38.0,7490.0,153.6,13.61,113.0,13.62
2026-07-07,7503.85,2026-08-14,38.0,7500.0,147.15,13.5,116.55,13.5
2026-07-07,7503.85,2026-08-14,38.0,7510.0,141.0,13.4,120.3,13.39
2026-07-07,7503.85,2026-08-14,38.0,7520.0,134.85,13.29,124.1,13.26
2026-07-07,7503.85,2026-08-14,38.0,7525.0,131.8,13.24,126.05,13.2
2026-07-07,7503.85,2026-08-14,38.0,7530.0,128.9,13.2,128.1,13.15
2026-07-07,7503.85,2026-08-14,38.0,7540.0,123.05,13.09,132.2,13.03
2026-07-07,7503.85,2026-08-14,38.0,7550.0,117.3,12.99,136.45,12.92
2026-07-07,7503.85,2026-08-14,38.0,7560.0,111.75,12.89,140.85,12.8
2026-07-07,7503.85,2026-08-14,38.0,7570.0,106.35,12.8,145.35,12.68
2026-07-07,7503.85,2026-08-14,38.0,7575.0,103.6,12.74,147.65,12.62
2026-07-07,7503.85,2026-08-14,38.0,7580.0,101.05,12.7,150.05,12.57
2026-07-07,7503.85,2026-08-14,38.0,7590.0,95.95,12.61,154.9,12.45
2026-07-07,7503.85,2026-08-14,38.0,7600.0,90.9,12.51,159.85,12.33
2026-07-07,7503.85,2026-08-14,38.0,7610.0,86.15,12.43,165.0,12.22
2026-07-07,7503.85,2026-08-14,38.0,7620.0,81.45,12.34,170.3,12.1
2026-07-07,7503.85,2026-08-14,38.0,7625.0,79.15,12.29,173.05,12.05
2026-07-07,7503.85,2026-08-14,38.0,7630.0,77.0,12.26,175.75,11.98
2026-07-07,7503.85,2026-08-14,38.0,7640.0,72.65,12.17,181.4,11.87
2026-07-07,7503.85,2026-08-14,38.0,7650.0,68.45,12.09,187.15,11.75
2026-07-07,7503.85,2026-08-14,38.0,7660.0,64.4,12.01,193.1,11.63
2026-07-07,7503.85,2026-08-14,38.0,7670.0,60.6,11.94,199.2,11.5
2026-07-07,7503.85,2026-08-14,38.0,7675.0,58.65,11.89,202.35,11.44
2026-07-07,7503.85,2026-08-14,38.0,7680.0,56.9,11.86,205.45,11.37
2026-07-07,7503.85,2026-08-14,38.0,7690.0,53.35,11.79,211.7,11.21
2026-07-07,7503.85,2026-08-14,38.0,7700.0,49.95,11.72,218.35,11.09
2026-07-07,7503.85,2026-08-14,38.0,7710.0,46.75,11.65,225.05,10.93
2026-07-07,7503.85,2026-08-14,38.0,7720.0,43.65,11.58,231.9,10.75
2026-07-07,7503.85,2026-08-14,38.0,7725.0,42.2,11.55,235.4,10.67
2026-07-07,7503.85,2026-08-14,38.0,7730.0,40.75,11.52,238.9,10.57
2026-07-07,7503.85,2026-08-14,38.0,7740.0,37.95,11.46,246.15,10.38
2026-07-07,7503.85,2026-08-14,38.0,7750.0,35.35,11.4,253.5,10.15
2026-07-07,7503.85,2026-08-14,38.0,7760.0,32.9,11.35,261.0,9.89
2026-07-07,7503.85,2026-08-14,38.0,7775.0,29.4,11.27,272.4,9.2
2026-07-07,7503.85,2026-08-14,38.0,7800.0,24.25,11.14,,
2026-07-07,7503.85,2026-08-14,38.0,7825.0,19.9,11.04,,
2026-07-07,7503.85,2026-08-14,38.0,7850.0,16.2,10.94,,
2026-07-07,7503.85,2026-08-14,38.0,7875.0,13.1,10.86,,
2026-07-07,7503.85,2026-08-14,38.0,7900.0,10.6,10.8,,
2026-07-07,7503.85,2026-08-14,38.0,7925.0,8.55,10.76,,
2026-07-07,7503.85,2026-08-14,38.0,7950.0,6.85,10.72,,
2026-07-07,7503.85,2026-08-14,38.0,7975.0,5.5,10.71,,
2026-07-07,7503.85,2026-08-14,38.0,8000.0,4.45,10.72,,
2026-07-07,7503.85,2026-08-14,38.0,8025.0,3.65,10.77,,
2026-07-07,7503.85,2026-08-14,38.0,8050.0,3.03,10.84,,
2026-07-07,7503.85,2026-08-14,38.0,8100.0,2.08,11.0,,
2026-07-07,7503.85,2026-08-14,38.0,8150.0,1.48,11.21,,
2026-07-07,7503.85,2026-08-14,38.0,8200.0,1.07,11.45,,
2026-07-07,7503.85,2026-08-14,38.0,8250.0,0.82,11.77,,
2026-07-07,7503.85,2026-08-14,38.0,8300.0,0.65,12.1,,
2026-07-07,7503.85,2026-08-14,38.0,8400.0,0.45,12.87,,
2026-07-07,7503.85,2026-08-14,38.0,8600.0,0.28,14.59,,
2026-07-07,7503.85,2026-08-21,45.0,5630.0,,,4.1,37.63
2026-07-07,7503.85,2026-08-21,45.0,5640.0,,,4.15,37.49
2026-07-07,7503.85,2026-08-21,45.0,5650.0,,,4.25,37.41
2026-07-07,7503.85,2026-08-21,45.0,5660.0,,,4.25,37.2
2026-07-07,7503.85,2026-08-21,45.0,5670.0,,,4.3,37.06
2026-07-07,7503.85,2026-08-21,45.0,5675.0,,,4.3,36.96
2026-07-07,7503.85,2026-08-21,45.0,5680.0,,,4.35,36.92
2026-07-07,7503.85,2026-08-21,45.0,5690.0,,,4.35,36.72
2026-07-07,7503.85,2026-08-21,45.0,5700.0,,,4.55,36.75
2026-07-07,7503.85,2026-08-21,45.0,5710.0,,,4.45,36.43
2026-07-07,7503.85,2026-08-21,45.0,5720.0,,,4.5,36.28
2026-07-07,7503.85,2026-08-21,45.0,5725.0,,,4.55,36.24
2026-07-07,7503.85,2026-08-21,45.0,5730.0,,,4.6,36.19
2026-07-07,7503.85,2026-08-21,45.0,5740.0,,,4.65,36.05
2026-07-07,7503.85,2026-08-21,45.0,5750.0,,,4.85,36.06
2026-07-07,7503.85,2026-08-21,45.0,5760.0,,,4.75,35.75
2026-07-07,7503.85,2026-08-21,45.0,5770.0,,,4.85,35.66
2026-07-07,7503.85,2026-08-21,45.0,5775.0,,,4.85,35.55
2026-07-07,7503.85,2026-08-21,45.0,5780.0,,,4.85,35.45
2026-07-07,7503.85,2026-08-21,45.0,5790.0,,,4.95,35.36
2026-07-07,7503.85,2026-08-21,45.0,5800.0,,,5.1,35.31
2026-07-07,7503.85,2026-08-21,45.0,5810.0,,,5.05,35.05
2026-07-07,7503.85,2026-08-21,45.0,5820.0,,,5.05,34.85
2026-07-07,7503.85,2026-08-21,45.0,5825.0,,,5.1,34.8
2026-07-07,7503.85,2026-08-21,45.0,5830.0,,,5.15,34.75
2026-07-07,7503.85,2026-08-21,45.0,5840.0,,,5.2,34.59
2026-07-07,7503.85,2026-08-21,45.0,5850.0,,,5.4,34.58
2026-07-07,7503.85,2026-08-21,45.0,5860.0,,,5.3,34.29
2026-07-07,7503.85,2026-08-21,45.0,5870.0,,,5.4,34.18
2026-07-07,7503.85,2026-08-21,45.0,5875.0,1655.75,19.65,5.4,34.08
2026-07-07,7503.85,2026-08-21,45.0,5880.0,,,5.45,34.02
2026-07-07,7503.85,2026-08-21,45.0,5890.0,1640.95,22.75,5.55,33.91
2026-07-07,7503.85,2026-08-21,45.0,5900.0,1631.0,22.66,5.75,33.89
2026-07-07,7503.85,2026-08-21,45.0,5910.0,1621.15,23.54,5.65,33.6
2026-07-07,7503.85,2026-08-21,45.0,5920.0,1611.25,23.8,5.75,33.48
2026-07-07,7503.85,2026-08-21,45.0,5925.0,1606.35,24.22,5.75,33.38
2026-07-07,7503.85,2026-08-21,45.0,5930.0,1601.4,24.3,5.8,33.32
2026-07-07,7503.85,2026-08-21,45.0,5940.0,1591.2,22.28,5.9,33.21
2026-07-07,7503.85,2026-08-21,45.0,5950.0,1581.6,24.53,6.1,33.17
2026-07-07,7503.85,2026-08-21,45.0,5960.0,1571.75,24.82,6.05,32.93
2026-07-07,7503.85,2026-08-21,45.0,5970.0,1561.55,23.49,6.1,32.77
2026-07-07,7503.85,2026-08-21,45.0,5975.0,1556.6,23.56,6.15,32.71
2026-07-07,7503.85,2026-08-21,45.0,5980.0,1552.05,25.25,6.2,32.65
2026-07-07,7503.85,2026-08-21,45.0,5990.0,1541.8,23.98,6.25,32.48
2026-07-07,7503.85,2026-08-21,45.0,6000.0,1532.2,25.1,6.45,32.44
2026-07-07,7503.85,2026-08-21,45.0,6010.0,1522.05,24.29,6.4,32.2
2026-07-07,7503.85,2026-08-21,45.0,6020.0,1512.2,24.48,6.65,32.19
2026-07-07,7503.85,2026-08-21,45.0,6025.0,1507.25,24.49,6.55,32.01
2026-07-07,7503.85,2026-08-21,45.0,6030.0,1502.4,24.79,6.75,32.06
2026-07-07,7503.85,2026-08-21,45.0,6040.0,1492.45,24.64,6.65,31.78
2026-07-07,7503.85,2026-08-21,45.0,6050.0,1482.65,24.88,6.9,31.76
2026-07-07,7503.85,2026-08-21,45.0,6060.0,1472.8,24.97,6.85,31.52
2026-07-07,7503.85,2026-08-21,45.0,6070.0,1462.9,24.92,7.1,31.5
2026-07-07,7503.85,2026-08-21,45.0,6075.0,1458.35,25.71,6.95,31.28
2026-07-07,7503.85,2026-08-21,45.0,6080.0,1453.1,25.09,7.2,31.36
2026-07-07,7503.85,2026-08-21,45.0,6090.0,1443.55,25.68,7.1,31.09
2026-07-07,7503.85,2026-08-21,45.0,6100.0,1433.35,25.06,7.35,31.06
2026-07-07,7503.85,2026-08-21,45.0,6110.0,1423.45,24.99,7.3,30.82
2026-07-07,7503.85,2026-08-21,45.0,6120.0,1413.6,25.0,7.55,30.78
2026-07-07,7503.85,2026-08-21,45.0,6125.0,1409.05,25.61,7.45,30.61
2026-07-07,7503.85,2026-08-21,45.0,6130.0,1403.75,25.01,7.65,30.64
2026-07-07,7503.85,2026-08-21,45.0,6140.0,1393.95,25.08,7.55,30.37
2026-07-07,7503.85,2026-08-21,45.0,6150.0,1384.35,25.44,7.85,30.36
2026-07-07,7503.85,2026-08-21,45.0,6160.0,1374.6,25.54,7.75,30.09
2026-07-07,7503.85,2026-08-21,45.0,6170.0,1364.7,25.43,8.05,30.08
2026-07-07,7503.85,2026-08-21,45.0,6175.0,1357.15,17.0,7.95,29.91
2026-07-07,7503.85,2026-08-21,45.0,6180.0,1352.2,17.55,8.15,29.93
2026-07-07,7503.85,2026-08-21,45.0,6190.0,1342.35,18.75,8.1,29.69
2026-07-07,7503.85,2026-08-21,45.0,6200.0,1332.55,19.7,8.35,29.64
2026-07-07,7503.85,2026-08-21,45.0,6210.0,1322.7,20.08,8.3,29.4
2026-07-07,7503.85,2026-08-21,45.0,6220.0,1312.85,20.36,8.6,29.38
2026-07-07,7503.85,2026-08-21,45.0,6225.0,1307.95,20.57,8.5,29.21
2026-07-07,7503.85,2026-08-21,45.0,6230.0,1303.05,20.75,8.8,29.29
2026-07-07,7503.85,2026-08-21,45.0,6240.0,1293.25,21.05,8.65,28.99
2026-07-07,7503.85,2026-08-21,45.0,6250.0,1283.4,21.16,8.95,28.96
2026-07-07,7503.85,2026-08-21,45.0,6260.0,1273.6,21.36,9.1,28.83
2026-07-07,7503.85,2026-08-21,45.0,6270.0,1263.75,21.42,9.25,28.71
2026-07-07,7503.85,2026-08-21,45.0,6275.0,1258.85,21.5,9.3,28.63
2026-07-07,7503.85,2026-08-21,45.0,6280.0,1253.95,21.57,9.4,28.58
2026-07-07,7503.85,2026-08-21,45.0,6290.0,1244.15,21.68,9.5,28.43
2026-07-07,7503.85,2026-08-21,45.0,6300.0,1234.35,21.77,9.65,28.3
2026-07-07,7503.85,2026-08-21,45.0,6310.0,1224.55,21.84,9.75,28.14
2026-07-07,7503.85,2026-08-21,45.0,6320.0,1214.75,21.9,9.95,28.03
2026-07-07,7503.85,2026-08-21,45.0,6325.0,1209.85,21.92,10.0,27.95
2026-07-07,7503.85,2026-08-21,45.0,6330.0,1204.95,21.94,10.1,27.9
2026-07-07,7503.85,2026-08-21,45.0,6340.0,1195.15,21.97,10.25,27.76
2026-07-07,7503.85,2026-08-21,45.0,6350.0,1185.35,21.99,10.4,27.63
2026-07-07,7503.85,2026-08-21,45.0,6360.0,1175.55,21.99,10.5,27.46
2026-07-07,7503.85,2026-08-21,45.0,6370.0,1165.75,21.99,10.65,27.33
2026-07-07,7503.85,2026-08-21,45.0,6375.0,1160.85,21.99,10.8,27.29
2026-07-07,7503.85,2026-08-21,45.0,6380.0,1156.0,22.03,10.8,27.19
2026-07-07,7503.85,2026-08-21,45.0,6390.0,1146.25,22.06,11.05,27.09
2026-07-07,7503.85,2026-08-21,45.0,6400.0,1136.45,22.04,11.15,26.92
2026-07-07,7503.85,2026-08-21,45.0,6410.0,1126.65,22.0,11.35,26.8
2026-07-07,7503.85,2026-08-21,45.0,6420.0,1116.9,22.0,11.5,26.66
2026-07-07,7503.85,2026-08-21,45.0,6425.0,1112.05,22.02,11.6,26.6
2026-07-07,7503.85,2026-08-21,45.0,6430.0,1107.15,22.0,11.75,26.55
2026-07-07,7503.85,2026-08-21,45.0,6440.0,1097.35,21.94,11.95,26.43
2026-07-07,7503.85,2026-08-21,45.0,6450.0,1087.65,21.96,12.15,26.3
2026-07-07,7503.85,2026-08-21,45.0,6460.0,1077.85,21.89,12.25,26.13
2026-07-07,7503.85,2026-08-21,45.0,6470.0,1068.15,21.9,12.45,26.0
2026-07-07,7503.85,2026-08-21,45.0,6475.0,1063.25,21.86,12.55,25.93
2026-07-07,7503.85,2026-08-21,45.0,6480.0,1058.4,21.86,12.75,25.9
2026-07-07,7503.85,2026-08-21,45.0,6490.0,1048.65,21.81,12.95,25.77
2026-07-07,7503.85,2026-08-21,45.0,6500.0,1038.95,21.79,13.1,25.61
2026-07-07,7503.85,2026-08-21,45.0,6510.0,1029.2,21.74,13.35,25.49
2026-07-07,7503.85,2026-08-21,45.0,6520.0,1019.45,21.67,13.55,25.35
2026-07-07,7503.85,2026-08-21,45.0,6525.0,1014.65,21.69,13.65,25.28
2026-07-07,7503.85,2026-08-21,45.0,6530.0,1009.75,21.64,13.8,25.23
2026-07-07,7503.85,2026-08-21,45.0,6540.0,1000.05,21.59,14.05,25.11
2026-07-07,7503.85,2026-08-21,45.0,6550.0,990.35,21.55,14.25,24.96
2026-07-07,7503.85,2026-08-21,45.0,6560.0,980.65,21.49,14.45,24.81
2026-07-07,7503.85,2026-08-21,45.0,6570.0,970.95,21.44,14.75,24.7
2026-07-07,7503.85,2026-08-21,45.0,6575.0,966.15,21.43,14.85,24.63
2026-07-07,7503.85,2026-08-21,45.0,6580.0,961.25,21.37,15.0,24.57
2026-07-07,7503.85,2026-08-21,45.0,6590.0,951.6,21.33,15.3,24.45
2026-07-07,7503.85,2026-08-21,45.0,6600.0,941.95,21.28,15.55,24.32
2026-07-07,7503.85,2026-08-21,45.0,6610.0,932.25,21.21,15.85,24.2
2026-07-07,7503.85,2026-08-21,45.0,6620.0,922.6,21.15,16.1,24.06
2026-07-07,7503.85,2026-08-21,45.0,6625.0,917.75,21.11,16.25,24.0
2026-07-07,7503.85,2026-08-21,45.0,6630.0,912.95,21.09,16.4,23.93
2026-07-07,7503.85,2026-08-21,45.0,6640.0,903.3,21.02,16.7,23.81
2026-07-07,7503.85,2026-08-21,45.0,6650.0,893.65,20.95,17.0,23.68
2026-07-07,7503.85,2026-08-21,45.0,6660.0,884.05,20.89,17.3,23.54
2026-07-07,7503.85,2026-08-21,45.0,6670.0,874.45,20.83,17.65,23.43
2026-07-07,7503.85,2026-08-21,45.0,6675.0,869.65,20.8,17.8,23.36
2026-07-07,7503.85,2026-08-21,45.0,6680.0,864.85,20.77,17.95,23.29
2026-07-07,7503.85,2026-08-21,45.0,6690.0,855.25,20.7,18.3,23.17
2026-07-07,7503.85,2026-08-21,45.0,6695.0,852.75,21.5,18.05,22.98
2026-07-07,7503.85,2026-08-21,45.0,6700.0,845.65,20.62,18.65,23.04
2026-07-07,7503.85,2026-08-21,45.0,6705.0,842.85,21.3,18.4,22.86
2026-07-07,7503.85,2026-08-21,45.0,6710.0,836.05,20.55,19.0,22.91
2026-07-07,7503.85,2026-08-21,45.0,6715.0,833.2,21.19,18.7,22.71
2026-07-07,7503.85,2026-08-21,45.0,6720.0,826.45,20.46,19.4,22.8
2026-07-07,7503.85,2026-08-21,45.0,6725.0,821.65,20.42,19.6,22.74
2026-07-07,7503.85,2026-08-21,45.0,6730.0,816.9,20.39,19.8,22.68
2026-07-07,7503.85,2026-08-21,45.0,6735.0,814.15,21.04,19.5,22.48
2026-07-07,7503.85,2026-08-21,45.0,6740.0,807.35,20.32,20.2,22.56
2026-07-07,7503.85,2026-08-21,45.0,6745.0,804.5,20.91,19.9,22.36
2026-07-07,7503.85,2026-08-21,45.0,6750.0,797.8,20.24,20.6,22.43
2026-07-07,7503.85,2026-08-21,45.0,6755.0,795.3,20.93,20.3,22.24
2026-07-07,7503.85,2026-08-21,45.0,6760.0,788.25,20.16,21.0,22.31
2026-07-07,7503.85,2026-08-21,45.0,6765.0,785.5,20.75,20.7,22.11
2026-07-07,7503.85,2026-08-21,45.0,6770.0,778.75,20.09,21.4,22.18
2026-07-07,7503.85,2026-08-21,45.0,6775.0,774.0,20.06,21.6,22.11
2026-07-07,7503.85,2026-08-21,45.0,6780.0,769.25,20.02,21.8,22.05
2026-07-07,7503.85,2026-08-21,45.0,6785.0,766.45,20.56,21.5,21.85
2026-07-07,7503.85,2026-08-21,45.0,6790.0,759.75,19.94,22.3,21.94
2026-07-07,7503.85,2026-08-21,45.0,6795.0,756.95,20.47,21.95,21.73
2026-07-07,7503.85,2026-08-21,45.0,6800.0,750.25,19.85,22.7,21.8
2026-07-07,7503.85,2026-08-21,45.0,6805.0,747.45,20.37,22.4,21.61
2026-07-07,7503.85,2026-08-21,45.0,6810.0,740.8,19.78,23.2,21.69
2026-07-07,7503.85,2026-08-21,45.0,6815.0,738.05,20.3,22.85,21.48
2026-07-07,7503.85,2026-08-21,45.0,6820.0,731.35,19.7,23.7,21.57
2026-07-07,7503.85,2026-08-21,45.0,6825.0,726.6,19.66,23.9,21.5
2026-07-07,7503.85,2026-08-21,45.0,6830.0,721.85,19.61,24.2,21.45
2026-07-07,7503.85,2026-08-21,45.0,6835.0,719.15,20.11,23.8,21.24
2026-07-07,7503.85,2026-08-21,45.0,6840.0,714.95,20.19,24.7,21.33
2026-07-07,7503.85,2026-08-21,45.0,6845.0,710.25,20.15,24.9,21.25
2026-07-07,7503.85,2026-08-21,45.0,6850.0,705.55,20.1,25.2,21.2
2026-07-07,7503.85,2026-08-21,45.0,6855.0,700.8,20.04,25.5,21.15
2026-07-07,7503.85,2026-08-21,45.0,6860.0,696.1,20.0,25.7,21.07
2026-07-07,7503.85,2026-08-21,45.0,6865.0,691.4,19.95,26.0,21.02
2026-07-07,7503.85,2026-08-21,45.0,6870.0,686.7,19.9,26.3,20.96
2026-07-07,7503.85,2026-08-21,45.0,6875.0,682.0,19.85,26.6,20.9
2026-07-07,7503.85,2026-08-21,45.0,6880.0,677.4,19.82,26.9,20.85
2026-07-07,7503.85,2026-08-21,45.0,6885.0,672.7,19.76,27.1,20.77
2026-07-07,7503.85,2026-08-21,45.0,6890.0,668.0,19.71,27.4,20.71
2026-07-07,7503.85,2026-08-21,45.0,6895.0,663.3,19.65,27.7,20.65
2026-07-07,7503.85,2026-08-21,45.0,6900.0,658.65,19.61,28.0,20.59
2026-07-07,7503.85,2026-08-21,45.0,6905.0,654.0,19.56,28.3,20.53
2026-07-07,7503.85,2026-08-21,45.0,6910.0,649.3,19.51,28.7,20.49
2026-07-07,7503.85,2026-08-21,45.0,6915.0,644.65,19.46,29.0,20.42
2026-07-07,7503.85,2026-08-21,45.0,6920.0,640.0,19.41,29.3,20.36
2026-07-07,7503.85,2026-08-21,45.0,6925.0,635.35,19.36,29.6,20.29
2026-07-07,7503.85,2026-08-21,45.0,6930.0,630.7,19.31,29.95,20.24
2026-07-07,7503.85,2026-08-21,45.0,6935.0,626.05,19.26,30.3,20.18
2026-07-07,7503.85,2026-08-21,45.0,6940.0,621.45,19.22,30.6,20.12
2026-07-07,7503.85,2026-08-21,45.0,6945.0,616.85,19.17,30.95,20.06
2026-07-07,7503.85,2026-08-21,45.0,6950.0,612.2,19.12,31.3,20.0
2026-07-07,7503.85,2026-08-21,45.0,6955.0,607.55,19.06,31.65,19.94
2026-07-07,7503.85,2026-08-21,45.0,6960.0,602.95,19.02,32.0,19.88
2026-07-07,7503.85,2026-08-21,45.0,6965.0,598.35,18.97,32.4,19.83
2026-07-07,7503.85,2026-08-21,45.0,6970.0,593.75,18.92,32.75,19.76
2026-07-07,7503.85,2026-08-21,45.0,6975.0,589.15,18.87,33.1,19.7
2026-07-07,7503.85,2026-08-21,45.0,6980.0,584.55,18.82,33.5,19.65
2026-07-07,7503.85,2026-08-21,45.0,6985.0,579.95,18.77,33.9,19.59
2026-07-07,7503.85,2026-08-21,45.0,6990.0,575.4,18.72,34.3,19.53
2026-07-07,7503.85,2026-08-21,45.0,6995.0,570.8,18.67,34.65,19.47
2026-07-07,7503.85,2026-08-21,45.0,7000.0,566.25,18.62,35.05,19.41
2026-07-07,7503.85,2026-08-21,45.0,7005.0,561.7,18.58,35.5,19.36
2026-07-07,7503.85,2026-08-21,45.0,7010.0,557.1,18.52,35.9,19.29
2026-07-07,7503.85,2026-08-21,45.0,7015.0,552.55,18.47,36.3,19.23
2026-07-07,7503.85,2026-08-21,45.0,7020.0,548.0,18.42,36.75,19.18
2026-07-07,7503.85,2026-08-21,45.0,7025.0,543.45,18.37,37.15,19.11
2026-07-07,7503.85,2026-08-21,45.0,7030.0,538.95,18.32,37.6,19.06
2026-07-07,7503.85,2026-08-21,45.0,7035.0,534.4,18.27,38.05,19.0
2026-07-07,7503.85,2026-08-21,45.0,7040.0,529.85,18.21,38.5,18.94
2026-07-07,7503.85,2026-08-21,45.0,7045.0,525.35,18.17,,
2026-07-07,7503.85,2026-08-28,52.0,5700.0,,,6.0,35.66
2026-07-07,7503.85,2026-08-28,52.0,5800.0,,,6.75,34.33
2026-07-07,7503.85,2026-08-28,52.0,5900.0,,,7.6,33.01
2026-07-07,7503.85,2026-08-28,52.0,5950.0,,,8.1,32.36
2026-07-07,7503.85,2026-08-28,52.0,6000.0,1536.05,21.98,8.6,31.7
2026-07-07,7503.85,2026-08-28,52.0,6050.0,1486.95,23.22,9.1,31.01
2026-07-07,7503.85,2026-08-28,52.0,6100.0,1437.85,23.67,9.7,30.36
2026-07-07,7503.85,2026-08-28,52.0,6150.0,1388.85,23.91,10.4,29.74
2026-07-07,7503.85,2026-08-28,52.0,6200.0,1339.85,23.9,11.1,29.08
2026-07-07,7503.85,2026-08-28,52.0,6250.0,1290.95,23.83,11.85,28.43
2026-07-07,7503.85,2026-08-28,52.0,6300.0,1242.15,23.69,12.7,27.79
2026-07-07,7503.85,2026-08-28,52.0,6350.0,1193.45,23.49,13.65,27.16
2026-07-07,7503.85,2026-08-28,52.0,6400.0,1144.75,23.19,14.7,26.54
2026-07-07,7503.85,2026-08-28,52.0,6450.0,1096.25,22.9,15.85,25.91
2026-07-07,7503.85,2026-08-28,52.0,6500.0,1047.85,22.57,17.15,25.3
2026-07-07,7503.85,2026-08-28,52.0,6550.0,999.65,22.23,18.6,24.69
2026-07-07,7503.85,2026-08-28,52.0,6600.0,951.55,21.85,20.2,24.09
2026-07-07,7503.85,2026-08-28,52.0,6650.0,903.65,21.45,22.0,23.49
2026-07-07,7503.85,2026-08-28,52.0,6700.0,856.0,21.05,24.05,22.9
2026-07-07,7503.85,2026-08-28,52.0,6750.0,808.6,20.63,26.25,22.29
2026-07-07,7503.85,2026-08-28,52.0,6800.0,764.15,20.82,28.8,21.71
2026-07-07,7503.85,2026-08-28,52.0,6825.0,740.7,20.57,30.2,21.42
2026-07-07,7503.85,2026-08-28,52.0,6850.0,717.3,20.31,31.65,21.12
2026-07-07,7503.85,2026-08-28,52.0,6875.0,694.1,20.07,33.25,20.83
2026-07-07,7503.85,2026-08-28,52.0,6900.0,670.95,19.83,34.95,20.55
2026-07-07,7503.85,2026-08-28,52.0,6925.0,647.9,19.58,36.75,20.26
2026-07-07,7503.85,2026-08-28,52.0,6950.0,624.95,19.32,38.7,19.98
2026-07-07,7503.85,2026-08-28,52.0,6975.0,602.2,19.08,40.75,19.7
2026-07-07,7503.85,2026-08-28,52.0,6990.0,588.6,18.93,42.05,19.53
2026-07-07,7503.85,2026-08-28,52.0,7000.0,579.5,18.83,42.95,19.42
2026-07-07,7503.85,2026-08-28,52.0,7025.0,557.0,18.58,45.3,19.14
2026-07-07,7503.85,2026-08-28,52.0,7050.0,534.7,18.34,47.8,18.86
2026-07-07,7503.85,2026-08-28,52.0,7075.0,512.55,18.09,50.5,18.59
2026-07-07,7503.85,2026-08-28,52.0,7100.0,490.5,17.83,53.3,18.3
2026-07-07,7503.85,2026-08-28,52.0,7125.0,468.75,17.59,56.4,18.03
2026-07-07,7503.85,2026-08-28,52.0,7150.0,447.15,17.33,59.7,17.76
2026-07-07,7503.85,2026-08-28,52.0,7175.0,425.8,17.08,63.15,17.48
2026-07-07,7503.85,2026-08-28,52.0,7200.0,404.7,16.83,66.9,17.2
2026-07-07,7503.85,2026-08-28,52.0,7225.0,383.85,16.58,70.95,16.93
2026-07-07,7503.85,2026-08-28,52.0,7240.0,371.45,16.43,73.5,16.77
2026-07-07,7503.85,2026-08-28,52.0,7250.0,363.25,16.33,75.25,16.66
2026-07-07,7503.85,2026-08-28,52.0,7260.0,355.1,16.23,77.05,16.55
2026-07-07,7503.85,2026-08-28,52.0,7270.0,347.0,16.13,78.9,16.44
2026-07-07,7503.85,2026-08-28,52.0,7275.0,343.0,16.08,79.85,16.39
2026-07-07,7503.85,2026-08-28,52.0,7280.0,339.0,16.03,80.8,16.33
2026-07-07,7503.85,2026-08-28,52.0,7290.0,331.0,15.93,82.75,16.22
2026-07-07,7503.85,2026-08-28,52.0,7300.0,323.1,15.83,84.8,16.12
2026-07-07,7503.85,2026-08-28,52.0,7310.0,315.2,15.73,86.85,16.01
2026-07-07,7503.85,2026-08-28,52.0,7320.0,307.4,15.63,89.0,15.9
2026-07-07,7503.85,2026-08-28,52.0,7325.0,303.7,15.6,90.05,15.84
2026-07-07,7503.85,2026-08-28,52.0,7330.0,299.9,15.56,91.15,15.79
2026-07-07,7503.85,2026-08-28,52.0,7340.0,292.2,15.46,93.4,15.68
2026-07-07,7503.85,2026-08-28,52.0,7350.0,284.55,15.35,95.75,15.57
2026-07-07,7503.85,2026-08-28,52.0,7360.0,277.0,15.26,98.15,15.47
2026-07-07,7503.85,2026-08-28,52.0,7370.0,269.5,15.16,100.6,15.36
2026-07-07,7503.85,2026-08-28,52.0,7375.0,265.8,15.11,101.85,15.3
2026-07-07,7503.85,2026-08-28,52.0,7380.0,262.1,15.06,103.1,15.25
2026-07-07,7503.85,2026-08-28,52.0,7390.0,254.8,14.97,105.7,15.14
2026-07-07,7503.85,2026-08-28,52.0,7400.0,247.45,14.86,108.4,15.04
2026-07-07,7503.85,2026-08-28,52.0,7410.0,240.25,14.76,111.1,14.92
2026-07-07,7503.85,2026-08-28,52.0,7420.0,233.2,14.67,113.95,14.82
2026-07-07,7503.85,2026-08-28,52.0,7425.0,229.7,14.63,115.4,14.77
2026-07-07,7503.85,2026-08-28,52.0,7430.0,226.2,14.58,116.85,14.71
2026-07-07,7503.85,2026-08-28,52.0,7440.0,219.2,14.48,119.85,14.61
2026-07-07,7503.85,2026-08-28,52.0,7450.0,212.4,14.39,122.9,14.5
2026-07-07,7503.85,2026-08-28,52.0,7460.0,205.6,14.29,126.1,14.39
2026-07-07,7503.85,2026-08-28,52.0,7470.0,198.95,14.2,129.4,14.29
2026-07-07,7503.85,2026-08-28,52.0,7475.0,195.65,14.15,131.0,14.23
2026-07-07,7503.85,2026-08-28,52.0,7480.0,192.35,14.1,132.7,14.18
2026-07-07,7503.85,2026-08-28,52.0,7490.0,185.9,14.01,136.2,14.08
2026-07-07,7503.85,2026-08-28,52.0,7500.0,179.5,13.92,139.8,13.98
2026-07-07,7503.85,2026-08-28,52.0,7510.0,173.25,13.83,143.4,13.87
2026-07-07,7503.85,2026-08-28,52.0,7520.0,167.1,13.74,147.2,13.77
2026-07-07,7503.85,2026-08-28,52.0,7525.0,164.05,13.7,149.1,13.71
2026-07-07,7503.85,2026-08-28,52.0,7530.0,161.0,13.65,151.1,13.67
2026-07-07,7503.85,2026-08-28,52.0,7540.0,155.1,13.57,155.1,13.56
2026-07-07,7503.85,2026-08-28,52.0,7550.0,149.2,13.48,159.2,13.46
2026-07-07,7503.85,2026-08-28,52.0,7560.0,143.5,13.39,163.4,13.36
2026-07-07,7503.85,2026-08-28,52.0,7570.0,137.9,13.31,167.75,13.26
2026-07-07,7503.85,2026-08-28,52.0,7575.0,135.2,13.27,170.0,13.21
2026-07-07,7503.85,2026-08-28,52.0,7580.0,132.5,13.23,172.2,13.15
2026-07-07,7503.85,2026-08-28,52.0,7600.0,121.9,13.07,181.5,12.95
2026-07-07,7503.85,2026-08-28,52.0,7625.0,109.35,12.87,193.85,12.7
2026-07-07,7503.85,2026-08-28,52.0,7650.0,97.65,12.69,207.0,12.44
2026-07-07,7503.85,2026-08-28,52.0,7675.0,86.75,12.52,221.0,12.19
2026-07-07,7503.85,2026-08-28,52.0,7700.0,76.75,12.36,235.8,11.91
2026-07-07,7503.85,2026-08-28,52.0,7725.0,67.5,12.2,251.4,11.62
2026-07-07,7503.85,2026-08-28,52.0,7750.0,59.15,12.07,267.85,11.28
2026-07-07,7503.85,2026-08-28,52.0,7775.0,51.6,11.94,284.9,10.86
2026-07-07,7503.85,2026-08-28,52.0,7800.0,44.8,11.83,302.95,10.34
2026-07-07,7503.85,2026-08-28,52.0,7850.0,33.35,11.63,,
2026-07-07,7503.85,2026-08-28,52.0,7900.0,24.35,11.46,,
2026-07-07,7503.85,2026-08-28,52.0,7950.0,17.5,11.33,,
2026-07-07,7503.85,2026-08-28,52.0,8000.0,12.5,11.25,,
2026-07-07,7503.85,2026-08-28,52.0,8050.0,8.85,11.2,,
2026-07-07,7503.85,2026-08-28,52.0,8100.0,6.3,11.21,,
2026-07-07,7503.85,2026-08-28,52.0,8150.0,4.5,11.25,,
2026-07-07,7503.85,2026-08-28,52.0,8200.0,3.3,11.36,,
2026-07-07,7503.85,2026-08-28,52.0,8250.0,2.5,11.54,,
2026-07-07,7503.85,2026-08-28,52.0,8300.0,1.95,11.75,,
2026-07-07,7503.85,2026-08-28,52.0,8400.0,1.25,12.25,,
2026-07-07,7503.85,2026-08-28,52.0,8600.0,0.6,13.37,,
2026-07-07,7503.85,2026-08-31,55.0,5650.0,,,6.05,35.7
2026-07-07,7503.85,2026-08-31,55.0,5675.0,,,6.25,35.39
2026-07-07,7503.85,2026-08-31,55.0,5700.0,,,6.4,35.04
2026-07-07,7503.85,2026-08-31,55.0,5720.0,,,6.55,34.78
2026-07-07,7503.85,2026-08-31,55.0,5725.0,,,6.6,34.73
2026-07-07,7503.85,2026-08-31,55.0,5730.0,,,6.65,34.67
2026-07-07,7503.85,2026-08-31,55.0,5740.0,,,6.7,34.52
2026-07-07,7503.85,2026-08-31,55.0,5750.0,,,6.75,34.37
2026-07-07,7503.85,2026-08-31,55.0,5760.0,,,6.85,34.25
2026-07-07,7503.85,2026-08-31,55.0,5770.0,,,6.95,34.14
2026-07-07,7503.85,2026-08-31,55.0,5775.0,,,6.95,34.04
2026-07-07,7503.85,2026-08-31,55.0,5780.0,,,7.0,33.99
2026-07-07,7503.85,2026-08-31,55.0,5790.0,,,7.1,33.87
2026-07-07,7503.85,2026-08-31,55.0,5800.0,,,7.15,33.72
2026-07-07,7503.85,2026-08-31,55.0,5810.0,,,7.25,33.6
2026-07-07,7503.85,2026-08-31,55.0,5820.0,,,7.35,33.48
2026-07-07,7503.85,2026-08-31,55.0,5825.0,,,7.4,33.42
2026-07-07,7503.85,2026-08-31,55.0,5830.0,,,7.45,33.36
2026-07-07,7503.85,2026-08-31,55.0,5840.0,,,7.5,33.2
2026-07-07,7503.85,2026-08-31,55.0,5850.0,,,7.6,33.08
2026-07-07,7503.85,2026-08-31,55.0,5860.0,,,7.7,32.96
2026-07-07,7503.85,2026-08-31,55.0,5870.0,,,7.8,32.83
2026-07-07,7503.85,2026-08-31,55.0,5875.0,,,7.85,32.77
2026-07-07,7503.85,2026-08-31,55.0,5880.0,,,7.9,32.71
2026-07-07,7503.85,2026-08-31,55.0,5890.0,,,8.0,32.58
2026-07-07,7503.85,2026-08-31,55.0,5900.0,,,8.05,32.43
2026-07-07,7503.85,2026-08-31,55.0,5910.0,,,8.2,32.33
2026-07-07,7503.85,2026-08-31,55.0,5920.0,,,8.3,32.2
2026-07-07,7503.85,2026-08-31,55.0,5925.0,,,8.3,32.11
2026-07-07,7503.85,2026-08-31,55.0,5930.0,,,8.4,32.07
2026-07-07,7503.85,2026-08-31,55.0,5940.0,,,8.5,31.94
2026-07-07,7503.85,2026-08-31,55.0,5950.0,,,8.6,31.81
2026-07-07,7503.85,2026-08-31,55.0,5960.0,,,8.7,31.68
2026-07-07,7503.85,2026-08-31,55.0,5970.0,,,8.8,31.55
2026-07-07,7503.85,2026-08-31,55.0,5975.0,,,8.8,31.45
2026-07-07,7503.85,2026-08-31,55.0,5980.0,,,8.9,31.42
2026-07-07,7503.85,2026-08-31,55.0,5990.0,,,9.0,31.28
2026-07-07,7503.85,2026-08-31,55.0,6000.0,,,9.1,31.15
2026-07-07,7503.85,2026-08-31,55.0,6010.0,,,9.2,31.01
2026-07-07,7503.85,2026-08-31,55.0,6020.0,,,9.3,30.88
2026-07-07,7503.85,2026-08-31,55.0,6025.0,,,9.4,30.84
2026-07-07,7503.85,2026-08-31,55.0,6030.0,,,9.45,30.77
2026-07-07,7503.85,2026-08-31,55.0,6040.0,,,9.6,30.66
2026-07-07,7503.85,2026-08-31,55.0,6050.0,1487.75,17.71,9.7,30.52
2026-07-07,7503.85,2026-08-31,55.0,6060.0,1477.95,19.13,9.8,30.38
2026-07-07,7503.85,2026-08-31,55.0,6070.0,1468.15,19.88,9.9,30.24
2026-07-07,7503.85,2026-08-31,55.0,6075.0,1463.25,20.15,10.0,30.2
2026-07-07,7503.85,2026-08-31,55.0,6080.0,1458.35,20.39,10.05,30.13
2026-07-07,7503.85,2026-08-31,55.0,6090.0,1448.55,20.76,10.2,30.01
2026-07-07,7503.85,2026-08-31,55.0,6100.0,1438.7,20.91,10.3,29.87
2026-07-07,7503.85,2026-08-31,55.0,6110.0,1428.9,21.16,10.4,29.72
2026-07-07,7503.85,2026-08-31,55.0,6120.0,1419.1,21.37,10.6,29.63
2026-07-07,7503.85,2026-08-31,55.0,6125.0,1414.2,21.45,10.65,29.56
2026-07-07,7503.85,2026-08-31,55.0,6130.0,1409.3,21.53,10.7,29.48
2026-07-07,7503.85,2026-08-31,55.0,6140.0,1399.55,21.77,10.9,29.39
2026-07-07,7503.85,2026-08-31,55.0,6150.0,1389.75,21.87,11.0,29.24
2026-07-07,7503.85,2026-08-31,55.0,6160.0,1379.95,21.96,11.1,29.09
2026-07-07,7503.85,2026-08-31,55.0,6170.0,1370.15,22.03,11.3,28.99
2026-07-07,7503.85,2026-08-31,55.0,6175.0,1365.25,22.06,11.4,28.94
2026-07-07,7503.85,2026-08-31,55.0,6180.0,1360.35,22.08,11.4,28.84
2026-07-07,7503.85,2026-08-31,55.0,6190.0,1350.55,22.12,11.6,28.74
2026-07-07,7503.85,2026-08-31,55.0,6200.0,1340.8,22.22,11.7,28.59
2026-07-07,7503.85,2026-08-31,55.0,6210.0,1331.05,22.3,11.9,28.48
2026-07-07,7503.85,2026-08-31,55.0,6220.0,1321.25,22.3,12.1,28.38
2026-07-07,7503.85,2026-08-31,55.0,6225.0,1316.35,22.3,12.15,28.3
2026-07-07,7503.85,2026-08-31,55.0,6230.0,1311.45,22.3,12.2,28.22
2026-07-07,7503.85,2026-08-31,55.0,6240.0,1301.75,22.4,12.4,28.11
2026-07-07,7503.85,2026-08-31,55.0,6250.0,1291.95,22.38,12.6,28.0
2026-07-07,7503.85,2026-08-31,55.0,6260.0,1282.2,22.4,12.75,27.87
2026-07-07,7503.85,2026-08-31,55.0,6270.0,1272.45,22.41,12.9,27.73
2026-07-07,7503.85,2026-08-31,55.0,6275.0,1267.55,22.39,13.0,27.67
2026-07-07,7503.85,2026-08-31,55.0,6280.0,1262.65,22.37,13.1,27.61
2026-07-07,7503.85,2026-08-31,55.0,6290.0,1252.95,22.41,13.3,27.5
2026-07-07,7503.85,2026-08-31,55.0,6300.0,1243.15,22.36,13.5,27.38
2026-07-07,7503.85,2026-08-31,55.0,6310.0,1233.45,22.39,13.65,27.24
2026-07-07,7503.85,2026-08-31,55.0,6320.0,1223.7,22.37,13.85,27.12
2026-07-07,7503.85,2026-08-31,55.0,6325.0,1218.85,22.37,13.95,27.06
2026-07-07,7503.85,2026-08-31,55.0,6330.0,1213.95,22.34,14.05,27.0
2026-07-07,7503.85,2026-08-31,55.0,6340.0,1204.25,22.34,14.25,26.87
2026-07-07,7503.85,2026-08-31,55.0,6350.0,1194.5,22.3,14.45,26.75
2026-07-07,7503.85,2026-08-31,55.0,6360.0,1184.8,22.29,14.7,26.64
2026-07-07,7503.85,2026-08-31,55.0,6370.0,1175.05,22.24,14.95,26.53
2026-07-07,7503.85,2026-08-31,55.0,6375.0,1170.2,22.23,15.05,26.46
2026-07-07,7503.85,2026-08-31,55.0,6380.0,1165.35,22.22,15.15,26.4
2026-07-07,7503.85,2026-08-31,55.0,6390.0,1155.65,22.19,15.35,26.27
2026-07-07,7503.85,2026-08-31,55.0,6400.0,1145.95,22.16,15.55,26.14
2026-07-07,7503.85,2026-08-31,55.0,6410.0,1136.25,22.12,15.85,26.04
2026-07-07,7503.85,2026-08-31,55.0,6420.0,1126.55,22.08,16.05,25.91
2026-07-07,7503.85,2026-08-31,55.0,6425.0,1121.7,22.06,16.15,25.84
2026-07-07,7503.85,2026-08-31,55.0,6430.0,1116.85,22.03,16.3,25.79
2026-07-07,7503.85,2026-08-31,55.0,6440.0,1107.15,21.98,16.55,25.67
2026-07-07,7503.85,2026-08-31,55.0,6450.0,1097.45,21.93,16.8,25.54
2026-07-07,7503.85,2026-08-31,55.0,6460.0,1087.8,21.89,17.05,25.42
2026-07-07,7503.85,2026-08-31,55.0,6470.0,1078.15,21.85,17.35,25.31
2026-07-07,7503.85,2026-08-31,55.0,6475.0,1073.3,21.82,17.5,25.26
2026-07-07,7503.85,2026-08-31,55.0,6480.0,1068.45,21.79,17.6,25.19
2026-07-07,7503.85,2026-08-31,55.0,6490.0,1058.85,21.76,17.9,25.07
2026-07-07,7503.85,2026-08-31,55.0,6500.0,1049.15,21.69,18.15,24.94
2026-07-07,7503.85,2026-08-31,55.0,6510.0,1039.55,21.65,18.45,24.83
2026-07-07,7503.85,2026-08-31,55.0,6520.0,1029.85,21.57,18.75,24.71
2026-07-07,7503.85,2026-08-31,55.0,6525.0,1025.05,21.55,18.9,24.65
2026-07-07,7503.85,2026-08-31,55.0,6530.0,1020.25,21.53,19.05,24.59
2026-07-07,7503.85,2026-08-31,55.0,6540.0,1010.65,21.48,19.35,24.47
2026-07-07,7503.85,2026-08-31,55.0,6550.0,1001.0,21.41,19.65,24.35
2026-07-07,7503.85,2026-08-31,55.0,6560.0,991.35,21.33,20.0,24.24
2026-07-07,7503.85,2026-08-31,55.0,6570.0,981.75,21.27,20.3,24.11
2026-07-07,7503.85,2026-08-31,55.0,6575.0,976.95,21.24,20.5,24.06
2026-07-07,7503.85,2026-08-31,55.0,6580.0,972.15,21.21,20.65,24.0
2026-07-07,7503.85,2026-08-31,55.0,6590.0,962.6,21.16,21.0,23.88
2026-07-07,7503.85,2026-08-31,55.0,6600.0,953.0,21.09,21.3,23.75
2026-07-07,7503.85,2026-08-31,55.0,6610.0,943.45,21.03,21.7,23.65
2026-07-07,7503.85,2026-08-31,55.0,6620.0,933.85,20.96,22.1,23.54
2026-07-07,7503.85,2026-08-31,55.0,6625.0,929.05,20.92,22.25,23.47
2026-07-07,7503.85,2026-08-31,55.0,6630.0,924.3,20.89,22.4,23.4
2026-07-07,7503.85,2026-08-31,55.0,6640.0,914.75,20.82,22.8,23.29
2026-07-07,7503.85,2026-08-31,55.0,6650.0,905.2,20.75,23.2,23.17
2026-07-07,7503.85,2026-08-31,55.0,6660.0,895.65,20.68,23.6,23.06
2026-07-07,7503.85,2026-08-31,55.0,6670.0,886.15,20.61,24.0,22.94
2026-07-07,7503.85,2026-08-31,55.0,6675.0,881.4,20.58,24.25,22.89
2026-07-07,7503.85,2026-08-31,55.0,6680.0,876.65,20.55,24.45,22.83
2026-07-07,7503.85,2026-08-31,55.0,6690.0,867.15,20.48,24.9,22.72
2026-07-07,7503.85,2026-08-31,55.0,6700.0,857.65,20.4,25.3,22.59
2026-07-07,7503.85,2026-08-31,55.0,6710.0,848.15,20.32,25.8,22.49
2026-07-07,7503.85,2026-08-31,55.0,6720.0,838.65,20.24,26.2,22.36
2026-07-07,7503.85,2026-08-31,55.0,6725.0,833.95,20.21,26.45,22.31
2026-07-07,7503.85,2026-08-31,55.0,6730.0,829.25,20.18,26.65,22.24
2026-07-07,7503.85,2026-08-31,55.0,6740.0,819.75,20.1,27.2,22.14
2026-07-07,7503.85,2026-08-31,55.0,6750.0,810.35,20.03,27.7,22.03
2026-07-07,7503.85,2026-08-31,55.0,6760.0,800.9,19.95,28.2,21.91
2026-07-07,7503.85,2026-08-31,55.0,6770.0,794.0,20.47,28.7,21.79
2026-07-07,7503.85,2026-08-31,55.0,6775.0,789.3,20.42,28.9,21.72
2026-07-07,7503.85,2026-08-31,55.0,6780.0,784.6,20.38,29.2,21.67
2026-07-07,7503.85,2026-08-31,55.0,6790.0,775.2,20.29,29.75,21.56
2026-07-07,7503.85,2026-08-31,55.0,6800.0,765.8,20.19,30.3,21.45
2026-07-07,7503.85,2026-08-31,55.0,6810.0,756.4,20.1,30.85,21.33
2026-07-07,7503.85,2026-08-31,55.0,6820.0,747.1,20.02,31.45,21.22
2026-07-07,7503.85,2026-08-31,55.0,6825.0,742.4,19.97,31.75,21.16
2026-07-07,7503.85,2026-08-31,55.0,6830.0,737.75,19.92,32.05,21.11
2026-07-07,7503.85,2026-08-31,55.0,6840.0,728.4,19.83,32.65,20.99
2026-07-07,7503.85,2026-08-31,55.0,6845.0,723.75,19.78,32.95,20.93
2026-07-07,7503.85,2026-08-31,55.0,6850.0,719.1,19.74,33.25,20.87
2026-07-07,7503.85,2026-08-31,55.0,6855.0,714.45,19.69,33.6,20.82
2026-07-07,7503.85,2026-08-31,55.0,6860.0,709.8,19.65,33.9,20.76
2026-07-07,7503.85,2026-08-31,55.0,6865.0,705.15,19.6,34.25,20.71
2026-07-07,7503.85,2026-08-31,55.0,6870.0,700.55,19.56,34.55,20.65
2026-07-07,7503.85,2026-08-31,55.0,6875.0,695.9,19.51,34.9,20.59
2026-07-07,7503.85,2026-08-31,55.0,6880.0,691.25,19.46,35.25,20.54
2026-07-07,7503.85,2026-08-31,55.0,6885.0,686.65,19.42,35.6,20.49
2026-07-07,7503.85,2026-08-31,55.0,6890.0,682.05,19.38,35.95,20.43
2026-07-07,7503.85,2026-08-31,55.0,6895.0,677.45,19.33,36.3,20.37
2026-07-07,7503.85,2026-08-31,55.0,6900.0,672.85,19.29,36.65,20.32
2026-07-07,7503.85,2026-08-31,55.0,6905.0,668.15,19.23,37.05,20.27
2026-07-07,7503.85,2026-08-31,55.0,6910.0,663.55,19.18,37.35,20.2
2026-07-07,7503.85,2026-08-31,55.0,6915.0,659.0,19.14,37.75,20.15
2026-07-07,7503.85,2026-08-31,55.0,6920.0,654.4,19.1,38.15,20.1
2026-07-07,7503.85,2026-08-31,55.0,6925.0,649.85,19.06,38.55,20.04
2026-07-07,7503.85,2026-08-31,55.0,6930.0,645.25,19.01,38.85,19.97
2026-07-07,7503.85,2026-08-31,55.0,6935.0,640.65,18.96,39.25,19.92
2026-07-07,7503.85,2026-08-31,55.0,6940.0,636.1,18.92,39.65,19.87
2026-07-07,7503.85,2026-08-31,55.0,6945.0,631.5,18.86,40.05,19.81
2026-07-07,7503.85,2026-08-31,55.0,6950.0,626.95,18.82,40.45,19.75
2026-07-07,7503.85,2026-08-31,55.0,6955.0,622.4,18.77,40.9,19.71
2026-07-07,7503.85,2026-08-31,55.0,6960.0,617.85,18.73,41.35,19.66
2026-07-07,7503.85,2026-08-31,55.0,6965.0,613.3,18.68,41.75,19.6
2026-07-07,7503.85,2026-08-31,55.0,6970.0,608.75,18.63,42.15,19.54
2026-07-07,7503.85,2026-08-31,55.0,6975.0,604.2,18.59,42.6,19.49
2026-07-07,7503.85,2026-08-31,55.0,6980.0,599.7,18.54,43.05,19.43
2026-07-07,7503.85,2026-08-31,55.0,6985.0,595.2,18.5,43.45,19.37
2026-07-07,7503.85,2026-08-31,55.0,6990.0,590.65,18.45,43.95,19.32
2026-07-07,7503.85,2026-08-31,55.0,6995.0,586.1,18.4,44.35,19.26
2026-07-07,7503.85,2026-08-31,55.0,7000.0,581.6,18.35,44.85,19.21
2026-07-07,7503.85,2026-08-31,55.0,7005.0,577.1,18.31,45.3,19.15
2026-07-07,7503.85,2026-08-31,55.0,7010.0,572.6,18.26,45.75,19.09
2026-07-07,7503.85,2026-08-31,55.0,7015.0,568.15,18.22,46.25,19.04
2026-07-07,7503.85,2026-08-31,55.0,7020.0,563.65,18.17,46.75,18.99
2026-07-07,7503.85,2026-08-31,55.0,7025.0,559.15,18.12,47.25,18.94
2026-07-07,7503.85,2026-08-31,55.0,7030.0,554.7,18.07,47.75,18.88
2026-07-07,7503.85,2026-08-31,55.0,7035.0,550.25,18.03,48.25,18.83
2026-07-07,7503.85,2026-08-31,55.0,7040.0,545.75,17.98,48.75,18.77
2026-07-07,7503.85,2026-08-31,55.0,7045.0,541.35,17.94,49.25,18.71
2026-07-07,7503.85,2026-08-31,55.0,7050.0,536.85,17.88,49.8,18.66
2026-07-07,7503.85,2026-08-31,55.0,7055.0,532.45,17.84,50.3,18.6
2026-07-07,7503.85,2026-08-31,55.0,7060.0,528.0,17.79,50.85,18.55
2026-07-07,7503.85,2026-08-31,55.0,7065.0,523.6,17.75,51.4,18.5
2026-07-07,7503.85,2026-08-31,55.0,7070.0,519.15,17.7,51.95,18.44
2026-07-07,7503.85,2026-08-31,55.0,7075.0,514.75,17.65,52.5,18.39
2026-07-07,7503.85,2026-08-31,55.0,7080.0,510.35,17.6,53.05,18.33
2026-07-07,7503.85,2026-08-31,55.0,7085.0,506.0,17.56,53.65,18.28
2026-07-07,7503.85,2026-08-31,55.0,7090.0,501.6,17.51,54.2,18.22
2026-07-07,7503.85,2026-08-31,55.0,7095.0,497.2,17.46,54.8,18.17
2026-07-07,7503.85,2026-08-31,55.0,7100.0,492.8,17.41,55.4,18.11
2026-07-07,7503.85,2026-08-31,55.0,7105.0,488.45,17.37,56.0,18.06
2026-07-07,7503.85,2026-08-31,55.0,7110.0,484.1,17.32,56.6,18.0
2026-07-07,7503.85,2026-08-31,55.0,7115.0,479.75,17.27,57.25,17.95
2026-07-07,7503.85,2026-08-31,55.0,7120.0,475.4,17.22,57.9,17.9
2026-07-07,7503.85,2026-08-31,55.0,7125.0,471.1,17.18,58.5,17.84
2026-07-07,7503.85,2026-08-31,55.0,7130.0,466.75,17.13,59.15,17.79
2026-07-07,7503.85,2026-08-31,55.0,7135.0,462.45,17.08,59.8,17.73
2026-07-07,7503.85,2026-08-31,55.0,7140.0,458.15,17.04,60.5,17.69
2026-07-07,7503.85,2026-08-31,55.0,7145.0,453.85,16.99,61.15,17.63
2026-07-07,7503.85,2026-08-31,55.0,7150.0,449.55,16.94,61.85,17.58
2026-07-07,7503.85,2026-08-31,55.0,7155.0,445.3,16.9,62.5,17.52
2026-07-07,7503.85,2026-08-31,55.0,7160.0,441.05,16.85,63.2,17.46
2026-07-07,7503.85,2026-08-31,55.0,7165.0,436.75,16.8,63.95,17.42
2026-07-07,7503.85,2026-08-31,55.0,7170.0,432.5,16.75,64.6,17.35
2026-07-07,7503.85,2026-08-31,55.0,7175.0,428.3,16.71,65.4,17.31
2026-07-07,7503.85,2026-08-31,55.0,7180.0,424.0,16.65,66.1,17.25
2026-07-07,7503.85,2026-08-31,55.0,7185.0,419.8,16.61,66.9,17.2
2026-07-07,7503.85,2026-08-31,55.0,7190.0,415.6,16.56,67.6,17.14
2026-07-07,7503.85,2026-08-31,55.0,7195.0,411.4,16.51,68.4,17.09
2026-07-07,7503.85,2026-08-31,55.0,7200.0,407.25,16.47,69.2,17.04
2026-07-07,7503.85,2026-08-31,55.0,7205.0,403.05,16.42,70.05,16.99
2026-07-07,7503.85,2026-08-31,55.0,7210.0,398.85,16.37,70.8,16.93
2026-07-07,7503.85,2026-08-31,55.0,7215.0,394.75,16.33,71.6,16.88
2026-07-07,7503.85,2026-08-31,55.0,7220.0,390.55,16.28,72.4,16.82
2026-07-07,7503.85,2026-08-31,55.0,7225.0,386.45,16.23,73.2,16.77
2026-07-07,7503.85,2026-08-31,55.0,7230.0,382.3,16.18,74.1,16.72
2026-07-07,7503.85,2026-08-31,55.0,7235.0,378.2,16.14,74.9,16.66
2026-07-07,7503.85,2026-08-31,55.0,7240.0,374.1,16.09,75.8,16.61
2026-07-07,7503.85,2026-08-31,55.0,7245.0,370.0,16.04,76.7,16.56
2026-07-07,7503.85,2026-08-31,55.0,7250.0,365.95,15.99,77.65,16.51
2026-07-07,7503.85,2026-08-31,55.0,7255.0,361.85,15.94,78.5,16.45
2026-07-07,7503.85,2026-08-31,55.0,7260.0,357.8,15.9,79.4,16.4
2026-07-07,7503.85,2026-08-31,55.0,7265.0,353.8,15.85,80.35,16.35
2026-07-07,7503.85,2026-08-31,55.0,7270.0,349.75,15.8,81.3,16.29
2026-07-07,7503.85,2026-08-31,55.0,7275.0,345.75,15.76,82.2,16.23
2026-07-07,7503.85,2026-08-31,55.0,7280.0,341.75,15.71,83.2,16.18
2026-07-07,7503.85,2026-08-31,55.0,7285.0,337.75,15.66,84.2,16.13
2026-07-07,7503.85,2026-08-31,55.0,7290.0,333.75,15.61,85.2,16.08
2026-07-07,7503.85,2026-08-31,55.0,7295.0,329.8,15.56,86.2,16.03
2026-07-07,7503.85,2026-08-31,55.0,7300.0,325.85,15.52,87.2,15.97
2026-07-07,7503.85,2026-08-31,55.0,7305.0,321.95,15.47,88.25,15.92
2026-07-07,7503.85,2026-08-31,55.0,7310.0,318.05,15.43,89.3,15.87
2026-07-07,7503.85,2026-08-31,55.0,7315.0,314.1,15.37,90.4,15.82
2026-07-07,7503.85,2026-08-31,55.0,7320.0,310.45,15.35,91.45,15.76
2026-07-07,7503.85,2026-08-31,55.0,7325.0,306.55,15.3,92.55,15.71
2026-07-07,7503.85,2026-08-31,55.0,7330.0,302.75,15.26,93.65,15.65
2026-07-07,7503.85,2026-08-31,55.0,7335.0,298.85,15.21,94.8,15.6
2026-07-07,7503.85,2026-08-31,55.0,7340.0,295.05,15.16,95.95,15.55
2026-07-07,7503.85,2026-08-31,55.0,7345.0,291.25,15.11,97.1,15.5
2026-07-07,7503.85,2026-08-31,55.0,7350.0,287.45,15.07,98.25,15.44
2026-07-07,7503.85,2026-08-31,55.0,7355.0,283.65,15.02,99.45,15.39
2026-07-07,7503.85,2026-08-31,55.0,7360.0,279.95,14.98,100.65,15.34
2026-07-07,7503.85,2026-08-31,55.0,7365.0,276.15,14.92,101.85,15.28
2026-07-07,7503.85,2026-08-31,55.0,7370.0,272.45,14.88,103.15,15.24
2026-07-07,7503.85,2026-08-31,55.0,7375.0,268.75,14.83,104.35,15.18
2026-07-07,7503.85,2026-08-31,55.0,7380.0,265.05,14.79,105.65,15.13
2026-07-07,7503.85,2026-08-31,55.0,7385.0,261.35,14.74,106.95,15.08
2026-07-07,7503.85,2026-08-31,55.0,7390.0,257.75,14.69,108.25,15.02
2026-07-07,7503.85,2026-08-31,55.0,7395.0,254.1,14.65,109.65,14.98
2026-07-07,7503.85,2026-08-31,55.0,7400.0,250.45,14.6,110.95,14.92
2026-07-07,7503.85,2026-08-31,55.0,7405.0,246.85,14.55,112.35,14.87
2026-07-07,7503.85,2026-08-31,55.0,7410.0,243.3,14.51,113.75,14.82
2026-07-07,7503.85,2026-08-31,55.0,7415.0,239.75,14.46,115.15,14.77
2026-07-07,7503.85,2026-08-31,55.0,7420.0,236.2,14.41,116.55,14.71
2026-07-07,7503.85,2026-08-31,55.0,7425.0,232.7,14.37,118.05,14.66
2026-07-07,7503.85,2026-08-31,55.0,7430.0,229.2,14.32,119.45,14.61
2026-07-07,7503.85,2026-08-31,55.0,7435.0,225.7,14.28,120.95,14.56
2026-07-07,7503.85,2026-08-31,55.0,7440.0,222.25,14.23,122.5,14.51
2026-07-07,7503.85,2026-08-31,55.0,7445.0,218.85,14.19,124.05,14.46
2026-07-07,7503.85,2026-08-31,55.0,7450.0,215.4,14.14,125.6,14.41
2026-07-07,7503.85,2026-08-31,55.0,7455.0,212.05,14.1,127.15,14.35
2026-07-07,7503.85,2026-08-31,55.0,7460.0,208.65,14.05,128.75,14.3
2026-07-07,7503.85,2026-08-31,55.0,7465.0,205.3,14.0,130.4,14.25
2026-07-07,7503.85,2026-08-31,55.0,7470.0,202.0,13.96,132.05,14.2
2026-07-07,7503.85,2026-08-31,55.0,7475.0,198.7,13.92,133.75,14.15
2026-07-07,7503.85,2026-08-31,55.0,7480.0,195.45,13.87,135.4,14.1
2026-07-07,7503.85,2026-08-31,55.0,7485.0,192.2,13.83,137.15,14.05
2026-07-07,7503.85,2026-08-31,55.0,7490.0,189.0,13.79,138.9,14.0
2026-07-07,7503.85,2026-08-31,55.0,7495.0,185.75,13.74,140.65,13.95
2026-07-07,7503.85,2026-08-31,55.0,7500.0,182.6,13.7,142.45,13.9
2026-07-07,7503.85,2026-08-31,55.0,7505.0,179.45,13.65,144.3,13.85
2026-07-07,7503.85,2026-08-31,55.0,7510.0,176.35,13.61,146.15,13.8
2026-07-07,7503.85,2026-08-31,55.0,7515.0,173.25,13.57,148.0,13.75
2026-07-07,7503.85,2026-08-31,55.0,7520.0,170.2,13.53,149.9,13.7
2026-07-07,7503.85,2026-08-31,55.0,7525.0,167.15,13.49,151.85,13.65
2026-07-07,7503.85,2026-08-31,55.0,7530.0,164.1,13.44,153.8,13.6
2026-07-07,7503.85,2026-08-31,55.0,7535.0,161.15,13.4,155.8,13.55
2026-07-07,7503.85,2026-08-31,55.0,7540.0,158.15,13.36,157.8,13.5
2026-07-07,7503.85,2026-08-31,55.0,7545.0,155.2,13.31,159.8,13.45
2026-07-07,7503.85,2026-08-31,55.0,7550.0,152.35,13.28,161.9,13.4
2026-07-07,7503.85,2026-08-31,55.0,7555.0,149.45,13.24,164.0,13.35
2026-07-07,7503.85,2026-08-31,55.0,7560.0,146.65,13.2,166.1,13.3
2026-07-07,7503.85,2026-08-31,55.0,7565.0,143.8,13.16,168.25,13.25
2026-07-07,7503.85,2026-08-31,55.0,7570.0,141.0,13.12,170.45,13.21
2026-07-07,7503.85,2026-08-31,55.0,7575.0,138.25,13.08,172.65,13.16
2026-07-07,7503.85,2026-08-31,55.0,7580.0,135.55,13.04,174.9,13.11
2026-07-07,7503.85,2026-08-31,55.0,7585.0,132.85,13.0,177.15,13.06
2026-07-07,7503.85,2026-08-31,55.0,7590.0,130.2,12.96,179.45,13.01
2026-07-07,7503.85,2026-08-31,55.0,7595.0,127.5,12.92,181.8,12.96
2026-07-07,7503.85,2026-08-31,55.0,7600.0,124.85,12.88,184.15,12.91
2026-07-07,7503.85,2026-08-31,55.0,7605.0,122.3,12.84,186.55,12.86
2026-07-07,7503.85,2026-08-31,55.0,7610.0,119.8,12.81,189.0,12.82
2026-07-07,7503.85,2026-08-31,55.0,7615.0,117.25,12.77,191.45,12.77
2026-07-07,7503.85,2026-08-31,55.0,7620.0,114.85,12.74,193.95,12.72
2026-07-07,7503.85,2026-08-31,55.0,7625.0,112.3,12.69,196.45,12.67
2026-07-07,7503.85,2026-08-31,55.0,7630.0,109.9,12.66,199.0,12.62
2026-07-07,7503.85,2026-08-31,55.0,7635.0,107.5,12.62,201.6,12.58
2026-07-07,7503.85,2026-08-31,55.0,7640.0,105.2,12.59,204.2,12.53
2026-07-07,7503.85,2026-08-31,55.0,7645.0,102.8,12.55,206.85,12.48
2026-07-07,7503.85,2026-08-31,55.0,7650.0,100.55,12.52,209.5,12.43
2026-07-07,7503.85,2026-08-31,55.0,7655.0,98.3,12.49,212.25,12.38
2026-07-07,7503.85,2026-08-31,55.0,7660.0,96.1,12.46,214.95,12.33
2026-07-07,7503.85,2026-08-31,55.0,7665.0,93.9,12.42,217.75,12.28
2026-07-07,7503.85,2026-08-31,55.0,7670.0,91.7,12.39,220.55,12.23
2026-07-07,7503.85,2026-08-31,55.0,7675.0,89.55,12.35,223.4,12.18
2026-07-07,7503.85,2026-08-31,55.0,7680.0,87.55,12.33,226.3,12.13
2026-07-07,7503.85,2026-08-31,55.0,7685.0,85.45,12.29,229.2,12.07
2026-07-07,7503.85,2026-08-31,55.0,7690.0,83.4,12.26,232.15,12.02
2026-07-07,7503.85,2026-08-31,55.0,7695.0,81.45,12.23,235.15,11.97
2026-07-07,7503.85,2026-08-31,55.0,7700.0,79.45,12.2,238.15,11.92
2026-07-07,7503.85,2026-08-31,55.0,7705.0,77.55,12.17,241.15,11.86
2026-07-07,7503.85,2026-08-31,55.0,7710.0,75.65,12.14,244.25,11.81
2026-07-07,7503.85,2026-08-31,55.0,7715.0,73.75,12.11,247.35,11.76
2026-07-07,7503.85,2026-08-31,55.0,7720.0,71.95,12.08,250.5,11.71
2026-07-07,7503.85,2026-08-31,55.0,7725.0,70.2,12.06,253.65,11.65
2026-07-07,7503.85,2026-08-31,55.0,7730.0,68.4,12.03,256.85,11.59
2026-07-07,7503.85,2026-08-31,55.0,7735.0,66.7,12.0,259.8,11.5
2026-07-07,7503.85,2026-08-31,55.0,7740.0,65.0,11.98,263.35,11.47
2026-07-07,7503.85,2026-08-31,55.0,7745.0,63.3,11.95,266.65,11.4
2026-07-07,7503.85,2026-08-31,55.0,7750.0,61.65,11.92,269.75,11.3
2026-07-07,7503.85,2026-08-31,55.0,7755.0,60.1,11.9,273.15,11.24
2026-07-07,7503.85,2026-08-31,55.0,7760.0,58.5,11.87,276.75,11.2
2026-07-07,7503.85,2026-08-31,55.0,7765.0,56.9,11.84,280.0,11.11
2026-07-07,7503.85,2026-08-31,55.0,7770.0,55.5,11.83,283.45,11.04
2026-07-07,7503.85,2026-08-31,55.0,7775.0,54.0,11.8,286.95,10.96
2026-07-07,7503.85,2026-08-31,55.0,7780.0,52.6,11.79,290.45,10.88
2026-07-07,7503.85,2026-08-31,55.0,7785.0,51.2,11.77,294.05,10.8
2026-07-07,7503.85,2026-08-31,55.0,7790.0,49.8,11.74,297.6,10.7
2026-07-07,7503.85,2026-08-31,55.0,7795.0,48.4,11.72,301.2,10.6
2026-07-07,7503.85,2026-08-31,55.0,7800.0,47.0,11.69,304.8,10.49
2026-07-07,7503.85,2026-08-31,55.0,7805.0,45.75,11.67,308.5,10.39
2026-07-07,7503.85,2026-08-31,55.0,7810.0,44.55,11.66,312.25,10.26
2026-07-07,7503.85,2026-08-31,55.0,7815.0,43.3,11.64,315.95,10.11
2026-07-07,7503.85,2026-08-31,55.0,7820.0,42.1,11.62,319.7,9.94
2026-07-07,7503.85,2026-08-31,55.0,7825.0,40.9,11.6,323.45,9.75
2026-07-07,7503.85,2026-08-31,55.0,7830.0,39.75,11.58,327.3,9.45
2026-07-07,7503.85,2026-08-31,55.0,7835.0,38.6,11.56,,
2026-07-07,7503.85,2026-08-31,55.0,7840.0,37.5,11.54,,
2026-07-07,7503.85,2026-08-31,55.0,7845.0,36.45,11.53,,
2026-07-07,7503.85,2026-08-31,55.0,7850.0,35.35,11.51,,
2026-07-07,7503.85,2026-08-31,55.0,7855.0,34.35,11.5,,
2026-07-07,7503.85,2026-08-31,55.0,7860.0,33.35,11.48,,
2026-07-07,7503.85,2026-08-31,55.0,7865.0,32.35,11.46,,
2026-07-07,7503.85,2026-08-31,55.0,7870.0,31.4,11.45,,
2026-07-07,7503.85,2026-08-31,55.0,7875.0,30.45,11.43,,
2026-07-07,7503.85,2026-08-31,55.0,7880.0,29.55,11.42,,
2026-07-07,7503.85,2026-08-31,55.0,7885.0,28.65,11.4,,
2026-07-07,7503.85,2026-08-31,55.0,7890.0,27.8,11.39,,
2026-07-07,7503.85,2026-08-31,55.0,7895.0,26.95,11.37,,
2026-07-07,7503.85,2026-08-31,55.0,7900.0,26.15,11.36,,
2026-07-07,7503.85,2026-08-31,55.0,7905.0,25.35,11.35,,
2026-07-07,7503.85,2026-08-31,55.0,7910.0,24.55,11.33,,
2026-07-07,7503.85,2026-08-31,55.0,7915.0,23.75,11.31,,
2026-07-07,7503.85,2026-08-31,55.0,7920.0,23.05,11.31,,
2026-07-07,7503.85,2026-08-31,55.0,7925.0,22.35,11.3,,
2026-07-07,7503.85,2026-08-31,55.0,7930.0,21.65,11.28,,
2026-07-07,7503.85,2026-08-31,55.0,7935.0,20.95,11.27,,
2026-07-07,7503.85,2026-08-31,55.0,7940.0,20.25,11.25,,
2026-07-07,7503.85,2026-08-31,55.0,7945.0,19.6,11.24,,
2026-07-07,7503.85,2026-08-31,55.0,7950.0,18.95,11.23,,
2026-07-07,7503.85,2026-08-31,55.0,7955.0,18.4,11.22,,
2026-07-07,7503.85,2026-08-31,55.0,7960.0,17.8,11.21,,
2026-07-07,7503.85,2026-08-31,55.0,7965.0,17.2,11.2,,
2026-07-07,7503.85,2026-08-31,55.0,7970.0,16.7,11.2,,
2026-07-07,7503.85,2026-08-31,55.0,7975.0,16.1,11.18,,
2026-07-07,7503.85,2026-08-31,55.0,7980.0,15.6,11.18,,
2026-07-07,7503.85,2026-08-31,55.0,7985.0,15.05,11.16,,
2026-07-07,7503.85,2026-08-31,55.0,7990.0,14.6,11.16,,
2026-07-07,7503.85,2026-08-31,55.0,7995.0,14.1,11.15,,
2026-07-07,7503.85,2026-08-31,55.0,8000.0,13.6,11.13,,
2026-07-07,7503.85,2026-08-31,55.0,8005.0,13.15,11.13,,
2026-07-07,7503.85,2026-08-31,55.0,8010.0,12.75,11.13,,
2026-07-07,7503.85,2026-08-31,55.0,8015.0,12.35,11.12,,
2026-07-07,7503.85,2026-08-31,55.0,8020.0,11.95,11.12,,
2026-07-07,7503.85,2026-08-31,55.0,8025.0,11.55,11.11,,
2026-07-07,7503.85,2026-08-31,55.0,8030.0,11.15,11.11,,
2026-07-07,7503.85,2026-08-31,55.0,8035.0,10.75,11.09,,
2026-07-07,7503.85,2026-08-31,55.0,8040.0,10.45,11.1,,
2026-07-07,7503.85,2026-08-31,55.0,8045.0,10.05,11.09,,
2026-07-07,7503.85,2026-08-31,55.0,8050.0,9.75,11.09,,
2026-07-07,7503.85,2026-08-31,55.0,8055.0,9.45,11.1,,
2026-07-07,7503.85,2026-08-31,55.0,8060.0,9.15,11.1,,
2026-07-07,7503.85,2026-08-31,55.0,8065.0,8.85,11.1,,
2026-07-07,7503.85,2026-08-31,55.0,8070.0,8.55,11.09,,
2026-07-07,7503.85,2026-08-31,55.0,8075.0,8.25,11.09,,
2026-07-07,7503.85,2026-08-31,55.0,8080.0,7.95,11.08,,
2026-07-07,7503.85,2026-08-31,55.0,8085.0,7.7,11.08,,
2026-07-07,7503.85,2026-08-31,55.0,8090.0,7.45,11.08,,
2026-07-07,7503.85,2026-08-31,55.0,8095.0,7.2,11.08,,
2026-07-07,7503.85,2026-08-31,55.0,8100.0,6.95,11.08,,
2026-07-07,7503.85,2026-08-31,55.0,8105.0,6.75,11.09,,
2026-07-07,7503.85,2026-08-31,55.0,8110.0,6.55,11.1,,
2026-07-07,7503.85,2026-08-31,55.0,8115.0,6.3,11.09,,
2026-07-07,7503.85,2026-08-31,55.0,8120.0,6.1,11.09,,
2026-07-07,7503.85,2026-08-31,55.0,8125.0,5.9,11.1,,
2026-07-07,7503.85,2026-08-31,55.0,8130.0,5.7,11.1,,
2026-07-07,7503.85,2026-08-31,55.0,8135.0,5.55,11.11,,
2026-07-07,7503.85,2026-08-31,55.0,8140.0,5.4,11.13,,
2026-07-07,7503.85,2026-08-31,55.0,8145.0,5.2,11.12,,
2026-07-07,7503.85,2026-08-31,55.0,8150.0,5.0,11.12,,
2026-07-07,7503.85,2026-08-31,55.0,8155.0,4.9,11.15,,
2026-07-07,7503.85,2026-08-31,55.0,8160.0,4.75,11.16,,
2026-07-07,7503.85,2026-08-31,55.0,8165.0,4.6,11.16,,
2026-07-07,7503.85,2026-08-31,55.0,8170.0,4.5,11.19,,
2026-07-07,7503.85,2026-08-31,55.0,8175.0,4.3,11.17,,
2026-07-07,7503.85,2026-08-31,55.0,8180.0,4.2,11.19,,
2026-07-07,7503.85,2026-08-31,55.0,8190.0,4.0,11.24,,
2026-07-07,7503.85,2026-08-31,55.0,8200.0,3.7,11.23,,
2026-07-07,7503.85,2026-08-31,55.0,8210.0,3.5,11.26,,
2026-07-07,7503.85,2026-08-31,55.0,8220.0,3.3,11.28,,
2026-07-07,7503.85,2026-08-31,55.0,8225.0,3.2,11.29,,
2026-07-07,7503.85,2026-08-31,55.0,8230.0,3.12,11.32,,
2026-07-07,7503.85,2026-08-31,55.0,8240.0,3.0,11.37,,
2026-07-07,7503.85,2026-08-31,55.0,8250.0,2.8,11.38,,
2026-07-07,7503.85,2026-08-31,55.0,8260.0,2.65,11.41,,
2026-07-07,7503.85,2026-08-31,55.0,8270.0,2.5,11.44,,
2026-07-07,7503.85,2026-08-31,55.0,8275.0,2.45,11.47,,
2026-07-07,7503.85,2026-08-31,55.0,8280.0,2.4,11.5,,
2026-07-07,7503.85,2026-08-31,55.0,8290.0,2.27,11.53,,
2026-07-07,7503.85,2026-08-31,55.0,8300.0,2.15,11.56,,
2026-07-07,7503.85,2026-08-31,55.0,8310.0,2.05,11.6,,
2026-07-07,7503.85,2026-08-31,55.0,8320.0,1.95,11.64,,
2026-07-07,7503.85,2026-08-31,55.0,8325.0,1.9,11.66,,
2026-07-07,7503.85,2026-08-31,55.0,8330.0,1.85,11.68,,
2026-07-07,7503.85,2026-08-31,55.0,8340.0,1.8,11.75,,
2026-07-07,7503.85,2026-08-31,55.0,8350.0,1.7,11.78,,
2026-07-07,7503.85,2026-08-31,55.0,8360.0,1.62,11.83,,
2026-07-07,7503.85,2026-08-31,55.0,8370.0,1.55,11.87,,
2026-07-07,7503.85,2026-08-31,55.0,8375.0,1.52,11.9,,
2026-07-07,7503.85,2026-08-31,55.0,8380.0,1.5,11.94,,
2026-07-07,7503.85,2026-08-31,55.0,8390.0,1.43,11.97,,
2026-07-07,7503.85,2026-08-31,55.0,8400.0,1.35,12.0,,
2026-07-07,7503.85,2026-08-31,55.0,8410.0,1.3,12.06,,
2026-07-07,7503.85,2026-08-31,55.0,8420.0,1.25,12.11,,
2026-07-07,7503.85,2026-08-31,55.0,8425.0,1.23,12.14,,
2026-07-07,7503.85,2026-08-31,55.0,8430.0,1.2,12.16,,
2026-07-07,7503.85,2026-08-31,55.0,8440.0,1.15,12.21,,
2026-07-07,7503.85,2026-08-31,55.0,8450.0,1.1,12.26,,
2026-07-07,7503.85,2026-08-31,55.0,8460.0,1.07,12.33,,
2026-07-07,7503.85,2026-08-31,55.0,8470.0,1.02,12.37,,
2026-07-07,7503.85,2026-08-31,55.0,8475.0,1.0,12.39,,
2026-07-07,7503.85,2026-08-31,55.0,8480.0,1.0,12.44,,
2026-07-07,7503.85,2026-08-31,55.0,8490.0,0.95,12.48,,
2026-07-07,7503.85,2026-08-31,55.0,8500.0,0.93,12.55,,
2026-07-07,7503.85,2026-08-31,55.0,8510.0,0.9,12.61,,
2026-07-07,7503.85,2026-08-31,55.0,8520.0,0.85,12.64,,
2026-07-07,7503.85,2026-08-31,55.0,8530.0,0.82,12.7,,
2026-07-07,7503.85,2026-08-31,55.0,8540.0,0.8,12.76,,
2026-07-07,7503.85,2026-08-31,55.0,8550.0,0.78,12.82,,
2026-07-07,7503.85,2026-08-31,55.0,8600.0,0.65,13.09,,
2026-07-07,7503.85,2026-09-18,73.0,5630.0,,,10.05,34.08
2026-07-07,7503.85,2026-09-18,73.0,5640.0,1905.7,19.13,10.15,33.96
2026-07-07,7503.85,2026-09-18,73.0,5650.0,1895.85,20.49,10.25,33.83
2026-07-07,7503.85,2026-09-18,73.0,5660.0,1886.1,21.97,10.35,33.71
2026-07-07,7503.85,2026-09-18,73.0,5670.0,1876.3,22.56,10.45,33.59
2026-07-07,7503.85,2026-09-18,73.0,5675.0,1871.4,22.8,10.5,33.53
2026-07-07,7503.85,2026-09-18,73.0,5680.0,1866.8,24.04,10.55,33.46
2026-07-07,7503.85,2026-09-18,73.0,5690.0,1857.05,24.39,10.65,33.34
2026-07-07,7503.85,2026-09-18,73.0,5700.0,1846.85,23.47,10.8,33.24
2026-07-07,7503.85,2026-09-18,73.0,5710.0,1837.05,23.71,10.95,33.14
2026-07-07,7503.85,2026-09-18,73.0,5720.0,1827.65,24.82,11.05,33.02
2026-07-07,7503.85,2026-09-18,73.0,5725.0,1822.35,24.01,11.1,32.95
2026-07-07,7503.85,2026-09-18,73.0,5730.0,1817.85,24.93,11.15,32.89
2026-07-07,7503.85,2026-09-18,73.0,5740.0,1807.65,24.24,11.25,32.76
2026-07-07,7503.85,2026-09-18,73.0,5750.0,1798.0,24.65,11.4,32.66
2026-07-07,7503.85,2026-09-18,73.0,5760.0,1788.2,24.74,11.55,32.56
2026-07-07,7503.85,2026-09-18,73.0,5770.0,1778.35,24.72,11.65,32.43
2026-07-07,7503.85,2026-09-18,73.0,5775.0,1773.45,24.76,11.75,32.39
2026-07-07,7503.85,2026-09-18,73.0,5780.0,1768.9,25.32,11.8,32.32
2026-07-07,7503.85,2026-09-18,73.0,5790.0,1758.75,24.84,11.9,32.19
2026-07-07,7503.85,2026-09-18,73.0,5800.0,1749.0,24.96,12.05,32.09
2026-07-07,7503.85,2026-09-18,73.0,5810.0,1739.6,25.5,12.2,31.98
2026-07-07,7503.85,2026-09-18,73.0,5820.0,1729.45,25.08,12.3,31.85
2026-07-07,7503.85,2026-09-18,73.0,5825.0,1724.9,25.51,12.4,31.8
2026-07-07,7503.85,2026-09-18,73.0,5830.0,1719.65,25.09,12.45,31.74
2026-07-07,7503.85,2026-09-18,73.0,5840.0,1710.0,25.27,12.6,31.63
2026-07-07,7503.85,2026-09-18,73.0,5850.0,1700.2,25.26,12.75,31.52
2026-07-07,7503.85,2026-09-18,73.0,5860.0,1690.3,25.14,12.9,31.4
2026-07-07,7503.85,2026-09-18,73.0,5870.0,1680.6,25.24,13.0,31.27
2026-07-07,7503.85,2026-09-18,73.0,5875.0,1675.7,25.23,13.1,31.22
2026-07-07,7503.85,2026-09-18,73.0,5880.0,1671.2,25.61,13.15,31.16
2026-07-07,7503.85,2026-09-18,73.0,5890.0,1661.05,25.24,13.3,31.04
2026-07-07,7503.85,2026-09-18,73.0,5900.0,1651.3,25.26,13.5,30.95
2026-07-07,7503.85,2026-09-18,73.0,5910.0,1641.5,25.22,13.6,30.81
2026-07-07,7503.85,2026-09-18,73.0,5920.0,1631.85,25.32,13.8,30.72
2026-07-07,7503.85,2026-09-18,73.0,5925.0,1626.95,25.29,13.9,30.67
2026-07-07,7503.85,2026-09-18,73.0,5930.0,1622.0,25.23,13.95,30.6
2026-07-07,7503.85,2026-09-18,73.0,5940.0,1612.65,25.54,14.1,30.48
2026-07-07,7503.85,2026-09-18,73.0,5950.0,1602.65,25.33,14.3,30.38
2026-07-07,7503.85,2026-09-18,73.0,5960.0,1592.85,25.27,14.4,30.24
2026-07-07,7503.85,2026-09-18,73.0,5970.0,1583.05,25.21,14.6,30.14
2026-07-07,7503.85,2026-09-18,73.0,5975.0,1578.15,25.18,14.7,30.09
2026-07-07,7503.85,2026-09-18,73.0,5980.0,1573.3,25.19,14.8,30.04
2026-07-07,7503.85,2026-09-18,73.0,5990.0,1563.95,25.44,14.95,29.92
2026-07-07,7503.85,2026-09-18,73.0,6000.0,1554.15,25.37,15.15,29.81
2026-07-07,7503.85,2026-09-18,73.0,6010.0,1544.05,25.09,15.3,29.69
2026-07-07,7503.85,2026-09-18,73.0,6020.0,1534.4,25.12,15.5,29.58
2026-07-07,7503.85,2026-09-18,73.0,6025.0,1529.5,25.08,15.6,29.53
2026-07-07,7503.85,2026-09-18,73.0,6030.0,1524.75,25.14,15.7,29.48
2026-07-07,7503.85,2026-09-18,73.0,6040.0,1514.95,25.06,15.9,29.37
2026-07-07,7503.85,2026-09-18,73.0,6050.0,1504.55,24.6,16.1,29.26
2026-07-07,7503.85,2026-09-18,73.0,6060.0,1495.45,24.95,16.25,29.13
2026-07-07,7503.85,2026-09-18,73.0,6070.0,1485.8,24.95,16.45,29.02
2026-07-07,7503.85,2026-09-18,73.0,6075.0,1481.25,25.11,16.55,28.97
2026-07-07,7503.85,2026-09-18,73.0,6080.0,1476.1,24.92,16.65,28.91
2026-07-07,7503.85,2026-09-18,73.0,6090.0,1466.4,24.89,16.85,28.8
2026-07-07,7503.85,2026-09-18,73.0,6100.0,1456.7,24.85,17.1,28.7
2026-07-07,7503.85,2026-09-18,73.0,6110.0,1446.95,24.78,17.25,28.57
2026-07-07,7503.85,2026-09-18,73.0,6120.0,1437.3,24.76,17.45,28.46
2026-07-07,7503.85,2026-09-18,73.0,6125.0,1432.4,24.71,17.6,28.41
2026-07-07,7503.85,2026-09-18,73.0,6130.0,1427.9,24.86,17.7,28.36
2026-07-07,7503.85,2026-09-18,73.0,6140.0,1417.9,24.66,17.9,28.24
2026-07-07,7503.85,2026-09-18,73.0,6150.0,1408.2,24.61,18.15,28.14
2026-07-07,7503.85,2026-09-18,73.0,6160.0,1398.85,24.71,18.35,28.02
2026-07-07,7503.85,2026-09-18,73.0,6170.0,1389.15,24.65,18.55,27.9
2026-07-07,7503.85,2026-09-18,73.0,6175.0,1383.95,24.46,18.7,27.85
2026-07-07,7503.85,2026-09-18,73.0,6180.0,1379.15,24.45,18.85,27.81
2026-07-07,7503.85,2026-09-18,73.0,6190.0,1369.45,24.39,19.05,27.69
2026-07-07,7503.85,2026-09-18,73.0,6200.0,1360.1,24.47,19.3,27.58
2026-07-07,7503.85,2026-09-18,73.0,6210.0,1349.45,23.99,19.55,27.47
2026-07-07,7503.85,2026-09-18,73.0,6220.0,1340.8,24.37,19.8,27.36
2026-07-07,7503.85,2026-09-18,73.0,6225.0,1335.65,24.21,19.95,27.31
2026-07-07,7503.85,2026-09-18,73.0,6230.0,1330.8,24.17,20.05,27.25
2026-07-07,7503.85,2026-09-18,73.0,6240.0,1321.1,24.09,20.35,27.15
2026-07-07,7503.85,2026-09-18,73.0,6250.0,1311.55,24.07,20.6,27.04
2026-07-07,7503.85,2026-09-18,73.0,6260.0,1301.95,24.03,20.85,26.93
2026-07-07,7503.85,2026-09-18,73.0,6270.0,1292.25,23.95,21.15,26.82
2026-07-07,7503.85,2026-09-18,73.0,6275.0,1287.75,24.03,21.25,26.76
2026-07-07,7503.85,2026-09-18,73.0,6280.0,1282.6,23.88,21.4,26.71
2026-07-07,7503.85,2026-09-18,73.0,6290.0,1273.3,23.94,21.65,26.59
2026-07-07,7503.85,2026-09-18,73.0,6300.0,1263.6,23.85,21.95,26.49
2026-07-07,7503.85,2026-09-18,73.0,6310.0,1254.05,23.81,22.25,26.38
2026-07-07,7503.85,2026-09-18,73.0,6320.0,1244.15,23.64,22.55,26.27
2026-07-07,7503.85,2026-09-18,73.0,6325.0,1239.35,23.61,22.7,26.22
2026-07-07,7503.85,2026-09-18,73.0,6330.0,1234.85,23.68,22.85,26.16
2026-07-07,7503.85,2026-09-18,73.0,6340.0,1224.95,23.52,23.15,26.05
2026-07-07,7503.85,2026-09-18,73.0,6350.0,1215.35,23.45,23.5,25.96
2026-07-07,7503.85,2026-09-18,73.0,6360.0,1205.75,23.39,23.8,25.84
2026-07-07,7503.85,2026-09-18,73.0,6370.0,1196.45,23.41,24.1,25.73
2026-07-07,7503.85,2026-09-18,73.0,6375.0,1191.3,23.26,24.3,25.69
2026-07-07,7503.85,2026-09-18,73.0,6380.0,1186.5,23.23,24.45,25.63
2026-07-07,7503.85,2026-09-18,73.0,6390.0,1176.95,23.17,24.8,25.53
2026-07-07,7503.85,2026-09-18,73.0,6400.0,1167.6,23.16,25.15,25.42
2026-07-07,7503.85,2026-09-18,73.0,6410.0,1157.8,23.02,25.45,25.3
2026-07-07,7503.85,2026-09-18,73.0,6420.0,1148.25,22.96,25.8,25.19
2026-07-07,7503.85,2026-09-18,73.0,6425.0,1143.5,22.93,26.05,25.16
2026-07-07,7503.85,2026-09-18,73.0,6430.0,1138.65,22.87,26.15,25.09
2026-07-07,7503.85,2026-09-18,73.0,6440.0,1129.25,22.84,26.5,24.98
2026-07-07,7503.85,2026-09-18,73.0,6450.0,1119.85,22.81,26.95,24.89
2026-07-07,7503.85,2026-09-18,73.0,6460.0,1110.4,22.76,27.3,24.77
2026-07-07,7503.85,2026-09-18,73.0,6470.0,1100.6,22.61,27.7,24.67
2026-07-07,7503.85,2026-09-18,73.0,6475.0,1095.15,22.4,27.85,24.61
2026-07-07,7503.85,2026-09-18,73.0,6480.0,1091.15,22.56,28.1,24.57
2026-07-07,7503.85,2026-09-18,73.0,6490.0,1081.55,22.46,28.5,24.46
2026-07-07,7503.85,2026-09-18,73.0,6500.0,1072.25,22.44,28.9,24.35
2026-07-07,7503.85,2026-09-18,73.0,6510.0,1062.5,22.3,29.3,24.24
2026-07-07,7503.85,2026-09-18,73.0,6520.0,1053.1,22.25,29.7,24.13
2026-07-07,7503.85,2026-09-18,73.0,6525.0,1047.65,22.04,29.95,24.09
2026-07-07,7503.85,2026-09-18,73.0,6530.0,1043.6,22.17,30.15,24.03
2026-07-07,7503.85,2026-09-18,73.0,6540.0,1034.4,22.16,30.6,23.93
2026-07-07,7503.85,2026-09-18,73.0,6550.0,1024.8,22.05,31.0,23.81
2026-07-07,7503.85,2026-09-18,73.0,6560.0,1015.3,21.97,31.5,23.72
2026-07-07,7503.85,2026-09-18,73.0,6570.0,1005.9,21.9,31.95,23.61
2026-07-07,7503.85,2026-09-18,73.0,6575.0,1001.15,21.86,32.2,23.56
2026-07-07,7503.85,2026-09-18,73.0,6580.0,996.45,21.82,32.4,23.5
2026-07-07,7503.85,2026-09-18,73.0,6590.0,987.0,21.74,32.9,23.4
2026-07-07,7503.85,2026-09-18,73.0,6600.0,977.6,21.67,33.4,23.3
2026-07-07,7503.85,2026-09-18,73.0,6610.0,968.2,21.59,33.9,23.19
2026-07-07,7503.85,2026-09-18,73.0,6620.0,958.8,21.51,34.4,23.09
2026-07-07,7503.85,2026-09-18,73.0,6625.0,954.1,21.47,34.65,23.03
2026-07-07,7503.85,2026-09-18,73.0,6630.0,949.4,21.43,34.9,22.98
2026-07-07,7503.85,2026-09-18,73.0,6640.0,940.0,21.35,35.45,22.88
2026-07-07,7503.85,2026-09-18,73.0,6650.0,930.6,21.27,36.0,22.77
2026-07-07,7503.85,2026-09-18,73.0,6660.0,921.25,21.19,36.5,22.66
2026-07-07,7503.85,2026-09-18,73.0,6670.0,911.9,21.11,37.1,22.57
2026-07-07,7503.85,2026-09-18,73.0,6675.0,907.2,21.06,37.35,22.51
2026-07-07,7503.85,2026-09-18,73.0,6680.0,902.55,21.03,37.7,22.47
2026-07-07,7503.85,2026-09-18,73.0,6690.0,893.2,20.94,38.2,22.35
2026-07-07,7503.85,2026-09-18,73.0,6700.0,883.9,20.87,38.8,22.25
2026-07-07,7503.85,2026-09-18,73.0,6710.0,874.6,20.79,39.45,22.15
2026-07-07,7503.85,2026-09-18,73.0,6720.0,865.3,20.71,40.1,22.05
2026-07-07,7503.85,2026-09-18,73.0,6725.0,860.65,20.66,40.4,22.0
2026-07-07,7503.85,2026-09-18,73.0,6730.0,856.0,20.62,40.75,21.95
2026-07-07,7503.85,2026-09-18,73.0,6740.0,846.7,20.53,41.3,21.83
2026-07-07,7503.85,2026-09-18,73.0,6750.0,837.45,20.45,41.95,21.73
2026-07-07,7503.85,2026-09-18,73.0,6760.0,828.2,20.37,42.65,21.63
2026-07-07,7503.85,2026-09-18,73.0,6770.0,819.0,20.29,43.4,21.54
2026-07-07,7503.85,2026-09-18,73.0,6775.0,814.4,20.25,43.7,21.48
2026-07-07,7503.85,2026-09-18,73.0,6780.0,809.8,20.21,44.05,21.43
2026-07-07,7503.85,2026-09-18,73.0,6790.0,800.55,20.12,44.75,21.32
2026-07-07,7503.85,2026-09-18,73.0,6800.0,791.4,20.05,45.45,21.22
2026-07-07,7503.85,2026-09-18,73.0,6810.0,782.2,19.96,46.25,21.13
2026-07-07,7503.85,2026-09-18,73.0,6820.0,773.05,19.88,46.95,21.02
2026-07-07,7503.85,2026-09-18,73.0,6825.0,768.45,19.83,47.35,20.97
2026-07-07,7503.85,2026-09-18,73.0,6830.0,763.95,19.8,47.75,20.92
2026-07-07,7503.85,2026-09-18,73.0,6840.0,754.8,19.71,48.6,20.82
2026-07-07,7503.85,2026-09-18,73.0,6850.0,745.65,19.62,49.35,20.71
2026-07-07,7503.85,2026-09-18,73.0,6860.0,736.55,19.54,50.15,20.61
2026-07-07,7503.85,2026-09-18,73.0,6870.0,727.55,19.47,51.05,20.52
2026-07-07,7503.85,2026-09-18,73.0,6875.0,722.95,19.41,51.45,20.46
2026-07-07,7503.85,2026-09-18,73.0,6880.0,718.45,19.38,51.85,20.41
2026-07-07,7503.85,2026-09-18,73.0,6890.0,709.45,19.3,52.75,20.31
2026-07-07,7503.85,2026-09-18,73.0,6900.0,700.4,19.21,53.65,20.21
2026-07-07,7503.85,2026-09-18,73.0,6910.0,691.45,19.13,54.55,20.11
2026-07-07,7503.85,2026-09-18,73.0,6920.0,682.45,19.05,55.5,20.01
2026-07-07,7503.85,2026-09-18,73.0,6925.0,677.95,19.0,55.95,19.96
2026-07-07,7503.85,2026-09-18,73.0,6930.0,673.45,18.96,56.45,19.91
2026-07-07,7503.85,2026-09-18,73.0,6940.0,664.55,18.88,57.45,19.81
2026-07-07,7503.85,2026-09-18,73.0,6950.0,655.65,18.79,58.4,19.7
2026-07-07,7503.85,2026-09-18,73.0,6960.0,646.7,18.7,59.45,19.61
2026-07-07,7503.85,2026-09-18,73.0,6970.0,637.85,18.62,60.45,19.5
2026-07-07,7503.85,2026-09-18,73.0,6975.0,633.35,18.57,61.0,19.46
2026-07-07,7503.85,2026-09-18,73.0,6980.0,628.95,18.53,61.55,19.41
2026-07-07,7503.85,2026-09-18,73.0,6990.0,620.15,18.45,62.65,19.31
2026-07-07,7503.85,2026-09-18,73.0,6995.0,615.75,18.41,63.2,19.26
2026-07-07,7503.85,2026-09-18,73.0,7000.0,611.45,18.38,63.75,19.21
2026-07-07,7503.85,2026-09-18,73.0,7005.0,606.95,18.32,64.3,19.16
2026-07-07,7503.85,2026-09-18,73.0,7010.0,602.55,18.28,64.85,19.11
2026-07-07,7503.85,2026-09-18,73.0,7015.0,598.15,18.23,65.45,19.06
2026-07-07,7503.85,2026-09-18,73.0,7020.0,593.75,18.19,66.0,19.01
2026-07-07,7503.85,2026-09-18,73.0,7025.0,589.4,18.15,66.65,18.96
2026-07-07,7503.85,2026-09-18,73.0,7030.0,585.05,18.11,67.2,18.91
2026-07-07,7503.85,2026-09-18,73.0,7035.0,580.7,18.06,67.8,18.86
2026-07-07,7503.85,2026-09-18,73.0,7040.0,576.35,18.02,68.4,18.81
2026-07-07,7503.85,2026-09-18,73.0,7045.0,572.0,17.98,69.05,18.76
2026-07-07,7503.85,2026-09-18,73.0,7050.0,567.65,17.93,69.7,18.72
2026-07-07,7503.85,2026-09-18,73.0,7055.0,563.35,17.89,70.25,18.66
2026-07-07,7503.85,2026-09-18,73.0,7060.0,559.05,17.85,70.9,18.61
2026-07-07,7503.85,2026-09-18,73.0,7065.0,554.75,17.81,71.5,18.56
2026-07-07,7503.85,2026-09-18,73.0,7070.0,550.4,17.77,72.2,18.51
2026-07-07,7503.85,2026-09-18,73.0,7075.0,546.05,17.72,72.9,18.47
2026-07-07,7503.85,2026-09-18,73.0,7080.0,541.8,17.68,73.5,18.41
2026-07-07,7503.85,2026-09-18,73.0,7085.0,537.55,17.64,74.2,18.37
2026-07-07,7503.85,2026-09-18,73.0,7090.0,533.25,17.6,74.9,18.32
2026-07-07,7503.85,2026-09-18,73.0,7095.0,528.95,17.55,75.5,18.26
2026-07-07,7503.85,2026-09-18,73.0,7100.0,524.65,17.5,76.25,18.22
2026-07-07,7503.85,2026-09-18,73.0,7105.0,520.45,17.47,76.95,18.17
2026-07-07,7503.85,2026-09-18,73.0,7110.0,516.15,17.42,77.6,18.11
2026-07-07,7503.85,2026-09-18,73.0,7115.0,511.95,17.38,78.3,18.06
2026-07-07,7503.85,2026-09-18,73.0,7120.0,507.75,17.34,79.05,18.01
2026-07-07,7503.85,2026-09-18,73.0,7125.0,503.45,17.29,79.8,17.97
2026-07-07,7503.85,2026-09-18,73.0,7130.0,499.25,17.25,80.5,17.91
2026-07-07,7503.85,2026-09-18,73.0,7135.0,495.05,17.2,81.3,17.87
2026-07-07,7503.85,2026-09-18,73.0,7140.0,490.85,17.16,82.0,17.81
2026-07-07,7503.85,2026-09-18,73.0,7145.0,486.65,17.12,82.8,17.77
2026-07-07,7503.85,2026-09-18,73.0,7150.0,482.45,17.07,83.6,17.72
2026-07-07,7503.85,2026-09-18,73.0,7155.0,478.45,17.05,84.4,17.67
2026-07-07,7503.85,2026-09-18,73.0,7160.0,474.15,16.99,85.15,17.62
2026-07-07,7503.85,2026-09-18,73.0,7165.0,469.95,16.94,85.95,17.57
2026-07-07,7503.85,2026-09-18,73.0,7170.0,465.85,16.91,86.75,17.52
2026-07-07,7503.85,2026-09-18,73.0,7175.0,461.65,16.86,87.6,17.47
2026-07-07,7503.85,2026-09-18,73.0,7180.0,457.55,16.82,88.4,17.42
2026-07-07,7503.85,2026-09-18,73.0,7185.0,453.45,16.77,89.25,17.37
2026-07-07,7503.85,2026-09-18,73.0,7190.0,449.35,16.73,90.15,17.33
2026-07-07,7503.85,2026-09-18,73.0,7195.0,445.25,16.69,90.95,17.28
2026-07-07,7503.85,2026-09-18,73.0,7200.0,441.25,16.66,91.95,17.24
2026-07-07,7503.85,2026-09-18,73.0,7205.0,437.05,16.6,92.75,17.18
2026-07-07,7503.85,2026-09-18,73.0,7210.0,433.05,16.56,93.65,17.14
2026-07-07,7503.85,2026-09-18,73.0,7215.0,428.95,16.52,94.55,17.09
2026-07-07,7503.85,2026-09-18,73.0,7220.0,425.05,16.49,95.45,17.04
2026-07-07,7503.85,2026-09-18,73.0,7225.0,420.85,16.43,96.3,16.98
2026-07-07,7503.85,2026-09-18,73.0,7230.0,416.85,16.39,97.25,16.94
2026-07-07,7503.85,2026-09-18,73.0,7235.0,412.85,16.35,98.25,16.89
2026-07-07,7503.85,2026-09-18,73.0,7240.0,408.85,16.31,99.1,16.83
2026-07-07,7503.85,2026-09-18,73.0,7245.0,404.85,16.26,100.15,16.79
2026-07-07,7503.85,2026-09-30,85.0,5650.0,1903.0,21.2,13.3,32.89
2026-07-07,7503.85,2026-09-30,85.0,5675.0,1878.6,22.29,13.65,32.62
2026-07-07,7503.85,2026-09-30,85.0,5700.0,1854.25,23.03,14.0,32.34
2026-07-07,7503.85,2026-09-30,85.0,5725.0,1829.8,23.33,14.35,32.06
2026-07-07,7503.85,2026-09-30,85.0,5750.0,1805.4,23.61,14.75,31.79
2026-07-07,7503.85,2026-09-30,85.0,5775.0,1781.1,23.92,15.15,31.52
2026-07-07,7503.85,2026-09-30,85.0,5780.0,1774.65,21.37,15.25,31.48
2026-07-07,7503.85,2026-09-30,85.0,5790.0,1764.9,21.61,15.35,31.34
2026-07-07,7503.85,2026-09-30,85.0,5800.0,1756.7,24.02,15.55,31.25
2026-07-07,7503.85,2026-09-30,85.0,5805.0,1750.3,21.96,15.65,31.2
2026-07-07,7503.85,2026-09-30,85.0,5810.0,1745.45,22.08,15.7,31.14
2026-07-07,7503.85,2026-09-30,85.0,5815.0,1740.55,22.11,15.75,31.07
2026-07-07,7503.85,2026-09-30,85.0,5820.0,1735.7,22.22,15.85,31.02
2026-07-07,7503.85,2026-09-30,85.0,5825.0,1732.4,24.18,15.95,30.97
2026-07-07,7503.85,2026-09-30,85.0,5830.0,1725.95,22.34,16.05,30.92
2026-07-07,7503.85,2026-09-30,85.0,5835.0,1721.15,22.5,16.15,30.87
2026-07-07,7503.85,2026-09-30,85.0,5840.0,1716.25,22.51,16.25,30.82
2026-07-07,7503.85,2026-09-30,85.0,5845.0,1711.4,22.59,16.3,30.76
2026-07-07,7503.85,2026-09-30,85.0,5850.0,1708.1,24.28,16.35,30.69
2026-07-07,7503.85,2026-09-30,85.0,5855.0,1701.65,22.66,16.45,30.64
2026-07-07,7503.85,2026-09-30,85.0,5860.0,1696.8,22.73,16.55,30.59
2026-07-07,7503.85,2026-09-30,85.0,5865.0,1691.95,22.78,16.65,30.54
2026-07-07,7503.85,2026-09-30,85.0,5870.0,1687.1,22.84,16.75,30.49
2026-07-07,7503.85,2026-09-30,85.0,5875.0,1683.8,24.33,16.85,30.44
2026-07-07,7503.85,2026-09-30,85.0,5880.0,1677.35,22.88,16.95,30.39
2026-07-07,7503.85,2026-09-30,85.0,5885.0,1672.55,22.98,17.05,30.34
2026-07-07,7503.85,2026-09-30,85.0,5890.0,1667.65,22.97,17.15,30.28
2026-07-07,7503.85,2026-09-30,85.0,5895.0,1662.8,23.01,17.25,30.23
2026-07-07,7503.85,2026-09-30,85.0,5900.0,1659.5,24.35,17.3,30.16
2026-07-07,7503.85,2026-09-30,85.0,5905.0,1653.1,23.07,17.35,30.1
2026-07-07,7503.85,2026-09-30,85.0,5910.0,1648.25,23.1,17.45,30.04
2026-07-07,7503.85,2026-09-30,85.0,5915.0,1643.4,23.13,17.55,29.99
2026-07-07,7503.85,2026-09-30,85.0,5920.0,1638.55,23.16,17.65,29.94
2026-07-07,7503.85,2026-09-30,85.0,5925.0,1635.25,24.36,17.75,29.89
2026-07-07,7503.85,2026-09-30,85.0,5930.0,1628.85,23.2,17.85,29.83
2026-07-07,7503.85,2026-09-30,85.0,5935.0,1624.0,23.22,17.95,29.78
2026-07-07,7503.85,2026-09-30,85.0,5940.0,1619.15,23.24,18.05,29.73
2026-07-07,7503.85,2026-09-30,85.0,5945.0,1614.3,23.25,18.15,29.67
2026-07-07,7503.85,2026-09-30,85.0,5950.0,1611.0,24.35,18.25,29.62
2026-07-07,7503.85,2026-09-30,85.0,5955.0,1604.6,23.28,18.35,29.57
2026-07-07,7503.85,2026-09-30,85.0,5960.0,1599.75,23.28,18.45,29.51
2026-07-07,7503.85,2026-09-30,85.0,5965.0,1594.9,23.29,18.55,29.46
2026-07-07,7503.85,2026-09-30,85.0,5970.0,1590.05,23.3,18.65,29.4
2026-07-07,7503.85,2026-09-30,85.0,5975.0,1587.8,24.9,18.8,29.37
2026-07-07,7503.85,2026-09-30,85.0,5980.0,1580.35,23.31,18.9,29.31
2026-07-07,7503.85,2026-09-30,85.0,5985.0,1575.55,23.34,19.05,29.27
2026-07-07,7503.85,2026-09-30,85.0,5990.0,1570.7,23.34,19.15,29.22
2026-07-07,7503.85,2026-09-30,85.0,5995.0,1565.85,23.34,19.25,29.16
2026-07-07,7503.85,2026-09-30,85.0,6000.0,1562.55,24.27,19.35,29.1
2026-07-07,7503.85,2026-09-30,85.0,6005.0,1556.15,23.34,19.45,29.05
2026-07-07,7503.85,2026-09-30,85.0,6010.0,1551.35,23.37,19.55,28.99
2026-07-07,7503.85,2026-09-30,85.0,6015.0,1546.5,23.36,19.65,28.94
2026-07-07,7503.85,2026-09-30,85.0,6020.0,1541.65,23.35,19.75,28.88
2026-07-07,7503.85,2026-09-30,85.0,6025.0,1539.4,24.74,19.9,28.84
2026-07-07,7503.85,2026-09-30,85.0,6030.0,1532.0,23.36,20.0,28.78
2026-07-07,7503.85,2026-09-30,85.0,6035.0,1527.15,23.35,20.15,28.74
2026-07-07,7503.85,2026-09-30,85.0,6040.0,1522.35,23.37,20.25,28.68
2026-07-07,7503.85,2026-09-30,85.0,6045.0,1517.5,23.36,20.35,28.62
2026-07-07,7503.85,2026-09-30,85.0,6050.0,1514.2,24.16,20.5,28.58
2026-07-07,7503.85,2026-09-30,85.0,6055.0,1507.85,23.36,20.6,28.52
2026-07-07,7503.85,2026-09-30,85.0,6060.0,1503.0,23.34,20.7,28.47
2026-07-07,7503.85,2026-09-30,85.0,6065.0,1498.15,23.32,20.85,28.42
2026-07-07,7503.85,2026-09-30,85.0,6070.0,1493.35,23.33,20.95,28.36
2026-07-07,7503.85,2026-09-30,85.0,6075.0,1490.05,24.08,21.1,28.32
2026-07-07,7503.85,2026-09-30,85.0,6080.0,1483.7,23.32,21.2,28.26
2026-07-07,7503.85,2026-09-30,85.0,6085.0,1478.85,23.3,21.3,28.2
2026-07-07,7503.85,2026-09-30,85.0,6090.0,1474.05,23.31,21.45,28.16
2026-07-07,7503.85,2026-09-30,85.0,6095.0,1469.25,23.31,21.6,28.11
2026-07-07,7503.85,2026-09-30,85.0,6100.0,1465.95,24.0,21.7,28.05
2026-07-07,7503.85,2026-09-30,85.0,6110.0,1454.75,23.26,22.0,27.96
2026-07-07,7503.85,2026-09-30,85.0,6120.0,1445.15,23.26,22.2,27.84
2026-07-07,7503.85,2026-09-30,85.0,6125.0,1441.85,23.91,22.4,27.81
2026-07-07,7503.85,2026-09-30,85.0,6130.0,1435.5,23.23,22.5,27.75
2026-07-07,7503.85,2026-09-30,85.0,6140.0,1425.85,23.19,22.8,27.65
2026-07-07,7503.85,2026-09-30,85.0,6150.0,1418.8,24.2,23.0,27.53
2026-07-07,7503.85,2026-09-30,85.0,6160.0,1406.65,23.16,23.3,27.43
2026-07-07,7503.85,2026-09-30,85.0,6170.0,1397.05,23.13,23.6,27.33
2026-07-07,7503.85,2026-09-30,85.0,6175.0,1393.75,23.7,23.75,27.28
2026-07-07,7503.85,2026-09-30,85.0,6180.0,1387.4,23.08,23.9,27.23
2026-07-07,7503.85,2026-09-30,85.0,6190.0,1377.8,23.05,24.2,27.13
2026-07-07,7503.85,2026-09-30,85.0,6200.0,1369.75,23.59,24.5,27.03
2026-07-07,7503.85,2026-09-30,85.0,6210.0,1358.65,23.0,24.8,26.93
2026-07-07,7503.85,2026-09-30,85.0,6220.0,1349.05,22.96,25.1,26.82
2026-07-07,7503.85,2026-09-30,85.0,6225.0,1345.75,23.47,25.25,26.77
2026-07-07,7503.85,2026-09-30,85.0,6230.0,1339.45,22.92,25.4,26.72
2026-07-07,7503.85,2026-09-30,85.0,6240.0,1329.85,22.87,25.7,26.61
2026-07-07,7503.85,2026-09-30,85.0,6250.0,1322.8,23.66,26.05,26.52
2026-07-07,7503.85,2026-09-30,85.0,6260.0,1310.75,22.81,26.4,26.42
2026-07-07,7503.85,2026-09-30,85.0,6270.0,1301.15,22.75,26.7,26.31
2026-07-07,7503.85,2026-09-30,85.0,6275.0,1297.85,23.2,26.9,26.27
2026-07-07,7503.85,2026-09-30,85.0,6280.0,1291.6,22.71,27.05,26.22
2026-07-07,7503.85,2026-09-30,85.0,6290.0,1282.05,22.67,27.4,26.12
2026-07-07,7503.85,2026-09-30,85.0,6300.0,1275.0,23.37,27.75,26.01
2026-07-07,7503.85,2026-09-30,85.0,6305.0,1269.25,23.06,27.95,25.97
2026-07-07,7503.85,2026-09-30,85.0,6310.0,1264.45,23.02,28.1,25.91
2026-07-07,7503.85,2026-09-30,85.0,6315.0,1259.65,22.99,28.3,25.87
2026-07-07,7503.85,2026-09-30,85.0,6320.0,1255.55,23.15,28.45,25.81
2026-07-07,7503.85,2026-09-30,85.0,6325.0,1250.15,22.94,28.7,25.77
2026-07-07,7503.85,2026-09-30,85.0,6330.0,1245.35,22.9,28.85,25.72
2026-07-07,7503.85,2026-09-30,85.0,6335.0,1241.25,23.06,29.05,25.67
2026-07-07,7503.85,2026-09-30,85.0,6340.0,1235.85,22.85,29.2,25.61
2026-07-07,7503.85,2026-09-30,85.0,6345.0,1231.1,22.83,29.4,25.56
2026-07-07,7503.85,2026-09-30,85.0,6350.0,1226.4,22.81,29.55,25.51
2026-07-07,7503.85,2026-09-30,85.0,6355.0,1221.55,22.76,29.75,25.46
2026-07-07,7503.85,2026-09-30,85.0,6360.0,1217.45,22.9,29.95,25.41
2026-07-07,7503.85,2026-09-30,85.0,6365.0,1212.05,22.71,30.15,25.36
2026-07-07,7503.85,2026-09-30,85.0,6370.0,1207.95,22.84,30.35,25.31
2026-07-07,7503.85,2026-09-30,85.0,6375.0,1202.55,22.65,30.55,25.26
2026-07-07,7503.85,2026-09-30,85.0,6380.0,1198.45,22.78,30.75,25.21
2026-07-07,7503.85,2026-09-30,85.0,6385.0,1193.05,22.59,30.95,25.16
2026-07-07,7503.85,2026-09-30,85.0,6390.0,1188.95,22.72,31.15,25.11
2026-07-07,7503.85,2026-09-30,85.0,6395.0,1183.6,22.54,31.35,25.06
2026-07-07,7503.85,2026-09-30,85.0,6400.0,1178.9,22.52,31.6,25.02
2026-07-07,7503.85,2026-09-30,85.0,6405.0,1174.1,22.47,31.75,24.96
2026-07-07,7503.85,2026-09-30,85.0,6410.0,1169.35,22.44,32.05,24.93
2026-07-07,7503.85,2026-09-30,85.0,6415.0,1165.25,22.56,32.25,24.87
2026-07-07,7503.85,2026-09-30,85.0,6420.0,1159.9,22.38,32.45,24.82
2026-07-07,7503.85,2026-09-30,85.0,6425.0,1155.15,22.35,32.65,24.77
2026-07-07,7503.85,2026-09-30,85.0,6430.0,1151.05,22.47,32.85,24.72
2026-07-07,7503.85,2026-09-30,85.0,6435.0,1145.7,22.29,33.05,24.66
2026-07-07,7503.85,2026-09-30,85.0,6440.0,1140.95,22.25,33.3,24.62
2026-07-07,7503.85,2026-09-30,85.0,6445.0,1137.05,22.41,33.55,24.57
2026-07-07,7503.85,2026-09-30,85.0,6450.0,1131.5,22.19,33.75,24.52
2026-07-07,7503.85,2026-09-30,85.0,6455.0,1126.8,22.16,33.95,24.47
2026-07-07,7503.85,2026-09-30,85.0,6460.0,1122.1,22.14,34.2,24.42
2026-07-07,7503.85,2026-09-30,85.0,6465.0,1117.4,22.11,34.45,24.37
2026-07-07,7503.85,2026-09-30,85.0,6470.0,1113.25,22.2,34.65,24.32
2026-07-07,7503.85,2026-09-30,85.0,6475.0,1108.95,22.26,34.9,24.27
2026-07-07,7503.85,2026-09-30,85.0,6480.0,1103.2,22.0,35.15,24.23
2026-07-07,7503.85,2026-09-30,85.0,6485.0,1098.5,21.97,35.35,24.17
2026-07-07,7503.85,2026-09-30,85.0,6490.0,1093.8,21.94,35.6,24.12
2026-07-07,7503.85,2026-09-30,85.0,6495.0,1089.1,21.91,35.85,24.07
2026-07-07,7503.85,2026-09-30,85.0,6500.0,1084.4,21.88,36.1,24.03
2026-07-07,7503.85,2026-09-30,85.0,6505.0,1079.7,21.84,36.35,23.98
2026-07-07,7503.85,2026-09-30,85.0,6510.0,1075.0,21.81,36.6,23.93
2026-07-07,7503.85,2026-09-30,85.0,6515.0,1070.3,21.78,36.85,23.88
2026-07-07,7503.85,2026-09-30,85.0,6520.0,1065.6,21.74,37.1,23.83
2026-07-07,7503.85,2026-09-30,85.0,6525.0,1060.9,21.71,37.35,23.78
2026-07-07,7503.85,2026-09-30,85.0,6530.0,1056.2,21.67,37.6,23.73
2026-07-07,7503.85,2026-09-30,85.0,6535.0,1051.5,21.64,37.85,23.68
2026-07-07,7503.85,2026-09-30,85.0,6540.0,1046.8,21.6,38.15,23.64
2026-07-07,7503.85,2026-09-30,85.0,6545.0,1043.5,21.84,38.35,23.58
2026-07-07,7503.85,2026-09-30,85.0,6550.0,1038.8,21.8,38.65,23.53
2026-07-07,7503.85,2026-09-30,85.0,6555.0,1034.15,21.77,38.95,23.49
2026-07-07,7503.85,2026-09-30,85.0,6560.0,1029.45,21.73,39.2,23.44
2026-07-07,7503.85,2026-09-30,85.0,6565.0,1024.75,21.69,39.45,23.38
2026-07-07,7503.85,2026-09-30,85.0,6570.0,1020.1,21.66,39.75,23.34
2026-07-07,7503.85,2026-09-30,85.0,6575.0,1015.45,21.63,40.05,23.29
2026-07-07,7503.85,2026-09-30,85.0,6580.0,1010.75,21.59,40.35,23.25
2026-07-07,7503.85,2026-09-30,85.0,6585.0,1006.1,21.55,40.55,23.19
2026-07-07,7503.85,2026-09-30,85.0,6590.0,1001.45,21.52,40.85,23.14
2026-07-07,7503.85,2026-09-30,85.0,6595.0,996.75,21.48,41.15,23.09
2026-07-07,7503.85,2026-09-30,85.0,6600.0,992.1,21.44,41.45,23.05
2026-07-07,7503.85,2026-09-30,85.0,6605.0,987.45,21.4,41.75,23.0
2026-07-07,7503.85,2026-09-30,85.0,6610.0,982.8,21.37,42.05,22.95
2026-07-07,7503.85,2026-09-30,85.0,6615.0,978.15,21.33,42.35,22.9
2026-07-07,7503.85,2026-09-30,85.0,6620.0,973.5,21.3,42.65,22.85
2026-07-07,7503.85,2026-09-30,85.0,6625.0,968.85,21.26,42.95,22.8
2026-07-07,7503.85,2026-09-30,85.0,6630.0,964.25,21.23,43.25,22.75
2026-07-07,7503.85,2026-09-30,85.0,6635.0,959.55,21.18,43.55,22.71
2026-07-07,7503.85,2026-09-30,85.0,6640.0,954.95,21.15,43.85,22.65
2026-07-07,7503.85,2026-09-30,85.0,6645.0,950.25,21.1,44.15,22.6
2026-07-07,7503.85,2026-09-30,85.0,6650.0,945.65,21.07,44.5,22.56
2026-07-07,7503.85,2026-09-30,85.0,6655.0,941.05,21.04,44.85,22.52
2026-07-07,7503.85,2026-09-30,85.0,6660.0,936.4,21.0,45.15,22.46
2026-07-07,7503.85,2026-09-30,85.0,6665.0,931.75,20.96,45.45,22.41
2026-07-07,7503.85,2026-09-30,85.0,6670.0,927.15,20.92,45.8,22.37
2026-07-07,7503.85,2026-09-30,85.0,6675.0,922.55,20.89,46.15,22.32
2026-07-07,7503.85,2026-09-30,85.0,6680.0,917.95,20.85,46.45,22.27
2026-07-07,7503.85,2026-09-30,85.0,6685.0,913.3,20.81,46.8,22.22
2026-07-07,7503.85,2026-09-30,85.0,6690.0,908.7,20.77,47.15,22.17
2026-07-07,7503.85,2026-09-30,85.0,6695.0,904.1,20.74,47.5,22.13
2026-07-07,7503.85,2026-09-30,85.0,6700.0,899.5,20.7,47.85,22.08
2026-07-07,7503.85,2026-09-30,85.0,6705.0,894.9,20.66,48.2,22.03
2026-07-07,7503.85,2026-09-30,85.0,6710.0,890.3,20.62,48.55,21.98
2026-07-07,7503.85,2026-09-30,85.0,6715.0,885.7,20.58,48.9,21.93
2026-07-07,7503.85,2026-09-30,85.0,6720.0,881.1,20.55,49.25,21.88
2026-07-07,7503.85,2026-09-30,85.0,6725.0,876.5,20.51,49.6,21.83
2026-07-07,7503.85,2026-09-30,85.0,6730.0,871.9,20.46,50.0,21.79
2026-07-07,7503.85,2026-09-30,85.0,6735.0,867.4,20.44,50.35,21.74
2026-07-07,7503.85,2026-09-30,85.0,6740.0,862.8,20.4,50.7,21.69
2026-07-07,7503.85,2026-09-30,85.0,6745.0,858.2,20.35,51.1,21.64
2026-07-07,7503.85,2026-09-30,85.0,6750.0,853.6,20.31,51.45,21.59
2026-07-07,7503.85,2026-09-30,85.0,6755.0,849.1,20.28,51.85,21.55
2026-07-07,7503.85,2026-09-30,85.0,6760.0,844.5,20.24,52.25,21.5
2026-07-07,7503.85,2026-09-30,85.0,6765.0,839.95,20.2,52.65,21.45
2026-07-07,7503.85,2026-09-30,85.0,6770.0,835.4,20.17,53.0,21.4
2026-07-07,7503.85,2026-09-30,85.0,6775.0,830.8,20.12,53.4,21.35
2026-07-07,7503.85,2026-09-30,85.0,6780.0,826.3,20.09,53.8,21.3
2026-07-07,7503.85,2026-09-30,85.0,6785.0,821.75,20.05,54.2,21.26
2026-07-07,7503.85,2026-09-30,85.0,6790.0,817.2,20.01,54.65,21.21
2026-07-07,7503.85,2026-09-30,85.0,6795.0,812.65,19.97,55.05,21.16
2026-07-07,7503.85,2026-09-30,85.0,6800.0,808.15,19.94,55.5,21.12
2026-07-07,7503.85,2026-09-30,85.0,6805.0,803.6,19.89,55.9,21.07
2026-07-07,7503.85,2026-09-30,85.0,6810.0,799.05,19.85,56.3,21.02
2026-07-07,7503.85,2026-09-30,85.0,6815.0,794.55,19.82,56.7,20.97
2026-07-07,7503.85,2026-09-30,85.0,6820.0,790.05,19.78,57.2,20.93
2026-07-07,7503.85,2026-09-30,85.0,6825.0,785.55,19.74,57.6,20.88
2026-07-07,7503.85,2026-09-30,85.0,6830.0,781.0,19.7,58.0,20.82
2026-07-07,7503.85,2026-09-30,85.0,6835.0,776.45,19.65,58.5,20.78
2026-07-07,7503.85,2026-09-30,85.0,6840.0,771.95,19.61,58.9,20.73
2026-07-07,7503.85,2026-09-30,85.0,6845.0,767.45,19.57,59.4,20.69
2026-07-07,7503.85,2026-09-30,85.0,6850.0,763.0,19.54,59.8,20.63
2026-07-07,7503.85,2026-09-30,85.0,6855.0,758.5,19.5,60.3,20.59
2026-07-07,7503.85,2026-09-30,85.0,6860.0,754.05,19.47,60.8,20.55
2026-07-07,7503.85,2026-09-30,85.0,6865.0,749.55,19.42,61.2,20.49
2026-07-07,7503.85,2026-09-30,85.0,6870.0,745.05,19.38,61.7,20.45
2026-07-07,7503.85,2026-09-30,85.0,6875.0,740.6,19.35,62.2,20.4
2026-07-07,7503.85,2026-09-30,85.0,6880.0,736.1,19.3,62.65,20.35
2026-07-07,7503.85,2026-09-30,85.0,6885.0,731.65,19.26,63.1,20.3
2026-07-07,7503.85,2026-09-30,85.0,6890.0,727.2,19.23,63.6,20.25
2026-07-07,7503.85,2026-09-30,85.0,6895.0,722.75,19.19,64.1,20.2
2026-07-07,7503.85,2026-09-30,85.0,6900.0,718.3,19.15,64.65,20.16
2026-07-07,7503.85,2026-09-30,85.0,6905.0,713.85,19.11,65.1,20.11
2026-07-07,7503.85,2026-09-30,85.0,6910.0,709.4,19.07,65.65,20.06
2026-07-07,7503.85,2026-09-30,85.0,6915.0,705.0,19.03,66.15,20.01
2026-07-07,7503.85,2026-09-30,85.0,6920.0,700.5,18.98,66.7,19.97
2026-07-07,7503.85,2026-09-30,85.0,6925.0,696.1,18.94,67.2,19.92
2026-07-07,7503.85,2026-09-30,85.0,6930.0,691.7,18.91,67.7,19.87
2026-07-07,7503.85,2026-09-30,85.0,6935.0,687.1,18.85,68.25,19.82
2026-07-07,7503.85,2026-09-30,85.0,6940.0,682.85,18.82,68.8,19.78
2026-07-07,7503.85,2026-09-30,85.0,6945.0,678.45,18.79,69.35,19.73
2026-07-07,7503.85,2026-09-30,85.0,6950.0,674.05,18.74,69.9,19.68
2026-07-07,7503.85,2026-09-30,85.0,6955.0,669.65,18.7,70.45,19.63
2026-07-07,7503.85,2026-09-30,85.0,6960.0,665.25,18.66,71.0,19.59
2026-07-07,7503.85,2026-09-30,85.0,6965.0,660.9,18.63,71.55,19.54
2026-07-07,7503.85,2026-09-30,85.0,6970.0,656.55,18.59,72.15,19.49
2026-07-07,7503.85,2026-09-30,85.0,6975.0,652.15,18.55,72.7,19.44
2026-07-07,7503.85,2026-09-30,85.0,6980.0,647.75,18.5,73.3,19.4
2026-07-07,7503.85,2026-09-30,85.0,6985.0,643.45,18.47,73.9,19.35
2026-07-07,7503.85,2026-09-30,85.0,6990.0,639.05,18.42,74.5,19.3
2026-07-07,7503.85,2026-09-30,85.0,6995.0,634.7,18.38,75.1,19.26
2026-07-07,7503.85,2026-09-30,85.0,7000.0,630.35,18.34,75.7,19.21
2026-07-07,7503.85,2026-09-30,85.0,7005.0,626.05,18.31,76.3,19.16
2026-07-07,7503.85,2026-09-30,85.0,7010.0,621.7,18.26,76.9,19.11
2026-07-07,7503.85,2026-09-30,85.0,7015.0,617.4,18.23,77.55,19.07
2026-07-07,7503.85,2026-09-30,85.0,7020.0,613.05,18.18,78.15,19.02
2026-07-07,7503.85,2026-09-30,85.0,7025.0,608.75,18.14,78.8,18.97
2026-07-07,7503.85,2026-09-30,85.0,7030.0,604.45,18.1,79.5,18.93
2026-07-07,7503.85,2026-09-30,85.0,7035.0,600.15,18.06,80.15,18.88
2026-07-07,7503.85,2026-09-30,85.0,7040.0,595.85,18.02,80.75,18.83
2026-07-07,7503.85,2026-09-30,85.0,7045.0,591.6,17.99,81.45,18.78
2026-07-07,7503.85,2026-09-30,85.0,7050.0,587.3,17.94,82.1,18.73
2026-07-07,7503.85,2026-09-30,85.0,7055.0,583.0,17.9,82.8,18.69
2026-07-07,7503.85,2026-09-30,85.0,7060.0,578.7,17.86,83.5,18.64
2026-07-07,7503.85,2026-09-30,85.0,7065.0,574.45,17.82,84.1,18.59
2026-07-07,7503.85,2026-09-30,85.0,7070.0,570.2,17.78,84.85,18.55
2026-07-07,7503.85,2026-09-30,85.0,7075.0,566.0,17.74,85.55,18.5
2026-07-07,7503.85,2026-09-30,85.0,7080.0,561.75,17.7,86.25,18.45
2026-07-07,7503.85,2026-09-30,85.0,7085.0,557.5,17.66,87.0,18.41
2026-07-07,7503.85,2026-09-30,85.0,7090.0,553.25,17.61,87.7,18.36
2026-07-07,7503.85,2026-09-30,85.0,7095.0,549.05,17.57,88.45,18.31
2026-07-07,7503.85,2026-09-30,85.0,7100.0,544.85,17.53,89.2,18.27
2026-07-07,7503.85,2026-09-30,85.0,7105.0,540.65,17.49,89.9,18.21
2026-07-07,7503.85,2026-09-30,85.0,7110.0,536.45,17.45,90.65,18.17
2026-07-07,7503.85,2026-09-30,85.0,7115.0,532.25,17.41,91.4,18.12
2026-07-07,7503.85,2026-09-30,85.0,7120.0,528.1,17.37,92.2,18.07
2026-07-07,7503.85,2026-09-30,85.0,7125.0,523.9,17.33,93.0,18.03
2026-07-07,7503.85,2026-09-30,85.0,7130.0,519.75,17.29,93.75,17.98
2026-07-07,7503.85,2026-09-30,85.0,7135.0,515.6,17.25,94.6,17.94
2026-07-07,7503.85,2026-09-30,85.0,7140.0,511.4,17.2,95.4,17.89
2026-07-07,7503.85,2026-09-30,85.0,7145.0,507.3,17.17,96.2,17.84
2026-07-07,7503.85,2026-09-30,85.0,7150.0,503.2,17.13,97.0,17.79
2026-07-07,7503.85,2026-09-30,85.0,7155.0,499.05,17.09,97.85,17.75
2026-07-07,7503.85,2026-09-30,85.0,7160.0,494.95,17.05,98.7,17.7
2026-07-07,7503.85,2026-09-30,85.0,7165.0,490.85,17.01,99.5,17.65
2026-07-07,7503.85,2026-09-30,85.0,7170.0,486.75,16.96,100.4,17.61
2026-07-07,7503.85,2026-09-30,85.0,7175.0,482.65,16.92,101.2,17.56
2026-07-07,7503.85,2026-09-30,85.0,7180.0,478.55,16.88,102.05,17.51
2026-07-07,7503.85,2026-09-30,85.0,7185.0,474.5,16.84,103.0,17.47
2026-07-07,7503.85,2026-09-30,85.0,7190.0,470.45,16.8,103.9,17.42
2026-07-07,7503.85,2026-09-30,85.0,7195.0,466.4,16.76,104.8,17.38
2026-07-07,7503.85,2026-09-30,85.0,7200.0,462.35,16.72,105.65,17.32
2026-07-07,7503.85,2026-09-30,85.0,7205.0,458.35,16.68,106.6,17.28
2026-07-07,7503.85,2026-09-30,85.0,7210.0,454.3,16.64,107.5,17.23
2026-07-07,7503.85,2026-09-30,85.0,7215.0,450.3,16.6,108.5,17.19
2026-07-07,7503.85,2026-09-30,85.0,7220.0,446.3,16.56,109.45,17.14
2026-07-07,7503.85,2026-09-30,85.0,7225.0,442.3,16.52,110.4,17.1
2026-07-07,7503.85,2026-09-30,85.0,7230.0,438.3,16.47,111.35,17.05
2026-07-07,7503.85,2026-09-30,85.0,7235.0,434.3,16.43,112.35,17.0
2026-07-07,7503.85,2026-09-30,85.0,7240.0,430.4,16.4,113.35,16.96
2026-07-07,7503.85,2026-09-30,85.0,7245.0,426.4,16.35,114.35,16.91
2026-07-07,7503.85,2026-09-30,85.0,7250.0,422.5,16.31,115.35,16.87
2026-07-07,7503.85,2026-09-30,85.0,7255.0,418.55,16.27,116.35,16.82
2026-07-07,7503.85,2026-09-30,85.0,7260.0,414.6,16.23,117.35,16.77
2026-07-07,7503.85,2026-09-30,85.0,7265.0,410.7,16.19,118.45,16.73
2026-07-07,7503.85,2026-09-30,85.0,7270.0,406.8,16.15,119.45,16.68
2026-07-07,7503.85,2026-09-30,85.0,7275.0,402.95,16.11,120.55,16.63
2026-07-07,7503.85,2026-09-30,85.0,7280.0,399.0,16.06,121.65,16.59
2026-07-07,7503.85,2026-09-30,85.0,7285.0,395.2,16.03,122.75,16.54
2026-07-07,7503.85,2026-09-30,85.0,7290.0,391.3,15.98,123.85,16.5
2026-07-07,7503.85,2026-09-30,85.0,7295.0,387.5,15.95,124.95,16.45
2026-07-07,7503.85,2026-09-30,85.0,7300.0,383.6,15.9,126.05,16.4
2026-07-07,7503.85,2026-09-30,85.0,7305.0,379.8,15.86,127.25,16.36
2026-07-07,7503.85,2026-09-30,85.0,7310.0,376.0,15.82,128.35,16.31
2026-07-07,7503.85,2026-09-30,85.0,7315.0,372.2,15.78,129.55,16.27
2026-07-07,7503.85,2026-09-30,85.0,7320.0,368.5,15.75,130.7,16.22
2026-07-07,7503.85,2026-09-30,85.0,7325.0,364.7,15.7,131.85,16.17
2026-07-07,7503.85,2026-09-30,85.0,7330.0,360.9,15.66,133.05,16.13
2026-07-07,7503.85,2026-09-30,85.0,7335.0,357.2,15.62,134.25,16.08
2026-07-07,7503.85,2026-09-30,85.0,7340.0,353.45,15.58,135.5,16.04
2026-07-07,7503.85,2026-09-30,85.0,7345.0,349.7,15.54,136.7,15.99
2026-07-07,7503.85,2026-09-30,85.0,7350.0,346.05,15.5,138.0,15.95
2026-07-07,7503.85,2026-09-30,85.0,7355.0,342.4,15.46,139.25,15.9
2026-07-07,7503.85,2026-09-30,85.0,7360.0,338.75,15.43,140.55,15.86
2026-07-07,7503.85,2026-09-30,85.0,7365.0,335.05,15.38,141.8,15.81
2026-07-07,7503.85,2026-09-30,85.0,7370.0,331.45,15.35,143.15,15.76
2026-07-07,7503.85,2026-09-30,85.0,7375.0,327.85,15.31,144.5,15.72
2026-07-07,7503.85,2026-09-30,85.0,7380.0,324.2,15.27,145.8,15.67
2026-07-07,7503.85,2026-09-30,85.0,7385.0,320.65,15.23,147.2,15.63
2026-07-07,7503.85,2026-09-30,85.0,7390.0,317.05,15.19,148.5,15.58
2026-07-07,7503.85,2026-09-30,85.0,7395.0,313.5,15.15,149.9,15.54
2026-07-07,7503.85,2026-09-30,85.0,7400.0,309.95,15.11,151.4,15.5
2026-07-07,7503.85,2026-09-30,85.0,7405.0,306.35,15.07,152.8,15.45
2026-07-07,7503.85,2026-09-30,85.0,7410.0,302.9,15.04,154.2,15.41
2026-07-07,7503.85,2026-09-30,85.0,7415.0,299.4,15.0,155.6,15.36
2026-07-07,7503.85,2026-09-30,85.0,7420.0,295.9,14.96,157.1,15.31
2026-07-07,7503.85,2026-09-30,85.0,7425.0,292.45,14.92,158.6,15.27
2026-07-07,7503.85,2026-09-30,85.0,7430.0,289.0,14.88,160.1,15.23
2026-07-07,7503.85,2026-09-30,85.0,7435.0,285.55,14.84,161.6,15.18
2026-07-07,7503.85,2026-09-30,85.0,7440.0,282.15,14.81,163.1,15.13
2026-07-07,7503.85,2026-09-30,85.0,7445.0,278.75,14.77,164.7,15.09
2026-07-07,7503.85,2026-09-30,85.0,7450.0,275.35,14.73,166.25,15.05
2026-07-07,7503.85,2026-09-30,85.0,7455.0,272.0,14.69,167.8,15.0
2026-07-07,7503.85,2026-09-30,85.0,7460.0,268.65,14.66,169.4,14.96
2026-07-07,7503.85,2026-09-30,85.0,7465.0,265.35,14.62,171.05,14.92
2026-07-07,7503.85,2026-09-30,85.0,7470.0,262.0,14.58,172.7,14.87
2026-07-07,7503.85,2026-09-30,85.0,7475.0,258.75,14.55,174.35,14.83
2026-07-07,7503.85,2026-09-30,85.0,7480.0,255.45,14.51,176.0,14.78
2026-07-07,7503.85,2026-09-30,85.0,7485.0,252.2,14.47,177.75,14.74
2026-07-07,7503.85,2026-09-30,85.0,7490.0,248.95,14.43,179.45,14.7
2026-07-07,7503.85,2026-09-30,85.0,7495.0,245.75,14.4,181.15,14.65
2026-07-07,7503.85,2026-09-30,85.0,7500.0,242.6,14.37,182.9,14.61
2026-07-07,7503.85,2026-09-30,85.0,7505.0,239.35,14.32,184.7,14.57
2026-07-07,7503.85,2026-09-30,85.0,7510.0,236.2,14.29,186.5,14.52
2026-07-07,7503.85,2026-09-30,85.0,7515.0,233.05,14.25,188.3,14.48
2026-07-07,7503.85,2026-09-30,85.0,7520.0,229.95,14.22,190.15,14.44
2026-07-07,7503.85,2026-09-30,85.0,7525.0,226.85,14.18,192.0,14.39
2026-07-07,7503.85,2026-09-30,85.0,7530.0,223.75,14.14,193.85,14.35
2026-07-07,7503.85,2026-09-30,85.0,7535.0,220.75,14.11,195.75,14.31
2026-07-07,7503.85,2026-09-30,85.0,7540.0,217.7,14.08,197.65,14.26
2026-07-07,7503.85,2026-09-30,85.0,7545.0,214.65,14.04,199.6,14.22
2026-07-07,7503.85,2026-09-30,85.0,7550.0,211.65,14.01,201.55,14.18
2026-07-07,7503.85,2026-09-30,85.0,7555.0,208.7,13.97,203.55,14.14
2026-07-07,7503.85,2026-09-30,85.0,7560.0,205.75,13.94,205.55,14.09
2026-07-07,7503.85,2026-09-30,85.0,7565.0,202.85,13.91,207.55,14.05
2026-07-07,7503.85,2026-09-30,85.0,7570.0,199.95,13.87,209.6,14.01
2026-07-07,7503.85,2026-09-30,85.0,7575.0,197.05,13.84,211.65,13.96
2026-07-07,7503.85,2026-09-30,85.0,7580.0,194.15,13.8,213.75,13.92
2026-07-07,7503.85,2026-09-30,85.0,7585.0,191.35,13.77,215.85,13.88
2026-07-07,7503.85,2026-09-30,85.0,7590.0,188.55,13.74,218.0,13.84
2026-07-07,7503.85,2026-09-30,85.0,7595.0,185.75,13.71,220.15,13.79
2026-07-07,7503.85,2026-09-30,85.0,7600.0,182.9,13.67,222.35,13.75
2026-07-07,7503.85,2026-09-30,85.0,7605.0,180.2,13.64,224.55,13.71
2026-07-07,7503.85,2026-09-30,85.0,7610.0,177.45,13.61,226.75,13.67
2026-07-07,7503.85,2026-09-30,85.0,7615.0,174.75,13.57,229.0,13.62
2026-07-07,7503.85,2026-09-30,85.0,7620.0,172.1,13.54,231.25,13.58
2026-07-07,7503.85,2026-09-30,85.0,7625.0,169.45,13.51,233.55,13.54
2026-07-07,7503.85,2026-09-30,85.0,7630.0,166.8,13.48,235.85,13.49
2026-07-07,7503.85,2026-09-30,85.0,7635.0,164.2,13.45,238.25,13.46
2026-07-07,7503.85,2026-09-30,85.0,7640.0,161.6,13.42,240.6,13.41
2026-07-07,7503.85,2026-09-30,85.0,7645.0,159.05,13.39,242.95,13.37
2026-07-07,7503.85,2026-09-30,85.0,7650.0,156.5,13.36,245.4,13.33
2026-07-07,7503.85,2026-09-30,85.0,7655.0,154.0,13.33,247.85,13.28
2026-07-07,7503.85,2026-09-30,85.0,7660.0,151.5,13.3,250.3,13.24
2026-07-07,7503.85,2026-09-30,85.0,7665.0,149.05,13.27,252.8,13.2
2026-07-07,7503.85,2026-09-30,85.0,7670.0,146.6,13.24,255.3,13.16
2026-07-07,7503.85,2026-09-30,85.0,7675.0,144.15,13.21,257.85,13.11
2026-07-07,7503.85,2026-09-30,85.0,7680.0,141.8,13.18,260.4,13.07
2026-07-07,7503.85,2026-09-30,85.0,7685.0,139.45,13.15,263.0,13.03
2026-07-07,7503.85,2026-09-30,85.0,7690.0,137.1,13.12,265.6,12.98
2026-07-07,7503.85,2026-09-30,85.0,7695.0,134.8,13.1,268.25,12.94
2026-07-07,7503.85,2026-09-30,85.0,7700.0,132.5,13.07,270.9,12.89
2026-07-07,7503.85,2026-09-30,85.0,7705.0,130.25,13.04,273.55,12.84
2026-07-07,7503.85,2026-09-30,85.0,7710.0,128.0,13.01,276.3,12.8
2026-07-07,7503.85,2026-09-30,85.0,7715.0,125.8,12.99,279.0,12.75
2026-07-07,7503.85,2026-09-30,85.0,7720.0,123.6,12.96,281.8,12.71
2026-07-07,7503.85,2026-09-30,85.0,7725.0,121.4,12.93,284.6,12.66
2026-07-07,7503.85,2026-09-30,85.0,7730.0,119.3,12.91,287.4,12.62
2026-07-07,7503.85,2026-09-30,85.0,7735.0,117.2,12.88,290.2,12.57
2026-07-07,7503.85,2026-09-30,85.0,7740.0,115.1,12.86,293.15,12.53
2026-07-07,7503.85,2026-09-30,85.0,7745.0,113.0,12.83,296.0,12.48
2026-07-07,7503.85,2026-09-30,85.0,7750.0,111.0,12.8,298.9,12.44
2026-07-07,7503.85,2026-09-30,85.0,7755.0,109.0,12.78,301.85,12.39
2026-07-07,7503.85,2026-09-30,85.0,7760.0,107.0,12.76,304.8,12.34
2026-07-07,7503.85,2026-09-30,85.0,7765.0,105.05,12.73,307.85,12.3
2026-07-07,7503.85,2026-09-30,85.0,7770.0,103.1,12.71,310.8,12.24
2026-07-07,7503.85,2026-09-30,85.0,7775.0,101.2,12.68,313.9,12.19
2026-07-07,7503.85,2026-09-30,85.0,7780.0,99.35,12.66,316.9,12.12
2026-07-07,7503.85,2026-09-30,85.0,7785.0,97.5,12.64,320.0,12.07
2026-07-07,7503.85,2026-09-30,85.0,7790.0,95.65,12.62,323.15,12.02
2026-07-07,7503.85,2026-09-30,85.0,7795.0,93.85,12.59,326.3,11.96
2026-07-07,7503.85,2026-09-30,85.0,7800.0,92.1,12.57,329.5,11.91
2026-07-07,7503.85,2026-09-30,85.0,7805.0,90.3,12.55,332.7,11.85
2026-07-07,7503.85,2026-09-30,85.0,7810.0,88.6,12.53,335.9,11.79
2026-07-07,7503.85,2026-09-30,85.0,7815.0,86.85,12.51,339.15,11.73
2026-07-07,7503.85,2026-09-30,85.0,7820.0,85.2,12.49,342.4,11.67
2026-07-07,7503.85,2026-09-30,85.0,7825.0,83.55,12.47,345.7,11.61
2026-07-07,7503.85,2026-09-30,85.0,7830.0,81.95,12.45,349.05,11.55
2026-07-07,7503.85,2026-09-30,85.0,7835.0,80.35,12.43,352.35,11.47
2026-07-07,7503.85,2026-09-30,85.0,7840.0,78.75,12.41,355.75,11.4
2026-07-07,7503.85,2026-09-30,85.0,7845.0,77.15,12.39,359.15,11.33
2026-07-07,7503.85,2026-09-30,85.0,7850.0,75.65,12.37,362.55,11.24
2026-07-07,7503.85,2026-09-30,85.0,7855.0,74.15,12.35,366.0,11.16
2026-07-07,7503.85,2026-09-30,85.0,7860.0,72.65,12.33,369.5,11.08
2026-07-07,7503.85,2026-09-30,85.0,7865.0,71.2,12.32,373.0,11.0
2026-07-07,7503.85,2026-09-30,85.0,7870.0,69.75,12.3,376.5,10.89
2026-07-07,7503.85,2026-09-30,85.0,7875.0,68.35,12.28,380.0,10.77
2026-07-07,7503.85,2026-09-30,85.0,7880.0,66.95,12.27,383.55,10.64
2026-07-07,7503.85,2026-09-30,85.0,7885.0,65.6,12.25,387.15,10.51
2026-07-07,7503.85,2026-09-30,85.0,7890.0,64.25,12.23,390.75,10.37
2026-07-07,7503.85,2026-09-30,85.0,7895.0,62.95,12.22,394.4,10.21
2026-07-07,7503.85,2026-09-30,85.0,7900.0,61.6,12.2,398.05,9.95
2026-07-07,7503.85,2026-09-30,85.0,7905.0,60.35,12.19,401.7,9.63
2026-07-07,7503.85,2026-09-30,85.0,7910.0,59.1,12.17,,
2026-07-07,7503.85,2026-09-30,85.0,7915.0,57.85,12.16,,
2026-07-07,7503.85,2026-09-30,85.0,7920.0,56.65,12.14,,
2026-07-07,7503.85,2026-09-30,85.0,7925.0,55.45,12.13,,
2026-07-07,7503.85,2026-09-30,85.0,7930.0,54.3,12.12,,
2026-07-07,7503.85,2026-09-30,85.0,7935.0,53.15,12.1,,
2026-07-07,7503.85,2026-09-30,85.0,7940.0,52.0,12.09,,
2026-07-07,7503.85,2026-09-30,85.0,7945.0,50.9,12.08,,
2026-07-07,7503.85,2026-09-30,85.0,7950.0,49.8,12.06,,
2026-07-07,7503.85,2026-09-30,85.0,7955.0,48.75,12.05,,
2026-07-07,7503.85,2026-09-30,85.0,7960.0,47.7,12.04,,
2026-07-07,7503.85,2026-09-30,85.0,7965.0,46.65,12.03,,
2026-07-07,7503.85,2026-09-30,85.0,7970.0,45.6,12.01,,
2026-07-07,7503.85,2026-09-30,85.0,7975.0,44.6,12.0,,
2026-07-07,7503.85,2026-09-30,85.0,7980.0,43.65,11.99,,
2026-07-07,7503.85,2026-09-30,85.0,7985.0,42.7,11.98,,
2026-07-07,7503.85,2026-09-30,85.0,7990.0,41.75,11.97,,
2026-07-07,7503.85,2026-09-30,85.0,7995.0,40.8,11.95,,
2026-07-07,7503.85,2026-09-30,85.0,8000.0,39.9,11.94,,
2026-07-07,7503.85,2026-09-30,85.0,8005.0,39.0,11.93,,
2026-07-07,7503.85,2026-09-30,85.0,8010.0,38.2,11.93,,
2026-07-07,7503.85,2026-09-30,85.0,8015.0,37.3,11.91,,
2026-07-07,7503.85,2026-09-30,85.0,8020.0,36.5,11.91,,
2026-07-07,7503.85,2026-09-30,85.0,8025.0,35.6,11.89,,
2026-07-07,7503.85,2026-09-30,85.0,8030.0,34.8,11.88,,
2026-07-07,7503.85,2026-09-30,85.0,8035.0,34.0,11.87,,
2026-07-07,7503.85,2026-09-30,85.0,8040.0,33.3,11.87,,
2026-07-07,7503.85,2026-09-30,85.0,8045.0,32.5,11.86,,
2026-07-07,7503.85,2026-09-30,85.0,8050.0,31.75,11.85,,
2026-07-07,7503.85,2026-09-30,85.0,8055.0,31.0,11.84,,
2026-07-07,7503.85,2026-09-30,85.0,8060.0,30.3,11.83,,
2026-07-07,7503.85,2026-09-30,85.0,8065.0,29.6,11.82,,
2026-07-07,7503.85,2026-09-30,85.0,8070.0,28.9,11.81,,
2026-07-07,7503.85,2026-09-30,85.0,8075.0,28.25,11.81,,
2026-07-07,7503.85,2026-09-30,85.0,8080.0,27.6,11.8,,
2026-07-07,7503.85,2026-09-30,85.0,8085.0,26.95,11.79,,
2026-07-07,7503.85,2026-10-16,101.0,5650.0,1916.3,26.15,18.05,32.03
2026-07-07,7503.85,2026-10-16,101.0,5675.0,1894.7,27.72,18.25,31.69
2026-07-07,7503.85,2026-10-16,101.0,5700.0,1867.85,26.16,18.95,31.52
2026-07-07,7503.85,2026-10-16,101.0,5725.0,1846.3,27.54,19.25,31.2
2026-07-07,7503.85,2026-10-16,101.0,5750.0,1819.4,26.07,19.9,31.0
2026-07-07,7503.85,2026-10-16,101.0,5775.0,1797.9,27.3,20.2,30.68
2026-07-07,7503.85,2026-10-16,101.0,5800.0,1771.05,25.96,20.9,30.48
2026-07-07,7503.85,2026-10-16,101.0,5825.0,1749.15,26.87,21.25,30.18
2026-07-07,7503.85,2026-10-16,101.0,5850.0,1722.75,25.8,22.0,29.98
2026-07-07,7503.85,2026-10-16,101.0,5875.0,1701.35,26.79,22.4,29.68
2026-07-07,7503.85,2026-10-16,101.0,5900.0,1674.6,25.64,23.2,29.49
2026-07-07,7503.85,2026-10-16,101.0,5925.0,1653.15,26.49,23.6,29.18
2026-07-07,7503.85,2026-10-16,101.0,5950.0,1626.45,25.42,24.5,29.0
2026-07-07,7503.85,2026-10-16,101.0,5975.0,1605.1,26.2,24.95,28.7
2026-07-07,7503.85,2026-10-16,101.0,6000.0,1578.45,25.2,25.85,28.51
2026-07-07,7503.85,2026-10-16,101.0,6025.0,1557.1,25.89,26.35,28.21
2026-07-07,7503.85,2026-10-16,101.0,6050.0,1530.55,24.96,27.35,28.03
2026-07-07,7503.85,2026-10-16,101.0,6075.0,1509.25,25.58,27.9,27.74
2026-07-07,7503.85,2026-10-16,101.0,6100.0,1482.75,24.71,28.95,27.56
2026-07-07,7503.85,2026-10-16,101.0,6125.0,1461.15,25.17,29.5,27.26
2026-07-07,7503.85,2026-10-16,101.0,6130.0,1456.4,25.15,29.65,27.21
2026-07-07,7503.85,2026-10-16,101.0,6140.0,1447.2,25.17,30.0,27.11
2026-07-07,7503.85,2026-10-16,101.0,6150.0,1435.1,24.44,30.65,27.08
2026-07-07,7503.85,2026-10-16,101.0,6160.0,1428.15,25.04,30.7,26.92
2026-07-07,7503.85,2026-10-16,101.0,6170.0,1418.65,24.97,31.1,26.84
2026-07-07,7503.85,2026-10-16,101.0,6175.0,1413.5,24.85,31.3,26.79
2026-07-07,7503.85,2026-10-16,101.0,6180.0,1409.1,24.9,31.4,26.73
2026-07-07,7503.85,2026-10-16,101.0,6190.0,1399.6,24.83,31.8,26.64
2026-07-07,7503.85,2026-10-16,101.0,6200.0,1387.55,24.16,32.45,26.6
2026-07-07,7503.85,2026-10-16,101.0,6210.0,1380.6,24.7,32.6,26.46
2026-07-07,7503.85,2026-10-16,101.0,6220.0,1371.1,24.63,32.9,26.35
2026-07-07,7503.85,2026-10-16,101.0,6225.0,1366.35,24.59,33.2,26.32
2026-07-07,7503.85,2026-10-16,101.0,6230.0,1361.65,24.57,33.3,26.26
2026-07-07,7503.85,2026-10-16,101.0,6240.0,1352.1,24.48,33.7,26.17
2026-07-07,7503.85,2026-10-16,101.0,6250.0,1340.15,23.87,34.45,26.14
2026-07-07,7503.85,2026-10-16,101.0,6260.0,1333.2,24.36,34.65,26.01
2026-07-07,7503.85,2026-10-16,101.0,6270.0,1323.7,24.28,35.05,25.91
2026-07-07,7503.85,2026-10-16,101.0,6275.0,1319.0,24.25,35.2,25.85
2026-07-07,7503.85,2026-10-16,101.0,6280.0,1313.6,24.08,35.4,25.8
2026-07-07,7503.85,2026-10-16,101.0,6290.0,1304.5,24.08,35.85,25.71
2026-07-07,7503.85,2026-10-16,101.0,6300.0,1292.95,23.57,36.6,25.68
2026-07-07,7503.85,2026-10-16,101.0,6310.0,1285.95,24.01,36.75,25.53
2026-07-07,7503.85,2026-10-16,101.0,6320.0,1276.55,23.94,37.15,25.43
2026-07-07,7503.85,2026-10-16,101.0,6325.0,1269.35,23.41,37.7,25.44
2026-07-07,7503.85,2026-10-16,101.0,6330.0,1267.05,23.86,37.65,25.35
2026-07-07,7503.85,2026-10-16,101.0,6340.0,1257.7,23.8,38.15,25.26
2026-07-07,7503.85,2026-10-16,101.0,6350.0,1245.85,23.26,38.85,25.21
2026-07-07,7503.85,2026-10-16,101.0,6360.0,1238.9,23.66,39.05,25.07
2026-07-07,7503.85,2026-10-16,101.0,6370.0,1229.5,23.59,39.5,24.97
2026-07-07,7503.85,2026-10-16,101.0,6375.0,1222.35,23.09,40.05,24.97
2026-07-07,7503.85,2026-10-16,101.0,6380.0,1220.05,23.51,40.05,24.89
2026-07-07,7503.85,2026-10-16,101.0,6390.0,1210.8,23.46,40.5,24.79
2026-07-07,7503.85,2026-10-16,101.0,6400.0,1198.95,22.94,41.35,24.75
2026-07-07,7503.85,2026-10-16,101.0,6410.0,1192.0,23.3,41.55,24.61
2026-07-07,7503.85,2026-10-16,101.0,6420.0,1182.65,23.23,42.05,24.51
2026-07-07,7503.85,2026-10-16,101.0,6425.0,1175.55,22.77,42.65,24.52
2026-07-07,7503.85,2026-10-16,101.0,6430.0,1173.3,23.16,42.55,24.42
2026-07-07,7503.85,2026-10-16,101.0,6440.0,1163.9,23.08,43.15,24.34
2026-07-07,7503.85,2026-10-16,101.0,6450.0,1155.0,23.08,44.05,24.3
2026-07-07,7503.85,2026-10-16,101.0,6460.0,1145.3,22.94,44.25,24.15
2026-07-07,7503.85,2026-10-16,101.0,6470.0,1136.0,22.87,44.75,24.05
2026-07-07,7503.85,2026-10-16,101.0,6475.0,1131.7,22.89,45.45,24.07
2026-07-07,7503.85,2026-10-16,101.0,6480.0,1126.7,22.8,45.35,23.97
2026-07-07,7503.85,2026-10-16,101.0,6490.0,1117.4,22.73,45.95,23.88
2026-07-07,7503.85,2026-10-16,101.0,6500.0,1108.5,22.71,46.9,23.84
2026-07-07,7503.85,2026-10-16,101.0,6510.0,1098.75,22.57,47.1,23.69
2026-07-07,7503.85,2026-10-16,101.0,6520.0,1089.5,22.5,47.75,23.61
2026-07-07,7503.85,2026-10-16,101.0,6525.0,1085.3,22.52,48.45,23.62
2026-07-07,7503.85,2026-10-16,101.0,6530.0,1080.25,22.42,48.3,23.51
2026-07-07,7503.85,2026-10-16,101.0,6540.0,1071.0,22.35,48.95,23.42
2026-07-07,7503.85,2026-10-16,101.0,6550.0,1062.2,22.34,50.0,23.38
2026-07-07,7503.85,2026-10-16,101.0,6560.0,1052.5,22.2,50.3,23.25
2026-07-07,7503.85,2026-10-16,101.0,6570.0,1043.3,22.13,50.95,23.15
2026-07-07,7503.85,2026-10-16,101.0,6575.0,1039.15,22.15,51.65,23.16
2026-07-07,7503.85,2026-10-16,101.0,6580.0,1034.1,22.05,51.6,23.06
2026-07-07,7503.85,2026-10-16,101.0,6590.0,1024.9,21.98,52.3,22.97
2026-07-07,7503.85,2026-10-16,101.0,6600.0,1016.15,21.96,53.4,22.94
2026-07-07,7503.85,2026-10-16,101.0,6610.0,1006.5,21.82,53.7,22.79
2026-07-07,7503.85,2026-10-16,101.0,6620.0,997.5,21.77,54.3,22.69
2026-07-07,7503.85,2026-10-16,101.0,6625.0,993.25,21.78,55.15,22.71
2026-07-07,7503.85,2026-10-16,101.0,6630.0,988.2,21.68,55.1,22.61
2026-07-07,7503.85,2026-10-16,101.0,6640.0,979.0,21.59,55.75,22.51
2026-07-07,7503.85,2026-10-16,101.0,6650.0,970.4,21.59,57.0,22.48
2026-07-07,7503.85,2026-10-16,101.0,6660.0,960.75,21.44,57.3,22.34
2026-07-07,7503.85,2026-10-16,101.0,6670.0,951.8,21.39,58.1,22.25
2026-07-07,7503.85,2026-10-16,101.0,6675.0,947.65,21.4,58.9,22.25
2026-07-07,7503.85,2026-10-16,101.0,6680.0,942.7,21.31,58.8,22.15
2026-07-07,7503.85,2026-10-16,101.0,6690.0,933.45,21.21,59.7,22.07
2026-07-07,7503.85,2026-10-16,101.0,6700.0,924.9,21.2,60.9,22.03
2026-07-07,7503.85,2026-10-16,101.0,6710.0,915.45,21.08,61.25,21.88
2026-07-07,7503.85,2026-10-16,101.0,6720.0,906.25,20.98,62.0,21.78
2026-07-07,7503.85,2026-10-16,101.0,6725.0,902.3,21.01,63.0,21.81
2026-07-07,7503.85,2026-10-16,101.0,6730.0,897.35,20.92,62.95,21.71
2026-07-07,7503.85,2026-10-16,101.0,6740.0,888.15,20.82,63.8,21.62
2026-07-07,7503.85,2026-10-16,101.0,6750.0,879.8,20.82,65.1,21.57
2026-07-07,7503.85,2026-10-16,101.0,6760.0,870.15,20.67,65.55,21.44
2026-07-07,7503.85,2026-10-16,101.0,6770.0,861.15,20.59,66.45,21.35
2026-07-07,7503.85,2026-10-16,101.0,6775.0,857.3,20.62,67.4,21.35
2026-07-07,7503.85,2026-10-16,101.0,6780.0,852.25,20.52,67.35,21.25
2026-07-07,7503.85,2026-10-16,101.0,6790.0,843.25,20.43,68.25,21.16
2026-07-07,7503.85,2026-10-16,101.0,6800.0,834.95,20.43,69.7,21.12
2026-07-07,7503.85,2026-10-16,101.0,6810.0,825.55,20.3,70.15,20.98
2026-07-07,7503.85,2026-10-16,101.0,6820.0,816.65,20.22,71.2,20.9
2026-07-07,7503.85,2026-10-16,101.0,6825.0,812.65,20.23,72.15,20.9
2026-07-07,7503.85,2026-10-16,101.0,6830.0,807.6,20.12,72.1,20.8
2026-07-07,7503.85,2026-10-16,101.0,6840.0,798.7,20.04,73.1,20.71
2026-07-07,7503.85,2026-10-16,101.0,6850.0,790.55,20.04,74.7,20.68
2026-07-07,7503.85,2026-10-16,101.0,6860.0,781.0,19.88,75.2,20.53
2026-07-07,7503.85,2026-10-16,101.0,6870.0,772.2,19.81,76.25,20.44
2026-07-07,7503.85,2026-10-16,101.0,6875.0,768.45,19.83,77.3,20.45
2026-07-07,7503.85,2026-10-16,101.0,6880.0,763.4,19.73,77.3,20.35
2026-07-07,7503.85,2026-10-16,101.0,6890.0,754.6,19.65,78.4,20.26
2026-07-07,7503.85,2026-10-16,101.0,6900.0,746.5,19.64,80.05,20.22
2026-07-07,7503.85,2026-10-16,101.0,6910.0,737.15,19.5,80.65,20.08
2026-07-07,7503.85,2026-10-16,101.0,6920.0,728.3,19.4,81.8,19.99
2026-07-07,7503.85,2026-10-16,101.0,6925.0,724.7,19.44,82.9,20.0
2026-07-07,7503.85,2026-10-16,101.0,6930.0,719.6,19.33,82.95,19.9
2026-07-07,7503.85,2026-10-16,101.0,6940.0,710.9,19.25,84.15,19.81
2026-07-07,7503.85,2026-10-16,101.0,6950.0,702.95,19.24,85.9,19.77
2026-07-07,7503.85,2026-10-16,101.0,6960.0,693.6,19.09,86.55,19.63
2026-07-07,7503.85,2026-10-16,101.0,6970.0,685.0,19.01,87.8,19.54
2026-07-07,7503.85,2026-10-16,101.0,6975.0,681.45,19.04,89.05,19.55
2026-07-07,7503.85,2026-10-16,101.0,6980.0,676.4,18.93,89.1,19.45
2026-07-07,7503.85,2026-10-16,101.0,6990.0,667.8,18.85,90.35,19.36
2026-07-07,7503.85,2026-10-16,101.0,7000.0,659.95,18.84,92.3,19.32
2026-07-07,7503.85,2026-10-16,101.0,7010.0,650.7,18.69,92.95,19.17
2026-07-07,7503.85,2026-10-16,101.0,7020.0,642.15,18.61,94.35,19.08
2026-07-07,7503.85,2026-10-16,101.0,7025.0,638.45,18.62,95.7,19.1
2026-07-07,7503.85,2026-10-16,101.0,7030.0,633.65,18.53,95.75,19.0
2026-07-07,7503.85,2026-10-16,101.0,7040.0,625.25,18.45,97.1,18.9
2026-07-07,7503.85,2026-10-16,101.0,7050.0,617.55,18.44,99.25,18.87
2026-07-07,7503.85,2026-10-16,101.0,7060.0,608.35,18.29,100.05,18.73
2026-07-07,7503.85,2026-10-16,101.0,7070.0,599.95,18.21,101.5,18.63
2026-07-07,7503.85,2026-10-16,101.0,7075.0,596.5,18.23,102.95,18.65
2026-07-07,7503.85,2026-10-16,101.0,7080.0,591.55,18.12,103.05,18.55
2026-07-07,7503.85,2026-10-16,101.0,7090.0,583.2,18.04,104.6,18.46
2026-07-07,7503.85,2026-10-16,101.0,7100.0,575.75,18.03,106.85,18.42
2026-07-07,7503.85,2026-10-16,101.0,7110.0,566.6,17.88,107.8,18.28
2026-07-07,7503.85,2026-10-16,101.0,7120.0,558.45,17.81,109.4,18.19
2026-07-07,7503.85,2026-10-16,101.0,7125.0,555.05,17.83,110.85,18.19
2026-07-07,7503.85,2026-10-16,101.0,7130.0,550.1,17.72,111.0,18.09
2026-07-07,7503.85,2026-10-16,101.0,7140.0,542.05,17.65,112.7,18.0
2026-07-07,7503.85,2026-10-16,101.0,7150.0,534.65,17.63,115.15,17.97
2026-07-07,7503.85,2026-10-16,101.0,7160.0,525.7,17.48,116.25,17.83
2026-07-07,7503.85,2026-10-16,101.0,7170.0,517.6,17.4,117.95,17.74
2026-07-07,7503.85,2026-10-16,101.0,7175.0,514.4,17.43,119.6,17.75
2026-07-07,7503.85,2026-10-16,101.0,7180.0,509.5,17.32,119.9,17.66
2026-07-07,7503.85,2026-10-16,101.0,7190.0,501.5,17.24,121.65,17.56
2026-07-07,7503.85,2026-10-16,101.0,7200.0,494.4,17.23,124.35,17.53
2026-07-07,7503.85,2026-10-16,101.0,7210.0,485.6,17.09,125.45,17.38
2026-07-07,7503.85,2026-10-16,101.0,7215.0,481.6,17.04,126.45,17.34
2026-07-07,7503.85,2026-10-16,101.0,7220.0,477.6,17.0,127.4,17.29
2026-07-07,7503.85,2026-10-16,101.0,7225.0,474.6,17.03,129.15,17.3
2026-07-07,7503.85,2026-10-16,101.0,7230.0,469.75,16.92,129.45,17.21
2026-07-07,7503.85,2026-10-16,101.0,7235.0,465.9,16.89,130.45,17.16
2026-07-07,7503.85,2026-10-16,101.0,7240.0,461.9,16.84,131.45,17.12
2026-07-07,7503.85,2026-10-16,101.0,7245.0,458.1,16.81,132.45,17.07
2026-07-07,7503.85,2026-10-16,101.0,7250.0,455.0,16.83,134.35,17.09
2026-07-07,7503.85,2026-10-16,101.0,7255.0,450.25,16.73,134.55,16.98
2026-07-07,7503.85,2026-10-16,101.0,7260.0,446.35,16.69,135.65,16.94
2026-07-07,7503.85,2026-10-16,101.0,7265.0,442.5,16.65,136.75,16.9
2026-07-07,7503.85,2026-10-16,101.0,7270.0,438.6,16.61,137.75,16.85
2026-07-07,7503.85,2026-10-16,101.0,7275.0,435.8,16.64,139.7,16.86
2026-07-07,7503.85,2026-10-16,101.0,7280.0,431.0,16.53,140.0,16.76
2026-07-07,7503.85,2026-10-16,101.0,7285.0,427.1,16.49,141.05,16.71
2026-07-07,7503.85,2026-10-16,101.0,7290.0,423.3,16.45,142.25,16.67
2026-07-07,7503.85,2026-10-16,101.0,7295.0,419.5,16.41,143.35,16.63
2026-07-07,7503.85,2026-10-16,101.0,7300.0,416.75,16.44,145.3,16.64
2026-07-07,7503.85,2026-10-16,101.0,7305.0,412.05,16.34,145.7,16.54
2026-07-07,7503.85,2026-10-16,101.0,7310.0,408.15,16.29,146.85,16.5
2026-07-07,7503.85,2026-10-16,101.0,7315.0,404.4,16.25,148.05,16.45
2026-07-07,7503.85,2026-10-16,101.0,7320.0,400.65,16.21,149.25,16.41
2026-07-07,7503.85,2026-10-16,101.0,7325.0,398.0,16.25,151.3,16.42
2026-07-07,7503.85,2026-10-16,101.0,7330.0,393.35,16.15,151.7,16.32
2026-07-07,7503.85,2026-10-16,101.0,7335.0,389.6,16.1,152.9,16.28
2026-07-07,7503.85,2026-10-16,101.0,7340.0,385.75,16.05,154.1,16.23
2026-07-07,7503.85,2026-10-16,101.0,7345.0,382.15,16.02,155.4,16.19
2026-07-07,7503.85,2026-10-16,101.0,7350.0,379.5,16.05,157.5,16.2
2026-07-07,7503.85,2026-10-16,101.0,7355.0,374.75,15.94,157.95,16.1
2026-07-07,7503.85,2026-10-16,101.0,7360.0,371.25,15.91,159.2,16.06
2026-07-07,7503.85,2026-10-16,101.0,7365.0,367.55,15.87,160.55,16.02
2026-07-07,7503.85,2026-10-16,101.0,7370.0,363.95,15.83,161.9,15.97
2026-07-07,7503.85,2026-10-16,101.0,7375.0,361.35,15.86,164.1,15.99
2026-07-07,7503.85,2026-10-16,101.0,7380.0,356.75,15.76,164.5,15.88
2026-07-07,7503.85,2026-10-16,101.0,7385.0,353.25,15.72,165.95,15.84
2026-07-07,7503.85,2026-10-16,101.0,7390.0,349.7,15.69,167.3,15.8
2026-07-07,7503.85,2026-10-16,101.0,7395.0,346.05,15.64,168.7,15.76
2026-07-07,7503.85,2026-10-16,101.0,7400.0,343.55,15.67,171.0,15.77
2026-07-07,7503.85,2026-10-16,101.0,7405.0,339.05,15.57,171.45,15.66
2026-07-07,7503.85,2026-10-16,101.0,7410.0,335.55,15.53,173.0,15.63
2026-07-07,7503.85,2026-10-16,101.0,7415.0,332.05,15.49,174.4,15.58
2026-07-07,7503.85,2026-10-16,101.0,7420.0,328.5,15.45,175.9,15.54
2026-07-07,7503.85,2026-10-16,101.0,7425.0,326.15,15.49,178.2,15.55
2026-07-07,7503.85,2026-10-16,101.0,7430.0,321.75,15.39,178.7,15.45
2026-07-07,7503.85,2026-10-16,101.0,7435.0,318.25,15.35,180.3,15.41
2026-07-07,7503.85,2026-10-16,101.0,7440.0,314.8,15.31,181.75,15.36
2026-07-07,7503.85,2026-10-16,101.0,7445.0,311.4,15.27,183.4,15.33
2026-07-07,7503.85,2026-10-16,101.0,7450.0,309.05,15.3,185.75,15.34
2026-07-07,7503.85,2026-10-16,101.0,7455.0,304.75,15.21,186.5,15.24
2026-07-07,7503.85,2026-10-16,101.0,7460.0,301.3,15.16,188.1,15.2
2026-07-07,7503.85,2026-10-16,101.0,7465.0,298.05,15.13,189.7,15.16
2026-07-07,7503.85,2026-10-16,101.0,7470.0,294.65,15.09,191.3,15.11
2026-07-07,7503.85,2026-10-16,101.0,7475.0,292.35,15.12,193.8,15.13
2026-07-07,7503.85,2026-10-16,101.0,7480.0,288.05,15.02,194.6,15.03
2026-07-07,7503.85,2026-10-16,101.0,7485.0,284.7,14.98,196.25,14.98
2026-07-07,7503.85,2026-10-16,101.0,7490.0,281.5,14.95,197.9,14.94
2026-07-07,7503.85,2026-10-16,101.0,7495.0,278.35,14.92,199.6,14.9
2026-07-07,7503.85,2026-10-16,101.0,7500.0,276.05,14.94,202.15,14.91
2026-07-07,7503.85,2026-10-16,101.0,7505.0,271.9,14.85,202.95,14.81
2026-07-07,7503.85,2026-10-16,101.0,7510.0,268.7,14.81,204.85,14.77
2026-07-07,7503.85,2026-10-16,101.0,7515.0,265.45,14.77,206.45,14.72
2026-07-07,7503.85,2026-10-16,101.0,7520.0,262.3,14.74,208.25,14.68
2026-07-07,7503.85,2026-10-16,101.0,7525.0,260.25,14.77,211.05,14.7
2026-07-07,7503.85,2026-10-16,101.0,7530.0,256.05,14.67,212.0,14.6
2026-07-07,7503.85,2026-10-16,101.0,7535.0,252.95,14.63,213.75,14.56
2026-07-07,7503.85,2026-10-16,101.0,7540.0,249.95,14.6,215.7,14.52
2026-07-07,7503.85,2026-10-16,101.0,7545.0,246.8,14.56,217.45,14.47
2026-07-07,7503.85,2026-10-16,101.0,7550.0,244.85,14.6,220.35,14.49
2026-07-07,7503.85,2026-10-16,101.0,7555.0,240.8,14.5,221.35,14.39
2026-07-07,7503.85,2026-10-16,101.0,7560.0,237.8,14.47,223.35,14.35
2026-07-07,7503.85,2026-10-16,101.0,7565.0,234.8,14.43,225.2,14.31
2026-07-07,7503.85,2026-10-16,101.0,7570.0,231.75,14.39,227.2,14.27
2026-07-07,7503.85,2026-10-16,101.0,7575.0,229.95,14.43,230.15,14.29
2026-07-07,7503.85,2026-10-16,101.0,7580.0,225.8,14.32,231.25,14.18
2026-07-07,7503.85,2026-10-16,101.0,7585.0,223.0,14.3,233.15,14.13
2026-07-07,7503.85,2026-10-16,101.0,7590.0,220.2,14.27,235.35,14.1
2026-07-07,7503.85,2026-10-16,101.0,7595.0,217.2,14.23,237.25,14.05
2026-07-07,7503.85,2026-10-16,101.0,7600.0,215.45,14.27,240.35,14.07
2026-07-07,7503.85,2026-10-16,101.0,7605.0,211.6,14.17,241.5,13.97
2026-07-07,7503.85,2026-10-16,101.0,7610.0,208.8,14.14,243.75,13.93
2026-07-07,7503.85,2026-10-16,101.0,7615.0,206.0,14.11,245.8,13.88
2026-07-07,7503.85,2026-10-16,101.0,7620.0,203.15,14.07,248.0,13.84
2026-07-07,7503.85,2026-10-16,101.0,7625.0,201.55,14.11,251.15,13.86
2026-07-07,7503.85,2026-10-16,101.0,7630.0,197.75,14.01,252.35,13.76
2026-07-07,7503.85,2026-10-16,101.0,7635.0,195.15,13.99,254.6,13.71
2026-07-07,7503.85,2026-10-16,101.0,7640.0,192.35,13.95,256.9,13.68
2026-07-07,7503.85,2026-10-16,101.0,7645.0,189.75,13.92,259.25,13.64
2026-07-07,7503.85,2026-10-16,101.0,7650.0,188.15,13.96,262.45,13.66
2026-07-07,7503.85,2026-10-16,101.0,7655.0,184.45,13.86,263.8,13.55
2026-07-07,7503.85,2026-10-16,101.0,7660.0,181.65,13.82,266.2,13.51
2026-07-07,7503.85,2026-10-16,101.0,7670.0,176.75,13.77,270.9,13.42
2026-07-07,7503.85,2026-10-16,101.0,7675.0,175.25,13.81,274.25,13.44
2026-07-07,7503.85,2026-10-16,101.0,7680.0,171.6,13.71,275.65,13.33
2026-07-07,7503.85,2026-10-16,101.0,7690.0,166.65,13.65,280.65,13.25
2026-07-07,7503.85,2026-10-16,101.0,7700.0,162.9,13.67,286.65,13.23
2026-07-07,7503.85,2026-10-16,101.0,7710.0,157.1,13.55,290.75,13.07
2026-07-07,7503.85,2026-10-16,101.0,7720.0,152.3,13.48,295.9,12.98
2026-07-07,7503.85,2026-10-16,101.0,7725.0,151.15,13.53,299.55,13.0
2026-07-07,7503.85,2026-10-16,101.0,7730.0,147.8,13.44,301.2,12.89
2026-07-07,7503.85,2026-10-16,101.0,7740.0,143.3,13.39,306.7,12.8
2026-07-07,7503.85,2026-10-16,101.0,7750.0,139.95,13.4,313.05,12.78
2026-07-07,7503.85,2026-10-16,101.0,7760.0,134.55,13.28,317.7,12.62
2026-07-07,7503.85,2026-10-16,101.0,7770.0,130.35,13.23,323.25,12.52
2026-07-07,7503.85,2026-10-16,101.0,7775.0,129.3,13.28,327.05,12.54
2026-07-07,7503.85,2026-10-16,101.0,7780.0,126.15,13.18,329.05,12.42
2026-07-07,7503.85,2026-10-16,101.0,7790.0,122.15,13.14,334.95,12.32
2026-07-07,7503.85,2026-10-16,101.0,7800.0,119.2,13.16,341.7,12.27
2026-07-07,7503.85,2026-10-16,101.0,7810.0,114.4,13.05,346.9,12.09
2026-07-07,7503.85,2026-10-16,101.0,7820.0,110.6,13.0,353.1,11.99
2026-07-07,7503.85,2026-10-16,101.0,7825.0,109.7,13.05,356.9,11.99
2026-07-07,7503.85,2026-10-16,101.0,7830.0,106.95,12.96,359.1,11.86
2026-07-07,7503.85,2026-10-16,101.0,7840.0,103.35,12.92,365.55,11.75
2026-07-07,7503.85,2026-10-16,101.0,7850.0,100.8,12.95,372.65,11.69
2026-07-07,7503.85,2026-10-16,101.0,7860.0,96.5,12.84,378.35,11.47
2026-07-07,7503.85,2026-10-16,101.0,7870.0,93.2,12.81,385.05,11.32
2026-07-07,7503.85,2026-10-16,101.0,7875.0,92.45,12.85,389.3,11.34
2026-07-07,7503.85,2026-10-16,101.0,7880.0,89.95,12.77,391.7,11.16
2026-07-07,7503.85,2026-10-16,101.0,7890.0,86.75,12.72,398.45,10.97
2026-07-07,7503.85,2026-10-16,101.0,7900.0,84.65,12.76,406.2,10.86
2026-07-07,7503.85,2026-10-16,101.0,7910.0,80.75,12.66,412.25,10.48
2026-07-07,7503.85,2026-10-16,101.0,7920.0,77.95,12.63,419.25,10.13
2026-07-07,7503.85,2026-10-16,101.0,7925.0,77.35,12.68,423.65,10.07
2026-07-07,7503.85,2026-10-16,101.0,7930.0,75.2,12.6,426.3,9.54
2026-07-07,7503.85,2026-10-16,101.0,7940.0,72.45,12.57,,
2026-07-07,7503.85,2026-10-16,101.0,7950.0,70.65,12.61,,
2026-07-07,7503.85,2026-10-16,101.0,7960.0,67.3,12.51,,
2026-07-07,7503.85,2026-10-16,101.0,7970.0,64.8,12.48,,
2026-07-07,7503.85,2026-10-16,101.0,7975.0,64.35,12.53,,
2026-07-07,7503.85,2026-10-16,101.0,7980.0,62.4,12.46,,
2026-07-07,7503.85,2026-10-16,101.0,7990.0,60.05,12.43,,
2026-07-07,7503.85,2026-10-16,101.0,8000.0,58.55,12.47,,
2026-07-07,7503.85,2026-10-16,101.0,8010.0,55.6,12.38,,
2026-07-07,7503.85,2026-10-16,101.0,8020.0,53.4,12.35,,
2026-07-07,7503.85,2026-10-16,101.0,8025.0,53.2,12.41,,
2026-07-07,7503.85,2026-10-16,101.0,8030.0,51.35,12.32,,
2026-07-07,7503.85,2026-10-16,101.0,8040.0,49.4,12.3,,
2026-07-07,7503.85,2026-10-16,101.0,8050.0,48.25,12.36,,
2026-07-07,7503.85,2026-10-16,101.0,8075.0,43.7,12.31,,
2026-07-07,7503.85,2026-10-16,101.0,8100.0,39.5,12.26,,
2026-07-07,7503.85,2026-10-16,101.0,8125.0,35.65,12.21,,
2026-07-07,7503.85,2026-10-16,101.0,8150.0,32.1,12.17,,
2026-07-07,7503.85,2026-10-16,101.0,8175.0,28.4,12.07,,
2026-07-07,7503.85,2026-10-16,101.0,8200.0,25.95,12.1,,
2026-07-07,7503.85,2026-10-16,101.0,8225.0,22.8,12.0,,
2026-07-07,7503.85,2026-10-16,101.0,8250.0,20.95,12.05,,
2026-07-07,7503.85,2026-10-16,101.0,8275.0,18.3,11.95,,
2026-07-07,7503.85,2026-10-16,101.0,8300.0,16.75,12.0,,
2026-07-07,7503.85,2026-10-16,101.0,8325.0,14.75,11.94,,
2026-07-07,7503.85,2026-10-16,101.0,8350.0,13.45,11.98,,
2026-07-07,7503.85,2026-10-30,115.0,5650.0,1928.9,27.18,22.1,31.34
2026-07-07,7503.85,2026-10-30,115.0,5700.0,1880.7,27.0,23.2,30.85
2026-07-07,7503.85,2026-10-30,115.0,5750.0,1832.55,26.79,24.35,30.37
2026-07-07,7503.85,2026-10-30,115.0,5800.0,1784.55,26.59,25.65,29.91
2026-07-07,7503.85,2026-10-30,115.0,5850.0,1736.55,26.34,26.95,29.43
2026-07-07,7503.85,2026-10-30,115.0,5875.0,1712.65,26.24,27.65,29.2
2026-07-07,7503.85,2026-10-30,115.0,5900.0,1688.7,26.1,28.4,28.97
2026-07-07,7503.85,2026-10-30,115.0,5925.0,1664.8,25.97,29.15,28.74
2026-07-07,7503.85,2026-10-30,115.0,5950.0,1640.95,25.85,29.9,28.51
2026-07-07,7503.85,2026-10-30,115.0,5975.0,1617.1,25.71,30.7,28.28
2026-07-07,7503.85,2026-10-30,115.0,6000.0,1593.25,25.56,31.6,28.06
2026-07-07,7503.85,2026-10-30,115.0,6025.0,1569.5,25.43,32.4,27.82
2026-07-07,7503.85,2026-10-30,115.0,6050.0,1545.75,25.3,33.3,27.6
2026-07-07,7503.85,2026-10-30,115.0,6075.0,1522.05,25.16,34.25,27.38
2026-07-07,7503.85,2026-10-30,115.0,6100.0,1498.35,25.01,35.2,27.16
2026-07-07,7503.85,2026-10-30,115.0,6125.0,1474.65,24.85,36.2,26.94
2026-07-07,7503.85,2026-10-30,115.0,6150.0,1451.05,24.71,37.2,26.71
2026-07-07,7503.85,2026-10-30,115.0,6175.0,1427.45,24.56,38.3,26.5
2026-07-07,7503.85,2026-10-30,115.0,6200.0,1403.95,24.41,39.4,26.28
2026-07-07,7503.85,2026-10-30,115.0,6225.0,1380.45,24.26,40.5,26.05
2026-07-07,7503.85,2026-10-30,115.0,6250.0,1356.95,24.1,41.7,25.83
2026-07-07,7503.85,2026-10-30,115.0,6275.0,1333.55,23.95,42.9,25.61
2026-07-07,7503.85,2026-10-30,115.0,6300.0,1310.15,23.79,44.2,25.4
2026-07-07,7503.85,2026-10-30,115.0,6325.0,1286.85,23.63,45.5,25.18
2026-07-07,7503.85,2026-10-30,115.0,6350.0,1263.55,23.47,46.85,24.97
2026-07-07,7503.85,2026-10-30,115.0,6375.0,1243.3,23.77,48.25,24.75
2026-07-07,7503.85,2026-10-30,115.0,6400.0,1220.1,23.6,49.7,24.53
2026-07-07,7503.85,2026-10-30,115.0,6425.0,1197.0,23.42,51.2,24.32
2026-07-07,7503.85,2026-10-30,115.0,6450.0,1173.9,23.24,52.8,24.11
2026-07-07,7503.85,2026-10-30,115.0,6475.0,1150.85,23.06,54.4,23.89
2026-07-07,7503.85,2026-10-30,115.0,6500.0,1127.85,22.88,56.05,23.67
2026-07-07,7503.85,2026-10-30,115.0,6525.0,1104.95,22.7,57.8,23.46
2026-07-07,7503.85,2026-10-30,115.0,6550.0,1082.05,22.51,59.6,23.25
2026-07-07,7503.85,2026-10-30,115.0,6575.0,1059.25,22.32,61.45,23.04
2026-07-07,7503.85,2026-10-30,115.0,6600.0,1036.5,22.14,63.35,22.82
2026-07-07,7503.85,2026-10-30,115.0,6625.0,1013.85,21.95,65.35,22.61
2026-07-07,7503.85,2026-10-30,115.0,6650.0,991.25,21.77,67.45,22.4
2026-07-07,7503.85,2026-10-30,115.0,6675.0,968.7,21.58,69.55,22.18
2026-07-07,7503.85,2026-10-30,115.0,6700.0,946.3,21.39,71.8,21.97
2026-07-07,7503.85,2026-10-30,115.0,6725.0,923.95,21.2,74.05,21.75
2026-07-07,7503.85,2026-10-30,115.0,6750.0,901.65,21.01,76.45,21.54
2026-07-07,7503.85,2026-10-30,115.0,6775.0,879.45,20.82,78.9,21.32
2026-07-07,7503.85,2026-10-30,115.0,6800.0,857.35,20.63,81.5,21.11
2026-07-07,7503.85,2026-10-30,115.0,6825.0,835.4,20.44,84.1,20.89
2026-07-07,7503.85,2026-10-30,115.0,6850.0,813.5,20.25,86.9,20.68
2026-07-07,7503.85,2026-10-30,115.0,6860.0,804.7,20.17,88.0,20.59
2026-07-07,7503.85,2026-10-30,115.0,6870.0,796.0,20.09,89.2,20.51
2026-07-07,7503.85,2026-10-30,115.0,6875.0,791.65,20.05,89.7,20.46
2026-07-07,7503.85,2026-10-30,115.0,6880.0,787.35,20.02,90.3,20.42
2026-07-07,7503.85,2026-10-30,115.0,6890.0,778.65,19.94,91.5,20.33
2026-07-07,7503.85,2026-10-30,115.0,6900.0,769.95,19.86,92.7,20.25
2026-07-07,7503.85,2026-10-30,115.0,6910.0,761.35,19.78,93.9,20.16
2026-07-07,7503.85,2026-10-30,115.0,6920.0,752.75,19.71,95.2,20.08
2026-07-07,7503.85,2026-10-30,115.0,6925.0,748.45,19.67,95.8,20.03
2026-07-07,7503.85,2026-10-30,115.0,6930.0,744.15,19.63,96.5,20.0
2026-07-07,7503.85,2026-10-30,115.0,6940.0,735.55,19.55,97.7,19.9
2026-07-07,7503.85,2026-10-30,115.0,6950.0,726.95,19.47,99.0,19.82
2026-07-07,7503.85,2026-10-30,115.0,6960.0,718.45,19.4,100.3,19.73
2026-07-07,7503.85,2026-10-30,115.0,6970.0,709.9,19.32,101.7,19.65
2026-07-07,7503.85,2026-10-30,115.0,6975.0,705.65,19.28,102.35,19.6
2026-07-07,7503.85,2026-10-30,115.0,6980.0,701.4,19.24,103.0,19.56
2026-07-07,7503.85,2026-10-30,115.0,6990.0,692.9,19.16,104.4,19.47
2026-07-07,7503.85,2026-10-30,115.0,7000.0,684.45,19.08,105.8,19.39
2026-07-07,7503.85,2026-10-30,115.0,7010.0,676.0,19.0,107.25,19.3
2026-07-07,7503.85,2026-10-30,115.0,7020.0,667.6,18.93,108.7,19.22
2026-07-07,7503.85,2026-10-30,115.0,7025.0,663.4,18.89,109.45,19.17
2026-07-07,7503.85,2026-10-30,115.0,7030.0,659.25,18.85,110.15,19.13
2026-07-07,7503.85,2026-10-30,115.0,7040.0,650.9,18.78,111.65,19.04
2026-07-07,7503.85,2026-10-30,115.0,7050.0,642.5,18.69,113.2,18.96
2026-07-07,7503.85,2026-10-30,115.0,7060.0,634.2,18.62,114.75,18.87
2026-07-07,7503.85,2026-10-30,115.0,7070.0,625.95,18.54,116.3,18.78
2026-07-07,7503.85,2026-10-30,115.0,7075.0,621.8,18.5,117.1,18.74
2026-07-07,7503.85,2026-10-30,115.0,7080.0,617.65,18.46,117.9,18.7
2026-07-07,7503.85,2026-10-30,115.0,7090.0,609.45,18.38,119.55,18.62
2026-07-07,7503.85,2026-10-30,115.0,7100.0,601.25,18.31,121.1,18.52
2026-07-07,7503.85,2026-10-30,115.0,7110.0,593.05,18.23,122.85,18.44
2026-07-07,7503.85,2026-10-30,115.0,7120.0,584.85,18.15,124.55,18.35
2026-07-07,7503.85,2026-10-30,115.0,7125.0,580.85,18.11,125.45,18.31
2026-07-07,7503.85,2026-10-30,115.0,7130.0,576.75,18.07,126.3,18.27
2026-07-07,7503.85,2026-10-30,115.0,7140.0,568.7,18.0,128.05,18.18
2026-07-07,7503.85,2026-10-30,115.0,7150.0,560.6,17.92,129.85,18.1
2026-07-07,7503.85,2026-10-30,115.0,7160.0,552.6,17.84,131.75,18.02
2026-07-07,7503.85,2026-10-30,115.0,7170.0,544.6,17.76,133.55,17.93
2026-07-07,7503.85,2026-10-30,115.0,7175.0,540.6,17.72,134.55,17.89
2026-07-07,7503.85,2026-10-30,115.0,7180.0,536.6,17.68,135.45,17.84
2026-07-07,7503.85,2026-10-30,115.0,7190.0,528.65,17.61,137.35,17.76
2026-07-07,7503.85,2026-10-30,115.0,7200.0,520.75,17.53,139.35,17.67
2026-07-07,7503.85,2026-10-30,115.0,7210.0,512.9,17.45,141.35,17.59
2026-07-07,7503.85,2026-10-30,115.0,7220.0,505.05,17.38,143.35,17.5
2026-07-07,7503.85,2026-10-30,115.0,7225.0,501.15,17.34,144.45,17.46
2026-07-07,7503.85,2026-10-30,115.0,7230.0,497.25,17.3,145.45,17.42
2026-07-07,7503.85,2026-10-30,115.0,7240.0,489.5,17.22,147.55,17.33
2026-07-07,7503.85,2026-10-30,115.0,7250.0,481.7,17.14,149.65,17.25
2026-07-07,7503.85,2026-10-30,115.0,7260.0,474.05,17.07,151.85,17.16
2026-07-07,7503.85,2026-10-30,115.0,7270.0,466.35,16.99,154.1,17.08
2026-07-07,7503.85,2026-10-30,115.0,7275.0,462.55,16.95,155.2,17.04
2026-07-07,7503.85,2026-10-30,115.0,7280.0,458.75,16.91,156.35,17.0
2026-07-07,7503.85,2026-10-30,115.0,7290.0,451.2,16.84,158.65,16.91
2026-07-07,7503.85,2026-10-30,115.0,7300.0,443.65,16.76,160.95,16.82
2026-07-07,7503.85,2026-10-30,115.0,7310.0,436.2,16.69,163.35,16.74
2026-07-07,7503.85,2026-10-30,115.0,7320.0,428.8,16.61,165.8,16.66
2026-07-07,7503.85,2026-10-30,115.0,7325.0,425.1,16.58,167.0,16.61
2026-07-07,7503.85,2026-10-30,115.0,7330.0,421.4,16.54,168.25,16.57
2026-07-07,7503.85,2026-10-30,115.0,7340.0,414.05,16.46,170.75,16.49
2026-07-07,7503.85,2026-10-30,115.0,7350.0,406.75,16.39,173.3,16.4
2026-07-07,7503.85,2026-10-30,115.0,7360.0,399.5,16.32,175.9,16.32
2026-07-07,7503.85,2026-10-30,115.0,7370.0,392.3,16.24,178.6,16.24
2026-07-07,7503.85,2026-10-30,115.0,7375.0,388.7,16.21,179.9,16.19
2026-07-07,7503.85,2026-10-30,115.0,7380.0,385.15,16.17,181.3,16.15
2026-07-07,7503.85,2026-10-30,115.0,7390.0,378.0,16.1,184.0,16.07
2026-07-07,7503.85,2026-10-30,115.0,7400.0,371.0,16.03,186.85,15.99
2026-07-07,7503.85,2026-10-30,115.0,7410.0,364.0,15.95,189.7,15.9
2026-07-07,7503.85,2026-10-30,115.0,7420.0,357.05,15.88,192.6,15.82
2026-07-07,7503.85,2026-10-30,115.0,7425.0,353.5,15.84,194.1,15.78
2026-07-07,7503.85,2026-10-30,115.0,7430.0,350.15,15.81,195.6,15.74
2026-07-07,7503.85,2026-10-30,115.0,7440.0,343.3,15.74,198.6,15.65
2026-07-07,7503.85,2026-10-30,115.0,7450.0,336.5,15.67,201.7,15.57
2026-07-07,7503.85,2026-10-30,115.0,7460.0,329.8,15.6,204.8,15.49
2026-07-07,7503.85,2026-10-30,115.0,7470.0,323.15,15.53,208.0,15.41
2026-07-07,7503.85,2026-10-30,115.0,7475.0,319.8,15.49,209.65,15.37
2026-07-07,7503.85,2026-10-30,115.0,7480.0,316.5,15.46,211.25,15.32
2026-07-07,7503.85,2026-10-30,115.0,7490.0,309.95,15.39,214.6,15.24
2026-07-07,7503.85,2026-10-30,115.0,7500.0,303.5,15.32,217.95,15.16
2026-07-07,7503.85,2026-10-30,115.0,7510.0,297.05,15.25,221.4,15.08
2026-07-07,7503.85,2026-10-30,115.0,7520.0,290.75,15.19,224.9,15.0
2026-07-07,7503.85,2026-10-30,115.0,7525.0,287.55,15.15,226.7,14.96
2026-07-07,7503.85,2026-10-30,115.0,7530.0,284.45,15.12,228.5,14.92
2026-07-07,7503.85,2026-10-30,115.0,7540.0,278.2,15.05,232.1,14.83
2026-07-07,7503.85,2026-10-30,115.0,7550.0,272.05,14.99,235.9,14.76
2026-07-07,7503.85,2026-10-30,115.0,7560.0,265.95,14.92,239.6,14.67
2026-07-07,7503.85,2026-10-30,115.0,7570.0,259.95,14.86,243.45,14.59
2026-07-07,7503.85,2026-10-30,115.0,7575.0,256.95,14.83,245.4,14.55
2026-07-07,7503.85,2026-10-30,115.0,7580.0,254.0,14.8,247.35,14.51
2026-07-07,7503.85,2026-10-30,115.0,7590.0,248.15,14.73,251.35,14.43
2026-07-07,7503.85,2026-10-30,115.0,7600.0,242.3,14.67,255.4,14.35
2026-07-07,7503.85,2026-10-30,115.0,7610.0,236.55,14.61,259.5,14.26
2026-07-07,7503.85,2026-10-30,115.0,7620.0,230.95,14.55,263.7,14.18
2026-07-07,7503.85,2026-10-30,115.0,7625.0,228.15,14.52,265.85,14.14
2026-07-07,7503.85,2026-10-30,115.0,7630.0,225.35,14.49,268.0,14.1
2026-07-07,7503.85,2026-10-30,115.0,7640.0,219.85,14.43,272.35,14.02
2026-07-07,7503.85,2026-10-30,115.0,7650.0,214.4,14.37,276.7,13.93
2026-07-07,7503.85,2026-10-30,115.0,7660.0,209.05,14.31,281.3,13.86
2026-07-07,7503.85,2026-10-30,115.0,7670.0,203.75,14.25,285.85,13.77
2026-07-07,7503.85,2026-10-30,115.0,7675.0,201.15,14.22,288.2,13.73
2026-07-07,7503.85,2026-10-30,115.0,7680.0,198.6,14.2,290.55,13.69
2026-07-07,7503.85,2026-10-30,115.0,7690.0,193.45,14.14,295.3,13.61
2026-07-07,7503.85,2026-10-30,115.0,7700.0,188.45,14.09,300.15,13.52
2026-07-07,7503.85,2026-10-30,115.0,7710.0,183.5,14.03,305.05,13.44
2026-07-07,7503.85,2026-10-30,115.0,7720.0,178.6,13.98,310.05,13.35
2026-07-07,7503.85,2026-10-30,115.0,7725.0,176.2,13.95,312.55,13.3
2026-07-07,7503.85,2026-10-30,115.0,7730.0,173.8,13.92,315.1,13.26
2026-07-07,7503.85,2026-10-30,115.0,7740.0,169.1,13.87,320.25,13.17
2026-07-07,7503.85,2026-10-30,115.0,7750.0,164.5,13.82,325.5,13.09
2026-07-07,7503.85,2026-10-30,115.0,7760.0,159.95,13.77,330.8,13.0
2026-07-07,7503.85,2026-10-30,115.0,7770.0,155.5,13.72,336.2,12.91
2026-07-07,7503.85,2026-10-30,115.0,7775.0,153.3,13.7,338.95,12.86
2026-07-07,7503.85,2026-10-30,115.0,7780.0,151.1,13.67,341.7,12.82
2026-07-07,7503.85,2026-10-30,115.0,7790.0,146.8,13.63,347.3,12.72
2026-07-07,7503.85,2026-10-30,115.0,7800.0,142.6,13.58,352.9,12.61
2026-07-07,7503.85,2026-10-30,115.0,7810.0,138.5,13.54,358.65,12.51
2026-07-07,7503.85,2026-10-30,115.0,7820.0,134.35,13.48,364.5,12.4
2026-07-07,7503.85,2026-10-30,115.0,7825.0,132.45,13.47,367.4,12.34
2026-07-07,7503.85,2026-10-30,115.0,7830.0,130.5,13.45,370.4,12.29
2026-07-07,7503.85,2026-10-30,115.0,7840.0,126.6,13.4,376.35,12.18
2026-07-07,7503.85,2026-10-30,115.0,7850.0,122.8,13.36,382.4,12.07
2026-07-07,7503.85,2026-10-30,115.0,7860.0,119.1,13.32,388.65,11.96
2026-07-07,7503.85,2026-10-30,115.0,7870.0,115.5,13.28,394.8,11.81
2026-07-07,7503.85,2026-10-30,115.0,7875.0,113.65,13.25,398.0,11.75
2026-07-07,7503.85,2026-10-30,115.0,7880.0,111.95,13.24,401.15,11.67
2026-07-07,7503.85,2026-10-30,115.0,7900.0,105.15,13.17,414.05,11.36
2026-07-07,7503.85,2026-10-30,115.0,7925.0,97.05,13.08,430.65,10.84
2026-07-07,7503.85,2026-10-30,115.0,7950.0,89.45,12.99,447.75,9.95
2026-07-07,7503.85,2026-10-30,115.0,7975.0,82.4,12.92,,
2026-07-07,7503.85,2026-10-30,115.0,8000.0,75.75,12.85,,
2026-07-07,7503.85,2026-10-30,115.0,8025.0,69.55,12.78,,
2026-07-07,7503.85,2026-10-30,115.0,8050.0,63.8,12.72,,
2026-07-07,7503.85,2026-10-30,115.0,8075.0,58.4,12.66,,
2026-07-07,7503.85,2026-10-30,115.0,8100.0,53.45,12.61,,
2026-07-07,7503.85,2026-10-30,115.0,8125.0,48.8,12.56,,
2026-07-07,7503.85,2026-10-30,115.0,8150.0,44.55,12.51,,
2026-07-07,7503.85,2026-10-30,115.0,8175.0,40.6,12.47,,
2026-07-07,7503.85,2026-10-30,115.0,8200.0,36.95,12.43,,
2026-07-07,7503.85,2026-10-30,115.0,8225.0,33.5,12.39,,
2026-07-07,7503.85,2026-10-30,115.0,8250.0,30.45,12.36,,
2026-07-07,7503.85,2026-10-30,115.0,8275.0,27.6,12.32,,
2026-07-07,7503.85,2026-10-30,115.0,8300.0,25.0,12.29,,
2026-07-07,7503.85,2026-10-30,115.0,8325.0,22.6,12.26,,
2026-07-07,7503.85,2026-10-30,115.0,8350.0,20.45,12.24,,
2026-07-07,7503.85,2026-10-30,115.0,8375.0,18.55,12.23,,
2026-07-07,7503.85,2026-10-30,115.0,8400.0,16.8,12.23,,
2026-07-07,7503.85,2026-10-30,115.0,8450.0,13.7,12.2,,
2026-07-07,7503.85,2026-10-30,115.0,8500.0,11.25,12.21,,
2026-07-07,7503.85,2026-10-30,115.0,8600.0,7.6,12.26,,
2026-07-07,7503.85,2026-11-20,136.0,5650.0,1946.8,27.32,28.5,30.52
2026-07-07,7503.85,2026-11-20,136.0,5675.0,1922.95,27.22,29.2,30.3
2026-07-07,7503.85,2026-11-20,136.0,5700.0,1899.05,27.1,30.0,30.1
2026-07-07,7503.85,2026-11-20,136.0,5725.0,1875.2,26.99,30.6,29.85
2026-07-07,7503.85,2026-11-20,136.0,5750.0,1851.3,26.85,31.5,29.67
2026-07-07,7503.85,2026-11-20,136.0,5775.0,1827.55,26.74,32.15,29.42
2026-07-07,7503.85,2026-11-20,136.0,5800.0,1803.75,26.62,33.0,29.22
2026-07-07,7503.85,2026-11-20,136.0,5825.0,1780.0,26.49,33.8,29.0
2026-07-07,7503.85,2026-11-20,136.0,5850.0,1755.9,26.28,34.65,28.78
2026-07-07,7503.85,2026-11-20,136.0,5875.0,1732.55,26.23,35.55,28.57
2026-07-07,7503.85,2026-11-20,136.0,5900.0,1708.9,26.1,36.5,28.37
2026-07-07,7503.85,2026-11-20,136.0,5925.0,1684.5,25.8,37.4,28.15
2026-07-07,7503.85,2026-11-20,136.0,5950.0,1661.55,25.81,38.45,27.96
2026-07-07,7503.85,2026-11-20,136.0,5975.0,1638.05,25.69,39.45,27.75
2026-07-07,7503.85,2026-11-20,136.0,6000.0,1614.5,25.56,40.5,27.54
2026-07-07,7503.85,2026-11-20,136.0,6025.0,1590.95,25.41,41.5,27.32
2026-07-07,7503.85,2026-11-20,136.0,6050.0,1567.55,25.28,42.65,27.12
2026-07-07,7503.85,2026-11-20,136.0,6075.0,1544.05,25.13,43.85,26.93
2026-07-07,7503.85,2026-11-20,136.0,6100.0,1520.6,24.98,45.0,26.72
2026-07-07,7503.85,2026-11-20,136.0,6125.0,1497.25,24.84,46.2,26.51
2026-07-07,7503.85,2026-11-20,136.0,6150.0,1473.9,24.69,47.45,26.31
2026-07-07,7503.85,2026-11-20,136.0,6175.0,1450.6,24.54,48.65,26.09
2026-07-07,7503.85,2026-11-20,136.0,6200.0,1427.4,24.4,50.05,25.9
2026-07-07,7503.85,2026-11-20,136.0,6225.0,1404.15,24.24,51.4,25.69
2026-07-07,7503.85,2026-11-20,136.0,6250.0,1380.9,24.08,52.8,25.49
2026-07-07,7503.85,2026-11-20,136.0,6275.0,1357.85,23.93,54.35,25.3
2026-07-07,7503.85,2026-11-20,136.0,6300.0,1334.85,23.79,55.75,25.08
2026-07-07,7503.85,2026-11-20,136.0,6325.0,1311.75,23.62,57.35,24.89
2026-07-07,7503.85,2026-11-20,136.0,6350.0,1288.85,23.48,58.95,24.69
2026-07-07,7503.85,2026-11-20,136.0,6375.0,1265.8,23.3,60.65,24.49
2026-07-07,7503.85,2026-11-20,136.0,6400.0,1243.0,23.15,62.35,24.29
2026-07-07,7503.85,2026-11-20,136.0,6425.0,1220.15,22.99,64.1,24.09
2026-07-07,7503.85,2026-11-20,136.0,6450.0,1197.45,22.84,65.95,23.89
2026-07-07,7503.85,2026-11-20,136.0,6475.0,1174.65,22.67,67.85,23.7
2026-07-07,7503.85,2026-11-20,136.0,6500.0,1151.95,22.5,69.75,23.49
2026-07-07,7503.85,2026-11-20,136.0,6525.0,1129.4,22.34,71.85,23.3
2026-07-07,7503.85,2026-11-20,136.0,6550.0,1106.9,22.17,73.85,23.1
2026-07-07,7503.85,2026-11-20,136.0,6575.0,1084.4,22.0,76.05,22.9
2026-07-07,7503.85,2026-11-20,136.0,6600.0,1062.15,21.85,78.15,22.7
2026-07-07,7503.85,2026-11-20,136.0,6625.0,1039.7,21.67,80.55,22.51
2026-07-07,7503.85,2026-11-20,136.0,6650.0,1017.55,21.51,82.85,22.3
2026-07-07,7503.85,2026-11-20,136.0,6660.0,1008.55,21.43,83.85,22.23
2026-07-07,7503.85,2026-11-20,136.0,6670.0,999.7,21.36,84.75,22.14
2026-07-07,7503.85,2026-11-20,136.0,6675.0,995.25,21.33,85.3,22.11
2026-07-07,7503.85,2026-11-20,136.0,6680.0,990.85,21.3,85.8,22.07
2026-07-07,7503.85,2026-11-20,136.0,6690.0,982.0,21.23,86.8,21.99
2026-07-07,7503.85,2026-11-20,136.0,6700.0,973.1,21.15,87.75,21.9
2026-07-07,7503.85,2026-11-20,136.0,6710.0,964.45,21.1,88.8,21.82
2026-07-07,7503.85,2026-11-20,136.0,6720.0,955.5,21.01,89.85,21.75
2026-07-07,7503.85,2026-11-20,136.0,6725.0,951.2,20.99,90.35,21.7
2026-07-07,7503.85,2026-11-20,136.0,6730.0,946.8,20.95,90.85,21.66
2026-07-07,7503.85,2026-11-20,136.0,6740.0,938.0,20.88,91.95,21.58
2026-07-07,7503.85,2026-11-20,136.0,6750.0,929.4,20.83,93.1,21.51
2026-07-07,7503.85,2026-11-20,136.0,6760.0,920.5,20.74,94.15,21.43
2026-07-07,7503.85,2026-11-20,136.0,6770.0,911.8,20.68,95.2,21.34
2026-07-07,7503.85,2026-11-20,136.0,6775.0,907.4,20.64,95.8,21.3
2026-07-07,7503.85,2026-11-20,136.0,6780.0,903.1,20.61,96.4,21.27
2026-07-07,7503.85,2026-11-20,136.0,6790.0,894.35,20.54,97.5,21.18
2026-07-07,7503.85,2026-11-20,136.0,6800.0,885.7,20.47,98.65,21.1
2026-07-07,7503.85,2026-11-20,136.0,6810.0,877.05,20.4,99.8,21.02
2026-07-07,7503.85,2026-11-20,136.0,6820.0,868.4,20.33,101.0,20.94
2026-07-07,7503.85,2026-11-20,136.0,6825.0,864.0,20.29,101.55,20.9
2026-07-07,7503.85,2026-11-20,136.0,6830.0,859.8,20.27,102.2,20.86
2026-07-07,7503.85,2026-11-20,136.0,6840.0,851.2,20.2,103.4,20.78
2026-07-07,7503.85,2026-11-20,136.0,6850.0,842.65,20.13,104.65,20.7
2026-07-07,7503.85,2026-11-20,136.0,6860.0,834.0,20.06,105.9,20.62
2026-07-07,7503.85,2026-11-20,136.0,6870.0,825.3,19.98,107.2,20.54
2026-07-07,7503.85,2026-11-20,136.0,6875.0,821.1,19.95,107.8,20.5
2026-07-07,7503.85,2026-11-20,136.0,6880.0,816.85,19.91,108.45,20.46
2026-07-07,7503.85,2026-11-20,136.0,6890.0,808.25,19.84,109.75,20.38
2026-07-07,7503.85,2026-11-20,136.0,6900.0,799.65,19.76,111.1,20.3
2026-07-07,7503.85,2026-11-20,136.0,6910.0,791.25,19.7,112.4,20.22
2026-07-07,7503.85,2026-11-20,136.0,6920.0,782.7,19.62,113.8,20.14
2026-07-07,7503.85,2026-11-20,136.0,6925.0,778.45,19.58,114.35,20.09
2026-07-07,7503.85,2026-11-20,136.0,6930.0,774.35,19.56,115.1,20.06
2026-07-07,7503.85,2026-11-20,136.0,6940.0,765.85,19.48,116.5,19.98
2026-07-07,7503.85,2026-11-20,136.0,6950.0,757.55,19.42,118.0,19.9
2026-07-07,7503.85,2026-11-20,136.0,6960.0,749.05,19.34,119.4,19.82
2026-07-07,7503.85,2026-11-20,136.0,6970.0,740.7,19.28,120.8,19.73
2026-07-07,7503.85,2026-11-20,136.0,6975.0,736.4,19.23,121.55,19.69
2026-07-07,7503.85,2026-11-20,136.0,6980.0,732.35,19.21,122.25,19.65
2026-07-07,7503.85,2026-11-20,136.0,6990.0,723.85,19.12,123.65,19.56
2026-07-07,7503.85,2026-11-20,136.0,7000.0,715.5,19.05,125.35,19.5
2026-07-07,7503.85,2026-11-20,136.0,7010.0,707.4,18.99,126.85,19.41
2026-07-07,7503.85,2026-11-20,136.0,7020.0,699.1,18.92,128.35,19.33
2026-07-07,7503.85,2026-11-20,136.0,7025.0,694.8,18.87,129.15,19.29
2026-07-07,7503.85,2026-11-20,136.0,7030.0,690.85,18.85,129.95,19.25
2026-07-07,7503.85,2026-11-20,136.0,7040.0,682.6,18.78,131.5,19.16
2026-07-07,7503.85,2026-11-20,136.0,7050.0,674.35,18.7,133.25,19.09
2026-07-07,7503.85,2026-11-20,136.0,7060.0,666.2,18.63,134.9,19.01
2026-07-07,7503.85,2026-11-20,136.0,7070.0,657.95,18.55,136.55,18.93
2026-07-07,7503.85,2026-11-20,136.0,7075.0,654.0,18.53,137.4,18.89
2026-07-07,7503.85,2026-11-20,136.0,7080.0,649.9,18.49,138.3,18.85
2026-07-07,7503.85,2026-11-20,136.0,7090.0,641.8,18.42,140.0,18.77
2026-07-07,7503.85,2026-11-20,136.0,7100.0,633.8,18.35,141.75,18.69
2026-07-07,7503.85,2026-11-20,136.0,7110.0,625.7,18.28,143.5,18.61
2026-07-07,7503.85,2026-11-20,136.0,7120.0,617.7,18.21,145.3,18.52
2026-07-07,7503.85,2026-11-20,136.0,7125.0,613.6,18.16,146.2,18.48
2026-07-07,7503.85,2026-11-20,136.0,7130.0,609.7,18.14,147.2,18.45
2026-07-07,7503.85,2026-11-20,136.0,7140.0,601.7,18.06,149.0,18.36
2026-07-07,7503.85,2026-11-20,136.0,7150.0,593.7,17.99,150.85,18.28
2026-07-07,7503.85,2026-11-20,136.0,7160.0,585.9,17.92,152.9,18.21
2026-07-07,7503.85,2026-11-20,136.0,7170.0,577.95,17.85,154.8,18.13
2026-07-07,7503.85,2026-11-20,136.0,7175.0,573.95,17.81,155.8,18.09
2026-07-07,7503.85,2026-11-20,136.0,7180.0,570.05,17.77,156.85,18.05
2026-07-07,7503.85,2026-11-20,136.0,7190.0,562.2,17.7,158.8,17.96
2026-07-07,7503.85,2026-11-20,136.0,7200.0,554.4,17.63,160.85,17.88
2026-07-07,7503.85,2026-11-20,136.0,7210.0,546.8,17.57,162.95,17.81
2026-07-07,7503.85,2026-11-20,136.0,7220.0,538.95,17.49,164.9,17.72
2026-07-07,7503.85,2026-11-20,136.0,7225.0,535.1,17.46,166.2,17.69
2026-07-07,7503.85,2026-11-20,136.0,7230.0,531.4,17.43,167.2,17.65
2026-07-07,7503.85,2026-11-20,136.0,7240.0,523.6,17.35,169.35,17.56
2026-07-07,7503.85,2026-11-20,136.0,7250.0,516.05,17.28,171.6,17.49
2026-07-07,7503.85,2026-11-20,136.0,7260.0,508.4,17.21,173.85,17.41
2026-07-07,7503.85,2026-11-20,136.0,7270.0,500.9,17.14,176.15,17.33
2026-07-07,7503.85,2026-11-20,136.0,7275.0,497.1,17.11,177.35,17.29
2026-07-07,7503.85,2026-11-20,136.0,7280.0,493.5,17.08,178.4,17.24
2026-07-07,7503.85,2026-11-20,136.0,7290.0,485.95,17.01,180.8,17.17
2026-07-07,7503.85,2026-11-20,136.0,7300.0,478.6,16.94,183.15,17.08
2026-07-07,7503.85,2026-11-20,136.0,7310.0,471.2,16.87,185.6,17.0
2026-07-07,7503.85,2026-11-20,136.0,7320.0,463.7,16.79,188.1,16.93
2026-07-07,7503.85,2026-11-20,136.0,7325.0,460.0,16.76,189.5,16.89
2026-07-07,7503.85,2026-11-20,136.0,7330.0,456.4,16.73,190.7,16.85
2026-07-07,7503.85,2026-11-20,136.0,7340.0,449.15,16.66,193.25,16.77
2026-07-07,7503.85,2026-11-20,136.0,7350.0,442.0,16.6,195.7,16.68
2026-07-07,7503.85,2026-11-20,136.0,7360.0,434.75,16.52,198.45,16.61
2026-07-07,7503.85,2026-11-20,136.0,7370.0,427.65,16.46,201.15,16.53
2026-07-07,7503.85,2026-11-20,136.0,7375.0,424.05,16.42,202.6,16.5
2026-07-07,7503.85,2026-11-20,136.0,7380.0,420.55,16.39,203.9,16.45
2026-07-07,7503.85,2026-11-20,136.0,7390.0,413.45,16.32,206.65,16.37
2026-07-07,7503.85,2026-11-20,136.0,7400.0,406.55,16.26,209.5,16.3
2026-07-07,7503.85,2026-11-20,136.0,7410.0,399.6,16.19,212.35,16.22
2026-07-07,7503.85,2026-11-20,136.0,7420.0,392.65,16.13,215.35,16.14
2026-07-07,7503.85,2026-11-20,136.0,7425.0,389.15,16.09,216.8,16.1
2026-07-07,7503.85,2026-11-20,136.0,7430.0,385.8,16.06,218.3,16.06
2026-07-07,7503.85,2026-11-20,136.0,7440.0,378.95,15.99,221.25,15.98
2026-07-07,7503.85,2026-11-20,136.0,7450.0,372.25,15.93,224.4,15.91
2026-07-07,7503.85,2026-11-20,136.0,7460.0,365.55,15.87,227.4,15.82
2026-07-07,7503.85,2026-11-20,136.0,7470.0,358.9,15.8,230.7,15.75
2026-07-07,7503.85,2026-11-20,136.0,7475.0,355.5,15.76,232.4,15.72
2026-07-07,7503.85,2026-11-20,136.0,7480.0,352.3,15.74,233.95,15.67
2026-07-07,7503.85,2026-11-20,136.0,7490.0,345.7,15.67,237.1,15.59
2026-07-07,7503.85,2026-11-20,136.0,7500.0,339.25,15.61,240.55,15.52
2026-07-07,7503.85,2026-11-20,136.0,7510.0,332.75,15.54,244.0,15.44
2026-07-07,7503.85,2026-11-20,136.0,7520.0,326.3,15.48,247.45,15.37
2026-07-07,7503.85,2026-11-20,136.0,7525.0,323.3,15.46,249.2,15.33
2026-07-07,7503.85,2026-11-20,136.0,7530.0,320.1,15.42,250.95,15.29
2026-07-07,7503.85,2026-11-20,136.0,7540.0,313.85,15.36,254.5,15.21
2026-07-07,7503.85,2026-11-20,136.0,7550.0,307.7,15.3,258.3,15.14
2026-07-07,7503.85,2026-11-20,136.0,7560.0,301.4,15.23,261.9,15.06
2026-07-07,7503.85,2026-11-20,136.0,7570.0,295.45,15.18,265.6,14.98
2026-07-07,7503.85,2026-11-20,136.0,7575.0,292.35,15.15,267.55,14.94
2026-07-07,7503.85,2026-11-20,136.0,7580.0,289.45,15.12,269.45,14.9
2026-07-07,7503.85,2026-11-20,136.0,7590.0,283.5,15.06,273.35,14.83
2026-07-07,7503.85,2026-11-20,136.0,7600.0,277.65,15.01,277.35,14.75
2026-07-07,7503.85,2026-11-20,136.0,7610.0,271.8,14.95,281.3,14.67
2026-07-07,7503.85,2026-11-20,136.0,7620.0,266.0,14.89,285.3,14.59
2026-07-07,7503.85,2026-11-20,136.0,7625.0,263.15,14.86,287.45,14.56
2026-07-07,7503.85,2026-11-20,136.0,7630.0,260.35,14.83,289.55,14.52
2026-07-07,7503.85,2026-11-20,136.0,7640.0,254.7,14.77,293.75,14.44
2026-07-07,7503.85,2026-11-20,136.0,7650.0,249.2,14.72,298.1,14.37
2026-07-07,7503.85,2026-11-20,136.0,7660.0,243.55,14.66,302.4,14.29
2026-07-07,7503.85,2026-11-20,136.0,7670.0,238.35,14.62,306.7,14.2
2026-07-07,7503.85,2026-11-20,136.0,7675.0,235.6,14.59,309.05,14.17
2026-07-07,7503.85,2026-11-20,136.0,7680.0,232.9,14.56,311.3,14.13
2026-07-07,7503.85,2026-11-20,136.0,7690.0,227.55,14.5,315.85,14.05
2026-07-07,7503.85,2026-11-20,136.0,7700.0,222.45,14.45,320.5,13.97
2026-07-07,7503.85,2026-11-20,136.0,7710.0,217.3,14.4,325.0,13.88
2026-07-07,7503.85,2026-11-20,136.0,7720.0,212.25,14.35,330.0,13.81
2026-07-07,7503.85,2026-11-20,136.0,7725.0,209.65,14.32,332.4,13.77
2026-07-07,7503.85,2026-11-20,136.0,7730.0,207.25,14.3,334.85,13.73
2026-07-07,7503.85,2026-11-20,136.0,7740.0,202.35,14.25,339.8,13.65
2026-07-07,7503.85,2026-11-20,136.0,7750.0,197.55,14.2,344.7,13.56
2026-07-07,7503.85,2026-11-20,136.0,7760.0,192.75,14.15,349.9,13.49
2026-07-07,7503.85,2026-11-20,136.0,7770.0,188.05,14.11,355.0,13.4
2026-07-07,7503.85,2026-11-20,136.0,7775.0,185.7,14.08,357.6,13.36
2026-07-07,7503.85,2026-11-20,136.0,7780.0,183.45,14.06,360.2,13.32
2026-07-07,7503.85,2026-11-20,136.0,7790.0,178.95,14.02,365.5,13.23
2026-07-07,7503.85,2026-11-20,136.0,7800.0,174.45,13.97,370.8,13.14
2026-07-07,7503.85,2026-11-20,136.0,7810.0,169.9,13.92,376.4,13.06
2026-07-07,7503.85,2026-11-20,136.0,7820.0,165.75,13.88,381.9,12.96
2026-07-07,7503.85,2026-11-20,136.0,7825.0,163.6,13.86,384.7,12.91
2026-07-07,7503.85,2026-11-20,136.0,7830.0,161.5,13.84,387.45,12.85
2026-07-07,7503.85,2026-11-20,136.0,7840.0,157.25,13.79,393.05,12.75
2026-07-07,7503.85,2026-11-20,136.0,7850.0,153.25,13.75,399.0,12.66
2026-07-07,7503.85,2026-11-20,136.0,7860.0,149.25,13.71,404.7,12.55
2026-07-07,7503.85,2026-11-20,136.0,7870.0,145.3,13.67,410.6,12.45
2026-07-07,7503.85,2026-11-20,136.0,7875.0,143.4,13.66,413.55,12.4
2026-07-07,7503.85,2026-11-20,136.0,7880.0,141.45,13.64,416.45,12.34
2026-07-07,7503.85,2026-11-20,136.0,7890.0,137.65,13.6,422.75,12.24
2026-07-07,7503.85,2026-11-20,136.0,7900.0,133.95,13.56,428.75,12.1
2026-07-07,7503.85,2026-11-20,136.0,7910.0,130.3,13.52,435.0,11.97
2026-07-07,7503.85,2026-11-20,136.0,7920.0,126.6,13.48,441.3,11.83
2026-07-07,7503.85,2026-11-20,136.0,7925.0,124.9,13.46,444.45,11.75
2026-07-07,7503.85,2026-11-20,136.0,7930.0,123.25,13.45,447.65,11.68
2026-07-07,7503.85,2026-11-20,136.0,7940.0,119.8,13.41,454.05,11.52
2026-07-07,7503.85,2026-11-20,136.0,7950.0,116.5,13.38,460.55,11.33
2026-07-07,7503.85,2026-11-20,136.0,7960.0,113.25,13.35,467.05,11.1
2026-07-07,7503.85,2026-11-20,136.0,7970.0,110.05,13.32,473.75,10.87
2026-07-07,7503.85,2026-11-20,136.0,7975.0,108.45,13.3,477.15,10.75
2026-07-07,7503.85,2026-11-20,136.0,7980.0,106.85,13.28,480.45,10.55
2026-07-07,7503.85,2026-11-20,136.0,7990.0,103.8,13.25,487.25,10.06
2026-07-07,7503.85,2026-11-20,136.0,8000.0,100.9,13.23,494.7,11.02
2026-07-07,7503.85,2026-11-20,136.0,8025.0,93.55,13.15,,
2026-07-07,7503.85,2026-11-20,136.0,8050.0,86.95,13.09,,
2026-07-07,7503.85,2026-11-20,136.0,8075.0,80.5,13.02,,
2026-07-07,7503.85,2026-11-20,136.0,8100.0,74.65,12.97,,
2026-07-07,7503.85,2026-11-20,136.0,8125.0,68.9,12.9,,
2026-07-07,7503.85,2026-11-20,136.0,8150.0,63.8,12.86,,
2026-07-07,7503.85,2026-11-20,136.0,8175.0,58.85,12.81,,
2026-07-07,7503.85,2026-11-20,136.0,8200.0,54.25,12.76,,
2026-07-07,7503.85,2026-11-20,136.0,8225.0,49.95,12.72,,
2026-07-07,7503.85,2026-11-20,136.0,8250.0,45.95,12.68,,
2026-07-07,7503.85,2026-11-20,136.0,8275.0,42.25,12.64,,
2026-07-07,7503.85,2026-11-20,136.0,8300.0,38.8,12.61,,
2026-07-07,7503.85,2026-11-20,136.0,8325.0,35.65,12.58,,
2026-07-07,7503.85,2026-11-20,136.0,8350.0,32.6,12.54,,
2026-07-07,7503.85,2026-11-20,136.0,8375.0,29.9,12.52,,
2026-07-07,7503.85,2026-11-20,136.0,8400.0,27.3,12.48,,
2026-07-07,7503.85,2026-11-20,136.0,8425.0,25.05,12.47,,
2026-07-07,7503.85,2026-11-20,136.0,8450.0,22.85,12.44,,
2026-07-07,7503.85,2026-11-20,136.0,8475.0,20.95,12.43,,
2026-07-07,7503.85,2026-11-20,136.0,8500.0,19.05,12.41,,
2026-07-07,7503.85,2026-11-20,136.0,8525.0,17.4,12.39,,
2026-07-07,7503.85,2026-11-20,136.0,8550.0,15.9,12.39,,
2026-07-07,7503.85,2026-11-20,136.0,8575.0,14.45,12.37,,
2026-07-07,7503.85,2026-11-20,136.0,8600.0,13.25,12.37,,
2026-07-07,7503.85,2026-11-30,146.0,5700.0,1903.15,25.78,32.5,29.64
2026-07-07,7503.85,2026-11-30,146.0,5750.0,1855.6,25.61,34.1,29.22
2026-07-07,7503.85,2026-11-30,146.0,5800.0,1808.15,25.43,35.8,28.8
2026-07-07,7503.85,2026-11-30,146.0,5850.0,1760.85,25.24,37.65,28.4
2026-07-07,7503.85,2026-11-30,146.0,5900.0,1713.7,25.04,39.55,27.99
2026-07-07,7503.85,2026-11-30,146.0,5950.0,1666.65,24.83,41.6,27.58
2026-07-07,7503.85,2026-11-30,146.0,6000.0,1619.7,24.6,43.75,27.17
2026-07-07,7503.85,2026-11-30,146.0,6050.0,1572.9,24.37,46.1,26.78
2026-07-07,7503.85,2026-11-30,146.0,6100.0,1526.25,24.12,48.55,26.38
2026-07-07,7503.85,2026-11-30,146.0,6150.0,1479.75,23.87,51.2,25.99
2026-07-07,7503.85,2026-11-30,146.0,6200.0,1433.45,23.62,53.95,25.6
2026-07-07,7503.85,2026-11-30,146.0,6250.0,1390.3,23.78,56.95,25.21
2026-07-07,7503.85,2026-11-30,146.0,6275.0,1367.25,23.63,58.5,25.02
2026-07-07,7503.85,2026-11-30,146.0,6300.0,1344.3,23.48,60.1,24.83
2026-07-07,7503.85,2026-11-30,146.0,6325.0,1321.35,23.33,61.75,24.63
2026-07-07,7503.85,2026-11-30,146.0,6350.0,1298.45,23.17,63.45,24.44
2026-07-07,7503.85,2026-11-30,146.0,6375.0,1275.65,23.02,65.2,24.25
2026-07-07,7503.85,2026-11-30,146.0,6400.0,1252.9,22.87,67.0,24.05
2026-07-07,7503.85,2026-11-30,146.0,6425.0,1230.2,22.72,68.85,23.86
2026-07-07,7503.85,2026-11-30,146.0,6450.0,1207.55,22.56,70.8,23.67
2026-07-07,7503.85,2026-11-30,146.0,6475.0,1184.95,22.41,72.7,23.47
2026-07-07,7503.85,2026-11-30,146.0,6500.0,1162.4,22.25,74.8,23.28
2026-07-07,7503.85,2026-11-30,146.0,6525.0,1139.9,22.09,76.9,23.09
2026-07-07,7503.85,2026-11-30,146.0,6550.0,1117.5,21.93,79.05,22.9
2026-07-07,7503.85,2026-11-30,146.0,6575.0,1095.2,21.77,81.25,22.7
2026-07-07,7503.85,2026-11-30,146.0,6600.0,1072.9,21.61,83.55,22.51
2026-07-07,7503.85,2026-11-30,146.0,6625.0,1050.7,21.45,85.95,22.32
2026-07-07,7503.85,2026-11-30,146.0,6650.0,1028.55,21.28,88.35,22.12
2026-07-07,7503.85,2026-11-30,146.0,6675.0,1006.55,21.13,90.85,21.93
2026-07-07,7503.85,2026-11-30,146.0,6700.0,984.55,20.96,93.45,21.73
2026-07-07,7503.85,2026-11-30,146.0,6725.0,962.65,20.79,96.15,21.54
2026-07-07,7503.85,2026-11-30,146.0,6750.0,940.9,20.63,98.9,21.35
2026-07-07,7503.85,2026-11-30,146.0,6775.0,919.1,20.46,101.75,21.15
2026-07-07,7503.85,2026-11-30,146.0,6800.0,897.5,20.29,104.7,20.96
2026-07-07,7503.85,2026-11-30,146.0,6825.0,876.0,20.12,107.75,20.76
2026-07-07,7503.85,2026-11-30,146.0,6850.0,854.55,19.95,110.85,20.56
2026-07-07,7503.85,2026-11-30,146.0,6875.0,833.25,19.79,114.1,20.37
2026-07-07,7503.85,2026-11-30,146.0,6900.0,812.05,19.62,117.45,20.17
2026-07-07,7503.85,2026-11-30,146.0,6925.0,790.95,19.45,120.9,19.98
2026-07-07,7503.85,2026-11-30,146.0,6950.0,769.95,19.27,124.5,19.78
2026-07-07,7503.85,2026-11-30,146.0,6975.0,749.1,19.1,128.2,19.59
2026-07-07,7503.85,2026-11-30,146.0,7000.0,728.3,18.93,132.0,19.39
2026-07-07,7503.85,2026-11-30,146.0,7025.0,707.7,18.75,136.0,19.2
2026-07-07,7503.85,2026-11-30,146.0,7050.0,687.3,18.59,140.1,19.0
2026-07-07,7503.85,2026-11-30,146.0,7075.0,667.0,18.41,144.4,18.81
2026-07-07,7503.85,2026-11-30,146.0,7100.0,646.85,18.24,148.8,18.61
2026-07-07,7503.85,2026-11-30,146.0,7125.0,626.85,18.07,153.35,18.41
2026-07-07,7503.85,2026-11-30,146.0,7150.0,607.05,17.9,158.1,18.22
2026-07-07,7503.85,2026-11-30,146.0,7175.0,587.4,17.73,163.05,18.02
2026-07-07,7503.85,2026-11-30,146.0,7200.0,567.95,17.56,168.2,17.83
2026-07-07,7503.85,2026-11-30,146.0,7225.0,548.6,17.38,173.5,17.64
2026-07-07,7503.85,2026-11-30,146.0,7250.0,529.65,17.22,179.05,17.44
2026-07-07,7503.85,2026-11-30,146.0,7275.0,510.85,17.05,184.75,17.25
2026-07-07,7503.85,2026-11-30,146.0,7300.0,492.25,16.88,190.75,17.05
2026-07-07,7503.85,2026-11-30,146.0,7310.0,484.85,16.81,193.25,16.98
2026-07-07,7503.85,2026-11-30,146.0,7320.0,477.55,16.75,195.7,16.9
2026-07-07,7503.85,2026-11-30,146.0,7325.0,473.9,16.71,196.95,16.86
2026-07-07,7503.85,2026-11-30,146.0,7330.0,470.25,16.68,198.25,16.82
2026-07-07,7503.85,2026-11-30,146.0,7340.0,463.0,16.61,200.8,16.75
2026-07-07,7503.85,2026-11-30,146.0,7350.0,455.8,16.55,203.45,16.67
2026-07-07,7503.85,2026-11-30,146.0,7360.0,448.55,16.48,206.05,16.59
2026-07-07,7503.85,2026-11-30,146.0,7370.0,441.5,16.42,208.75,16.52
2026-07-07,7503.85,2026-11-30,146.0,7375.0,437.9,16.38,210.15,16.48
2026-07-07,7503.85,2026-11-30,146.0,7380.0,434.4,16.35,211.5,16.44
2026-07-07,7503.85,2026-11-30,146.0,7390.0,427.4,16.29,214.3,16.36
2026-07-07,7503.85,2026-11-30,146.0,7400.0,420.4,16.22,217.1,16.29
2026-07-07,7503.85,2026-11-30,146.0,7410.0,413.4,16.16,220.0,16.21
2026-07-07,7503.85,2026-11-30,146.0,7420.0,406.5,16.09,222.9,16.13
2026-07-07,7503.85,2026-11-30,146.0,7425.0,403.1,16.06,224.4,16.1
2026-07-07,7503.85,2026-11-30,146.0,7430.0,399.7,16.03,225.9,16.06
2026-07-07,7503.85,2026-11-30,146.0,7440.0,392.9,15.97,228.9,15.98
2026-07-07,7503.85,2026-11-30,146.0,7450.0,386.1,15.9,232.0,15.91
2026-07-07,7503.85,2026-11-30,146.0,7460.0,379.4,15.84,235.1,15.83
2026-07-07,7503.85,2026-11-30,146.0,7470.0,372.7,15.78,238.3,15.76
2026-07-07,7503.85,2026-11-30,146.0,7475.0,369.4,15.75,239.9,15.72
2026-07-07,7503.85,2026-11-30,146.0,7480.0,366.15,15.72,241.5,15.68
2026-07-07,7503.85,2026-11-30,146.0,7490.0,359.6,15.66,244.8,15.61
2026-07-07,7503.85,2026-11-30,146.0,7500.0,353.1,15.59,248.1,15.53
2026-07-07,7503.85,2026-11-30,146.0,7510.0,346.65,15.53,251.5,15.46
2026-07-07,7503.85,2026-11-30,146.0,7520.0,340.3,15.48,254.9,15.38
2026-07-07,7503.85,2026-11-30,146.0,7525.0,337.1,15.44,256.7,15.34
2026-07-07,7503.85,2026-11-30,146.0,7530.0,333.9,15.41,258.4,15.3
2026-07-07,7503.85,2026-11-30,146.0,7540.0,327.65,15.35,262.0,15.23
2026-07-07,7503.85,2026-11-30,146.0,7550.0,321.45,15.3,265.6,15.16
2026-07-07,7503.85,2026-11-30,146.0,7560.0,315.3,15.24,269.2,15.08
2026-07-07,7503.85,2026-11-30,146.0,7570.0,309.2,15.18,273.0,15.01
2026-07-07,7503.85,2026-11-30,146.0,7575.0,306.15,15.15,274.85,14.97
2026-07-07,7503.85,2026-11-30,146.0,7580.0,303.15,15.12,276.75,14.93
2026-07-07,7503.85,2026-11-30,146.0,7590.0,297.2,15.07,280.6,14.85
2026-07-07,7503.85,2026-11-30,146.0,7600.0,291.25,15.01,284.5,14.78
2026-07-07,7503.85,2026-11-30,146.0,7610.0,285.4,14.95,288.5,14.7
2026-07-07,7503.85,2026-11-30,146.0,7620.0,279.6,14.9,292.5,14.63
2026-07-07,7503.85,2026-11-30,146.0,7625.0,276.8,14.87,294.55,14.59
2026-07-07,7503.85,2026-11-30,146.0,7630.0,273.9,14.84,296.6,14.55
2026-07-07,7503.85,2026-11-30,146.0,7640.0,268.2,14.79,300.8,14.48
2026-07-07,7503.85,2026-11-30,146.0,7650.0,262.6,14.73,305.0,14.4
2026-07-07,7503.85,2026-11-30,146.0,7660.0,257.1,14.68,309.3,14.33
2026-07-07,7503.85,2026-11-30,146.0,7670.0,251.6,14.63,313.65,14.25
2026-07-07,7503.85,2026-11-30,146.0,7675.0,248.9,14.6,315.9,14.21
2026-07-07,7503.85,2026-11-30,146.0,7680.0,246.25,14.58,318.1,14.17
2026-07-07,7503.85,2026-11-30,146.0,7690.0,240.9,14.52,322.6,14.1
2026-07-07,7503.85,2026-11-30,146.0,7700.0,235.65,14.47,327.15,14.02
2026-07-07,7503.85,2026-11-30,146.0,7710.0,230.5,14.43,331.8,13.94
2026-07-07,7503.85,2026-11-30,146.0,7720.0,225.35,14.37,336.5,13.86
2026-07-07,7503.85,2026-11-30,146.0,7725.0,222.8,14.35,338.9,13.82
2026-07-07,7503.85,2026-11-30,146.0,7730.0,220.3,14.33,341.3,13.78
2026-07-07,7503.85,2026-11-30,146.0,7740.0,215.3,14.28,346.1,13.7
2026-07-07,7503.85,2026-11-30,146.0,7750.0,210.4,14.23,351.0,13.62
2026-07-07,7503.85,2026-11-30,146.0,7775.0,198.35,14.11,363.6,13.42
2026-07-07,7503.85,2026-11-30,146.0,7800.0,186.9,14.0,376.7,13.22
2026-07-07,7503.85,2026-11-30,146.0,7825.0,175.85,13.9,390.25,12.98
2026-07-07,7503.85,2026-11-30,146.0,7850.0,165.2,13.79,404.1,12.73
2026-07-07,7503.85,2026-11-30,146.0,7875.0,155.05,13.69,418.55,12.49
2026-07-07,7503.85,2026-11-30,146.0,7900.0,145.35,13.6,433.3,12.21
2026-07-07,7503.85,2026-11-30,146.0,7925.0,136.05,13.51,448.6,11.88
2026-07-07,7503.85,2026-11-30,146.0,7950.0,127.25,13.42,464.35,11.49
2026-07-07,7503.85,2026-11-30,146.0,7975.0,118.9,13.34,480.35,10.95
2026-07-07,7503.85,2026-11-30,146.0,8000.0,110.95,13.26,497.0,10.01
2026-07-07,7503.85,2026-11-30,146.0,8025.0,103.45,13.19,,
2026-07-07,7503.85,2026-11-30,146.0,8050.0,96.35,13.13,,
2026-07-07,7503.85,2026-11-30,146.0,8075.0,89.7,13.06,,
2026-07-07,7503.85,2026-11-30,146.0,8100.0,83.35,13.0,,
2026-07-07,7503.85,2026-11-30,146.0,8125.0,77.4,12.95,,
2026-07-07,7503.85,2026-11-30,146.0,8150.0,71.8,12.89,,
2026-07-07,7503.85,2026-11-30,146.0,8175.0,66.55,12.84,,
2026-07-07,7503.85,2026-11-30,146.0,8200.0,61.6,12.8,,
2026-07-07,7503.85,2026-11-30,146.0,8225.0,57.0,12.75,,
2026-07-07,7503.85,2026-11-30,146.0,8250.0,52.65,12.71,,
2026-07-07,7503.85,2026-11-30,146.0,8275.0,48.6,12.67,,
2026-07-07,7503.85,2026-11-30,146.0,8300.0,44.85,12.63,,
2026-07-07,7503.85,2026-11-30,146.0,8350.0,38.0,12.56,,
2026-07-07,7503.85,2026-11-30,146.0,8400.0,32.1,12.5,,
2026-07-07,7503.85,2026-11-30,146.0,8450.0,27.05,12.45,,
2026-07-07,7503.85,2026-11-30,146.0,8500.0,22.75,12.41,,
2026-07-07,7503.85,2026-11-30,146.0,8600.0,16.05,12.36,,
2026-07-07,7503.85,2026-12-18,164.0,5650.0,1967.3,26.35,37.45,29.71
2026-07-07,7503.85,2026-12-18,164.0,5675.0,1943.7,26.26,38.35,29.52
2026-07-07,7503.85,2026-12-18,164.0,5700.0,1920.1,26.17,39.25,29.32
2026-07-07,7503.85,2026-12-18,164.0,5725.0,1896.5,26.07,40.2,29.12
2026-07-07,7503.85,2026-12-18,164.0,5750.0,1873.0,25.98,41.2,28.93
2026-07-07,7503.85,2026-12-18,164.0,5775.0,1849.5,25.88,42.2,28.74
2026-07-07,7503.85,2026-12-18,164.0,5800.0,1826.0,25.77,43.2,28.54
2026-07-07,7503.85,2026-12-18,164.0,5825.0,1802.5,25.65,44.2,28.34
2026-07-07,7503.85,2026-12-18,164.0,5850.0,1779.1,25.55,45.3,28.15
2026-07-07,7503.85,2026-12-18,164.0,5875.0,1756.0,25.49,46.4,27.95
2026-07-07,7503.85,2026-12-18,164.0,5900.0,1732.75,25.4,47.55,27.76
2026-07-07,7503.85,2026-12-18,164.0,5925.0,1709.3,25.26,48.7,27.57
2026-07-07,7503.85,2026-12-18,164.0,5950.0,1686.1,25.16,49.95,27.38
2026-07-07,7503.85,2026-12-18,164.0,5975.0,1662.75,25.02,51.25,27.2
2026-07-07,7503.85,2026-12-18,164.0,6000.0,1639.5,24.9,52.5,27.0
2026-07-07,7503.85,2026-12-18,164.0,6025.0,1616.35,24.78,53.8,26.81
2026-07-07,7503.85,2026-12-18,164.0,6050.0,1593.25,24.66,55.1,26.62
2026-07-07,7503.85,2026-12-18,164.0,6075.0,1570.05,24.52,56.5,26.43
2026-07-07,7503.85,2026-12-18,164.0,6100.0,1547.05,24.41,58.0,26.25
2026-07-07,7503.85,2026-12-18,164.0,6125.0,1524.0,24.27,59.5,26.07
2026-07-07,7503.85,2026-12-18,164.0,6150.0,1501.0,24.14,60.9,25.87
2026-07-07,7503.85,2026-12-18,164.0,6175.0,1478.1,24.02,62.55,25.69
2026-07-07,7503.85,2026-12-18,164.0,6200.0,1455.15,23.88,64.3,25.52
2026-07-07,7503.85,2026-12-18,164.0,6225.0,1432.35,23.75,65.85,25.33
2026-07-07,7503.85,2026-12-18,164.0,6250.0,1409.55,23.61,67.6,25.15
2026-07-07,7503.85,2026-12-18,164.0,6275.0,1386.75,23.47,69.25,24.95
2026-07-07,7503.85,2026-12-18,164.0,6300.0,1364.1,23.34,71.05,24.77
2026-07-07,7503.85,2026-12-18,164.0,6325.0,1341.4,23.2,72.9,24.58
2026-07-07,7503.85,2026-12-18,164.0,6350.0,1318.8,23.06,74.95,24.42
2026-07-07,7503.85,2026-12-18,164.0,6375.0,1296.3,22.92,76.8,24.22
2026-07-07,7503.85,2026-12-18,164.0,6400.0,1273.8,22.78,78.85,24.04
2026-07-07,7503.85,2026-12-18,164.0,6425.0,1251.35,22.63,80.95,23.86
2026-07-07,7503.85,2026-12-18,164.0,6450.0,1229.05,22.5,83.1,23.68
2026-07-07,7503.85,2026-12-18,164.0,6475.0,1206.7,22.35,85.3,23.49
2026-07-07,7503.85,2026-12-18,164.0,6500.0,1184.5,22.21,87.6,23.32
2026-07-07,7503.85,2026-12-18,164.0,6525.0,1162.3,22.06,89.9,23.13
2026-07-07,7503.85,2026-12-18,164.0,6550.0,1140.2,21.91,92.4,22.96
2026-07-07,7503.85,2026-12-18,164.0,6575.0,1118.15,21.76,94.8,22.77
2026-07-07,7503.85,2026-12-18,164.0,6600.0,1096.2,21.61,97.3,22.58
2026-07-07,7503.85,2026-12-18,164.0,6625.0,1074.35,21.47,99.9,22.4
2026-07-07,7503.85,2026-12-18,164.0,6650.0,1052.5,21.31,102.75,22.23
2026-07-07,7503.85,2026-12-18,164.0,6675.0,1030.75,21.16,105.3,22.03
2026-07-07,7503.85,2026-12-18,164.0,6700.0,1009.1,21.01,108.2,21.85
2026-07-07,7503.85,2026-12-18,164.0,6725.0,987.5,20.85,111.15,21.67
2026-07-07,7503.85,2026-12-18,164.0,6750.0,966.0,20.7,114.25,21.49
2026-07-07,7503.85,2026-12-18,164.0,6775.0,944.6,20.54,117.3,21.3
2026-07-07,7503.85,2026-12-18,164.0,6800.0,923.3,20.39,120.55,21.12
2026-07-07,7503.85,2026-12-18,164.0,6825.0,902.1,20.23,123.8,20.93
2026-07-07,7503.85,2026-12-18,164.0,6850.0,880.95,20.07,127.25,20.75
2026-07-07,7503.85,2026-12-18,164.0,6875.0,859.95,19.92,130.6,20.56
2026-07-07,7503.85,2026-12-18,164.0,6900.0,839.05,19.76,134.25,20.37
2026-07-07,7503.85,2026-12-18,164.0,6925.0,818.25,19.6,137.85,20.18
2026-07-07,7503.85,2026-12-18,164.0,6950.0,797.6,19.44,141.75,20.0
2026-07-07,7503.85,2026-12-18,164.0,6975.0,777.0,19.28,145.7,19.81
2026-07-07,7503.85,2026-12-18,164.0,7000.0,756.6,19.12,149.65,19.62
2026-07-07,7503.85,2026-12-18,164.0,7025.0,736.3,18.96,154.0,19.44
2026-07-07,7503.85,2026-12-18,164.0,7050.0,716.1,18.8,158.25,19.25
2026-07-07,7503.85,2026-12-18,164.0,7075.0,696.1,18.64,162.75,19.07
2026-07-07,7503.85,2026-12-18,164.0,7100.0,676.25,18.48,167.5,18.89
2026-07-07,7503.85,2026-12-18,164.0,7125.0,656.55,18.32,172.2,18.7
2026-07-07,7503.85,2026-12-18,164.0,7150.0,636.95,18.15,177.2,18.51
2026-07-07,7503.85,2026-12-18,164.0,7175.0,617.6,17.99,182.25,18.32
2026-07-07,7503.85,2026-12-18,164.0,7200.0,598.4,17.83,187.6,18.14
2026-07-07,7503.85,2026-12-18,164.0,7225.0,579.35,17.67,193.05,17.95
2026-07-07,7503.85,2026-12-18,164.0,7250.0,560.55,17.51,198.8,17.77
2026-07-07,7503.85,2026-12-18,164.0,7275.0,541.85,17.35,204.55,17.58
2026-07-07,7503.85,2026-12-18,164.0,7300.0,523.45,17.19,210.75,17.4
2026-07-07,7503.85,2026-12-18,164.0,7325.0,505.3,17.04,217.05,17.21
2026-07-07,7503.85,2026-12-18,164.0,7350.0,487.35,16.88,223.55,17.03
2026-07-07,7503.85,2026-12-18,164.0,7375.0,469.6,16.72,230.45,16.85
2026-07-07,7503.85,2026-12-18,164.0,7400.0,452.2,16.57,237.55,16.67
2026-07-07,7503.85,2026-12-18,164.0,7425.0,434.95,16.42,244.75,16.48
2026-07-07,7503.85,2026-12-18,164.0,7450.0,418.05,16.27,252.35,16.3
2026-07-07,7503.85,2026-12-18,164.0,7475.0,401.45,16.12,260.25,16.12
2026-07-07,7503.85,2026-12-18,164.0,7500.0,385.15,15.98,268.3,15.93
2026-07-07,7503.85,2026-12-18,164.0,7525.0,369.1,15.83,276.85,15.75
2026-07-07,7503.85,2026-12-18,164.0,7550.0,353.4,15.69,285.8,15.57
2026-07-07,7503.85,2026-12-18,164.0,7575.0,338.1,15.55,294.8,15.39
2026-07-07,7503.85,2026-12-18,164.0,7600.0,323.05,15.42,304.35,15.21
2026-07-07,7503.85,2026-12-18,164.0,7625.0,308.35,15.28,314.15,15.02
2026-07-07,7503.85,2026-12-18,164.0,7650.0,294.1,15.15,324.3,14.84
2026-07-07,7503.85,2026-12-18,164.0,7675.0,280.15,15.02,334.85,14.66
2026-07-07,7503.85,2026-12-18,164.0,7700.0,266.55,14.9,345.8,14.47
2026-07-07,7503.85,2026-12-18,164.0,7725.0,253.5,14.78,357.25,14.28
2026-07-07,7503.85,2026-12-18,164.0,7750.0,240.6,14.66,368.9,14.09
2026-07-07,7503.85,2026-12-18,164.0,7775.0,228.25,14.54,381.1,13.9
2026-07-07,7503.85,2026-12-18,164.0,7800.0,216.3,14.43,393.65,13.7
2026-07-07,7503.85,2026-12-18,164.0,7825.0,204.8,14.33,406.6,13.49
2026-07-07,7503.85,2026-12-18,164.0,7850.0,193.7,14.23,420.0,13.26
2026-07-07,7503.85,2026-12-18,164.0,7875.0,183.0,14.13,433.85,13.03
2026-07-07,7503.85,2026-12-18,164.0,7900.0,172.65,14.03,448.05,12.8
2026-07-07,7503.85,2026-12-18,164.0,7925.0,162.8,13.94,462.75,12.53
2026-07-07,7503.85,2026-12-18,164.0,7950.0,153.4,13.86,477.75,12.21
2026-07-07,7503.85,2026-12-18,164.0,7975.0,144.35,13.77,493.3,11.87
2026-07-07,7503.85,2026-12-18,164.0,8000.0,135.7,13.69,509.2,11.4
2026-07-07,7503.85,2026-12-18,164.0,8025.0,127.55,13.62,525.5,10.73
2026-07-07,7503.85,2026-12-18,164.0,8050.0,119.7,13.55,,
2026-07-07,7503.85,2026-12-18,164.0,8075.0,112.3,13.49,,
2026-07-07,7503.85,2026-12-18,164.0,8100.0,105.1,13.42,,
2026-07-07,7503.85,2026-12-18,164.0,8125.0,98.45,13.36,,
2026-07-07,7503.85,2026-12-18,164.0,8150.0,92.05,13.3,,
2026-07-07,7503.85,2026-12-18,164.0,8175.0,86.1,13.25,,
2026-07-07,7503.85,2026-12-18,164.0,8200.0,80.3,13.19,,
2026-07-07,7503.85,2026-12-18,164.0,8225.0,75.05,13.15,,
2026-07-07,7503.85,2026-12-18,164.0,8250.0,69.95,13.1,,
2026-07-07,7503.85,2026-12-18,164.0,8275.0,65.2,13.06,,
2026-07-07,7503.85,2026-12-18,164.0,8300.0,60.7,13.02,,
2026-07-07,7503.85,2026-12-18,164.0,8325.0,56.4,12.98,,
2026-07-07,7503.85,2026-12-18,164.0,8350.0,52.45,12.94,,
2026-07-07,7503.85,2026-12-18,164.0,8375.0,48.75,12.91,,
2026-07-07,7503.85,2026-12-18,164.0,8400.0,45.2,12.88,,
2026-07-07,7503.85,2026-12-18,164.0,8425.0,41.95,12.85,,
2026-07-07,7503.85,2026-12-18,164.0,8450.0,38.85,12.82,,
2026-07-07,7503.85,2026-12-18,164.0,8475.0,36.0,12.79,,
2026-07-07,7503.85,2026-12-18,164.0,8500.0,33.3,12.76,,
2026-07-07,7503.85,2026-12-18,164.0,8525.0,30.8,12.74,,
2026-07-07,7503.85,2026-12-18,164.0,8550.0,28.45,12.72,,
2026-07-07,7503.85,2026-12-18,164.0,8575.0,26.3,12.7,,
2026-07-07,7503.85,2026-12-18,164.0,8600.0,24.2,12.67,,
2026-07-07,7503.85,2026-12-31,177.0,5650.0,1979.35,26.53,41.15,29.32
2026-07-07,7503.85,2026-12-31,177.0,5675.0,1954.85,26.22,42.15,29.13
2026-07-07,7503.85,2026-12-31,177.0,5700.0,1932.5,26.35,43.15,28.94
2026-07-07,7503.85,2026-12-31,177.0,5710.0,1923.0,26.28,43.5,28.86
2026-07-07,7503.85,2026-12-31,177.0,5720.0,1913.6,26.23,43.9,28.78
2026-07-07,7503.85,2026-12-31,177.0,5725.0,1907.95,26.02,44.15,28.75
2026-07-07,7503.85,2026-12-31,177.0,5730.0,1904.25,26.19,44.35,28.71
2026-07-07,7503.85,2026-12-31,177.0,5740.0,1893.9,25.96,44.75,28.64
2026-07-07,7503.85,2026-12-31,177.0,5750.0,1885.5,26.1,45.15,28.56
2026-07-07,7503.85,2026-12-31,177.0,5760.0,1875.15,25.88,45.6,28.49
2026-07-07,7503.85,2026-12-31,177.0,5770.0,1865.85,25.84,46.0,28.41
2026-07-07,7503.85,2026-12-31,177.0,5775.0,1862.1,25.99,46.2,28.37
2026-07-07,7503.85,2026-12-31,177.0,5780.0,1856.45,25.79,46.4,28.33
2026-07-07,7503.85,2026-12-31,177.0,5790.0,1847.15,25.76,46.9,28.26
2026-07-07,7503.85,2026-12-31,177.0,5800.0,1838.75,25.88,47.3,28.18
2026-07-07,7503.85,2026-12-31,177.0,5810.0,1829.4,25.84,47.75,28.1
2026-07-07,7503.85,2026-12-31,177.0,5820.0,1820.1,25.8,48.2,28.03
2026-07-07,7503.85,2026-12-31,177.0,5825.0,1815.4,25.77,48.4,27.99
2026-07-07,7503.85,2026-12-31,177.0,5830.0,1810.8,25.75,48.7,27.96
2026-07-07,7503.85,2026-12-31,177.0,5840.0,1801.45,25.7,49.1,27.88
2026-07-07,7503.85,2026-12-31,177.0,5850.0,1792.1,25.65,49.6,27.81
2026-07-07,7503.85,2026-12-31,177.0,5860.0,1782.8,25.61,50.05,27.73
2026-07-07,7503.85,2026-12-31,177.0,5870.0,1773.5,25.56,50.5,27.65
2026-07-07,7503.85,2026-12-31,177.0,5875.0,1768.9,25.54,50.8,27.62
2026-07-07,7503.85,2026-12-31,177.0,5880.0,1764.2,25.51,51.0,27.58
2026-07-07,7503.85,2026-12-31,177.0,5890.0,1754.9,25.46,51.5,27.51
2026-07-07,7503.85,2026-12-31,177.0,5900.0,1745.8,25.45,52.0,27.43
2026-07-07,7503.85,2026-12-31,177.0,5910.0,1736.4,25.38,52.45,27.35
2026-07-07,7503.85,2026-12-31,177.0,5920.0,1727.1,25.33,53.0,27.28
2026-07-07,7503.85,2026-12-31,177.0,5925.0,1722.5,25.31,53.25,27.25
2026-07-07,7503.85,2026-12-31,177.0,5930.0,1717.8,25.28,53.5,27.21
2026-07-07,7503.85,2026-12-31,177.0,5940.0,1708.6,25.24,54.0,27.13
2026-07-07,7503.85,2026-12-31,177.0,5950.0,1699.3,25.18,54.5,27.06
2026-07-07,7503.85,2026-12-31,177.0,5960.0,1690.1,25.14,55.05,26.99
2026-07-07,7503.85,2026-12-31,177.0,5970.0,1679.85,24.94,55.6,26.92
2026-07-07,7503.85,2026-12-31,177.0,5975.0,1676.2,25.06,55.85,26.88
2026-07-07,7503.85,2026-12-31,177.0,5980.0,1670.65,24.9,56.1,26.84
2026-07-07,7503.85,2026-12-31,177.0,5990.0,1661.35,24.85,56.7,26.77
2026-07-07,7503.85,2026-12-31,177.0,6000.0,1653.1,24.94,57.25,26.7
2026-07-07,7503.85,2026-12-31,177.0,6005.0,1647.55,24.78,57.5,26.66
2026-07-07,7503.85,2026-12-31,177.0,6010.0,1642.95,24.76,57.8,26.62
2026-07-07,7503.85,2026-12-31,177.0,6015.0,1638.35,24.73,58.05,26.58
2026-07-07,7503.85,2026-12-31,177.0,6020.0,1633.75,24.71,58.35,26.55
2026-07-07,7503.85,2026-12-31,177.0,6025.0,1630.1,24.82,58.65,26.52
2026-07-07,7503.85,2026-12-31,177.0,6030.0,1624.5,24.66,58.9,26.47
2026-07-07,7503.85,2026-12-31,177.0,6035.0,1619.9,24.63,59.2,26.44
2026-07-07,7503.85,2026-12-31,177.0,6040.0,1615.3,24.61,59.5,26.4
2026-07-07,7503.85,2026-12-31,177.0,6045.0,1610.7,24.58,59.8,26.37
2026-07-07,7503.85,2026-12-31,177.0,6050.0,1607.2,24.71,60.05,26.33
2026-07-07,7503.85,2026-12-31,177.0,6055.0,1601.55,24.54,60.3,26.29
2026-07-07,7503.85,2026-12-31,177.0,6060.0,1596.95,24.51,60.65,26.26
2026-07-07,7503.85,2026-12-31,177.0,6065.0,1592.35,24.49,60.95,26.22
2026-07-07,7503.85,2026-12-31,177.0,6070.0,1587.75,24.46,61.25,26.19
2026-07-07,7503.85,2026-12-31,177.0,6075.0,1584.1,24.56,61.55,26.15
2026-07-07,7503.85,2026-12-31,177.0,6080.0,1578.55,24.41,61.85,26.11
2026-07-07,7503.85,2026-12-31,177.0,6085.0,1573.95,24.38,62.1,26.07
2026-07-07,7503.85,2026-12-31,177.0,6090.0,1569.4,24.36,62.45,26.04
2026-07-07,7503.85,2026-12-31,177.0,6095.0,1567.0,24.62,62.75,26.0
2026-07-07,7503.85,2026-12-31,177.0,6100.0,1562.1,24.55,63.1,25.97
2026-07-07,7503.85,2026-12-31,177.0,6105.0,1557.85,24.57,63.4,25.93
2026-07-07,7503.85,2026-12-31,177.0,6110.0,1552.85,24.49,63.7,25.9
2026-07-07,7503.85,2026-12-31,177.0,6115.0,1548.7,24.52,64.0,25.86
2026-07-07,7503.85,2026-12-31,177.0,6120.0,1544.1,24.49,64.35,25.83
2026-07-07,7503.85,2026-12-31,177.0,6125.0,1539.55,24.46,64.65,25.79
2026-07-07,7503.85,2026-12-31,177.0,6130.0,1534.55,24.38,64.95,25.75
2026-07-07,7503.85,2026-12-31,177.0,6135.0,1530.4,24.41,65.3,25.72
2026-07-07,7503.85,2026-12-31,177.0,6140.0,1525.85,24.38,65.6,25.68
2026-07-07,7503.85,2026-12-31,177.0,6145.0,1520.85,24.3,65.95,25.65
2026-07-07,7503.85,2026-12-31,177.0,6150.0,1516.7,24.33,66.25,25.61
2026-07-07,7503.85,2026-12-31,177.0,6155.0,1512.15,24.3,66.6,25.57
2026-07-07,7503.85,2026-12-31,177.0,6160.0,1507.6,24.28,66.9,25.54
2026-07-07,7503.85,2026-12-31,177.0,6165.0,1503.0,24.24,67.25,25.5
2026-07-07,7503.85,2026-12-31,177.0,6170.0,1498.05,24.17,67.6,25.47
2026-07-07,7503.85,2026-12-31,177.0,6175.0,1493.9,24.19,67.9,25.43
2026-07-07,7503.85,2026-12-31,177.0,6180.0,1489.35,24.16,68.25,25.39
2026-07-07,7503.85,2026-12-31,177.0,6185.0,1484.8,24.14,68.6,25.36
2026-07-07,7503.85,2026-12-31,177.0,6190.0,1480.25,24.11,68.95,25.32
2026-07-07,7503.85,2026-12-31,177.0,6195.0,1475.7,24.08,69.25,25.28
2026-07-07,7503.85,2026-12-31,177.0,6200.0,1471.1,24.05,69.6,25.25
2026-07-07,7503.85,2026-12-31,177.0,6205.0,1466.6,24.03,69.95,25.21
2026-07-07,7503.85,2026-12-31,177.0,6210.0,1462.1,24.0,70.3,25.18
2026-07-07,7503.85,2026-12-31,177.0,6215.0,1457.15,23.93,70.65,25.14
2026-07-07,7503.85,2026-12-31,177.0,6220.0,1453.0,23.95,71.0,25.11
2026-07-07,7503.85,2026-12-31,177.0,6225.0,1448.45,23.92,71.4,25.07
2026-07-07,7503.85,2026-12-31,177.0,6230.0,1443.9,23.89,71.75,25.04
2026-07-07,7503.85,2026-12-31,177.0,6235.0,1439.4,23.86,72.1,25.0
2026-07-07,7503.85,2026-12-31,177.0,6240.0,1434.55,23.8,72.45,24.97
2026-07-07,7503.85,2026-12-31,177.0,6245.0,1430.3,23.8,72.8,24.93
2026-07-07,7503.85,2026-12-31,177.0,6250.0,1425.8,23.78,73.15,24.89
2026-07-07,7503.85,2026-12-31,177.0,6255.0,1421.3,23.75,73.55,24.86
2026-07-07,7503.85,2026-12-31,177.0,6260.0,1416.8,23.73,73.9,24.82
2026-07-07,7503.85,2026-12-31,177.0,6265.0,1412.2,23.69,74.3,24.79
2026-07-07,7503.85,2026-12-31,177.0,6270.0,1407.7,23.67,74.65,24.75
2026-07-07,7503.85,2026-12-31,177.0,6275.0,1403.2,23.64,75.0,24.71
2026-07-07,7503.85,2026-12-31,177.0,6280.0,1398.7,23.62,75.4,24.68
2026-07-07,7503.85,2026-12-31,177.0,6285.0,1394.2,23.59,75.75,24.64
2026-07-07,7503.85,2026-12-31,177.0,6290.0,1389.7,23.56,76.15,24.61
2026-07-07,7503.85,2026-12-31,177.0,6295.0,1385.2,23.53,76.55,24.57
2026-07-07,7503.85,2026-12-31,177.0,6300.0,1380.65,23.5,77.0,24.55
2026-07-07,7503.85,2026-12-31,177.0,6305.0,1375.8,23.44,77.3,24.5
2026-07-07,7503.85,2026-12-31,177.0,6310.0,1371.3,23.41,77.7,24.47
2026-07-07,7503.85,2026-12-31,177.0,6315.0,1366.8,23.38,78.1,24.43
2026-07-07,7503.85,2026-12-31,177.0,6320.0,1362.65,23.39,78.5,24.4
2026-07-07,7503.85,2026-12-31,177.0,6325.0,1358.15,23.36,78.85,24.36
2026-07-07,7503.85,2026-12-31,177.0,6330.0,1353.65,23.33,79.25,24.32
2026-07-07,7503.85,2026-12-31,177.0,6335.0,1348.85,23.27,79.65,24.29
2026-07-07,7503.85,2026-12-31,177.0,6340.0,1344.35,23.24,80.05,24.25
2026-07-07,7503.85,2026-12-31,177.0,6345.0,1339.9,23.22,80.45,24.22
2026-07-07,7503.85,2026-12-31,177.0,6350.0,1335.35,23.18,80.85,24.18
2026-07-07,7503.85,2026-12-31,177.0,6355.0,1330.9,23.16,81.25,24.14
2026-07-07,7503.85,2026-12-31,177.0,6360.0,1326.4,23.13,81.8,24.12
2026-07-07,7503.85,2026-12-31,177.0,6365.0,1321.95,23.1,82.15,24.08
2026-07-07,7503.85,2026-12-31,177.0,6370.0,1317.5,23.08,82.55,24.04
2026-07-07,7503.85,2026-12-31,177.0,6375.0,1313.0,23.05,82.95,24.01
2026-07-07,7503.85,2026-12-31,177.0,6380.0,1308.5,23.01,83.35,23.97
2026-07-07,7503.85,2026-12-31,177.0,6385.0,1304.05,22.99,83.85,23.94
2026-07-07,7503.85,2026-12-31,177.0,6390.0,1299.6,22.96,84.25,23.9
2026-07-07,7503.85,2026-12-31,177.0,6395.0,1295.1,22.93,84.65,23.86
2026-07-07,7503.85,2026-12-31,177.0,6400.0,1290.7,22.91,85.05,23.83
2026-07-07,7503.85,2026-12-31,177.0,6405.0,1286.2,22.87,85.55,23.8
2026-07-07,7503.85,2026-12-31,177.0,6410.0,1281.7,22.84,85.95,23.76
2026-07-07,7503.85,2026-12-31,177.0,6415.0,1277.3,22.82,86.35,23.72
2026-07-07,7503.85,2026-12-31,177.0,6420.0,1272.8,22.79,86.85,23.69
2026-07-07,7503.85,2026-12-31,177.0,6425.0,1268.4,22.76,87.25,23.65
2026-07-07,7503.85,2026-12-31,177.0,6430.0,1263.9,22.73,87.75,23.62
2026-07-07,7503.85,2026-12-31,177.0,6435.0,1259.5,22.7,88.15,23.58
2026-07-07,7503.85,2026-12-31,177.0,6440.0,1255.05,22.67,88.6,23.55
2026-07-07,7503.85,2026-12-31,177.0,6445.0,1250.65,22.65,89.05,23.51
2026-07-07,7503.85,2026-12-31,177.0,6450.0,1246.2,22.62,89.6,23.48
2026-07-07,7503.85,2026-12-31,177.0,6455.0,1241.75,22.59,89.95,23.44
2026-07-07,7503.85,2026-12-31,177.0,6460.0,1237.35,22.56,90.45,23.41
2026-07-07,7503.85,2026-12-31,177.0,6465.0,1232.95,22.54,90.95,23.38
2026-07-07,7503.85,2026-12-31,177.0,6470.0,1228.45,22.5,91.35,23.33
2026-07-07,7503.85,2026-12-31,177.0,6475.0,1224.05,22.47,91.8,23.3
2026-07-07,7503.85,2026-12-31,177.0,6480.0,1219.65,22.45,92.35,23.27
2026-07-07,7503.85,2026-12-31,177.0,6485.0,1215.25,22.42,92.75,23.23
2026-07-07,7503.85,2026-12-31,177.0,6490.0,1210.75,22.38,93.25,23.2
2026-07-07,7503.85,2026-12-31,177.0,6495.0,1206.35,22.36,93.75,23.16
2026-07-07,7503.85,2026-12-31,177.0,6500.0,1201.95,22.33,94.35,23.14
2026-07-07,7503.85,2026-12-31,177.0,6505.0,1197.55,22.3,94.75,23.09
2026-07-07,7503.85,2026-12-31,177.0,6510.0,1193.15,22.27,95.25,23.06
2026-07-07,7503.85,2026-12-31,177.0,6515.0,1188.75,22.24,95.65,23.02
2026-07-07,7503.85,2026-12-31,177.0,6520.0,1184.35,22.21,96.15,22.98
2026-07-07,7503.85,2026-12-31,177.0,6525.0,1179.95,22.18,96.6,22.94
2026-07-07,7503.85,2026-12-31,177.0,6530.0,1175.55,22.15,97.1,22.91
2026-07-07,7503.85,2026-12-31,177.0,6535.0,1171.15,22.12,97.6,22.87
2026-07-07,7503.85,2026-12-31,177.0,6540.0,1166.75,22.09,98.1,22.84
2026-07-07,7503.85,2026-12-31,177.0,6545.0,1162.35,22.06,98.6,22.8
2026-07-07,7503.85,2026-12-31,177.0,6550.0,1158.0,22.04,99.1,22.77
2026-07-07,7503.85,2026-12-31,177.0,6555.0,1153.6,22.01,99.6,22.73
2026-07-07,7503.85,2026-12-31,177.0,6560.0,1149.25,21.98,100.25,22.71
2026-07-07,7503.85,2026-12-31,177.0,6565.0,1144.85,21.95,100.75,22.67
2026-07-07,7503.85,2026-12-31,177.0,6570.0,1140.5,21.92,101.2,22.63
2026-07-07,7503.85,2026-12-31,177.0,6575.0,1136.1,21.89,101.7,22.59
2026-07-07,7503.85,2026-12-31,177.0,6580.0,1131.75,21.86,102.2,22.56
2026-07-07,7503.85,2026-12-31,177.0,6585.0,1127.4,21.83,102.75,22.52
2026-07-07,7503.85,2026-12-31,177.0,6590.0,1123.0,21.8,103.3,22.49
2026-07-07,7503.85,2026-12-31,177.0,6595.0,1118.65,21.77,103.8,22.45
2026-07-07,7503.85,2026-12-31,177.0,6600.0,1114.3,21.74,104.5,22.43
2026-07-07,7503.85,2026-12-31,177.0,6605.0,1109.9,21.71,104.9,22.38
2026-07-07,7503.85,2026-12-31,177.0,6610.0,1105.6,21.68,105.5,22.35
2026-07-07,7503.85,2026-12-31,177.0,6615.0,1101.2,21.65,106.0,22.31
2026-07-07,7503.85,2026-12-31,177.0,6620.0,1096.9,21.62,106.6,22.28
2026-07-07,7503.85,2026-12-31,177.0,6625.0,1092.55,21.59,107.1,22.24
2026-07-07,7503.85,2026-12-31,177.0,6630.0,1088.2,21.56,107.7,22.21
2026-07-07,7503.85,2026-12-31,177.0,6635.0,1083.9,21.53,108.15,22.17
2026-07-07,7503.85,2026-12-31,177.0,6640.0,1079.5,21.5,108.8,22.14
2026-07-07,7503.85,2026-12-31,177.0,6645.0,1075.2,21.47,109.3,22.1
2026-07-07,7503.85,2026-12-31,177.0,6650.0,1070.9,21.44,109.95,22.07
2026-07-07,7503.85,2026-12-31,177.0,6655.0,1066.6,21.41,110.45,22.03
2026-07-07,7503.85,2026-12-31,177.0,6660.0,1062.2,21.38,111.0,21.99
2026-07-07,7503.85,2026-12-31,177.0,6665.0,1057.9,21.35,111.6,21.96
2026-07-07,7503.85,2026-12-31,177.0,6670.0,1053.6,21.32,112.2,21.92
2026-07-07,7503.85,2026-12-31,177.0,6675.0,1049.3,21.29,112.75,21.89
2026-07-07,7503.85,2026-12-31,177.0,6680.0,1045.0,21.26,113.35,21.85
2026-07-07,7503.85,2026-12-31,177.0,6685.0,1040.7,21.23,113.95,21.82
2026-07-07,7503.85,2026-12-31,177.0,6690.0,1036.4,21.2,114.55,21.78
2026-07-07,7503.85,2026-12-31,177.0,6695.0,1032.1,21.17,115.1,21.74
2026-07-07,7503.85,2026-12-31,177.0,6700.0,1027.8,21.14,115.8,21.72
2026-07-07,7503.85,2026-12-31,177.0,6705.0,1023.5,21.11,116.25,21.67
2026-07-07,7503.85,2026-12-31,177.0,6710.0,1019.2,21.08,116.95,21.64
2026-07-07,7503.85,2026-12-31,177.0,6715.0,1014.9,21.04,117.5,21.6
2026-07-07,7503.85,2026-12-31,177.0,6720.0,1010.65,21.02,118.15,21.57
2026-07-07,7503.85,2026-12-31,177.0,6725.0,1006.4,20.99,118.8,21.54
2026-07-07,7503.85,2026-12-31,177.0,6730.0,1002.1,20.96,119.35,21.49
2026-07-07,7503.85,2026-12-31,177.0,6735.0,997.8,20.92,120.0,21.46
2026-07-07,7503.85,2026-12-31,177.0,6740.0,993.55,20.89,120.65,21.43
2026-07-07,7503.85,2026-12-31,177.0,6745.0,989.3,20.86,121.35,21.4
2026-07-07,7503.85,2026-12-31,177.0,6750.0,985.05,20.83,121.85,21.35
2026-07-07,7503.85,2026-12-31,177.0,6755.0,980.8,20.8,122.45,21.31
2026-07-07,7503.85,2026-12-31,177.0,6760.0,976.5,20.77,123.15,21.28
2026-07-07,7503.85,2026-12-31,177.0,6765.0,972.25,20.74,123.8,21.25
2026-07-07,7503.85,2026-12-31,177.0,6770.0,968.0,20.71,124.45,21.21
2026-07-07,7503.85,2026-12-31,177.0,6775.0,963.75,20.68,125.1,21.18
2026-07-07,7503.85,2026-12-31,177.0,6780.0,959.55,20.65,125.75,21.14
2026-07-07,7503.85,2026-12-31,177.0,6785.0,955.3,20.62,126.4,21.1
2026-07-07,7503.85,2026-12-31,177.0,6790.0,951.1,20.59,127.05,21.07
2026-07-07,7503.85,2026-12-31,177.0,6795.0,946.9,20.56,127.75,21.04
2026-07-07,7503.85,2026-12-31,177.0,6800.0,942.6,20.52,128.4,21.0
2026-07-07,7503.85,2026-12-31,177.0,6805.0,938.4,20.49,129.0,20.96
2026-07-07,7503.85,2026-12-31,177.0,6810.0,934.2,20.46,129.75,20.93
2026-07-07,7503.85,2026-12-31,177.0,6815.0,930.0,20.43,130.45,20.89
2026-07-07,7503.85,2026-12-31,177.0,6820.0,925.8,20.4,131.05,20.85
2026-07-07,7503.85,2026-12-31,177.0,6825.0,921.6,20.37,131.8,20.82
2026-07-07,7503.85,2026-12-31,177.0,6830.0,917.4,20.34,132.5,20.78
2026-07-07,7503.85,2026-12-31,177.0,6835.0,913.2,20.31,133.15,20.75
2026-07-07,7503.85,2026-12-31,177.0,6840.0,909.0,20.28,133.85,20.71
2026-07-07,7503.85,2026-12-31,177.0,6845.0,904.8,20.25,134.55,20.67
2026-07-07,7503.85,2026-12-31,177.0,6850.0,900.6,20.22,135.25,20.64
2026-07-07,7503.85,2026-12-31,177.0,6855.0,896.45,20.19,135.9,20.6
2026-07-07,7503.85,2026-12-31,177.0,6860.0,892.25,20.15,136.7,20.57
2026-07-07,7503.85,2026-12-31,177.0,6865.0,888.05,20.12,137.45,20.53
2026-07-07,7503.85,2026-12-31,177.0,6870.0,883.95,20.09,138.15,20.5
2026-07-07,7503.85,2026-12-31,177.0,6875.0,879.75,20.06,138.8,20.46
2026-07-07,7503.85,2026-12-31,177.0,6880.0,875.55,20.03,139.55,20.42
2026-07-07,7503.85,2026-12-31,177.0,6885.0,871.45,20.0,140.35,20.39
2026-07-07,7503.85,2026-12-31,177.0,6890.0,867.3,19.97,141.0,20.35
2026-07-07,7503.85,2026-12-31,177.0,6895.0,863.15,19.94,141.8,20.32
2026-07-07,7503.85,2026-12-31,177.0,6900.0,858.95,19.9,142.5,20.28
2026-07-07,7503.85,2026-12-31,177.0,6905.0,854.85,19.87,143.3,20.24
2026-07-07,7503.85,2026-12-31,177.0,6910.0,850.75,19.84,144.1,20.21
2026-07-07,7503.85,2026-12-31,177.0,6915.0,846.55,19.81,144.85,20.17
2026-07-07,7503.85,2026-12-31,177.0,6920.0,842.45,19.78,145.6,20.14
2026-07-07,7503.85,2026-12-31,177.0,6925.0,838.35,19.75,146.4,20.1
2026-07-07,7503.85,2026-12-31,177.0,6930.0,834.2,19.72,147.1,20.06
2026-07-07,7503.85,2026-12-31,177.0,6935.0,830.1,19.68,147.9,20.03
2026-07-07,7503.85,2026-12-31,177.0,6940.0,826.0,19.65,148.7,19.99
2026-07-07,7503.85,2026-12-31,177.0,6945.0,821.9,19.62,149.5,19.96
2026-07-07,7503.85,2026-12-31,177.0,6950.0,817.8,19.59,150.3,19.92
2026-07-07,7503.85,2026-12-31,177.0,6955.0,813.7,19.56,151.1,19.89
2026-07-07,7503.85,2026-12-31,177.0,6960.0,809.6,19.53,151.9,19.85
2026-07-07,7503.85,2026-12-31,177.0,6965.0,805.5,19.49,152.7,19.81
2026-07-07,7503.85,2026-12-31,177.0,6970.0,801.45,19.46,153.5,19.78
2026-07-07,7503.85,2026-12-31,177.0,6975.0,797.35,19.43,154.25,19.74
2026-07-07,7503.85,2026-12-31,177.0,6980.0,793.3,19.4,155.2,19.71
2026-07-07,7503.85,2026-12-31,177.0,6985.0,789.25,19.37,155.9,19.66
2026-07-07,7503.85,2026-12-31,177.0,6990.0,785.2,19.34,156.8,19.63
2026-07-07,7503.85,2026-12-31,177.0,6995.0,781.1,19.31,157.65,19.6
2026-07-07,7503.85,2026-12-31,177.0,7000.0,777.1,19.28,158.5,19.56
2026-07-07,7503.85,2026-12-31,177.0,7005.0,773.0,19.24,159.3,19.52
2026-07-07,7503.85,2026-12-31,177.0,7010.0,769.0,19.21,160.2,19.49
2026-07-07,7503.85,2026-12-31,177.0,7015.0,765.0,19.18,161.0,19.45
2026-07-07,7503.85,2026-12-31,177.0,7020.0,760.9,19.15,161.9,19.42
2026-07-07,7503.85,2026-12-31,177.0,7025.0,756.9,19.12,162.8,19.38
2026-07-07,7503.85,2026-12-31,177.0,7030.0,752.9,19.09,163.55,19.34
2026-07-07,7503.85,2026-12-31,177.0,7035.0,748.9,19.06,164.5,19.31
2026-07-07,7503.85,2026-12-31,177.0,7040.0,744.9,19.02,165.4,19.27
2026-07-07,7503.85,2026-12-31,177.0,7045.0,740.9,18.99,166.3,19.24
2026-07-07,7503.85,2026-12-31,177.0,7050.0,736.9,18.96,167.2,19.2
2026-07-07,7503.85,2026-12-31,177.0,7055.0,732.9,18.93,168.1,19.16
2026-07-07,7503.85,2026-12-31,177.0,7060.0,728.9,18.9,169.0,19.13
2026-07-07,7503.85,2026-12-31,177.0,7065.0,724.95,18.87,169.9,19.09
2026-07-07,7503.85,2026-12-31,177.0,7070.0,720.95,18.83,170.8,19.05
2026-07-07,7503.85,2026-12-31,177.0,7075.0,717.0,18.8,171.75,19.02
2026-07-07,7503.85,2026-12-31,177.0,7080.0,713.05,18.77,172.7,18.98
2026-07-07,7503.85,2026-12-31,177.0,7085.0,709.05,18.74,173.6,18.95
2026-07-07,7503.85,2026-12-31,177.0,7090.0,705.15,18.71,174.55,18.91
2026-07-07,7503.85,2026-12-31,177.0,7095.0,701.15,18.67,175.45,18.87
2026-07-07,7503.85,2026-12-31,177.0,7100.0,697.25,18.64,176.45,18.84
2026-07-07,7503.85,2026-12-31,177.0,7105.0,693.3,18.61,177.4,18.8
2026-07-07,7503.85,2026-12-31,177.0,7110.0,689.35,18.58,178.4,18.77
2026-07-07,7503.85,2026-12-31,177.0,7115.0,685.45,18.55,179.35,18.73
2026-07-07,7503.85,2026-12-31,177.0,7120.0,681.55,18.52,180.3,18.69
2026-07-07,7503.85,2026-12-31,177.0,7125.0,677.6,18.48,181.3,18.66
2026-07-07,7503.85,2026-12-31,177.0,7130.0,673.75,18.45,182.3,18.62
2026-07-07,7503.85,2026-12-31,177.0,7135.0,669.85,18.42,183.3,18.58
2026-07-07,7503.85,2026-12-31,177.0,7140.0,665.95,18.39,184.3,18.55
2026-07-07,7503.85,2026-12-31,177.0,7145.0,662.05,18.36,185.3,18.51
2026-07-07,7503.85,2026-12-31,177.0,7150.0,658.2,18.33,186.35,18.48
2026-07-07,7503.85,2026-12-31,177.0,7155.0,654.3,18.29,187.4,18.44
2026-07-07,7503.85,2026-12-31,177.0,7160.0,650.45,18.26,188.4,18.4
2026-07-07,7503.85,2026-12-31,177.0,7165.0,646.6,18.23,189.4,18.37
2026-07-07,7503.85,2026-12-31,177.0,7170.0,642.75,18.2,190.45,18.33
2026-07-07,7503.85,2026-12-31,177.0,7175.0,638.9,18.17,191.5,18.29
2026-07-07,7503.85,2026-12-31,177.0,7180.0,635.1,18.14,192.55,18.26
2026-07-07,7503.85,2026-12-31,177.0,7185.0,631.1,18.1,193.6,18.22
2026-07-07,7503.85,2026-12-31,177.0,7190.0,627.4,18.07,194.7,18.19
2026-07-07,7503.85,2026-12-31,177.0,7195.0,623.6,18.04,195.8,18.15
2026-07-07,7503.85,2026-12-31,177.0,7200.0,619.9,18.02,196.85,18.11
2026-07-07,7503.85,2026-12-31,177.0,7205.0,616.1,17.99,197.95,18.08
2026-07-07,7503.85,2026-12-31,177.0,7210.0,612.3,17.95,199.05,18.04
2026-07-07,7503.85,2026-12-31,177.0,7215.0,608.5,17.92,200.1,18.0
2026-07-07,7503.85,2026-12-31,177.0,7220.0,604.75,17.89,201.25,17.97
2026-07-07,7503.85,2026-12-31,177.0,7225.0,600.95,17.86,202.4,17.93
2026-07-07,7503.85,2026-12-31,177.0,7230.0,597.15,17.83,203.5,17.89
2026-07-07,7503.85,2026-12-31,177.0,7235.0,593.45,17.8,204.6,17.86
2026-07-07,7503.85,2026-12-31,177.0,7240.0,589.65,17.76,205.75,17.82
2026-07-07,7503.85,2026-12-31,177.0,7245.0,585.95,17.73,206.95,17.79
2026-07-07,7503.85,2026-12-31,177.0,7250.0,582.25,17.7,208.05,17.75
2026-07-07,7503.85,2026-12-31,177.0,7255.0,578.45,17.67,209.25,17.71
2026-07-07,7503.85,2026-12-31,177.0,7260.0,574.75,17.64,210.45,17.68
2026-07-07,7503.85,2026-12-31,177.0,7265.0,571.05,17.61,211.65,17.64
2026-07-07,7503.85,2026-12-31,177.0,7270.0,567.4,17.58,212.8,17.6
2026-07-07,7503.85,2026-12-31,177.0,7275.0,563.65,17.55,213.95,17.57
2026-07-07,7503.85,2026-12-31,177.0,7280.0,559.95,17.51,215.15,17.53
2026-07-07,7503.85,2026-12-31,177.0,7285.0,556.3,17.48,216.45,17.5
2026-07-07,7503.85,2026-12-31,177.0,7290.0,552.6,17.45,217.65,17.46
2026-07-07,7503.85,2026-12-31,177.0,7295.0,548.95,17.42,218.85,17.42
2026-07-07,7503.85,2026-12-31,177.0,7300.0,545.3,17.39,220.1,17.39
2026-07-07,7503.85,2026-12-31,177.0,7305.0,541.65,17.36,221.35,17.35
2026-07-07,7503.85,2026-12-31,177.0,7310.0,538.0,17.33,222.6,17.32
2026-07-07,7503.85,2026-12-31,177.0,7315.0,534.4,17.3,223.85,17.28
2026-07-07,7503.85,2026-12-31,177.0,7320.0,530.95,17.28,225.15,17.24
2026-07-07,7503.85,2026-12-31,177.0,7325.0,527.15,17.24,226.4,17.21
2026-07-07,7503.85,2026-12-31,177.0,7330.0,523.55,17.2,227.7,17.17
2026-07-07,7503.85,2026-12-31,177.0,7335.0,519.95,17.17,229.0,17.13
2026-07-07,7503.85,2026-12-31,177.0,7340.0,516.4,17.14,230.3,17.1
2026-07-07,7503.85,2026-12-31,177.0,7345.0,512.8,17.11,231.6,17.06
2026-07-07,7503.85,2026-12-31,177.0,7350.0,509.3,17.09,232.95,17.03
2026-07-07,7503.85,2026-12-31,177.0,7355.0,505.7,17.05,234.3,16.99
2026-07-07,7503.85,2026-12-31,177.0,7360.0,502.2,17.02,235.6,16.95
2026-07-07,7503.85,2026-12-31,177.0,7365.0,498.6,16.99,237.0,16.92
2026-07-07,7503.85,2026-12-31,177.0,7370.0,495.2,16.97,238.3,16.88
2026-07-07,7503.85,2026-12-31,177.0,7375.0,491.5,16.93,239.65,16.84
2026-07-07,7503.85,2026-12-31,177.0,7380.0,488.1,16.9,241.1,16.81
2026-07-07,7503.85,2026-12-31,177.0,7385.0,484.6,16.87,242.5,16.77
2026-07-07,7503.85,2026-12-31,177.0,7390.0,481.0,16.84,243.9,16.74
2026-07-07,7503.85,2026-12-31,177.0,7395.0,477.7,16.82,245.3,16.7
2026-07-07,7503.85,2026-12-31,177.0,7400.0,474.05,16.78,246.6,16.66
2026-07-07,7503.85,2026-12-31,177.0,7405.0,470.7,16.75,248.1,16.63
2026-07-07,7503.85,2026-12-31,177.0,7410.0,467.15,16.72,249.6,16.59
2026-07-07,7503.85,2026-12-31,177.0,7415.0,463.7,16.69,251.0,16.55
2026-07-07,7503.85,2026-12-31,177.0,7420.0,460.35,16.66,252.5,16.52
2026-07-07,7503.85,2026-12-31,177.0,7425.0,456.85,16.63,253.95,16.48
2026-07-07,7503.85,2026-12-31,177.0,7430.0,453.45,16.6,255.4,16.44
2026-07-07,7503.85,2026-12-31,177.0,7435.0,450.05,16.57,256.9,16.41
2026-07-07,7503.85,2026-12-31,177.0,7440.0,446.6,16.53,258.4,16.37
2026-07-07,7503.85,2026-12-31,177.0,7445.0,443.35,16.51,259.9,16.34
2026-07-07,7503.85,2026-12-31,177.0,7450.0,440.0,16.48,261.45,16.3
2026-07-07,7503.85,2026-12-31,177.0,7455.0,436.55,16.45,263.05,16.27
2026-07-07,7503.85,2026-12-31,177.0,7460.0,433.3,16.42,264.55,16.23
2026-07-07,7503.85,2026-12-31,177.0,7465.0,429.95,16.39,266.1,16.19
2026-07-07,7503.85,2026-12-31,177.0,7470.0,426.55,16.36,267.65,16.16
2026-07-07,7503.85,2026-12-31,177.0,7475.0,423.25,16.33,269.25,16.12
2026-07-07,7503.85,2026-12-31,177.0,7480.0,419.95,16.3,270.85,16.09
2026-07-07,7503.85,2026-12-31,177.0,7485.0,416.65,16.27,272.45,16.05
2026-07-07,7503.85,2026-12-31,177.0,7490.0,413.45,16.25,274.05,16.01
2026-07-07,7503.85,2026-12-31,177.0,7495.0,410.15,16.22,275.65,15.98
2026-07-07,7503.85,2026-12-31,177.0,7500.0,406.8,16.18,277.25,15.94
2026-07-07,7503.85,2026-12-31,177.0,7505.0,403.5,16.15,278.85,15.9
2026-07-07,7503.85,2026-12-31,177.0,7510.0,400.25,16.12,280.55,15.87
2026-07-07,7503.85,2026-12-31,177.0,7515.0,397.05,16.1,282.25,15.83
2026-07-07,7503.85,2026-12-31,177.0,7520.0,393.8,16.07,284.0,15.8
2026-07-07,7503.85,2026-12-31,177.0,7525.0,390.65,16.04,285.65,15.76
2026-07-07,7503.85,2026-12-31,177.0,7530.0,387.45,16.01,287.4,15.73
2026-07-07,7503.85,2026-12-31,177.0,7535.0,384.25,15.98,289.05,15.69
2026-07-07,7503.85,2026-12-31,177.0,7540.0,381.1,15.95,290.8,15.65
2026-07-07,7503.85,2026-12-31,177.0,7545.0,378.0,15.93,292.6,15.62
2026-07-07,7503.85,2026-12-31,177.0,7550.0,374.8,15.9,294.3,15.58
2026-07-07,7503.85,2026-12-31,177.0,7555.0,371.75,15.87,296.05,15.54
2026-07-07,7503.85,2026-12-31,177.0,7560.0,368.6,15.84,297.85,15.51
2026-07-07,7503.85,2026-12-31,177.0,7565.0,365.5,15.81,299.65,15.47
2026-07-07,7503.85,2026-12-31,177.0,7570.0,362.45,15.79,301.45,15.44
2026-07-07,7503.85,2026-12-31,177.0,7575.0,359.35,15.76,303.25,15.4
2026-07-07,7503.85,2026-12-31,177.0,7580.0,356.3,15.73,305.1,15.36
2026-07-07,7503.85,2026-12-31,177.0,7585.0,353.25,15.71,306.95,15.33
2026-07-07,7503.85,2026-12-31,177.0,7590.0,350.2,15.68,308.85,15.29
2026-07-07,7503.85,2026-12-31,177.0,7595.0,347.2,15.65,310.75,15.26
2026-07-07,7503.85,2026-12-31,177.0,7600.0,344.2,15.62,312.6,15.22
2026-07-07,7503.85,2026-12-31,177.0,7605.0,341.2,15.6,314.5,15.18
2026-07-07,7503.85,2026-12-31,177.0,7610.0,338.2,15.57,316.4,15.15
2026-07-07,7503.85,2026-12-31,177.0,7615.0,335.25,15.54,318.35,15.11
2026-07-07,7503.85,2026-12-31,177.0,7620.0,332.3,15.52,320.2,15.07
2026-07-07,7503.85,2026-12-31,177.0,7625.0,329.35,15.49,322.25,15.04
2026-07-07,7503.85,2026-12-31,177.0,7630.0,326.4,15.46,324.2,15.0
2026-07-07,7503.85,2026-12-31,177.0,7635.0,323.55,15.44,326.1,14.96
2026-07-07,7503.85,2026-12-31,177.0,7640.0,320.65,15.41,328.1,14.93
2026-07-07,7503.85,2026-12-31,177.0,7645.0,317.7,15.38,330.15,14.89
2026-07-07,7503.85,2026-12-31,177.0,7650.0,314.85,15.36,332.2,14.86
2026-07-07,7503.85,2026-12-31,177.0,7655.0,312.0,15.33,334.2,14.82
2026-07-07,7503.85,2026-12-31,177.0,7660.0,309.2,15.31,336.25,14.78
2026-07-07,7503.85,2026-12-31,177.0,7665.0,306.3,15.28,338.3,14.75
2026-07-07,7503.85,2026-12-31,177.0,7670.0,303.5,15.26,340.4,14.71
2026-07-07,7503.85,2026-12-31,177.0,7675.0,300.7,15.23,342.5,14.67
2026-07-07,7503.85,2026-12-31,177.0,7680.0,297.95,15.21,344.65,14.64
2026-07-07,7503.85,2026-12-31,177.0,7685.0,295.25,15.19,346.75,14.6
2026-07-07,7503.85,2026-12-31,177.0,7690.0,292.45,15.16,348.9,14.56
2026-07-07,7503.85,2026-12-31,177.0,7695.0,289.7,15.13,351.05,14.52
2026-07-07,7503.85,2026-12-31,177.0,7700.0,287.05,15.11,353.2,14.48
2026-07-07,7503.85,2026-12-31,177.0,7705.0,284.2,15.08,355.4,14.45
2026-07-07,7503.85,2026-12-31,177.0,7710.0,281.55,15.06,357.5,14.4
2026-07-07,7503.85,2026-12-31,177.0,7715.0,278.9,15.04,359.8,14.37
2026-07-07,7503.85,2026-12-31,177.0,7720.0,276.2,15.01,362.05,14.33
2026-07-07,7503.85,2026-12-31,177.0,7725.0,273.55,14.99,364.25,14.29
2026-07-07,7503.85,2026-12-31,177.0,7730.0,270.95,14.96,366.55,14.26
2026-07-07,7503.85,2026-12-31,177.0,7740.0,265.7,14.92,371.05,14.18
2026-07-07,7503.85,2026-12-31,177.0,7750.0,260.55,14.87,375.7,14.1
2026-07-07,7503.85,2026-12-31,177.0,7760.0,255.45,14.82,380.25,14.02
2026-07-07,7503.85,2026-12-31,177.0,7770.0,250.45,14.78,385.1,13.95
2026-07-07,7503.85,2026-12-31,177.0,7775.0,247.95,14.76,387.5,13.91
2026-07-07,7503.85,2026-12-31,177.0,7780.0,245.4,14.73,389.9,13.87
2026-07-07,7503.85,2026-12-31,177.0,7790.0,240.55,14.69,394.65,13.78
2026-07-07,7503.85,2026-12-31,177.0,7800.0,235.7,14.65,399.7,13.71
2026-07-07,7503.85,2026-12-31,177.0,7810.0,230.8,14.6,404.7,13.63
2026-07-07,7503.85,2026-12-31,177.0,7820.0,226.15,14.56,409.75,13.54
2026-07-07,7503.85,2026-12-31,177.0,7825.0,223.8,14.54,412.3,13.5
2026-07-07,7503.85,2026-12-31,177.0,7830.0,221.5,14.52,414.75,13.45
2026-07-07,7503.85,2026-12-31,177.0,7840.0,216.9,14.47,420.0,13.36
2026-07-07,7503.85,2026-12-31,177.0,7850.0,212.3,14.43,425.15,13.26
2026-07-07,7503.85,2026-12-31,177.0,7860.0,207.85,14.39,430.45,13.17
2026-07-07,7503.85,2026-12-31,177.0,7870.0,203.4,14.35,435.8,13.07
2026-07-07,7503.85,2026-12-31,177.0,7875.0,201.2,14.33,438.5,13.03
2026-07-07,7503.85,2026-12-31,177.0,7880.0,199.1,14.31,441.2,12.98
2026-07-07,7503.85,2026-12-31,177.0,7890.0,194.75,14.27,446.7,12.88
2026-07-07,7503.85,2026-12-31,177.0,7900.0,190.55,14.23,452.4,12.8
2026-07-07,7503.85,2026-12-31,177.0,7910.0,186.4,14.19,457.8,12.68
2026-07-07,7503.85,2026-12-31,177.0,7920.0,182.3,14.16,463.7,12.59
2026-07-07,7503.85,2026-12-31,177.0,7925.0,180.25,14.14,466.4,12.52
2026-07-07,7503.85,2026-12-31,177.0,7930.0,178.25,14.12,469.3,12.46
2026-07-07,7503.85,2026-12-31,177.0,7940.0,174.3,14.08,475.1,12.33
2026-07-07,7503.85,2026-12-31,177.0,7950.0,170.35,14.04,481.0,12.2
2026-07-07,7503.85,2026-12-31,177.0,7960.0,166.55,14.01,486.9,12.06
2026-07-07,7503.85,2026-12-31,177.0,7970.0,162.75,13.98,492.9,11.92
2026-07-07,7503.85,2026-12-31,177.0,7975.0,160.85,13.96,496.0,11.86
2026-07-07,7503.85,2026-12-31,177.0,7980.0,159.05,13.94,499.0,11.78
2026-07-07,7503.85,2026-12-31,177.0,7985.0,157.25,13.93,502.1,11.69
2026-07-07,7503.85,2026-12-31,177.0,7990.0,155.45,13.91,505.1,11.59
2026-07-07,7503.85,2026-12-31,177.0,7995.0,153.55,13.89,508.2,11.5
2026-07-07,7503.85,2026-12-31,177.0,8000.0,151.85,13.88,511.3,11.4
2026-07-07,7503.85,2026-12-31,177.0,8005.0,150.05,13.86,514.5,11.3
2026-07-07,7503.85,2026-12-31,177.0,8010.0,148.35,13.85,517.55,11.18
2026-07-07,7503.85,2026-12-31,177.0,8015.0,146.55,13.83,520.8,11.08
2026-07-07,7503.85,2026-12-31,177.0,8020.0,144.95,13.82,523.85,10.96
2026-07-07,7503.85,2026-12-31,177.0,8025.0,143.1,13.8,527.1,10.79
2026-07-07,7503.85,2026-12-31,177.0,8030.0,141.45,13.78,530.3,10.59
2026-07-07,7503.85,2026-12-31,177.0,8035.0,139.75,13.77,533.45,10.35
2026-07-07,7503.85,2026-12-31,177.0,8040.0,138.15,13.76,536.75,10.11
2026-07-07,7503.85,2026-12-31,177.0,8045.0,136.45,13.74,,
2026-07-07,7503.85,2026-12-31,177.0,8050.0,134.85,13.72,,
2026-07-07,7503.85,2026-12-31,177.0,8055.0,133.2,13.71,,
2026-07-07,7503.85,2026-12-31,177.0,8060.0,131.6,13.69,,
2026-07-07,7503.85,2026-12-31,177.0,8065.0,130.0,13.68,,
2026-07-07,7503.85,2026-12-31,177.0,8070.0,128.5,13.67,,
2026-07-07,7503.85,2026-12-31,177.0,8075.0,126.9,13.65,,
2026-07-07,7503.85,2026-12-31,177.0,8080.0,125.4,13.64,,
2026-07-07,7503.85,2026-12-31,177.0,8085.0,123.8,13.62,,
2026-07-07,7503.85,2026-12-31,177.0,8090.0,122.35,13.61,,
2026-07-07,7503.85,2026-12-31,177.0,8095.0,120.9,13.6,,
2026-07-07,7503.85,2026-12-31,177.0,8100.0,119.45,13.59,,
2026-07-07,7503.85,2026-12-31,177.0,8105.0,117.9,13.57,,
2026-07-07,7503.85,2026-12-31,177.0,8110.0,116.45,13.56,,
2026-07-07,7503.85,2026-12-31,177.0,8115.0,115.0,13.55,,
2026-07-07,7503.85,2026-12-31,177.0,8120.0,113.6,13.53,,
2026-07-07,7503.85,2026-12-31,177.0,8125.0,112.2,13.52,,
2026-07-07,7503.85,2026-12-31,177.0,8130.0,110.85,13.51,,
2026-07-07,7503.85,2026-12-31,177.0,8135.0,109.5,13.5,,
2026-07-07,7503.85,2026-12-31,177.0,8140.0,108.1,13.49,,
2026-07-07,7503.85,2026-12-31,177.0,8150.0,105.4,13.46,,
2026-07-07,7503.85,2026-12-31,177.0,8160.0,102.7,13.44,,
2026-07-07,7503.85,2026-12-31,177.0,8170.0,100.15,13.42,,
2026-07-07,7503.85,2026-12-31,177.0,8175.0,98.9,13.41,,
2026-07-07,7503.85,2026-12-31,177.0,8180.0,97.65,13.39,,
2026-07-07,7503.85,2026-12-31,177.0,8190.0,95.15,13.37,,
