date,spot,expiry,T_days,strike,call_mid,call_iv,put_mid,put_iv
2026-07-15,7575.51,2026-07-16,1.0,5800.0,1762.55,1.8514,0.03,1.4318
2026-07-15,7575.51,2026-07-16,1.0,5900.0,1663.0,1.8455,0.03,1.3446
2026-07-15,7575.51,2026-07-16,1.0,6000.0,1563.75,1.8437,0.03,1.2587
2026-07-15,7575.51,2026-07-16,1.0,6100.0,1463.8,1.7306,0.03,1.174
2026-07-15,7575.51,2026-07-16,1.0,6200.0,1363.05,1.513,0.03,1.0903
2026-07-15,7575.51,2026-07-16,1.0,6300.0,1262.6,1.3184,0.03,1.0077
2026-07-15,7575.51,2026-07-16,1.0,6325.0,1238.35,1.4156,0.03,0.9872
2026-07-15,7575.51,2026-07-16,1.0,6350.0,1213.25,1.3746,0.03,0.9667
2026-07-15,7575.51,2026-07-16,1.0,6375.0,1188.35,1.3593,0.03,0.9463
2026-07-15,7575.51,2026-07-16,1.0,6400.0,1164.2,1.4173,0.03,0.926
2026-07-15,7575.51,2026-07-16,1.0,6425.0,1138.25,1.2911,0.03,0.9057
2026-07-15,7575.51,2026-07-16,1.0,6450.0,1113.05,1.2371,0.03,0.8855
2026-07-15,7575.51,2026-07-16,1.0,6475.0,1088.15,1.2233,0.03,0.8653
2026-07-15,7575.51,2026-07-16,1.0,6500.0,1064.2,1.3004,0.03,0.8452
2026-07-15,7575.51,2026-07-16,1.0,6525.0,1037.25,0.9874,0.03,0.8251
2026-07-15,7575.51,2026-07-16,1.0,6550.0,1012.15,0.9145,0.03,0.8051
2026-07-15,7575.51,2026-07-16,1.0,6575.0,987.65,1.041,0.03,0.7851
2026-07-15,7575.51,2026-07-16,1.0,6600.0,962.55,0.9961,0.03,0.7652
2026-07-15,7575.51,2026-07-16,1.0,6625.0,938.0,1.0417,0.03,0.7453
2026-07-15,7575.51,2026-07-16,1.0,6650.0,913.05,1.0212,0.03,0.7255
2026-07-15,7575.51,2026-07-16,1.0,6675.0,888.05,0.9944,0.05,0.743
2026-07-15,7575.51,2026-07-16,1.0,6700.0,864.15,1.0656,0.05,0.7224
2026-07-15,7575.51,2026-07-16,1.0,6725.0,838.45,0.9816,0.05,0.7018
2026-07-15,7575.51,2026-07-16,1.0,6750.0,812.6,0.8531,0.05,0.6812
2026-07-15,7575.51,2026-07-16,1.0,6775.0,788.45,0.9267,0.05,0.6606
2026-07-15,7575.51,2026-07-16,1.0,6800.0,763.45,0.8993,0.08,0.6615
2026-07-15,7575.51,2026-07-16,1.0,6825.0,737.85,0.8121,0.05,0.6196
2026-07-15,7575.51,2026-07-16,1.0,6850.0,712.85,0.7861,0.08,0.6194
2026-07-15,7575.51,2026-07-16,1.0,6875.0,687.85,0.7602,0.08,0.5984
2026-07-15,7575.51,2026-07-16,1.0,6900.0,662.8,0.7284,0.05,0.5584
2026-07-15,7575.51,2026-07-16,1.0,6920.0,642.85,0.7135,0.08,0.5606
2026-07-15,7575.51,2026-07-16,1.0,6925.0,637.8,0.7027,0.08,0.5564
2026-07-15,7575.51,2026-07-16,1.0,6930.0,633.45,0.7569,0.08,0.5522
2026-07-15,7575.51,2026-07-16,1.0,6940.0,622.8,0.6872,0.08,0.5439
2026-07-15,7575.51,2026-07-16,1.0,6950.0,612.95,0.6928,0.08,0.5355
2026-07-15,7575.51,2026-07-16,1.0,6960.0,603.45,0.7241,0.08,0.5271
2026-07-15,7575.51,2026-07-16,1.0,6970.0,593.05,0.6812,0.08,0.5187
2026-07-15,7575.51,2026-07-16,1.0,6975.0,588.55,0.7146,0.08,0.5145
2026-07-15,7575.51,2026-07-16,1.0,6980.0,583.05,0.6706,0.08,0.5104
2026-07-15,7575.51,2026-07-16,1.0,6990.0,574.5,0.7517,0.08,0.502
2026-07-15,7575.51,2026-07-16,1.0,7000.0,564.5,0.7401,0.08,0.4936
2026-07-15,7575.51,2026-07-16,1.0,7010.0,554.5,0.7284,0.1,0.4978
2026-07-15,7575.51,2026-07-16,1.0,7020.0,544.45,0.7144,0.1,0.4893
2026-07-15,7575.51,2026-07-16,1.0,7025.0,539.45,0.7085,0.1,0.485
2026-07-15,7575.51,2026-07-16,1.0,7030.0,534.45,0.7027,0.1,0.4807
2026-07-15,7575.51,2026-07-16,1.0,7040.0,524.5,0.6934,0.1,0.4722
2026-07-15,7575.51,2026-07-16,1.0,7050.0,514.5,0.6817,0.1,0.4636
2026-07-15,7575.51,2026-07-16,1.0,7060.0,504.5,0.67,0.1,0.4551
2026-07-15,7575.51,2026-07-16,1.0,7070.0,494.5,0.6583,0.1,0.4465
2026-07-15,7575.51,2026-07-16,1.0,7075.0,489.5,0.6524,0.1,0.4422
2026-07-15,7575.51,2026-07-16,1.0,7080.0,484.5,0.6466,0.1,0.438
2026-07-15,7575.51,2026-07-16,1.0,7085.0,479.5,0.6407,0.1,0.4337
2026-07-15,7575.51,2026-07-16,1.0,7090.0,474.5,0.6349,0.1,0.4294
2026-07-15,7575.51,2026-07-16,1.0,7095.0,469.5,0.629,0.1,0.4251
2026-07-15,7575.51,2026-07-16,1.0,7100.0,464.5,0.6231,0.12,0.4298
2026-07-15,7575.51,2026-07-16,1.0,7105.0,459.55,0.6193,0.12,0.4255
2026-07-15,7575.51,2026-07-16,1.0,7110.0,454.55,0.6135,0.12,0.4211
2026-07-15,7575.51,2026-07-16,1.0,7115.0,449.55,0.6076,0.12,0.4168
2026-07-15,7575.51,2026-07-16,1.0,7120.0,444.55,0.6017,0.12,0.4124
2026-07-15,7575.51,2026-07-16,1.0,7125.0,439.55,0.5958,0.12,0.4081
2026-07-15,7575.51,2026-07-16,1.0,7130.0,434.55,0.5899,0.12,0.4037
2026-07-15,7575.51,2026-07-16,1.0,7135.0,429.55,0.584,0.12,0.3993
2026-07-15,7575.51,2026-07-16,1.0,7140.0,424.55,0.578,0.12,0.395
2026-07-15,7575.51,2026-07-16,1.0,7145.0,419.55,0.5721,0.15,0.3977
2026-07-15,7575.51,2026-07-16,1.0,7150.0,414.55,0.5662,0.12,0.3863
2026-07-15,7575.51,2026-07-16,1.0,7155.0,409.55,0.5603,0.15,0.3889
2026-07-15,7575.51,2026-07-16,1.0,7160.0,404.55,0.5544,0.15,0.3845
2026-07-15,7575.51,2026-07-16,1.0,7165.0,399.6,0.5503,0.15,0.38
2026-07-15,7575.51,2026-07-16,1.0,7170.0,394.6,0.5444,0.15,0.3756
2026-07-15,7575.51,2026-07-16,1.0,7175.0,389.6,0.5384,0.15,0.3712
2026-07-15,7575.51,2026-07-16,1.0,7180.0,384.6,0.5325,0.15,0.3667
2026-07-15,7575.51,2026-07-16,1.0,7185.0,379.6,0.5265,0.15,0.3623
2026-07-15,7575.51,2026-07-16,1.0,7190.0,374.6,0.5205,0.17,0.3636
2026-07-15,7575.51,2026-07-16,1.0,7195.0,369.6,0.5146,0.17,0.3591
2026-07-15,7575.51,2026-07-16,1.0,7200.0,364.6,0.5086,0.17,0.3546
2026-07-15,7575.51,2026-07-16,1.0,7205.0,359.6,0.5026,0.17,0.3501
2026-07-15,7575.51,2026-07-16,1.0,7210.0,354.6,0.4966,0.17,0.3456
2026-07-15,7575.51,2026-07-16,1.0,7215.0,349.6,0.4906,0.17,0.3411
2026-07-15,7575.51,2026-07-16,1.0,7220.0,344.6,0.4846,0.17,0.3366
2026-07-15,7575.51,2026-07-16,1.0,7225.0,339.65,0.4803,0.17,0.3321
2026-07-15,7575.51,2026-07-16,1.0,7230.0,334.65,0.4742,0.2,0.3323
2026-07-15,7575.51,2026-07-16,1.0,7235.0,329.65,0.4682,0.17,0.323
2026-07-15,7575.51,2026-07-16,1.0,7240.0,324.65,0.4622,0.2,0.3231
2026-07-15,7575.51,2026-07-16,1.0,7245.0,319.65,0.4561,0.2,0.3186
2026-07-15,7575.51,2026-07-16,1.0,7250.0,314.65,0.45,0.23,0.3181
2026-07-15,7575.51,2026-07-16,1.0,7255.0,309.65,0.444,0.23,0.3135
2026-07-15,7575.51,2026-07-16,1.0,7260.0,304.65,0.4379,0.23,0.3088
2026-07-15,7575.51,2026-07-16,1.0,7265.0,299.65,0.4318,0.23,0.3042
2026-07-15,7575.51,2026-07-16,1.0,7270.0,294.7,0.4272,0.23,0.2996
2026-07-15,7575.51,2026-07-16,1.0,7275.0,289.7,0.4211,0.23,0.2949
2026-07-15,7575.51,2026-07-16,1.0,7280.0,284.7,0.415,0.25,0.2938
2026-07-15,7575.51,2026-07-16,1.0,7285.0,279.7,0.4089,0.25,0.2891
2026-07-15,7575.51,2026-07-16,1.0,7290.0,274.7,0.4027,0.28,0.2876
2026-07-15,7575.51,2026-07-16,1.0,7295.0,269.7,0.3966,0.28,0.2829
2026-07-15,7575.51,2026-07-16,1.0,7300.0,264.7,0.3904,0.28,0.2781
2026-07-15,7575.51,2026-07-16,1.0,7305.0,259.7,0.3842,0.28,0.2733
2026-07-15,7575.51,2026-07-16,1.0,7310.0,254.75,0.3794,0.3,0.2714
2026-07-15,7575.51,2026-07-16,1.0,7315.0,249.75,0.3732,0.3,0.2666
2026-07-15,7575.51,2026-07-16,1.0,7320.0,244.75,0.367,0.32,0.2644
2026-07-15,7575.51,2026-07-16,1.0,7325.0,239.75,0.3607,0.32,0.2595
2026-07-15,7575.51,2026-07-16,1.0,7330.0,234.75,0.3545,0.32,0.2546
2026-07-15,7575.51,2026-07-16,1.0,7335.0,229.75,0.3482,0.35,0.2521
2026-07-15,7575.51,2026-07-16,1.0,7340.0,224.85,0.3445,0.38,0.2494
2026-07-15,7575.51,2026-07-16,1.0,7345.0,219.85,0.3381,0.38,0.2445
2026-07-15,7575.51,2026-07-16,1.0,7350.0,214.85,0.3318,0.4,0.2415
2026-07-15,7575.51,2026-07-16,1.0,7355.0,209.85,0.3254,0.43,0.2385
2026-07-15,7575.51,2026-07-16,1.0,7360.0,204.9,0.3202,0.45,0.2352
2026-07-15,7575.51,2026-07-16,1.0,7365.0,199.9,0.3138,0.47,0.2319
2026-07-15,7575.51,2026-07-16,1.0,7370.0,194.95,0.3085,0.5,0.2284
2026-07-15,7575.51,2026-07-16,1.0,7375.0,190.0,0.3032,0.53,0.2248
2026-07-15,7575.51,2026-07-16,1.0,7380.0,185.0,0.2967,0.57,0.2225
2026-07-15,7575.51,2026-07-16,1.0,7385.0,180.05,0.2913,0.6,0.2186
2026-07-15,7575.51,2026-07-16,1.0,7390.0,175.1,0.2858,0.65,0.2159
2026-07-15,7575.51,2026-07-16,1.0,7395.0,170.1,0.2792,0.7,0.2129
2026-07-15,7575.51,2026-07-16,1.0,7400.0,165.2,0.2746,0.75,0.2098
2026-07-15,7575.51,2026-07-16,1.0,7405.0,160.3,0.2698,0.82,0.2075
2026-07-15,7575.51,2026-07-16,1.0,7410.0,155.3,0.2631,0.88,0.2039
2026-07-15,7575.51,2026-07-16,1.0,7415.0,150.4,0.2582,0.95,0.201
2026-07-15,7575.51,2026-07-16,1.0,7420.0,145.5,0.2531,1.05,0.1988
2026-07-15,7575.51,2026-07-16,1.0,7425.0,140.6,0.248,1.15,0.1961
2026-07-15,7575.51,2026-07-16,1.0,7430.0,135.7,0.2427,1.25,0.1932
2026-07-15,7575.51,2026-07-16,1.0,7435.0,130.85,0.2381,1.38,0.1906
2026-07-15,7575.51,2026-07-16,1.0,7440.0,125.95,0.2326,1.52,0.1884
2026-07-15,7575.51,2026-07-16,1.0,7445.0,121.15,0.2285,1.67,0.1857
2026-07-15,7575.51,2026-07-16,1.0,7450.0,116.35,0.2241,1.85,0.1832
2026-07-15,7575.51,2026-07-16,1.0,7455.0,111.5,0.2188,2.05,0.1808
2026-07-15,7575.51,2026-07-16,1.0,7460.0,106.75,0.2147,2.25,0.1779
2026-07-15,7575.51,2026-07-16,1.0,7465.0,101.95,0.2096,2.5,0.1756
2026-07-15,7575.51,2026-07-16,1.0,7470.0,97.5,0.2086,2.8,0.1735
2026-07-15,7575.51,2026-07-16,1.0,7475.0,92.8,0.2042,3.1,0.1709
2026-07-15,7575.51,2026-07-16,1.0,7480.0,88.1,0.1994,3.45,0.1685
2026-07-15,7575.51,2026-07-16,1.0,7485.0,83.45,0.1949,3.85,0.1663
2026-07-15,7575.51,2026-07-16,1.0,7490.0,79.0,0.1921,4.3,0.164
2026-07-15,7575.51,2026-07-16,1.0,7495.0,74.5,0.1883,4.75,0.1612
2026-07-15,7575.51,2026-07-16,1.0,7500.0,70.05,0.1845,5.3,0.1588
2026-07-15,7575.51,2026-07-16,1.0,7505.0,65.65,0.1807,5.95,0.1568
2026-07-15,7575.51,2026-07-16,1.0,7510.0,61.35,0.1772,6.7,0.155
2026-07-15,7575.51,2026-07-16,1.0,7515.0,56.9,0.1719,7.4,0.1519
2026-07-15,7575.51,2026-07-16,1.0,7520.0,52.9,0.1697,8.3,0.1499
2026-07-15,7575.51,2026-07-16,1.0,7525.0,48.85,0.1665,9.3,0.1478
2026-07-15,7575.51,2026-07-16,1.0,7530.0,44.9,0.1632,10.3,0.1449
2026-07-15,7575.51,2026-07-16,1.0,7535.0,41.1,0.1603,11.5,0.1427
2026-07-15,7575.51,2026-07-16,1.0,7540.0,37.4,0.1572,12.9,0.1408
2026-07-15,7575.51,2026-07-16,1.0,7545.0,33.95,0.155,14.4,0.1387
2026-07-15,7575.51,2026-07-16,1.0,7550.0,30.55,0.1522,16.0,0.1362
2026-07-15,7575.51,2026-07-16,1.0,7555.0,27.35,0.1497,17.8,0.1339
2026-07-15,7575.51,2026-07-16,1.0,7560.0,24.3,0.1471,19.8,0.1318
2026-07-15,7575.51,2026-07-16,1.0,7565.0,21.35,0.1441,21.9,0.129
2026-07-15,7575.51,2026-07-16,1.0,7570.0,18.85,0.1429,24.3,0.127
2026-07-15,7575.51,2026-07-16,1.0,7575.0,16.4,0.1408,26.85,0.1245
2026-07-15,7575.51,2026-07-16,1.0,7580.0,14.15,0.1388,29.6,0.122
2026-07-15,7575.51,2026-07-16,1.0,7585.0,12.1,0.1369,32.45,0.1185
2026-07-15,7575.51,2026-07-16,1.0,7590.0,10.2,0.1346,35.6,0.1155
2026-07-15,7575.51,2026-07-16,1.0,7595.0,8.5,0.1325,38.95,0.1122
2026-07-15,7575.51,2026-07-16,1.0,7600.0,7.0,0.1304,42.35,0.107
2026-07-15,7575.51,2026-07-16,1.0,7605.0,5.75,0.1289,46.1,0.1024
2026-07-15,7575.51,2026-07-16,1.0,7610.0,4.6,0.1268,50.05,0.0967
2026-07-15,7575.51,2026-07-16,1.0,7615.0,3.7,0.1256,54.0,0.0839
2026-07-15,7575.51,2026-07-16,1.0,7620.0,2.9,0.1239,58.2,0.0734
2026-07-15,7575.51,2026-07-16,1.0,7625.0,2.25,0.1224,,
2026-07-15,7575.51,2026-07-16,1.0,7630.0,1.75,0.1215,,
2026-07-15,7575.51,2026-07-16,1.0,7635.0,1.3,0.1197,,
2026-07-15,7575.51,2026-07-16,1.0,7640.0,1.0,0.1193,,
2026-07-15,7575.51,2026-07-16,1.0,7645.0,0.75,0.1185,,
2026-07-15,7575.51,2026-07-16,1.0,7650.0,0.57,0.1185,,
2026-07-15,7575.51,2026-07-16,1.0,7655.0,0.43,0.118,,
2026-07-15,7575.51,2026-07-16,1.0,7660.0,0.35,0.1196,,
2026-07-15,7575.51,2026-07-16,1.0,7665.0,0.28,0.1204,,
2026-07-15,7575.51,2026-07-16,1.0,7670.0,0.23,0.1219,,
2026-07-15,7575.51,2026-07-16,1.0,7675.0,0.2,0.1248,,
2026-07-15,7575.51,2026-07-16,1.0,7680.0,0.17,0.1273,,
2026-07-15,7575.51,2026-07-16,1.0,7685.0,0.15,0.1294,,
2026-07-15,7575.51,2026-07-16,1.0,7690.0,0.12,0.1311,,
2026-07-15,7575.51,2026-07-16,1.0,7695.0,0.12,0.1356,,
2026-07-15,7575.51,2026-07-16,1.0,7700.0,0.12,0.14,,
2026-07-15,7575.51,2026-07-16,1.0,7705.0,0.12,0.1444,,
2026-07-15,7575.51,2026-07-16,1.0,7710.0,0.1,0.1451,146.5,0.1606
2026-07-15,7575.51,2026-07-16,1.0,7715.0,0.1,0.1494,151.5,0.1652
2026-07-15,7575.51,2026-07-16,1.0,7720.0,0.1,0.1537,156.5,0.1698
2026-07-15,7575.51,2026-07-16,1.0,7725.0,0.08,0.1532,161.7,0.1743
2026-07-15,7575.51,2026-07-16,1.0,7730.0,0.08,0.1574,166.7,0.1789
2026-07-15,7575.51,2026-07-16,1.0,7735.0,0.08,0.1615,171.4,0.1834
2026-07-15,7575.51,2026-07-16,1.0,7740.0,0.08,0.1657,176.65,0.1879
2026-07-15,7575.51,2026-07-16,1.0,7745.0,0.08,0.1698,181.65,0.1924
2026-07-15,7575.51,2026-07-16,1.0,7750.0,0.08,0.1739,186.4,0.1969
2026-07-15,7575.51,2026-07-16,1.0,7755.0,0.08,0.178,191.65,0.2013
2026-07-15,7575.51,2026-07-16,1.0,7760.0,0.08,0.1821,196.65,0.2058
2026-07-15,7575.51,2026-07-16,1.0,7765.0,0.08,0.1861,201.75,0.2102
2026-07-15,7575.51,2026-07-16,1.0,7770.0,0.08,0.1902,207.15,0.2146
2026-07-15,7575.51,2026-07-16,1.0,7775.0,0.08,0.1942,212.15,0.219
2026-07-15,7575.51,2026-07-16,1.0,7780.0,0.08,0.1983,216.25,0.2234
2026-07-15,7575.51,2026-07-16,1.0,7785.0,0.05,0.1945,222.25,0.2278
2026-07-15,7575.51,2026-07-16,1.0,7790.0,0.05,0.1984,226.55,0.2322
2026-07-15,7575.51,2026-07-16,1.0,7795.0,0.05,0.2023,231.85,0.2366
2026-07-15,7575.51,2026-07-16,1.0,7800.0,0.05,0.2062,236.55,0.2409
2026-07-15,7575.51,2026-07-16,1.0,7810.0,0.05,0.2139,246.65,0.2496
2026-07-15,7575.51,2026-07-16,1.0,7820.0,0.05,0.2216,256.65,0.2582
2026-07-15,7575.51,2026-07-16,1.0,7825.0,0.05,0.2254,261.95,0.2625
2026-07-15,7575.51,2026-07-16,1.0,7830.0,0.05,0.2292,267.25,0.2667
2026-07-15,7575.51,2026-07-16,1.0,7840.0,0.05,0.2368,276.85,0.2753
2026-07-15,7575.51,2026-07-16,1.0,7850.0,0.03,0.2303,286.85,0.2838
2026-07-15,7575.51,2026-07-16,1.0,7860.0,0.05,0.252,297.55,0.2922
2026-07-15,7575.51,2026-07-16,1.0,7870.0,0.03,0.2446,306.85,0.3006
2026-07-15,7575.51,2026-07-16,1.0,7875.0,0.03,0.2482,311.6,0.3048
2026-07-15,7575.51,2026-07-16,1.0,7880.0,0.03,0.2517,316.6,0.309
2026-07-15,7575.51,2026-07-16,1.0,7900.0,0.03,0.2659,336.45,0.3257
2026-07-15,7575.51,2026-07-16,1.0,7925.0,0.03,0.2835,362.4,0.3463
2026-07-15,7575.51,2026-07-16,1.0,7950.0,0.03,0.301,387.25,0.3668
2026-07-15,7575.51,2026-07-16,1.0,7975.0,0.03,0.3183,411.55,0.387
2026-07-15,7575.51,2026-07-16,1.0,8000.0,0.03,0.3355,435.9,0.4071
2026-07-15,7575.51,2026-07-16,1.0,8025.0,0.03,0.3526,462.45,0.4271
2026-07-15,7575.51,2026-07-16,1.0,8050.0,0.03,0.3696,486.85,0.4468
2026-07-15,7575.51,2026-07-16,1.0,8075.0,0.03,0.3864,511.85,0.4665
2026-07-15,7575.51,2026-07-16,1.0,8100.0,0.03,0.4032,537.25,0.486
2026-07-15,7575.51,2026-07-16,1.0,8200.0,0.03,0.4691,636.65,0.5627
2026-07-15,7575.51,2026-07-16,1.0,8300.0,0.03,0.5336,736.0,0.6375
2026-07-15,7575.51,2026-07-16,1.0,8400.0,0.03,0.5967,837.2,0.7107
2026-07-15,7575.51,2026-07-16,1.0,8600.0,0.03,0.7194,1036.6,0.8526
2026-07-15,7575.51,2026-07-17,2.0,5690.0,1874.35,1.5757,0.03,1.0815
2026-07-15,7575.51,2026-07-17,2.0,5700.0,1864.2,1.5511,0.03,1.0752
2026-07-15,7575.51,2026-07-17,2.0,5710.0,1854.35,1.5578,0.03,1.069
2026-07-15,7575.51,2026-07-17,2.0,5720.0,1844.35,1.5489,0.03,1.0627
2026-07-15,7575.51,2026-07-17,2.0,5725.0,1839.15,1.5236,0.03,1.0595
2026-07-15,7575.51,2026-07-17,2.0,5730.0,1834.4,1.5449,0.03,1.0564
2026-07-15,7575.51,2026-07-17,2.0,5740.0,1823.95,1.4879,0.03,1.0501
2026-07-15,7575.51,2026-07-17,2.0,5750.0,1814.55,1.5413,0.03,1.0439
2026-07-15,7575.51,2026-07-17,2.0,5760.0,1803.85,1.4585,0.03,1.0376
2026-07-15,7575.51,2026-07-17,2.0,5770.0,1793.95,1.4618,0.03,1.0314
2026-07-15,7575.51,2026-07-17,2.0,5775.0,1789.35,1.5001,0.03,1.0283
2026-07-15,7575.51,2026-07-17,2.0,5780.0,1784.15,1.4754,0.03,1.0252
2026-07-15,7575.51,2026-07-17,2.0,5790.0,1774.7,1.5189,0.03,1.019
2026-07-15,7575.51,2026-07-17,2.0,5800.0,1764.55,1.4968,0.03,1.0127
2026-07-15,7575.51,2026-07-17,2.0,5810.0,1754.35,1.4693,0.03,1.0065
2026-07-15,7575.51,2026-07-17,2.0,5820.0,1743.35,1.3358,0.03,1.0004
2026-07-15,7575.51,2026-07-17,2.0,5825.0,1739.35,1.4561,0.03,0.9973
2026-07-15,7575.51,2026-07-17,2.0,5830.0,1734.15,1.4318,0.03,0.9942
2026-07-15,7575.51,2026-07-17,2.0,5840.0,1723.95,1.4014,0.03,0.988
2026-07-15,7575.51,2026-07-17,2.0,5850.0,1714.15,1.4144,0.03,0.9818
2026-07-15,7575.51,2026-07-17,2.0,5860.0,1704.15,1.4058,0.03,0.9757
2026-07-15,7575.51,2026-07-17,2.0,5870.0,1694.35,1.4168,0.03,0.9695
2026-07-15,7575.51,2026-07-17,2.0,5875.0,1689.55,1.4305,0.03,0.9665
2026-07-15,7575.51,2026-07-17,2.0,5880.0,1683.85,1.3557,0.03,0.9634
2026-07-15,7575.51,2026-07-17,2.0,5890.0,1674.35,1.3994,0.03,0.9573
2026-07-15,7575.51,2026-07-17,2.0,5900.0,1663.8,1.3329,0.03,0.9512
2026-07-15,7575.51,2026-07-17,2.0,5910.0,1654.25,1.3726,0.03,0.945
2026-07-15,7575.51,2026-07-17,2.0,5920.0,1643.45,1.2692,0.03,0.9389
2026-07-15,7575.51,2026-07-17,2.0,5925.0,1639.45,1.3781,0.03,0.9359
2026-07-15,7575.51,2026-07-17,2.0,5930.0,1634.45,1.3737,0.03,0.9328
2026-07-15,7575.51,2026-07-17,2.0,5940.0,1623.45,1.2528,0.03,0.9268
2026-07-15,7575.51,2026-07-17,2.0,5950.0,1614.25,1.3382,0.03,0.9207
2026-07-15,7575.51,2026-07-17,2.0,5960.0,1604.45,1.3477,0.03,0.9146
2026-07-15,7575.51,2026-07-17,2.0,5970.0,1594.45,1.3391,0.05,0.9533
2026-07-15,7575.51,2026-07-17,2.0,5975.0,1589.45,1.3348,0.03,0.9055
2026-07-15,7575.51,2026-07-17,2.0,5980.0,1584.45,1.3305,0.05,0.947
2026-07-15,7575.51,2026-07-17,2.0,5990.0,1574.45,1.3219,0.03,0.8965
2026-07-15,7575.51,2026-07-17,2.0,6000.0,1565.45,1.3867,0.03,0.8904
2026-07-15,7575.51,2026-07-17,2.0,6010.0,1554.15,1.2775,0.03,0.8844
2026-07-15,7575.51,2026-07-17,2.0,6020.0,1544.25,1.2784,0.05,0.9218
2026-07-15,7575.51,2026-07-17,2.0,6025.0,1539.75,1.3159,0.03,0.8754
2026-07-15,7575.51,2026-07-17,2.0,6030.0,1534.45,1.2875,0.05,0.9155
2026-07-15,7575.51,2026-07-17,2.0,6040.0,1524.45,1.2789,0.03,0.8663
2026-07-15,7575.51,2026-07-17,2.0,6050.0,1514.45,1.2704,0.05,0.903
2026-07-15,7575.51,2026-07-17,2.0,6060.0,1504.1,1.2306,0.03,0.8544
2026-07-15,7575.51,2026-07-17,2.0,6070.0,1494.45,1.2533,0.05,0.8905
2026-07-15,7575.51,2026-07-17,2.0,6075.0,1489.45,1.2491,0.03,0.8454
2026-07-15,7575.51,2026-07-17,2.0,6080.0,1484.25,1.2277,0.05,0.8843
2026-07-15,7575.51,2026-07-17,2.0,6090.0,1474.05,1.2007,0.03,0.8364
2026-07-15,7575.51,2026-07-17,2.0,6100.0,1464.45,1.2278,0.05,0.8718
2026-07-15,7575.51,2026-07-17,2.0,6110.0,1454.1,1.1888,0.03,0.8245
2026-07-15,7575.51,2026-07-17,2.0,6120.0,1443.95,1.1659,0.05,0.8594
2026-07-15,7575.51,2026-07-17,2.0,6125.0,1439.4,1.2025,0.05,0.8563
2026-07-15,7575.51,2026-07-17,2.0,6130.0,1434.0,1.1626,0.05,0.8532
2026-07-15,7575.51,2026-07-17,2.0,6135.0,1429.55,1.2061,0.05,0.8501
2026-07-15,7575.51,2026-07-17,2.0,6140.0,1424.55,1.2018,0.05,0.847
2026-07-15,7575.51,2026-07-17,2.0,6145.0,1419.15,1.1642,0.05,0.8439
2026-07-15,7575.51,2026-07-17,2.0,6150.0,1414.35,1.1774,0.05,0.8408
2026-07-15,7575.51,2026-07-17,2.0,6155.0,1409.8,1.2075,0.05,0.8377
2026-07-15,7575.51,2026-07-17,2.0,6160.0,1404.6,1.1886,0.05,0.8346
2026-07-15,7575.51,2026-07-17,2.0,6165.0,1399.55,1.1806,0.05,0.8316
2026-07-15,7575.51,2026-07-17,2.0,6170.0,1394.25,1.1522,0.05,0.8285
2026-07-15,7575.51,2026-07-17,2.0,6175.0,1389.15,1.1393,0.05,0.8254
2026-07-15,7575.51,2026-07-17,2.0,6180.0,1384.55,1.1679,0.05,0.8223
2026-07-15,7575.51,2026-07-17,2.0,6185.0,1379.25,1.1397,0.05,0.8192
2026-07-15,7575.51,2026-07-17,2.0,6190.0,1374.55,1.1595,0.05,0.8162
2026-07-15,7575.51,2026-07-17,2.0,6195.0,1368.95,1.1043,0.05,0.8131
2026-07-15,7575.51,2026-07-17,2.0,6200.0,1364.6,1.1548,0.05,0.81
2026-07-15,7575.51,2026-07-17,2.0,6205.0,1359.55,1.1469,0.05,0.807
2026-07-15,7575.51,2026-07-17,2.0,6210.0,1354.55,1.1426,0.05,0.8039
2026-07-15,7575.51,2026-07-17,2.0,6215.0,1349.55,1.1384,0.05,0.8008
2026-07-15,7575.51,2026-07-17,2.0,6220.0,1344.25,1.1107,0.05,0.7978
2026-07-15,7575.51,2026-07-17,2.0,6225.0,1339.55,1.13,0.05,0.7947
2026-07-15,7575.51,2026-07-17,2.0,6230.0,1334.55,1.1258,0.05,0.7916
2026-07-15,7575.51,2026-07-17,2.0,6235.0,1329.55,1.1216,0.05,0.7886
2026-07-15,7575.51,2026-07-17,2.0,6240.0,1324.55,1.1174,0.05,0.7855
2026-07-15,7575.51,2026-07-17,2.0,6245.0,1318.55,1.0207,0.05,0.7825
2026-07-15,7575.51,2026-07-17,2.0,6250.0,1314.55,1.1091,0.05,0.7794
2026-07-15,7575.51,2026-07-17,2.0,6255.0,1309.2,1.0776,0.05,0.7764
2026-07-15,7575.51,2026-07-17,2.0,6260.0,1304.05,1.0605,0.05,0.7733
2026-07-15,7575.51,2026-07-17,2.0,6265.0,1299.6,1.1001,0.05,0.7703
2026-07-15,7575.51,2026-07-17,2.0,6270.0,1294.05,1.0524,0.05,0.7672
2026-07-15,7575.51,2026-07-17,2.0,6275.0,1288.95,1.0392,0.05,0.7642
2026-07-15,7575.51,2026-07-17,2.0,6280.0,1284.55,1.084,0.05,0.7611
2026-07-15,7575.51,2026-07-17,2.0,6285.0,1279.35,1.0649,0.05,0.7581
2026-07-15,7575.51,2026-07-17,2.0,6290.0,1273.95,1.0271,0.05,0.7551
2026-07-15,7575.51,2026-07-17,2.0,6295.0,1269.75,1.0852,0.05,0.752
2026-07-15,7575.51,2026-07-17,2.0,6300.0,1264.25,1.0447,0.05,0.749
2026-07-15,7575.51,2026-07-17,2.0,6305.0,1259.55,1.0631,0.05,0.746
2026-07-15,7575.51,2026-07-17,2.0,6310.0,1254.15,1.0284,0.05,0.7429
2026-07-15,7575.51,2026-07-17,2.0,6315.0,1248.8,0.9926,0.05,0.7399
2026-07-15,7575.51,2026-07-17,2.0,6320.0,1245.15,1.089,0.05,0.7369
2026-07-15,7575.51,2026-07-17,2.0,6325.0,1239.05,1.0077,0.05,0.7338
2026-07-15,7575.51,2026-07-17,2.0,6330.0,1234.1,1.0079,0.05,0.7308
2026-07-15,7575.51,2026-07-17,2.0,6335.0,1229.95,1.0643,0.05,0.7278
2026-07-15,7575.51,2026-07-17,2.0,6340.0,1224.65,1.0408,0.05,0.7248
2026-07-15,7575.51,2026-07-17,2.0,6345.0,1219.25,1.0078,0.05,0.7217
2026-07-15,7575.51,2026-07-17,2.0,6350.0,1213.65,0.9493,0.05,0.7187
2026-07-15,7575.51,2026-07-17,2.0,6355.0,1209.65,1.0283,0.05,0.7157
2026-07-15,7575.51,2026-07-17,2.0,6360.0,1204.65,1.0242,0.05,0.7127
2026-07-15,7575.51,2026-07-17,2.0,6365.0,1199.25,0.9915,0.05,0.7097
2026-07-15,7575.51,2026-07-17,2.0,6370.0,1195.55,1.0681,0.03,0.6724
2026-07-15,7575.51,2026-07-17,2.0,6375.0,1189.65,1.0117,0.08,0.7259
2026-07-15,7575.51,2026-07-17,2.0,6380.0,1184.65,1.0076,0.05,0.7007
2026-07-15,7575.51,2026-07-17,2.0,6385.0,1179.65,1.0034,0.05,0.6976
2026-07-15,7575.51,2026-07-17,2.0,6390.0,1174.65,0.9993,0.05,0.6946
2026-07-15,7575.51,2026-07-17,2.0,6395.0,1169.65,0.9951,0.05,0.6916
2026-07-15,7575.51,2026-07-17,2.0,6400.0,1164.15,0.9553,0.05,0.6886
2026-07-15,7575.51,2026-07-17,2.0,6405.0,1158.65,0.9062,0.05,0.6856
2026-07-15,7575.51,2026-07-17,2.0,6410.0,1154.65,0.9827,0.05,0.6826
2026-07-15,7575.51,2026-07-17,2.0,6415.0,1149.25,0.9509,0.05,0.6796
2026-07-15,7575.51,2026-07-17,2.0,6420.0,1144.5,0.9645,0.05,0.6766
2026-07-15,7575.51,2026-07-17,2.0,6425.0,1139.65,0.9703,0.08,0.695
2026-07-15,7575.51,2026-07-17,2.0,6430.0,1134.55,0.9597,0.05,0.6707
2026-07-15,7575.51,2026-07-17,2.0,6435.0,1129.65,0.962,0.05,0.6677
2026-07-15,7575.51,2026-07-17,2.0,6440.0,1124.65,0.9579,0.05,0.6647
2026-07-15,7575.51,2026-07-17,2.0,6445.0,1118.65,0.875,0.05,0.6617
2026-07-15,7575.51,2026-07-17,2.0,6450.0,1114.6,0.9465,0.05,0.6587
2026-07-15,7575.51,2026-07-17,2.0,6455.0,1109.65,0.9455,0.05,0.6557
2026-07-15,7575.51,2026-07-17,2.0,6460.0,1105.35,0.9808,0.05,0.6527
2026-07-15,7575.51,2026-07-17,2.0,6465.0,1099.65,0.9373,0.05,0.6497
2026-07-15,7575.51,2026-07-17,2.0,6470.0,1094.45,0.9203,0.05,0.6468
2026-07-15,7575.51,2026-07-17,2.0,6475.0,1089.15,0.8949,0.08,0.6644
2026-07-15,7575.51,2026-07-17,2.0,6480.0,1084.2,0.8947,0.05,0.6408
2026-07-15,7575.51,2026-07-17,2.0,6485.0,1079.65,0.9208,0.05,0.6378
2026-07-15,7575.51,2026-07-17,2.0,6490.0,1074.8,0.9257,0.05,0.6349
2026-07-15,7575.51,2026-07-17,2.0,6495.0,1069.15,0.8789,0.05,0.6319
2026-07-15,7575.51,2026-07-17,2.0,6500.0,1064.15,0.8749,0.05,0.6289
2026-07-15,7575.51,2026-07-17,2.0,6505.0,1059.15,0.8709,0.05,0.6259
2026-07-15,7575.51,2026-07-17,2.0,6510.0,1055.85,0.9619,0.05,0.623
2026-07-15,7575.51,2026-07-17,2.0,6515.0,1049.75,0.9021,0.05,0.62
2026-07-15,7575.51,2026-07-17,2.0,6520.0,1045.0,0.912,0.05,0.617
2026-07-15,7575.51,2026-07-17,2.0,6525.0,1039.75,0.8939,0.1,0.6489
2026-07-15,7575.51,2026-07-17,2.0,6530.0,1034.75,0.8897,0.05,0.6111
2026-07-15,7575.51,2026-07-17,2.0,6535.0,1029.75,0.8856,0.1,0.6427
2026-07-15,7575.51,2026-07-17,2.0,6540.0,1024.75,0.8815,0.1,0.6395
2026-07-15,7575.51,2026-07-17,2.0,6545.0,1019.25,0.8461,0.1,0.6364
2026-07-15,7575.51,2026-07-17,2.0,6550.0,1014.75,0.8733,0.1,0.6333
2026-07-15,7575.51,2026-07-17,2.0,6555.0,1009.75,0.8692,0.1,0.6302
2026-07-15,7575.51,2026-07-17,2.0,6560.0,1005.05,0.8813,0.1,0.6271
2026-07-15,7575.51,2026-07-17,2.0,6565.0,1000.55,0.9014,0.1,0.624
2026-07-15,7575.51,2026-07-17,2.0,6570.0,994.75,0.8569,0.1,0.6209
2026-07-15,7575.51,2026-07-17,2.0,6575.0,989.75,0.8528,0.1,0.6178
2026-07-15,7575.51,2026-07-17,2.0,6580.0,984.45,0.831,0.1,0.6147
2026-07-15,7575.51,2026-07-17,2.0,6585.0,979.75,0.8446,0.1,0.6117
2026-07-15,7575.51,2026-07-17,2.0,6590.0,974.75,0.8405,0.1,0.6086
2026-07-15,7575.51,2026-07-17,2.0,6595.0,970.05,0.8522,0.1,0.6055
2026-07-15,7575.51,2026-07-17,2.0,6600.0,964.7,0.8295,0.1,0.6024
2026-07-15,7575.51,2026-07-17,2.0,6605.0,959.25,0.7981,0.1,0.5993
2026-07-15,7575.51,2026-07-17,2.0,6610.0,955.2,0.8471,0.1,0.5962
2026-07-15,7575.51,2026-07-17,2.0,6615.0,949.75,0.82,0.1,0.5931
2026-07-15,7575.51,2026-07-17,2.0,6620.0,944.65,0.8104,0.1,0.59
2026-07-15,7575.51,2026-07-17,2.0,6625.0,939.55,0.8006,0.1,0.587
2026-07-15,7575.51,2026-07-17,2.0,6630.0,934.55,0.7966,0.1,0.5839
2026-07-15,7575.51,2026-07-17,2.0,6635.0,929.25,0.7742,0.1,0.5808
2026-07-15,7575.51,2026-07-17,2.0,6640.0,924.85,0.8048,0.1,0.5777
2026-07-15,7575.51,2026-07-17,2.0,6645.0,919.35,0.7726,0.1,0.5746
2026-07-15,7575.51,2026-07-17,2.0,6650.0,915.45,0.8251,0.1,0.5716
2026-07-15,7575.51,2026-07-17,2.0,6655.0,909.55,0.7764,0.1,0.5685
2026-07-15,7575.51,2026-07-17,2.0,6660.0,905.1,0.8008,0.1,0.5654
2026-07-15,7575.51,2026-07-17,2.0,6665.0,899.35,0.7566,0.1,0.5623
2026-07-15,7575.51,2026-07-17,2.0,6670.0,895.15,0.7948,0.1,0.5593
2026-07-15,7575.51,2026-07-17,2.0,6675.0,889.85,0.7762,0.12,0.567
2026-07-15,7575.51,2026-07-17,2.0,6680.0,884.85,0.7721,0.1,0.5531
2026-07-15,7575.51,2026-07-17,2.0,6685.0,879.85,0.768,0.12,0.5607
2026-07-15,7575.51,2026-07-17,2.0,6690.0,874.85,0.7639,0.1,0.547
2026-07-15,7575.51,2026-07-17,2.0,6695.0,869.9,0.7623,0.12,0.5545
2026-07-15,7575.51,2026-07-17,2.0,6700.0,864.5,0.7373,0.1,0.5408
2026-07-15,7575.51,2026-07-17,2.0,6705.0,860.25,0.7703,0.12,0.5483
2026-07-15,7575.51,2026-07-17,2.0,6710.0,854.85,0.7475,0.1,0.5347
2026-07-15,7575.51,2026-07-17,2.0,6715.0,849.85,0.7434,0.12,0.542
2026-07-15,7575.51,2026-07-17,2.0,6720.0,844.85,0.7394,0.1,0.5286
2026-07-15,7575.51,2026-07-17,2.0,6725.0,839.85,0.7353,0.12,0.5358
2026-07-15,7575.51,2026-07-17,2.0,6730.0,834.45,0.7105,0.1,0.5225
2026-07-15,7575.51,2026-07-17,2.0,6735.0,829.85,0.7271,0.12,0.5296
2026-07-15,7575.51,2026-07-17,2.0,6740.0,825.15,0.7368,0.1,0.5164
2026-07-15,7575.51,2026-07-17,2.0,6745.0,819.85,0.7189,0.15,0.532
2026-07-15,7575.51,2026-07-20,5.0,5800.0,1764.45,0.7479,0.05,0.6724
2026-07-15,7575.51,2026-07-20,5.0,5900.0,1664.95,0.7858,0.05,0.6317
2026-07-15,7575.51,2026-07-20,5.0,6000.0,1564.65,0.6838,0.05,0.5916
2026-07-15,7575.51,2026-07-20,5.0,6100.0,1465.15,0.6999,0.05,0.5521
2026-07-15,7575.51,2026-07-20,5.0,6200.0,1365.95,0.7057,0.08,0.5289
2026-07-15,7575.51,2026-07-20,5.0,6300.0,1264.5,0.4198,0.08,0.4893
2026-07-15,7575.51,2026-07-20,5.0,6325.0,1241.2,0.6518,0.08,0.4794
2026-07-15,7575.51,2026-07-20,5.0,6350.0,1216.3,0.6432,0.08,0.4696
2026-07-15,7575.51,2026-07-20,5.0,6375.0,1191.4,0.6344,0.1,0.4705
2026-07-15,7575.51,2026-07-20,5.0,6400.0,1165.4,0.5653,0.1,0.4606
2026-07-15,7575.51,2026-07-20,5.0,6425.0,1139.8,0.4857,0.1,0.4506
2026-07-15,7575.51,2026-07-20,5.0,6450.0,1114.65,0.4299,0.1,0.4407
2026-07-15,7575.51,2026-07-20,5.0,6475.0,1090.35,0.5235,0.1,0.4308
2026-07-15,7575.51,2026-07-20,5.0,6500.0,1066.55,0.5741,0.1,0.421
2026-07-15,7575.51,2026-07-20,5.0,6525.0,1039.85,0.4436,0.1,0.4111
2026-07-15,7575.51,2026-07-20,5.0,6550.0,1015.45,0.493,0.12,0.4089
2026-07-15,7575.51,2026-07-20,5.0,6575.0,990.45,0.4805,0.12,0.399
2026-07-15,7575.51,2026-07-20,5.0,6600.0,965.55,0.4745,0.15,0.3953
2026-07-15,7575.51,2026-07-20,5.0,6625.0,940.85,0.4786,0.15,0.3853
2026-07-15,7575.51,2026-07-20,5.0,6650.0,915.85,0.466,0.15,0.3752
2026-07-15,7575.51,2026-07-20,5.0,6675.0,891.75,0.489,0.17,0.3703
2026-07-15,7575.51,2026-07-20,5.0,6700.0,865.05,0.3853,0.17,0.3602
2026-07-15,7575.51,2026-07-20,5.0,6725.0,840.95,0.4329,0.2,0.3545
2026-07-15,7575.51,2026-07-20,5.0,6750.0,815.95,0.4203,0.23,0.3482
2026-07-15,7575.51,2026-07-20,5.0,6775.0,790.85,0.4033,0.23,0.3379
2026-07-15,7575.51,2026-07-20,5.0,6800.0,765.75,0.3862,0.23,0.3277
2026-07-15,7575.51,2026-07-20,5.0,6825.0,741.85,0.4135,0.28,0.3238
2026-07-15,7575.51,2026-07-20,5.0,6850.0,716.15,0.3781,0.28,0.3134
2026-07-15,7575.51,2026-07-20,5.0,6875.0,691.4,0.3741,0.32,0.3083
2026-07-15,7575.51,2026-07-20,5.0,6900.0,665.65,0.3324,0.32,0.2977
2026-07-15,7575.51,2026-07-20,5.0,6920.0,646.15,0.3429,0.38,0.2938
2026-07-15,7575.51,2026-07-20,5.0,6925.0,641.15,0.3404,0.38,0.2916
2026-07-15,7575.51,2026-07-20,5.0,6930.0,637.05,0.3639,0.38,0.2895
2026-07-15,7575.51,2026-07-20,5.0,6940.0,625.75,0.3176,0.38,0.2852
2026-07-15,7575.51,2026-07-20,5.0,6950.0,616.4,0.3359,0.4,0.283
2026-07-15,7575.51,2026-07-20,5.0,6960.0,607.05,0.3482,0.43,0.2805
2026-07-15,7575.51,2026-07-20,5.0,6970.0,596.75,0.3355,0.43,0.2762
2026-07-15,7575.51,2026-07-20,5.0,6975.0,591.05,0.312,0.45,0.2758
2026-07-15,7575.51,2026-07-20,5.0,6980.0,587.15,0.34,0.45,0.2737
2026-07-15,7575.51,2026-07-20,5.0,6990.0,577.15,0.3347,0.45,0.2693
2026-07-15,7575.51,2026-07-20,5.0,7000.0,565.85,0.2924,0.47,0.2666
2026-07-15,7575.51,2026-07-20,5.0,7010.0,557.05,0.322,0.5,0.2638
2026-07-15,7575.51,2026-07-20,5.0,7020.0,546.5,0.3032,0.5,0.2595
2026-07-15,7575.51,2026-07-20,5.0,7025.0,541.0,0.2855,0.53,0.2588
2026-07-15,7575.51,2026-07-20,5.0,7030.0,537.25,0.3158,0.55,0.258
2026-07-15,7575.51,2026-07-20,5.0,7040.0,525.55,0.2603,0.55,0.2535
2026-07-15,7575.51,2026-07-20,5.0,7050.0,516.45,0.2866,0.57,0.2505
2026-07-15,7575.51,2026-07-20,5.0,7060.0,506.7,0.2878,0.6,0.2473
2026-07-15,7575.51,2026-07-20,5.0,7070.0,495.55,0.246,0.6,0.2428
2026-07-15,7575.51,2026-07-20,5.0,7075.0,491.45,0.2739,0.65,0.243
2026-07-15,7575.51,2026-07-20,5.0,7080.0,486.45,0.2713,0.65,0.2407
2026-07-15,7575.51,2026-07-20,5.0,7085.0,482.25,0.2867,0.65,0.2385
2026-07-15,7575.51,2026-07-20,5.0,7090.0,477.1,0.281,0.65,0.2362
2026-07-15,7575.51,2026-07-20,5.0,7095.0,471.55,0.2662,0.7,0.2362
2026-07-15,7575.51,2026-07-20,5.0,7100.0,466.35,0.2586,0.7,0.2339
2026-07-15,7575.51,2026-07-20,5.0,7105.0,462.05,0.2721,0.7,0.2316
2026-07-15,7575.51,2026-07-20,5.0,7110.0,457.5,0.2781,0.75,0.2314
2026-07-15,7575.51,2026-07-20,5.0,7115.0,452.35,0.2727,0.75,0.2291
2026-07-15,7575.51,2026-07-20,5.0,7120.0,446.9,0.2612,0.75,0.2268
2026-07-15,7575.51,2026-07-20,5.0,7125.0,440.85,0.2314,0.77,0.2255
2026-07-15,7575.51,2026-07-20,5.0,7130.0,437.65,0.2699,0.8,0.2241
2026-07-15,7575.51,2026-07-20,5.0,7135.0,431.75,0.2502,0.8,0.2218
2026-07-15,7575.51,2026-07-20,5.0,7140.0,426.45,0.2408,0.85,0.2213
2026-07-15,7575.51,2026-07-20,5.0,7145.0,422.5,0.2593,0.85,0.219
2026-07-15,7575.51,2026-07-20,5.0,7150.0,415.95,0.2224,0.85,0.2166
2026-07-15,7575.51,2026-07-20,5.0,7155.0,412.6,0.2555,0.9,0.216
2026-07-15,7575.51,2026-07-20,5.0,7160.0,407.4,0.2495,0.9,0.2136
2026-07-15,7575.51,2026-07-20,5.0,7165.0,402.6,0.2501,0.95,0.2129
2026-07-15,7575.51,2026-07-20,5.0,7170.0,396.95,0.236,0.95,0.2105
2026-07-15,7575.51,2026-07-20,5.0,7175.0,392.65,0.2455,0.98,0.2089
2026-07-15,7575.51,2026-07-20,5.0,7180.0,386.0,0.2091,1.0,0.2073
2026-07-15,7575.51,2026-07-20,5.0,7185.0,381.45,0.2179,1.02,0.2056
2026-07-15,7575.51,2026-07-20,5.0,7190.0,376.15,0.2082,1.05,0.2039
2026-07-15,7575.51,2026-07-20,5.0,7195.0,371.35,0.2105,1.1,0.2029
2026-07-15,7575.51,2026-07-20,5.0,7200.0,366.25,0.2057,1.1,0.2005
2026-07-15,7575.51,2026-07-20,5.0,7205.0,361.35,0.2055,1.15,0.1994
2026-07-15,7575.51,2026-07-20,5.0,7210.0,356.45,0.2051,1.15,0.1969
2026-07-15,7575.51,2026-07-20,5.0,7215.0,350.85,0.1876,1.2,0.1958
2026-07-15,7575.51,2026-07-20,5.0,7220.0,348.45,0.2319,1.25,0.1945
2026-07-15,7575.51,2026-07-20,5.0,7225.0,343.45,0.2291,1.27,0.1926
2026-07-15,7575.51,2026-07-20,5.0,7230.0,338.3,0.2243,1.3,0.1907
2026-07-15,7575.51,2026-07-20,5.0,7235.0,333.1,0.2189,1.35,0.1894
2026-07-15,7575.51,2026-07-20,5.0,7240.0,328.55,0.2218,1.4,0.188
2026-07-15,7575.51,2026-07-20,5.0,7245.0,322.95,0.2114,1.45,0.1865
2026-07-15,7575.51,2026-07-20,5.0,7250.0,318.05,0.2099,1.48,0.1845
2026-07-15,7575.51,2026-07-20,5.0,7255.0,312.8,0.2038,1.52,0.1829
2026-07-15,7575.51,2026-07-20,5.0,7260.0,307.8,0.201,1.57,0.1814
2026-07-15,7575.51,2026-07-20,5.0,7265.0,302.35,0.192,1.62,0.1797
2026-07-15,7575.51,2026-07-20,5.0,7270.0,298.45,0.2035,1.7,0.1785
2026-07-15,7575.51,2026-07-20,5.0,7275.0,293.95,0.2062,1.75,0.1768
2026-07-15,7575.51,2026-07-20,5.0,7280.0,287.65,0.1879,1.8,0.1751
2026-07-15,7575.51,2026-07-20,5.0,7285.0,282.65,0.1851,1.88,0.1737
2026-07-15,7575.51,2026-07-20,5.0,7290.0,278.3,0.1903,1.95,0.1722
2026-07-15,7575.51,2026-07-20,5.0,7295.0,274.15,0.1965,2.0,0.1703
2026-07-15,7575.51,2026-07-20,5.0,7300.0,269.2,0.1941,2.1,0.1692
2026-07-15,7575.51,2026-07-20,5.0,7305.0,264.25,0.1916,2.17,0.1676
2026-07-15,7575.51,2026-07-20,5.0,7310.0,259.3,0.1891,2.25,0.1659
2026-07-15,7575.51,2026-07-20,5.0,7315.0,253.8,0.1812,2.35,0.1645
2026-07-15,7575.51,2026-07-20,5.0,7320.0,247.95,0.1691,2.45,0.1631
2026-07-15,7575.51,2026-07-20,5.0,7325.0,242.55,0.1616,2.55,0.1616
2026-07-15,7575.51,2026-07-20,5.0,7330.0,237.65,0.16,2.65,0.16
2026-07-15,7575.51,2026-07-20,5.0,7335.0,233.75,0.1689,2.78,0.1587
2026-07-15,7575.51,2026-07-20,5.0,7340.0,229.7,0.1746,2.88,0.157
2026-07-15,7575.51,2026-07-20,5.0,7345.0,224.9,0.1732,3.03,0.1557
2026-07-15,7575.51,2026-07-20,5.0,7350.0,220.0,0.1709,3.15,0.1542
2026-07-15,7575.51,2026-07-20,5.0,7355.0,215.2,0.1694,3.3,0.1528
2026-07-15,7575.51,2026-07-20,5.0,7360.0,210.3,0.167,3.4,0.1508
2026-07-15,7575.51,2026-07-20,5.0,7365.0,205.5,0.1654,3.6,0.1498
2026-07-15,7575.51,2026-07-20,5.0,7370.0,200.85,0.1647,3.75,0.1481
2026-07-15,7575.51,2026-07-20,5.0,7375.0,195.85,0.1615,3.9,0.1465
2026-07-15,7575.51,2026-07-20,5.0,7380.0,191.0,0.1593,4.1,0.1451
2026-07-15,7575.51,2026-07-20,5.0,7385.0,186.2,0.1574,4.3,0.1437
2026-07-15,7575.51,2026-07-20,5.0,7390.0,181.35,0.1551,4.5,0.1421
2026-07-15,7575.51,2026-07-20,5.0,7395.0,176.75,0.1543,4.8,0.1412
2026-07-15,7575.51,2026-07-20,5.0,7400.0,172.1,0.1531,5.0,0.1395
2026-07-15,7575.51,2026-07-20,5.0,7405.0,167.15,0.15,5.25,0.138
2026-07-15,7575.51,2026-07-20,5.0,7410.0,162.5,0.1487,5.5,0.1365
2026-07-15,7575.51,2026-07-20,5.0,7415.0,157.75,0.1466,5.8,0.1351
2026-07-15,7575.51,2026-07-20,5.0,7420.0,152.9,0.144,6.1,0.1336
2026-07-15,7575.51,2026-07-20,5.0,7425.0,148.5,0.1437,6.4,0.1321
2026-07-15,7575.51,2026-07-20,5.0,7430.0,143.95,0.1424,6.8,0.1309
2026-07-15,7575.51,2026-07-20,5.0,7435.0,139.2,0.14,7.2,0.1297
2026-07-15,7575.51,2026-07-20,5.0,7440.0,134.75,0.139,7.6,0.1283
2026-07-15,7575.51,2026-07-20,5.0,7445.0,130.15,0.1371,8.0,0.1267
2026-07-15,7575.51,2026-07-20,5.0,7450.0,125.6,0.1354,8.45,0.1253
2026-07-15,7575.51,2026-07-20,5.0,7455.0,121.05,0.1335,8.9,0.1238
2026-07-15,7575.51,2026-07-20,5.0,7460.0,116.75,0.1326,9.45,0.1226
2026-07-15,7575.51,2026-07-20,5.0,7465.0,112.05,0.1299,10.0,0.1212
2026-07-15,7575.51,2026-07-20,5.0,7470.0,107.6,0.1281,10.6,0.1198
2026-07-15,7575.51,2026-07-20,5.0,7475.0,103.55,0.1277,11.25,0.1185
2026-07-15,7575.51,2026-07-20,5.0,7480.0,99.25,0.1262,11.9,0.1171
2026-07-15,7575.51,2026-07-20,5.0,7485.0,94.85,0.1241,12.7,0.116
2026-07-15,7575.51,2026-07-20,5.0,7490.0,90.45,0.1219,13.4,0.1144
2026-07-15,7575.51,2026-07-20,5.0,7495.0,86.1,0.1198,14.3,0.1133
2026-07-15,7575.51,2026-07-20,5.0,7500.0,82.45,0.1199,15.2,0.1121
2026-07-15,7575.51,2026-07-20,5.0,7505.0,78.1,0.1174,16.1,0.1106
2026-07-15,7575.51,2026-07-20,5.0,7510.0,74.4,0.1169,17.15,0.1094
2026-07-15,7575.51,2026-07-20,5.0,7515.0,70.5,0.1155,18.2,0.108
2026-07-15,7575.51,2026-07-20,5.0,7520.0,66.6,0.1138,19.4,0.1068
2026-07-15,7575.51,2026-07-20,5.0,7525.0,62.9,0.1126,20.6,0.1054
2026-07-15,7575.51,2026-07-20,5.0,7530.0,59.2,0.1112,22.0,0.1044
2026-07-15,7575.51,2026-07-20,5.0,7535.0,55.65,0.11,23.4,0.1031
2026-07-15,7575.51,2026-07-20,5.0,7540.0,52.15,0.1086,24.9,0.1018
2026-07-15,7575.51,2026-07-20,5.0,7545.0,48.75,0.1073,26.5,0.1006
2026-07-15,7575.51,2026-07-20,5.0,7550.0,45.5,0.1062,28.2,0.0993
2026-07-15,7575.51,2026-07-20,5.0,7555.0,42.3,0.1049,30.05,0.0982
2026-07-15,7575.51,2026-07-20,5.0,7560.0,39.3,0.1039,31.95,0.0969
2026-07-15,7575.51,2026-07-20,5.0,7565.0,36.35,0.1028,34.0,0.0957
2026-07-15,7575.51,2026-07-20,5.0,7570.0,33.5,0.1016,36.15,0.0945
2026-07-15,7575.51,2026-07-20,5.0,7575.0,30.75,0.1004,38.45,0.0933
2026-07-15,7575.51,2026-07-20,5.0,7580.0,28.2,0.0994,40.85,0.092
2026-07-15,7575.51,2026-07-20,5.0,7585.0,25.75,0.0984,43.4,0.0908
2026-07-15,7575.51,2026-07-20,5.0,7590.0,23.45,0.0975,46.1,0.0896
2026-07-15,7575.51,2026-07-20,5.0,7595.0,21.25,0.0965,48.9,0.0883
2026-07-15,7575.51,2026-07-20,5.0,7600.0,19.2,0.0955,51.85,0.087
2026-07-15,7575.51,2026-07-20,5.0,7605.0,17.25,0.0946,54.9,0.0856
2026-07-15,7575.51,2026-07-20,5.0,7610.0,15.5,0.0938,58.65,0.086
2026-07-15,7575.51,2026-07-20,5.0,7615.0,13.8,0.0928,61.95,0.0845
2026-07-15,7575.51,2026-07-20,5.0,7620.0,12.3,0.0922,65.1,0.0817
2026-07-15,7575.51,2026-07-20,5.0,7625.0,10.9,0.0914,68.55,0.0794
2026-07-15,7575.51,2026-07-20,5.0,7630.0,9.6,0.0906,72.25,0.0772
2026-07-15,7575.51,2026-07-20,5.0,7635.0,8.4,0.0898,76.65,0.0778
2026-07-15,7575.51,2026-07-20,5.0,7640.0,7.3,0.089,80.65,0.0756
2026-07-15,7575.51,2026-07-20,5.0,7645.0,6.4,0.0886,84.75,0.0726
2026-07-15,7575.51,2026-07-20,5.0,7650.0,5.5,0.0877,88.5,0.0615
2026-07-15,7575.51,2026-07-20,5.0,7655.0,4.8,0.0875,92.5,0.0642
2026-07-15,7575.51,2026-07-20,5.0,7660.0,4.1,0.0868,96.75,0.0668
2026-07-15,7575.51,2026-07-20,5.0,7665.0,3.5,0.0862,,
2026-07-15,7575.51,2026-07-20,5.0,7670.0,2.95,0.0855,,
2026-07-15,7575.51,2026-07-20,5.0,7675.0,2.5,0.0851,,
2026-07-15,7575.51,2026-07-20,5.0,7680.0,2.12,0.0848,,
2026-07-15,7575.51,2026-07-20,5.0,7685.0,1.8,0.0845,,
2026-07-15,7575.51,2026-07-20,5.0,7690.0,1.5,0.0841,124.5,0.0824
2026-07-15,7575.51,2026-07-20,5.0,7695.0,1.25,0.0837,130.15,0.0849
2026-07-15,7575.51,2026-07-20,5.0,7700.0,1.05,0.0836,134.7,0.0874
2026-07-15,7575.51,2026-07-20,5.0,7705.0,0.9,0.0838,139.55,0.0899
2026-07-15,7575.51,2026-07-20,5.0,7710.0,0.75,0.0837,144.6,0.0924
2026-07-15,7575.51,2026-07-20,5.0,7715.0,0.65,0.0841,149.95,0.0949
2026-07-15,7575.51,2026-07-20,5.0,7720.0,0.55,0.0842,154.4,0.0973
2026-07-15,7575.51,2026-07-20,5.0,7725.0,0.47,0.0846,158.35,0.0998
2026-07-15,7575.51,2026-07-20,5.0,7730.0,0.4,0.0847,163.8,0.1022
2026-07-15,7575.51,2026-07-20,5.0,7735.0,0.35,0.0853,169.55,0.1047
2026-07-15,7575.51,2026-07-20,5.0,7740.0,0.32,0.0866,174.45,0.1071
2026-07-15,7575.51,2026-07-20,5.0,7745.0,0.28,0.0868,178.7,0.1095
2026-07-15,7575.51,2026-07-20,5.0,7750.0,0.25,0.0878,184.45,0.1119
2026-07-15,7575.51,2026-07-20,5.0,7755.0,0.23,0.0887,188.75,0.1142
2026-07-15,7575.51,2026-07-20,5.0,7760.0,0.23,0.0907,194.45,0.1166
2026-07-15,7575.51,2026-07-20,5.0,7765.0,0.2,0.0914,198.45,0.119
2026-07-15,7575.51,2026-07-20,5.0,7770.0,0.2,0.0934,203.65,0.1213
2026-07-15,7575.51,2026-07-20,5.0,7775.0,0.17,0.0939,209.35,0.1237
2026-07-15,7575.51,2026-07-20,5.0,7780.0,0.15,0.0942,214.35,0.126
2026-07-15,7575.51,2026-07-20,5.0,7790.0,0.15,0.098,223.35,0.1307
2026-07-15,7575.51,2026-07-20,5.0,7800.0,0.12,0.0998,233.95,0.1353
2026-07-15,7575.51,2026-07-20,5.0,7810.0,0.15,0.1056,243.35,0.1399
2026-07-15,7575.51,2026-07-20,5.0,7820.0,0.12,0.1073,253.5,0.1445
2026-07-15,7575.51,2026-07-20,5.0,7825.0,0.12,0.1091,259.05,0.1467
2026-07-15,7575.51,2026-07-20,5.0,7830.0,0.12,0.1109,262.95,0.149
2026-07-15,7575.51,2026-07-20,5.0,7840.0,0.12,0.1146,272.95,0.1535
2026-07-15,7575.51,2026-07-20,5.0,7850.0,0.1,0.1156,284.05,0.158
2026-07-15,7575.51,2026-07-20,5.0,7875.0,0.1,0.1245,309.05,0.1691
2026-07-15,7575.51,2026-07-20,5.0,7900.0,0.1,0.1333,334.55,0.1801
2026-07-15,7575.51,2026-07-20,5.0,7925.0,0.1,0.1421,359.45,0.1909
2026-07-15,7575.51,2026-07-20,5.0,7950.0,0.1,0.1507,383.95,0.2017
2026-07-15,7575.51,2026-07-20,5.0,7975.0,0.1,0.1593,408.65,0.2123
2026-07-15,7575.51,2026-07-20,5.0,8000.0,0.1,0.1678,434.0,0.2228
2026-07-15,7575.51,2026-07-20,5.0,8025.0,0.1,0.1762,458.05,0.2332
2026-07-15,7575.51,2026-07-20,5.0,8050.0,0.08,0.1799,483.25,0.2435
2026-07-15,7575.51,2026-07-20,5.0,8075.0,0.08,0.188,508.75,0.2538
2026-07-15,7575.51,2026-07-20,5.0,8100.0,0.08,0.1961,533.2,0.2639
2026-07-15,7575.51,2026-07-20,5.0,8200.0,0.05,0.2204,633.45,0.3038
2026-07-15,7575.51,2026-07-20,5.0,8300.0,0.05,0.2506,733.2,0.3426
2026-07-15,7575.51,2026-07-20,5.0,8400.0,0.05,0.2801,833.6,0.3804
2026-07-15,7575.51,2026-07-20,5.0,8600.0,0.05,0.3374,1033.95,0.4536
2026-07-15,7575.51,2026-07-21,6.0,5800.0,1765.05,0.6896,0.05,0.614
2026-07-15,7575.51,2026-07-21,6.0,5900.0,1666.05,0.7638,0.05,0.5769
2026-07-15,7575.51,2026-07-21,6.0,6000.0,1566.5,0.7416,0.08,0.5568
2026-07-15,7575.51,2026-07-21,6.0,6100.0,1466.9,0.7112,0.08,0.5197
2026-07-15,7575.51,2026-07-21,6.0,6200.0,1366.15,0.6203,0.08,0.483
2026-07-15,7575.51,2026-07-21,6.0,6300.0,1266.2,0.5748,0.1,0.4572
2026-07-15,7575.51,2026-07-21,6.0,6325.0,1240.7,0.5246,0.1,0.448
2026-07-15,7575.51,2026-07-21,6.0,6350.0,1216.2,0.5508,0.1,0.4389
2026-07-15,7575.51,2026-07-21,6.0,6375.0,1190.55,0.4841,0.12,0.4378
2026-07-15,7575.51,2026-07-21,6.0,6400.0,1167.2,0.5735,0.12,0.4285
2026-07-15,7575.51,2026-07-21,6.0,6425.0,1141.45,0.5288,0.15,0.4259
2026-07-15,7575.51,2026-07-21,6.0,6450.0,1116.5,0.5194,0.15,0.4166
2026-07-15,7575.51,2026-07-21,6.0,6475.0,1091.9,0.5252,0.15,0.4073
2026-07-15,7575.51,2026-07-21,6.0,6500.0,1067.3,0.528,0.15,0.398
2026-07-15,7575.51,2026-07-21,6.0,6525.0,1041.55,0.4861,0.17,0.3941
2026-07-15,7575.51,2026-07-21,6.0,6550.0,1016.55,0.4743,0.17,0.3848
2026-07-15,7575.51,2026-07-21,6.0,6575.0,991.75,0.4712,0.2,0.38
2026-07-15,7575.51,2026-07-21,6.0,6600.0,966.55,0.4508,0.2,0.3706
2026-07-15,7575.51,2026-07-21,6.0,6625.0,941.9,0.4534,0.23,0.3652
2026-07-15,7575.51,2026-07-21,6.0,6650.0,917.1,0.4486,0.23,0.3558
2026-07-15,7575.51,2026-07-21,6.0,6675.0,890.95,0.3831,0.25,0.3499
2026-07-15,7575.51,2026-07-21,6.0,6700.0,867.55,0.4386,0.28,0.3436
2026-07-15,7575.51,2026-07-21,6.0,6725.0,842.45,0.4236,0.28,0.334
2026-07-15,7575.51,2026-07-21,6.0,6750.0,817.0,0.3978,0.32,0.3299
2026-07-15,7575.51,2026-07-21,6.0,6775.0,792.35,0.3968,0.32,0.3203
2026-07-15,7575.51,2026-07-21,6.0,6800.0,767.45,0.3877,0.38,0.3153
2026-07-15,7575.51,2026-07-21,6.0,6825.0,742.35,0.373,0.4,0.3076
2026-07-15,7575.51,2026-07-21,6.0,6850.0,717.8,0.3725,0.43,0.2997
2026-07-15,7575.51,2026-07-21,6.0,6875.0,691.85,0.3345,0.47,0.2935
2026-07-15,7575.51,2026-07-21,6.0,6900.0,667.5,0.3412,0.5,0.2851
2026-07-15,7575.51,2026-07-21,6.0,6925.0,641.6,0.303,0.55,0.2782
2026-07-15,7575.51,2026-07-21,6.0,6950.0,617.65,0.3209,0.6,0.2708
2026-07-15,7575.51,2026-07-21,6.0,6960.0,606.65,0.2889,0.6,0.2668
2026-07-15,7575.51,2026-07-21,6.0,6970.0,598.25,0.3236,0.62,0.264
2026-07-15,7575.51,2026-07-21,6.0,6975.0,591.25,0.2665,0.65,0.2632
2026-07-15,7575.51,2026-07-21,6.0,6980.0,587.25,0.2971,0.65,0.2611
2026-07-15,7575.51,2026-07-21,6.0,6990.0,577.25,0.2924,0.65,0.257
2026-07-15,7575.51,2026-07-21,6.0,7000.0,568.0,0.3042,0.7,0.2552
2026-07-15,7575.51,2026-07-21,6.0,7010.0,557.35,0.2855,0.7,0.2511
2026-07-15,7575.51,2026-07-21,6.0,7020.0,547.6,0.2863,0.75,0.2491
2026-07-15,7575.51,2026-07-21,6.0,7025.0,543.2,0.2958,0.75,0.247
2026-07-15,7575.51,2026-07-21,6.0,7030.0,536.7,0.2588,0.75,0.2449
2026-07-15,7575.51,2026-07-21,6.0,7040.0,526.55,0.2494,0.8,0.2427
2026-07-15,7575.51,2026-07-21,6.0,7050.0,518.05,0.2808,0.82,0.2395
2026-07-15,7575.51,2026-07-21,6.0,7060.0,506.75,0.2466,0.85,0.2362
2026-07-15,7575.51,2026-07-21,6.0,7070.0,496.55,0.2359,0.9,0.2337
2026-07-15,7575.51,2026-07-21,6.0,7075.0,491.85,0.2426,0.9,0.2316
2026-07-15,7575.51,2026-07-21,6.0,7080.0,486.85,0.2403,0.93,0.2303
2026-07-15,7575.51,2026-07-21,6.0,7090.0,477.55,0.2519,0.95,0.2268
2026-07-15,7575.51,2026-07-21,6.0,7095.0,472.75,0.2534,1.0,0.2263
2026-07-15,7575.51,2026-07-21,6.0,7100.0,468.5,0.2638,1.0,0.2241
2026-07-15,7575.51,2026-07-21,6.0,7105.0,462.75,0.2486,1.02,0.2227
2026-07-15,7575.51,2026-07-21,6.0,7110.0,457.95,0.2498,1.05,0.2213
2026-07-15,7575.51,2026-07-21,6.0,7115.0,453.5,0.2564,1.05,0.2191
2026-07-15,7575.51,2026-07-21,6.0,7120.0,447.0,0.2258,1.1,0.2184
2026-07-15,7575.51,2026-07-21,6.0,7125.0,442.9,0.2417,1.1,0.2162
2026-07-15,7575.51,2026-07-21,6.0,7130.0,438.05,0.2418,1.15,0.2154
2026-07-15,7575.51,2026-07-21,6.0,7135.0,433.05,0.2393,1.15,0.2132
2026-07-15,7575.51,2026-07-21,6.0,7140.0,428.35,0.2416,1.2,0.2123
2026-07-15,7575.51,2026-07-21,6.0,7145.0,423.45,0.2407,1.2,0.2101
2026-07-15,7575.51,2026-07-21,6.0,7150.0,418.35,0.2367,1.25,0.2091
2026-07-15,7575.51,2026-07-21,6.0,7155.0,412.5,0.22,1.27,0.2075
2026-07-15,7575.51,2026-07-21,6.0,7160.0,408.4,0.2325,1.3,0.2058
2026-07-15,7575.51,2026-07-21,6.0,7165.0,403.05,0.2246,1.35,0.2048
2026-07-15,7575.51,2026-07-21,6.0,7170.0,398.65,0.231,1.38,0.2031
2026-07-15,7575.51,2026-07-21,6.0,7175.0,393.15,0.2213,1.4,0.2014
2026-07-15,7575.51,2026-07-21,6.0,7180.0,387.45,0.2072,1.45,0.2002
2026-07-15,7575.51,2026-07-21,6.0,7185.0,382.5,0.2057,1.48,0.1984
2026-07-15,7575.51,2026-07-21,6.0,7190.0,378.25,0.2154,1.52,0.1972
2026-07-15,7575.51,2026-07-21,6.0,7195.0,372.6,0.2027,1.55,0.1954
2026-07-15,7575.51,2026-07-21,6.0,7200.0,369.05,0.221,1.6,0.1941
2026-07-15,7575.51,2026-07-21,6.0,7205.0,363.45,0.2107,1.65,0.1927
2026-07-15,7575.51,2026-07-21,6.0,7210.0,359.25,0.2182,1.7,0.1913
2026-07-15,7575.51,2026-07-21,6.0,7215.0,352.7,0.1947,1.75,0.1899
2026-07-15,7575.51,2026-07-21,6.0,7220.0,348.9,0.2089,1.8,0.1884
2026-07-15,7575.51,2026-07-21,6.0,7225.0,344.65,0.2148,1.85,0.1869
2026-07-15,7575.51,2026-07-21,6.0,7230.0,340.05,0.2164,1.9,0.1854
2026-07-15,7575.51,2026-07-21,6.0,7235.0,333.75,0.1994,1.97,0.1842
2026-07-15,7575.51,2026-07-21,6.0,7240.0,329.05,0.2004,2.02,0.1826
2026-07-15,7575.51,2026-07-21,6.0,7245.0,325.15,0.2093,2.1,0.1814
2026-07-15,7575.51,2026-07-21,6.0,7250.0,319.65,0.2016,2.17,0.1801
2026-07-15,7575.51,2026-07-21,6.0,7255.0,315.05,0.203,2.22,0.1784
2026-07-15,7575.51,2026-07-21,6.0,7260.0,310.05,0.2003,2.33,0.1773
2026-07-15,7575.51,2026-07-21,6.0,7265.0,304.8,0.1952,2.38,0.1756
2026-07-15,7575.51,2026-07-21,6.0,7270.0,300.45,0.1986,2.47,0.1744
2026-07-15,7575.51,2026-07-21,6.0,7275.0,295.15,0.1931,2.55,0.1729
2026-07-15,7575.51,2026-07-21,6.0,7280.0,289.75,0.1867,2.65,0.1716
2026-07-15,7575.51,2026-07-21,6.0,7285.0,284.45,0.1811,2.72,0.17
2026-07-15,7575.51,2026-07-21,6.0,7290.0,279.4,0.1779,2.85,0.169
2026-07-15,7575.51,2026-07-21,6.0,7295.0,273.85,0.1696,2.95,0.1675
2026-07-15,7575.51,2026-07-21,6.0,7300.0,268.8,0.1665,3.05,0.1661
2026-07-15,7575.51,2026-07-21,6.0,7305.0,265.2,0.1772,3.2,0.1651
2026-07-15,7575.51,2026-07-21,6.0,7310.0,260.35,0.1758,3.3,0.1635
2026-07-15,7575.51,2026-07-21,6.0,7315.0,255.5,0.1743,3.4,0.1619
2026-07-15,7575.51,2026-07-21,6.0,7320.0,250.95,0.175,3.55,0.1607
2026-07-15,7575.51,2026-07-21,6.0,7325.0,245.45,0.1683,3.7,0.1594
2026-07-15,7575.51,2026-07-21,6.0,7330.0,240.95,0.1694,3.8,0.1577
2026-07-15,7575.51,2026-07-21,6.0,7335.0,235.25,0.1611,4.0,0.1567
2026-07-15,7575.51,2026-07-21,6.0,7340.0,230.55,0.1607,4.2,0.1557
2026-07-15,7575.51,2026-07-21,6.0,7345.0,226.3,0.1634,4.3,0.1538
2026-07-15,7575.51,2026-07-21,6.0,7350.0,221.3,0.1605,4.5,0.1526
2026-07-15,7575.51,2026-07-21,6.0,7355.0,215.3,0.1503,4.7,0.1514
2026-07-15,7575.51,2026-07-21,6.0,7360.0,212.25,0.161,4.9,0.15
2026-07-15,7575.51,2026-07-21,6.0,7365.0,207.35,0.1587,5.1,0.1486
2026-07-15,7575.51,2026-07-21,6.0,7370.0,202.55,0.1569,5.3,0.1471
2026-07-15,7575.51,2026-07-21,6.0,7375.0,198.1,0.1572,5.6,0.1463
2026-07-15,7575.51,2026-07-21,6.0,7380.0,193.4,0.1558,5.8,0.1446
2026-07-15,7575.51,2026-07-21,6.0,7385.0,188.45,0.153,6.1,0.1436
2026-07-15,7575.51,2026-07-21,6.0,7390.0,182.95,0.1471,6.3,0.1418
2026-07-15,7575.51,2026-07-21,6.0,7395.0,178.55,0.1473,6.6,0.1405
2026-07-15,7575.51,2026-07-21,6.0,7400.0,173.55,0.1442,6.95,0.1395
2026-07-15,7575.51,2026-07-21,6.0,7405.0,169.45,0.1457,7.25,0.138
2026-07-15,7575.51,2026-07-21,6.0,7410.0,164.3,0.1417,7.6,0.1368
2026-07-15,7575.51,2026-07-21,6.0,7415.0,159.6,0.1399,8.0,0.1357
2026-07-15,7575.51,2026-07-21,6.0,7420.0,155.05,0.1388,8.35,0.1342
2026-07-15,7575.51,2026-07-21,6.0,7425.0,150.35,0.1369,8.75,0.1329
2026-07-15,7575.51,2026-07-21,6.0,7430.0,146.4,0.1382,9.2,0.1317
2026-07-15,7575.51,2026-07-21,6.0,7435.0,141.4,0.1348,9.65,0.1304
2026-07-15,7575.51,2026-07-21,6.0,7440.0,136.8,0.133,10.1,0.129
2026-07-15,7575.51,2026-07-21,6.0,7445.0,132.4,0.132,10.6,0.1276
2026-07-15,7575.51,2026-07-21,6.0,7450.0,127.75,0.1299,11.2,0.1266
2026-07-15,7575.51,2026-07-21,6.0,7455.0,123.35,0.1286,11.75,0.1253
2026-07-15,7575.51,2026-07-21,6.0,7460.0,119.2,0.1282,12.35,0.124
2026-07-15,7575.51,2026-07-21,6.0,7465.0,114.7,0.1263,13.0,0.1227
2026-07-15,7575.51,2026-07-21,6.0,7470.0,111.45,0.1287,13.7,0.1215
2026-07-15,7575.51,2026-07-21,6.0,7475.0,106.9,0.1263,14.4,0.1202
2026-07-15,7575.51,2026-07-21,6.0,7480.0,102.95,0.1259,15.2,0.119
2026-07-15,7575.51,2026-07-21,6.0,7485.0,98.6,0.1239,16.0,0.1178
2026-07-15,7575.51,2026-07-21,6.0,7490.0,94.85,0.1238,16.9,0.1166
2026-07-15,7575.51,2026-07-21,6.0,7495.0,90.4,0.1213,17.8,0.1153
2026-07-15,7575.51,2026-07-21,6.0,7500.0,86.75,0.1211,18.8,0.1142
2026-07-15,7575.51,2026-07-21,6.0,7505.0,83.0,0.1204,19.8,0.1129
2026-07-15,7575.51,2026-07-21,6.0,7510.0,79.0,0.1187,20.9,0.1117
2026-07-15,7575.51,2026-07-21,6.0,7515.0,75.1,0.1173,22.1,0.1106
2026-07-15,7575.51,2026-07-21,6.0,7520.0,71.3,0.1159,23.3,0.1093
2026-07-15,7575.51,2026-07-21,6.0,7525.0,67.65,0.1147,24.6,0.1081
2026-07-15,7575.51,2026-07-21,6.0,7530.0,64.0,0.1134,25.95,0.1069
2026-07-15,7575.51,2026-07-21,6.0,7535.0,60.5,0.1123,27.4,0.1057
2026-07-15,7575.51,2026-07-21,6.0,7540.0,57.05,0.1111,28.95,0.1045
2026-07-15,7575.51,2026-07-21,6.0,7545.0,53.65,0.1098,30.55,0.1033
2026-07-15,7575.51,2026-07-21,6.0,7550.0,50.4,0.1087,32.3,0.1022
2026-07-15,7575.51,2026-07-21,6.0,7555.0,47.25,0.1076,34.1,0.101
2026-07-15,7575.51,2026-07-21,6.0,7560.0,44.15,0.1064,36.05,0.0999
2026-07-15,7575.51,2026-07-21,6.0,7565.0,41.15,0.1053,38.05,0.0987
2026-07-15,7575.51,2026-07-21,6.0,7570.0,38.25,0.1041,40.15,0.0974
2026-07-15,7575.51,2026-07-21,6.0,7575.0,35.55,0.1032,42.4,0.0963
2026-07-15,7575.51,2026-07-21,6.0,7580.0,32.85,0.1021,44.75,0.0952
2026-07-15,7575.51,2026-07-21,6.0,7585.0,30.35,0.1011,47.15,0.0938
2026-07-15,7575.51,2026-07-21,6.0,7590.0,27.9,0.1001,49.75,0.0927
2026-07-15,7575.51,2026-07-21,6.0,7595.0,25.6,0.0991,52.45,0.0915
2026-07-15,7575.51,2026-07-21,6.0,7600.0,23.4,0.0981,55.3,0.0904
2026-07-15,7575.51,2026-07-21,6.0,7605.0,21.3,0.0971,58.2,0.089
2026-07-15,7575.51,2026-07-21,6.0,7610.0,19.4,0.0964,61.2,0.0876
2026-07-15,7575.51,2026-07-21,6.0,7615.0,17.6,0.0956,64.5,0.0866
2026-07-15,7575.51,2026-07-21,6.0,7620.0,15.9,0.0948,68.0,0.0859
2026-07-15,7575.51,2026-07-21,6.0,7625.0,14.3,0.094,71.6,0.0851
2026-07-15,7575.51,2026-07-21,6.0,7630.0,12.8,0.0931,75.15,0.0837
2026-07-15,7575.51,2026-07-21,6.0,7635.0,11.4,0.0922,78.5,0.0808
2026-07-15,7575.51,2026-07-21,6.0,7640.0,10.2,0.0917,82.25,0.0788
2026-07-15,7575.51,2026-07-21,6.0,7645.0,9.0,0.0908,86.15,0.0766
2026-07-15,7575.51,2026-07-21,6.0,7650.0,8.0,0.0904,90.05,0.0731
2026-07-15,7575.51,2026-07-21,6.0,7655.0,7.0,0.0895,94.15,0.0687
2026-07-15,7575.51,2026-07-21,6.0,7660.0,6.1,0.0887,98.75,0.066
2026-07-15,7575.51,2026-07-21,6.0,7665.0,5.3,0.088,102.85,0.0659
2026-07-15,7575.51,2026-07-21,6.0,7670.0,4.6,0.0874,106.75,0.0684
2026-07-15,7575.51,2026-07-21,6.0,7675.0,4.0,0.087,111.15,0.0708
2026-07-15,7575.51,2026-07-21,6.0,7680.0,3.45,0.0865,116.2,0.0732
2026-07-15,7575.51,2026-07-21,6.0,7685.0,2.95,0.0859,120.65,0.0756
2026-07-15,7575.51,2026-07-21,6.0,7690.0,2.55,0.0856,125.4,0.078
2026-07-15,7575.51,2026-07-21,6.0,7695.0,2.15,0.0849,130.1,0.0804
2026-07-15,7575.51,2026-07-21,6.0,7700.0,1.85,0.0847,134.2,0.0827
2026-07-15,7575.51,2026-07-21,6.0,7705.0,1.55,0.0842,139.2,0.0851
2026-07-15,7575.51,2026-07-21,6.0,7710.0,1.3,0.0837,143.9,0.0874
2026-07-15,7575.51,2026-07-21,6.0,7715.0,1.1,0.0835,148.6,0.0897
2026-07-15,7575.51,2026-07-21,6.0,7720.0,0.95,0.0836,153.55,0.092
2026-07-15,7575.51,2026-07-21,6.0,7725.0,0.8,0.0834,158.2,0.0943
2026-07-15,7575.51,2026-07-21,6.0,7730.0,0.65,0.0828,164.05,0.0966
2026-07-15,7575.51,2026-07-21,6.0,7735.0,0.57,0.0833,168.2,0.0989
2026-07-15,7575.51,2026-07-21,6.0,7740.0,0.5,0.0836,173.25,0.1011
2026-07-15,7575.51,2026-07-21,6.0,7745.0,0.43,0.0837,178.2,0.1034
2026-07-15,7575.51,2026-07-21,6.0,7750.0,0.38,0.0842,183.75,0.1056
2026-07-15,7575.51,2026-07-21,6.0,7755.0,0.32,0.0845,187.25,0.1079
2026-07-15,7575.51,2026-07-21,6.0,7760.0,0.3,0.0856,192.75,0.1101
2026-07-15,7575.51,2026-07-21,6.0,7765.0,0.25,0.0855,197.75,0.1123
2026-07-15,7575.51,2026-07-21,6.0,7770.0,0.25,0.0873,203.2,0.1145
2026-07-15,7575.51,2026-07-21,6.0,7775.0,0.23,0.088,208.65,0.1167
2026-07-15,7575.51,2026-07-21,6.0,7780.0,0.2,0.0886,213.65,0.1189
2026-07-15,7575.51,2026-07-21,6.0,7790.0,0.17,0.0908,223.75,0.1232
2026-07-15,7575.51,2026-07-21,6.0,7800.0,0.15,0.0927,232.55,0.1276
2026-07-15,7575.51,2026-07-21,6.0,7810.0,0.15,0.0961,242.95,0.1319
2026-07-15,7575.51,2026-07-21,6.0,7820.0,0.15,0.0996,252.95,0.1361
2026-07-15,7575.51,2026-07-21,6.0,7825.0,0.15,0.1013,257.65,0.1382
2026-07-15,7575.51,2026-07-21,6.0,7830.0,0.15,0.103,262.95,0.1404
2026-07-15,7575.51,2026-07-21,6.0,7840.0,0.12,0.1044,273.05,0.1446
2026-07-15,7575.51,2026-07-21,6.0,7850.0,0.1,0.1053,282.15,0.1488
2026-07-15,7575.51,2026-07-21,6.0,7875.0,0.1,0.1134,307.35,0.1591
2026-07-15,7575.51,2026-07-21,6.0,7900.0,0.1,0.1215,333.0,0.1694
2026-07-15,7575.51,2026-07-21,6.0,7925.0,0.1,0.1294,357.5,0.1795
2026-07-15,7575.51,2026-07-21,6.0,7950.0,0.1,0.1373,382.3,0.1895
2026-07-15,7575.51,2026-07-21,6.0,7975.0,0.1,0.1452,407.55,0.1994
2026-07-15,7575.51,2026-07-21,6.0,8000.0,0.1,0.1529,432.55,0.2092
2026-07-15,7575.51,2026-07-21,6.0,8025.0,0.1,0.1606,457.95,0.2189
2026-07-15,7575.51,2026-07-21,6.0,8050.0,0.1,0.1683,482.9,0.2286
2026-07-15,7575.51,2026-07-21,6.0,8075.0,0.1,0.1759,508.35,0.2381
2026-07-15,7575.51,2026-07-21,6.0,8100.0,0.1,0.1834,531.9,0.2476
2026-07-15,7575.51,2026-07-21,6.0,8200.0,0.08,0.2078,632.65,0.2847
2026-07-15,7575.51,2026-07-21,6.0,8300.0,0.05,0.2285,732.55,0.3208
2026-07-15,7575.51,2026-07-21,6.0,8400.0,0.05,0.2555,831.65,0.356
2026-07-15,7575.51,2026-07-21,6.0,8600.0,0.05,0.3078,1032.3,0.4241
2026-07-15,7575.51,2026-07-22,7.0,5800.0,1765.65,0.6444,0.08,0.5857
2026-07-15,7575.51,2026-07-22,7.0,5900.0,1666.45,0.6938,0.08,0.5505
2026-07-15,7575.51,2026-07-22,7.0,6000.0,1565.95,0.5953,0.1,0.5273
2026-07-15,7575.51,2026-07-22,7.0,6100.0,1466.95,0.6316,0.1,0.4923
2026-07-15,7575.51,2026-07-22,7.0,6200.0,1366.0,0.5057,0.15,0.4732
2026-07-15,7575.51,2026-07-22,7.0,6300.0,1266.25,0.4897,0.2,0.4491
2026-07-15,7575.51,2026-07-22,7.0,6325.0,1242.85,0.5664,0.2,0.4402
2026-07-15,7575.51,2026-07-22,7.0,6350.0,1216.5,0.4888,0.2,0.4313
2026-07-15,7575.51,2026-07-22,7.0,6375.0,1191.15,0.4444,0.2,0.4224
2026-07-15,7575.51,2026-07-22,7.0,6400.0,1166.4,0.4585,0.23,0.418
2026-07-15,7575.51,2026-07-22,7.0,6425.0,1141.6,0.4625,0.25,0.4131
2026-07-15,7575.51,2026-07-22,7.0,6450.0,1116.45,0.4405,0.25,0.4041
2026-07-15,7575.51,2026-07-22,7.0,6475.0,1091.5,0.4333,0.25,0.3951
2026-07-15,7575.51,2026-07-22,7.0,6500.0,1066.7,0.4359,0.28,0.3897
2026-07-15,7575.51,2026-07-22,7.0,6525.0,1042.85,0.4746,0.3,0.3839
2026-07-15,7575.51,2026-07-22,7.0,6550.0,1017.25,0.4415,0.3,0.3749
2026-07-15,7575.51,2026-07-22,7.0,6575.0,991.7,0.4033,0.32,0.3688
2026-07-15,7575.51,2026-07-22,7.0,6600.0,966.85,0.4009,0.35,0.3624
2026-07-15,7575.51,2026-07-22,7.0,6625.0,941.9,0.3927,0.35,0.3533
2026-07-15,7575.51,2026-07-22,7.0,6650.0,916.65,0.3679,0.4,0.349
2026-07-15,7575.51,2026-07-22,7.0,6675.0,892.45,0.3942,0.4,0.3398
2026-07-15,7575.51,2026-07-22,7.0,6700.0,867.75,0.3931,0.45,0.3348
2026-07-15,7575.51,2026-07-22,7.0,6725.0,842.1,0.3589,0.45,0.3255
2026-07-15,7575.51,2026-07-22,7.0,6750.0,817.2,0.3523,0.5,0.3199
2026-07-15,7575.51,2026-07-22,7.0,6775.0,792.65,0.357,0.55,0.3139
2026-07-15,7575.51,2026-07-22,7.0,6800.0,766.95,0.3204,0.55,0.3045
2026-07-15,7575.51,2026-07-22,7.0,6825.0,742.75,0.3381,0.6,0.2981
2026-07-15,7575.51,2026-07-22,7.0,6850.0,717.9,0.3312,0.65,0.2914
2026-07-15,7575.51,2026-07-22,7.0,6875.0,692.4,0.3058,0.7,0.2844
2026-07-15,7575.51,2026-07-22,7.0,6900.0,668.45,0.3221,0.75,0.2771
2026-07-15,7575.51,2026-07-22,7.0,6925.0,642.05,0.2722,0.8,0.2696
2026-07-15,7575.51,2026-07-22,7.0,6950.0,617.55,0.2782,0.85,0.2619
2026-07-15,7575.51,2026-07-22,7.0,6975.0,592.45,0.2647,0.93,0.2549
2026-07-15,7575.51,2026-07-22,7.0,7000.0,567.6,0.2582,1.0,0.2475
2026-07-15,7575.51,2026-07-22,7.0,7025.0,544.25,0.2798,1.07,0.2399
2026-07-15,7575.51,2026-07-22,7.0,7040.0,527.75,0.2448,1.15,0.2361
2026-07-15,7575.51,2026-07-22,7.0,7050.0,519.2,0.2675,1.18,0.2327
2026-07-15,7575.51,2026-07-22,7.0,7060.0,507.75,0.2361,1.23,0.23
2026-07-15,7575.51,2026-07-22,7.0,7070.0,498.6,0.2487,1.25,0.2266
2026-07-15,7575.51,2026-07-22,7.0,7075.0,493.3,0.2411,1.3,0.2258
2026-07-15,7575.51,2026-07-22,7.0,7080.0,489.2,0.2537,1.3,0.2238
2026-07-15,7575.51,2026-07-22,7.0,7090.0,478.35,0.2353,1.35,0.2209
2026-07-15,7575.51,2026-07-22,7.0,7100.0,469.45,0.248,1.43,0.2185
2026-07-15,7575.51,2026-07-22,7.0,7110.0,458.15,0.2228,1.48,0.2154
2026-07-15,7575.51,2026-07-22,7.0,7120.0,449.55,0.24,1.55,0.2128
2026-07-15,7575.51,2026-07-22,7.0,7125.0,444.45,0.2364,1.57,0.2112
2026-07-15,7575.51,2026-07-22,7.0,7130.0,439.85,0.2391,1.62,0.2101
2026-07-15,7575.51,2026-07-22,7.0,7140.0,429.8,0.2338,1.7,0.2073
2026-07-15,7575.51,2026-07-22,7.0,7150.0,419.7,0.2278,1.77,0.2045
2026-07-15,7575.51,2026-07-22,7.0,7160.0,409.8,0.2243,1.88,0.2019
2026-07-15,7575.51,2026-07-22,7.0,7170.0,399.9,0.2207,1.97,0.1993
2026-07-15,7575.51,2026-07-22,7.0,7175.0,395.0,0.2195,2.02,0.1979
2026-07-15,7575.51,2026-07-22,7.0,7180.0,390.0,0.2171,2.08,0.1965
2026-07-15,7575.51,2026-07-22,7.0,7185.0,384.95,0.2141,2.12,0.1951
2026-07-15,7575.51,2026-07-22,7.0,7190.0,380.15,0.214,2.17,0.1937
2026-07-15,7575.51,2026-07-22,7.0,7195.0,375.1,0.211,2.22,0.1922
2026-07-15,7575.51,2026-07-22,7.0,7200.0,370.3,0.2107,2.3,0.1911
2026-07-15,7575.51,2026-07-22,7.0,7205.0,365.1,0.2062,2.38,0.1899
2026-07-15,7575.51,2026-07-22,7.0,7210.0,360.3,0.2059,2.42,0.1883
2026-07-15,7575.51,2026-07-22,7.0,7215.0,356.05,0.2107,2.53,0.1874
2026-07-15,7575.51,2026-07-22,7.0,7220.0,350.45,0.2025,2.58,0.1858
2026-07-15,7575.51,2026-07-22,7.0,7225.0,345.5,0.2006,2.67,0.1848
2026-07-15,7575.51,2026-07-22,7.0,7230.0,340.8,0.201,2.72,0.1831
2026-07-15,7575.51,2026-07-22,7.0,7235.0,335.7,0.1975,2.83,0.182
2026-07-15,7575.51,2026-07-22,7.0,7240.0,331.45,0.2017,2.9,0.1806
2026-07-15,7575.51,2026-07-22,7.0,7245.0,325.85,0.194,3.0,0.1794
2026-07-15,7575.51,2026-07-22,7.0,7250.0,321.1,0.1937,3.1,0.1782
2026-07-15,7575.51,2026-07-22,7.0,7255.0,316.2,0.192,3.2,0.1769
2026-07-15,7575.51,2026-07-22,7.0,7260.0,311.15,0.1891,3.3,0.1756
2026-07-15,7575.51,2026-07-22,7.0,7265.0,306.25,0.1874,3.4,0.1742
2026-07-15,7575.51,2026-07-22,7.0,7270.0,301.9,0.1901,3.5,0.1728
2026-07-15,7575.51,2026-07-22,7.0,7275.0,296.5,0.1843,3.6,0.1714
2026-07-15,7575.51,2026-07-22,7.0,7280.0,291.6,0.1826,3.75,0.1704
2026-07-15,7575.51,2026-07-22,7.0,7285.0,286.75,0.1812,3.9,0.1693
2026-07-15,7575.51,2026-07-22,7.0,7290.0,281.9,0.1797,4.0,0.1678
2026-07-15,7575.51,2026-07-22,7.0,7295.0,277.0,0.1778,4.15,0.1666
2026-07-15,7575.51,2026-07-22,7.0,7300.0,272.2,0.1767,4.3,0.1654
2026-07-15,7575.51,2026-07-22,7.0,7305.0,268.15,0.1805,4.45,0.1641
2026-07-15,7575.51,2026-07-22,7.0,7310.0,262.45,0.1731,4.6,0.1628
2026-07-15,7575.51,2026-07-22,7.0,7315.0,257.65,0.1718,4.75,0.1614
2026-07-15,7575.51,2026-07-22,7.0,7320.0,253.7,0.1758,4.95,0.1603
2026-07-15,7575.51,2026-07-22,7.0,7325.0,248.0,0.1687,5.1,0.1589
2026-07-15,7575.51,2026-07-22,7.0,7330.0,243.1,0.1666,5.3,0.1577
2026-07-15,7575.51,2026-07-22,7.0,7335.0,238.35,0.1655,5.5,0.1564
2026-07-15,7575.51,2026-07-22,7.0,7340.0,233.85,0.1657,5.7,0.1551
2026-07-15,7575.51,2026-07-22,7.0,7345.0,228.8,0.1626,5.9,0.1538
2026-07-15,7575.51,2026-07-22,7.0,7350.0,224.2,0.1621,6.2,0.153
2026-07-15,7575.51,2026-07-22,7.0,7355.0,219.6,0.1615,6.4,0.1515
2026-07-15,7575.51,2026-07-22,7.0,7360.0,214.55,0.1584,6.7,0.1505
2026-07-15,7575.51,2026-07-22,7.0,7365.0,210.75,0.1617,6.9,0.1489
2026-07-15,7575.51,2026-07-22,7.0,7370.0,205.4,0.157,7.2,0.1478
2026-07-15,7575.51,2026-07-22,7.0,7375.0,200.8,0.1561,7.5,0.1466
2026-07-15,7575.51,2026-07-22,7.0,7380.0,196.15,0.1548,7.8,0.1454
2026-07-15,7575.51,2026-07-22,7.0,7385.0,191.4,0.153,8.1,0.144
2026-07-15,7575.51,2026-07-22,7.0,7390.0,187.05,0.1529,8.5,0.1431
2026-07-15,7575.51,2026-07-22,7.0,7395.0,182.1,0.1501,8.9,0.1421
2026-07-15,7575.51,2026-07-22,7.0,7400.0,177.65,0.1494,9.25,0.1408
2026-07-15,7575.51,2026-07-22,7.0,7405.0,173.1,0.1482,9.6,0.1394
2026-07-15,7575.51,2026-07-22,7.0,7410.0,168.45,0.1465,10.0,0.1381
2026-07-15,7575.51,2026-07-22,7.0,7415.0,163.9,0.1452,10.5,0.1372
2026-07-15,7575.51,2026-07-22,7.0,7420.0,159.25,0.1433,10.9,0.1357
2026-07-15,7575.51,2026-07-22,7.0,7425.0,154.75,0.142,11.4,0.1346
2026-07-15,7575.51,2026-07-22,7.0,7430.0,150.35,0.141,11.9,0.1334
2026-07-15,7575.51,2026-07-22,7.0,7435.0,145.9,0.1396,12.5,0.1324
2026-07-15,7575.51,2026-07-22,7.0,7440.0,141.15,0.1371,13.0,0.131
2026-07-15,7575.51,2026-07-22,7.0,7445.0,137.15,0.1372,13.6,0.1299
2026-07-15,7575.51,2026-07-22,7.0,7450.0,132.7,0.1356,14.25,0.1288
2026-07-15,7575.51,2026-07-22,7.0,7455.0,128.1,0.1334,14.9,0.1276
2026-07-15,7575.51,2026-07-22,7.0,7460.0,124.1,0.1331,15.6,0.1264
2026-07-15,7575.51,2026-07-22,7.0,7465.0,119.85,0.1319,16.3,0.1251
2026-07-15,7575.51,2026-07-22,7.0,7470.0,115.75,0.131,17.1,0.1241
2026-07-15,7575.51,2026-07-22,7.0,7475.0,111.5,0.1295,17.9,0.1229
2026-07-15,7575.51,2026-07-22,7.0,7480.0,107.4,0.1283,18.8,0.1219
2026-07-15,7575.51,2026-07-22,7.0,7485.0,103.15,0.1266,19.65,0.1206
2026-07-15,7575.51,2026-07-22,7.0,7490.0,99.2,0.1256,20.6,0.1194
2026-07-15,7575.51,2026-07-22,7.0,7495.0,95.2,0.1244,21.6,0.1183
2026-07-15,7575.51,2026-07-22,7.0,7500.0,91.5,0.1238,22.65,0.1171
2026-07-15,7575.51,2026-07-22,7.0,7505.0,87.6,0.1226,23.8,0.1161
2026-07-15,7575.51,2026-07-22,7.0,7510.0,83.75,0.1213,24.95,0.1149
2026-07-15,7575.51,2026-07-22,7.0,7515.0,80.0,0.1202,26.2,0.1139
2026-07-15,7575.51,2026-07-22,7.0,7520.0,76.3,0.119,27.45,0.1126
2026-07-15,7575.51,2026-07-22,7.0,7525.0,72.6,0.1177,28.8,0.1115
2026-07-15,7575.51,2026-07-22,7.0,7530.0,69.1,0.1167,30.25,0.1104
2026-07-15,7575.51,2026-07-22,7.0,7535.0,65.6,0.1155,31.75,0.1093
2026-07-15,7575.51,2026-07-22,7.0,7540.0,62.15,0.1143,33.3,0.1081
2026-07-15,7575.51,2026-07-22,7.0,7545.0,58.85,0.1133,34.95,0.107
2026-07-15,7575.51,2026-07-22,7.0,7550.0,55.55,0.1121,36.65,0.1058
2026-07-15,7575.51,2026-07-22,7.0,7555.0,52.4,0.1111,38.55,0.1049
2026-07-15,7575.51,2026-07-22,7.0,7560.0,49.35,0.1101,40.45,0.1038
2026-07-15,7575.51,2026-07-22,7.0,7565.0,46.35,0.109,42.45,0.1027
2026-07-15,7575.51,2026-07-22,7.0,7570.0,43.45,0.108,44.5,0.1014
2026-07-15,7575.51,2026-07-22,7.0,7575.0,40.65,0.107,46.75,0.1005
2026-07-15,7575.51,2026-07-22,7.0,7580.0,37.9,0.1059,49.0,0.0993
2026-07-15,7575.51,2026-07-22,7.0,7585.0,35.3,0.1049,51.35,0.098
2026-07-15,7575.51,2026-07-22,7.0,7590.0,32.75,0.1038,53.85,0.0969
2026-07-15,7575.51,2026-07-22,7.0,7595.0,30.4,0.103,56.45,0.0958
2026-07-15,7575.51,2026-07-22,7.0,7600.0,28.1,0.102,59.15,0.0946
2026-07-15,7575.51,2026-07-22,7.0,7605.0,25.9,0.1011,61.95,0.0934
2026-07-15,7575.51,2026-07-22,7.0,7610.0,23.75,0.1,64.9,0.0923
2026-07-15,7575.51,2026-07-22,7.0,7615.0,21.8,0.0992,67.9,0.0909
2026-07-15,7575.51,2026-07-22,7.0,7620.0,20.0,0.0985,71.15,0.09
2026-07-15,7575.51,2026-07-22,7.0,7625.0,18.25,0.0977,74.85,0.09
2026-07-15,7575.51,2026-07-22,7.0,7630.0,16.65,0.0971,78.05,0.0882
2026-07-15,7575.51,2026-07-22,7.0,7635.0,15.1,0.0963,81.65,0.0873
2026-07-15,7575.51,2026-07-22,7.0,7640.0,13.7,0.0957,85.1,0.0853
2026-07-15,7575.51,2026-07-22,7.0,7645.0,12.35,0.0949,88.8,0.0837
2026-07-15,7575.51,2026-07-22,7.0,7650.0,11.15,0.0944,92.5,0.0816
2026-07-15,7575.51,2026-07-22,7.0,7655.0,10.0,0.0937,96.2,0.0785
2026-07-15,7575.51,2026-07-22,7.0,7660.0,9.0,0.0932,100.65,0.0784
2026-07-15,7575.51,2026-07-22,7.0,7665.0,8.0,0.0925,104.2,0.071
2026-07-15,7575.51,2026-07-22,7.0,7670.0,7.1,0.0919,108.65,0.0657
2026-07-15,7575.51,2026-07-22,7.0,7675.0,6.3,0.0913,112.75,0.0678
2026-07-15,7575.51,2026-07-22,7.0,7680.0,5.55,0.0907,117.25,0.0701
2026-07-15,7575.51,2026-07-22,7.0,7685.0,4.9,0.0902,121.5,0.0723
2026-07-15,7575.51,2026-07-22,7.0,7690.0,4.3,0.0897,,
2026-07-15,7575.51,2026-07-22,7.0,7695.0,3.75,0.0892,130.7,0.0768
2026-07-15,7575.51,2026-07-22,7.0,7700.0,3.2,0.0882,135.15,0.0791
2026-07-15,7575.51,2026-07-22,7.0,7705.0,2.83,0.0881,139.9,0.0813
2026-07-15,7575.51,2026-07-22,7.0,7710.0,2.47,0.0879,144.3,0.0835
2026-07-15,7575.51,2026-07-22,7.0,7715.0,2.15,0.0876,148.85,0.0857
2026-07-15,7575.51,2026-07-22,7.0,7720.0,1.85,0.0872,153.5,0.0879
2026-07-15,7575.51,2026-07-22,7.0,7725.0,1.6,0.0869,158.55,0.0901
2026-07-15,7575.51,2026-07-22,7.0,7730.0,1.38,0.0866,163.2,0.0922
2026-07-15,7575.51,2026-07-22,7.0,7740.0,1.02,0.0863,172.45,0.0965
2026-07-15,7575.51,2026-07-22,7.0,7750.0,0.77,0.0864,182.45,0.1007
2026-07-15,7575.51,2026-07-22,7.0,7760.0,0.6,0.0869,192.9,0.105
2026-07-15,7575.51,2026-07-22,7.0,7770.0,0.45,0.087,202.75,0.1091
2026-07-15,7575.51,2026-07-22,7.0,7775.0,0.4,0.0874,207.7,0.1112
2026-07-15,7575.51,2026-07-22,7.0,7780.0,0.4,0.0892,213.25,0.1133
2026-07-15,7575.51,2026-07-22,7.0,7790.0,0.3,0.0894,222.65,0.1174
2026-07-15,7575.51,2026-07-22,7.0,7800.0,0.25,0.0907,233.1,0.1215
2026-07-15,7575.51,2026-07-22,7.0,7825.0,0.2,0.0966,257.25,0.1316
2026-07-15,7575.51,2026-07-22,7.0,7850.0,0.15,0.1014,282.7,0.1415
2026-07-15,7575.51,2026-07-22,7.0,7875.0,0.15,0.1092,307.8,0.1513
2026-07-15,7575.51,2026-07-22,7.0,7900.0,0.15,0.1169,332.3,0.161
2026-07-15,7575.51,2026-07-22,7.0,7925.0,0.12,0.1222,357.85,0.1705
2026-07-15,7575.51,2026-07-22,7.0,7950.0,0.1,0.1269,382.5,0.18
2026-07-15,7575.51,2026-07-22,7.0,7975.0,0.1,0.1342,407.25,0.1893
2026-07-15,7575.51,2026-07-22,7.0,8000.0,0.1,0.1414,431.15,0.1986
2026-07-15,7575.51,2026-07-22,7.0,8025.0,0.1,0.1485,457.45,0.2078
2026-07-15,7575.51,2026-07-22,7.0,8050.0,0.1,0.1556,482.65,0.2168
2026-07-15,7575.51,2026-07-22,7.0,8075.0,0.1,0.1626,506.95,0.2258
2026-07-15,7575.51,2026-07-22,7.0,8100.0,0.1,0.1696,532.65,0.2348
2026-07-15,7575.51,2026-07-22,7.0,8200.0,0.1,0.1971,631.1,0.2697
2026-07-15,7575.51,2026-07-22,7.0,8300.0,0.08,0.2185,732.2,0.3038
2026-07-15,7575.51,2026-07-22,7.0,8400.0,0.05,0.2363,832.1,0.3369
2026-07-15,7575.51,2026-07-22,7.0,8600.0,0.05,0.2848,1031.95,0.401
2026-07-15,7575.51,2026-07-23,8.0,5800.0,1766.6,0.6577,0.12,0.5702
2026-07-15,7575.51,2026-07-23,8.0,5900.0,1666.15,0.5214,0.15,0.544
2026-07-15,7575.51,2026-07-23,8.0,6000.0,1566.25,0.4966,0.17,0.5165
2026-07-15,7575.51,2026-07-23,8.0,6100.0,1467.65,0.5958,0.2,0.488
2026-07-15,7575.51,2026-07-23,8.0,6200.0,1368.4,0.5826,0.25,0.4631
2026-07-15,7575.51,2026-07-23,8.0,6300.0,1267.65,0.5083,0.3,0.4362
2026-07-15,7575.51,2026-07-23,8.0,6325.0,1243.05,0.5147,0.3,0.4276
2026-07-15,7575.51,2026-07-23,8.0,6350.0,1218.2,0.5095,0.3,0.419
2026-07-15,7575.51,2026-07-23,8.0,6375.0,1191.75,0.4118,0.35,0.4165
2026-07-15,7575.51,2026-07-23,8.0,6400.0,1167.55,0.4607,0.35,0.4079
2026-07-15,7575.51,2026-07-23,8.0,6425.0,1142.75,0.4595,0.35,0.3992
2026-07-15,7575.51,2026-07-23,8.0,6450.0,1117.85,0.4532,0.4,0.3958
2026-07-15,7575.51,2026-07-23,8.0,6475.0,1093.6,0.4688,0.4,0.3871
2026-07-15,7575.51,2026-07-23,8.0,6500.0,1067.65,0.4235,0.45,0.383
2026-07-15,7575.51,2026-07-23,8.0,6525.0,1042.0,0.3735,0.45,0.3742
2026-07-15,7575.51,2026-07-23,8.0,6550.0,1017.85,0.4112,0.5,0.3695
2026-07-15,7575.51,2026-07-23,8.0,6575.0,993.45,0.4215,0.5,0.3607
2026-07-15,7575.51,2026-07-23,8.0,6600.0,967.65,0.3821,0.55,0.3556
2026-07-15,7575.51,2026-07-23,8.0,6625.0,944.0,0.4153,0.55,0.3467
2026-07-15,7575.51,2026-07-23,8.0,6650.0,917.45,0.3521,0.6,0.3411
2026-07-15,7575.51,2026-07-23,8.0,6675.0,892.25,0.3305,0.6,0.3322
2026-07-15,7575.51,2026-07-23,8.0,6700.0,868.15,0.3598,0.65,0.3263
2026-07-15,7575.51,2026-07-23,8.0,6725.0,842.8,0.3372,0.7,0.32
2026-07-15,7575.51,2026-07-23,8.0,6750.0,819.2,0.3665,0.75,0.3135
2026-07-15,7575.51,2026-07-23,8.0,6775.0,793.55,0.3404,0.77,0.3057
2026-07-15,7575.51,2026-07-23,8.0,6800.0,768.35,0.3247,0.8,0.2978
2026-07-15,7575.51,2026-07-23,8.0,6825.0,743.9,0.3281,0.88,0.2918
2026-07-15,7575.51,2026-07-23,8.0,6850.0,718.65,0.3118,0.93,0.2846
2026-07-15,7575.51,2026-07-23,8.0,6875.0,693.35,0.2939,1.0,0.2782
2026-07-15,7575.51,2026-07-23,8.0,6900.0,669.0,0.2988,1.05,0.2706
2026-07-15,7575.51,2026-07-23,8.0,6925.0,643.75,0.283,1.12,0.2636
2026-07-15,7575.51,2026-07-23,8.0,6950.0,619.15,0.2808,1.23,0.2572
2026-07-15,7575.51,2026-07-23,8.0,6975.0,593.25,0.2507,1.3,0.2497
2026-07-15,7575.51,2026-07-23,8.0,7000.0,569.3,0.2624,1.43,0.2433
2026-07-15,7575.51,2026-07-23,8.0,7025.0,545.3,0.267,1.52,0.2359
2026-07-15,7575.51,2026-07-23,8.0,7050.0,519.15,0.2388,1.68,0.2293
2026-07-15,7575.51,2026-07-23,8.0,7060.0,509.65,0.2426,1.75,0.2269
2026-07-15,7575.51,2026-07-23,8.0,7070.0,500.1,0.2446,1.82,0.2243
2026-07-15,7575.51,2026-07-23,8.0,7075.0,494.95,0.2404,1.85,0.2228
2026-07-15,7575.51,2026-07-23,8.0,7080.0,488.8,0.22,1.88,0.2213
2026-07-15,7575.51,2026-07-23,8.0,7090.0,479.4,0.226,1.97,0.219
2026-07-15,7575.51,2026-07-23,8.0,7100.0,469.85,0.2282,2.05,0.2163
2026-07-15,7575.51,2026-07-23,8.0,7110.0,459.35,0.2167,2.12,0.2135
2026-07-15,7575.51,2026-07-23,8.0,7120.0,449.85,0.2196,2.22,0.2109
2026-07-15,7575.51,2026-07-23,8.0,7125.0,445.35,0.2237,2.28,0.2097
2026-07-15,7575.51,2026-07-23,8.0,7130.0,440.35,0.2215,2.33,0.2083
2026-07-15,7575.51,2026-07-23,8.0,7140.0,430.65,0.2206,2.47,0.2064
2026-07-15,7575.51,2026-07-23,8.0,7150.0,419.9,0.2072,2.58,0.2036
2026-07-15,7575.51,2026-07-23,8.0,7160.0,410.45,0.2094,2.72,0.2013
2026-07-15,7575.51,2026-07-23,8.0,7170.0,400.65,0.2072,2.85,0.1987
2026-07-15,7575.51,2026-07-23,8.0,7175.0,396.05,0.2091,2.92,0.1974
2026-07-15,7575.51,2026-07-23,8.0,7180.0,391.15,0.2078,3.0,0.1962
2026-07-15,7575.51,2026-07-23,8.0,7190.0,381.1,0.2028,3.15,0.1936
2026-07-15,7575.51,2026-07-23,8.0,7200.0,371.4,0.2011,3.3,0.1909
2026-07-15,7575.51,2026-07-23,8.0,7210.0,362.35,0.2047,3.5,0.1886
2026-07-15,7575.51,2026-07-23,8.0,7220.0,351.85,0.1958,3.7,0.1862
2026-07-15,7575.51,2026-07-23,8.0,7225.0,347.1,0.1956,3.8,0.1849
2026-07-15,7575.51,2026-07-23,8.0,7230.0,343.05,0.2006,3.9,0.1836
2026-07-15,7575.51,2026-07-23,8.0,7235.0,337.85,0.1967,4.05,0.1828
2026-07-15,7575.51,2026-07-23,8.0,7240.0,333.75,0.2008,4.15,0.1814
2026-07-15,7575.51,2026-07-23,8.0,7245.0,328.55,0.1969,4.3,0.1804
2026-07-15,7575.51,2026-07-23,8.0,7250.0,323.25,0.1924,4.4,0.179
2026-07-15,7575.51,2026-07-23,8.0,7255.0,318.7,0.193,4.55,0.1779
2026-07-15,7575.51,2026-07-23,8.0,7260.0,313.9,0.1919,4.7,0.1768
2026-07-15,7575.51,2026-07-23,8.0,7265.0,308.25,0.185,4.85,0.1756
2026-07-15,7575.51,2026-07-23,8.0,7270.0,303.45,0.1839,5.0,0.1745
2026-07-15,7575.51,2026-07-23,8.0,7275.0,298.15,0.1794,5.15,0.1732
2026-07-15,7575.51,2026-07-23,8.0,7280.0,294.3,0.1844,5.3,0.1719
2026-07-15,7575.51,2026-07-23,8.0,7285.0,289.75,0.1847,5.5,0.171
2026-07-15,7575.51,2026-07-23,8.0,7290.0,284.55,0.1809,5.65,0.1696
2026-07-15,7575.51,2026-07-23,8.0,7295.0,280.1,0.1816,5.85,0.1685
2026-07-15,7575.51,2026-07-23,8.0,7300.0,274.8,0.1773,6.05,0.1674
2026-07-15,7575.51,2026-07-23,8.0,7305.0,269.85,0.175,6.25,0.1662
2026-07-15,7575.51,2026-07-23,8.0,7310.0,264.8,0.1721,6.45,0.165
2026-07-15,7575.51,2026-07-23,8.0,7315.0,260.55,0.1737,6.7,0.164
2026-07-15,7575.51,2026-07-23,8.0,7320.0,255.2,0.1692,6.9,0.1627
2026-07-15,7575.51,2026-07-23,8.0,7325.0,250.3,0.1671,7.15,0.1616
2026-07-15,7575.51,2026-07-23,8.0,7330.0,246.75,0.172,7.4,0.1605
2026-07-15,7575.51,2026-07-23,8.0,7335.0,241.1,0.166,7.65,0.1592
2026-07-15,7575.51,2026-07-23,8.0,7340.0,237.25,0.169,8.0,0.1585
2026-07-15,7575.51,2026-07-23,8.0,7345.0,232.55,0.1677,8.2,0.1569
2026-07-15,7575.51,2026-07-23,8.0,7350.0,227.4,0.1642,8.5,0.1558
2026-07-15,7575.51,2026-07-23,8.0,7355.0,223.15,0.1649,8.85,0.1549
2026-07-15,7575.51,2026-07-23,8.0,7360.0,218.45,0.1634,9.15,0.1536
2026-07-15,7575.51,2026-07-23,8.0,7365.0,213.6,0.1612,9.45,0.1523
2026-07-15,7575.51,2026-07-23,8.0,7370.0,209.05,0.1603,9.85,0.1514
2026-07-15,7575.51,2026-07-23,8.0,7375.0,204.4,0.1588,10.2,0.1502
2026-07-15,7575.51,2026-07-23,8.0,7380.0,199.65,0.157,10.55,0.1489
2026-07-15,7575.51,2026-07-23,8.0,7385.0,195.45,0.1572,10.95,0.1478
2026-07-15,7575.51,2026-07-23,8.0,7390.0,190.85,0.1558,11.45,0.147
2026-07-15,7575.51,2026-07-23,8.0,7395.0,186.3,0.1545,11.85,0.1457
2026-07-15,7575.51,2026-07-23,8.0,7400.0,181.75,0.1532,12.35,0.1448
2026-07-15,7575.51,2026-07-23,8.0,7405.0,177.05,0.1512,12.75,0.1433
2026-07-15,7575.51,2026-07-23,8.0,7410.0,172.6,0.1501,13.35,0.1426
2026-07-15,7575.51,2026-07-23,8.0,7415.0,168.4,0.1497,13.85,0.1414
2026-07-15,7575.51,2026-07-23,8.0,7420.0,163.55,0.1471,14.45,0.1405
2026-07-15,7575.51,2026-07-23,8.0,7425.0,159.2,0.1461,14.95,0.1391
2026-07-15,7575.51,2026-07-23,8.0,7430.0,154.8,0.1448,15.55,0.138
2026-07-15,7575.51,2026-07-23,8.0,7435.0,150.45,0.1436,16.25,0.1371
2026-07-15,7575.51,2026-07-23,8.0,7440.0,146.1,0.1424,16.85,0.1358
2026-07-15,7575.51,2026-07-23,8.0,7445.0,141.9,0.1415,17.55,0.1347
2026-07-15,7575.51,2026-07-23,8.0,7450.0,137.5,0.1399,18.35,0.1339
2026-07-15,7575.51,2026-07-23,8.0,7455.0,133.55,0.1395,19.05,0.1326
2026-07-15,7575.51,2026-07-23,8.0,7460.0,129.4,0.1385,19.85,0.1316
2026-07-15,7575.51,2026-07-23,8.0,7465.0,125.3,0.1375,20.7,0.1305
2026-07-15,7575.51,2026-07-23,8.0,7470.0,120.9,0.1355,21.6,0.1295
2026-07-15,7575.51,2026-07-23,8.0,7475.0,117.0,0.1349,22.5,0.1284
2026-07-15,7575.51,2026-07-23,8.0,7480.0,112.85,0.1334,23.4,0.1272
2026-07-15,7575.51,2026-07-23,8.0,7485.0,108.75,0.132,24.4,0.1262
2026-07-15,7575.51,2026-07-23,8.0,7490.0,105.5,0.1327,25.45,0.1251
2026-07-15,7575.51,2026-07-23,8.0,7495.0,101.1,0.1303,26.6,0.1242
2026-07-15,7575.51,2026-07-23,8.0,7500.0,97.3,0.1293,27.75,0.1232
2026-07-15,7575.51,2026-07-23,8.0,7505.0,93.5,0.1281,28.95,0.1221
2026-07-15,7575.51,2026-07-23,8.0,7510.0,89.7,0.1269,30.15,0.1209
2026-07-15,7575.51,2026-07-23,8.0,7515.0,86.0,0.1258,31.4,0.1198
2026-07-15,7575.51,2026-07-23,8.0,7520.0,82.4,0.1248,32.8,0.1188
2026-07-15,7575.51,2026-07-23,8.0,7525.0,78.8,0.1236,34.2,0.1177
2026-07-15,7575.51,2026-07-23,8.0,7530.0,75.3,0.1226,35.75,0.1168
2026-07-15,7575.51,2026-07-23,8.0,7535.0,71.9,0.1216,37.35,0.1158
2026-07-15,7575.51,2026-07-23,8.0,7540.0,68.5,0.1205,38.95,0.1147
2026-07-15,7575.51,2026-07-23,8.0,7545.0,65.2,0.1195,40.6,0.1136
2026-07-15,7575.51,2026-07-23,8.0,7550.0,62.0,0.1185,42.4,0.1126
2026-07-15,7575.51,2026-07-23,8.0,7555.0,58.85,0.1175,44.2,0.1115
2026-07-15,7575.51,2026-07-23,8.0,7560.0,55.8,0.1166,46.15,0.1105
2026-07-15,7575.51,2026-07-23,8.0,7565.0,52.8,0.1156,48.15,0.1095
2026-07-15,7575.51,2026-07-23,8.0,7570.0,49.9,0.1146,50.2,0.1084
2026-07-15,7575.51,2026-07-23,8.0,7575.0,47.0,0.1135,52.4,0.1074
2026-07-15,7575.51,2026-07-23,8.0,7580.0,44.3,0.1127,54.6,0.1063
2026-07-15,7575.51,2026-07-23,8.0,7585.0,41.6,0.1116,56.95,0.1053
2026-07-15,7575.51,2026-07-23,8.0,7590.0,39.0,0.1106,59.3,0.104
2026-07-15,7575.51,2026-07-23,8.0,7595.0,36.6,0.1099,61.9,0.1031
2026-07-15,7575.51,2026-07-23,8.0,7600.0,34.2,0.109,64.5,0.102
2026-07-15,7575.51,2026-07-23,8.0,7605.0,31.9,0.1081,67.2,0.1009
2026-07-15,7575.51,2026-07-23,8.0,7610.0,29.75,0.1073,70.0,0.0998
2026-07-15,7575.51,2026-07-23,8.0,7615.0,27.6,0.1064,72.9,0.0987
2026-07-15,7575.51,2026-07-23,8.0,7620.0,25.6,0.1056,75.9,0.0976
2026-07-15,7575.51,2026-07-23,8.0,7625.0,23.7,0.1048,78.9,0.0962
2026-07-15,7575.51,2026-07-23,8.0,7630.0,21.85,0.1039,82.5,0.0962
2026-07-15,7575.51,2026-07-23,8.0,7635.0,20.2,0.1033,85.8,0.095
2026-07-15,7575.51,2026-07-23,8.0,7640.0,18.6,0.1027,89.15,0.0936
2026-07-15,7575.51,2026-07-23,8.0,7645.0,17.0,0.1018,92.7,0.0926
2026-07-15,7575.51,2026-07-23,8.0,7650.0,15.6,0.1012,96.2,0.091
2026-07-15,7575.51,2026-07-23,8.0,7655.0,14.25,0.1005,99.95,0.0898
2026-07-15,7575.51,2026-07-23,8.0,7660.0,12.95,0.0998,103.45,0.0872
2026-07-15,7575.51,2026-07-23,8.0,7665.0,11.8,0.0992,107.45,0.086
2026-07-15,7575.51,2026-07-23,8.0,7670.0,10.65,0.0984,111.4,0.084
2026-07-15,7575.51,2026-07-23,8.0,7675.0,9.65,0.0979,115.2,0.0801
2026-07-15,7575.51,2026-07-23,8.0,7680.0,8.75,0.0975,119.3,0.0761
2026-07-15,7575.51,2026-07-23,8.0,7685.0,7.85,0.0968,123.45,0.0697
2026-07-15,7575.51,2026-07-23,8.0,7690.0,7.05,0.0962,127.7,0.0718
2026-07-15,7575.51,2026-07-23,8.0,7695.0,6.25,0.0954,131.85,0.074
2026-07-15,7575.51,2026-07-23,8.0,7700.0,5.65,0.0953,136.55,0.0761
2026-07-15,7575.51,2026-07-23,8.0,7705.0,4.95,0.0943,,
2026-07-15,7575.51,2026-07-23,8.0,7710.0,4.45,0.0941,,
2026-07-15,7575.51,2026-07-23,8.0,7715.0,3.9,0.0934,149.75,0.0824
2026-07-15,7575.51,2026-07-23,8.0,7720.0,3.5,0.0933,154.75,0.0845
2026-07-15,7575.51,2026-07-23,8.0,7725.0,3.08,0.0928,159.15,0.0866
2026-07-15,7575.51,2026-07-23,8.0,7730.0,2.7,0.0924,163.95,0.0886
2026-07-15,7575.51,2026-07-23,8.0,7740.0,2.1,0.0918,173.25,0.0927
2026-07-15,7575.51,2026-07-23,8.0,7750.0,1.62,0.0914,182.2,0.0968
2026-07-15,7575.51,2026-07-23,8.0,7760.0,1.27,0.0913,192.05,0.1008
2026-07-15,7575.51,2026-07-23,8.0,7770.0,0.98,0.091,202.05,0.1048
2026-07-15,7575.51,2026-07-23,8.0,7775.0,0.88,0.0913,,
2026-07-15,7575.51,2026-07-23,8.0,7780.0,0.77,0.0914,212.65,0.1087
2026-07-15,7575.51,2026-07-23,8.0,7790.0,0.62,0.092,222.0,0.1127
2026-07-15,7575.51,2026-07-23,8.0,7800.0,0.53,0.0931,232.15,0.1166
2026-07-15,7575.51,2026-07-23,8.0,7825.0,0.35,0.0963,255.85,0.1262
2026-07-15,7575.51,2026-07-23,8.0,7850.0,0.25,0.1002,281.85,0.1356
2026-07-15,7575.51,2026-07-23,8.0,7875.0,0.2,0.1051,307.25,0.145
2026-07-15,7575.51,2026-07-23,8.0,7900.0,0.17,0.1109,331.35,0.1542
2026-07-15,7575.51,2026-07-23,8.0,7925.0,0.15,0.1163,356.45,0.1633
2026-07-15,7575.51,2026-07-23,8.0,7950.0,0.15,0.1233,381.55,0.1723
2026-07-15,7575.51,2026-07-23,8.0,7975.0,0.12,0.128,406.55,0.1812
2026-07-15,7575.51,2026-07-23,8.0,8000.0,0.12,0.1349,431.55,0.19
2026-07-15,7575.51,2026-07-23,8.0,8025.0,0.12,0.1417,456.95,0.1987
2026-07-15,7575.51,2026-07-23,8.0,8050.0,0.12,0.1484,480.7,0.2073
2026-07-15,7575.51,2026-07-23,8.0,8075.0,0.1,0.1519,506.65,0.2159
2026-07-15,7575.51,2026-07-23,8.0,8100.0,0.1,0.1584,531.4,0.2243
2026-07-15,7575.51,2026-07-23,8.0,8200.0,0.1,0.1841,632.05,0.2576
2026-07-15,7575.51,2026-07-23,8.0,8300.0,0.07,0.2041,731.75,0.2899
2026-07-15,7575.51,2026-07-23,8.0,8400.0,0.05,0.2209,831.55,0.3214
2026-07-15,7575.51,2026-07-23,8.0,8600.0,0.05,0.2662,1030.95,0.3823
2026-07-15,7575.51,2026-07-24,9.0,5700.0,1868.05,0.7268,0.12,0.5704
2026-07-15,7575.51,2026-07-24,9.0,5800.0,1768.25,0.692,0.15,0.5457
2026-07-15,7575.51,2026-07-24,9.0,5900.0,1668.05,0.6378,0.2,0.5257
2026-07-15,7575.51,2026-07-24,9.0,5950.0,1619.0,0.6569,0.2,0.5092
2026-07-15,7575.51,2026-07-24,9.0,6000.0,1571.8,0.7093,0.22,0.4978
2026-07-15,7575.51,2026-07-24,9.0,6025.0,1542.95,0.5783,0.25,0.4942
2026-07-15,7575.51,2026-07-24,9.0,6050.0,1517.75,0.5558,0.25,0.4859
2026-07-15,7575.51,2026-07-24,9.0,6075.0,1493.15,0.5675,0.25,0.4777
2026-07-15,7575.51,2026-07-24,9.0,6100.0,1469.95,0.6207,0.25,0.4695
2026-07-15,7575.51,2026-07-24,9.0,6125.0,1442.65,0.5174,0.3,0.469
2026-07-15,7575.51,2026-07-24,9.0,6150.0,1418.05,0.5307,0.3,0.4607
2026-07-15,7575.51,2026-07-24,9.0,6175.0,1393.75,0.5507,0.3,0.4525
2026-07-15,7575.51,2026-07-24,9.0,6200.0,1368.3,0.5219,0.3,0.4442
2026-07-15,7575.51,2026-07-24,9.0,6225.0,1344.7,0.5597,0.35,0.4424
2026-07-15,7575.51,2026-07-24,9.0,6250.0,1318.45,0.5076,0.35,0.4341
2026-07-15,7575.51,2026-07-24,9.0,6275.0,1294.25,0.5254,0.35,0.4258
2026-07-15,7575.51,2026-07-24,9.0,6300.0,1268.55,0.4909,0.4,0.423
2026-07-15,7575.51,2026-07-24,9.0,6325.0,1244.75,0.5184,0.4,0.4147
2026-07-15,7575.51,2026-07-24,9.0,6350.0,1218.35,0.4622,0.4,0.4064
2026-07-15,7575.51,2026-07-24,9.0,6375.0,1194.45,0.4893,0.45,0.4029
2026-07-15,7575.51,2026-07-24,9.0,6400.0,1168.5,0.4481,0.45,0.3945
2026-07-15,7575.51,2026-07-24,9.0,6425.0,1144.25,0.4629,0.5,0.3904
2026-07-15,7575.51,2026-07-24,9.0,6450.0,1118.7,0.4352,0.5,0.382
2026-07-15,7575.51,2026-07-24,9.0,6475.0,1094.65,0.4531,0.53,0.3755
2026-07-15,7575.51,2026-07-24,9.0,6500.0,1070.45,0.4609,0.55,0.369
2026-07-15,7575.51,2026-07-24,9.0,6525.0,1044.45,0.4274,0.6,0.3639
2026-07-15,7575.51,2026-07-24,9.0,6550.0,1019.65,0.4222,0.6,0.3555
2026-07-15,7575.51,2026-07-24,9.0,6575.0,993.85,0.39,0.65,0.3501
2026-07-15,7575.51,2026-07-24,9.0,6600.0,969.45,0.3969,0.7,0.3445
2026-07-15,7575.51,2026-07-24,9.0,6620.0,949.75,0.3959,0.7,0.3376
2026-07-15,7575.51,2026-07-24,9.0,6625.0,944.95,0.3983,0.7,0.3359
2026-07-15,7575.51,2026-07-24,9.0,6630.0,939.75,0.3918,0.75,0.3369
2026-07-15,7575.51,2026-07-24,9.0,6640.0,929.55,0.3831,0.75,0.3334
2026-07-15,7575.51,2026-07-24,9.0,6650.0,920.25,0.3943,0.75,0.33
2026-07-15,7575.51,2026-07-24,9.0,6660.0,909.1,0.3635,0.75,0.3266
2026-07-15,7575.51,2026-07-24,9.0,6670.0,901.0,0.3998,0.8,0.3256
2026-07-15,7575.51,2026-07-24,9.0,6675.0,894.85,0.3757,0.8,0.3239
2026-07-15,7575.51,2026-07-24,9.0,6680.0,889.65,0.3693,0.8,0.3221
2026-07-15,7575.51,2026-07-24,9.0,6690.0,879.15,0.353,0.8,0.3187
2026-07-15,7575.51,2026-07-24,9.0,6700.0,870.25,0.3737,0.85,0.3175
2026-07-15,7575.51,2026-07-24,9.0,6710.0,859.55,0.3549,0.85,0.3141
2026-07-15,7575.51,2026-07-24,9.0,6720.0,850.25,0.3655,0.88,0.3117
2026-07-15,7575.51,2026-07-24,9.0,6725.0,844.3,0.3429,0.9,0.311
2026-07-15,7575.51,2026-07-24,9.0,6730.0,840.15,0.3595,0.9,0.3093
2026-07-15,7575.51,2026-07-24,9.0,6740.0,829.85,0.3494,0.9,0.3058
2026-07-15,7575.51,2026-07-24,9.0,6750.0,821.45,0.3732,0.95,0.3043
2026-07-15,7575.51,2026-07-24,9.0,6760.0,811.2,0.3652,0.95,0.3008
2026-07-15,7575.51,2026-07-24,9.0,6770.0,800.15,0.3432,0.98,0.2983
2026-07-15,7575.51,2026-07-24,9.0,6775.0,795.15,0.3411,1.0,0.2975
2026-07-15,7575.51,2026-07-24,9.0,6780.0,794.15,0.3942,1.0,0.2957
2026-07-15,7575.51,2026-07-24,9.0,6790.0,780.1,0.3341,1.02,0.2931
2026-07-15,7575.51,2026-07-24,9.0,6800.0,769.15,0.3095,1.05,0.2905
2026-07-15,7575.51,2026-07-24,9.0,6810.0,760.75,0.3372,1.07,0.2878
2026-07-15,7575.51,2026-07-24,9.0,6820.0,750.4,0.3273,1.1,0.2851
2026-07-15,7575.51,2026-07-24,9.0,6825.0,745.15,0.3208,1.1,0.2834
2026-07-15,7575.51,2026-07-24,9.0,6830.0,739.85,0.3131,1.12,0.2824
2026-07-15,7575.51,2026-07-24,9.0,6840.0,730.3,0.3174,1.15,0.2797
2026-07-15,7575.51,2026-07-24,9.0,6850.0,720.9,0.3231,1.2,0.2776
2026-07-15,7575.51,2026-07-24,9.0,6860.0,710.85,0.3182,1.23,0.2748
2026-07-15,7575.51,2026-07-24,9.0,6870.0,700.6,0.3101,1.25,0.272
2026-07-15,7575.51,2026-07-24,9.0,6875.0,694.9,0.296,1.27,0.2709
2026-07-15,7575.51,2026-07-24,9.0,6880.0,689.9,0.294,1.27,0.2691
2026-07-15,7575.51,2026-07-24,9.0,6890.0,680.95,0.3072,1.32,0.2669
2026-07-15,7575.51,2026-07-24,9.0,6900.0,669.75,0.2832,1.35,0.264
2026-07-15,7575.51,2026-07-24,9.0,6910.0,660.8,0.2968,1.4,0.2616
2026-07-15,7575.51,2026-07-24,9.0,6920.0,651.05,0.2962,1.43,0.2587
2026-07-15,7575.51,2026-07-24,9.0,6925.0,646.15,0.2955,1.45,0.2575
2026-07-15,7575.51,2026-07-24,9.0,6930.0,640.15,0.2784,1.48,0.2562
2026-07-15,7575.51,2026-07-24,9.0,6940.0,630.2,0.2752,1.52,0.2538
2026-07-15,7575.51,2026-07-24,9.0,6950.0,621.35,0.2878,1.55,0.2507
2026-07-15,7575.51,2026-07-24,9.0,6960.0,611.55,0.2862,1.6,0.2482
2026-07-15,7575.51,2026-07-24,9.0,6970.0,601.35,0.2794,1.65,0.2456
2026-07-15,7575.51,2026-07-24,9.0,6975.0,596.15,0.2747,1.68,0.2442
2026-07-15,7575.51,2026-07-24,9.0,6980.0,590.75,0.2672,1.7,0.2429
2026-07-15,7575.51,2026-07-24,9.0,6990.0,581.45,0.2723,1.77,0.2407
2026-07-15,7575.51,2026-07-24,9.0,7000.0,572.8,0.2832,1.82,0.238
2026-07-15,7575.51,2026-07-24,9.0,7010.0,562.55,0.2762,1.88,0.2352
2026-07-15,7575.51,2026-07-24,9.0,7020.0,552.5,0.2714,1.95,0.2328
2026-07-15,7575.51,2026-07-24,9.0,7025.0,547.25,0.2666,1.97,0.2314
2026-07-15,7575.51,2026-07-24,9.0,7030.0,541.9,0.2607,2.02,0.2304
2026-07-15,7575.51,2026-07-24,9.0,7040.0,531.15,0.2477,2.1,0.2279
2026-07-15,7575.51,2026-07-24,9.0,7050.0,521.85,0.2516,2.17,0.2253
2026-07-15,7575.51,2026-07-24,9.0,7060.0,512.6,0.2551,2.28,0.223
2026-07-15,7575.51,2026-07-24,9.0,7070.0,502.05,0.2452,2.38,0.2207
2026-07-15,7575.51,2026-07-24,9.0,7075.0,497.7,0.2496,2.4,0.2191
2026-07-15,7575.51,2026-07-24,9.0,7080.0,491.55,0.2356,2.45,0.2179
2026-07-15,7575.51,2026-07-24,9.0,7085.0,487.8,0.2462,2.53,0.217
2026-07-15,7575.51,2026-07-24,9.0,7090.0,482.55,0.2416,2.58,0.2158
2026-07-15,7575.51,2026-07-24,9.0,7095.0,477.6,0.2399,2.62,0.2145
2026-07-15,7575.51,2026-07-24,9.0,7100.0,471.9,0.2309,2.67,0.2132
2026-07-15,7575.51,2026-07-24,9.0,7105.0,467.0,0.2297,2.72,0.2119
2026-07-15,7575.51,2026-07-24,9.0,7110.0,462.05,0.2281,2.78,0.2106
2026-07-15,7575.51,2026-07-24,9.0,7115.0,457.7,0.2321,2.83,0.2092
2026-07-15,7575.51,2026-07-24,9.0,7120.0,453.7,0.2386,2.92,0.2085
2026-07-15,7575.51,2026-07-24,9.0,7125.0,447.65,0.2273,3.0,0.2074
2026-07-15,7575.51,2026-07-24,9.0,7130.0,442.25,0.2214,3.03,0.2057
2026-07-15,7575.51,2026-07-24,9.0,7135.0,438.5,0.2302,3.1,0.2046
2026-07-15,7575.51,2026-07-24,9.0,7140.0,433.45,0.2276,3.2,0.2037
2026-07-15,7575.51,2026-07-24,9.0,7145.0,428.35,0.2246,3.3,0.2028
2026-07-15,7575.51,2026-07-24,9.0,7150.0,423.45,0.2231,3.3,0.2007
2026-07-15,7575.51,2026-07-24,9.0,7155.0,418.45,0.2209,3.4,0.1998
2026-07-15,7575.51,2026-07-24,9.0,7160.0,412.75,0.2129,3.5,0.1988
2026-07-15,7575.51,2026-07-24,9.0,7165.0,407.8,0.2111,3.6,0.1978
2026-07-15,7575.51,2026-07-24,9.0,7170.0,403.3,0.213,3.7,0.1967
2026-07-15,7575.51,2026-07-24,9.0,7175.0,398.0,0.2084,3.8,0.1956
2026-07-15,7575.51,2026-07-24,9.0,7180.0,393.3,0.2085,3.85,0.194
2026-07-15,7575.51,2026-07-24,9.0,7185.0,389.8,0.2173,3.95,0.1929
2026-07-15,7575.51,2026-07-24,9.0,7190.0,384.65,0.214,4.05,0.1917
2026-07-15,7575.51,2026-07-24,9.0,7195.0,378.4,0.2026,4.2,0.1909
2026-07-15,7575.51,2026-07-24,9.0,7200.0,374.75,0.21,4.3,0.1897
2026-07-15,7575.51,2026-07-24,9.0,7205.0,370.5,0.2126,4.4,0.1884
2026-07-15,7575.51,2026-07-24,9.0,7210.0,365.4,0.2096,4.5,0.1871
2026-07-15,7575.51,2026-07-24,9.0,7215.0,361.1,0.2116,4.65,0.1862
2026-07-15,7575.51,2026-07-24,9.0,7220.0,354.85,0.2014,4.75,0.1848
2026-07-15,7575.51,2026-07-24,9.0,7225.0,350.35,0.2023,4.9,0.1839
2026-07-15,7575.51,2026-07-24,9.0,7230.0,345.0,0.1977,5.0,0.1824
2026-07-15,7575.51,2026-07-24,9.0,7235.0,340.85,0.2006,5.15,0.1814
2026-07-15,7575.51,2026-07-24,9.0,7240.0,335.75,0.1976,5.3,0.1803
2026-07-15,7575.51,2026-07-24,9.0,7245.0,331.5,0.1996,5.45,0.1791
2026-07-15,7575.51,2026-07-24,9.0,7250.0,325.6,0.1919,5.6,0.178
2026-07-15,7575.51,2026-07-24,9.0,7255.0,321.6,0.1953,5.8,0.1771
2026-07-15,7575.51,2026-07-24,9.0,7260.0,315.95,0.1892,5.95,0.1758
2026-07-15,7575.51,2026-07-24,9.0,7265.0,311.25,0.1885,6.15,0.1749
2026-07-15,7575.51,2026-07-24,9.0,7270.0,306.95,0.1899,6.3,0.1735
2026-07-15,7575.51,2026-07-24,9.0,7275.0,301.85,0.1869,6.5,0.1725
2026-07-15,7575.51,2026-07-24,9.0,7280.0,297.15,0.186,6.7,0.1714
2026-07-15,7575.51,2026-07-24,9.0,7285.0,292.05,0.183,6.9,0.1703
2026-07-15,7575.51,2026-07-24,9.0,7290.0,287.6,0.1833,7.15,0.1694
2026-07-15,7575.51,2026-07-24,9.0,7295.0,283.25,0.184,7.35,0.1681
2026-07-15,7575.51,2026-07-24,9.0,7300.0,278.75,0.1838,7.6,0.1671
2026-07-15,7575.51,2026-07-24,9.0,7305.0,273.5,0.1801,7.8,0.1658
2026-07-15,7575.51,2026-07-24,9.0,7310.0,268.1,0.1756,8.05,0.1647
2026-07-15,7575.51,2026-07-24,9.0,7315.0,263.55,0.1752,8.4,0.1641
2026-07-15,7575.51,2026-07-24,9.0,7320.0,259.5,0.1769,8.55,0.1624
2026-07-15,7575.51,2026-07-24,9.0,7325.0,254.8,0.1756,8.9,0.1617
2026-07-15,7575.51,2026-07-24,9.0,7330.0,250.25,0.1748,9.15,0.1604
2026-07-15,7575.51,2026-07-24,9.0,7335.0,245.35,0.1726,9.45,0.1593
2026-07-15,7575.51,2026-07-24,9.0,7340.0,240.8,0.1718,9.75,0.1581
2026-07-15,7575.51,2026-07-24,9.0,7345.0,235.95,0.1697,10.15,0.1574
2026-07-15,7575.51,2026-07-24,9.0,7350.0,231.45,0.169,10.5,0.1563
2026-07-15,7575.51,2026-07-24,9.0,7355.0,226.85,0.1678,10.85,0.1552
2026-07-15,7575.51,2026-07-24,9.0,7360.0,222.0,0.1656,11.2,0.154
2026-07-15,7575.51,2026-07-24,9.0,7365.0,217.75,0.1656,11.6,0.153
2026-07-15,7575.51,2026-07-24,9.0,7370.0,212.9,0.1634,12.0,0.1519
2026-07-15,7575.51,2026-07-24,9.0,7375.0,208.3,0.162,12.4,0.1508
2026-07-15,7575.51,2026-07-24,9.0,7380.0,204.0,0.1616,12.85,0.1498
2026-07-15,7575.51,2026-07-24,9.0,7385.0,199.4,0.1601,13.3,0.1487
2026-07-15,7575.51,2026-07-24,9.0,7390.0,194.85,0.1587,13.75,0.1475
2026-07-15,7575.51,2026-07-24,9.0,7395.0,190.5,0.1579,14.25,0.1465
2026-07-15,7575.51,2026-07-24,9.0,7400.0,185.9,0.1563,14.8,0.1456
2026-07-15,7575.51,2026-07-24,9.0,7405.0,181.5,0.1552,15.35,0.1446
2026-07-15,7575.51,2026-07-24,9.0,7410.0,177.2,0.1544,15.85,0.1433
2026-07-15,7575.51,2026-07-24,9.0,7415.0,172.75,0.153,16.45,0.1423
2026-07-15,7575.51,2026-07-24,9.0,7420.0,168.3,0.1516,17.05,0.1412
2026-07-15,7575.51,2026-07-24,9.0,7425.0,163.95,0.1504,17.75,0.1404
2026-07-15,7575.51,2026-07-24,9.0,7430.0,159.5,0.1488,18.35,0.1392
2026-07-15,7575.51,2026-07-24,9.0,7435.0,155.1,0.1473,19.05,0.1381
2026-07-15,7575.51,2026-07-24,9.0,7440.0,151.15,0.1471,19.75,0.1371
2026-07-15,7575.51,2026-07-24,9.0,7445.0,146.65,0.1452,20.55,0.1362
2026-07-15,7575.51,2026-07-24,9.0,7450.0,142.6,0.1444,21.35,0.1352
2026-07-15,7575.51,2026-07-24,9.0,7455.0,138.4,0.1432,22.15,0.1341
2026-07-15,7575.51,2026-07-24,9.0,7460.0,134.1,0.1416,23.0,0.1331
2026-07-15,7575.51,2026-07-24,9.0,7465.0,130.1,0.1407,23.85,0.1319
2026-07-15,7575.51,2026-07-24,9.0,7470.0,126.35,0.1404,24.8,0.131
2026-07-15,7575.51,2026-07-24,9.0,7475.0,122.05,0.1386,25.75,0.1299
2026-07-15,7575.51,2026-07-24,9.0,7480.0,118.0,0.1373,26.7,0.1288
2026-07-15,7575.51,2026-07-24,9.0,7485.0,114.25,0.1367,27.8,0.1279
2026-07-15,7575.51,2026-07-24,9.0,7490.0,110.3,0.1354,28.85,0.1268
2026-07-15,7575.51,2026-07-24,9.0,7495.0,106.5,0.1344,30.0,0.1258
2026-07-15,7575.51,2026-07-24,9.0,7500.0,102.7,0.1334,31.2,0.1248
2026-07-15,7575.51,2026-07-24,9.0,7505.0,98.9,0.1322,32.4,0.1237
2026-07-15,7575.51,2026-07-24,9.0,7510.0,95.2,0.1311,33.65,0.1226
2026-07-15,7575.51,2026-07-24,9.0,7515.0,91.5,0.1299,35.0,0.1216
2026-07-15,7575.51,2026-07-24,9.0,7520.0,87.9,0.1289,36.4,0.1206
2026-07-15,7575.51,2026-07-24,9.0,7525.0,84.35,0.1278,37.8,0.1195
2026-07-15,7575.51,2026-07-24,9.0,7530.0,80.9,0.1268,39.35,0.1186
2026-07-15,7575.51,2026-07-24,9.0,7535.0,77.5,0.1259,40.85,0.1174
2026-07-15,7575.51,2026-07-24,9.0,7540.0,74.1,0.1248,42.45,0.1163
2026-07-15,7575.51,2026-07-24,9.0,7545.0,70.7,0.1235,44.2,0.1154
2026-07-15,7575.51,2026-07-24,9.0,7550.0,67.55,0.1227,45.95,0.1144
2026-07-15,7575.51,2026-07-24,9.0,7555.0,64.3,0.1215,47.75,0.1133
2026-07-15,7575.51,2026-07-24,9.0,7560.0,61.25,0.1206,49.65,0.1123
2026-07-15,7575.51,2026-07-24,9.0,7565.0,58.2,0.1196,51.6,0.1112
2026-07-15,7575.51,2026-07-24,9.0,7570.0,55.25,0.1186,53.65,0.1102
2026-07-15,7575.51,2026-07-24,9.0,7575.0,52.4,0.1177,55.8,0.1092
2026-07-15,7575.51,2026-07-24,9.0,7580.0,49.6,0.1167,58.0,0.1081
2026-07-15,7575.51,2026-07-24,9.0,7585.0,46.8,0.1156,60.2,0.1069
2026-07-15,7575.51,2026-07-24,9.0,7590.0,44.2,0.1147,62.6,0.1059
2026-07-15,7575.51,2026-07-24,9.0,7595.0,41.65,0.1138,65.0,0.1048
2026-07-15,7575.51,2026-07-24,9.0,7600.0,39.25,0.1131,67.55,0.1037
2026-07-15,7575.51,2026-07-24,9.0,7605.0,36.8,0.112,70.1,0.1025
2026-07-15,7575.51,2026-07-24,9.0,7610.0,34.55,0.1113,72.9,0.1016
2026-07-15,7575.51,2026-07-24,9.0,7615.0,32.3,0.1103,75.6,0.1003
2026-07-15,7575.51,2026-07-24,9.0,7620.0,30.2,0.1095,78.5,0.0992
2026-07-15,7575.51,2026-07-24,9.0,7625.0,28.2,0.1088,81.5,0.098
2026-07-15,7575.51,2026-07-24,9.0,7630.0,26.2,0.1078,84.5,0.0967
2026-07-15,7575.51,2026-07-24,9.0,7635.0,24.4,0.1072,87.75,0.0957
2026-07-15,7575.51,2026-07-24,9.0,7640.0,22.6,0.1063,91.15,0.0948
2026-07-15,7575.51,2026-07-24,9.0,7645.0,20.85,0.1054,94.5,0.0935
2026-07-15,7575.51,2026-07-24,9.0,7650.0,19.35,0.1049,97.9,0.0921
2026-07-15,7575.51,2026-07-24,9.0,7655.0,17.8,0.1041,101.55,0.091
2026-07-15,7575.51,2026-07-24,9.0,7660.0,16.4,0.1034,105.0,0.0888
2026-07-15,7575.51,2026-07-24,9.0,7665.0,15.0,0.1026,108.5,0.0864
2026-07-15,7575.51,2026-07-24,9.0,7670.0,13.75,0.1019,112.45,0.085
2026-07-15,7575.51,2026-07-24,9.0,7675.0,12.65,0.1015,116.35,0.0828
2026-07-15,7575.51,2026-07-24,9.0,7680.0,11.5,0.1007,120.15,0.0791
2026-07-15,7575.51,2026-07-24,9.0,7685.0,10.45,0.1,124.05,0.0734
2026-07-15,7575.51,2026-07-24,9.0,7690.0,9.5,0.0995,128.35,0.0695
2026-07-15,7575.51,2026-07-24,9.0,7695.0,8.6,0.0989,132.05,0.0716
2026-07-15,7575.51,2026-07-24,9.0,7700.0,7.8,0.0984,136.45,0.0736
2026-07-15,7575.51,2026-07-24,9.0,7705.0,7.0,0.0977,,
2026-07-15,7575.51,2026-07-24,9.0,7710.0,6.3,0.0971,,
2026-07-15,7575.51,2026-07-24,9.0,7715.0,5.7,0.0968,,
2026-07-15,7575.51,2026-07-24,9.0,7720.0,5.1,0.0963,,
2026-07-15,7575.51,2026-07-24,9.0,7725.0,4.5,0.0955,158.55,0.0837
2026-07-15,7575.51,2026-07-24,9.0,7730.0,4.05,0.0952,163.15,0.0857
2026-07-15,7575.51,2026-07-24,9.0,7735.0,3.65,0.095,167.55,0.0876
2026-07-15,7575.51,2026-07-24,9.0,7740.0,3.25,0.0946,172.5,0.0896
2026-07-15,7575.51,2026-07-24,9.0,7745.0,2.88,0.0942,,
2026-07-15,7575.51,2026-07-24,9.0,7750.0,2.58,0.094,,
2026-07-15,7575.51,2026-07-24,9.0,7755.0,2.28,0.0936,,
2026-07-15,7575.51,2026-07-24,9.0,7760.0,2.02,0.0934,,
2026-07-15,7575.51,2026-07-24,9.0,7765.0,1.82,0.0935,,
2026-07-15,7575.51,2026-07-24,9.0,7770.0,1.62,0.0934,,
2026-07-15,7575.51,2026-07-24,9.0,7775.0,1.43,0.093,,
2026-07-15,7575.51,2026-07-24,9.0,7780.0,1.27,0.0931,,
2026-07-15,7575.51,2026-07-24,9.0,7785.0,1.15,0.0932,,
2026-07-15,7575.51,2026-07-24,9.0,7790.0,1.02,0.0932,220.8,0.1087
2026-07-15,7575.51,2026-07-24,9.0,7795.0,0.9,0.0931,225.8,0.1106
2026-07-15,7575.51,2026-07-24,9.0,7800.0,0.8,0.0931,230.0,0.1125
2026-07-15,7575.51,2026-07-24,9.0,7810.0,0.68,0.094,,
2026-07-15,7575.51,2026-07-24,9.0,7820.0,0.55,0.0945,249.95,0.1198
2026-07-15,7575.51,2026-07-24,9.0,7825.0,0.53,0.0955,255.45,0.1217
2026-07-15,7575.51,2026-07-24,9.0,7830.0,0.48,0.0958,260.75,0.1235
2026-07-15,7575.51,2026-07-24,9.0,7840.0,0.4,0.0967,269.65,0.1271
2026-07-15,7575.51,2026-07-24,9.0,7850.0,0.35,0.0981,280.05,0.1307
2026-07-15,7575.51,2026-07-24,9.0,7860.0,0.3,0.0992,289.75,0.1343
2026-07-15,7575.51,2026-07-24,9.0,7870.0,0.28,0.1011,299.75,0.1379
2026-07-15,7575.51,2026-07-24,9.0,7875.0,0.25,0.1014,304.75,0.1397
2026-07-15,7575.51,2026-07-24,9.0,7880.0,0.25,0.1028,310.25,0.1415
2026-07-15,7575.51,2026-07-24,9.0,7890.0,0.25,0.1057,319.55,0.145
2026-07-15,7575.51,2026-07-24,9.0,7900.0,0.2,0.1059,,
2026-07-15,7575.51,2026-07-24,9.0,7910.0,0.2,0.1086,339.65,0.152
2026-07-15,7575.51,2026-07-24,9.0,7920.0,0.2,0.1114,350.25,0.1555
2026-07-15,7575.51,2026-07-24,9.0,7925.0,0.2,0.1128,354.75,0.1572
2026-07-15,7575.51,2026-07-24,9.0,7930.0,0.2,0.1141,358.95,0.1589
2026-07-15,7575.51,2026-07-24,9.0,7940.0,0.2,0.1169,370.35,0.1624
2026-07-15,7575.51,2026-07-24,9.0,7950.0,0.15,0.1161,,
2026-07-15,7575.51,2026-07-24,9.0,7960.0,0.15,0.1187,389.4,0.1692
2026-07-15,7575.51,2026-07-24,9.0,7970.0,0.15,0.1214,400.1,0.1726
2026-07-15,7575.51,2026-07-24,9.0,7975.0,0.15,0.1227,404.85,0.1743
2026-07-15,7575.51,2026-07-24,9.0,7980.0,0.15,0.124,409.9,0.176
2026-07-15,7575.51,2026-07-24,9.0,7990.0,0.15,0.1266,420.35,0.1794
2026-07-15,7575.51,2026-07-24,9.0,8000.0,0.15,0.1292,,
2026-07-15,7575.51,2026-07-24,9.0,8010.0,0.15,0.1319,439.35,0.1861
2026-07-15,7575.51,2026-07-24,9.0,8020.0,0.15,0.1345,448.65,0.1894
2026-07-15,7575.51,2026-07-24,9.0,8025.0,0.15,0.1357,453.55,0.1911
2026-07-15,7575.51,2026-07-24,9.0,8030.0,0.15,0.137,,
2026-07-15,7575.51,2026-07-24,9.0,8050.0,0.15,0.1422,479.95,0.1994
2026-07-15,7575.51,2026-07-24,9.0,8075.0,0.15,0.1486,504.2,0.2075
2026-07-15,7575.51,2026-07-24,9.0,8100.0,0.15,0.155,,
2026-07-15,7575.51,2026-07-24,9.0,8125.0,0.12,0.1585,,
2026-07-15,7575.51,2026-07-24,9.0,8150.0,0.1,0.1614,579.15,0.2317
2026-07-15,7575.51,2026-07-24,9.0,8175.0,0.1,0.1674,604.95,0.2396
2026-07-15,7575.51,2026-07-24,9.0,8200.0,0.1,0.1734,629.8,0.2475
2026-07-15,7575.51,2026-07-24,9.0,8225.0,0.1,0.1794,654.05,0.2553
2026-07-15,7575.51,2026-07-24,9.0,8250.0,0.1,0.1853,,
2026-07-15,7575.51,2026-07-24,9.0,8275.0,0.1,0.1912,703.9,0.2707
2026-07-15,7575.51,2026-07-24,9.0,8300.0,0.1,0.1971,728.95,0.2784
2026-07-15,7575.51,2026-07-24,9.0,8325.0,0.1,0.2029,,
2026-07-15,7575.51,2026-07-24,9.0,8350.0,0.1,0.2087,779.85,0.2935
2026-07-15,7575.51,2026-07-24,9.0,8400.0,0.05,0.208,,
2026-07-15,7575.51,2026-07-24,9.0,8500.0,0.05,0.2296,929.15,0.3378
2026-07-15,7575.51,2026-07-24,9.0,8600.0,0.03,0.2384,,
2026-07-15,7575.51,2026-07-27,12.0,5800.0,1768.55,0.4962,0.23,0.4895
2026-07-15,7575.51,2026-07-27,12.0,5900.0,1668.9,0.495,0.28,0.4686
2026-07-15,7575.51,2026-07-27,12.0,6000.0,1568.75,0.4315,0.3,0.4429
2026-07-15,7575.51,2026-07-27,12.0,6100.0,1469.75,0.4729,0.4,0.4253
2026-07-15,7575.51,2026-07-27,12.0,6200.0,1369.15,0.3946,0.45,0.4005
2026-07-15,7575.51,2026-07-27,12.0,6300.0,1269.95,0.4074,0.55,0.3789
2026-07-15,7575.51,2026-07-27,12.0,6325.0,1244.1,0.335,0.55,0.3715
2026-07-15,7575.51,2026-07-27,12.0,6350.0,1220.35,0.4048,0.6,0.3674
2026-07-15,7575.51,2026-07-27,12.0,6375.0,1195.65,0.4055,0.6,0.36
2026-07-15,7575.51,2026-07-27,12.0,6400.0,1169.55,0.3492,0.65,0.3556
2026-07-15,7575.51,2026-07-27,12.0,6425.0,1145.15,0.3702,0.65,0.3481
2026-07-15,7575.51,2026-07-27,12.0,6450.0,1121.2,0.3933,0.7,0.3435
2026-07-15,7575.51,2026-07-27,12.0,6475.0,1094.5,0.3174,0.73,0.3373
2026-07-15,7575.51,2026-07-27,12.0,6500.0,1071.2,0.3752,0.75,0.3311
2026-07-15,7575.51,2026-07-27,12.0,6525.0,1045.65,0.3516,0.8,0.326
2026-07-15,7575.51,2026-07-27,12.0,6550.0,1020.25,0.3295,0.85,0.3207
2026-07-15,7575.51,2026-07-27,12.0,6575.0,995.55,0.3308,0.88,0.3142
2026-07-15,7575.51,2026-07-27,12.0,6600.0,971.25,0.3406,0.93,0.3086
2026-07-15,7575.51,2026-07-27,12.0,6625.0,944.6,0.2691,0.98,0.3029
2026-07-15,7575.51,2026-07-27,12.0,6650.0,920.95,0.3157,1.02,0.2971
2026-07-15,7575.51,2026-07-27,12.0,6675.0,895.15,0.2819,1.07,0.2912
2026-07-15,7575.51,2026-07-27,12.0,6700.0,871.15,0.303,1.15,0.2859
2026-07-15,7575.51,2026-07-27,12.0,6725.0,846.05,0.2919,1.2,0.2797
2026-07-15,7575.51,2026-07-27,12.0,6750.0,821.5,0.2929,1.27,0.274
2026-07-15,7575.51,2026-07-27,12.0,6775.0,796.55,0.2851,1.35,0.2683
2026-07-15,7575.51,2026-07-27,12.0,6800.0,771.0,0.2647,1.43,0.2623
2026-07-15,7575.51,2026-07-27,12.0,6825.0,747.05,0.2764,1.52,0.2568
2026-07-15,7575.51,2026-07-27,12.0,6850.0,721.15,0.2509,1.62,0.2511
2026-07-15,7575.51,2026-07-27,12.0,6875.0,696.2,0.2434,1.73,0.2451
2026-07-15,7575.51,2026-07-27,12.0,6900.0,672.5,0.2565,1.85,0.2395
2026-07-15,7575.51,2026-07-27,12.0,6925.0,646.8,0.2371,1.97,0.2336
2026-07-15,7575.51,2026-07-27,12.0,6950.0,621.85,0.2292,2.15,0.2284
2026-07-15,7575.51,2026-07-27,12.0,6975.0,597.05,0.2235,2.33,0.2228
2026-07-15,7575.51,2026-07-27,12.0,7000.0,572.3,0.2182,2.53,0.2173
2026-07-15,7575.51,2026-07-27,12.0,7025.0,547.55,0.2126,2.78,0.2121
2026-07-15,7575.51,2026-07-27,12.0,7050.0,524.15,0.2205,3.03,0.2065
2026-07-15,7575.51,2026-07-27,12.0,7070.0,504.05,0.2122,3.25,0.2021
2026-07-15,7575.51,2026-07-27,12.0,7075.0,498.55,0.2056,3.3,0.2009
2026-07-15,7575.51,2026-07-27,12.0,7080.0,494.65,0.2137,3.4,0.2002
2026-07-15,7575.51,2026-07-27,12.0,7090.0,484.35,0.2074,3.5,0.1977
2026-07-15,7575.51,2026-07-27,12.0,7100.0,473.7,0.1978,3.65,0.1956
2026-07-15,7575.51,2026-07-27,12.0,7110.0,464.4,0.2003,3.8,0.1935
2026-07-15,7575.51,2026-07-27,12.0,7120.0,454.6,0.1982,4.0,0.1917
2026-07-15,7575.51,2026-07-27,12.0,7125.0,449.15,0.1925,4.05,0.1903
2026-07-15,7575.51,2026-07-27,12.0,7130.0,444.85,0.1963,4.15,0.1894
2026-07-15,7575.51,2026-07-27,12.0,7140.0,434.45,0.1894,4.3,0.187
2026-07-15,7575.51,2026-07-27,12.0,7150.0,425.45,0.1931,4.5,0.185
2026-07-15,7575.51,2026-07-27,12.0,7160.0,414.95,0.1856,4.75,0.1833
2026-07-15,7575.51,2026-07-27,12.0,7170.0,405.95,0.1888,4.95,0.181
2026-07-15,7575.51,2026-07-27,12.0,7175.0,401.75,0.1919,5.05,0.1799
2026-07-15,7575.51,2026-07-27,12.0,7180.0,395.5,0.1818,5.2,0.1791
2026-07-15,7575.51,2026-07-27,12.0,7190.0,386.45,0.1841,5.45,0.177
2026-07-15,7575.51,2026-07-27,12.0,7200.0,377.1,0.1839,5.7,0.1748
2026-07-15,7575.51,2026-07-27,12.0,7210.0,367.75,0.1835,6.0,0.1729
2026-07-15,7575.51,2026-07-27,12.0,7220.0,358.35,0.1826,6.35,0.1711
2026-07-15,7575.51,2026-07-27,12.0,7225.0,353.05,0.179,6.5,0.1701
2026-07-15,7575.51,2026-07-27,12.0,7230.0,348.7,0.1802,6.65,0.169
2026-07-15,7575.51,2026-07-27,12.0,7235.0,342.15,0.17,6.85,0.1681
2026-07-15,7575.51,2026-07-27,12.0,7240.0,338.65,0.1758,7.05,0.1672
2026-07-15,7575.51,2026-07-27,12.0,7245.0,333.25,0.1717,7.2,0.166
2026-07-15,7575.51,2026-07-27,12.0,7250.0,329.65,0.1764,7.4,0.1651
2026-07-15,7575.51,2026-07-27,12.0,7255.0,322.7,0.1647,7.65,0.1643
2026-07-15,7575.51,2026-07-27,12.0,7260.0,320.15,0.1744,7.85,0.1633
2026-07-15,7575.51,2026-07-27,12.0,7265.0,313.95,0.1667,8.05,0.1623
2026-07-15,7575.51,2026-07-27,12.0,7270.0,309.3,0.1662,8.25,0.1612
2026-07-15,7575.51,2026-07-27,12.0,7275.0,305.45,0.1692,8.5,0.1603
2026-07-15,7575.51,2026-07-27,12.0,7280.0,300.35,0.1665,8.75,0.1594
2026-07-15,7575.51,2026-07-27,12.0,7285.0,296.5,0.1692,8.95,0.1582
2026-07-15,7575.51,2026-07-27,12.0,7290.0,290.85,0.1643,9.25,0.1574
2026-07-15,7575.51,2026-07-27,12.0,7295.0,285.6,0.161,9.5,0.1563
2026-07-15,7575.51,2026-07-27,12.0,7300.0,281.55,0.1627,9.75,0.1553
2026-07-15,7575.51,2026-07-27,12.0,7305.0,276.2,0.159,10.15,0.1548
2026-07-15,7575.51,2026-07-27,12.0,7310.0,272.3,0.1611,10.35,0.1534
2026-07-15,7575.51,2026-07-27,12.0,7315.0,266.85,0.1571,10.65,0.1524
2026-07-15,7575.51,2026-07-27,12.0,7320.0,262.8,0.1584,11.05,0.1518
2026-07-15,7575.51,2026-07-27,12.0,7325.0,258.15,0.1573,11.35,0.1507
2026-07-15,7575.51,2026-07-27,12.0,7330.0,253.5,0.1563,11.65,0.1496
2026-07-15,7575.51,2026-07-27,12.0,7335.0,248.95,0.1555,12.05,0.1488
2026-07-15,7575.51,2026-07-27,12.0,7340.0,244.3,0.1543,12.45,0.148
2026-07-15,7575.51,2026-07-27,12.0,7345.0,239.65,0.1532,12.85,0.1471
2026-07-15,7575.51,2026-07-27,12.0,7350.0,235.05,0.1521,13.25,0.1462
2026-07-15,7575.51,2026-07-27,12.0,7355.0,230.75,0.1519,13.65,0.1452
2026-07-15,7575.51,2026-07-27,12.0,7360.0,226.15,0.1508,14.05,0.1441
2026-07-15,7575.51,2026-07-27,12.0,7365.0,221.6,0.1497,14.5,0.1432
2026-07-15,7575.51,2026-07-27,12.0,7370.0,217.1,0.1488,14.95,0.1422
2026-07-15,7575.51,2026-07-27,12.0,7375.0,212.6,0.1478,15.45,0.1414
2026-07-15,7575.51,2026-07-27,12.0,7380.0,208.1,0.1467,15.95,0.1404
2026-07-15,7575.51,2026-07-27,12.0,7385.0,203.45,0.1452,16.5,0.1396
2026-07-15,7575.51,2026-07-27,12.0,7390.0,199.15,0.1446,17.05,0.1387
2026-07-15,7575.51,2026-07-27,12.0,7395.0,194.75,0.1437,17.55,0.1376
2026-07-15,7575.51,2026-07-27,12.0,7400.0,190.35,0.1427,18.15,0.1368
2026-07-15,7575.51,2026-07-27,12.0,7405.0,185.7,0.141,18.75,0.1358
2026-07-15,7575.51,2026-07-27,12.0,7410.0,181.55,0.1406,19.4,0.135
2026-07-15,7575.51,2026-07-27,12.0,7415.0,177.25,0.1397,20.05,0.1341
2026-07-15,7575.51,2026-07-27,12.0,7420.0,172.8,0.1384,20.75,0.1332
2026-07-15,7575.51,2026-07-27,12.0,7425.0,168.7,0.1379,21.45,0.1323
2026-07-15,7575.51,2026-07-27,12.0,7430.0,164.35,0.1367,22.15,0.1313
2026-07-15,7575.51,2026-07-27,12.0,7435.0,159.95,0.1353,22.95,0.1305
2026-07-15,7575.51,2026-07-27,12.0,7440.0,155.75,0.1343,23.7,0.1295
2026-07-15,7575.51,2026-07-27,12.0,7445.0,151.8,0.1339,24.6,0.1288
2026-07-15,7575.51,2026-07-27,12.0,7450.0,147.45,0.1325,25.4,0.1278
2026-07-15,7575.51,2026-07-27,12.0,7455.0,143.4,0.1317,26.25,0.1268
2026-07-15,7575.51,2026-07-27,12.0,7460.0,139.15,0.1303,27.2,0.126
2026-07-15,7575.51,2026-07-27,12.0,7465.0,135.3,0.1298,28.1,0.125
2026-07-15,7575.51,2026-07-27,12.0,7470.0,131.05,0.1284,29.15,0.1243
2026-07-15,7575.51,2026-07-27,12.0,7475.0,127.4,0.1281,30.1,0.1232
2026-07-15,7575.51,2026-07-27,12.0,7480.0,123.5,0.1273,31.15,0.1223
2026-07-15,7575.51,2026-07-27,12.0,7485.0,119.55,0.1262,32.2,0.1213
2026-07-15,7575.51,2026-07-27,12.0,7490.0,115.7,0.1253,33.4,0.1205
2026-07-15,7575.51,2026-07-27,12.0,7495.0,111.9,0.1244,34.6,0.1196
2026-07-15,7575.51,2026-07-27,12.0,7500.0,108.1,0.1234,35.8,0.1187
2026-07-15,7575.51,2026-07-27,12.0,7505.0,104.5,0.1227,37.05,0.1178
2026-07-15,7575.51,2026-07-27,12.0,7510.0,100.7,0.1215,38.4,0.1169
2026-07-15,7575.51,2026-07-27,12.0,7515.0,97.1,0.1207,39.75,0.116
2026-07-15,7575.51,2026-07-27,12.0,7520.0,93.5,0.1197,41.15,0.115
2026-07-15,7575.51,2026-07-27,12.0,7525.0,90.1,0.1191,42.6,0.1141
2026-07-15,7575.51,2026-07-27,12.0,7530.0,86.5,0.1179,44.15,0.1132
2026-07-15,7575.51,2026-07-27,12.0,7535.0,83.1,0.1171,45.65,0.1122
2026-07-15,7575.51,2026-07-27,12.0,7540.0,79.7,0.1161,47.35,0.1114
2026-07-15,7575.51,2026-07-27,12.0,7545.0,76.5,0.1154,49.05,0.1105
2026-07-15,7575.51,2026-07-27,12.0,7550.0,73.3,0.1146,50.85,0.1097
2026-07-15,7575.51,2026-07-27,12.0,7555.0,70.1,0.1137,52.65,0.1087
2026-07-15,7575.51,2026-07-27,12.0,7560.0,66.95,0.1127,54.5,0.1078
2026-07-15,7575.51,2026-07-27,12.0,7565.0,63.9,0.1119,56.45,0.1069
2026-07-15,7575.51,2026-07-27,12.0,7570.0,60.9,0.111,58.45,0.1059
2026-07-15,7575.51,2026-07-27,12.0,7575.0,58.05,0.1103,60.6,0.1051
2026-07-15,7575.51,2026-07-27,12.0,7580.0,55.2,0.1094,62.7,0.1041
2026-07-15,7575.51,2026-07-27,12.0,7585.0,52.45,0.1086,64.9,0.1031
2026-07-15,7575.51,2026-07-27,12.0,7590.0,49.75,0.1078,67.25,0.1023
2026-07-15,7575.51,2026-07-27,12.0,7595.0,47.2,0.1071,69.7,0.1015
2026-07-15,7575.51,2026-07-27,12.0,7600.0,44.6,0.1062,72.1,0.1004
2026-07-15,7575.51,2026-07-27,12.0,7605.0,42.15,0.1054,74.7,0.0996
2026-07-15,7575.51,2026-07-27,12.0,7610.0,39.8,0.1047,77.3,0.0986
2026-07-15,7575.51,2026-07-27,12.0,7615.0,37.45,0.1039,80.0,0.0977
2026-07-15,7575.51,2026-07-27,12.0,7620.0,35.25,0.1032,82.7,0.0966
2026-07-15,7575.51,2026-07-27,12.0,7625.0,33.15,0.1025,85.7,0.0959
2026-07-15,7575.51,2026-07-27,12.0,7630.0,31.05,0.1017,88.5,0.0946
2026-07-15,7575.51,2026-07-27,12.0,7635.0,29.05,0.1009,91.5,0.0935
2026-07-15,7575.51,2026-07-27,12.0,7640.0,27.2,0.1003,94.7,0.0926
2026-07-15,7575.51,2026-07-27,12.0,7645.0,25.4,0.0997,98.1,0.092
2026-07-15,7575.51,2026-07-27,12.0,7650.0,23.65,0.099,101.5,0.0912
2026-07-15,7575.51,2026-07-27,12.0,7655.0,22.0,0.0983,104.75,0.0898
2026-07-15,7575.51,2026-07-27,12.0,7660.0,20.45,0.0977,108.35,0.0889
2026-07-15,7575.51,2026-07-27,12.0,7665.0,18.95,0.0971,111.7,0.0872
2026-07-15,7575.51,2026-07-27,12.0,7670.0,17.55,0.0965,115.55,0.0865
2026-07-15,7575.51,2026-07-27,12.0,7675.0,16.2,0.0959,119.25,0.0851
2026-07-15,7575.51,2026-07-27,12.0,7680.0,15.0,0.0954,122.8,0.0827
2026-07-15,7575.51,2026-07-27,12.0,7685.0,13.75,0.0947,126.8,0.0813
2026-07-15,7575.51,2026-07-27,12.0,7690.0,12.7,0.0943,130.55,0.0782
2026-07-15,7575.51,2026-07-27,12.0,7695.0,11.6,0.0936,134.7,0.0758
2026-07-15,7575.51,2026-07-27,12.0,7700.0,10.65,0.0932,138.5,0.0682
2026-07-15,7575.51,2026-07-27,12.0,7710.0,8.9,0.0923,147.0,0.0719
2026-07-15,7575.51,2026-07-27,12.0,7720.0,7.35,0.0913,,
2026-07-15,7575.51,2026-07-27,12.0,7725.0,6.7,0.0909,,
2026-07-15,7575.51,2026-07-27,12.0,7730.0,6.05,0.0904,,
2026-07-15,7575.51,2026-07-27,12.0,7740.0,4.95,0.0897,173.05,0.0826
2026-07-15,7575.51,2026-07-27,12.0,7750.0,4.05,0.0891,182.15,0.0862
2026-07-15,7575.51,2026-07-27,12.0,7760.0,3.3,0.0887,,
2026-07-15,7575.51,2026-07-27,12.0,7770.0,2.65,0.0881,,
2026-07-15,7575.51,2026-07-27,12.0,7775.0,2.4,0.088,,
2026-07-15,7575.51,2026-07-27,12.0,7800.0,1.43,0.0877,229.35,0.1033
2026-07-15,7575.51,2026-07-27,12.0,7825.0,0.9,0.0887,255.15,0.1116
2026-07-15,7575.51,2026-07-27,12.0,7850.0,0.62,0.091,279.8,0.1198
2026-07-15,7575.51,2026-07-27,12.0,7875.0,0.48,0.0943,304.65,0.1279
2026-07-15,7575.51,2026-07-27,12.0,7900.0,0.38,0.098,329.35,0.1358
2026-07-15,7575.51,2026-07-27,12.0,7925.0,0.28,0.1006,,
2026-07-15,7575.51,2026-07-27,12.0,7950.0,0.25,0.1056,,
2026-07-15,7575.51,2026-07-27,12.0,7975.0,0.22,0.1103,403.75,0.1591
2026-07-15,7575.51,2026-07-27,12.0,8000.0,0.2,0.1147,,
2026-07-15,7575.51,2026-07-27,12.0,8025.0,0.17,0.1188,453.55,0.1742
2026-07-15,7575.51,2026-07-27,12.0,8050.0,0.17,0.1245,,
2026-07-15,7575.51,2026-07-27,12.0,8075.0,0.15,0.1282,,
2026-07-15,7575.51,2026-07-27,12.0,8100.0,0.15,0.1337,,
2026-07-15,7575.51,2026-07-27,12.0,8200.0,0.12,0.1527,,
2026-07-15,7575.51,2026-07-27,12.0,8300.0,0.1,0.1702,,
2026-07-15,7575.51,2026-07-27,12.0,8400.0,0.1,0.1902,,
2026-07-15,7575.51,2026-07-27,12.0,8600.0,0.05,0.2167,,
2026-07-15,7575.51,2026-07-28,13.0,5800.0,1769.95,0.5483,0.3,0.4825
2026-07-15,7575.51,2026-07-28,13.0,5900.0,1670.25,0.5249,0.35,0.4604
2026-07-15,7575.51,2026-07-28,13.0,6000.0,1570.3,0.4893,0.42,0.4398
2026-07-15,7575.51,2026-07-28,13.0,6100.0,1469.8,0.4218,0.5,0.4178
2026-07-15,7575.51,2026-07-28,13.0,6200.0,1370.75,0.4345,0.55,0.3928
2026-07-15,7575.51,2026-07-28,13.0,6300.0,1270.45,0.386,0.65,0.3706
2026-07-15,7575.51,2026-07-28,13.0,6325.0,1245.25,0.3668,0.7,0.3663
2026-07-15,7575.51,2026-07-28,13.0,6350.0,1220.85,0.3845,0.7,0.359
2026-07-15,7575.51,2026-07-28,13.0,6375.0,1195.65,0.368,0.75,0.3544
2026-07-15,7575.51,2026-07-28,13.0,6400.0,1171.15,0.377,0.8,0.3497
2026-07-15,7575.51,2026-07-28,13.0,6425.0,1146.2,0.3698,0.8,0.3424
2026-07-15,7575.51,2026-07-28,13.0,6450.0,1120.45,0.3326,0.85,0.3374
2026-07-15,7575.51,2026-07-28,13.0,6475.0,1096.65,0.3647,0.9,0.3323
2026-07-15,7575.51,2026-07-28,13.0,6500.0,1071.05,0.339,0.95,0.327
2026-07-15,7575.51,2026-07-28,13.0,6525.0,1045.8,0.3217,0.98,0.3206
2026-07-15,7575.51,2026-07-28,13.0,6550.0,1021.75,0.3411,1.02,0.3151
2026-07-15,7575.51,2026-07-28,13.0,6575.0,996.55,0.3276,1.07,0.3095
2026-07-15,7575.51,2026-07-28,13.0,6600.0,971.95,0.3284,1.12,0.3037
2026-07-15,7575.51,2026-07-28,13.0,6625.0,946.75,0.3153,1.2,0.2987
2026-07-15,7575.51,2026-07-28,13.0,6650.0,921.85,0.3091,1.25,0.2927
2026-07-15,7575.51,2026-07-28,13.0,6675.0,896.95,0.3027,1.32,0.2873
2026-07-15,7575.51,2026-07-28,13.0,6700.0,871.65,0.2875,1.4,0.2818
2026-07-15,7575.51,2026-07-28,13.0,6725.0,847.65,0.2988,1.48,0.2761
2026-07-15,7575.51,2026-07-28,13.0,6750.0,822.55,0.2885,1.57,0.2709
2026-07-15,7575.51,2026-07-28,13.0,6775.0,797.05,0.2708,1.65,0.2649
2026-07-15,7575.51,2026-07-28,13.0,6800.0,772.95,0.2777,1.75,0.2593
2026-07-15,7575.51,2026-07-28,13.0,6825.0,747.95,0.2691,1.88,0.2541
2026-07-15,7575.51,2026-07-28,13.0,6850.0,721.85,0.2417,1.97,0.2481
2026-07-15,7575.51,2026-07-28,13.0,6875.0,698.4,0.2581,2.12,0.2429
2026-07-15,7575.51,2026-07-28,13.0,6900.0,674.4,0.2612,2.28,0.2374
2026-07-15,7575.51,2026-07-28,13.0,6925.0,649.2,0.2502,2.47,0.2324
2026-07-15,7575.51,2026-07-28,13.0,6950.0,624.0,0.2392,2.62,0.2265
2026-07-15,7575.51,2026-07-28,13.0,6975.0,599.15,0.232,2.88,0.2216
2026-07-15,7575.51,2026-07-28,13.0,7000.0,575.1,0.2324,3.1,0.2161
2026-07-15,7575.51,2026-07-28,13.0,7025.0,550.7,0.2285,3.4,0.211
2026-07-15,7575.51,2026-07-28,13.0,7050.0,525.35,0.2164,3.7,0.2057
2026-07-15,7575.51,2026-07-28,13.0,7075.0,500.75,0.2105,4.05,0.2004
2026-07-15,7575.51,2026-07-28,13.0,7100.0,475.7,0.201,4.5,0.1956
2026-07-15,7575.51,2026-07-28,13.0,7110.0,466.2,0.201,4.65,0.1933
2026-07-15,7575.51,2026-07-28,13.0,7120.0,456.65,0.2004,4.85,0.1913
2026-07-15,7575.51,2026-07-28,13.0,7125.0,452.4,0.2034,4.95,0.1903
2026-07-15,7575.51,2026-07-28,13.0,7130.0,446.8,0.1976,5.05,0.1892
2026-07-15,7575.51,2026-07-28,13.0,7140.0,437.8,0.2001,5.3,0.1875
2026-07-15,7575.51,2026-07-28,13.0,7150.0,427.85,0.1966,5.5,0.1852
2026-07-15,7575.51,2026-07-28,13.0,7160.0,418.65,0.1973,5.75,0.1833
2026-07-15,7575.51,2026-07-28,13.0,7170.0,408.1,0.1903,6.05,0.1815
2026-07-15,7575.51,2026-07-28,13.0,7175.0,403.25,0.1892,6.15,0.1803
2026-07-15,7575.51,2026-07-28,13.0,7180.0,398.85,0.1905,6.3,0.1794
2026-07-15,7575.51,2026-07-28,13.0,7190.0,389.3,0.1889,6.6,0.1774
2026-07-15,7575.51,2026-07-28,13.0,7200.0,379.35,0.1852,6.9,0.1754
2026-07-15,7575.51,2026-07-28,13.0,7210.0,369.35,0.1812,7.25,0.1735
2026-07-15,7575.51,2026-07-28,13.0,7220.0,360.4,0.1822,7.6,0.1715
2026-07-15,7575.51,2026-07-28,13.0,7225.0,354.8,0.1773,7.8,0.1706
2026-07-15,7575.51,2026-07-28,13.0,7230.0,349.5,0.1739,7.95,0.1694
2026-07-15,7575.51,2026-07-28,13.0,7240.0,340.05,0.1724,8.4,0.1677
2026-07-15,7575.51,2026-07-28,13.0,7250.0,331.6,0.1751,8.85,0.1659
2026-07-15,7575.51,2026-07-28,13.0,7255.0,326.9,0.1743,9.05,0.1648
2026-07-15,7575.51,2026-07-28,13.0,7260.0,322.3,0.1738,9.3,0.1639
2026-07-15,7575.51,2026-07-28,13.0,7265.0,317.05,0.1707,9.55,0.163
2026-07-15,7575.51,2026-07-28,13.0,7270.0,312.25,0.1693,9.8,0.162
2026-07-15,7575.51,2026-07-28,13.0,7275.0,307.15,0.1668,10.05,0.1611
2026-07-15,7575.51,2026-07-28,13.0,7280.0,303.1,0.1684,10.35,0.1602
2026-07-15,7575.51,2026-07-28,13.0,7285.0,298.2,0.1666,10.6,0.1592
2026-07-15,7575.51,2026-07-28,13.0,7290.0,293.7,0.1663,10.9,0.1583
2026-07-15,7575.51,2026-07-28,13.0,7295.0,288.95,0.165,11.25,0.1575
2026-07-15,7575.51,2026-07-28,13.0,7300.0,284.3,0.1641,11.55,0.1566
2026-07-15,7575.51,2026-07-28,13.0,7305.0,279.65,0.1631,11.8,0.1554
2026-07-15,7575.51,2026-07-28,13.0,7310.0,274.7,0.161,12.15,0.1545
2026-07-15,7575.51,2026-07-28,13.0,7315.0,270.35,0.161,12.55,0.1538
2026-07-15,7575.51,2026-07-28,13.0,7320.0,265.45,0.1591,12.85,0.1527
2026-07-15,7575.51,2026-07-28,13.0,7325.0,260.9,0.1583,13.25,0.1519
2026-07-15,7575.51,2026-07-28,13.0,7330.0,256.2,0.157,13.65,0.151
2026-07-15,7575.51,2026-07-28,13.0,7335.0,251.7,0.1563,14.05,0.1501
2026-07-15,7575.51,2026-07-28,13.0,7340.0,247.2,0.1556,14.45,0.1492
2026-07-15,7575.51,2026-07-28,13.0,7345.0,242.75,0.1549,14.85,0.1482
2026-07-15,7575.51,2026-07-28,13.0,7350.0,237.95,0.1532,15.3,0.1473
2026-07-15,7575.51,2026-07-28,13.0,7355.0,233.65,0.1529,15.75,0.1464
2026-07-15,7575.51,2026-07-28,13.0,7360.0,229.1,0.1518,16.2,0.1454
2026-07-15,7575.51,2026-07-28,13.0,7365.0,224.6,0.1508,16.65,0.1444
2026-07-15,7575.51,2026-07-28,13.0,7370.0,220.15,0.1499,17.15,0.1435
2026-07-15,7575.51,2026-07-28,13.0,7375.0,215.65,0.1488,17.7,0.1427
2026-07-15,7575.51,2026-07-28,13.0,7380.0,211.25,0.148,18.25,0.1418
2026-07-15,7575.51,2026-07-28,13.0,7385.0,206.5,0.1462,18.85,0.141
2026-07-15,7575.51,2026-07-28,13.0,7390.0,201.9,0.1447,19.4,0.1401
2026-07-15,7575.51,2026-07-28,13.0,7395.0,197.4,0.1435,20.0,0.1392
2026-07-15,7575.51,2026-07-28,13.0,7400.0,193.45,0.1436,20.6,0.1382
2026-07-15,7575.51,2026-07-28,13.0,7405.0,189.1,0.1426,21.3,0.1375
2026-07-15,7575.51,2026-07-28,13.0,7410.0,184.7,0.1415,21.95,0.1365
2026-07-15,7575.51,2026-07-28,13.0,7415.0,180.45,0.1406,22.6,0.1355
2026-07-15,7575.51,2026-07-28,13.0,7420.0,175.9,0.139,23.4,0.1348
2026-07-15,7575.51,2026-07-28,13.0,7425.0,172.0,0.1389,24.2,0.1341
2026-07-15,7575.51,2026-07-28,13.0,7430.0,167.55,0.1374,24.85,0.1329
2026-07-15,7575.51,2026-07-28,13.0,7435.0,163.55,0.137,25.6,0.1319
2026-07-15,7575.51,2026-07-28,13.0,7440.0,159.25,0.1357,26.45,0.1311
2026-07-15,7575.51,2026-07-28,13.0,7445.0,155.2,0.135,27.3,0.1302
2026-07-15,7575.51,2026-07-28,13.0,7450.0,150.85,0.1335,28.2,0.1294
2026-07-15,7575.51,2026-07-28,13.0,7455.0,147.0,0.1331,29.2,0.1287
2026-07-15,7575.51,2026-07-28,13.0,7460.0,143.05,0.1324,30.1,0.1277
2026-07-15,7575.51,2026-07-28,13.0,7465.0,139.05,0.1315,31.0,0.1266
2026-07-15,7575.51,2026-07-28,13.0,7470.0,134.95,0.1303,32.05,0.1258
2026-07-15,7575.51,2026-07-28,13.0,7475.0,130.75,0.1289,33.15,0.125
2026-07-15,7575.51,2026-07-28,13.0,7480.0,127.4,0.1291,34.2,0.1241
2026-07-15,7575.51,2026-07-28,13.0,7485.0,123.5,0.1281,35.35,0.1232
2026-07-15,7575.51,2026-07-28,13.0,7490.0,119.7,0.1272,36.5,0.1223
2026-07-15,7575.51,2026-07-28,13.0,7495.0,115.9,0.1263,37.65,0.1213
2026-07-15,7575.51,2026-07-28,13.0,7500.0,112.1,0.1253,38.85,0.1203
2026-07-15,7575.51,2026-07-28,13.0,7505.0,108.5,0.1246,40.2,0.1196
2026-07-15,7575.51,2026-07-28,13.0,7510.0,104.9,0.1238,41.6,0.1188
2026-07-15,7575.51,2026-07-28,13.0,7515.0,101.2,0.1227,42.9,0.1177
2026-07-15,7575.51,2026-07-28,13.0,7520.0,97.7,0.1219,44.4,0.117
2026-07-15,7575.51,2026-07-28,13.0,7525.0,94.1,0.1209,45.85,0.116
2026-07-15,7575.51,2026-07-28,13.0,7530.0,90.7,0.1201,47.4,0.1152
2026-07-15,7575.51,2026-07-28,13.0,7535.0,87.3,0.1193,48.9,0.1141
2026-07-15,7575.51,2026-07-28,13.0,7540.0,83.9,0.1183,50.6,0.1133
2026-07-15,7575.51,2026-07-28,13.0,7545.0,80.6,0.1174,52.3,0.1125
2026-07-15,7575.51,2026-07-28,13.0,7550.0,77.35,0.1165,54.05,0.1116
2026-07-15,7575.51,2026-07-28,13.0,7555.0,74.25,0.1158,55.85,0.1106
2026-07-15,7575.51,2026-07-28,13.0,7560.0,71.05,0.1148,57.7,0.1097
2026-07-15,7575.51,2026-07-28,13.0,7565.0,68.05,0.1141,59.7,0.1089
2026-07-15,7575.51,2026-07-28,13.0,7570.0,65.05,0.1133,61.7,0.108
2026-07-15,7575.51,2026-07-28,13.0,7575.0,62.1,0.1124,63.7,0.107
2026-07-15,7575.51,2026-07-28,13.0,7580.0,59.25,0.1116,65.9,0.1062
2026-07-15,7575.51,2026-07-28,13.0,7585.0,56.45,0.1108,68.1,0.1053
2026-07-15,7575.51,2026-07-28,13.0,7590.0,53.7,0.1099,70.4,0.1045
2026-07-15,7575.51,2026-07-28,13.0,7595.0,51.2,0.1094,72.7,0.1035
2026-07-15,7575.51,2026-07-28,13.0,7600.0,48.5,0.1084,75.1,0.1026
2026-07-15,7575.51,2026-07-28,13.0,7605.0,46.05,0.1078,77.7,0.1018
2026-07-15,7575.51,2026-07-28,13.0,7610.0,43.6,0.107,80.3,0.101
2026-07-15,7575.51,2026-07-28,13.0,7615.0,41.25,0.1062,82.9,0.1
2026-07-15,7575.51,2026-07-28,13.0,7620.0,39.0,0.1055,85.7,0.0992
2026-07-15,7575.51,2026-07-28,13.0,7625.0,36.8,0.1048,88.5,0.0983
2026-07-15,7575.51,2026-07-28,13.0,7630.0,34.65,0.1041,91.3,0.0971
2026-07-15,7575.51,2026-07-28,13.0,7635.0,32.6,0.1034,94.3,0.0962
2026-07-15,7575.51,2026-07-28,13.0,7640.0,30.7,0.1028,97.3,0.0952
2026-07-15,7575.51,2026-07-28,13.0,7645.0,28.8,0.1021,100.3,0.0939
2026-07-15,7575.51,2026-07-28,13.0,7650.0,27.0,0.1015,103.95,0.0939
2026-07-15,7575.51,2026-07-28,13.0,7655.0,25.2,0.1007,107.15,0.0926
2026-07-15,7575.51,2026-07-28,13.0,7660.0,23.6,0.1002,110.7,0.092
2026-07-15,7575.51,2026-07-28,13.0,7665.0,22.0,0.0996,113.95,0.0904
2026-07-15,7575.51,2026-07-28,13.0,7670.0,20.45,0.0989,117.25,0.0886
2026-07-15,7575.51,2026-07-28,13.0,7675.0,19.05,0.0983,120.95,0.0876
2026-07-15,7575.51,2026-07-28,13.0,7680.0,17.65,0.0977,124.65,0.0863
2026-07-15,7575.51,2026-07-28,13.0,7685.0,16.4,0.0972,128.4,0.0846
2026-07-15,7575.51,2026-07-28,13.0,7690.0,15.2,0.0967,131.95,0.0819
2026-07-15,7575.51,2026-07-28,13.0,7695.0,14.0,0.096,136.0,0.0803
2026-07-15,7575.51,2026-07-28,13.0,7700.0,13.05,0.0959,139.95,0.0774
2026-07-15,7575.51,2026-07-28,13.0,7710.0,11.05,0.0948,147.9,0.0704
2026-07-15,7575.51,2026-07-28,13.0,7720.0,9.25,0.0937,156.0,0.0739
2026-07-15,7575.51,2026-07-28,13.0,7725.0,8.55,0.0935,,
2026-07-15,7575.51,2026-07-28,13.0,7730.0,7.75,0.0929,,
2026-07-15,7575.51,2026-07-28,13.0,7740.0,6.45,0.0921,,
2026-07-15,7575.51,2026-07-28,13.0,7750.0,5.35,0.0914,,
2026-07-15,7575.51,2026-07-28,13.0,7760.0,4.45,0.0909,191.85,0.0877
2026-07-15,7575.51,2026-07-28,13.0,7770.0,3.65,0.0903,,
2026-07-15,7575.51,2026-07-28,13.0,7775.0,3.35,0.0903,,
2026-07-15,7575.51,2026-07-28,13.0,7800.0,2.08,0.0899,,
2026-07-15,7575.51,2026-07-28,13.0,7825.0,1.32,0.0903,,
2026-07-15,7575.51,2026-07-28,13.0,7850.0,0.9,0.0919,279.8,0.117
2026-07-15,7575.51,2026-07-28,13.0,7875.0,0.65,0.0943,,
2026-07-15,7575.51,2026-07-28,13.0,7900.0,0.5,0.0974,,
2026-07-15,7575.51,2026-07-28,13.0,7925.0,0.4,0.1008,,
2026-07-15,7575.51,2026-07-28,13.0,7950.0,0.33,0.1043,,
2026-07-15,7575.51,2026-07-28,13.0,7975.0,0.28,0.1081,,
2026-07-15,7575.51,2026-07-28,13.0,8000.0,0.25,0.1127,,
2026-07-15,7575.51,2026-07-28,13.0,8025.0,0.22,0.117,,
2026-07-15,7575.51,2026-07-28,13.0,8050.0,0.2,0.1211,,
2026-07-15,7575.51,2026-07-28,13.0,8075.0,0.2,0.1265,,
2026-07-15,7575.51,2026-07-28,13.0,8100.0,0.17,0.1302,,
2026-07-15,7575.51,2026-07-28,13.0,8200.0,0.15,0.1491,,
2026-07-15,7575.51,2026-07-28,13.0,8300.0,0.1,0.1633,,
2026-07-15,7575.51,2026-07-28,13.0,8400.0,0.1,0.1826,,
2026-07-15,7575.51,2026-07-28,13.0,8600.0,0.05,0.2081,,
2026-07-15,7575.51,2026-07-29,14.0,5800.0,1770.65,0.5349,0.42,0.4803
2026-07-15,7575.51,2026-07-29,14.0,5900.0,1670.65,0.497,0.45,0.4544
2026-07-15,7575.51,2026-07-29,14.0,6000.0,1571.25,0.4863,0.55,0.4348
2026-07-15,7575.51,2026-07-29,14.0,6100.0,1470.95,0.4377,0.62,0.412
2026-07-15,7575.51,2026-07-29,14.0,6200.0,1371.65,0.4286,0.73,0.3898
2026-07-15,7575.51,2026-07-29,14.0,6300.0,1271.95,0.4026,0.85,0.3678
2026-07-15,7575.51,2026-07-29,14.0,6325.0,1247.7,0.4126,0.88,0.3619
2026-07-15,7575.51,2026-07-29,14.0,6350.0,1221.45,0.3697,0.93,0.357
2026-07-15,7575.51,2026-07-29,14.0,6375.0,1196.65,0.3678,0.95,0.3509
2026-07-15,7575.51,2026-07-29,14.0,6400.0,1171.55,0.356,1.0,0.3458
2026-07-15,7575.51,2026-07-29,14.0,6425.0,1146.65,0.3508,1.02,0.3396
2026-07-15,7575.51,2026-07-29,14.0,6450.0,1121.95,0.3512,1.07,0.3343
2026-07-15,7575.51,2026-07-29,14.0,6475.0,1096.85,0.3399,1.12,0.3288
2026-07-15,7575.51,2026-07-29,14.0,6500.0,1072.05,0.3371,1.2,0.3241
2026-07-15,7575.51,2026-07-29,14.0,6525.0,1046.8,0.3217,1.25,0.3185
2026-07-15,7575.51,2026-07-29,14.0,6550.0,1022.55,0.3322,1.32,0.3134
2026-07-15,7575.51,2026-07-29,14.0,6575.0,997.45,0.3216,1.38,0.3076
2026-07-15,7575.51,2026-07-29,14.0,6600.0,972.35,0.311,1.45,0.3023
2026-07-15,7575.51,2026-07-29,14.0,6625.0,948.25,0.3206,1.52,0.2969
2026-07-15,7575.51,2026-07-29,14.0,6650.0,923.05,0.3086,1.6,0.2913
2026-07-15,7575.51,2026-07-29,14.0,6675.0,899.35,0.3204,1.68,0.2857
2026-07-15,7575.51,2026-07-29,14.0,6700.0,873.15,0.2937,1.77,0.2804
2026-07-15,7575.51,2026-07-29,14.0,6725.0,848.8,0.2956,1.88,0.275
2026-07-15,7575.51,2026-07-29,14.0,6750.0,823.05,0.2753,2.02,0.2704
2026-07-15,7575.51,2026-07-29,14.0,6775.0,799.45,0.2874,2.15,0.2651
2026-07-15,7575.51,2026-07-29,14.0,6800.0,774.3,0.277,2.28,0.2596
2026-07-15,7575.51,2026-07-29,14.0,6825.0,749.45,0.2704,2.42,0.2543
2026-07-15,7575.51,2026-07-29,14.0,6850.0,725.55,0.274,2.58,0.2489
2026-07-15,7575.51,2026-07-29,14.0,6875.0,699.15,0.2498,2.78,0.2439
2026-07-15,7575.51,2026-07-29,14.0,6900.0,675.2,0.2531,3.0,0.239
2026-07-15,7575.51,2026-07-29,14.0,6925.0,650.45,0.247,3.2,0.2335
2026-07-15,7575.51,2026-07-29,14.0,6950.0,626.2,0.2452,3.4,0.2278
2026-07-15,7575.51,2026-07-29,14.0,6975.0,601.7,0.2405,3.7,0.2229
2026-07-15,7575.51,2026-07-29,14.0,7000.0,576.4,0.2292,4.05,0.2182
2026-07-15,7575.51,2026-07-29,14.0,7025.0,552.05,0.2254,4.4,0.213
2026-07-15,7575.51,2026-07-29,14.0,7050.0,527.7,0.221,4.8,0.208
2026-07-15,7575.51,2026-07-29,14.0,7075.0,503.3,0.2158,5.25,0.203
2026-07-15,7575.51,2026-07-29,14.0,7100.0,479.15,0.2117,5.8,0.1983
2026-07-15,7575.51,2026-07-29,14.0,7110.0,469.1,0.2077,6.05,0.1964
2026-07-15,7575.51,2026-07-29,14.0,7120.0,458.35,0.1996,6.3,0.1945
2026-07-15,7575.51,2026-07-29,14.0,7125.0,453.95,0.2012,6.4,0.1934
2026-07-15,7575.51,2026-07-29,14.0,7130.0,449.65,0.2033,6.55,0.1925
2026-07-15,7575.51,2026-07-29,14.0,7140.0,440.05,0.2016,6.85,0.1908
2026-07-15,7575.51,2026-07-29,14.0,7150.0,430.35,0.1993,7.1,0.1886
2026-07-15,7575.51,2026-07-29,14.0,7160.0,420.65,0.197,7.45,0.1869
2026-07-15,7575.51,2026-07-29,14.0,7170.0,410.7,0.1934,7.75,0.1849
2026-07-15,7575.51,2026-07-29,14.0,7175.0,405.9,0.1924,7.95,0.1841
2026-07-15,7575.51,2026-07-29,14.0,7180.0,401.55,0.1935,8.1,0.183
2026-07-15,7575.51,2026-07-29,14.0,7190.0,391.05,0.1873,8.45,0.1811
2026-07-15,7575.51,2026-07-29,14.0,7200.0,380.45,0.1806,8.85,0.1793
2026-07-15,7575.51,2026-07-29,14.0,7210.0,372.25,0.1848,9.25,0.1773
2026-07-15,7575.51,2026-07-29,14.0,7220.0,362.9,0.1835,9.75,0.1758
2026-07-15,7575.51,2026-07-29,14.0,7225.0,357.95,0.1817,9.95,0.1747
2026-07-15,7575.51,2026-07-29,14.0,7230.0,353.15,0.1805,10.2,0.1739
2026-07-15,7575.51,2026-07-29,14.0,7240.0,344.75,0.1827,10.65,0.1718
2026-07-15,7575.51,2026-07-29,14.0,7250.0,334.75,0.1785,11.25,0.1703
2026-07-15,7575.51,2026-07-29,14.0,7260.0,325.3,0.1764,11.75,0.1682
2026-07-15,7575.51,2026-07-29,14.0,7270.0,315.75,0.1737,12.35,0.1665
2026-07-15,7575.51,2026-07-29,14.0,7275.0,311.05,0.1727,12.75,0.1659
2026-07-15,7575.51,2026-07-29,14.0,7280.0,306.4,0.1717,13.0,0.1647
2026-07-15,7575.51,2026-07-29,14.0,7290.0,297.25,0.1702,13.65,0.1628
2026-07-15,7575.51,2026-07-29,14.0,7300.0,288.05,0.1684,14.4,0.1612
2026-07-15,7575.51,2026-07-29,14.0,7310.0,278.85,0.1665,15.2,0.1595
2026-07-15,7575.51,2026-07-29,14.0,7320.0,269.65,0.1644,16.0,0.1577
2026-07-15,7575.51,2026-07-29,14.0,7325.0,264.9,0.1629,16.45,0.1568
2026-07-15,7575.51,2026-07-29,14.0,7330.0,260.55,0.1625,16.9,0.156
2026-07-15,7575.51,2026-07-29,14.0,7335.0,255.4,0.1598,17.3,0.1549
2026-07-15,7575.51,2026-07-29,14.0,7340.0,251.1,0.1595,17.8,0.1542
2026-07-15,7575.51,2026-07-29,14.0,7345.0,247.0,0.1596,18.35,0.1535
2026-07-15,7575.51,2026-07-29,14.0,7350.0,242.35,0.1582,18.75,0.1523
2026-07-15,7575.51,2026-07-29,14.0,7355.0,238.05,0.1578,19.35,0.1516
2026-07-15,7575.51,2026-07-29,14.0,7360.0,233.65,0.1569,19.85,0.1507
2026-07-15,7575.51,2026-07-29,14.0,7365.0,229.15,0.1558,20.4,0.1498
2026-07-15,7575.51,2026-07-29,14.0,7370.0,224.55,0.1544,20.95,0.1489
2026-07-15,7575.51,2026-07-29,14.0,7375.0,220.15,0.1535,21.6,0.1482
2026-07-15,7575.51,2026-07-29,14.0,7380.0,215.6,0.1522,22.2,0.1473
2026-07-15,7575.51,2026-07-29,14.0,7385.0,211.7,0.1524,22.8,0.1464
2026-07-15,7575.51,2026-07-29,14.0,7390.0,207.15,0.1509,23.45,0.1455
2026-07-15,7575.51,2026-07-29,14.0,7395.0,202.75,0.1498,24.1,0.1446
2026-07-15,7575.51,2026-07-29,14.0,7400.0,198.55,0.1491,24.8,0.1437
2026-07-15,7575.51,2026-07-29,14.0,7405.0,194.25,0.1482,25.45,0.1427
2026-07-15,7575.51,2026-07-29,14.0,7410.0,190.15,0.1476,26.25,0.142
2026-07-15,7575.51,2026-07-29,14.0,7415.0,185.8,0.1464,27.0,0.1411
2026-07-15,7575.51,2026-07-29,14.0,7420.0,181.6,0.1455,27.8,0.1403
2026-07-15,7575.51,2026-07-29,14.0,7425.0,177.4,0.1446,28.6,0.1394
2026-07-15,7575.51,2026-07-29,14.0,7430.0,173.1,0.1433,29.4,0.1385
2026-07-15,7575.51,2026-07-29,14.0,7435.0,169.15,0.1428,30.35,0.1378
2026-07-15,7575.51,2026-07-29,14.0,7440.0,165.2,0.1422,31.2,0.1369
2026-07-15,7575.51,2026-07-29,14.0,7445.0,161.05,0.1412,32.05,0.1359
2026-07-15,7575.51,2026-07-29,14.0,7450.0,157.15,0.1406,33.0,0.135
2026-07-15,7575.51,2026-07-29,14.0,7455.0,153.1,0.1396,34.0,0.1342
2026-07-15,7575.51,2026-07-29,14.0,7460.0,149.1,0.1386,35.0,0.1333
2026-07-15,7575.51,2026-07-29,14.0,7465.0,144.6,0.1367,36.1,0.1326
2026-07-15,7575.51,2026-07-29,14.0,7470.0,140.7,0.1358,37.2,0.1318
2026-07-15,7575.51,2026-07-29,14.0,7475.0,137.35,0.136,38.3,0.1309
2026-07-15,7575.51,2026-07-29,14.0,7480.0,133.5,0.1351,39.4,0.1299
2026-07-15,7575.51,2026-07-29,14.0,7485.0,129.7,0.1342,40.6,0.1291
2026-07-15,7575.51,2026-07-29,14.0,7490.0,125.9,0.1333,41.8,0.1282
2026-07-15,7575.51,2026-07-29,14.0,7495.0,122.1,0.1323,43.05,0.1273
2026-07-15,7575.51,2026-07-29,14.0,7500.0,118.5,0.1316,44.45,0.1267
2026-07-15,7575.51,2026-07-29,14.0,7505.0,114.9,0.1308,45.7,0.1256
2026-07-15,7575.51,2026-07-29,14.0,7510.0,111.3,0.1299,47.1,0.1248
2026-07-15,7575.51,2026-07-29,14.0,7515.0,107.7,0.129,48.5,0.1239
2026-07-15,7575.51,2026-07-29,14.0,7520.0,104.1,0.128,50.0,0.1231
2026-07-15,7575.51,2026-07-29,14.0,7525.0,100.7,0.1273,51.5,0.1222
2026-07-15,7575.51,2026-07-29,14.0,7530.0,97.3,0.1265,53.05,0.1213
2026-07-15,7575.51,2026-07-29,14.0,7535.0,93.9,0.1256,54.65,0.1204
2026-07-15,7575.51,2026-07-29,14.0,7540.0,90.5,0.1246,56.3,0.1195
2026-07-15,7575.51,2026-07-29,14.0,7545.0,87.3,0.1239,58.05,0.1187
2026-07-15,7575.51,2026-07-29,14.0,7550.0,84.1,0.1231,59.85,0.1179
2026-07-15,7575.51,2026-07-29,14.0,7555.0,80.95,0.1223,61.65,0.117
2026-07-15,7575.51,2026-07-29,14.0,7560.0,77.7,0.1213,63.5,0.1161
2026-07-15,7575.51,2026-07-29,14.0,7565.0,74.75,0.1207,65.5,0.1153
2026-07-15,7575.51,2026-07-29,14.0,7570.0,71.7,0.1198,67.45,0.1144
2026-07-15,7575.51,2026-07-29,14.0,7575.0,68.7,0.1189,69.5,0.1135
2026-07-15,7575.51,2026-07-29,14.0,7580.0,65.85,0.1181,71.65,0.1127
2026-07-15,7575.51,2026-07-29,14.0,7585.0,63.05,0.1174,73.85,0.1119
2026-07-15,7575.51,2026-07-29,14.0,7590.0,60.3,0.1166,76.05,0.1109
2026-07-15,7575.51,2026-07-29,14.0,7595.0,57.65,0.1159,78.3,0.11
2026-07-15,7575.51,2026-07-29,14.0,7600.0,55.05,0.1152,80.7,0.1091
2026-07-15,7575.51,2026-07-29,14.0,7605.0,52.45,0.1143,83.1,0.1082
2026-07-15,7575.51,2026-07-29,14.0,7610.0,50.0,0.1137,85.7,0.1075
2026-07-15,7575.51,2026-07-29,14.0,7615.0,47.6,0.113,88.3,0.1066
2026-07-15,7575.51,2026-07-29,14.0,7620.0,45.2,0.1122,90.9,0.1056
2026-07-15,7575.51,2026-07-29,14.0,7625.0,42.95,0.1115,93.6,0.1047
2026-07-15,7575.51,2026-07-29,14.0,7630.0,40.75,0.1108,96.3,0.1036
2026-07-15,7575.51,2026-07-29,14.0,7635.0,38.6,0.1101,99.3,0.103
2026-07-15,7575.51,2026-07-29,14.0,7640.0,36.5,0.1094,102.1,0.1018
2026-07-15,7575.51,2026-07-29,14.0,7645.0,34.55,0.1088,105.1,0.1008
2026-07-15,7575.51,2026-07-29,14.0,7650.0,32.6,0.1081,108.3,0.1001
2026-07-15,7575.51,2026-07-29,14.0,7660.0,29.0,0.1069,114.7,0.0982
2026-07-15,7575.51,2026-07-29,14.0,7670.0,25.6,0.1056,121.25,0.0958
2026-07-15,7575.51,2026-07-29,14.0,7675.0,24.1,0.1052,124.85,0.095
2026-07-15,7575.51,2026-07-29,14.0,7680.0,22.6,0.1046,128.2,0.0934
2026-07-15,7575.51,2026-07-29,14.0,7690.0,19.75,0.1034,135.55,0.0911
2026-07-15,7575.51,2026-07-29,14.0,7700.0,17.2,0.1023,142.9,0.0874
2026-07-15,7575.51,2026-07-29,14.0,7710.0,14.9,0.1013,150.5,0.0822
2026-07-15,7575.51,2026-07-29,14.0,7720.0,12.85,0.1004,158.6,0.0725
2026-07-15,7575.51,2026-07-29,14.0,7725.0,11.9,0.0999,162.6,0.0742
2026-07-15,7575.51,2026-07-29,14.0,7730.0,11.05,0.0995,166.8,0.0759
2026-07-15,7575.51,2026-07-29,14.0,7740.0,9.45,0.0987,175.9,0.0793
2026-07-15,7575.51,2026-07-29,14.0,7750.0,8.05,0.098,,
2026-07-15,7575.51,2026-07-29,14.0,7760.0,6.75,0.097,,
2026-07-15,7575.51,2026-07-29,14.0,7775.0,5.25,0.0963,,
2026-07-15,7575.51,2026-07-29,14.0,7800.0,3.4,0.0952,230.35,0.0989
2026-07-15,7575.51,2026-07-29,14.0,7825.0,2.22,0.0951,254.1,0.1068
2026-07-15,7575.51,2026-07-29,14.0,7850.0,1.48,0.0955,,
2026-07-15,7575.51,2026-07-29,14.0,7875.0,1.02,0.0968,,
2026-07-15,7575.51,2026-07-29,14.0,7900.0,0.77,0.0993,,
2026-07-15,7575.51,2026-07-29,14.0,7925.0,0.62,0.1026,,
2026-07-15,7575.51,2026-07-29,14.0,7950.0,0.48,0.105,,
2026-07-15,7575.51,2026-07-29,14.0,7975.0,0.42,0.1094,,
2026-07-15,7575.51,2026-07-29,14.0,8000.0,0.35,0.1126,,
2026-07-15,7575.51,2026-07-29,14.0,8025.0,0.3,0.1162,,
2026-07-15,7575.51,2026-07-29,14.0,8050.0,0.28,0.1205,,
2026-07-15,7575.51,2026-07-29,14.0,8075.0,0.25,0.1246,,
2026-07-15,7575.51,2026-07-29,14.0,8100.0,0.22,0.1285,,
2026-07-15,7575.51,2026-07-29,14.0,8200.0,0.15,0.1435,,
2026-07-15,7575.51,2026-07-29,14.0,8300.0,0.15,0.1631,,
2026-07-15,7575.51,2026-07-29,14.0,8400.0,0.1,0.1758,,
2026-07-15,7575.51,2026-07-29,14.0,8600.0,0.08,0.2068,,
2026-07-15,7575.51,2026-07-30,15.0,5800.0,1770.75,0.49,0.53,0.4737
2026-07-15,7575.51,2026-07-30,15.0,5900.0,1671.75,0.5023,0.6,0.4518
2026-07-15,7575.51,2026-07-30,15.0,6000.0,1572.45,0.4894,0.68,0.4291
2026-07-15,7575.51,2026-07-30,15.0,6100.0,1472.4,0.4528,0.77,0.4072
2026-07-15,7575.51,2026-07-30,15.0,6200.0,1372.15,0.4105,0.9,0.3857
2026-07-15,7575.51,2026-07-30,15.0,6300.0,1272.65,0.3911,1.07,0.3651
2026-07-15,7575.51,2026-07-30,15.0,6325.0,1248.05,0.3926,1.1,0.359
2026-07-15,7575.51,2026-07-30,15.0,6350.0,1222.85,0.3794,1.15,0.3538
2026-07-15,7575.51,2026-07-30,15.0,6375.0,1197.95,0.3734,1.2,0.3485
2026-07-15,7575.51,2026-07-30,15.0,6400.0,1173.05,0.3674,1.27,0.3439
2026-07-15,7575.51,2026-07-30,15.0,6425.0,1148.15,0.3613,1.32,0.3384
2026-07-15,7575.51,2026-07-30,15.0,6450.0,1122.45,0.3356,1.38,0.3328
2026-07-15,7575.51,2026-07-30,15.0,6475.0,1098.65,0.3549,1.45,0.3279
2026-07-15,7575.51,2026-07-30,15.0,6500.0,1073.25,0.3386,1.52,0.3228
2026-07-15,7575.51,2026-07-30,15.0,6525.0,1049.8,0.3571,1.57,0.3169
2026-07-15,7575.51,2026-07-30,15.0,6550.0,1022.55,0.3057,1.68,0.3122
2026-07-15,7575.51,2026-07-30,15.0,6575.0,998.65,0.3218,1.77,0.3073
2026-07-15,7575.51,2026-07-30,15.0,6600.0,973.6,0.3127,1.85,0.3017
2026-07-15,7575.51,2026-07-30,15.0,6625.0,949.45,0.3185,1.95,0.2965
2026-07-15,7575.51,2026-07-30,15.0,6650.0,923.75,0.299,2.08,0.2917
2026-07-15,7575.51,2026-07-30,15.0,6675.0,899.05,0.2959,2.17,0.2862
2026-07-15,7575.51,2026-07-30,15.0,6700.0,874.65,0.2966,2.28,0.2806
2026-07-15,7575.51,2026-07-30,15.0,6725.0,849.85,0.291,2.42,0.2757
2026-07-15,7575.51,2026-07-30,15.0,6750.0,823.85,0.2683,2.58,0.2706
2026-07-15,7575.51,2026-07-30,15.0,6775.0,799.3,0.2671,2.72,0.2654
2026-07-15,7575.51,2026-07-30,15.0,6800.0,774.85,0.2663,2.92,0.2606
2026-07-15,7575.51,2026-07-30,15.0,6825.0,751.0,0.271,3.1,0.2553
2026-07-15,7575.51,2026-07-30,15.0,6850.0,725.95,0.2621,3.3,0.2501
2026-07-15,7575.51,2026-07-30,15.0,6875.0,700.85,0.2528,3.5,0.2447
2026-07-15,7575.51,2026-07-30,15.0,6900.0,676.55,0.2511,3.8,0.2402
2026-07-15,7575.51,2026-07-30,15.0,6925.0,651.85,0.2452,4.1,0.2353
2026-07-15,7575.51,2026-07-30,15.0,6950.0,626.45,0.2333,4.4,0.2302
2026-07-15,7575.51,2026-07-30,15.0,6975.0,602.55,0.2338,4.75,0.2252
2026-07-15,7575.51,2026-07-30,15.0,7000.0,577.65,0.2259,5.15,0.2204
2026-07-15,7575.51,2026-07-30,15.0,7025.0,552.45,0.2158,5.55,0.2152
2026-07-15,7575.51,2026-07-30,15.0,7050.0,529.55,0.221,6.05,0.2103
2026-07-15,7575.51,2026-07-30,15.0,7075.0,504.25,0.2103,6.65,0.2058
2026-07-15,7575.51,2026-07-30,15.0,7100.0,479.9,0.2051,7.3,0.2011
2026-07-15,7575.51,2026-07-30,15.0,7125.0,455.75,0.2005,8.05,0.1965
2026-07-15,7575.51,2026-07-30,15.0,7150.0,431.65,0.1957,8.95,0.1922
2026-07-15,7575.51,2026-07-30,15.0,7160.0,421.85,0.1929,9.25,0.19
2026-07-15,7575.51,2026-07-30,15.0,7170.0,412.45,0.1919,9.65,0.1882
2026-07-15,7575.51,2026-07-30,15.0,7175.0,408.25,0.1935,9.85,0.1873
2026-07-15,7575.51,2026-07-30,15.0,7180.0,404.65,0.1974,10.05,0.1863
2026-07-15,7575.51,2026-07-30,15.0,7190.0,394.75,0.1939,10.55,0.1848
2026-07-15,7575.51,2026-07-30,15.0,7200.0,384.95,0.1908,11.05,0.1832
2026-07-15,7575.51,2026-07-30,15.0,7210.0,375.35,0.1883,11.55,0.1814
2026-07-15,7575.51,2026-07-30,15.0,7220.0,366.05,0.187,12.05,0.1795
2026-07-15,7575.51,2026-07-30,15.0,7225.0,361.65,0.1871,12.35,0.1788
2026-07-15,7575.51,2026-07-30,15.0,7230.0,356.8,0.1856,12.55,0.1776
2026-07-15,7575.51,2026-07-30,15.0,7240.0,347.4,0.1837,13.15,0.1759
2026-07-15,7575.51,2026-07-30,15.0,7250.0,338.05,0.1817,13.85,0.1744
2026-07-15,7575.51,2026-07-30,15.0,7260.0,328.75,0.1799,14.45,0.1725
2026-07-15,7575.51,2026-07-30,15.0,7270.0,319.65,0.1785,15.15,0.1708
2026-07-15,7575.51,2026-07-30,15.0,7275.0,315.05,0.1777,15.55,0.17
2026-07-15,7575.51,2026-07-30,15.0,7280.0,310.25,0.1761,15.85,0.1689
2026-07-15,7575.51,2026-07-30,15.0,7290.0,301.25,0.1748,16.7,0.1674
2026-07-15,7575.51,2026-07-30,15.0,7300.0,291.85,0.1722,17.45,0.1655
2026-07-15,7575.51,2026-07-30,15.0,7310.0,283.05,0.1712,18.4,0.164
2026-07-15,7575.51,2026-07-30,15.0,7320.0,274.0,0.1693,19.35,0.1624
2026-07-15,7575.51,2026-07-30,15.0,7325.0,269.1,0.1673,19.75,0.1613
2026-07-15,7575.51,2026-07-30,15.0,7330.0,265.0,0.1674,20.3,0.1606
2026-07-15,7575.51,2026-07-30,15.0,7340.0,256.05,0.1655,21.4,0.159
2026-07-15,7575.51,2026-07-30,15.0,7350.0,247.25,0.1639,22.45,0.1572
2026-07-15,7575.51,2026-07-30,15.0,7360.0,238.5,0.1622,23.7,0.1557
2026-07-15,7575.51,2026-07-30,15.0,7370.0,229.75,0.1603,24.95,0.154
2026-07-15,7575.51,2026-07-30,15.0,7375.0,225.4,0.1594,25.55,0.1531
2026-07-15,7575.51,2026-07-30,15.0,7380.0,220.75,0.1577,26.2,0.1522
2026-07-15,7575.51,2026-07-30,15.0,7385.0,216.55,0.157,26.95,0.1515
2026-07-15,7575.51,2026-07-30,15.0,7390.0,212.7,0.1571,27.65,0.1506
2026-07-15,7575.51,2026-07-30,15.0,7395.0,208.2,0.1557,28.4,0.1498
2026-07-15,7575.51,2026-07-30,15.0,7400.0,203.95,0.1548,29.2,0.1491
2026-07-15,7575.51,2026-07-30,15.0,7405.0,199.65,0.1537,29.9,0.1481
2026-07-15,7575.51,2026-07-30,15.0,7410.0,195.5,0.1529,30.75,0.1474
2026-07-15,7575.51,2026-07-30,15.0,7415.0,191.5,0.1524,31.5,0.1464
2026-07-15,7575.51,2026-07-30,15.0,7420.0,187.15,0.151,32.4,0.1457
2026-07-15,7575.51,2026-07-30,15.0,7425.0,183.0,0.1501,33.2,0.1447
2026-07-15,7575.51,2026-07-30,15.0,7430.0,178.95,0.1493,34.2,0.144
2026-07-15,7575.51,2026-07-30,15.0,7435.0,175.05,0.1488,35.05,0.1431
2026-07-15,7575.51,2026-07-30,15.0,7440.0,170.85,0.1476,36.05,0.1423
2026-07-15,7575.51,2026-07-30,15.0,7445.0,167.1,0.1472,37.0,0.1414
2026-07-15,7575.51,2026-07-30,15.0,7450.0,163.15,0.1464,38.0,0.1406
2026-07-15,7575.51,2026-07-30,15.0,7455.0,159.15,0.1455,39.1,0.1399
2026-07-15,7575.51,2026-07-30,15.0,7460.0,154.6,0.1434,40.2,0.1391
2026-07-15,7575.51,2026-07-30,15.0,7465.0,151.1,0.1433,41.3,0.1383
2026-07-15,7575.51,2026-07-30,15.0,7470.0,147.3,0.1425,42.4,0.1374
2026-07-15,7575.51,2026-07-30,15.0,7475.0,143.5,0.1417,43.6,0.1366
2026-07-15,7575.51,2026-07-30,15.0,7480.0,139.7,0.1409,44.7,0.1356
2026-07-15,7575.51,2026-07-30,15.0,7485.0,135.9,0.1399,46.0,0.1349
2026-07-15,7575.51,2026-07-30,15.0,7490.0,132.3,0.1393,47.2,0.1339
2026-07-15,7575.51,2026-07-30,15.0,7495.0,128.5,0.1383,48.5,0.1331
2026-07-15,7575.51,2026-07-30,15.0,7500.0,124.9,0.1375,49.85,0.1323
2026-07-15,7575.51,2026-07-30,15.0,7505.0,121.3,0.1367,51.35,0.1316
2026-07-15,7575.51,2026-07-30,15.0,7510.0,117.7,0.1358,52.7,0.1307
2026-07-15,7575.51,2026-07-30,15.0,7515.0,114.3,0.1352,54.1,0.1297
2026-07-15,7575.51,2026-07-30,15.0,7520.0,110.7,0.1341,55.65,0.129
2026-07-15,7575.51,2026-07-30,15.0,7525.0,107.3,0.1334,57.3,0.1283
2026-07-15,7575.51,2026-07-30,15.0,7530.0,103.9,0.1326,58.8,0.1273
2026-07-15,7575.51,2026-07-30,15.0,7535.0,100.5,0.1317,60.45,0.1265
2026-07-15,7575.51,2026-07-30,15.0,7540.0,97.3,0.131,62.1,0.1256
2026-07-15,7575.51,2026-07-30,15.0,7545.0,93.9,0.13,63.9,0.1248
2026-07-15,7575.51,2026-07-30,15.0,7550.0,90.75,0.1293,65.65,0.124
2026-07-15,7575.51,2026-07-30,15.0,7555.0,87.5,0.1283,67.5,0.1231
2026-07-15,7575.51,2026-07-30,15.0,7560.0,84.5,0.1277,69.3,0.1222
2026-07-15,7575.51,2026-07-30,15.0,7565.0,81.45,0.1269,71.35,0.1215
2026-07-15,7575.51,2026-07-30,15.0,7570.0,78.4,0.1261,73.25,0.1205
2026-07-15,7575.51,2026-07-30,15.0,7575.0,75.45,0.1253,75.3,0.1197
2026-07-15,7575.51,2026-07-30,15.0,7580.0,72.6,0.1246,77.55,0.1191
2026-07-15,7575.51,2026-07-30,15.0,7585.0,69.7,0.1237,79.6,0.1181
2026-07-15,7575.51,2026-07-30,15.0,7590.0,67.0,0.1231,81.8,0.1172
2026-07-15,7575.51,2026-07-30,15.0,7595.0,64.25,0.1223,84.1,0.1164
2026-07-15,7575.51,2026-07-30,15.0,7600.0,61.65,0.1216,86.5,0.1157
2026-07-15,7575.51,2026-07-30,15.0,7605.0,58.9,0.1206,88.9,0.1148
2026-07-15,7575.51,2026-07-30,15.0,7610.0,56.45,0.1201,91.3,0.1139
2026-07-15,7575.51,2026-07-30,15.0,7615.0,54.0,0.1194,93.7,0.1128
2026-07-15,7575.51,2026-07-30,15.0,7620.0,51.5,0.1185,96.3,0.112
2026-07-15,7575.51,2026-07-30,15.0,7625.0,49.2,0.1179,98.9,0.1111
2026-07-15,7575.51,2026-07-30,15.0,7630.0,46.85,0.1171,101.7,0.1103
2026-07-15,7575.51,2026-07-30,15.0,7635.0,44.7,0.1165,104.5,0.1095
2026-07-15,7575.51,2026-07-30,15.0,7640.0,42.5,0.1158,107.3,0.1085
2026-07-15,7575.51,2026-07-30,15.0,7645.0,40.45,0.1152,110.25,0.1077
2026-07-15,7575.51,2026-07-30,15.0,7650.0,38.4,0.1145,113.2,0.1067
2026-07-15,7575.51,2026-07-30,15.0,7660.0,34.6,0.1133,119.3,0.1048
2026-07-15,7575.51,2026-07-30,15.0,7670.0,31.0,0.1121,125.9,0.1032
2026-07-15,7575.51,2026-07-30,15.0,7675.0,29.3,0.1115,129.4,0.1026
2026-07-15,7575.51,2026-07-30,15.0,7680.0,27.7,0.111,132.7,0.1014
2026-07-15,7575.51,2026-07-30,15.0,7690.0,24.6,0.1098,139.45,0.0987
2026-07-15,7575.51,2026-07-30,15.0,7700.0,21.8,0.1087,146.8,0.0967
2026-07-15,7575.51,2026-07-30,15.0,7710.0,19.2,0.1077,154.25,0.0937
2026-07-15,7575.51,2026-07-30,15.0,7720.0,16.85,0.1067,161.75,0.0893
2026-07-15,7575.51,2026-07-30,15.0,7725.0,15.8,0.1063,165.75,0.0872
2026-07-15,7575.51,2026-07-30,15.0,7730.0,14.8,0.1059,169.7,0.0837
2026-07-15,7575.51,2026-07-30,15.0,7740.0,12.9,0.1051,178.35,0.0778
2026-07-15,7575.51,2026-07-30,15.0,7750.0,11.15,0.1041,186.0,0.0811
2026-07-15,7575.51,2026-07-30,15.0,7760.0,9.65,0.1034,,
2026-07-15,7575.51,2026-07-30,15.0,7775.0,7.7,0.1024,,
2026-07-15,7575.51,2026-07-30,15.0,7800.0,5.25,0.1011,231.05,0.097
2026-07-15,7575.51,2026-07-30,15.0,7825.0,3.5,0.1001,255.15,0.1047
2026-07-15,7575.51,2026-07-30,15.0,7850.0,2.42,0.1004,,
2026-07-15,7575.51,2026-07-30,15.0,7875.0,1.7,0.1011,,
2026-07-15,7575.51,2026-07-30,15.0,7900.0,1.23,0.1024,,
2026-07-15,7575.51,2026-07-30,15.0,7925.0,0.93,0.1044,,
2026-07-15,7575.51,2026-07-30,15.0,7950.0,0.73,0.1069,,
2026-07-15,7575.51,2026-07-30,15.0,7975.0,0.6,0.1101,,
2026-07-15,7575.51,2026-07-30,15.0,8000.0,0.53,0.1139,,
2026-07-15,7575.51,2026-07-30,15.0,8025.0,0.42,0.1166,,
2026-07-15,7575.51,2026-07-30,15.0,8050.0,0.38,0.1203,,
2026-07-15,7575.51,2026-07-30,15.0,8075.0,0.33,0.1237,,
2026-07-15,7575.51,2026-07-30,15.0,8100.0,0.3,0.1278,,
2026-07-15,7575.51,2026-07-30,15.0,8200.0,0.2,0.1424,,
2026-07-15,7575.51,2026-07-30,15.0,8300.0,0.15,0.1574,,
2026-07-15,7575.51,2026-07-30,15.0,8400.0,0.1,0.1697,,
2026-07-15,7575.51,2026-07-30,15.0,8600.0,0.1,0.2044,,
2026-07-15,7575.51,2026-07-31,16.0,5690.0,1883.5,0.5963,0.57,0.4932
2026-07-15,7575.51,2026-07-31,16.0,5700.0,1872.15,0.5516,0.57,0.4905
2026-07-15,7575.51,2026-07-31,16.0,5710.0,1863.5,0.589,0.6,0.4897
2026-07-15,7575.51,2026-07-31,16.0,5720.0,1852.75,0.5646,0.6,0.487
2026-07-15,7575.51,2026-07-31,16.0,5725.0,1847.6,0.5581,0.6,0.4856
2026-07-15,7575.51,2026-07-31,16.0,5730.0,1843.55,0.5829,0.6,0.4842
2026-07-15,7575.51,2026-07-31,16.0,5740.0,1832.85,0.5604,0.6,0.4814
2026-07-15,7575.51,2026-07-31,16.0,5750.0,1823.4,0.5719,0.62,0.4806
2026-07-15,7575.51,2026-07-31,16.0,5760.0,1813.1,0.5603,0.62,0.4778
2026-07-15,7575.51,2026-07-31,16.0,5770.0,1803.05,0.5553,0.62,0.475
2026-07-15,7575.51,2026-07-31,16.0,5775.0,1797.25,0.5281,0.62,0.4737
2026-07-15,7575.51,2026-07-31,16.0,5780.0,1793.75,0.5697,0.65,0.4741
2026-07-15,7575.51,2026-07-31,16.0,5790.0,1783.8,0.5672,0.65,0.4714
2026-07-15,7575.51,2026-07-31,16.0,5800.0,1773.15,0.5473,0.65,0.4686
2026-07-15,7575.51,2026-07-31,16.0,5810.0,1762.8,0.5337,0.65,0.4658
2026-07-15,7575.51,2026-07-31,16.0,5820.0,1752.35,0.5155,0.68,0.4649
2026-07-15,7575.51,2026-07-31,16.0,5825.0,1747.75,0.5269,0.68,0.4635
2026-07-15,7575.51,2026-07-31,16.0,5830.0,1743.25,0.5393,0.68,0.4621
2026-07-15,7575.51,2026-07-31,16.0,5840.0,1733.25,0.5357,0.7,0.461
2026-07-15,7575.51,2026-07-31,16.0,5850.0,1724.3,0.5568,0.7,0.4583
2026-07-15,7575.51,2026-07-31,16.0,5860.0,1713.35,0.5312,0.7,0.4555
2026-07-15,7575.51,2026-07-31,16.0,5870.0,1702.85,0.5139,0.7,0.4527
2026-07-15,7575.51,2026-07-31,16.0,5875.0,1699.3,0.5478,0.73,0.453
2026-07-15,7575.51,2026-07-31,16.0,5880.0,1693.95,0.5385,0.73,0.4516
2026-07-15,7575.51,2026-07-31,16.0,5890.0,1683.3,0.5193,0.73,0.4489
2026-07-15,7575.51,2026-07-31,16.0,5900.0,1674.8,0.5489,0.75,0.4477
2026-07-15,7575.51,2026-07-31,16.0,5910.0,1664.65,0.5424,0.75,0.4449
2026-07-15,7575.51,2026-07-31,16.0,5920.0,1653.15,0.5048,0.75,0.4422
2026-07-15,7575.51,2026-07-31,16.0,5925.0,1648.35,0.5083,0.75,0.4408
2026-07-15,7575.51,2026-07-31,16.0,5930.0,1644.3,0.5283,0.77,0.4409
2026-07-15,7575.51,2026-07-31,16.0,5940.0,1633.55,0.508,0.77,0.4382
2026-07-15,7575.51,2026-07-31,16.0,5950.0,1623.9,0.5127,0.8,0.4369
2026-07-15,7575.51,2026-07-31,16.0,5960.0,1613.65,0.5034,0.8,0.4341
2026-07-15,7575.51,2026-07-31,16.0,5970.0,1603.05,0.4846,0.8,0.4313
2026-07-15,7575.51,2026-07-31,16.0,5975.0,1599.8,0.5222,0.8,0.43
2026-07-15,7575.51,2026-07-31,16.0,5980.0,1594.8,0.5205,0.82,0.43
2026-07-15,7575.51,2026-07-31,16.0,5990.0,1583.6,0.4918,0.85,0.4286
2026-07-15,7575.51,2026-07-31,16.0,6000.0,1574.2,0.5016,0.85,0.4258
2026-07-15,7575.51,2026-07-31,16.0,6010.0,1563.95,0.4928,0.85,0.4231
2026-07-15,7575.51,2026-07-31,16.0,6020.0,1554.0,0.4904,0.88,0.4216
2026-07-15,7575.51,2026-07-31,16.0,6025.0,1550.05,0.5092,0.88,0.4203
2026-07-15,7575.51,2026-07-31,16.0,6030.0,1544.65,0.5001,0.88,0.4189
2026-07-15,7575.51,2026-07-31,16.0,6040.0,1534.8,0.4994,0.9,0.4174
2026-07-15,7575.51,2026-07-31,16.0,6050.0,1523.95,0.479,0.9,0.4146
2026-07-15,7575.51,2026-07-31,16.0,6060.0,1513.95,0.4755,0.93,0.4131
2026-07-15,7575.51,2026-07-31,16.0,6070.0,1503.75,0.4676,0.93,0.4103
2026-07-15,7575.51,2026-07-31,16.0,6075.0,1500.1,0.4926,0.95,0.4102
2026-07-15,7575.51,2026-07-31,16.0,6080.0,1493.4,0.4559,0.95,0.4088
2026-07-15,7575.51,2026-07-31,16.0,6090.0,1484.05,0.4674,0.95,0.406
2026-07-15,7575.51,2026-07-31,16.0,6100.0,1474.85,0.4795,0.98,0.4044
2026-07-15,7575.51,2026-07-31,16.0,6110.0,1463.4,0.4457,1.0,0.4028
2026-07-15,7575.51,2026-07-31,16.0,6120.0,1455.25,0.4795,1.0,0.4
2026-07-15,7575.51,2026-07-31,16.0,6125.0,1450.05,0.4744,1.0,0.3987
2026-07-15,7575.51,2026-07-31,16.0,6130.0,1443.45,0.4401,1.0,0.3973
2026-07-15,7575.51,2026-07-31,16.0,6140.0,1433.75,0.4437,1.02,0.3956
2026-07-15,7575.51,2026-07-31,16.0,6150.0,1424.95,0.464,1.05,0.3939
2026-07-15,7575.51,2026-07-31,16.0,6160.0,1415.15,0.464,1.05,0.3911
2026-07-15,7575.51,2026-07-31,16.0,6170.0,1404.05,0.4401,1.07,0.3894
2026-07-15,7575.51,2026-07-31,16.0,6175.0,1398.6,0.4285,1.1,0.3891
2026-07-15,7575.51,2026-07-31,16.0,6180.0,1393.65,0.4279,1.1,0.3877
2026-07-15,7575.51,2026-07-31,16.0,6190.0,1384.65,0.445,1.1,0.3849
2026-07-15,7575.51,2026-07-31,16.0,6200.0,1374.75,0.4434,1.12,0.3831
2026-07-15,7575.51,2026-07-31,16.0,6210.0,1364.25,0.4306,1.15,0.3813
2026-07-15,7575.51,2026-07-31,16.0,6220.0,1354.75,0.4366,1.15,0.3785
2026-07-15,7575.51,2026-07-31,16.0,6225.0,1348.5,0.4093,1.15,0.3772
2026-07-15,7575.51,2026-07-31,16.0,6230.0,1345.7,0.4487,1.2,0.3776
2026-07-15,7575.51,2026-07-31,16.0,6240.0,1335.6,0.4438,1.2,0.3749
2026-07-15,7575.51,2026-07-31,16.0,6250.0,1324.25,0.4171,1.2,0.3721
2026-07-15,7575.51,2026-07-31,16.0,6260.0,1315.85,0.4407,1.25,0.3711
2026-07-15,7575.51,2026-07-31,16.0,6270.0,1306.05,0.4401,1.25,0.3683
2026-07-15,7575.51,2026-07-31,16.0,6275.0,1300.6,0.4318,1.25,0.3669
2026-07-15,7575.51,2026-07-31,16.0,6280.0,1295.7,0.4316,1.27,0.3664
2026-07-15,7575.51,2026-07-31,16.0,6290.0,1284.75,0.413,1.3,0.3645
2026-07-15,7575.51,2026-07-31,16.0,6300.0,1275.2,0.4171,1.3,0.3617
2026-07-15,7575.51,2026-07-31,16.0,6310.0,1265.6,0.4199,1.35,0.3605
2026-07-15,7575.51,2026-07-31,16.0,6320.0,1255.25,0.4112,1.35,0.3577
2026-07-15,7575.51,2026-07-31,16.0,6325.0,1249.95,0.4046,1.38,0.3571
2026-07-15,7575.51,2026-07-31,16.0,6330.0,1245.35,0.4094,1.4,0.3565
2026-07-15,7575.51,2026-07-31,16.0,6340.0,1235.2,0.4037,1.4,0.3537
2026-07-15,7575.51,2026-07-31,16.0,6350.0,1225.35,0.4026,1.45,0.3524
2026-07-15,7575.51,2026-07-31,16.0,6360.0,1214.95,0.3929,1.45,0.3496
2026-07-15,7575.51,2026-07-31,16.0,6370.0,1206.2,0.4081,1.5,0.3483
2026-07-15,7575.51,2026-07-31,16.0,6375.0,1201.2,0.4064,1.5,0.3469
2026-07-15,7575.51,2026-07-31,16.0,6380.0,1196.05,0.4027,1.5,0.3455
2026-07-15,7575.51,2026-07-31,16.0,6390.0,1186.5,0.4052,1.55,0.3441
2026-07-15,7575.51,2026-07-31,16.0,6400.0,1175.65,0.3903,1.57,0.342
2026-07-15,7575.51,2026-07-31,16.0,6410.0,1165.65,0.387,1.6,0.3398
2026-07-15,7575.51,2026-07-31,16.0,6420.0,1155.5,0.3815,1.62,0.3377
2026-07-15,7575.51,2026-07-31,16.0,6425.0,1150.85,0.3848,1.65,0.3369
2026-07-15,7575.51,2026-07-31,16.0,6430.0,1146.3,0.3891,1.65,0.3355
2026-07-15,7575.51,2026-07-31,16.0,6440.0,1135.85,0.3797,1.68,0.3333
2026-07-15,7575.51,2026-07-31,16.0,6450.0,1126.6,0.3861,1.73,0.3318
2026-07-15,7575.51,2026-07-31,16.0,6460.0,1115.05,0.3614,1.75,0.3295
2026-07-15,7575.51,2026-07-31,16.0,6470.0,1105.75,0.3684,1.77,0.3273
2026-07-15,7575.51,2026-07-31,16.0,6475.0,1101.8,0.3801,1.8,0.3265
2026-07-15,7575.51,2026-07-31,16.0,6480.0,1097.15,0.3825,1.82,0.3257
2026-07-15,7575.51,2026-07-31,16.0,6490.0,1086.1,0.3664,1.85,0.3234
2026-07-15,7575.51,2026-07-31,16.0,6500.0,1077.15,0.3757,1.88,0.3211
2026-07-15,7575.51,2026-07-31,16.0,6510.0,1066.6,0.3659,1.93,0.3194
2026-07-15,7575.51,2026-07-31,16.0,6520.0,1056.9,0.3661,1.95,0.3171
2026-07-15,7575.51,2026-07-31,16.0,6525.0,1052.1,0.3667,1.97,0.3162
2026-07-15,7575.51,2026-07-31,16.0,6530.0,1046.85,0.3621,2.0,0.3153
2026-07-15,7575.51,2026-07-31,16.0,6540.0,1036.5,0.3547,2.02,0.313
2026-07-15,7575.51,2026-07-31,16.0,6550.0,1026.7,0.3537,2.08,0.3112
2026-07-15,7575.51,2026-07-31,16.0,6560.0,1015.85,0.3399,2.12,0.3093
2026-07-15,7575.51,2026-07-31,16.0,6565.0,1012.2,0.3543,2.15,0.3083
2026-07-15,7575.51,2026-07-31,16.0,6570.0,1006.5,0.3447,2.15,0.3069
2026-07-15,7575.51,2026-07-31,16.0,6575.0,1002.55,0.3546,2.17,0.306
2026-07-15,7575.51,2026-07-31,16.0,6580.0,997.55,0.3529,2.2,0.305
2026-07-15,7575.51,2026-07-31,16.0,6585.0,991.85,0.3437,2.22,0.304
2026-07-15,7575.51,2026-07-31,16.0,6590.0,987.15,0.3453,2.25,0.3031
2026-07-15,7575.51,2026-07-31,16.0,6595.0,981.25,0.3334,2.28,0.3021
2026-07-15,7575.51,2026-07-31,16.0,6600.0,977.65,0.3472,2.3,0.3011
2026-07-15,7575.51,2026-07-31,16.0,6605.0,971.55,0.3336,2.33,0.3001
2026-07-15,7575.51,2026-07-31,16.0,6610.0,966.95,0.3365,2.35,0.2991
2026-07-15,7575.51,2026-07-31,16.0,6615.0,961.4,0.3286,2.38,0.2981
2026-07-15,7575.51,2026-07-31,16.0,6620.0,955.55,0.3163,2.4,0.2971
2026-07-15,7575.51,2026-07-31,16.0,6625.0,951.75,0.3293,2.42,0.2961
2026-07-15,7575.51,2026-07-31,16.0,6630.0,946.55,0.3253,2.42,0.2946
2026-07-15,7575.51,2026-07-31,16.0,6635.0,942.95,0.3383,2.47,0.2941
2026-07-15,7575.51,2026-07-31,16.0,6640.0,937.5,0.3322,2.47,0.2926
2026-07-15,7575.51,2026-07-31,16.0,6645.0,931.25,0.3169,2.53,0.292
2026-07-15,7575.51,2026-07-31,16.0,6650.0,927.4,0.3278,2.55,0.2909
2026-07-15,7575.51,2026-07-31,16.0,6655.0,922.35,0.3256,2.58,0.2899
2026-07-15,7575.51,2026-07-31,16.0,6660.0,916.7,0.3171,2.6,0.2888
2026-07-15,7575.51,2026-07-31,16.0,6665.0,911.3,0.3109,2.62,0.2878
2026-07-15,7575.51,2026-07-31,16.0,6670.0,907.55,0.3226,2.65,0.2867
2026-07-15,7575.51,2026-07-31,16.0,6675.0,903.3,0.3281,2.67,0.2856
2026-07-15,7575.51,2026-07-31,16.0,6680.0,897.65,0.3202,2.72,0.2849
2026-07-15,7575.51,2026-07-31,16.0,6685.0,891.75,0.3094,2.72,0.2835
2026-07-15,7575.51,2026-07-31,16.0,6690.0,887.75,0.3178,2.78,0.2828
2026-07-15,7575.51,2026-07-31,16.0,6695.0,882.55,0.3142,2.8,0.2817
2026-07-15,7575.51,2026-07-31,16.0,6700.0,878.5,0.3214,2.83,0.2806
2026-07-15,7575.51,2026-07-31,16.0,6705.0,873.05,0.3156,2.88,0.2798
2026-07-15,7575.51,2026-07-31,16.0,6710.0,867.45,0.3082,2.88,0.2784
2026-07-15,7575.51,2026-07-31,16.0,6715.0,861.75,0.2995,2.92,0.2776
2026-07-15,7575.51,2026-07-31,16.0,6720.0,857.95,0.3096,3.0,0.2772
2026-07-15,7575.51,2026-07-31,16.0,6725.0,853.65,0.3142,3.0,0.2757
2026-07-15,7575.51,2026-07-31,16.0,6730.0,847.65,0.3035,3.03,0.2746
2026-07-15,7575.51,2026-07-31,16.0,6735.0,842.95,0.3046,3.1,0.2741
2026-07-15,7575.51,2026-07-31,16.0,6740.0,837.15,0.2953,3.1,0.2726
2026-07-15,7575.51,2026-07-31,16.0,6745.0,832.15,0.2936,3.1,0.2711
2026-07-15,7575.51,2026-07-31,16.0,6750.0,828.95,0.3082,3.2,0.271
2026-07-15,7575.51,2026-07-31,16.0,6755.0,823.1,0.2992,3.2,0.2695
2026-07-15,7575.51,2026-07-31,16.0,6760.0,819.05,0.3056,3.25,0.2686
2026-07-15,7575.51,2026-07-31,16.0,6765.0,812.2,0.2875,3.3,0.2678
2026-07-15,7575.51,2026-07-31,16.0,6770.0,809.3,0.3041,3.3,0.2663
2026-07-15,7575.51,2026-07-31,16.0,6775.0,803.35,0.2946,3.4,0.266
2026-07-15,7575.51,2026-07-31,16.0,6780.0,798.85,0.2971,3.4,0.2645
2026-07-15,7575.51,2026-07-31,16.0,6785.0,792.45,0.2833,3.45,0.2636
2026-07-15,7575.51,2026-07-31,16.0,6790.0,788.95,0.2945,3.5,0.2627
2026-07-15,7575.51,2026-07-31,16.0,6795.0,783.55,0.2896,3.5,0.2612
2026-07-15,7575.51,2026-07-31,16.0,6800.0,779.3,0.2939,3.6,0.2609
2026-07-15,7575.51,2026-07-31,16.0,6805.0,772.85,0.2802,3.6,0.2594
2026-07-15,7575.51,2026-07-31,16.0,6810.0,769.45,0.2916,3.7,0.259
2026-07-15,7575.51,2026-07-31,16.0,6815.0,762.95,0.2778,3.7,0.2575
2026-07-15,7575.51,2026-07-31,16.0,6820.0,759.7,0.29,3.8,0.2571
2026-07-15,7575.51,2026-07-31,16.0,6825.0,754.65,0.2879,3.8,0.2556
2026-07-15,7575.51,2026-07-31,16.0,6830.0,748.65,0.2785,3.9,0.2551
2026-07-15,7575.51,2026-07-31,16.0,6835.0,743.65,0.2768,3.9,0.2536
2026-07-15,7575.51,2026-07-31,16.0,6840.0,738.35,0.2727,4.0,0.2531
2026-07-15,7575.51,2026-07-31,16.0,6845.0,732.75,0.266,4.0,0.2516
2026-07-15,7575.51,2026-07-31,16.0,6850.0,728.35,0.2694,4.1,0.2511
2026-07-15,7575.51,2026-07-31,16.0,6855.0,723.95,0.2724,4.1,0.2496
2026-07-15,7575.51,2026-07-31,16.0,6860.0,719.75,0.2766,4.2,0.249
2026-07-15,7575.51,2026-07-31,16.0,6865.0,714.45,0.2727,4.2,0.2475
2026-07-15,7575.51,2026-07-31,16.0,6870.0,710.55,0.2787,4.3,0.247
2026-07-15,7575.51,2026-07-31,16.0,6875.0,705.4,0.276,4.3,0.2454
2026-07-15,7575.51,2026-07-31,16.0,6880.0,700.45,0.2746,4.4,0.2448
2026-07-15,7575.51,2026-07-31,16.0,6885.0,695.25,0.2715,4.5,0.2442
2026-07-15,7575.51,2026-07-31,16.0,6890.0,689.75,0.2663,4.5,0.2427
2026-07-15,7575.51,2026-07-31,16.0,6895.0,684.15,0.2603,4.6,0.242
2026-07-15,7575.51,2026-07-31,16.0,6900.0,679.05,0.2579,4.6,0.2405
2026-07-15,7575.51,2026-07-31,16.0,6905.0,674.65,0.2605,4.7,0.2398
2026-07-15,7575.51,2026-07-31,16.0,6910.0,669.9,0.2605,4.8,0.2391
2026-07-15,7575.51,2026-07-31,16.0,6915.0,664.8,0.2581,4.85,0.238
2026-07-15,7575.51,2026-07-31,16.0,6920.0,660.85,0.2632,4.9,0.2369
2026-07-15,7575.51,2026-07-31,16.0,6925.0,654.45,0.2522,5.0,0.2361
2026-07-15,7575.51,2026-07-31,16.0,6930.0,650.35,0.2565,5.1,0.2354
2026-07-15,7575.51,2026-07-31,16.0,6935.0,645.95,0.2586,5.1,0.2338
2026-07-15,7575.51,2026-07-31,16.0,6940.0,639.85,0.2498,5.2,0.2331
2026-07-15,7575.51,2026-07-31,16.0,6945.0,634.95,0.2487,5.3,0.2323
2026-07-15,7575.51,2026-07-31,16.0,6950.0,631.65,0.2575,5.35,0.2311
2026-07-15,7575.51,2026-07-31,16.0,6955.0,625.6,0.2494,5.45,0.2303
2026-07-15,7575.51,2026-07-31,16.0,6960.0,620.9,0.2495,5.5,0.2291
2026-07-15,7575.51,2026-07-31,16.0,6965.0,616.15,0.2493,5.6,0.2282
2026-07-15,7575.51,2026-07-31,16.0,6970.0,611.45,0.2493,5.7,0.2274
2026-07-15,7575.51,2026-07-31,16.0,6975.0,606.05,0.2452,5.8,0.2265
2026-07-15,7575.51,2026-07-31,16.0,6980.0,600.95,0.2428,5.9,0.2256
2026-07-15,7575.51,2026-07-31,16.0,6985.0,595.4,0.2377,6.0,0.2247
2026-07-15,7575.51,2026-07-31,16.0,6990.0,592.45,0.2478,6.1,0.2238
2026-07-15,7575.51,2026-07-31,16.0,6995.0,586.65,0.2416,6.2,0.2229
2026-07-15,7575.51,2026-07-31,16.0,7000.0,581.75,0.2404,6.25,0.2216
2026-07-15,7575.51,2026-07-31,16.0,7005.0,577.3,0.2417,6.4,0.221
2026-07-15,7575.51,2026-07-31,16.0,7010.0,571.95,0.238,6.5,0.22
2026-07-15,7575.51,2026-07-31,16.0,7015.0,567.55,0.2394,6.6,0.219
2026-07-15,7575.51,2026-07-31,16.0,7020.0,561.9,0.2341,6.7,0.218
2026-07-15,7575.51,2026-07-31,16.0,7025.0,557.75,0.2369,6.8,0.217
2026-07-15,7575.51,2026-07-31,16.0,7030.0,551.75,0.2298,6.9,0.216
2026-07-15,7575.51,2026-07-31,16.0,7035.0,547.65,0.2327,7.0,0.215
2026-07-15,7575.51,2026-07-31,16.0,7040.0,542.75,0.2314,7.15,0.2142
2026-07-15,7575.51,2026-07-31,16.0,7045.0,537.35,0.2276,7.3,0.2135
2026-07-15,7575.51,2026-07-31,16.0,7050.0,533.25,0.2303,7.4,0.2124
2026-07-15,7575.51,2026-07-31,16.0,7055.0,527.65,0.2255,7.55,0.2116
2026-07-15,7575.51,2026-07-31,16.0,7060.0,522.95,0.2252,7.7,0.2108
2026-07-15,7575.51,2026-07-31,16.0,7065.0,517.75,0.2224,7.85,0.2099
2026-07-15,7575.51,2026-07-31,16.0,7070.0,513.85,0.2259,7.95,0.2088
2026-07-15,7575.51,2026-07-31,16.0,7075.0,508.15,0.2208,8.1,0.2079
2026-07-15,7575.51,2026-07-31,16.0,7080.0,504.25,0.2241,8.25,0.207
2026-07-15,7575.51,2026-07-31,16.0,7085.0,499.2,0.222,8.4,0.2061
2026-07-15,7575.51,2026-07-31,16.0,7090.0,494.65,0.2222,8.55,0.2052
2026-07-15,7575.51,2026-07-31,16.0,7095.0,489.3,0.2188,8.75,0.2045
2026-07-15,7575.51,2026-07-31,16.0,7100.0,484.05,0.2158,8.9,0.2036
2026-07-15,7575.51,2026-07-31,16.0,7105.0,479.75,0.2171,9.05,0.2026
2026-07-15,7575.51,2026-07-31,16.0,7110.0,475.35,0.2178,9.25,0.2018
2026-07-15,7575.51,2026-07-31,16.0,7115.0,469.55,0.2125,9.4,0.2008
2026-07-15,7575.51,2026-07-31,16.0,7120.0,464.75,0.2115,9.55,0.1998
2026-07-15,7575.51,2026-07-31,16.0,7125.0,460.85,0.2143,9.75,0.199
2026-07-15,7575.51,2026-07-31,16.0,7130.0,454.55,0.2069,9.95,0.1981
2026-07-15,7575.51,2026-07-31,16.0,7135.0,449.8,0.2061,10.15,0.1973
2026-07-15,7575.51,2026-07-31,16.0,7140.0,446.15,0.2098,10.35,0.1964
2026-07-15,7575.51,2026-07-31,16.0,7145.0,441.15,0.2079,10.55,0.1955
2026-07-15,7575.51,2026-07-31,16.0,7150.0,436.1,0.2058,10.75,0.1946
2026-07-15,7575.51,2026-07-31,16.0,7155.0,432.95,0.211,10.95,0.1936
2026-07-15,7575.51,2026-07-31,16.0,7160.0,427.25,0.2064,11.2,0.1929
2026-07-15,7575.51,2026-07-31,16.0,7165.0,422.7,0.2061,11.45,0.1921
2026-07-15,7575.51,2026-07-31,16.0,7170.0,418.2,0.206,11.65,0.1911
2026-07-15,7575.51,2026-07-31,16.0,7175.0,413.05,0.2035,11.9,0.1903
2026-07-15,7575.51,2026-07-31,16.0,7180.0,408.05,0.2016,12.15,0.1894
2026-07-15,7575.51,2026-07-31,16.0,7185.0,403.85,0.2025,12.4,0.1886
2026-07-15,7575.51,2026-07-31,16.0,7190.0,398.85,0.2005,12.65,0.1877
2026-07-15,7575.51,2026-07-31,16.0,7195.0,392.95,0.1953,12.95,0.1869
2026-07-15,7575.51,2026-07-31,16.0,7200.0,389.65,0.1992,13.2,0.186
2026-07-15,7575.51,2026-07-31,16.0,7205.0,385.0,0.1984,13.45,0.185
2026-07-15,7575.51,2026-07-31,16.0,7210.0,380.25,0.1972,13.75,0.1842
2026-07-15,7575.51,2026-07-31,16.0,7215.0,375.55,0.1962,14.05,0.1834
2026-07-15,7575.51,2026-07-31,16.0,7220.0,370.75,0.1948,14.35,0.1825
2026-07-15,7575.51,2026-07-31,16.0,7225.0,366.35,0.1947,14.7,0.1818
2026-07-15,7575.51,2026-07-31,16.0,7230.0,361.65,0.1936,14.95,0.1807
2026-07-15,7575.51,2026-07-31,16.0,7235.0,356.6,0.1914,15.35,0.1801
2026-07-15,7575.51,2026-07-31,16.0,7240.0,352.3,0.1915,15.65,0.1791
2026-07-15,7575.51,2026-07-31,16.0,7245.0,347.65,0.1904,16.0,0.1783
2026-07-15,7575.51,2026-07-31,16.0,7250.0,343.0,0.1894,16.4,0.1776
2026-07-15,7575.51,2026-07-31,16.0,7255.0,338.45,0.1886,16.75,0.1767
2026-07-15,7575.51,2026-07-31,16.0,7260.0,333.85,0.1877,17.15,0.176
2026-07-15,7575.51,2026-07-31,16.0,7265.0,329.25,0.1867,17.55,0.1752
2026-07-15,7575.51,2026-07-31,16.0,7270.0,324.65,0.1857,17.9,0.1742
2026-07-15,7575.51,2026-07-31,16.0,7275.0,319.85,0.1841,18.3,0.1733
2026-07-15,7575.51,2026-07-31,16.0,7280.0,315.5,0.1837,18.75,0.1726
2026-07-15,7575.51,2026-07-31,16.0,7285.0,310.8,0.1824,19.2,0.1718
2026-07-15,7575.51,2026-07-31,16.0,7290.0,306.35,0.1817,19.6,0.1709
2026-07-15,7575.51,2026-07-31,16.0,7295.0,301.9,0.1809,20.05,0.17
2026-07-15,7575.51,2026-07-31,16.0,7300.0,297.35,0.1799,20.55,0.1693
2026-07-15,7575.51,2026-07-31,16.0,7305.0,292.9,0.1791,21.0,0.1684
2026-07-15,7575.51,2026-07-31,16.0,7310.0,288.4,0.1781,21.45,0.1674
2026-07-15,7575.51,2026-07-31,16.0,7315.0,283.9,0.1772,21.95,0.1666
2026-07-15,7575.51,2026-07-31,16.0,7320.0,279.4,0.1761,22.5,0.1659
2026-07-15,7575.51,2026-07-31,16.0,7325.0,274.95,0.1752,23.05,0.1651
2026-07-15,7575.51,2026-07-31,16.0,7330.0,270.5,0.1742,23.6,0.1643
2026-07-15,7575.51,2026-07-31,16.0,7335.0,266.05,0.1732,24.2,0.1635
2026-07-15,7575.51,2026-07-31,16.0,7340.0,261.6,0.1722,24.75,0.1626
2026-07-15,7575.51,2026-07-31,16.0,7345.0,257.05,0.1709,25.3,0.1617
2026-07-15,7575.51,2026-07-31,16.0,7350.0,252.9,0.1705,25.95,0.161
2026-07-15,7575.51,2026-07-31,16.0,7355.0,248.6,0.1697,26.6,0.1602
2026-07-15,7575.51,2026-07-31,16.0,7360.0,244.05,0.1684,27.2,0.1593
2026-07-15,7575.51,2026-07-31,16.0,7365.0,239.65,0.1673,27.85,0.1584
2026-07-15,7575.51,2026-07-31,16.0,7370.0,235.35,0.1664,28.55,0.1577
2026-07-15,7575.51,2026-07-31,16.0,7375.0,231.3,0.166,29.35,0.1571
2026-07-15,7575.51,2026-07-31,16.0,7380.0,226.9,0.1648,29.95,0.156
2026-07-15,7575.51,2026-07-31,16.0,7385.0,222.7,0.164,30.7,0.1552
2026-07-15,7575.51,2026-07-31,16.0,7390.0,218.65,0.1635,31.55,0.1546
2026-07-15,7575.51,2026-07-31,16.0,7395.0,214.25,0.1622,32.2,0.1535
2026-07-15,7575.51,2026-07-31,16.0,7400.0,210.05,0.1613,33.1,0.1529
2026-07-15,7575.51,2026-07-31,16.0,7405.0,205.85,0.1603,34.0,0.1522
2026-07-15,7575.51,2026-07-31,16.0,7410.0,201.75,0.1595,34.7,0.1511
2026-07-15,7575.51,2026-07-31,16.0,7415.0,197.6,0.1586,35.6,0.1503
2026-07-15,7575.51,2026-07-31,16.0,7420.0,193.7,0.1581,36.5,0.1495
2026-07-15,7575.51,2026-07-31,16.0,7425.0,189.4,0.1567,37.45,0.1488
2026-07-15,7575.51,2026-07-31,16.0,7430.0,185.4,0.1559,38.35,0.1479
2026-07-15,7575.51,2026-07-31,16.0,7435.0,181.65,0.1556,39.3,0.147
2026-07-15,7575.51,2026-07-31,16.0,7440.0,177.65,0.1547,40.3,0.1462
2026-07-15,7575.51,2026-07-31,16.0,7445.0,173.6,0.1537,41.25,0.1453
2026-07-15,7575.51,2026-07-31,16.0,7450.0,169.7,0.1529,42.4,0.1447
2026-07-15,7575.51,2026-07-31,16.0,7455.0,165.05,0.1507,43.45,0.1438
2026-07-15,7575.51,2026-07-31,16.0,7460.0,161.8,0.1509,44.6,0.143
2026-07-15,7575.51,2026-07-31,16.0,7465.0,157.9,0.15,45.7,0.1422
2026-07-15,7575.51,2026-07-31,16.0,7470.0,154.1,0.1492,46.9,0.1414
2026-07-15,7575.51,2026-07-31,16.0,7475.0,150.3,0.1483,48.1,0.1406
2026-07-15,7575.51,2026-07-31,16.0,7480.0,146.5,0.1474,49.3,0.1397
2026-07-15,7575.51,2026-07-31,16.0,7485.0,142.9,0.1467,50.5,0.1388
2026-07-15,7575.51,2026-07-31,16.0,7490.0,139.1,0.1457,51.8,0.138
2026-07-15,7575.51,2026-07-31,16.0,7495.0,135.5,0.1449,53.1,0.1371
2026-07-15,7575.51,2026-07-31,16.0,7500.0,131.9,0.1441,54.55,0.1364
2026-07-15,7575.51,2026-07-31,16.0,7505.0,128.3,0.1433,55.9,0.1355
2026-07-15,7575.51,2026-07-31,16.0,7510.0,124.7,0.1423,57.3,0.1346
2026-07-15,7575.51,2026-07-31,16.0,7515.0,121.1,0.1413,58.8,0.1338
2026-07-15,7575.51,2026-07-31,16.0,7520.0,117.7,0.1406,60.3,0.1329
2026-07-15,7575.51,2026-07-31,16.0,7525.0,114.3,0.1398,61.9,0.1321
2026-07-15,7575.51,2026-07-31,16.0,7530.0,110.9,0.139,63.5,0.1313
2026-07-15,7575.51,2026-07-31,16.0,7535.0,107.5,0.1381,65.05,0.1303
2026-07-15,7575.51,2026-07-31,16.0,7540.0,104.2,0.1373,66.8,0.1296
2026-07-15,7575.51,2026-07-31,16.0,7545.0,101.1,0.1367,68.5,0.1287
2026-07-15,7575.51,2026-07-31,16.0,7550.0,97.7,0.1356,70.25,0.1278
2026-07-15,7575.51,2026-07-31,16.0,7555.0,94.5,0.1347,72.05,0.1269
2026-07-15,7575.51,2026-07-31,16.0,7560.0,91.5,0.1341,73.9,0.1261
2026-07-15,7575.51,2026-07-31,16.0,7565.0,88.3,0.1331,75.9,0.1254
2026-07-15,7575.51,2026-07-31,16.0,7570.0,85.3,0.1324,77.9,0.1246
2026-07-15,7575.51,2026-07-31,16.0,7575.0,82.35,0.1316,79.85,0.1236
2026-07-15,7575.51,2026-07-31,16.0,7580.0,79.45,0.1309,81.9,0.1227
2026-07-15,7575.51,2026-07-31,16.0,7585.0,76.5,0.13,84.0,0.1219
2026-07-15,7575.51,2026-07-31,16.0,7590.0,73.7,0.1293,86.15,0.121
2026-07-15,7575.51,2026-07-31,16.0,7595.0,70.9,0.1284,88.4,0.1201
2026-07-15,7575.51,2026-07-31,16.0,7600.0,68.2,0.1277,90.65,0.1192
2026-07-15,7575.51,2026-07-31,16.0,7605.0,65.6,0.127,93.0,0.1184
2026-07-15,7575.51,2026-07-31,16.0,7610.0,63.0,0.1263,95.4,0.1175
2026-07-15,7575.51,2026-07-31,16.0,7615.0,60.45,0.1255,97.9,0.1167
2026-07-15,7575.51,2026-07-31,16.0,7620.0,58.0,0.1249,100.3,0.1157
2026-07-15,7575.51,2026-07-31,16.0,7625.0,55.5,0.124,102.9,0.1148
2026-07-15,7575.51,2026-07-31,16.0,7630.0,53.2,0.1234,105.5,0.1139
2026-07-15,7575.51,2026-07-31,16.0,7635.0,50.85,0.1226,108.3,0.1132
2026-07-15,7575.51,2026-07-31,16.0,7640.0,48.6,0.1219,110.9,0.112
2026-07-15,7575.51,2026-07-31,16.0,7645.0,46.4,0.1212,113.7,0.111
2026-07-15,7575.51,2026-07-31,16.0,7650.0,44.3,0.1206,116.7,0.1103
2026-07-15,7575.51,2026-07-31,16.0,7655.0,42.2,0.1198,119.5,0.1091
2026-07-15,7575.51,2026-07-31,16.0,7660.0,40.3,0.1194,122.5,0.1081
2026-07-15,7575.51,2026-07-31,16.0,7665.0,38.25,0.1185,125.6,0.1072
2026-07-15,7575.51,2026-07-31,16.0,7670.0,36.45,0.118,128.7,0.1062
2026-07-15,7575.51,2026-07-31,16.0,7675.0,34.65,0.1174,132.15,0.1056
2026-07-15,7575.51,2026-07-31,16.0,7680.0,32.9,0.1168,135.05,0.1039
2026-07-15,7575.51,2026-07-31,16.0,7685.0,31.2,0.1162,138.45,0.1029
2026-07-15,7575.51,2026-07-31,16.0,7690.0,29.6,0.1157,141.8,0.1017
2026-07-15,7575.51,2026-07-31,16.0,7695.0,28.0,0.1151,145.25,0.1005
2026-07-15,7575.51,2026-07-31,16.0,7700.0,26.5,0.1145,148.7,0.0991
2026-07-15,7575.51,2026-07-31,16.0,7705.0,25.0,0.1139,152.3,0.0979
2026-07-15,7575.51,2026-07-31,16.0,7710.0,23.6,0.1133,155.75,0.0959
2026-07-15,7575.51,2026-07-31,16.0,7715.0,22.3,0.1129,159.45,0.0942
2026-07-15,7575.51,2026-07-31,16.0,7720.0,21.0,0.1123,163.3,0.0928
2026-07-15,7575.51,2026-07-31,16.0,7725.0,19.8,0.1119,167.05,0.0905
2026-07-15,7575.51,2026-07-31,16.0,7730.0,18.6,0.1113,170.75,0.0873
2026-07-15,7575.51,2026-07-31,16.0,7735.0,17.55,0.111,174.6,0.0833
2026-07-15,7575.51,2026-07-31,16.0,7740.0,16.45,0.1104,178.6,0.0766
2026-07-15,7575.51,2026-07-31,16.0,7745.0,15.4,0.1099,182.65,0.0782
2026-07-15,7575.51,2026-07-31,16.0,7750.0,14.5,0.1096,186.55,0.0797
2026-07-15,7575.51,2026-07-31,16.0,7755.0,13.6,0.1092,,
2026-07-15,7575.51,2026-07-31,16.0,7760.0,12.75,0.1089,,
2026-07-15,7575.51,2026-07-31,16.0,7765.0,11.95,0.1085,,
2026-07-15,7575.51,2026-07-31,16.0,7770.0,11.15,0.1081,,
2026-07-15,7575.51,2026-07-31,16.0,7775.0,10.4,0.1077,,
2026-07-15,7575.51,2026-07-31,16.0,7780.0,9.75,0.1075,,
2026-07-15,7575.51,2026-07-31,16.0,7785.0,9.05,0.107,,
2026-07-15,7575.51,2026-07-31,16.0,7790.0,8.45,0.1067,,
2026-07-15,7575.51,2026-07-31,16.0,7795.0,7.8,0.1061,,
2026-07-15,7575.51,2026-07-31,16.0,7800.0,7.3,0.106,,
2026-07-15,7575.51,2026-07-31,16.0,7810.0,6.35,0.1056,240.85,0.0983
2026-07-15,7575.51,2026-07-31,16.0,7820.0,5.5,0.1052,,
2026-07-15,7575.51,2026-07-31,16.0,7825.0,5.1,0.105,254.55,0.1028
2026-07-15,7575.51,2026-07-31,16.0,7830.0,4.7,0.1046,,
2026-07-15,7575.51,2026-07-31,16.0,7840.0,4.1,0.1046,,
2026-07-15,7575.51,2026-07-31,16.0,7850.0,3.6,0.1047,,
2026-07-15,7575.51,2026-07-31,16.0,7860.0,3.1,0.1045,,
2026-07-15,7575.51,2026-07-31,16.0,7870.0,2.67,0.1044,,
2026-07-15,7575.51,2026-07-31,16.0,7875.0,2.53,0.1047,,
2026-07-15,7575.51,2026-07-31,16.0,7880.0,2.38,0.1049,,
2026-07-15,7575.51,2026-07-31,16.0,7890.0,2.08,0.1051,,
2026-07-15,7575.51,2026-07-31,16.0,7900.0,1.82,0.1054,,
2026-07-15,7575.51,2026-07-31,16.0,7910.0,1.6,0.1057,,
2026-07-15,7575.51,2026-07-31,16.0,7920.0,1.43,0.1063,,
2026-07-15,7575.51,2026-07-31,16.0,7925.0,1.35,0.1067,,
2026-07-15,7575.51,2026-07-31,16.0,7930.0,1.27,0.107,,
2026-07-15,7575.51,2026-07-31,16.0,7940.0,1.15,0.1078,,
2026-07-15,7575.51,2026-07-31,16.0,7950.0,1.05,0.1088,,
2026-07-15,7575.51,2026-07-31,16.0,7960.0,0.95,0.1096,,
2026-07-15,7575.51,2026-07-31,16.0,7970.0,0.88,0.1107,,
2026-07-15,7575.51,2026-07-31,16.0,7975.0,0.85,0.1114,,
2026-07-15,7575.51,2026-07-31,16.0,7980.0,0.8,0.1117,,
2026-07-15,7575.51,2026-07-31,16.0,7990.0,0.75,0.113,,
2026-07-15,7575.51,2026-07-31,16.0,8000.0,0.7,0.1142,,
2026-07-15,7575.51,2026-07-31,16.0,8010.0,0.65,0.1154,,
2026-07-15,7575.51,2026-07-31,16.0,8020.0,0.6,0.1164,,
2026-07-15,7575.51,2026-07-31,16.0,8025.0,0.6,0.1175,,
2026-07-15,7575.51,2026-07-31,16.0,8030.0,0.55,0.1174,,
2026-07-15,7575.51,2026-07-31,16.0,8040.0,0.55,0.1195,,
2026-07-15,7575.51,2026-07-31,16.0,8050.0,0.5,0.1203,,
2026-07-15,7575.51,2026-07-31,16.0,8060.0,0.5,0.1225,,
2026-07-15,7575.51,2026-07-31,16.0,8070.0,0.45,0.1231,,
2026-07-15,7575.51,2026-07-31,16.0,8075.0,0.45,0.1241,,
2026-07-15,7575.51,2026-07-31,16.0,8080.0,0.45,0.1252,,
2026-07-15,7575.51,2026-07-31,16.0,8090.0,0.4,0.1256,,
2026-07-15,7575.51,2026-07-31,16.0,8100.0,0.4,0.1276,,
2026-07-15,7575.51,2026-07-31,16.0,8125.0,0.35,0.1308,,
2026-07-15,7575.51,2026-07-31,16.0,8150.0,0.3,0.1336,,
2026-07-15,7575.51,2026-07-31,16.0,8175.0,0.3,0.1386,,
2026-07-15,7575.51,2026-07-31,16.0,8200.0,0.25,0.1408,,
2026-07-15,7575.51,2026-07-31,16.0,8225.0,0.25,0.1456,,
2026-07-15,7575.51,2026-07-31,16.0,8250.0,0.2,0.1471,,
2026-07-15,7575.51,2026-07-31,16.0,8275.0,0.2,0.1518,,
2026-07-15,7575.51,2026-07-31,16.0,8300.0,0.17,0.1544,,
2026-07-15,7575.51,2026-07-31,16.0,8325.0,0.15,0.1567,,
2026-07-15,7575.51,2026-07-31,16.0,8350.0,0.15,0.1612,,
2026-07-15,7575.51,2026-07-31,16.0,8375.0,0.15,0.1657,,
2026-07-15,7575.51,2026-07-31,16.0,8400.0,0.12,0.1674,,
2026-07-15,7575.51,2026-07-31,16.0,8425.0,0.12,0.1717,,
2026-07-15,7575.51,2026-07-31,16.0,8450.0,0.1,0.1727,,
2026-07-15,7575.51,2026-07-31,16.0,8475.0,0.1,0.1769,,
2026-07-15,7575.51,2026-07-31,16.0,8500.0,0.1,0.1811,,
2026-07-15,7575.51,2026-07-31,16.0,8525.0,0.1,0.1853,,
2026-07-15,7575.51,2026-07-31,16.0,8550.0,0.1,0.1895,,
2026-07-15,7575.51,2026-07-31,16.0,8600.0,0.1,0.1978,,
2026-07-15,7575.51,2026-07-31,16.0,8700.0,0.1,0.2141,,
2026-07-15,7575.51,2026-08-03,19.0,5800.0,1773.25,0.4469,0.77,0.4382
2026-07-15,7575.51,2026-08-03,19.0,5900.0,1675.3,0.4794,0.9,0.4192
2026-07-15,7575.51,2026-08-03,19.0,6000.0,1574.55,0.4279,1.02,0.3993
2026-07-15,7575.51,2026-08-03,19.0,6100.0,1475.4,0.4167,1.2,0.3804
2026-07-15,7575.51,2026-08-03,19.0,6200.0,1375.15,0.3794,1.38,0.3604
2026-07-15,7575.51,2026-08-03,19.0,6300.0,1276.7,0.3776,1.62,0.3415
2026-07-15,7575.51,2026-08-03,19.0,6400.0,1176.8,0.3481,1.93,0.3224
2026-07-15,7575.51,2026-08-03,19.0,6425.0,1151.05,0.3282,2.02,0.318
2026-07-15,7575.51,2026-08-03,19.0,6450.0,1127.5,0.3425,2.12,0.3134
2026-07-15,7575.51,2026-08-03,19.0,6475.0,1102.15,0.3301,2.22,0.3087
2026-07-15,7575.51,2026-08-03,19.0,6500.0,1077.35,0.3251,2.33,0.3038
2026-07-15,7575.51,2026-08-03,19.0,6525.0,1051.45,0.3046,2.42,0.2989
2026-07-15,7575.51,2026-08-03,19.0,6550.0,1027.2,0.3079,2.53,0.2939
2026-07-15,7575.51,2026-08-03,19.0,6575.0,1002.35,0.3023,2.67,0.2895
2026-07-15,7575.51,2026-08-03,19.0,6600.0,978.3,0.3059,2.83,0.285
2026-07-15,7575.51,2026-08-03,19.0,6625.0,952.8,0.2926,3.0,0.2807
2026-07-15,7575.51,2026-08-03,19.0,6650.0,927.95,0.2868,3.1,0.2753
2026-07-15,7575.51,2026-08-03,19.0,6675.0,902.65,0.2758,3.3,0.271
2026-07-15,7575.51,2026-08-03,19.0,6700.0,878.95,0.2819,3.5,0.2665
2026-07-15,7575.51,2026-08-03,19.0,6725.0,853.85,0.2733,3.7,0.2619
2026-07-15,7575.51,2026-08-03,19.0,6750.0,829.35,0.2702,3.9,0.2571
2026-07-15,7575.51,2026-08-03,19.0,6775.0,805.15,0.2693,4.1,0.2521
2026-07-15,7575.51,2026-08-03,19.0,6800.0,780.05,0.2607,4.3,0.247
2026-07-15,7575.51,2026-08-03,19.0,6825.0,755.8,0.2586,4.6,0.2427
2026-07-15,7575.51,2026-08-03,19.0,6850.0,729.75,0.2429,4.9,0.2381
2026-07-15,7575.51,2026-08-03,19.0,6875.0,706.75,0.2494,5.2,0.2334
2026-07-15,7575.51,2026-08-03,19.0,6900.0,681.55,0.2402,5.6,0.2291
2026-07-15,7575.51,2026-08-03,19.0,6925.0,656.65,0.2329,6.0,0.2246
2026-07-15,7575.51,2026-08-03,19.0,6950.0,632.15,0.2281,6.45,0.2202
2026-07-15,7575.51,2026-08-03,19.0,6975.0,607.15,0.2201,6.95,0.2159
2026-07-15,7575.51,2026-08-03,19.0,7000.0,582.85,0.2161,7.45,0.2112
2026-07-15,7575.51,2026-08-03,19.0,7025.0,559.05,0.2142,8.1,0.2071
2026-07-15,7575.51,2026-08-03,19.0,7050.0,535.05,0.2107,8.8,0.2028
2026-07-15,7575.51,2026-08-03,19.0,7075.0,510.45,0.2041,9.55,0.1985
2026-07-15,7575.51,2026-08-03,19.0,7100.0,486.75,0.2012,10.45,0.1944
2026-07-15,7575.51,2026-08-03,19.0,7125.0,462.15,0.1942,11.45,0.1904
2026-07-15,7575.51,2026-08-03,19.0,7150.0,439.35,0.1936,12.55,0.1862
2026-07-15,7575.51,2026-08-03,19.0,7160.0,428.7,0.1877,13.05,0.1846
2026-07-15,7575.51,2026-08-03,19.0,7170.0,418.85,0.1847,13.55,0.183
2026-07-15,7575.51,2026-08-03,19.0,7175.0,414.85,0.1864,13.85,0.1823
2026-07-15,7575.51,2026-08-03,19.0,7180.0,410.7,0.1874,14.15,0.1816
2026-07-15,7575.51,2026-08-03,19.0,7190.0,401.2,0.1854,14.7,0.18
2026-07-15,7575.51,2026-08-03,19.0,7200.0,392.3,0.1852,15.25,0.1782
2026-07-15,7575.51,2026-08-03,19.0,7210.0,383.3,0.1845,15.9,0.1767
2026-07-15,7575.51,2026-08-03,19.0,7220.0,373.95,0.1826,16.55,0.1751
2026-07-15,7575.51,2026-08-03,19.0,7225.0,369.35,0.1819,16.9,0.1744
2026-07-15,7575.51,2026-08-03,19.0,7230.0,364.75,0.1811,17.25,0.1736
2026-07-15,7575.51,2026-08-03,19.0,7240.0,355.5,0.1794,18.0,0.1721
2026-07-15,7575.51,2026-08-03,19.0,7250.0,346.25,0.1776,18.75,0.1705
2026-07-15,7575.51,2026-08-03,19.0,7260.0,337.15,0.176,19.55,0.1689
2026-07-15,7575.51,2026-08-03,19.0,7270.0,327.8,0.1738,20.4,0.1673
2026-07-15,7575.51,2026-08-03,19.0,7275.0,323.4,0.1733,20.8,0.1665
2026-07-15,7575.51,2026-08-03,19.0,7280.0,318.9,0.1725,21.25,0.1657
2026-07-15,7575.51,2026-08-03,19.0,7290.0,309.85,0.1708,22.25,0.1643
2026-07-15,7575.51,2026-08-03,19.0,7300.0,300.95,0.1693,23.2,0.1627
2026-07-15,7575.51,2026-08-03,19.0,7310.0,291.8,0.1672,24.3,0.1613
2026-07-15,7575.51,2026-08-03,19.0,7320.0,283.15,0.1661,25.3,0.1595
2026-07-15,7575.51,2026-08-03,19.0,7325.0,278.45,0.1646,25.9,0.1588
2026-07-15,7575.51,2026-08-03,19.0,7330.0,274.3,0.1644,26.5,0.1581
2026-07-15,7575.51,2026-08-03,19.0,7340.0,265.3,0.1622,27.7,0.1566
2026-07-15,7575.51,2026-08-03,19.0,7350.0,256.6,0.1606,29.0,0.1551
2026-07-15,7575.51,2026-08-03,19.0,7360.0,248.2,0.1594,30.3,0.1535
2026-07-15,7575.51,2026-08-03,19.0,7370.0,239.35,0.1573,31.7,0.152
2026-07-15,7575.51,2026-08-03,19.0,7375.0,235.5,0.1572,32.5,0.1513
2026-07-15,7575.51,2026-08-03,19.0,7380.0,231.15,0.1562,33.2,0.1505
2026-07-15,7575.51,2026-08-03,19.0,7385.0,227.0,0.1555,34.0,0.1498
2026-07-15,7575.51,2026-08-03,19.0,7390.0,222.75,0.1546,34.8,0.149
2026-07-15,7575.51,2026-08-03,19.0,7395.0,218.7,0.1541,35.65,0.1483
2026-07-15,7575.51,2026-08-03,19.0,7400.0,214.45,0.1531,36.55,0.1477
2026-07-15,7575.51,2026-08-03,19.0,7405.0,210.35,0.1524,37.25,0.1466
2026-07-15,7575.51,2026-08-03,19.0,7410.0,206.25,0.1516,38.2,0.146
2026-07-15,7575.51,2026-08-03,19.0,7415.0,202.0,0.1505,39.1,0.1453
2026-07-15,7575.51,2026-08-03,19.0,7420.0,197.95,0.1497,40.1,0.1446
2026-07-15,7575.51,2026-08-03,19.0,7425.0,194.1,0.1493,41.0,0.1438
2026-07-15,7575.51,2026-08-03,19.0,7430.0,190.15,0.1486,42.0,0.1431
2026-07-15,7575.51,2026-08-03,19.0,7435.0,185.75,0.1471,42.85,0.1421
2026-07-15,7575.51,2026-08-03,19.0,7440.0,182.1,0.1469,44.0,0.1415
2026-07-15,7575.51,2026-08-03,19.0,7445.0,178.2,0.1462,45.1,0.1409
2026-07-15,7575.51,2026-08-03,19.0,7450.0,173.65,0.1443,46.1,0.14
2026-07-15,7575.51,2026-08-03,19.0,7455.0,170.15,0.1442,47.2,0.1392
2026-07-15,7575.51,2026-08-03,19.0,7460.0,166.3,0.1434,48.3,0.1384
2026-07-15,7575.51,2026-08-03,19.0,7465.0,162.5,0.1427,49.45,0.1376
2026-07-15,7575.51,2026-08-03,19.0,7470.0,158.7,0.1419,50.65,0.1369
2026-07-15,7575.51,2026-08-03,19.0,7475.0,154.9,0.1411,51.9,0.1362
2026-07-15,7575.51,2026-08-03,19.0,7480.0,151.2,0.1404,53.1,0.1353
2026-07-15,7575.51,2026-08-03,19.0,7485.0,147.5,0.1396,54.4,0.1346
2026-07-15,7575.51,2026-08-03,19.0,7490.0,143.8,0.1388,55.7,0.1338
2026-07-15,7575.51,2026-08-03,19.0,7495.0,140.1,0.138,57.1,0.1331
2026-07-15,7575.51,2026-08-03,19.0,7500.0,136.5,0.1372,58.5,0.1324
2026-07-15,7575.51,2026-08-03,19.0,7505.0,132.9,0.1364,59.9,0.1316
2026-07-15,7575.51,2026-08-03,19.0,7510.0,129.5,0.1358,61.3,0.1307
2026-07-15,7575.51,2026-08-03,19.0,7515.0,125.9,0.1349,62.8,0.13
2026-07-15,7575.51,2026-08-03,19.0,7520.0,122.5,0.1343,64.3,0.1291
2026-07-15,7575.51,2026-08-03,19.0,7525.0,119.1,0.1336,65.9,0.1284
2026-07-15,7575.51,2026-08-03,19.0,7530.0,115.7,0.1328,67.5,0.1276
2026-07-15,7575.51,2026-08-03,19.0,7535.0,112.3,0.1319,69.1,0.1268
2026-07-15,7575.51,2026-08-03,19.0,7540.0,109.0,0.1312,70.7,0.1259
2026-07-15,7575.51,2026-08-03,19.0,7545.0,105.7,0.1304,72.5,0.1252
2026-07-15,7575.51,2026-08-03,19.0,7550.0,102.5,0.1297,74.3,0.1245
2026-07-15,7575.51,2026-08-03,19.0,7555.0,99.3,0.1289,76.1,0.1237
2026-07-15,7575.51,2026-08-03,19.0,7560.0,96.15,0.1282,77.9,0.1228
2026-07-15,7575.51,2026-08-03,19.0,7565.0,93.1,0.1275,79.9,0.1222
2026-07-15,7575.51,2026-08-03,19.0,7570.0,90.1,0.1268,81.8,0.1213
2026-07-15,7575.51,2026-08-03,19.0,7575.0,87.1,0.1261,83.75,0.1205
2026-07-15,7575.51,2026-08-03,19.0,7580.0,84.1,0.1253,85.9,0.1198
2026-07-15,7575.51,2026-08-03,19.0,7585.0,81.3,0.1247,87.9,0.1189
2026-07-15,7575.51,2026-08-03,19.0,7590.0,78.3,0.1238,90.1,0.1182
2026-07-15,7575.51,2026-08-03,19.0,7595.0,75.5,0.1231,92.3,0.1174
2026-07-15,7575.51,2026-08-03,19.0,7600.0,72.85,0.1225,94.5,0.1166
2026-07-15,7575.51,2026-08-03,19.0,7605.0,70.1,0.1217,96.9,0.1159
2026-07-15,7575.51,2026-08-03,19.0,7610.0,67.5,0.1211,99.2,0.115
2026-07-15,7575.51,2026-08-03,19.0,7615.0,64.9,0.1204,101.6,0.1142
2026-07-15,7575.51,2026-08-03,19.0,7620.0,62.5,0.1199,104.1,0.1134
2026-07-15,7575.51,2026-08-03,19.0,7625.0,59.9,0.119,106.5,0.1124
2026-07-15,7575.51,2026-08-03,19.0,7630.0,57.5,0.1184,109.1,0.1117
2026-07-15,7575.51,2026-08-03,19.0,7640.0,52.9,0.1172,114.5,0.1101
2026-07-15,7575.51,2026-08-03,19.0,7650.0,48.5,0.116,120.0,0.1083
2026-07-15,7575.51,2026-08-03,19.0,7660.0,44.25,0.1146,125.8,0.1066
2026-07-15,7575.51,2026-08-03,19.0,7670.0,40.3,0.1135,131.9,0.1049
2026-07-15,7575.51,2026-08-03,19.0,7675.0,38.45,0.1129,134.9,0.1038
2026-07-15,7575.51,2026-08-03,19.0,7680.0,36.65,0.1124,138.2,0.1031
2026-07-15,7575.51,2026-08-03,19.0,7690.0,33.2,0.1114,144.85,0.1014
2026-07-15,7575.51,2026-08-03,19.0,7700.0,29.9,0.1102,151.3,0.0986
2026-07-15,7575.51,2026-08-03,19.0,7710.0,26.9,0.1092,158.3,0.0963
2026-07-15,7575.51,2026-08-03,19.0,7720.0,24.05,0.1081,165.6,0.0937
2026-07-15,7575.51,2026-08-03,19.0,7725.0,22.8,0.1077,169.25,0.0921
2026-07-15,7575.51,2026-08-03,19.0,7730.0,21.55,0.1073,173.05,0.0905
2026-07-15,7575.51,2026-08-03,19.0,7750.0,17.0,0.1055,188.45,0.0763
2026-07-15,7575.51,2026-08-03,19.0,7775.0,12.5,0.1037,,
2026-07-15,7575.51,2026-08-03,19.0,7800.0,9.0,0.1021,,
2026-07-15,7575.51,2026-08-03,19.0,7825.0,6.45,0.1011,254.55,0.0981
2026-07-15,7575.51,2026-08-03,19.0,7850.0,4.55,0.1003,,
2026-07-15,7575.51,2026-08-03,19.0,7875.0,3.25,0.1001,,
2026-07-15,7575.51,2026-08-03,19.0,7900.0,2.35,0.1005,,
2026-07-15,7575.51,2026-08-03,19.0,7925.0,1.77,0.1017,,
2026-07-15,7575.51,2026-08-03,19.0,7950.0,1.38,0.1034,,
2026-07-15,7575.51,2026-08-03,19.0,7975.0,1.07,0.1051,,
2026-07-15,7575.51,2026-08-03,19.0,8000.0,0.9,0.1079,,
2026-07-15,7575.51,2026-08-03,19.0,8025.0,0.77,0.111,,
2026-07-15,7575.51,2026-08-03,19.0,8050.0,0.68,0.1141,,
2026-07-15,7575.51,2026-08-03,19.0,8075.0,0.57,0.1168,,
2026-07-15,7575.51,2026-08-03,19.0,8100.0,0.53,0.1204,,
2026-07-15,7575.51,2026-08-03,19.0,8200.0,0.33,0.1324,,
2026-07-15,7575.51,2026-08-03,19.0,8300.0,0.22,0.1448,,
2026-07-15,7575.51,2026-08-03,19.0,8400.0,0.15,0.1557,,
2026-07-15,7575.51,2026-08-03,19.0,8600.0,0.1,0.1811,,
2026-07-15,7575.51,2026-08-04,20.0,5800.0,1774.95,0.477,0.93,0.4353
2026-07-15,7575.51,2026-08-04,20.0,5900.0,1675.05,0.4469,1.07,0.4167
2026-07-15,7575.51,2026-08-04,20.0,6000.0,1574.95,0.4116,1.23,0.3972
2026-07-15,7575.51,2026-08-04,20.0,6100.0,1475.1,0.3841,1.43,0.3784
2026-07-15,7575.51,2026-08-04,20.0,6200.0,1376.15,0.3782,1.65,0.3592
2026-07-15,7575.51,2026-08-04,20.0,6300.0,1277.05,0.3638,1.93,0.3402
2026-07-15,7575.51,2026-08-04,20.0,6400.0,1177.75,0.3439,2.28,0.3214
2026-07-15,7575.51,2026-08-04,20.0,6450.0,1127.1,0.3194,2.5,0.3124
2026-07-15,7575.51,2026-08-04,20.0,6475.0,1103.25,0.3278,2.6,0.3075
2026-07-15,7575.51,2026-08-04,20.0,6500.0,1078.15,0.319,2.72,0.3029
2026-07-15,7575.51,2026-08-04,20.0,6525.0,1052.5,0.303,2.83,0.2978
2026-07-15,7575.51,2026-08-04,20.0,6550.0,1028.15,0.3041,3.0,0.2938
2026-07-15,7575.51,2026-08-04,20.0,6575.0,1002.95,0.2941,3.1,0.2885
2026-07-15,7575.51,2026-08-04,20.0,6600.0,979.45,0.3035,3.3,0.2844
2026-07-15,7575.51,2026-08-04,20.0,6625.0,954.4,0.2954,3.4,0.279
2026-07-15,7575.51,2026-08-04,20.0,6650.0,928.7,0.2807,3.6,0.2746
2026-07-15,7575.51,2026-08-04,20.0,6675.0,904.85,0.2847,3.8,0.2701
2026-07-15,7575.51,2026-08-04,20.0,6700.0,880.9,0.2861,4.0,0.2655
2026-07-15,7575.51,2026-08-04,20.0,6725.0,855.15,0.2722,4.2,0.2607
2026-07-15,7575.51,2026-08-04,20.0,6750.0,830.75,0.2697,4.45,0.2562
2026-07-15,7575.51,2026-08-04,20.0,6775.0,806.15,0.2652,4.7,0.2516
2026-07-15,7575.51,2026-08-04,20.0,6800.0,781.55,0.2605,4.95,0.2468
2026-07-15,7575.51,2026-08-04,20.0,6825.0,756.25,0.2506,5.25,0.2422
2026-07-15,7575.51,2026-08-04,20.0,6850.0,732.05,0.2485,5.6,0.2378
2026-07-15,7575.51,2026-08-04,20.0,6875.0,707.65,0.2447,5.95,0.2332
2026-07-15,7575.51,2026-08-04,20.0,6900.0,683.3,0.2408,6.35,0.2288
2026-07-15,7575.51,2026-08-04,20.0,6925.0,658.95,0.2367,6.8,0.2244
2026-07-15,7575.51,2026-08-04,20.0,6950.0,633.65,0.2271,7.25,0.2198
2026-07-15,7575.51,2026-08-04,20.0,6975.0,608.95,0.2208,7.85,0.2158
2026-07-15,7575.51,2026-08-04,20.0,7000.0,585.2,0.2192,8.45,0.2115
2026-07-15,7575.51,2026-08-04,20.0,7025.0,561.65,0.2178,9.15,0.2074
2026-07-15,7575.51,2026-08-04,20.0,7050.0,536.45,0.2087,9.85,0.2029
2026-07-15,7575.51,2026-08-04,20.0,7075.0,512.95,0.2066,10.75,0.199
2026-07-15,7575.51,2026-08-04,20.0,7100.0,489.25,0.2032,11.65,0.1947
2026-07-15,7575.51,2026-08-04,20.0,7125.0,466.15,0.2014,12.75,0.1907
2026-07-15,7575.51,2026-08-04,20.0,7150.0,442.45,0.1969,13.95,0.1867
2026-07-15,7575.51,2026-08-04,20.0,7175.0,418.4,0.1909,15.3,0.1827
2026-07-15,7575.51,2026-08-04,20.0,7180.0,413.6,0.1897,15.6,0.182
2026-07-15,7575.51,2026-08-04,20.0,7190.0,403.7,0.1864,16.2,0.1804
2026-07-15,7575.51,2026-08-04,20.0,7200.0,394.95,0.1864,16.85,0.1789
2026-07-15,7575.51,2026-08-04,20.0,7210.0,385.65,0.1847,17.5,0.1773
2026-07-15,7575.51,2026-08-04,20.0,7220.0,376.3,0.1828,18.2,0.1757
2026-07-15,7575.51,2026-08-04,20.0,7225.0,371.85,0.1824,18.55,0.1749
2026-07-15,7575.51,2026-08-04,20.0,7230.0,367.2,0.1815,18.95,0.1742
2026-07-15,7575.51,2026-08-04,20.0,7240.0,358.05,0.1799,19.65,0.1725
2026-07-15,7575.51,2026-08-04,20.0,7250.0,348.8,0.178,20.55,0.1712
2026-07-15,7575.51,2026-08-04,20.0,7260.0,339.8,0.1767,21.4,0.1697
2026-07-15,7575.51,2026-08-04,20.0,7270.0,330.65,0.1748,22.3,0.1682
2026-07-15,7575.51,2026-08-04,20.0,7275.0,325.95,0.1736,22.75,0.1674
2026-07-15,7575.51,2026-08-04,20.0,7280.0,321.65,0.1733,23.2,0.1666
2026-07-15,7575.51,2026-08-04,20.0,7290.0,312.65,0.1716,24.2,0.1651
2026-07-15,7575.51,2026-08-04,20.0,7300.0,303.8,0.1702,25.25,0.1636
2026-07-15,7575.51,2026-08-04,20.0,7310.0,294.9,0.1685,26.3,0.162
2026-07-15,7575.51,2026-08-04,20.0,7320.0,286.0,0.1667,27.4,0.1604
2026-07-15,7575.51,2026-08-04,20.0,7325.0,281.65,0.166,28.1,0.1599
2026-07-15,7575.51,2026-08-04,20.0,7330.0,277.0,0.1646,28.7,0.1591
2026-07-15,7575.51,2026-08-04,20.0,7340.0,268.0,0.1625,29.85,0.1574
2026-07-15,7575.51,2026-08-04,20.0,7350.0,260.0,0.1622,31.3,0.1561
2026-07-15,7575.51,2026-08-04,20.0,7360.0,251.35,0.1604,32.7,0.1547
2026-07-15,7575.51,2026-08-04,20.0,7370.0,242.55,0.1583,34.1,0.153
2026-07-15,7575.51,2026-08-04,20.0,7375.0,238.2,0.1573,34.85,0.1523
2026-07-15,7575.51,2026-08-04,20.0,7380.0,234.3,0.1571,35.75,0.1518
2026-07-15,7575.51,2026-08-04,20.0,7390.0,226.0,0.1556,37.3,0.1502
2026-07-15,7575.51,2026-08-04,20.0,7400.0,217.55,0.1538,39.0,0.1487
2026-07-15,7575.51,2026-08-04,20.0,7405.0,213.25,0.1527,39.95,0.1481
2026-07-15,7575.51,2026-08-04,20.0,7410.0,209.55,0.1526,40.7,0.147
2026-07-15,7575.51,2026-08-04,20.0,7415.0,205.2,0.1513,41.65,0.1463
2026-07-15,7575.51,2026-08-04,20.0,7420.0,201.5,0.1511,42.6,0.1456
2026-07-15,7575.51,2026-08-04,20.0,7425.0,197.25,0.1499,43.6,0.1449
2026-07-15,7575.51,2026-08-04,20.0,7430.0,193.15,0.149,44.6,0.1442
2026-07-15,7575.51,2026-08-04,20.0,7435.0,189.5,0.1488,45.6,0.1434
2026-07-15,7575.51,2026-08-04,20.0,7440.0,185.3,0.1476,46.7,0.1427
2026-07-15,7575.51,2026-08-04,20.0,7445.0,181.55,0.1471,47.65,0.1418
2026-07-15,7575.51,2026-08-04,20.0,7450.0,177.65,0.1463,48.75,0.1411
2026-07-15,7575.51,2026-08-04,20.0,7455.0,173.7,0.1454,49.9,0.1404
2026-07-15,7575.51,2026-08-04,20.0,7460.0,169.9,0.1447,51.1,0.1397
2026-07-15,7575.51,2026-08-04,20.0,7465.0,166.1,0.144,52.3,0.139
2026-07-15,7575.51,2026-08-04,20.0,7470.0,162.3,0.1432,53.5,0.1382
2026-07-15,7575.51,2026-08-04,20.0,7475.0,158.5,0.1423,54.6,0.1373
2026-07-15,7575.51,2026-08-04,20.0,7480.0,154.9,0.1418,55.85,0.1365
2026-07-15,7575.51,2026-08-04,20.0,7485.0,151.1,0.1409,57.25,0.1359
2026-07-15,7575.51,2026-08-04,20.0,7490.0,147.5,0.1402,58.5,0.135
2026-07-15,7575.51,2026-08-04,20.0,7495.0,143.9,0.1395,59.9,0.1343
2026-07-15,7575.51,2026-08-04,20.0,7500.0,140.2,0.1386,61.3,0.1336
2026-07-15,7575.51,2026-08-04,20.0,7505.0,136.7,0.1379,62.7,0.1328
2026-07-15,7575.51,2026-08-04,20.0,7510.0,133.1,0.1371,64.1,0.1319
2026-07-15,7575.51,2026-08-04,20.0,7515.0,129.6,0.1363,65.7,0.1313
2026-07-15,7575.51,2026-08-04,20.0,7520.0,126.1,0.1355,67.1,0.1303
2026-07-15,7575.51,2026-08-04,20.0,7525.0,122.7,0.1348,68.7,0.1296
2026-07-15,7575.51,2026-08-04,20.0,7530.0,119.3,0.134,70.3,0.1289
2026-07-15,7575.51,2026-08-04,20.0,7535.0,116.0,0.1333,71.9,0.128
2026-07-15,7575.51,2026-08-04,20.0,7540.0,112.7,0.1326,73.7,0.1274
2026-07-15,7575.51,2026-08-04,20.0,7545.0,109.4,0.1318,75.3,0.1265
2026-07-15,7575.51,2026-08-04,20.0,7550.0,106.15,0.131,77.1,0.1258
2026-07-15,7575.51,2026-08-04,20.0,7555.0,102.95,0.1303,78.9,0.125
2026-07-15,7575.51,2026-08-04,20.0,7560.0,99.9,0.1297,80.7,0.1241
2026-07-15,7575.51,2026-08-04,20.0,7565.0,96.7,0.1288,82.7,0.1235
2026-07-15,7575.51,2026-08-04,20.0,7570.0,93.7,0.1282,84.6,0.1227
2026-07-15,7575.51,2026-08-04,20.0,7575.0,90.7,0.1275,86.5,0.1218
2026-07-15,7575.51,2026-08-04,20.0,7580.0,87.7,0.1267,88.7,0.1212
2026-07-15,7575.51,2026-08-04,20.0,7585.0,84.9,0.1261,90.7,0.1203
2026-07-15,7575.51,2026-08-04,20.0,7590.0,82.1,0.1255,92.7,0.1194
2026-07-15,7575.51,2026-08-04,20.0,7595.0,79.1,0.1246,95.0,0.1188
2026-07-15,7575.51,2026-08-04,20.0,7600.0,76.5,0.1241,97.2,0.1179
2026-07-15,7575.51,2026-08-04,20.0,7605.0,73.7,0.1233,99.5,0.1172
2026-07-15,7575.51,2026-08-04,20.0,7610.0,71.1,0.1227,101.8,0.1164
2026-07-15,7575.51,2026-08-04,20.0,7615.0,68.5,0.122,104.2,0.1156
2026-07-15,7575.51,2026-08-04,20.0,7620.0,65.9,0.1213,106.7,0.1149
2026-07-15,7575.51,2026-08-04,20.0,7625.0,63.3,0.1205,109.1,0.1139
2026-07-15,7575.51,2026-08-04,20.0,7630.0,60.9,0.1199,111.7,0.1132
2026-07-15,7575.51,2026-08-04,20.0,7640.0,56.3,0.1188,116.9,0.1115
2026-07-15,7575.51,2026-08-04,20.0,7650.0,51.65,0.1174,122.3,0.1097
2026-07-15,7575.51,2026-08-04,20.0,7660.0,47.45,0.1163,128.1,0.1082
2026-07-15,7575.51,2026-08-04,20.0,7670.0,43.4,0.1151,134.0,0.1064
2026-07-15,7575.51,2026-08-04,20.0,7675.0,41.5,0.1146,137.1,0.1056
2026-07-15,7575.51,2026-08-04,20.0,7680.0,39.6,0.114,140.2,0.1046
2026-07-15,7575.51,2026-08-04,20.0,7690.0,36.0,0.1128,146.7,0.1029
2026-07-15,7575.51,2026-08-04,20.0,7700.0,32.7,0.1119,153.2,0.1006
2026-07-15,7575.51,2026-08-04,20.0,7710.0,29.55,0.1108,160.05,0.0984
2026-07-15,7575.51,2026-08-04,20.0,7720.0,26.6,0.1098,168.05,0.0979
2026-07-15,7575.51,2026-08-04,20.0,7725.0,25.2,0.1093,170.8,0.0945
2026-07-15,7575.51,2026-08-04,20.0,7730.0,23.95,0.1089,174.45,0.0929
2026-07-15,7575.51,2026-08-04,20.0,7750.0,19.2,0.1072,189.85,0.084
2026-07-15,7575.51,2026-08-04,20.0,7775.0,14.3,0.1053,,
2026-07-15,7575.51,2026-08-04,20.0,7800.0,10.45,0.1036,,
2026-07-15,7575.51,2026-08-04,20.0,7825.0,7.55,0.1023,254.8,0.0968
2026-07-15,7575.51,2026-08-04,20.0,7850.0,5.45,0.1015,,
2026-07-15,7575.51,2026-08-04,20.0,7875.0,3.85,0.1007,,
2026-07-15,7575.51,2026-08-04,20.0,7900.0,2.83,0.101,,
2026-07-15,7575.51,2026-08-04,20.0,7925.0,2.1,0.1018,,
2026-07-15,7575.51,2026-08-04,20.0,7950.0,1.6,0.103,,
2026-07-15,7575.51,2026-08-04,20.0,7975.0,1.25,0.1046,,
2026-07-15,7575.51,2026-08-04,20.0,8000.0,1.02,0.1069,,
2026-07-15,7575.51,2026-08-04,20.0,8025.0,0.85,0.1093,,
2026-07-15,7575.51,2026-08-04,20.0,8050.0,0.73,0.112,,
2026-07-15,7575.51,2026-08-04,20.0,8075.0,0.62,0.1148,,
2026-07-15,7575.51,2026-08-04,20.0,8100.0,0.55,0.1179,,
2026-07-15,7575.51,2026-08-04,20.0,8200.0,0.33,0.1289,,
2026-07-15,7575.51,2026-08-04,20.0,8300.0,0.22,0.141,,
2026-07-15,7575.51,2026-08-04,20.0,8400.0,0.15,0.1516,,
2026-07-15,7575.51,2026-08-04,20.0,8600.0,0.1,0.1764,,
2026-07-15,7575.51,2026-08-05,21.0,5800.0,1775.55,0.4663,1.07,0.4319
2026-07-15,7575.51,2026-08-05,21.0,5900.0,1677.0,0.467,1.23,0.4128
2026-07-15,7575.51,2026-08-05,21.0,6000.0,1577.05,0.4363,1.43,0.3945
2026-07-15,7575.51,2026-08-05,21.0,6100.0,1477.05,0.4053,1.65,0.376
2026-07-15,7575.51,2026-08-05,21.0,6200.0,1377.9,0.389,1.88,0.3563
2026-07-15,7575.51,2026-08-05,21.0,6300.0,1277.95,0.3595,2.25,0.339
2026-07-15,7575.51,2026-08-05,21.0,6400.0,1179.55,0.3502,2.6,0.3196
2026-07-15,7575.51,2026-08-05,21.0,6450.0,1129.25,0.3318,2.83,0.3103
2026-07-15,7575.51,2026-08-05,21.0,6475.0,1104.85,0.331,2.92,0.3053
2026-07-15,7575.51,2026-08-05,21.0,6500.0,1078.75,0.311,3.1,0.3013
2026-07-15,7575.51,2026-08-05,21.0,6525.0,1055.35,0.3211,3.2,0.2961
2026-07-15,7575.51,2026-08-05,21.0,6550.0,1030.35,0.3136,3.4,0.2922
2026-07-15,7575.51,2026-08-05,21.0,6575.0,1005.1,0.3037,3.5,0.2868
2026-07-15,7575.51,2026-08-05,21.0,6600.0,980.55,0.3006,3.7,0.2826
2026-07-15,7575.51,2026-08-05,21.0,6625.0,955.45,0.2922,3.9,0.2782
2026-07-15,7575.51,2026-08-05,21.0,6650.0,930.9,0.2888,4.1,0.2737
2026-07-15,7575.51,2026-08-05,21.0,6675.0,904.75,0.2708,4.3,0.269
2026-07-15,7575.51,2026-08-05,21.0,6700.0,881.25,0.2769,4.5,0.2642
2026-07-15,7575.51,2026-08-05,21.0,6725.0,855.85,0.2661,4.75,0.2598
2026-07-15,7575.51,2026-08-05,21.0,6750.0,832.75,0.2731,5.0,0.2551
2026-07-15,7575.51,2026-08-05,21.0,6775.0,807.45,0.2635,5.3,0.2508
2026-07-15,7575.51,2026-08-05,21.0,6800.0,783.45,0.2626,5.6,0.2462
2026-07-15,7575.51,2026-08-05,21.0,6825.0,757.95,0.2517,5.9,0.2415
2026-07-15,7575.51,2026-08-05,21.0,6850.0,734.0,0.2507,6.3,0.2373
2026-07-15,7575.51,2026-08-05,21.0,6875.0,709.8,0.2475,6.65,0.2326
2026-07-15,7575.51,2026-08-05,21.0,6900.0,685.3,0.2425,7.15,0.2286
2026-07-15,7575.51,2026-08-05,21.0,6925.0,659.95,0.2328,7.65,0.2243
2026-07-15,7575.51,2026-08-05,21.0,6950.0,636.15,0.2311,8.15,0.2198
2026-07-15,7575.51,2026-08-05,21.0,6975.0,611.85,0.2265,8.75,0.2156
2026-07-15,7575.51,2026-08-05,21.0,7000.0,587.7,0.2223,9.45,0.2116
2026-07-15,7575.51,2026-08-05,21.0,7025.0,562.75,0.2145,10.15,0.2072
2026-07-15,7575.51,2026-08-05,21.0,7050.0,538.15,0.208,11.0,0.2032
2026-07-15,7575.51,2026-08-05,21.0,7075.0,513.95,0.203,11.9,0.1991
2026-07-15,7575.51,2026-08-05,21.0,7100.0,490.05,0.1989,12.95,0.1952
2026-07-15,7575.51,2026-08-05,21.0,7125.0,466.8,0.1965,14.1,0.1912
2026-07-15,7575.51,2026-08-05,21.0,7150.0,444.4,0.1962,15.4,0.1873
2026-07-15,7575.51,2026-08-05,21.0,7175.0,420.9,0.1918,16.85,0.1834
2026-07-15,7575.51,2026-08-05,21.0,7190.0,406.15,0.1871,17.8,0.1811
2026-07-15,7575.51,2026-08-05,21.0,7200.0,397.6,0.1875,18.55,0.1797
2026-07-15,7575.51,2026-08-05,21.0,7210.0,387.7,0.1841,19.2,0.178
2026-07-15,7575.51,2026-08-05,21.0,7220.0,378.45,0.1824,19.95,0.1765
2026-07-15,7575.51,2026-08-05,21.0,7225.0,374.55,0.1834,20.3,0.1757
2026-07-15,7575.51,2026-08-05,21.0,7230.0,369.25,0.1808,20.75,0.1751
2026-07-15,7575.51,2026-08-05,21.0,7240.0,360.0,0.179,21.5,0.1734
2026-07-15,7575.51,2026-08-05,21.0,7250.0,351.7,0.1793,22.4,0.172
2026-07-15,7575.51,2026-08-05,21.0,7260.0,341.75,0.1756,23.3,0.1705
2026-07-15,7575.51,2026-08-05,21.0,7270.0,332.9,0.1745,24.2,0.1689
2026-07-15,7575.51,2026-08-05,21.0,7275.0,328.9,0.1748,24.65,0.1681
2026-07-15,7575.51,2026-08-05,21.0,7280.0,323.95,0.1729,25.2,0.1675
2026-07-15,7575.51,2026-08-05,21.0,7290.0,315.05,0.1714,26.2,0.1659
2026-07-15,7575.51,2026-08-05,21.0,7300.0,306.8,0.1712,27.3,0.1644
2026-07-15,7575.51,2026-08-05,21.0,7310.0,297.3,0.1682,28.4,0.1629
2026-07-15,7575.51,2026-08-05,21.0,7320.0,289.15,0.168,29.6,0.1614
2026-07-15,7575.51,2026-08-05,21.0,7325.0,284.55,0.1667,30.2,0.1607
2026-07-15,7575.51,2026-08-05,21.0,7330.0,280.35,0.1662,30.9,0.1601
2026-07-15,7575.51,2026-08-05,21.0,7340.0,271.75,0.1648,32.2,0.1586
2026-07-15,7575.51,2026-08-05,21.0,7350.0,263.25,0.1634,33.55,0.157
2026-07-15,7575.51,2026-08-05,21.0,7360.0,254.5,0.1614,35.0,0.1556
2026-07-15,7575.51,2026-08-05,21.0,7370.0,246.2,0.1602,36.5,0.1541
2026-07-15,7575.51,2026-08-05,21.0,7375.0,241.9,0.1592,37.3,0.1534
2026-07-15,7575.51,2026-08-05,21.0,7380.0,237.7,0.1584,38.15,0.1528
2026-07-15,7575.51,2026-08-05,21.0,7390.0,229.55,0.1572,39.7,0.1511
2026-07-15,7575.51,2026-08-05,21.0,7400.0,221.05,0.1552,41.45,0.1496
2026-07-15,7575.51,2026-08-05,21.0,7410.0,212.85,0.1536,43.3,0.1482
2026-07-15,7575.51,2026-08-05,21.0,7420.0,204.95,0.1523,45.2,0.1467
2026-07-15,7575.51,2026-08-05,21.0,7425.0,200.8,0.1513,46.1,0.1458
2026-07-15,7575.51,2026-08-05,21.0,7430.0,196.95,0.1507,47.2,0.1453
2026-07-15,7575.51,2026-08-05,21.0,7440.0,188.55,0.1484,49.3,0.1438
2026-07-15,7575.51,2026-08-05,21.0,7450.0,181.2,0.1476,51.45,0.1422
2026-07-15,7575.51,2026-08-05,21.0,7460.0,173.5,0.146,53.7,0.1407
2026-07-15,7575.51,2026-08-05,21.0,7470.0,165.9,0.1445,56.1,0.1392
2026-07-15,7575.51,2026-08-05,21.0,7475.0,162.3,0.1439,57.3,0.1384
2026-07-15,7575.51,2026-08-05,21.0,7480.0,158.5,0.143,58.7,0.1378
2026-07-15,7575.51,2026-08-05,21.0,7490.0,151.1,0.1414,61.25,0.1362
2026-07-15,7575.51,2026-08-05,21.0,7500.0,143.9,0.14,64.1,0.1348
2026-07-15,7575.51,2026-08-05,21.0,7510.0,136.9,0.1386,66.9,0.1331
2026-07-15,7575.51,2026-08-05,21.0,7520.0,129.9,0.137,69.9,0.1316
2026-07-15,7575.51,2026-08-05,21.0,7525.0,126.5,0.1363,71.5,0.1309
2026-07-15,7575.51,2026-08-05,21.0,7530.0,123.1,0.1355,73.1,0.1301
2026-07-15,7575.51,2026-08-05,21.0,7540.0,116.4,0.134,76.5,0.1287
2026-07-15,7575.51,2026-08-05,21.0,7550.0,109.9,0.1326,79.9,0.127
2026-07-15,7575.51,2026-08-05,21.0,7560.0,103.5,0.131,83.5,0.1254
2026-07-15,7575.51,2026-08-05,21.0,7570.0,97.4,0.1297,87.3,0.1239
2026-07-15,7575.51,2026-08-05,21.0,7575.0,94.35,0.1289,89.3,0.1231
2026-07-15,7575.51,2026-08-05,21.0,7580.0,91.4,0.1282,91.3,0.1224
2026-07-15,7575.51,2026-08-05,21.0,7590.0,85.6,0.1269,95.5,0.1208
2026-07-15,7575.51,2026-08-05,21.0,7600.0,80.0,0.1255,99.9,0.1193
2026-07-15,7575.51,2026-08-05,21.0,7610.0,74.65,0.1242,104.5,0.1178
2026-07-15,7575.51,2026-08-05,21.0,7620.0,69.3,0.1227,109.2,0.1162
2026-07-15,7575.51,2026-08-05,21.0,7625.0,66.9,0.1223,111.7,0.1154
2026-07-15,7575.51,2026-08-05,21.0,7630.0,64.4,0.1216,114.1,0.1145
2026-07-15,7575.51,2026-08-05,21.0,7640.0,59.5,0.1201,119.3,0.1129
2026-07-15,7575.51,2026-08-05,21.0,7650.0,55.05,0.1191,124.7,0.1113
2026-07-15,7575.51,2026-08-05,21.0,7660.0,50.7,0.1179,130.3,0.1095
2026-07-15,7575.51,2026-08-05,21.0,7670.0,46.5,0.1166,136.2,0.1079
2026-07-15,7575.51,2026-08-05,21.0,7675.0,44.55,0.1161,139.2,0.107
2026-07-15,7575.51,2026-08-05,21.0,7680.0,42.6,0.1155,142.3,0.1062
2026-07-15,7575.51,2026-08-05,21.0,7690.0,38.9,0.1144,149.0,0.1051
2026-07-15,7575.51,2026-08-05,21.0,7700.0,35.4,0.1133,155.25,0.1026
2026-07-15,7575.51,2026-08-05,21.0,7710.0,32.2,0.1123,161.95,0.1005
2026-07-15,7575.51,2026-08-05,21.0,7720.0,29.1,0.1112,169.85,0.1002
2026-07-15,7575.51,2026-08-05,21.0,7725.0,27.75,0.1109,172.35,0.0966
2026-07-15,7575.51,2026-08-05,21.0,7750.0,21.3,0.1086,190.9,0.0873
2026-07-15,7575.51,2026-08-05,21.0,7775.0,16.1,0.1067,210.9,0.0816
2026-07-15,7575.51,2026-08-05,21.0,7800.0,12.0,0.105,,
2026-07-15,7575.51,2026-08-05,21.0,7825.0,8.8,0.1036,,
2026-07-15,7575.51,2026-08-05,21.0,7850.0,6.4,0.1026,,
2026-07-15,7575.51,2026-08-05,21.0,7875.0,4.65,0.102,,
2026-07-15,7575.51,2026-08-05,21.0,7900.0,3.35,0.1016,,
2026-07-15,7575.51,2026-08-05,21.0,7925.0,2.5,0.1022,,
2026-07-15,7575.51,2026-08-05,21.0,7950.0,1.9,0.1031,,
2026-07-15,7575.51,2026-08-05,21.0,7975.0,1.48,0.1045,,
2026-07-15,7575.51,2026-08-05,21.0,8000.0,1.18,0.1062,,
2026-07-15,7575.51,2026-08-05,21.0,8025.0,0.98,0.1085,,
2026-07-15,7575.51,2026-08-05,21.0,8050.0,0.82,0.111,,
2026-07-15,7575.51,2026-08-05,21.0,8075.0,0.73,0.114,,
2026-07-15,7575.51,2026-08-05,21.0,8100.0,0.62,0.1167,,
2026-07-15,7575.51,2026-08-05,21.0,8200.0,0.38,0.1276,,
2026-07-15,7575.51,2026-08-05,21.0,8300.0,0.28,0.1402,,
2026-07-15,7575.51,2026-08-05,21.0,8400.0,0.2,0.1518,,
2026-07-15,7575.51,2026-08-05,21.0,8600.0,0.1,0.172,,
2026-07-15,7575.51,2026-08-06,22.0,5800.0,1776.05,0.4537,1.27,0.4302
2026-07-15,7575.51,2026-08-06,22.0,6000.0,1577.15,0.4169,1.68,0.3931
2026-07-15,7575.51,2026-08-06,22.0,6100.0,1477.25,0.3884,1.93,0.3745
2026-07-15,7575.51,2026-08-06,22.0,6200.0,1378.75,0.3837,2.22,0.356
2026-07-15,7575.51,2026-08-06,22.0,6300.0,1279.3,0.3613,2.58,0.3373
2026-07-15,7575.51,2026-08-06,22.0,6400.0,1179.35,0.3325,3.03,0.3191
2026-07-15,7575.51,2026-08-06,22.0,6450.0,1130.2,0.3278,3.3,0.3101
2026-07-15,7575.51,2026-08-06,22.0,6475.0,1105.35,0.322,3.4,0.305
2026-07-15,7575.51,2026-08-06,22.0,6500.0,1079.85,0.3093,3.55,0.3005
2026-07-15,7575.51,2026-08-06,22.0,6525.0,1055.85,0.3124,3.7,0.2958
2026-07-15,7575.51,2026-08-06,22.0,6550.0,1031.05,0.307,3.9,0.2916
2026-07-15,7575.51,2026-08-06,22.0,6575.0,1006.45,0.3034,4.0,0.2862
2026-07-15,7575.51,2026-08-06,22.0,6600.0,981.65,0.2978,4.2,0.2818
2026-07-15,7575.51,2026-08-06,22.0,6625.0,957.05,0.2938,4.4,0.2772
2026-07-15,7575.51,2026-08-06,22.0,6650.0,931.85,0.2848,4.6,0.2726
2026-07-15,7575.51,2026-08-06,22.0,6675.0,906.95,0.2783,4.85,0.2682
2026-07-15,7575.51,2026-08-06,22.0,6700.0,882.65,0.2764,5.1,0.2638
2026-07-15,7575.51,2026-08-06,22.0,6725.0,858.75,0.2767,5.35,0.2591
2026-07-15,7575.51,2026-08-06,22.0,6750.0,833.35,0.2666,5.65,0.2548
2026-07-15,7575.51,2026-08-06,22.0,6775.0,808.25,0.2585,5.95,0.2502
2026-07-15,7575.51,2026-08-06,22.0,6800.0,783.85,0.255,6.3,0.2459
2026-07-15,7575.51,2026-08-06,22.0,6825.0,759.55,0.2518,6.65,0.2414
2026-07-15,7575.51,2026-08-06,22.0,6850.0,734.95,0.2466,7.05,0.237
2026-07-15,7575.51,2026-08-06,22.0,6875.0,710.65,0.2429,7.45,0.2324
2026-07-15,7575.51,2026-08-06,22.0,6900.0,686.45,0.2395,7.95,0.2282
2026-07-15,7575.51,2026-08-06,22.0,6925.0,661.15,0.2303,8.55,0.2243
2026-07-15,7575.51,2026-08-06,22.0,6950.0,637.35,0.2284,9.05,0.2196
2026-07-15,7575.51,2026-08-06,22.0,6975.0,612.65,0.222,9.75,0.2157
2026-07-15,7575.51,2026-08-06,22.0,7000.0,589.2,0.2208,10.45,0.2115
2026-07-15,7575.51,2026-08-06,22.0,7025.0,564.25,0.213,11.25,0.2074
2026-07-15,7575.51,2026-08-06,22.0,7050.0,540.75,0.2108,12.15,0.2034
2026-07-15,7575.51,2026-08-06,22.0,7075.0,515.8,0.2028,13.15,0.1995
2026-07-15,7575.51,2026-08-06,22.0,7100.0,493.25,0.203,14.25,0.1955
2026-07-15,7575.51,2026-08-06,22.0,7125.0,469.45,0.1984,15.5,0.1917
2026-07-15,7575.51,2026-08-06,22.0,7150.0,446.7,0.1966,16.9,0.1879
2026-07-15,7575.51,2026-08-06,22.0,7175.0,423.2,0.192,18.45,0.1841
2026-07-15,7575.51,2026-08-06,22.0,7200.0,399.95,0.1877,20.2,0.1803
2026-07-15,7575.51,2026-08-06,22.0,7220.0,380.95,0.183,21.75,0.1774
2026-07-15,7575.51,2026-08-06,22.0,7225.0,377.2,0.1842,22.1,0.1765
2026-07-15,7575.51,2026-08-06,22.0,7230.0,371.95,0.1818,22.5,0.1757
2026-07-15,7575.51,2026-08-06,22.0,7240.0,362.9,0.1803,23.4,0.1743
2026-07-15,7575.51,2026-08-06,22.0,7250.0,354.45,0.1801,24.3,0.1728
2026-07-15,7575.51,2026-08-06,22.0,7260.0,344.6,0.1767,25.2,0.1713
2026-07-15,7575.51,2026-08-06,22.0,7270.0,335.55,0.175,26.2,0.1698
2026-07-15,7575.51,2026-08-06,22.0,7275.0,331.55,0.1753,26.7,0.1691
2026-07-15,7575.51,2026-08-06,22.0,7280.0,326.55,0.1733,27.2,0.1683
2026-07-15,7575.51,2026-08-06,22.0,7290.0,318.1,0.1727,28.3,0.1669
2026-07-15,7575.51,2026-08-06,22.0,7300.0,309.8,0.1723,29.4,0.1654
2026-07-15,7575.51,2026-08-06,22.0,7310.0,300.3,0.1693,30.6,0.1639
2026-07-15,7575.51,2026-08-06,22.0,7320.0,292.25,0.1691,31.9,0.1626
2026-07-15,7575.51,2026-08-06,22.0,7325.0,287.95,0.1684,32.5,0.1618
2026-07-15,7575.51,2026-08-06,22.0,7330.0,283.55,0.1675,33.1,0.161
2026-07-15,7575.51,2026-08-06,22.0,7340.0,275.0,0.166,34.5,0.1596
2026-07-15,7575.51,2026-08-06,22.0,7350.0,266.4,0.1644,35.9,0.1581
2026-07-15,7575.51,2026-08-06,22.0,7360.0,257.85,0.1627,37.4,0.1567
2026-07-15,7575.51,2026-08-06,22.0,7370.0,249.15,0.1607,38.95,0.1552
2026-07-15,7575.51,2026-08-06,22.0,7375.0,244.85,0.1598,39.8,0.1546
2026-07-15,7575.51,2026-08-06,22.0,7380.0,241.1,0.1597,40.6,0.1538
2026-07-15,7575.51,2026-08-06,22.0,7390.0,232.85,0.1582,42.25,0.1523
2026-07-15,7575.51,2026-08-06,22.0,7400.0,224.65,0.1567,44.05,0.1509
2026-07-15,7575.51,2026-08-06,22.0,7410.0,216.5,0.1551,45.9,0.1494
2026-07-15,7575.51,2026-08-06,22.0,7420.0,208.5,0.1537,47.8,0.1479
2026-07-15,7575.51,2026-08-06,22.0,7425.0,204.5,0.1529,48.9,0.1473
2026-07-15,7575.51,2026-08-06,22.0,7430.0,200.4,0.1519,49.85,0.1464
2026-07-15,7575.51,2026-08-06,22.0,7440.0,192.15,0.1498,52.0,0.145
2026-07-15,7575.51,2026-08-06,22.0,7450.0,184.9,0.149,54.2,0.1435
2026-07-15,7575.51,2026-08-06,22.0,7460.0,177.2,0.1475,56.5,0.142
2026-07-15,7575.51,2026-08-06,22.0,7470.0,169.7,0.146,58.9,0.1404
2026-07-15,7575.51,2026-08-06,22.0,7475.0,165.9,0.1452,60.1,0.1396
2026-07-15,7575.51,2026-08-06,22.0,7480.0,162.2,0.1444,61.5,0.1391
2026-07-15,7575.51,2026-08-06,22.0,7490.0,154.9,0.143,64.1,0.1375
2026-07-15,7575.51,2026-08-06,22.0,7500.0,147.7,0.1415,66.9,0.136
2026-07-15,7575.51,2026-08-06,22.0,7510.0,140.6,0.14,69.7,0.1344
2026-07-15,7575.51,2026-08-06,22.0,7520.0,133.7,0.1386,72.75,0.1329
2026-07-15,7575.51,2026-08-06,22.0,7525.0,130.2,0.1377,74.3,0.1321
2026-07-15,7575.51,2026-08-06,22.0,7530.0,126.9,0.1371,75.9,0.1313
2026-07-15,7575.51,2026-08-06,22.0,7540.0,120.1,0.1354,79.3,0.1299
2026-07-15,7575.51,2026-08-06,22.0,7550.0,113.7,0.1341,82.7,0.1283
2026-07-15,7575.51,2026-08-06,22.0,7560.0,107.3,0.1326,86.3,0.1268
2026-07-15,7575.51,2026-08-06,22.0,7570.0,101.1,0.1312,90.1,0.1252
2026-07-15,7575.51,2026-08-06,22.0,7575.0,98.1,0.1305,92.1,0.1245
2026-07-15,7575.51,2026-08-06,22.0,7580.0,95.1,0.1298,94.1,0.1238
2026-07-15,7575.51,2026-08-06,22.0,7590.0,89.3,0.1285,98.3,0.1223
2026-07-15,7575.51,2026-08-06,22.0,7600.0,83.65,0.1271,102.6,0.1207
2026-07-15,7575.51,2026-08-06,22.0,7610.0,78.1,0.1256,107.1,0.1192
2026-07-15,7575.51,2026-08-06,22.0,7620.0,72.9,0.1244,111.9,0.1177
2026-07-15,7575.51,2026-08-06,22.0,7625.0,70.45,0.1239,114.3,0.1169
2026-07-15,7575.51,2026-08-06,22.0,7630.0,67.9,0.1232,116.7,0.116
2026-07-15,7575.51,2026-08-06,22.0,7640.0,62.95,0.1218,121.9,0.1145
2026-07-15,7575.51,2026-08-06,22.0,7650.0,58.3,0.1206,127.2,0.1129
2026-07-15,7575.51,2026-08-06,22.0,7660.0,53.9,0.1194,132.7,0.1112
2026-07-15,7575.51,2026-08-06,22.0,7670.0,49.7,0.1183,138.5,0.1096
2026-07-15,7575.51,2026-08-06,22.0,7675.0,47.7,0.1178,141.5,0.1088
2026-07-15,7575.51,2026-08-06,22.0,7680.0,45.75,0.1172,144.5,0.1079
2026-07-15,7575.51,2026-08-06,22.0,7690.0,41.9,0.116,150.7,0.1061
2026-07-15,7575.51,2026-08-06,22.0,7700.0,38.3,0.1149,157.2,0.1043
2026-07-15,7575.51,2026-08-06,22.0,7710.0,35.0,0.114,163.8,0.1023
2026-07-15,7575.51,2026-08-06,22.0,7720.0,31.85,0.113,170.65,0.1002
2026-07-15,7575.51,2026-08-06,22.0,7725.0,30.35,0.1125,174.1,0.0989
2026-07-15,7575.51,2026-08-06,22.0,7750.0,23.65,0.1103,192.3,0.0908
2026-07-15,7575.51,2026-08-06,22.0,7775.0,18.1,0.1083,211.8,0.0807
2026-07-15,7575.51,2026-08-06,22.0,7800.0,13.7,0.1067,,
2026-07-15,7575.51,2026-08-06,22.0,7825.0,10.15,0.105,,
2026-07-15,7575.51,2026-08-06,22.0,7850.0,7.45,0.1038,,
2026-07-15,7575.51,2026-08-06,22.0,7875.0,5.45,0.103,,
2026-07-15,7575.51,2026-08-06,22.0,7900.0,4.05,0.1029,,
2026-07-15,7575.51,2026-08-06,22.0,7925.0,2.98,0.1028,,
2026-07-15,7575.51,2026-08-06,22.0,7950.0,2.25,0.1035,,
2026-07-15,7575.51,2026-08-06,22.0,7975.0,1.73,0.1044,,
2026-07-15,7575.51,2026-08-06,22.0,8000.0,1.38,0.106,,
2026-07-15,7575.51,2026-08-06,22.0,8025.0,1.12,0.108,,
2026-07-15,7575.51,2026-08-06,22.0,8050.0,0.93,0.11,,
2026-07-15,7575.51,2026-08-06,22.0,8075.0,0.8,0.1127,,
2026-07-15,7575.51,2026-08-06,22.0,8100.0,0.7,0.1154,,
2026-07-15,7575.51,2026-08-06,22.0,8200.0,0.42,0.1262,,
2026-07-15,7575.51,2026-08-06,22.0,8300.0,0.28,0.1369,,
2026-07-15,7575.51,2026-08-06,22.0,8400.0,0.2,0.1482,,
2026-07-15,7575.51,2026-08-06,22.0,8600.0,0.12,0.1711,,
2026-07-15,7575.51,2026-08-07,23.0,5700.0,1879.0,0.5234,1.32,0.4474
2026-07-15,7575.51,2026-08-07,23.0,5800.0,1778.25,0.479,1.48,0.4279
2026-07-15,7575.51,2026-08-07,23.0,5900.0,1679.25,0.4643,1.73,0.4107
2026-07-15,7575.51,2026-08-07,23.0,5950.0,1629.55,0.4533,1.82,0.401
2026-07-15,7575.51,2026-08-07,23.0,6000.0,1579.55,0.438,1.97,0.3924
2026-07-15,7575.51,2026-08-07,23.0,6050.0,1529.85,0.4269,2.1,0.3829
2026-07-15,7575.51,2026-08-07,23.0,6100.0,1480.45,0.4195,2.25,0.3737
2026-07-15,7575.51,2026-08-07,23.0,6150.0,1430.5,0.4051,2.4,0.3643
2026-07-15,7575.51,2026-08-07,23.0,6175.0,1405.7,0.3999,2.5,0.3599
2026-07-15,7575.51,2026-08-07,23.0,6200.0,1382.05,0.4071,2.6,0.3555
2026-07-15,7575.51,2026-08-07,23.0,6225.0,1356.0,0.3884,2.67,0.3506
2026-07-15,7575.51,2026-08-07,23.0,6250.0,1331.35,0.3848,2.78,0.346
2026-07-15,7575.51,2026-08-07,23.0,6275.0,1305.65,0.3696,2.88,0.3414
2026-07-15,7575.51,2026-08-07,23.0,6300.0,1282.45,0.3808,3.03,0.3375
2026-07-15,7575.51,2026-08-07,23.0,6325.0,1257.35,0.3724,3.1,0.3323
2026-07-15,7575.51,2026-08-07,23.0,6350.0,1232.45,0.3659,3.25,0.3281
2026-07-15,7575.51,2026-08-07,23.0,6375.0,1207.65,0.3603,3.35,0.3232
2026-07-15,7575.51,2026-08-07,23.0,6400.0,1182.35,0.3501,3.5,0.3189
2026-07-15,7575.51,2026-08-07,23.0,6425.0,1157.95,0.3481,3.6,0.3138
2026-07-15,7575.51,2026-08-07,23.0,6450.0,1133.0,0.3411,3.8,0.3099
2026-07-15,7575.51,2026-08-07,23.0,6475.0,1107.95,0.3333,3.9,0.3046
2026-07-15,7575.51,2026-08-07,23.0,6500.0,1082.5,0.3221,4.1,0.3005
2026-07-15,7575.51,2026-08-07,23.0,6525.0,1059.15,0.3279,4.3,0.2962
2026-07-15,7575.51,2026-08-07,23.0,6550.0,1033.75,0.3175,4.4,0.2908
2026-07-15,7575.51,2026-08-07,23.0,6575.0,1009.2,0.3135,4.6,0.2863
2026-07-15,7575.51,2026-08-07,23.0,6600.0,984.55,0.3086,4.8,0.2817
2026-07-15,7575.51,2026-08-07,23.0,6625.0,959.55,0.3012,5.05,0.2775
2026-07-15,7575.51,2026-08-07,23.0,6650.0,935.15,0.2978,5.3,0.2731
2026-07-15,7575.51,2026-08-07,23.0,6675.0,910.35,0.2916,5.5,0.2681
2026-07-15,7575.51,2026-08-07,23.0,6700.0,884.5,0.2787,5.8,0.2639
2026-07-15,7575.51,2026-08-07,23.0,6725.0,861.25,0.2821,6.1,0.2595
2026-07-15,7575.51,2026-08-07,23.0,6750.0,837.2,0.28,6.4,0.2549
2026-07-15,7575.51,2026-08-07,23.0,6770.0,817.35,0.2747,6.7,0.2516
2026-07-15,7575.51,2026-08-07,23.0,6775.0,811.65,0.2694,6.75,0.2505
2026-07-15,7575.51,2026-08-07,23.0,6780.0,806.1,0.2648,6.8,0.2495
2026-07-15,7575.51,2026-08-07,23.0,6790.0,796.95,0.2665,7.0,0.2481
2026-07-15,7575.51,2026-08-07,23.0,6800.0,787.15,0.2646,7.1,0.246
2026-07-15,7575.51,2026-08-07,23.0,6810.0,776.85,0.26,7.3,0.2445
2026-07-15,7575.51,2026-08-07,23.0,6820.0,767.15,0.2586,7.45,0.2427
2026-07-15,7575.51,2026-08-07,23.0,6825.0,761.95,0.256,7.5,0.2416
2026-07-15,7575.51,2026-08-07,23.0,6830.0,757.75,0.2586,7.6,0.2409
2026-07-15,7575.51,2026-08-07,23.0,6840.0,747.35,0.2536,7.8,0.2393
2026-07-15,7575.51,2026-08-07,23.0,6850.0,737.45,0.2511,7.95,0.2374
2026-07-15,7575.51,2026-08-07,23.0,6860.0,727.95,0.2505,8.15,0.2357
2026-07-15,7575.51,2026-08-07,23.0,6870.0,718.95,0.2522,8.35,0.234
2026-07-15,7575.51,2026-08-07,23.0,6875.0,713.25,0.2474,8.45,0.2332
2026-07-15,7575.51,2026-08-07,23.0,6880.0,709.6,0.2521,8.55,0.2323
2026-07-15,7575.51,2026-08-07,23.0,6890.0,698.4,0.2435,8.75,0.2306
2026-07-15,7575.51,2026-08-07,23.0,6900.0,689.75,0.2465,9.0,0.229
2026-07-15,7575.51,2026-08-07,23.0,6910.0,679.65,0.243,9.2,0.2272
2026-07-15,7575.51,2026-08-07,23.0,6920.0,670.05,0.2416,9.45,0.2256
2026-07-15,7575.51,2026-08-07,23.0,6925.0,665.75,0.243,9.55,0.2247
2026-07-15,7575.51,2026-08-07,23.0,6930.0,659.95,0.2381,9.7,0.224
2026-07-15,7575.51,2026-08-07,23.0,6940.0,650.75,0.2383,9.95,0.2223
2026-07-15,7575.51,2026-08-07,23.0,6950.0,641.35,0.2376,10.25,0.2208
2026-07-15,7575.51,2026-08-07,23.0,6960.0,630.45,0.2308,10.5,0.219
2026-07-15,7575.51,2026-08-07,23.0,6970.0,620.95,0.2297,10.75,0.2172
2026-07-15,7575.51,2026-08-07,23.0,6975.0,617.05,0.2324,10.95,0.2166
2026-07-15,7575.51,2026-08-07,23.0,6980.0,612.25,0.2315,11.05,0.2156
2026-07-15,7575.51,2026-08-07,23.0,6990.0,602.4,0.2289,11.35,0.2139
2026-07-15,7575.51,2026-08-07,23.0,7000.0,592.85,0.2274,11.7,0.2124
2026-07-15,7575.51,2026-08-07,23.0,7010.0,582.35,0.2223,12.05,0.2108
2026-07-15,7575.51,2026-08-07,23.0,7020.0,573.25,0.2224,12.4,0.2092
2026-07-15,7575.51,2026-08-07,23.0,7025.0,568.4,0.2213,12.6,0.2085
2026-07-15,7575.51,2026-08-07,23.0,7030.0,562.9,0.2179,12.75,0.2075
2026-07-15,7575.51,2026-08-07,23.0,7040.0,554.3,0.2195,13.15,0.206
2026-07-15,7575.51,2026-08-07,23.0,7050.0,544.05,0.2154,13.6,0.2046
2026-07-15,7575.51,2026-08-07,23.0,7060.0,535.35,0.2164,14.0,0.203
2026-07-15,7575.51,2026-08-07,23.0,7070.0,525.6,0.2139,14.45,0.2015
2026-07-15,7575.51,2026-08-07,23.0,7075.0,521.6,0.2153,14.7,0.2008
2026-07-15,7575.51,2026-08-07,23.0,7080.0,516.5,0.2134,14.85,0.1997
2026-07-15,7575.51,2026-08-07,23.0,7090.0,507.65,0.2135,15.35,0.1983
2026-07-15,7575.51,2026-08-07,23.0,7100.0,498.25,0.2119,15.85,0.1967
2026-07-15,7575.51,2026-08-07,23.0,7110.0,488.85,0.2102,16.35,0.1952
2026-07-15,7575.51,2026-08-07,23.0,7120.0,478.8,0.2066,16.9,0.1937
2026-07-15,7575.51,2026-08-07,23.0,7125.0,474.2,0.206,17.2,0.193
2026-07-15,7575.51,2026-08-07,23.0,7130.0,469.4,0.2049,17.45,0.1921
2026-07-15,7575.51,2026-08-07,23.0,7140.0,460.15,0.2035,18.05,0.1906
2026-07-15,7575.51,2026-08-07,23.0,7150.0,450.85,0.2018,18.7,0.1892
2026-07-15,7575.51,2026-08-07,23.0,7160.0,441.5,0.2,19.3,0.1876
2026-07-15,7575.51,2026-08-07,23.0,7170.0,432.2,0.1983,20.0,0.1862
2026-07-15,7575.51,2026-08-07,23.0,7175.0,427.3,0.1968,20.35,0.1855
2026-07-15,7575.51,2026-08-07,23.0,7180.0,423.0,0.1967,20.7,0.1847
2026-07-15,7575.51,2026-08-07,23.0,7190.0,413.7,0.1949,21.4,0.1831
2026-07-15,7575.51,2026-08-07,23.0,7200.0,404.2,0.1925,22.15,0.1816
2026-07-15,7575.51,2026-08-07,23.0,7210.0,395.35,0.1915,22.95,0.1802
2026-07-15,7575.51,2026-08-07,23.0,7220.0,386.1,0.1896,23.8,0.1787
2026-07-15,7575.51,2026-08-07,23.0,7225.0,381.45,0.1886,24.25,0.178
2026-07-15,7575.51,2026-08-07,23.0,7230.0,376.85,0.1876,24.65,0.1772
2026-07-15,7575.51,2026-08-07,23.0,7235.0,371.95,0.186,25.1,0.1765
2026-07-15,7575.51,2026-08-07,23.0,7240.0,368.05,0.1865,25.5,0.1756
2026-07-15,7575.51,2026-08-07,23.0,7245.0,362.85,0.1842,26.0,0.175
2026-07-15,7575.51,2026-08-07,23.0,7250.0,358.75,0.1843,26.55,0.1744
2026-07-15,7575.51,2026-08-07,23.0,7255.0,353.75,0.1824,27.0,0.1736
2026-07-15,7575.51,2026-08-07,23.0,7260.0,350.1,0.1833,27.5,0.1729
2026-07-15,7575.51,2026-08-07,23.0,7265.0,344.75,0.1807,28.0,0.1721
2026-07-15,7575.51,2026-08-07,23.0,7270.0,341.1,0.1815,28.5,0.1713
2026-07-15,7575.51,2026-08-07,23.0,7275.0,336.65,0.1807,29.05,0.1706
2026-07-15,7575.51,2026-08-07,23.0,7280.0,332.25,0.18,29.6,0.1699
2026-07-15,7575.51,2026-08-07,23.0,7285.0,327.1,0.1777,30.05,0.169
2026-07-15,7575.51,2026-08-07,23.0,7290.0,323.4,0.1783,30.7,0.1684
2026-07-15,7575.51,2026-08-07,23.0,7295.0,318.35,0.1763,31.3,0.1677
2026-07-15,7575.51,2026-08-07,23.0,7300.0,314.4,0.1763,31.95,0.1671
2026-07-15,7575.51,2026-08-07,23.0,7305.0,309.5,0.1745,32.5,0.1663
2026-07-15,7575.51,2026-08-07,23.0,7310.0,305.8,0.175,33.1,0.1655
2026-07-15,7575.51,2026-08-07,23.0,7315.0,300.7,0.1728,33.7,0.1647
2026-07-15,7575.51,2026-08-07,23.0,7320.0,296.95,0.1731,34.4,0.1641
2026-07-15,7575.51,2026-08-07,23.0,7325.0,292.7,0.1724,35.15,0.1635
2026-07-15,7575.51,2026-08-07,23.0,7330.0,288.4,0.1716,35.65,0.1625
2026-07-15,7575.51,2026-08-07,23.0,7335.0,284.2,0.171,36.4,0.1619
2026-07-15,7575.51,2026-08-07,23.0,7340.0,280.1,0.1705,37.1,0.1611
2026-07-15,7575.51,2026-08-07,23.0,7345.0,275.8,0.1697,37.8,0.1604
2026-07-15,7575.51,2026-08-07,23.0,7350.0,271.3,0.1684,38.65,0.1599
2026-07-15,7575.51,2026-08-07,23.0,7355.0,267.1,0.1677,39.35,0.159
2026-07-15,7575.51,2026-08-07,23.0,7360.0,263.05,0.1672,40.1,0.1583
2026-07-15,7575.51,2026-08-07,23.0,7365.0,258.75,0.1662,40.9,0.1576
2026-07-15,7575.51,2026-08-07,23.0,7370.0,254.45,0.1653,41.7,0.1568
2026-07-15,7575.51,2026-08-07,23.0,7375.0,250.45,0.1648,42.55,0.1562
2026-07-15,7575.51,2026-08-07,23.0,7380.0,246.15,0.1637,43.4,0.1555
2026-07-15,7575.51,2026-08-07,23.0,7385.0,242.05,0.163,44.2,0.1546
2026-07-15,7575.51,2026-08-07,23.0,7390.0,237.95,0.1622,45.05,0.1539
2026-07-15,7575.51,2026-08-07,23.0,7395.0,233.85,0.1614,46.0,0.1532
2026-07-15,7575.51,2026-08-07,23.0,7400.0,229.75,0.1606,46.95,0.1525
2026-07-15,7575.51,2026-08-07,23.0,7405.0,225.85,0.1601,47.8,0.1517
2026-07-15,7575.51,2026-08-07,23.0,7410.0,221.95,0.1595,48.8,0.151
2026-07-15,7575.51,2026-08-07,23.0,7415.0,217.75,0.1584,49.8,0.1503
2026-07-15,7575.51,2026-08-07,23.0,7420.0,213.65,0.1575,50.8,0.1496
2026-07-15,7575.51,2026-08-07,23.0,7425.0,209.7,0.1567,51.85,0.1489
2026-07-15,7575.51,2026-08-07,23.0,7430.0,205.9,0.1562,52.8,0.148
2026-07-15,7575.51,2026-08-07,23.0,7435.0,201.3,0.1544,53.9,0.1474
2026-07-15,7575.51,2026-08-07,23.0,7440.0,198.0,0.1545,55.0,0.1466
2026-07-15,7575.51,2026-08-07,23.0,7445.0,194.1,0.1537,56.05,0.1458
2026-07-15,7575.51,2026-08-07,23.0,7450.0,190.3,0.153,57.2,0.1451
2026-07-15,7575.51,2026-08-07,23.0,7455.0,186.5,0.1523,58.3,0.1443
2026-07-15,7575.51,2026-08-07,23.0,7460.0,182.6,0.1514,59.5,0.1436
2026-07-15,7575.51,2026-08-07,23.0,7465.0,178.9,0.1507,60.7,0.1428
2026-07-15,7575.51,2026-08-07,23.0,7470.0,175.1,0.1499,61.9,0.142
2026-07-15,7575.51,2026-08-07,23.0,7475.0,171.35,0.1491,63.3,0.1415
2026-07-15,7575.51,2026-08-07,23.0,7480.0,167.7,0.1484,64.45,0.1405
2026-07-15,7575.51,2026-08-07,23.0,7485.0,164.0,0.1476,65.9,0.14
2026-07-15,7575.51,2026-08-07,23.0,7490.0,160.3,0.1468,67.15,0.1391
2026-07-15,7575.51,2026-08-07,23.0,7495.0,156.7,0.146,68.5,0.1383
2026-07-15,7575.51,2026-08-07,23.0,7500.0,153.1,0.1452,69.95,0.1376
2026-07-15,7575.51,2026-08-07,23.0,7505.0,149.6,0.1446,71.3,0.1367
2026-07-15,7575.51,2026-08-07,23.0,7510.0,146.1,0.1438,72.85,0.1361
2026-07-15,7575.51,2026-08-07,23.0,7515.0,142.6,0.1431,74.3,0.1353
2026-07-15,7575.51,2026-08-07,23.0,7520.0,139.1,0.1423,75.9,0.1346
2026-07-15,7575.51,2026-08-07,23.0,7525.0,135.65,0.1415,77.4,0.1337
2026-07-15,7575.51,2026-08-07,23.0,7530.0,132.3,0.1408,79.1,0.1331
2026-07-15,7575.51,2026-08-07,23.0,7535.0,128.9,0.14,80.65,0.1323
2026-07-15,7575.51,2026-08-07,23.0,7540.0,125.6,0.1393,82.3,0.1315
2026-07-15,7575.51,2026-08-07,23.0,7545.0,122.3,0.1385,84.0,0.1307
2026-07-15,7575.51,2026-08-07,23.0,7550.0,119.05,0.1378,85.75,0.1299
2026-07-15,7575.51,2026-08-07,23.0,7555.0,115.9,0.1371,87.5,0.1291
2026-07-15,7575.51,2026-08-07,23.0,7560.0,112.7,0.1364,89.3,0.1283
2026-07-15,7575.51,2026-08-07,23.0,7565.0,109.5,0.1355,91.1,0.1275
2026-07-15,7575.51,2026-08-07,23.0,7570.0,106.5,0.1349,93.1,0.1269
2026-07-15,7575.51,2026-08-07,23.0,7575.0,103.45,0.1342,95.05,0.1261
2026-07-15,7575.51,2026-08-07,23.0,7580.0,100.45,0.1335,96.9,0.1252
2026-07-15,7575.51,2026-08-07,23.0,7585.0,97.5,0.1328,99.1,0.1246
2026-07-15,7575.51,2026-08-07,23.0,7590.0,94.5,0.132,101.1,0.1238
2026-07-15,7575.51,2026-08-07,23.0,7595.0,91.7,0.1314,103.25,0.123
2026-07-15,7575.51,2026-08-07,23.0,7600.0,88.9,0.1308,105.3,0.1221
2026-07-15,7575.51,2026-08-07,23.0,7605.0,86.1,0.1301,107.5,0.1213
2026-07-15,7575.51,2026-08-07,23.0,7610.0,83.3,0.1293,109.85,0.1207
2026-07-15,7575.51,2026-08-07,23.0,7615.0,80.7,0.1288,112.1,0.1198
2026-07-15,7575.51,2026-08-07,23.0,7620.0,78.0,0.1281,114.5,0.1191
2026-07-15,7575.51,2026-08-07,23.0,7625.0,75.45,0.1275,116.85,0.1183
2026-07-15,7575.51,2026-08-07,23.0,7630.0,72.9,0.1268,119.3,0.1175
2026-07-15,7575.51,2026-08-07,23.0,7635.0,70.3,0.126,121.7,0.1166
2026-07-15,7575.51,2026-08-07,23.0,7640.0,67.9,0.1255,124.3,0.1158
2026-07-15,7575.51,2026-08-07,23.0,7645.0,65.5,0.1248,126.9,0.115
2026-07-15,7575.51,2026-08-07,23.0,7650.0,63.2,0.1243,129.5,0.1142
2026-07-15,7575.51,2026-08-07,23.0,7655.0,60.9,0.1237,132.2,0.1134
2026-07-15,7575.51,2026-08-07,23.0,7660.0,58.6,0.123,134.9,0.1125
2026-07-15,7575.51,2026-08-07,23.0,7665.0,56.45,0.1225,137.7,0.1116
2026-07-15,7575.51,2026-08-07,23.0,7670.0,54.3,0.1219,140.5,0.1107
2026-07-15,7575.51,2026-08-07,23.0,7675.0,52.2,0.1213,143.5,0.11
2026-07-15,7575.51,2026-08-07,23.0,7680.0,50.1,0.1206,146.5,0.1092
2026-07-15,7575.51,2026-08-07,23.0,7685.0,48.1,0.12,149.5,0.1083
2026-07-15,7575.51,2026-08-07,23.0,7690.0,46.2,0.1195,152.5,0.1073
2026-07-15,7575.51,2026-08-07,23.0,7695.0,44.3,0.119,155.5,0.1061
2026-07-15,7575.51,2026-08-07,23.0,7700.0,42.5,0.1185,158.9,0.1055
2026-07-15,7575.51,2026-08-07,23.0,7705.0,40.7,0.1179,162.2,0.1047
2026-07-15,7575.51,2026-08-07,23.0,7710.0,38.9,0.1173,165.3,0.1033
2026-07-15,7575.51,2026-08-07,23.0,7715.0,37.35,0.117,169.4,0.1037
2026-07-15,7575.51,2026-08-07,23.0,7720.0,35.65,0.1164,171.95,0.1011
2026-07-15,7575.51,2026-08-07,23.0,7725.0,34.05,0.1158,175.15,0.0995
2026-07-15,7575.51,2026-08-07,23.0,7730.0,32.65,0.1156,178.7,0.0983
2026-07-15,7575.51,2026-08-07,23.0,7740.0,29.65,0.1145,185.8,0.0954
2026-07-15,7575.51,2026-08-07,23.0,7750.0,26.95,0.1136,192.95,0.0914
2026-07-15,7575.51,2026-08-07,23.0,7760.0,24.4,0.1127,200.7,0.0873
2026-07-15,7575.51,2026-08-07,23.0,7770.0,22.1,0.1119,208.3,0.0784
2026-07-15,7575.51,2026-08-07,23.0,7775.0,20.95,0.1114,212.1,0.0798
2026-07-15,7575.51,2026-08-07,23.0,7780.0,19.95,0.1111,215.95,0.0812
2026-07-15,7575.51,2026-08-07,23.0,7790.0,17.95,0.1104,,
2026-07-15,7575.51,2026-08-07,23.0,7800.0,16.1,0.1096,,
2026-07-15,7575.51,2026-08-07,23.0,7810.0,14.45,0.109,,
2026-07-15,7575.51,2026-08-07,23.0,7820.0,12.9,0.1083,,
2026-07-15,7575.51,2026-08-07,23.0,7825.0,12.2,0.1081,,
2026-07-15,7575.51,2026-08-07,23.0,7830.0,11.5,0.1077,,
2026-07-15,7575.51,2026-08-07,23.0,7840.0,10.25,0.1072,,
2026-07-15,7575.51,2026-08-07,23.0,7850.0,9.1,0.1066,,
2026-07-15,7575.51,2026-08-07,23.0,7860.0,8.1,0.1062,,
2026-07-15,7575.51,2026-08-07,23.0,7870.0,7.2,0.1059,,
2026-07-15,7575.51,2026-08-07,23.0,7875.0,6.8,0.1058,,
2026-07-15,7575.51,2026-08-07,23.0,7880.0,6.4,0.1056,,
2026-07-15,7575.51,2026-08-07,23.0,7890.0,5.7,0.1054,,
2026-07-15,7575.51,2026-08-07,23.0,7900.0,5.1,0.1054,,
2026-07-15,7575.51,2026-08-07,23.0,7910.0,4.5,0.1051,,
2026-07-15,7575.51,2026-08-07,23.0,7920.0,4.0,0.105,,
2026-07-15,7575.51,2026-08-07,23.0,7925.0,3.8,0.1051,,
2026-07-15,7575.51,2026-08-07,23.0,7930.0,3.6,0.1052,,
2026-07-15,7575.51,2026-08-07,23.0,7940.0,3.2,0.1052,,
2026-07-15,7575.51,2026-08-07,23.0,7950.0,2.88,0.1054,,
2026-07-15,7575.51,2026-08-07,23.0,7975.0,2.22,0.1063,,
2026-07-15,7575.51,2026-08-07,23.0,8000.0,1.75,0.1074,,
2026-07-15,7575.51,2026-08-07,23.0,8025.0,1.43,0.1091,,
2026-07-15,7575.51,2026-08-07,23.0,8050.0,1.18,0.111,,
2026-07-15,7575.51,2026-08-07,23.0,8075.0,0.98,0.113,,
2026-07-15,7575.51,2026-08-07,23.0,8100.0,0.85,0.1156,,
2026-07-15,7575.51,2026-08-07,23.0,8125.0,0.73,0.1178,,
2026-07-15,7575.51,2026-08-07,23.0,8150.0,0.65,0.1207,,
2026-07-15,7575.51,2026-08-07,23.0,8175.0,0.55,0.1227,,
2026-07-15,7575.51,2026-08-07,23.0,8200.0,0.5,0.1256,,
2026-07-15,7575.51,2026-08-07,23.0,8225.0,0.45,0.1283,,
2026-07-15,7575.51,2026-08-07,23.0,8250.0,0.4,0.1308,,
2026-07-15,7575.51,2026-08-07,23.0,8300.0,0.35,0.1371,,
2026-07-15,7575.51,2026-08-07,23.0,8350.0,0.3,0.1428,,
2026-07-15,7575.51,2026-08-07,23.0,8400.0,0.25,0.148,,
2026-07-15,7575.51,2026-08-07,23.0,8500.0,0.17,0.1578,,
2026-07-15,7575.51,2026-08-07,23.0,8600.0,0.15,0.1699,,
2026-07-15,7575.51,2026-08-10,26.0,5800.0,1779.25,0.4378,1.77,0.4116
2026-07-15,7575.51,2026-08-10,26.0,6000.0,1579.15,0.3765,2.28,0.3761
2026-07-15,7575.51,2026-08-10,26.0,6100.0,1479.7,0.3584,2.62,0.359
2026-07-15,7575.51,2026-08-10,26.0,6200.0,1380.75,0.3471,3.03,0.3417
2026-07-15,7575.51,2026-08-10,26.0,6300.0,1281.35,0.3274,3.5,0.3245
2026-07-15,7575.51,2026-08-10,26.0,6400.0,1182.05,0.3083,4.0,0.3063
2026-07-15,7575.51,2026-08-10,26.0,6450.0,1132.55,0.3,4.35,0.2979
2026-07-15,7575.51,2026-08-10,26.0,6475.0,1108.15,0.2991,4.55,0.2939
2026-07-15,7575.51,2026-08-10,26.0,6500.0,1083.75,0.2977,4.7,0.2892
2026-07-15,7575.51,2026-08-10,26.0,6525.0,1059.35,0.2958,4.9,0.2849
2026-07-15,7575.51,2026-08-10,26.0,6550.0,1034.35,0.2889,5.1,0.2805
2026-07-15,7575.51,2026-08-10,26.0,6575.0,1008.55,0.2754,5.35,0.2764
2026-07-15,7575.51,2026-08-10,26.0,6600.0,984.95,0.2798,5.55,0.2718
2026-07-15,7575.51,2026-08-10,26.0,6625.0,961.0,0.2803,5.8,0.2676
2026-07-15,7575.51,2026-08-10,26.0,6650.0,935.85,0.2724,6.05,0.2632
2026-07-15,7575.51,2026-08-10,26.0,6675.0,910.25,0.2613,6.35,0.259
2026-07-15,7575.51,2026-08-10,26.0,6700.0,886.95,0.2655,6.65,0.2547
2026-07-15,7575.51,2026-08-10,26.0,6725.0,861.75,0.2573,6.95,0.2503
2026-07-15,7575.51,2026-08-10,26.0,6750.0,836.45,0.2485,7.35,0.2464
2026-07-15,7575.51,2026-08-10,26.0,6775.0,812.95,0.2501,7.75,0.2423
2026-07-15,7575.51,2026-08-10,26.0,6800.0,788.15,0.2442,8.15,0.238
2026-07-15,7575.51,2026-08-10,26.0,6825.0,763.85,0.2407,8.6,0.2339
2026-07-15,7575.51,2026-08-10,26.0,6850.0,738.75,0.2331,9.1,0.2298
2026-07-15,7575.51,2026-08-10,26.0,6875.0,714.85,0.2312,9.65,0.2258
2026-07-15,7575.51,2026-08-10,26.0,6900.0,691.3,0.2304,10.25,0.2219
2026-07-15,7575.51,2026-08-10,26.0,6925.0,666.95,0.2257,10.9,0.2179
2026-07-15,7575.51,2026-08-10,26.0,6950.0,642.6,0.2209,11.6,0.2139
2026-07-15,7575.51,2026-08-10,26.0,6975.0,617.75,0.2141,12.4,0.2101
2026-07-15,7575.51,2026-08-10,26.0,7000.0,594.1,0.2116,13.25,0.2062
2026-07-15,7575.51,2026-08-10,26.0,7025.0,570.35,0.2083,14.25,0.2025
2026-07-15,7575.51,2026-08-10,26.0,7050.0,546.6,0.2046,15.3,0.1987
2026-07-15,7575.51,2026-08-10,26.0,7075.0,523.8,0.2035,16.45,0.195
2026-07-15,7575.51,2026-08-10,26.0,7100.0,499.45,0.1974,17.75,0.1913
2026-07-15,7575.51,2026-08-10,26.0,7125.0,476.15,0.194,19.2,0.1877
2026-07-15,7575.51,2026-08-10,26.0,7150.0,452.85,0.1902,20.8,0.1841
2026-07-15,7575.51,2026-08-10,26.0,7175.0,429.45,0.1858,22.5,0.1804
2026-07-15,7575.51,2026-08-10,26.0,7200.0,406.65,0.1824,24.5,0.177
2026-07-15,7575.51,2026-08-10,26.0,7220.0,387.55,0.1776,26.2,0.1741
2026-07-15,7575.51,2026-08-10,26.0,7225.0,384.05,0.179,26.7,0.1735
2026-07-15,7575.51,2026-08-10,26.0,7230.0,378.9,0.177,27.1,0.1727
2026-07-15,7575.51,2026-08-10,26.0,7240.0,369.9,0.1755,28.1,0.1714
2026-07-15,7575.51,2026-08-10,26.0,7250.0,361.5,0.1753,29.1,0.17
2026-07-15,7575.51,2026-08-10,26.0,7260.0,351.65,0.172,30.1,0.1685
2026-07-15,7575.51,2026-08-10,26.0,7270.0,343.15,0.1713,31.2,0.1672
2026-07-15,7575.51,2026-08-10,26.0,7275.0,339.25,0.1716,31.75,0.1665
2026-07-15,7575.51,2026-08-10,26.0,7280.0,334.25,0.1698,32.4,0.166
2026-07-15,7575.51,2026-08-10,26.0,7290.0,325.5,0.1684,33.5,0.1644
2026-07-15,7575.51,2026-08-10,26.0,7300.0,317.1,0.1676,34.8,0.1632
2026-07-15,7575.51,2026-08-10,26.0,7310.0,307.95,0.1654,36.05,0.1617
2026-07-15,7575.51,2026-08-10,26.0,7320.0,299.45,0.1642,37.3,0.1602
2026-07-15,7575.51,2026-08-10,26.0,7325.0,295.75,0.1645,38.05,0.1596
2026-07-15,7575.51,2026-08-10,26.0,7330.0,291.45,0.1638,38.8,0.159
2026-07-15,7575.51,2026-08-10,26.0,7340.0,282.65,0.1619,40.2,0.1576
2026-07-15,7575.51,2026-08-10,26.0,7350.0,274.05,0.1602,41.75,0.1563
2026-07-15,7575.51,2026-08-10,26.0,7360.0,265.7,0.1589,43.3,0.1549
2026-07-15,7575.51,2026-08-10,26.0,7370.0,257.5,0.1577,44.95,0.1535
2026-07-15,7575.51,2026-08-10,26.0,7375.0,253.35,0.157,45.9,0.153
2026-07-15,7575.51,2026-08-10,26.0,7380.0,249.35,0.1564,46.65,0.1521
2026-07-15,7575.51,2026-08-10,26.0,7390.0,241.3,0.1552,48.5,0.1508
2026-07-15,7575.51,2026-08-10,26.0,7400.0,232.95,0.1535,50.25,0.1493
2026-07-15,7575.51,2026-08-10,26.0,7410.0,224.95,0.1521,52.3,0.1481
2026-07-15,7575.51,2026-08-10,26.0,7420.0,217.2,0.151,54.25,0.1466
2026-07-15,7575.51,2026-08-10,26.0,7425.0,213.25,0.1503,55.25,0.1458
2026-07-15,7575.51,2026-08-10,26.0,7430.0,208.75,0.1488,56.35,0.1452
2026-07-15,7575.51,2026-08-10,26.0,7440.0,201.6,0.1483,58.5,0.1437
2026-07-15,7575.51,2026-08-10,26.0,7450.0,193.9,0.1469,60.7,0.1422
2026-07-15,7575.51,2026-08-10,26.0,7460.0,186.3,0.1454,63.1,0.1409
2026-07-15,7575.51,2026-08-10,26.0,7470.0,178.75,0.144,65.5,0.1393
2026-07-15,7575.51,2026-08-10,26.0,7475.0,175.0,0.1432,66.85,0.1387
2026-07-15,7575.51,2026-08-10,26.0,7480.0,171.35,0.1426,68.1,0.138
2026-07-15,7575.51,2026-08-10,26.0,7490.0,164.1,0.1412,70.8,0.1366
2026-07-15,7575.51,2026-08-10,26.0,7500.0,156.9,0.1398,73.6,0.1351
2026-07-15,7575.51,2026-08-10,26.0,7510.0,149.9,0.1385,76.5,0.1337
2026-07-15,7575.51,2026-08-10,26.0,7520.0,142.9,0.137,79.5,0.1322
2026-07-15,7575.51,2026-08-10,26.0,7525.0,139.5,0.1363,81.1,0.1315
2026-07-15,7575.51,2026-08-10,26.0,7530.0,136.1,0.1356,82.7,0.1308
2026-07-15,7575.51,2026-08-10,26.0,7540.0,129.4,0.1342,86.1,0.1295
2026-07-15,7575.51,2026-08-10,26.0,7550.0,122.9,0.1329,89.5,0.128
2026-07-15,7575.51,2026-08-10,26.0,7560.0,116.5,0.1315,93.1,0.1266
2026-07-15,7575.51,2026-08-10,26.0,7570.0,110.3,0.1302,96.9,0.1252
2026-07-15,7575.51,2026-08-10,26.0,7575.0,107.25,0.1296,98.7,0.1243
2026-07-15,7575.51,2026-08-10,26.0,7580.0,104.25,0.1289,100.7,0.1236
2026-07-15,7575.51,2026-08-10,26.0,7590.0,98.3,0.1276,104.8,0.1222
2026-07-15,7575.51,2026-08-10,26.0,7600.0,92.5,0.1262,109.0,0.1207
2026-07-15,7575.51,2026-08-10,26.0,7610.0,87.05,0.1251,113.4,0.1192
2026-07-15,7575.51,2026-08-10,26.0,7620.0,81.7,0.1239,118.0,0.1178
2026-07-15,7575.51,2026-08-10,26.0,7625.0,79.1,0.1233,120.4,0.1171
2026-07-15,7575.51,2026-08-10,26.0,7630.0,76.5,0.1226,122.8,0.1163
2026-07-15,7575.51,2026-08-10,26.0,7640.0,71.5,0.1215,127.8,0.1149
2026-07-15,7575.51,2026-08-10,26.0,7650.0,66.7,0.1203,133.0,0.1134
2026-07-15,7575.51,2026-08-10,26.0,7660.0,62.1,0.1192,138.3,0.1118
2026-07-15,7575.51,2026-08-10,26.0,7670.0,57.6,0.118,143.9,0.1103
2026-07-15,7575.51,2026-08-10,26.0,7675.0,55.5,0.1175,146.7,0.1095
2026-07-15,7575.51,2026-08-10,26.0,7680.0,53.4,0.1169,149.7,0.1088
2026-07-15,7575.51,2026-08-10,26.0,7690.0,49.3,0.1157,155.6,0.1071
2026-07-15,7575.51,2026-08-10,26.0,7700.0,45.7,0.115,161.7,0.1052
2026-07-15,7575.51,2026-08-10,26.0,7725.0,36.9,0.1124,178.5,0.1014
2026-07-15,7575.51,2026-08-10,26.0,7750.0,29.55,0.1103,195.75,0.0948
2026-07-15,7575.51,2026-08-10,26.0,7775.0,23.35,0.1084,214.45,0.0832
2026-07-15,7575.51,2026-08-10,26.0,7800.0,18.1,0.1065,,
2026-07-15,7575.51,2026-08-10,26.0,7825.0,13.9,0.105,,
2026-07-15,7575.51,2026-08-10,26.0,7850.0,10.5,0.1036,,
2026-07-15,7575.51,2026-08-10,26.0,7875.0,7.9,0.1025,,
2026-07-15,7575.51,2026-08-10,26.0,7900.0,5.95,0.102,,
2026-07-15,7575.51,2026-08-10,26.0,7925.0,4.45,0.1015,,
2026-07-15,7575.51,2026-08-10,26.0,7950.0,3.45,0.102,,
2026-07-15,7575.51,2026-08-10,26.0,7975.0,2.62,0.1023,,
2026-07-15,7575.51,2026-08-10,26.0,8000.0,2.05,0.1031,,
2026-07-15,7575.51,2026-08-10,26.0,8025.0,1.65,0.1045,,
2026-07-15,7575.51,2026-08-10,26.0,8050.0,1.35,0.1061,,
2026-07-15,7575.51,2026-08-10,26.0,8075.0,1.15,0.1082,,
2026-07-15,7575.51,2026-08-10,26.0,8100.0,0.98,0.1103,,
2026-07-15,7575.51,2026-08-10,26.0,8200.0,0.57,0.1197,,
2026-07-15,7575.51,2026-08-10,26.0,8300.0,0.38,0.1295,,
2026-07-15,7575.51,2026-08-10,26.0,8400.0,0.28,0.1401,,
2026-07-15,7575.51,2026-08-10,26.0,8600.0,0.15,0.1595,,
2026-07-15,7575.51,2026-08-11,27.0,5800.0,1779.35,0.42,1.93,0.408
2026-07-15,7575.51,2026-08-11,27.0,6000.0,1580.55,0.3845,2.53,0.3741
2026-07-15,7575.51,2026-08-11,27.0,6100.0,1481.45,0.3699,2.88,0.3567
2026-07-15,7575.51,2026-08-11,27.0,6200.0,1381.95,0.3487,3.3,0.3396
2026-07-15,7575.51,2026-08-11,27.0,6300.0,1283.0,0.3334,3.8,0.3223
2026-07-15,7575.51,2026-08-11,27.0,6400.0,1183.75,0.3136,4.4,0.3051
2026-07-15,7575.51,2026-08-11,27.0,6450.0,1133.1,0.2936,4.8,0.297
2026-07-15,7575.51,2026-08-11,27.0,6475.0,1109.55,0.3004,5.0,0.2928
2026-07-15,7575.51,2026-08-11,27.0,6500.0,1084.35,0.2919,5.15,0.2881
2026-07-15,7575.51,2026-08-11,27.0,6525.0,1060.25,0.2925,5.4,0.2841
2026-07-15,7575.51,2026-08-11,27.0,6550.0,1034.6,0.2805,5.6,0.2797
2026-07-15,7575.51,2026-08-11,27.0,6575.0,1009.75,0.275,5.85,0.2755
2026-07-15,7575.51,2026-08-11,27.0,6600.0,986.05,0.2779,6.1,0.2712
2026-07-15,7575.51,2026-08-11,27.0,6625.0,960.85,0.2697,6.35,0.2668
2026-07-15,7575.51,2026-08-11,27.0,6650.0,936.15,0.265,6.65,0.2627
2026-07-15,7575.51,2026-08-11,27.0,6675.0,911.45,0.2602,6.95,0.2584
2026-07-15,7575.51,2026-08-11,27.0,6700.0,887.65,0.2609,7.3,0.2544
2026-07-15,7575.51,2026-08-11,27.0,6725.0,862.95,0.2557,7.65,0.2501
2026-07-15,7575.51,2026-08-11,27.0,6750.0,838.45,0.2516,8.05,0.2461
2026-07-15,7575.51,2026-08-11,27.0,6775.0,813.95,0.2474,8.45,0.2419
2026-07-15,7575.51,2026-08-11,27.0,6800.0,789.65,0.244,8.95,0.2381
2026-07-15,7575.51,2026-08-11,27.0,6825.0,765.0,0.2387,9.4,0.2338
2026-07-15,7575.51,2026-08-11,27.0,6850.0,740.15,0.2324,9.95,0.2299
2026-07-15,7575.51,2026-08-11,27.0,6875.0,715.85,0.2285,10.55,0.2259
2026-07-15,7575.51,2026-08-11,27.0,6900.0,692.2,0.2271,11.15,0.2218
2026-07-15,7575.51,2026-08-11,27.0,6925.0,668.5,0.225,11.9,0.2181
2026-07-15,7575.51,2026-08-11,27.0,6950.0,644.35,0.2209,12.65,0.2142
2026-07-15,7575.51,2026-08-11,27.0,6975.0,620.45,0.2175,13.5,0.2104
2026-07-15,7575.51,2026-08-11,27.0,7000.0,595.25,0.2094,14.4,0.2066
2026-07-15,7575.51,2026-08-11,27.0,7025.0,572.45,0.209,15.45,0.2029
2026-07-15,7575.51,2026-08-11,27.0,7050.0,548.45,0.2045,16.55,0.1991
2026-07-15,7575.51,2026-08-11,27.0,7075.0,524.5,0.1999,17.8,0.1955
2026-07-15,7575.51,2026-08-11,27.0,7100.0,501.25,0.1969,19.2,0.192
2026-07-15,7575.51,2026-08-11,27.0,7125.0,478.1,0.1938,20.7,0.1884
2026-07-15,7575.51,2026-08-11,27.0,7150.0,454.7,0.1896,22.3,0.1846
2026-07-15,7575.51,2026-08-11,27.0,7175.0,432.0,0.1868,24.2,0.1812
2026-07-15,7575.51,2026-08-11,27.0,7200.0,408.85,0.1825,26.2,0.1777
2026-07-15,7575.51,2026-08-11,27.0,7225.0,386.15,0.1788,28.5,0.1743
2026-07-15,7575.51,2026-08-11,27.0,7250.0,363.6,0.1749,31.0,0.1708
2026-07-15,7575.51,2026-08-11,27.0,7260.0,354.85,0.1738,32.1,0.1695
2026-07-15,7575.51,2026-08-11,27.0,7270.0,346.0,0.1724,33.2,0.1681
2026-07-15,7575.51,2026-08-11,27.0,7275.0,341.95,0.1723,33.7,0.1673
2026-07-15,7575.51,2026-08-11,27.0,7280.0,337.4,0.1713,34.35,0.1667
2026-07-15,7575.51,2026-08-11,27.0,7290.0,328.8,0.1702,35.6,0.1654
2026-07-15,7575.51,2026-08-11,27.0,7300.0,319.8,0.1682,36.8,0.1639
2026-07-15,7575.51,2026-08-11,27.0,7310.0,311.2,0.1669,38.15,0.1626
2026-07-15,7575.51,2026-08-11,27.0,7320.0,302.85,0.1659,39.55,0.1613
2026-07-15,7575.51,2026-08-11,27.0,7325.0,298.65,0.1653,40.25,0.1606
2026-07-15,7575.51,2026-08-11,27.0,7330.0,293.9,0.1638,40.95,0.1599
2026-07-15,7575.51,2026-08-11,27.0,7340.0,285.75,0.163,42.4,0.1585
2026-07-15,7575.51,2026-08-11,27.0,7350.0,276.95,0.161,44.0,0.1572
2026-07-15,7575.51,2026-08-11,27.0,7360.0,268.8,0.1599,45.55,0.1558
2026-07-15,7575.51,2026-08-11,27.0,7370.0,260.35,0.1583,47.3,0.1545
2026-07-15,7575.51,2026-08-11,27.0,7375.0,256.3,0.1577,48.1,0.1537
2026-07-15,7575.51,2026-08-11,27.0,7380.0,252.35,0.1572,48.9,0.1529
2026-07-15,7575.51,2026-08-11,27.0,7390.0,244.15,0.1558,50.7,0.1516
2026-07-15,7575.51,2026-08-11,27.0,7400.0,236.25,0.1547,52.65,0.1503
2026-07-15,7575.51,2026-08-11,27.0,7410.0,228.05,0.153,54.7,0.149
2026-07-15,7575.51,2026-08-11,27.0,7420.0,220.25,0.1518,56.65,0.1475
2026-07-15,7575.51,2026-08-11,27.0,7425.0,215.85,0.1504,57.65,0.1468
2026-07-15,7575.51,2026-08-11,27.0,7430.0,212.4,0.1504,58.7,0.146
2026-07-15,7575.51,2026-08-11,27.0,7440.0,204.7,0.1491,60.9,0.1446
2026-07-15,7575.51,2026-08-11,27.0,7450.0,197.0,0.1477,63.25,0.1433
2026-07-15,7575.51,2026-08-11,27.0,7460.0,189.4,0.1462,65.55,0.1418
2026-07-15,7575.51,2026-08-11,27.0,7470.0,182.0,0.1449,68.1,0.1405
2026-07-15,7575.51,2026-08-11,27.0,7475.0,178.2,0.1441,69.3,0.1397
2026-07-15,7575.51,2026-08-11,27.0,7480.0,174.6,0.1435,70.7,0.1391
2026-07-15,7575.51,2026-08-11,27.0,7490.0,167.3,0.1421,73.3,0.1375
2026-07-15,7575.51,2026-08-11,27.0,7500.0,160.2,0.1408,76.1,0.1361
2026-07-15,7575.51,2026-08-11,27.0,7510.0,153.1,0.1394,79.1,0.1348
2026-07-15,7575.51,2026-08-11,27.0,7520.0,146.2,0.138,82.1,0.1333
2026-07-15,7575.51,2026-08-11,27.0,7525.0,142.7,0.1372,83.7,0.1326
2026-07-15,7575.51,2026-08-11,27.0,7530.0,139.4,0.1367,85.3,0.1319
2026-07-15,7575.51,2026-08-11,27.0,7540.0,132.7,0.1353,88.7,0.1306
2026-07-15,7575.51,2026-08-11,27.0,7550.0,126.2,0.134,92.1,0.1291
2026-07-15,7575.51,2026-08-11,27.0,7560.0,119.8,0.1326,95.7,0.1277
2026-07-15,7575.51,2026-08-11,27.0,7570.0,113.45,0.1312,99.4,0.1263
2026-07-15,7575.51,2026-08-11,27.0,7575.0,110.45,0.1306,101.25,0.1255
2026-07-15,7575.51,2026-08-11,27.0,7580.0,107.45,0.13,103.3,0.1249
2026-07-15,7575.51,2026-08-11,27.0,7590.0,101.5,0.1286,107.3,0.1234
2026-07-15,7575.51,2026-08-11,27.0,7600.0,95.75,0.1274,111.5,0.1219
2026-07-15,7575.51,2026-08-11,27.0,7610.0,90.1,0.1261,116.0,0.1206
2026-07-15,7575.51,2026-08-11,27.0,7620.0,84.7,0.1248,120.5,0.1191
2026-07-15,7575.51,2026-08-11,27.0,7625.0,82.25,0.1245,122.9,0.1184
2026-07-15,7575.51,2026-08-11,27.0,7630.0,79.55,0.1237,125.3,0.1177
2026-07-15,7575.51,2026-08-11,27.0,7640.0,74.55,0.1226,130.2,0.1162
2026-07-15,7575.51,2026-08-11,27.0,7650.0,69.7,0.1215,135.3,0.1147
2026-07-15,7575.51,2026-08-11,27.0,7660.0,65.1,0.1204,140.6,0.1132
2026-07-15,7575.51,2026-08-11,27.0,7670.0,60.5,0.1192,146.1,0.1117
2026-07-15,7575.51,2026-08-11,27.0,7675.0,58.35,0.1186,149.0,0.111
2026-07-15,7575.51,2026-08-11,27.0,7680.0,56.3,0.1182,151.8,0.1102
2026-07-15,7575.51,2026-08-11,27.0,7690.0,52.15,0.1171,157.7,0.1086
2026-07-15,7575.51,2026-08-11,27.0,7700.0,48.3,0.1161,163.8,0.1069
2026-07-15,7575.51,2026-08-11,27.0,7725.0,39.5,0.1138,180.2,0.103
2026-07-15,7575.51,2026-08-11,27.0,7750.0,31.8,0.1115,197.35,0.0971
2026-07-15,7575.51,2026-08-11,27.0,7775.0,25.3,0.1095,215.5,0.0869
2026-07-15,7575.51,2026-08-11,27.0,7800.0,19.9,0.1078,,
2026-07-15,7575.51,2026-08-11,27.0,7825.0,15.35,0.106,,
2026-07-15,7575.51,2026-08-11,27.0,7850.0,11.8,0.1048,,
2026-07-15,7575.51,2026-08-11,27.0,7875.0,8.95,0.1036,,
2026-07-15,7575.51,2026-08-11,27.0,7900.0,6.75,0.1028,,
2026-07-15,7575.51,2026-08-11,27.0,7925.0,5.1,0.1023,,
2026-07-15,7575.51,2026-08-11,27.0,7950.0,3.85,0.1021,,
2026-07-15,7575.51,2026-08-11,27.0,7975.0,3.0,0.1026,,
2026-07-15,7575.51,2026-08-11,27.0,8000.0,2.35,0.1033,,
2026-07-15,7575.51,2026-08-11,27.0,8025.0,1.85,0.1042,,
2026-07-15,7575.51,2026-08-11,27.0,8050.0,1.52,0.1058,,
2026-07-15,7575.51,2026-08-11,27.0,8075.0,1.25,0.1073,,
2026-07-15,7575.51,2026-08-11,27.0,8100.0,1.07,0.1095,,
2026-07-15,7575.51,2026-08-11,27.0,8200.0,0.62,0.1185,,
2026-07-15,7575.51,2026-08-11,27.0,8300.0,0.42,0.1287,,
2026-07-15,7575.51,2026-08-11,27.0,8400.0,0.28,0.1374,,
2026-07-15,7575.51,2026-08-11,27.0,8600.0,0.15,0.1564,,
2026-07-15,7575.51,2026-08-12,28.0,5800.0,1780.25,0.4193,2.15,0.4062
2026-07-15,7575.51,2026-08-12,28.0,6000.0,1581.65,0.3856,2.8,0.3725
2026-07-15,7575.51,2026-08-12,28.0,6100.0,1483.05,0.3761,3.2,0.3556
2026-07-15,7575.51,2026-08-12,28.0,6200.0,1382.9,0.3466,3.65,0.3384
2026-07-15,7575.51,2026-08-12,28.0,6300.0,1284.9,0.34,4.2,0.3214
2026-07-15,7575.51,2026-08-12,28.0,6400.0,1184.45,0.3087,4.9,0.3048
2026-07-15,7575.51,2026-08-12,28.0,6450.0,1135.45,0.304,5.25,0.296
2026-07-15,7575.51,2026-08-12,28.0,6475.0,1110.7,0.2993,5.45,0.2917
2026-07-15,7575.51,2026-08-12,28.0,6500.0,1086.8,0.3008,5.7,0.2878
2026-07-15,7575.51,2026-08-12,28.0,6525.0,1061.35,0.2908,5.9,0.2833
2026-07-15,7575.51,2026-08-12,28.0,6550.0,1036.15,0.2825,6.15,0.2791
2026-07-15,7575.51,2026-08-12,28.0,6575.0,1011.85,0.2808,6.45,0.2752
2026-07-15,7575.51,2026-08-12,28.0,6600.0,987.35,0.2774,6.7,0.2708
2026-07-15,7575.51,2026-08-12,28.0,6625.0,962.15,0.2694,6.95,0.2664
2026-07-15,7575.51,2026-08-12,28.0,6650.0,938.15,0.2689,7.3,0.2624
2026-07-15,7575.51,2026-08-12,28.0,6675.0,913.05,0.2615,7.65,0.2584
2026-07-15,7575.51,2026-08-12,28.0,6700.0,890.4,0.2677,7.95,0.2539
2026-07-15,7575.51,2026-08-12,28.0,6725.0,864.35,0.2553,8.35,0.2499
2026-07-15,7575.51,2026-08-12,28.0,6750.0,840.0,0.2519,8.8,0.246
2026-07-15,7575.51,2026-08-12,28.0,6775.0,815.55,0.2477,9.25,0.2419
2026-07-15,7575.51,2026-08-12,28.0,6800.0,792.45,0.2495,9.75,0.238
2026-07-15,7575.51,2026-08-12,28.0,6825.0,766.55,0.2385,10.3,0.2341
2026-07-15,7575.51,2026-08-12,28.0,6850.0,742.05,0.2338,10.9,0.2302
2026-07-15,7575.51,2026-08-12,28.0,6875.0,717.95,0.2305,11.55,0.2264
2026-07-15,7575.51,2026-08-12,28.0,6900.0,693.7,0.2264,12.25,0.2225
2026-07-15,7575.51,2026-08-12,28.0,6925.0,671.1,0.2281,13.0,0.2187
2026-07-15,7575.51,2026-08-12,28.0,6950.0,645.55,0.2189,13.8,0.2148
2026-07-15,7575.51,2026-08-12,28.0,6975.0,621.55,0.2151,14.7,0.211
2026-07-15,7575.51,2026-08-12,28.0,7000.0,597.95,0.2123,15.7,0.2073
2026-07-15,7575.51,2026-08-12,28.0,7025.0,573.85,0.2076,16.85,0.2039
2026-07-15,7575.51,2026-08-12,28.0,7050.0,550.95,0.2062,18.0,0.2001
2026-07-15,7575.51,2026-08-12,28.0,7075.0,527.45,0.2026,19.4,0.1967
2026-07-15,7575.51,2026-08-12,28.0,7100.0,504.05,0.1989,20.8,0.193
2026-07-15,7575.51,2026-08-12,28.0,7125.0,480.8,0.1953,22.4,0.1895
2026-07-15,7575.51,2026-08-12,28.0,7150.0,457.65,0.1916,24.2,0.186
2026-07-15,7575.51,2026-08-12,28.0,7175.0,434.7,0.188,26.1,0.1825
2026-07-15,7575.51,2026-08-12,28.0,7200.0,411.75,0.184,28.3,0.1792
2026-07-15,7575.51,2026-08-12,28.0,7225.0,389.25,0.1805,30.7,0.1758
2026-07-15,7575.51,2026-08-12,28.0,7250.0,366.95,0.177,33.3,0.1724
2026-07-15,7575.51,2026-08-12,28.0,7275.0,344.8,0.1733,36.15,0.1689
2026-07-15,7575.51,2026-08-12,28.0,7300.0,323.35,0.1703,39.35,0.1656
2026-07-15,7575.51,2026-08-12,28.0,7325.0,301.8,0.1666,42.85,0.1622
2026-07-15,7575.51,2026-08-12,28.0,7340.0,289.3,0.1648,45.15,0.1603
2026-07-15,7575.51,2026-08-12,28.0,7350.0,280.9,0.1634,46.75,0.1589
2026-07-15,7575.51,2026-08-12,28.0,7360.0,272.6,0.162,48.3,0.1574
2026-07-15,7575.51,2026-08-12,28.0,7370.0,264.05,0.1602,50.05,0.1561
2026-07-15,7575.51,2026-08-12,28.0,7375.0,260.0,0.1596,50.9,0.1554
2026-07-15,7575.51,2026-08-12,28.0,7380.0,255.85,0.1588,51.85,0.1548
2026-07-15,7575.51,2026-08-12,28.0,7390.0,247.65,0.1573,53.7,0.1535
2026-07-15,7575.51,2026-08-12,28.0,7400.0,239.7,0.1561,55.7,0.1522
2026-07-15,7575.51,2026-08-12,28.0,7410.0,231.65,0.1546,57.7,0.1508
2026-07-15,7575.51,2026-08-12,28.0,7420.0,224.0,0.1535,59.7,0.1494
2026-07-15,7575.51,2026-08-12,28.0,7425.0,219.55,0.1521,60.7,0.1486
2026-07-15,7575.51,2026-08-12,28.0,7430.0,216.2,0.1522,61.85,0.148
2026-07-15,7575.51,2026-08-12,28.0,7440.0,208.6,0.151,64.05,0.1466
2026-07-15,7575.51,2026-08-12,28.0,7450.0,200.9,0.1495,66.4,0.1452
2026-07-15,7575.51,2026-08-12,28.0,7460.0,193.4,0.1482,68.7,0.1437
2026-07-15,7575.51,2026-08-12,28.0,7470.0,185.9,0.1468,71.3,0.1424
2026-07-15,7575.51,2026-08-12,28.0,7475.0,182.2,0.1461,72.5,0.1416
2026-07-15,7575.51,2026-08-12,28.0,7480.0,178.5,0.1453,73.9,0.141
2026-07-15,7575.51,2026-08-12,28.0,7490.0,171.3,0.144,76.65,0.1396
2026-07-15,7575.51,2026-08-12,28.0,7500.0,164.1,0.1426,79.35,0.138
2026-07-15,7575.51,2026-08-12,28.0,7510.0,157.1,0.1413,82.4,0.1368
2026-07-15,7575.51,2026-08-12,28.0,7520.0,150.2,0.1399,85.5,0.1354
2026-07-15,7575.51,2026-08-12,28.0,7525.0,146.7,0.1391,86.9,0.1345
2026-07-15,7575.51,2026-08-12,28.0,7530.0,143.4,0.1386,88.6,0.1339
2026-07-15,7575.51,2026-08-12,28.0,7540.0,136.7,0.1372,91.9,0.1325
2026-07-15,7575.51,2026-08-12,28.0,7550.0,130.2,0.1359,95.4,0.1312
2026-07-15,7575.51,2026-08-12,28.0,7560.0,123.8,0.1346,98.9,0.1296
2026-07-15,7575.51,2026-08-12,28.0,7570.0,117.55,0.1333,102.7,0.1283
2026-07-15,7575.51,2026-08-12,28.0,7575.0,114.5,0.1326,104.6,0.1276
2026-07-15,7575.51,2026-08-12,28.0,7580.0,111.5,0.132,106.6,0.1269
2026-07-15,7575.51,2026-08-12,28.0,7590.0,105.5,0.1307,110.6,0.1255
2026-07-15,7575.51,2026-08-12,28.0,7600.0,99.85,0.1296,114.7,0.124
2026-07-15,7575.51,2026-08-12,28.0,7610.0,94.15,0.1282,119.2,0.1227
2026-07-15,7575.51,2026-08-12,28.0,7620.0,88.7,0.127,123.7,0.1213
2026-07-15,7575.51,2026-08-12,28.0,7625.0,86.1,0.1265,126.0,0.1205
2026-07-15,7575.51,2026-08-12,28.0,7630.0,83.5,0.1259,128.4,0.1198
2026-07-15,7575.51,2026-08-12,28.0,7640.0,78.35,0.1247,133.3,0.1184
2026-07-15,7575.51,2026-08-12,28.0,7650.0,73.5,0.1236,138.3,0.1169
2026-07-15,7575.51,2026-08-12,28.0,7675.0,62.1,0.1209,151.8,0.1132
2026-07-15,7575.51,2026-08-12,28.0,7700.0,51.8,0.1183,166.5,0.1094
2026-07-15,7575.51,2026-08-12,28.0,7725.0,42.75,0.116,182.55,0.1054
2026-07-15,7575.51,2026-08-12,28.0,7750.0,34.9,0.1139,199.55,0.1002
2026-07-15,7575.51,2026-08-12,28.0,7775.0,28.0,0.1118,217.55,0.0925
2026-07-15,7575.51,2026-08-12,28.0,7800.0,22.2,0.1099,236.8,0.0825
2026-07-15,7575.51,2026-08-12,28.0,7825.0,17.45,0.1083,,
2026-07-15,7575.51,2026-08-12,28.0,7850.0,13.5,0.1068,,
2026-07-15,7575.51,2026-08-12,28.0,7875.0,10.4,0.1056,,
2026-07-15,7575.51,2026-08-12,28.0,7900.0,7.95,0.1047,,
2026-07-15,7575.51,2026-08-12,28.0,7925.0,6.05,0.104,,
2026-07-15,7575.51,2026-08-12,28.0,7950.0,4.6,0.1036,,
2026-07-15,7575.51,2026-08-12,28.0,7975.0,3.55,0.1038,,
2026-07-15,7575.51,2026-08-12,28.0,8000.0,2.75,0.1041,,
2026-07-15,7575.51,2026-08-12,28.0,8025.0,2.15,0.1047,,
2026-07-15,7575.51,2026-08-12,28.0,8050.0,1.75,0.106,,
2026-07-15,7575.51,2026-08-12,28.0,8075.0,1.43,0.1072,,
2026-07-15,7575.51,2026-08-12,28.0,8100.0,1.2,0.109,,
2026-07-15,7575.51,2026-08-12,28.0,8200.0,0.7,0.1178,,
2026-07-15,7575.51,2026-08-12,28.0,8300.0,0.45,0.127,,
2026-07-15,7575.51,2026-08-12,28.0,8400.0,0.3,0.136,,
2026-07-15,7575.51,2026-08-12,28.0,8600.0,0.17,0.1556,,
2026-07-15,7575.51,2026-08-13,29.0,5800.0,1780.85,0.4126,2.4,0.4048
2026-07-15,7575.51,2026-08-13,29.0,6000.0,1582.45,0.382,3.1,0.3712
2026-07-15,7575.51,2026-08-13,29.0,6100.0,1483.05,0.3623,3.5,0.3539
2026-07-15,7575.51,2026-08-13,29.0,6200.0,1383.45,0.34,4.0,0.337
2026-07-15,7575.51,2026-08-13,29.0,6300.0,1284.1,0.3204,4.6,0.3203
2026-07-15,7575.51,2026-08-13,29.0,6400.0,1185.8,0.3098,5.3,0.3034
2026-07-15,7575.51,2026-08-13,29.0,6475.0,1111.7,0.297,5.95,0.291
2026-07-15,7575.51,2026-08-13,29.0,6500.0,1087.05,0.2929,6.15,0.2865
2026-07-15,7575.51,2026-08-13,29.0,6525.0,1062.25,0.2877,6.45,0.2827
2026-07-15,7575.51,2026-08-13,29.0,6550.0,1038.2,0.2874,6.65,0.2781
2026-07-15,7575.51,2026-08-13,29.0,6575.0,1013.35,0.2817,6.95,0.2741
2026-07-15,7575.51,2026-08-13,29.0,6600.0,988.65,0.2768,7.25,0.27
2026-07-15,7575.51,2026-08-13,29.0,6625.0,964.15,0.2731,7.55,0.2658
2026-07-15,7575.51,2026-08-13,29.0,6650.0,939.35,0.2676,7.9,0.2618
2026-07-15,7575.51,2026-08-13,29.0,6675.0,914.95,0.2642,8.25,0.2576
2026-07-15,7575.51,2026-08-13,29.0,6700.0,890.55,0.2606,8.65,0.2536
2026-07-15,7575.51,2026-08-13,29.0,6725.0,866.05,0.2563,9.05,0.2495
2026-07-15,7575.51,2026-08-13,29.0,6750.0,841.35,0.251,9.55,0.2458
2026-07-15,7575.51,2026-08-13,29.0,6775.0,816.85,0.2465,10.0,0.2416
2026-07-15,7575.51,2026-08-13,29.0,6800.0,792.45,0.2424,10.55,0.2378
2026-07-15,7575.51,2026-08-13,29.0,6825.0,768.3,0.2392,11.15,0.234
2026-07-15,7575.51,2026-08-13,29.0,6850.0,744.0,0.2351,11.75,0.23
2026-07-15,7575.51,2026-08-13,29.0,6875.0,719.25,0.2291,12.45,0.2263
2026-07-15,7575.51,2026-08-13,29.0,6900.0,695.05,0.2252,13.2,0.2225
2026-07-15,7575.51,2026-08-13,29.0,6925.0,670.65,0.2203,14.0,0.2187
2026-07-15,7575.51,2026-08-13,29.0,6950.0,647.95,0.2211,14.9,0.2151
2026-07-15,7575.51,2026-08-13,29.0,6975.0,623.85,0.2167,15.9,0.2115
2026-07-15,7575.51,2026-08-13,29.0,7000.0,598.15,0.2072,16.9,0.2077
2026-07-15,7575.51,2026-08-13,29.0,7025.0,575.35,0.2065,18.1,0.2042
2026-07-15,7575.51,2026-08-13,29.0,7050.0,552.8,0.2059,19.35,0.2006
2026-07-15,7575.51,2026-08-13,29.0,7075.0,529.55,0.2029,20.8,0.1972
2026-07-15,7575.51,2026-08-13,29.0,7100.0,506.15,0.1991,22.3,0.1936
2026-07-15,7575.51,2026-08-13,29.0,7125.0,482.95,0.1955,24.0,0.1902
2026-07-15,7575.51,2026-08-13,29.0,7150.0,459.9,0.1919,25.8,0.1866
2026-07-15,7575.51,2026-08-13,29.0,7175.0,437.0,0.1883,27.85,0.1833
2026-07-15,7575.51,2026-08-13,29.0,7200.0,414.1,0.1843,30.05,0.1798
2026-07-15,7575.51,2026-08-13,29.0,7225.0,391.45,0.1804,32.5,0.1764
2026-07-15,7575.51,2026-08-13,29.0,7250.0,369.2,0.1769,35.2,0.1731
2026-07-15,7575.51,2026-08-13,29.0,7275.0,347.55,0.174,38.2,0.1698
2026-07-15,7575.51,2026-08-13,29.0,7300.0,326.15,0.171,41.45,0.1665
2026-07-15,7575.51,2026-08-13,29.0,7325.0,304.55,0.1671,45.05,0.1632
2026-07-15,7575.51,2026-08-13,29.0,7350.0,283.5,0.1636,48.95,0.1598
2026-07-15,7575.51,2026-08-13,29.0,7370.0,267.05,0.161,52.3,0.157
2026-07-15,7575.51,2026-08-13,29.0,7375.0,262.95,0.1603,53.25,0.1564
2026-07-15,7575.51,2026-08-13,29.0,7380.0,258.8,0.1595,54.1,0.1556
2026-07-15,7575.51,2026-08-13,29.0,7390.0,250.75,0.1582,56.05,0.1544
2026-07-15,7575.51,2026-08-13,29.0,7400.0,242.85,0.157,57.9,0.1529
2026-07-15,7575.51,2026-08-13,29.0,7410.0,234.7,0.1554,59.9,0.1515
2026-07-15,7575.51,2026-08-13,29.0,7420.0,226.55,0.1536,62.1,0.1503
2026-07-15,7575.51,2026-08-13,29.0,7425.0,223.15,0.1536,63.1,0.1495
2026-07-15,7575.51,2026-08-13,29.0,7430.0,219.3,0.153,64.25,0.1489
2026-07-15,7575.51,2026-08-13,29.0,7440.0,211.6,0.1516,66.45,0.1474
2026-07-15,7575.51,2026-08-13,29.0,7450.0,204.0,0.1503,68.9,0.1462
2026-07-15,7575.51,2026-08-13,29.0,7460.0,196.4,0.1489,71.25,0.1447
2026-07-15,7575.51,2026-08-13,29.0,7470.0,189.0,0.1475,73.8,0.1434
2026-07-15,7575.51,2026-08-13,29.0,7475.0,185.3,0.1468,75.1,0.1427
2026-07-15,7575.51,2026-08-13,29.0,7480.0,181.6,0.1461,76.4,0.1419
2026-07-15,7575.51,2026-08-13,29.0,7490.0,174.5,0.1449,79.1,0.1405
2026-07-15,7575.51,2026-08-13,29.0,7500.0,167.2,0.1434,81.9,0.1391
2026-07-15,7575.51,2026-08-13,29.0,7510.0,160.2,0.1421,84.9,0.1377
2026-07-15,7575.51,2026-08-13,29.0,7520.0,153.4,0.1408,87.9,0.1363
2026-07-15,7575.51,2026-08-13,29.0,7525.0,149.9,0.1401,89.5,0.1356
2026-07-15,7575.51,2026-08-13,29.0,7530.0,146.5,0.1394,91.1,0.1349
2026-07-15,7575.51,2026-08-13,29.0,7540.0,139.9,0.1381,94.5,0.1336
2026-07-15,7575.51,2026-08-13,29.0,7550.0,133.3,0.1367,97.9,0.1322
2026-07-15,7575.51,2026-08-13,29.0,7560.0,127.0,0.1355,101.5,0.1308
2026-07-15,7575.51,2026-08-13,29.0,7570.0,120.7,0.1342,105.2,0.1294
2026-07-15,7575.51,2026-08-13,29.0,7575.0,117.6,0.1335,107.1,0.1287
2026-07-15,7575.51,2026-08-13,29.0,7580.0,114.55,0.1329,109.0,0.1279
2026-07-15,7575.51,2026-08-13,29.0,7590.0,108.7,0.1317,113.1,0.1266
2026-07-15,7575.51,2026-08-13,29.0,7600.0,102.9,0.1305,117.3,0.1253
2026-07-15,7575.51,2026-08-13,29.0,7610.0,97.2,0.1292,121.6,0.1238
2026-07-15,7575.51,2026-08-13,29.0,7620.0,91.8,0.1281,126.1,0.1224
2026-07-15,7575.51,2026-08-13,29.0,7625.0,89.1,0.1275,128.4,0.1217
2026-07-15,7575.51,2026-08-13,29.0,7630.0,86.5,0.1269,130.8,0.1211
2026-07-15,7575.51,2026-08-13,29.0,7640.0,81.3,0.1257,135.6,0.1196
2026-07-15,7575.51,2026-08-13,29.0,7650.0,76.4,0.1246,140.6,0.1181
2026-07-15,7575.51,2026-08-13,29.0,7675.0,64.9,0.122,154.0,0.1146
2026-07-15,7575.51,2026-08-13,29.0,7700.0,54.35,0.1193,168.4,0.1107
2026-07-15,7575.51,2026-08-13,29.0,7725.0,45.1,0.1169,184.5,0.1071
2026-07-15,7575.51,2026-08-13,29.0,7750.0,37.0,0.1148,201.05,0.1018
2026-07-15,7575.51,2026-08-13,29.0,7775.0,29.95,0.1127,219.0,0.0952
2026-07-15,7575.51,2026-08-13,29.0,7800.0,24.0,0.1109,237.9,0.0818
2026-07-15,7575.51,2026-08-13,29.0,7825.0,19.0,0.1093,,
2026-07-15,7575.51,2026-08-13,29.0,7850.0,14.85,0.1077,,
2026-07-15,7575.51,2026-08-13,29.0,7875.0,11.5,0.1065,,
2026-07-15,7575.51,2026-08-13,29.0,7900.0,8.85,0.1054,,
2026-07-15,7575.51,2026-08-13,29.0,7925.0,6.8,0.1048,,
2026-07-15,7575.51,2026-08-13,29.0,7950.0,5.2,0.1043,,
2026-07-15,7575.51,2026-08-13,29.0,7975.0,4.05,0.1044,,
2026-07-15,7575.51,2026-08-13,29.0,8000.0,3.15,0.1046,,
2026-07-15,7575.51,2026-08-13,29.0,8025.0,2.5,0.1053,,
2026-07-15,7575.51,2026-08-13,29.0,8050.0,2.0,0.1061,,
2026-07-15,7575.51,2026-08-13,29.0,8075.0,1.65,0.1075,,
2026-07-15,7575.51,2026-08-13,29.0,8100.0,1.4,0.1093,,
2026-07-15,7575.51,2026-08-13,29.0,8200.0,0.8,0.1175,,
2026-07-15,7575.51,2026-08-13,29.0,8300.0,0.5,0.1262,,
2026-07-15,7575.51,2026-08-13,29.0,8400.0,0.35,0.1356,,
2026-07-15,7575.51,2026-08-13,29.0,8600.0,0.17,0.1528,,
2026-07-15,7575.51,2026-08-14,30.0,5700.0,1881.75,0.434,2.33,0.4195
2026-07-15,7575.51,2026-08-14,30.0,5800.0,1780.85,0.3852,2.62,0.4027
2026-07-15,7575.51,2026-08-14,30.0,5900.0,1682.5,0.3895,3.0,0.3865
2026-07-15,7575.51,2026-08-14,30.0,5950.0,1633.35,0.3884,3.2,0.3783
2026-07-15,7575.51,2026-08-14,30.0,6000.0,1582.9,0.3679,3.4,0.3698
2026-07-15,7575.51,2026-08-14,30.0,6050.0,1533.35,0.3608,3.6,0.3611
2026-07-15,7575.51,2026-08-14,30.0,6100.0,1485.1,0.3686,3.85,0.3529
2026-07-15,7575.51,2026-08-14,30.0,6150.0,1435.6,0.3602,4.1,0.3444
2026-07-15,7575.51,2026-08-14,30.0,6200.0,1385.1,0.3415,4.4,0.3363
2026-07-15,7575.51,2026-08-14,30.0,6250.0,1334.95,0.3265,4.7,0.3279
2026-07-15,7575.51,2026-08-14,30.0,6300.0,1286.5,0.3283,5.0,0.3192
2026-07-15,7575.51,2026-08-14,30.0,6325.0,1262.05,0.3264,5.2,0.3152
2026-07-15,7575.51,2026-08-14,30.0,6350.0,1236.6,0.3159,5.4,0.3112
2026-07-15,7575.51,2026-08-14,30.0,6375.0,1210.85,0.3025,5.6,0.3071
2026-07-15,7575.51,2026-08-14,30.0,6400.0,1187.6,0.3108,5.8,0.3029
2026-07-15,7575.51,2026-08-14,30.0,6425.0,1161.45,0.2948,6.0,0.2986
2026-07-15,7575.51,2026-08-14,30.0,6450.0,1136.95,0.2925,6.2,0.2942
2026-07-15,7575.51,2026-08-14,30.0,6475.0,1113.9,0.3003,6.45,0.2902
2026-07-15,7575.51,2026-08-14,30.0,6500.0,1088.25,0.2891,6.7,0.2861
2026-07-15,7575.51,2026-08-14,30.0,6525.0,1063.45,0.284,6.95,0.2818
2026-07-15,7575.51,2026-08-14,30.0,6550.0,1038.65,0.2787,7.25,0.2778
2026-07-15,7575.51,2026-08-14,30.0,6575.0,1014.65,0.2785,7.55,0.2737
2026-07-15,7575.51,2026-08-14,30.0,6600.0,990.1,0.2746,7.85,0.2695
2026-07-15,7575.51,2026-08-14,30.0,6625.0,965.4,0.2697,8.2,0.2655
2026-07-15,7575.51,2026-08-14,30.0,6650.0,940.95,0.2661,8.55,0.2614
2026-07-15,7575.51,2026-08-14,30.0,6675.0,915.3,0.2559,8.95,0.2575
2026-07-15,7575.51,2026-08-14,30.0,6700.0,892.45,0.2605,9.35,0.2534
2026-07-15,7575.51,2026-08-14,30.0,6725.0,867.15,0.2523,9.8,0.2494
2026-07-15,7575.51,2026-08-14,30.0,6750.0,842.95,0.2494,10.25,0.2453
2026-07-15,7575.51,2026-08-14,30.0,6775.0,819.15,0.2479,10.8,0.2416
2026-07-15,7575.51,2026-08-14,30.0,6800.0,794.15,0.2411,11.35,0.2376
2026-07-15,7575.51,2026-08-14,30.0,6825.0,770.45,0.2396,11.95,0.2337
2026-07-15,7575.51,2026-08-14,30.0,6850.0,746.35,0.2362,12.65,0.2301
2026-07-15,7575.51,2026-08-14,30.0,6875.0,722.1,0.232,13.4,0.2264
2026-07-15,7575.51,2026-08-14,30.0,6900.0,696.75,0.2238,14.15,0.2226
2026-07-15,7575.51,2026-08-14,30.0,6920.0,677.85,0.222,14.85,0.2197
2026-07-15,7575.51,2026-08-14,30.0,6925.0,672.55,0.2196,15.0,0.2189
2026-07-15,7575.51,2026-08-14,30.0,6930.0,667.85,0.2192,15.2,0.2182
2026-07-15,7575.51,2026-08-14,30.0,6940.0,659.45,0.2217,15.6,0.2168
2026-07-15,7575.51,2026-08-14,30.0,6950.0,649.6,0.2193,15.95,0.2153
2026-07-15,7575.51,2026-08-14,30.0,6960.0,639.0,0.2145,16.4,0.214
2026-07-15,7575.51,2026-08-14,30.0,6970.0,630.1,0.2151,16.8,0.2125
2026-07-15,7575.51,2026-08-14,30.0,6975.0,624.55,0.212,17.0,0.2117
2026-07-15,7575.51,2026-08-14,30.0,6980.0,619.85,0.2115,17.2,0.211
2026-07-15,7575.51,2026-08-14,30.0,6990.0,610.35,0.2101,17.6,0.2094
2026-07-15,7575.51,2026-08-14,30.0,7000.0,602.35,0.2131,18.1,0.2081
2026-07-15,7575.51,2026-08-14,30.0,7010.0,591.65,0.2082,18.6,0.2068
2026-07-15,7575.51,2026-08-14,30.0,7020.0,582.9,0.2088,19.05,0.2052
2026-07-15,7575.51,2026-08-14,30.0,7025.0,579.15,0.2107,19.3,0.2045
2026-07-15,7575.51,2026-08-14,30.0,7030.0,574.25,0.2095,19.6,0.2039
2026-07-15,7575.51,2026-08-14,30.0,7040.0,564.5,0.2072,20.1,0.2024
2026-07-15,7575.51,2026-08-14,30.0,7050.0,555.25,0.2061,20.65,0.201
2026-07-15,7575.51,2026-08-14,30.0,7060.0,545.65,0.2042,21.25,0.1997
2026-07-15,7575.51,2026-08-14,30.0,7070.0,536.4,0.203,21.8,0.1982
2026-07-15,7575.51,2026-08-14,30.0,7075.0,531.6,0.202,22.15,0.1977
2026-07-15,7575.51,2026-08-14,30.0,7080.0,526.85,0.2011,22.4,0.1968
2026-07-15,7575.51,2026-08-14,30.0,7090.0,517.65,0.2,23.05,0.1955
2026-07-15,7575.51,2026-08-14,30.0,7100.0,508.45,0.1988,23.75,0.1942
2026-07-15,7575.51,2026-08-14,30.0,7110.0,499.25,0.1975,24.4,0.1928
2026-07-15,7575.51,2026-08-14,30.0,7120.0,489.8,0.1957,25.1,0.1914
2026-07-15,7575.51,2026-08-14,30.0,7125.0,485.05,0.1947,25.5,0.1908
2026-07-15,7575.51,2026-08-14,30.0,7130.0,480.8,0.1948,25.85,0.1901
2026-07-15,7575.51,2026-08-14,30.0,7140.0,471.6,0.1934,26.6,0.1887
2026-07-15,7575.51,2026-08-14,30.0,7150.0,462.35,0.1918,27.45,0.1875
2026-07-15,7575.51,2026-08-14,30.0,7160.0,453.3,0.1906,28.2,0.186
2026-07-15,7575.51,2026-08-14,30.0,7170.0,444.15,0.1891,29.1,0.1847
2026-07-15,7575.51,2026-08-14,30.0,7175.0,439.45,0.1881,29.5,0.184
2026-07-15,7575.51,2026-08-14,30.0,7180.0,435.05,0.1877,29.9,0.1832
2026-07-15,7575.51,2026-08-14,30.0,7190.0,425.75,0.1858,30.8,0.1818
2026-07-15,7575.51,2026-08-14,30.0,7200.0,416.85,0.1846,31.8,0.1806
2026-07-15,7575.51,2026-08-14,30.0,7210.0,407.9,0.1833,32.8,0.1793
2026-07-15,7575.51,2026-08-14,30.0,7220.0,399.1,0.1822,33.8,0.1779
2026-07-15,7575.51,2026-08-14,30.0,7225.0,394.65,0.1815,34.35,0.1773
2026-07-15,7575.51,2026-08-14,30.0,7230.0,390.2,0.1808,34.9,0.1767
2026-07-15,7575.51,2026-08-14,30.0,7240.0,381.1,0.179,36.0,0.1753
2026-07-15,7575.51,2026-08-14,30.0,7250.0,372.35,0.1778,37.1,0.1739
2026-07-15,7575.51,2026-08-14,30.0,7260.0,363.7,0.1767,38.25,0.1726
2026-07-15,7575.51,2026-08-14,30.0,7270.0,355.0,0.1754,39.5,0.1713
2026-07-15,7575.51,2026-08-14,30.0,7275.0,350.65,0.1747,40.15,0.1706
2026-07-15,7575.51,2026-08-14,30.0,7280.0,346.05,0.1736,40.7,0.1698
2026-07-15,7575.51,2026-08-14,30.0,7290.0,337.5,0.1724,42.1,0.1686
2026-07-15,7575.51,2026-08-14,30.0,7300.0,328.85,0.1709,43.5,0.1674
2026-07-15,7575.51,2026-08-14,30.0,7310.0,320.4,0.1697,44.9,0.166
2026-07-15,7575.51,2026-08-14,30.0,7320.0,311.9,0.1684,46.35,0.1646
2026-07-15,7575.51,2026-08-14,30.0,7325.0,307.6,0.1676,47.15,0.1641
2026-07-15,7575.51,2026-08-14,30.0,7330.0,303.4,0.1669,47.85,0.1633
2026-07-15,7575.51,2026-08-14,30.0,7340.0,295.15,0.1658,49.45,0.162
2026-07-15,7575.51,2026-08-14,30.0,7350.0,286.65,0.1642,51.1,0.1607
2026-07-15,7575.51,2026-08-14,30.0,7360.0,278.4,0.1629,52.7,0.1592
2026-07-15,7575.51,2026-08-14,30.0,7370.0,270.4,0.1618,54.55,0.158
2026-07-15,7575.51,2026-08-14,30.0,7375.0,266.1,0.1608,55.4,0.1572
2026-07-15,7575.51,2026-08-14,30.0,7380.0,262.2,0.1604,56.3,0.1565
2026-07-15,7575.51,2026-08-14,30.0,7385.0,258.15,0.1597,57.25,0.1559
2026-07-15,7575.51,2026-08-14,30.0,7390.0,254.0,0.1588,58.25,0.1553
2026-07-15,7575.51,2026-08-14,30.0,7395.0,250.0,0.1582,59.1,0.1544
2026-07-15,7575.51,2026-08-14,30.0,7400.0,245.95,0.1574,60.2,0.1539
2026-07-15,7575.51,2026-08-14,30.0,7405.0,242.0,0.1568,61.1,0.1531
2026-07-15,7575.51,2026-08-14,30.0,7410.0,237.9,0.1559,62.25,0.1526
2026-07-15,7575.51,2026-08-14,30.0,7415.0,234.05,0.1554,63.25,0.1518
2026-07-15,7575.51,2026-08-14,30.0,7420.0,230.3,0.1549,64.25,0.1511
2026-07-15,7575.51,2026-08-14,30.0,7425.0,226.55,0.1544,65.45,0.1505
2026-07-15,7575.51,2026-08-14,30.0,7430.0,222.6,0.1537,66.5,0.1498
2026-07-15,7575.51,2026-08-14,30.0,7435.0,218.7,0.1529,67.65,0.1491
2026-07-15,7575.51,2026-08-14,30.0,7440.0,214.9,0.1523,68.7,0.1483
2026-07-15,7575.51,2026-08-14,30.0,7445.0,211.1,0.1516,69.9,0.1477
2026-07-15,7575.51,2026-08-14,30.0,7450.0,207.3,0.151,71.15,0.1471
2026-07-15,7575.51,2026-08-14,30.0,7455.0,203.5,0.1502,72.3,0.1463
2026-07-15,7575.51,2026-08-14,30.0,7460.0,199.7,0.1495,73.5,0.1456
2026-07-15,7575.51,2026-08-14,30.0,7465.0,196.0,0.1489,74.85,0.145
2026-07-15,7575.51,2026-08-14,30.0,7470.0,192.3,0.1482,76.05,0.1442
2026-07-15,7575.51,2026-08-14,30.0,7475.0,188.65,0.1476,77.4,0.1436
2026-07-15,7575.51,2026-08-14,30.0,7480.0,184.95,0.1468,78.7,0.1429
2026-07-15,7575.51,2026-08-14,30.0,7485.0,181.3,0.1461,80.0,0.1421
2026-07-15,7575.51,2026-08-14,30.0,7490.0,177.7,0.1455,81.45,0.1415
2026-07-15,7575.51,2026-08-14,30.0,7495.0,174.1,0.1448,82.85,0.1408
2026-07-15,7575.51,2026-08-14,30.0,7500.0,170.55,0.1441,84.2,0.14
2026-07-15,7575.51,2026-08-14,30.0,7505.0,167.1,0.1435,85.7,0.1394
2026-07-15,7575.51,2026-08-14,30.0,7510.0,163.6,0.1429,87.1,0.1386
2026-07-15,7575.51,2026-08-14,30.0,7515.0,160.1,0.1422,88.7,0.138
2026-07-15,7575.51,2026-08-14,30.0,7520.0,156.7,0.1416,90.3,0.1374
2026-07-15,7575.51,2026-08-14,30.0,7525.0,153.3,0.1409,91.75,0.1365
2026-07-15,7575.51,2026-08-14,30.0,7530.0,149.9,0.1402,93.3,0.1358
2026-07-15,7575.51,2026-08-14,30.0,7535.0,146.5,0.1395,95.1,0.1353
2026-07-15,7575.51,2026-08-14,30.0,7540.0,143.2,0.1389,96.7,0.1345
2026-07-15,7575.51,2026-08-14,30.0,7545.0,139.9,0.1382,98.45,0.1339
2026-07-15,7575.51,2026-08-14,30.0,7550.0,136.75,0.1377,100.15,0.1331
2026-07-15,7575.51,2026-08-14,30.0,7555.0,133.5,0.137,101.9,0.1324
2026-07-15,7575.51,2026-08-14,30.0,7560.0,130.3,0.1363,103.7,0.1317
2026-07-15,7575.51,2026-08-14,30.0,7565.0,127.1,0.1356,105.5,0.131
2026-07-15,7575.51,2026-08-14,30.0,7570.0,124.1,0.1351,107.4,0.1303
2026-07-15,7575.51,2026-08-14,30.0,7575.0,120.95,0.1344,109.25,0.1296
2026-07-15,7575.51,2026-08-14,30.0,7580.0,117.9,0.1338,111.3,0.129
2026-07-15,7575.51,2026-08-14,30.0,7585.0,114.9,0.1332,113.2,0.1282
2026-07-15,7575.51,2026-08-14,30.0,7590.0,111.95,0.1326,115.3,0.1277
2026-07-15,7575.51,2026-08-14,30.0,7595.0,109.0,0.1319,117.3,0.1269
2026-07-15,7575.51,2026-08-14,30.0,7600.0,106.15,0.1314,119.45,0.1263
2026-07-15,7575.51,2026-08-14,30.0,7605.0,103.3,0.1308,121.5,0.1255
2026-07-15,7575.51,2026-08-14,30.0,7610.0,100.5,0.1302,123.7,0.1248
2026-07-15,7575.51,2026-08-14,30.0,7615.0,97.7,0.1296,125.9,0.1241
2026-07-15,7575.51,2026-08-14,30.0,7620.0,95.1,0.1291,128.1,0.1234
2026-07-15,7575.51,2026-08-14,30.0,7625.0,92.35,0.1285,130.5,0.1228
2026-07-15,7575.51,2026-08-14,30.0,7630.0,89.7,0.1279,132.9,0.1222
2026-07-15,7575.51,2026-08-14,30.0,7635.0,87.1,0.1273,135.3,0.1215
2026-07-15,7575.51,2026-08-14,30.0,7640.0,84.5,0.1267,137.7,0.1208
2026-07-15,7575.51,2026-08-14,30.0,7645.0,81.9,0.1261,140.1,0.12
2026-07-15,7575.51,2026-08-14,30.0,7650.0,79.45,0.1255,142.7,0.1194
2026-07-15,7575.51,2026-08-14,30.0,7660.0,74.75,0.1246,147.7,0.1178
2026-07-15,7575.51,2026-08-14,30.0,7670.0,70.1,0.1235,153.1,0.1164
2026-07-15,7575.51,2026-08-14,30.0,7675.0,67.75,0.1229,155.9,0.1158
2026-07-15,7575.51,2026-08-14,30.0,7680.0,65.5,0.1223,158.6,0.115
2026-07-15,7575.51,2026-08-14,30.0,7690.0,61.3,0.1214,164.3,0.1135
2026-07-15,7575.51,2026-08-14,30.0,7700.0,57.25,0.1204,170.1,0.1119
2026-07-15,7575.51,2026-08-14,30.0,7710.0,53.25,0.1194,176.2,0.1104
2026-07-15,7575.51,2026-08-14,30.0,7720.0,49.5,0.1184,182.7,0.1091
2026-07-15,7575.51,2026-08-14,30.0,7725.0,47.8,0.1181,185.8,0.1081
2026-07-15,7575.51,2026-08-14,30.0,7730.0,46.05,0.1176,189.25,0.1076
2026-07-15,7575.51,2026-08-14,30.0,7740.0,42.7,0.1168,195.45,0.1052
2026-07-15,7575.51,2026-08-14,30.0,7750.0,39.4,0.1158,202.25,0.1031
2026-07-15,7575.51,2026-08-14,30.0,7760.0,36.4,0.115,209.15,0.1007
2026-07-15,7575.51,2026-08-14,30.0,7770.0,33.6,0.1143,216.95,0.0996
2026-07-15,7575.51,2026-08-14,30.0,7775.0,32.25,0.1139,220.1,0.0971
2026-07-15,7575.51,2026-08-14,30.0,7780.0,30.95,0.1136,224.5,0.0972
2026-07-15,7575.51,2026-08-14,30.0,7790.0,28.35,0.1127,231.95,0.0935
2026-07-15,7575.51,2026-08-14,30.0,7800.0,26.05,0.1121,238.4,0.0817
2026-07-15,7575.51,2026-08-14,30.0,7810.0,23.8,0.1114,247.3,0.0841
2026-07-15,7575.51,2026-08-14,30.0,7820.0,21.75,0.1107,,
2026-07-15,7575.51,2026-08-14,30.0,7825.0,20.75,0.1103,,
2026-07-15,7575.51,2026-08-14,30.0,7830.0,19.85,0.1101,,
2026-07-15,7575.51,2026-08-14,30.0,7840.0,18.1,0.1096,,
2026-07-15,7575.51,2026-08-14,30.0,7850.0,16.4,0.1089,,
2026-07-15,7575.51,2026-08-14,30.0,7860.0,14.95,0.1085,,
2026-07-15,7575.51,2026-08-14,30.0,7870.0,13.6,0.1081,,
2026-07-15,7575.51,2026-08-14,30.0,7875.0,12.85,0.1076,,
2026-07-15,7575.51,2026-08-14,30.0,7880.0,12.25,0.1075,,
2026-07-15,7575.51,2026-08-14,30.0,7900.0,10.0,0.1066,,
2026-07-15,7575.51,2026-08-14,30.0,7925.0,7.8,0.106,,
2026-07-15,7575.51,2026-08-14,30.0,7950.0,6.05,0.1056,,
2026-07-15,7575.51,2026-08-14,30.0,7975.0,4.7,0.1054,,
2026-07-15,7575.51,2026-08-14,30.0,8000.0,3.7,0.1056,,
2026-07-15,7575.51,2026-08-14,30.0,8025.0,2.92,0.1061,,
2026-07-15,7575.51,2026-08-14,30.0,8050.0,2.38,0.107,,
2026-07-15,7575.51,2026-08-14,30.0,8075.0,1.93,0.108,,
2026-07-15,7575.51,2026-08-14,30.0,8100.0,1.62,0.1096,,
2026-07-15,7575.51,2026-08-14,30.0,8125.0,1.38,0.1113,,
2026-07-15,7575.51,2026-08-14,30.0,8150.0,1.18,0.113,,
2026-07-15,7575.51,2026-08-14,30.0,8175.0,1.02,0.115,,
2026-07-15,7575.51,2026-08-14,30.0,8200.0,0.88,0.1167,,
2026-07-15,7575.51,2026-08-14,30.0,8250.0,0.7,0.1212,,
2026-07-15,7575.51,2026-08-14,30.0,8300.0,0.57,0.1258,,
2026-07-15,7575.51,2026-08-14,30.0,8400.0,0.4,0.135,,
2026-07-15,7575.51,2026-08-14,30.0,8500.0,0.3,0.1446,,
2026-07-15,7575.51,2026-08-14,30.0,8600.0,0.25,0.1551,,
2026-07-15,7575.51,2026-08-17,33.0,5800.0,1782.25,0.3582,2.9,0.3893
2026-07-15,7575.51,2026-08-17,33.0,6000.0,1583.95,0.3388,3.7,0.3571
2026-07-15,7575.51,2026-08-17,33.0,6100.0,1485.6,0.3365,4.2,0.3411
2026-07-15,7575.51,2026-08-17,33.0,6200.0,1384.95,0.3016,4.8,0.3252
2026-07-15,7575.51,2026-08-17,33.0,6300.0,1286.6,0.2964,5.5,0.3093
2026-07-15,7575.51,2026-08-17,33.0,6400.0,1187.85,0.2831,6.35,0.2935
2026-07-15,7575.51,2026-08-17,33.0,6475.0,1115.05,0.2813,7.05,0.2813
2026-07-15,7575.51,2026-08-17,33.0,6500.0,1089.05,0.2678,7.35,0.2776
2026-07-15,7575.51,2026-08-17,33.0,6525.0,1065.8,0.2736,7.65,0.2737
2026-07-15,7575.51,2026-08-17,33.0,6550.0,1041.0,0.2685,7.95,0.2697
2026-07-15,7575.51,2026-08-17,33.0,6575.0,1015.9,0.2615,8.25,0.2657
2026-07-15,7575.51,2026-08-17,33.0,6600.0,990.85,0.2549,8.55,0.2615
2026-07-15,7575.51,2026-08-17,33.0,6625.0,966.5,0.2525,8.95,0.2578
2026-07-15,7575.51,2026-08-17,33.0,6650.0,942.95,0.2541,9.35,0.254
2026-07-15,7575.51,2026-08-17,33.0,6675.0,918.65,0.2513,9.75,0.25
2026-07-15,7575.51,2026-08-17,33.0,6700.0,892.75,0.2403,10.25,0.2465
2026-07-15,7575.51,2026-08-17,33.0,6725.0,868.65,0.2385,10.75,0.2427
2026-07-15,7575.51,2026-08-17,33.0,6750.0,845.4,0.24,11.25,0.2389
2026-07-15,7575.51,2026-08-17,33.0,6775.0,821.1,0.2365,11.85,0.2353
2026-07-15,7575.51,2026-08-17,33.0,6800.0,794.5,0.2232,12.45,0.2315
2026-07-15,7575.51,2026-08-17,33.0,6825.0,772.55,0.2291,13.15,0.228
2026-07-15,7575.51,2026-08-17,33.0,6850.0,748.15,0.2247,13.85,0.2243
2026-07-15,7575.51,2026-08-17,33.0,6875.0,723.55,0.2195,14.6,0.2206
2026-07-15,7575.51,2026-08-17,33.0,6900.0,698.2,0.2116,15.5,0.2173
2026-07-15,7575.51,2026-08-17,33.0,6925.0,674.15,0.2082,16.4,0.2137
2026-07-15,7575.51,2026-08-17,33.0,6950.0,651.75,0.2097,17.4,0.2102
2026-07-15,7575.51,2026-08-17,33.0,6975.0,625.95,0.2005,18.5,0.2068
2026-07-15,7575.51,2026-08-17,33.0,7000.0,602.8,0.1991,19.7,0.2034
2026-07-15,7575.51,2026-08-17,33.0,7025.0,579.95,0.198,21.0,0.2
2026-07-15,7575.51,2026-08-17,33.0,7050.0,556.65,0.1953,22.4,0.1966
2026-07-15,7575.51,2026-08-17,33.0,7075.0,533.15,0.1918,23.9,0.1932
2026-07-15,7575.51,2026-08-17,33.0,7100.0,509.9,0.1886,25.65,0.19
2026-07-15,7575.51,2026-08-17,33.0,7125.0,487.0,0.1858,27.45,0.1867
2026-07-15,7575.51,2026-08-17,33.0,7150.0,464.0,0.1824,29.45,0.1834
2026-07-15,7575.51,2026-08-17,33.0,7175.0,441.45,0.1796,31.7,0.1803
2026-07-15,7575.51,2026-08-17,33.0,7200.0,418.55,0.1758,34.05,0.177
2026-07-15,7575.51,2026-08-17,33.0,7225.0,396.4,0.173,36.65,0.1737
2026-07-15,7575.51,2026-08-17,33.0,7250.0,374.45,0.1701,39.55,0.1706
2026-07-15,7575.51,2026-08-17,33.0,7275.0,352.9,0.1674,42.65,0.1674
2026-07-15,7575.51,2026-08-17,33.0,7300.0,331.7,0.1647,46.05,0.1641
2026-07-15,7575.51,2026-08-17,33.0,7325.0,310.6,0.1617,49.8,0.161
2026-07-15,7575.51,2026-08-17,33.0,7350.0,289.9,0.1588,53.85,0.1577
2026-07-15,7575.51,2026-08-17,33.0,7370.0,273.45,0.1562,57.3,0.1551
2026-07-15,7575.51,2026-08-17,33.0,7375.0,269.3,0.1555,58.3,0.1545
2026-07-15,7575.51,2026-08-17,33.0,7380.0,265.45,0.1551,59.25,0.1539
2026-07-15,7575.51,2026-08-17,33.0,7390.0,257.35,0.1538,61.2,0.1527
2026-07-15,7575.51,2026-08-17,33.0,7400.0,249.15,0.1522,63.1,0.1512
2026-07-15,7575.51,2026-08-17,33.0,7410.0,241.3,0.151,65.15,0.1499
2026-07-15,7575.51,2026-08-17,33.0,7420.0,233.65,0.15,67.35,0.1487
2026-07-15,7575.51,2026-08-17,33.0,7425.0,230.0,0.1496,68.45,0.1481
2026-07-15,7575.51,2026-08-17,33.0,7430.0,226.1,0.149,69.55,0.1474
2026-07-15,7575.51,2026-08-17,33.0,7440.0,218.35,0.1476,71.85,0.1461
2026-07-15,7575.51,2026-08-17,33.0,7450.0,210.8,0.1464,74.25,0.1448
2026-07-15,7575.51,2026-08-17,33.0,7460.0,203.3,0.1451,76.7,0.1435
2026-07-15,7575.51,2026-08-17,33.0,7470.0,195.9,0.1439,79.2,0.1421
2026-07-15,7575.51,2026-08-17,33.0,7475.0,192.2,0.1432,80.5,0.1414
2026-07-15,7575.51,2026-08-17,33.0,7480.0,188.6,0.1426,81.9,0.1408
2026-07-15,7575.51,2026-08-17,33.0,7490.0,181.4,0.1414,84.7,0.1396
2026-07-15,7575.51,2026-08-17,33.0,7500.0,174.3,0.1402,87.5,0.1382
2026-07-15,7575.51,2026-08-17,33.0,7510.0,167.2,0.1388,90.5,0.1369
2026-07-15,7575.51,2026-08-17,33.0,7520.0,160.4,0.1377,93.5,0.1355
2026-07-15,7575.51,2026-08-17,33.0,7525.0,157.0,0.1371,95.1,0.1349
2026-07-15,7575.51,2026-08-17,33.0,7530.0,153.6,0.1364,96.7,0.1342
2026-07-15,7575.51,2026-08-17,33.0,7540.0,147.0,0.1352,100.0,0.1329
2026-07-15,7575.51,2026-08-17,33.0,7550.0,140.4,0.134,103.5,0.1316
2026-07-15,7575.51,2026-08-17,33.0,7560.0,134.0,0.1328,107.1,0.1304
2026-07-15,7575.51,2026-08-17,33.0,7570.0,127.8,0.1316,110.7,0.1289
2026-07-15,7575.51,2026-08-17,33.0,7575.0,124.7,0.131,112.6,0.1283
2026-07-15,7575.51,2026-08-17,33.0,7580.0,121.6,0.1304,114.6,0.1277
2026-07-15,7575.51,2026-08-17,33.0,7590.0,115.7,0.1293,118.6,0.1264
2026-07-15,7575.51,2026-08-17,33.0,7600.0,109.9,0.1282,122.7,0.1251
2026-07-15,7575.51,2026-08-17,33.0,7610.0,104.2,0.1271,127.0,0.1238
2026-07-15,7575.51,2026-08-17,33.0,7620.0,98.6,0.1259,131.4,0.1224
2026-07-15,7575.51,2026-08-17,33.0,7625.0,95.95,0.1254,133.8,0.1219
2026-07-15,7575.51,2026-08-17,33.0,7650.0,83.1,0.1228,145.8,0.1186
2026-07-15,7575.51,2026-08-17,33.0,7675.0,71.3,0.1203,158.8,0.1152
2026-07-15,7575.51,2026-08-17,33.0,7700.0,60.5,0.1178,173.0,0.1118
2026-07-15,7575.51,2026-08-17,33.0,7725.0,50.85,0.1156,188.5,0.1083
2026-07-15,7575.51,2026-08-17,33.0,7750.0,42.3,0.1135,204.4,0.1034
2026-07-15,7575.51,2026-08-17,33.0,7775.0,34.85,0.1116,222.9,0.0999
2026-07-15,7575.51,2026-08-17,33.0,7800.0,28.35,0.1098,240.35,0.0886
2026-07-15,7575.51,2026-08-17,33.0,7825.0,22.95,0.1084,260.85,0.0858
2026-07-15,7575.51,2026-08-17,33.0,7850.0,18.3,0.1069,,
2026-07-15,7575.51,2026-08-17,33.0,7875.0,14.5,0.1057,,
2026-07-15,7575.51,2026-08-17,33.0,7900.0,11.4,0.1047,,
2026-07-15,7575.51,2026-08-17,33.0,7925.0,8.9,0.1038,,
2026-07-15,7575.51,2026-08-17,33.0,7950.0,6.95,0.1033,,
2026-07-15,7575.51,2026-08-17,33.0,7975.0,5.45,0.1031,,
2026-07-15,7575.51,2026-08-17,33.0,8000.0,4.25,0.1029,,
2026-07-15,7575.51,2026-08-17,33.0,8025.0,3.45,0.1037,,
2026-07-15,7575.51,2026-08-17,33.0,8050.0,2.73,0.104,,
2026-07-15,7575.51,2026-08-17,33.0,8075.0,2.23,0.1049,,
2026-07-15,7575.51,2026-08-17,33.0,8100.0,1.85,0.1062,,
2026-07-15,7575.51,2026-08-17,33.0,8200.0,1.0,0.1128,,
2026-07-15,7575.51,2026-08-17,33.0,8300.0,0.65,0.1213,,
2026-07-15,7575.51,2026-08-17,33.0,8400.0,0.45,0.13,,
2026-07-15,7575.51,2026-08-17,33.0,8600.0,0.22,0.1461,,
2026-07-15,7575.51,2026-08-18,34.0,5800.0,1782.95,0.356,3.1,0.387
2026-07-15,7575.51,2026-08-18,34.0,6000.0,1584.45,0.332,4.0,0.3558
2026-07-15,7575.51,2026-08-18,34.0,6100.0,1485.25,0.3185,4.55,0.3401
2026-07-15,7575.51,2026-08-18,34.0,6200.0,1386.6,0.3104,5.15,0.324
2026-07-15,7575.51,2026-08-18,34.0,6300.0,1288.15,0.3011,5.9,0.3083
2026-07-15,7575.51,2026-08-18,34.0,6400.0,1189.35,0.2861,6.75,0.2923
2026-07-15,7575.51,2026-08-18,34.0,6500.0,1090.4,0.2689,7.85,0.2768
2026-07-15,7575.51,2026-08-18,34.0,6525.0,1065.8,0.2654,8.15,0.2728
2026-07-15,7575.51,2026-08-18,34.0,6550.0,1041.1,0.2611,8.45,0.2688
2026-07-15,7575.51,2026-08-18,34.0,6575.0,1016.75,0.2589,8.85,0.2653
2026-07-15,7575.51,2026-08-18,34.0,6600.0,991.85,0.2533,9.15,0.261
2026-07-15,7575.51,2026-08-18,34.0,6625.0,967.6,0.2513,9.55,0.2573
2026-07-15,7575.51,2026-08-18,34.0,6650.0,942.8,0.2462,9.95,0.2534
2026-07-15,7575.51,2026-08-18,34.0,6675.0,918.65,0.2443,10.45,0.2498
2026-07-15,7575.51,2026-08-18,34.0,6700.0,894.05,0.24,10.95,0.2462
2026-07-15,7575.51,2026-08-18,34.0,6725.0,869.65,0.2366,11.45,0.2424
2026-07-15,7575.51,2026-08-18,34.0,6750.0,846.0,0.2363,12.05,0.2389
2026-07-15,7575.51,2026-08-18,34.0,6775.0,821.0,0.2299,12.65,0.2352
2026-07-15,7575.51,2026-08-18,34.0,6800.0,797.15,0.2281,13.25,0.2314
2026-07-15,7575.51,2026-08-18,34.0,6825.0,772.45,0.2229,13.95,0.2278
2026-07-15,7575.51,2026-08-18,34.0,6850.0,748.45,0.2201,14.75,0.2243
2026-07-15,7575.51,2026-08-18,34.0,6875.0,724.75,0.2182,15.55,0.2207
2026-07-15,7575.51,2026-08-18,34.0,6900.0,700.75,0.2149,16.5,0.2174
2026-07-15,7575.51,2026-08-18,34.0,6925.0,677.6,0.214,17.4,0.2137
2026-07-15,7575.51,2026-08-18,34.0,6950.0,651.95,0.2053,18.5,0.2104
2026-07-15,7575.51,2026-08-18,34.0,6975.0,628.25,0.2024,19.6,0.2069
2026-07-15,7575.51,2026-08-18,34.0,7000.0,606.45,0.2043,20.9,0.2037
2026-07-15,7575.51,2026-08-18,34.0,7025.0,582.7,0.2005,22.2,0.2002
2026-07-15,7575.51,2026-08-18,34.0,7050.0,558.5,0.1954,23.7,0.197
2026-07-15,7575.51,2026-08-18,34.0,7075.0,535.0,0.1918,25.3,0.1937
2026-07-15,7575.51,2026-08-18,34.0,7100.0,512.1,0.1892,27.05,0.1904
2026-07-15,7575.51,2026-08-18,34.0,7125.0,489.1,0.1861,28.95,0.1872
2026-07-15,7575.51,2026-08-18,34.0,7150.0,466.3,0.1831,31.0,0.1839
2026-07-15,7575.51,2026-08-18,34.0,7175.0,443.6,0.1799,33.3,0.1808
2026-07-15,7575.51,2026-08-18,34.0,7200.0,420.9,0.1764,35.7,0.1775
2026-07-15,7575.51,2026-08-18,34.0,7225.0,398.8,0.1735,38.4,0.1743
2026-07-15,7575.51,2026-08-18,34.0,7250.0,376.65,0.1702,41.35,0.1712
2026-07-15,7575.51,2026-08-18,34.0,7275.0,355.05,0.1673,44.45,0.1679
2026-07-15,7575.51,2026-08-18,34.0,7300.0,334.35,0.1654,47.95,0.1648
2026-07-15,7575.51,2026-08-18,34.0,7325.0,313.5,0.1627,51.75,0.1616
2026-07-15,7575.51,2026-08-18,34.0,7350.0,292.45,0.1592,55.85,0.1584
2026-07-15,7575.51,2026-08-18,34.0,7375.0,272.2,0.1563,60.35,0.1552
2026-07-15,7575.51,2026-08-18,34.0,7400.0,252.05,0.153,65.25,0.152
2026-07-15,7575.51,2026-08-18,34.0,7410.0,243.7,0.1511,67.3,0.1506
2026-07-15,7575.51,2026-08-18,34.0,7420.0,236.5,0.1507,69.5,0.1494
2026-07-15,7575.51,2026-08-18,34.0,7425.0,232.6,0.15,70.6,0.1488
2026-07-15,7575.51,2026-08-18,34.0,7430.0,228.8,0.1494,71.7,0.1481
2026-07-15,7575.51,2026-08-18,34.0,7440.0,221.1,0.1481,74.0,0.1468
2026-07-15,7575.51,2026-08-18,34.0,7450.0,213.6,0.147,76.3,0.1453
2026-07-15,7575.51,2026-08-18,34.0,7460.0,206.0,0.1456,78.9,0.1442
2026-07-15,7575.51,2026-08-18,34.0,7470.0,198.6,0.1443,81.45,0.1429
2026-07-15,7575.51,2026-08-18,34.0,7475.0,195.0,0.1438,82.7,0.1421
2026-07-15,7575.51,2026-08-18,34.0,7480.0,191.4,0.1432,84.1,0.1415
2026-07-15,7575.51,2026-08-18,34.0,7490.0,184.15,0.1419,86.9,0.1403
2026-07-15,7575.51,2026-08-18,34.0,7500.0,177.0,0.1406,89.7,0.1389
2026-07-15,7575.51,2026-08-18,34.0,7510.0,170.0,0.1394,92.7,0.1376
2026-07-15,7575.51,2026-08-18,34.0,7520.0,163.15,0.1382,95.8,0.1364
2026-07-15,7575.51,2026-08-18,34.0,7525.0,159.8,0.1377,97.3,0.1356
2026-07-15,7575.51,2026-08-18,34.0,7530.0,156.4,0.137,99.05,0.1351
2026-07-15,7575.51,2026-08-18,34.0,7540.0,149.8,0.1359,102.3,0.1338
2026-07-15,7575.51,2026-08-18,34.0,7550.0,143.2,0.1346,105.7,0.1324
2026-07-15,7575.51,2026-08-18,34.0,7560.0,136.8,0.1334,109.3,0.1312
2026-07-15,7575.51,2026-08-18,34.0,7570.0,130.6,0.1323,113.0,0.1299
2026-07-15,7575.51,2026-08-18,34.0,7575.0,127.5,0.1317,114.8,0.1291
2026-07-15,7575.51,2026-08-18,34.0,7580.0,124.4,0.1311,116.8,0.1285
2026-07-15,7575.51,2026-08-18,34.0,7590.0,118.4,0.1299,120.8,0.1273
2026-07-15,7575.51,2026-08-18,34.0,7600.0,112.6,0.1288,124.85,0.1259
2026-07-15,7575.51,2026-08-18,34.0,7610.0,106.9,0.1277,129.2,0.1247
2026-07-15,7575.51,2026-08-18,34.0,7620.0,101.4,0.1267,133.6,0.1234
2026-07-15,7575.51,2026-08-18,34.0,7625.0,98.7,0.1261,135.8,0.1227
2026-07-15,7575.51,2026-08-18,34.0,7650.0,85.8,0.1236,147.8,0.1195
2026-07-15,7575.51,2026-08-18,34.0,7675.0,73.8,0.121,160.8,0.1162
2026-07-15,7575.51,2026-08-18,34.0,7700.0,62.95,0.1186,174.8,0.1128
2026-07-15,7575.51,2026-08-18,34.0,7725.0,53.2,0.1165,190.0,0.1092
2026-07-15,7575.51,2026-08-18,34.0,7750.0,44.5,0.1144,206.45,0.1055
2026-07-15,7575.51,2026-08-18,34.0,7775.0,36.9,0.1125,223.4,0.0999
2026-07-15,7575.51,2026-08-18,34.0,7800.0,30.15,0.1106,242.9,0.0954
2026-07-15,7575.51,2026-08-18,34.0,7825.0,24.55,0.1092,261.25,0.0852
2026-07-15,7575.51,2026-08-18,34.0,7850.0,19.8,0.1079,,
2026-07-15,7575.51,2026-08-18,34.0,7875.0,15.8,0.1066,,
2026-07-15,7575.51,2026-08-18,34.0,7900.0,12.5,0.1055,,
2026-07-15,7575.51,2026-08-18,34.0,7925.0,9.85,0.1047,,
2026-07-15,7575.51,2026-08-18,34.0,7950.0,7.75,0.1041,,
2026-07-15,7575.51,2026-08-18,34.0,7975.0,6.1,0.1038,,
2026-07-15,7575.51,2026-08-18,34.0,8000.0,4.8,0.1037,,
2026-07-15,7575.51,2026-08-18,34.0,8025.0,3.85,0.1041,,
2026-07-15,7575.51,2026-08-18,34.0,8050.0,3.08,0.1044,,
2026-07-15,7575.51,2026-08-18,34.0,8075.0,2.5,0.1052,,
2026-07-15,7575.51,2026-08-18,34.0,8100.0,2.05,0.1061,,
2026-07-15,7575.51,2026-08-18,34.0,8200.0,1.1,0.1124,,
2026-07-15,7575.51,2026-08-18,34.0,8300.0,0.7,0.1205,,
2026-07-15,7575.51,2026-08-18,34.0,8400.0,0.5,0.1294,,
2026-07-15,7575.51,2026-08-18,34.0,8600.0,0.25,0.1452,,
2026-07-15,7575.51,2026-08-19,35.0,5800.0,1782.05,0.2666,3.35,0.3855
2026-07-15,7575.51,2026-08-19,35.0,6000.0,1584.65,0.3197,4.3,0.3544
2026-07-15,7575.51,2026-08-19,35.0,6100.0,1485.7,0.3115,4.9,0.339
2026-07-15,7575.51,2026-08-19,35.0,6200.0,1386.6,0.2985,5.55,0.3232
2026-07-15,7575.51,2026-08-19,35.0,6300.0,1287.95,0.2888,6.3,0.3072
2026-07-15,7575.51,2026-08-19,35.0,6400.0,1189.35,0.2769,7.25,0.2917
2026-07-15,7575.51,2026-08-19,35.0,6500.0,1090.95,0.2645,8.35,0.276
2026-07-15,7575.51,2026-08-19,35.0,6600.0,992.65,0.2506,9.8,0.2608
2026-07-15,7575.51,2026-08-19,35.0,6700.0,894.2,0.2341,11.7,0.2461
2026-07-15,7575.51,2026-08-19,35.0,6800.0,797.35,0.2231,14.2,0.2317
2026-07-15,7575.51,2026-08-19,35.0,6900.0,701.2,0.2112,17.6,0.2178
2026-07-15,7575.51,2026-08-19,35.0,6975.0,630.3,0.2034,20.9,0.2076
2026-07-15,7575.51,2026-08-19,35.0,7000.0,607.0,0.2011,22.2,0.2042
2026-07-15,7575.51,2026-08-19,35.0,7025.0,583.35,0.1976,23.6,0.2009
2026-07-15,7575.51,2026-08-19,35.0,7050.0,560.15,0.195,25.1,0.1975
2026-07-15,7575.51,2026-08-19,35.0,7075.0,536.7,0.1914,26.8,0.1944
2026-07-15,7575.51,2026-08-19,35.0,7100.0,513.4,0.188,28.6,0.1911
2026-07-15,7575.51,2026-08-19,35.0,7125.0,490.9,0.1858,30.55,0.1879
2026-07-15,7575.51,2026-08-19,35.0,7150.0,468.05,0.1826,32.65,0.1846
2026-07-15,7575.51,2026-08-19,35.0,7175.0,445.7,0.18,34.95,0.1814
2026-07-15,7575.51,2026-08-19,35.0,7200.0,423.3,0.177,37.55,0.1783
2026-07-15,7575.51,2026-08-19,35.0,7225.0,401.1,0.1739,40.25,0.1751
2026-07-15,7575.51,2026-08-19,35.0,7250.0,379.3,0.171,43.35,0.1721
2026-07-15,7575.51,2026-08-19,35.0,7275.0,357.3,0.1675,46.5,0.1688
2026-07-15,7575.51,2026-08-19,35.0,7300.0,336.7,0.1656,50.05,0.1656
2026-07-15,7575.51,2026-08-19,35.0,7325.0,315.55,0.1624,53.85,0.1624
2026-07-15,7575.51,2026-08-19,35.0,7350.0,295.0,0.1596,58.05,0.1593
2026-07-15,7575.51,2026-08-19,35.0,7375.0,274.3,0.1561,62.5,0.156
2026-07-15,7575.51,2026-08-19,35.0,7400.0,254.5,0.1532,67.5,0.1528
2026-07-15,7575.51,2026-08-19,35.0,7425.0,235.2,0.1504,72.9,0.1496
2026-07-15,7575.51,2026-08-19,35.0,7450.0,216.2,0.1473,78.75,0.1464
2026-07-15,7575.51,2026-08-19,35.0,7475.0,197.6,0.1441,85.1,0.1431
2026-07-15,7575.51,2026-08-19,35.0,7500.0,179.75,0.1412,92.1,0.1399
2026-07-15,7575.51,2026-08-19,35.0,7525.0,162.5,0.1382,99.7,0.1366
2026-07-15,7575.51,2026-08-19,35.0,7550.0,146.0,0.1352,108.1,0.1334
2026-07-15,7575.51,2026-08-19,35.0,7575.0,130.3,0.1324,117.2,0.1302
2026-07-15,7575.51,2026-08-19,35.0,7600.0,115.3,0.1295,127.3,0.1271
2026-07-15,7575.51,2026-08-19,35.0,7625.0,101.4,0.1269,138.2,0.1239
2026-07-15,7575.51,2026-08-19,35.0,7650.0,88.35,0.1242,150.1,0.1207
2026-07-15,7575.51,2026-08-19,35.0,7675.0,76.3,0.1217,163.0,0.1175
2026-07-15,7575.51,2026-08-19,35.0,7700.0,65.4,0.1194,177.0,0.1143
2026-07-15,7575.51,2026-08-19,35.0,7725.0,55.5,0.1173,192.0,0.1107
2026-07-15,7575.51,2026-08-19,35.0,7750.0,46.65,0.1152,209.1,0.1084
2026-07-15,7575.51,2026-08-19,35.0,7775.0,38.9,0.1134,226.35,0.1041
2026-07-15,7575.51,2026-08-19,35.0,7800.0,32.15,0.1117,243.95,0.097
2026-07-15,7575.51,2026-08-19,35.0,7825.0,26.3,0.1102,263.35,0.0847
2026-07-15,7575.51,2026-08-19,35.0,7850.0,21.3,0.1088,,
2026-07-15,7575.51,2026-08-19,35.0,7875.0,17.15,0.1076,,
2026-07-15,7575.51,2026-08-19,35.0,7900.0,13.7,0.1065,,
2026-07-15,7575.51,2026-08-19,35.0,8000.0,5.35,0.1043,,
2026-07-15,7575.51,2026-08-19,35.0,8100.0,2.3,0.1064,,
2026-07-15,7575.51,2026-08-19,35.0,8200.0,1.2,0.1119,,
2026-07-15,7575.51,2026-08-19,35.0,8300.0,0.75,0.1196,,
2026-07-15,7575.51,2026-08-19,35.0,8400.0,0.53,0.1282,,
2026-07-15,7575.51,2026-08-19,35.0,8600.0,0.25,0.143,,
2026-07-15,7575.51,2026-08-20,36.0,5800.0,1782.7,0.2749,3.65,0.3847
2026-07-15,7575.51,2026-08-20,36.0,6000.0,1585.1,0.3122,4.65,0.3536
2026-07-15,7575.51,2026-08-20,36.0,6100.0,1486.15,0.3047,5.25,0.3379
2026-07-15,7575.51,2026-08-20,36.0,6200.0,1387.25,0.2947,5.95,0.3223
2026-07-15,7575.51,2026-08-20,36.0,6300.0,1289.7,0.2953,6.8,0.3069
2026-07-15,7575.51,2026-08-20,36.0,6400.0,1189.7,0.2707,7.75,0.2911
2026-07-15,7575.51,2026-08-20,36.0,6500.0,1091.3,0.2588,9.0,0.276
2026-07-15,7575.51,2026-08-20,36.0,6600.0,993.65,0.2491,10.55,0.261
2026-07-15,7575.51,2026-08-20,36.0,6700.0,896.05,0.2366,12.5,0.2461
2026-07-15,7575.51,2026-08-20,36.0,6800.0,798.95,0.2237,15.15,0.2319
2026-07-15,7575.51,2026-08-20,36.0,6900.0,702.7,0.2109,18.7,0.2182
2026-07-15,7575.51,2026-08-20,36.0,6925.0,680.25,0.2119,19.7,0.2146
2026-07-15,7575.51,2026-08-20,36.0,6950.0,656.6,0.209,20.9,0.2114
2026-07-15,7575.51,2026-08-20,36.0,6975.0,632.1,0.2037,22.1,0.2079
2026-07-15,7575.51,2026-08-20,36.0,7000.0,608.9,0.2015,23.5,0.2047
2026-07-15,7575.51,2026-08-20,36.0,7025.0,585.35,0.1981,24.95,0.2014
2026-07-15,7575.51,2026-08-20,36.0,7050.0,562.2,0.1955,26.6,0.1983
2026-07-15,7575.51,2026-08-20,36.0,7075.0,538.85,0.1921,28.3,0.195
2026-07-15,7575.51,2026-08-20,36.0,7100.0,516.0,0.1894,30.15,0.1918
2026-07-15,7575.51,2026-08-20,36.0,7125.0,493.2,0.1865,32.2,0.1886
2026-07-15,7575.51,2026-08-20,36.0,7150.0,470.5,0.1835,34.35,0.1853
2026-07-15,7575.51,2026-08-20,36.0,7175.0,448.0,0.1806,36.85,0.1824
2026-07-15,7575.51,2026-08-20,36.0,7200.0,425.7,0.1776,39.35,0.1791
2026-07-15,7575.51,2026-08-20,36.0,7225.0,403.3,0.1741,42.15,0.1759
2026-07-15,7575.51,2026-08-20,36.0,7250.0,381.75,0.1715,45.25,0.1728
2026-07-15,7575.51,2026-08-20,36.0,7275.0,360.15,0.1685,48.55,0.1697
2026-07-15,7575.51,2026-08-20,36.0,7300.0,338.6,0.1652,52.15,0.1665
2026-07-15,7575.51,2026-08-20,36.0,7325.0,317.7,0.1623,56.05,0.1634
2026-07-15,7575.51,2026-08-20,36.0,7350.0,296.85,0.1591,60.25,0.1602
2026-07-15,7575.51,2026-08-20,36.0,7375.0,276.5,0.156,64.85,0.157
2026-07-15,7575.51,2026-08-20,36.0,7400.0,257.0,0.1535,69.85,0.1538
2026-07-15,7575.51,2026-08-20,36.0,7425.0,237.6,0.1505,75.3,0.1506
2026-07-15,7575.51,2026-08-20,36.0,7450.0,218.6,0.1475,81.2,0.1474
2026-07-15,7575.51,2026-08-20,36.0,7475.0,200.2,0.1445,87.7,0.1443
2026-07-15,7575.51,2026-08-20,36.0,7500.0,182.3,0.1415,94.7,0.141
2026-07-15,7575.51,2026-08-20,36.0,7525.0,165.0,0.1385,102.35,0.1378
2026-07-15,7575.51,2026-08-20,36.0,7550.0,148.6,0.1357,110.75,0.1347
2026-07-15,7575.51,2026-08-20,36.0,7575.0,132.8,0.1328,119.9,0.1315
2026-07-15,7575.51,2026-08-20,36.0,7600.0,117.9,0.13,129.9,0.1284
2026-07-15,7575.51,2026-08-20,36.0,7625.0,103.9,0.1274,140.75,0.1253
2026-07-15,7575.51,2026-08-20,36.0,7650.0,90.9,0.1249,152.6,0.1222
2026-07-15,7575.51,2026-08-20,36.0,7675.0,78.75,0.1224,165.5,0.1191
2026-07-15,7575.51,2026-08-20,36.0,7700.0,67.75,0.1201,179.4,0.116
2026-07-15,7575.51,2026-08-20,36.0,7725.0,57.75,0.118,194.2,0.1124
2026-07-15,7575.51,2026-08-20,36.0,7750.0,48.85,0.116,210.55,0.1094
2026-07-15,7575.51,2026-08-20,36.0,7775.0,40.9,0.1142,227.45,0.1049
2026-07-15,7575.51,2026-08-20,36.0,7800.0,33.95,0.1125,245.35,0.0992
2026-07-15,7575.51,2026-08-20,36.0,7900.0,14.55,0.1067,,
2026-07-15,7575.51,2026-08-20,36.0,8000.0,5.9,0.1048,,
2026-07-15,7575.51,2026-08-20,36.0,8100.0,2.52,0.1063,,
2026-07-15,7575.51,2026-08-20,36.0,8200.0,1.32,0.1117,,
2026-07-15,7575.51,2026-08-20,36.0,8400.0,0.55,0.1269,,
2026-07-15,7575.51,2026-08-20,36.0,8600.0,0.3,0.1434,,
2026-07-15,7575.51,2026-08-21,37.0,5690.0,1894.6,0.371,3.35,0.3988
2026-07-15,7575.51,2026-08-21,37.0,5700.0,1885.7,0.3901,3.5,0.399
2026-07-15,7575.51,2026-08-21,37.0,5710.0,1875.05,0.3751,3.45,0.396
2026-07-15,7575.51,2026-08-21,37.0,5720.0,1865.1,0.3733,3.45,0.3939
2026-07-15,7575.51,2026-08-21,37.0,5725.0,1860.9,0.3866,3.45,0.3928
2026-07-15,7575.51,2026-08-21,37.0,5730.0,1855.1,0.3705,3.5,0.3925
2026-07-15,7575.51,2026-08-21,37.0,5740.0,1845.05,0.3666,3.55,0.3911
2026-07-15,7575.51,2026-08-21,37.0,5750.0,1836.25,0.3853,3.7,0.3911
2026-07-15,7575.51,2026-08-21,37.0,5760.0,1825.6,0.3717,3.65,0.3882
2026-07-15,7575.51,2026-08-21,37.0,5770.0,1815.3,0.3633,3.65,0.386
2026-07-15,7575.51,2026-08-21,37.0,5775.0,1811.45,0.3816,3.7,0.3857
2026-07-15,7575.51,2026-08-21,37.0,5780.0,1805.8,0.3698,3.75,0.3853
2026-07-15,7575.51,2026-08-21,37.0,5790.0,1795.7,0.3653,3.75,0.3831
2026-07-15,7575.51,2026-08-21,37.0,5800.0,1786.6,0.3771,3.9,0.383
2026-07-15,7575.51,2026-08-21,37.0,5810.0,1775.9,0.3633,3.85,0.3802
2026-07-15,7575.51,2026-08-21,37.0,5820.0,1766.0,0.3623,3.85,0.378
2026-07-15,7575.51,2026-08-21,37.0,5825.0,1761.8,0.3733,3.95,0.3783
2026-07-15,7575.51,2026-08-21,37.0,5830.0,1755.85,0.357,3.95,0.3772
2026-07-15,7575.51,2026-08-21,37.0,5840.0,1746.0,0.3569,3.95,0.375
2026-07-15,7575.51,2026-08-21,37.0,5850.0,1737.0,0.3694,4.1,0.3748
2026-07-15,7575.51,2026-08-21,37.0,5860.0,1726.15,0.354,4.05,0.372
2026-07-15,7575.51,2026-08-21,37.0,5870.0,1716.25,0.3529,4.15,0.3711
2026-07-15,7575.51,2026-08-21,37.0,5875.0,1712.2,0.3655,4.15,0.3701
2026-07-15,7575.51,2026-08-21,37.0,5880.0,1706.6,0.3557,4.2,0.3696
2026-07-15,7575.51,2026-08-21,37.0,5890.0,1697.0,0.3588,4.25,0.368
2026-07-15,7575.51,2026-08-21,37.0,5900.0,1687.5,0.3628,4.4,0.3677
2026-07-15,7575.51,2026-08-21,37.0,5910.0,1676.9,0.3521,4.35,0.3649
2026-07-15,7575.51,2026-08-21,37.0,5920.0,1667.0,0.3509,4.35,0.3628
2026-07-15,7575.51,2026-08-21,37.0,5925.0,1661.2,0.3374,4.45,0.3629
2026-07-15,7575.51,2026-08-21,37.0,5930.0,1657.1,0.3497,4.45,0.3618
2026-07-15,7575.51,2026-08-21,37.0,5940.0,1647.1,0.3471,4.45,0.3596
2026-07-15,7575.51,2026-08-21,37.0,5950.0,1638.1,0.3571,4.65,0.3597
2026-07-15,7575.51,2026-08-21,37.0,5960.0,1627.35,0.3452,4.65,0.3576
2026-07-15,7575.51,2026-08-21,37.0,5970.0,1617.4,0.3433,4.65,0.3554
2026-07-15,7575.51,2026-08-21,37.0,5975.0,1612.3,0.3407,4.65,0.3543
2026-07-15,7575.51,2026-08-21,37.0,5980.0,1607.5,0.342,4.75,0.3543
2026-07-15,7575.51,2026-08-21,37.0,5990.0,1596.8,0.3297,4.75,0.3522
2026-07-15,7575.51,2026-08-21,37.0,6000.0,1587.2,0.3328,4.9,0.3516
2026-07-15,7575.51,2026-08-21,37.0,6010.0,1577.6,0.3355,4.9,0.3494
2026-07-15,7575.51,2026-08-21,37.0,6020.0,1567.6,0.3329,5.1,0.3493
2026-07-15,7575.51,2026-08-21,37.0,6025.0,1563.85,0.3461,4.95,0.3467
2026-07-15,7575.51,2026-08-21,37.0,6030.0,1557.7,0.3316,5.1,0.3472
2026-07-15,7575.51,2026-08-21,37.0,6040.0,1547.75,0.3297,5.05,0.3445
2026-07-15,7575.51,2026-08-21,37.0,6050.0,1537.95,0.3296,5.25,0.3443
2026-07-15,7575.51,2026-08-21,37.0,6060.0,1527.9,0.3264,5.2,0.3416
2026-07-15,7575.51,2026-08-21,37.0,6070.0,1517.95,0.3245,5.4,0.3414
2026-07-15,7575.51,2026-08-21,37.0,6075.0,1513.75,0.3323,5.3,0.3393
2026-07-15,7575.51,2026-08-21,37.0,6080.0,1508.0,0.3225,5.45,0.3397
2026-07-15,7575.51,2026-08-21,37.0,6090.0,1498.1,0.3212,5.4,0.337
2026-07-15,7575.51,2026-08-21,37.0,6100.0,1489.75,0.3359,5.6,0.3367
2026-07-15,7575.51,2026-08-21,37.0,6110.0,1478.3,0.3185,5.55,0.3341
2026-07-15,7575.51,2026-08-21,37.0,6120.0,1468.55,0.3187,5.7,0.3333
2026-07-15,7575.51,2026-08-21,37.0,6125.0,1463.85,0.3207,5.65,0.3317
2026-07-15,7575.51,2026-08-21,37.0,6130.0,1458.45,0.3151,5.8,0.332
2026-07-15,7575.51,2026-08-21,37.0,6140.0,1448.6,0.3143,5.75,0.3294
2026-07-15,7575.51,2026-08-21,37.0,6150.0,1440.15,0.327,5.9,0.3285
2026-07-15,7575.51,2026-08-21,37.0,6160.0,1429.75,0.3208,5.85,0.3259
2026-07-15,7575.51,2026-08-21,37.0,6170.0,1418.8,0.3089,6.1,0.3258
2026-07-15,7575.51,2026-08-21,37.0,6175.0,1414.4,0.3137,6.0,0.3239
2026-07-15,7575.51,2026-08-21,37.0,6180.0,1408.95,0.308,6.2,0.3245
2026-07-15,7575.51,2026-08-21,37.0,6190.0,1399.6,0.3119,6.1,0.3215
2026-07-15,7575.51,2026-08-21,37.0,6200.0,1390.75,0.3196,6.3,0.3209
2026-07-15,7575.51,2026-08-21,37.0,6210.0,1379.7,0.3079,6.25,0.3183
2026-07-15,7575.51,2026-08-21,37.0,6220.0,1369.75,0.3059,6.5,0.3181
2026-07-15,7575.51,2026-08-21,37.0,6225.0,1366.1,0.3162,6.35,0.3158
2026-07-15,7575.51,2026-08-21,37.0,6230.0,1360.1,0.3066,6.6,0.3167
2026-07-15,7575.51,2026-08-21,37.0,6240.0,1350.7,0.3093,6.5,0.3137
2026-07-15,7575.51,2026-08-21,37.0,6250.0,1341.45,0.3128,6.7,0.3131
2026-07-15,7575.51,2026-08-21,37.0,6260.0,1330.65,0.3039,6.65,0.3105
2026-07-15,7575.51,2026-08-21,37.0,6270.0,1320.35,0.2989,6.9,0.3102
2026-07-15,7575.51,2026-08-21,37.0,6275.0,1316.75,0.3088,6.95,0.3094
2026-07-15,7575.51,2026-08-21,37.0,6280.0,1311.85,0.3083,7.0,0.3087
2026-07-15,7575.51,2026-08-21,37.0,6290.0,1300.9,0.2985,7.1,0.3072
2026-07-15,7575.51,2026-08-21,37.0,6300.0,1292.05,0.3048,7.2,0.3057
2026-07-15,7575.51,2026-08-21,37.0,6310.0,1281.35,0.2971,7.3,0.3042
2026-07-15,7575.51,2026-08-21,37.0,6320.0,1271.75,0.2977,7.4,0.3027
2026-07-15,7575.51,2026-08-21,37.0,6325.0,1267.35,0.3008,7.4,0.3016
2026-07-15,7575.51,2026-08-21,37.0,6330.0,1261.7,0.2949,7.5,0.3011
2026-07-15,7575.51,2026-08-21,37.0,6340.0,1251.45,0.2905,7.6,0.2996
2026-07-15,7575.51,2026-08-21,37.0,6350.0,1242.25,0.2939,7.7,0.298
2026-07-15,7575.51,2026-08-21,37.0,6360.0,1231.7,0.2875,7.8,0.2965
2026-07-15,7575.51,2026-08-21,37.0,6370.0,1221.8,0.2858,7.9,0.2949
2026-07-15,7575.51,2026-08-21,37.0,6375.0,1217.0,0.286,7.95,0.2941
2026-07-15,7575.51,2026-08-21,37.0,6380.0,1212.65,0.2893,8.0,0.2933
2026-07-15,7575.51,2026-08-21,37.0,6390.0,1202.9,0.2885,8.1,0.2917
2026-07-15,7575.51,2026-08-21,37.0,6400.0,1193.45,0.2895,8.2,0.2901
2026-07-15,7575.51,2026-08-21,37.0,6410.0,1183.2,0.2855,8.35,0.2888
2026-07-15,7575.51,2026-08-21,37.0,6420.0,1172.6,0.2791,8.45,0.2872
2026-07-15,7575.51,2026-08-21,37.0,6425.0,1168.9,0.2861,8.5,0.2863
2026-07-15,7575.51,2026-08-21,37.0,6430.0,1163.0,0.2793,8.6,0.2858
2026-07-15,7575.51,2026-08-21,37.0,6440.0,1153.6,0.2806,8.7,0.2841
2026-07-15,7575.51,2026-08-21,37.0,6450.0,1143.75,0.2791,8.85,0.2828
2026-07-15,7575.51,2026-08-21,37.0,6460.0,1133.95,0.2778,8.95,0.2811
2026-07-15,7575.51,2026-08-21,37.0,6470.0,1123.5,0.2727,9.1,0.2797
2026-07-15,7575.51,2026-08-21,37.0,6475.0,1118.55,0.2718,9.15,0.2788
2026-07-15,7575.51,2026-08-21,37.0,6480.0,1114.2,0.2744,9.25,0.2782
2026-07-15,7575.51,2026-08-21,37.0,6490.0,1104.5,0.2737,9.35,0.2765
2026-07-15,7575.51,2026-08-21,37.0,6500.0,1094.1,0.2689,9.5,0.2751
2026-07-15,7575.51,2026-08-21,37.0,6510.0,1084.25,0.2673,9.65,0.2736
2026-07-15,7575.51,2026-08-21,37.0,6520.0,1075.0,0.2691,9.8,0.2721
2026-07-15,7575.51,2026-08-21,37.0,6525.0,1069.5,0.2651,9.85,0.2712
2026-07-15,7575.51,2026-08-21,37.0,6530.0,1065.1,0.2671,9.95,0.2706
2026-07-15,7575.51,2026-08-21,37.0,6540.0,1055.3,0.2657,10.1,0.2691
2026-07-15,7575.51,2026-08-21,37.0,6550.0,1045.5,0.2643,10.25,0.2676
2026-07-15,7575.51,2026-08-21,37.0,6560.0,1035.45,0.2616,10.45,0.2663
2026-07-15,7575.51,2026-08-21,37.0,6570.0,1025.95,0.2617,10.6,0.2647
2026-07-15,7575.51,2026-08-21,37.0,6575.0,1022.15,0.2663,10.65,0.2638
2026-07-15,7575.51,2026-08-21,37.0,6580.0,1015.8,0.2585,10.75,0.2631
2026-07-15,7575.51,2026-08-21,37.0,6590.0,1006.15,0.2578,10.95,0.2618
2026-07-15,7575.51,2026-08-21,37.0,6600.0,997.3,0.2608,11.15,0.2604
2026-07-15,7575.51,2026-08-21,37.0,6610.0,986.3,0.2536,11.3,0.2587
2026-07-15,7575.51,2026-08-21,37.0,6620.0,977.05,0.2547,11.5,0.2573
2026-07-15,7575.51,2026-08-21,37.0,6625.0,972.2,0.2541,11.6,0.2566
2026-07-15,7575.51,2026-08-21,37.0,6630.0,967.25,0.2531,11.7,0.2559
2026-07-15,7575.51,2026-08-21,37.0,6640.0,957.55,0.252,11.9,0.2544
2026-07-15,7575.51,2026-08-21,37.0,6650.0,947.75,0.2504,12.1,0.253
2026-07-15,7575.51,2026-08-21,37.0,6660.0,937.85,0.2484,12.35,0.2517
2026-07-15,7575.51,2026-08-21,37.0,6670.0,927.8,0.2457,12.55,0.2502
2026-07-15,7575.51,2026-08-21,37.0,6675.0,923.4,0.247,12.65,0.2494
2026-07-15,7575.51,2026-08-21,37.0,6680.0,918.5,0.2462,12.75,0.2486
2026-07-15,7575.51,2026-08-21,37.0,6690.0,908.45,0.2435,12.95,0.2471
2026-07-15,7575.51,2026-08-21,37.0,6695.0,903.05,0.2405,12.8,0.2453
2026-07-15,7575.51,2026-08-21,37.0,6700.0,898.8,0.2424,13.25,0.2459
2026-07-15,7575.51,2026-08-21,37.0,6705.0,892.85,0.2372,13.0,0.2437
2026-07-15,7575.51,2026-08-21,37.0,6710.0,889.15,0.2413,13.45,0.2443
2026-07-15,7575.51,2026-08-21,37.0,6715.0,883.35,0.2368,13.25,0.2424
2026-07-15,7575.51,2026-08-21,37.0,6720.0,879.6,0.2406,13.75,0.2431
2026-07-15,7575.51,2026-08-21,37.0,6725.0,874.65,0.2396,13.85,0.2423
2026-07-15,7575.51,2026-08-21,37.0,6730.0,869.9,0.2393,13.95,0.2415
2026-07-15,7575.51,2026-08-21,37.0,6735.0,863.85,0.2339,13.7,0.2393
2026-07-15,7575.51,2026-08-21,37.0,6740.0,859.85,0.2366,14.25,0.2402
2026-07-15,7575.51,2026-08-21,37.0,6745.0,854.15,0.2326,14.0,0.2381
2026-07-15,7575.51,2026-08-21,37.0,6750.0,850.35,0.236,14.55,0.2389
2026-07-15,7575.51,2026-08-21,37.0,6755.0,844.25,0.2305,14.3,0.2368
2026-07-15,7575.51,2026-08-21,37.0,6760.0,840.75,0.2349,14.75,0.2372
2026-07-15,7575.51,2026-08-21,37.0,6765.0,834.35,0.2284,14.55,0.2353
2026-07-15,7575.51,2026-08-21,37.0,6770.0,831.2,0.234,15.05,0.2358
2026-07-15,7575.51,2026-08-21,37.0,6775.0,826.25,0.2329,15.2,0.2351
2026-07-15,7575.51,2026-08-21,37.0,6780.0,821.5,0.2326,15.35,0.2345
2026-07-15,7575.51,2026-08-21,37.0,6785.0,815.85,0.229,15.1,0.2324
2026-07-15,7575.51,2026-08-21,37.0,6790.0,811.45,0.2298,15.65,0.2331
2026-07-15,7575.51,2026-08-21,37.0,6795.0,805.45,0.225,15.4,0.231
2026-07-15,7575.51,2026-08-21,37.0,6800.0,802.15,0.2297,16.0,0.2318
2026-07-15,7575.51,2026-08-21,37.0,6805.0,795.75,0.2236,15.75,0.2297
2026-07-15,7575.51,2026-08-21,37.0,6810.0,792.4,0.228,16.35,0.2305
2026-07-15,7575.51,2026-08-21,37.0,6815.0,786.05,0.2221,16.1,0.2285
2026-07-15,7575.51,2026-08-21,37.0,6820.0,782.7,0.2265,16.65,0.229
2026-07-15,7575.51,2026-08-21,37.0,6825.0,777.9,0.2258,16.8,0.2283
2026-07-15,7575.51,2026-08-21,37.0,6830.0,772.95,0.2247,17.05,0.2278
2026-07-15,7575.51,2026-08-21,37.0,6835.0,766.95,0.2201,16.75,0.2256
2026-07-15,7575.51,2026-08-21,37.0,6840.0,763.5,0.2239,17.35,0.2263
2026-07-15,7575.51,2026-08-21,37.0,6845.0,759.75,0.2265,17.55,0.2257
2026-07-15,7575.51,2026-08-21,37.0,6850.0,753.8,0.2223,17.7,0.2249
2026-07-15,7575.51,2026-08-21,37.0,6855.0,749.3,0.2226,17.95,0.2244
2026-07-15,7575.51,2026-08-21,37.0,6860.0,744.5,0.2219,18.1,0.2236
2026-07-15,7575.51,2026-08-21,37.0,6865.0,740.05,0.2223,18.25,0.2228
2026-07-15,7575.51,2026-08-21,37.0,6870.0,734.7,0.2199,18.45,0.2221
2026-07-15,7575.51,2026-08-21,37.0,6875.0,730.0,0.2195,18.65,0.2215
2026-07-15,7575.51,2026-08-21,37.0,6880.0,725.2,0.2188,18.85,0.2208
2026-07-15,7575.51,2026-08-21,37.0,6885.0,720.85,0.2194,19.05,0.2201
2026-07-15,7575.51,2026-08-21,37.0,6890.0,715.75,0.2178,19.3,0.2196
2026-07-15,7575.51,2026-08-21,37.0,6895.0,711.35,0.2182,19.5,0.2189
2026-07-15,7575.51,2026-08-21,37.0,6900.0,706.1,0.2162,19.7,0.2182
2026-07-15,7575.51,2026-08-21,37.0,6905.0,701.85,0.217,19.95,0.2176
2026-07-15,7575.51,2026-08-21,37.0,6910.0,696.55,0.2148,20.15,0.2169
2026-07-15,7575.51,2026-08-21,37.0,6915.0,692.3,0.2156,20.35,0.2161
2026-07-15,7575.51,2026-08-21,37.0,6920.0,687.15,0.2139,20.55,0.2154
2026-07-15,7575.51,2026-08-21,37.0,6925.0,682.3,0.213,20.85,0.2149
2026-07-15,7575.51,2026-08-21,37.0,6930.0,677.65,0.2126,21.05,0.2142
2026-07-15,7575.51,2026-08-21,37.0,6935.0,673.25,0.2129,21.3,0.2135
2026-07-15,7575.51,2026-08-21,37.0,6940.0,668.25,0.2115,21.55,0.2129
2026-07-15,7575.51,2026-08-21,37.0,6945.0,663.75,0.2115,21.75,0.2121
2026-07-15,7575.51,2026-08-21,37.0,6950.0,658.75,0.2102,22.0,0.2115
2026-07-15,7575.51,2026-08-21,37.0,6955.0,654.2,0.21,22.25,0.2108
2026-07-15,7575.51,2026-08-21,37.0,6960.0,649.3,0.2089,22.55,0.2103
2026-07-15,7575.51,2026-08-21,37.0,6965.0,644.5,0.2081,22.75,0.2095
2026-07-15,7575.51,2026-08-21,37.0,6970.0,639.6,0.207,23.05,0.2089
2026-07-15,7575.51,2026-08-21,37.0,6975.0,634.9,0.2064,23.35,0.2083
2026-07-15,7575.51,2026-08-21,37.0,6980.0,630.25,0.2059,23.55,0.2075
2026-07-15,7575.51,2026-08-21,37.0,6985.0,625.55,0.2053,23.85,0.2069
2026-07-15,7575.51,2026-08-21,37.0,6990.0,620.7,0.2043,24.15,0.2063
2026-07-15,7575.51,2026-08-21,37.0,6995.0,616.1,0.2039,24.45,0.2057
2026-07-15,7575.51,2026-08-21,37.0,7000.0,612.2,0.2051,24.75,0.205
2026-07-15,7575.51,2026-08-21,37.0,7005.0,606.75,0.2027,25.0,0.2043
2026-07-15,7575.51,2026-08-21,37.0,7010.0,601.95,0.2018,25.3,0.2036
2026-07-15,7575.51,2026-08-21,37.0,7015.0,597.55,0.2018,25.6,0.203
2026-07-15,7575.51,2026-08-21,37.0,7020.0,592.7,0.2008,25.9,0.2023
2026-07-15,7575.51,2026-08-21,37.0,7025.0,588.2,0.2005,26.25,0.2018
2026-07-15,7575.51,2026-08-21,37.0,7030.0,583.5,0.1998,26.55,0.2011
2026-07-15,7575.51,2026-08-21,37.0,7035.0,578.75,0.199,26.85,0.2004
2026-07-15,7575.51,2026-08-21,37.0,7040.0,574.0,0.1982,27.2,0.1998
2026-07-15,7575.51,2026-08-21,37.0,7045.0,569.4,0.1977,,
2026-07-15,7575.51,2026-08-28,44.0,5700.0,1889.2,0.3494,4.7,0.3817
2026-07-15,7575.51,2026-08-28,44.0,5800.0,1789.95,0.3355,5.3,0.3677
2026-07-15,7575.51,2026-08-28,44.0,5900.0,1691.6,0.3326,5.9,0.3528
2026-07-15,7575.51,2026-08-28,44.0,5950.0,1642.7,0.3323,6.3,0.346
2026-07-15,7575.51,2026-08-28,44.0,6000.0,1593.65,0.3292,6.65,0.3386
2026-07-15,7575.51,2026-08-28,44.0,6050.0,1544.3,0.3228,7.05,0.3313
2026-07-15,7575.51,2026-08-28,44.0,6100.0,1495.35,0.3192,7.5,0.3243
2026-07-15,7575.51,2026-08-28,44.0,6150.0,1445.95,0.3117,7.95,0.317
2026-07-15,7575.51,2026-08-28,44.0,6200.0,1396.85,0.306,8.45,0.3098
2026-07-15,7575.51,2026-08-28,44.0,6250.0,1347.5,0.2984,9.05,0.3029
2026-07-15,7575.51,2026-08-28,44.0,6300.0,1297.75,0.2882,9.65,0.2958
2026-07-15,7575.51,2026-08-28,44.0,6350.0,1248.15,0.279,10.35,0.2889
2026-07-15,7575.51,2026-08-28,44.0,6400.0,1200.6,0.2803,11.05,0.2817
2026-07-15,7575.51,2026-08-28,44.0,6450.0,1150.65,0.2689,11.85,0.2747
2026-07-15,7575.51,2026-08-28,44.0,6475.0,1126.5,0.267,12.35,0.2715
2026-07-15,7575.51,2026-08-28,44.0,6500.0,1101.75,0.2623,12.8,0.268
2026-07-15,7575.51,2026-08-28,44.0,6525.0,1078.2,0.2627,13.3,0.2647
2026-07-15,7575.51,2026-08-28,44.0,6550.0,1053.6,0.2585,13.85,0.2614
2026-07-15,7575.51,2026-08-28,44.0,6575.0,1029.5,0.2561,14.4,0.258
2026-07-15,7575.51,2026-08-28,44.0,6600.0,1004.15,0.2489,15.0,0.2547
2026-07-15,7575.51,2026-08-28,44.0,6625.0,981.15,0.2503,15.6,0.2512
2026-07-15,7575.51,2026-08-28,44.0,6650.0,956.05,0.2441,16.3,0.248
2026-07-15,7575.51,2026-08-28,44.0,6675.0,931.95,0.2412,17.0,0.2447
2026-07-15,7575.51,2026-08-28,44.0,6700.0,907.45,0.2369,17.75,0.2414
2026-07-15,7575.51,2026-08-28,44.0,6725.0,884.35,0.2369,18.55,0.2382
2026-07-15,7575.51,2026-08-28,44.0,6750.0,859.25,0.2306,19.4,0.2349
2026-07-15,7575.51,2026-08-28,44.0,6775.0,835.25,0.2275,20.35,0.2318
2026-07-15,7575.51,2026-08-28,44.0,6800.0,811.25,0.2243,21.3,0.2286
2026-07-15,7575.51,2026-08-28,44.0,6825.0,788.2,0.2234,22.35,0.2254
2026-07-15,7575.51,2026-08-28,44.0,6850.0,764.2,0.2198,23.45,0.2222
2026-07-15,7575.51,2026-08-28,44.0,6875.0,740.55,0.217,24.65,0.2191
2026-07-15,7575.51,2026-08-28,44.0,6900.0,717.2,0.2146,25.95,0.2161
2026-07-15,7575.51,2026-08-28,44.0,6925.0,693.95,0.2122,27.35,0.2131
2026-07-15,7575.51,2026-08-28,44.0,6950.0,670.45,0.209,28.75,0.2099
2026-07-15,7575.51,2026-08-28,44.0,6975.0,647.2,0.2062,30.35,0.2069
2026-07-15,7575.51,2026-08-28,44.0,6990.0,633.2,0.2043,31.35,0.2051
2026-07-15,7575.51,2026-08-28,44.0,7000.0,623.85,0.203,32.05,0.2039
2026-07-15,7575.51,2026-08-28,44.0,7025.0,600.9,0.2003,33.85,0.2009
2026-07-15,7575.51,2026-08-28,44.0,7050.0,577.9,0.1973,35.7,0.1977
2026-07-15,7575.51,2026-08-28,44.0,7070.0,559.7,0.195,37.4,0.1954
2026-07-15,7575.51,2026-08-28,44.0,7075.0,555.1,0.1944,37.85,0.1948
2026-07-15,7575.51,2026-08-28,44.0,7080.0,550.65,0.194,38.25,0.1942
2026-07-15,7575.51,2026-08-28,44.0,7090.0,541.5,0.1927,39.15,0.193
2026-07-15,7575.51,2026-08-28,44.0,7100.0,532.5,0.1916,40.05,0.1918
2026-07-15,7575.51,2026-08-28,44.0,7110.0,523.5,0.1904,41.0,0.1906
2026-07-15,7575.51,2026-08-28,44.0,7120.0,514.45,0.1892,41.95,0.1894
2026-07-15,7575.51,2026-08-28,44.0,7125.0,510.0,0.1887,42.4,0.1888
2026-07-15,7575.51,2026-08-28,44.0,7130.0,505.6,0.1882,42.9,0.1882
2026-07-15,7575.51,2026-08-28,44.0,7140.0,496.5,0.1868,43.95,0.187
2026-07-15,7575.51,2026-08-28,44.0,7150.0,487.65,0.1857,44.9,0.1857
2026-07-15,7575.51,2026-08-28,44.0,7160.0,478.8,0.1846,46.05,0.1846
2026-07-15,7575.51,2026-08-28,44.0,7170.0,470.3,0.184,47.15,0.1834
2026-07-15,7575.51,2026-08-28,44.0,7175.0,466.1,0.1837,47.7,0.1828
2026-07-15,7575.51,2026-08-28,44.0,7180.0,461.2,0.1824,48.25,0.1822
2026-07-15,7575.51,2026-08-28,44.0,7190.0,452.55,0.1814,49.45,0.1811
2026-07-15,7575.51,2026-08-28,44.0,7200.0,443.95,0.1805,50.65,0.1799
2026-07-15,7575.51,2026-08-28,44.0,7210.0,435.0,0.179,51.9,0.1787
2026-07-15,7575.51,2026-08-28,44.0,7220.0,426.35,0.1779,53.15,0.1775
2026-07-15,7575.51,2026-08-28,44.0,7225.0,422.7,0.1782,53.8,0.1769
2026-07-15,7575.51,2026-08-28,44.0,7230.0,417.65,0.1766,54.45,0.1763
2026-07-15,7575.51,2026-08-28,44.0,7240.0,409.7,0.1763,55.85,0.1751
2026-07-15,7575.51,2026-08-28,44.0,7250.0,400.95,0.1749,57.2,0.1739
2026-07-15,7575.51,2026-08-28,44.0,7260.0,392.65,0.1741,58.6,0.1727
2026-07-15,7575.51,2026-08-28,44.0,7270.0,384.0,0.1727,60.1,0.1715
2026-07-15,7575.51,2026-08-28,44.0,7275.0,379.9,0.1723,60.8,0.1709
2026-07-15,7575.51,2026-08-28,44.0,7280.0,375.45,0.1714,61.6,0.1703
2026-07-15,7575.51,2026-08-28,44.0,7290.0,367.3,0.1705,63.2,0.1692
2026-07-15,7575.51,2026-08-28,44.0,7300.0,358.95,0.1693,64.75,0.1679
2026-07-15,7575.51,2026-08-28,44.0,7310.0,350.75,0.1683,66.35,0.1667
2026-07-15,7575.51,2026-08-28,44.0,7320.0,342.45,0.1671,68.1,0.1656
2026-07-15,7575.51,2026-08-28,44.0,7325.0,338.35,0.1665,69.0,0.165
2026-07-15,7575.51,2026-08-28,44.0,7330.0,334.25,0.1659,69.9,0.1644
2026-07-15,7575.51,2026-08-28,44.0,7340.0,326.15,0.1648,71.7,0.1632
2026-07-15,7575.51,2026-08-28,44.0,7350.0,318.1,0.1637,73.55,0.162
2026-07-15,7575.51,2026-08-28,44.0,7360.0,309.85,0.1623,75.5,0.1609
2026-07-15,7575.51,2026-08-28,44.0,7370.0,301.7,0.161,77.45,0.1597
2026-07-15,7575.51,2026-08-28,44.0,7375.0,297.95,0.1606,78.45,0.159
2026-07-15,7575.51,2026-08-28,44.0,7380.0,294.15,0.1602,79.5,0.1585
2026-07-15,7575.51,2026-08-28,44.0,7390.0,285.95,0.1587,81.6,0.1573
2026-07-15,7575.51,2026-08-28,44.0,7400.0,278.55,0.158,83.75,0.1561
2026-07-15,7575.51,2026-08-28,44.0,7410.0,270.75,0.1567,86.0,0.1549
2026-07-15,7575.51,2026-08-28,44.0,7420.0,263.25,0.1558,88.3,0.1537
2026-07-15,7575.51,2026-08-28,44.0,7425.0,259.4,0.1551,89.45,0.1531
2026-07-15,7575.51,2026-08-28,44.0,7430.0,255.75,0.1547,90.55,0.1524
2026-07-15,7575.51,2026-08-28,44.0,7440.0,248.25,0.1536,93.05,0.1513
2026-07-15,7575.51,2026-08-28,44.0,7450.0,240.65,0.1523,95.65,0.1502
2026-07-15,7575.51,2026-08-28,44.0,7460.0,233.25,0.1511,98.15,0.1489
2026-07-15,7575.51,2026-08-28,44.0,7470.0,226.05,0.15,100.9,0.1478
2026-07-15,7575.51,2026-08-28,44.0,7475.0,222.45,0.1495,102.25,0.1472
2026-07-15,7575.51,2026-08-28,44.0,7480.0,218.85,0.1489,103.55,0.1465
2026-07-15,7575.51,2026-08-28,44.0,7490.0,211.65,0.1477,106.35,0.1453
2026-07-15,7575.51,2026-08-28,44.0,7500.0,204.75,0.1467,109.45,0.1443
2026-07-15,7575.51,2026-08-28,44.0,7510.0,197.85,0.1456,112.35,0.1429
2026-07-15,7575.51,2026-08-28,44.0,7520.0,190.95,0.1445,115.55,0.1418
2026-07-15,7575.51,2026-08-28,44.0,7525.0,187.65,0.144,117.15,0.1413
2026-07-15,7575.51,2026-08-28,44.0,7530.0,184.35,0.1435,118.65,0.1405
2026-07-15,7575.51,2026-08-28,44.0,7540.0,177.75,0.1424,121.95,0.1394
2026-07-15,7575.51,2026-08-28,44.0,7550.0,171.1,0.1413,125.5,0.1383
2026-07-15,7575.51,2026-08-28,44.0,7560.0,164.75,0.1403,129.05,0.1371
2026-07-15,7575.51,2026-08-28,44.0,7570.0,158.45,0.1392,132.7,0.136
2026-07-15,7575.51,2026-08-28,44.0,7575.0,155.25,0.1386,134.55,0.1354
2026-07-15,7575.51,2026-08-28,44.0,7580.0,152.2,0.1381,136.35,0.1347
2026-07-15,7575.51,2026-08-28,44.0,7590.0,146.1,0.137,140.25,0.1335
2026-07-15,7575.51,2026-08-28,44.0,7600.0,140.2,0.1361,144.2,0.1323
2026-07-15,7575.51,2026-08-28,44.0,7610.0,134.25,0.135,148.4,0.1312
2026-07-15,7575.51,2026-08-28,44.0,7620.0,128.5,0.1339,152.75,0.1302
2026-07-15,7575.51,2026-08-28,44.0,7625.0,125.8,0.1335,154.8,0.1294
2026-07-15,7575.51,2026-08-28,44.0,7630.0,123.05,0.1331,157.0,0.1289
2026-07-15,7575.51,2026-08-28,44.0,7640.0,117.65,0.1321,161.55,0.1277
2026-07-15,7575.51,2026-08-28,44.0,7650.0,112.25,0.1311,166.2,0.1266
2026-07-15,7575.51,2026-08-28,44.0,7660.0,107.1,0.1302,171.0,0.1254
2026-07-15,7575.51,2026-08-28,44.0,7670.0,102.1,0.1293,175.95,0.1242
2026-07-15,7575.51,2026-08-28,44.0,7675.0,99.65,0.1289,178.35,0.1235
2026-07-15,7575.51,2026-08-28,44.0,7680.0,97.25,0.1285,181.05,0.1231
2026-07-15,7575.51,2026-08-28,44.0,7690.0,92.45,0.1275,186.15,0.1218
2026-07-15,7575.51,2026-08-28,44.0,7700.0,87.75,0.1266,191.45,0.1205
2026-07-15,7575.51,2026-08-28,44.0,7710.0,83.25,0.1257,196.95,0.1193
2026-07-15,7575.51,2026-08-28,44.0,7720.0,79.05,0.125,202.65,0.1181
2026-07-15,7575.51,2026-08-28,44.0,7725.0,76.95,0.1246,205.4,0.1173
2026-07-15,7575.51,2026-08-28,44.0,7730.0,74.8,0.1241,208.35,0.1167
2026-07-15,7575.51,2026-08-28,44.0,7740.0,70.9,0.1234,214.35,0.1155
2026-07-15,7575.51,2026-08-28,44.0,7750.0,66.95,0.1226,220.3,0.1139
2026-07-15,7575.51,2026-08-28,44.0,7760.0,63.2,0.1218,226.6,0.1127
2026-07-15,7575.51,2026-08-28,44.0,7770.0,59.7,0.1212,233.2,0.1115
2026-07-15,7575.51,2026-08-28,44.0,7775.0,57.9,0.1208,236.4,0.1107
2026-07-15,7575.51,2026-08-28,44.0,7780.0,56.2,0.1204,239.65,0.1098
2026-07-15,7575.51,2026-08-28,44.0,7790.0,52.9,0.1197,246.8,0.1087
2026-07-15,7575.51,2026-08-28,44.0,7800.0,49.6,0.1189,253.9,0.1073
2026-07-15,7575.51,2026-08-28,44.0,7825.0,42.4,0.1174,270.85,0.1007
2026-07-15,7575.51,2026-08-28,44.0,7850.0,35.9,0.1159,289.55,0.0903
2026-07-15,7575.51,2026-08-28,44.0,7875.0,30.25,0.1146,,
2026-07-15,7575.51,2026-08-28,44.0,7900.0,25.35,0.1134,,
2026-07-15,7575.51,2026-08-28,44.0,7925.0,21.05,0.1123,,
2026-07-15,7575.51,2026-08-28,44.0,7950.0,17.45,0.1113,,
2026-07-15,7575.51,2026-08-28,44.0,7975.0,14.4,0.1106,,
2026-07-15,7575.51,2026-08-28,44.0,8000.0,11.85,0.1099,,
2026-07-15,7575.51,2026-08-28,44.0,8025.0,9.75,0.1095,,
2026-07-15,7575.51,2026-08-28,44.0,8050.0,8.05,0.1093,,
2026-07-15,7575.51,2026-08-28,44.0,8075.0,6.55,0.1089,,
2026-07-15,7575.51,2026-08-28,44.0,8100.0,5.45,0.1092,,
2026-07-15,7575.51,2026-08-28,44.0,8150.0,3.75,0.1097,,
2026-07-15,7575.51,2026-08-28,44.0,8200.0,2.7,0.1113,,
2026-07-15,7575.51,2026-08-28,44.0,8250.0,1.97,0.1131,,
2026-07-15,7575.51,2026-08-28,44.0,8300.0,1.52,0.1158,,
2026-07-15,7575.51,2026-08-28,44.0,8400.0,0.98,0.1219,,
2026-07-15,7575.51,2026-08-28,44.0,8500.0,0.7,0.1292,,
2026-07-15,7575.51,2026-08-28,44.0,8600.0,0.53,0.1366,,
2026-07-15,7575.51,2026-08-31,47.0,5700.0,1891.0,0.3396,5.0,0.3729
2026-07-15,7575.51,2026-08-31,47.0,5720.0,1871.15,0.3368,5.1,0.37
2026-07-15,7575.51,2026-08-31,47.0,5725.0,1866.1,0.3347,5.2,0.37
2026-07-15,7575.51,2026-08-31,47.0,5730.0,1859.95,0.3089,5.2,0.369
2026-07-15,7575.51,2026-08-31,47.0,5740.0,1850.0,0.3073,5.3,0.368
2026-07-15,7575.51,2026-08-31,47.0,5750.0,1841.6,0.3362,5.3,0.366
2026-07-15,7575.51,2026-08-31,47.0,5760.0,1830.9,0.3217,5.4,0.365
2026-07-15,7575.51,2026-08-31,47.0,5770.0,1820.25,0.3049,5.4,0.363
2026-07-15,7575.51,2026-08-31,47.0,5775.0,1815.95,0.3186,5.5,0.363
2026-07-15,7575.51,2026-08-31,47.0,5780.0,1811.45,0.326,5.5,0.362
2026-07-15,7575.51,2026-08-31,47.0,5790.0,1800.15,0.2963,5.6,0.361
2026-07-15,7575.51,2026-08-31,47.0,5800.0,1791.25,0.3174,5.6,0.359
2026-07-15,7575.51,2026-08-31,47.0,5810.0,1780.55,0.3006,5.7,0.3579
2026-07-15,7575.51,2026-08-31,47.0,5820.0,1771.55,0.3172,5.75,0.3563
2026-07-15,7575.51,2026-08-31,47.0,5825.0,1766.5,0.3151,5.8,0.3558
2026-07-15,7575.51,2026-08-31,47.0,5830.0,1761.65,0.3162,5.8,0.3548
2026-07-15,7575.51,2026-08-31,47.0,5840.0,1752.05,0.3198,5.9,0.3537
2026-07-15,7575.51,2026-08-31,47.0,5850.0,1742.85,0.328,5.95,0.3521
2026-07-15,7575.51,2026-08-31,47.0,5860.0,1731.95,0.3132,6.0,0.3506
2026-07-15,7575.51,2026-08-31,47.0,5870.0,1721.9,0.3099,6.1,0.3495
2026-07-15,7575.51,2026-08-31,47.0,5875.0,1717.7,0.3199,6.1,0.3485
2026-07-15,7575.51,2026-08-31,47.0,5880.0,1711.1,0.2931,6.15,0.3479
2026-07-15,7575.51,2026-08-31,47.0,5890.0,1702.75,0.3168,6.25,0.3467
2026-07-15,7575.51,2026-08-31,47.0,5900.0,1693.1,0.3187,6.3,0.3451
2026-07-15,7575.51,2026-08-31,47.0,5910.0,1682.55,0.3092,6.4,0.344
2026-07-15,7575.51,2026-08-31,47.0,5920.0,1672.7,0.3087,6.45,0.3424
2026-07-15,7575.51,2026-08-31,47.0,5925.0,1667.9,0.3101,6.5,0.3418
2026-07-15,7575.51,2026-08-31,47.0,5930.0,1663.95,0.321,6.5,0.3408
2026-07-15,7575.51,2026-08-31,47.0,5940.0,1653.1,0.3089,6.6,0.3396
2026-07-15,7575.51,2026-08-31,47.0,5950.0,1642.6,0.3,6.7,0.3384
2026-07-15,7575.51,2026-08-31,47.0,5960.0,1632.85,0.3008,6.75,0.3367
2026-07-15,7575.51,2026-08-31,47.0,5970.0,1623.85,0.3103,6.85,0.3355
2026-07-15,7575.51,2026-08-31,47.0,5975.0,1618.8,0.3086,6.9,0.3349
2026-07-15,7575.51,2026-08-31,47.0,5980.0,1613.25,0.301,6.9,0.3339
2026-07-15,7575.51,2026-08-31,47.0,5990.0,1603.75,0.3044,7.0,0.3326
2026-07-15,7575.51,2026-08-31,47.0,6000.0,1594.6,0.3108,7.1,0.3314
2026-07-15,7575.51,2026-08-31,47.0,6010.0,1582.85,0.2886,7.15,0.3297
2026-07-15,7575.51,2026-08-31,47.0,6020.0,1574.5,0.3051,7.25,0.3284
2026-07-15,7575.51,2026-08-31,47.0,6025.0,1569.75,0.3064,7.3,0.3278
2026-07-15,7575.51,2026-08-31,47.0,6030.0,1563.25,0.2889,7.35,0.3271
2026-07-15,7575.51,2026-08-31,47.0,6040.0,1554.35,0.2989,7.45,0.3258
2026-07-15,7575.51,2026-08-31,47.0,6050.0,1544.4,0.297,7.5,0.3242
2026-07-15,7575.51,2026-08-31,47.0,6060.0,1535.1,0.3014,7.6,0.3228
2026-07-15,7575.51,2026-08-31,47.0,6070.0,1525.3,0.3009,7.7,0.3215
2026-07-15,7575.51,2026-08-31,47.0,6075.0,1519.25,0.2895,7.75,0.3208
2026-07-15,7575.51,2026-08-31,47.0,6080.0,1515.5,0.3003,7.8,0.3202
2026-07-15,7575.51,2026-08-31,47.0,6090.0,1504.75,0.291,7.9,0.3188
2026-07-15,7575.51,2026-08-31,47.0,6100.0,1495.75,0.2978,7.95,0.3171
2026-07-15,7575.51,2026-08-31,47.0,6110.0,1486.3,0.3,8.05,0.3158
2026-07-15,7575.51,2026-08-31,47.0,6120.0,1476.25,0.2973,8.15,0.3144
2026-07-15,7575.51,2026-08-31,47.0,6125.0,1471.0,0.2941,8.25,0.314
2026-07-15,7575.51,2026-08-31,47.0,6130.0,1466.0,0.2929,8.25,0.313
2026-07-15,7575.51,2026-08-31,47.0,6140.0,1456.05,0.291,8.35,0.3116
2026-07-15,7575.51,2026-08-31,47.0,6150.0,1446.0,0.2883,8.5,0.3105
2026-07-15,7575.51,2026-08-31,47.0,6160.0,1436.75,0.2919,8.6,0.3091
2026-07-15,7575.51,2026-08-31,47.0,6170.0,1426.8,0.29,8.7,0.3077
2026-07-15,7575.51,2026-08-31,47.0,6175.0,1421.8,0.2889,8.75,0.3069
2026-07-15,7575.51,2026-08-31,47.0,6180.0,1417.1,0.29,8.85,0.3065
2026-07-15,7575.51,2026-08-31,47.0,6190.0,1406.35,0.2819,8.95,0.3051
2026-07-15,7575.51,2026-08-31,47.0,6200.0,1397.1,0.2854,9.05,0.3036
2026-07-15,7575.51,2026-08-31,47.0,6210.0,1387.7,0.2874,9.15,0.3022
2026-07-15,7575.51,2026-08-31,47.0,6220.0,1377.75,0.2854,9.25,0.3007
2026-07-15,7575.51,2026-08-31,47.0,6225.0,1372.1,0.2797,9.35,0.3002
2026-07-15,7575.51,2026-08-31,47.0,6230.0,1367.6,0.2821,9.35,0.2992
2026-07-15,7575.51,2026-08-31,47.0,6240.0,1357.95,0.2822,9.55,0.2983
2026-07-15,7575.51,2026-08-31,47.0,6250.0,1347.8,0.2789,9.65,0.2968
2026-07-15,7575.51,2026-08-31,47.0,6260.0,1338.3,0.28,9.75,0.2953
2026-07-15,7575.51,2026-08-31,47.0,6270.0,1328.1,0.2764,9.95,0.2943
2026-07-15,7575.51,2026-08-31,47.0,6275.0,1324.05,0.2813,9.95,0.2933
2026-07-15,7575.51,2026-08-31,47.0,6280.0,1318.35,0.2758,10.05,0.2928
2026-07-15,7575.51,2026-08-31,47.0,6290.0,1309.1,0.2782,10.15,0.2912
2026-07-15,7575.51,2026-08-31,47.0,6300.0,1299.15,0.2762,10.3,0.2899
2026-07-15,7575.51,2026-08-31,47.0,6310.0,1288.65,0.2709,10.45,0.2886
2026-07-15,7575.51,2026-08-31,47.0,6320.0,1278.65,0.2686,10.55,0.2871
2026-07-15,7575.51,2026-08-31,47.0,6325.0,1274.2,0.2709,10.65,0.2865
2026-07-15,7575.51,2026-08-31,47.0,6330.0,1269.35,0.2706,10.75,0.286
2026-07-15,7575.51,2026-08-31,47.0,6340.0,1259.5,0.2692,10.85,0.2844
2026-07-15,7575.51,2026-08-31,47.0,6350.0,1250.35,0.2718,11.05,0.2833
2026-07-15,7575.51,2026-08-31,47.0,6360.0,1240.25,0.269,11.15,0.2817
2026-07-15,7575.51,2026-08-31,47.0,6370.0,1230.7,0.2692,11.35,0.2806
2026-07-15,7575.51,2026-08-31,47.0,6375.0,1224.95,0.2639,11.45,0.28
2026-07-15,7575.51,2026-08-31,47.0,6380.0,1220.65,0.2666,11.5,0.2792
2026-07-15,7575.51,2026-08-31,47.0,6390.0,1211.2,0.2673,11.65,0.2778
2026-07-15,7575.51,2026-08-31,47.0,6400.0,1201.05,0.2642,11.85,0.2766
2026-07-15,7575.51,2026-08-31,47.0,6410.0,1191.05,0.262,12.0,0.2752
2026-07-15,7575.51,2026-08-31,47.0,6420.0,1181.25,0.2607,12.15,0.2738
2026-07-15,7575.51,2026-08-31,47.0,6425.0,1176.75,0.2621,12.25,0.2731
2026-07-15,7575.51,2026-08-31,47.0,6430.0,1171.8,0.2612,12.35,0.2725
2026-07-15,7575.51,2026-08-31,47.0,6440.0,1162.2,0.2609,12.55,0.2713
2026-07-15,7575.51,2026-08-31,47.0,6450.0,1152.75,0.2612,12.7,0.2698
2026-07-15,7575.51,2026-08-31,47.0,6460.0,1142.65,0.2585,12.9,0.2685
2026-07-15,7575.51,2026-08-31,47.0,6470.0,1132.75,0.2567,13.1,0.2673
2026-07-15,7575.51,2026-08-31,47.0,6475.0,1127.6,0.2549,13.2,0.2666
2026-07-15,7575.51,2026-08-31,47.0,6480.0,1122.15,0.2516,13.3,0.2659
2026-07-15,7575.51,2026-08-31,47.0,6490.0,1113.55,0.2557,13.5,0.2646
2026-07-15,7575.51,2026-08-31,47.0,6500.0,1103.6,0.2537,13.65,0.2631
2026-07-15,7575.51,2026-08-31,47.0,6510.0,1094.0,0.2531,13.9,0.2619
2026-07-15,7575.51,2026-08-31,47.0,6520.0,1083.65,0.2494,14.1,0.2606
2026-07-15,7575.51,2026-08-31,47.0,6525.0,1079.4,0.2514,14.2,0.2599
2026-07-15,7575.51,2026-08-31,47.0,6530.0,1074.4,0.2503,14.3,0.2592
2026-07-15,7575.51,2026-08-31,47.0,6540.0,1065.05,0.2506,14.55,0.258
2026-07-15,7575.51,2026-08-31,47.0,6550.0,1055.0,0.2482,14.8,0.2568
2026-07-15,7575.51,2026-08-31,47.0,6560.0,1044.75,0.2449,15.0,0.2554
2026-07-15,7575.51,2026-08-31,47.0,6570.0,1035.45,0.2454,15.25,0.2541
2026-07-15,7575.51,2026-08-31,47.0,6575.0,1030.95,0.2462,15.4,0.2535
2026-07-15,7575.51,2026-08-31,47.0,6580.0,1025.55,0.2435,15.5,0.2528
2026-07-15,7575.51,2026-08-31,47.0,6590.0,1016.1,0.2433,15.75,0.2515
2026-07-15,7575.51,2026-08-31,47.0,6600.0,1007.0,0.2443,16.0,0.2502
2026-07-15,7575.51,2026-08-31,47.0,6610.0,996.65,0.2408,16.3,0.2491
2026-07-15,7575.51,2026-08-31,47.0,6620.0,986.75,0.2389,16.55,0.2477
2026-07-15,7575.51,2026-08-31,47.0,6625.0,982.35,0.2398,16.7,0.2471
2026-07-15,7575.51,2026-08-31,47.0,6630.0,977.55,0.2394,16.8,0.2464
2026-07-15,7575.51,2026-08-31,47.0,6640.0,967.65,0.2375,17.1,0.2451
2026-07-15,7575.51,2026-08-31,47.0,6650.0,957.95,0.2362,17.4,0.2439
2026-07-15,7575.51,2026-08-31,47.0,6660.0,948.1,0.2344,17.7,0.2426
2026-07-15,7575.51,2026-08-31,47.0,6670.0,938.75,0.2343,18.0,0.2414
2026-07-15,7575.51,2026-08-31,47.0,6675.0,933.0,0.2306,18.1,0.2406
2026-07-15,7575.51,2026-08-31,47.0,6680.0,929.0,0.2328,18.3,0.2401
2026-07-15,7575.51,2026-08-31,47.0,6690.0,919.8,0.233,18.6,0.2387
2026-07-15,7575.51,2026-08-31,47.0,6700.0,910.0,0.2313,18.95,0.2376
2026-07-15,7575.51,2026-08-31,47.0,6710.0,900.25,0.2298,19.3,0.2363
2026-07-15,7575.51,2026-08-31,47.0,6720.0,890.4,0.2279,19.6,0.235
2026-07-15,7575.51,2026-08-31,47.0,6725.0,885.9,0.2282,19.8,0.2344
2026-07-15,7575.51,2026-08-31,47.0,6730.0,880.05,0.2245,20.0,0.2339
2026-07-15,7575.51,2026-08-31,47.0,6740.0,871.4,0.2262,20.3,0.2324
2026-07-15,7575.51,2026-08-31,47.0,6750.0,860.95,0.2226,20.65,0.2311
2026-07-15,7575.51,2026-08-31,47.0,6760.0,851.7,0.2224,21.1,0.2301
2026-07-15,7575.51,2026-08-31,47.0,6770.0,842.5,0.2223,21.5,0.2289
2026-07-15,7575.51,2026-08-31,47.0,6775.0,836.85,0.2193,21.7,0.2283
2026-07-15,7575.51,2026-08-31,47.0,6780.0,833.05,0.2215,21.9,0.2277
2026-07-15,7575.51,2026-08-31,47.0,6790.0,823.35,0.2199,22.3,0.2264
2026-07-15,7575.51,2026-08-31,47.0,6800.0,813.5,0.218,22.65,0.225
2026-07-15,7575.51,2026-08-31,47.0,6810.0,803.45,0.2155,23.1,0.2238
2026-07-15,7575.51,2026-08-31,47.0,6820.0,794.7,0.2164,23.55,0.2226
2026-07-15,7575.51,2026-08-31,47.0,6825.0,789.8,0.2155,23.8,0.2221
2026-07-15,7575.51,2026-08-31,47.0,6830.0,784.65,0.2139,24.0,0.2214
2026-07-15,7575.51,2026-08-31,47.0,6840.0,776.35,0.2158,24.5,0.2203
2026-07-15,7575.51,2026-08-31,47.0,6845.0,770.35,0.2121,24.7,0.2196
2026-07-15,7575.51,2026-08-31,47.0,6850.0,766.15,0.2129,24.9,0.2189
2026-07-15,7575.51,2026-08-31,47.0,6855.0,762.25,0.2143,25.2,0.2184
2026-07-15,7575.51,2026-08-31,47.0,6860.0,757.05,0.2126,25.4,0.2177
2026-07-15,7575.51,2026-08-31,47.0,6865.0,751.55,0.2102,25.7,0.2172
2026-07-15,7575.51,2026-08-31,47.0,6870.0,747.75,0.2119,25.9,0.2165
2026-07-15,7575.51,2026-08-31,47.0,6875.0,743.05,0.2114,26.2,0.216
2026-07-15,7575.51,2026-08-31,47.0,6880.0,737.9,0.2098,26.4,0.2152
2026-07-15,7575.51,2026-08-31,47.0,6885.0,733.3,0.2095,26.7,0.2147
2026-07-15,7575.51,2026-08-31,47.0,6890.0,728.35,0.2084,27.0,0.2142
2026-07-15,7575.51,2026-08-31,47.0,6895.0,723.65,0.2079,27.2,0.2134
2026-07-15,7575.51,2026-08-31,47.0,6900.0,719.8,0.2092,27.5,0.2129
2026-07-15,7575.51,2026-08-31,47.0,6905.0,714.35,0.207,27.8,0.2123
2026-07-15,7575.51,2026-08-31,47.0,6910.0,709.65,0.2065,28.05,0.2117
2026-07-15,7575.51,2026-08-31,47.0,6915.0,704.95,0.2059,28.35,0.2111
2026-07-15,7575.51,2026-08-31,47.0,6920.0,700.3,0.2054,28.6,0.2104
2026-07-15,7575.51,2026-08-31,47.0,6925.0,695.6,0.2048,28.9,0.2098
2026-07-15,7575.51,2026-08-31,47.0,6930.0,690.85,0.2042,29.2,0.2092
2026-07-15,7575.51,2026-08-31,47.0,6935.0,686.05,0.2033,29.5,0.2086
2026-07-15,7575.51,2026-08-31,47.0,6940.0,682.05,0.2042,29.8,0.208
2026-07-15,7575.51,2026-08-31,47.0,6945.0,676.8,0.2024,30.1,0.2074
2026-07-15,7575.51,2026-08-31,47.0,6950.0,672.1,0.2018,30.4,0.2068
2026-07-15,7575.51,2026-08-31,47.0,6955.0,667.6,0.2016,30.7,0.2062
2026-07-15,7575.51,2026-08-31,47.0,6960.0,663.0,0.2012,31.1,0.2058
2026-07-15,7575.51,2026-08-31,47.0,6965.0,658.1,0.2001,31.4,0.2051
2026-07-15,7575.51,2026-08-31,47.0,6970.0,653.65,0.2,31.7,0.2045
2026-07-15,7575.51,2026-08-31,47.0,6975.0,649.0,0.1994,32.1,0.204
2026-07-15,7575.51,2026-08-31,47.0,6980.0,644.3,0.1987,32.4,0.2033
2026-07-15,7575.51,2026-08-31,47.0,6985.0,639.7,0.1983,32.7,0.2027
2026-07-15,7575.51,2026-08-31,47.0,6990.0,635.1,0.1978,33.1,0.2022
2026-07-15,7575.51,2026-08-31,47.0,6995.0,630.4,0.1971,33.4,0.2015
2026-07-15,7575.51,2026-08-31,47.0,7000.0,625.7,0.1964,33.8,0.201
2026-07-15,7575.51,2026-08-31,47.0,7005.0,621.3,0.1963,34.15,0.2004
2026-07-15,7575.51,2026-08-31,47.0,7010.0,616.7,0.1957,34.5,0.1997
2026-07-15,7575.51,2026-08-31,47.0,7015.0,612.05,0.1951,34.9,0.1992
2026-07-15,7575.51,2026-08-31,47.0,7020.0,607.5,0.1946,35.25,0.1986
2026-07-15,7575.51,2026-08-31,47.0,7025.0,602.9,0.1941,35.6,0.1979
2026-07-15,7575.51,2026-08-31,47.0,7030.0,598.35,0.1936,36.0,0.1974
2026-07-15,7575.51,2026-08-31,47.0,7035.0,593.65,0.1929,36.4,0.1968
2026-07-15,7575.51,2026-08-31,47.0,7040.0,589.05,0.1923,36.8,0.1962
2026-07-15,7575.51,2026-08-31,47.0,7045.0,584.35,0.1915,37.2,0.1956
2026-07-15,7575.51,2026-08-31,47.0,7050.0,580.05,0.1914,37.6,0.195
2026-07-15,7575.51,2026-08-31,47.0,7055.0,575.5,0.1909,38.05,0.1945
2026-07-15,7575.51,2026-08-31,47.0,7060.0,570.65,0.1899,38.45,0.1939
2026-07-15,7575.51,2026-08-31,47.0,7065.0,566.3,0.1897,38.9,0.1933
2026-07-15,7575.51,2026-08-31,47.0,7070.0,561.85,0.1893,39.3,0.1927
2026-07-15,7575.51,2026-08-31,47.0,7075.0,557.2,0.1885,39.7,0.192
2026-07-15,7575.51,2026-08-31,47.0,7080.0,552.7,0.1881,40.2,0.1916
2026-07-15,7575.51,2026-08-31,47.0,7085.0,548.25,0.1876,40.65,0.191
2026-07-15,7575.51,2026-08-31,47.0,7090.0,543.5,0.1867,41.1,0.1904
2026-07-15,7575.51,2026-08-31,47.0,7095.0,539.1,0.1864,41.55,0.1898
2026-07-15,7575.51,2026-08-31,47.0,7100.0,534.6,0.1858,42.0,0.1892
2026-07-15,7575.51,2026-08-31,47.0,7105.0,530.2,0.1854,42.5,0.1886
2026-07-15,7575.51,2026-08-31,47.0,7110.0,525.5,0.1846,43.0,0.1881
2026-07-15,7575.51,2026-08-31,47.0,7115.0,521.0,0.184,43.45,0.1874
2026-07-15,7575.51,2026-08-31,47.0,7120.0,517.45,0.1849,43.95,0.1869
2026-07-15,7575.51,2026-08-31,47.0,7125.0,512.95,0.1843,44.45,0.1863
2026-07-15,7575.51,2026-08-31,47.0,7130.0,508.5,0.1838,44.95,0.1857
2026-07-15,7575.51,2026-08-31,47.0,7135.0,504.05,0.1833,45.45,0.1851
2026-07-15,7575.51,2026-08-31,47.0,7140.0,499.35,0.1823,46.0,0.1845
2026-07-15,7575.51,2026-08-31,47.0,7145.0,495.15,0.1822,46.55,0.184
2026-07-15,7575.51,2026-08-31,47.0,7150.0,490.7,0.1816,47.05,0.1834
2026-07-15,7575.51,2026-08-31,47.0,7155.0,486.1,0.1808,47.65,0.1829
2026-07-15,7575.51,2026-08-31,47.0,7160.0,481.9,0.1806,48.15,0.1822
2026-07-15,7575.51,2026-08-31,47.0,7165.0,477.5,0.18,48.75,0.1817
2026-07-15,7575.51,2026-08-31,47.0,7170.0,473.05,0.1794,49.3,0.1811
2026-07-15,7575.51,2026-08-31,47.0,7175.0,468.65,0.1789,49.85,0.1805
2026-07-15,7575.51,2026-08-31,47.0,7180.0,464.25,0.1783,50.45,0.1799
2026-07-15,7575.51,2026-08-31,47.0,7185.0,459.7,0.1775,51.05,0.1793
2026-07-15,7575.51,2026-08-31,47.0,7190.0,455.55,0.1773,51.65,0.1787
2026-07-15,7575.51,2026-08-31,47.0,7195.0,450.95,0.1764,52.25,0.1782
2026-07-15,7575.51,2026-08-31,47.0,7200.0,446.65,0.1759,52.85,0.1776
2026-07-15,7575.51,2026-08-31,47.0,7205.0,442.45,0.1756,53.55,0.1771
2026-07-15,7575.51,2026-08-31,47.0,7210.0,438.1,0.175,54.15,0.1764
2026-07-15,7575.51,2026-08-31,47.0,7215.0,433.65,0.1743,54.75,0.1758
2026-07-15,7575.51,2026-08-31,47.0,7220.0,429.4,0.1739,55.45,0.1753
2026-07-15,7575.51,2026-08-31,47.0,7225.0,424.9,0.1731,56.05,0.1746
2026-07-15,7575.51,2026-08-31,47.0,7230.0,420.9,0.1729,56.75,0.1741
2026-07-15,7575.51,2026-08-31,47.0,7235.0,416.35,0.172,57.45,0.1735
2026-07-15,7575.51,2026-08-31,47.0,7240.0,412.3,0.1718,58.15,0.173
2026-07-15,7575.51,2026-08-31,47.0,7245.0,407.95,0.1711,58.85,0.1724
2026-07-15,7575.51,2026-08-31,47.0,7250.0,403.65,0.1705,59.55,0.1718
2026-07-15,7575.51,2026-08-31,47.0,7255.0,399.45,0.1701,60.25,0.1712
2026-07-15,7575.51,2026-08-31,47.0,7260.0,395.25,0.1696,61.05,0.1707
2026-07-15,7575.51,2026-08-31,47.0,7265.0,390.85,0.1688,61.75,0.1701
2026-07-15,7575.51,2026-08-31,47.0,7270.0,386.7,0.1683,62.55,0.1696
2026-07-15,7575.51,2026-08-31,47.0,7275.0,382.5,0.1678,63.25,0.1689
2026-07-15,7575.51,2026-08-31,47.0,7280.0,378.3,0.1673,64.05,0.1684
2026-07-15,7575.51,2026-08-31,47.0,7285.0,374.05,0.1666,64.75,0.1677
2026-07-15,7575.51,2026-08-31,47.0,7290.0,369.8,0.166,65.55,0.1671
2026-07-15,7575.51,2026-08-31,47.0,7295.0,365.7,0.1655,66.45,0.1666
2026-07-15,7575.51,2026-08-31,47.0,7300.0,361.6,0.165,67.25,0.166
2026-07-15,7575.51,2026-08-31,47.0,7305.0,357.5,0.1645,68.05,0.1654
2026-07-15,7575.51,2026-08-31,47.0,7310.0,353.3,0.1639,68.95,0.1649
2026-07-15,7575.51,2026-08-31,47.0,7315.0,349.35,0.1636,69.75,0.1643
2026-07-15,7575.51,2026-08-31,47.0,7320.0,345.25,0.163,70.65,0.1637
2026-07-15,7575.51,2026-08-31,47.0,7325.0,341.15,0.1625,71.55,0.1632
2026-07-15,7575.51,2026-08-31,47.0,7330.0,337.1,0.162,72.45,0.1626
2026-07-15,7575.51,2026-08-31,47.0,7335.0,332.6,0.1609,73.35,0.162
2026-07-15,7575.51,2026-08-31,47.0,7340.0,329.0,0.1609,74.3,0.1615
2026-07-15,7575.51,2026-08-31,47.0,7345.0,324.7,0.16,75.15,0.1608
2026-07-15,7575.51,2026-08-31,47.0,7350.0,320.8,0.1596,76.15,0.1603
2026-07-15,7575.51,2026-08-31,47.0,7355.0,316.8,0.1591,77.1,0.1597
2026-07-15,7575.51,2026-08-31,47.0,7360.0,312.8,0.1586,78.1,0.1591
2026-07-15,7575.51,2026-08-31,47.0,7365.0,308.8,0.158,79.05,0.1585
2026-07-15,7575.51,2026-08-31,47.0,7370.0,304.85,0.1575,80.05,0.1579
2026-07-15,7575.51,2026-08-31,47.0,7375.0,300.85,0.1569,81.1,0.1574
2026-07-15,7575.51,2026-08-31,47.0,7380.0,297.05,0.1565,82.15,0.1568
2026-07-15,7575.51,2026-08-31,47.0,7385.0,293.15,0.156,83.15,0.1562
2026-07-15,7575.51,2026-08-31,47.0,7390.0,289.25,0.1554,84.3,0.1557
2026-07-15,7575.51,2026-08-31,47.0,7395.0,285.5,0.155,85.35,0.1551
2026-07-15,7575.51,2026-08-31,47.0,7400.0,281.6,0.1544,86.5,0.1546
2026-07-15,7575.51,2026-08-31,47.0,7405.0,277.8,0.154,87.55,0.1539
2026-07-15,7575.51,2026-08-31,47.0,7410.0,274.0,0.1535,88.7,0.1533
2026-07-15,7575.51,2026-08-31,47.0,7415.0,270.2,0.1529,89.9,0.1528
2026-07-15,7575.51,2026-08-31,47.0,7420.0,266.3,0.1523,91.0,0.1522
2026-07-15,7575.51,2026-08-31,47.0,7425.0,262.5,0.1518,92.15,0.1516
2026-07-15,7575.51,2026-08-31,47.0,7430.0,258.8,0.1513,93.35,0.151
2026-07-15,7575.51,2026-08-31,47.0,7435.0,255.0,0.1507,94.7,0.1506
2026-07-15,7575.51,2026-08-31,47.0,7440.0,251.3,0.1502,95.9,0.1499
2026-07-15,7575.51,2026-08-31,47.0,7445.0,247.6,0.1497,97.1,0.1493
2026-07-15,7575.51,2026-08-31,47.0,7450.0,243.8,0.149,98.35,0.1487
2026-07-15,7575.51,2026-08-31,47.0,7455.0,240.2,0.1486,99.7,0.1482
2026-07-15,7575.51,2026-08-31,47.0,7460.0,236.6,0.1481,101.0,0.1476
2026-07-15,7575.51,2026-08-31,47.0,7465.0,232.8,0.1474,102.3,0.147
2026-07-15,7575.51,2026-08-31,47.0,7470.0,229.3,0.147,103.7,0.1465
2026-07-15,7575.51,2026-08-31,47.0,7475.0,225.7,0.1465,105.1,0.1459
2026-07-15,7575.51,2026-08-31,47.0,7480.0,222.1,0.1459,106.5,0.1453
2026-07-15,7575.51,2026-08-31,47.0,7485.0,218.6,0.1454,107.9,0.1448
2026-07-15,7575.51,2026-08-31,47.0,7490.0,215.0,0.1448,109.3,0.1441
2026-07-15,7575.51,2026-08-31,47.0,7495.0,211.5,0.1443,110.85,0.1437
2026-07-15,7575.51,2026-08-31,47.0,7500.0,208.0,0.1438,112.2,0.143
2026-07-15,7575.51,2026-08-31,47.0,7505.0,204.6,0.1433,113.8,0.1425
2026-07-15,7575.51,2026-08-31,47.0,7510.0,201.2,0.1428,115.3,0.1419
2026-07-15,7575.51,2026-08-31,47.0,7515.0,197.7,0.1422,116.9,0.1414
2026-07-15,7575.51,2026-08-31,47.0,7520.0,194.4,0.1418,118.45,0.1408
2026-07-15,7575.51,2026-08-31,47.0,7525.0,191.0,0.1413,120.1,0.1402
2026-07-15,7575.51,2026-08-31,47.0,7530.0,187.6,0.1407,121.6,0.1395
2026-07-15,7575.51,2026-08-31,47.0,7535.0,184.2,0.1401,123.35,0.1391
2026-07-15,7575.51,2026-08-31,47.0,7540.0,181.0,0.1397,124.95,0.1384
2026-07-15,7575.51,2026-08-31,47.0,7545.0,177.7,0.1392,126.75,0.138
2026-07-15,7575.51,2026-08-31,47.0,7550.0,174.4,0.1386,128.4,0.1373
2026-07-15,7575.51,2026-08-31,47.0,7555.0,171.2,0.1381,130.2,0.1368
2026-07-15,7575.51,2026-08-31,47.0,7560.0,168.0,0.1376,132.0,0.1362
2026-07-15,7575.51,2026-08-31,47.0,7565.0,164.9,0.1372,133.7,0.1356
2026-07-15,7575.51,2026-08-31,47.0,7570.0,161.75,0.1366,135.55,0.135
2026-07-15,7575.51,2026-08-31,47.0,7575.0,158.6,0.1361,137.5,0.1345
2026-07-15,7575.51,2026-08-31,47.0,7580.0,155.55,0.1356,139.4,0.134
2026-07-15,7575.51,2026-08-31,47.0,7585.0,152.5,0.1352,141.3,0.1334
2026-07-15,7575.51,2026-08-31,47.0,7590.0,149.5,0.1347,143.3,0.1329
2026-07-15,7575.51,2026-08-31,47.0,7595.0,146.55,0.1342,145.2,0.1322
2026-07-15,7575.51,2026-08-31,47.0,7600.0,143.55,0.1337,147.15,0.1316
2026-07-15,7575.51,2026-08-31,47.0,7605.0,140.6,0.1332,149.3,0.1312
2026-07-15,7575.51,2026-08-31,47.0,7610.0,137.7,0.1328,151.4,0.1306
2026-07-15,7575.51,2026-08-31,47.0,7615.0,134.8,0.1323,153.5,0.1301
2026-07-15,7575.51,2026-08-31,47.0,7620.0,131.9,0.1317,155.6,0.1295
2026-07-15,7575.51,2026-08-31,47.0,7625.0,129.2,0.1314,157.8,0.129
2026-07-15,7575.51,2026-08-31,47.0,7630.0,126.4,0.1309,160.0,0.1284
2026-07-15,7575.51,2026-08-31,47.0,7635.0,123.6,0.1304,162.2,0.1278
2026-07-15,7575.51,2026-08-31,47.0,7640.0,120.9,0.1299,164.4,0.1272
2026-07-15,7575.51,2026-08-31,47.0,7645.0,118.2,0.1294,166.7,0.1266
2026-07-15,7575.51,2026-08-31,47.0,7650.0,115.6,0.129,169.0,0.126
2026-07-15,7575.51,2026-08-31,47.0,7655.0,113.0,0.1286,171.4,0.1255
2026-07-15,7575.51,2026-08-31,47.0,7660.0,110.3,0.1281,173.8,0.125
2026-07-15,7575.51,2026-08-31,47.0,7665.0,107.8,0.1277,176.2,0.1244
2026-07-15,7575.51,2026-08-31,47.0,7670.0,105.3,0.1272,178.7,0.1238
2026-07-15,7575.51,2026-08-31,47.0,7675.0,102.9,0.1269,181.2,0.1233
2026-07-15,7575.51,2026-08-31,47.0,7680.0,100.4,0.1264,183.7,0.1227
2026-07-15,7575.51,2026-08-31,47.0,7685.0,98.0,0.126,186.2,0.122
2026-07-15,7575.51,2026-08-31,47.0,7690.0,95.6,0.1255,188.8,0.1215
2026-07-15,7575.51,2026-08-31,47.0,7695.0,93.3,0.1252,191.4,0.1209
2026-07-15,7575.51,2026-08-31,47.0,7700.0,90.9,0.1247,194.2,0.1204
2026-07-15,7575.51,2026-08-31,47.0,7705.0,88.7,0.1243,196.8,0.1197
2026-07-15,7575.51,2026-08-31,47.0,7710.0,86.5,0.1239,199.6,0.1192
2026-07-15,7575.51,2026-08-31,47.0,7715.0,84.3,0.1235,202.4,0.1186
2026-07-15,7575.51,2026-08-31,47.0,7720.0,82.1,0.1231,205.1,0.1179
2026-07-15,7575.51,2026-08-31,47.0,7725.0,79.95,0.1227,208.0,0.1173
2026-07-15,7575.51,2026-08-31,47.0,7730.0,77.9,0.1224,210.9,0.1167
2026-07-15,7575.51,2026-08-31,47.0,7735.0,75.9,0.122,213.8,0.1161
2026-07-15,7575.51,2026-08-31,47.0,7740.0,73.75,0.1215,216.8,0.1155
2026-07-15,7575.51,2026-08-31,47.0,7745.0,71.8,0.1212,219.8,0.1149
2026-07-15,7575.51,2026-08-31,47.0,7750.0,69.85,0.1208,222.8,0.1142
2026-07-15,7575.51,2026-08-31,47.0,7755.0,68.0,0.1205,225.8,0.1135
2026-07-15,7575.51,2026-08-31,47.0,7760.0,66.1,0.1201,229.0,0.1129
2026-07-15,7575.51,2026-08-31,47.0,7765.0,64.3,0.1198,232.05,0.1122
2026-07-15,7575.51,2026-08-31,47.0,7770.0,62.5,0.1195,235.5,0.1118
2026-07-15,7575.51,2026-08-31,47.0,7775.0,60.7,0.1191,238.8,0.1112
2026-07-15,7575.51,2026-08-31,47.0,7780.0,58.95,0.1187,241.9,0.1103
2026-07-15,7575.51,2026-08-31,47.0,7785.0,57.3,0.1185,245.0,0.1092
2026-07-15,7575.51,2026-08-31,47.0,7790.0,55.55,0.118,248.45,0.1086
2026-07-15,7575.51,2026-08-31,47.0,7795.0,53.95,0.1178,252.05,0.1081
2026-07-15,7575.51,2026-08-31,47.0,7800.0,52.35,0.1174,255.4,0.1072
2026-07-15,7575.51,2026-08-31,47.0,7805.0,50.85,0.1172,258.8,0.1063
2026-07-15,7575.51,2026-08-31,47.0,7810.0,49.25,0.1168,261.9,0.1049
2026-07-15,7575.51,2026-08-31,47.0,7815.0,47.75,0.1165,265.75,0.1044
2026-07-15,7575.51,2026-08-31,47.0,7820.0,46.35,0.1162,269.25,0.1033
2026-07-15,7575.51,2026-08-31,47.0,7825.0,44.9,0.1159,272.85,0.1023
2026-07-15,7575.51,2026-08-31,47.0,7830.0,43.5,0.1156,276.45,0.1011
2026-07-15,7575.51,2026-08-31,47.0,7835.0,42.2,0.1154,279.95,0.0996
2026-07-15,7575.51,2026-08-31,47.0,7840.0,40.9,0.1152,283.65,0.098
2026-07-15,7575.51,2026-08-31,47.0,7845.0,39.55,0.1148,286.9,0.0951
2026-07-15,7575.51,2026-08-31,47.0,7850.0,38.25,0.1145,290.95,0.0938
2026-07-15,7575.51,2026-08-31,47.0,7855.0,37.05,0.1143,294.55,0.0899
2026-07-15,7575.51,2026-08-31,47.0,7860.0,35.85,0.114,298.4,0.0866
2026-07-15,7575.51,2026-08-31,47.0,7865.0,34.75,0.1138,303.2,0.0876
2026-07-15,7575.51,2026-08-31,47.0,7870.0,33.65,0.1136,305.8,0.0887
2026-07-15,7575.51,2026-08-31,47.0,7875.0,32.45,0.1133,,
2026-07-15,7575.51,2026-08-31,47.0,7880.0,31.45,0.1131,,
2026-07-15,7575.51,2026-08-31,47.0,7885.0,30.35,0.1128,,
2026-07-15,7575.51,2026-08-31,47.0,7890.0,29.35,0.1126,,
2026-07-15,7575.51,2026-08-31,47.0,7895.0,28.35,0.1124,,
2026-07-15,7575.51,2026-08-31,47.0,7900.0,27.4,0.1122,,
2026-07-15,7575.51,2026-08-31,47.0,7905.0,26.45,0.112,,
2026-07-15,7575.51,2026-08-31,47.0,7910.0,25.55,0.1118,,
2026-07-15,7575.51,2026-08-31,47.0,7915.0,24.65,0.1115,,
2026-07-15,7575.51,2026-08-31,47.0,7920.0,23.8,0.1114,,
2026-07-15,7575.51,2026-08-31,47.0,7925.0,22.95,0.1111,,
2026-07-15,7575.51,2026-08-31,47.0,7930.0,22.15,0.111,,
2026-07-15,7575.51,2026-08-31,47.0,7935.0,21.4,0.1108,,
2026-07-15,7575.51,2026-08-31,47.0,7940.0,20.6,0.1106,,
2026-07-15,7575.51,2026-08-31,47.0,7945.0,19.9,0.1105,,
2026-07-15,7575.51,2026-08-31,47.0,7950.0,19.15,0.1102,,
2026-07-15,7575.51,2026-08-31,47.0,7955.0,18.5,0.1102,,
2026-07-15,7575.51,2026-08-31,47.0,7960.0,17.8,0.1099,,
2026-07-15,7575.51,2026-08-31,47.0,7965.0,17.15,0.1098,,
2026-07-15,7575.51,2026-08-31,47.0,7970.0,16.5,0.1096,,
2026-07-15,7575.51,2026-08-31,47.0,7975.0,15.9,0.1095,,
2026-07-15,7575.51,2026-08-31,47.0,7980.0,15.3,0.1093,,
2026-07-15,7575.51,2026-08-31,47.0,7985.0,14.8,0.1093,,
2026-07-15,7575.51,2026-08-31,47.0,7990.0,14.2,0.109,,
2026-07-15,7575.51,2026-08-31,47.0,7995.0,13.7,0.109,,
2026-07-15,7575.51,2026-08-31,47.0,8000.0,13.15,0.1088,,
2026-07-15,7575.51,2026-08-31,47.0,8005.0,12.7,0.1088,,
2026-07-15,7575.51,2026-08-31,47.0,8010.0,12.2,0.1086,,
2026-07-15,7575.51,2026-08-31,47.0,8015.0,11.7,0.1084,,
2026-07-15,7575.51,2026-08-31,47.0,8020.0,11.3,0.1084,,
2026-07-15,7575.51,2026-08-31,47.0,8025.0,10.9,0.1084,,
2026-07-15,7575.51,2026-08-31,47.0,8030.0,10.5,0.1083,,
2026-07-15,7575.51,2026-08-31,47.0,8035.0,10.1,0.1082,,
2026-07-15,7575.51,2026-08-31,47.0,8040.0,9.7,0.1081,,
2026-07-15,7575.51,2026-08-31,47.0,8045.0,9.3,0.1079,,
2026-07-15,7575.51,2026-08-31,47.0,8050.0,9.0,0.108,,
2026-07-15,7575.51,2026-08-31,47.0,8055.0,8.6,0.1078,,
2026-07-15,7575.51,2026-08-31,47.0,8060.0,8.3,0.1078,,
2026-07-15,7575.51,2026-08-31,47.0,8065.0,8.0,0.1078,,
2026-07-15,7575.51,2026-08-31,47.0,8070.0,7.7,0.1078,,
2026-07-15,7575.51,2026-08-31,47.0,8075.0,7.4,0.1077,,
2026-07-15,7575.51,2026-08-31,47.0,8080.0,7.1,0.1076,,
2026-07-15,7575.51,2026-08-31,47.0,8085.0,6.9,0.1078,,
2026-07-15,7575.51,2026-08-31,47.0,8090.0,6.6,0.1077,,
2026-07-15,7575.51,2026-08-31,47.0,8095.0,6.4,0.1078,,
2026-07-15,7575.51,2026-08-31,47.0,8100.0,6.15,0.1078,,
2026-07-15,7575.51,2026-08-31,47.0,8105.0,5.9,0.1077,,
2026-07-15,7575.51,2026-08-31,47.0,8110.0,5.7,0.1078,,
2026-07-15,7575.51,2026-08-31,47.0,8115.0,5.5,0.1078,,
2026-07-15,7575.51,2026-08-31,47.0,8120.0,5.3,0.1079,,
2026-07-15,7575.51,2026-08-31,47.0,8125.0,5.1,0.1079,,
2026-07-15,7575.51,2026-08-31,47.0,8130.0,4.95,0.1081,,
2026-07-15,7575.51,2026-08-31,47.0,8135.0,4.75,0.108,,
2026-07-15,7575.51,2026-08-31,47.0,8140.0,4.55,0.1079,,
2026-07-15,7575.51,2026-08-31,47.0,8145.0,4.45,0.1083,,
2026-07-15,7575.51,2026-08-31,47.0,8150.0,4.25,0.1082,,
2026-07-15,7575.51,2026-08-31,47.0,8155.0,4.15,0.1085,,
2026-07-15,7575.51,2026-08-31,47.0,8160.0,3.95,0.1083,,
2026-07-15,7575.51,2026-08-31,47.0,8165.0,3.85,0.1085,,
2026-07-15,7575.51,2026-08-31,47.0,8170.0,3.75,0.1088,,
2026-07-15,7575.51,2026-08-31,47.0,8175.0,3.6,0.1088,,
2026-07-15,7575.51,2026-08-31,47.0,8180.0,3.45,0.1087,,
2026-07-15,7575.51,2026-08-31,47.0,8190.0,3.25,0.1091,,
2026-07-15,7575.51,2026-08-31,47.0,8200.0,3.08,0.1096,,
2026-07-15,7575.51,2026-08-31,47.0,8210.0,2.85,0.1097,,
2026-07-15,7575.51,2026-08-31,47.0,8220.0,2.7,0.1102,,
2026-07-15,7575.51,2026-08-31,47.0,8225.0,2.6,0.1102,,
2026-07-15,7575.51,2026-08-31,47.0,8230.0,2.55,0.1106,,
2026-07-15,7575.51,2026-08-31,47.0,8240.0,2.4,0.1109,,
2026-07-15,7575.51,2026-08-31,47.0,8250.0,2.25,0.1112,,
2026-07-15,7575.51,2026-08-31,47.0,8260.0,2.12,0.1117,,
2026-07-15,7575.51,2026-08-31,47.0,8270.0,2.02,0.1122,,
2026-07-15,7575.51,2026-08-31,47.0,8275.0,1.97,0.1125,,
2026-07-15,7575.51,2026-08-31,47.0,8280.0,1.93,0.1127,,
2026-07-15,7575.51,2026-08-31,47.0,8290.0,1.82,0.1132,,
2026-07-15,7575.51,2026-08-31,47.0,8300.0,1.73,0.1136,,
2026-07-15,7575.51,2026-08-31,47.0,8310.0,1.65,0.1142,,
2026-07-15,7575.51,2026-08-31,47.0,8320.0,1.57,0.1148,,
2026-07-15,7575.51,2026-08-31,47.0,8325.0,1.52,0.115,,
2026-07-15,7575.51,2026-08-31,47.0,8330.0,1.52,0.1156,,
2026-07-15,7575.51,2026-08-31,47.0,8340.0,1.43,0.1158,,
2026-07-15,7575.51,2026-08-31,47.0,8350.0,1.38,0.1166,,
2026-07-15,7575.51,2026-08-31,47.0,8360.0,1.32,0.1172,,
2026-07-15,7575.51,2026-08-31,47.0,8370.0,1.25,0.1176,,
2026-07-15,7575.51,2026-08-31,47.0,8375.0,1.25,0.1182,,
2026-07-15,7575.51,2026-08-31,47.0,8380.0,1.2,0.1182,,
2026-07-15,7575.51,2026-08-31,47.0,8390.0,1.15,0.1188,,
2026-07-15,7575.51,2026-08-31,47.0,8400.0,1.1,0.1194,,
2026-07-15,7575.51,2026-08-31,47.0,8410.0,1.07,0.1203,,
2026-07-15,7575.51,2026-08-31,47.0,8420.0,1.05,0.1211,,
2026-07-15,7575.51,2026-08-31,47.0,8425.0,1.0,0.121,,
2026-07-15,7575.51,2026-08-31,47.0,8430.0,1.02,0.122,,
2026-07-15,7575.51,2026-08-31,47.0,8440.0,0.95,0.1221,,
2026-07-15,7575.51,2026-08-31,47.0,8450.0,0.93,0.1229,,
2026-07-15,7575.51,2026-08-31,47.0,8460.0,0.9,0.1236,,
2026-07-15,7575.51,2026-08-31,47.0,8470.0,0.85,0.124,,
2026-07-15,7575.51,2026-08-31,47.0,8475.0,0.85,0.1246,,
2026-07-15,7575.51,2026-08-31,47.0,8480.0,0.82,0.1247,,
2026-07-15,7575.51,2026-08-31,47.0,8490.0,0.8,0.1254,,
2026-07-15,7575.51,2026-08-31,47.0,8500.0,0.75,0.1257,,
2026-07-15,7575.51,2026-08-31,47.0,8510.0,0.75,0.1268,,
2026-07-15,7575.51,2026-08-31,47.0,8520.0,0.73,0.1275,,
2026-07-15,7575.51,2026-08-31,47.0,8530.0,0.7,0.1281,,
2026-07-15,7575.51,2026-08-31,47.0,8540.0,0.68,0.1287,,
2026-07-15,7575.51,2026-08-31,47.0,8550.0,0.65,0.1293,,
2026-07-15,7575.51,2026-08-31,47.0,8600.0,0.55,0.1325,,
2026-07-15,7575.51,2026-08-31,47.0,8700.0,0.4,0.1388,,
2026-07-15,7575.51,2026-09-04,51.0,5700.0,1893.45,0.3288,6.05,0.3685
2026-07-15,7575.51,2026-09-04,51.0,5800.0,1794.5,0.3186,6.8,0.3553
2026-07-15,7575.51,2026-09-04,51.0,5900.0,1696.25,0.3147,7.6,0.3416
2026-07-15,7575.51,2026-09-04,51.0,6000.0,1598.35,0.3103,8.55,0.3283
2026-07-15,7575.51,2026-09-04,51.0,6050.0,1549.25,0.3057,9.05,0.3215
2026-07-15,7575.51,2026-09-04,51.0,6100.0,1499.85,0.2986,9.6,0.3147
2026-07-15,7575.51,2026-09-04,51.0,6150.0,1451.25,0.2964,10.2,0.3081
2026-07-15,7575.51,2026-09-04,51.0,6200.0,1402.05,0.2899,10.85,0.3014
2026-07-15,7575.51,2026-09-04,51.0,6250.0,1352.1,0.279,11.55,0.2948
2026-07-15,7575.51,2026-09-04,51.0,6300.0,1303.25,0.2742,12.4,0.2886
2026-07-15,7575.51,2026-09-04,51.0,6350.0,1254.65,0.2701,13.25,0.282
2026-07-15,7575.51,2026-09-04,51.0,6400.0,1206.35,0.2666,14.2,0.2756
2026-07-15,7575.51,2026-09-04,51.0,6450.0,1157.25,0.2593,15.25,0.2692
2026-07-15,7575.51,2026-09-04,51.0,6500.0,1109.35,0.2562,16.4,0.2628
2026-07-15,7575.51,2026-09-04,51.0,6550.0,1060.65,0.2496,17.7,0.2566
2026-07-15,7575.51,2026-09-04,51.0,6600.0,1012.0,0.2428,19.1,0.2503
2026-07-15,7575.51,2026-09-04,51.0,6650.0,964.25,0.2384,20.7,0.2441
2026-07-15,7575.51,2026-09-04,51.0,6700.0,915.75,0.2313,22.5,0.2381
2026-07-15,7575.51,2026-09-04,51.0,6750.0,868.05,0.2259,24.5,0.232
2026-07-15,7575.51,2026-09-04,51.0,6800.0,821.05,0.2215,26.75,0.226
2026-07-15,7575.51,2026-09-04,51.0,6850.0,774.0,0.2163,29.25,0.22
2026-07-15,7575.51,2026-09-04,51.0,6900.0,727.5,0.2115,32.15,0.2142
2026-07-15,7575.51,2026-09-04,51.0,6925.0,704.2,0.2087,33.7,0.2112
2026-07-15,7575.51,2026-09-04,51.0,6950.0,680.75,0.2055,35.4,0.2083
2026-07-15,7575.51,2026-09-04,51.0,6975.0,657.9,0.2032,37.15,0.2054
2026-07-15,7575.51,2026-09-04,51.0,6990.0,644.1,0.2015,38.3,0.2037
2026-07-15,7575.51,2026-09-04,51.0,7000.0,635.7,0.2017,39.0,0.2024
2026-07-15,7575.51,2026-09-04,51.0,7025.0,612.2,0.1979,41.05,0.1996
2026-07-15,7575.51,2026-09-04,51.0,7050.0,589.45,0.1951,43.2,0.1967
2026-07-15,7575.51,2026-09-04,51.0,7075.0,566.9,0.1923,45.5,0.1938
2026-07-15,7575.51,2026-09-04,51.0,7100.0,544.55,0.1897,47.95,0.191
2026-07-15,7575.51,2026-09-04,51.0,7125.0,522.35,0.1871,50.55,0.1881
2026-07-15,7575.51,2026-09-04,51.0,7150.0,500.1,0.1841,53.35,0.1853
2026-07-15,7575.51,2026-09-04,51.0,7175.0,478.45,0.1817,56.3,0.1824
2026-07-15,7575.51,2026-09-04,51.0,7200.0,456.75,0.1789,59.5,0.1796
2026-07-15,7575.51,2026-09-04,51.0,7225.0,436.0,0.1771,62.85,0.1767
2026-07-15,7575.51,2026-09-04,51.0,7250.0,414.85,0.1745,66.5,0.1739
2026-07-15,7575.51,2026-09-04,51.0,7275.0,393.6,0.1714,70.4,0.1711
2026-07-15,7575.51,2026-09-04,51.0,7300.0,372.95,0.1688,74.6,0.1683
2026-07-15,7575.51,2026-09-04,51.0,7325.0,352.7,0.1662,79.0,0.1655
2026-07-15,7575.51,2026-09-04,51.0,7350.0,332.45,0.1634,83.7,0.1626
2026-07-15,7575.51,2026-09-04,51.0,7360.0,324.6,0.1624,85.7,0.1615
2026-07-15,7575.51,2026-09-04,51.0,7370.0,316.7,0.1613,87.8,0.1604
2026-07-15,7575.51,2026-09-04,51.0,7375.0,312.95,0.1609,88.8,0.1598
2026-07-15,7575.51,2026-09-04,51.0,7380.0,308.85,0.1602,89.9,0.1592
2026-07-15,7575.51,2026-09-04,51.0,7390.0,301.35,0.1594,92.1,0.1581
2026-07-15,7575.51,2026-09-04,51.0,7400.0,293.55,0.1582,94.35,0.157
2026-07-15,7575.51,2026-09-04,51.0,7410.0,285.9,0.1572,96.6,0.1559
2026-07-15,7575.51,2026-09-04,51.0,7420.0,278.25,0.156,99.0,0.1548
2026-07-15,7575.51,2026-09-04,51.0,7425.0,274.65,0.1557,100.2,0.1542
2026-07-15,7575.51,2026-09-04,51.0,7430.0,270.75,0.155,101.4,0.1536
2026-07-15,7575.51,2026-09-04,51.0,7440.0,263.4,0.154,103.9,0.1525
2026-07-15,7575.51,2026-09-04,51.0,7450.0,256.05,0.153,106.5,0.1514
2026-07-15,7575.51,2026-09-04,51.0,7460.0,248.85,0.152,109.15,0.1503
2026-07-15,7575.51,2026-09-04,51.0,7470.0,241.5,0.1508,111.9,0.1492
2026-07-15,7575.51,2026-09-04,51.0,7475.0,238.05,0.1504,113.2,0.1486
2026-07-15,7575.51,2026-09-04,51.0,7480.0,234.45,0.1499,114.65,0.148
2026-07-15,7575.51,2026-09-04,51.0,7490.0,227.25,0.1487,117.6,0.147
2026-07-15,7575.51,2026-09-04,51.0,7500.0,220.35,0.1478,120.4,0.1457
2026-07-15,7575.51,2026-09-04,51.0,7510.0,213.45,0.1467,123.45,0.1446
2026-07-15,7575.51,2026-09-04,51.0,7520.0,206.7,0.1458,126.7,0.1436
2026-07-15,7575.51,2026-09-04,51.0,7525.0,203.25,0.1452,128.2,0.143
2026-07-15,7575.51,2026-09-04,51.0,7530.0,199.95,0.1447,129.95,0.1425
2026-07-15,7575.51,2026-09-04,51.0,7540.0,193.35,0.1437,133.25,0.1414
2026-07-15,7575.51,2026-09-04,51.0,7550.0,186.75,0.1427,136.6,0.1402
2026-07-15,7575.51,2026-09-04,51.0,7560.0,180.45,0.1418,140.25,0.1392
2026-07-15,7575.51,2026-09-04,51.0,7570.0,174.1,0.1408,143.8,0.138
2026-07-15,7575.51,2026-09-04,51.0,7575.0,171.05,0.1403,145.65,0.1375
2026-07-15,7575.51,2026-09-04,51.0,7580.0,167.85,0.1398,147.65,0.1371
2026-07-15,7575.51,2026-09-04,51.0,7590.0,161.85,0.1389,151.45,0.1359
2026-07-15,7575.51,2026-09-04,51.0,7600.0,155.8,0.1379,155.4,0.1348
2026-07-15,7575.51,2026-09-04,51.0,7610.0,149.85,0.1369,159.4,0.1337
2026-07-15,7575.51,2026-09-04,51.0,7620.0,144.15,0.136,163.6,0.1326
2026-07-15,7575.51,2026-09-04,51.0,7625.0,141.35,0.1356,165.7,0.132
2026-07-15,7575.51,2026-09-04,51.0,7650.0,127.6,0.1334,176.8,0.1293
2026-07-15,7575.51,2026-09-04,51.0,7675.0,114.45,0.1311,188.7,0.1265
2026-07-15,7575.51,2026-09-04,51.0,7700.0,102.35,0.1291,201.45,0.1238
2026-07-15,7575.51,2026-09-04,51.0,7725.0,90.95,0.1271,214.95,0.1209
2026-07-15,7575.51,2026-09-04,51.0,7750.0,80.45,0.1252,229.05,0.1176
2026-07-15,7575.51,2026-09-04,51.0,7775.0,70.6,0.1233,244.35,0.1146
2026-07-15,7575.51,2026-09-04,51.0,7800.0,61.9,0.1218,260.55,0.111
2026-07-15,7575.51,2026-09-04,51.0,7825.0,53.8,0.1202,277.35,0.1067
2026-07-15,7575.51,2026-09-04,51.0,7850.0,46.7,0.1189,295.55,0.1018
2026-07-15,7575.51,2026-09-04,51.0,7900.0,34.4,0.1163,,
2026-07-15,7575.51,2026-09-04,51.0,7950.0,24.95,0.1143,,
2026-07-15,7575.51,2026-09-04,51.0,8000.0,17.75,0.1127,,
2026-07-15,7575.51,2026-09-04,51.0,8050.0,12.45,0.1114,,
2026-07-15,7575.51,2026-09-04,51.0,8100.0,8.7,0.1107,,
2026-07-15,7575.51,2026-09-04,51.0,8150.0,6.1,0.1106,,
2026-07-15,7575.51,2026-09-04,51.0,8200.0,4.35,0.1111,,
2026-07-15,7575.51,2026-09-04,51.0,8250.0,3.2,0.1124,,
2026-07-15,7575.51,2026-09-04,51.0,8300.0,2.42,0.1142,,
2026-07-15,7575.51,2026-09-04,51.0,8400.0,1.5,0.1189,,
2026-07-15,7575.51,2026-09-04,51.0,8600.0,0.75,0.1312,,
2026-07-15,7575.51,2026-09-18,65.0,5690.0,1910.95,0.2865,8.75,0.3488
2026-07-15,7575.51,2026-09-18,65.0,5700.0,1901.15,0.2871,8.85,0.3476
2026-07-15,7575.51,2026-09-18,65.0,5710.0,1891.3,0.2868,8.95,0.3464
2026-07-15,7575.51,2026-09-18,65.0,5720.0,1880.95,0.2785,9.05,0.3452
2026-07-15,7575.51,2026-09-18,65.0,5725.0,1875.45,0.2674,9.05,0.3443
2026-07-15,7575.51,2026-09-18,65.0,5730.0,1871.95,0.291,9.15,0.344
2026-07-15,7575.51,2026-09-18,65.0,5740.0,1861.8,0.2865,9.25,0.3428
2026-07-15,7575.51,2026-09-18,65.0,5750.0,1851.85,0.2847,9.35,0.3415
2026-07-15,7575.51,2026-09-18,65.0,5760.0,1842.45,0.29,9.45,0.3403
2026-07-15,7575.51,2026-09-18,65.0,5770.0,1832.75,0.2912,9.55,0.3391
2026-07-15,7575.51,2026-09-18,65.0,5775.0,1828.55,0.2985,9.55,0.3382
2026-07-15,7575.51,2026-09-18,65.0,5780.0,1822.75,0.2888,9.65,0.3378
2026-07-15,7575.51,2026-09-18,65.0,5790.0,1812.65,0.2852,9.75,0.3366
2026-07-15,7575.51,2026-09-18,65.0,5800.0,1803.1,0.288,9.85,0.3353
2026-07-15,7575.51,2026-09-18,65.0,5810.0,1792.95,0.284,9.95,0.3341
2026-07-15,7575.51,2026-09-18,65.0,5820.0,1783.45,0.2871,10.05,0.3328
2026-07-15,7575.51,2026-09-18,65.0,5825.0,1779.35,0.2947,10.1,0.3322
2026-07-15,7575.51,2026-09-18,65.0,5830.0,1773.25,0.2827,10.15,0.3315
2026-07-15,7575.51,2026-09-18,65.0,5840.0,1763.35,0.2814,10.25,0.3303
2026-07-15,7575.51,2026-09-18,65.0,5850.0,1753.85,0.2843,10.35,0.329
2026-07-15,7575.51,2026-09-18,65.0,5860.0,1745.2,0.2943,10.5,0.3279
2026-07-15,7575.51,2026-09-18,65.0,5870.0,1734.65,0.2873,10.6,0.3266
2026-07-15,7575.51,2026-09-18,65.0,5875.0,1729.35,0.2835,10.65,0.326
2026-07-15,7575.51,2026-09-18,65.0,5880.0,1725.25,0.2902,10.75,0.3256
2026-07-15,7575.51,2026-09-18,65.0,5890.0,1714.65,0.2829,10.85,0.3243
2026-07-15,7575.51,2026-09-18,65.0,5900.0,1704.85,0.2824,10.95,0.323
2026-07-15,7575.51,2026-09-18,65.0,5910.0,1695.05,0.2819,11.1,0.3219
2026-07-15,7575.51,2026-09-18,65.0,5920.0,1685.55,0.2839,11.2,0.3206
2026-07-15,7575.51,2026-09-18,65.0,5925.0,1680.35,0.2811,11.25,0.3199
2026-07-15,7575.51,2026-09-18,65.0,5930.0,1675.45,0.2809,11.35,0.3195
2026-07-15,7575.51,2026-09-18,65.0,5940.0,1666.3,0.2853,11.45,0.3181
2026-07-15,7575.51,2026-09-18,65.0,5950.0,1656.8,0.2868,11.6,0.317
2026-07-15,7575.51,2026-09-18,65.0,5960.0,1646.05,0.2791,11.75,0.3159
2026-07-15,7575.51,2026-09-18,65.0,5970.0,1636.5,0.2803,11.85,0.3145
2026-07-15,7575.51,2026-09-18,65.0,5975.0,1631.35,0.2781,11.95,0.3141
2026-07-15,7575.51,2026-09-18,65.0,5980.0,1626.45,0.2778,12.0,0.3134
2026-07-15,7575.51,2026-09-18,65.0,5990.0,1616.15,0.2733,12.15,0.3123
2026-07-15,7575.51,2026-09-18,65.0,6000.0,1607.5,0.2808,12.25,0.3109
2026-07-15,7575.51,2026-09-18,65.0,6010.0,1597.35,0.2777,12.45,0.31
2026-07-15,7575.51,2026-09-18,65.0,6020.0,1587.35,0.2755,12.55,0.3086
2026-07-15,7575.51,2026-09-18,65.0,6025.0,1582.65,0.2765,12.65,0.3081
2026-07-15,7575.51,2026-09-18,65.0,6030.0,1577.95,0.2774,12.7,0.3074
2026-07-15,7575.51,2026-09-18,65.0,6040.0,1568.25,0.2771,12.85,0.3062
2026-07-15,7575.51,2026-09-18,65.0,6050.0,1558.05,0.2738,13.0,0.305
2026-07-15,7575.51,2026-09-18,65.0,6060.0,1548.25,0.2729,13.15,0.3038
2026-07-15,7575.51,2026-09-18,65.0,6070.0,1538.7,0.2736,13.3,0.3026
2026-07-15,7575.51,2026-09-18,65.0,6075.0,1533.45,0.271,13.4,0.3021
2026-07-15,7575.51,2026-09-18,65.0,6080.0,1528.75,0.2718,13.45,0.3014
2026-07-15,7575.51,2026-09-18,65.0,6090.0,1518.85,0.2703,13.65,0.3004
2026-07-15,7575.51,2026-09-18,65.0,6100.0,1509.25,0.2705,13.8,0.2991
2026-07-15,7575.51,2026-09-18,65.0,6110.0,1499.45,0.2696,13.95,0.2979
2026-07-15,7575.51,2026-09-18,65.0,6120.0,1490.05,0.2708,14.15,0.2968
2026-07-15,7575.51,2026-09-18,65.0,6125.0,1484.85,0.2687,14.2,0.2961
2026-07-15,7575.51,2026-09-18,65.0,6130.0,1479.95,0.2682,14.3,0.2956
2026-07-15,7575.51,2026-09-18,65.0,6140.0,1470.5,0.2691,14.45,0.2943
2026-07-15,7575.51,2026-09-18,65.0,6150.0,1461.75,0.2733,14.65,0.2932
2026-07-15,7575.51,2026-09-18,65.0,6160.0,1451.65,0.2707,14.85,0.2921
2026-07-15,7575.51,2026-09-18,65.0,6170.0,1440.95,0.2652,15.0,0.2908
2026-07-15,7575.51,2026-09-18,65.0,6175.0,1436.55,0.2671,15.1,0.2902
2026-07-15,7575.51,2026-09-18,65.0,6180.0,1431.25,0.2646,15.2,0.2897
2026-07-15,7575.51,2026-09-18,65.0,6190.0,1421.9,0.2657,15.4,0.2886
2026-07-15,7575.51,2026-09-18,65.0,6200.0,1412.25,0.2653,15.55,0.2872
2026-07-15,7575.51,2026-09-18,65.0,6210.0,1402.15,0.2628,15.75,0.2861
2026-07-15,7575.51,2026-09-18,65.0,6220.0,1391.9,0.2595,15.95,0.2849
2026-07-15,7575.51,2026-09-18,65.0,6225.0,1388.3,0.2649,16.05,0.2844
2026-07-15,7575.51,2026-09-18,65.0,6230.0,1381.85,0.2572,16.15,0.2838
2026-07-15,7575.51,2026-09-18,65.0,6240.0,1372.85,0.2598,16.4,0.2828
2026-07-15,7575.51,2026-09-18,65.0,6250.0,1363.0,0.2584,16.6,0.2816
2026-07-15,7575.51,2026-09-18,65.0,6260.0,1354.2,0.2615,16.8,0.2804
2026-07-15,7575.51,2026-09-18,65.0,6270.0,1343.65,0.2572,17.0,0.2792
2026-07-15,7575.51,2026-09-18,65.0,6275.0,1338.95,0.2574,17.1,0.2786
2026-07-15,7575.51,2026-09-18,65.0,6280.0,1333.95,0.2564,17.25,0.2781
2026-07-15,7575.51,2026-09-18,65.0,6290.0,1324.8,0.2578,17.45,0.2769
2026-07-15,7575.51,2026-09-18,65.0,6300.0,1314.9,0.2562,17.7,0.2758
2026-07-15,7575.51,2026-09-18,65.0,6310.0,1304.75,0.2535,17.9,0.2746
2026-07-15,7575.51,2026-09-18,65.0,6320.0,1295.55,0.2546,18.15,0.2734
2026-07-15,7575.51,2026-09-18,65.0,6325.0,1290.75,0.2544,18.25,0.2728
2026-07-15,7575.51,2026-09-18,65.0,6330.0,1285.55,0.2526,18.4,0.2723
2026-07-15,7575.51,2026-09-18,65.0,6340.0,1275.65,0.2509,18.6,0.2711
2026-07-15,7575.51,2026-09-18,65.0,6350.0,1266.35,0.2515,18.8,0.2698
2026-07-15,7575.51,2026-09-18,65.0,6360.0,1256.85,0.2513,19.1,0.2688
2026-07-15,7575.51,2026-09-18,65.0,6370.0,1247.4,0.2512,19.4,0.2678
2026-07-15,7575.51,2026-09-18,65.0,6375.0,1242.8,0.2516,19.5,0.2671
2026-07-15,7575.51,2026-09-18,65.0,6380.0,1238.05,0.2514,19.65,0.2666
2026-07-15,7575.51,2026-09-18,65.0,6390.0,1227.65,0.248,19.9,0.2654
2026-07-15,7575.51,2026-09-18,65.0,6400.0,1218.25,0.248,20.2,0.2643
2026-07-15,7575.51,2026-09-18,65.0,6410.0,1208.35,0.2463,20.5,0.2633
2026-07-15,7575.51,2026-09-18,65.0,6420.0,1198.95,0.2462,20.75,0.2621
2026-07-15,7575.51,2026-09-18,65.0,6425.0,1193.75,0.2445,20.9,0.2615
2026-07-15,7575.51,2026-09-18,65.0,6430.0,1188.55,0.2429,21.05,0.261
2026-07-15,7575.51,2026-09-18,65.0,6440.0,1179.2,0.2429,21.35,0.2599
2026-07-15,7575.51,2026-09-18,65.0,6450.0,1170.0,0.2434,21.65,0.2587
2026-07-15,7575.51,2026-09-18,65.0,6460.0,1161.05,0.2446,21.95,0.2576
2026-07-15,7575.51,2026-09-18,65.0,6470.0,1150.65,0.2413,22.25,0.2564
2026-07-15,7575.51,2026-09-18,65.0,6475.0,1145.85,0.2409,22.4,0.2559
2026-07-15,7575.51,2026-09-18,65.0,6480.0,1141.75,0.2426,22.6,0.2554
2026-07-15,7575.51,2026-09-18,65.0,6490.0,1131.25,0.239,22.9,0.2542
2026-07-15,7575.51,2026-09-18,65.0,6500.0,1121.95,0.239,23.2,0.2531
2026-07-15,7575.51,2026-09-18,65.0,6510.0,1112.25,0.2378,23.6,0.2521
2026-07-15,7575.51,2026-09-18,65.0,6520.0,1102.05,0.2352,23.9,0.2509
2026-07-15,7575.51,2026-09-18,65.0,6525.0,1097.85,0.2364,24.1,0.2504
2026-07-15,7575.51,2026-09-18,65.0,6530.0,1093.05,0.236,24.25,0.2498
2026-07-15,7575.51,2026-09-18,65.0,6540.0,1083.55,0.2353,24.6,0.2487
2026-07-15,7575.51,2026-09-18,65.0,6550.0,1074.05,0.2346,25.0,0.2476
2026-07-15,7575.51,2026-09-18,65.0,6560.0,1063.95,0.2322,25.4,0.2466
2026-07-15,7575.51,2026-09-18,65.0,6570.0,1054.85,0.2325,25.7,0.2453
2026-07-15,7575.51,2026-09-18,65.0,6575.0,1050.6,0.2334,25.9,0.2448
2026-07-15,7575.51,2026-09-18,65.0,6580.0,1045.25,0.2315,26.1,0.2443
2026-07-15,7575.51,2026-09-18,65.0,6590.0,1035.75,0.2307,26.5,0.2432
2026-07-15,7575.51,2026-09-18,65.0,6600.0,1026.35,0.2301,26.9,0.2421
2026-07-15,7575.51,2026-09-18,65.0,6610.0,1016.25,0.2278,27.3,0.241
2026-07-15,7575.51,2026-09-18,65.0,6620.0,1007.15,0.2279,27.7,0.2399
2026-07-15,7575.51,2026-09-18,65.0,6625.0,1002.45,0.2276,27.9,0.2393
2026-07-15,7575.51,2026-09-18,65.0,6630.0,997.25,0.2261,28.1,0.2387
2026-07-15,7575.51,2026-09-18,65.0,6640.0,988.15,0.2261,28.6,0.2378
2026-07-15,7575.51,2026-09-18,65.0,6650.0,978.85,0.2256,29.0,0.2366
2026-07-15,7575.51,2026-09-18,65.0,6660.0,968.75,0.2233,29.45,0.2355
2026-07-15,7575.51,2026-09-18,65.0,6670.0,959.4,0.2227,29.8,0.2342
2026-07-15,7575.51,2026-09-18,65.0,6675.0,955.05,0.2231,30.1,0.2338
2026-07-15,7575.51,2026-09-18,65.0,6680.0,949.85,0.2216,30.4,0.2334
2026-07-15,7575.51,2026-09-18,65.0,6690.0,940.85,0.2217,30.8,0.2321
2026-07-15,7575.51,2026-09-18,65.0,6700.0,931.6,0.2212,31.3,0.2311
2026-07-15,7575.51,2026-09-18,65.0,6710.0,922.45,0.2208,31.8,0.23
2026-07-15,7575.51,2026-09-18,65.0,6720.0,911.75,0.2173,32.3,0.2289
2026-07-15,7575.51,2026-09-18,65.0,6725.0,907.65,0.2181,32.6,0.2285
2026-07-15,7575.51,2026-09-18,65.0,6730.0,902.05,0.2158,32.85,0.2279
2026-07-15,7575.51,2026-09-18,65.0,6740.0,893.85,0.2173,33.4,0.2269
2026-07-15,7575.51,2026-09-18,65.0,6750.0,884.9,0.2173,33.9,0.2257
2026-07-15,7575.51,2026-09-18,65.0,6760.0,875.75,0.2168,34.4,0.2245
2026-07-15,7575.51,2026-09-18,65.0,6770.0,866.55,0.2162,35.0,0.2235
2026-07-15,7575.51,2026-09-18,65.0,6775.0,861.45,0.2149,35.3,0.223
2026-07-15,7575.51,2026-09-18,65.0,6780.0,857.0,0.2149,35.6,0.2225
2026-07-15,7575.51,2026-09-18,65.0,6790.0,847.75,0.2141,36.1,0.2213
2026-07-15,7575.51,2026-09-18,65.0,6800.0,838.6,0.2135,36.8,0.2204
2026-07-15,7575.51,2026-09-18,65.0,6810.0,829.05,0.2121,37.4,0.2193
2026-07-15,7575.51,2026-09-18,65.0,6820.0,819.9,0.2114,38.05,0.2183
2026-07-15,7575.51,2026-09-18,65.0,6825.0,815.3,0.211,38.2,0.2175
2026-07-15,7575.51,2026-09-18,65.0,6830.0,810.6,0.2105,38.65,0.2172
2026-07-15,7575.51,2026-09-18,65.0,6840.0,801.3,0.2095,39.3,0.2161
2026-07-15,7575.51,2026-09-18,65.0,6850.0,792.0,0.2085,39.95,0.215
2026-07-15,7575.51,2026-09-18,65.0,6860.0,782.75,0.2075,40.65,0.214
2026-07-15,7575.51,2026-09-18,65.0,6870.0,773.6,0.2067,41.35,0.2129
2026-07-15,7575.51,2026-09-18,65.0,6875.0,769.1,0.2064,41.7,0.2124
2026-07-15,7575.51,2026-09-18,65.0,6880.0,764.35,0.2057,42.05,0.2119
2026-07-15,7575.51,2026-09-18,65.0,6890.0,755.15,0.2048,42.75,0.2108
2026-07-15,7575.51,2026-09-18,65.0,6900.0,746.05,0.204,43.5,0.2097
2026-07-15,7575.51,2026-09-18,65.0,6910.0,736.85,0.203,44.25,0.2087
2026-07-15,7575.51,2026-09-18,65.0,6920.0,727.6,0.2019,45.05,0.2077
2026-07-15,7575.51,2026-09-18,65.0,6925.0,723.15,0.2016,45.45,0.2071
2026-07-15,7575.51,2026-09-18,65.0,6930.0,718.65,0.2012,45.85,0.2066
2026-07-15,7575.51,2026-09-18,65.0,6940.0,709.3,0.1999,46.65,0.2056
2026-07-15,7575.51,2026-09-18,65.0,6950.0,700.25,0.1991,47.45,0.2045
2026-07-15,7575.51,2026-09-18,65.0,6960.0,691.1,0.198,48.15,0.2032
2026-07-15,7575.51,2026-09-18,65.0,6970.0,682.15,0.1973,49.0,0.2022
2026-07-15,7575.51,2026-09-18,65.0,6975.0,677.55,0.1967,49.45,0.2017
2026-07-15,7575.51,2026-09-18,65.0,6980.0,673.2,0.1964,50.05,0.2013
2026-07-15,7575.51,2026-09-18,65.0,6990.0,664.05,0.1953,50.95,0.2003
2026-07-15,7575.51,2026-09-18,65.0,6995.0,659.45,0.1947,51.25,0.1996
2026-07-15,7575.51,2026-09-18,65.0,7000.0,655.1,0.1944,51.85,0.1992
2026-07-15,7575.51,2026-09-18,65.0,7005.0,650.6,0.194,52.35,0.1987
2026-07-15,7575.51,2026-09-18,65.0,7010.0,645.9,0.1932,52.8,0.1982
2026-07-15,7575.51,2026-09-18,65.0,7015.0,641.6,0.193,53.3,0.1977
2026-07-15,7575.51,2026-09-18,65.0,7020.0,637.05,0.1924,53.75,0.1971
2026-07-15,7575.51,2026-09-18,65.0,7025.0,632.6,0.192,54.25,0.1966
2026-07-15,7575.51,2026-09-18,65.0,7030.0,628.05,0.1914,54.75,0.1961
2026-07-15,7575.51,2026-09-18,65.0,7035.0,623.6,0.1909,55.25,0.1956
2026-07-15,7575.51,2026-09-18,65.0,7040.0,619.15,0.1905,55.75,0.1951
2026-07-15,7575.51,2026-09-18,65.0,7045.0,614.7,0.19,56.25,0.1945
2026-07-15,7575.51,2026-09-18,65.0,7050.0,610.45,0.1898,56.8,0.194
2026-07-15,7575.51,2026-09-18,65.0,7055.0,605.8,0.189,57.3,0.1935
2026-07-15,7575.51,2026-09-18,65.0,7060.0,601.6,0.1889,57.7,0.1928
2026-07-15,7575.51,2026-09-18,65.0,7065.0,596.95,0.1881,58.4,0.1925
2026-07-15,7575.51,2026-09-18,65.0,7070.0,592.6,0.1877,58.9,0.1919
2026-07-15,7575.51,2026-09-18,65.0,7075.0,588.25,0.1873,59.4,0.1914
2026-07-15,7575.51,2026-09-18,65.0,7080.0,583.8,0.1868,60.0,0.1909
2026-07-15,7575.51,2026-09-18,65.0,7085.0,579.4,0.1863,60.5,0.1903
2026-07-15,7575.51,2026-09-18,65.0,7090.0,574.9,0.1857,61.0,0.1897
2026-07-15,7575.51,2026-09-18,65.0,7095.0,570.5,0.1853,61.55,0.1892
2026-07-15,7575.51,2026-09-18,65.0,7100.0,566.25,0.1849,62.25,0.1888
2026-07-15,7575.51,2026-09-18,65.0,7105.0,561.75,0.1843,62.8,0.1882
2026-07-15,7575.51,2026-09-18,65.0,7110.0,557.4,0.1839,63.4,0.1877
2026-07-15,7575.51,2026-09-18,65.0,7115.0,553.15,0.1835,64.05,0.1873
2026-07-15,7575.51,2026-09-18,65.0,7120.0,548.65,0.1829,64.65,0.1867
2026-07-15,7575.51,2026-09-18,65.0,7125.0,544.35,0.1825,65.25,0.1862
2026-07-15,7575.51,2026-09-18,65.0,7130.0,539.95,0.1819,65.85,0.1857
2026-07-15,7575.51,2026-09-18,65.0,7135.0,535.65,0.1815,66.35,0.185
2026-07-15,7575.51,2026-09-18,65.0,7140.0,531.35,0.1811,67.1,0.1846
2026-07-15,7575.51,2026-09-18,65.0,7145.0,526.95,0.1805,67.75,0.1841
2026-07-15,7575.51,2026-09-18,65.0,7150.0,522.8,0.1802,68.4,0.1836
2026-07-15,7575.51,2026-09-18,65.0,7155.0,518.35,0.1796,69.05,0.1831
2026-07-15,7575.51,2026-09-18,65.0,7160.0,514.05,0.1791,69.75,0.1826
2026-07-15,7575.51,2026-09-18,65.0,7165.0,509.75,0.1786,70.4,0.1821
2026-07-15,7575.51,2026-09-18,65.0,7170.0,505.6,0.1783,71.05,0.1815
2026-07-15,7575.51,2026-09-18,65.0,7175.0,501.25,0.1777,71.75,0.181
2026-07-15,7575.51,2026-09-18,65.0,7180.0,497.1,0.1774,72.45,0.1805
2026-07-15,7575.51,2026-09-18,65.0,7185.0,492.7,0.1767,73.15,0.18
2026-07-15,7575.51,2026-09-18,65.0,7190.0,488.35,0.1762,73.85,0.1794
2026-07-15,7575.51,2026-09-18,65.0,7195.0,484.15,0.1757,74.6,0.179
2026-07-15,7575.51,2026-09-18,65.0,7200.0,479.85,0.1752,75.3,0.1784
2026-07-15,7575.51,2026-09-18,65.0,7205.0,475.6,0.1747,76.05,0.1779
2026-07-15,7575.51,2026-09-18,65.0,7210.0,471.6,0.1744,76.8,0.1774
2026-07-15,7575.51,2026-09-18,65.0,7215.0,467.25,0.1738,77.55,0.1769
2026-07-15,7575.51,2026-09-18,65.0,7220.0,463.2,0.1735,78.25,0.1763
2026-07-15,7575.51,2026-09-18,65.0,7225.0,458.85,0.1729,79.1,0.1759
2026-07-15,7575.51,2026-09-18,65.0,7230.0,454.7,0.1724,79.6,0.1751
2026-07-15,7575.51,2026-09-18,65.0,7235.0,450.6,0.172,80.65,0.1748
2026-07-15,7575.51,2026-09-18,65.0,7240.0,446.5,0.1716,81.45,0.1743
2026-07-15,7575.51,2026-09-18,65.0,7245.0,442.1,0.1709,82.0,0.1735
2026-07-15,7575.51,2026-09-30,77.0,5700.0,1909.6,0.2833,11.75,0.3359
2026-07-15,7575.51,2026-09-30,77.0,5725.0,1884.95,0.281,12.05,0.333
2026-07-15,7575.51,2026-09-30,77.0,5750.0,1861.35,0.2878,12.35,0.33
2026-07-15,7575.51,2026-09-30,77.0,5775.0,1835.65,0.2763,12.65,0.3271
2026-07-15,7575.51,2026-09-30,77.0,5780.0,1832.05,0.2867,12.75,0.3267
2026-07-15,7575.51,2026-09-30,77.0,5790.0,1821.65,0.2815,12.85,0.3254
2026-07-15,7575.51,2026-09-30,77.0,5800.0,1811.85,0.2809,12.95,0.3241
2026-07-15,7575.51,2026-09-30,77.0,5805.0,1806.15,0.2741,13.05,0.3236
2026-07-15,7575.51,2026-09-30,77.0,5810.0,1801.05,0.2721,13.15,0.3232
2026-07-15,7575.51,2026-09-30,77.0,5815.0,1797.9,0.2854,13.15,0.3223
2026-07-15,7575.51,2026-09-30,77.0,5820.0,1792.15,0.2789,13.25,0.3219
2026-07-15,7575.51,2026-09-30,77.0,5825.0,1788.15,0.285,13.35,0.3215
2026-07-15,7575.51,2026-09-30,77.0,5830.0,1782.85,0.2819,13.4,0.3208
2026-07-15,7575.51,2026-09-30,77.0,5835.0,1777.65,0.2794,13.45,0.3202
2026-07-15,7575.51,2026-09-30,77.0,5840.0,1772.45,0.2769,13.55,0.3197
2026-07-15,7575.51,2026-09-30,77.0,5845.0,1767.3,0.2747,13.65,0.3193
2026-07-15,7575.51,2026-09-30,77.0,5850.0,1763.55,0.2824,13.65,0.3184
2026-07-15,7575.51,2026-09-30,77.0,5855.0,1757.85,0.2766,13.75,0.3179
2026-07-15,7575.51,2026-09-30,77.0,5860.0,1752.6,0.2737,13.85,0.3175
2026-07-15,7575.51,2026-09-30,77.0,5865.0,1747.95,0.2752,13.95,0.317
2026-07-15,7575.51,2026-09-30,77.0,5870.0,1743.65,0.2789,13.95,0.3162
2026-07-15,7575.51,2026-09-30,77.0,5875.0,1739.3,0.282,14.05,0.3157
2026-07-15,7575.51,2026-09-30,77.0,5880.0,1733.55,0.2761,14.15,0.3152
2026-07-15,7575.51,2026-09-30,77.0,5885.0,1728.55,0.2751,14.2,0.3146
2026-07-15,7575.51,2026-09-30,77.0,5890.0,1724.15,0.2779,14.25,0.3139
2026-07-15,7575.51,2026-09-30,77.0,5895.0,1718.95,0.2756,14.35,0.3134
2026-07-15,7575.51,2026-09-30,77.0,5900.0,1715.0,0.281,14.45,0.3129
2026-07-15,7575.51,2026-09-30,77.0,5905.0,1708.75,0.2722,14.55,0.3125
2026-07-15,7575.51,2026-09-30,77.0,5910.0,1704.5,0.276,14.6,0.3118
2026-07-15,7575.51,2026-09-30,77.0,5915.0,1699.65,0.2759,14.65,0.3111
2026-07-15,7575.51,2026-09-30,77.0,5920.0,1694.65,0.2748,14.75,0.3106
2026-07-15,7575.51,2026-09-30,77.0,5925.0,1689.75,0.2744,14.85,0.3102
2026-07-15,7575.51,2026-09-30,77.0,5930.0,1685.15,0.2757,14.95,0.3097
2026-07-15,7575.51,2026-09-30,77.0,5935.0,1680.15,0.2747,15.0,0.309
2026-07-15,7575.51,2026-09-30,77.0,5940.0,1674.85,0.2719,15.05,0.3083
2026-07-15,7575.51,2026-09-30,77.0,5945.0,1669.6,0.2694,15.15,0.3078
2026-07-15,7575.51,2026-09-30,77.0,5950.0,1665.15,0.2716,15.25,0.3073
2026-07-15,7575.51,2026-09-30,77.0,5955.0,1660.45,0.2724,15.35,0.3068
2026-07-15,7575.51,2026-09-30,77.0,5960.0,1655.0,0.2687,15.4,0.3061
2026-07-15,7575.51,2026-09-30,77.0,5965.0,1650.55,0.2709,15.5,0.3056
2026-07-15,7575.51,2026-09-30,77.0,5970.0,1645.9,0.2718,15.55,0.3049
2026-07-15,7575.51,2026-09-30,77.0,5975.0,1641.7,0.2751,15.65,0.3044
2026-07-15,7575.51,2026-09-30,77.0,5980.0,1636.2,0.2714,15.75,0.3039
2026-07-15,7575.51,2026-09-30,77.0,5985.0,1631.05,0.2696,15.85,0.3034
2026-07-15,7575.51,2026-09-30,77.0,5990.0,1626.55,0.2713,15.95,0.3029
2026-07-15,7575.51,2026-09-30,77.0,5995.0,1620.85,0.2665,16.0,0.3022
2026-07-15,7575.51,2026-09-30,77.0,6000.0,1617.2,0.2726,16.1,0.3017
2026-07-15,7575.51,2026-09-30,77.0,6005.0,1611.55,0.2683,16.2,0.3012
2026-07-15,7575.51,2026-09-30,77.0,6010.0,1607.0,0.2696,16.3,0.3006
2026-07-15,7575.51,2026-09-30,77.0,6015.0,1602.05,0.2689,16.35,0.2999
2026-07-15,7575.51,2026-09-30,77.0,6020.0,1596.7,0.266,16.45,0.2994
2026-07-15,7575.51,2026-09-30,77.0,6025.0,1593.25,0.2727,16.55,0.2989
2026-07-15,7575.51,2026-09-30,77.0,6030.0,1587.65,0.2688,16.65,0.2984
2026-07-15,7575.51,2026-09-30,77.0,6035.0,1582.2,0.2656,16.75,0.2978
2026-07-15,7575.51,2026-09-30,77.0,6040.0,1577.65,0.2668,16.85,0.2973
2026-07-15,7575.51,2026-09-30,77.0,6045.0,1573.6,0.2704,16.95,0.2968
2026-07-15,7575.51,2026-09-30,77.0,6050.0,1568.2,0.2675,17.05,0.2962
2026-07-15,7575.51,2026-09-30,77.0,6055.0,1563.15,0.2663,17.15,0.2957
2026-07-15,7575.51,2026-09-30,77.0,6060.0,1558.55,0.2671,17.25,0.2951
2026-07-15,7575.51,2026-09-30,77.0,6065.0,1552.95,0.2633,17.35,0.2946
2026-07-15,7575.51,2026-09-30,77.0,6070.0,1548.8,0.2663,17.45,0.294
2026-07-15,7575.51,2026-09-30,77.0,6075.0,1543.8,0.2653,17.55,0.2935
2026-07-15,7575.51,2026-09-30,77.0,6080.0,1538.8,0.2643,17.65,0.2929
2026-07-15,7575.51,2026-09-30,77.0,6085.0,1533.85,0.2636,17.75,0.2924
2026-07-15,7575.51,2026-09-30,77.0,6090.0,1529.1,0.2637,17.85,0.2918
2026-07-15,7575.51,2026-09-30,77.0,6095.0,1523.65,0.2607,17.95,0.2913
2026-07-15,7575.51,2026-09-30,77.0,6100.0,1519.4,0.263,18.05,0.2907
2026-07-15,7575.51,2026-09-30,77.0,6110.0,1510.4,0.2654,18.25,0.2896
2026-07-15,7575.51,2026-09-30,77.0,6120.0,1500.35,0.2632,18.45,0.2884
2026-07-15,7575.51,2026-09-30,77.0,6125.0,1496.0,0.2649,18.55,0.2879
2026-07-15,7575.51,2026-09-30,77.0,6130.0,1490.6,0.2622,18.65,0.2873
2026-07-15,7575.51,2026-09-30,77.0,6140.0,1480.55,0.2601,18.9,0.2863
2026-07-15,7575.51,2026-09-30,77.0,6150.0,1471.3,0.2611,19.1,0.2852
2026-07-15,7575.51,2026-09-30,77.0,6160.0,1461.45,0.2598,19.35,0.2841
2026-07-15,7575.51,2026-09-30,77.0,6170.0,1451.65,0.2586,19.6,0.2831
2026-07-15,7575.51,2026-09-30,77.0,6175.0,1446.8,0.2582,19.7,0.2825
2026-07-15,7575.51,2026-09-30,77.0,6180.0,1442.2,0.2587,19.8,0.2819
2026-07-15,7575.51,2026-09-30,77.0,6190.0,1431.8,0.2552,20.05,0.2809
2026-07-15,7575.51,2026-09-30,77.0,6200.0,1422.65,0.2565,20.3,0.2798
2026-07-15,7575.51,2026-09-30,77.0,6210.0,1413.05,0.256,20.55,0.2788
2026-07-15,7575.51,2026-09-30,77.0,6220.0,1402.65,0.2526,20.8,0.2777
2026-07-15,7575.51,2026-09-30,77.0,6225.0,1398.5,0.2547,20.9,0.2771
2026-07-15,7575.51,2026-09-30,77.0,6230.0,1393.85,0.255,21.05,0.2766
2026-07-15,7575.51,2026-09-30,77.0,6240.0,1384.65,0.2558,21.3,0.2755
2026-07-15,7575.51,2026-09-30,77.0,6250.0,1373.8,0.2509,21.6,0.2745
2026-07-15,7575.51,2026-09-30,77.0,6260.0,1364.65,0.2519,21.85,0.2734
2026-07-15,7575.51,2026-09-30,77.0,6270.0,1354.65,0.2499,22.1,0.2723
2026-07-15,7575.51,2026-09-30,77.0,6275.0,1349.85,0.2496,22.25,0.2718
2026-07-15,7575.51,2026-09-30,77.0,6280.0,1345.7,0.2514,22.4,0.2713
2026-07-15,7575.51,2026-09-30,77.0,6290.0,1335.25,0.248,22.7,0.2703
2026-07-15,7575.51,2026-09-30,77.0,6300.0,1326.05,0.2487,23.0,0.2692
2026-07-15,7575.51,2026-09-30,77.0,6305.0,1321.45,0.249,23.1,0.2686
2026-07-15,7575.51,2026-09-30,77.0,6310.0,1317.1,0.25,23.25,0.2681
2026-07-15,7575.51,2026-09-30,77.0,6315.0,1311.15,0.2461,23.4,0.2676
2026-07-15,7575.51,2026-09-30,77.0,6320.0,1306.85,0.2473,23.55,0.267
2026-07-15,7575.51,2026-09-30,77.0,6325.0,1302.2,0.2474,23.7,0.2665
2026-07-15,7575.51,2026-09-30,77.0,6330.0,1296.75,0.245,23.85,0.266
2026-07-15,7575.51,2026-09-30,77.0,6335.0,1293.4,0.249,24.0,0.2654
2026-07-15,7575.51,2026-09-30,77.0,6340.0,1288.6,0.2486,24.2,0.265
2026-07-15,7575.51,2026-09-30,77.0,6345.0,1282.9,0.2456,24.3,0.2644
2026-07-15,7575.51,2026-09-30,77.0,6350.0,1278.6,0.2466,24.5,0.2639
2026-07-15,7575.51,2026-09-30,77.0,6355.0,1272.75,0.2432,24.65,0.2634
2026-07-15,7575.51,2026-09-30,77.0,6360.0,1269.05,0.246,24.8,0.2629
2026-07-15,7575.51,2026-09-30,77.0,6365.0,1263.2,0.2426,24.95,0.2623
2026-07-15,7575.51,2026-09-30,77.0,6370.0,1258.25,0.2417,25.1,0.2618
2026-07-15,7575.51,2026-09-30,77.0,6375.0,1254.0,0.2429,25.3,0.2613
2026-07-15,7575.51,2026-09-30,77.0,6380.0,1248.7,0.2411,25.5,0.2609
2026-07-15,7575.51,2026-09-30,77.0,6385.0,1244.05,0.2411,25.6,0.2602
2026-07-15,7575.51,2026-09-30,77.0,6390.0,1239.9,0.2425,25.8,0.2598
2026-07-15,7575.51,2026-09-30,77.0,6395.0,1235.05,0.2419,26.0,0.2593
2026-07-15,7575.51,2026-09-30,77.0,6400.0,1230.25,0.2415,26.1,0.2586
2026-07-15,7575.51,2026-09-30,77.0,6405.0,1225.4,0.2409,26.3,0.2582
2026-07-15,7575.51,2026-09-30,77.0,6410.0,1220.45,0.2401,26.5,0.2577
2026-07-15,7575.51,2026-09-30,77.0,6415.0,1216.25,0.2413,26.7,0.2572
2026-07-15,7575.51,2026-09-30,77.0,6420.0,1210.75,0.239,26.8,0.2565
2026-07-15,7575.51,2026-09-30,77.0,6425.0,1205.75,0.238,27.0,0.2561
2026-07-15,7575.51,2026-09-30,77.0,6430.0,1201.35,0.2386,27.2,0.2556
2026-07-15,7575.51,2026-09-30,77.0,6435.0,1197.25,0.2399,27.4,0.2551
2026-07-15,7575.51,2026-09-30,77.0,6440.0,1192.65,0.24,27.6,0.2546
2026-07-15,7575.51,2026-09-30,77.0,6445.0,1186.95,0.2372,27.8,0.2542
2026-07-15,7575.51,2026-09-30,77.0,6450.0,1182.3,0.2371,27.9,0.2535
2026-07-15,7575.51,2026-09-30,77.0,6455.0,1177.45,0.2365,28.1,0.253
2026-07-15,7575.51,2026-09-30,77.0,6460.0,1173.65,0.2385,28.3,0.2525
2026-07-15,7575.51,2026-09-30,77.0,6465.0,1169.2,0.2389,28.5,0.252
2026-07-15,7575.51,2026-09-30,77.0,6470.0,1164.05,0.2375,28.7,0.2515
2026-07-15,7575.51,2026-09-30,77.0,6475.0,1158.8,0.236,28.9,0.251
2026-07-15,7575.51,2026-09-30,77.0,6480.0,1154.3,0.2362,29.1,0.2505
2026-07-15,7575.51,2026-09-30,77.0,6485.0,1148.85,0.2341,29.3,0.2499
2026-07-15,7575.51,2026-09-30,77.0,6490.0,1144.75,0.2353,29.5,0.2494
2026-07-15,7575.51,2026-09-30,77.0,6495.0,1139.2,0.233,29.7,0.2489
2026-07-15,7575.51,2026-09-30,77.0,6500.0,1135.3,0.2346,29.9,0.2484
2026-07-15,7575.51,2026-09-30,77.0,6505.0,1128.9,0.2303,30.1,0.2479
2026-07-15,7575.51,2026-09-30,77.0,6510.0,1125.45,0.233,30.3,0.2473
2026-07-15,7575.51,2026-09-30,77.0,6515.0,1120.75,0.2327,30.5,0.2468
2026-07-15,7575.51,2026-09-30,77.0,6520.0,1116.0,0.2323,30.75,0.2464
2026-07-15,7575.51,2026-09-30,77.0,6525.0,1111.1,0.2315,30.95,0.2458
2026-07-15,7575.51,2026-09-30,77.0,6530.0,1106.8,0.2321,31.15,0.2453
2026-07-15,7575.51,2026-09-30,77.0,6535.0,1101.85,0.2312,31.4,0.2449
2026-07-15,7575.51,2026-09-30,77.0,6540.0,1097.0,0.2306,31.6,0.2443
2026-07-15,7575.51,2026-09-30,77.0,6545.0,1092.7,0.2311,31.8,0.2438
2026-07-15,7575.51,2026-09-30,77.0,6550.0,1087.95,0.2307,32.05,0.2433
2026-07-15,7575.51,2026-09-30,77.0,6555.0,1082.35,0.2284,32.3,0.2428
2026-07-15,7575.51,2026-09-30,77.0,6560.0,1078.3,0.2294,32.5,0.2423
2026-07-15,7575.51,2026-09-30,77.0,6565.0,1072.7,0.2272,32.7,0.2417
2026-07-15,7575.51,2026-09-30,77.0,6570.0,1069.0,0.2289,33.0,0.2413
2026-07-15,7575.51,2026-09-30,77.0,6575.0,1063.15,0.2262,33.2,0.2408
2026-07-15,7575.51,2026-09-30,77.0,6580.0,1059.35,0.2277,33.4,0.2402
2026-07-15,7575.51,2026-09-30,77.0,6585.0,1054.2,0.2264,33.7,0.2398
2026-07-15,7575.51,2026-09-30,77.0,6590.0,1048.95,0.2249,33.9,0.2392
2026-07-15,7575.51,2026-09-30,77.0,6595.0,1046.05,0.2282,34.15,0.2387
2026-07-15,7575.51,2026-09-30,77.0,6600.0,1040.8,0.2267,34.4,0.2382
2026-07-15,7575.51,2026-09-30,77.0,6605.0,1035.05,0.2242,34.6,0.2377
2026-07-15,7575.51,2026-09-30,77.0,6610.0,1031.15,0.2254,34.9,0.2372
2026-07-15,7575.51,2026-09-30,77.0,6615.0,1024.95,0.222,35.1,0.2367
2026-07-15,7575.51,2026-09-30,77.0,6620.0,1021.85,0.2248,35.4,0.2362
2026-07-15,7575.51,2026-09-30,77.0,6625.0,1015.95,0.222,35.65,0.2357
2026-07-15,7575.51,2026-09-30,77.0,6630.0,1013.4,0.2258,35.9,0.2352
2026-07-15,7575.51,2026-09-30,77.0,6635.0,1006.3,0.2207,36.2,0.2348
2026-07-15,7575.51,2026-09-30,77.0,6640.0,1002.15,0.2214,36.4,0.2342
2026-07-15,7575.51,2026-09-30,77.0,6645.0,997.65,0.2213,36.7,0.2337
2026-07-15,7575.51,2026-09-30,77.0,6650.0,993.2,0.2214,36.95,0.2332
2026-07-15,7575.51,2026-09-30,77.0,6655.0,988.25,0.2205,37.2,0.2326
2026-07-15,7575.51,2026-09-30,77.0,6660.0,984.05,0.221,37.5,0.2322
2026-07-15,7575.51,2026-09-30,77.0,6665.0,978.85,0.2196,37.8,0.2317
2026-07-15,7575.51,2026-09-30,77.0,6670.0,974.7,0.2202,38.05,0.2312
2026-07-15,7575.51,2026-09-30,77.0,6675.0,969.5,0.2188,38.3,0.2306
2026-07-15,7575.51,2026-09-30,77.0,6680.0,965.2,0.2191,38.6,0.2302
2026-07-15,7575.51,2026-09-30,77.0,6685.0,960.6,0.2188,38.9,0.2297
2026-07-15,7575.51,2026-09-30,77.0,6690.0,955.95,0.2184,39.2,0.2292
2026-07-15,7575.51,2026-09-30,77.0,6695.0,951.3,0.218,39.5,0.2287
2026-07-15,7575.51,2026-09-30,77.0,6700.0,946.7,0.2177,39.75,0.2282
2026-07-15,7575.51,2026-09-30,77.0,6705.0,941.9,0.217,40.05,0.2277
2026-07-15,7575.51,2026-09-30,77.0,6710.0,936.8,0.2158,40.35,0.2272
2026-07-15,7575.51,2026-09-30,77.0,6715.0,932.65,0.2163,40.65,0.2267
2026-07-15,7575.51,2026-09-30,77.0,6720.0,928.0,0.2159,40.95,0.2262
2026-07-15,7575.51,2026-09-30,77.0,6725.0,922.85,0.2146,41.25,0.2256
2026-07-15,7575.51,2026-09-30,77.0,6730.0,918.75,0.2151,41.6,0.2252
2026-07-15,7575.51,2026-09-30,77.0,6735.0,914.05,0.2146,41.85,0.2246
2026-07-15,7575.51,2026-09-30,77.0,6740.0,909.45,0.2143,42.2,0.2242
2026-07-15,7575.51,2026-09-30,77.0,6745.0,904.75,0.2138,42.5,0.2236
2026-07-15,7575.51,2026-09-30,77.0,6750.0,899.65,0.2126,42.85,0.2232
2026-07-15,7575.51,2026-09-30,77.0,6755.0,895.5,0.2129,43.15,0.2227
2026-07-15,7575.51,2026-09-30,77.0,6760.0,890.85,0.2125,43.45,0.2221
2026-07-15,7575.51,2026-09-30,77.0,6765.0,886.25,0.2121,43.8,0.2217
2026-07-15,7575.51,2026-09-30,77.0,6770.0,881.65,0.2117,44.15,0.2212
2026-07-15,7575.51,2026-09-30,77.0,6775.0,876.95,0.2112,44.45,0.2206
2026-07-15,7575.51,2026-09-30,77.0,6780.0,872.4,0.2109,44.8,0.2201
2026-07-15,7575.51,2026-09-30,77.0,6785.0,867.8,0.2105,45.15,0.2197
2026-07-15,7575.51,2026-09-30,77.0,6790.0,862.65,0.2092,45.5,0.2192
2026-07-15,7575.51,2026-09-30,77.0,6795.0,858.05,0.2088,45.85,0.2187
2026-07-15,7575.51,2026-09-30,77.0,6800.0,854.5,0.21,46.2,0.2182
2026-07-15,7575.51,2026-09-30,77.0,6805.0,849.4,0.2088,46.55,0.2177
2026-07-15,7575.51,2026-09-30,77.0,6810.0,844.5,0.2079,46.9,0.2172
2026-07-15,7575.51,2026-09-30,77.0,6815.0,839.9,0.2075,47.3,0.2167
2026-07-15,7575.51,2026-09-30,77.0,6820.0,835.1,0.2068,47.6,0.2161
2026-07-15,7575.51,2026-09-30,77.0,6825.0,830.5,0.2063,48.0,0.2157
2026-07-15,7575.51,2026-09-30,77.0,6830.0,826.15,0.2062,48.4,0.2152
2026-07-15,7575.51,2026-09-30,77.0,6835.0,821.8,0.2062,48.75,0.2147
2026-07-15,7575.51,2026-09-30,77.0,6840.0,817.25,0.2058,49.1,0.2142
2026-07-15,7575.51,2026-09-30,77.0,6845.0,812.6,0.2052,49.5,0.2137
2026-07-15,7575.51,2026-09-30,77.0,6850.0,808.15,0.205,49.9,0.2132
2026-07-15,7575.51,2026-09-30,77.0,6855.0,803.55,0.2045,50.3,0.2127
2026-07-15,7575.51,2026-09-30,77.0,6860.0,798.9,0.2039,50.7,0.2122
2026-07-15,7575.51,2026-09-30,77.0,6865.0,794.45,0.2037,51.05,0.2117
2026-07-15,7575.51,2026-09-30,77.0,6870.0,789.85,0.2032,51.45,0.2112
2026-07-15,7575.51,2026-09-30,77.0,6875.0,785.25,0.2027,51.85,0.2107
2026-07-15,7575.51,2026-09-30,77.0,6880.0,780.7,0.2023,52.3,0.2102
2026-07-15,7575.51,2026-09-30,77.0,6885.0,776.2,0.2019,52.7,0.2097
2026-07-15,7575.51,2026-09-30,77.0,6890.0,771.65,0.2014,53.1,0.2092
2026-07-15,7575.51,2026-09-30,77.0,6895.0,766.95,0.2008,53.5,0.2087
2026-07-15,7575.51,2026-09-30,77.0,6900.0,762.4,0.2003,53.9,0.2082
2026-07-15,7575.51,2026-09-30,77.0,6905.0,757.75,0.1997,54.35,0.2077
2026-07-15,7575.51,2026-09-30,77.0,6910.0,753.4,0.1995,54.75,0.2072
2026-07-15,7575.51,2026-09-30,77.0,6915.0,748.9,0.1991,55.25,0.2067
2026-07-15,7575.51,2026-09-30,77.0,6920.0,744.4,0.1987,55.65,0.2062
2026-07-15,7575.51,2026-09-30,77.0,6925.0,739.75,0.1981,56.05,0.2057
2026-07-15,7575.51,2026-09-30,77.0,6930.0,735.45,0.1979,56.5,0.2052
2026-07-15,7575.51,2026-09-30,77.0,6935.0,730.95,0.1975,57.0,0.2047
2026-07-15,7575.51,2026-09-30,77.0,6940.0,726.45,0.1971,57.45,0.2042
2026-07-15,7575.51,2026-09-30,77.0,6945.0,722.0,0.1967,57.95,0.2038
2026-07-15,7575.51,2026-09-30,77.0,6950.0,717.45,0.1962,58.35,0.2032
2026-07-15,7575.51,2026-09-30,77.0,6955.0,712.95,0.1957,58.85,0.2027
2026-07-15,7575.51,2026-09-30,77.0,6960.0,708.5,0.1953,59.35,0.2023
2026-07-15,7575.51,2026-09-30,77.0,6965.0,704.05,0.1949,59.8,0.2017
2026-07-15,7575.51,2026-09-30,77.0,6970.0,699.55,0.1945,60.25,0.2012
2026-07-15,7575.51,2026-09-30,77.0,6975.0,694.85,0.1937,60.75,0.2007
2026-07-15,7575.51,2026-09-30,77.0,6980.0,690.5,0.1934,61.25,0.2002
2026-07-15,7575.51,2026-09-30,77.0,6985.0,686.2,0.1932,61.75,0.1997
2026-07-15,7575.51,2026-09-30,77.0,6990.0,681.75,0.1928,62.25,0.1992
2026-07-15,7575.51,2026-09-30,77.0,6995.0,677.35,0.1924,62.75,0.1987
2026-07-15,7575.51,2026-09-30,77.0,7000.0,672.95,0.192,63.25,0.1982
2026-07-15,7575.51,2026-09-30,77.0,7005.0,668.35,0.1914,63.75,0.1977
2026-07-15,7575.51,2026-09-30,77.0,7010.0,664.05,0.1911,64.35,0.1973
2026-07-15,7575.51,2026-09-30,77.0,7015.0,659.55,0.1906,64.85,0.1968
2026-07-15,7575.51,2026-09-30,77.0,7020.0,655.15,0.1901,65.35,0.1962
2026-07-15,7575.51,2026-09-30,77.0,7025.0,651.35,0.1904,65.95,0.1958
2026-07-15,7575.51,2026-09-30,77.0,7030.0,646.05,0.1889,66.45,0.1953
2026-07-15,7575.51,2026-09-30,77.0,7035.0,642.35,0.1893,67.05,0.1948
2026-07-15,7575.51,2026-09-30,77.0,7040.0,637.9,0.1888,67.55,0.1943
2026-07-15,7575.51,2026-09-30,77.0,7045.0,633.6,0.1885,68.15,0.1938
2026-07-15,7575.51,2026-09-30,77.0,7050.0,629.4,0.1882,68.75,0.1934
2026-07-15,7575.51,2026-09-30,77.0,7055.0,624.7,0.1874,69.25,0.1928
2026-07-15,7575.51,2026-09-30,77.0,7060.0,620.3,0.187,69.85,0.1923
2026-07-15,7575.51,2026-09-30,77.0,7065.0,616.25,0.1869,70.45,0.1918
2026-07-15,7575.51,2026-09-30,77.0,7070.0,611.6,0.1861,71.05,0.1914
2026-07-15,7575.51,2026-09-30,77.0,7075.0,607.25,0.1857,71.65,0.1909
2026-07-15,7575.51,2026-09-30,77.0,7080.0,603.15,0.1855,72.25,0.1904
2026-07-15,7575.51,2026-09-30,77.0,7085.0,598.55,0.1848,72.85,0.1899
2026-07-15,7575.51,2026-09-30,77.0,7090.0,594.5,0.1847,73.45,0.1894
2026-07-15,7575.51,2026-09-30,77.0,7095.0,590.15,0.1842,74.05,0.1888
2026-07-15,7575.51,2026-09-30,77.0,7100.0,585.9,0.1838,74.7,0.1884
2026-07-15,7575.51,2026-09-30,77.0,7105.0,581.6,0.1834,75.3,0.1878
2026-07-15,7575.51,2026-09-30,77.0,7110.0,577.2,0.1829,75.95,0.1874
2026-07-15,7575.51,2026-09-30,77.0,7115.0,572.9,0.1824,76.5,0.1868
2026-07-15,7575.51,2026-09-30,77.0,7120.0,568.6,0.182,77.25,0.1864
2026-07-15,7575.51,2026-09-30,77.0,7125.0,564.3,0.1816,77.95,0.1859
2026-07-15,7575.51,2026-09-30,77.0,7130.0,559.75,0.1808,78.55,0.1854
2026-07-15,7575.51,2026-09-30,77.0,7135.0,555.8,0.1807,79.25,0.1849
2026-07-15,7575.51,2026-09-30,77.0,7140.0,551.45,0.1802,79.95,0.1844
2026-07-15,7575.51,2026-09-30,77.0,7145.0,547.2,0.1798,80.65,0.1839
2026-07-15,7575.51,2026-09-30,77.0,7150.0,543.05,0.1794,81.3,0.1834
2026-07-15,7575.51,2026-09-30,77.0,7155.0,538.7,0.1789,82.05,0.1829
2026-07-15,7575.51,2026-09-30,77.0,7160.0,534.45,0.1784,82.75,0.1824
2026-07-15,7575.51,2026-09-30,77.0,7165.0,530.25,0.178,83.45,0.1819
2026-07-15,7575.51,2026-09-30,77.0,7170.0,526.1,0.1777,84.15,0.1814
2026-07-15,7575.51,2026-09-30,77.0,7175.0,521.5,0.1768,84.9,0.1809
2026-07-15,7575.51,2026-09-30,77.0,7180.0,517.3,0.1764,85.65,0.1805
2026-07-15,7575.51,2026-09-30,77.0,7185.0,513.35,0.1762,86.35,0.1799
2026-07-15,7575.51,2026-09-30,77.0,7190.0,509.15,0.1758,87.15,0.1795
2026-07-15,7575.51,2026-09-30,77.0,7195.0,504.75,0.1751,87.95,0.179
2026-07-15,7575.51,2026-09-30,77.0,7200.0,500.65,0.1747,88.7,0.1785
2026-07-15,7575.51,2026-09-30,77.0,7205.0,496.6,0.1744,89.5,0.178
2026-07-15,7575.51,2026-09-30,77.0,7210.0,492.45,0.174,90.25,0.1775
2026-07-15,7575.51,2026-09-30,77.0,7215.0,488.25,0.1735,91.1,0.177
2026-07-15,7575.51,2026-09-30,77.0,7220.0,484.15,0.1731,91.9,0.1765
2026-07-15,7575.51,2026-09-30,77.0,7225.0,479.9,0.1725,92.75,0.1761
2026-07-15,7575.51,2026-09-30,77.0,7230.0,475.9,0.1722,93.6,0.1756
2026-07-15,7575.51,2026-09-30,77.0,7235.0,471.75,0.1717,94.4,0.1751
2026-07-15,7575.51,2026-09-30,77.0,7240.0,467.45,0.1711,95.25,0.1746
2026-07-15,7575.51,2026-09-30,77.0,7245.0,463.55,0.1709,96.05,0.1741
2026-07-15,7575.51,2026-09-30,77.0,7250.0,459.45,0.1704,96.95,0.1736
2026-07-15,7575.51,2026-09-30,77.0,7255.0,455.45,0.17,97.85,0.1731
2026-07-15,7575.51,2026-09-30,77.0,7260.0,451.2,0.1694,98.7,0.1726
2026-07-15,7575.51,2026-09-30,77.0,7265.0,447.2,0.1691,99.55,0.1721
2026-07-15,7575.51,2026-09-30,77.0,7270.0,443.2,0.1687,100.5,0.1717
2026-07-15,7575.51,2026-09-30,77.0,7275.0,439.1,0.1682,101.45,0.1712
2026-07-15,7575.51,2026-09-30,77.0,7280.0,435.0,0.1677,102.4,0.1707
2026-07-15,7575.51,2026-09-30,77.0,7285.0,431.1,0.1673,103.3,0.1702
2026-07-15,7575.51,2026-09-30,77.0,7290.0,427.1,0.1669,104.25,0.1697
2026-07-15,7575.51,2026-09-30,77.0,7295.0,423.1,0.1665,105.15,0.1692
2026-07-15,7575.51,2026-09-30,77.0,7300.0,419.15,0.166,106.15,0.1688
2026-07-15,7575.51,2026-09-30,77.0,7305.0,415.15,0.1656,107.1,0.1683
2026-07-15,7575.51,2026-09-30,77.0,7310.0,411.0,0.165,108.1,0.1678
2026-07-15,7575.51,2026-09-30,77.0,7315.0,407.25,0.1647,109.1,0.1673
2026-07-15,7575.51,2026-09-30,77.0,7320.0,403.1,0.1641,110.1,0.1668
2026-07-15,7575.51,2026-09-30,77.0,7325.0,399.35,0.1638,111.15,0.1664
2026-07-15,7575.51,2026-09-30,77.0,7330.0,395.45,0.1634,112.15,0.1658
2026-07-15,7575.51,2026-09-30,77.0,7335.0,391.5,0.1629,113.2,0.1654
2026-07-15,7575.51,2026-09-30,77.0,7340.0,387.4,0.1623,114.3,0.1649
2026-07-15,7575.51,2026-09-30,77.0,7345.0,383.7,0.1621,115.35,0.1644
2026-07-15,7575.51,2026-09-30,77.0,7350.0,379.8,0.1616,116.5,0.164
2026-07-15,7575.51,2026-09-30,77.0,7355.0,375.9,0.1611,117.6,0.1635
2026-07-15,7575.51,2026-09-30,77.0,7360.0,372.0,0.1607,118.7,0.163
2026-07-15,7575.51,2026-09-30,77.0,7365.0,368.2,0.1603,119.75,0.1625
2026-07-15,7575.51,2026-09-30,77.0,7370.0,364.4,0.1598,120.9,0.162
2026-07-15,7575.51,2026-09-30,77.0,7375.0,360.6,0.1594,122.1,0.1616
2026-07-15,7575.51,2026-09-30,77.0,7380.0,356.8,0.159,123.2,0.1611
2026-07-15,7575.51,2026-09-30,77.0,7385.0,353.0,0.1585,124.35,0.1606
2026-07-15,7575.51,2026-09-30,77.0,7390.0,349.2,0.1581,125.55,0.1601
2026-07-15,7575.51,2026-09-30,77.0,7395.0,345.4,0.1576,126.75,0.1597
2026-07-15,7575.51,2026-09-30,77.0,7400.0,341.7,0.1572,128.0,0.1592
2026-07-15,7575.51,2026-09-30,77.0,7405.0,338.0,0.1568,129.15,0.1587
2026-07-15,7575.51,2026-09-30,77.0,7410.0,334.2,0.1563,130.4,0.1582
2026-07-15,7575.51,2026-09-30,77.0,7415.0,330.6,0.156,131.7,0.1578
2026-07-15,7575.51,2026-09-30,77.0,7420.0,326.8,0.1555,132.95,0.1573
2026-07-15,7575.51,2026-09-30,77.0,7425.0,323.2,0.1551,134.15,0.1567
2026-07-15,7575.51,2026-09-30,77.0,7430.0,319.6,0.1547,135.5,0.1563
2026-07-15,7575.51,2026-09-30,77.0,7435.0,315.8,0.1542,136.75,0.1558
2026-07-15,7575.51,2026-09-30,77.0,7440.0,312.2,0.1538,138.2,0.1554
2026-07-15,7575.51,2026-09-30,77.0,7445.0,308.6,0.1534,139.5,0.1549
2026-07-15,7575.51,2026-09-30,77.0,7450.0,305.0,0.1529,140.9,0.1545
2026-07-15,7575.51,2026-09-30,77.0,7455.0,301.4,0.1525,142.3,0.154
2026-07-15,7575.51,2026-09-30,77.0,7460.0,298.0,0.1522,143.6,0.1535
2026-07-15,7575.51,2026-09-30,77.0,7465.0,294.4,0.1518,145.1,0.1531
2026-07-15,7575.51,2026-09-30,77.0,7470.0,290.8,0.1513,146.45,0.1526
2026-07-15,7575.51,2026-09-30,77.0,7475.0,287.3,0.1509,147.9,0.1521
2026-07-15,7575.51,2026-09-30,77.0,7480.0,283.8,0.1505,149.35,0.1516
2026-07-15,7575.51,2026-09-30,77.0,7485.0,280.4,0.1501,150.8,0.1511
2026-07-15,7575.51,2026-09-30,77.0,7490.0,276.8,0.1496,152.3,0.1507
2026-07-15,7575.51,2026-09-30,77.0,7495.0,273.4,0.1492,153.8,0.1502
2026-07-15,7575.51,2026-09-30,77.0,7500.0,270.0,0.1488,155.35,0.1497
2026-07-15,7575.51,2026-09-30,77.0,7505.0,266.6,0.1484,156.9,0.1493
2026-07-15,7575.51,2026-09-30,77.0,7510.0,263.2,0.148,158.4,0.1488
2026-07-15,7575.51,2026-09-30,77.0,7515.0,259.8,0.1476,160.1,0.1484
2026-07-15,7575.51,2026-09-30,77.0,7520.0,256.4,0.1472,161.65,0.1479
2026-07-15,7575.51,2026-09-30,77.0,7525.0,253.2,0.1469,163.25,0.1474
2026-07-15,7575.51,2026-09-30,77.0,7530.0,249.75,0.1464,164.9,0.147
2026-07-15,7575.51,2026-09-30,77.0,7535.0,246.45,0.146,166.6,0.1465
2026-07-15,7575.51,2026-09-30,77.0,7540.0,243.15,0.1455,168.2,0.146
2026-07-15,7575.51,2026-09-30,77.0,7545.0,240.0,0.1452,169.95,0.1456
2026-07-15,7575.51,2026-09-30,77.0,7550.0,236.6,0.1447,171.6,0.1451
2026-07-15,7575.51,2026-09-30,77.0,7555.0,233.4,0.1443,173.35,0.1446
2026-07-15,7575.51,2026-09-30,77.0,7560.0,230.2,0.1439,175.0,0.1441
2026-07-15,7575.51,2026-09-30,77.0,7565.0,227.0,0.1435,176.9,0.1437
2026-07-15,7575.51,2026-09-30,77.0,7570.0,223.9,0.1432,178.7,0.1433
2026-07-15,7575.51,2026-09-30,77.0,7575.0,220.7,0.1428,180.5,0.1428
2026-07-15,7575.51,2026-09-30,77.0,7580.0,217.6,0.1424,182.3,0.1423
2026-07-15,7575.51,2026-09-30,77.0,7585.0,214.55,0.142,184.15,0.1419
2026-07-15,7575.51,2026-09-30,77.0,7590.0,211.55,0.1417,186.1,0.1414
2026-07-15,7575.51,2026-09-30,77.0,7595.0,208.35,0.1412,187.95,0.141
2026-07-15,7575.51,2026-09-30,77.0,7600.0,205.3,0.1408,189.8,0.1404
2026-07-15,7575.51,2026-09-30,77.0,7605.0,202.3,0.1405,191.75,0.14
2026-07-15,7575.51,2026-09-30,77.0,7610.0,199.3,0.1401,193.75,0.1396
2026-07-15,7575.51,2026-09-30,77.0,7615.0,196.3,0.1397,195.7,0.1391
2026-07-15,7575.51,2026-09-30,77.0,7620.0,193.35,0.1393,197.7,0.1386
2026-07-15,7575.51,2026-09-30,77.0,7625.0,190.5,0.139,199.75,0.1382
2026-07-15,7575.51,2026-09-30,77.0,7630.0,187.6,0.1386,201.8,0.1377
2026-07-15,7575.51,2026-09-30,77.0,7635.0,184.6,0.1382,203.9,0.1373
2026-07-15,7575.51,2026-09-30,77.0,7640.0,181.8,0.1378,205.9,0.1367
2026-07-15,7575.51,2026-09-30,77.0,7645.0,178.95,0.1375,208.0,0.1363
2026-07-15,7575.51,2026-09-30,77.0,7650.0,176.2,0.1371,210.2,0.1358
2026-07-15,7575.51,2026-09-30,77.0,7655.0,173.4,0.1368,212.45,0.1354
2026-07-15,7575.51,2026-09-30,77.0,7660.0,170.6,0.1364,214.55,0.1349
2026-07-15,7575.51,2026-09-30,77.0,7665.0,167.8,0.136,216.75,0.1344
2026-07-15,7575.51,2026-09-30,77.0,7670.0,165.15,0.1357,219.0,0.134
2026-07-15,7575.51,2026-09-30,77.0,7675.0,162.5,0.1354,221.2,0.1335
2026-07-15,7575.51,2026-09-30,77.0,7680.0,159.8,0.135,223.55,0.1331
2026-07-15,7575.51,2026-09-30,77.0,7685.0,157.2,0.1347,225.9,0.1326
2026-07-15,7575.51,2026-09-30,77.0,7690.0,154.5,0.1343,228.2,0.1321
2026-07-15,7575.51,2026-09-30,77.0,7695.0,151.9,0.1339,230.55,0.1317
2026-07-15,7575.51,2026-09-30,77.0,7700.0,149.4,0.1336,232.95,0.1312
2026-07-15,7575.51,2026-09-30,77.0,7705.0,146.8,0.1332,235.4,0.1308
2026-07-15,7575.51,2026-09-30,77.0,7710.0,144.2,0.1329,237.8,0.1303
2026-07-15,7575.51,2026-09-30,77.0,7715.0,141.8,0.1326,240.3,0.1298
2026-07-15,7575.51,2026-09-30,77.0,7720.0,139.3,0.1322,242.8,0.1294
2026-07-15,7575.51,2026-09-30,77.0,7725.0,136.9,0.1319,245.3,0.1289
2026-07-15,7575.51,2026-09-30,77.0,7730.0,134.4,0.1315,247.8,0.1284
2026-07-15,7575.51,2026-09-30,77.0,7735.0,132.0,0.1312,250.4,0.1279
2026-07-15,7575.51,2026-09-30,77.0,7740.0,129.55,0.1308,253.0,0.1274
2026-07-15,7575.51,2026-09-30,77.0,7745.0,127.3,0.1306,255.6,0.1269
2026-07-15,7575.51,2026-09-30,77.0,7750.0,125.0,0.1303,258.2,0.1264
2026-07-15,7575.51,2026-09-30,77.0,7755.0,122.7,0.1299,260.8,0.1258
2026-07-15,7575.51,2026-09-30,77.0,7760.0,120.5,0.1297,263.6,0.1254
2026-07-15,7575.51,2026-09-30,77.0,7765.0,118.2,0.1293,266.3,0.1249
2026-07-15,7575.51,2026-09-30,77.0,7770.0,116.0,0.129,269.0,0.1243
2026-07-15,7575.51,2026-09-30,77.0,7775.0,113.8,0.1287,271.8,0.1238
2026-07-15,7575.51,2026-09-30,77.0,7780.0,111.6,0.1283,274.6,0.1233
2026-07-15,7575.51,2026-09-30,77.0,7785.0,109.6,0.1281,277.4,0.1228
2026-07-15,7575.51,2026-09-30,77.0,7790.0,107.4,0.1278,280.3,0.1223
2026-07-15,7575.51,2026-09-30,77.0,7795.0,105.45,0.1276,283.2,0.1218
2026-07-15,7575.51,2026-09-30,77.0,7800.0,103.3,0.1272,286.0,0.1212
2026-07-15,7575.51,2026-09-30,77.0,7805.0,101.3,0.1269,289.0,0.1207
2026-07-15,7575.51,2026-09-30,77.0,7810.0,99.3,0.1266,292.0,0.1202
2026-07-15,7575.51,2026-09-30,77.0,7815.0,97.3,0.1263,295.0,0.1196
2026-07-15,7575.51,2026-09-30,77.0,7820.0,95.3,0.126,298.0,0.119
2026-07-15,7575.51,2026-09-30,77.0,7825.0,93.5,0.1258,301.0,0.1183
2026-07-15,7575.51,2026-09-30,77.0,7830.0,91.5,0.1255,304.1,0.1177
2026-07-15,7575.51,2026-09-30,77.0,7835.0,89.7,0.1252,307.2,0.1171
2026-07-15,7575.51,2026-09-30,77.0,7840.0,87.75,0.1249,310.3,0.1164
2026-07-15,7575.51,2026-09-30,77.0,7845.0,86.1,0.1247,313.4,0.1157
2026-07-15,7575.51,2026-09-30,77.0,7850.0,84.3,0.1245,316.6,0.1151
2026-07-15,7575.51,2026-09-30,77.0,7855.0,82.5,0.1242,320.0,0.1146
2026-07-15,7575.51,2026-09-30,77.0,7860.0,80.8,0.1239,323.25,0.114
2026-07-15,7575.51,2026-09-30,77.0,7865.0,79.1,0.1237,326.55,0.1134
2026-07-15,7575.51,2026-09-30,77.0,7870.0,77.5,0.1235,329.55,0.1123
2026-07-15,7575.51,2026-09-30,77.0,7875.0,75.8,0.1232,333.2,0.1119
2026-07-15,7575.51,2026-09-30,77.0,7880.0,74.25,0.123,336.3,0.1108
2026-07-15,7575.51,2026-09-30,77.0,7885.0,72.55,0.1227,339.65,0.1099
2026-07-15,7575.51,2026-09-30,77.0,7890.0,71.0,0.1225,343.1,0.1091
2026-07-15,7575.51,2026-09-30,77.0,7895.0,69.4,0.1222,346.45,0.108
2026-07-15,7575.51,2026-09-30,77.0,7900.0,67.9,0.122,350.05,0.1073
2026-07-15,7575.51,2026-09-30,77.0,7905.0,66.4,0.1218,353.55,0.1062
2026-07-15,7575.51,2026-09-30,77.0,7910.0,65.05,0.1217,357.05,0.105
2026-07-15,7575.51,2026-09-30,77.0,7915.0,63.5,0.1214,360.6,0.1036
2026-07-15,7575.51,2026-09-30,77.0,7920.0,62.1,0.1212,364.1,0.1021
2026-07-15,7575.51,2026-09-30,77.0,7925.0,60.7,0.1209,367.7,0.1006
2026-07-15,7575.51,2026-09-30,77.0,7930.0,59.35,0.1208,371.25,0.0984
2026-07-15,7575.51,2026-09-30,77.0,7935.0,58.05,0.1206,374.85,0.0953
2026-07-15,7575.51,2026-09-30,77.0,7940.0,56.65,0.1203,378.4,0.0921
2026-07-15,7575.51,2026-09-30,77.0,7945.0,55.4,0.1202,382.15,0.093
2026-07-15,7575.51,2026-09-30,77.0,7950.0,54.1,0.1199,385.85,0.0938
2026-07-15,7575.51,2026-09-30,77.0,7955.0,52.9,0.1198,,
2026-07-15,7575.51,2026-09-30,77.0,7960.0,51.65,0.1196,,
2026-07-15,7575.51,2026-09-30,77.0,7965.0,50.45,0.1194,,
2026-07-15,7575.51,2026-09-30,77.0,7970.0,49.3,0.1193,,
2026-07-15,7575.51,2026-09-30,77.0,7975.0,48.15,0.1191,,
2026-07-15,7575.51,2026-09-30,77.0,7980.0,46.95,0.1188,,
2026-07-15,7575.51,2026-09-30,77.0,7985.0,45.9,0.1187,,
2026-07-15,7575.51,2026-09-30,77.0,7990.0,44.75,0.1185,,
2026-07-15,7575.51,2026-09-30,77.0,7995.0,43.75,0.1184,,
2026-07-15,7575.51,2026-09-30,77.0,8000.0,42.65,0.1182,,
2026-07-15,7575.51,2026-09-30,77.0,8005.0,41.55,0.118,,
2026-07-15,7575.51,2026-09-30,77.0,8010.0,40.55,0.1178,,
2026-07-15,7575.51,2026-09-30,77.0,8015.0,39.55,0.1176,,
2026-07-15,7575.51,2026-09-30,77.0,8020.0,38.65,0.1176,,
2026-07-15,7575.51,2026-09-30,77.0,8025.0,37.65,0.1173,,
2026-07-15,7575.51,2026-09-30,77.0,8030.0,36.85,0.1173,,
2026-07-15,7575.51,2026-09-30,77.0,8035.0,35.85,0.1171,,
2026-07-15,7575.51,2026-09-30,77.0,8040.0,35.05,0.1171,,
2026-07-15,7575.51,2026-09-30,77.0,8045.0,34.15,0.1169,,
2026-07-15,7575.51,2026-09-30,77.0,8050.0,33.25,0.1167,,
2026-07-15,7575.51,2026-09-30,77.0,8055.0,32.45,0.1166,,
2026-07-15,7575.51,2026-09-30,77.0,8060.0,31.6,0.1164,,
2026-07-15,7575.51,2026-09-30,77.0,8065.0,30.8,0.1163,,
2026-07-15,7575.51,2026-09-30,77.0,8070.0,30.05,0.1162,,
2026-07-15,7575.51,2026-09-30,77.0,8075.0,29.3,0.1161,,
2026-07-15,7575.51,2026-09-30,77.0,8080.0,28.5,0.1159,,
2026-07-15,7575.51,2026-09-30,77.0,8085.0,27.75,0.1158,,
2026-07-15,7575.51,2026-10-16,93.0,5700.0,1923.65,0.2809,16.25,0.3255
2026-07-15,7575.51,2026-10-16,93.0,5725.0,1900.0,0.2839,16.65,0.3228
2026-07-15,7575.51,2026-10-16,93.0,5750.0,1876.15,0.2851,17.1,0.3203
2026-07-15,7575.51,2026-10-16,93.0,5775.0,1852.15,0.2852,17.5,0.3175
2026-07-15,7575.51,2026-10-16,93.0,5800.0,1827.05,0.2797,17.9,0.3147
2026-07-15,7575.51,2026-10-16,93.0,5825.0,1802.25,0.2757,18.4,0.3122
2026-07-15,7575.51,2026-10-16,93.0,5850.0,1778.15,0.2751,18.85,0.3096
2026-07-15,7575.51,2026-10-16,93.0,5875.0,1754.35,0.2757,19.35,0.307
2026-07-15,7575.51,2026-10-16,93.0,5900.0,1730.85,0.2772,19.85,0.3044
2026-07-15,7575.51,2026-10-16,93.0,5925.0,1704.2,0.2653,20.35,0.3017
2026-07-15,7575.51,2026-10-16,93.0,5950.0,1682.1,0.2725,20.9,0.2992
2026-07-15,7575.51,2026-10-16,93.0,5975.0,1657.15,0.2679,21.45,0.2966
2026-07-15,7575.51,2026-10-16,93.0,6000.0,1633.7,0.2689,22.05,0.2941
2026-07-15,7575.51,2026-10-16,93.0,6025.0,1609.1,0.2655,22.65,0.2915
2026-07-15,7575.51,2026-10-16,93.0,6050.0,1584.75,0.263,23.25,0.2889
2026-07-15,7575.51,2026-10-16,93.0,6075.0,1560.85,0.262,23.95,0.2866
2026-07-15,7575.51,2026-10-16,93.0,6100.0,1536.75,0.2602,24.65,0.2841
2026-07-15,7575.51,2026-10-16,93.0,6125.0,1512.2,0.2569,25.3,0.2815
2026-07-15,7575.51,2026-10-16,93.0,6130.0,1507.85,0.258,25.4,0.2809
2026-07-15,7575.51,2026-10-16,93.0,6140.0,1498.25,0.2573,25.75,0.28
2026-07-15,7575.51,2026-10-16,93.0,6150.0,1488.85,0.2572,26.05,0.2791
2026-07-15,7575.51,2026-10-16,93.0,6160.0,1478.05,0.253,26.3,0.278
2026-07-15,7575.51,2026-10-16,93.0,6170.0,1469.65,0.2558,26.65,0.2771
2026-07-15,7575.51,2026-10-16,93.0,6175.0,1464.85,0.2554,26.75,0.2765
2026-07-15,7575.51,2026-10-16,93.0,6180.0,1460.2,0.2555,26.95,0.2761
2026-07-15,7575.51,2026-10-16,93.0,6190.0,1450.5,0.2544,27.25,0.2751
2026-07-15,7575.51,2026-10-16,93.0,6200.0,1440.95,0.2538,27.6,0.2742
2026-07-15,7575.51,2026-10-16,93.0,6210.0,1431.35,0.253,27.95,0.2732
2026-07-15,7575.51,2026-10-16,93.0,6220.0,1421.35,0.2512,28.25,0.2722
2026-07-15,7575.51,2026-10-16,93.0,6225.0,1416.65,0.251,28.45,0.2718
2026-07-15,7575.51,2026-10-16,93.0,6230.0,1412.25,0.2517,28.6,0.2713
2026-07-15,7575.51,2026-10-16,93.0,6240.0,1402.25,0.2498,28.95,0.2703
2026-07-15,7575.51,2026-10-16,93.0,6250.0,1392.95,0.2498,29.25,0.2693
2026-07-15,7575.51,2026-10-16,93.0,6260.0,1383.95,0.2504,29.6,0.2683
2026-07-15,7575.51,2026-10-16,93.0,6270.0,1373.85,0.2483,30.0,0.2674
2026-07-15,7575.51,2026-10-16,93.0,6275.0,1369.35,0.2486,30.15,0.2669
2026-07-15,7575.51,2026-10-16,93.0,6280.0,1364.55,0.2482,30.35,0.2664
2026-07-15,7575.51,2026-10-16,93.0,6290.0,1355.05,0.2475,30.7,0.2654
2026-07-15,7575.51,2026-10-16,93.0,6300.0,1345.05,0.2457,31.05,0.2644
2026-07-15,7575.51,2026-10-16,93.0,6310.0,1335.75,0.2455,31.45,0.2635
2026-07-15,7575.51,2026-10-16,93.0,6320.0,1326.6,0.2456,31.85,0.2626
2026-07-15,7575.51,2026-10-16,93.0,6325.0,1321.9,0.2453,32.05,0.2621
2026-07-15,7575.51,2026-10-16,93.0,6330.0,1317.1,0.2449,32.25,0.2616
2026-07-15,7575.51,2026-10-16,93.0,6340.0,1307.5,0.2439,32.65,0.2607
2026-07-15,7575.51,2026-10-16,93.0,6350.0,1297.95,0.243,33.05,0.2597
2026-07-15,7575.51,2026-10-16,93.0,6360.0,1288.05,0.2414,33.45,0.2588
2026-07-15,7575.51,2026-10-16,93.0,6370.0,1278.75,0.2411,33.85,0.2578
2026-07-15,7575.51,2026-10-16,93.0,6375.0,1274.1,0.2409,34.1,0.2574
2026-07-15,7575.51,2026-10-16,93.0,6380.0,1269.25,0.2403,34.3,0.2569
2026-07-15,7575.51,2026-10-16,93.0,6390.0,1259.45,0.2389,34.7,0.2559
2026-07-15,7575.51,2026-10-16,93.0,6400.0,1249.95,0.2381,35.15,0.255
2026-07-15,7575.51,2026-10-16,93.0,6410.0,1240.75,0.2379,35.6,0.254
2026-07-15,7575.51,2026-10-16,93.0,6420.0,1231.25,0.237,36.05,0.2531
2026-07-15,7575.51,2026-10-16,93.0,6425.0,1226.45,0.2365,36.3,0.2526
2026-07-15,7575.51,2026-10-16,93.0,6430.0,1221.65,0.236,36.5,0.2521
2026-07-15,7575.51,2026-10-16,93.0,6440.0,1212.45,0.2357,36.95,0.2512
2026-07-15,7575.51,2026-10-16,93.0,6450.0,1203.05,0.235,37.45,0.2503
2026-07-15,7575.51,2026-10-16,93.0,6460.0,1193.65,0.2343,37.9,0.2493
2026-07-15,7575.51,2026-10-16,93.0,6470.0,1184.05,0.2332,38.4,0.2484
2026-07-15,7575.51,2026-10-16,93.0,6475.0,1179.75,0.2336,38.65,0.2479
2026-07-15,7575.51,2026-10-16,93.0,6480.0,1174.85,0.2329,38.85,0.2473
2026-07-15,7575.51,2026-10-16,93.0,6490.0,1165.45,0.2321,39.4,0.2465
2026-07-15,7575.51,2026-10-16,93.0,6500.0,1156.15,0.2315,39.9,0.2455
2026-07-15,7575.51,2026-10-16,93.0,6510.0,1146.85,0.2309,40.4,0.2446
2026-07-15,7575.51,2026-10-16,93.0,6520.0,1138.25,0.2315,40.9,0.2436
2026-07-15,7575.51,2026-10-16,93.0,6525.0,1134.45,0.2327,41.2,0.2432
2026-07-15,7575.51,2026-10-16,93.0,6530.0,1129.95,0.2326,41.45,0.2427
2026-07-15,7575.51,2026-10-16,93.0,6540.0,1119.85,0.2305,42.0,0.2418
2026-07-15,7575.51,2026-10-16,93.0,6550.0,1110.05,0.229,42.6,0.2409
2026-07-15,7575.51,2026-10-16,93.0,6560.0,1100.75,0.2283,43.1,0.2399
2026-07-15,7575.51,2026-10-16,93.0,6570.0,1091.2,0.2271,43.65,0.2389
2026-07-15,7575.51,2026-10-16,93.0,6575.0,1086.75,0.2271,43.9,0.2384
2026-07-15,7575.51,2026-10-16,93.0,6580.0,1081.9,0.2264,44.25,0.238
2026-07-15,7575.51,2026-10-16,93.0,6590.0,1073.05,0.2264,44.85,0.2371
2026-07-15,7575.51,2026-10-16,93.0,6600.0,1063.75,0.2256,45.35,0.236
2026-07-15,7575.51,2026-10-16,93.0,6610.0,1054.45,0.2248,46.05,0.2352
2026-07-15,7575.51,2026-10-16,93.0,6620.0,1044.9,0.2236,46.6,0.2342
2026-07-15,7575.51,2026-10-16,93.0,6625.0,1040.35,0.2233,46.9,0.2337
2026-07-15,7575.51,2026-10-16,93.0,6630.0,1035.45,0.2225,47.25,0.2333
2026-07-15,7575.51,2026-10-16,93.0,6640.0,1026.25,0.2218,47.85,0.2323
2026-07-15,7575.51,2026-10-16,93.0,6650.0,1016.95,0.221,48.45,0.2314
2026-07-15,7575.51,2026-10-16,93.0,6660.0,1007.75,0.2202,49.15,0.2305
2026-07-15,7575.51,2026-10-16,93.0,6670.0,998.55,0.2195,49.8,0.2295
2026-07-15,7575.51,2026-10-16,93.0,6675.0,993.95,0.2191,50.2,0.2292
2026-07-15,7575.51,2026-10-16,93.0,6680.0,989.6,0.2191,50.45,0.2286
2026-07-15,7575.51,2026-10-16,93.0,6690.0,980.1,0.2179,51.15,0.2277
2026-07-15,7575.51,2026-10-16,93.0,6700.0,971.2,0.2175,51.85,0.2267
2026-07-15,7575.51,2026-10-16,93.0,6710.0,961.8,0.2164,52.55,0.2258
2026-07-15,7575.51,2026-10-16,93.0,6720.0,952.65,0.2157,53.2,0.2248
2026-07-15,7575.51,2026-10-16,93.0,6725.0,948.15,0.2154,53.6,0.2244
2026-07-15,7575.51,2026-10-16,93.0,6730.0,943.6,0.215,54.0,0.224
2026-07-15,7575.51,2026-10-16,93.0,6740.0,934.15,0.2138,54.75,0.223
2026-07-15,7575.51,2026-10-16,93.0,6750.0,925.3,0.2134,55.45,0.222
2026-07-15,7575.51,2026-10-16,93.0,6760.0,916.05,0.2125,56.25,0.2212
2026-07-15,7575.51,2026-10-16,93.0,6770.0,907.35,0.2122,57.05,0.2203
2026-07-15,7575.51,2026-10-16,93.0,6775.0,902.35,0.2112,57.4,0.2197
2026-07-15,7575.51,2026-10-16,93.0,6780.0,898.0,0.2111,57.8,0.2193
2026-07-15,7575.51,2026-10-16,93.0,6790.0,888.9,0.2103,58.6,0.2183
2026-07-15,7575.51,2026-10-16,93.0,6800.0,880.05,0.2097,59.35,0.2173
2026-07-15,7575.51,2026-10-16,93.0,6810.0,870.75,0.2086,60.25,0.2165
2026-07-15,7575.51,2026-10-16,93.0,6820.0,861.65,0.2078,60.9,0.2153
2026-07-15,7575.51,2026-10-16,93.0,6825.0,856.8,0.2069,61.5,0.2151
2026-07-15,7575.51,2026-10-16,93.0,6830.0,852.7,0.2071,61.95,0.2146
2026-07-15,7575.51,2026-10-16,93.0,6840.0,843.95,0.2066,62.8,0.2137
2026-07-15,7575.51,2026-10-16,93.0,6850.0,834.3,0.205,63.5,0.2125
2026-07-15,7575.51,2026-10-16,93.0,6860.0,825.7,0.2046,64.55,0.2118
2026-07-15,7575.51,2026-10-16,93.0,6870.0,816.4,0.2034,65.45,0.2108
2026-07-15,7575.51,2026-10-16,93.0,6875.0,812.15,0.2033,65.95,0.2104
2026-07-15,7575.51,2026-10-16,93.0,6880.0,807.85,0.2031,66.4,0.2099
2026-07-15,7575.51,2026-10-16,93.0,6890.0,798.75,0.2021,67.4,0.209
2026-07-15,7575.51,2026-10-16,93.0,6900.0,789.65,0.2011,68.35,0.2081
2026-07-15,7575.51,2026-10-16,93.0,6910.0,780.9,0.2005,69.3,0.2071
2026-07-15,7575.51,2026-10-16,93.0,6920.0,772.0,0.1996,70.3,0.2062
2026-07-15,7575.51,2026-10-16,93.0,6925.0,767.2,0.1988,70.65,0.2056
2026-07-15,7575.51,2026-10-16,93.0,6930.0,763.35,0.1991,71.3,0.2053
2026-07-15,7575.51,2026-10-16,93.0,6940.0,754.0,0.1977,72.3,0.2043
2026-07-15,7575.51,2026-10-16,93.0,6950.0,745.45,0.1972,73.25,0.2033
2026-07-15,7575.51,2026-10-16,93.0,6960.0,736.5,0.1962,74.4,0.2024
2026-07-15,7575.51,2026-10-16,93.0,6970.0,727.5,0.1952,75.5,0.2015
2026-07-15,7575.51,2026-10-16,93.0,6975.0,723.25,0.1949,76.05,0.2011
2026-07-15,7575.51,2026-10-16,93.0,6980.0,718.65,0.1943,76.6,0.2006
2026-07-15,7575.51,2026-10-16,93.0,6990.0,710.1,0.1937,77.7,0.1996
2026-07-15,7575.51,2026-10-16,93.0,7000.0,701.35,0.1929,78.9,0.1988
2026-07-15,7575.51,2026-10-16,93.0,7010.0,692.9,0.1923,80.0,0.1978
2026-07-15,7575.51,2026-10-16,93.0,7020.0,683.75,0.1911,81.1,0.1968
2026-07-15,7575.51,2026-10-16,93.0,7025.0,679.55,0.1908,81.8,0.1964
2026-07-15,7575.51,2026-10-16,93.0,7030.0,675.2,0.1904,82.4,0.1959
2026-07-15,7575.51,2026-10-16,93.0,7040.0,666.5,0.1895,83.5,0.1949
2026-07-15,7575.51,2026-10-16,93.0,7050.0,658.25,0.1891,84.9,0.1941
2026-07-15,7575.51,2026-10-16,93.0,7060.0,649.45,0.1881,86.0,0.193
2026-07-15,7575.51,2026-10-16,93.0,7070.0,640.75,0.1871,87.4,0.1922
2026-07-15,7575.51,2026-10-16,93.0,7075.0,636.45,0.1867,88.0,0.1917
2026-07-15,7575.51,2026-10-16,93.0,7080.0,632.2,0.1863,88.75,0.1913
2026-07-15,7575.51,2026-10-16,93.0,7090.0,623.65,0.1855,90.0,0.1903
2026-07-15,7575.51,2026-10-16,93.0,7100.0,614.9,0.1844,91.45,0.1894
2026-07-15,7575.51,2026-10-16,93.0,7110.0,606.6,0.1838,92.75,0.1884
2026-07-15,7575.51,2026-10-16,93.0,7120.0,598.05,0.1829,94.25,0.1876
2026-07-15,7575.51,2026-10-16,93.0,7125.0,594.1,0.1827,94.95,0.1871
2026-07-15,7575.51,2026-10-16,93.0,7130.0,589.95,0.1824,95.45,0.1864
2026-07-15,7575.51,2026-10-16,93.0,7140.0,581.25,0.1813,97.1,0.1857
2026-07-15,7575.51,2026-10-16,93.0,7150.0,572.7,0.1803,98.6,0.1847
2026-07-15,7575.51,2026-10-16,93.0,7160.0,564.5,0.1796,99.95,0.1837
2026-07-15,7575.51,2026-10-16,93.0,7170.0,556.35,0.1789,101.45,0.1827
2026-07-15,7575.51,2026-10-16,93.0,7175.0,552.0,0.1784,102.5,0.1824
2026-07-15,7575.51,2026-10-16,93.0,7180.0,547.8,0.1779,103.05,0.1818
2026-07-15,7575.51,2026-10-16,93.0,7190.0,539.55,0.1771,104.9,0.181
2026-07-15,7575.51,2026-10-16,93.0,7200.0,531.35,0.1763,106.5,0.1801
2026-07-15,7575.51,2026-10-16,93.0,7210.0,523.1,0.1754,107.95,0.179
2026-07-15,7575.51,2026-10-16,93.0,7215.0,519.0,0.175,108.85,0.1786
2026-07-15,7575.51,2026-10-16,93.0,7220.0,515.1,0.1748,109.7,0.1781
2026-07-15,7575.51,2026-10-16,93.0,7225.0,510.95,0.1743,110.55,0.1776
2026-07-15,7575.51,2026-10-16,93.0,7230.0,506.75,0.1738,111.45,0.1772
2026-07-15,7575.51,2026-10-16,93.0,7235.0,502.65,0.1733,112.3,0.1767
2026-07-15,7575.51,2026-10-16,93.0,7240.0,498.6,0.1729,113.2,0.1762
2026-07-15,7575.51,2026-10-16,93.0,7245.0,494.55,0.1725,114.1,0.1758
2026-07-15,7575.51,2026-10-16,93.0,7250.0,490.5,0.172,115.1,0.1754
2026-07-15,7575.51,2026-10-16,93.0,7255.0,486.65,0.1718,115.95,0.1749
2026-07-15,7575.51,2026-10-16,93.0,7260.0,482.5,0.1712,116.85,0.1744
2026-07-15,7575.51,2026-10-16,93.0,7265.0,478.45,0.1708,117.8,0.1739
2026-07-15,7575.51,2026-10-16,93.0,7270.0,474.5,0.1704,118.95,0.1736
2026-07-15,7575.51,2026-10-16,93.0,7275.0,470.7,0.1702,119.85,0.1731
2026-07-15,7575.51,2026-10-16,93.0,7280.0,466.5,0.1696,120.85,0.1727
2026-07-15,7575.51,2026-10-16,93.0,7285.0,462.6,0.1692,121.65,0.1721
2026-07-15,7575.51,2026-10-16,93.0,7290.0,458.6,0.1688,122.85,0.1718
2026-07-15,7575.51,2026-10-16,93.0,7295.0,454.7,0.1684,123.75,0.1713
2026-07-15,7575.51,2026-10-16,93.0,7300.0,450.65,0.1679,124.65,0.1707
2026-07-15,7575.51,2026-10-16,93.0,7305.0,446.75,0.1675,125.85,0.1704
2026-07-15,7575.51,2026-10-16,93.0,7310.0,442.9,0.1672,126.85,0.17
2026-07-15,7575.51,2026-10-16,93.0,7315.0,438.95,0.1667,127.85,0.1695
2026-07-15,7575.51,2026-10-16,93.0,7320.0,434.95,0.1662,128.95,0.1691
2026-07-15,7575.51,2026-10-16,93.0,7325.0,431.15,0.1659,129.95,0.1686
2026-07-15,7575.51,2026-10-16,93.0,7330.0,427.3,0.1655,131.05,0.1681
2026-07-15,7575.51,2026-10-16,93.0,7335.0,423.4,0.1651,132.15,0.1677
2026-07-15,7575.51,2026-10-16,93.0,7340.0,419.75,0.1648,133.2,0.1672
2026-07-15,7575.51,2026-10-16,93.0,7345.0,415.9,0.1644,134.3,0.1668
2026-07-15,7575.51,2026-10-16,93.0,7350.0,411.8,0.1638,135.5,0.1664
2026-07-15,7575.51,2026-10-16,93.0,7355.0,408.2,0.1635,136.6,0.1659
2026-07-15,7575.51,2026-10-16,93.0,7360.0,404.4,0.1631,137.65,0.1654
2026-07-15,7575.51,2026-10-16,93.0,7365.0,400.6,0.1627,138.85,0.165
2026-07-15,7575.51,2026-10-16,93.0,7370.0,396.8,0.1623,139.95,0.1645
2026-07-15,7575.51,2026-10-16,93.0,7375.0,393.0,0.1619,141.15,0.164
2026-07-15,7575.51,2026-10-16,93.0,7380.0,389.25,0.1615,142.35,0.1636
2026-07-15,7575.51,2026-10-16,93.0,7385.0,385.5,0.1611,143.35,0.163
2026-07-15,7575.51,2026-10-16,93.0,7390.0,381.75,0.1607,144.55,0.1625
2026-07-15,7575.51,2026-10-16,93.0,7395.0,378.05,0.1603,145.75,0.1621
2026-07-15,7575.51,2026-10-16,93.0,7400.0,374.35,0.1599,147.0,0.1616
2026-07-15,7575.51,2026-10-16,93.0,7405.0,370.65,0.1595,148.2,0.1612
2026-07-15,7575.51,2026-10-16,93.0,7410.0,366.95,0.1591,149.45,0.1607
2026-07-15,7575.51,2026-10-16,93.0,7415.0,363.25,0.1587,150.75,0.1603
2026-07-15,7575.51,2026-10-16,93.0,7420.0,359.6,0.1583,152.05,0.1598
2026-07-15,7575.51,2026-10-16,93.0,7425.0,355.95,0.1579,153.35,0.1594
2026-07-15,7575.51,2026-10-16,93.0,7430.0,352.4,0.1576,154.65,0.1589
2026-07-15,7575.51,2026-10-16,93.0,7435.0,348.75,0.1572,155.95,0.1585
2026-07-15,7575.51,2026-10-16,93.0,7440.0,345.15,0.1568,157.25,0.158
2026-07-15,7575.51,2026-10-16,93.0,7445.0,341.55,0.1564,158.85,0.1577
2026-07-15,7575.51,2026-10-16,93.0,7450.0,338.0,0.156,160.0,0.1571
2026-07-15,7575.51,2026-10-16,93.0,7455.0,333.95,0.1553,161.35,0.1566
2026-07-15,7575.51,2026-10-16,93.0,7460.0,330.85,0.1552,162.75,0.1562
2026-07-15,7575.51,2026-10-16,93.0,7465.0,326.85,0.1545,164.35,0.1559
2026-07-15,7575.51,2026-10-16,93.0,7470.0,323.8,0.1544,165.6,0.1553
2026-07-15,7575.51,2026-10-16,93.0,7475.0,320.3,0.154,167.25,0.155
2026-07-15,7575.51,2026-10-16,93.0,7480.0,316.8,0.1536,168.45,0.1544
2026-07-15,7575.51,2026-10-16,93.0,7485.0,313.3,0.1532,170.15,0.1541
2026-07-15,7575.51,2026-10-16,93.0,7490.0,309.35,0.1525,171.65,0.1537
2026-07-15,7575.51,2026-10-16,93.0,7495.0,306.4,0.1525,173.15,0.1532
2026-07-15,7575.51,2026-10-16,93.0,7500.0,302.9,0.152,174.45,0.1527
2026-07-15,7575.51,2026-10-16,93.0,7505.0,299.55,0.1517,176.0,0.1522
2026-07-15,7575.51,2026-10-16,93.0,7510.0,296.2,0.1513,177.8,0.152
2026-07-15,7575.51,2026-10-16,93.0,7515.0,292.8,0.1509,179.3,0.1515
2026-07-15,7575.51,2026-10-16,93.0,7520.0,289.4,0.1505,180.9,0.151
2026-07-15,7575.51,2026-10-16,93.0,7525.0,285.55,0.1498,182.45,0.1506
2026-07-15,7575.51,2026-10-16,93.0,7530.0,282.7,0.1498,184.15,0.1502
2026-07-15,7575.51,2026-10-16,93.0,7535.0,279.4,0.1494,185.5,0.1496
2026-07-15,7575.51,2026-10-16,93.0,7540.0,276.1,0.149,187.15,0.1491
2026-07-15,7575.51,2026-10-16,93.0,7545.0,272.8,0.1486,188.8,0.1487
2026-07-15,7575.51,2026-10-16,93.0,7550.0,269.55,0.1483,190.5,0.1482
2026-07-15,7575.51,2026-10-16,93.0,7555.0,266.3,0.1479,192.2,0.1478
2026-07-15,7575.51,2026-10-16,93.0,7560.0,263.1,0.1476,193.9,0.1473
2026-07-15,7575.51,2026-10-16,93.0,7565.0,259.9,0.1472,195.65,0.1469
2026-07-15,7575.51,2026-10-16,93.0,7570.0,256.7,0.1468,197.4,0.1465
2026-07-15,7575.51,2026-10-16,93.0,7575.0,253.5,0.1464,199.2,0.1461
2026-07-15,7575.51,2026-10-16,93.0,7580.0,250.3,0.1461,201.15,0.1457
2026-07-15,7575.51,2026-10-16,93.0,7585.0,247.2,0.1457,203.0,0.1453
2026-07-15,7575.51,2026-10-16,93.0,7590.0,244.1,0.1454,204.85,0.1449
2026-07-15,7575.51,2026-10-16,93.0,7595.0,240.55,0.1447,206.4,0.1443
2026-07-15,7575.51,2026-10-16,93.0,7600.0,237.85,0.1446,208.25,0.1438
2026-07-15,7575.51,2026-10-16,93.0,7605.0,234.8,0.1443,210.45,0.1436
2026-07-15,7575.51,2026-10-16,93.0,7610.0,231.35,0.1436,212.1,0.143
2026-07-15,7575.51,2026-10-16,93.0,7615.0,228.8,0.1436,214.25,0.1427
2026-07-15,7575.51,2026-10-16,93.0,7620.0,225.8,0.1432,215.95,0.1421
2026-07-15,7575.51,2026-10-16,93.0,7625.0,222.8,0.1429,217.9,0.1417
2026-07-15,7575.51,2026-10-16,93.0,7630.0,219.8,0.1425,219.9,0.1412
2026-07-15,7575.51,2026-10-16,93.0,7635.0,216.85,0.1422,221.9,0.1408
2026-07-15,7575.51,2026-10-16,93.0,7640.0,213.9,0.1418,223.9,0.1403
2026-07-15,7575.51,2026-10-16,93.0,7645.0,210.55,0.1412,225.95,0.1399
2026-07-15,7575.51,2026-10-16,93.0,7650.0,208.0,0.141,228.0,0.1395
2026-07-15,7575.51,2026-10-16,93.0,7655.0,205.25,0.1408,230.1,0.139
2026-07-15,7575.51,2026-10-16,93.0,7660.0,202.0,0.1402,232.2,0.1386
2026-07-15,7575.51,2026-10-16,93.0,7670.0,196.8,0.1398,236.45,0.1377
2026-07-15,7575.51,2026-10-16,93.0,7675.0,193.55,0.1391,238.6,0.1372
2026-07-15,7575.51,2026-10-16,93.0,7680.0,191.25,0.1391,240.8,0.1368
2026-07-15,7575.51,2026-10-16,93.0,7690.0,185.8,0.1384,245.25,0.1359
2026-07-15,7575.51,2026-10-16,93.0,7700.0,180.4,0.1378,249.75,0.135
2026-07-15,7575.51,2026-10-16,93.0,7710.0,175.15,0.1372,254.35,0.1341
2026-07-15,7575.51,2026-10-16,93.0,7720.0,169.55,0.1362,259.05,0.1332
2026-07-15,7575.51,2026-10-16,93.0,7725.0,166.95,0.1359,261.45,0.1327
2026-07-15,7575.51,2026-10-16,93.0,7730.0,164.5,0.1357,264.0,0.1324
2026-07-15,7575.51,2026-10-16,93.0,7740.0,159.45,0.135,268.9,0.1315
2026-07-15,7575.51,2026-10-16,93.0,7750.0,154.8,0.1346,273.85,0.1305
2026-07-15,7575.51,2026-10-16,93.0,7760.0,149.7,0.1338,278.9,0.1295
2026-07-15,7575.51,2026-10-16,93.0,7770.0,145.0,0.1332,284.1,0.1286
2026-07-15,7575.51,2026-10-16,93.0,7775.0,143.05,0.1332,286.7,0.1281
2026-07-15,7575.51,2026-10-16,93.0,7780.0,140.35,0.1326,289.3,0.1276
2026-07-15,7575.51,2026-10-16,93.0,7790.0,135.8,0.132,294.65,0.1266
2026-07-15,7575.51,2026-10-16,93.0,7800.0,131.3,0.1314,300.1,0.1257
2026-07-15,7575.51,2026-10-16,93.0,7810.0,127.35,0.1312,305.6,0.1247
2026-07-15,7575.51,2026-10-16,93.0,7820.0,122.75,0.1304,311.25,0.1236
2026-07-15,7575.51,2026-10-16,93.0,7825.0,120.55,0.13,314.1,0.123
2026-07-15,7575.51,2026-10-16,93.0,7830.0,118.6,0.1299,316.95,0.1224
2026-07-15,7575.51,2026-10-16,93.0,7840.0,114.85,0.1296,322.8,0.1213
2026-07-15,7575.51,2026-10-16,93.0,7850.0,110.75,0.129,328.65,0.12
2026-07-15,7575.51,2026-10-16,93.0,7860.0,106.7,0.1283,334.65,0.1188
2026-07-15,7575.51,2026-10-16,93.0,7870.0,102.95,0.1278,340.75,0.1176
2026-07-15,7575.51,2026-10-16,93.0,7875.0,101.3,0.1278,343.85,0.117
2026-07-15,7575.51,2026-10-16,93.0,7880.0,99.35,0.1274,346.95,0.1163
2026-07-15,7575.51,2026-10-16,93.0,7890.0,95.7,0.1269,353.25,0.1148
2026-07-15,7575.51,2026-10-16,93.0,7900.0,92.4,0.1266,359.7,0.1133
2026-07-15,7575.51,2026-10-16,93.0,7910.0,88.85,0.126,366.3,0.1117
2026-07-15,7575.51,2026-10-16,93.0,7920.0,85.55,0.1256,372.95,0.11
2026-07-15,7575.51,2026-10-16,93.0,7925.0,83.9,0.1254,376.2,0.1089
2026-07-15,7575.51,2026-10-16,93.0,7930.0,82.3,0.1251,379.45,0.1076
2026-07-15,7575.51,2026-10-16,93.0,7940.0,79.15,0.1247,386.25,0.105
2026-07-15,7575.51,2026-10-16,93.0,7950.0,76.35,0.1245,393.3,0.1024
2026-07-15,7575.51,2026-10-16,93.0,7960.0,73.25,0.1239,400.3,0.0976
2026-07-15,7575.51,2026-10-16,93.0,7970.0,70.4,0.1236,407.1,0.0946
2026-07-15,7575.51,2026-10-16,93.0,7975.0,69.0,0.1234,410.9,0.0954
2026-07-15,7575.51,2026-10-16,93.0,7980.0,67.6,0.1232,,
2026-07-15,7575.51,2026-10-16,93.0,7990.0,64.9,0.1228,,
2026-07-15,7575.51,2026-10-16,93.0,8000.0,62.3,0.1224,,
2026-07-15,7575.51,2026-10-16,93.0,8010.0,59.8,0.1221,,
2026-07-15,7575.51,2026-10-16,93.0,8020.0,57.45,0.1218,,
2026-07-15,7575.51,2026-10-16,93.0,8025.0,56.2,0.1216,,
2026-07-15,7575.51,2026-10-16,93.0,8030.0,55.3,0.1217,,
2026-07-15,7575.51,2026-10-16,93.0,8040.0,52.75,0.1211,,
2026-07-15,7575.51,2026-10-16,93.0,8050.0,50.55,0.1208,,
2026-07-15,7575.51,2026-10-16,93.0,8075.0,45.45,0.1201,,
2026-07-15,7575.51,2026-10-16,93.0,8100.0,40.7,0.1194,,
2026-07-15,7575.51,2026-10-16,93.0,8125.0,36.45,0.1188,,
2026-07-15,7575.51,2026-10-16,93.0,8150.0,32.5,0.1182,,
2026-07-15,7575.51,2026-10-16,93.0,8175.0,29.05,0.1178,,
2026-07-15,7575.51,2026-10-16,93.0,8200.0,25.85,0.1173,,
2026-07-15,7575.51,2026-10-16,93.0,8225.0,22.95,0.1169,,
2026-07-15,7575.51,2026-10-16,93.0,8250.0,20.4,0.1166,,
2026-07-15,7575.51,2026-10-16,93.0,8275.0,18.15,0.1163,,
2026-07-15,7575.51,2026-10-16,93.0,8300.0,16.05,0.116,,
2026-07-15,7575.51,2026-10-16,93.0,8325.0,14.3,0.116,,
2026-07-15,7575.51,2026-10-16,93.0,8350.0,12.65,0.1158,,
2026-07-15,7575.51,2026-10-30,107.0,5700.0,1948.0,0.2739,20.05,0.3185
2026-07-15,7575.51,2026-10-30,107.0,5750.0,1900.35,0.2754,21.0,0.3135
2026-07-15,7575.51,2026-10-30,107.0,5800.0,1851.4,0.2704,22.1,0.3087
2026-07-15,7575.51,2026-10-30,107.0,5850.0,1802.7,0.2663,23.2,0.3037
2026-07-15,7575.51,2026-10-30,107.0,5875.0,1778.8,0.2659,23.8,0.3013
2026-07-15,7575.51,2026-10-30,107.0,5900.0,1754.65,0.2644,24.4,0.2989
2026-07-15,7575.51,2026-10-30,107.0,5925.0,1731.0,0.2646,25.0,0.2964
2026-07-15,7575.51,2026-10-30,107.0,5950.0,1705.85,0.2595,25.65,0.294
2026-07-15,7575.51,2026-10-30,107.0,5975.0,1682.05,0.259,26.3,0.2916
2026-07-15,7575.51,2026-10-30,107.0,6000.0,1659.2,0.2613,27.0,0.2892
2026-07-15,7575.51,2026-10-30,107.0,6025.0,1634.65,0.2581,27.75,0.2869
2026-07-15,7575.51,2026-10-30,107.0,6050.0,1611.05,0.2577,28.5,0.2846
2026-07-15,7575.51,2026-10-30,107.0,6075.0,1586.45,0.2543,29.25,0.2822
2026-07-15,7575.51,2026-10-30,107.0,6100.0,1562.35,0.2523,30.05,0.2798
2026-07-15,7575.51,2026-10-30,107.0,6125.0,1539.3,0.253,30.9,0.2776
2026-07-15,7575.51,2026-10-30,107.0,6150.0,1514.75,0.2497,31.75,0.2752
2026-07-15,7575.51,2026-10-30,107.0,6175.0,1491.1,0.2486,32.65,0.273
2026-07-15,7575.51,2026-10-30,107.0,6200.0,1468.2,0.2491,33.55,0.2706
2026-07-15,7575.51,2026-10-30,107.0,6225.0,1444.35,0.2473,34.55,0.2684
2026-07-15,7575.51,2026-10-30,107.0,6250.0,1419.8,0.2438,35.55,0.2662
2026-07-15,7575.51,2026-10-30,107.0,6275.0,1397.05,0.2442,36.55,0.2639
2026-07-15,7575.51,2026-10-30,107.0,6300.0,1372.95,0.2416,37.65,0.2617
2026-07-15,7575.51,2026-10-30,107.0,6325.0,1349.8,0.2409,38.75,0.2594
2026-07-15,7575.51,2026-10-30,107.0,6350.0,1326.75,0.2402,39.9,0.2572
2026-07-15,7575.51,2026-10-30,107.0,6375.0,1302.95,0.2379,41.1,0.255
2026-07-15,7575.51,2026-10-30,107.0,6400.0,1278.7,0.2348,42.35,0.2528
2026-07-15,7575.51,2026-10-30,107.0,6425.0,1255.3,0.2332,43.65,0.2506
2026-07-15,7575.51,2026-10-30,107.0,6450.0,1232.95,0.2333,44.95,0.2483
2026-07-15,7575.51,2026-10-30,107.0,6475.0,1209.45,0.2313,46.35,0.2462
2026-07-15,7575.51,2026-10-30,107.0,6500.0,1186.5,0.23,47.75,0.2439
2026-07-15,7575.51,2026-10-30,107.0,6525.0,1163.3,0.2283,49.25,0.2417
2026-07-15,7575.51,2026-10-30,107.0,6550.0,1140.1,0.2265,50.75,0.2395
2026-07-15,7575.51,2026-10-30,107.0,6575.0,1117.0,0.2247,52.35,0.2373
2026-07-15,7575.51,2026-10-30,107.0,6600.0,1093.95,0.223,54.0,0.2351
2026-07-15,7575.51,2026-10-30,107.0,6625.0,1070.6,0.2207,55.7,0.2329
2026-07-15,7575.51,2026-10-30,107.0,6650.0,1048.0,0.2193,57.45,0.2307
2026-07-15,7575.51,2026-10-30,107.0,6675.0,1025.15,0.2175,59.3,0.2286
2026-07-15,7575.51,2026-10-30,107.0,6700.0,1002.35,0.2157,61.2,0.2264
2026-07-15,7575.51,2026-10-30,107.0,6725.0,979.65,0.2139,63.15,0.2242
2026-07-15,7575.51,2026-10-30,107.0,6750.0,957.0,0.212,65.2,0.222
2026-07-15,7575.51,2026-10-30,107.0,6775.0,934.4,0.2101,67.3,0.2198
2026-07-15,7575.51,2026-10-30,107.0,6800.0,911.9,0.2083,69.5,0.2176
2026-07-15,7575.51,2026-10-30,107.0,6825.0,889.55,0.2064,71.8,0.2154
2026-07-15,7575.51,2026-10-30,107.0,6850.0,867.3,0.2046,74.2,0.2132
2026-07-15,7575.51,2026-10-30,107.0,6860.0,858.3,0.2038,75.15,0.2123
2026-07-15,7575.51,2026-10-30,107.0,6870.0,849.4,0.203,76.1,0.2114
2026-07-15,7575.51,2026-10-30,107.0,6875.0,845.0,0.2027,76.7,0.2111
2026-07-15,7575.51,2026-10-30,107.0,6880.0,840.55,0.2023,77.2,0.2106
2026-07-15,7575.51,2026-10-30,107.0,6890.0,831.7,0.2015,78.15,0.2097
2026-07-15,7575.51,2026-10-30,107.0,6900.0,822.8,0.2007,79.2,0.2088
2026-07-15,7575.51,2026-10-30,107.0,6910.0,814.0,0.2,80.3,0.208
2026-07-15,7575.51,2026-10-30,107.0,6920.0,805.2,0.1992,81.3,0.2071
2026-07-15,7575.51,2026-10-30,107.0,6925.0,800.8,0.1988,81.85,0.2066
2026-07-15,7575.51,2026-10-30,107.0,6930.0,796.4,0.1984,82.4,0.2062
2026-07-15,7575.51,2026-10-30,107.0,6940.0,787.65,0.1977,83.5,0.2053
2026-07-15,7575.51,2026-10-30,107.0,6950.0,778.85,0.1969,84.6,0.2044
2026-07-15,7575.51,2026-10-30,107.0,6960.0,770.35,0.1964,85.75,0.2036
2026-07-15,7575.51,2026-10-30,107.0,6970.0,761.6,0.1956,86.9,0.2027
2026-07-15,7575.51,2026-10-30,107.0,6975.0,757.05,0.195,87.5,0.2022
2026-07-15,7575.51,2026-10-30,107.0,6980.0,752.9,0.1948,88.1,0.2018
2026-07-15,7575.51,2026-10-30,107.0,6990.0,744.0,0.1938,89.25,0.2009
2026-07-15,7575.51,2026-10-30,107.0,7000.0,735.4,0.1931,90.45,0.2
2026-07-15,7575.51,2026-10-30,107.0,7010.0,726.7,0.1923,91.7,0.1992
2026-07-15,7575.51,2026-10-30,107.0,7020.0,718.1,0.1915,92.9,0.1982
2026-07-15,7575.51,2026-10-30,107.0,7025.0,713.8,0.1912,93.55,0.1978
2026-07-15,7575.51,2026-10-30,107.0,7030.0,709.5,0.1908,94.15,0.1973
2026-07-15,7575.51,2026-10-30,107.0,7040.0,700.9,0.19,95.5,0.1965
2026-07-15,7575.51,2026-10-30,107.0,7050.0,692.35,0.1892,96.8,0.1956
2026-07-15,7575.51,2026-10-30,107.0,7060.0,683.8,0.1884,98.1,0.1947
2026-07-15,7575.51,2026-10-30,107.0,7070.0,675.25,0.1876,99.4,0.1938
2026-07-15,7575.51,2026-10-30,107.0,7075.0,671.0,0.1873,100.1,0.1933
2026-07-15,7575.51,2026-10-30,107.0,7080.0,666.8,0.1869,100.8,0.1929
2026-07-15,7575.51,2026-10-30,107.0,7090.0,658.3,0.1861,102.2,0.192
2026-07-15,7575.51,2026-10-30,107.0,7100.0,649.9,0.1854,103.6,0.1911
2026-07-15,7575.51,2026-10-30,107.0,7110.0,641.4,0.1845,105.1,0.1903
2026-07-15,7575.51,2026-10-30,107.0,7120.0,633.0,0.1838,106.55,0.1894
2026-07-15,7575.51,2026-10-30,107.0,7125.0,628.85,0.1834,107.25,0.1889
2026-07-15,7575.51,2026-10-30,107.0,7130.0,624.65,0.183,108.05,0.1885
2026-07-15,7575.51,2026-10-30,107.0,7140.0,616.35,0.1823,109.55,0.1876
2026-07-15,7575.51,2026-10-30,107.0,7150.0,607.95,0.1814,111.1,0.1868
2026-07-15,7575.51,2026-10-30,107.0,7160.0,599.65,0.1807,112.65,0.1859
2026-07-15,7575.51,2026-10-30,107.0,7170.0,591.4,0.1799,114.25,0.185
2026-07-15,7575.51,2026-10-30,107.0,7175.0,587.3,0.1795,115.1,0.1846
2026-07-15,7575.51,2026-10-30,107.0,7180.0,583.0,0.179,115.95,0.1842
2026-07-15,7575.51,2026-10-30,107.0,7190.0,574.9,0.1783,117.55,0.1832
2026-07-15,7575.51,2026-10-30,107.0,7200.0,566.75,0.1776,119.2,0.1823
2026-07-15,7575.51,2026-10-30,107.0,7210.0,558.6,0.1768,120.95,0.1815
2026-07-15,7575.51,2026-10-30,107.0,7220.0,550.45,0.176,122.6,0.1805
2026-07-15,7575.51,2026-10-30,107.0,7225.0,546.45,0.1756,123.55,0.1801
2026-07-15,7575.51,2026-10-30,107.0,7230.0,542.4,0.1752,124.45,0.1797
2026-07-15,7575.51,2026-10-30,107.0,7240.0,534.35,0.1745,126.2,0.1788
2026-07-15,7575.51,2026-10-30,107.0,7250.0,526.3,0.1737,128.15,0.178
2026-07-15,7575.51,2026-10-30,107.0,7260.0,518.3,0.1729,130.05,0.1771
2026-07-15,7575.51,2026-10-30,107.0,7270.0,510.3,0.1721,131.95,0.1763
2026-07-15,7575.51,2026-10-30,107.0,7275.0,506.4,0.1718,132.95,0.1759
2026-07-15,7575.51,2026-10-30,107.0,7280.0,502.15,0.1712,133.95,0.1754
2026-07-15,7575.51,2026-10-30,107.0,7290.0,494.55,0.1706,135.75,0.1744
2026-07-15,7575.51,2026-10-30,107.0,7300.0,486.65,0.1698,137.9,0.1737
2026-07-15,7575.51,2026-10-30,107.0,7310.0,478.85,0.1691,139.95,0.1728
2026-07-15,7575.51,2026-10-30,107.0,7320.0,471.05,0.1683,142.05,0.1719
2026-07-15,7575.51,2026-10-30,107.0,7325.0,466.95,0.1677,143.15,0.1715
2026-07-15,7575.51,2026-10-30,107.0,7330.0,463.05,0.1673,144.15,0.171
2026-07-15,7575.51,2026-10-30,107.0,7340.0,455.3,0.1665,146.35,0.1702
2026-07-15,7575.51,2026-10-30,107.0,7350.0,447.75,0.1658,148.55,0.1693
2026-07-15,7575.51,2026-10-30,107.0,7360.0,440.1,0.1651,150.8,0.1685
2026-07-15,7575.51,2026-10-30,107.0,7370.0,432.45,0.1642,153.05,0.1676
2026-07-15,7575.51,2026-10-30,107.0,7375.0,428.85,0.164,154.25,0.1671
2026-07-15,7575.51,2026-10-30,107.0,7380.0,424.95,0.1635,155.45,0.1667
2026-07-15,7575.51,2026-10-30,107.0,7390.0,417.45,0.1628,157.85,0.1659
2026-07-15,7575.51,2026-10-30,107.0,7400.0,409.95,0.162,160.3,0.165
2026-07-15,7575.51,2026-10-30,107.0,7410.0,402.75,0.1613,162.75,0.1642
2026-07-15,7575.51,2026-10-30,107.0,7420.0,395.3,0.1605,165.25,0.1633
2026-07-15,7575.51,2026-10-30,107.0,7425.0,391.65,0.1602,166.6,0.1629
2026-07-15,7575.51,2026-10-30,107.0,7430.0,388.05,0.1598,167.85,0.1625
2026-07-15,7575.51,2026-10-30,107.0,7440.0,380.85,0.1591,170.45,0.1616
2026-07-15,7575.51,2026-10-30,107.0,7450.0,373.5,0.1583,173.15,0.1607
2026-07-15,7575.51,2026-10-30,107.0,7460.0,366.45,0.1576,175.85,0.1599
2026-07-15,7575.51,2026-10-30,107.0,7470.0,359.25,0.1568,178.5,0.159
2026-07-15,7575.51,2026-10-30,107.0,7475.0,355.8,0.1565,180.1,0.1587
2026-07-15,7575.51,2026-10-30,107.0,7480.0,352.25,0.1561,181.4,0.1582
2026-07-15,7575.51,2026-10-30,107.0,7490.0,345.15,0.1553,184.3,0.1573
2026-07-15,7575.51,2026-10-30,107.0,7500.0,338.25,0.1546,187.2,0.1565
2026-07-15,7575.51,2026-10-30,107.0,7510.0,331.35,0.1539,190.2,0.1556
2026-07-15,7575.51,2026-10-30,107.0,7520.0,324.6,0.1532,193.3,0.1548
2026-07-15,7575.51,2026-10-30,107.0,7525.0,321.15,0.1528,194.85,0.1544
2026-07-15,7575.51,2026-10-30,107.0,7530.0,317.85,0.1525,196.4,0.1539
2026-07-15,7575.51,2026-10-30,107.0,7540.0,311.15,0.1518,199.55,0.1531
2026-07-15,7575.51,2026-10-30,107.0,7550.0,304.45,0.1511,202.8,0.1523
2026-07-15,7575.51,2026-10-30,107.0,7560.0,297.8,0.1503,206.1,0.1514
2026-07-15,7575.51,2026-10-30,107.0,7570.0,291.45,0.1497,209.4,0.1506
2026-07-15,7575.51,2026-10-30,107.0,7575.0,288.2,0.1494,211.2,0.1502
2026-07-15,7575.51,2026-10-30,107.0,7580.0,284.9,0.149,212.9,0.1498
2026-07-15,7575.51,2026-10-30,107.0,7590.0,278.55,0.1483,216.4,0.1489
2026-07-15,7575.51,2026-10-30,107.0,7600.0,272.25,0.1476,219.9,0.1481
2026-07-15,7575.51,2026-10-30,107.0,7610.0,266.0,0.147,223.6,0.1473
2026-07-15,7575.51,2026-10-30,107.0,7620.0,259.85,0.1463,227.25,0.1464
2026-07-15,7575.51,2026-10-30,107.0,7625.0,256.7,0.1459,229.1,0.146
2026-07-15,7575.51,2026-10-30,107.0,7630.0,253.65,0.1456,231.05,0.1456
2026-07-15,7575.51,2026-10-30,107.0,7640.0,247.65,0.1449,234.95,0.1448
2026-07-15,7575.51,2026-10-30,107.0,7650.0,241.7,0.1443,238.8,0.1439
2026-07-15,7575.51,2026-10-30,107.0,7660.0,235.9,0.1437,242.8,0.1431
2026-07-15,7575.51,2026-10-30,107.0,7670.0,230.05,0.1431,246.8,0.1422
2026-07-15,7575.51,2026-10-30,107.0,7675.0,227.15,0.1427,248.85,0.1418
2026-07-15,7575.51,2026-10-30,107.0,7680.0,224.25,0.1424,250.95,0.1414
2026-07-15,7575.51,2026-10-30,107.0,7690.0,218.7,0.1418,255.15,0.1406
2026-07-15,7575.51,2026-10-30,107.0,7700.0,213.1,0.1412,259.5,0.1398
2026-07-15,7575.51,2026-10-30,107.0,7710.0,207.55,0.1406,263.9,0.139
2026-07-15,7575.51,2026-10-30,107.0,7720.0,202.1,0.1399,268.35,0.1381
2026-07-15,7575.51,2026-10-30,107.0,7725.0,199.4,0.1396,270.6,0.1377
2026-07-15,7575.51,2026-10-30,107.0,7730.0,196.95,0.1395,272.85,0.1373
2026-07-15,7575.51,2026-10-30,107.0,7740.0,191.55,0.1388,277.6,0.1365
2026-07-15,7575.51,2026-10-30,107.0,7750.0,186.45,0.1382,282.2,0.1356
2026-07-15,7575.51,2026-10-30,107.0,7760.0,181.35,0.1377,286.95,0.1347
2026-07-15,7575.51,2026-10-30,107.0,7770.0,176.35,0.1371,292.0,0.1339
2026-07-15,7575.51,2026-10-30,107.0,7775.0,173.85,0.1368,294.45,0.1335
2026-07-15,7575.51,2026-10-30,107.0,7780.0,171.45,0.1366,296.85,0.133
2026-07-15,7575.51,2026-10-30,107.0,7790.0,166.6,0.136,301.95,0.1321
2026-07-15,7575.51,2026-10-30,107.0,7800.0,161.85,0.1355,307.05,0.1312
2026-07-15,7575.51,2026-10-30,107.0,7810.0,157.2,0.1349,312.15,0.1303
2026-07-15,7575.51,2026-10-30,107.0,7820.0,152.6,0.1344,317.55,0.1294
2026-07-15,7575.51,2026-10-30,107.0,7825.0,150.45,0.1342,320.25,0.129
2026-07-15,7575.51,2026-10-30,107.0,7830.0,148.1,0.1339,322.95,0.1285
2026-07-15,7575.51,2026-10-30,107.0,7840.0,143.8,0.1335,328.35,0.1276
2026-07-15,7575.51,2026-10-30,107.0,7850.0,139.35,0.1329,333.9,0.1266
2026-07-15,7575.51,2026-10-30,107.0,7860.0,135.15,0.1324,339.45,0.1254
2026-07-15,7575.51,2026-10-30,107.0,7870.0,131.0,0.1319,345.4,0.1245
2026-07-15,7575.51,2026-10-30,107.0,7875.0,128.95,0.1317,348.15,0.1238
2026-07-15,7575.51,2026-10-30,107.0,7880.0,126.95,0.1315,351.15,0.1234
2026-07-15,7575.51,2026-10-30,107.0,7900.0,119.05,0.1305,363.15,0.1212
2026-07-15,7575.51,2026-10-30,107.0,7925.0,109.75,0.1294,378.45,0.1182
2026-07-15,7575.51,2026-10-30,107.0,7950.0,101.0,0.1284,394.0,0.1141
2026-07-15,7575.51,2026-10-30,107.0,7975.0,92.8,0.1275,410.35,0.1092
2026-07-15,7575.51,2026-10-30,107.0,8000.0,85.1,0.1266,427.25,0.1014
2026-07-15,7575.51,2026-10-30,107.0,8025.0,77.85,0.1257,,
2026-07-15,7575.51,2026-10-30,107.0,8050.0,71.15,0.1249,,
2026-07-15,7575.51,2026-10-30,107.0,8075.0,64.9,0.1242,,
2026-07-15,7575.51,2026-10-30,107.0,8100.0,59.1,0.1235,,
2026-07-15,7575.51,2026-10-30,107.0,8125.0,53.7,0.1228,,
2026-07-15,7575.51,2026-10-30,107.0,8150.0,48.7,0.1221,,
2026-07-15,7575.51,2026-10-30,107.0,8175.0,44.2,0.1216,,
2026-07-15,7575.51,2026-10-30,107.0,8200.0,40.0,0.1211,,
2026-07-15,7575.51,2026-10-30,107.0,8225.0,36.15,0.1206,,
2026-07-15,7575.51,2026-10-30,107.0,8250.0,32.6,0.1202,,
2026-07-15,7575.51,2026-10-30,107.0,8275.0,29.35,0.1197,,
2026-07-15,7575.51,2026-10-30,107.0,8300.0,26.45,0.1194,,
2026-07-15,7575.51,2026-10-30,107.0,8325.0,23.8,0.1191,,
2026-07-15,7575.51,2026-10-30,107.0,8350.0,21.4,0.1188,,
2026-07-15,7575.51,2026-10-30,107.0,8375.0,19.25,0.1186,,
2026-07-15,7575.51,2026-10-30,107.0,8400.0,17.25,0.1184,,
2026-07-15,7575.51,2026-10-30,107.0,8450.0,13.95,0.1183,,
2026-07-15,7575.51,2026-10-30,107.0,8500.0,11.25,0.1182,,
2026-07-15,7575.51,2026-10-30,107.0,8600.0,7.4,0.1187,,
2026-07-15,7575.51,2026-10-30,107.0,8700.0,5.0,0.12,,
2026-07-15,7575.51,2026-11-20,128.0,5700.0,1952.2,0.2748,27.1,0.3096
2026-07-15,7575.51,2026-11-20,128.0,5725.0,1928.9,0.2758,27.5,0.3068
2026-07-15,7575.51,2026-11-20,128.0,5750.0,1904.45,0.273,28.4,0.305
2026-07-15,7575.51,2026-11-20,128.0,5775.0,1880.05,0.2703,28.8,0.3022
2026-07-15,7575.51,2026-11-20,128.0,5800.0,1857.0,0.2717,29.8,0.3006
2026-07-15,7575.51,2026-11-20,128.0,5825.0,1831.65,0.2662,30.3,0.2978
2026-07-15,7575.51,2026-11-20,128.0,5850.0,1809.7,0.2702,31.25,0.296
2026-07-15,7575.51,2026-11-20,128.0,5875.0,1784.65,0.2657,31.8,0.2934
2026-07-15,7575.51,2026-11-20,128.0,5900.0,1761.1,0.265,32.85,0.2917
2026-07-15,7575.51,2026-11-20,128.0,5925.0,1737.1,0.2632,33.45,0.289
2026-07-15,7575.51,2026-11-20,128.0,5950.0,1713.35,0.2619,34.55,0.2873
2026-07-15,7575.51,2026-11-20,128.0,5975.0,1689.35,0.2599,35.2,0.2847
2026-07-15,7575.51,2026-11-20,128.0,6000.0,1666.0,0.2593,36.35,0.283
2026-07-15,7575.51,2026-11-20,128.0,6025.0,1642.35,0.258,37.1,0.2805
2026-07-15,7575.51,2026-11-20,128.0,6050.0,1618.7,0.2565,38.35,0.2789
2026-07-15,7575.51,2026-11-20,128.0,6075.0,1595.0,0.2549,39.05,0.2762
2026-07-15,7575.51,2026-11-20,128.0,6100.0,1571.5,0.2536,40.35,0.2745
2026-07-15,7575.51,2026-11-20,128.0,6125.0,1547.35,0.251,41.2,0.272
2026-07-15,7575.51,2026-11-20,128.0,6150.0,1524.35,0.2505,42.55,0.2703
2026-07-15,7575.51,2026-11-20,128.0,6175.0,1500.75,0.2488,43.5,0.2679
2026-07-15,7575.51,2026-11-20,128.0,6200.0,1477.65,0.2479,44.95,0.2662
2026-07-15,7575.51,2026-11-20,128.0,6225.0,1454.15,0.2462,45.9,0.2637
2026-07-15,7575.51,2026-11-20,128.0,6250.0,1430.9,0.2449,47.45,0.2621
2026-07-15,7575.51,2026-11-20,128.0,6275.0,1407.3,0.2428,48.5,0.2597
2026-07-15,7575.51,2026-11-20,128.0,6300.0,1384.35,0.2418,50.15,0.258
2026-07-15,7575.51,2026-11-20,128.0,6325.0,1361.25,0.2405,51.2,0.2555
2026-07-15,7575.51,2026-11-20,128.0,6350.0,1337.85,0.2386,52.95,0.2538
2026-07-15,7575.51,2026-11-20,128.0,6375.0,1314.95,0.2373,54.15,0.2514
2026-07-15,7575.51,2026-11-20,128.0,6400.0,1291.75,0.2356,56.05,0.2498
2026-07-15,7575.51,2026-11-20,128.0,6425.0,1268.7,0.2339,57.6,0.2478
2026-07-15,7575.51,2026-11-20,128.0,6450.0,1245.4,0.2319,59.25,0.2457
2026-07-15,7575.51,2026-11-20,128.0,6475.0,1223.1,0.2311,60.95,0.2437
2026-07-15,7575.51,2026-11-20,128.0,6500.0,1199.95,0.2291,62.65,0.2416
2026-07-15,7575.51,2026-11-20,128.0,6525.0,1177.45,0.2279,64.5,0.2396
2026-07-15,7575.51,2026-11-20,128.0,6550.0,1154.35,0.2258,66.35,0.2376
2026-07-15,7575.51,2026-11-20,128.0,6575.0,1131.95,0.2245,68.25,0.2355
2026-07-15,7575.51,2026-11-20,128.0,6600.0,1109.0,0.2225,70.25,0.2335
2026-07-15,7575.51,2026-11-20,128.0,6625.0,1086.75,0.2211,72.3,0.2315
2026-07-15,7575.51,2026-11-20,128.0,6650.0,1064.25,0.2194,74.45,0.2295
2026-07-15,7575.51,2026-11-20,128.0,6660.0,1054.7,0.2182,74.85,0.2282
2026-07-15,7575.51,2026-11-20,128.0,6670.0,1045.8,0.2175,75.75,0.2274
2026-07-15,7575.51,2026-11-20,128.0,6675.0,1041.8,0.2177,76.6,0.2274
2026-07-15,7575.51,2026-11-20,128.0,6680.0,1036.8,0.2168,76.6,0.2265
2026-07-15,7575.51,2026-11-20,128.0,6690.0,1027.7,0.216,77.55,0.2258
2026-07-15,7575.51,2026-11-20,128.0,6700.0,1019.4,0.216,78.85,0.2253
2026-07-15,7575.51,2026-11-20,128.0,6710.0,1009.95,0.2147,79.35,0.2241
2026-07-15,7575.51,2026-11-20,128.0,6720.0,1000.95,0.214,80.25,0.2233
2026-07-15,7575.51,2026-11-20,128.0,6725.0,996.8,0.2139,81.2,0.2233
2026-07-15,7575.51,2026-11-20,128.0,6730.0,992.1,0.2133,81.15,0.2224
2026-07-15,7575.51,2026-11-20,128.0,6740.0,983.15,0.2126,82.15,0.2216
2026-07-15,7575.51,2026-11-20,128.0,6750.0,974.6,0.2122,83.6,0.2213
2026-07-15,7575.51,2026-11-20,128.0,6760.0,965.45,0.2112,84.15,0.22
2026-07-15,7575.51,2026-11-20,128.0,6770.0,956.55,0.2105,85.05,0.2191
2026-07-15,7575.51,2026-11-20,128.0,6775.0,952.75,0.2107,86.1,0.2192
2026-07-15,7575.51,2026-11-20,128.0,6780.0,947.95,0.21,86.15,0.2184
2026-07-15,7575.51,2026-11-20,128.0,6790.0,939.4,0.2096,87.15,0.2176
2026-07-15,7575.51,2026-11-20,128.0,6800.0,930.2,0.2085,88.7,0.2172
2026-07-15,7575.51,2026-11-20,128.0,6810.0,921.3,0.2077,89.25,0.2159
2026-07-15,7575.51,2026-11-20,128.0,6820.0,912.8,0.2073,90.25,0.2151
2026-07-15,7575.51,2026-11-20,128.0,6825.0,908.2,0.2067,91.3,0.2151
2026-07-15,7575.51,2026-11-20,128.0,6830.0,903.85,0.2064,91.35,0.2143
2026-07-15,7575.51,2026-11-20,128.0,6840.0,895.1,0.2057,92.45,0.2135
2026-07-15,7575.51,2026-11-20,128.0,6850.0,886.35,0.205,94.1,0.2131
2026-07-15,7575.51,2026-11-20,128.0,6860.0,877.55,0.2042,94.65,0.2118
2026-07-15,7575.51,2026-11-20,128.0,6870.0,868.85,0.2035,95.75,0.2109
2026-07-15,7575.51,2026-11-20,128.0,6875.0,865.1,0.2037,96.9,0.211
2026-07-15,7575.51,2026-11-20,128.0,6880.0,860.45,0.2031,96.95,0.2102
2026-07-15,7575.51,2026-11-20,128.0,6890.0,851.6,0.2022,98.1,0.2093
2026-07-15,7575.51,2026-11-20,128.0,6900.0,843.45,0.2019,99.8,0.2089
2026-07-15,7575.51,2026-11-20,128.0,6910.0,834.05,0.2006,100.5,0.2077
2026-07-15,7575.51,2026-11-20,128.0,6920.0,825.55,0.2,101.7,0.2069
2026-07-15,7575.51,2026-11-20,128.0,6925.0,821.75,0.2,102.8,0.2068
2026-07-15,7575.51,2026-11-20,128.0,6930.0,816.8,0.1991,102.9,0.206
2026-07-15,7575.51,2026-11-20,128.0,6940.0,808.2,0.1984,104.2,0.2052
2026-07-15,7575.51,2026-11-20,128.0,6950.0,800.3,0.1983,106.0,0.2048
2026-07-15,7575.51,2026-11-20,128.0,6960.0,791.75,0.1975,106.75,0.2036
2026-07-15,7575.51,2026-11-20,128.0,6970.0,782.5,0.1962,107.9,0.2026
2026-07-15,7575.51,2026-11-20,128.0,6975.0,779.05,0.1965,109.2,0.2027
2026-07-15,7575.51,2026-11-20,128.0,6980.0,774.55,0.196,109.4,0.2019
2026-07-15,7575.51,2026-11-20,128.0,6990.0,766.1,0.1953,110.7,0.2011
2026-07-15,7575.51,2026-11-20,128.0,7000.0,757.7,0.1947,112.6,0.2007
2026-07-15,7575.51,2026-11-20,128.0,7010.0,749.1,0.1938,113.3,0.1993
2026-07-15,7575.51,2026-11-20,128.0,7020.0,740.1,0.1927,114.7,0.1985
2026-07-15,7575.51,2026-11-20,128.0,7025.0,736.7,0.1929,116.1,0.1986
2026-07-15,7575.51,2026-11-20,128.0,7030.0,731.95,0.1921,116.25,0.1978
2026-07-15,7575.51,2026-11-20,128.0,7040.0,723.55,0.1914,117.7,0.1969
2026-07-15,7575.51,2026-11-20,128.0,7050.0,715.6,0.191,119.6,0.1965
2026-07-15,7575.51,2026-11-20,128.0,7060.0,706.8,0.19,120.6,0.1953
2026-07-15,7575.51,2026-11-20,128.0,7070.0,698.25,0.1891,122.15,0.1945
2026-07-15,7575.51,2026-11-20,128.0,7075.0,694.85,0.1893,123.5,0.1945
2026-07-15,7575.51,2026-11-20,128.0,7080.0,690.1,0.1885,123.7,0.1937
2026-07-15,7575.51,2026-11-20,128.0,7090.0,682.05,0.1879,125.2,0.1928
2026-07-15,7575.51,2026-11-20,128.0,7100.0,674.4,0.1877,127.4,0.1924
2026-07-15,7575.51,2026-11-20,128.0,7110.0,665.05,0.1861,128.25,0.1911
2026-07-15,7575.51,2026-11-20,128.0,7120.0,657.15,0.1856,129.85,0.1902
2026-07-15,7575.51,2026-11-20,128.0,7125.0,653.6,0.1857,131.4,0.1903
2026-07-15,7575.51,2026-11-20,128.0,7130.0,648.95,0.1849,131.65,0.1895
2026-07-15,7575.51,2026-11-20,128.0,7140.0,640.65,0.1841,133.15,0.1886
2026-07-15,7575.51,2026-11-20,128.0,7150.0,633.7,0.1842,135.6,0.1883
2026-07-15,7575.51,2026-11-20,128.0,7160.0,624.25,0.1825,136.55,0.1869
2026-07-15,7575.51,2026-11-20,128.0,7170.0,616.5,0.182,138.55,0.1862
2026-07-15,7575.51,2026-11-20,128.0,7175.0,613.0,0.1821,140.0,0.1862
2026-07-15,7575.51,2026-11-20,128.0,7180.0,608.25,0.1812,140.35,0.1854
2026-07-15,7575.51,2026-11-20,128.0,7190.0,600.3,0.1805,142.15,0.1846
2026-07-15,7575.51,2026-11-20,128.0,7200.0,593.35,0.1805,144.5,0.1841
2026-07-15,7575.51,2026-11-20,128.0,7210.0,584.25,0.179,145.85,0.183
2026-07-15,7575.51,2026-11-20,128.0,7220.0,576.65,0.1785,147.75,0.1822
2026-07-15,7575.51,2026-11-20,128.0,7225.0,573.3,0.1786,149.3,0.1821
2026-07-15,7575.51,2026-11-20,128.0,7230.0,568.45,0.1776,149.65,0.1813
2026-07-15,7575.51,2026-11-20,128.0,7240.0,560.45,0.1768,151.65,0.1805
2026-07-15,7575.51,2026-11-20,128.0,7250.0,553.65,0.1768,154.2,0.1801
2026-07-15,7575.51,2026-11-20,128.0,7260.0,544.9,0.1755,155.65,0.1789
2026-07-15,7575.51,2026-11-20,128.0,7270.0,537.1,0.1747,157.75,0.1781
2026-07-15,7575.51,2026-11-20,128.0,7275.0,534.1,0.175,159.35,0.178
2026-07-15,7575.51,2026-11-20,128.0,7280.0,529.45,0.1741,159.85,0.1773
2026-07-15,7575.51,2026-11-20,128.0,7290.0,521.7,0.1734,161.95,0.1764
2026-07-15,7575.51,2026-11-20,128.0,7300.0,514.8,0.1731,164.75,0.176
2026-07-15,7575.51,2026-11-20,128.0,7310.0,506.25,0.1719,166.1,0.1747
2026-07-15,7575.51,2026-11-20,128.0,7320.0,498.55,0.1711,168.3,0.1739
2026-07-15,7575.51,2026-11-20,128.0,7325.0,495.75,0.1714,170.25,0.174
2026-07-15,7575.51,2026-11-20,128.0,7330.0,491.05,0.1704,170.85,0.1732
2026-07-15,7575.51,2026-11-20,128.0,7340.0,483.6,0.1698,173.15,0.1724
2026-07-15,7575.51,2026-11-20,128.0,7350.0,477.0,0.1696,176.05,0.1719
2026-07-15,7575.51,2026-11-20,128.0,7360.0,468.65,0.1684,177.85,0.1708
2026-07-15,7575.51,2026-11-20,128.0,7370.0,461.2,0.1676,180.05,0.1698
2026-07-15,7575.51,2026-11-20,128.0,7375.0,458.4,0.1678,182.15,0.1699
2026-07-15,7575.51,2026-11-20,128.0,7380.0,453.8,0.1669,182.75,0.1691
2026-07-15,7575.51,2026-11-20,128.0,7390.0,446.5,0.1663,185.3,0.1684
2026-07-15,7575.51,2026-11-20,128.0,7400.0,440.1,0.1661,188.45,0.1679
2026-07-15,7575.51,2026-11-20,128.0,7410.0,431.9,0.1648,190.2,0.1666
2026-07-15,7575.51,2026-11-20,128.0,7420.0,424.55,0.1641,193.05,0.1659
2026-07-15,7575.51,2026-11-20,128.0,7425.0,421.95,0.1643,194.95,0.1659
2026-07-15,7575.51,2026-11-20,128.0,7430.0,417.35,0.1633,195.5,0.165
2026-07-15,7575.51,2026-11-20,128.0,7440.0,410.25,0.1627,198.45,0.1643
2026-07-15,7575.51,2026-11-20,128.0,7450.0,404.4,0.1627,201.85,0.1639
2026-07-15,7575.51,2026-11-20,128.0,7460.0,396.15,0.1613,204.05,0.1627
2026-07-15,7575.51,2026-11-20,128.0,7470.0,389.15,0.1606,206.9,0.1619
2026-07-15,7575.51,2026-11-20,128.0,7475.0,386.85,0.161,209.0,0.1619
2026-07-15,7575.51,2026-11-20,128.0,7480.0,382.25,0.1599,209.8,0.1611
2026-07-15,7575.51,2026-11-20,128.0,7490.0,375.35,0.1593,212.6,0.1602
2026-07-15,7575.51,2026-11-20,128.0,7500.0,369.75,0.1593,216.4,0.1599
2026-07-15,7575.51,2026-11-20,128.0,7510.0,361.75,0.1579,218.65,0.1586
2026-07-15,7575.51,2026-11-20,128.0,7520.0,355.0,0.1572,221.8,0.1578
2026-07-15,7575.51,2026-11-20,128.0,7525.0,352.8,0.1576,224.3,0.1579
2026-07-15,7575.51,2026-11-20,128.0,7530.0,348.35,0.1566,225.25,0.1572
2026-07-15,7575.51,2026-11-20,128.0,7540.0,341.75,0.1559,228.2,0.1562
2026-07-15,7575.51,2026-11-20,128.0,7550.0,336.3,0.1559,232.4,0.1559
2026-07-15,7575.51,2026-11-20,128.0,7560.0,328.65,0.1546,235.1,0.1548
2026-07-15,7575.51,2026-11-20,128.0,7570.0,322.25,0.154,238.25,0.1539
2026-07-15,7575.51,2026-11-20,128.0,7575.0,320.2,0.1543,240.75,0.1539
2026-07-15,7575.51,2026-11-20,128.0,7580.0,315.85,0.1534,241.75,0.1531
2026-07-15,7575.51,2026-11-20,128.0,7590.0,309.55,0.1527,245.25,0.1523
2026-07-15,7575.51,2026-11-20,128.0,7600.0,304.35,0.1527,249.75,0.152
2026-07-15,7575.51,2026-11-20,128.0,7610.0,297.05,0.1515,252.45,0.1507
2026-07-15,7575.51,2026-11-20,128.0,7620.0,290.95,0.1509,256.2,0.1499
2026-07-15,7575.51,2026-11-20,128.0,7625.0,289.05,0.1512,259.05,0.1501
2026-07-15,7575.51,2026-11-20,128.0,7630.0,284.85,0.1502,259.95,0.1491
2026-07-15,7575.51,2026-11-20,128.0,7640.0,278.85,0.1496,263.8,0.1483
2026-07-15,7575.51,2026-11-20,128.0,7650.0,274.05,0.1497,268.6,0.148
2026-07-15,7575.51,2026-11-20,128.0,7660.0,267.05,0.1484,271.7,0.1468
2026-07-15,7575.51,2026-11-20,128.0,7670.0,261.2,0.1478,275.7,0.1459
2026-07-15,7575.51,2026-11-20,128.0,7675.0,259.5,0.1482,278.6,0.146
2026-07-15,7575.51,2026-11-20,128.0,7680.0,255.45,0.1472,279.8,0.1452
2026-07-15,7575.51,2026-11-20,128.0,7690.0,249.75,0.1466,284.0,0.1444
2026-07-15,7575.51,2026-11-20,128.0,7700.0,245.25,0.1467,289.05,0.1441
2026-07-15,7575.51,2026-11-20,128.0,7710.0,238.65,0.1455,292.6,0.1428
2026-07-15,7575.51,2026-11-20,128.0,7720.0,233.15,0.1449,296.9,0.142
2026-07-15,7575.51,2026-11-20,128.0,7725.0,231.6,0.1453,300.0,0.1421
2026-07-15,7575.51,2026-11-20,128.0,7730.0,227.75,0.1444,301.4,0.1412
2026-07-15,7575.51,2026-11-20,128.0,7740.0,222.45,0.1438,305.9,0.1404
2026-07-15,7575.51,2026-11-20,128.0,7750.0,218.3,0.1439,311.4,0.1401
2026-07-15,7575.51,2026-11-20,128.0,7760.0,212.0,0.1428,315.2,0.1387
2026-07-15,7575.51,2026-11-20,128.0,7770.0,206.9,0.1422,319.9,0.1379
2026-07-15,7575.51,2026-11-20,128.0,7775.0,205.4,0.1425,323.1,0.1379
2026-07-15,7575.51,2026-11-20,128.0,7780.0,201.85,0.1417,324.7,0.137
2026-07-15,7575.51,2026-11-20,128.0,7790.0,196.9,0.1412,329.65,0.1362
2026-07-15,7575.51,2026-11-20,128.0,7800.0,193.15,0.1413,335.5,0.1359
2026-07-15,7575.51,2026-11-20,128.0,7810.0,186.85,0.14,339.65,0.1345
2026-07-15,7575.51,2026-11-20,128.0,7820.0,182.45,0.1396,344.75,0.1336
2026-07-15,7575.51,2026-11-20,128.0,7825.0,181.3,0.1401,348.15,0.1337
2026-07-15,7575.51,2026-11-20,128.0,7830.0,177.8,0.1392,349.9,0.1328
2026-07-15,7575.51,2026-11-20,128.0,7840.0,172.9,0.1385,355.15,0.1319
2026-07-15,7575.51,2026-11-20,128.0,7850.0,169.7,0.1388,361.35,0.1315
2026-07-15,7575.51,2026-11-20,128.0,7860.0,164.25,0.1377,365.9,0.1299
2026-07-15,7575.51,2026-11-20,128.0,7870.0,159.6,0.1371,371.4,0.1289
2026-07-15,7575.51,2026-11-20,128.0,7875.0,158.85,0.1376,375.0,0.1289
2026-07-15,7575.51,2026-11-20,128.0,7880.0,155.65,0.1368,376.95,0.1278
2026-07-15,7575.51,2026-11-20,128.0,7890.0,151.45,0.1363,382.6,0.1268
2026-07-15,7575.51,2026-11-20,128.0,7900.0,148.35,0.1365,389.25,0.1264
2026-07-15,7575.51,2026-11-20,128.0,7910.0,142.95,0.1353,394.15,0.1247
2026-07-15,7575.51,2026-11-20,128.0,7920.0,139.3,0.135,399.95,0.1236
2026-07-15,7575.51,2026-11-20,128.0,7925.0,138.35,0.1354,403.8,0.1237
2026-07-15,7575.51,2026-11-20,128.0,7930.0,135.1,0.1344,405.8,0.1223
2026-07-15,7575.51,2026-11-20,128.0,7940.0,131.35,0.134,411.8,0.121
2026-07-15,7575.51,2026-11-20,128.0,7950.0,128.85,0.1344,418.95,0.1205
2026-07-15,7575.51,2026-11-20,128.0,7960.0,124.2,0.1334,424.1,0.1181
2026-07-15,7575.51,2026-11-20,128.0,7970.0,120.4,0.1328,430.4,0.1166
2026-07-15,7575.51,2026-11-20,128.0,7975.0,119.9,0.1334,434.55,0.1167
2026-07-15,7575.51,2026-11-20,128.0,7980.0,116.9,0.1325,436.7,0.115
2026-07-15,7575.51,2026-11-20,128.0,7990.0,113.45,0.1321,443.15,0.113
2026-07-15,7575.51,2026-11-20,128.0,8000.0,111.4,0.1325,450.9,0.1122
2026-07-15,7575.51,2026-11-20,128.0,8025.0,103.25,0.1316,467.2,0.1046
2026-07-15,7575.51,2026-11-20,128.0,8050.0,95.6,0.1307,,
2026-07-15,7575.51,2026-11-20,128.0,8075.0,88.35,0.1299,,
2026-07-15,7575.51,2026-11-20,128.0,8100.0,81.7,0.1292,,
2026-07-15,7575.51,2026-11-20,128.0,8125.0,74.45,0.1278,,
2026-07-15,7575.51,2026-11-20,128.0,8150.0,69.35,0.1278,,
2026-07-15,7575.51,2026-11-20,128.0,8175.0,62.9,0.1264,,
2026-07-15,7575.51,2026-11-20,128.0,8200.0,58.7,0.1266,,
2026-07-15,7575.51,2026-11-20,128.0,8225.0,53.05,0.1253,,
2026-07-15,7575.51,2026-11-20,128.0,8250.0,49.4,0.1255,,
2026-07-15,7575.51,2026-11-20,128.0,8275.0,44.5,0.1243,,
2026-07-15,7575.51,2026-11-20,128.0,8300.0,41.35,0.1245,,
2026-07-15,7575.51,2026-11-20,128.0,8325.0,37.15,0.1235,,
2026-07-15,7575.51,2026-11-20,128.0,8350.0,34.55,0.1238,,
2026-07-15,7575.51,2026-11-20,128.0,8375.0,30.85,0.1227,,
2026-07-15,7575.51,2026-11-20,128.0,8400.0,28.7,0.1231,,
2026-07-15,7575.51,2026-11-20,128.0,8425.0,25.6,0.1221,,
2026-07-15,7575.51,2026-11-20,128.0,8450.0,23.75,0.1225,,
2026-07-15,7575.51,2026-11-20,128.0,8475.0,21.15,0.1216,,
2026-07-15,7575.51,2026-11-20,128.0,8500.0,19.7,0.1221,,
2026-07-15,7575.51,2026-11-20,128.0,8525.0,17.45,0.1212,,
2026-07-15,7575.51,2026-11-20,128.0,8550.0,16.2,0.1217,,
2026-07-15,7575.51,2026-11-20,128.0,8575.0,14.35,0.1209,,
2026-07-15,7575.51,2026-11-20,128.0,8600.0,13.4,0.1216,,
2026-07-15,7575.51,2026-11-20,128.0,8650.0,11.1,0.1216,,
2026-07-15,7575.51,2026-11-20,128.0,8700.0,9.25,0.1219,,
2026-07-15,7575.51,2026-11-30,138.0,5700.0,1958.45,0.2665,29.3,0.3039
2026-07-15,7575.51,2026-11-30,138.0,5750.0,1910.85,0.265,30.75,0.2997
2026-07-15,7575.51,2026-11-30,138.0,5800.0,1862.85,0.262,32.25,0.2953
2026-07-15,7575.51,2026-11-30,138.0,5850.0,1816.05,0.2618,33.85,0.2911
2026-07-15,7575.51,2026-11-30,138.0,5900.0,1768.55,0.2593,35.55,0.2868
2026-07-15,7575.51,2026-11-30,138.0,5950.0,1720.95,0.2563,37.35,0.2826
2026-07-15,7575.51,2026-11-30,138.0,6000.0,1673.45,0.2532,39.3,0.2785
2026-07-15,7575.51,2026-11-30,138.0,6050.0,1627.35,0.2527,41.35,0.2744
2026-07-15,7575.51,2026-11-30,138.0,6100.0,1579.25,0.2478,43.55,0.2703
2026-07-15,7575.51,2026-11-30,138.0,6150.0,1531.95,0.2443,45.9,0.2663
2026-07-15,7575.51,2026-11-30,138.0,6200.0,1485.35,0.2418,48.4,0.2623
2026-07-15,7575.51,2026-11-30,138.0,6250.0,1438.35,0.2383,51.05,0.2583
2026-07-15,7575.51,2026-11-30,138.0,6275.0,1415.7,0.2378,52.45,0.2563
2026-07-15,7575.51,2026-11-30,138.0,6300.0,1392.65,0.2365,53.85,0.2543
2026-07-15,7575.51,2026-11-30,138.0,6325.0,1369.9,0.2356,55.35,0.2524
2026-07-15,7575.51,2026-11-30,138.0,6350.0,1346.8,0.2341,56.9,0.2504
2026-07-15,7575.51,2026-11-30,138.0,6375.0,1324.25,0.2333,58.45,0.2484
2026-07-15,7575.51,2026-11-30,138.0,6400.0,1300.75,0.231,60.1,0.2465
2026-07-15,7575.51,2026-11-30,138.0,6425.0,1278.2,0.23,61.75,0.2445
2026-07-15,7575.51,2026-11-30,138.0,6450.0,1255.0,0.2281,63.45,0.2425
2026-07-15,7575.51,2026-11-30,138.0,6475.0,1232.15,0.2265,65.25,0.2406
2026-07-15,7575.51,2026-11-30,138.0,6500.0,1209.85,0.2255,67.05,0.2386
2026-07-15,7575.51,2026-11-30,138.0,6525.0,1186.7,0.2234,68.95,0.2366
2026-07-15,7575.51,2026-11-30,138.0,6550.0,1164.05,0.2219,70.85,0.2346
2026-07-15,7575.51,2026-11-30,138.0,6575.0,1141.5,0.2203,72.85,0.2326
2026-07-15,7575.51,2026-11-30,138.0,6600.0,1118.9,0.2187,74.95,0.2307
2026-07-15,7575.51,2026-11-30,138.0,6625.0,1096.45,0.2171,77.1,0.2287
2026-07-15,7575.51,2026-11-30,138.0,6650.0,1074.3,0.2157,79.3,0.2268
2026-07-15,7575.51,2026-11-30,138.0,6675.0,1051.95,0.2141,81.55,0.2248
2026-07-15,7575.51,2026-11-30,138.0,6700.0,1029.7,0.2125,83.9,0.2228
2026-07-15,7575.51,2026-11-30,138.0,6725.0,1007.55,0.2108,86.35,0.2209
2026-07-15,7575.51,2026-11-30,138.0,6750.0,985.4,0.2091,88.85,0.2189
2026-07-15,7575.51,2026-11-30,138.0,6775.0,963.35,0.2074,91.4,0.2169
2026-07-15,7575.51,2026-11-30,138.0,6800.0,941.45,0.2058,94.1,0.2149
2026-07-15,7575.51,2026-11-30,138.0,6825.0,919.35,0.2039,96.75,0.2129
2026-07-15,7575.51,2026-11-30,138.0,6850.0,897.6,0.2022,99.65,0.211
2026-07-15,7575.51,2026-11-30,138.0,6875.0,875.9,0.2005,102.55,0.2089
2026-07-15,7575.51,2026-11-30,138.0,6900.0,854.6,0.199,105.55,0.2069
2026-07-15,7575.51,2026-11-30,138.0,6925.0,833.15,0.1973,108.65,0.2049
2026-07-15,7575.51,2026-11-30,138.0,6950.0,811.8,0.1956,111.85,0.2029
2026-07-15,7575.51,2026-11-30,138.0,6975.0,790.55,0.1939,115.25,0.201
2026-07-15,7575.51,2026-11-30,138.0,7000.0,769.4,0.1922,118.65,0.1989
2026-07-15,7575.51,2026-11-30,138.0,7025.0,747.9,0.1901,122.15,0.1969
2026-07-15,7575.51,2026-11-30,138.0,7050.0,727.5,0.1887,125.95,0.1949
2026-07-15,7575.51,2026-11-30,138.0,7075.0,706.4,0.1867,129.7,0.1929
2026-07-15,7575.51,2026-11-30,138.0,7100.0,686.15,0.1852,133.7,0.1909
2026-07-15,7575.51,2026-11-30,138.0,7125.0,665.8,0.1836,137.85,0.1889
2026-07-15,7575.51,2026-11-30,138.0,7150.0,645.7,0.182,142.0,0.1868
2026-07-15,7575.51,2026-11-30,138.0,7175.0,625.6,0.1802,146.55,0.1849
2026-07-15,7575.51,2026-11-30,138.0,7200.0,605.5,0.1784,151.15,0.1829
2026-07-15,7575.51,2026-11-30,138.0,7225.0,585.9,0.1768,155.95,0.1809
2026-07-15,7575.51,2026-11-30,138.0,7250.0,566.15,0.175,160.95,0.179
2026-07-15,7575.51,2026-11-30,138.0,7275.0,546.95,0.1734,166.05,0.1769
2026-07-15,7575.51,2026-11-30,138.0,7300.0,527.7,0.1716,171.5,0.175
2026-07-15,7575.51,2026-11-30,138.0,7310.0,520.05,0.1709,173.85,0.1743
2026-07-15,7575.51,2026-11-30,138.0,7320.0,512.55,0.1703,176.05,0.1735
2026-07-15,7575.51,2026-11-30,138.0,7325.0,508.65,0.1699,177.15,0.173
2026-07-15,7575.51,2026-11-30,138.0,7330.0,504.9,0.1695,178.3,0.1726
2026-07-15,7575.51,2026-11-30,138.0,7340.0,497.4,0.1689,180.65,0.1719
2026-07-15,7575.51,2026-11-30,138.0,7350.0,489.9,0.1682,183.05,0.1711
2026-07-15,7575.51,2026-11-30,138.0,7360.0,482.55,0.1675,185.45,0.1703
2026-07-15,7575.51,2026-11-30,138.0,7370.0,475.05,0.1668,187.8,0.1695
2026-07-15,7575.51,2026-11-30,138.0,7375.0,471.45,0.1665,189.1,0.1691
2026-07-15,7575.51,2026-11-30,138.0,7380.0,467.7,0.1661,190.35,0.1687
2026-07-15,7575.51,2026-11-30,138.0,7390.0,460.45,0.1655,192.9,0.168
2026-07-15,7575.51,2026-11-30,138.0,7400.0,453.15,0.1648,195.4,0.1672
2026-07-15,7575.51,2026-11-30,138.0,7410.0,445.95,0.1642,198.0,0.1664
2026-07-15,7575.51,2026-11-30,138.0,7420.0,438.8,0.1635,200.65,0.1656
2026-07-15,7575.51,2026-11-30,138.0,7425.0,435.2,0.1632,202.0,0.1652
2026-07-15,7575.51,2026-11-30,138.0,7430.0,431.6,0.1628,203.3,0.1648
2026-07-15,7575.51,2026-11-30,138.0,7440.0,424.45,0.1621,206.05,0.164
2026-07-15,7575.51,2026-11-30,138.0,7450.0,417.6,0.1616,208.75,0.1632
2026-07-15,7575.51,2026-11-30,138.0,7460.0,410.4,0.1608,211.65,0.1625
2026-07-15,7575.51,2026-11-30,138.0,7470.0,403.6,0.1603,214.55,0.1617
2026-07-15,7575.51,2026-11-30,138.0,7475.0,399.95,0.1599,215.95,0.1613
2026-07-15,7575.51,2026-11-30,138.0,7480.0,396.45,0.1595,217.55,0.161
2026-07-15,7575.51,2026-11-30,138.0,7490.0,389.6,0.1589,220.3,0.1601
2026-07-15,7575.51,2026-11-30,138.0,7500.0,382.8,0.1582,223.4,0.1594
2026-07-15,7575.51,2026-11-30,138.0,7510.0,376.0,0.1576,226.45,0.1586
2026-07-15,7575.51,2026-11-30,138.0,7520.0,369.2,0.1569,229.5,0.1578
2026-07-15,7575.51,2026-11-30,138.0,7525.0,365.95,0.1566,231.15,0.1574
2026-07-15,7575.51,2026-11-30,138.0,7530.0,362.6,0.1563,232.75,0.157
2026-07-15,7575.51,2026-11-30,138.0,7540.0,356.0,0.1557,236.1,0.1563
2026-07-15,7575.51,2026-11-30,138.0,7550.0,349.6,0.1551,239.25,0.1555
2026-07-15,7575.51,2026-11-30,138.0,7560.0,342.8,0.1543,242.6,0.1548
2026-07-15,7575.51,2026-11-30,138.0,7570.0,336.4,0.1538,246.05,0.154
2026-07-15,7575.51,2026-11-30,138.0,7575.0,333.2,0.1535,247.65,0.1536
2026-07-15,7575.51,2026-11-30,138.0,7580.0,330.05,0.1532,249.4,0.1532
2026-07-15,7575.51,2026-11-30,138.0,7590.0,323.8,0.1526,252.8,0.1524
2026-07-15,7575.51,2026-11-30,138.0,7600.0,317.6,0.152,256.4,0.1516
2026-07-15,7575.51,2026-11-30,138.0,7610.0,311.15,0.1513,260.0,0.1509
2026-07-15,7575.51,2026-11-30,138.0,7620.0,305.05,0.1508,263.8,0.1502
2026-07-15,7575.51,2026-11-30,138.0,7625.0,301.95,0.1504,265.55,0.1497
2026-07-15,7575.51,2026-11-30,138.0,7630.0,298.8,0.1501,267.5,0.1494
2026-07-15,7575.51,2026-11-30,138.0,7640.0,292.8,0.1495,271.15,0.1485
2026-07-15,7575.51,2026-11-30,138.0,7650.0,286.8,0.1489,275.2,0.1478
2026-07-15,7575.51,2026-11-30,138.0,7660.0,281.0,0.1484,279.15,0.1471
2026-07-15,7575.51,2026-11-30,138.0,7670.0,275.1,0.1478,283.15,0.1463
2026-07-15,7575.51,2026-11-30,138.0,7675.0,272.3,0.1476,285.1,0.1459
2026-07-15,7575.51,2026-11-30,138.0,7680.0,269.45,0.1473,287.25,0.1456
2026-07-15,7575.51,2026-11-30,138.0,7690.0,263.6,0.1467,291.2,0.1447
2026-07-15,7575.51,2026-11-30,138.0,7700.0,257.95,0.1461,295.5,0.144
2026-07-15,7575.51,2026-11-30,138.0,7710.0,252.35,0.1456,299.75,0.1432
2026-07-15,7575.51,2026-11-30,138.0,7720.0,246.8,0.145,304.05,0.1424
2026-07-15,7575.51,2026-11-30,138.0,7725.0,244.0,0.1447,306.2,0.142
2026-07-15,7575.51,2026-11-30,138.0,7730.0,241.45,0.1445,308.45,0.1417
2026-07-15,7575.51,2026-11-30,138.0,7740.0,235.95,0.1439,312.8,0.1408
2026-07-15,7575.51,2026-11-30,138.0,7750.0,230.7,0.1434,317.2,0.1399
2026-07-15,7575.51,2026-11-30,138.0,7775.0,217.8,0.1422,329.0,0.138
2026-07-15,7575.51,2026-11-30,138.0,7800.0,205.2,0.1409,341.2,0.136
2026-07-15,7575.51,2026-11-30,138.0,7825.0,193.1,0.1397,353.5,0.1338
2026-07-15,7575.51,2026-11-30,138.0,7850.0,181.45,0.1385,366.4,0.1316
2026-07-15,7575.51,2026-11-30,138.0,7875.0,170.3,0.1373,379.9,0.1292
2026-07-15,7575.51,2026-11-30,138.0,7900.0,159.65,0.1363,394.0,0.1268
2026-07-15,7575.51,2026-11-30,138.0,7925.0,149.35,0.1352,408.15,0.1241
2026-07-15,7575.51,2026-11-30,138.0,7950.0,139.6,0.1342,423.0,0.1212
2026-07-15,7575.51,2026-11-30,138.0,7975.0,130.3,0.1332,438.3,0.1176
2026-07-15,7575.51,2026-11-30,138.0,8000.0,121.35,0.1322,454.05,0.1134
2026-07-15,7575.51,2026-11-30,138.0,8025.0,112.95,0.1314,470.35,0.1077
2026-07-15,7575.51,2026-11-30,138.0,8050.0,105.05,0.1306,486.95,0.0992
2026-07-15,7575.51,2026-11-30,138.0,8075.0,97.6,0.1298,,
2026-07-15,7575.51,2026-11-30,138.0,8100.0,90.45,0.129,,
2026-07-15,7575.51,2026-11-30,138.0,8125.0,83.75,0.1283,,
2026-07-15,7575.51,2026-11-30,138.0,8150.0,77.55,0.1277,,
2026-07-15,7575.51,2026-11-30,138.0,8175.0,71.65,0.127,,
2026-07-15,7575.51,2026-11-30,138.0,8200.0,66.15,0.1265,,
2026-07-15,7575.51,2026-11-30,138.0,8225.0,61.0,0.1259,,
2026-07-15,7575.51,2026-11-30,138.0,8250.0,56.15,0.1254,,
2026-07-15,7575.51,2026-11-30,138.0,8275.0,51.65,0.1249,,
2026-07-15,7575.51,2026-11-30,138.0,8300.0,47.5,0.1244,,
2026-07-15,7575.51,2026-11-30,138.0,8350.0,39.9,0.1235,,
2026-07-15,7575.51,2026-11-30,138.0,8400.0,33.45,0.1228,,
2026-07-15,7575.51,2026-11-30,138.0,8450.0,27.95,0.1221,,
2026-07-15,7575.51,2026-11-30,138.0,8500.0,23.3,0.1216,,
2026-07-15,7575.51,2026-11-30,138.0,8600.0,16.1,0.1209,,
2026-07-15,7575.51,2026-11-30,138.0,8700.0,11.15,0.1208,,
2026-07-15,7575.51,2026-12-18,156.0,5700.0,1973.55,0.2646,35.85,0.3001
2026-07-15,7575.51,2026-12-18,156.0,5725.0,1950.0,0.264,36.7,0.2981
2026-07-15,7575.51,2026-12-18,156.0,5750.0,1926.15,0.2626,37.55,0.2961
2026-07-15,7575.51,2026-12-18,156.0,5775.0,1902.7,0.2621,38.45,0.2941
2026-07-15,7575.51,2026-12-18,156.0,5800.0,1878.85,0.2605,39.35,0.292
2026-07-15,7575.51,2026-12-18,156.0,5825.0,1855.5,0.26,40.35,0.2901
2026-07-15,7575.51,2026-12-18,156.0,5850.0,1831.95,0.2589,41.3,0.2881
2026-07-15,7575.51,2026-12-18,156.0,5875.0,1808.25,0.2575,42.3,0.2861
2026-07-15,7575.51,2026-12-18,156.0,5900.0,1784.7,0.2563,43.35,0.2842
2026-07-15,7575.51,2026-12-18,156.0,5925.0,1761.4,0.2555,44.4,0.2822
2026-07-15,7575.51,2026-12-18,156.0,5950.0,1737.35,0.2532,45.5,0.2802
2026-07-15,7575.51,2026-12-18,156.0,5975.0,1714.55,0.2531,46.6,0.2783
2026-07-15,7575.51,2026-12-18,156.0,6000.0,1690.95,0.2516,47.75,0.2763
2026-07-15,7575.51,2026-12-18,156.0,6025.0,1667.2,0.2496,49.0,0.2745
2026-07-15,7575.51,2026-12-18,156.0,6050.0,1644.15,0.2489,50.2,0.2725
2026-07-15,7575.51,2026-12-18,156.0,6075.0,1620.85,0.2476,51.5,0.2706
2026-07-15,7575.51,2026-12-18,156.0,6100.0,1598.5,0.2478,52.75,0.2686
2026-07-15,7575.51,2026-12-18,156.0,6125.0,1574.35,0.245,54.1,0.2667
2026-07-15,7575.51,2026-12-18,156.0,6150.0,1552.1,0.2451,55.5,0.2649
2026-07-15,7575.51,2026-12-18,156.0,6175.0,1528.85,0.2436,56.9,0.263
2026-07-15,7575.51,2026-12-18,156.0,6200.0,1505.8,0.2423,58.3,0.261
2026-07-15,7575.51,2026-12-18,156.0,6225.0,1482.4,0.2404,59.8,0.2591
2026-07-15,7575.51,2026-12-18,156.0,6250.0,1459.4,0.2391,61.4,0.2573
2026-07-15,7575.51,2026-12-18,156.0,6275.0,1436.45,0.2377,63.0,0.2554
2026-07-15,7575.51,2026-12-18,156.0,6300.0,1413.55,0.2364,64.6,0.2535
2026-07-15,7575.51,2026-12-18,156.0,6325.0,1390.8,0.2351,66.3,0.2516
2026-07-15,7575.51,2026-12-18,156.0,6350.0,1368.1,0.2339,68.05,0.2498
2026-07-15,7575.51,2026-12-18,156.0,6375.0,1345.25,0.2323,69.85,0.2479
2026-07-15,7575.51,2026-12-18,156.0,6400.0,1322.65,0.231,71.65,0.246
2026-07-15,7575.51,2026-12-18,156.0,6425.0,1299.95,0.2296,73.55,0.2442
2026-07-15,7575.51,2026-12-18,156.0,6450.0,1277.35,0.2281,75.5,0.2423
2026-07-15,7575.51,2026-12-18,156.0,6475.0,1254.6,0.2264,77.55,0.2405
2026-07-15,7575.51,2026-12-18,156.0,6500.0,1232.15,0.225,79.45,0.2385
2026-07-15,7575.51,2026-12-18,156.0,6525.0,1210.0,0.2238,81.7,0.2367
2026-07-15,7575.51,2026-12-18,156.0,6550.0,1187.55,0.2223,83.9,0.2349
2026-07-15,7575.51,2026-12-18,156.0,6575.0,1165.1,0.2206,86.0,0.2329
2026-07-15,7575.51,2026-12-18,156.0,6600.0,1143.15,0.2194,88.45,0.2312
2026-07-15,7575.51,2026-12-18,156.0,6625.0,1120.75,0.2177,90.75,0.2292
2026-07-15,7575.51,2026-12-18,156.0,6650.0,1098.7,0.2162,93.3,0.2275
2026-07-15,7575.51,2026-12-18,156.0,6675.0,1076.6,0.2146,95.85,0.2256
2026-07-15,7575.51,2026-12-18,156.0,6700.0,1054.65,0.2131,98.35,0.2237
2026-07-15,7575.51,2026-12-18,156.0,6725.0,1032.75,0.2115,101.05,0.2219
2026-07-15,7575.51,2026-12-18,156.0,6750.0,1010.9,0.2099,103.75,0.2199
2026-07-15,7575.51,2026-12-18,156.0,6775.0,989.15,0.2083,106.6,0.2181
2026-07-15,7575.51,2026-12-18,156.0,6800.0,967.85,0.207,109.5,0.2162
2026-07-15,7575.51,2026-12-18,156.0,6825.0,946.1,0.2053,112.5,0.2143
2026-07-15,7575.51,2026-12-18,156.0,6850.0,924.6,0.2036,115.45,0.2123
2026-07-15,7575.51,2026-12-18,156.0,6875.0,903.55,0.2023,118.75,0.2105
2026-07-15,7575.51,2026-12-18,156.0,6900.0,882.05,0.2005,122.0,0.2086
2026-07-15,7575.51,2026-12-18,156.0,6925.0,860.85,0.1989,125.4,0.2068
2026-07-15,7575.51,2026-12-18,156.0,6950.0,840.05,0.1974,128.85,0.2049
2026-07-15,7575.51,2026-12-18,156.0,6975.0,818.85,0.1956,132.4,0.2029
2026-07-15,7575.51,2026-12-18,156.0,7000.0,798.15,0.1941,136.15,0.2011
2026-07-15,7575.51,2026-12-18,156.0,7025.0,777.3,0.1924,140.0,0.1992
2026-07-15,7575.51,2026-12-18,156.0,7050.0,756.75,0.1908,143.85,0.1972
2026-07-15,7575.51,2026-12-18,156.0,7075.0,736.3,0.1891,147.8,0.1953
2026-07-15,7575.51,2026-12-18,156.0,7100.0,716.0,0.1875,152.0,0.1934
2026-07-15,7575.51,2026-12-18,156.0,7125.0,695.9,0.1859,156.55,0.1916
2026-07-15,7575.51,2026-12-18,156.0,7150.0,675.75,0.1842,161.1,0.1897
2026-07-15,7575.51,2026-12-18,156.0,7175.0,656.0,0.1826,165.75,0.1878
2026-07-15,7575.51,2026-12-18,156.0,7200.0,636.25,0.181,170.65,0.186
2026-07-15,7575.51,2026-12-18,156.0,7225.0,616.55,0.1792,175.55,0.184
2026-07-15,7575.51,2026-12-18,156.0,7250.0,597.55,0.1778,180.6,0.182
2026-07-15,7575.51,2026-12-18,156.0,7275.0,578.25,0.1761,186.1,0.1802
2026-07-15,7575.51,2026-12-18,156.0,7300.0,559.3,0.1745,191.7,0.1784
2026-07-15,7575.51,2026-12-18,156.0,7325.0,540.65,0.173,197.4,0.1764
2026-07-15,7575.51,2026-12-18,156.0,7350.0,522.15,0.1714,203.15,0.1744
2026-07-15,7575.51,2026-12-18,156.0,7375.0,503.8,0.1698,209.6,0.1727
2026-07-15,7575.51,2026-12-18,156.0,7400.0,485.7,0.1682,215.8,0.1707
2026-07-15,7575.51,2026-12-18,156.0,7425.0,467.85,0.1667,222.75,0.169
2026-07-15,7575.51,2026-12-18,156.0,7450.0,450.25,0.1651,229.65,0.1671
2026-07-15,7575.51,2026-12-18,156.0,7475.0,432.85,0.1635,236.6,0.1651
2026-07-15,7575.51,2026-12-18,156.0,7500.0,415.75,0.162,244.35,0.1634
2026-07-15,7575.51,2026-12-18,156.0,7525.0,398.95,0.1605,251.8,0.1614
2026-07-15,7575.51,2026-12-18,156.0,7550.0,382.45,0.159,259.85,0.1596
2026-07-15,7575.51,2026-12-18,156.0,7575.0,366.3,0.1575,268.25,0.1577
2026-07-15,7575.51,2026-12-18,156.0,7600.0,350.45,0.156,276.9,0.1559
2026-07-15,7575.51,2026-12-18,156.0,7625.0,334.9,0.1546,285.95,0.154
2026-07-15,7575.51,2026-12-18,156.0,7650.0,319.75,0.1532,295.25,0.1522
2026-07-15,7575.51,2026-12-18,156.0,7675.0,304.95,0.1519,305.0,0.1503
2026-07-15,7575.51,2026-12-18,156.0,7700.0,290.45,0.1505,315.1,0.1485
2026-07-15,7575.51,2026-12-18,156.0,7725.0,276.4,0.1492,325.55,0.1466
2026-07-15,7575.51,2026-12-18,156.0,7750.0,262.7,0.1479,336.4,0.1447
2026-07-15,7575.51,2026-12-18,156.0,7775.0,249.0,0.1464,347.6,0.1427
2026-07-15,7575.51,2026-12-18,156.0,7800.0,236.5,0.1454,359.25,0.1407
2026-07-15,7575.51,2026-12-18,156.0,7825.0,224.0,0.1442,371.3,0.1388
2026-07-15,7575.51,2026-12-18,156.0,7850.0,211.5,0.1429,383.85,0.1368
2026-07-15,7575.51,2026-12-18,156.0,7875.0,200.25,0.1419,396.65,0.1345
2026-07-15,7575.51,2026-12-18,156.0,7900.0,188.7,0.1407,410.0,0.1322
2026-07-15,7575.51,2026-12-18,156.0,7925.0,178.2,0.1398,423.75,0.1298
2026-07-15,7575.51,2026-12-18,156.0,7950.0,167.5,0.1386,437.85,0.1274
2026-07-15,7575.51,2026-12-18,156.0,7975.0,157.55,0.1377,452.4,0.1244
2026-07-15,7575.51,2026-12-18,156.0,8000.0,148.15,0.1368,467.3,0.121
2026-07-15,7575.51,2026-12-18,156.0,8025.0,139.1,0.136,482.8,0.1172
2026-07-15,7575.51,2026-12-18,156.0,8050.0,130.35,0.1351,498.65,0.112
2026-07-15,7575.51,2026-12-18,156.0,8075.0,122.4,0.1345,514.85,0.1027
2026-07-15,7575.51,2026-12-18,156.0,8100.0,114.45,0.1336,,
2026-07-15,7575.51,2026-12-18,156.0,8125.0,107.0,0.1329,,
2026-07-15,7575.51,2026-12-18,156.0,8150.0,99.9,0.1322,,
2026-07-15,7575.51,2026-12-18,156.0,8175.0,93.2,0.1315,,
2026-07-15,7575.51,2026-12-18,156.0,8200.0,86.7,0.1308,,
2026-07-15,7575.51,2026-12-18,156.0,8225.0,80.75,0.1302,,
2026-07-15,7575.51,2026-12-18,156.0,8250.0,75.05,0.1296,,
2026-07-15,7575.51,2026-12-18,156.0,8275.0,69.8,0.1291,,
2026-07-15,7575.51,2026-12-18,156.0,8300.0,64.8,0.1286,,
2026-07-15,7575.51,2026-12-18,156.0,8325.0,60.0,0.1281,,
2026-07-15,7575.51,2026-12-18,156.0,8350.0,55.6,0.1276,,
2026-07-15,7575.51,2026-12-18,156.0,8375.0,51.5,0.1272,,
2026-07-15,7575.51,2026-12-18,156.0,8400.0,47.65,0.1268,,
2026-07-15,7575.51,2026-12-18,156.0,8425.0,44.05,0.1264,,
2026-07-15,7575.51,2026-12-18,156.0,8450.0,40.65,0.126,,
2026-07-15,7575.51,2026-12-18,156.0,8475.0,37.5,0.1257,,
2026-07-15,7575.51,2026-12-18,156.0,8500.0,34.55,0.1253,,
2026-07-15,7575.51,2026-12-18,156.0,8525.0,31.85,0.1251,,
2026-07-15,7575.51,2026-12-18,156.0,8550.0,29.35,0.1248,,
2026-07-15,7575.51,2026-12-18,156.0,8575.0,27.0,0.1246,,
2026-07-15,7575.51,2026-12-18,156.0,8600.0,24.8,0.1243,,
2026-07-15,7575.51,2026-12-18,156.0,8650.0,21.05,0.124,,
2026-07-15,7575.51,2026-12-18,156.0,8700.0,17.75,0.1237,,
2026-07-15,7575.51,2026-12-31,169.0,5700.0,1986.25,0.2671,39.55,0.2958
2026-07-15,7575.51,2026-12-31,169.0,5710.0,1977.55,0.2683,39.95,0.2951
2026-07-15,7575.51,2026-12-31,169.0,5720.0,1967.65,0.2668,40.25,0.2942
2026-07-15,7575.51,2026-12-31,169.0,5725.0,1962.45,0.2655,40.45,0.2939
2026-07-15,7575.51,2026-12-31,169.0,5730.0,1958.9,0.2678,40.65,0.2935
2026-07-15,7575.51,2026-12-31,169.0,5740.0,1948.95,0.2662,41.0,0.2927
2026-07-15,7575.51,2026-12-31,169.0,5750.0,1939.1,0.2648,41.35,0.2918
2026-07-15,7575.51,2026-12-31,169.0,5760.0,1929.95,0.2649,41.75,0.2911
2026-07-15,7575.51,2026-12-31,169.0,5770.0,1920.25,0.2639,42.15,0.2903
2026-07-15,7575.51,2026-12-31,169.0,5775.0,1915.35,0.2633,42.35,0.29
2026-07-15,7575.51,2026-12-31,169.0,5780.0,1910.65,0.263,42.55,0.2896
2026-07-15,7575.51,2026-12-31,169.0,5790.0,1902.3,0.2647,42.95,0.2888
2026-07-15,7575.51,2026-12-31,169.0,5800.0,1892.75,0.2639,43.35,0.288
2026-07-15,7575.51,2026-12-31,169.0,5810.0,1883.9,0.2645,43.75,0.2873
2026-07-15,7575.51,2026-12-31,169.0,5820.0,1873.15,0.2614,44.15,0.2865
2026-07-15,7575.51,2026-12-31,169.0,5825.0,1869.0,0.2622,44.35,0.2861
2026-07-15,7575.51,2026-12-31,169.0,5830.0,1865.05,0.2633,44.55,0.2857
2026-07-15,7575.51,2026-12-31,169.0,5840.0,1854.95,0.2615,45.05,0.2851
2026-07-15,7575.51,2026-12-31,169.0,5850.0,1845.6,0.261,45.4,0.2842
2026-07-15,7575.51,2026-12-31,169.0,5860.0,1837.0,0.262,45.85,0.2834
2026-07-15,7575.51,2026-12-31,169.0,5870.0,1826.1,0.2587,46.3,0.2827
2026-07-15,7575.51,2026-12-31,169.0,5875.0,1821.75,0.259,46.5,0.2823
2026-07-15,7575.51,2026-12-31,169.0,5880.0,1817.0,0.2587,46.7,0.2819
2026-07-15,7575.51,2026-12-31,169.0,5890.0,1808.2,0.2592,47.15,0.2811
2026-07-15,7575.51,2026-12-31,169.0,5900.0,1798.85,0.2587,47.6,0.2804
2026-07-15,7575.51,2026-12-31,169.0,5910.0,1789.9,0.2589,48.05,0.2796
2026-07-15,7575.51,2026-12-31,169.0,5920.0,1780.85,0.2588,48.5,0.2789
2026-07-15,7575.51,2026-12-31,169.0,5925.0,1774.75,0.2562,48.75,0.2785
2026-07-15,7575.51,2026-12-31,169.0,5930.0,1770.0,0.2558,49.0,0.2782
2026-07-15,7575.51,2026-12-31,169.0,5940.0,1761.9,0.2573,49.45,0.2774
2026-07-15,7575.51,2026-12-31,169.0,5950.0,1751.55,0.2551,49.95,0.2767
2026-07-15,7575.51,2026-12-31,169.0,5960.0,1742.6,0.2552,50.4,0.2759
2026-07-15,7575.51,2026-12-31,169.0,5970.0,1733.55,0.2552,50.9,0.2751
2026-07-15,7575.51,2026-12-31,169.0,5975.0,1728.7,0.2546,51.15,0.2748
2026-07-15,7575.51,2026-12-31,169.0,5980.0,1724.1,0.2544,51.4,0.2744
2026-07-15,7575.51,2026-12-31,169.0,5990.0,1714.25,0.253,51.9,0.2737
2026-07-15,7575.51,2026-12-31,169.0,6000.0,1705.5,0.2534,52.4,0.2729
2026-07-15,7575.51,2026-12-31,169.0,6005.0,1700.65,0.2528,52.65,0.2725
2026-07-15,7575.51,2026-12-31,169.0,6010.0,1696.35,0.2531,52.9,0.2722
2026-07-15,7575.51,2026-12-31,169.0,6015.0,1691.55,0.2526,53.15,0.2718
2026-07-15,7575.51,2026-12-31,169.0,6020.0,1686.75,0.2521,53.4,0.2714
2026-07-15,7575.51,2026-12-31,169.0,6025.0,1682.15,0.2519,53.7,0.2711
2026-07-15,7575.51,2026-12-31,169.0,6030.0,1677.9,0.2522,53.9,0.2706
2026-07-15,7575.51,2026-12-31,169.0,6035.0,1672.8,0.2513,54.2,0.2703
2026-07-15,7575.51,2026-12-31,169.0,6040.0,1667.7,0.2503,54.45,0.2699
2026-07-15,7575.51,2026-12-31,169.0,6045.0,1663.35,0.2505,54.75,0.2696
2026-07-15,7575.51,2026-12-31,169.0,6050.0,1659.15,0.2509,55.0,0.2692
2026-07-15,7575.51,2026-12-31,169.0,6055.0,1655.0,0.2513,55.25,0.2688
2026-07-15,7575.51,2026-12-31,169.0,6060.0,1649.7,0.2501,55.55,0.2685
2026-07-15,7575.51,2026-12-31,169.0,6065.0,1645.35,0.2502,55.8,0.2681
2026-07-15,7575.51,2026-12-31,169.0,6070.0,1640.05,0.249,56.05,0.2677
2026-07-15,7575.51,2026-12-31,169.0,6075.0,1635.75,0.2492,56.35,0.2673
2026-07-15,7575.51,2026-12-31,169.0,6080.0,1630.75,0.2484,56.65,0.267
2026-07-15,7575.51,2026-12-31,169.0,6085.0,1626.15,0.2482,56.9,0.2666
2026-07-15,7575.51,2026-12-31,169.0,6090.0,1621.45,0.2478,57.15,0.2662
2026-07-15,7575.51,2026-12-31,169.0,6095.0,1617.65,0.2487,57.45,0.2659
2026-07-15,7575.51,2026-12-31,169.0,6100.0,1613.15,0.2486,57.75,0.2655
2026-07-15,7575.51,2026-12-31,169.0,6105.0,1608.05,0.2476,58.05,0.2652
2026-07-15,7575.51,2026-12-31,169.0,6110.0,1603.05,0.2468,58.3,0.2648
2026-07-15,7575.51,2026-12-31,169.0,6115.0,1599.05,0.2474,58.6,0.2644
2026-07-15,7575.51,2026-12-31,169.0,6120.0,1594.05,0.2466,58.9,0.264
2026-07-15,7575.51,2026-12-31,169.0,6125.0,1589.15,0.246,59.15,0.2636
2026-07-15,7575.51,2026-12-31,169.0,6130.0,1585.4,0.2469,59.45,0.2633
2026-07-15,7575.51,2026-12-31,169.0,6135.0,1580.45,0.2461,59.75,0.2629
2026-07-15,7575.51,2026-12-31,169.0,6140.0,1575.9,0.246,60.05,0.2626
2026-07-15,7575.51,2026-12-31,169.0,6145.0,1570.85,0.2451,60.35,0.2622
2026-07-15,7575.51,2026-12-31,169.0,6150.0,1566.7,0.2454,60.65,0.2618
2026-07-15,7575.51,2026-12-31,169.0,6155.0,1561.95,0.245,60.95,0.2615
2026-07-15,7575.51,2026-12-31,169.0,6160.0,1557.85,0.2453,61.25,0.2611
2026-07-15,7575.51,2026-12-31,169.0,6165.0,1553.5,0.2454,61.55,0.2607
2026-07-15,7575.51,2026-12-31,169.0,6170.0,1548.05,0.244,61.85,0.2604
2026-07-15,7575.51,2026-12-31,169.0,6175.0,1543.55,0.2439,62.15,0.26
2026-07-15,7575.51,2026-12-31,169.0,6180.0,1538.55,0.243,62.45,0.2596
2026-07-15,7575.51,2026-12-31,169.0,6185.0,1534.15,0.243,62.8,0.2593
2026-07-15,7575.51,2026-12-31,169.0,6190.0,1529.7,0.2429,63.1,0.2589
2026-07-15,7575.51,2026-12-31,169.0,6195.0,1525.45,0.2431,63.4,0.2585
2026-07-15,7575.51,2026-12-31,169.0,6200.0,1520.55,0.2424,63.7,0.2582
2026-07-15,7575.51,2026-12-31,169.0,6205.0,1515.9,0.2421,64.05,0.2578
2026-07-15,7575.51,2026-12-31,169.0,6210.0,1511.05,0.2415,64.35,0.2574
2026-07-15,7575.51,2026-12-31,169.0,6215.0,1506.85,0.2417,64.7,0.2571
2026-07-15,7575.51,2026-12-31,169.0,6220.0,1502.15,0.2412,65.0,0.2567
2026-07-15,7575.51,2026-12-31,169.0,6225.0,1497.35,0.2407,65.35,0.2564
2026-07-15,7575.51,2026-12-31,169.0,6230.0,1493.0,0.2407,65.65,0.256
2026-07-15,7575.51,2026-12-31,169.0,6235.0,1488.75,0.2408,66.0,0.2557
2026-07-15,7575.51,2026-12-31,169.0,6240.0,1483.65,0.2399,66.3,0.2553
2026-07-15,7575.51,2026-12-31,169.0,6245.0,1479.3,0.2399,66.65,0.2549
2026-07-15,7575.51,2026-12-31,169.0,6250.0,1474.75,0.2396,67.0,0.2546
2026-07-15,7575.51,2026-12-31,169.0,6255.0,1469.95,0.2391,67.3,0.2542
2026-07-15,7575.51,2026-12-31,169.0,6260.0,1465.4,0.2388,67.65,0.2538
2026-07-15,7575.51,2026-12-31,169.0,6265.0,1460.95,0.2387,68.0,0.2535
2026-07-15,7575.51,2026-12-31,169.0,6270.0,1456.3,0.2383,68.3,0.2531
2026-07-15,7575.51,2026-12-31,169.0,6275.0,1451.7,0.238,68.7,0.2528
2026-07-15,7575.51,2026-12-31,169.0,6280.0,1447.4,0.238,69.0,0.2524
2026-07-15,7575.51,2026-12-31,169.0,6285.0,1442.6,0.2374,69.35,0.252
2026-07-15,7575.51,2026-12-31,169.0,6290.0,1438.25,0.2374,69.7,0.2517
2026-07-15,7575.51,2026-12-31,169.0,6295.0,1433.5,0.2369,70.05,0.2513
2026-07-15,7575.51,2026-12-31,169.0,6300.0,1428.95,0.2366,70.4,0.2509
2026-07-15,7575.51,2026-12-31,169.0,6305.0,1424.4,0.2363,70.8,0.2506
2026-07-15,7575.51,2026-12-31,169.0,6310.0,1419.95,0.2362,71.1,0.2502
2026-07-15,7575.51,2026-12-31,169.0,6315.0,1415.55,0.236,71.5,0.2499
2026-07-15,7575.51,2026-12-31,169.0,6320.0,1411.05,0.2358,71.8,0.2495
2026-07-15,7575.51,2026-12-31,169.0,6325.0,1406.35,0.2354,72.2,0.2491
2026-07-15,7575.51,2026-12-31,169.0,6330.0,1401.95,0.2352,72.6,0.2488
2026-07-15,7575.51,2026-12-31,169.0,6335.0,1397.25,0.2348,72.9,0.2484
2026-07-15,7575.51,2026-12-31,169.0,6340.0,1392.65,0.2344,73.3,0.2481
2026-07-15,7575.51,2026-12-31,169.0,6345.0,1388.35,0.2344,73.7,0.2477
2026-07-15,7575.51,2026-12-31,169.0,6350.0,1383.85,0.2341,74.05,0.2473
2026-07-15,7575.51,2026-12-31,169.0,6355.0,1379.05,0.2335,74.4,0.247
2026-07-15,7575.51,2026-12-31,169.0,6360.0,1374.55,0.2333,74.8,0.2466
2026-07-15,7575.51,2026-12-31,169.0,6365.0,1370.05,0.233,75.2,0.2463
2026-07-15,7575.51,2026-12-31,169.0,6370.0,1365.75,0.233,75.55,0.2459
2026-07-15,7575.51,2026-12-31,169.0,6375.0,1361.0,0.2325,75.9,0.2455
2026-07-15,7575.51,2026-12-31,169.0,6380.0,1356.7,0.2324,76.3,0.2452
2026-07-15,7575.51,2026-12-31,169.0,6385.0,1351.95,0.2319,76.7,0.2448
2026-07-15,7575.51,2026-12-31,169.0,6390.0,1347.6,0.2318,77.1,0.2445
2026-07-15,7575.51,2026-12-31,169.0,6395.0,1343.2,0.2316,77.5,0.2441
2026-07-15,7575.51,2026-12-31,169.0,6400.0,1338.45,0.2311,77.9,0.2438
2026-07-15,7575.51,2026-12-31,169.0,6405.0,1334.2,0.231,78.3,0.2434
2026-07-15,7575.51,2026-12-31,169.0,6410.0,1329.7,0.2308,78.7,0.243
2026-07-15,7575.51,2026-12-31,169.0,6415.0,1325.2,0.2305,79.1,0.2427
2026-07-15,7575.51,2026-12-31,169.0,6420.0,1320.7,0.2302,79.5,0.2423
2026-07-15,7575.51,2026-12-31,169.0,6425.0,1316.2,0.2299,79.9,0.242
2026-07-15,7575.51,2026-12-31,169.0,6430.0,1311.7,0.2296,80.3,0.2416
2026-07-15,7575.51,2026-12-31,169.0,6435.0,1307.2,0.2293,80.7,0.2412
2026-07-15,7575.51,2026-12-31,169.0,6440.0,1302.5,0.2288,81.1,0.2409
2026-07-15,7575.51,2026-12-31,169.0,6445.0,1298.65,0.2292,81.5,0.2405
2026-07-15,7575.51,2026-12-31,169.0,6450.0,1293.75,0.2285,81.9,0.2401
2026-07-15,7575.51,2026-12-31,169.0,6455.0,1289.05,0.228,82.3,0.2397
2026-07-15,7575.51,2026-12-31,169.0,6460.0,1284.55,0.2276,82.8,0.2395
2026-07-15,7575.51,2026-12-31,169.0,6465.0,1280.0,0.2273,83.2,0.2391
2026-07-15,7575.51,2026-12-31,169.0,6470.0,1275.85,0.2273,83.6,0.2387
2026-07-15,7575.51,2026-12-31,169.0,6475.0,1271.15,0.2268,84.0,0.2383
2026-07-15,7575.51,2026-12-31,169.0,6480.0,1266.65,0.2265,84.45,0.238
2026-07-15,7575.51,2026-12-31,169.0,6485.0,1262.45,0.2265,84.9,0.2376
2026-07-15,7575.51,2026-12-31,169.0,6490.0,1257.75,0.2259,85.3,0.2372
2026-07-15,7575.51,2026-12-31,169.0,6495.0,1253.5,0.2259,85.75,0.2369
2026-07-15,7575.51,2026-12-31,169.0,6500.0,1249.0,0.2255,86.2,0.2365
2026-07-15,7575.51,2026-12-31,169.0,6505.0,1244.35,0.2251,86.6,0.2361
2026-07-15,7575.51,2026-12-31,169.0,6510.0,1240.1,0.225,87.1,0.2358
2026-07-15,7575.51,2026-12-31,169.0,6515.0,1235.95,0.225,87.5,0.2354
2026-07-15,7575.51,2026-12-31,169.0,6520.0,1230.95,0.2241,88.0,0.2351
2026-07-15,7575.51,2026-12-31,169.0,6525.0,1226.55,0.2239,88.35,0.2347
2026-07-15,7575.51,2026-12-31,169.0,6530.0,1222.35,0.2238,88.9,0.2344
2026-07-15,7575.51,2026-12-31,169.0,6535.0,1217.9,0.2235,89.3,0.234
2026-07-15,7575.51,2026-12-31,169.0,6540.0,1213.2,0.223,89.8,0.2337
2026-07-15,7575.51,2026-12-31,169.0,6545.0,1209.3,0.2232,90.2,0.2333
2026-07-15,7575.51,2026-12-31,169.0,6550.0,1204.35,0.2224,90.7,0.2329
2026-07-15,7575.51,2026-12-31,169.0,6555.0,1199.9,0.2221,91.2,0.2326
2026-07-15,7575.51,2026-12-31,169.0,6560.0,1195.45,0.2218,91.6,0.2322
2026-07-15,7575.51,2026-12-31,169.0,6565.0,1191.3,0.2218,92.05,0.2318
2026-07-15,7575.51,2026-12-31,169.0,6570.0,1186.9,0.2215,92.6,0.2315
2026-07-15,7575.51,2026-12-31,169.0,6575.0,1182.55,0.2213,93.1,0.2312
2026-07-15,7575.51,2026-12-31,169.0,6580.0,1178.4,0.2212,93.5,0.2307
2026-07-15,7575.51,2026-12-31,169.0,6585.0,1173.4,0.2204,93.95,0.2304
2026-07-15,7575.51,2026-12-31,169.0,6590.0,1168.95,0.2201,94.5,0.2301
2026-07-15,7575.51,2026-12-31,169.0,6595.0,1164.5,0.2198,95.0,0.2297
2026-07-15,7575.51,2026-12-31,169.0,6600.0,1160.1,0.2195,95.5,0.2294
2026-07-15,7575.51,2026-12-31,169.0,6605.0,1155.7,0.2192,96.0,0.229
2026-07-15,7575.51,2026-12-31,169.0,6610.0,1151.3,0.2189,96.45,0.2286
2026-07-15,7575.51,2026-12-31,169.0,6615.0,1146.9,0.2186,96.95,0.2283
2026-07-15,7575.51,2026-12-31,169.0,6620.0,1142.5,0.2183,97.45,0.2279
2026-07-15,7575.51,2026-12-31,169.0,6625.0,1138.4,0.2183,97.95,0.2275
2026-07-15,7575.51,2026-12-31,169.0,6630.0,1134.05,0.218,98.5,0.2272
2026-07-15,7575.51,2026-12-31,169.0,6635.0,1129.55,0.2176,99.0,0.2268
2026-07-15,7575.51,2026-12-31,169.0,6640.0,1125.25,0.2174,99.5,0.2265
2026-07-15,7575.51,2026-12-31,169.0,6645.0,1120.75,0.217,100.0,0.2261
2026-07-15,7575.51,2026-12-31,169.0,6650.0,1116.45,0.2167,100.45,0.2257
2026-07-15,7575.51,2026-12-31,169.0,6655.0,1112.1,0.2165,101.0,0.2253
2026-07-15,7575.51,2026-12-31,169.0,6660.0,1107.65,0.2161,101.55,0.225
2026-07-15,7575.51,2026-12-31,169.0,6665.0,1103.25,0.2158,102.1,0.2247
2026-07-15,7575.51,2026-12-31,169.0,6670.0,1098.95,0.2155,102.55,0.2242
2026-07-15,7575.51,2026-12-31,169.0,6675.0,1094.55,0.2152,103.1,0.2239
2026-07-15,7575.51,2026-12-31,169.0,6680.0,1090.25,0.215,103.7,0.2236
2026-07-15,7575.51,2026-12-31,169.0,6685.0,1085.8,0.2146,104.15,0.2232
2026-07-15,7575.51,2026-12-31,169.0,6690.0,1081.55,0.2144,104.75,0.2228
2026-07-15,7575.51,2026-12-31,169.0,6695.0,1077.1,0.214,105.25,0.2225
2026-07-15,7575.51,2026-12-31,169.0,6700.0,1073.0,0.2139,105.8,0.2221
2026-07-15,7575.51,2026-12-31,169.0,6705.0,1068.4,0.2134,106.4,0.2218
2026-07-15,7575.51,2026-12-31,169.0,6710.0,1064.3,0.2133,106.95,0.2214
2026-07-15,7575.51,2026-12-31,169.0,6715.0,1059.7,0.2128,107.45,0.221
2026-07-15,7575.51,2026-12-31,169.0,6720.0,1055.35,0.2125,108.0,0.2206
2026-07-15,7575.51,2026-12-31,169.0,6725.0,1051.1,0.2122,108.6,0.2203
2026-07-15,7575.51,2026-12-31,169.0,6730.0,1046.7,0.2119,109.15,0.2199
2026-07-15,7575.51,2026-12-31,169.0,6735.0,1042.35,0.2115,109.7,0.2196
2026-07-15,7575.51,2026-12-31,169.0,6740.0,1038.3,0.2115,110.3,0.2192
2026-07-15,7575.51,2026-12-31,169.0,6745.0,1034.0,0.2112,110.8,0.2188
2026-07-15,7575.51,2026-12-31,169.0,6750.0,1029.7,0.2109,111.45,0.2185
2026-07-15,7575.51,2026-12-31,169.0,6755.0,1025.45,0.2106,112.0,0.2181
2026-07-15,7575.51,2026-12-31,169.0,6760.0,1021.0,0.2102,112.55,0.2177
2026-07-15,7575.51,2026-12-31,169.0,6765.0,1016.45,0.2097,113.2,0.2174
2026-07-15,7575.51,2026-12-31,169.0,6770.0,1012.15,0.2094,113.75,0.217
2026-07-15,7575.51,2026-12-31,169.0,6775.0,1008.0,0.2092,114.35,0.2166
2026-07-15,7575.51,2026-12-31,169.0,6780.0,1003.65,0.2089,114.95,0.2163
2026-07-15,7575.51,2026-12-31,169.0,6785.0,999.15,0.2084,115.55,0.2159
2026-07-15,7575.51,2026-12-31,169.0,6790.0,995.05,0.2083,116.15,0.2156
2026-07-15,7575.51,2026-12-31,169.0,6795.0,990.65,0.2079,116.75,0.2152
2026-07-15,7575.51,2026-12-31,169.0,6800.0,986.55,0.2077,117.3,0.2148
2026-07-15,7575.51,2026-12-31,169.0,6805.0,982.35,0.2075,118.0,0.2145
2026-07-15,7575.51,2026-12-31,169.0,6810.0,977.55,0.2068,118.6,0.2141
2026-07-15,7575.51,2026-12-31,169.0,6815.0,973.6,0.2067,119.15,0.2137
2026-07-15,7575.51,2026-12-31,169.0,6820.0,969.15,0.2063,119.85,0.2134
2026-07-15,7575.51,2026-12-31,169.0,6825.0,965.05,0.2061,120.45,0.213
2026-07-15,7575.51,2026-12-31,169.0,6830.0,960.45,0.2055,121.1,0.2127
2026-07-15,7575.51,2026-12-31,169.0,6835.0,956.2,0.2052,121.7,0.2123
2026-07-15,7575.51,2026-12-31,169.0,6840.0,952.5,0.2053,122.35,0.2119
2026-07-15,7575.51,2026-12-31,169.0,6845.0,947.95,0.2048,123.05,0.2116
2026-07-15,7575.51,2026-12-31,169.0,6850.0,943.95,0.2047,123.65,0.2112
2026-07-15,7575.51,2026-12-31,169.0,6855.0,939.45,0.2042,124.3,0.2108
2026-07-15,7575.51,2026-12-31,169.0,6860.0,935.45,0.204,124.95,0.2105
2026-07-15,7575.51,2026-12-31,169.0,6865.0,930.7,0.2033,125.6,0.2101
2026-07-15,7575.51,2026-12-31,169.0,6870.0,926.5,0.2031,126.25,0.2097
2026-07-15,7575.51,2026-12-31,169.0,6875.0,922.8,0.2031,126.85,0.2093
2026-07-15,7575.51,2026-12-31,169.0,6880.0,918.0,0.2024,127.6,0.209
2026-07-15,7575.51,2026-12-31,169.0,6885.0,913.8,0.2021,128.25,0.2086
2026-07-15,7575.51,2026-12-31,169.0,6890.0,910.1,0.2022,128.9,0.2082
2026-07-15,7575.51,2026-12-31,169.0,6895.0,905.9,0.2019,129.65,0.2079
2026-07-15,7575.51,2026-12-31,169.0,6900.0,901.8,0.2016,130.25,0.2075
2026-07-15,7575.51,2026-12-31,169.0,6905.0,897.5,0.2013,130.95,0.2071
2026-07-15,7575.51,2026-12-31,169.0,6910.0,892.75,0.2006,131.65,0.2068
2026-07-15,7575.51,2026-12-31,169.0,6915.0,888.55,0.2002,132.35,0.2064
2026-07-15,7575.51,2026-12-31,169.0,6920.0,884.35,0.1999,133.05,0.2061
2026-07-15,7575.51,2026-12-31,169.0,6925.0,880.85,0.2001,133.75,0.2057
2026-07-15,7575.51,2026-12-31,169.0,6930.0,876.1,0.1994,134.45,0.2053
2026-07-15,7575.51,2026-12-31,169.0,6935.0,871.85,0.199,135.15,0.2049
2026-07-15,7575.51,2026-12-31,169.0,6940.0,867.6,0.1987,135.85,0.2046
2026-07-15,7575.51,2026-12-31,169.0,6945.0,863.9,0.1987,136.65,0.2043
2026-07-15,7575.51,2026-12-31,169.0,6950.0,859.5,0.1982,137.35,0.2039
2026-07-15,7575.51,2026-12-31,169.0,6955.0,855.1,0.1977,138.05,0.2035
2026-07-15,7575.51,2026-12-31,169.0,6960.0,851.45,0.1978,138.75,0.2031
2026-07-15,7575.51,2026-12-31,169.0,6965.0,847.3,0.1975,139.5,0.2027
2026-07-15,7575.51,2026-12-31,169.0,6970.0,843.15,0.1971,140.25,0.2024
2026-07-15,7575.51,2026-12-31,169.0,6975.0,838.45,0.1964,141.05,0.202
2026-07-15,7575.51,2026-12-31,169.0,6980.0,834.85,0.1965,141.75,0.2016
2026-07-15,7575.51,2026-12-31,169.0,6985.0,830.2,0.1958,142.55,0.2013
2026-07-15,7575.51,2026-12-31,169.0,6990.0,826.6,0.1959,143.25,0.2009
2026-07-15,7575.51,2026-12-31,169.0,6995.0,821.95,0.1952,144.05,0.2006
2026-07-15,7575.51,2026-12-31,169.0,7000.0,818.5,0.1953,144.8,0.2002
2026-07-15,7575.51,2026-12-31,169.0,7005.0,814.15,0.1949,145.6,0.1998
2026-07-15,7575.51,2026-12-31,169.0,7010.0,809.9,0.1945,146.35,0.1994
2026-07-15,7575.51,2026-12-31,169.0,7015.0,805.95,0.1943,147.15,0.1991
2026-07-15,7575.51,2026-12-31,169.0,7020.0,801.85,0.1939,147.9,0.1987
2026-07-15,7575.51,2026-12-31,169.0,7025.0,797.75,0.1936,148.7,0.1983
2026-07-15,7575.51,2026-12-31,169.0,7030.0,793.65,0.1933,149.5,0.198
2026-07-15,7575.51,2026-12-31,169.0,7035.0,789.55,0.193,150.3,0.1976
2026-07-15,7575.51,2026-12-31,169.0,7040.0,785.45,0.1927,151.15,0.1973
2026-07-15,7575.51,2026-12-31,169.0,7045.0,781.4,0.1924,151.95,0.1969
2026-07-15,7575.51,2026-12-31,169.0,7050.0,777.35,0.1921,152.75,0.1965
2026-07-15,7575.51,2026-12-31,169.0,7055.0,772.75,0.1914,153.65,0.1962
2026-07-15,7575.51,2026-12-31,169.0,7060.0,768.85,0.1912,154.4,0.1958
2026-07-15,7575.51,2026-12-31,169.0,7065.0,765.15,0.1911,155.25,0.1954
2026-07-15,7575.51,2026-12-31,169.0,7070.0,760.6,0.1905,156.15,0.1951
2026-07-15,7575.51,2026-12-31,169.0,7075.0,757.0,0.1904,157.0,0.1947
2026-07-15,7575.51,2026-12-31,169.0,7080.0,752.55,0.1899,157.85,0.1943
2026-07-15,7575.51,2026-12-31,169.0,7085.0,748.6,0.1896,158.65,0.1939
2026-07-15,7575.51,2026-12-31,169.0,7090.0,744.6,0.1893,159.55,0.1936
2026-07-15,7575.51,2026-12-31,169.0,7095.0,740.3,0.1888,160.35,0.1932
2026-07-15,7575.51,2026-12-31,169.0,7100.0,736.3,0.1885,161.25,0.1928
2026-07-15,7575.51,2026-12-31,169.0,7105.0,732.8,0.1885,162.1,0.1925
2026-07-15,7575.51,2026-12-31,169.0,7110.0,728.2,0.1878,162.95,0.1921
2026-07-15,7575.51,2026-12-31,169.0,7115.0,724.3,0.1876,163.85,0.1917
2026-07-15,7575.51,2026-12-31,169.0,7120.0,720.3,0.1873,164.75,0.1914
2026-07-15,7575.51,2026-12-31,169.0,7125.0,716.9,0.1873,165.65,0.191
2026-07-15,7575.51,2026-12-31,169.0,7130.0,712.85,0.187,166.55,0.1906
2026-07-15,7575.51,2026-12-31,169.0,7135.0,709.0,0.1867,167.45,0.1902
2026-07-15,7575.51,2026-12-31,169.0,7140.0,705.0,0.1864,168.4,0.1899
2026-07-15,7575.51,2026-12-31,169.0,7145.0,701.0,0.1861,169.35,0.1895
2026-07-15,7575.51,2026-12-31,169.0,7150.0,697.1,0.1858,170.25,0.1891
2026-07-15,7575.51,2026-12-31,169.0,7155.0,693.1,0.1854,171.2,0.1888
2026-07-15,7575.51,2026-12-31,169.0,7160.0,689.1,0.1851,172.15,0.1884
2026-07-15,7575.51,2026-12-31,169.0,7165.0,685.2,0.1848,173.05,0.188
2026-07-15,7575.51,2026-12-31,169.0,7170.0,681.2,0.1844,174.1,0.1877
2026-07-15,7575.51,2026-12-31,169.0,7175.0,677.3,0.1841,175.0,0.1873
2026-07-15,7575.51,2026-12-31,169.0,7180.0,673.3,0.1838,176.0,0.187
2026-07-15,7575.51,2026-12-31,169.0,7185.0,669.45,0.1835,177.05,0.1866
2026-07-15,7575.51,2026-12-31,169.0,7190.0,665.5,0.1832,177.95,0.1862
2026-07-15,7575.51,2026-12-31,169.0,7195.0,661.65,0.1829,178.95,0.1859
2026-07-15,7575.51,2026-12-31,169.0,7200.0,657.75,0.1826,179.9,0.1855
2026-07-15,7575.51,2026-12-31,169.0,7205.0,653.85,0.1822,180.95,0.1851
2026-07-15,7575.51,2026-12-31,169.0,7210.0,649.95,0.1819,181.9,0.1847
2026-07-15,7575.51,2026-12-31,169.0,7215.0,646.05,0.1816,182.95,0.1844
2026-07-15,7575.51,2026-12-31,169.0,7220.0,642.2,0.1813,184.05,0.1841
2026-07-15,7575.51,2026-12-31,169.0,7225.0,638.15,0.1809,185.05,0.1837
2026-07-15,7575.51,2026-12-31,169.0,7230.0,634.55,0.1807,186.05,0.1833
2026-07-15,7575.51,2026-12-31,169.0,7235.0,630.65,0.1804,187.15,0.183
2026-07-15,7575.51,2026-12-31,169.0,7240.0,626.6,0.1799,188.05,0.1825
2026-07-15,7575.51,2026-12-31,169.0,7245.0,622.75,0.1796,189.2,0.1822
2026-07-15,7575.51,2026-12-31,169.0,7250.0,619.05,0.1794,190.25,0.1818
2026-07-15,7575.51,2026-12-31,169.0,7255.0,615.35,0.1791,191.4,0.1815
2026-07-15,7575.51,2026-12-31,169.0,7260.0,611.85,0.179,192.4,0.1811
2026-07-15,7575.51,2026-12-31,169.0,7265.0,607.4,0.1783,193.5,0.1807
2026-07-15,7575.51,2026-12-31,169.0,7270.0,603.6,0.178,194.5,0.1803
2026-07-15,7575.51,2026-12-31,169.0,7275.0,600.45,0.178,195.75,0.18
2026-07-15,7575.51,2026-12-31,169.0,7280.0,596.7,0.1778,196.75,0.1796
2026-07-15,7575.51,2026-12-31,169.0,7285.0,592.8,0.1774,197.9,0.1793
2026-07-15,7575.51,2026-12-31,169.0,7290.0,589.05,0.1771,199.0,0.1789
2026-07-15,7575.51,2026-12-31,169.0,7295.0,585.3,0.1768,200.0,0.1784
2026-07-15,7575.51,2026-12-31,169.0,7300.0,581.55,0.1765,201.3,0.1782
2026-07-15,7575.51,2026-12-31,169.0,7305.0,577.8,0.1761,202.4,0.1778
2026-07-15,7575.51,2026-12-31,169.0,7310.0,574.05,0.1758,203.55,0.1774
2026-07-15,7575.51,2026-12-31,169.0,7315.0,570.3,0.1755,204.7,0.177
2026-07-15,7575.51,2026-12-31,169.0,7320.0,566.55,0.1752,205.9,0.1767
2026-07-15,7575.51,2026-12-31,169.0,7325.0,562.8,0.1748,207.1,0.1763
2026-07-15,7575.51,2026-12-31,169.0,7330.0,559.2,0.1746,208.25,0.176
2026-07-15,7575.51,2026-12-31,169.0,7335.0,555.45,0.1743,209.5,0.1756
2026-07-15,7575.51,2026-12-31,169.0,7340.0,551.7,0.1739,210.6,0.1752
2026-07-15,7575.51,2026-12-31,169.0,7345.0,548.05,0.1736,211.85,0.1749
2026-07-15,7575.51,2026-12-31,169.0,7350.0,544.4,0.1733,213.1,0.1745
2026-07-15,7575.51,2026-12-31,169.0,7355.0,540.7,0.173,214.3,0.1741
2026-07-15,7575.51,2026-12-31,169.0,7360.0,537.2,0.1728,215.55,0.1738
2026-07-15,7575.51,2026-12-31,169.0,7365.0,533.2,0.1723,216.8,0.1734
2026-07-15,7575.51,2026-12-31,169.0,7370.0,529.6,0.172,218.0,0.173
2026-07-15,7575.51,2026-12-31,169.0,7375.0,526.0,0.1717,219.35,0.1727
2026-07-15,7575.51,2026-12-31,169.0,7380.0,522.45,0.1714,220.6,0.1723
2026-07-15,7575.51,2026-12-31,169.0,7385.0,518.8,0.1711,221.8,0.1719
2026-07-15,7575.51,2026-12-31,169.0,7390.0,515.2,0.1708,223.1,0.1716
2026-07-15,7575.51,2026-12-31,169.0,7395.0,511.6,0.1705,224.4,0.1712
2026-07-15,7575.51,2026-12-31,169.0,7400.0,508.0,0.1702,225.7,0.1708
2026-07-15,7575.51,2026-12-31,169.0,7405.0,504.4,0.1699,227.0,0.1705
2026-07-15,7575.51,2026-12-31,169.0,7410.0,500.85,0.1696,228.4,0.1701
2026-07-15,7575.51,2026-12-31,169.0,7415.0,497.2,0.1692,229.65,0.1697
2026-07-15,7575.51,2026-12-31,169.0,7420.0,493.6,0.1689,231.0,0.1694
2026-07-15,7575.51,2026-12-31,169.0,7425.0,490.4,0.1687,232.35,0.169
2026-07-15,7575.51,2026-12-31,169.0,7430.0,486.8,0.1684,233.7,0.1686
2026-07-15,7575.51,2026-12-31,169.0,7435.0,483.1,0.168,235.1,0.1683
2026-07-15,7575.51,2026-12-31,169.0,7440.0,479.6,0.1677,236.45,0.1679
2026-07-15,7575.51,2026-12-31,169.0,7445.0,476.05,0.1674,237.8,0.1675
2026-07-15,7575.51,2026-12-31,169.0,7450.0,472.4,0.167,239.2,0.1672
2026-07-15,7575.51,2026-12-31,169.0,7455.0,469.2,0.1668,240.6,0.1668
2026-07-15,7575.51,2026-12-31,169.0,7460.0,465.55,0.1665,242.05,0.1664
2026-07-15,7575.51,2026-12-31,169.0,7465.0,462.0,0.1661,243.5,0.1661
2026-07-15,7575.51,2026-12-31,169.0,7470.0,458.75,0.1659,244.75,0.1656
2026-07-15,7575.51,2026-12-31,169.0,7475.0,455.2,0.1656,246.3,0.1653
2026-07-15,7575.51,2026-12-31,169.0,7480.0,451.6,0.1652,247.85,0.165
2026-07-15,7575.51,2026-12-31,169.0,7485.0,448.4,0.165,249.35,0.1646
2026-07-15,7575.51,2026-12-31,169.0,7490.0,444.8,0.1646,250.7,0.1642
2026-07-15,7575.51,2026-12-31,169.0,7495.0,441.55,0.1644,252.3,0.1639
2026-07-15,7575.51,2026-12-31,169.0,7500.0,438.0,0.164,253.8,0.1635
2026-07-15,7575.51,2026-12-31,169.0,7505.0,434.75,0.1638,255.35,0.1632
2026-07-15,7575.51,2026-12-31,169.0,7510.0,431.4,0.1635,256.8,0.1628
2026-07-15,7575.51,2026-12-31,169.0,7515.0,428.0,0.1632,258.35,0.1624
2026-07-15,7575.51,2026-12-31,169.0,7520.0,424.8,0.1629,259.9,0.1621
2026-07-15,7575.51,2026-12-31,169.0,7525.0,421.2,0.1625,261.45,0.1617
2026-07-15,7575.51,2026-12-31,169.0,7530.0,418.0,0.1623,263.0,0.1613
2026-07-15,7575.51,2026-12-31,169.0,7535.0,414.65,0.162,264.6,0.161
2026-07-15,7575.51,2026-12-31,169.0,7540.0,411.2,0.1616,266.2,0.1606
2026-07-15,7575.51,2026-12-31,169.0,7545.0,408.05,0.1614,267.8,0.1602
2026-07-15,7575.51,2026-12-31,169.0,7550.0,404.7,0.1611,269.4,0.1599
2026-07-15,7575.51,2026-12-31,169.0,7555.0,401.55,0.1608,271.05,0.1595
2026-07-15,7575.51,2026-12-31,169.0,7560.0,398.4,0.1606,272.7,0.1592
2026-07-15,7575.51,2026-12-31,169.0,7565.0,394.8,0.1601,274.25,0.1587
2026-07-15,7575.51,2026-12-31,169.0,7570.0,391.6,0.1599,275.95,0.1584
2026-07-15,7575.51,2026-12-31,169.0,7575.0,388.4,0.1596,277.65,0.158
2026-07-15,7575.51,2026-12-31,169.0,7580.0,385.2,0.1593,279.35,0.1577
2026-07-15,7575.51,2026-12-31,169.0,7585.0,382.0,0.159,281.0,0.1573
2026-07-15,7575.51,2026-12-31,169.0,7590.0,378.8,0.1587,282.7,0.1569
2026-07-15,7575.51,2026-12-31,169.0,7595.0,375.6,0.1584,284.45,0.1566
2026-07-15,7575.51,2026-12-31,169.0,7600.0,372.8,0.1583,286.2,0.1562
2026-07-15,7575.51,2026-12-31,169.0,7605.0,369.6,0.158,287.95,0.1558
2026-07-15,7575.51,2026-12-31,169.0,7610.0,366.35,0.1577,289.55,0.1554
2026-07-15,7575.51,2026-12-31,169.0,7615.0,363.15,0.1573,291.45,0.1551
2026-07-15,7575.51,2026-12-31,169.0,7620.0,360.05,0.1571,293.25,0.1547
2026-07-15,7575.51,2026-12-31,169.0,7625.0,356.8,0.1567,295.05,0.1544
2026-07-15,7575.51,2026-12-31,169.0,7630.0,353.85,0.1565,296.75,0.1539
2026-07-15,7575.51,2026-12-31,169.0,7635.0,350.8,0.1562,298.65,0.1536
2026-07-15,7575.51,2026-12-31,169.0,7640.0,347.9,0.156,300.6,0.1533
2026-07-15,7575.51,2026-12-31,169.0,7645.0,344.65,0.1557,302.3,0.1529
2026-07-15,7575.51,2026-12-31,169.0,7650.0,341.6,0.1554,304.3,0.1526
2026-07-15,7575.51,2026-12-31,169.0,7655.0,338.7,0.1552,306.0,0.1521
2026-07-15,7575.51,2026-12-31,169.0,7660.0,335.6,0.1548,308.1,0.1518
2026-07-15,7575.51,2026-12-31,169.0,7665.0,332.7,0.1546,309.9,0.1514
2026-07-15,7575.51,2026-12-31,169.0,7670.0,329.65,0.1543,311.8,0.1511
2026-07-15,7575.51,2026-12-31,169.0,7675.0,326.7,0.1541,313.8,0.1507
2026-07-15,7575.51,2026-12-31,169.0,7680.0,323.6,0.1537,315.6,0.1503
2026-07-15,7575.51,2026-12-31,169.0,7685.0,320.85,0.1535,317.65,0.15
2026-07-15,7575.51,2026-12-31,169.0,7690.0,317.9,0.1533,319.65,0.1496
2026-07-15,7575.51,2026-12-31,169.0,7695.0,315.05,0.153,321.55,0.1492
2026-07-15,7575.51,2026-12-31,169.0,7700.0,312.05,0.1527,323.65,0.1489
2026-07-15,7575.51,2026-12-31,169.0,7705.0,309.15,0.1524,325.55,0.1484
2026-07-15,7575.51,2026-12-31,169.0,7710.0,306.35,0.1522,327.7,0.1481
2026-07-15,7575.51,2026-12-31,169.0,7715.0,303.5,0.1519,329.6,0.1477
2026-07-15,7575.51,2026-12-31,169.0,7720.0,300.65,0.1517,331.8,0.1474
2026-07-15,7575.51,2026-12-31,169.0,7725.0,297.85,0.1514,333.85,0.147
2026-07-15,7575.51,2026-12-31,169.0,7730.0,295.0,0.1512,335.95,0.1466
2026-07-15,7575.51,2026-12-31,169.0,7740.0,289.45,0.1507,340.2,0.1459
2026-07-15,7575.51,2026-12-31,169.0,7750.0,283.9,0.1501,344.4,0.145
2026-07-15,7575.51,2026-12-31,169.0,7760.0,278.45,0.1496,348.75,0.1443
2026-07-15,7575.51,2026-12-31,169.0,7770.0,273.1,0.1492,353.15,0.1435
2026-07-15,7575.51,2026-12-31,169.0,7775.0,270.3,0.1489,355.45,0.1431
2026-07-15,7575.51,2026-12-31,169.0,7780.0,267.55,0.1486,357.6,0.1427
2026-07-15,7575.51,2026-12-31,169.0,7790.0,262.35,0.1481,362.0,0.1419
2026-07-15,7575.51,2026-12-31,169.0,7800.0,257.1,0.1476,366.7,0.1411
2026-07-15,7575.51,2026-12-31,169.0,7810.0,252.05,0.1472,371.2,0.1403
2026-07-15,7575.51,2026-12-31,169.0,7820.0,246.95,0.1467,376.05,0.1396
2026-07-15,7575.51,2026-12-31,169.0,7825.0,244.35,0.1464,378.35,0.1391
2026-07-15,7575.51,2026-12-31,169.0,7830.0,241.85,0.1462,380.75,0.1387
2026-07-15,7575.51,2026-12-31,169.0,7840.0,236.95,0.1458,385.55,0.1379
2026-07-15,7575.51,2026-12-31,169.0,7850.0,231.95,0.1453,390.4,0.1371
2026-07-15,7575.51,2026-12-31,169.0,7860.0,227.1,0.1448,395.65,0.1364
2026-07-15,7575.51,2026-12-31,169.0,7870.0,222.35,0.1444,400.4,0.1353
2026-07-15,7575.51,2026-12-31,169.0,7875.0,219.95,0.1441,403.05,0.1349
2026-07-15,7575.51,2026-12-31,169.0,7880.0,217.65,0.1439,405.55,0.1344
2026-07-15,7575.51,2026-12-31,169.0,7890.0,213.0,0.1435,410.75,0.1335
2026-07-15,7575.51,2026-12-31,169.0,7900.0,208.35,0.143,415.9,0.1326
2026-07-15,7575.51,2026-12-31,169.0,7910.0,203.9,0.1427,421.2,0.1316
2026-07-15,7575.51,2026-12-31,169.0,7920.0,199.4,0.1422,426.4,0.1306
2026-07-15,7575.51,2026-12-31,169.0,7925.0,197.2,0.142,429.2,0.1302
2026-07-15,7575.51,2026-12-31,169.0,7930.0,195.0,0.1418,432.0,0.1298
2026-07-15,7575.51,2026-12-31,169.0,7940.0,190.65,0.1414,437.6,0.1289
2026-07-15,7575.51,2026-12-31,169.0,7950.0,186.4,0.141,442.8,0.1277
2026-07-15,7575.51,2026-12-31,169.0,7960.0,182.2,0.1406,448.4,0.1266
2026-07-15,7575.51,2026-12-31,169.0,7970.0,177.95,0.1401,454.0,0.1254
2026-07-15,7575.51,2026-12-31,169.0,7975.0,176.0,0.14,457.2,0.125
2026-07-15,7575.51,2026-12-31,169.0,7980.0,174.0,0.1398,460.0,0.1244
2026-07-15,7575.51,2026-12-31,169.0,7985.0,172.0,0.1396,462.8,0.1237
2026-07-15,7575.51,2026-12-31,169.0,7990.0,170.0,0.1394,465.55,0.1229
2026-07-15,7575.51,2026-12-31,169.0,7995.0,168.0,0.1392,468.8,0.1224
2026-07-15,7575.51,2026-12-31,169.0,8000.0,165.9,0.139,471.55,0.1216
2026-07-15,7575.51,2026-12-31,169.0,8005.0,163.95,0.1388,474.4,0.1208
2026-07-15,7575.51,2026-12-31,169.0,8010.0,162.15,0.1387,477.6,0.1203
2026-07-15,7575.51,2026-12-31,169.0,8015.0,160.3,0.1385,480.4,0.1195
2026-07-15,7575.51,2026-12-31,169.0,8020.0,158.3,0.1383,483.6,0.1189
2026-07-15,7575.51,2026-12-31,169.0,8025.0,156.5,0.1381,486.45,0.118
2026-07-15,7575.51,2026-12-31,169.0,8030.0,154.6,0.1379,489.45,0.1171
2026-07-15,7575.51,2026-12-31,169.0,8035.0,152.8,0.1378,492.6,0.1162
2026-07-15,7575.51,2026-12-31,169.0,8040.0,151.0,0.1376,495.6,0.1152
2026-07-15,7575.51,2026-12-31,169.0,8045.0,149.2,0.1375,498.75,0.1142
2026-07-15,7575.51,2026-12-31,169.0,8050.0,147.35,0.1373,501.75,0.113
2026-07-15,7575.51,2026-12-31,169.0,8055.0,145.5,0.137,504.9,0.112
2026-07-15,7575.51,2026-12-31,169.0,8060.0,143.8,0.1369,508.05,0.1109
2026-07-15,7575.51,2026-12-31,169.0,8065.0,142.1,0.1368,511.2,0.1097
2026-07-15,7575.51,2026-12-31,169.0,8070.0,140.3,0.1366,514.35,0.1078
2026-07-15,7575.51,2026-12-31,169.0,8075.0,138.6,0.1364,517.5,0.1057
2026-07-15,7575.51,2026-12-31,169.0,8080.0,136.85,0.1362,520.65,0.1032
2026-07-15,7575.51,2026-12-31,169.0,8085.0,135.2,0.1361,523.95,0.1008
2026-07-15,7575.51,2026-12-31,169.0,8090.0,133.4,0.1359,,
2026-07-15,7575.51,2026-12-31,169.0,8095.0,131.9,0.1358,,
2026-07-15,7575.51,2026-12-31,169.0,8100.0,130.1,0.1355,,
2026-07-15,7575.51,2026-12-31,169.0,8105.0,128.6,0.1354,,
2026-07-15,7575.51,2026-12-31,169.0,8110.0,127.0,0.1353,,
2026-07-15,7575.51,2026-12-31,169.0,8115.0,125.4,0.1351,,
2026-07-15,7575.51,2026-12-31,169.0,8120.0,123.75,0.1349,,
2026-07-15,7575.51,2026-12-31,169.0,8125.0,122.3,0.1349,,
2026-07-15,7575.51,2026-12-31,169.0,8130.0,120.7,0.1347,,
2026-07-15,7575.51,2026-12-31,169.0,8135.0,119.15,0.1345,,
2026-07-15,7575.51,2026-12-31,169.0,8140.0,117.7,0.1344,,
2026-07-15,7575.51,2026-12-31,169.0,8150.0,114.65,0.1341,,
2026-07-15,7575.51,2026-12-31,169.0,8160.0,111.8,0.1339,,
2026-07-15,7575.51,2026-12-31,169.0,8170.0,108.9,0.1336,,
2026-07-15,7575.51,2026-12-31,169.0,8175.0,107.5,0.1334,,
2026-07-15,7575.51,2026-12-31,169.0,8180.0,106.05,0.1333,,
2026-07-15,7575.51,2026-12-31,169.0,8190.0,103.35,0.133,,
