date,spot,expiry,T_days,strike,call_mid,call_iv,put_mid,put_iv
2026-08-12,7753.56,2026-08-13,1.0,5900.0,1851.4,1.3032,0.03,1.4699
2026-08-12,7753.56,2026-08-13,1.0,6000.0,1750.95,1.2278,0.03,1.3845
2026-08-12,7753.56,2026-08-13,1.0,6100.0,1651.25,1.1533,0.03,1.3003
2026-08-12,7753.56,2026-08-13,1.0,6200.0,1551.25,1.0797,0.03,1.2172
2026-08-12,7753.56,2026-08-13,1.0,6300.0,1451.55,1.007,0.03,1.1351
2026-08-12,7753.56,2026-08-13,1.0,6325.0,1426.05,0.9264,0.03,1.1148
2026-08-12,7753.56,2026-08-13,1.0,6350.0,1401.6,1.0218,0.03,1.0945
2026-08-12,7753.56,2026-08-13,1.0,6375.0,1376.25,0.9825,0.03,1.0743
2026-08-12,7753.56,2026-08-13,1.0,6400.0,1351.3,0.9351,0.03,1.0541
2026-08-12,7753.56,2026-08-13,1.0,6425.0,1326.25,0.8604,0.03,1.034
2026-08-12,7753.56,2026-08-13,1.0,6450.0,1301.25,0.9465,0.03,1.0139
2026-08-12,7753.56,2026-08-13,1.0,6475.0,1276.25,0.9088,0.03,0.994
2026-08-12,7753.56,2026-08-13,1.0,6500.0,1251.45,0.864,0.03,0.974
2026-08-12,7753.56,2026-08-13,1.0,6525.0,1226.35,0.7949,0.03,0.9541
2026-08-12,7753.56,2026-08-13,1.0,6550.0,1201.35,0.872,0.03,0.9343
2026-08-12,7753.56,2026-08-13,1.0,6575.0,1176.35,0.836,0.03,0.9145
2026-08-12,7753.56,2026-08-13,1.0,6600.0,1151.3,0.7936,0.03,0.8948
2026-08-12,7753.56,2026-08-13,1.0,6625.0,1126.35,0.7297,0.03,0.8751
2026-08-12,7753.56,2026-08-13,1.0,6650.0,1101.35,0.7982,0.03,0.8555
2026-08-12,7753.56,2026-08-13,1.0,6675.0,1075.9,0.7639,0.03,0.836
2026-08-12,7753.56,2026-08-13,1.0,6700.0,1051.7,0.7238,0.03,0.8164
2026-08-12,7753.56,2026-08-13,1.0,6725.0,1026.35,0.665,0.03,0.797
2026-08-12,7753.56,2026-08-13,1.0,6750.0,1001.35,0.7252,0.03,0.7775
2026-08-12,7753.56,2026-08-13,1.0,6775.0,975.95,0.6925,0.03,0.7581
2026-08-12,7753.56,2026-08-13,1.0,6800.0,951.5,0.6547,0.03,0.7388
2026-08-12,7753.56,2026-08-13,1.0,6825.0,926.35,0.6006,0.03,0.7195
2026-08-12,7753.56,2026-08-13,1.0,6850.0,901.35,0.6528,0.03,0.7002
2026-08-12,7753.56,2026-08-13,1.0,6875.0,876.35,0.6218,0.03,0.681
2026-08-12,7753.56,2026-08-13,1.0,6900.0,851.5,0.5862,0.03,0.6618
2026-08-12,7753.56,2026-08-13,1.0,6925.0,826.35,0.5366,0.03,0.6427
2026-08-12,7753.56,2026-08-13,1.0,6950.0,801.25,0.5811,0.03,0.6236
2026-08-12,7753.56,2026-08-13,1.0,6960.0,791.25,0.5696,0.03,0.6159
2026-08-12,7753.56,2026-08-13,1.0,6970.0,781.55,0.5577,0.03,0.6083
2026-08-12,7753.56,2026-08-13,1.0,6975.0,776.15,0.5515,0.03,0.6045
2026-08-12,7753.56,2026-08-13,1.0,6980.0,771.55,0.5453,0.03,0.6007
2026-08-12,7753.56,2026-08-13,1.0,6990.0,761.55,0.5322,0.03,0.5931
2026-08-12,7753.56,2026-08-13,1.0,7000.0,751.2,0.5181,0.03,0.5855
2026-08-12,7753.56,2026-08-13,1.0,7010.0,741.65,0.5025,0.05,0.6091
2026-08-12,7753.56,2026-08-13,1.0,7020.0,730.9,0.484,0.05,0.6011
2026-08-12,7753.56,2026-08-13,1.0,7025.0,726.05,0.4728,0.08,0.6172
2026-08-12,7753.56,2026-08-13,1.0,7030.0,720.85,0.4587,0.05,0.5932
2026-08-12,7753.56,2026-08-13,1.0,7040.0,710.85,0.5205,0.05,0.5852
2026-08-12,7753.56,2026-08-13,1.0,7050.0,701.25,0.5098,0.05,0.5773
2026-08-12,7753.56,2026-08-13,1.0,7060.0,690.9,0.4988,0.05,0.5693
2026-08-12,7753.56,2026-08-13,1.0,7070.0,682.65,0.4876,0.05,0.5614
2026-08-12,7753.56,2026-08-13,1.0,7075.0,676.25,0.4818,0.05,0.5574
2026-08-12,7753.56,2026-08-13,1.0,7080.0,670.95,0.4759,0.05,0.5534
2026-08-12,7753.56,2026-08-13,1.0,7090.0,660.95,0.4636,0.05,0.5455
2026-08-12,7753.56,2026-08-13,1.0,7100.0,651.65,0.4505,0.08,0.5559
2026-08-12,7753.56,2026-08-13,1.0,7110.0,640.95,0.4361,0.05,0.5296
2026-08-12,7753.56,2026-08-13,1.0,7120.0,630.95,0.4193,0.05,0.5217
2026-08-12,7753.56,2026-08-13,1.0,7125.0,626.25,0.4092,0.05,0.5178
2026-08-12,7753.56,2026-08-13,1.0,7130.0,621.3,0.3969,0.05,0.5138
2026-08-12,7753.56,2026-08-13,1.0,7140.0,611.55,0.4492,0.05,0.5059
2026-08-12,7753.56,2026-08-13,1.0,7145.0,606.55,0.4441,0.08,0.5192
2026-08-12,7753.56,2026-08-13,1.0,7150.0,601.2,0.4389,0.08,0.5152
2026-08-12,7753.56,2026-08-13,1.0,7155.0,596.2,0.4338,0.08,0.5111
2026-08-12,7753.56,2026-08-13,1.0,7160.0,591.0,0.4285,0.08,0.507
2026-08-12,7753.56,2026-08-13,1.0,7165.0,586.2,0.4232,0.08,0.5029
2026-08-12,7753.56,2026-08-13,1.0,7170.0,580.85,0.4178,0.08,0.4989
2026-08-12,7753.56,2026-08-13,1.0,7175.0,575.85,0.4124,0.08,0.4948
2026-08-12,7753.56,2026-08-13,1.0,7180.0,570.85,0.4068,0.08,0.4907
2026-08-12,7753.56,2026-08-13,1.0,7185.0,566.55,0.4011,0.08,0.4866
2026-08-12,7753.56,2026-08-13,1.0,7190.0,561.3,0.3953,0.08,0.4826
2026-08-12,7753.56,2026-08-13,1.0,7195.0,556.55,0.3893,0.08,0.4785
2026-08-12,7753.56,2026-08-13,1.0,7200.0,551.4,0.3832,0.08,0.4744
2026-08-12,7753.56,2026-08-13,1.0,7205.0,546.2,0.3767,0.08,0.4704
2026-08-12,7753.56,2026-08-13,1.0,7210.0,540.85,0.3699,0.08,0.4663
2026-08-12,7753.56,2026-08-13,1.0,7215.0,536.4,0.3627,0.08,0.4622
2026-08-12,7753.56,2026-08-13,1.0,7220.0,530.9,0.3548,0.08,0.4581
2026-08-12,7753.56,2026-08-13,1.0,7225.0,526.55,0.3458,0.08,0.4541
2026-08-12,7753.56,2026-08-13,1.0,7230.0,520.95,0.3351,0.08,0.45
2026-08-12,7753.56,2026-08-13,1.0,7235.0,516.4,0.3202,0.1,0.4576
2026-08-12,7753.56,2026-08-13,1.0,7240.0,512.95,0.256,0.1,0.4534
2026-08-12,7753.56,2026-08-13,1.0,7245.0,508.0,0.3733,0.1,0.4493
2026-08-12,7753.56,2026-08-13,1.0,7250.0,503.0,0.3684,0.08,0.4337
2026-08-12,7753.56,2026-08-13,1.0,7255.0,498.0,0.3634,0.1,0.4409
2026-08-12,7753.56,2026-08-13,1.0,7260.0,493.0,0.3585,0.1,0.4368
2026-08-12,7753.56,2026-08-13,1.0,7265.0,488.0,0.3535,0.1,0.4326
2026-08-12,7753.56,2026-08-13,1.0,7270.0,483.0,0.3484,0.1,0.4285
2026-08-12,7753.56,2026-08-13,1.0,7275.0,478.0,0.6729,0.1,0.4243
2026-08-12,7753.56,2026-08-13,1.0,7280.0,473.0,0.6653,0.1,0.4201
2026-08-12,7753.56,2026-08-13,1.0,7285.0,467.85,0.3327,0.1,0.416
2026-08-12,7753.56,2026-08-13,1.0,7290.0,462.85,0.3273,0.08,0.4012
2026-08-12,7753.56,2026-08-13,1.0,7295.0,457.85,0.3217,0.1,0.4076
2026-08-12,7753.56,2026-08-13,1.0,7300.0,452.85,0.316,0.12,0.4121
2026-08-12,7753.56,2026-08-13,1.0,7305.0,448.0,0.3101,0.12,0.4079
2026-08-12,7753.56,2026-08-13,1.0,7310.0,443.0,0.3039,0.12,0.4036
2026-08-12,7753.56,2026-08-13,1.0,7315.0,438.05,0.2974,0.12,0.3994
2026-08-12,7753.56,2026-08-13,1.0,7320.0,433.05,0.2903,0.12,0.3951
2026-08-12,7753.56,2026-08-13,1.0,7325.0,428.05,0.2825,0.12,0.3909
2026-08-12,7753.56,2026-08-13,1.0,7330.0,423.05,0.2733,0.12,0.3867
2026-08-12,7753.56,2026-08-13,1.0,7335.0,418.05,0.261,0.12,0.3824
2026-08-12,7753.56,2026-08-13,1.0,7340.0,413.05,0.2318,0.12,0.3782
2026-08-12,7753.56,2026-08-13,1.0,7345.0,408.05,0.3026,0.12,0.3739
2026-08-12,7753.56,2026-08-13,1.0,7350.0,403.05,0.2979,0.15,0.3764
2026-08-12,7753.56,2026-08-13,1.0,7355.0,398.05,0.2932,0.15,0.3721
2026-08-12,7753.56,2026-08-13,1.0,7360.0,392.95,0.2885,0.15,0.3678
2026-08-12,7753.56,2026-08-13,1.0,7365.0,388.05,0.2838,0.15,0.3635
2026-08-12,7753.56,2026-08-13,1.0,7370.0,383.05,0.279,0.15,0.3592
2026-08-12,7753.56,2026-08-13,1.0,7375.0,378.05,0.2742,0.15,0.3548
2026-08-12,7753.56,2026-08-13,1.0,7380.0,373.05,0.2693,0.15,0.3505
2026-08-12,7753.56,2026-08-13,1.0,7385.0,368.05,0.2643,0.15,0.3462
2026-08-12,7753.56,2026-08-13,1.0,7390.0,363.1,0.2593,0.15,0.3419
2026-08-12,7753.56,2026-08-13,1.0,7395.0,358.1,0.2541,0.15,0.3375
2026-08-12,7753.56,2026-08-13,1.0,7400.0,353.0,0.2489,0.17,0.3386
2026-08-12,7753.56,2026-08-13,1.0,7405.0,,,0.17,0.3342
2026-08-12,7753.56,2026-08-13,1.0,7410.0,,,0.17,0.3298
2026-08-12,7753.56,2026-08-13,1.0,7415.0,338.15,0.232,0.17,0.3254
2026-08-12,7753.56,2026-08-13,1.0,7420.0,333.1,0.2258,0.17,0.321
2026-08-12,7753.56,2026-08-13,1.0,7425.0,328.1,0.219,0.17,0.3166
2026-08-12,7753.56,2026-08-13,1.0,7430.0,323.1,0.6723,0.17,0.3122
2026-08-12,7753.56,2026-08-13,1.0,7435.0,318.1,0.2013,0.17,0.3078
2026-08-12,7753.56,2026-08-13,1.0,7440.0,313.1,0.1822,0.2,0.3079
2026-08-12,7753.56,2026-08-13,1.0,7445.0,,,0.2,0.3034
2026-08-12,7753.56,2026-08-13,1.0,7450.0,303.2,0.6435,0.2,0.2989
2026-08-12,7753.56,2026-08-13,1.0,7455.0,298.15,0.2229,0.2,0.2944
2026-08-12,7753.56,2026-08-13,1.0,7460.0,293.15,0.2184,0.2,0.29
2026-08-12,7753.56,2026-08-13,1.0,7465.0,288.15,0.2139,0.2,0.2855
2026-08-12,7753.56,2026-08-13,1.0,7470.0,283.15,0.2094,0.23,0.2848
2026-08-12,7753.56,2026-08-13,1.0,7475.0,278.2,0.2049,0.23,0.2802
2026-08-12,7753.56,2026-08-13,1.0,7480.0,273.15,0.2003,0.23,0.2757
2026-08-12,7753.56,2026-08-13,1.0,7485.0,268.15,0.1957,0.23,0.2712
2026-08-12,7753.56,2026-08-13,1.0,7490.0,263.15,0.191,0.23,0.2666
2026-08-12,7753.56,2026-08-13,1.0,7495.0,258.15,0.1863,0.25,0.2653
2026-08-12,7753.56,2026-08-13,1.0,7500.0,253.1,0.3133,0.25,0.2607
2026-08-12,7753.56,2026-08-13,1.0,7505.0,248.25,0.1766,0.25,0.2561
2026-08-12,7753.56,2026-08-13,1.0,7510.0,243.1,0.1716,0.25,0.2515
2026-08-12,7753.56,2026-08-13,1.0,7515.0,238.2,0.1664,0.28,0.2497
2026-08-12,7753.56,2026-08-13,1.0,7520.0,233.2,0.1609,0.28,0.245
2026-08-12,7753.56,2026-08-13,1.0,7525.0,228.1,0.1551,0.28,0.2404
2026-08-12,7753.56,2026-08-13,1.0,7530.0,223.15,0.1486,0.3,0.2382
2026-08-12,7753.56,2026-08-13,1.0,7535.0,218.2,0.1409,0.28,0.231
2026-08-12,7753.56,2026-08-13,1.0,7540.0,213.15,0.1281,0.32,0.2311
2026-08-12,7753.56,2026-08-13,1.0,7545.0,208.25,0.1604,0.32,0.2263
2026-08-12,7753.56,2026-08-13,1.0,7550.0,203.15,0.4566,0.32,0.2215
2026-08-12,7753.56,2026-08-13,1.0,7555.0,198.15,0.1519,0.35,0.2188
2026-08-12,7753.56,2026-08-13,1.0,7560.0,193.15,0.1477,0.38,0.216
2026-08-12,7753.56,2026-08-13,1.0,7565.0,188.3,0.1434,0.38,0.2111
2026-08-12,7753.56,2026-08-13,1.0,7570.0,183.35,0.1392,0.4,0.208
2026-08-12,7753.56,2026-08-13,1.0,7575.0,178.25,0.1349,0.43,0.2048
2026-08-12,7753.56,2026-08-13,1.0,7580.0,173.3,0.1306,0.47,0.2029
2026-08-12,7753.56,2026-08-13,1.0,7585.0,168.45,0.1263,0.5,0.1994
2026-08-12,7753.56,2026-08-13,1.0,7590.0,163.45,0.232,0.55,0.197
2026-08-12,7753.56,2026-08-13,1.0,7595.0,158.55,0.3676,0.57,0.1931
2026-08-12,7753.56,2026-08-13,1.0,7600.0,153.45,0.2082,0.65,0.1915
2026-08-12,7753.56,2026-08-13,1.0,7605.0,148.7,0.1089,0.7,0.1884
2026-08-12,7753.56,2026-08-13,1.0,7610.0,143.75,0.2168,0.78,0.1861
2026-08-12,7753.56,2026-08-13,1.0,7615.0,138.85,0.2818,0.88,0.1844
2026-08-12,7753.56,2026-08-13,1.0,7620.0,133.8,0.19,0.97,0.1823
2026-08-12,7753.56,2026-08-13,1.0,7625.0,129.1,0.2366,1.1,0.1805
2026-08-12,7753.56,2026-08-13,1.0,7630.0,124.05,0.085,1.23,0.1783
2026-08-12,7753.56,2026-08-13,1.0,7635.0,119.4,0.1342,1.38,0.1764
2026-08-12,7753.56,2026-08-13,1.0,7640.0,114.4,0.1292,1.55,0.1745
2026-08-12,7753.56,2026-08-13,1.0,7645.0,109.8,0.1434,1.75,0.1728
2026-08-12,7753.56,2026-08-13,1.0,7650.0,104.85,0.1397,2.0,0.1715
2026-08-12,7753.56,2026-08-13,1.0,7655.0,99.7,0.1287,2.27,0.17
2026-08-12,7753.56,2026-08-13,1.0,7660.0,95.45,0.1445,2.58,0.1684
2026-08-12,7753.56,2026-08-13,1.0,7665.0,90.5,0.1395,2.92,0.167
2026-08-12,7753.56,2026-08-13,1.0,7670.0,86.25,0.1473,3.3,0.1653
2026-08-12,7753.56,2026-08-13,1.0,7675.0,81.65,0.1469,3.75,0.1639
2026-08-12,7753.56,2026-08-13,1.0,7680.0,77.15,0.1469,4.3,0.163
2026-08-12,7753.56,2026-08-13,1.0,7685.0,72.35,0.1423,4.9,0.162
2026-08-12,7753.56,2026-08-13,1.0,7690.0,68.35,0.1466,5.5,0.1602
2026-08-12,7753.56,2026-08-13,1.0,7695.0,64.1,0.1466,6.2,0.1587
2026-08-12,7753.56,2026-08-13,1.0,7700.0,59.9,0.1461,7.0,0.1574
2026-08-12,7753.56,2026-08-13,1.0,7705.0,55.85,0.146,7.95,0.1565
2026-08-12,7753.56,2026-08-13,1.0,7710.0,51.85,0.1453,9.0,0.1556
2026-08-12,7753.56,2026-08-13,1.0,7715.0,47.95,0.1445,10.1,0.1543
2026-08-12,7753.56,2026-08-13,1.0,7720.0,44.2,0.1439,11.3,0.1528
2026-08-12,7753.56,2026-08-13,1.0,7725.0,40.6,0.1434,12.75,0.1522
2026-08-12,7753.56,2026-08-13,1.0,7730.0,37.15,0.1429,14.3,0.1514
2026-08-12,7753.56,2026-08-13,1.0,7735.0,33.85,0.1424,15.95,0.1503
2026-08-12,7753.56,2026-08-13,1.0,7740.0,30.7,0.1418,17.8,0.1495
2026-08-12,7753.56,2026-08-13,1.0,7745.0,27.7,0.1411,19.8,0.1487
2026-08-12,7753.56,2026-08-13,1.0,7750.0,24.9,0.1407,22.0,0.1481
2026-08-12,7753.56,2026-08-13,1.0,7755.0,22.25,0.14,24.4,0.1478
2026-08-12,7753.56,2026-08-13,1.0,7760.0,19.8,0.1396,26.95,0.1473
2026-08-12,7753.56,2026-08-13,1.0,7765.0,17.6,0.1396,29.7,0.1471
2026-08-12,7753.56,2026-08-13,1.0,7770.0,15.5,0.1391,32.65,0.147
2026-08-12,7753.56,2026-08-13,1.0,7775.0,13.6,0.1388,35.75,0.1469
2026-08-12,7753.56,2026-08-13,1.0,7780.0,11.9,0.1388,39.35,0.1491
2026-08-12,7753.56,2026-08-13,1.0,7785.0,10.35,0.1386,42.45,0.1469
2026-08-12,7753.56,2026-08-13,1.0,7790.0,8.95,0.1385,46.05,0.1471
2026-08-12,7753.56,2026-08-13,1.0,7795.0,7.7,0.1383,48.9,0.1402
2026-08-12,7753.56,2026-08-13,1.0,7800.0,6.55,0.1379,52.15,0.1346
2026-08-12,7753.56,2026-08-13,1.0,7805.0,5.65,0.1385,57.85,0.1495
2026-08-12,7753.56,2026-08-13,1.0,7810.0,4.85,0.1391,61.85,0.1489
2026-08-12,7753.56,2026-08-13,1.0,7815.0,4.1,0.1391,66.15,0.1502
2026-08-12,7753.56,2026-08-13,1.0,7820.0,3.45,0.1392,70.55,0.1516
2026-08-12,7753.56,2026-08-13,1.0,7825.0,2.88,0.1391,74.95,0.1523
2026-08-12,7753.56,2026-08-13,1.0,7830.0,2.45,0.14,79.5,0.1539
2026-08-12,7753.56,2026-08-13,1.0,7835.0,2.08,0.1408,84.1,0.1555
2026-08-12,7753.56,2026-08-13,1.0,7840.0,1.75,0.1416,88.8,0.1579
2026-08-12,7753.56,2026-08-13,1.0,7845.0,1.48,0.1424,93.5,0.1597
2026-08-12,7753.56,2026-08-13,1.0,7850.0,1.27,0.144,98.3,0.1626
2026-08-12,7753.56,2026-08-13,1.0,7855.0,1.08,0.1449,103.15,0.1661
2026-08-12,7753.56,2026-08-13,1.0,7860.0,0.93,0.1465,107.95,0.1682
2026-08-12,7753.56,2026-08-13,1.0,7865.0,0.82,0.1489,112.8,0.171
2026-08-12,7753.56,2026-08-13,1.0,7870.0,0.72,0.151,117.7,0.1746
2026-08-12,7753.56,2026-08-13,1.0,7875.0,0.62,0.1525,122.65,0.1792
2026-08-12,7753.56,2026-08-13,1.0,7880.0,0.55,0.1545,127.65,0.185
2026-08-12,7753.56,2026-08-13,1.0,7885.0,0.5,0.1572,132.5,0.1865
2026-08-12,7753.56,2026-08-13,1.0,7890.0,0.45,0.1597,137.5,0.1922
2026-08-12,7753.56,2026-08-13,1.0,7895.0,0.43,0.1632,142.45,0.1963
2026-08-12,7753.56,2026-08-13,1.0,7900.0,0.4,0.1667,147.45,0.2018
2026-08-12,7753.56,2026-08-13,1.0,7905.0,0.38,0.1699,152.4,0.2057
2026-08-12,7753.56,2026-08-13,1.0,7910.0,0.35,0.173,157.35,0.2094
2026-08-12,7753.56,2026-08-13,1.0,7915.0,0.32,0.176,162.35,0.2148
2026-08-12,7753.56,2026-08-13,1.0,7920.0,0.32,0.1806,167.3,0.2184
2026-08-12,7753.56,2026-08-13,1.0,7925.0,0.3,0.1833,172.25,0.2217
2026-08-12,7753.56,2026-08-13,1.0,7930.0,0.28,0.1858,177.3,0.229
2026-08-12,7753.56,2026-08-13,1.0,7935.0,0.28,0.1903,182.3,0.2343
2026-08-12,7753.56,2026-08-13,1.0,7940.0,0.28,0.1948,187.3,0.2395
2026-08-12,7753.56,2026-08-13,1.0,7945.0,0.28,0.1994,192.3,0.2448
2026-08-12,7753.56,2026-08-13,1.0,7950.0,0.25,0.2014,197.6,0.2613
2026-08-12,7753.56,2026-08-13,1.0,7955.0,0.23,0.2032,202.2,0.2507
2026-08-12,7753.56,2026-08-13,1.0,7960.0,0.23,0.2076,207.2,0.2558
2026-08-12,7753.56,2026-08-13,1.0,7965.0,0.23,0.212,212.2,0.2609
2026-08-12,7753.56,2026-08-13,1.0,7970.0,0.23,0.2163,217.2,0.266
2026-08-12,7753.56,2026-08-13,1.0,7975.0,0.23,0.2206,222.2,0.271
2026-08-12,7753.56,2026-08-13,1.0,7980.0,0.23,0.225,227.2,0.2761
2026-08-12,7753.56,2026-08-13,1.0,7985.0,0.17,0.2227,232.2,0.2811
2026-08-12,7753.56,2026-08-13,1.0,7990.0,0.17,0.2269,237.2,0.2861
2026-08-12,7753.56,2026-08-13,1.0,8000.0,0.17,0.2353,247.2,0.2961
2026-08-12,7753.56,2026-08-13,1.0,8010.0,0.17,0.2436,257.15,0.3032
2026-08-12,7753.56,2026-08-13,1.0,8020.0,0.17,0.2519,267.15,0.313
2026-08-12,7753.56,2026-08-13,1.0,8025.0,0.17,0.256,272.85,0.3498
2026-08-12,7753.56,2026-08-13,1.0,8030.0,0.12,0.2509,277.85,0.355
2026-08-12,7753.56,2026-08-13,1.0,8040.0,0.12,0.2589,287.75,0.3614
2026-08-12,7753.56,2026-08-13,1.0,8050.0,0.12,0.2668,297.75,0.3717
2026-08-12,7753.56,2026-08-13,1.0,8060.0,0.12,0.2748,307.7,0.3797
2026-08-12,7753.56,2026-08-13,1.0,8075.0,0.12,0.2866,324.15,0.4451
2026-08-12,7753.56,2026-08-13,1.0,8100.0,0.08,0.2913,348.8,0.4616
2026-08-12,7753.56,2026-08-13,1.0,8125.0,0.08,0.3099,374.0,0.4945
2026-08-12,7753.56,2026-08-13,1.0,8150.0,0.08,0.3283,398.6,0.5071
2026-08-12,7753.56,2026-08-13,1.0,8175.0,0.08,0.3465,423.8,0.54
2026-08-12,7753.56,2026-08-13,1.0,8200.0,0.08,0.3647,448.65,0.5599
2026-08-12,7753.56,2026-08-13,1.0,8225.0,0.08,0.3827,473.45,0.5768
2026-08-12,7753.56,2026-08-13,1.0,8250.0,0.08,0.4005,498.6,0.6078
2026-08-12,7753.56,2026-08-13,1.0,8275.0,0.05,0.404,523.9,0.6447
2026-08-12,7753.56,2026-08-13,1.0,8300.0,0.03,0.3987,548.95,0.6714
2026-08-12,7753.56,2026-08-13,1.0,8400.0,0.03,0.463,648.4,0.7421
2026-08-12,7753.56,2026-08-13,1.0,8500.0,0.03,0.5259,748.2,0.8222
2026-08-12,7753.56,2026-08-13,1.0,8600.0,0.03,0.5876,848.65,0.9377
2026-08-12,7753.56,2026-08-13,1.0,8800.0,0.03,0.7073,1048.4,1.0952
2026-08-12,7753.56,2026-08-14,2.0,5900.0,1851.55,0.9583,0.03,1.0397
2026-08-12,7753.56,2026-08-14,2.0,5950.0,1801.9,0.9306,0.03,1.0094
2026-08-12,7753.56,2026-08-14,2.0,6000.0,1753.65,0.9031,0.03,0.9793
2026-08-12,7753.56,2026-08-14,2.0,6025.0,1727.0,0.8263,0.03,0.9644
2026-08-12,7753.56,2026-08-14,2.0,6050.0,1702.0,0.8757,0.03,0.9495
2026-08-12,7753.56,2026-08-14,2.0,6075.0,1676.95,0.8017,0.03,0.9346
2026-08-12,7753.56,2026-08-14,2.0,6100.0,1651.95,0.8485,0.03,0.9198
2026-08-12,7753.56,2026-08-14,2.0,6125.0,1626.6,0.7772,0.03,0.905
2026-08-12,7753.56,2026-08-14,2.0,6150.0,1602.15,0.8215,0.03,0.8903
2026-08-12,7753.56,2026-08-14,2.0,6175.0,1577.1,0.7528,0.03,0.8756
2026-08-12,7753.56,2026-08-14,2.0,6200.0,1551.8,0.7947,0.03,0.861
2026-08-12,7753.56,2026-08-14,2.0,6225.0,1527.0,0.7284,0.03,0.8465
2026-08-12,7753.56,2026-08-14,2.0,6250.0,1502.2,0.768,0.03,0.8319
2026-08-12,7753.56,2026-08-14,2.0,6275.0,1476.8,0.7041,0.03,0.8175
2026-08-12,7753.56,2026-08-14,2.0,6300.0,1452.4,0.7414,0.03,0.803
2026-08-12,7753.56,2026-08-14,2.0,6325.0,1427.1,0.6799,0.03,0.7886
2026-08-12,7753.56,2026-08-14,2.0,6350.0,1402.25,0.715,0.03,0.7743
2026-08-12,7753.56,2026-08-14,2.0,6375.0,1378.75,0.6558,0.03,0.76
2026-08-12,7753.56,2026-08-14,2.0,6400.0,1352.2,0.6887,0.03,0.7457
2026-08-12,7753.56,2026-08-14,2.0,6425.0,1326.9,0.6318,0.03,0.7315
2026-08-12,7753.56,2026-08-14,2.0,6450.0,1302.2,0.6626,0.03,0.7173
2026-08-12,7753.56,2026-08-14,2.0,6475.0,1276.8,0.6078,0.03,0.7032
2026-08-12,7753.56,2026-08-14,2.0,6500.0,1252.3,0.6366,0.03,0.6891
2026-08-12,7753.56,2026-08-14,2.0,6525.0,1226.95,0.5839,0.03,0.675
2026-08-12,7753.56,2026-08-14,2.0,6550.0,1202.25,0.6107,0.03,0.661
2026-08-12,7753.56,2026-08-14,2.0,6575.0,1177.4,0.56,0.03,0.647
2026-08-12,7753.56,2026-08-14,2.0,6600.0,1152.4,0.585,0.03,0.6331
2026-08-12,7753.56,2026-08-14,2.0,6610.0,1142.3,0.569,0.05,0.6597
2026-08-12,7753.56,2026-08-14,2.0,6620.0,1132.35,0.5492,0.05,0.6538
2026-08-12,7753.56,2026-08-14,2.0,6625.0,1128.9,0.5363,0.05,0.6509
2026-08-12,7753.56,2026-08-14,2.0,6630.0,1121.8,0.5188,0.05,0.648
2026-08-12,7753.56,2026-08-14,2.0,6640.0,1111.8,0.5729,0.05,0.6422
2026-08-12,7753.56,2026-08-14,2.0,6650.0,1102.4,0.5594,0.05,0.6364
2026-08-12,7753.56,2026-08-14,2.0,6660.0,1092.25,0.5439,0.05,0.6307
2026-08-12,7753.56,2026-08-14,2.0,6670.0,1082.25,0.5249,0.05,0.6249
2026-08-12,7753.56,2026-08-14,2.0,6675.0,1076.95,0.5126,0.08,0.6419
2026-08-12,7753.56,2026-08-14,2.0,6680.0,1072.35,0.4961,0.05,0.6191
2026-08-12,7753.56,2026-08-14,2.0,6690.0,1062.35,0.5469,0.05,0.6133
2026-08-12,7753.56,2026-08-14,2.0,6700.0,1052.3,0.5339,0.08,0.627
2026-08-12,7753.56,2026-08-14,2.0,6710.0,1042.4,0.5189,0.05,0.6018
2026-08-12,7753.56,2026-08-14,2.0,6720.0,1032.45,0.5006,0.05,0.596
2026-08-12,7753.56,2026-08-14,2.0,6725.0,1027.45,0.4889,0.05,0.5931
2026-08-12,7753.56,2026-08-14,2.0,6730.0,1022.45,0.4734,0.08,0.6093
2026-08-12,7753.56,2026-08-14,2.0,6740.0,1012.45,0.5211,0.03,0.5556
2026-08-12,7753.56,2026-08-14,2.0,6750.0,1002.4,0.5085,0.05,0.5788
2026-08-12,7753.56,2026-08-14,2.0,6760.0,992.3,0.4941,0.05,0.573
2026-08-12,7753.56,2026-08-14,2.0,6770.0,984.05,0.4765,0.05,0.5673
2026-08-12,7753.56,2026-08-14,2.0,6775.0,977.35,0.4654,0.05,0.5644
2026-08-12,7753.56,2026-08-14,2.0,6780.0,972.3,0.4508,0.05,0.5616
2026-08-12,7753.56,2026-08-14,2.0,6790.0,962.05,0.4954,0.05,0.5559
2026-08-12,7753.56,2026-08-14,2.0,6800.0,952.6,0.4832,0.08,0.568
2026-08-12,7753.56,2026-08-14,2.0,6810.0,942.05,0.4693,0.08,0.5621
2026-08-12,7753.56,2026-08-14,2.0,6820.0,932.35,0.4524,0.08,0.5563
2026-08-12,7753.56,2026-08-14,2.0,6825.0,927.05,0.4418,0.08,0.5533
2026-08-12,7753.56,2026-08-14,2.0,6830.0,922.3,0.4281,0.08,0.5504
2026-08-12,7753.56,2026-08-14,2.0,6840.0,912.0,0.4698,0.08,0.5445
2026-08-12,7753.56,2026-08-14,2.0,6850.0,902.6,0.4579,0.08,0.5387
2026-08-12,7753.56,2026-08-14,2.0,6860.0,892.0,0.4446,0.08,0.5328
2026-08-12,7753.56,2026-08-14,2.0,6870.0,882.05,0.4284,0.08,0.527
2026-08-12,7753.56,2026-08-14,2.0,6875.0,877.35,0.4184,0.08,0.5241
2026-08-12,7753.56,2026-08-14,2.0,6880.0,872.05,0.4055,0.08,0.5211
2026-08-12,7753.56,2026-08-14,2.0,6890.0,862.05,0.4443,0.08,0.5153
2026-08-12,7753.56,2026-08-14,2.0,6900.0,852.35,0.4328,0.08,0.5095
2026-08-12,7753.56,2026-08-14,2.0,6910.0,842.05,0.4199,0.08,0.5036
2026-08-12,7753.56,2026-08-14,2.0,6920.0,832.9,0.4045,0.08,0.4978
2026-08-12,7753.56,2026-08-14,2.0,6925.0,827.25,0.395,0.1,0.507
2026-08-12,7753.56,2026-08-14,2.0,6930.0,822.55,0.3828,0.1,0.504
2026-08-12,7753.56,2026-08-14,2.0,6940.0,812.55,0.4189,0.1,0.4981
2026-08-12,7753.56,2026-08-14,2.0,6950.0,802.4,0.4078,0.1,0.4922
2026-08-12,7753.56,2026-08-14,2.0,6960.0,792.55,0.3954,0.1,0.4862
2026-08-12,7753.56,2026-08-14,2.0,6970.0,782.55,0.3807,0.1,0.4803
2026-08-12,7753.56,2026-08-14,2.0,6975.0,777.15,0.3716,0.1,0.4773
2026-08-12,7753.56,2026-08-14,2.0,6980.0,772.6,0.3602,0.1,0.4744
2026-08-12,7753.56,2026-08-14,2.0,6990.0,762.2,0.3936,0.1,0.4684
2026-08-12,7753.56,2026-08-14,2.0,7000.0,754.2,0.3829,0.1,0.4625
2026-08-12,7753.56,2026-08-14,2.0,7010.0,742.2,0.3709,0.1,0.4566
2026-08-12,7753.56,2026-08-14,2.0,7020.0,732.2,0.3568,0.12,0.4597
2026-08-12,7753.56,2026-08-14,2.0,7025.0,727.45,0.3483,0.12,0.4567
2026-08-12,7753.56,2026-08-14,2.0,7030.0,722.6,0.3376,0.12,0.4537
2026-08-12,7753.56,2026-08-14,2.0,7035.0,717.65,0.3217,0.12,0.4506
2026-08-12,7753.56,2026-08-14,2.0,7040.0,712.6,0.3683,0.12,0.4476
2026-08-12,7753.56,2026-08-14,2.0,7045.0,706.95,0.3633,0.12,0.4446
2026-08-12,7753.56,2026-08-14,2.0,7050.0,702.05,0.358,0.12,0.4416
2026-08-12,7753.56,2026-08-14,2.0,7055.0,698.1,0.3524,0.12,0.4386
2026-08-12,7753.56,2026-08-14,2.0,7060.0,692.6,0.3465,0.12,0.4356
2026-08-12,7753.56,2026-08-14,2.0,7065.0,687.4,0.3401,0.12,0.4326
2026-08-12,7753.56,2026-08-14,2.0,7070.0,682.6,0.3331,0.12,0.4296
2026-08-12,7753.56,2026-08-14,2.0,7075.0,677.05,0.325,0.15,0.4338
2026-08-12,7753.56,2026-08-14,2.0,7080.0,672.5,0.315,0.15,0.4308
2026-08-12,7753.56,2026-08-14,2.0,7085.0,667.35,0.3004,0.15,0.4278
2026-08-12,7753.56,2026-08-14,2.0,7090.0,662.1,0.3431,0.15,0.4247
2026-08-12,7753.56,2026-08-14,2.0,7095.0,657.55,0.3382,0.15,0.4217
2026-08-12,7753.56,2026-08-14,2.0,7100.0,652.6,0.3332,0.15,0.4186
2026-08-12,7753.56,2026-08-14,2.0,7105.0,647.15,0.3278,0.15,0.4156
2026-08-12,7753.56,2026-08-14,2.0,7110.0,642.1,0.3222,0.15,0.4125
2026-08-12,7753.56,2026-08-14,2.0,7115.0,637.25,0.3161,0.15,0.4095
2026-08-12,7753.56,2026-08-14,2.0,7120.0,632.4,0.3094,0.15,0.4065
2026-08-12,7753.56,2026-08-14,2.0,7125.0,627.5,0.3017,0.15,0.4034
2026-08-12,7753.56,2026-08-14,2.0,7130.0,622.45,0.2924,0.15,0.4004
2026-08-12,7753.56,2026-08-14,2.0,7135.0,617.55,0.279,0.15,0.3973
2026-08-12,7753.56,2026-08-14,2.0,7140.0,612.55,0.318,0.17,0.4002
2026-08-12,7753.56,2026-08-14,2.0,7145.0,607.25,0.3133,0.17,0.3971
2026-08-12,7753.56,2026-08-14,2.0,7150.0,602.5,0.3084,0.17,0.394
2026-08-12,7753.56,2026-08-14,2.0,7155.0,598.0,0.3033,0.17,0.3909
2026-08-12,7753.56,2026-08-14,2.0,7160.0,594.0,0.2979,0.17,0.3879
2026-08-12,7753.56,2026-08-14,2.0,7165.0,589.05,0.292,0.17,0.3848
2026-08-12,7753.56,2026-08-14,2.0,7170.0,584.1,0.2857,0.17,0.3817
2026-08-12,7753.56,2026-08-14,2.0,7175.0,577.4,0.2785,0.17,0.3786
2026-08-12,7753.56,2026-08-14,2.0,7180.0,572.6,0.2697,0.17,0.3756
2026-08-12,7753.56,2026-08-14,2.0,7185.0,567.55,0.2575,0.2,0.3774
2026-08-12,7753.56,2026-08-14,2.0,7190.0,562.2,0.2141,0.2,0.3743
2026-08-12,7753.56,2026-08-14,2.0,7195.0,557.75,0.2884,0.2,0.3712
2026-08-12,7753.56,2026-08-14,2.0,7200.0,552.55,0.7253,0.2,0.3681
2026-08-12,7753.56,2026-08-14,2.0,7205.0,547.35,0.2787,0.2,0.365
2026-08-12,7753.56,2026-08-14,2.0,7210.0,542.45,0.2736,0.2,0.3619
2026-08-12,7753.56,2026-08-14,2.0,7215.0,537.35,0.268,0.2,0.3588
2026-08-12,7753.56,2026-08-14,2.0,7220.0,532.6,0.262,0.2,0.3557
2026-08-12,7753.56,2026-08-14,2.0,7225.0,527.3,0.2552,0.2,0.3526
2026-08-12,7753.56,2026-08-14,2.0,7230.0,522.7,0.2471,0.2,0.3494
2026-08-12,7753.56,2026-08-14,2.0,7235.0,517.35,0.236,0.23,0.3505
2026-08-12,7753.56,2026-08-14,2.0,7240.0,512.25,0.2058,0.23,0.3474
2026-08-12,7753.56,2026-08-14,2.0,7245.0,507.65,0.2635,0.23,0.3443
2026-08-12,7753.56,2026-08-14,2.0,7250.0,502.6,0.6806,0.23,0.3411
2026-08-12,7753.56,2026-08-14,2.0,7255.0,497.35,0.2543,0.23,0.338
2026-08-12,7753.56,2026-08-14,2.0,7260.0,492.65,0.2493,0.23,0.3348
2026-08-12,7753.56,2026-08-14,2.0,7265.0,487.65,0.2441,0.23,0.3317
2026-08-12,7753.56,2026-08-14,2.0,7270.0,482.4,0.2384,0.23,0.3285
2026-08-12,7753.56,2026-08-14,2.0,7275.0,477.25,0.232,0.25,0.329
2026-08-12,7753.56,2026-08-14,2.0,7280.0,472.25,0.2245,0.25,0.3258
2026-08-12,7753.56,2026-08-14,2.0,7285.0,467.45,0.2143,0.25,0.3227
2026-08-12,7753.56,2026-08-14,2.0,7290.0,462.5,0.1906,0.25,0.3195
2026-08-12,7753.56,2026-08-14,2.0,7295.0,457.45,0.2386,0.25,0.3163
2026-08-12,7753.56,2026-08-14,2.0,7300.0,453.1,0.6275,0.25,0.3131
2026-08-12,7753.56,2026-08-14,2.0,7305.0,447.45,0.2298,0.25,0.31
2026-08-12,7753.56,2026-08-14,2.0,7310.0,442.7,0.2251,0.28,0.31
2026-08-12,7753.56,2026-08-14,2.0,7315.0,437.9,0.2201,0.28,0.3068
2026-08-12,7753.56,2026-08-14,2.0,7320.0,433.0,0.2147,0.28,0.3036
2026-08-12,7753.56,2026-08-14,2.0,7325.0,427.85,0.2087,0.28,0.3003
2026-08-12,7753.56,2026-08-14,2.0,7330.0,422.45,0.2018,0.28,0.2971
2026-08-12,7753.56,2026-08-14,2.0,7335.0,417.2,0.1926,0.3,0.2968
2026-08-12,7753.56,2026-08-14,2.0,7340.0,412.9,0.1732,0.3,0.2935
2026-08-12,7753.56,2026-08-14,2.0,7345.0,407.85,0.2137,0.3,0.2903
2026-08-12,7753.56,2026-08-14,2.0,7350.0,404.7,0.2096,0.3,0.2871
2026-08-12,7753.56,2026-08-14,2.0,7355.0,397.5,0.2053,0.3,0.2838
2026-08-12,7753.56,2026-08-14,2.0,7360.0,394.55,0.2008,0.3,0.2806
2026-08-12,7753.56,2026-08-14,2.0,7365.0,388.3,0.1961,0.32,0.2799
2026-08-12,7753.56,2026-08-14,2.0,7370.0,384.55,0.191,0.32,0.2766
2026-08-12,7753.56,2026-08-14,2.0,7375.0,377.5,0.1855,0.32,0.2733
2026-08-12,7753.56,2026-08-14,2.0,7380.0,373.05,0.179,0.32,0.2701
2026-08-12,7753.56,2026-08-14,2.0,7385.0,367.9,0.1707,0.35,0.2691
2026-08-12,7753.56,2026-08-14,2.0,7390.0,362.95,0.1547,0.35,0.2658
2026-08-12,7753.56,2026-08-14,2.0,7395.0,357.95,0.1888,0.35,0.2625
2026-08-12,7753.56,2026-08-14,2.0,7400.0,354.6,0.5252,0.35,0.2592
2026-08-12,7753.56,2026-08-14,2.0,7405.0,347.6,0.1807,0.35,0.2559
2026-08-12,7753.56,2026-08-14,2.0,7410.0,342.85,0.5259,0.38,0.2547
2026-08-12,7753.56,2026-08-14,2.0,7415.0,337.9,0.172,0.38,0.2514
2026-08-12,7753.56,2026-08-14,2.0,7420.0,334.6,0.5146,0.38,0.248
2026-08-12,7753.56,2026-08-14,2.0,7425.0,327.65,0.1621,0.4,0.2466
2026-08-12,7753.56,2026-08-14,2.0,7430.0,324.65,0.5002,0.4,0.2433
2026-08-12,7753.56,2026-08-14,2.0,7435.0,317.7,0.1488,0.4,0.2399
2026-08-12,7753.56,2026-08-14,2.0,7440.0,313.1,0.1354,0.43,0.2383
2026-08-12,7753.56,2026-08-14,2.0,7445.0,309.7,0.1638,0.43,0.2349
2026-08-12,7753.56,2026-08-14,2.0,7450.0,304.7,0.4781,0.43,0.2315
2026-08-12,7753.56,2026-08-14,2.0,7455.0,298.05,0.4672,0.45,0.2298
2026-08-12,7753.56,2026-08-14,2.0,7460.0,294.75,0.1521,0.45,0.2264
2026-08-12,7753.56,2026-08-14,2.0,7465.0,288.65,0.1479,0.47,0.2245
2026-08-12,7753.56,2026-08-14,2.0,7470.0,283.05,0.1435,0.47,0.2211
2026-08-12,7753.56,2026-08-14,2.0,7475.0,278.1,0.1387,0.5,0.2191
2026-08-12,7753.56,2026-08-14,2.0,7480.0,274.75,0.1333,0.53,0.217
2026-08-12,7753.56,2026-08-14,2.0,7485.0,268.15,0.1267,0.53,0.2135
2026-08-12,7753.56,2026-08-14,2.0,7490.0,264.9,0.155,0.55,0.2114
2026-08-12,7753.56,2026-08-14,2.0,7495.0,258.55,0.1388,0.57,0.2091
2026-08-12,7753.56,2026-08-14,2.0,7500.0,254.85,0.3973,0.6,0.2068
2026-08-12,7753.56,2026-08-14,2.0,7505.0,248.4,0.3922,0.62,0.2044
2026-08-12,7753.56,2026-08-14,2.0,7510.0,244.9,0.1424,0.65,0.2019
2026-08-12,7753.56,2026-08-14,2.0,7515.0,239.95,0.1537,0.68,0.1994
2026-08-12,7753.56,2026-08-14,2.0,7520.0,235.0,0.1587,0.7,0.1968
2026-08-12,7753.56,2026-08-14,2.0,7525.0,230.0,0.1555,0.72,0.1942
2026-08-12,7753.56,2026-08-14,2.0,7530.0,225.05,0.1582,0.75,0.1915
2026-08-12,7753.56,2026-08-14,2.0,7535.0,220.1,0.1596,0.8,0.1896
2026-08-12,7753.56,2026-08-14,2.0,7540.0,215.15,0.1602,0.85,0.1877
2026-08-12,7753.56,2026-08-14,2.0,7545.0,208.75,0.1135,0.9,0.1856
2026-08-12,7753.56,2026-08-14,2.0,7550.0,205.25,0.1598,0.95,0.1833
2026-08-12,7753.56,2026-08-14,2.0,7555.0,200.55,0.17,1.0,0.181
2026-08-12,7753.56,2026-08-14,2.0,7560.0,195.35,0.1579,1.05,0.1786
2026-08-12,7753.56,2026-08-14,2.0,7565.0,189.95,0.1224,1.15,0.1774
2026-08-12,7753.56,2026-08-14,2.0,7570.0,185.55,0.1588,1.2,0.1747
2026-08-12,7753.56,2026-08-14,2.0,7575.0,180.45,0.1514,1.3,0.1732
2026-08-12,7753.56,2026-08-14,2.0,7580.0,175.75,0.1578,1.4,0.1714
2026-08-12,7753.56,2026-08-14,2.0,7585.0,170.85,0.1568,1.5,0.1695
2026-08-12,7753.56,2026-08-14,2.0,7590.0,165.95,0.1554,1.62,0.1679
2026-08-12,7753.56,2026-08-14,2.0,7595.0,161.1,0.155,1.75,0.166
2026-08-12,7753.56,2026-08-14,2.0,7600.0,156.25,0.1542,1.9,0.1645
2026-08-12,7753.56,2026-08-14,2.0,7605.0,151.4,0.1531,2.05,0.1627
2026-08-12,7753.56,2026-08-14,2.0,7610.0,146.55,0.1517,2.25,0.1614
2026-08-12,7753.56,2026-08-14,2.0,7615.0,141.8,0.1517,2.45,0.1599
2026-08-12,7753.56,2026-08-14,2.0,7620.0,137.0,0.1504,2.65,0.1582
2026-08-12,7753.56,2026-08-14,2.0,7625.0,132.25,0.1496,2.9,0.1568
2026-08-12,7753.56,2026-08-14,2.0,7630.0,127.5,0.1484,3.15,0.1552
2026-08-12,7753.56,2026-08-14,2.0,7635.0,122.8,0.1475,3.45,0.1538
2026-08-12,7753.56,2026-08-14,2.0,7640.0,118.15,0.1468,3.8,0.1527
2026-08-12,7753.56,2026-08-14,2.0,7645.0,112.9,0.1392,4.15,0.1513
2026-08-12,7753.56,2026-08-14,2.0,7650.0,108.9,0.1448,4.55,0.15
2026-08-12,7753.56,2026-08-14,2.0,7655.0,103.75,0.1383,5.0,0.1488
2026-08-12,7753.56,2026-08-14,2.0,7660.0,99.85,0.1431,5.5,0.1477
2026-08-12,7753.56,2026-08-14,2.0,7665.0,95.2,0.1407,6.0,0.1462
2026-08-12,7753.56,2026-08-14,2.0,7670.0,91.0,0.1415,6.6,0.1451
2026-08-12,7753.56,2026-08-14,2.0,7675.0,86.7,0.1409,7.3,0.1444
2026-08-12,7753.56,2026-08-14,2.0,7680.0,82.4,0.1399,8.0,0.1432
2026-08-12,7753.56,2026-08-14,2.0,7685.0,78.15,0.1388,8.8,0.1422
2026-08-12,7753.56,2026-08-14,2.0,7690.0,74.05,0.1382,9.7,0.1415
2026-08-12,7753.56,2026-08-14,2.0,7695.0,69.95,0.1372,10.6,0.1403
2026-08-12,7753.56,2026-08-14,2.0,7700.0,66.05,0.1368,11.6,0.1392
2026-08-12,7753.56,2026-08-14,2.0,7705.0,62.15,0.1359,12.7,0.1382
2026-08-12,7753.56,2026-08-14,2.0,7710.0,58.25,0.1345,13.9,0.1372
2026-08-12,7753.56,2026-08-14,2.0,7715.0,54.55,0.1337,15.2,0.1363
2026-08-12,7753.56,2026-08-14,2.0,7720.0,51.05,0.1333,16.6,0.1354
2026-08-12,7753.56,2026-08-14,2.0,7725.0,47.55,0.1325,18.1,0.1344
2026-08-12,7753.56,2026-08-14,2.0,7730.0,44.2,0.1317,19.8,0.1338
2026-08-12,7753.56,2026-08-14,2.0,7735.0,40.95,0.1309,21.5,0.1328
2026-08-12,7753.56,2026-08-14,2.0,7740.0,37.85,0.1303,23.4,0.132
2026-08-12,7753.56,2026-08-14,2.0,7745.0,34.9,0.1297,25.5,0.1316
2026-08-12,7753.56,2026-08-14,2.0,7750.0,31.7,0.1275,27.65,0.1309
2026-08-12,7753.56,2026-08-14,2.0,7755.0,29.2,0.1277,29.95,0.1302
2026-08-12,7753.56,2026-08-14,2.0,7760.0,26.9,0.1282,32.45,0.1298
2026-08-12,7753.56,2026-08-14,2.0,7765.0,24.5,0.1277,35.05,0.1293
2026-08-12,7753.56,2026-08-14,2.0,7770.0,22.25,0.1273,37.85,0.129
2026-08-12,7753.56,2026-08-14,2.0,7775.0,20.15,0.1269,40.75,0.1286
2026-08-12,7753.56,2026-08-14,2.0,7780.0,18.2,0.1266,43.75,0.1281
2026-08-12,7753.56,2026-08-14,2.0,7785.0,16.4,0.1264,47.35,0.1297
2026-08-12,7753.56,2026-08-14,2.0,7790.0,14.75,0.1263,50.65,0.1294
2026-08-12,7753.56,2026-08-14,2.0,7795.0,13.2,0.126,53.85,0.1279
2026-08-12,7753.56,2026-08-14,2.0,7800.0,11.8,0.1259,57.35,0.1273
2026-08-12,7753.56,2026-08-14,2.0,7805.0,10.6,0.1263,60.4,0.1234
2026-08-12,7753.56,2026-08-14,2.0,7810.0,9.4,0.1261,64.9,0.1271
2026-08-12,7753.56,2026-08-14,2.0,7815.0,8.35,0.1262,68.15,0.1227
2026-08-12,7753.56,2026-08-14,2.0,7820.0,7.4,0.1263,73.2,0.1291
2026-08-12,7753.56,2026-08-14,2.0,7825.0,6.6,0.1269,76.75,0.1251
2026-08-12,7753.56,2026-08-14,2.0,7830.0,5.8,0.1269,81.45,0.1285
2026-08-12,7753.56,2026-08-14,2.0,7835.0,5.1,0.127,85.85,0.1294
2026-08-12,7753.56,2026-08-14,2.0,7840.0,4.5,0.1274,90.25,0.1297
2026-08-12,7753.56,2026-08-14,2.0,7845.0,4.0,0.1281,94.75,0.1304
2026-08-12,7753.56,2026-08-14,2.0,7850.0,3.5,0.1283,99.25,0.1305
2026-08-12,7753.56,2026-08-14,2.0,7855.0,3.1,0.129,104.1,0.1338
2026-08-12,7753.56,2026-08-14,2.0,7860.0,2.75,0.1298,108.9,0.1364
2026-08-12,7753.56,2026-08-14,2.0,7865.0,2.4,0.1302,113.15,0.1317
2026-08-12,7753.56,2026-08-14,2.0,7870.0,2.15,0.1313,117.9,0.1325
2026-08-12,7753.56,2026-08-14,2.0,7875.0,1.9,0.1321,122.8,0.1353
2026-08-12,7753.56,2026-08-14,2.0,7880.0,1.7,0.1332,127.65,0.1371
2026-08-12,7753.56,2026-08-14,2.0,7885.0,1.5,0.134,132.7,0.1422
2026-08-12,7753.56,2026-08-14,2.0,7890.0,1.35,0.1353,137.25,0.1375
2026-08-12,7753.56,2026-08-14,2.0,7895.0,1.2,0.1362,142.2,0.1403
2026-08-12,7753.56,2026-08-14,2.0,7900.0,1.05,0.1368,146.9,0.1358
2026-08-12,7753.56,2026-08-14,2.0,7905.0,0.97,0.1389,152.0,0.1427
2026-08-12,7753.56,2026-08-14,2.0,7910.0,0.9,0.1407,156.65,0.1299
2026-08-12,7753.56,2026-08-14,2.0,7915.0,0.8,0.1416,161.8,0.1428
2026-08-12,7753.56,2026-08-14,2.0,7920.0,0.75,0.1438,166.95,0.1524
2026-08-12,7753.56,2026-08-14,2.0,7925.0,0.68,0.145,171.45,0.1379
2026-08-12,7753.56,2026-08-14,2.0,7930.0,0.62,0.1468,176.45,0.1412
2026-08-12,7753.56,2026-08-14,2.0,7935.0,0.6,0.1494,181.8,0.1572
2026-08-12,7753.56,2026-08-14,2.0,7940.0,0.55,0.1509,186.35,0.1479
2026-08-12,7753.56,2026-08-14,2.0,7945.0,0.53,0.1533,191.35,0.1512
2026-08-12,7753.56,2026-08-14,2.0,7950.0,0.5,0.1556,196.7,0.162
2026-08-12,7753.56,2026-08-14,2.0,7955.0,0.47,0.1578,201.6,0.1578
2026-08-12,7753.56,2026-08-14,2.0,7960.0,0.45,0.16,206.55,0.161
2026-08-12,7753.56,2026-08-14,2.0,7965.0,0.43,0.162,211.0,0.1643
2026-08-12,7753.56,2026-08-14,2.0,7970.0,0.4,0.164,216.4,0.1676
2026-08-12,7753.56,2026-08-14,2.0,7975.0,0.4,0.1672,222.9,0.2191
2026-08-12,7753.56,2026-08-14,2.0,7980.0,0.38,0.169,225.95,0.174
2026-08-12,7753.56,2026-08-14,2.0,7985.0,0.38,0.1722,232.35,0.2132
2026-08-12,7753.56,2026-08-14,2.0,7990.0,0.35,0.1739,237.4,0.2184
2026-08-12,7753.56,2026-08-14,2.0,8000.0,0.35,0.1802,245.8,0.1869
2026-08-12,7753.56,2026-08-14,2.0,8010.0,0.32,0.1848,257.35,0.2317
2026-08-12,7753.56,2026-08-14,2.0,8020.0,0.3,0.1891,265.85,0.1996
2026-08-12,7753.56,2026-08-14,2.0,8025.0,0.3,0.1922,272.1,0.2339
2026-08-12,7753.56,2026-08-14,2.0,8030.0,0.3,0.1952,277.15,0.2393
2026-08-12,7753.56,2026-08-14,2.0,8040.0,0.28,0.1993,286.15,0.2122
2026-08-12,7753.56,2026-08-14,2.0,8050.0,0.28,0.2053,297.65,0.2699
2026-08-12,7753.56,2026-08-14,2.0,8060.0,0.25,0.209,307.9,0.2841
2026-08-12,7753.56,2026-08-14,2.0,8070.0,0.25,0.2149,317.25,0.2713
2026-08-12,7753.56,2026-08-14,2.0,8075.0,0.25,0.2178,322.6,0.2867
2026-08-12,7753.56,2026-08-14,2.0,8080.0,0.23,0.2182,327.15,0.2743
2026-08-12,7753.56,2026-08-14,2.0,8090.0,0.23,0.224,336.2,0.2431
2026-08-12,7753.56,2026-08-14,2.0,8100.0,0.23,0.2298,347.55,0.303
2026-08-12,7753.56,2026-08-14,2.0,8110.0,0.2,0.2326,356.2,0.2553
2026-08-12,7753.56,2026-08-14,2.0,8120.0,0.2,0.2382,367.5,0.3155
2026-08-12,7753.56,2026-08-14,2.0,8125.0,0.2,0.2411,372.55,0.3207
2026-08-12,7753.56,2026-08-14,2.0,8130.0,0.17,0.2405,377.25,0.3129
2026-08-12,7753.56,2026-08-14,2.0,8140.0,0.17,0.2461,386.0,0.2734
2026-08-12,7753.56,2026-08-14,2.0,8150.0,0.17,0.2516,396.95,0.3114
2026-08-12,7753.56,2026-08-14,2.0,8160.0,0.17,0.2572,407.5,0.3433
2026-08-12,7753.56,2026-08-14,2.0,8170.0,0.15,0.2586,414.5,0.2913
2026-08-12,7753.56,2026-08-14,2.0,8175.0,0.15,0.2613,420.65,0.2942
2026-08-12,7753.56,2026-08-14,2.0,8180.0,0.15,0.264,426.25,0.2972
2026-08-12,7753.56,2026-08-14,2.0,8190.0,0.15,0.2695,435.65,0.3031
2026-08-12,7753.56,2026-08-14,2.0,8200.0,0.12,0.27,447.1,0.3525
2026-08-12,7753.56,2026-08-14,2.0,8210.0,0.12,0.2753,457.2,0.3642
2026-08-12,7753.56,2026-08-14,2.0,8220.0,0.12,0.2806,466.2,0.3207
2026-08-12,7753.56,2026-08-14,2.0,8225.0,0.12,0.2832,472.0,0.3628
2026-08-12,7753.56,2026-08-14,2.0,8250.0,0.12,0.2964,496.7,0.3525
2026-08-12,7753.56,2026-08-14,2.0,8275.0,0.1,0.303,521.6,0.3525
2026-08-12,7753.56,2026-08-14,2.0,8300.0,0.08,0.3078,547.3,0.4279
2026-08-12,7753.56,2026-08-14,2.0,8325.0,0.08,0.3202,570.7,0.381
2026-08-12,7753.56,2026-08-14,2.0,8350.0,0.08,0.3325,597.05,0.4446
2026-08-12,7753.56,2026-08-14,2.0,8375.0,0.08,0.3447,622.4,0.481
2026-08-12,7753.56,2026-08-14,2.0,8400.0,0.08,0.3568,646.9,0.4634
2026-08-12,7753.56,2026-08-14,2.0,8425.0,0.08,0.3689,672.0,0.4867
2026-08-12,7753.56,2026-08-14,2.0,8450.0,0.08,0.3809,695.95,0.4506
2026-08-12,7753.56,2026-08-14,2.0,8475.0,0.05,0.3801,721.95,0.5124
2026-08-12,7753.56,2026-08-14,2.0,8500.0,0.05,0.3916,746.85,0.5169
2026-08-12,7753.56,2026-08-14,2.0,8525.0,0.05,0.4031,770.25,0.4913
2026-08-12,7753.56,2026-08-14,2.0,8600.0,0.05,0.4372,846.7,0.5519
2026-08-12,7753.56,2026-08-14,2.0,8700.0,0.03,0.4578,946.8,0.6228
2026-08-12,7753.56,2026-08-14,2.0,8800.0,0.03,0.4998,1046.5,0.6351
2026-08-12,7753.56,2026-08-17,5.0,5900.0,1851.25,0.6083,0.03,0.6582
2026-08-12,7753.56,2026-08-17,5.0,6000.0,1751.35,0.5741,0.03,0.62
2026-08-12,7753.56,2026-08-17,5.0,6100.0,1652.15,0.5402,0.03,0.5824
2026-08-12,7753.56,2026-08-17,5.0,6200.0,1552.1,0.5066,0.03,0.5452
2026-08-12,7753.56,2026-08-17,5.0,6300.0,1451.8,0.4733,0.03,0.5085
2026-08-12,7753.56,2026-08-17,5.0,6325.0,1427.3,0.4551,0.03,0.4994
2026-08-12,7753.56,2026-08-17,5.0,6350.0,1401.95,0.4327,0.03,0.4904
2026-08-12,7753.56,2026-08-17,5.0,6375.0,1377.15,0.3944,0.03,0.4813
2026-08-12,7753.56,2026-08-17,5.0,6400.0,1352.25,0.4403,0.05,0.496
2026-08-12,7753.56,2026-08-17,5.0,6425.0,1326.55,0.4231,0.05,0.4866
2026-08-12,7753.56,2026-08-17,5.0,6450.0,1302.0,0.4025,0.05,0.4772
2026-08-12,7753.56,2026-08-17,5.0,6475.0,1277.35,0.3702,0.05,0.4679
2026-08-12,7753.56,2026-08-17,5.0,6500.0,1252.25,0.4075,0.08,0.473
2026-08-12,7753.56,2026-08-17,5.0,6525.0,1226.95,0.3913,0.05,0.4493
2026-08-12,7753.56,2026-08-17,5.0,6550.0,1201.6,0.3722,0.05,0.44
2026-08-12,7753.56,2026-08-17,5.0,6575.0,1177.4,0.3444,0.05,0.4308
2026-08-12,7753.56,2026-08-17,5.0,6600.0,1152.05,0.3749,0.08,0.4349
2026-08-12,7753.56,2026-08-17,5.0,6625.0,1127.35,0.3596,0.08,0.4255
2026-08-12,7753.56,2026-08-17,5.0,6650.0,1102.35,0.3419,0.08,0.4161
2026-08-12,7753.56,2026-08-17,5.0,6675.0,1077.15,0.3176,0.08,0.4067
2026-08-12,7753.56,2026-08-17,5.0,6700.0,1052.15,0.3426,0.08,0.3973
2026-08-12,7753.56,2026-08-17,5.0,6725.0,1027.2,0.3281,0.1,0.3971
2026-08-12,7753.56,2026-08-17,5.0,6750.0,1001.8,0.3117,0.1,0.3876
2026-08-12,7753.56,2026-08-17,5.0,6775.0,977.35,0.2902,0.1,0.3781
2026-08-12,7753.56,2026-08-17,5.0,6800.0,952.4,0.3105,0.1,0.3686
2026-08-12,7753.56,2026-08-17,5.0,6825.0,926.8,0.2968,0.1,0.3591
2026-08-12,7753.56,2026-08-17,5.0,6850.0,902.3,0.2815,0.12,0.3564
2026-08-12,7753.56,2026-08-17,5.0,6875.0,877.55,0.2623,0.12,0.3468
2026-08-12,7753.56,2026-08-17,5.0,6900.0,852.65,0.2786,0.17,0.3476
2026-08-12,7753.56,2026-08-17,5.0,6925.0,827.2,0.2656,0.15,0.3331
2026-08-12,7753.56,2026-08-17,5.0,6950.0,802.4,0.2514,0.15,0.3234
2026-08-12,7753.56,2026-08-17,5.0,6960.0,792.3,0.2595,0.15,0.3195
2026-08-12,7753.56,2026-08-17,5.0,6970.0,782.3,0.2453,0.17,0.3202
2026-08-12,7753.56,2026-08-17,5.0,6975.0,777.25,0.2341,0.17,0.3182
2026-08-12,7753.56,2026-08-17,5.0,6980.0,772.3,0.2531,0.17,0.3163
2026-08-12,7753.56,2026-08-17,5.0,6990.0,762.7,0.2393,0.2,0.3163
2026-08-12,7753.56,2026-08-17,5.0,7000.0,752.35,0.1869,0.2,0.3124
2026-08-12,7753.56,2026-08-17,5.0,7010.0,742.75,0.2333,0.2,0.3084
2026-08-12,7753.56,2026-08-17,5.0,7020.0,732.75,0.1884,0.2,0.3045
2026-08-12,7753.56,2026-08-17,5.0,7025.0,727.6,0.2345,0.2,0.3025
2026-08-12,7753.56,2026-08-17,5.0,7030.0,722.75,0.2272,0.2,0.3005
2026-08-12,7753.56,2026-08-17,5.0,7040.0,712.4,0.1869,0.2,0.2966
2026-08-12,7753.56,2026-08-17,5.0,7050.0,702.4,0.2212,0.23,0.296
2026-08-12,7753.56,2026-08-17,5.0,7060.0,692.3,0.1842,0.23,0.2921
2026-08-12,7753.56,2026-08-17,5.0,7070.0,682.55,0.2152,0.23,0.2881
2026-08-12,7753.56,2026-08-17,5.0,7075.0,677.5,0.2056,0.25,0.2891
2026-08-12,7753.56,2026-08-17,5.0,7080.0,672.8,0.1809,0.25,0.2871
2026-08-12,7753.56,2026-08-17,5.0,7090.0,662.4,0.2091,0.25,0.2831
2026-08-12,7753.56,2026-08-17,5.0,7100.0,652.85,0.1772,0.25,0.2791
2026-08-12,7753.56,2026-08-17,5.0,7110.0,642.5,0.2031,0.25,0.2751
2026-08-12,7753.56,2026-08-17,5.0,7120.0,632.05,0.1731,0.28,0.2737
2026-08-12,7753.56,2026-08-17,5.0,7125.0,627.6,0.2035,0.28,0.2717
2026-08-12,7753.56,2026-08-17,5.0,7130.0,622.85,0.1971,0.28,0.2697
2026-08-12,7753.56,2026-08-17,5.0,7140.0,612.5,0.1689,0.3,0.2681
2026-08-12,7753.56,2026-08-17,5.0,7150.0,602.9,0.191,0.3,0.264
2026-08-12,7753.56,2026-08-17,5.0,7160.0,592.9,0.1644,0.3,0.2599
2026-08-12,7753.56,2026-08-17,5.0,7170.0,582.55,0.185,0.3,0.2559
2026-08-12,7753.56,2026-08-17,5.0,7175.0,577.95,0.1769,0.3,0.2538
2026-08-12,7753.56,2026-08-17,5.0,7180.0,573.6,0.1598,0.32,0.254
2026-08-12,7753.56,2026-08-17,5.0,7185.0,567.95,0.1849,0.32,0.2519
2026-08-12,7753.56,2026-08-17,5.0,7190.0,562.5,0.179,0.32,0.2499
2026-08-12,7753.56,2026-08-17,5.0,7195.0,557.95,0.1711,0.35,0.2498
2026-08-12,7753.56,2026-08-17,5.0,7200.0,552.1,0.1551,0.35,0.2478
2026-08-12,7753.56,2026-08-17,5.0,7205.0,548.0,0.1786,0.35,0.2457
2026-08-12,7753.56,2026-08-17,5.0,7210.0,543.0,0.1729,0.35,0.2436
2026-08-12,7753.56,2026-08-17,5.0,7215.0,537.6,0.1654,0.35,0.2416
2026-08-12,7753.56,2026-08-17,5.0,7220.0,533.0,0.1503,0.35,0.2395
2026-08-12,7753.56,2026-08-17,5.0,7225.0,527.6,0.1724,0.35,0.2374
2026-08-12,7753.56,2026-08-17,5.0,7230.0,523.05,0.1669,0.35,0.2354
2026-08-12,7753.56,2026-08-17,5.0,7235.0,518.05,0.1596,0.38,0.2351
2026-08-12,7753.56,2026-08-17,5.0,7240.0,513.05,0.1454,0.4,0.2347
2026-08-12,7753.56,2026-08-17,5.0,7245.0,508.05,0.1662,0.4,0.2326
2026-08-12,7753.56,2026-08-17,5.0,7250.0,502.65,0.1608,0.4,0.2305
2026-08-12,7753.56,2026-08-17,5.0,7255.0,498.1,0.1538,0.4,0.2284
2026-08-12,7753.56,2026-08-17,5.0,7260.0,492.7,0.1405,0.4,0.2264
2026-08-12,7753.56,2026-08-17,5.0,7265.0,488.2,0.16,0.4,0.2243
2026-08-12,7753.56,2026-08-17,5.0,7270.0,483.2,0.1548,0.4,0.2222
2026-08-12,7753.56,2026-08-17,5.0,7275.0,478.15,0.148,0.43,0.2216
2026-08-12,7753.56,2026-08-17,5.0,7280.0,473.0,0.1354,0.45,0.221
2026-08-12,7753.56,2026-08-17,5.0,7285.0,468.15,0.1538,0.45,0.2189
2026-08-12,7753.56,2026-08-17,5.0,7290.0,463.15,0.1487,0.45,0.2168
2026-08-12,7753.56,2026-08-17,5.0,7295.0,457.7,0.1422,0.45,0.2146
2026-08-12,7753.56,2026-08-17,5.0,7300.0,452.9,0.1303,0.45,0.2125
2026-08-12,7753.56,2026-08-17,5.0,7305.0,447.9,0.1476,0.45,0.2104
2026-08-12,7753.56,2026-08-17,5.0,7310.0,443.3,0.1427,0.47,0.2096
2026-08-12,7753.56,2026-08-17,5.0,7315.0,438.35,0.1363,0.5,0.2088
2026-08-12,7753.56,2026-08-17,5.0,7320.0,432.95,0.1252,0.5,0.2066
2026-08-12,7753.56,2026-08-17,5.0,7325.0,428.1,0.1414,0.5,0.2045
2026-08-12,7753.56,2026-08-17,5.0,7330.0,423.15,0.1366,0.5,0.2023
2026-08-12,7753.56,2026-08-17,5.0,7335.0,418.25,0.1305,0.5,0.2002
2026-08-12,7753.56,2026-08-17,5.0,7340.0,413.25,0.12,0.53,0.1992
2026-08-12,7753.56,2026-08-17,5.0,7345.0,408.45,0.1352,0.55,0.1982
2026-08-12,7753.56,2026-08-17,5.0,7350.0,402.85,0.1305,0.55,0.196
2026-08-12,7753.56,2026-08-17,5.0,7355.0,398.2,0.1247,0.55,0.1939
2026-08-12,7753.56,2026-08-17,5.0,7360.0,393.25,0.1147,0.55,0.1917
2026-08-12,7753.56,2026-08-17,5.0,7365.0,388.35,0.1289,0.6,0.1916
2026-08-12,7753.56,2026-08-17,5.0,7370.0,382.6,0.1244,0.6,0.1894
2026-08-12,7753.56,2026-08-17,5.0,7375.0,378.3,0.1188,0.6,0.1872
2026-08-12,7753.56,2026-08-17,5.0,7380.0,373.2,0.1095,0.6,0.185
2026-08-12,7753.56,2026-08-17,5.0,7385.0,368.55,0.1227,0.65,0.1848
2026-08-12,7753.56,2026-08-17,5.0,7390.0,362.9,0.1183,0.65,0.1825
2026-08-12,7753.56,2026-08-17,5.0,7395.0,358.5,0.1129,0.65,0.1803
2026-08-12,7753.56,2026-08-17,5.0,7400.0,354.65,0.1041,0.68,0.179
2026-08-12,7753.56,2026-08-17,5.0,7405.0,348.65,0.1165,0.7,0.1776
2026-08-12,7753.56,2026-08-17,5.0,7410.0,343.7,0.1122,0.7,0.1754
2026-08-12,7753.56,2026-08-17,5.0,7415.0,338.5,0.107,0.75,0.1748
2026-08-12,7753.56,2026-08-17,5.0,7420.0,333.1,0.0987,0.75,0.1725
2026-08-12,7753.56,2026-08-17,5.0,7425.0,329.75,0.1102,0.78,0.171
2026-08-12,7753.56,2026-08-17,5.0,7430.0,323.55,0.1061,0.8,0.1695
2026-08-12,7753.56,2026-08-17,5.0,7435.0,318.7,0.1011,0.8,0.1672
2026-08-12,7753.56,2026-08-17,5.0,7440.0,312.95,0.0933,0.85,0.1664
2026-08-12,7753.56,2026-08-17,5.0,7445.0,308.8,0.1039,0.85,0.1641
2026-08-12,7753.56,2026-08-17,5.0,7450.0,303.45,0.2899,0.9,0.1631
2026-08-12,7753.56,2026-08-17,5.0,7455.0,298.55,0.2834,0.93,0.1614
2026-08-12,7753.56,2026-08-17,5.0,7460.0,294.05,0.0879,0.95,0.1597
2026-08-12,7753.56,2026-08-17,5.0,7465.0,288.05,0.0976,1.0,0.1586
2026-08-12,7753.56,2026-08-17,5.0,7470.0,283.55,0.0939,1.0,0.1562
2026-08-12,7753.56,2026-08-17,5.0,7475.0,278.7,0.0893,1.05,0.155
2026-08-12,7753.56,2026-08-17,5.0,7480.0,273.7,0.0824,1.1,0.1537
2026-08-12,7753.56,2026-08-17,5.0,7485.0,268.85,0.0914,1.15,0.1524
2026-08-12,7753.56,2026-08-17,5.0,7490.0,263.75,0.0877,1.2,0.151
2026-08-12,7753.56,2026-08-17,5.0,7495.0,258.95,0.0833,1.25,0.1495
2026-08-12,7753.56,2026-08-17,5.0,7500.0,255.3,0.0769,1.3,0.148
2026-08-12,7753.56,2026-08-17,5.0,7505.0,249.5,0.085,1.35,0.1465
2026-08-12,7753.56,2026-08-17,5.0,7510.0,244.1,0.0815,1.4,0.1449
2026-08-12,7753.56,2026-08-17,5.0,7515.0,239.7,0.0774,1.5,0.1441
2026-08-12,7753.56,2026-08-17,5.0,7520.0,233.95,0.0713,1.55,0.1423
2026-08-12,7753.56,2026-08-17,5.0,7525.0,230.65,0.0787,1.65,0.1413
2026-08-12,7753.56,2026-08-17,5.0,7530.0,224.7,0.0753,1.7,0.1395
2026-08-12,7753.56,2026-08-17,5.0,7535.0,219.35,0.0714,1.8,0.1384
2026-08-12,7753.56,2026-08-17,5.0,7540.0,215.95,0.0657,1.9,0.1371
2026-08-12,7753.56,2026-08-17,5.0,7545.0,210.85,0.0724,2.0,0.1358
2026-08-12,7753.56,2026-08-17,5.0,7550.0,206.15,0.0691,2.12,0.1347
2026-08-12,7753.56,2026-08-17,5.0,7555.0,200.25,0.0653,2.25,0.1335
2026-08-12,7753.56,2026-08-17,5.0,7560.0,195.35,0.0601,2.38,0.1322
2026-08-12,7753.56,2026-08-17,5.0,7565.0,191.35,0.066,2.52,0.1311
2026-08-12,7753.56,2026-08-17,5.0,7570.0,185.65,0.0629,2.7,0.1301
2026-08-12,7753.56,2026-08-17,5.0,7575.0,181.9,0.0593,2.85,0.1288
2026-08-12,7753.56,2026-08-17,5.0,7580.0,177.1,0.0544,3.05,0.1278
2026-08-12,7753.56,2026-08-17,5.0,7585.0,171.25,0.0596,3.25,0.1268
2026-08-12,7753.56,2026-08-17,5.0,7590.0,165.85,0.0566,3.45,0.1255
2026-08-12,7753.56,2026-08-17,5.0,7595.0,161.05,0.0532,3.7,0.1246
2026-08-12,7753.56,2026-08-17,5.0,7600.0,158.0,0.0908,3.95,0.1236
2026-08-12,7753.56,2026-08-17,5.0,7605.0,151.8,0.0531,4.2,0.1224
2026-08-12,7753.56,2026-08-17,5.0,7610.0,147.2,0.058,4.5,0.1214
2026-08-12,7753.56,2026-08-17,5.0,7615.0,142.25,0.0611,4.85,0.1206
2026-08-12,7753.56,2026-08-17,5.0,7620.0,139.25,0.0962,5.2,0.1197
2026-08-12,7753.56,2026-08-17,5.0,7625.0,134.65,0.097,5.6,0.1188
2026-08-12,7753.56,2026-08-17,5.0,7630.0,129.1,0.0891,6.0,0.1179
2026-08-12,7753.56,2026-08-17,5.0,7635.0,124.65,0.0912,6.5,0.1173
2026-08-12,7753.56,2026-08-17,5.0,7640.0,121.05,0.0986,6.95,0.1162
2026-08-12,7753.56,2026-08-17,5.0,7645.0,115.8,0.0937,7.5,0.1155
2026-08-12,7753.56,2026-08-17,5.0,7650.0,112.15,0.0989,8.05,0.1146
2026-08-12,7753.56,2026-08-17,5.0,7655.0,107.7,0.0985,8.7,0.114
2026-08-12,7753.56,2026-08-17,5.0,7660.0,103.45,0.099,9.35,0.1131
2026-08-12,7753.56,2026-08-17,5.0,7665.0,98.85,0.0974,10.1,0.1125
2026-08-12,7753.56,2026-08-17,5.0,7670.0,94.2,0.0954,10.85,0.1117
2026-08-12,7753.56,2026-08-17,5.0,7675.0,90.8,0.0988,11.7,0.111
2026-08-12,7753.56,2026-08-17,5.0,7680.0,85.95,0.0956,12.6,0.1104
2026-08-12,7753.56,2026-08-17,5.0,7685.0,82.0,0.0959,13.55,0.1096
2026-08-12,7753.56,2026-08-17,5.0,7690.0,78.75,0.0984,14.6,0.109
2026-08-12,7753.56,2026-08-17,5.0,7695.0,74.85,0.0981,15.7,0.1084
2026-08-12,7753.56,2026-08-17,5.0,7700.0,71.05,0.0979,16.9,0.1078
2026-08-12,7753.56,2026-08-17,5.0,7705.0,67.25,0.0974,18.2,0.1073
2026-08-12,7753.56,2026-08-17,5.0,7710.0,63.65,0.0973,19.5,0.1066
2026-08-12,7753.56,2026-08-17,5.0,7715.0,60.05,0.0968,21.0,0.1062
2026-08-12,7753.56,2026-08-17,5.0,7720.0,56.65,0.0967,22.55,0.1057
2026-08-12,7753.56,2026-08-17,5.0,7725.0,53.3,0.0965,24.2,0.1052
2026-08-12,7753.56,2026-08-17,5.0,7730.0,50.05,0.0962,25.95,0.1047
2026-08-12,7753.56,2026-08-17,5.0,7735.0,46.95,0.096,27.8,0.1042
2026-08-12,7753.56,2026-08-17,5.0,7740.0,43.9,0.0957,29.8,0.1039
2026-08-12,7753.56,2026-08-17,5.0,7745.0,41.0,0.0955,31.9,0.1036
2026-08-12,7753.56,2026-08-17,5.0,7750.0,38.2,0.0952,34.1,0.1032
2026-08-12,7753.56,2026-08-17,5.0,7755.0,35.55,0.0951,36.45,0.103
2026-08-12,7753.56,2026-08-17,5.0,7760.0,33.0,0.0949,38.9,0.1028
2026-08-12,7753.56,2026-08-17,5.0,7765.0,30.55,0.0947,41.45,0.1025
2026-08-12,7753.56,2026-08-17,5.0,7770.0,28.3,0.0947,44.25,0.1026
2026-08-12,7753.56,2026-08-17,5.0,7775.0,26.1,0.0945,46.95,0.1022
2026-08-12,7753.56,2026-08-17,5.0,7780.0,23.85,0.0938,49.95,0.1022
2026-08-12,7753.56,2026-08-17,5.0,7785.0,22.1,0.0943,52.95,0.102
2026-08-12,7753.56,2026-08-17,5.0,7790.0,20.3,0.0943,56.5,0.1031
2026-08-12,7753.56,2026-08-17,5.0,7795.0,18.6,0.0943,59.8,0.1032
2026-08-12,7753.56,2026-08-17,5.0,7800.0,17.0,0.0942,63.25,0.1034
2026-08-12,7753.56,2026-08-17,5.0,7805.0,15.6,0.0945,66.55,0.1029
2026-08-12,7753.56,2026-08-17,5.0,7810.0,14.2,0.0945,70.55,0.1043
2026-08-12,7753.56,2026-08-17,5.0,7815.0,12.9,0.0944,73.9,0.1033
2026-08-12,7753.56,2026-08-17,5.0,7820.0,11.7,0.0944,78.4,0.1059
2026-08-12,7753.56,2026-08-17,5.0,7825.0,10.7,0.0949,82.3,0.1062
2026-08-12,7753.56,2026-08-17,5.0,7830.0,9.6,0.0946,86.25,0.1065
2026-08-12,7753.56,2026-08-17,5.0,7835.0,8.7,0.0948,90.5,0.1076
2026-08-12,7753.56,2026-08-17,5.0,7840.0,7.9,0.0951,94.45,0.1073
2026-08-12,7753.56,2026-08-17,5.0,7845.0,7.1,0.0952,98.7,0.1079
2026-08-12,7753.56,2026-08-17,5.0,7850.0,6.4,0.0954,102.9,0.1081
2026-08-12,7753.56,2026-08-17,5.0,7855.0,5.8,0.0958,107.1,0.1079
2026-08-12,7753.56,2026-08-17,5.0,7860.0,5.2,0.0959,111.65,0.1092
2026-08-12,7753.56,2026-08-17,5.0,7865.0,4.7,0.0963,116.25,0.1105
2026-08-12,7753.56,2026-08-17,5.0,7870.0,4.2,0.0964,120.45,0.1095
2026-08-12,7753.56,2026-08-17,5.0,7875.0,3.8,0.0969,125.9,0.1153
2026-08-12,7753.56,2026-08-17,5.0,7880.0,3.4,0.0972,129.75,0.1117
2026-08-12,7753.56,2026-08-17,5.0,7885.0,3.05,0.0975,134.4,0.1126
2026-08-12,7753.56,2026-08-17,5.0,7890.0,2.75,0.098,139.2,0.1142
2026-08-12,7753.56,2026-08-17,5.0,7895.0,2.45,0.0982,144.2,0.1173
2026-08-12,7753.56,2026-08-17,5.0,7900.0,2.25,0.0991,148.45,0.1145
2026-08-12,7753.56,2026-08-17,5.0,7905.0,2.0,0.0993,153.25,0.1156
2026-08-12,7753.56,2026-08-17,5.0,7910.0,1.82,0.1001,158.4,0.1198
2026-08-12,7753.56,2026-08-17,5.0,7915.0,1.65,0.1006,162.9,0.1179
2026-08-12,7753.56,2026-08-17,5.0,7920.0,1.5,0.1013,167.7,0.1185
2026-08-12,7753.56,2026-08-17,5.0,7925.0,1.35,0.1018,172.65,0.1206
2026-08-12,7753.56,2026-08-17,5.0,7930.0,1.25,0.1028,177.6,0.1227
2026-08-12,7753.56,2026-08-17,5.0,7935.0,1.15,0.1037,182.85,0.1283
2026-08-12,7753.56,2026-08-17,5.0,7940.0,1.05,0.1045,187.25,0.1234
2026-08-12,7753.56,2026-08-17,5.0,7945.0,0.95,0.1051,192.2,0.1252
2026-08-12,7753.56,2026-08-17,5.0,7950.0,0.9,0.1064,197.25,0.1285
2026-08-12,7753.56,2026-08-17,5.0,7955.0,0.85,0.1077,202.05,0.1276
2026-08-12,7753.56,2026-08-17,5.0,7960.0,0.8,0.109,207.1,0.131
2026-08-12,7753.56,2026-08-17,5.0,7965.0,0.75,0.1101,211.35,0.1203
2026-08-12,7753.56,2026-08-17,5.0,7970.0,0.7,0.1112,216.25,0.1226
2026-08-12,7753.56,2026-08-17,5.0,7975.0,0.65,0.1121,222.95,0.1509
2026-08-12,7753.56,2026-08-17,5.0,7980.0,0.6,0.113,227.95,0.1535
2026-08-12,7753.56,2026-08-17,5.0,7990.0,0.55,0.1158,237.6,0.1541
2026-08-12,7753.56,2026-08-17,5.0,8000.0,0.5,0.1184,248.5,0.1703
2026-08-12,7753.56,2026-08-17,5.0,8010.0,0.47,0.1217,258.1,0.171
2026-08-12,7753.56,2026-08-17,5.0,8020.0,0.45,0.1249,267.5,0.1677
2026-08-12,7753.56,2026-08-17,5.0,8025.0,0.45,0.1269,272.4,0.1685
2026-08-12,7753.56,2026-08-17,5.0,8030.0,0.43,0.128,278.1,0.1812
2026-08-12,7753.56,2026-08-17,5.0,8040.0,0.4,0.131,287.8,0.1822
2026-08-12,7753.56,2026-08-17,5.0,8050.0,0.4,0.1349,297.45,0.1816
2026-08-12,7753.56,2026-08-17,5.0,8075.0,0.35,0.1424,323.05,0.2032
2026-08-12,7753.56,2026-08-17,5.0,8100.0,0.3,0.1492,347.1,0.198
2026-08-12,7753.56,2026-08-17,5.0,8125.0,0.3,0.1586,372.4,0.2163
2026-08-12,7753.56,2026-08-17,5.0,8150.0,0.25,0.1644,397.05,0.2193
2026-08-12,7753.56,2026-08-17,5.0,8175.0,0.25,0.1735,421.35,0.2112
2026-08-12,7753.56,2026-08-17,5.0,8200.0,0.23,0.1804,447.5,0.2528
2026-08-12,7753.56,2026-08-17,5.0,8225.0,0.2,0.1868,472.3,0.2594
2026-08-12,7753.56,2026-08-17,5.0,8250.0,0.17,0.1929,497.2,0.2676
2026-08-12,7753.56,2026-08-17,5.0,8275.0,0.17,0.2013,522.3,0.2813
2026-08-12,7753.56,2026-08-17,5.0,8300.0,0.15,0.2066,547.55,0.2985
2026-08-12,7753.56,2026-08-17,5.0,8400.0,0.1,0.2306,647.6,0.3429
2026-08-12,7753.56,2026-08-17,5.0,8500.0,0.08,0.2552,746.6,0.3385
2026-08-12,7753.56,2026-08-17,5.0,8600.0,0.05,0.2758,846.55,0.3755
2026-08-12,7753.56,2026-08-17,5.0,8800.0,0.05,0.3318,1046.95,0.4761
2026-08-12,7753.56,2026-08-18,6.0,5900.0,1851.95,0.4835,0.03,0.6011
2026-08-12,7753.56,2026-08-18,6.0,6000.0,1751.7,0.4672,0.03,0.5662
2026-08-12,7753.56,2026-08-18,6.0,6100.0,1652.25,0.4461,0.03,0.5318
2026-08-12,7753.56,2026-08-18,6.0,6200.0,1552.05,0.4228,0.03,0.4979
2026-08-12,7753.56,2026-08-18,6.0,6300.0,1452.35,0.3982,0.03,0.4644
2026-08-12,7753.56,2026-08-18,6.0,6325.0,1427.25,0.4207,0.08,0.4936
2026-08-12,7753.56,2026-08-18,6.0,6350.0,1401.95,0.3856,0.08,0.4848
2026-08-12,7753.56,2026-08-18,6.0,6375.0,1377.2,0.4059,0.05,0.4616
2026-08-12,7753.56,2026-08-18,6.0,6400.0,1352.3,0.3728,0.08,0.4671
2026-08-12,7753.56,2026-08-18,6.0,6425.0,1326.8,0.3912,0.05,0.4444
2026-08-12,7753.56,2026-08-18,6.0,6450.0,1302.0,0.3599,0.05,0.4359
2026-08-12,7753.56,2026-08-18,6.0,6475.0,1277.8,0.3765,0.05,0.4273
2026-08-12,7753.56,2026-08-18,6.0,6500.0,1252.1,0.3469,0.05,0.4188
2026-08-12,7753.56,2026-08-18,6.0,6525.0,1227.1,0.3618,0.08,0.4233
2026-08-12,7753.56,2026-08-18,6.0,6550.0,1202.05,0.3338,0.08,0.4146
2026-08-12,7753.56,2026-08-18,6.0,6575.0,1177.05,0.3472,0.08,0.4059
2026-08-12,7753.56,2026-08-18,6.0,6600.0,1152.6,0.3206,0.08,0.3973
2026-08-12,7753.56,2026-08-18,6.0,6625.0,1127.1,0.3326,0.1,0.3978
2026-08-12,7753.56,2026-08-18,6.0,6650.0,1102.6,0.3074,0.1,0.389
2026-08-12,7753.56,2026-08-18,6.0,6675.0,1077.65,0.3181,0.1,0.3802
2026-08-12,7753.56,2026-08-18,6.0,6700.0,1052.65,0.2941,0.1,0.3715
2026-08-12,7753.56,2026-08-18,6.0,6725.0,1027.5,0.3036,0.1,0.3628
2026-08-12,7753.56,2026-08-18,6.0,6750.0,1002.2,0.2808,0.12,0.3608
2026-08-12,7753.56,2026-08-18,6.0,6775.0,977.65,0.2891,0.12,0.352
2026-08-12,7753.56,2026-08-18,6.0,6800.0,952.2,0.2674,0.15,0.3487
2026-08-12,7753.56,2026-08-18,6.0,6825.0,927.75,0.2747,0.15,0.3398
2026-08-12,7753.56,2026-08-18,6.0,6850.0,903.0,0.2541,0.15,0.3309
2026-08-12,7753.56,2026-08-18,6.0,6875.0,877.35,0.2602,0.17,0.3266
2026-08-12,7753.56,2026-08-18,6.0,6900.0,852.85,0.2406,0.2,0.3216
2026-08-12,7753.56,2026-08-18,6.0,6925.0,827.85,0.2458,0.2,0.3125
2026-08-12,7753.56,2026-08-18,6.0,6950.0,802.35,0.2272,0.23,0.3069
2026-08-12,7753.56,2026-08-18,6.0,6960.0,792.75,0.234,0.23,0.3033
2026-08-12,7753.56,2026-08-18,6.0,6970.0,782.85,0.2136,0.25,0.3027
2026-08-12,7753.56,2026-08-18,6.0,6975.0,777.8,0.2315,0.25,0.3009
2026-08-12,7753.56,2026-08-18,6.0,6980.0,772.75,0.2244,0.25,0.299
2026-08-12,7753.56,2026-08-18,6.0,6990.0,762.85,0.1857,0.25,0.2954
2026-08-12,7753.56,2026-08-18,6.0,7000.0,752.9,0.2137,0.25,0.2917
2026-08-12,7753.56,2026-08-18,6.0,7010.0,742.45,0.2198,0.25,0.288
2026-08-12,7753.56,2026-08-18,6.0,7020.0,732.5,0.2009,0.28,0.2871
2026-08-12,7753.56,2026-08-18,6.0,7025.0,728.05,0.2171,0.3,0.2878
2026-08-12,7753.56,2026-08-18,6.0,7030.0,722.55,0.2104,0.3,0.2859
2026-08-12,7753.56,2026-08-18,6.0,7040.0,712.5,0.1783,0.3,0.2822
2026-08-12,7753.56,2026-08-18,6.0,7050.0,702.8,0.2002,0.32,0.2808
2026-08-12,7753.56,2026-08-18,6.0,7060.0,692.75,0.2056,0.3,0.2747
2026-08-12,7753.56,2026-08-18,6.0,7070.0,682.55,0.1882,0.3,0.271
2026-08-12,7753.56,2026-08-18,6.0,7075.0,677.6,0.2028,0.32,0.2714
2026-08-12,7753.56,2026-08-18,6.0,7080.0,673.1,0.1965,0.35,0.2716
2026-08-12,7753.56,2026-08-18,6.0,7090.0,663.05,0.1689,0.35,0.2679
2026-08-12,7753.56,2026-08-18,6.0,7100.0,653.0,0.1867,0.35,0.2641
2026-08-12,7753.56,2026-08-18,6.0,7110.0,642.95,0.1914,0.35,0.2603
2026-08-12,7753.56,2026-08-18,6.0,7120.0,632.95,0.1753,0.35,0.2566
2026-08-12,7753.56,2026-08-18,6.0,7125.0,627.7,0.1885,0.4,0.2584
2026-08-12,7753.56,2026-08-18,6.0,7130.0,623.45,0.1826,0.4,0.2565
2026-08-12,7753.56,2026-08-18,6.0,7140.0,613.25,0.1584,0.4,0.2527
2026-08-12,7753.56,2026-08-18,6.0,7150.0,603.2,0.1731,0.4,0.2489
2026-08-12,7753.56,2026-08-18,6.0,7160.0,592.75,0.1772,0.4,0.2451
2026-08-12,7753.56,2026-08-18,6.0,7170.0,583.1,0.1624,0.45,0.2445
2026-08-12,7753.56,2026-08-18,6.0,7175.0,578.2,0.1741,0.45,0.2425
2026-08-12,7753.56,2026-08-18,6.0,7180.0,573.15,0.1686,0.45,0.2406
2026-08-12,7753.56,2026-08-18,6.0,7185.0,567.75,0.1613,0.45,0.2387
2026-08-12,7753.56,2026-08-18,6.0,7190.0,563.65,0.1473,0.45,0.2368
2026-08-12,7753.56,2026-08-18,6.0,7195.0,558.15,0.1659,0.45,0.2348
2026-08-12,7753.56,2026-08-18,6.0,7200.0,553.3,0.1596,0.47,0.2343
2026-08-12,7753.56,2026-08-18,6.0,7205.0,548.25,0.1497,0.5,0.2338
2026-08-12,7753.56,2026-08-18,6.0,7210.0,543.65,0.1629,0.5,0.2319
2026-08-12,7753.56,2026-08-18,6.0,7215.0,537.85,0.1573,0.5,0.2299
2026-08-12,7753.56,2026-08-18,6.0,7220.0,533.65,0.1494,0.5,0.228
2026-08-12,7753.56,2026-08-18,6.0,7225.0,528.75,0.1195,0.5,0.226
2026-08-12,7753.56,2026-08-18,6.0,7230.0,523.75,0.1547,0.5,0.2241
2026-08-12,7753.56,2026-08-18,6.0,7235.0,517.9,0.148,0.55,0.2246
2026-08-12,7753.56,2026-08-18,6.0,7240.0,513.7,0.1358,0.55,0.2227
2026-08-12,7753.56,2026-08-18,6.0,7245.0,508.4,0.1518,0.55,0.2207
2026-08-12,7753.56,2026-08-18,6.0,7250.0,503.45,0.1459,0.55,0.2187
2026-08-12,7753.56,2026-08-18,6.0,7255.0,498.0,0.1371,0.55,0.2168
2026-08-12,7753.56,2026-08-18,6.0,7260.0,493.3,0.1487,0.6,0.2171
2026-08-12,7753.56,2026-08-18,6.0,7265.0,487.95,0.1435,0.6,0.2151
2026-08-12,7753.56,2026-08-18,6.0,7270.0,483.5,0.1363,0.6,0.2131
2026-08-12,7753.56,2026-08-18,6.0,7275.0,478.85,0.1167,0.6,0.2111
2026-08-12,7753.56,2026-08-18,6.0,7280.0,473.8,0.1407,0.6,0.2091
2026-08-12,7753.56,2026-08-18,6.0,7285.0,468.4,0.1346,0.65,0.2092
2026-08-12,7753.56,2026-08-18,6.0,7290.0,463.4,0.124,0.65,0.2072
2026-08-12,7753.56,2026-08-18,6.0,7295.0,458.6,0.1377,0.65,0.2052
2026-08-12,7753.56,2026-08-18,6.0,7300.0,454.1,0.1323,0.65,0.2032
2026-08-12,7753.56,2026-08-18,6.0,7305.0,448.15,0.1244,0.7,0.2031
2026-08-12,7753.56,2026-08-18,6.0,7310.0,443.85,0.1345,0.7,0.2011
2026-08-12,7753.56,2026-08-18,6.0,7315.0,438.75,0.1296,0.7,0.1991
2026-08-12,7753.56,2026-08-18,6.0,7320.0,433.95,0.1231,0.72,0.1979
2026-08-12,7753.56,2026-08-18,6.0,7325.0,428.75,0.1079,0.75,0.1968
2026-08-12,7753.56,2026-08-18,6.0,7330.0,423.6,0.1267,0.75,0.1947
2026-08-12,7753.56,2026-08-18,6.0,7335.0,419.1,0.1211,0.75,0.1927
2026-08-12,7753.56,2026-08-18,6.0,7340.0,414.1,0.1119,0.8,0.1923
2026-08-12,7753.56,2026-08-18,6.0,7345.0,408.8,0.1235,0.8,0.1902
2026-08-12,7753.56,2026-08-18,6.0,7350.0,403.8,0.1186,0.82,0.189
2026-08-12,7753.56,2026-08-18,6.0,7355.0,398.85,0.1115,0.85,0.1877
2026-08-12,7753.56,2026-08-18,6.0,7360.0,394.2,0.1202,0.85,0.1856
2026-08-12,7753.56,2026-08-18,6.0,7365.0,388.75,0.1157,0.9,0.185
2026-08-12,7753.56,2026-08-18,6.0,7370.0,383.85,0.1099,0.9,0.1829
2026-08-12,7753.56,2026-08-18,6.0,7375.0,379.35,0.0976,0.95,0.1821
2026-08-12,7753.56,2026-08-18,6.0,7380.0,374.3,0.1126,0.95,0.18
2026-08-12,7753.56,2026-08-18,6.0,7385.0,369.3,0.1075,0.97,0.1786
2026-08-12,7753.56,2026-08-18,6.0,7390.0,364.45,0.0995,1.0,0.1771
2026-08-12,7753.56,2026-08-18,6.0,7395.0,359.1,0.1093,1.05,0.1762
2026-08-12,7753.56,2026-08-18,6.0,7400.0,354.4,0.1048,1.05,0.1741
2026-08-12,7753.56,2026-08-18,6.0,7405.0,349.0,0.0985,1.1,0.1731
2026-08-12,7753.56,2026-08-18,6.0,7410.0,344.25,0.1059,1.1,0.171
2026-08-12,7753.56,2026-08-18,6.0,7415.0,338.75,0.1018,1.15,0.1699
2026-08-12,7753.56,2026-08-18,6.0,7420.0,334.05,0.0965,1.2,0.1689
2026-08-12,7753.56,2026-08-18,6.0,7425.0,329.3,0.0864,1.2,0.1667
2026-08-12,7753.56,2026-08-18,6.0,7430.0,324.4,0.1815,1.25,0.1655
2026-08-12,7753.56,2026-08-18,6.0,7435.0,319.0,0.0939,1.3,0.1643
2026-08-12,7753.56,2026-08-18,6.0,7440.0,314.5,0.087,1.35,0.1631
2026-08-12,7753.56,2026-08-18,6.0,7445.0,309.4,0.0951,1.4,0.1618
2026-08-12,7753.56,2026-08-18,6.0,7450.0,304.6,0.091,1.45,0.1605
2026-08-12,7753.56,2026-08-18,6.0,7455.0,299.5,0.0854,1.5,0.1591
2026-08-12,7753.56,2026-08-18,6.0,7460.0,294.5,0.0915,1.55,0.1577
2026-08-12,7753.56,2026-08-18,6.0,7465.0,290.3,0.0878,1.6,0.1562
2026-08-12,7753.56,2026-08-18,6.0,7470.0,284.75,0.0831,1.65,0.1548
2026-08-12,7753.56,2026-08-18,6.0,7475.0,280.05,0.0748,1.7,0.1532
2026-08-12,7753.56,2026-08-18,6.0,7480.0,274.75,0.0843,1.77,0.1521
2026-08-12,7753.56,2026-08-18,6.0,7485.0,270.35,0.0802,1.85,0.1508
2026-08-12,7753.56,2026-08-18,6.0,7490.0,265.25,0.0742,1.93,0.1495
2026-08-12,7753.56,2026-08-18,6.0,7495.0,260.35,0.0807,2.0,0.1482
2026-08-12,7753.56,2026-08-18,6.0,7500.0,254.9,0.077,2.1,0.1471
2026-08-12,7753.56,2026-08-18,6.0,7505.0,250.55,0.0722,2.17,0.1457
2026-08-12,7753.56,2026-08-18,6.0,7510.0,245.6,0.0554,2.28,0.1445
2026-08-12,7753.56,2026-08-18,6.0,7515.0,240.55,0.0736,2.38,0.1432
2026-08-12,7753.56,2026-08-18,6.0,7520.0,235.3,0.0695,2.47,0.1419
2026-08-12,7753.56,2026-08-18,6.0,7525.0,230.6,0.0627,2.62,0.141
2026-08-12,7753.56,2026-08-18,6.0,7530.0,225.75,0.07,2.72,0.1396
2026-08-12,7753.56,2026-08-18,6.0,7535.0,221.1,0.0664,2.88,0.1386
2026-08-12,7753.56,2026-08-18,6.0,7540.0,216.45,0.0613,3.03,0.1375
2026-08-12,7753.56,2026-08-18,6.0,7545.0,211.85,0.0663,3.2,0.1365
2026-08-12,7753.56,2026-08-18,6.0,7550.0,207.95,0.0768,3.35,0.1353
2026-08-12,7753.56,2026-08-18,6.0,7555.0,203.25,0.0913,3.5,0.1339
2026-08-12,7753.56,2026-08-18,6.0,7560.0,198.2,0.0875,3.7,0.1329
2026-08-12,7753.56,2026-08-18,6.0,7565.0,193.7,0.098,3.9,0.1318
2026-08-12,7753.56,2026-08-18,6.0,7570.0,187.65,0.0558,4.1,0.1307
2026-08-12,7753.56,2026-08-18,6.0,7575.0,183.05,0.0747,4.4,0.1301
2026-08-12,7753.56,2026-08-18,6.0,7580.0,177.85,0.0556,4.6,0.1287
2026-08-12,7753.56,2026-08-18,6.0,7585.0,173.15,0.0753,4.9,0.1279
2026-08-12,7753.56,2026-08-18,6.0,7590.0,169.05,0.0923,5.2,0.127
2026-08-12,7753.56,2026-08-18,6.0,7595.0,163.7,0.0846,5.45,0.1257
2026-08-12,7753.56,2026-08-18,6.0,7600.0,160.45,0.1025,5.8,0.1248
2026-08-12,7753.56,2026-08-18,6.0,7605.0,154.45,0.0901,6.2,0.1241
2026-08-12,7753.56,2026-08-18,6.0,7610.0,150.2,0.0951,6.55,0.1231
2026-08-12,7753.56,2026-08-18,6.0,7615.0,145.5,0.095,6.9,0.1218
2026-08-12,7753.56,2026-08-18,6.0,7620.0,141.0,0.0962,7.4,0.1213
2026-08-12,7753.56,2026-08-18,6.0,7625.0,136.7,0.0983,7.9,0.1205
2026-08-12,7753.56,2026-08-18,6.0,7630.0,132.25,0.0989,8.4,0.1197
2026-08-12,7753.56,2026-08-18,6.0,7635.0,127.9,0.0997,8.9,0.1187
2026-08-12,7753.56,2026-08-18,6.0,7640.0,123.65,0.1007,9.5,0.1179
2026-08-12,7753.56,2026-08-18,6.0,7645.0,118.85,0.0986,10.1,0.117
2026-08-12,7753.56,2026-08-18,6.0,7650.0,114.55,0.0988,10.8,0.1164
2026-08-12,7753.56,2026-08-18,6.0,7655.0,110.75,0.101,11.5,0.1156
2026-08-12,7753.56,2026-08-18,6.0,7660.0,106.25,0.0997,12.3,0.115
2026-08-12,7753.56,2026-08-18,6.0,7665.0,102.25,0.1004,13.0,0.1139
2026-08-12,7753.56,2026-08-18,6.0,7670.0,97.85,0.0992,13.9,0.1133
2026-08-12,7753.56,2026-08-18,6.0,7675.0,94.55,0.1018,14.8,0.1125
2026-08-12,7753.56,2026-08-18,6.0,7680.0,90.5,0.1014,15.8,0.1119
2026-08-12,7753.56,2026-08-18,6.0,7685.0,86.45,0.1007,16.95,0.1116
2026-08-12,7753.56,2026-08-18,6.0,7690.0,82.7,0.1009,18.0,0.1107
2026-08-12,7753.56,2026-08-18,6.0,7695.0,78.85,0.1004,19.2,0.1101
2026-08-12,7753.56,2026-08-18,6.0,7700.0,75.1,0.1001,20.5,0.1096
2026-08-12,7753.56,2026-08-18,6.0,7705.0,71.45,0.0998,21.8,0.1089
2026-08-12,7753.56,2026-08-18,6.0,7710.0,67.85,0.0994,23.2,0.1083
2026-08-12,7753.56,2026-08-18,6.0,7715.0,64.25,0.0988,24.75,0.1079
2026-08-12,7753.56,2026-08-18,6.0,7720.0,60.85,0.0985,26.35,0.1074
2026-08-12,7753.56,2026-08-18,6.0,7725.0,57.65,0.0984,28.05,0.1069
2026-08-12,7753.56,2026-08-18,6.0,7730.0,54.45,0.0982,29.8,0.1063
2026-08-12,7753.56,2026-08-18,6.0,7735.0,51.35,0.0979,31.7,0.106
2026-08-12,7753.56,2026-08-18,6.0,7740.0,48.35,0.0977,33.7,0.1056
2026-08-12,7753.56,2026-08-18,6.0,7745.0,45.45,0.0974,35.75,0.1051
2026-08-12,7753.56,2026-08-18,6.0,7750.0,42.65,0.0972,38.0,0.1049
2026-08-12,7753.56,2026-08-18,6.0,7755.0,39.95,0.0969,40.35,0.1047
2026-08-12,7753.56,2026-08-18,6.0,7760.0,37.35,0.0967,42.65,0.1041
2026-08-12,7753.56,2026-08-18,6.0,7765.0,34.85,0.0964,45.3,0.1042
2026-08-12,7753.56,2026-08-18,6.0,7770.0,32.5,0.0962,47.85,0.1037
2026-08-12,7753.56,2026-08-18,6.0,7775.0,30.25,0.0961,50.55,0.1034
2026-08-12,7753.56,2026-08-18,6.0,7780.0,28.1,0.0959,53.45,0.1034
2026-08-12,7753.56,2026-08-18,6.0,7785.0,26.05,0.0957,56.35,0.1031
2026-08-12,7753.56,2026-08-18,6.0,7790.0,24.15,0.0957,59.45,0.1031
2026-08-12,7753.56,2026-08-18,6.0,7795.0,22.3,0.0955,62.65,0.103
2026-08-12,7753.56,2026-08-18,6.0,7800.0,20.6,0.0954,66.25,0.1039
2026-08-12,7753.56,2026-08-18,6.0,7805.0,19.0,0.0954,69.55,0.1036
2026-08-12,7753.56,2026-08-18,6.0,7810.0,17.45,0.0952,73.05,0.1037
2026-08-12,7753.56,2026-08-18,6.0,7815.0,16.0,0.0951,76.65,0.1038
2026-08-12,7753.56,2026-08-18,6.0,7820.0,14.7,0.0952,80.35,0.104
2026-08-12,7753.56,2026-08-18,6.0,7825.0,13.4,0.095,84.45,0.1052
2026-08-12,7753.56,2026-08-18,6.0,7830.0,12.3,0.0951,88.25,0.1053
2026-08-12,7753.56,2026-08-18,6.0,7835.0,11.3,0.0954,92.25,0.1057
2026-08-12,7753.56,2026-08-18,6.0,7840.0,10.3,0.0954,96.1,0.1054
2026-08-12,7753.56,2026-08-18,6.0,7845.0,9.4,0.0955,100.45,0.1066
2026-08-12,7753.56,2026-08-18,6.0,7850.0,8.5,0.0954,103.7,0.1035
2026-08-12,7753.56,2026-08-18,6.0,7855.0,7.7,0.0953,108.15,0.1046
2026-08-12,7753.56,2026-08-18,6.0,7860.0,7.0,0.0955,112.25,0.1041
2026-08-12,7753.56,2026-08-18,6.0,7865.0,6.4,0.0959,118.2,0.1114
2026-08-12,7753.56,2026-08-18,6.0,7870.0,5.7,0.0955,121.8,0.1084
2026-08-12,7753.56,2026-08-18,6.0,7875.0,5.2,0.0959,126.8,0.1115
2026-08-12,7753.56,2026-08-18,6.0,7880.0,4.7,0.0961,130.95,0.1104
2026-08-12,7753.56,2026-08-18,6.0,7885.0,4.3,0.0966,135.7,0.1121
2026-08-12,7753.56,2026-08-18,6.0,7890.0,3.85,0.0965,140.3,0.1129
2026-08-12,7753.56,2026-08-18,6.0,7895.0,3.5,0.0969,144.75,0.1127
2026-08-12,7753.56,2026-08-18,6.0,7900.0,3.2,0.0975,149.35,0.113
2026-08-12,7753.56,2026-08-18,6.0,7905.0,2.88,0.0976,153.6,0.1106
2026-08-12,7753.56,2026-08-18,6.0,7910.0,2.62,0.0982,158.3,0.1109
2026-08-12,7753.56,2026-08-18,6.0,7915.0,2.38,0.0985,163.1,0.1119
2026-08-12,7753.56,2026-08-18,6.0,7920.0,2.17,0.0991,167.85,0.1122
2026-08-12,7753.56,2026-08-18,6.0,7925.0,1.97,0.0995,172.95,0.1157
2026-08-12,7753.56,2026-08-18,6.0,7930.0,1.82,0.1003,177.5,0.1137
2026-08-12,7753.56,2026-08-18,6.0,7935.0,1.65,0.1007,182.35,0.1144
2026-08-12,7753.56,2026-08-18,6.0,7940.0,1.5,0.1012,187.1,0.1133
2026-08-12,7753.56,2026-08-18,6.0,7945.0,1.4,0.1021,192.0,0.1141
2026-08-12,7753.56,2026-08-18,6.0,7950.0,1.3,0.103,197.0,0.1164
2026-08-12,7753.56,2026-08-18,6.0,7955.0,1.2,0.1037,201.9,0.117
2026-08-12,7753.56,2026-08-18,6.0,7960.0,1.1,0.1043,206.7,0.1139
2026-08-12,7753.56,2026-08-18,6.0,7970.0,0.95,0.106,215.95,0.1156
2026-08-12,7753.56,2026-08-18,6.0,7975.0,0.9,0.1072,222.35,0.1334
2026-08-12,7753.56,2026-08-18,6.0,7980.0,0.85,0.1083,227.35,0.1358
2026-08-12,7753.56,2026-08-18,6.0,7990.0,0.75,0.1102,237.2,0.1382
2026-08-12,7753.56,2026-08-18,6.0,8000.0,0.7,0.113,247.75,0.1504
2026-08-12,7753.56,2026-08-18,6.0,8010.0,0.62,0.1151,257.3,0.1489
2026-08-12,7753.56,2026-08-18,6.0,8020.0,0.57,0.1175,266.8,0.1432
2026-08-12,7753.56,2026-08-18,6.0,8025.0,0.55,0.1187,270.65,0.1388
2026-08-12,7753.56,2026-08-18,6.0,8030.0,0.55,0.1206,276.75,0.1458
2026-08-12,7753.56,2026-08-18,6.0,8050.0,0.47,0.1256,297.4,0.1686
2026-08-12,7753.56,2026-08-18,6.0,8075.0,0.43,0.1328,321.95,0.1708
2026-08-12,7753.56,2026-08-18,6.0,8100.0,0.4,0.1407,347.25,0.1879
2026-08-12,7753.56,2026-08-18,6.0,8125.0,0.35,0.1471,372.2,0.1976
2026-08-12,7753.56,2026-08-18,6.0,8150.0,0.32,0.1543,396.45,0.1888
2026-08-12,7753.56,2026-08-18,6.0,8175.0,0.3,0.1613,421.4,0.1984
2026-08-12,7753.56,2026-08-18,6.0,8200.0,0.28,0.168,447.2,0.2289
2026-08-12,7753.56,2026-08-18,6.0,8225.0,0.25,0.1744,471.25,0.2175
2026-08-12,7753.56,2026-08-18,6.0,8250.0,0.23,0.1804,497.0,0.2438
2026-08-12,7753.56,2026-08-18,6.0,8275.0,0.2,0.186,522.0,0.2537
2026-08-12,7753.56,2026-08-18,6.0,8300.0,0.2,0.1938,546.55,0.2455
2026-08-12,7753.56,2026-08-18,6.0,8400.0,0.15,0.2182,646.45,0.2818
2026-08-12,7753.56,2026-08-18,6.0,8500.0,0.1,0.2385,746.65,0.3188
2026-08-12,7753.56,2026-08-18,6.0,8600.0,0.08,0.2598,846.7,0.3579
2026-08-12,7753.56,2026-08-18,6.0,8800.0,0.05,0.3026,1046.15,0.4181
2026-08-12,7753.56,2026-08-19,7.0,5900.0,1852.25,0.4995,0.03,0.5567
2026-08-12,7753.56,2026-08-19,7.0,6000.0,1752.35,0.4727,0.05,0.5499
2026-08-12,7753.56,2026-08-19,7.0,6100.0,1652.45,0.4459,0.05,0.5167
2026-08-12,7753.56,2026-08-19,7.0,6200.0,1551.8,0.4191,0.08,0.4987
2026-08-12,7753.56,2026-08-19,7.0,6300.0,1452.6,0.3923,0.08,0.4655
2026-08-12,7753.56,2026-08-19,7.0,6325.0,1427.35,0.3939,0.08,0.4572
2026-08-12,7753.56,2026-08-19,7.0,6350.0,1402.6,0.3428,0.08,0.449
2026-08-12,7753.56,2026-08-19,7.0,6375.0,1377.5,0.3611,0.08,0.4408
2026-08-12,7753.56,2026-08-19,7.0,6400.0,1352.3,0.3656,0.1,0.4425
2026-08-12,7753.56,2026-08-19,7.0,6425.0,1327.55,0.3663,0.1,0.4342
2026-08-12,7753.56,2026-08-19,7.0,6450.0,1302.7,0.3232,0.1,0.4259
2026-08-12,7753.56,2026-08-19,7.0,6475.0,1277.25,0.3359,0.1,0.4176
2026-08-12,7753.56,2026-08-19,7.0,6500.0,1252.8,0.339,0.1,0.4094
2026-08-12,7753.56,2026-08-19,7.0,6525.0,1226.9,0.3389,0.1,0.4012
2026-08-12,7753.56,2026-08-19,7.0,6550.0,1202.35,0.3017,0.1,0.393
2026-08-12,7753.56,2026-08-19,7.0,6575.0,1177.5,0.3106,0.1,0.3848
2026-08-12,7753.56,2026-08-19,7.0,6600.0,1152.65,0.3124,0.15,0.3897
2026-08-12,7753.56,2026-08-19,7.0,6625.0,1127.15,0.3116,0.12,0.3754
2026-08-12,7753.56,2026-08-19,7.0,6650.0,1102.95,0.2792,0.15,0.3729
2026-08-12,7753.56,2026-08-19,7.0,6675.0,1077.9,0.2852,0.15,0.3646
2026-08-12,7753.56,2026-08-19,7.0,6700.0,1052.5,0.2859,0.15,0.3562
2026-08-12,7753.56,2026-08-19,7.0,6725.0,1027.45,0.2844,0.2,0.357
2026-08-12,7753.56,2026-08-19,7.0,6750.0,1002.9,0.2559,0.17,0.3443
2026-08-12,7753.56,2026-08-19,7.0,6775.0,977.55,0.2598,0.2,0.3401
2026-08-12,7753.56,2026-08-19,7.0,6800.0,952.95,0.2595,0.2,0.3316
2026-08-12,7753.56,2026-08-19,7.0,6825.0,927.9,0.2134,0.25,0.33
2026-08-12,7753.56,2026-08-19,7.0,6850.0,902.7,0.2321,0.23,0.3182
2026-08-12,7753.56,2026-08-19,7.0,6875.0,877.7,0.2342,0.25,0.3129
2026-08-12,7753.56,2026-08-19,7.0,6900.0,853.2,0.2331,0.28,0.3072
2026-08-12,7753.56,2026-08-19,7.0,6925.0,827.9,0.1977,0.3,0.3012
2026-08-12,7753.56,2026-08-19,7.0,6950.0,803.2,0.208,0.3,0.2926
2026-08-12,7753.56,2026-08-19,7.0,6960.0,792.4,0.2136,0.35,0.2937
2026-08-12,7753.56,2026-08-19,7.0,6970.0,783.3,0.2162,0.35,0.2902
2026-08-12,7753.56,2026-08-19,7.0,6975.0,777.9,0.2087,0.35,0.2884
2026-08-12,7753.56,2026-08-19,7.0,6980.0,773.25,0.1969,0.35,0.2867
2026-08-12,7753.56,2026-08-19,7.0,6990.0,762.95,0.2038,0.35,0.2832
2026-08-12,7753.56,2026-08-19,7.0,7000.0,754.75,0.2068,0.35,0.2797
2026-08-12,7753.56,2026-08-19,7.0,7010.0,742.55,0.1847,0.38,0.2782
2026-08-12,7753.56,2026-08-19,7.0,7020.0,733.5,0.1938,0.4,0.2766
2026-08-12,7753.56,2026-08-19,7.0,7025.0,727.95,0.1779,0.4,0.2748
2026-08-12,7753.56,2026-08-19,7.0,7030.0,723.15,0.1973,0.4,0.273
2026-08-12,7753.56,2026-08-19,7.0,7040.0,713.4,0.17,0.4,0.2695
2026-08-12,7753.56,2026-08-19,7.0,7050.0,703.45,0.1837,0.4,0.266
2026-08-12,7753.56,2026-08-19,7.0,7060.0,693.05,0.1878,0.42,0.2642
2026-08-12,7753.56,2026-08-19,7.0,7070.0,682.75,0.1897,0.45,0.2623
2026-08-12,7753.56,2026-08-19,7.0,7075.0,678.75,0.1831,0.45,0.2605
2026-08-12,7753.56,2026-08-19,7.0,7080.0,673.4,0.1733,0.45,0.2587
2026-08-12,7753.56,2026-08-19,7.0,7090.0,663.5,0.1783,0.45,0.2551
2026-08-12,7753.56,2026-08-19,7.0,7100.0,653.55,0.1805,0.5,0.2545
2026-08-12,7753.56,2026-08-19,7.0,7110.0,643.55,0.1623,0.5,0.2509
2026-08-12,7753.56,2026-08-19,7.0,7120.0,633.6,0.1688,0.5,0.2473
2026-08-12,7753.56,2026-08-19,7.0,7125.0,628.65,0.1564,0.53,0.2469
2026-08-12,7753.56,2026-08-19,7.0,7130.0,623.75,0.1712,0.53,0.2451
2026-08-12,7753.56,2026-08-19,7.0,7140.0,613.65,0.15,0.55,0.2428
2026-08-12,7753.56,2026-08-19,7.0,7150.0,603.7,0.1591,0.55,0.2392
2026-08-12,7753.56,2026-08-19,7.0,7160.0,593.6,0.162,0.6,0.238
2026-08-12,7753.56,2026-08-19,7.0,7170.0,583.7,0.1321,0.6,0.2343
2026-08-12,7753.56,2026-08-19,7.0,7175.0,578.5,0.1574,0.6,0.2324
2026-08-12,7753.56,2026-08-19,7.0,7180.0,573.75,0.1493,0.62,0.2317
2026-08-12,7753.56,2026-08-19,7.0,7185.0,568.7,0.1586,0.65,0.231
2026-08-12,7753.56,2026-08-19,7.0,7190.0,563.65,0.1528,0.65,0.2292
2026-08-12,7753.56,2026-08-19,7.0,7195.0,558.65,0.1442,0.65,0.2273
2026-08-12,7753.56,2026-08-19,7.0,7200.0,553.7,0.1541,0.65,0.2255
2026-08-12,7753.56,2026-08-19,7.0,7205.0,548.85,0.1482,0.68,0.2246
2026-08-12,7753.56,2026-08-19,7.0,7210.0,543.85,0.1391,0.7,0.2238
2026-08-12,7753.56,2026-08-19,7.0,7215.0,538.75,0.1496,0.7,0.2219
2026-08-12,7753.56,2026-08-19,7.0,7220.0,533.75,0.1436,0.7,0.2201
2026-08-12,7753.56,2026-08-19,7.0,7225.0,529.05,0.1338,0.73,0.2192
2026-08-12,7753.56,2026-08-19,7.0,7230.0,523.85,0.1451,0.75,0.2182
2026-08-12,7753.56,2026-08-19,7.0,7235.0,518.5,0.139,0.75,0.2163
2026-08-12,7753.56,2026-08-19,7.0,7240.0,513.85,0.1283,0.75,0.2145
2026-08-12,7753.56,2026-08-19,7.0,7245.0,508.95,0.1406,0.77,0.2135
2026-08-12,7753.56,2026-08-19,7.0,7250.0,503.2,0.1343,0.8,0.2125
2026-08-12,7753.56,2026-08-19,7.0,7255.0,499.0,0.1223,0.8,0.2106
2026-08-12,7753.56,2026-08-19,7.0,7260.0,493.95,0.1362,0.82,0.2095
2026-08-12,7753.56,2026-08-19,7.0,7265.0,489.1,0.1296,0.85,0.2084
2026-08-12,7753.56,2026-08-19,7.0,7270.0,484.1,0.1155,0.85,0.2065
2026-08-12,7753.56,2026-08-19,7.0,7275.0,479.05,0.1317,0.88,0.2054
2026-08-12,7753.56,2026-08-19,7.0,7280.0,474.15,0.1249,0.9,0.2042
2026-08-12,7753.56,2026-08-19,7.0,7285.0,469.2,0.1059,0.9,0.2023
2026-08-12,7753.56,2026-08-19,7.0,7290.0,463.9,0.1272,0.93,0.2011
2026-08-12,7753.56,2026-08-19,7.0,7295.0,459.4,0.1202,0.95,0.1999
2026-08-12,7753.56,2026-08-19,7.0,7300.0,454.3,0.1278,0.95,0.198
2026-08-12,7753.56,2026-08-19,7.0,7305.0,448.85,0.1227,1.0,0.1975
2026-08-12,7753.56,2026-08-19,7.0,7310.0,444.3,0.1154,1.0,0.1955
2026-08-12,7753.56,2026-08-19,7.0,7315.0,439.35,0.1233,1.05,0.1949
2026-08-12,7753.56,2026-08-19,7.0,7320.0,434.3,0.1182,1.05,0.1929
2026-08-12,7753.56,2026-08-19,7.0,7325.0,429.35,0.1105,1.1,0.1922
2026-08-12,7753.56,2026-08-19,7.0,7330.0,424.35,0.1189,1.1,0.1903
2026-08-12,7753.56,2026-08-19,7.0,7335.0,419.4,0.1138,1.12,0.1889
2026-08-12,7753.56,2026-08-19,7.0,7340.0,414.45,0.1055,1.15,0.1875
2026-08-12,7753.56,2026-08-19,7.0,7345.0,409.5,0.1145,1.2,0.1867
2026-08-12,7753.56,2026-08-19,7.0,7350.0,404.35,0.1093,1.2,0.1847
2026-08-12,7753.56,2026-08-19,7.0,7355.0,399.65,0.1004,1.25,0.1838
2026-08-12,7753.56,2026-08-19,7.0,7360.0,394.55,0.1102,1.27,0.1823
2026-08-12,7753.56,2026-08-19,7.0,7365.0,389.1,0.1048,1.3,0.1808
2026-08-12,7753.56,2026-08-19,7.0,7370.0,384.65,0.0949,1.35,0.1798
2026-08-12,7753.56,2026-08-19,7.0,7375.0,379.55,0.1058,1.38,0.1783
2026-08-12,7753.56,2026-08-19,7.0,7380.0,374.55,0.1003,1.43,0.1772
2026-08-12,7753.56,2026-08-19,7.0,7385.0,369.65,0.0887,1.45,0.1756
2026-08-12,7753.56,2026-08-19,7.0,7390.0,364.65,0.1014,1.5,0.1745
2026-08-12,7753.56,2026-08-19,7.0,7395.0,359.95,0.0958,1.52,0.1729
2026-08-12,7753.56,2026-08-19,7.0,7400.0,355.1,0.08,1.57,0.1717
2026-08-12,7753.56,2026-08-19,7.0,7405.0,350.1,0.097,1.62,0.1705
2026-08-12,7753.56,2026-08-19,7.0,7410.0,345.3,0.0912,1.68,0.1692
2026-08-12,7753.56,2026-08-19,7.0,7415.0,340.15,0.0969,1.73,0.1679
2026-08-12,7753.56,2026-08-19,7.0,7420.0,334.8,0.0927,1.77,0.1666
2026-08-12,7753.56,2026-08-19,7.0,7425.0,330.05,0.0867,1.82,0.1653
2026-08-12,7753.56,2026-08-19,7.0,7430.0,325.05,0.0926,1.88,0.1639
2026-08-12,7753.56,2026-08-19,7.0,7435.0,320.25,0.0883,1.95,0.1628
2026-08-12,7753.56,2026-08-19,7.0,7440.0,315.2,0.0821,2.02,0.1617
2026-08-12,7753.56,2026-08-19,7.0,7445.0,310.6,0.0883,2.08,0.1602
2026-08-12,7753.56,2026-08-19,7.0,7450.0,305.6,0.084,2.15,0.159
2026-08-12,7753.56,2026-08-19,7.0,7455.0,300.45,0.0774,2.22,0.1578
2026-08-12,7753.56,2026-08-19,7.0,7460.0,295.3,0.0839,2.3,0.1565
2026-08-12,7753.56,2026-08-19,7.0,7465.0,290.7,0.0796,2.38,0.1552
2026-08-12,7753.56,2026-08-19,7.0,7470.0,285.3,0.0725,2.47,0.1542
2026-08-12,7753.56,2026-08-19,7.0,7475.0,280.8,0.0796,2.55,0.1528
2026-08-12,7753.56,2026-08-19,7.0,7480.0,275.65,0.0753,2.65,0.1516
2026-08-12,7753.56,2026-08-19,7.0,7485.0,270.9,0.0675,2.78,0.1507
2026-08-12,7753.56,2026-08-19,7.0,7490.0,266.15,0.0753,2.88,0.1494
2026-08-12,7753.56,2026-08-19,7.0,7495.0,261.1,0.0709,3.0,0.1484
2026-08-12,7753.56,2026-08-19,7.0,7500.0,256.75,0.062,3.1,0.147
2026-08-12,7753.56,2026-08-19,7.0,7505.0,251.6,0.0711,3.2,0.1456
2026-08-12,7753.56,2026-08-19,7.0,7510.0,247.0,0.0666,3.4,0.1451
2026-08-12,7753.56,2026-08-19,7.0,7515.0,241.85,0.0544,3.5,0.1436
2026-08-12,7753.56,2026-08-19,7.0,7520.0,237.4,0.0668,3.7,0.1429
2026-08-12,7753.56,2026-08-19,7.0,7525.0,232.4,0.0622,3.8,0.1413
2026-08-12,7753.56,2026-08-19,7.0,7530.0,228.65,0.0721,4.0,0.1404
2026-08-12,7753.56,2026-08-19,7.0,7535.0,222.4,0.0625,4.2,0.1395
2026-08-12,7753.56,2026-08-19,7.0,7540.0,217.95,0.0579,4.4,0.1384
2026-08-12,7753.56,2026-08-19,7.0,7545.0,214.05,0.0902,4.6,0.1373
2026-08-12,7753.56,2026-08-19,7.0,7550.0,207.95,0.176,4.8,0.1362
2026-08-12,7753.56,2026-08-19,7.0,7555.0,204.8,0.1008,5.05,0.1353
2026-08-12,7753.56,2026-08-19,7.0,7560.0,199.55,0.0948,5.3,0.1343
2026-08-12,7753.56,2026-08-19,7.0,7565.0,195.25,0.1023,5.5,0.1329
2026-08-12,7753.56,2026-08-19,7.0,7570.0,189.4,0.088,5.8,0.132
2026-08-12,7753.56,2026-08-19,7.0,7575.0,184.95,0.0942,6.1,0.1311
2026-08-12,7753.56,2026-08-19,7.0,7580.0,181.15,0.1043,6.4,0.1301
2026-08-12,7753.56,2026-08-19,7.0,7585.0,176.3,0.1032,6.8,0.1295
2026-08-12,7753.56,2026-08-19,7.0,7590.0,171.85,0.1051,7.2,0.1287
2026-08-12,7753.56,2026-08-19,7.0,7595.0,166.8,0.1022,7.5,0.1274
2026-08-12,7753.56,2026-08-19,7.0,7600.0,162.6,0.1052,8.0,0.127
2026-08-12,7753.56,2026-08-19,7.0,7605.0,158.1,0.1057,8.3,0.1255
2026-08-12,7753.56,2026-08-19,7.0,7610.0,153.55,0.1057,8.8,0.1248
2026-08-12,7753.56,2026-08-19,7.0,7615.0,149.05,0.1057,9.3,0.124
2026-08-12,7753.56,2026-08-19,7.0,7620.0,144.45,0.1051,9.9,0.1235
2026-08-12,7753.56,2026-08-19,7.0,7625.0,139.7,0.1035,10.4,0.1224
2026-08-12,7753.56,2026-08-19,7.0,7630.0,135.75,0.1056,11.0,0.1217
2026-08-12,7753.56,2026-08-19,7.0,7635.0,131.5,0.106,11.6,0.1208
2026-08-12,7753.56,2026-08-19,7.0,7640.0,127.1,0.1055,12.3,0.1201
2026-08-12,7753.56,2026-08-19,7.0,7645.0,122.65,0.1046,13.0,0.1193
2026-08-12,7753.56,2026-08-19,7.0,7650.0,118.5,0.1048,13.8,0.1187
2026-08-12,7753.56,2026-08-19,7.0,7655.0,114.15,0.104,14.6,0.118
2026-08-12,7753.56,2026-08-19,7.0,7660.0,110.0,0.1038,15.4,0.1171
2026-08-12,7753.56,2026-08-19,7.0,7665.0,106.05,0.104,16.4,0.1168
2026-08-12,7753.56,2026-08-19,7.0,7670.0,102.05,0.1039,17.3,0.1159
2026-08-12,7753.56,2026-08-19,7.0,7675.0,98.05,0.1036,18.3,0.1152
2026-08-12,7753.56,2026-08-19,7.0,7680.0,94.0,0.1029,19.35,0.1145
2026-08-12,7753.56,2026-08-19,7.0,7685.0,90.25,0.1029,20.5,0.1139
2026-08-12,7753.56,2026-08-19,7.0,7690.0,86.45,0.1026,21.6,0.1131
2026-08-12,7753.56,2026-08-19,7.0,7695.0,82.65,0.1021,22.95,0.1127
2026-08-12,7753.56,2026-08-19,7.0,7700.0,78.85,0.1014,24.2,0.1119
2026-08-12,7753.56,2026-08-19,7.0,7705.0,75.45,0.1016,25.7,0.1116
2026-08-12,7753.56,2026-08-19,7.0,7710.0,71.95,0.1014,27.1,0.1108
2026-08-12,7753.56,2026-08-19,7.0,7715.0,68.45,0.1009,28.7,0.1104
2026-08-12,7753.56,2026-08-19,7.0,7720.0,65.0,0.1003,30.45,0.1102
2026-08-12,7753.56,2026-08-19,7.0,7725.0,61.75,0.1001,32.05,0.1094
2026-08-12,7753.56,2026-08-19,7.0,7730.0,58.55,0.0997,34.0,0.1092
2026-08-12,7753.56,2026-08-19,7.0,7735.0,55.6,0.0998,35.75,0.1084
2026-08-12,7753.56,2026-08-19,7.0,7740.0,52.55,0.0994,37.8,0.1081
2026-08-12,7753.56,2026-08-19,7.0,7745.0,49.65,0.0991,39.85,0.1077
2026-08-12,7753.56,2026-08-19,7.0,7750.0,46.85,0.0989,42.05,0.1073
2026-08-12,7753.56,2026-08-19,7.0,7755.0,44.15,0.0986,44.35,0.107
2026-08-12,7753.56,2026-08-19,7.0,7760.0,41.55,0.0984,46.75,0.1068
2026-08-12,7753.56,2026-08-19,7.0,7765.0,39.05,0.0982,49.2,0.1064
2026-08-12,7753.56,2026-08-19,7.0,7770.0,36.6,0.0979,51.8,0.1062
2026-08-12,7753.56,2026-08-19,7.0,7775.0,34.3,0.0977,54.45,0.1058
2026-08-12,7753.56,2026-08-19,7.0,7780.0,32.1,0.0976,57.35,0.1059
2026-08-12,7753.56,2026-08-19,7.0,7785.0,29.95,0.0973,60.15,0.1055
2026-08-12,7753.56,2026-08-19,7.0,7790.0,27.9,0.0971,63.2,0.1055
2026-08-12,7753.56,2026-08-19,7.0,7795.0,26.05,0.0971,66.3,0.1055
2026-08-12,7753.56,2026-08-19,7.0,7800.0,24.2,0.0968,69.7,0.1059
2026-08-12,7753.56,2026-08-19,7.0,7805.0,22.4,0.0965,72.95,0.1058
2026-08-12,7753.56,2026-08-19,7.0,7810.0,20.8,0.0965,76.0,0.1049
2026-08-12,7753.56,2026-08-19,7.0,7815.0,19.3,0.0965,79.7,0.1055
2026-08-12,7753.56,2026-08-19,7.0,7820.0,17.85,0.0964,83.3,0.1057
2026-08-12,7753.56,2026-08-19,7.0,7825.0,16.45,0.0962,86.9,0.1056
2026-08-12,7753.56,2026-08-19,7.0,7830.0,15.2,0.0963,90.35,0.1049
2026-08-12,7753.56,2026-08-19,7.0,7835.0,14.0,0.0962,94.3,0.1054
2026-08-12,7753.56,2026-08-19,7.0,7840.0,12.9,0.0962,98.2,0.1056
2026-08-12,7753.56,2026-08-19,7.0,7845.0,11.8,0.096,101.9,0.1049
2026-08-12,7753.56,2026-08-19,7.0,7850.0,10.8,0.0959,105.95,0.1051
2026-08-12,7753.56,2026-08-19,7.0,7855.0,9.9,0.096,110.15,0.1056
2026-08-12,7753.56,2026-08-19,7.0,7860.0,9.1,0.0961,114.05,0.1048
2026-08-12,7753.56,2026-08-19,7.0,7865.0,8.4,0.0965,118.45,0.1056
2026-08-12,7753.56,2026-08-19,7.0,7870.0,7.6,0.0962,122.75,0.1059
2026-08-12,7753.56,2026-08-19,7.0,7875.0,7.0,0.0966,127.35,0.1072
2026-08-12,7753.56,2026-08-19,7.0,7880.0,6.4,0.0967,131.45,0.1062
2026-08-12,7753.56,2026-08-19,7.0,7885.0,5.8,0.0966,136.1,0.1075
2026-08-12,7753.56,2026-08-19,7.0,7890.0,5.3,0.0968,140.55,0.1076
2026-08-12,7753.56,2026-08-19,7.0,7895.0,4.9,0.0974,146.15,0.1133
2026-08-12,7753.56,2026-08-19,7.0,7900.0,4.4,0.0972,150.55,0.1131
2026-08-12,7753.56,2026-08-19,7.0,7905.0,4.05,0.0976,155.25,0.1142
2026-08-12,7753.56,2026-08-19,7.0,7910.0,3.7,0.0979,159.35,0.1117
2026-08-12,7753.56,2026-08-19,7.0,7920.0,3.1,0.0987,168.9,0.114
2026-08-12,7753.56,2026-08-19,7.0,7925.0,2.83,0.0989,173.5,0.1137
2026-08-12,7753.56,2026-08-19,7.0,7930.0,2.6,0.0994,178.15,0.1134
2026-08-12,7753.56,2026-08-19,7.0,7940.0,2.2,0.1004,187.65,0.1137
2026-08-12,7753.56,2026-08-19,7.0,7950.0,1.88,0.1016,197.5,0.1168
2026-08-12,7753.56,2026-08-19,7.0,7960.0,1.6,0.1028,207.05,0.1155
2026-08-12,7753.56,2026-08-19,7.0,7970.0,1.4,0.1044,216.25,0.1102
2026-08-12,7753.56,2026-08-19,7.0,7975.0,1.3,0.105,222.75,0.1307
2026-08-12,7753.56,2026-08-19,7.0,7980.0,1.23,0.106,227.5,0.1302
2026-08-12,7753.56,2026-08-19,7.0,8000.0,0.95,0.1092,245.9,0.1222
2026-08-12,7753.56,2026-08-19,7.0,8025.0,0.75,0.1145,272.15,0.1448
2026-08-12,7753.56,2026-08-19,7.0,8050.0,0.65,0.121,297.15,0.1552
2026-08-12,7753.56,2026-08-19,7.0,8075.0,0.55,0.1269,322.05,0.1636
2026-08-12,7753.56,2026-08-19,7.0,8100.0,0.5,0.1337,346.6,0.1608
2026-08-12,7753.56,2026-08-19,7.0,8125.0,0.45,0.1401,371.6,0.1701
2026-08-12,7753.56,2026-08-19,7.0,8150.0,0.4,0.1462,396.85,0.1882
2026-08-12,7753.56,2026-08-19,7.0,8175.0,0.4,0.1541,421.85,0.1977
2026-08-12,7753.56,2026-08-19,7.0,8200.0,0.35,0.1595,446.25,0.1975
2026-08-12,7753.56,2026-08-19,7.0,8225.0,0.35,0.1673,472.1,0.2232
2026-08-12,7753.56,2026-08-19,7.0,8250.0,0.3,0.172,496.7,0.219
2026-08-12,7753.56,2026-08-19,7.0,8275.0,0.3,0.1795,522.2,0.2444
2026-08-12,7753.56,2026-08-19,7.0,8300.0,0.25,0.1833,546.2,0.2328
2026-08-12,7753.56,2026-08-19,7.0,8400.0,0.2,0.2075,646.35,0.267
2026-08-12,7753.56,2026-08-19,7.0,8500.0,0.15,0.2288,745.85,0.3002
2026-08-12,7753.56,2026-08-19,7.0,8600.0,0.1,0.2462,845.7,0.3327
2026-08-12,7753.56,2026-08-19,7.0,8800.0,0.05,0.28,1045.5,0.3954
2026-08-12,7753.56,2026-08-20,8.0,5900.0,1851.35,0.4846,0.05,0.5461
2026-08-12,7753.56,2026-08-20,8.0,6000.0,1751.0,0.4579,0.08,0.5301
2026-08-12,7753.56,2026-08-20,8.0,6100.0,1651.45,0.4314,0.1,0.5093
2026-08-12,7753.56,2026-08-20,8.0,6200.0,1551.8,0.405,0.1,0.4772
2026-08-12,7753.56,2026-08-20,8.0,6300.0,1451.75,0.3787,0.12,0.4536
2026-08-12,7753.56,2026-08-20,8.0,6325.0,1426.3,0.3722,0.12,0.4456
2026-08-12,7753.56,2026-08-20,8.0,6350.0,1401.35,0.3657,0.15,0.4443
2026-08-12,7753.56,2026-08-20,8.0,6375.0,1376.85,0.3592,0.15,0.4362
2026-08-12,7753.56,2026-08-20,8.0,6400.0,1353.7,0.2774,0.15,0.4282
2026-08-12,7753.56,2026-08-20,8.0,6425.0,1326.9,0.2825,0.15,0.4202
2026-08-12,7753.56,2026-08-20,8.0,6450.0,1301.5,0.2827,0.17,0.4177
2026-08-12,7753.56,2026-08-20,8.0,6475.0,1276.9,0.281,0.15,0.4042
2026-08-12,7753.56,2026-08-20,8.0,6500.0,1252.4,0.2784,0.17,0.4016
2026-08-12,7753.56,2026-08-20,8.0,6525.0,1227.1,0.2752,0.2,0.3983
2026-08-12,7753.56,2026-08-20,8.0,6550.0,1201.9,0.2715,0.2,0.3902
2026-08-12,7753.56,2026-08-20,8.0,6575.0,1178.85,0.2675,0.2,0.3821
2026-08-12,7753.56,2026-08-20,8.0,6600.0,1151.65,0.2632,0.2,0.3741
2026-08-12,7753.56,2026-08-20,8.0,6625.0,1127.95,0.2588,0.2,0.3661
2026-08-12,7753.56,2026-08-20,8.0,6650.0,1103.95,0.2542,0.2,0.3581
2026-08-12,7753.56,2026-08-20,8.0,6675.0,1077.15,0.2495,0.25,0.3574
2026-08-12,7753.56,2026-08-20,8.0,6700.0,1051.75,0.2446,0.25,0.3493
2026-08-12,7753.56,2026-08-20,8.0,6725.0,1026.8,0.2396,0.25,0.3412
2026-08-12,7753.56,2026-08-20,8.0,6750.0,1001.8,0.2346,0.28,0.3361
2026-08-12,7753.56,2026-08-20,8.0,6775.0,978.7,0.2295,0.3,0.3308
2026-08-12,7753.56,2026-08-20,8.0,6800.0,954.15,0.2243,0.32,0.3252
2026-08-12,7753.56,2026-08-20,8.0,6825.0,927.25,0.2191,0.3,0.3145
2026-08-12,7753.56,2026-08-20,8.0,6850.0,901.95,0.2138,0.35,0.3111
2026-08-12,7753.56,2026-08-20,8.0,6875.0,877.7,0.2085,0.35,0.3029
2026-08-12,7753.56,2026-08-20,8.0,6900.0,852.85,0.2031,0.4,0.2987
2026-08-12,7753.56,2026-08-20,8.0,6925.0,827.15,0.1977,0.4,0.2904
2026-08-12,7753.56,2026-08-20,8.0,6950.0,802.95,0.1923,0.42,0.284
2026-08-12,7753.56,2026-08-20,8.0,6975.0,777.55,0.1868,0.45,0.2773
2026-08-12,7753.56,2026-08-20,8.0,7000.0,753.1,0.1813,0.5,0.2721
2026-08-12,7753.56,2026-08-20,8.0,7025.0,727.65,0.1757,0.53,0.2651
2026-08-12,7753.56,2026-08-20,8.0,7030.0,722.3,0.1867,0.53,0.2634
2026-08-12,7753.56,2026-08-20,8.0,7040.0,712.4,0.1627,0.55,0.2614
2026-08-12,7753.56,2026-08-20,8.0,7050.0,703.2,0.1702,0.55,0.258
2026-08-12,7753.56,2026-08-20,8.0,7060.0,692.75,0.1729,0.57,0.2559
2026-08-12,7753.56,2026-08-20,8.0,7070.0,682.45,0.1741,0.6,0.2537
2026-08-12,7753.56,2026-08-20,8.0,7075.0,678.25,0.1646,0.6,0.252
2026-08-12,7753.56,2026-08-20,8.0,7080.0,672.5,0.1744,0.6,0.2503
2026-08-12,7753.56,2026-08-20,8.0,7090.0,662.5,0.1531,0.62,0.248
2026-08-12,7753.56,2026-08-20,8.0,7100.0,653.7,0.159,0.65,0.2457
2026-08-12,7753.56,2026-08-20,8.0,7110.0,642.95,0.1612,0.68,0.2433
2026-08-12,7753.56,2026-08-20,8.0,7120.0,634.45,0.162,0.7,0.2409
2026-08-12,7753.56,2026-08-20,8.0,7125.0,628.0,0.1534,0.7,0.2392
2026-08-12,7753.56,2026-08-20,8.0,7130.0,623.25,0.1621,0.7,0.2374
2026-08-12,7753.56,2026-08-20,8.0,7140.0,613.1,0.143,0.73,0.235
2026-08-12,7753.56,2026-08-20,8.0,7150.0,603.2,0.1477,0.75,0.2324
2026-08-12,7753.56,2026-08-20,8.0,7160.0,593.5,0.1494,0.8,0.2308
2026-08-12,7753.56,2026-08-20,8.0,7170.0,582.75,0.1499,0.8,0.2272
2026-08-12,7753.56,2026-08-20,8.0,7175.0,578.2,0.1421,0.82,0.2264
2026-08-12,7753.56,2026-08-20,8.0,7180.0,573.65,0.1498,0.85,0.2254
2026-08-12,7753.56,2026-08-20,8.0,7190.0,563.5,0.1327,0.88,0.2227
2026-08-12,7753.56,2026-08-20,8.0,7200.0,553.7,0.1364,0.9,0.2199
2026-08-12,7753.56,2026-08-20,8.0,7210.0,543.1,0.1376,0.93,0.2171
2026-08-12,7753.56,2026-08-20,8.0,7220.0,533.85,0.1378,0.95,0.2143
2026-08-12,7753.56,2026-08-20,8.0,7225.0,528.9,0.1307,0.98,0.2132
2026-08-12,7753.56,2026-08-20,8.0,7230.0,523.85,0.1374,1.0,0.2122
2026-08-12,7753.56,2026-08-20,8.0,7240.0,513.8,0.1221,1.05,0.2099
2026-08-12,7753.56,2026-08-20,8.0,7250.0,503.95,0.1249,1.07,0.2069
2026-08-12,7753.56,2026-08-20,8.0,7260.0,494.0,0.1257,1.12,0.2046
2026-08-12,7753.56,2026-08-20,8.0,7270.0,484.15,0.1257,1.18,0.2021
2026-08-12,7753.56,2026-08-20,8.0,7275.0,479.35,0.1192,1.2,0.2009
2026-08-12,7753.56,2026-08-20,8.0,7280.0,474.15,0.1004,1.23,0.1996
2026-08-12,7753.56,2026-08-20,8.0,7290.0,464.35,0.1113,1.27,0.197
2026-08-12,7753.56,2026-08-20,8.0,7295.0,459.25,0.1196,1.3,0.1957
2026-08-12,7753.56,2026-08-20,8.0,7300.0,454.85,0.1134,1.32,0.1943
2026-08-12,7753.56,2026-08-20,8.0,7305.0,448.9,0.0973,1.35,0.193
2026-08-12,7753.56,2026-08-20,8.0,7310.0,444.35,0.1138,1.38,0.1916
2026-08-12,7753.56,2026-08-20,8.0,7315.0,439.45,0.1059,1.43,0.1907
2026-08-12,7753.56,2026-08-20,8.0,7320.0,434.6,0.1135,1.45,0.1893
2026-08-12,7753.56,2026-08-20,8.0,7325.0,429.35,0.1076,1.48,0.1879
2026-08-12,7753.56,2026-08-20,8.0,7330.0,424.6,0.0935,1.52,0.187
2026-08-12,7753.56,2026-08-20,8.0,7335.0,419.6,0.1079,1.55,0.1855
2026-08-12,7753.56,2026-08-20,8.0,7340.0,414.15,0.1004,1.57,0.184
2026-08-12,7753.56,2026-08-20,8.0,7345.0,409.85,0.1074,1.62,0.183
2026-08-12,7753.56,2026-08-20,8.0,7350.0,404.95,0.1018,1.68,0.1819
2026-08-12,7753.56,2026-08-20,8.0,7355.0,400.15,0.0892,1.7,0.1804
2026-08-12,7753.56,2026-08-20,8.0,7360.0,394.75,0.1019,1.75,0.1793
2026-08-12,7753.56,2026-08-20,8.0,7365.0,390.05,0.0949,1.8,0.1781
2026-08-12,7753.56,2026-08-20,8.0,7370.0,384.9,0.1013,1.82,0.1766
2026-08-12,7753.56,2026-08-20,8.0,7375.0,380.15,0.096,1.88,0.1754
2026-08-12,7753.56,2026-08-20,8.0,7380.0,375.15,0.0847,1.93,0.1741
2026-08-12,7753.56,2026-08-20,8.0,7385.0,370.3,0.0959,2.0,0.1732
2026-08-12,7753.56,2026-08-20,8.0,7390.0,365.3,0.0893,2.05,0.1719
2026-08-12,7753.56,2026-08-20,8.0,7395.0,360.8,0.0951,2.12,0.171
2026-08-12,7753.56,2026-08-20,8.0,7400.0,355.1,0.0901,2.17,0.1696
2026-08-12,7753.56,2026-08-20,8.0,7405.0,350.55,0.0799,2.22,0.1683
2026-08-12,7753.56,2026-08-20,8.0,7410.0,345.15,0.0898,2.28,0.1669
2026-08-12,7753.56,2026-08-20,8.0,7415.0,340.7,0.0837,2.38,0.1661
2026-08-12,7753.56,2026-08-20,8.0,7420.0,335.35,0.089,2.42,0.1646
2026-08-12,7753.56,2026-08-20,8.0,7425.0,330.6,0.0843,2.53,0.1638
2026-08-12,7753.56,2026-08-20,8.0,7430.0,325.6,0.075,2.58,0.1623
2026-08-12,7753.56,2026-08-20,8.0,7435.0,321.0,0.0838,2.67,0.1613
2026-08-12,7753.56,2026-08-20,8.0,7440.0,316.1,0.0781,2.78,0.1603
2026-08-12,7753.56,2026-08-20,8.0,7445.0,311.2,0.0828,2.85,0.159
2026-08-12,7753.56,2026-08-20,8.0,7450.0,307.55,0.0784,2.92,0.1576
2026-08-12,7753.56,2026-08-20,8.0,7455.0,301.4,0.07,3.08,0.157
2026-08-12,7753.56,2026-08-20,8.0,7460.0,296.55,0.0777,3.15,0.1556
2026-08-12,7753.56,2026-08-20,8.0,7465.0,291.1,0.0724,3.25,0.1544
2026-08-12,7753.56,2026-08-20,8.0,7470.0,286.55,0.0766,3.4,0.1536
2026-08-12,7753.56,2026-08-20,8.0,7475.0,281.95,0.0724,3.5,0.1523
2026-08-12,7753.56,2026-08-20,8.0,7480.0,277.1,0.0649,3.6,0.1509
2026-08-12,7753.56,2026-08-20,8.0,7485.0,272.2,0.0717,3.75,0.15
2026-08-12,7753.56,2026-08-20,8.0,7490.0,266.95,0.0667,3.9,0.149
2026-08-12,7753.56,2026-08-20,8.0,7495.0,262.05,0.0704,4.0,0.1475
2026-08-12,7753.56,2026-08-20,8.0,7500.0,257.45,0.0665,4.2,0.1468
2026-08-12,7753.56,2026-08-20,8.0,7505.0,252.25,0.0596,4.35,0.1456
2026-08-12,7753.56,2026-08-20,8.0,7510.0,248.1,0.0655,4.5,0.1444
2026-08-12,7753.56,2026-08-20,8.0,7515.0,243.3,0.0609,4.7,0.1435
2026-08-12,7753.56,2026-08-20,8.0,7520.0,238.5,0.0642,4.9,0.1425
2026-08-12,7753.56,2026-08-20,8.0,7525.0,233.3,0.0605,5.1,0.1415
2026-08-12,7753.56,2026-08-20,8.0,7530.0,230.0,0.095,5.35,0.1407
2026-08-12,7753.56,2026-08-20,8.0,7535.0,224.15,0.0594,5.55,0.1395
2026-08-12,7753.56,2026-08-20,8.0,7540.0,219.5,0.0745,5.8,0.1386
2026-08-12,7753.56,2026-08-20,8.0,7545.0,215.65,0.1,6.05,0.1376
2026-08-12,7753.56,2026-08-20,8.0,7550.0,210.85,0.1005,6.35,0.1368
2026-08-12,7753.56,2026-08-20,8.0,7555.0,205.2,0.0893,6.6,0.1357
2026-08-12,7753.56,2026-08-20,8.0,7560.0,201.05,0.0986,6.9,0.1347
2026-08-12,7753.56,2026-08-20,8.0,7565.0,196.85,0.1041,7.25,0.1339
2026-08-12,7753.56,2026-08-20,8.0,7570.0,192.3,0.1056,7.6,0.1331
2026-08-12,7753.56,2026-08-20,8.0,7575.0,187.4,0.1041,8.0,0.1324
2026-08-12,7753.56,2026-08-20,8.0,7580.0,182.5,0.1025,8.3,0.1311
2026-08-12,7753.56,2026-08-20,8.0,7585.0,178.05,0.104,8.75,0.1305
2026-08-12,7753.56,2026-08-20,8.0,7590.0,173.65,0.1054,9.2,0.1297
2026-08-12,7753.56,2026-08-20,8.0,7595.0,169.05,0.1053,9.6,0.1287
2026-08-12,7753.56,2026-08-20,8.0,7600.0,164.6,0.1058,10.1,0.1279
2026-08-12,7753.56,2026-08-20,8.0,7605.0,160.25,0.1066,10.6,0.1271
2026-08-12,7753.56,2026-08-20,8.0,7610.0,155.8,0.1067,11.15,0.1264
2026-08-12,7753.56,2026-08-20,8.0,7615.0,151.3,0.1063,11.7,0.1255
2026-08-12,7753.56,2026-08-20,8.0,7620.0,147.0,0.1067,12.3,0.1247
2026-08-12,7753.56,2026-08-20,8.0,7625.0,142.45,0.1059,13.0,0.1242
2026-08-12,7753.56,2026-08-20,8.0,7630.0,138.1,0.1057,13.6,0.1232
2026-08-12,7753.56,2026-08-20,8.0,7635.0,133.85,0.1057,14.3,0.1225
2026-08-12,7753.56,2026-08-20,8.0,7640.0,129.6,0.1056,15.05,0.1218
2026-08-12,7753.56,2026-08-20,8.0,7645.0,125.4,0.1054,15.85,0.1211
2026-08-12,7753.56,2026-08-20,8.0,7650.0,121.3,0.1055,16.65,0.1203
2026-08-12,7753.56,2026-08-20,8.0,7655.0,117.1,0.105,17.6,0.1198
2026-08-12,7753.56,2026-08-20,8.0,7660.0,113.0,0.1047,18.5,0.1191
2026-08-12,7753.56,2026-08-20,8.0,7665.0,109.15,0.105,19.45,0.1184
2026-08-12,7753.56,2026-08-20,8.0,7670.0,105.15,0.1046,20.55,0.1179
2026-08-12,7753.56,2026-08-20,8.0,7675.0,101.25,0.1044,21.6,0.1172
2026-08-12,7753.56,2026-08-20,8.0,7680.0,97.4,0.1041,22.75,0.1166
2026-08-12,7753.56,2026-08-20,8.0,7685.0,93.6,0.1038,24.0,0.1162
2026-08-12,7753.56,2026-08-20,8.0,7690.0,89.6,0.1029,25.2,0.1154
2026-08-12,7753.56,2026-08-20,8.0,7695.0,86.0,0.1028,26.45,0.1147
2026-08-12,7753.56,2026-08-20,8.0,7700.0,82.5,0.1027,27.8,0.114
2026-08-12,7753.56,2026-08-20,8.0,7705.0,79.0,0.1025,29.25,0.1134
2026-08-12,7753.56,2026-08-20,8.0,7710.0,75.5,0.1021,30.8,0.113
2026-08-12,7753.56,2026-08-20,8.0,7715.0,72.1,0.1018,32.4,0.1125
2026-08-12,7753.56,2026-08-20,8.0,7720.0,68.8,0.1016,34.05,0.1119
2026-08-12,7753.56,2026-08-20,8.0,7725.0,65.4,0.1009,35.8,0.1114
2026-08-12,7753.56,2026-08-20,8.0,7730.0,62.4,0.101,37.65,0.111
2026-08-12,7753.56,2026-08-20,8.0,7735.0,59.3,0.1006,39.6,0.1106
2026-08-12,7753.56,2026-08-20,8.0,7740.0,56.3,0.1003,41.6,0.1102
2026-08-12,7753.56,2026-08-20,8.0,7745.0,53.4,0.1,43.75,0.1099
2026-08-12,7753.56,2026-08-20,8.0,7750.0,50.6,0.0998,45.9,0.1095
2026-08-12,7753.56,2026-08-20,8.0,7755.0,47.85,0.0995,48.2,0.1092
2026-08-12,7753.56,2026-08-20,8.0,7760.0,45.2,0.0992,50.55,0.1089
2026-08-12,7753.56,2026-08-20,8.0,7765.0,42.75,0.0992,53.0,0.1086
2026-08-12,7753.56,2026-08-20,8.0,7770.0,40.2,0.0987,55.6,0.1084
2026-08-12,7753.56,2026-08-20,8.0,7775.0,37.9,0.0986,58.2,0.1081
2026-08-12,7753.56,2026-08-20,8.0,7780.0,35.6,0.0983,60.9,0.1078
2026-08-12,7753.56,2026-08-20,8.0,7785.0,33.4,0.0981,63.7,0.1075
2026-08-12,7753.56,2026-08-20,8.0,7790.0,31.4,0.098,66.6,0.1073
2026-08-12,7753.56,2026-08-20,8.0,7795.0,29.4,0.0978,69.8,0.1076
2026-08-12,7753.56,2026-08-20,8.0,7800.0,27.55,0.0978,72.8,0.1072
2026-08-12,7753.56,2026-08-20,8.0,7805.0,25.6,0.0973,76.2,0.1076
2026-08-12,7753.56,2026-08-20,8.0,7810.0,23.95,0.0973,79.6,0.1078
2026-08-12,7753.56,2026-08-20,8.0,7815.0,22.35,0.0973,82.95,0.1077
2026-08-12,7753.56,2026-08-20,8.0,7820.0,20.8,0.0971,86.35,0.1076
2026-08-12,7753.56,2026-08-20,8.0,7825.0,19.35,0.0971,89.85,0.1075
2026-08-12,7753.56,2026-08-20,8.0,7830.0,17.95,0.0969,93.55,0.1077
2026-08-12,7753.56,2026-08-20,8.0,7835.0,16.65,0.0968,96.95,0.107
2026-08-12,7753.56,2026-08-20,8.0,7840.0,15.4,0.0967,100.95,0.1077
2026-08-12,7753.56,2026-08-20,8.0,7845.0,14.25,0.0967,104.55,0.1071
2026-08-12,7753.56,2026-08-20,8.0,7850.0,13.15,0.0966,108.4,0.107
2026-08-12,7753.56,2026-08-20,8.0,7855.0,12.2,0.0967,112.45,0.1073
2026-08-12,7753.56,2026-08-20,8.0,7860.0,11.25,0.0967,116.7,0.1081
2026-08-12,7753.56,2026-08-20,8.0,7865.0,10.4,0.0968,120.7,0.1079
2026-08-12,7753.56,2026-08-20,8.0,7870.0,9.6,0.0969,124.8,0.1078
2026-08-12,7753.56,2026-08-20,8.0,7875.0,8.85,0.097,129.05,0.1081
2026-08-12,7753.56,2026-08-20,8.0,7880.0,8.05,0.0967,133.35,0.1083
2026-08-12,7753.56,2026-08-20,8.0,7885.0,7.45,0.097,137.7,0.1086
2026-08-12,7753.56,2026-08-20,8.0,7890.0,6.85,0.0971,142.1,0.1089
2026-08-12,7753.56,2026-08-20,8.0,7895.0,6.3,0.0973,146.65,0.1097
2026-08-12,7753.56,2026-08-20,8.0,7900.0,5.8,0.0975,151.0,0.1095
2026-08-12,7753.56,2026-08-20,8.0,7905.0,5.3,0.0975,155.65,0.1104
2026-08-12,7753.56,2026-08-20,8.0,7910.0,4.9,0.0979,160.65,0.113
2026-08-12,7753.56,2026-08-20,8.0,7920.0,4.15,0.0985,170.15,0.1155
2026-08-12,7753.56,2026-08-20,8.0,7925.0,3.8,0.0986,174.4,0.1138
2026-08-12,7753.56,2026-08-20,8.0,7930.0,3.5,0.099,179.1,0.1144
2026-08-12,7753.56,2026-08-20,8.0,7940.0,3.0,0.0999,188.95,0.1182
2026-08-12,7753.56,2026-08-20,8.0,7950.0,2.55,0.1007,198.65,0.1207
2026-08-12,7753.56,2026-08-20,8.0,7960.0,2.2,0.1017,208.15,0.1215
2026-08-12,7753.56,2026-08-20,8.0,7970.0,1.9,0.1028,217.1,0.1152
2026-08-12,7753.56,2026-08-20,8.0,7975.0,1.77,0.1035,222.0,0.1159
2026-08-12,7753.56,2026-08-20,8.0,7980.0,1.68,0.1043,228.85,0.1357
2026-08-12,7753.56,2026-08-20,8.0,8000.0,1.32,0.1075,248.45,0.1414
2026-08-12,7753.56,2026-08-20,8.0,8025.0,1.02,0.1119,273.05,0.1486
2026-08-12,7753.56,2026-08-20,8.0,8050.0,0.85,0.1173,297.45,0.1522
2026-08-12,7753.56,2026-08-20,8.0,8075.0,0.73,0.1229,322.3,0.16
2026-08-12,7753.56,2026-08-20,8.0,8100.0,0.65,0.1291,347.3,0.1697
2026-08-12,7753.56,2026-08-20,8.0,8125.0,0.6,0.1357,372.2,0.1776
2026-08-12,7753.56,2026-08-20,8.0,8150.0,0.55,0.1419,396.75,0.1763
2026-08-12,7753.56,2026-08-20,8.0,8175.0,0.5,0.1478,421.95,0.1914
2026-08-12,7753.56,2026-08-20,8.0,8200.0,0.45,0.1534,445.2,0.1889
2026-08-12,7753.56,2026-08-20,8.0,8225.0,0.42,0.1597,472.3,0.2164
2026-08-12,7753.56,2026-08-20,8.0,8250.0,0.4,0.1659,496.8,0.2131
2026-08-12,7753.56,2026-08-20,8.0,8275.0,0.38,0.1718,522.2,0.2324
2026-08-12,7753.56,2026-08-20,8.0,8300.0,0.35,0.1776,547.15,0.2402
2026-08-12,7753.56,2026-08-20,8.0,8400.0,0.25,0.1982,646.65,0.2561
2026-08-12,7753.56,2026-08-20,8.0,8500.0,0.2,0.2197,746.6,0.2865
2026-08-12,7753.56,2026-08-20,8.0,8600.0,0.15,0.2385,844.55,0.3173
2026-08-12,7753.56,2026-08-20,8.0,8800.0,0.07,0.2701,1046.55,0.3769
2026-08-12,7753.56,2026-08-21,9.0,5820.0,1933.0,0.4545,0.07,0.5551
2026-08-12,7753.56,2026-08-21,9.0,5825.0,1929.7,0.4801,0.07,0.5536
2026-08-12,7753.56,2026-08-21,9.0,5830.0,1922.95,0.4592,0.07,0.552
2026-08-12,7753.56,2026-08-21,9.0,5840.0,1913.1,0.4624,0.1,0.561
2026-08-12,7753.56,2026-08-21,9.0,5850.0,1902.95,0.4646,0.1,0.5578
2026-08-12,7753.56,2026-08-21,9.0,5860.0,1892.55,0.4661,0.07,0.5427
2026-08-12,7753.56,2026-08-21,9.0,5870.0,1882.75,0.467,0.1,0.5515
2026-08-12,7753.56,2026-08-21,9.0,5875.0,1877.7,0.4458,0.1,0.55
2026-08-12,7753.56,2026-08-21,9.0,5880.0,1873.15,0.4676,0.1,0.5484
2026-08-12,7753.56,2026-08-21,9.0,5890.0,1862.65,0.3958,0.1,0.5452
2026-08-12,7753.56,2026-08-21,9.0,5900.0,1852.9,0.4179,0.1,0.5421
2026-08-12,7753.56,2026-08-21,9.0,5910.0,1843.2,0.4271,0.1,0.539
2026-08-12,7753.56,2026-08-21,9.0,5920.0,1833.1,0.4325,0.1,0.5359
2026-08-12,7753.56,2026-08-21,9.0,5925.0,1827.85,0.4546,0.1,0.5343
2026-08-12,7753.56,2026-08-21,9.0,5930.0,1823.1,0.4361,0.1,0.5327
2026-08-12,7753.56,2026-08-21,9.0,5940.0,1813.05,0.4385,0.08,0.5182
2026-08-12,7753.56,2026-08-21,9.0,5950.0,1802.8,0.4401,0.08,0.5151
2026-08-12,7753.56,2026-08-21,9.0,5960.0,1792.7,0.4412,0.08,0.5121
2026-08-12,7753.56,2026-08-21,9.0,5970.0,1783.15,0.4418,0.1,0.5203
2026-08-12,7753.56,2026-08-21,9.0,5975.0,1777.75,0.4231,0.1,0.5188
2026-08-12,7753.56,2026-08-21,9.0,5980.0,1773.0,0.442,0.1,0.5172
2026-08-12,7753.56,2026-08-21,9.0,5990.0,1763.1,0.3873,0.1,0.5141
2026-08-12,7753.56,2026-08-21,9.0,6000.0,1755.0,0.3996,0.1,0.511
2026-08-12,7753.56,2026-08-21,9.0,6010.0,1742.9,0.4061,0.1,0.5079
2026-08-12,7753.56,2026-08-21,9.0,6020.0,1732.9,0.4101,0.1,0.5049
2026-08-12,7753.56,2026-08-21,9.0,6025.0,1728.15,0.4293,0.1,0.5033
2026-08-12,7753.56,2026-08-21,9.0,6030.0,1722.95,0.4128,0.12,0.5107
2026-08-12,7753.56,2026-08-21,9.0,6040.0,1713.0,0.4145,0.1,0.4987
2026-08-12,7753.56,2026-08-21,9.0,6050.0,1705.0,0.4157,0.15,0.512
2026-08-12,7753.56,2026-08-21,9.0,6060.0,1692.65,0.4163,0.12,0.5014
2026-08-12,7753.56,2026-08-21,9.0,6070.0,1682.65,0.4166,0.15,0.5057
2026-08-12,7753.56,2026-08-21,9.0,6075.0,1678.25,0.4,0.12,0.4967
2026-08-12,7753.56,2026-08-21,9.0,6080.0,1672.95,0.3524,0.15,0.5025
2026-08-12,7753.56,2026-08-21,9.0,6090.0,1663.2,0.3717,0.12,0.492
2026-08-12,7753.56,2026-08-21,9.0,6100.0,1653.0,0.3797,0.12,0.4889
2026-08-12,7753.56,2026-08-21,9.0,6110.0,1643.1,0.3844,0.12,0.4858
2026-08-12,7753.56,2026-08-21,9.0,6120.0,1633.25,0.3874,0.15,0.49
2026-08-12,7753.56,2026-08-21,9.0,6125.0,1630.1,0.3279,0.12,0.4812
2026-08-12,7753.56,2026-08-21,9.0,6130.0,1622.95,0.3893,0.15,0.4869
2026-08-12,7753.56,2026-08-21,9.0,6140.0,1613.1,0.3905,0.12,0.4766
2026-08-12,7753.56,2026-08-21,9.0,6150.0,1602.6,0.3913,0.15,0.4806
2026-08-12,7753.56,2026-08-21,9.0,6160.0,1593.25,0.3916,0.12,0.4704
2026-08-12,7753.56,2026-08-21,9.0,6170.0,1582.9,0.3917,0.15,0.4744
2026-08-12,7753.56,2026-08-21,9.0,6175.0,1577.85,0.3768,0.15,0.4729
2026-08-12,7753.56,2026-08-21,9.0,6180.0,1573.35,0.3427,0.15,0.4713
2026-08-12,7753.56,2026-08-21,9.0,6190.0,1565.55,0.3534,0.15,0.4682
2026-08-12,7753.56,2026-08-21,9.0,6200.0,1553.1,0.3589,0.15,0.4651
2026-08-12,7753.56,2026-08-21,9.0,6210.0,1543.25,0.3623,0.15,0.462
2026-08-12,7753.56,2026-08-21,9.0,6220.0,1533.55,0.3644,0.17,0.4649
2026-08-12,7753.56,2026-08-21,9.0,6225.0,1528.05,0.3272,0.15,0.4574
2026-08-12,7753.56,2026-08-21,9.0,6230.0,1523.45,0.3658,0.17,0.4618
2026-08-12,7753.56,2026-08-21,9.0,6240.0,1513.25,0.3666,0.15,0.4527
2026-08-12,7753.56,2026-08-21,9.0,6250.0,1503.3,0.367,0.2,0.4608
2026-08-12,7753.56,2026-08-21,9.0,6260.0,1493.45,0.367,0.17,0.4524
2026-08-12,7753.56,2026-08-21,9.0,6270.0,1483.5,0.3101,0.2,0.4545
2026-08-12,7753.56,2026-08-21,9.0,6275.0,1478.55,0.3535,0.17,0.4478
2026-08-12,7753.56,2026-08-21,9.0,6280.0,1473.3,0.3267,0.2,0.4514
2026-08-12,7753.56,2026-08-21,9.0,6290.0,1463.2,0.3336,0.17,0.4431
2026-08-12,7753.56,2026-08-21,9.0,6300.0,1453.3,0.3375,0.2,0.4451
2026-08-12,7753.56,2026-08-21,9.0,6310.0,1443.5,0.3399,0.17,0.4369
2026-08-12,7753.56,2026-08-21,9.0,6320.0,1433.35,0.3414,0.2,0.4389
2026-08-12,7753.56,2026-08-21,9.0,6325.0,1428.25,0.3131,0.17,0.4323
2026-08-12,7753.56,2026-08-21,9.0,6330.0,1423.35,0.3422,0.2,0.4358
2026-08-12,7753.56,2026-08-21,9.0,6340.0,1413.3,0.3426,0.17,0.4277
2026-08-12,7753.56,2026-08-21,9.0,6350.0,1403.3,0.3427,0.2,0.4296
2026-08-12,7753.56,2026-08-21,9.0,6360.0,1393.2,0.3425,0.17,0.4215
2026-08-12,7753.56,2026-08-21,9.0,6370.0,1383.45,0.2992,0.2,0.4234
2026-08-12,7753.56,2026-08-21,9.0,6375.0,1378.55,0.3302,0.2,0.4218
2026-08-12,7753.56,2026-08-21,9.0,6380.0,1375.6,0.3083,0.22,0.4247
2026-08-12,7753.56,2026-08-21,9.0,6390.0,1363.65,0.3129,0.2,0.4172
2026-08-12,7753.56,2026-08-21,9.0,6400.0,1353.2,0.3156,0.22,0.4184
2026-08-12,7753.56,2026-08-21,9.0,6410.0,1343.45,0.3173,0.2,0.411
2026-08-12,7753.56,2026-08-21,9.0,6420.0,1333.4,0.3182,0.25,0.4161
2026-08-12,7753.56,2026-08-21,9.0,6425.0,1328.8,0.2956,0.22,0.4106
2026-08-12,7753.56,2026-08-21,9.0,6430.0,1323.75,0.3187,0.25,0.413
2026-08-12,7753.56,2026-08-21,9.0,6440.0,1313.6,0.3188,0.22,0.406
2026-08-12,7753.56,2026-08-21,9.0,6450.0,1305.7,0.3186,0.25,0.4067
2026-08-12,7753.56,2026-08-21,9.0,6460.0,1293.35,0.2687,0.22,0.3998
2026-08-12,7753.56,2026-08-21,9.0,6470.0,1283.75,0.2828,0.25,0.4005
2026-08-12,7753.56,2026-08-21,9.0,6475.0,1278.6,0.3068,0.22,0.3951
2026-08-12,7753.56,2026-08-21,9.0,6480.0,1273.5,0.2885,0.25,0.3974
2026-08-12,7753.56,2026-08-21,9.0,6490.0,1263.6,0.2917,0.22,0.3905
2026-08-12,7753.56,2026-08-21,9.0,6500.0,1255.75,0.2935,0.25,0.3911
2026-08-12,7753.56,2026-08-21,9.0,6510.0,1243.65,0.2946,0.22,0.3843
2026-08-12,7753.56,2026-08-21,9.0,6520.0,1233.7,0.2951,0.28,0.3883
2026-08-12,7753.56,2026-08-21,9.0,6525.0,1228.75,0.2764,0.25,0.3834
2026-08-12,7753.56,2026-08-21,9.0,6530.0,1223.95,0.2952,0.28,0.3852
2026-08-12,7753.56,2026-08-21,9.0,6540.0,1213.85,0.2949,0.25,0.3787
2026-08-12,7753.56,2026-08-21,9.0,6550.0,1203.75,0.2945,0.3,0.3821
2026-08-12,7753.56,2026-08-21,9.0,6560.0,1193.8,0.2567,0.28,0.3758
2026-08-12,7753.56,2026-08-21,9.0,6570.0,1183.95,0.2642,0.28,0.3727
2026-08-12,7753.56,2026-08-21,9.0,6575.0,1179.0,0.2835,0.28,0.3712
2026-08-12,7753.56,2026-08-21,9.0,6580.0,1173.95,0.268,0.3,0.3727
2026-08-12,7753.56,2026-08-21,9.0,6590.0,1163.8,0.27,0.28,0.3665
2026-08-12,7753.56,2026-08-21,9.0,6600.0,1153.45,0.2712,0.3,0.3664
2026-08-12,7753.56,2026-08-21,9.0,6610.0,1144.05,0.2717,0.28,0.3603
2026-08-12,7753.56,2026-08-21,9.0,6620.0,1133.9,0.2719,0.3,0.3602
2026-08-12,7753.56,2026-08-21,9.0,6625.0,1128.95,0.2562,0.28,0.3556
2026-08-12,7753.56,2026-08-21,9.0,6630.0,1124.05,0.2716,0.33,0.3598
2026-08-12,7753.56,2026-08-21,9.0,6640.0,1113.85,0.2712,0.3,0.3539
2026-08-12,7753.56,2026-08-21,9.0,6650.0,1106.15,0.2282,0.32,0.3535
2026-08-12,7753.56,2026-08-21,9.0,6660.0,1093.85,0.2399,0.33,0.3504
2026-08-12,7753.56,2026-08-21,9.0,6670.0,1083.9,0.2445,0.35,0.3498
2026-08-12,7753.56,2026-08-21,9.0,6675.0,1079.2,0.2601,0.35,0.3482
2026-08-12,7753.56,2026-08-21,9.0,6680.0,1073.85,0.2469,0.35,0.3467
2026-08-12,7753.56,2026-08-21,9.0,6690.0,1064.2,0.2482,0.33,0.341
2026-08-12,7753.56,2026-08-21,9.0,6695.0,1059.1,0.2104,0.33,0.3395
2026-08-12,7753.56,2026-08-21,9.0,6700.0,1053.95,0.2488,0.3,0.3353
2026-08-12,7753.56,2026-08-21,9.0,6705.0,1049.5,0.2276,0.33,0.3363
2026-08-12,7753.56,2026-08-21,9.0,6710.0,1044.2,0.2489,0.33,0.3348
2026-08-12,7753.56,2026-08-21,9.0,6715.0,1039.55,0.2328,0.33,0.3332
2026-08-12,7753.56,2026-08-21,9.0,6720.0,1034.25,0.2487,0.33,0.3317
2026-08-12,7753.56,2026-08-21,9.0,6725.0,1028.8,0.2354,0.38,0.3348
2026-08-12,7753.56,2026-08-21,9.0,6730.0,1023.85,0.2482,0.38,0.3333
2026-08-12,7753.56,2026-08-21,9.0,6735.0,1019.45,0.2367,0.38,0.3317
2026-08-12,7753.56,2026-08-21,9.0,6740.0,1014.25,0.2475,0.38,0.3301
2026-08-12,7753.56,2026-08-21,9.0,6745.0,1010.05,0.2374,0.38,0.3285
2026-08-12,7753.56,2026-08-21,9.0,6750.0,1004.05,0.2151,0.38,0.327
2026-08-12,7753.56,2026-08-21,9.0,6755.0,999.4,0.2375,0.38,0.3254
2026-08-12,7753.56,2026-08-21,9.0,6760.0,994.05,0.2211,0.38,0.3238
2026-08-12,7753.56,2026-08-21,9.0,6765.0,989.0,0.2373,0.38,0.3222
2026-08-12,7753.56,2026-08-21,9.0,6770.0,984.0,0.224,0.38,0.3207
2026-08-12,7753.56,2026-08-21,9.0,6775.0,979.15,0.2368,0.4,0.3212
2026-08-12,7753.56,2026-08-21,9.0,6780.0,973.85,0.2254,0.38,0.3175
2026-08-12,7753.56,2026-08-21,9.0,6785.0,969.6,0.2361,0.38,0.316
2026-08-12,7753.56,2026-08-21,9.0,6790.0,964.35,0.2261,0.38,0.3144
2026-08-12,7753.56,2026-08-21,9.0,6795.0,959.55,0.2022,0.38,0.3128
2026-08-12,7753.56,2026-08-21,9.0,6800.0,953.95,0.2262,0.4,0.3133
2026-08-12,7753.56,2026-08-21,9.0,6805.0,949.4,0.2095,0.42,0.3137
2026-08-12,7753.56,2026-08-21,9.0,6810.0,944.05,0.226,0.42,0.3121
2026-08-12,7753.56,2026-08-21,9.0,6815.0,939.55,0.2126,0.42,0.3105
2026-08-12,7753.56,2026-08-21,9.0,6820.0,934.6,0.2255,0.42,0.3089
2026-08-12,7753.56,2026-08-21,9.0,6825.0,929.0,0.2141,0.45,0.3092
2026-08-12,7753.56,2026-08-21,9.0,6830.0,924.0,0.2247,0.42,0.3058
2026-08-12,7753.56,2026-08-21,9.0,6835.0,919.65,0.2148,0.42,0.3042
2026-08-12,7753.56,2026-08-21,9.0,6840.0,914.4,0.1885,0.42,0.3026
2026-08-12,7753.56,2026-08-21,9.0,6845.0,908.85,0.215,0.45,0.3028
2026-08-12,7753.56,2026-08-21,9.0,6850.0,904.0,0.1978,0.42,0.2994
2026-08-12,7753.56,2026-08-21,9.0,6855.0,899.5,0.2147,0.5,0.303
2026-08-12,7753.56,2026-08-21,9.0,6860.0,894.25,0.2013,0.42,0.2963
2026-08-12,7753.56,2026-08-21,9.0,6865.0,889.35,0.2142,0.5,0.2998
2026-08-12,7753.56,2026-08-21,9.0,6870.0,884.55,0.203,0.48,0.2966
2026-08-12,7753.56,2026-08-21,9.0,6875.0,879.05,0.2135,0.5,0.2966
2026-08-12,7753.56,2026-08-21,9.0,6880.0,876.45,0.2037,0.48,0.2934
2026-08-12,7753.56,2026-08-21,9.0,6885.0,869.3,0.1725,0.5,0.2934
2026-08-12,7753.56,2026-08-21,9.0,6890.0,864.4,0.2038,0.48,0.2902
2026-08-12,7753.56,2026-08-21,9.0,6895.0,861.75,0.1861,0.5,0.2902
2026-08-12,7753.56,2026-08-21,9.0,6900.0,856.5,0.2036,0.48,0.287
2026-08-12,7753.56,2026-08-21,9.0,6905.0,849.6,0.19,0.55,0.29
2026-08-12,7753.56,2026-08-21,9.0,6910.0,844.6,0.203,0.48,0.2839
2026-08-12,7753.56,2026-08-21,9.0,6915.0,839.2,0.1918,0.55,0.2868
2026-08-12,7753.56,2026-08-21,9.0,6920.0,836.85,0.2023,0.53,0.2838
2026-08-12,7753.56,2026-08-21,9.0,6925.0,829.25,0.1926,0.55,0.2836
2026-08-12,7753.56,2026-08-21,9.0,6930.0,826.5,0.2013,0.53,0.2805
2026-08-12,7753.56,2026-08-21,9.0,6935.0,819.6,0.1928,0.55,0.2804
2026-08-12,7753.56,2026-08-21,9.0,6940.0,814.25,0.1742,0.53,0.2773
2026-08-12,7753.56,2026-08-21,9.0,6945.0,809.7,0.1925,0.6,0.2799
2026-08-12,7753.56,2026-08-21,9.0,6950.0,806.5,0.1788,0.53,0.2741
2026-08-12,7753.56,2026-08-21,9.0,6955.0,799.3,0.1919,0.6,0.2766
2026-08-12,7753.56,2026-08-21,9.0,6960.0,794.7,0.1808,0.57,0.2737
2026-08-12,7753.56,2026-08-21,9.0,6965.0,789.5,0.1911,0.6,0.2734
2026-08-12,7753.56,2026-08-21,9.0,6970.0,784.45,0.1816,0.57,0.2705
2026-08-12,7753.56,2026-08-21,9.0,6975.0,779.3,0.1902,0.6,0.2701
2026-08-12,7753.56,2026-08-21,9.0,6980.0,774.6,0.1818,0.57,0.2672
2026-08-12,7753.56,2026-08-21,9.0,6985.0,770.05,0.1621,0.65,0.2694
2026-08-12,7753.56,2026-08-21,9.0,6990.0,764.3,0.1815,0.57,0.264
2026-08-12,7753.56,2026-08-21,9.0,6995.0,759.35,0.1676,0.65,0.2661
2026-08-12,7753.56,2026-08-21,9.0,7000.0,756.7,0.1809,0.6,0.262
2026-08-12,7753.56,2026-08-21,9.0,7005.0,749.85,0.1698,0.65,0.2628
2026-08-12,7753.56,2026-08-21,9.0,7010.0,744.65,0.1801,0.62,0.26
2026-08-12,7753.56,2026-08-21,9.0,7015.0,739.9,0.1707,0.7,0.2618
2026-08-12,7753.56,2026-08-21,9.0,7020.0,734.6,0.1791,0.62,0.2568
2026-08-12,7753.56,2026-08-21,9.0,7025.0,729.7,0.1708,0.7,0.2585
2026-08-12,7753.56,2026-08-21,9.0,7030.0,724.8,0.1494,0.65,0.2547
2026-08-12,7753.56,2026-08-21,9.0,7035.0,719.8,0.1705,0.73,0.2563
2026-08-12,7753.56,2026-08-21,9.0,7040.0,714.75,0.1565,0.68,0.2525
2026-08-12,7753.56,2026-08-21,9.0,7045.0,709.85,0.1699,,
2026-08-12,7753.56,2026-08-24,12.0,5900.0,1853.5,0.3759,0.15,0.4853
2026-08-12,7753.56,2026-08-24,12.0,6000.0,1753.35,0.3581,0.17,0.4634
2026-08-12,7753.56,2026-08-24,12.0,6100.0,1653.75,0.3395,0.2,0.4408
2026-08-12,7753.56,2026-08-24,12.0,6200.0,1554.35,0.3204,0.22,0.4175
2026-08-12,7753.56,2026-08-24,12.0,6300.0,1454.4,0.301,0.25,0.3937
2026-08-12,7753.56,2026-08-24,12.0,6325.0,1429.15,0.2961,0.28,0.3902
2026-08-12,7753.56,2026-08-24,12.0,6350.0,1404.25,0.2912,0.28,0.3833
2026-08-12,7753.56,2026-08-24,12.0,6375.0,1380.8,0.2863,0.3,0.3794
2026-08-12,7753.56,2026-08-24,12.0,6400.0,1354.6,0.2813,0.3,0.3725
2026-08-12,7753.56,2026-08-24,12.0,6425.0,1329.35,0.2764,0.33,0.3684
2026-08-12,7753.56,2026-08-24,12.0,6450.0,1304.7,0.2714,0.33,0.3615
2026-08-12,7753.56,2026-08-24,12.0,6475.0,1279.8,0.2665,0.35,0.3571
2026-08-12,7753.56,2026-08-24,12.0,6500.0,1254.9,0.2615,0.35,0.3502
2026-08-12,7753.56,2026-08-24,12.0,6525.0,1229.9,0.2566,0.35,0.3432
2026-08-12,7753.56,2026-08-24,12.0,6550.0,1205.0,0.2516,0.38,0.3386
2026-08-12,7753.56,2026-08-24,12.0,6575.0,1179.9,0.2466,0.4,0.3338
2026-08-12,7753.56,2026-08-24,12.0,6600.0,1154.75,0.2416,0.4,0.3269
2026-08-12,7753.56,2026-08-24,12.0,6625.0,1129.3,0.2366,0.42,0.3219
2026-08-12,7753.56,2026-08-24,12.0,6650.0,1104.3,0.2316,0.45,0.3168
2026-08-12,7753.56,2026-08-24,12.0,6675.0,1079.55,0.2266,0.45,0.3098
2026-08-12,7753.56,2026-08-24,12.0,6700.0,1054.85,0.2216,0.48,0.3046
2026-08-12,7753.56,2026-08-24,12.0,6725.0,1029.9,0.2166,0.5,0.2992
2026-08-12,7753.56,2026-08-24,12.0,6750.0,1005.0,0.2116,0.53,0.2937
2026-08-12,7753.56,2026-08-24,12.0,6775.0,980.35,0.2066,0.55,0.2882
2026-08-12,7753.56,2026-08-24,12.0,6800.0,955.05,0.2015,0.57,0.2825
2026-08-12,7753.56,2026-08-24,12.0,6825.0,930.45,0.1965,0.6,0.2767
2026-08-12,7753.56,2026-08-24,12.0,6850.0,905.55,0.1915,0.62,0.2709
2026-08-12,7753.56,2026-08-24,12.0,6875.0,880.7,0.1466,0.68,0.2661
2026-08-12,7753.56,2026-08-24,12.0,6900.0,855.85,0.1491,0.7,0.2601
2026-08-12,7753.56,2026-08-24,12.0,6925.0,830.85,0.1482,0.75,0.255
2026-08-12,7753.56,2026-08-24,12.0,6950.0,805.55,0.1461,0.8,0.2497
2026-08-12,7753.56,2026-08-24,12.0,6975.0,780.4,0.1434,0.85,0.2443
2026-08-12,7753.56,2026-08-24,12.0,7000.0,756.0,0.1402,0.93,0.2395
2026-08-12,7753.56,2026-08-24,12.0,7025.0,731.25,0.1368,0.98,0.2337
2026-08-12,7753.56,2026-08-24,12.0,7030.0,726.3,0.1478,1.0,0.2329
2026-08-12,7753.56,2026-08-24,12.0,7040.0,716.2,0.1419,1.02,0.2307
2026-08-12,7753.56,2026-08-24,12.0,7050.0,706.4,0.1332,1.05,0.2285
2026-08-12,7753.56,2026-08-24,12.0,7060.0,695.95,0.1473,1.07,0.2262
2026-08-12,7753.56,2026-08-24,12.0,7070.0,686.45,0.1431,1.12,0.2245
2026-08-12,7753.56,2026-08-24,12.0,7075.0,681.6,0.1294,1.15,0.2237
2026-08-12,7753.56,2026-08-24,12.0,7080.0,676.5,0.1384,1.15,0.2222
2026-08-12,7753.56,2026-08-24,12.0,7090.0,666.55,0.133,1.2,0.2204
2026-08-12,7753.56,2026-08-24,12.0,7100.0,656.25,0.1255,1.23,0.218
2026-08-12,7753.56,2026-08-24,12.0,7110.0,646.65,0.1373,1.27,0.2162
2026-08-12,7753.56,2026-08-24,12.0,7120.0,636.75,0.1333,1.32,0.2143
2026-08-12,7753.56,2026-08-24,12.0,7125.0,631.35,0.1215,1.32,0.2128
2026-08-12,7753.56,2026-08-24,12.0,7130.0,626.4,0.129,1.35,0.2118
2026-08-12,7753.56,2026-08-24,12.0,7140.0,616.8,0.1239,1.4,0.2098
2026-08-12,7753.56,2026-08-24,12.0,7150.0,607.05,0.1174,1.45,0.2078
2026-08-12,7753.56,2026-08-24,12.0,7160.0,597.0,0.1018,1.5,0.2057
2026-08-12,7753.56,2026-08-24,12.0,7170.0,586.8,0.1236,1.55,0.2035
2026-08-12,7753.56,2026-08-24,12.0,7175.0,582.05,0.1132,1.57,0.2025
2026-08-12,7753.56,2026-08-24,12.0,7180.0,577.2,0.1194,1.6,0.2014
2026-08-12,7753.56,2026-08-24,12.0,7190.0,567.2,0.1148,1.68,0.1996
2026-08-12,7753.56,2026-08-24,12.0,7200.0,556.85,0.109,1.73,0.1973
2026-08-12,7753.56,2026-08-24,12.0,7210.0,546.95,0.0986,1.77,0.195
2026-08-12,7753.56,2026-08-24,12.0,7220.0,537.5,0.1137,1.85,0.1931
2026-08-12,7753.56,2026-08-24,12.0,7225.0,532.0,0.1047,1.88,0.1919
2026-08-12,7753.56,2026-08-24,12.0,7230.0,527.6,0.1098,1.93,0.191
2026-08-12,7753.56,2026-08-24,12.0,7240.0,517.5,0.1055,1.97,0.1886
2026-08-12,7753.56,2026-08-24,12.0,7250.0,507.8,0.1003,2.08,0.1868
2026-08-12,7753.56,2026-08-24,12.0,7260.0,497.85,0.0923,2.15,0.1847
2026-08-12,7753.56,2026-08-24,12.0,7270.0,487.9,0.1039,2.22,0.1824
2026-08-12,7753.56,2026-08-24,12.0,7275.0,483.0,0.0959,2.28,0.1814
2026-08-12,7753.56,2026-08-24,12.0,7280.0,478.1,0.1002,2.33,0.1805
2026-08-12,7753.56,2026-08-24,12.0,7290.0,468.5,0.0962,2.42,0.1784
2026-08-12,7753.56,2026-08-24,12.0,7300.0,458.65,0.0915,2.53,0.1763
2026-08-12,7753.56,2026-08-24,12.0,7310.0,448.0,0.0848,2.62,0.1741
2026-08-12,7753.56,2026-08-24,12.0,7320.0,438.6,0.0939,2.75,0.1722
2026-08-12,7753.56,2026-08-24,12.0,7325.0,433.65,0.087,2.8,0.171
2026-08-12,7753.56,2026-08-24,12.0,7330.0,428.2,0.0905,2.88,0.1701
2026-08-12,7753.56,2026-08-24,12.0,7340.0,419.0,0.0867,3.0,0.168
2026-08-12,7753.56,2026-08-24,12.0,7350.0,408.6,0.0824,3.1,0.1656
2026-08-12,7753.56,2026-08-24,12.0,7360.0,399.1,0.0768,3.3,0.164
2026-08-12,7753.56,2026-08-24,12.0,7370.0,390.45,0.084,3.45,0.1619
2026-08-12,7753.56,2026-08-24,12.0,7375.0,384.4,0.0778,3.55,0.161
2026-08-12,7753.56,2026-08-24,12.0,7380.0,379.5,0.0807,3.6,0.1597
2026-08-12,7753.56,2026-08-24,12.0,7390.0,369.75,0.0772,3.8,0.1578
2026-08-12,7753.56,2026-08-24,12.0,7400.0,359.9,0.0732,4.0,0.1558
2026-08-12,7753.56,2026-08-24,12.0,7410.0,349.8,0.0684,4.25,0.1541
2026-08-12,7753.56,2026-08-24,12.0,7420.0,340.45,0.056,4.5,0.1522
2026-08-12,7753.56,2026-08-24,12.0,7425.0,336.0,0.0686,4.6,0.1511
2026-08-12,7753.56,2026-08-24,12.0,7430.0,331.15,0.0708,4.75,0.1502
2026-08-12,7753.56,2026-08-24,12.0,7435.0,326.35,0.064,4.85,0.149
2026-08-12,7753.56,2026-08-24,12.0,7440.0,321.05,0.0675,5.0,0.1481
2026-08-12,7753.56,2026-08-24,12.0,7445.0,316.25,0.0552,5.15,0.1472
2026-08-12,7753.56,2026-08-24,12.0,7450.0,311.8,0.0639,5.35,0.1466
2026-08-12,7753.56,2026-08-24,12.0,7455.0,306.4,0.0658,5.5,0.1456
2026-08-12,7753.56,2026-08-24,12.0,7460.0,302.15,0.0596,5.65,0.1445
2026-08-12,7753.56,2026-08-24,12.0,7465.0,297.4,0.0798,5.85,0.1437
2026-08-12,7753.56,2026-08-24,12.0,7470.0,292.55,0.0858,6.05,0.1429
2026-08-12,7753.56,2026-08-24,12.0,7475.0,287.5,0.0822,6.25,0.142
2026-08-12,7753.56,2026-08-24,12.0,7480.0,282.65,0.0861,6.45,0.1411
2026-08-12,7753.56,2026-08-24,12.0,7485.0,277.85,0.0897,6.65,0.1402
2026-08-12,7753.56,2026-08-24,12.0,7490.0,273.2,0.0947,6.9,0.1395
2026-08-12,7753.56,2026-08-24,12.0,7495.0,268.3,0.0946,7.15,0.1387
2026-08-12,7753.56,2026-08-24,12.0,7500.0,264.6,0.1072,7.4,0.1378
2026-08-12,7753.56,2026-08-24,12.0,7505.0,259.2,0.1018,7.6,0.1367
2026-08-12,7753.56,2026-08-24,12.0,7510.0,254.15,0.0996,7.9,0.136
2026-08-12,7753.56,2026-08-24,12.0,7515.0,249.7,0.1028,8.2,0.1353
2026-08-12,7753.56,2026-08-24,12.0,7520.0,245.7,0.1083,8.45,0.1343
2026-08-12,7753.56,2026-08-24,12.0,7525.0,240.85,0.1075,8.8,0.1336
2026-08-12,7753.56,2026-08-24,12.0,7530.0,236.3,0.1084,9.05,0.1325
2026-08-12,7753.56,2026-08-24,12.0,7535.0,231.4,0.1071,9.45,0.132
2026-08-12,7753.56,2026-08-24,12.0,7540.0,226.9,0.108,9.8,0.1312
2026-08-12,7753.56,2026-08-24,12.0,7545.0,222.3,0.1082,10.15,0.1303
2026-08-12,7753.56,2026-08-24,12.0,7550.0,217.65,0.108,10.55,0.1296
2026-08-12,7753.56,2026-08-24,12.0,7555.0,213.25,0.1088,10.9,0.1287
2026-08-12,7753.56,2026-08-24,12.0,7560.0,208.55,0.1082,11.3,0.1278
2026-08-12,7753.56,2026-08-24,12.0,7565.0,203.95,0.1078,11.8,0.1273
2026-08-12,7753.56,2026-08-24,12.0,7570.0,199.6,0.1085,12.25,0.1265
2026-08-12,7753.56,2026-08-24,12.0,7575.0,195.0,0.108,12.7,0.1256
2026-08-12,7753.56,2026-08-24,12.0,7580.0,190.5,0.1077,13.2,0.1249
2026-08-12,7753.56,2026-08-24,12.0,7585.0,186.3,0.1085,13.75,0.1242
2026-08-12,7753.56,2026-08-24,12.0,7590.0,181.45,0.1068,14.35,0.1236
2026-08-12,7753.56,2026-08-24,12.0,7595.0,177.0,0.1065,14.85,0.1227
2026-08-12,7753.56,2026-08-24,12.0,7600.0,172.95,0.1074,15.45,0.122
2026-08-12,7753.56,2026-08-24,12.0,7605.0,168.45,0.1067,16.25,0.1217
2026-08-12,7753.56,2026-08-24,12.0,7610.0,164.3,0.1069,16.75,0.1206
2026-08-12,7753.56,2026-08-24,12.0,7615.0,159.95,0.1065,17.45,0.1199
2026-08-12,7753.56,2026-08-24,12.0,7620.0,155.65,0.1061,18.2,0.1193
2026-08-12,7753.56,2026-08-24,12.0,7625.0,151.5,0.106,19.0,0.1187
2026-08-12,7753.56,2026-08-24,12.0,7630.0,147.1,0.1052,19.8,0.1181
2026-08-12,7753.56,2026-08-24,12.0,7635.0,142.65,0.1041,20.6,0.1174
2026-08-12,7753.56,2026-08-24,12.0,7640.0,138.85,0.1046,21.45,0.1167
2026-08-12,7753.56,2026-08-24,12.0,7645.0,134.75,0.1043,22.4,0.1162
2026-08-12,7753.56,2026-08-24,12.0,7650.0,130.55,0.1036,23.35,0.1155
2026-08-12,7753.56,2026-08-24,12.0,7655.0,126.75,0.1037,24.4,0.1151
2026-08-12,7753.56,2026-08-24,12.0,7660.0,122.85,0.1035,25.4,0.1144
2026-08-12,7753.56,2026-08-24,12.0,7665.0,118.9,0.1031,26.55,0.1139
2026-08-12,7753.56,2026-08-24,12.0,7670.0,114.9,0.1024,27.6,0.1132
2026-08-12,7753.56,2026-08-24,12.0,7675.0,111.15,0.1022,28.8,0.1126
2026-08-12,7753.56,2026-08-24,12.0,7680.0,107.2,0.1015,30.0,0.112
2026-08-12,7753.56,2026-08-24,12.0,7685.0,103.6,0.1014,31.35,0.1116
2026-08-12,7753.56,2026-08-24,12.0,7690.0,99.9,0.101,32.6,0.1109
2026-08-12,7753.56,2026-08-24,12.0,7695.0,96.4,0.1008,34.0,0.1104
2026-08-12,7753.56,2026-08-24,12.0,7700.0,92.9,0.1005,35.55,0.11
2026-08-12,7753.56,2026-08-24,12.0,7705.0,89.4,0.1002,37.0,0.1094
2026-08-12,7753.56,2026-08-24,12.0,7710.0,85.9,0.0997,38.6,0.1089
2026-08-12,7753.56,2026-08-24,12.0,7715.0,82.6,0.0994,40.2,0.1084
2026-08-12,7753.56,2026-08-24,12.0,7720.0,79.3,0.0991,41.95,0.108
2026-08-12,7753.56,2026-08-24,12.0,7725.0,76.05,0.0987,43.75,0.1076
2026-08-12,7753.56,2026-08-24,12.0,7730.0,73.0,0.0986,45.55,0.1071
2026-08-12,7753.56,2026-08-24,12.0,7735.0,69.8,0.0981,47.4,0.1065
2026-08-12,7753.56,2026-08-24,12.0,7740.0,66.9,0.098,49.4,0.1061
2026-08-12,7753.56,2026-08-24,12.0,7745.0,63.9,0.0975,51.5,0.1058
2026-08-12,7753.56,2026-08-24,12.0,7750.0,61.1,0.0974,53.6,0.1054
2026-08-12,7753.56,2026-08-24,12.0,7755.0,58.3,0.0971,55.8,0.105
2026-08-12,7753.56,2026-08-24,12.0,7760.0,55.6,0.0968,58.1,0.1047
2026-08-12,7753.56,2026-08-24,12.0,7765.0,52.85,0.0963,60.45,0.1043
2026-08-12,7753.56,2026-08-24,12.0,7770.0,50.3,0.0961,63.0,0.1042
2026-08-12,7753.56,2026-08-24,12.0,7775.0,47.9,0.0959,65.4,0.1036
2026-08-12,7753.56,2026-08-24,12.0,7780.0,45.5,0.0957,68.0,0.1033
2026-08-12,7753.56,2026-08-24,12.0,7785.0,43.15,0.0954,70.6,0.1029
2026-08-12,7753.56,2026-08-24,12.0,7790.0,40.85,0.0951,73.45,0.1028
2026-08-12,7753.56,2026-08-24,12.0,7795.0,38.7,0.0949,76.3,0.1026
2026-08-12,7753.56,2026-08-24,12.0,7800.0,36.6,0.0946,79.1,0.1021
2026-08-12,7753.56,2026-08-24,12.0,7805.0,34.6,0.0944,82.2,0.1021
2026-08-12,7753.56,2026-08-24,12.0,7810.0,32.7,0.0943,85.2,0.1017
2026-08-12,7753.56,2026-08-24,12.0,7815.0,30.8,0.094,88.3,0.1015
2026-08-12,7753.56,2026-08-24,12.0,7820.0,29.0,0.0938,91.9,0.102
2026-08-12,7753.56,2026-08-24,12.0,7825.0,27.35,0.0937,95.2,0.1018
2026-08-12,7753.56,2026-08-24,12.0,7830.0,25.75,0.0936,98.5,0.1015
2026-08-12,7753.56,2026-08-24,12.0,7835.0,24.2,0.0934,102.0,0.1015
2026-08-12,7753.56,2026-08-24,12.0,7840.0,22.7,0.0932,105.35,0.1009
2026-08-12,7753.56,2026-08-24,12.0,7845.0,21.3,0.0931,109.0,0.1009
2026-08-12,7753.56,2026-08-24,12.0,7850.0,20.0,0.0931,112.8,0.1011
2026-08-12,7753.56,2026-08-24,12.0,7855.0,18.75,0.093,116.5,0.101
2026-08-12,7753.56,2026-08-24,12.0,7860.0,17.55,0.0929,120.35,0.101
2026-08-12,7753.56,2026-08-24,12.0,7865.0,16.4,0.0928,124.05,0.1006
2026-08-12,7753.56,2026-08-24,12.0,7870.0,15.25,0.0926,127.8,0.1
2026-08-12,7753.56,2026-08-24,12.0,7875.0,14.25,0.0926,131.75,0.0998
2026-08-12,7753.56,2026-08-24,12.0,7880.0,13.35,0.0927,135.85,0.0999
2026-08-12,7753.56,2026-08-24,12.0,7885.0,12.35,0.0924,140.2,0.1005
2026-08-12,7753.56,2026-08-24,12.0,7890.0,11.55,0.0925,144.25,0.1002
2026-08-12,7753.56,2026-08-24,12.0,7895.0,10.75,0.0925,148.6,0.1006
2026-08-12,7753.56,2026-08-24,12.0,7900.0,10.05,0.0926,152.6,0.0997
2026-08-12,7753.56,2026-08-24,12.0,7910.0,8.65,0.0925,161.05,0.0987
2026-08-12,7753.56,2026-08-24,12.0,7920.0,7.45,0.0926,170.0,0.0988
2026-08-12,7753.56,2026-08-24,12.0,7925.0,6.95,0.0928,174.25,0.0976
2026-08-12,7753.56,2026-08-24,12.0,7930.0,6.4,0.0927,178.85,0.0977
2026-08-12,7753.56,2026-08-24,12.0,7940.0,5.55,0.0931,189.2,0.1034
2026-08-12,7753.56,2026-08-24,12.0,7950.0,4.75,0.0932,197.65,0.0983
2026-08-12,7753.56,2026-08-24,12.0,7960.0,4.1,0.0936,207.55,0.1012
2026-08-12,7753.56,2026-08-24,12.0,7970.0,3.55,0.0941,216.35,0.094
2026-08-12,7753.56,2026-08-24,12.0,7975.0,3.35,0.0947,221.4,0.0957
2026-08-12,7753.56,2026-08-24,12.0,7980.0,3.1,0.0948,226.65,0.0977
2026-08-12,7753.56,2026-08-24,12.0,8000.0,2.4,0.0966,246.45,0.1039
2026-08-12,7753.56,2026-08-24,12.0,8025.0,1.77,0.099,270.75,0.112
2026-08-12,7753.56,2026-08-24,12.0,8050.0,1.38,0.1022,294.7,0.12
2026-08-12,7753.56,2026-08-24,12.0,8075.0,1.1,0.1057,319.8,0.1279
2026-08-12,7753.56,2026-08-24,12.0,8100.0,0.93,0.1098,344.2,0.1356
2026-08-12,7753.56,2026-08-24,12.0,8125.0,0.82,0.1148,369.05,0.1433
2026-08-12,7753.56,2026-08-24,12.0,8150.0,0.75,0.1198,393.65,0.1509
2026-08-12,7753.56,2026-08-24,12.0,8175.0,0.68,0.1245,419.2,0.1584
2026-08-12,7753.56,2026-08-24,12.0,8200.0,0.62,0.1296,443.8,0.1658
2026-08-12,7753.56,2026-08-24,12.0,8225.0,0.57,0.1345,467.85,0.1731
2026-08-12,7753.56,2026-08-24,12.0,8250.0,0.53,0.139,493.9,0.1803
2026-08-12,7753.56,2026-08-24,12.0,8275.0,0.5,0.1442,518.2,0.1875
2026-08-12,7753.56,2026-08-24,12.0,8300.0,0.45,0.1484,544.2,0.1947
2026-08-12,7753.56,2026-08-24,12.0,8400.0,0.35,0.1669,643.8,0.2226
2026-08-12,7753.56,2026-08-24,12.0,8500.0,0.25,0.1826,743.35,0.2497
2026-08-12,7753.56,2026-08-24,12.0,8600.0,0.2,0.1992,842.0,0.2761
2026-08-12,7753.56,2026-08-24,12.0,8800.0,0.1,0.2251,1042.65,0.3271
2026-08-12,7753.56,2026-08-25,13.0,5900.0,1853.3,0.3785,0.2,0.4776
2026-08-12,7753.56,2026-08-25,13.0,6000.0,1753.6,0.3587,0.2,0.4504
2026-08-12,7753.56,2026-08-25,13.0,6100.0,1654.05,0.3388,0.25,0.4319
2026-08-12,7753.56,2026-08-25,13.0,6200.0,1554.2,0.3188,0.28,0.4085
2026-08-12,7753.56,2026-08-25,13.0,6300.0,1454.65,0.2407,0.33,0.3876
2026-08-12,7753.56,2026-08-25,13.0,6325.0,1429.1,0.2889,0.33,0.3809
2026-08-12,7753.56,2026-08-25,13.0,6350.0,1404.0,0.2779,0.35,0.3768
2026-08-12,7753.56,2026-08-25,13.0,6375.0,1379.95,0.2646,0.35,0.37
2026-08-12,7753.56,2026-08-25,13.0,6400.0,1354.3,0.2434,0.38,0.3657
2026-08-12,7753.56,2026-08-25,13.0,6425.0,1330.05,0.2695,0.38,0.359
2026-08-12,7753.56,2026-08-25,13.0,6450.0,1304.7,0.2594,0.4,0.3545
2026-08-12,7753.56,2026-08-25,13.0,6475.0,1279.8,0.2477,0.4,0.3477
2026-08-12,7753.56,2026-08-25,13.0,6500.0,1255.0,0.2318,0.42,0.3431
2026-08-12,7753.56,2026-08-25,13.0,6525.0,1230.5,0.25,0.42,0.3363
2026-08-12,7753.56,2026-08-25,13.0,6550.0,1205.35,0.2407,0.45,0.3315
2026-08-12,7753.56,2026-08-25,13.0,6575.0,1180.35,0.2302,0.48,0.3265
2026-08-12,7753.56,2026-08-25,13.0,6600.0,1155.05,0.2172,0.48,0.3197
2026-08-12,7753.56,2026-08-25,13.0,6625.0,1130.7,0.1886,0.5,0.3146
2026-08-12,7753.56,2026-08-25,13.0,6650.0,1104.4,0.2218,0.53,0.3094
2026-08-12,7753.56,2026-08-25,13.0,6675.0,1080.45,0.2123,0.55,0.3042
2026-08-12,7753.56,2026-08-25,13.0,6700.0,1055.2,0.2011,0.57,0.2988
2026-08-12,7753.56,2026-08-25,13.0,6725.0,1029.8,0.1843,0.6,0.2933
2026-08-12,7753.56,2026-08-25,13.0,6750.0,1006.9,0.2028,0.62,0.2878
2026-08-12,7753.56,2026-08-25,13.0,6775.0,981.0,0.194,0.65,0.2821
2026-08-12,7753.56,2026-08-25,13.0,6800.0,956.2,0.1841,0.68,0.2764
2026-08-12,7753.56,2026-08-25,13.0,6825.0,931.2,0.1713,0.73,0.2718
2026-08-12,7753.56,2026-08-25,13.0,6850.0,905.1,0.1836,0.77,0.2669
2026-08-12,7753.56,2026-08-25,13.0,6875.0,880.6,0.1755,0.8,0.2609
2026-08-12,7753.56,2026-08-25,13.0,6900.0,855.25,0.1666,0.85,0.2558
2026-08-12,7753.56,2026-08-25,13.0,6925.0,831.5,0.156,0.93,0.2513
2026-08-12,7753.56,2026-08-25,13.0,6950.0,806.25,0.1357,0.98,0.2459
2026-08-12,7753.56,2026-08-25,13.0,6975.0,781.35,0.1569,1.05,0.241
2026-08-12,7753.56,2026-08-25,13.0,7000.0,756.95,0.1487,1.12,0.236
2026-08-12,7753.56,2026-08-25,13.0,7025.0,731.25,0.1395,1.2,0.2307
2026-08-12,7753.56,2026-08-25,13.0,7030.0,726.95,0.1447,1.23,0.2299
2026-08-12,7753.56,2026-08-25,13.0,7040.0,716.85,0.1381,1.27,0.2282
2026-08-12,7753.56,2026-08-25,13.0,7050.0,707.25,0.1266,1.3,0.2259
2026-08-12,7753.56,2026-08-25,13.0,7060.0,696.45,0.1403,1.32,0.2235
2026-08-12,7753.56,2026-08-25,13.0,7070.0,686.4,0.1346,1.38,0.2217
2026-08-12,7753.56,2026-08-25,13.0,7075.0,681.9,0.138,1.4,0.2208
2026-08-12,7753.56,2026-08-25,13.0,7080.0,677.1,0.1264,1.43,0.2199
2026-08-12,7753.56,2026-08-25,13.0,7090.0,667.15,0.1357,1.48,0.218
2026-08-12,7753.56,2026-08-25,13.0,7100.0,657.1,0.1305,1.52,0.216
2026-08-12,7753.56,2026-08-25,13.0,7110.0,647.1,0.124,1.57,0.214
2026-08-12,7753.56,2026-08-25,13.0,7120.0,636.95,0.1113,1.62,0.212
2026-08-12,7753.56,2026-08-25,13.0,7125.0,632.3,0.1223,1.62,0.2105
2026-08-12,7753.56,2026-08-25,13.0,7130.0,627.5,0.1261,1.68,0.2099
2026-08-12,7753.56,2026-08-25,13.0,7140.0,617.55,0.1205,1.73,0.2078
2026-08-12,7753.56,2026-08-25,13.0,7150.0,606.65,0.1123,1.77,0.2056
2026-08-12,7753.56,2026-08-25,13.0,7160.0,597.75,0.1215,1.85,0.2039
2026-08-12,7753.56,2026-08-25,13.0,7170.0,587.7,0.1165,1.93,0.202
2026-08-12,7753.56,2026-08-25,13.0,7175.0,583.15,0.1191,1.93,0.2005
2026-08-12,7753.56,2026-08-25,13.0,7180.0,577.85,0.11,1.97,0.1997
2026-08-12,7753.56,2026-08-25,13.0,7190.0,567.95,0.0941,2.05,0.1978
2026-08-12,7753.56,2026-08-25,13.0,7200.0,558.0,0.1121,2.12,0.1958
2026-08-12,7753.56,2026-08-25,13.0,7210.0,547.7,0.1066,2.2,0.1938
2026-08-12,7753.56,2026-08-25,13.0,7220.0,537.8,0.0982,2.28,0.1917
2026-08-12,7753.56,2026-08-25,13.0,7225.0,533.3,0.1047,2.33,0.1908
2026-08-12,7753.56,2026-08-25,13.0,7230.0,528.35,0.1074,2.38,0.1899
2026-08-12,7753.56,2026-08-25,13.0,7240.0,518.4,0.1026,2.47,0.188
2026-08-12,7753.56,2026-08-25,13.0,7250.0,508.9,0.0962,2.53,0.1854
2026-08-12,7753.56,2026-08-25,13.0,7260.0,498.3,0.1025,2.65,0.1837
2026-08-12,7753.56,2026-08-25,13.0,7270.0,488.85,0.0981,2.78,0.1819
2026-08-12,7753.56,2026-08-25,13.0,7275.0,483.8,0.0826,2.83,0.1809
2026-08-12,7753.56,2026-08-25,13.0,7280.0,478.65,0.0929,2.88,0.1798
2026-08-12,7753.56,2026-08-25,13.0,7290.0,469.1,0.0841,3.0,0.1779
2026-08-12,7753.56,2026-08-25,13.0,7300.0,459.65,0.0934,3.1,0.1756
2026-08-12,7753.56,2026-08-25,13.0,7310.0,449.5,0.0888,3.25,0.1738
2026-08-12,7753.56,2026-08-25,13.0,7320.0,439.6,0.0826,3.4,0.1719
2026-08-12,7753.56,2026-08-25,13.0,7325.0,434.4,0.0866,3.5,0.1711
2026-08-12,7753.56,2026-08-25,13.0,7330.0,429.35,0.0884,3.55,0.1699
2026-08-12,7753.56,2026-08-25,13.0,7340.0,419.5,0.0843,3.7,0.1679
2026-08-12,7753.56,2026-08-25,13.0,7350.0,410.0,0.0792,3.9,0.1661
2026-08-12,7753.56,2026-08-25,13.0,7360.0,400.25,0.0698,4.1,0.1643
2026-08-12,7753.56,2026-08-25,13.0,7370.0,390.4,0.0795,4.3,0.1624
2026-08-12,7753.56,2026-08-25,13.0,7375.0,386.05,0.07,4.4,0.1614
2026-08-12,7753.56,2026-08-25,13.0,7380.0,380.9,0.0751,4.5,0.1604
2026-08-12,7753.56,2026-08-25,13.0,7390.0,371.1,0.069,4.7,0.1583
2026-08-12,7753.56,2026-08-25,13.0,7400.0,361.2,0.0745,4.95,0.1565
2026-08-12,7753.56,2026-08-25,13.0,7410.0,351.5,0.0705,5.25,0.1548
2026-08-12,7753.56,2026-08-25,13.0,7420.0,342.0,0.0657,5.5,0.1528
2026-08-12,7753.56,2026-08-25,13.0,7425.0,337.0,0.0681,5.65,0.1518
2026-08-12,7753.56,2026-08-25,13.0,7430.0,332.05,0.0539,5.85,0.1512
2026-08-12,7753.56,2026-08-25,13.0,7435.0,327.35,0.0637,6.0,0.1502
2026-08-12,7753.56,2026-08-25,13.0,7440.0,322.45,0.0657,6.15,0.1492
2026-08-12,7753.56,2026-08-25,13.0,7445.0,317.45,0.0563,6.35,0.1484
2026-08-12,7753.56,2026-08-25,13.0,7450.0,313.1,0.0787,6.55,0.1476
2026-08-12,7753.56,2026-08-25,13.0,7455.0,308.0,0.0631,6.7,0.1465
2026-08-12,7753.56,2026-08-25,13.0,7460.0,302.95,0.0556,6.95,0.1459
2026-08-12,7753.56,2026-08-25,13.0,7465.0,298.25,0.0825,7.15,0.145
2026-08-12,7753.56,2026-08-25,13.0,7470.0,293.8,0.095,7.35,0.144
2026-08-12,7753.56,2026-08-25,13.0,7475.0,289.05,0.0974,7.55,0.143
2026-08-12,7753.56,2026-08-25,13.0,7480.0,284.5,0.1016,7.8,0.1423
2026-08-12,7753.56,2026-08-25,13.0,7485.0,279.25,0.097,8.05,0.1414
2026-08-12,7753.56,2026-08-25,13.0,7490.0,275.2,0.1053,8.35,0.1408
2026-08-12,7753.56,2026-08-25,13.0,7495.0,269.75,0.0994,8.55,0.1397
2026-08-12,7753.56,2026-08-25,13.0,7500.0,266.15,0.1094,8.85,0.1389
2026-08-12,7753.56,2026-08-25,13.0,7505.0,261.45,0.1097,9.15,0.1381
2026-08-12,7753.56,2026-08-25,13.0,7510.0,256.85,0.1105,9.45,0.1373
2026-08-12,7753.56,2026-08-25,13.0,7515.0,252.1,0.1102,9.75,0.1364
2026-08-12,7753.56,2026-08-25,13.0,7520.0,247.3,0.1095,10.15,0.1359
2026-08-12,7753.56,2026-08-25,13.0,7525.0,242.8,0.1104,10.5,0.1351
2026-08-12,7753.56,2026-08-25,13.0,7530.0,238.2,0.1106,10.85,0.1343
2026-08-12,7753.56,2026-08-25,13.0,7535.0,233.75,0.1114,11.15,0.1333
2026-08-12,7753.56,2026-08-25,13.0,7540.0,229.1,0.1111,11.55,0.1325
2026-08-12,7753.56,2026-08-25,13.0,7545.0,224.65,0.1116,11.95,0.1317
2026-08-12,7753.56,2026-08-25,13.0,7550.0,219.85,0.1105,12.45,0.1312
2026-08-12,7753.56,2026-08-25,13.0,7555.0,215.2,0.11,12.9,0.1305
2026-08-12,7753.56,2026-08-25,13.0,7560.0,210.6,0.1096,13.4,0.1298
2026-08-12,7753.56,2026-08-25,13.0,7565.0,206.2,0.1098,13.9,0.1291
2026-08-12,7753.56,2026-08-25,13.0,7570.0,201.7,0.1096,14.35,0.1282
2026-08-12,7753.56,2026-08-25,13.0,7575.0,197.3,0.1097,14.9,0.1276
2026-08-12,7753.56,2026-08-25,13.0,7580.0,193.1,0.1103,15.45,0.1268
2026-08-12,7753.56,2026-08-25,13.0,7585.0,188.1,0.1081,16.05,0.1262
2026-08-12,7753.56,2026-08-25,13.0,7590.0,184.05,0.109,16.65,0.1255
2026-08-12,7753.56,2026-08-25,13.0,7595.0,179.65,0.1087,17.25,0.1247
2026-08-12,7753.56,2026-08-25,13.0,7600.0,175.45,0.1088,17.95,0.1241
2026-08-12,7753.56,2026-08-25,13.0,7605.0,171.1,0.1084,18.6,0.1234
2026-08-12,7753.56,2026-08-25,13.0,7610.0,166.85,0.1082,19.25,0.1226
2026-08-12,7753.56,2026-08-25,13.0,7615.0,162.5,0.1077,20.05,0.122
2026-08-12,7753.56,2026-08-25,13.0,7620.0,158.1,0.1069,20.85,0.1214
2026-08-12,7753.56,2026-08-25,13.0,7625.0,154.15,0.1072,21.65,0.1208
2026-08-12,7753.56,2026-08-25,13.0,7630.0,149.9,0.1066,22.5,0.1201
2026-08-12,7753.56,2026-08-25,13.0,7635.0,145.9,0.1066,23.4,0.1195
2026-08-12,7753.56,2026-08-25,13.0,7640.0,141.8,0.1062,24.4,0.1191
2026-08-12,7753.56,2026-08-25,13.0,7645.0,137.3,0.1048,25.2,0.1181
2026-08-12,7753.56,2026-08-25,13.0,7650.0,133.75,0.1055,26.25,0.1177
2026-08-12,7753.56,2026-08-25,13.0,7655.0,129.75,0.1051,27.25,0.117
2026-08-12,7753.56,2026-08-25,13.0,7660.0,125.85,0.1048,28.25,0.1162
2026-08-12,7753.56,2026-08-25,13.0,7665.0,122.15,0.1048,29.45,0.1158
2026-08-12,7753.56,2026-08-25,13.0,7670.0,118.45,0.1047,30.6,0.1152
2026-08-12,7753.56,2026-08-25,13.0,7675.0,114.5,0.104,31.95,0.1149
2026-08-12,7753.56,2026-08-25,13.0,7680.0,110.8,0.1037,33.2,0.1143
2026-08-12,7753.56,2026-08-25,13.0,7685.0,107.1,0.1033,34.4,0.1135
2026-08-12,7753.56,2026-08-25,13.0,7690.0,103.5,0.103,35.8,0.113
2026-08-12,7753.56,2026-08-25,13.0,7695.0,99.9,0.1026,37.35,0.1127
2026-08-12,7753.56,2026-08-25,13.0,7700.0,96.4,0.1023,38.8,0.1122
2026-08-12,7753.56,2026-08-25,13.0,7705.0,93.0,0.102,40.3,0.1116
2026-08-12,7753.56,2026-08-25,13.0,7710.0,89.6,0.1017,42.0,0.1113
2026-08-12,7753.56,2026-08-25,13.0,7715.0,86.3,0.1014,43.6,0.1107
2026-08-12,7753.56,2026-08-25,13.0,7720.0,82.9,0.1008,45.2,0.11
2026-08-12,7753.56,2026-08-25,13.0,7725.0,79.8,0.1007,47.0,0.1096
2026-08-12,7753.56,2026-08-25,13.0,7730.0,76.6,0.1003,48.9,0.1092
2026-08-12,7753.56,2026-08-25,13.0,7735.0,73.6,0.1001,50.8,0.1088
2026-08-12,7753.56,2026-08-25,13.0,7740.0,70.6,0.0998,52.8,0.1084
2026-08-12,7753.56,2026-08-25,13.0,7745.0,67.6,0.0994,54.8,0.1079
2026-08-12,7753.56,2026-08-25,13.0,7750.0,64.7,0.099,56.9,0.1074
2026-08-12,7753.56,2026-08-25,13.0,7755.0,62.0,0.0989,59.1,0.1071
2026-08-12,7753.56,2026-08-25,13.0,7760.0,59.2,0.0985,61.4,0.1068
2026-08-12,7753.56,2026-08-25,13.0,7765.0,56.6,0.0983,63.7,0.1063
2026-08-12,7753.56,2026-08-25,13.0,7770.0,54.0,0.098,66.2,0.1062
2026-08-12,7753.56,2026-08-25,13.0,7775.0,51.45,0.0977,68.7,0.1058
2026-08-12,7753.56,2026-08-25,13.0,7780.0,49.05,0.0975,71.2,0.1054
2026-08-12,7753.56,2026-08-25,13.0,7785.0,46.7,0.0972,73.8,0.1051
2026-08-12,7753.56,2026-08-25,13.0,7790.0,44.4,0.097,76.5,0.1048
2026-08-12,7753.56,2026-08-25,13.0,7795.0,42.2,0.0967,79.4,0.1047
2026-08-12,7753.56,2026-08-25,13.0,7800.0,40.05,0.0965,82.2,0.1043
2026-08-12,7753.56,2026-08-25,13.0,7805.0,38.0,0.0963,85.2,0.1042
2026-08-12,7753.56,2026-08-25,13.0,7810.0,36.0,0.096,88.1,0.1037
2026-08-12,7753.56,2026-08-25,13.0,7815.0,34.05,0.0958,91.2,0.1035
2026-08-12,7753.56,2026-08-25,13.0,7820.0,32.25,0.0956,94.7,0.1039
2026-08-12,7753.56,2026-08-25,13.0,7825.0,30.45,0.0954,97.9,0.1037
2026-08-12,7753.56,2026-08-25,13.0,7830.0,28.8,0.0953,101.2,0.1035
2026-08-12,7753.56,2026-08-25,13.0,7835.0,27.15,0.0951,104.25,0.1027
2026-08-12,7753.56,2026-08-25,13.0,7840.0,25.6,0.0949,108.0,0.1031
2026-08-12,7753.56,2026-08-25,13.0,7845.0,24.15,0.0949,111.35,0.1026
2026-08-12,7753.56,2026-08-25,13.0,7850.0,22.7,0.0947,114.75,0.1021
2026-08-12,7753.56,2026-08-25,13.0,7855.0,21.4,0.0946,118.3,0.1018
2026-08-12,7753.56,2026-08-25,13.0,7860.0,20.05,0.0944,122.65,0.103
2026-08-12,7753.56,2026-08-25,13.0,7865.0,18.85,0.0943,126.05,0.1021
2026-08-12,7753.56,2026-08-25,13.0,7870.0,17.7,0.0943,130.2,0.1027
2026-08-12,7753.56,2026-08-25,13.0,7875.0,16.6,0.0942,134.0,0.1024
2026-08-12,7753.56,2026-08-25,13.0,7880.0,15.55,0.0941,138.05,0.1025
2026-08-12,7753.56,2026-08-25,13.0,7890.0,13.55,0.0938,145.8,0.1015
2026-08-12,7753.56,2026-08-25,13.0,7900.0,11.95,0.094,154.2,0.1016
2026-08-12,7753.56,2026-08-25,13.0,7910.0,10.4,0.094,162.7,0.1015
2026-08-12,7753.56,2026-08-25,13.0,7920.0,9.05,0.094,171.15,0.1005
2026-08-12,7753.56,2026-08-25,13.0,7925.0,8.45,0.094,175.55,0.1003
2026-08-12,7753.56,2026-08-25,13.0,7930.0,7.8,0.0938,179.95,0.0999
2026-08-12,7753.56,2026-08-25,13.0,7940.0,6.75,0.0939,188.9,0.0991
2026-08-12,7753.56,2026-08-25,13.0,7950.0,5.95,0.0945,198.6,0.1014
2026-08-12,7753.56,2026-08-25,13.0,7975.0,4.2,0.0954,221.8,0.0963
2026-08-12,7753.56,2026-08-25,13.0,8000.0,3.0,0.0967,246.65,0.1019
2026-08-12,7753.56,2026-08-25,13.0,8025.0,2.22,0.0988,270.85,0.1095
2026-08-12,7753.56,2026-08-25,13.0,8050.0,1.7,0.1014,294.85,0.1172
2026-08-12,7753.56,2026-08-25,13.0,8075.0,1.32,0.1043,319.7,0.1249
2026-08-12,7753.56,2026-08-25,13.0,8100.0,1.1,0.108,344.7,0.1324
2026-08-12,7753.56,2026-08-25,13.0,8125.0,0.95,0.1122,368.75,0.1399
2026-08-12,7753.56,2026-08-25,13.0,8150.0,0.82,0.1164,392.9,0.1472
2026-08-12,7753.56,2026-08-25,13.0,8175.0,0.75,0.1211,417.7,0.1545
2026-08-12,7753.56,2026-08-25,13.0,8200.0,0.68,0.1256,443.4,0.1617
2026-08-12,7753.56,2026-08-25,13.0,8225.0,0.62,0.1303,469.1,0.1688
2026-08-12,7753.56,2026-08-25,13.0,8250.0,0.57,0.1349,493.9,0.1758
2026-08-12,7753.56,2026-08-25,13.0,8275.0,0.53,0.1392,518.85,0.1828
2026-08-12,7753.56,2026-08-25,13.0,8300.0,0.5,0.1441,543.65,0.1897
2026-08-12,7753.56,2026-08-25,13.0,8400.0,0.38,0.1614,643.1,0.2169
2026-08-12,7753.56,2026-08-25,13.0,8500.0,0.25,0.1753,743.25,0.2432
2026-08-12,7753.56,2026-08-25,13.0,8600.0,0.2,0.1913,842.8,0.2688
2026-08-12,7753.56,2026-08-25,13.0,8800.0,0.12,0.2203,1042.55,0.3182
2026-08-12,7753.56,2026-08-26,14.0,5900.0,1854.25,0.3291,0.22,0.465
2026-08-12,7753.56,2026-08-26,14.0,6000.0,1754.1,0.3197,0.25,0.4427
2026-08-12,7753.56,2026-08-26,14.0,6100.0,1654.8,0.3062,0.3,0.4232
2026-08-12,7753.56,2026-08-26,14.0,6200.0,1554.35,0.2908,0.35,0.4026
2026-08-12,7753.56,2026-08-26,14.0,6300.0,1454.75,0.2744,0.38,0.3788
2026-08-12,7753.56,2026-08-26,14.0,6325.0,1429.75,0.282,0.38,0.3722
2026-08-12,7753.56,2026-08-26,14.0,6350.0,1404.85,0.2659,0.4,0.3679
2026-08-12,7753.56,2026-08-26,14.0,6375.0,1380.1,0.2144,0.42,0.3635
2026-08-12,7753.56,2026-08-26,14.0,6400.0,1354.85,0.2573,0.45,0.3589
2026-08-12,7753.56,2026-08-26,14.0,6425.0,1330.4,0.2236,0.45,0.3523
2026-08-12,7753.56,2026-08-26,14.0,6450.0,1305.05,0.2486,0.48,0.3476
2026-08-12,7753.56,2026-08-26,14.0,6475.0,1280.5,0.2212,0.48,0.341
2026-08-12,7753.56,2026-08-26,14.0,6500.0,1255.15,0.2398,0.5,0.3362
2026-08-12,7753.56,2026-08-26,14.0,6525.0,1231.0,0.2163,0.53,0.3312
2026-08-12,7753.56,2026-08-26,14.0,6550.0,1205.3,0.231,0.55,0.3262
2026-08-12,7753.56,2026-08-26,14.0,6575.0,1181.8,0.2102,0.57,0.3211
2026-08-12,7753.56,2026-08-26,14.0,6600.0,1155.6,0.222,0.57,0.3145
2026-08-12,7753.56,2026-08-26,14.0,6625.0,1130.65,0.2034,0.62,0.3106
2026-08-12,7753.56,2026-08-26,14.0,6650.0,1105.45,0.213,0.62,0.3039
2026-08-12,7753.56,2026-08-26,14.0,6675.0,1080.55,0.1961,0.68,0.2998
2026-08-12,7753.56,2026-08-26,14.0,6700.0,1055.65,0.204,0.7,0.2943
2026-08-12,7753.56,2026-08-26,14.0,6725.0,1030.7,0.1885,0.73,0.2888
2026-08-12,7753.56,2026-08-26,14.0,6750.0,1005.75,0.1949,0.77,0.2842
2026-08-12,7753.56,2026-08-26,14.0,6775.0,981.7,0.1806,0.82,0.2795
2026-08-12,7753.56,2026-08-26,14.0,6800.0,955.95,0.1858,0.85,0.2737
2026-08-12,7753.56,2026-08-26,14.0,6825.0,931.0,0.1725,0.9,0.2687
2026-08-12,7753.56,2026-08-26,14.0,6850.0,906.85,0.1767,0.98,0.2644
2026-08-12,7753.56,2026-08-26,14.0,6875.0,881.45,0.1643,1.02,0.2591
2026-08-12,7753.56,2026-08-26,14.0,6900.0,856.7,0.1675,1.1,0.2545
2026-08-12,7753.56,2026-08-26,14.0,6925.0,831.4,0.1559,1.18,0.2497
2026-08-12,7753.56,2026-08-26,14.0,6950.0,807.05,0.1206,1.23,0.244
2026-08-12,7753.56,2026-08-26,14.0,6975.0,782.1,0.1474,1.35,0.24
2026-08-12,7753.56,2026-08-26,14.0,7000.0,757.6,0.1253,1.43,0.2347
2026-08-12,7753.56,2026-08-26,14.0,7025.0,732.05,0.1388,1.55,0.2302
2026-08-12,7753.56,2026-08-26,14.0,7030.0,727.1,0.1416,1.55,0.2288
2026-08-12,7753.56,2026-08-26,14.0,7040.0,717.2,0.1346,1.6,0.2269
2026-08-12,7753.56,2026-08-26,14.0,7050.0,708.0,0.1209,1.65,0.225
2026-08-12,7753.56,2026-08-26,14.0,7060.0,697.3,0.134,1.7,0.2231
2026-08-12,7753.56,2026-08-26,14.0,7070.0,687.8,0.1257,1.75,0.2211
2026-08-12,7753.56,2026-08-26,14.0,7075.0,683.2,0.1301,1.77,0.2201
2026-08-12,7753.56,2026-08-26,14.0,7080.0,677.75,0.1325,1.82,0.2195
2026-08-12,7753.56,2026-08-26,14.0,7090.0,668.2,0.1261,1.88,0.2174
2026-08-12,7753.56,2026-08-26,14.0,7100.0,657.65,0.1148,1.93,0.2154
2026-08-12,7753.56,2026-08-26,14.0,7110.0,648.5,0.1251,1.97,0.2132
2026-08-12,7753.56,2026-08-26,14.0,7120.0,638.0,0.1177,2.02,0.2111
2026-08-12,7753.56,2026-08-26,14.0,7125.0,633.6,0.1213,2.08,0.2104
2026-08-12,7753.56,2026-08-26,14.0,7130.0,627.85,0.1234,2.12,0.2096
2026-08-12,7753.56,2026-08-26,14.0,7140.0,618.25,0.1175,2.17,0.2074
2026-08-12,7753.56,2026-08-26,14.0,7150.0,608.1,0.1079,2.28,0.2058
2026-08-12,7753.56,2026-08-26,14.0,7160.0,598.6,0.1162,2.33,0.2035
2026-08-12,7753.56,2026-08-26,14.0,7170.0,589.1,0.1094,2.42,0.2018
2026-08-12,7753.56,2026-08-26,14.0,7175.0,584.3,0.1125,2.45,0.2007
2026-08-12,7753.56,2026-08-26,14.0,7180.0,578.8,0.0853,2.47,0.1995
2026-08-12,7753.56,2026-08-26,14.0,7190.0,569.3,0.1088,2.58,0.1977
2026-08-12,7753.56,2026-08-26,14.0,7200.0,559.4,0.1005,2.67,0.1959
2026-08-12,7753.56,2026-08-26,14.0,7210.0,549.5,0.1072,2.78,0.194
2026-08-12,7753.56,2026-08-26,14.0,7220.0,539.2,0.1011,2.88,0.192
2026-08-12,7753.56,2026-08-26,14.0,7225.0,534.7,0.1036,2.92,0.191
2026-08-12,7753.56,2026-08-26,14.0,7230.0,529.55,0.0876,3.0,0.1903
2026-08-12,7753.56,2026-08-26,14.0,7240.0,519.8,0.1,3.1,0.1882
2026-08-12,7753.56,2026-08-26,14.0,7250.0,510.0,0.0927,3.2,0.1861
2026-08-12,7753.56,2026-08-26,14.0,7260.0,500.05,0.0981,3.3,0.1839
2026-08-12,7753.56,2026-08-26,14.0,7270.0,490.3,0.0926,3.45,0.1822
2026-08-12,7753.56,2026-08-26,14.0,7275.0,484.65,0.0946,3.5,0.1811
2026-08-12,7753.56,2026-08-26,14.0,7280.0,480.7,0.0823,3.6,0.1804
2026-08-12,7753.56,2026-08-26,14.0,7290.0,470.6,0.0911,3.7,0.1781
2026-08-12,7753.56,2026-08-26,14.0,7300.0,460.45,0.0847,3.9,0.1765
2026-08-12,7753.56,2026-08-26,14.0,7310.0,450.6,0.089,4.05,0.1745
2026-08-12,7753.56,2026-08-26,14.0,7320.0,441.2,0.084,4.2,0.1724
2026-08-12,7753.56,2026-08-26,14.0,7325.0,436.25,0.0856,4.3,0.1716
2026-08-12,7753.56,2026-08-26,14.0,7330.0,431.55,0.0756,4.4,0.1707
2026-08-12,7753.56,2026-08-26,14.0,7340.0,421.45,0.0822,4.6,0.1688
2026-08-12,7753.56,2026-08-26,14.0,7350.0,412.1,0.0765,4.8,0.1669
2026-08-12,7753.56,2026-08-26,14.0,7360.0,401.75,0.0798,5.05,0.1652
2026-08-12,7753.56,2026-08-26,14.0,7370.0,392.6,0.0752,5.3,0.1634
2026-08-12,7753.56,2026-08-26,14.0,7375.0,387.65,0.0765,5.4,0.1624
2026-08-12,7753.56,2026-08-26,14.0,7380.0,382.5,0.0682,5.55,0.1616
2026-08-12,7753.56,2026-08-26,14.0,7390.0,373.2,0.0731,5.8,0.1596
2026-08-12,7753.56,2026-08-26,14.0,7400.0,362.95,0.0681,6.1,0.1578
2026-08-12,7753.56,2026-08-26,14.0,7410.0,353.6,0.051,6.45,0.1562
2026-08-12,7753.56,2026-08-26,14.0,7420.0,344.2,0.0994,6.8,0.1545
2026-08-12,7753.56,2026-08-26,14.0,7425.0,339.4,0.1024,6.95,0.1535
2026-08-12,7753.56,2026-08-26,14.0,7430.0,334.15,0.0951,7.15,0.1527
2026-08-12,7753.56,2026-08-26,14.0,7440.0,324.55,0.1008,7.55,0.151
2026-08-12,7753.56,2026-08-26,14.0,7450.0,315.4,0.1092,7.95,0.1492
2026-08-12,7753.56,2026-08-26,14.0,7460.0,305.65,0.1086,8.4,0.1474
2026-08-12,7753.56,2026-08-26,14.0,7470.0,296.0,0.1087,8.9,0.1458
2026-08-12,7753.56,2026-08-26,14.0,7475.0,291.75,0.113,9.15,0.1449
2026-08-12,7753.56,2026-08-26,14.0,7480.0,286.85,0.1121,9.45,0.1442
2026-08-12,7753.56,2026-08-26,14.0,7490.0,278.05,0.1163,10.0,0.1425
2026-08-12,7753.56,2026-08-26,14.0,7500.0,268.7,0.1164,10.65,0.141
2026-08-12,7753.56,2026-08-26,14.0,7510.0,259.4,0.1164,11.35,0.1395
2026-08-12,7753.56,2026-08-26,14.0,7520.0,250.15,0.1162,12.0,0.1377
2026-08-12,7753.56,2026-08-26,14.0,7525.0,245.6,0.1163,12.4,0.137
2026-08-12,7753.56,2026-08-26,14.0,7530.0,241.0,0.1161,12.85,0.1363
2026-08-12,7753.56,2026-08-26,14.0,7540.0,231.75,0.1152,13.7,0.1348
2026-08-12,7753.56,2026-08-26,14.0,7550.0,222.85,0.1154,14.55,0.1331
2026-08-12,7753.56,2026-08-26,14.0,7555.0,217.95,0.1137,15.15,0.1327
2026-08-12,7753.56,2026-08-26,14.0,7560.0,213.7,0.1143,15.55,0.1317
2026-08-12,7753.56,2026-08-26,14.0,7565.0,209.05,0.1134,16.05,0.1309
2026-08-12,7753.56,2026-08-26,14.0,7570.0,204.8,0.1138,16.65,0.1303
2026-08-12,7753.56,2026-08-26,14.0,7575.0,200.2,0.1129,17.25,0.1296
2026-08-12,7753.56,2026-08-26,14.0,7580.0,196.1,0.1136,17.85,0.1289
2026-08-12,7753.56,2026-08-26,14.0,7585.0,191.75,0.1133,18.55,0.1284
2026-08-12,7753.56,2026-08-26,14.0,7590.0,187.25,0.1126,19.15,0.1276
2026-08-12,7753.56,2026-08-26,14.0,7595.0,182.9,0.1122,19.8,0.1269
2026-08-12,7753.56,2026-08-26,14.0,7600.0,178.9,0.1126,20.55,0.1263
2026-08-12,7753.56,2026-08-26,14.0,7605.0,174.25,0.1113,21.2,0.1255
2026-08-12,7753.56,2026-08-26,14.0,7610.0,170.15,0.1113,22.0,0.1249
2026-08-12,7753.56,2026-08-26,14.0,7615.0,165.85,0.1107,22.8,0.1243
2026-08-12,7753.56,2026-08-26,14.0,7620.0,161.75,0.1105,23.6,0.1236
2026-08-12,7753.56,2026-08-26,14.0,7625.0,157.9,0.1109,24.4,0.1228
2026-08-12,7753.56,2026-08-26,14.0,7630.0,153.4,0.1096,25.25,0.1221
2026-08-12,7753.56,2026-08-26,14.0,7635.0,149.25,0.1091,26.2,0.1216
2026-08-12,7753.56,2026-08-26,14.0,7640.0,145.0,0.1082,27.2,0.121
2026-08-12,7753.56,2026-08-26,14.0,7645.0,141.7,0.1094,28.2,0.1204
2026-08-12,7753.56,2026-08-26,14.0,7650.0,137.55,0.1086,29.25,0.1199
2026-08-12,7753.56,2026-08-26,14.0,7655.0,133.75,0.1085,30.4,0.1194
2026-08-12,7753.56,2026-08-26,14.0,7660.0,129.75,0.1079,31.45,0.1187
2026-08-12,7753.56,2026-08-26,14.0,7665.0,126.15,0.1079,32.6,0.1181
2026-08-12,7753.56,2026-08-26,14.0,7670.0,122.2,0.1072,33.8,0.1175
2026-08-12,7753.56,2026-08-26,14.0,7675.0,118.5,0.107,35.0,0.1168
2026-08-12,7753.56,2026-08-26,14.0,7680.0,114.8,0.1066,36.35,0.1164
2026-08-12,7753.56,2026-08-26,14.0,7685.0,111.1,0.1061,37.8,0.116
2026-08-12,7753.56,2026-08-26,14.0,7690.0,107.5,0.1057,39.2,0.1155
2026-08-12,7753.56,2026-08-26,14.0,7695.0,103.9,0.1052,40.6,0.1149
2026-08-12,7753.56,2026-08-26,14.0,7700.0,100.5,0.105,42.0,0.1142
2026-08-12,7753.56,2026-08-26,14.0,7705.0,97.0,0.1046,43.6,0.1138
2026-08-12,7753.56,2026-08-26,14.0,7710.0,93.7,0.1043,45.35,0.1135
2026-08-12,7753.56,2026-08-26,14.0,7715.0,90.3,0.1038,46.9,0.1128
2026-08-12,7753.56,2026-08-26,14.0,7720.0,87.1,0.1036,48.7,0.1124
2026-08-12,7753.56,2026-08-26,14.0,7725.0,83.8,0.1031,50.5,0.112
2026-08-12,7753.56,2026-08-26,14.0,7730.0,80.8,0.103,52.3,0.1115
2026-08-12,7753.56,2026-08-26,14.0,7735.0,77.65,0.1025,54.2,0.111
2026-08-12,7753.56,2026-08-26,14.0,7740.0,74.65,0.1022,56.2,0.1106
2026-08-12,7753.56,2026-08-26,14.0,7745.0,71.7,0.1019,58.2,0.1101
2026-08-12,7753.56,2026-08-26,14.0,7750.0,68.9,0.1017,60.3,0.1097
2026-08-12,7753.56,2026-08-26,14.0,7755.0,65.7,0.1008,62.5,0.1093
2026-08-12,7753.56,2026-08-26,14.0,7760.0,63.3,0.101,64.7,0.1089
2026-08-12,7753.56,2026-08-26,14.0,7765.0,60.7,0.1009,67.1,0.1086
2026-08-12,7753.56,2026-08-26,14.0,7770.0,58.0,0.1004,69.4,0.1081
2026-08-12,7753.56,2026-08-26,14.0,7775.0,55.5,0.1002,71.9,0.1079
2026-08-12,7753.56,2026-08-26,14.0,7780.0,53.0,0.0999,74.4,0.1075
2026-08-12,7753.56,2026-08-26,14.0,7785.0,50.6,0.0996,77.0,0.1072
2026-08-12,7753.56,2026-08-26,14.0,7790.0,48.3,0.0994,79.7,0.1069
2026-08-12,7753.56,2026-08-26,14.0,7795.0,46.0,0.0991,82.4,0.1066
2026-08-12,7753.56,2026-08-26,14.0,7800.0,43.8,0.0988,85.2,0.1063
2026-08-12,7753.56,2026-08-26,14.0,7805.0,41.7,0.0986,88.1,0.106
2026-08-12,7753.56,2026-08-26,14.0,7810.0,39.7,0.0985,91.0,0.1056
2026-08-12,7753.56,2026-08-26,14.0,7815.0,37.7,0.0982,94.0,0.1054
2026-08-12,7753.56,2026-08-26,14.0,7820.0,35.8,0.098,97.2,0.1053
2026-08-12,7753.56,2026-08-26,14.0,7825.0,34.0,0.0978,100.6,0.1055
2026-08-12,7753.56,2026-08-26,14.0,7830.0,32.2,0.0976,103.8,0.1052
2026-08-12,7753.56,2026-08-26,14.0,7840.0,28.85,0.0972,110.5,0.1049
2026-08-12,7753.56,2026-08-26,14.0,7850.0,25.8,0.0969,117.6,0.1048
2026-08-12,7753.56,2026-08-26,14.0,7860.0,23.0,0.0966,124.55,0.104
2026-08-12,7753.56,2026-08-26,14.0,7870.0,20.4,0.0963,132.15,0.1041
2026-08-12,7753.56,2026-08-26,14.0,7875.0,19.25,0.0963,135.95,0.1039
2026-08-12,7753.56,2026-08-26,14.0,7880.0,18.1,0.0961,139.7,0.1035
2026-08-12,7753.56,2026-08-26,14.0,7890.0,15.95,0.0958,147.5,0.103
2026-08-12,7753.56,2026-08-26,14.0,7900.0,14.05,0.0957,155.65,0.1028
2026-08-12,7753.56,2026-08-26,14.0,7910.0,12.45,0.0959,163.75,0.1019
2026-08-12,7753.56,2026-08-26,14.0,7920.0,10.85,0.0956,172.25,0.1015
2026-08-12,7753.56,2026-08-26,14.0,7925.0,10.25,0.0959,176.55,0.1012
2026-08-12,7753.56,2026-08-26,14.0,7930.0,9.55,0.0957,180.9,0.101
2026-08-12,7753.56,2026-08-26,14.0,7940.0,8.35,0.0958,189.65,0.1
2026-08-12,7753.56,2026-08-26,14.0,7950.0,7.35,0.096,198.6,0.099
2026-08-12,7753.56,2026-08-26,14.0,7975.0,5.25,0.0965,221.7,0.0927
2026-08-12,7753.56,2026-08-26,14.0,8000.0,3.8,0.0976,245.7,0.0995
2026-08-12,7753.56,2026-08-26,14.0,8025.0,2.8,0.0992,270.25,0.1072
2026-08-12,7753.56,2026-08-26,14.0,8050.0,2.12,0.1014,294.95,0.1147
2026-08-12,7753.56,2026-08-26,14.0,8075.0,1.65,0.1039,319.2,0.1222
2026-08-12,7753.56,2026-08-26,14.0,8100.0,1.32,0.1069,343.9,0.1295
2026-08-12,7753.56,2026-08-26,14.0,8125.0,1.12,0.1106,367.05,0.1368
2026-08-12,7753.56,2026-08-26,14.0,8150.0,0.98,0.1146,393.3,0.1439
2026-08-12,7753.56,2026-08-26,14.0,8175.0,0.85,0.1185,418.25,0.151
2026-08-12,7753.56,2026-08-26,14.0,8200.0,0.77,0.123,443.5,0.158
2026-08-12,7753.56,2026-08-26,14.0,8225.0,0.7,0.1272,467.85,0.1649
2026-08-12,7753.56,2026-08-26,14.0,8250.0,0.62,0.1311,492.85,0.1718
2026-08-12,7753.56,2026-08-26,14.0,8275.0,0.57,0.1354,517.8,0.1786
2026-08-12,7753.56,2026-08-26,14.0,8300.0,0.55,0.1403,541.5,0.1853
2026-08-12,7753.56,2026-08-26,14.0,8400.0,0.4,0.1564,642.9,0.2117
2026-08-12,7753.56,2026-08-26,14.0,8500.0,0.3,0.1719,742.0,0.2373
2026-08-12,7753.56,2026-08-26,14.0,8600.0,0.2,0.1841,842.2,0.2623
2026-08-12,7753.56,2026-08-26,14.0,8800.0,0.12,0.2121,1041.4,0.3104
2026-08-12,7753.56,2026-08-27,15.0,5900.0,1855.4,0.3463,0.3,0.4609
2026-08-12,7753.56,2026-08-27,15.0,6000.0,1756.25,0.3292,0.33,0.4379
2026-08-12,7753.56,2026-08-27,15.0,6100.0,1655.0,0.3117,0.38,0.4175
2026-08-12,7753.56,2026-08-27,15.0,6200.0,1555.75,0.2939,0.42,0.3964
2026-08-12,7753.56,2026-08-27,15.0,6300.0,1455.95,0.276,0.5,0.3765
2026-08-12,7753.56,2026-08-27,15.0,6325.0,1431.0,0.2459,0.53,0.3718
2026-08-12,7753.56,2026-08-27,15.0,6350.0,1407.1,0.2551,0.53,0.3653
2026-08-12,7753.56,2026-08-27,15.0,6375.0,1380.7,0.2576,0.55,0.3605
2026-08-12,7753.56,2026-08-27,15.0,6400.0,1355.8,0.2578,0.57,0.3556
2026-08-12,7753.56,2026-08-27,15.0,6425.0,1330.8,0.2337,0.57,0.3491
2026-08-12,7753.56,2026-08-27,15.0,6450.0,1306.25,0.2389,0.6,0.3441
2026-08-12,7753.56,2026-08-27,15.0,6475.0,1282.45,0.2401,0.62,0.3391
2026-08-12,7753.56,2026-08-27,15.0,6500.0,1255.95,0.2058,0.65,0.3339
2026-08-12,7753.56,2026-08-27,15.0,6525.0,1231.0,0.2194,0.68,0.3288
2026-08-12,7753.56,2026-08-27,15.0,6550.0,1206.25,0.2223,0.73,0.3247
2026-08-12,7753.56,2026-08-27,15.0,6575.0,1182.25,0.2225,0.75,0.3194
2026-08-12,7753.56,2026-08-27,15.0,6600.0,1156.3,0.1975,0.77,0.3139
2026-08-12,7753.56,2026-08-27,15.0,6625.0,1131.35,0.204,0.8,0.3085
2026-08-12,7753.56,2026-08-27,15.0,6650.0,1107.25,0.2052,0.85,0.304
2026-08-12,7753.56,2026-08-27,15.0,6675.0,1081.6,0.2046,0.88,0.2983
2026-08-12,7753.56,2026-08-27,15.0,6700.0,1056.7,0.1846,0.93,0.2936
2026-08-12,7753.56,2026-08-27,15.0,6725.0,1031.65,0.1878,0.98,0.2888
2026-08-12,7753.56,2026-08-27,15.0,6750.0,1006.55,0.188,1.02,0.2838
2026-08-12,7753.56,2026-08-27,15.0,6775.0,982.0,0.1605,1.1,0.2795
2026-08-12,7753.56,2026-08-27,15.0,6800.0,957.55,0.1699,1.18,0.275
2026-08-12,7753.56,2026-08-27,15.0,6825.0,932.3,0.1713,1.23,0.2696
2026-08-12,7753.56,2026-08-27,15.0,6850.0,907.45,0.1705,1.32,0.2655
2026-08-12,7753.56,2026-08-27,15.0,6875.0,883.35,0.1503,1.4,0.2605
2026-08-12,7753.56,2026-08-27,15.0,6900.0,857.5,0.1543,1.48,0.2554
2026-08-12,7753.56,2026-08-27,15.0,6925.0,833.75,0.1543,1.57,0.2507
2026-08-12,7753.56,2026-08-27,15.0,6950.0,808.8,0.1529,1.73,0.2468
2026-08-12,7753.56,2026-08-27,15.0,6975.0,783.35,0.1367,1.82,0.2417
2026-08-12,7753.56,2026-08-27,15.0,7000.0,758.75,0.1381,1.97,0.2373
2026-08-12,7753.56,2026-08-27,15.0,7025.0,733.95,0.1372,2.08,0.2319
2026-08-12,7753.56,2026-08-27,15.0,7050.0,709.15,0.116,2.28,0.2278
2026-08-12,7753.56,2026-08-27,15.0,7075.0,684.9,0.1216,2.42,0.2228
2026-08-12,7753.56,2026-08-27,15.0,7100.0,659.6,0.1215,2.62,0.2182
2026-08-12,7753.56,2026-08-27,15.0,7125.0,635.4,0.1198,2.83,0.2133
2026-08-12,7753.56,2026-08-27,15.0,7140.0,620.0,0.1147,3.0,0.2109
2026-08-12,7753.56,2026-08-27,15.0,7150.0,609.7,0.1042,3.1,0.209
2026-08-12,7753.56,2026-08-27,15.0,7160.0,600.85,0.1113,3.2,0.2071
2026-08-12,7753.56,2026-08-27,15.0,7170.0,590.75,0.1014,3.3,0.2051
2026-08-12,7753.56,2026-08-27,15.0,7175.0,586.05,0.1058,3.3,0.2036
2026-08-12,7753.56,2026-08-27,15.0,7180.0,580.5,0.1079,3.4,0.2031
2026-08-12,7753.56,2026-08-27,15.0,7190.0,571.15,0.0986,3.5,0.2011
2026-08-12,7753.56,2026-08-27,15.0,7200.0,561.0,0.1045,3.6,0.199
2026-08-12,7753.56,2026-08-27,15.0,7210.0,550.95,0.0957,3.75,0.1973
2026-08-12,7753.56,2026-08-27,15.0,7220.0,541.55,0.1011,3.9,0.1956
2026-08-12,7753.56,2026-08-27,15.0,7225.0,536.2,0.1022,3.95,0.1945
2026-08-12,7753.56,2026-08-27,15.0,7230.0,531.3,0.0927,4.0,0.1934
2026-08-12,7753.56,2026-08-27,15.0,7240.0,521.5,0.0976,4.15,0.1915
2026-08-12,7753.56,2026-08-27,15.0,7250.0,512.15,0.0897,4.3,0.1896
2026-08-12,7753.56,2026-08-27,15.0,7260.0,502.15,0.0942,4.5,0.1881
2026-08-12,7753.56,2026-08-27,15.0,7270.0,492.35,0.0867,4.65,0.186
2026-08-12,7753.56,2026-08-27,15.0,7275.0,486.85,0.0893,4.75,0.1852
2026-08-12,7753.56,2026-08-27,15.0,7280.0,482.2,0.0907,4.85,0.1843
2026-08-12,7753.56,2026-08-27,15.0,7290.0,472.4,0.0836,5.05,0.1825
2026-08-12,7753.56,2026-08-27,15.0,7300.0,462.75,0.0872,5.25,0.1807
2026-08-12,7753.56,2026-08-27,15.0,7310.0,452.9,0.0805,5.45,0.1788
2026-08-12,7753.56,2026-08-27,15.0,7320.0,442.85,0.0837,5.65,0.1768
2026-08-12,7753.56,2026-08-27,15.0,7325.0,438.8,0.0722,5.8,0.1761
2026-08-12,7753.56,2026-08-27,15.0,7330.0,433.15,0.0773,5.95,0.1753
2026-08-12,7753.56,2026-08-27,15.0,7340.0,423.95,0.0802,6.15,0.1732
2026-08-12,7753.56,2026-08-27,15.0,7350.0,413.9,0.0741,6.45,0.1716
2026-08-12,7753.56,2026-08-27,15.0,7360.0,404.75,0.1082,6.75,0.1698
2026-08-12,7753.56,2026-08-27,15.0,7370.0,395.2,0.1162,7.05,0.168
2026-08-12,7753.56,2026-08-27,15.0,7375.0,390.05,0.1117,7.25,0.1674
2026-08-12,7753.56,2026-08-27,15.0,7380.0,385.2,0.1133,7.35,0.1661
2026-08-12,7753.56,2026-08-27,15.0,7390.0,375.65,0.1177,7.75,0.1646
2026-08-12,7753.56,2026-08-27,15.0,7400.0,365.7,0.1154,8.15,0.163
2026-08-12,7753.56,2026-08-27,15.0,7410.0,355.7,0.1125,8.55,0.1613
2026-08-12,7753.56,2026-08-27,15.0,7420.0,346.45,0.118,8.95,0.1595
2026-08-12,7753.56,2026-08-27,15.0,7425.0,342.4,0.1248,9.15,0.1586
2026-08-12,7753.56,2026-08-27,15.0,7430.0,336.75,0.1177,9.4,0.1578
2026-08-12,7753.56,2026-08-27,15.0,7440.0,328.15,0.1253,9.85,0.156
2026-08-12,7753.56,2026-08-27,15.0,7450.0,318.1,0.1217,10.45,0.1546
2026-08-12,7753.56,2026-08-27,15.0,7460.0,309.8,0.1284,10.95,0.1528
2026-08-12,7753.56,2026-08-27,15.0,7470.0,300.4,0.128,11.55,0.1512
2026-08-12,7753.56,2026-08-27,15.0,7475.0,295.7,0.1277,11.95,0.1507
2026-08-12,7753.56,2026-08-27,15.0,7480.0,291.05,0.1276,12.25,0.1498
2026-08-12,7753.56,2026-08-27,15.0,7490.0,281.75,0.1271,13.0,0.1484
2026-08-12,7753.56,2026-08-27,15.0,7500.0,272.7,0.1274,13.65,0.1465
2026-08-12,7753.56,2026-08-27,15.0,7510.0,263.3,0.126,14.45,0.145
2026-08-12,7753.56,2026-08-27,15.0,7520.0,254.35,0.126,15.35,0.1436
2026-08-12,7753.56,2026-08-27,15.0,7525.0,249.55,0.1248,15.8,0.1429
2026-08-12,7753.56,2026-08-27,15.0,7530.0,245.15,0.1249,16.25,0.1421
2026-08-12,7753.56,2026-08-27,15.0,7540.0,236.15,0.1242,17.2,0.1405
2026-08-12,7753.56,2026-08-27,15.0,7550.0,226.95,0.1227,18.25,0.139
2026-08-12,7753.56,2026-08-27,15.0,7555.0,222.5,0.1223,18.85,0.1384
2026-08-12,7753.56,2026-08-27,15.0,7560.0,218.4,0.1228,19.45,0.1378
2026-08-12,7753.56,2026-08-27,15.0,7565.0,213.65,0.1214,20.1,0.1372
2026-08-12,7753.56,2026-08-27,15.0,7570.0,209.45,0.1216,20.65,0.1363
2026-08-12,7753.56,2026-08-27,15.0,7575.0,205.4,0.122,21.35,0.1357
2026-08-12,7753.56,2026-08-27,15.0,7580.0,201.1,0.1216,22.0,0.135
2026-08-12,7753.56,2026-08-27,15.0,7585.0,196.4,0.1202,22.65,0.1342
2026-08-12,7753.56,2026-08-27,15.0,7590.0,192.25,0.1201,23.45,0.1337
2026-08-12,7753.56,2026-08-27,15.0,7595.0,188.2,0.1202,24.2,0.1331
2026-08-12,7753.56,2026-08-27,15.0,7600.0,184.05,0.12,25.0,0.1325
2026-08-12,7753.56,2026-08-27,15.0,7605.0,179.5,0.1188,25.8,0.1318
2026-08-12,7753.56,2026-08-27,15.0,7610.0,175.25,0.1182,26.6,0.1311
2026-08-12,7753.56,2026-08-27,15.0,7615.0,171.0,0.1175,27.45,0.1304
2026-08-12,7753.56,2026-08-27,15.0,7620.0,167.1,0.1176,28.4,0.1299
2026-08-12,7753.56,2026-08-27,15.0,7625.0,163.6,0.1184,29.4,0.1294
2026-08-12,7753.56,2026-08-27,15.0,7630.0,159.35,0.1175,30.25,0.1286
2026-08-12,7753.56,2026-08-27,15.0,7635.0,154.9,0.1162,31.4,0.1282
2026-08-12,7753.56,2026-08-27,15.0,7640.0,151.65,0.1172,32.4,0.1276
2026-08-12,7753.56,2026-08-27,15.0,7645.0,147.75,0.1169,33.4,0.1268
2026-08-12,7753.56,2026-08-27,15.0,7650.0,143.85,0.1164,34.4,0.126
2026-08-12,7753.56,2026-08-27,15.0,7655.0,139.75,0.1155,35.65,0.1257
2026-08-12,7753.56,2026-08-27,15.0,7660.0,135.95,0.1151,36.8,0.125
2026-08-12,7753.56,2026-08-27,15.0,7665.0,132.3,0.1149,38.0,0.1244
2026-08-12,7753.56,2026-08-27,15.0,7670.0,128.6,0.1146,39.4,0.1241
2026-08-12,7753.56,2026-08-27,15.0,7675.0,124.9,0.1141,40.65,0.1234
2026-08-12,7753.56,2026-08-27,15.0,7680.0,121.1,0.1134,42.0,0.1229
2026-08-12,7753.56,2026-08-27,15.0,7685.0,117.5,0.113,43.4,0.1223
2026-08-12,7753.56,2026-08-27,15.0,7690.0,114.0,0.1127,44.9,0.1219
2026-08-12,7753.56,2026-08-27,15.0,7695.0,110.5,0.1123,46.4,0.1214
2026-08-12,7753.56,2026-08-27,15.0,7700.0,107.2,0.1122,48.0,0.1209
2026-08-12,7753.56,2026-08-27,15.0,7705.0,103.9,0.112,49.5,0.1203
2026-08-12,7753.56,2026-08-27,15.0,7710.0,100.4,0.1113,51.2,0.1199
2026-08-12,7753.56,2026-08-27,15.0,7715.0,97.1,0.1109,52.9,0.1194
2026-08-12,7753.56,2026-08-27,15.0,7720.0,94.0,0.1108,54.75,0.119
2026-08-12,7753.56,2026-08-27,15.0,7725.0,90.7,0.1102,56.4,0.1183
2026-08-12,7753.56,2026-08-27,15.0,7730.0,87.7,0.11,58.4,0.1181
2026-08-12,7753.56,2026-08-27,15.0,7735.0,84.6,0.1096,60.4,0.1177
2026-08-12,7753.56,2026-08-27,15.0,7740.0,81.6,0.1093,62.3,0.1171
2026-08-12,7753.56,2026-08-27,15.0,7745.0,78.7,0.109,64.35,0.1167
2026-08-12,7753.56,2026-08-27,15.0,7750.0,75.8,0.1087,66.4,0.1162
2026-08-12,7753.56,2026-08-27,15.0,7755.0,73.0,0.1084,68.65,0.116
2026-08-12,7753.56,2026-08-27,15.0,7760.0,70.2,0.108,70.8,0.1154
2026-08-12,7753.56,2026-08-27,15.0,7765.0,67.45,0.1076,73.2,0.1152
2026-08-12,7753.56,2026-08-27,15.0,7770.0,64.9,0.1074,75.55,0.1148
2026-08-12,7753.56,2026-08-27,15.0,7775.0,62.3,0.1071,77.9,0.1144
2026-08-12,7753.56,2026-08-27,15.0,7780.0,59.8,0.1068,80.3,0.1139
2026-08-12,7753.56,2026-08-27,15.0,7785.0,57.4,0.1066,83.0,0.1138
2026-08-12,7753.56,2026-08-27,15.0,7790.0,55.0,0.1063,85.6,0.1134
2026-08-12,7753.56,2026-08-27,15.0,7795.0,52.7,0.1061,88.2,0.113
2026-08-12,7753.56,2026-08-27,15.0,7800.0,50.4,0.1057,90.9,0.1126
2026-08-12,7753.56,2026-08-27,15.0,7805.0,48.3,0.1056,93.7,0.1123
2026-08-12,7753.56,2026-08-27,15.0,7810.0,46.1,0.1052,96.6,0.112
2026-08-12,7753.56,2026-08-27,15.0,7815.0,44.1,0.1051,99.5,0.1117
2026-08-12,7753.56,2026-08-27,15.0,7820.0,42.15,0.1049,102.7,0.1118
2026-08-12,7753.56,2026-08-27,15.0,7825.0,40.2,0.1047,105.6,0.1112
2026-08-12,7753.56,2026-08-27,15.0,7830.0,38.35,0.1045,108.9,0.1112
2026-08-12,7753.56,2026-08-27,15.0,7840.0,34.8,0.1041,115.5,0.111
2026-08-12,7753.56,2026-08-27,15.0,7850.0,31.55,0.1038,122.25,0.1107
2026-08-12,7753.56,2026-08-27,15.0,7860.0,28.4,0.1033,129.3,0.1105
2026-08-12,7753.56,2026-08-27,15.0,7870.0,25.6,0.103,136.5,0.1102
2026-08-12,7753.56,2026-08-27,15.0,7875.0,24.35,0.103,139.55,0.1087
2026-08-12,7753.56,2026-08-27,15.0,7880.0,23.0,0.1027,143.4,0.1088
2026-08-12,7753.56,2026-08-27,15.0,7890.0,20.6,0.1025,151.1,0.1086
2026-08-12,7753.56,2026-08-27,15.0,7900.0,18.45,0.1023,158.85,0.108
2026-08-12,7753.56,2026-08-27,15.0,7910.0,16.45,0.1021,166.95,0.1078
2026-08-12,7753.56,2026-08-27,15.0,7920.0,14.75,0.1022,175.0,0.107
2026-08-12,7753.56,2026-08-27,15.0,7925.0,13.85,0.102,179.15,0.1067
2026-08-12,7753.56,2026-08-27,15.0,7930.0,13.05,0.102,183.8,0.1077
2026-08-12,7753.56,2026-08-27,15.0,7940.0,11.55,0.1018,192.05,0.1063
2026-08-12,7753.56,2026-08-27,15.0,7950.0,10.25,0.1018,200.6,0.1051
2026-08-12,7753.56,2026-08-27,15.0,7975.0,7.55,0.102,222.8,0.1009
2026-08-12,7753.56,2026-08-27,15.0,8000.0,5.55,0.1025,245.55,0.0976
2026-08-12,7753.56,2026-08-27,15.0,8025.0,4.15,0.1036,269.25,0.1051
2026-08-12,7753.56,2026-08-27,15.0,8050.0,3.1,0.1049,295.0,0.1125
2026-08-12,7753.56,2026-08-27,15.0,8075.0,2.4,0.1068,319.3,0.1197
2026-08-12,7753.56,2026-08-27,15.0,8100.0,1.88,0.109,343.8,0.1269
2026-08-12,7753.56,2026-08-27,15.0,8125.0,1.52,0.1118,367.95,0.134
2026-08-12,7753.56,2026-08-27,15.0,8150.0,1.27,0.1149,392.85,0.141
2026-08-12,7753.56,2026-08-27,15.0,8175.0,1.07,0.1181,416.1,0.1479
2026-08-12,7753.56,2026-08-27,15.0,8200.0,0.98,0.1224,442.9,0.1547
2026-08-12,7753.56,2026-08-27,15.0,8225.0,0.88,0.1264,465.9,0.1615
2026-08-12,7753.56,2026-08-27,15.0,8250.0,0.77,0.13,492.15,0.1682
2026-08-12,7753.56,2026-08-27,15.0,8275.0,0.73,0.1345,515.5,0.1748
2026-08-12,7753.56,2026-08-27,15.0,8300.0,0.62,0.1374,540.5,0.1814
2026-08-12,7753.56,2026-08-27,15.0,8400.0,0.48,0.1539,641.85,0.2071
2026-08-12,7753.56,2026-08-27,15.0,8500.0,0.35,0.1685,740.0,0.2321
2026-08-12,7753.56,2026-08-27,15.0,8600.0,0.25,0.1816,841.35,0.2564
2026-08-12,7753.56,2026-08-27,15.0,8800.0,0.12,0.2047,1040.8,0.3032
2026-08-12,7753.56,2026-08-28,16.0,5900.0,1858.25,0.3471,0.35,0.4526
2026-08-12,7753.56,2026-08-28,16.0,5950.0,1806.45,0.338,0.4,0.4453
2026-08-12,7753.56,2026-08-28,16.0,6000.0,1756.9,0.2696,0.4,0.4324
2026-08-12,7753.56,2026-08-28,16.0,6050.0,1706.75,0.2766,0.45,0.4243
2026-08-12,7753.56,2026-08-28,16.0,6100.0,1657.05,0.2749,0.45,0.4115
2026-08-12,7753.56,2026-08-28,16.0,6150.0,1606.85,0.2707,0.5,0.4028
2026-08-12,7753.56,2026-08-28,16.0,6175.0,1582.15,0.2681,0.5,0.3964
2026-08-12,7753.56,2026-08-28,16.0,6200.0,1557.65,0.2653,0.5,0.39
2026-08-12,7753.56,2026-08-28,16.0,6225.0,1531.85,0.2623,0.55,0.3873
2026-08-12,7753.56,2026-08-28,16.0,6250.0,1507.2,0.2591,0.55,0.3809
2026-08-12,7753.56,2026-08-28,16.0,6275.0,1482.3,0.2557,0.57,0.3762
2026-08-12,7753.56,2026-08-28,16.0,6300.0,1457.3,0.2523,0.6,0.3715
2026-08-12,7753.56,2026-08-28,16.0,6325.0,1432.85,0.2488,0.6,0.3651
2026-08-12,7753.56,2026-08-28,16.0,6350.0,1407.9,0.2452,0.65,0.3617
2026-08-12,7753.56,2026-08-28,16.0,6375.0,1382.6,0.2415,0.65,0.3553
2026-08-12,7753.56,2026-08-28,16.0,6400.0,1357.6,0.2378,0.7,0.3516
2026-08-12,7753.56,2026-08-28,16.0,6425.0,1332.55,0.234,0.7,0.3452
2026-08-12,7753.56,2026-08-28,16.0,6450.0,1308.35,0.2302,0.75,0.3413
2026-08-12,7753.56,2026-08-28,16.0,6475.0,1283.15,0.2263,0.77,0.3361
2026-08-12,7753.56,2026-08-28,16.0,6500.0,1259.85,0.2224,0.8,0.3308
2026-08-12,7753.56,2026-08-28,16.0,6525.0,1232.85,0.2184,0.85,0.3266
2026-08-12,7753.56,2026-08-28,16.0,6550.0,1208.55,0.2145,0.9,0.3222
2026-08-12,7753.56,2026-08-28,16.0,6575.0,1183.35,0.2104,0.93,0.3167
2026-08-12,7753.56,2026-08-28,16.0,6600.0,1158.75,0.2064,0.98,0.3121
2026-08-12,7753.56,2026-08-28,16.0,6625.0,1133.9,0.2023,1.02,0.3074
2026-08-12,7753.56,2026-08-28,16.0,6650.0,1108.55,0.1983,1.07,0.3026
2026-08-12,7753.56,2026-08-28,16.0,6675.0,1084.2,0.1942,1.15,0.2984
2026-08-12,7753.56,2026-08-28,16.0,6700.0,1058.7,0.19,1.2,0.2934
2026-08-12,7753.56,2026-08-28,16.0,6725.0,1033.9,0.1859,1.25,0.2882
2026-08-12,7753.56,2026-08-28,16.0,6740.0,1019.05,0.1755,1.3,0.2857
2026-08-12,7753.56,2026-08-28,16.0,6750.0,1009.55,0.1817,1.32,0.2837
2026-08-12,7753.56,2026-08-28,16.0,6760.0,999.15,0.1656,1.35,0.2817
2026-08-12,7753.56,2026-08-28,16.0,6770.0,989.15,0.1753,1.4,0.2803
2026-08-12,7753.56,2026-08-28,16.0,6775.0,984.4,0.1776,1.4,0.279
2026-08-12,7753.56,2026-08-28,16.0,6780.0,979.25,0.1326,1.43,0.2783
2026-08-12,7753.56,2026-08-28,16.0,6790.0,969.3,0.1681,1.45,0.2762
2026-08-12,7753.56,2026-08-28,16.0,6800.0,959.65,0.1734,1.5,0.2748
2026-08-12,7753.56,2026-08-28,16.0,6810.0,949.3,0.1593,1.52,0.2727
2026-08-12,7753.56,2026-08-28,16.0,6820.0,939.5,0.1672,1.55,0.2705
2026-08-12,7753.56,2026-08-28,16.0,6825.0,934.35,0.1692,1.57,0.2698
2026-08-12,7753.56,2026-08-28,16.0,6830.0,929.5,0.1444,1.6,0.269
2026-08-12,7753.56,2026-08-28,16.0,6840.0,919.6,0.1604,1.65,0.2674
2026-08-12,7753.56,2026-08-28,16.0,6850.0,910.3,0.165,1.68,0.2652
2026-08-12,7753.56,2026-08-28,16.0,6860.0,899.7,0.1526,1.73,0.2635
2026-08-12,7753.56,2026-08-28,16.0,6870.0,890.2,0.1591,1.75,0.2613
2026-08-12,7753.56,2026-08-28,16.0,6875.0,885.15,0.1608,1.77,0.2605
2026-08-12,7753.56,2026-08-28,16.0,6880.0,880.45,0.1412,1.8,0.2596
2026-08-12,7753.56,2026-08-28,16.0,6890.0,869.9,0.1527,1.85,0.2578
2026-08-12,7753.56,2026-08-28,16.0,6900.0,860.55,0.1565,1.9,0.256
2026-08-12,7753.56,2026-08-28,16.0,6910.0,849.95,0.1454,1.95,0.2542
2026-08-12,7753.56,2026-08-28,16.0,6920.0,840.15,0.1508,2.0,0.2524
2026-08-12,7753.56,2026-08-28,16.0,6925.0,835.55,0.1523,2.02,0.2514
2026-08-12,7753.56,2026-08-28,16.0,6930.0,830.85,0.136,2.05,0.2505
2026-08-12,7753.56,2026-08-28,16.0,6940.0,820.35,0.1448,2.1,0.2486
2026-08-12,7753.56,2026-08-28,16.0,6950.0,810.4,0.148,2.15,0.2466
2026-08-12,7753.56,2026-08-28,16.0,6960.0,801.35,0.1381,2.22,0.2451
2026-08-12,7753.56,2026-08-28,16.0,6970.0,790.8,0.1425,2.28,0.2431
2026-08-12,7753.56,2026-08-28,16.0,6975.0,786.35,0.1438,2.3,0.2421
2026-08-12,7753.56,2026-08-28,16.0,6980.0,780.75,0.1298,2.35,0.2414
2026-08-12,7753.56,2026-08-28,16.0,6990.0,771.0,0.1368,2.4,0.2394
2026-08-12,7753.56,2026-08-28,16.0,7000.0,761.2,0.1133,2.47,0.2376
2026-08-12,7753.56,2026-08-28,16.0,7010.0,750.8,0.1305,2.55,0.2359
2026-08-12,7753.56,2026-08-28,16.0,7020.0,741.05,0.1342,2.6,0.2337
2026-08-12,7753.56,2026-08-28,16.0,7025.0,736.0,0.1135,2.65,0.233
2026-08-12,7753.56,2026-08-28,16.0,7030.0,731.15,0.1231,2.67,0.2319
2026-08-12,7753.56,2026-08-28,16.0,7040.0,721.9,0.1287,2.78,0.2304
2026-08-12,7753.56,2026-08-28,16.0,7050.0,711.75,0.112,2.85,0.2285
2026-08-12,7753.56,2026-08-28,16.0,7060.0,702.15,0.1227,2.92,0.2265
2026-08-12,7753.56,2026-08-28,16.0,7070.0,692.3,0.1258,3.03,0.2248
2026-08-12,7753.56,2026-08-28,16.0,7075.0,687.0,0.1098,3.1,0.2243
2026-08-12,7753.56,2026-08-28,16.0,7080.0,682.15,0.116,3.1,0.2228
2026-08-12,7753.56,2026-08-28,16.0,7090.0,672.65,0.1205,3.2,0.2211
2026-08-12,7753.56,2026-08-28,16.0,7100.0,662.3,0.1071,3.3,0.2192
2026-08-12,7753.56,2026-08-28,16.0,7110.0,653.0,0.1148,3.4,0.2174
2026-08-12,7753.56,2026-08-28,16.0,7120.0,642.85,0.1173,3.5,0.2155
2026-08-12,7753.56,2026-08-28,16.0,7125.0,637.65,0.1042,3.6,0.215
2026-08-12,7753.56,2026-08-28,16.0,7130.0,633.05,0.1086,3.6,0.2136
2026-08-12,7753.56,2026-08-28,16.0,7140.0,623.2,0.1122,3.7,0.2116
2026-08-12,7753.56,2026-08-28,16.0,7150.0,613.55,0.101,3.8,0.2096
2026-08-12,7753.56,2026-08-28,16.0,7160.0,603.5,0.1069,4.0,0.2084
2026-08-12,7753.56,2026-08-28,16.0,7170.0,593.75,0.1088,4.1,0.2063
2026-08-12,7753.56,2026-08-28,16.0,7175.0,587.95,0.0977,4.2,0.2057
2026-08-12,7753.56,2026-08-28,16.0,7180.0,583.8,0.1011,4.2,0.2042
2026-08-12,7753.56,2026-08-28,16.0,7185.0,578.95,0.1028,4.3,0.2035
2026-08-12,7753.56,2026-08-28,16.0,7190.0,573.95,0.1039,4.4,0.2029
2026-08-12,7753.56,2026-08-28,16.0,7195.0,569.05,0.0836,4.5,0.2022
2026-08-12,7753.56,2026-08-28,16.0,7200.0,564.0,0.0943,4.5,0.2006
2026-08-12,7753.56,2026-08-28,16.0,7205.0,559.0,0.0972,4.6,0.1999
2026-08-12,7753.56,2026-08-28,16.0,7210.0,554.0,0.0988,4.7,0.1992
2026-08-12,7753.56,2026-08-28,16.0,7215.0,549.0,0.0997,4.75,0.198
2026-08-12,7753.56,2026-08-28,16.0,7220.0,544.55,0.0834,4.8,0.1969
2026-08-12,7753.56,2026-08-28,16.0,7225.0,538.85,0.0908,4.9,0.1961
2026-08-12,7753.56,2026-08-28,16.0,7230.0,534.3,0.0933,5.0,0.1953
2026-08-12,7753.56,2026-08-28,16.0,7235.0,529.85,0.0947,5.1,0.1944
2026-08-12,7753.56,2026-08-28,16.0,7240.0,524.15,0.0955,5.2,0.1936
2026-08-12,7753.56,2026-08-28,16.0,7245.0,520.05,0.1191,5.3,0.1927
2026-08-12,7753.56,2026-08-28,16.0,7250.0,514.8,0.2418,5.4,0.1919
2026-08-12,7753.56,2026-08-28,16.0,7255.0,510.25,0.127,5.5,0.191
2026-08-12,7753.56,2026-08-28,16.0,7260.0,505.0,0.1088,5.6,0.1901
2026-08-12,7753.56,2026-08-28,16.0,7265.0,500.2,0.1218,5.7,0.1892
2026-08-12,7753.56,2026-08-28,16.0,7270.0,495.25,0.1226,5.8,0.1882
2026-08-12,7753.56,2026-08-28,16.0,7275.0,490.4,0.1267,5.9,0.1873
2026-08-12,7753.56,2026-08-28,16.0,7280.0,486.1,0.1414,6.0,0.1863
2026-08-12,7753.56,2026-08-28,16.0,7285.0,480.95,0.1372,6.1,0.1853
2026-08-12,7753.56,2026-08-28,16.0,7290.0,475.8,0.1328,6.3,0.1849
2026-08-12,7753.56,2026-08-28,16.0,7295.0,470.9,0.1334,6.4,0.1839
2026-08-12,7753.56,2026-08-28,16.0,7300.0,466.55,0.1425,6.5,0.1829
2026-08-12,7753.56,2026-08-28,16.0,7305.0,461.3,0.1374,6.6,0.1818
2026-08-12,7753.56,2026-08-28,16.0,7310.0,456.3,0.136,6.75,0.1811
2026-08-12,7753.56,2026-08-28,16.0,7315.0,451.5,0.1374,6.9,0.1803
2026-08-12,7753.56,2026-08-28,16.0,7320.0,446.4,0.1346,7.0,0.1792
2026-08-12,7753.56,2026-08-28,16.0,7325.0,441.8,0.1384,7.2,0.1786
2026-08-12,7753.56,2026-08-28,16.0,7330.0,437.15,0.1409,7.3,0.1775
2026-08-12,7753.56,2026-08-28,16.0,7335.0,432.2,0.1399,7.5,0.1769
2026-08-12,7753.56,2026-08-28,16.0,7340.0,427.25,0.139,7.65,0.176
2026-08-12,7753.56,2026-08-28,16.0,7345.0,422.55,0.1405,7.8,0.1751
2026-08-12,7753.56,2026-08-28,16.0,7350.0,417.85,0.1417,7.95,0.1741
2026-08-12,7753.56,2026-08-28,16.0,7355.0,412.9,0.1406,8.1,0.1732
2026-08-12,7753.56,2026-08-28,16.0,7360.0,407.95,0.1395,8.3,0.1724
2026-08-12,7753.56,2026-08-28,16.0,7365.0,403.5,0.1424,8.5,0.1717
2026-08-12,7753.56,2026-08-28,16.0,7370.0,398.6,0.1416,8.65,0.1707
2026-08-12,7753.56,2026-08-28,16.0,7375.0,393.95,0.1426,8.9,0.1701
2026-08-12,7753.56,2026-08-28,16.0,7380.0,388.3,0.1362,9.05,0.169
2026-08-12,7753.56,2026-08-28,16.0,7385.0,384.15,0.1408,9.25,0.1682
2026-08-12,7753.56,2026-08-28,16.0,7390.0,379.25,0.1399,9.45,0.1673
2026-08-12,7753.56,2026-08-28,16.0,7395.0,374.15,0.1376,9.65,0.1664
2026-08-12,7753.56,2026-08-28,16.0,7400.0,369.65,0.1392,9.9,0.1657
2026-08-12,7753.56,2026-08-28,16.0,7405.0,365.1,0.1403,10.15,0.1649
2026-08-12,7753.56,2026-08-28,16.0,7410.0,360.7,0.1421,10.35,0.164
2026-08-12,7753.56,2026-08-28,16.0,7415.0,355.45,0.139,10.6,0.1632
2026-08-12,7753.56,2026-08-28,16.0,7420.0,351.2,0.1414,10.85,0.1623
2026-08-12,7753.56,2026-08-28,16.0,7425.0,346.15,0.1394,11.2,0.1619
2026-08-12,7753.56,2026-08-28,16.0,7430.0,341.4,0.139,11.35,0.1606
2026-08-12,7753.56,2026-08-28,16.0,7435.0,337.6,0.143,11.65,0.1599
2026-08-12,7753.56,2026-08-28,16.0,7440.0,332.9,0.1426,11.95,0.1591
2026-08-12,7753.56,2026-08-28,16.0,7445.0,328.2,0.1422,12.25,0.1584
2026-08-12,7753.56,2026-08-28,16.0,7450.0,323.55,0.1419,12.6,0.1577
2026-08-12,7753.56,2026-08-28,16.0,7455.0,318.6,0.1403,12.85,0.1567
2026-08-12,7753.56,2026-08-28,16.0,7460.0,314.25,0.1412,13.15,0.1558
2026-08-12,7753.56,2026-08-28,16.0,7465.0,309.3,0.1396,13.6,0.1554
2026-08-12,7753.56,2026-08-28,16.0,7470.0,304.95,0.1402,13.95,0.1547
2026-08-12,7753.56,2026-08-28,16.0,7475.0,300.2,0.1393,14.25,0.1537
2026-08-12,7753.56,2026-08-28,16.0,7480.0,295.75,0.1395,14.65,0.153
2026-08-12,7753.56,2026-08-28,16.0,7485.0,291.15,0.139,15.05,0.1523
2026-08-12,7753.56,2026-08-28,16.0,7490.0,286.2,0.1373,15.45,0.1515
2026-08-12,7753.56,2026-08-28,16.0,7495.0,281.9,0.1378,15.85,0.1507
2026-08-12,7753.56,2026-08-28,16.0,7500.0,277.25,0.1371,16.3,0.1501
2026-08-12,7753.56,2026-08-28,16.0,7505.0,272.8,0.1369,16.75,0.1494
2026-08-12,7753.56,2026-08-28,16.0,7510.0,268.0,0.1356,17.2,0.1486
2026-08-12,7753.56,2026-08-28,16.0,7515.0,263.45,0.1351,17.65,0.1478
2026-08-12,7753.56,2026-08-28,16.0,7520.0,259.25,0.1355,18.15,0.1471
2026-08-12,7753.56,2026-08-28,16.0,7525.0,254.75,0.135,18.65,0.1464
2026-08-12,7753.56,2026-08-28,16.0,7530.0,250.0,0.1337,19.05,0.1454
2026-08-12,7753.56,2026-08-28,16.0,7535.0,245.85,0.1341,19.65,0.1448
2026-08-12,7753.56,2026-08-28,16.0,7540.0,241.1,0.1328,20.25,0.1442
2026-08-12,7753.56,2026-08-28,16.0,7545.0,237.0,0.1332,20.85,0.1436
2026-08-12,7753.56,2026-08-28,16.0,7550.0,232.6,0.1327,21.35,0.1426
2026-08-12,7753.56,2026-08-28,16.0,7555.0,227.95,0.1315,22.0,0.142
2026-08-12,7753.56,2026-08-28,16.0,7560.0,223.7,0.1313,22.65,0.1414
2026-08-12,7753.56,2026-08-28,16.0,7565.0,219.5,0.1311,23.3,0.1407
2026-08-12,7753.56,2026-08-28,16.0,7570.0,215.3,0.1309,24.0,0.1401
2026-08-12,7753.56,2026-08-28,16.0,7575.0,210.65,0.1296,24.65,0.1393
2026-08-12,7753.56,2026-08-28,16.0,7580.0,206.5,0.1293,25.45,0.1388
2026-08-12,7753.56,2026-08-28,16.0,7585.0,202.15,0.1286,26.1,0.1379
2026-08-12,7753.56,2026-08-28,16.0,7590.0,197.9,0.1281,26.85,0.1372
2026-08-12,7753.56,2026-08-28,16.0,7595.0,193.85,0.1279,27.75,0.1367
2026-08-12,7753.56,2026-08-28,16.0,7600.0,189.8,0.1277,28.6,0.1361
2026-08-12,7753.56,2026-08-28,16.0,7605.0,185.4,0.1266,29.4,0.1354
2026-08-12,7753.56,2026-08-28,16.0,7610.0,181.4,0.1264,30.3,0.1348
2026-08-12,7753.56,2026-08-28,16.0,7615.0,177.45,0.1262,31.2,0.1341
2026-08-12,7753.56,2026-08-28,16.0,7620.0,173.2,0.1253,32.1,0.1334
2026-08-12,7753.56,2026-08-28,16.0,7625.0,169.4,0.1252,33.15,0.1329
2026-08-12,7753.56,2026-08-28,16.0,7630.0,165.2,0.1243,34.2,0.1324
2026-08-12,7753.56,2026-08-28,16.0,7635.0,161.5,0.1243,35.2,0.1317
2026-08-12,7753.56,2026-08-28,16.0,7640.0,157.8,0.1243,36.2,0.131
2026-08-12,7753.56,2026-08-28,16.0,7645.0,153.75,0.1235,37.4,0.1305
2026-08-12,7753.56,2026-08-28,16.0,7650.0,149.95,0.1231,38.5,0.1299
2026-08-12,7753.56,2026-08-28,16.0,7655.0,146.3,0.1229,39.7,0.1293
2026-08-12,7753.56,2026-08-28,16.0,7660.0,142.3,0.122,40.9,0.1287
2026-08-12,7753.56,2026-08-28,16.0,7665.0,138.7,0.1218,42.2,0.1282
2026-08-12,7753.56,2026-08-28,16.0,7670.0,134.9,0.1212,43.5,0.1276
2026-08-12,7753.56,2026-08-28,16.0,7675.0,131.3,0.1208,44.85,0.1271
2026-08-12,7753.56,2026-08-28,16.0,7680.0,127.7,0.1203,46.3,0.1266
2026-08-12,7753.56,2026-08-28,16.0,7685.0,124.1,0.1198,47.6,0.1259
2026-08-12,7753.56,2026-08-28,16.0,7690.0,120.6,0.1194,49.1,0.1254
2026-08-12,7753.56,2026-08-28,16.0,7695.0,117.1,0.1189,50.65,0.1249
2026-08-12,7753.56,2026-08-28,16.0,7700.0,113.7,0.1186,52.25,0.1245
2026-08-12,7753.56,2026-08-28,16.0,7705.0,110.4,0.1183,53.8,0.1238
2026-08-12,7753.56,2026-08-28,16.0,7710.0,106.9,0.1176,55.6,0.1236
2026-08-12,7753.56,2026-08-28,16.0,7715.0,103.8,0.1174,57.2,0.1229
2026-08-12,7753.56,2026-08-28,16.0,7720.0,100.5,0.1169,59.0,0.1224
2026-08-12,7753.56,2026-08-28,16.0,7725.0,97.4,0.1166,60.8,0.1219
2026-08-12,7753.56,2026-08-28,16.0,7730.0,94.3,0.1163,62.7,0.1215
2026-08-12,7753.56,2026-08-28,16.0,7735.0,91.1,0.1157,64.55,0.1209
2026-08-12,7753.56,2026-08-28,16.0,7740.0,88.2,0.1155,66.6,0.1206
2026-08-12,7753.56,2026-08-28,16.0,7745.0,85.2,0.115,68.6,0.1201
2026-08-12,7753.56,2026-08-28,16.0,7750.0,82.3,0.1147,70.7,0.1197
2026-08-12,7753.56,2026-08-28,16.0,7755.0,79.5,0.1144,72.9,0.1193
2026-08-12,7753.56,2026-08-28,16.0,7760.0,76.7,0.114,75.0,0.1188
2026-08-12,7753.56,2026-08-28,16.0,7765.0,73.85,0.1135,77.4,0.1186
2026-08-12,7753.56,2026-08-28,16.0,7770.0,71.25,0.1133,79.6,0.118
2026-08-12,7753.56,2026-08-28,16.0,7775.0,68.6,0.1129,81.95,0.1175
2026-08-12,7753.56,2026-08-28,16.0,7780.0,66.05,0.1126,84.4,0.1172
2026-08-12,7753.56,2026-08-28,16.0,7785.0,63.6,0.1123,87.0,0.1169
2026-08-12,7753.56,2026-08-28,16.0,7790.0,61.15,0.112,89.4,0.1163
2026-08-12,7753.56,2026-08-28,16.0,7795.0,58.75,0.1116,92.1,0.1161
2026-08-12,7753.56,2026-08-28,16.0,7800.0,56.45,0.1114,94.7,0.1156
2026-08-12,7753.56,2026-08-28,16.0,7805.0,54.2,0.1111,97.5,0.1153
2026-08-12,7753.56,2026-08-28,16.0,7810.0,52.0,0.1108,100.3,0.115
2026-08-12,7753.56,2026-08-28,16.0,7815.0,49.85,0.1105,103.1,0.1146
2026-08-12,7753.56,2026-08-28,16.0,7820.0,47.8,0.1103,106.1,0.1144
2026-08-12,7753.56,2026-08-28,16.0,7825.0,45.7,0.1099,109.1,0.1141
2026-08-12,7753.56,2026-08-28,16.0,7830.0,43.85,0.1098,112.1,0.1137
2026-08-12,7753.56,2026-08-28,16.0,7835.0,41.95,0.1095,115.2,0.1134
2026-08-12,7753.56,2026-08-28,16.0,7840.0,40.05,0.1092,118.3,0.113
2026-08-12,7753.56,2026-08-28,16.0,7845.0,38.35,0.1091,121.9,0.1133
2026-08-12,7753.56,2026-08-28,16.0,7850.0,36.65,0.1089,125.2,0.1131
2026-08-12,7753.56,2026-08-28,16.0,7855.0,35.0,0.1087,128.5,0.1127
2026-08-12,7753.56,2026-08-28,16.0,7860.0,33.4,0.1086,131.9,0.1124
2026-08-12,7753.56,2026-08-28,16.0,7865.0,31.8,0.1083,135.35,0.1121
2026-08-12,7753.56,2026-08-28,16.0,7870.0,30.35,0.1082,138.8,0.1118
2026-08-12,7753.56,2026-08-28,16.0,7875.0,28.95,0.1081,142.3,0.1114
2026-08-12,7753.56,2026-08-28,16.0,7880.0,27.55,0.1079,145.95,0.1112
2026-08-12,7753.56,2026-08-28,16.0,7885.0,26.15,0.1076,149.25,0.1102
2026-08-12,7753.56,2026-08-28,16.0,7890.0,24.95,0.1076,153.35,0.1107
2026-08-12,7753.56,2026-08-28,16.0,7895.0,23.75,0.1075,156.7,0.1094
2026-08-12,7753.56,2026-08-28,16.0,7900.0,22.55,0.1073,160.45,0.109
2026-08-12,7753.56,2026-08-28,16.0,7905.0,21.4,0.1072,164.65,0.1094
2026-08-12,7753.56,2026-08-28,16.0,7910.0,20.35,0.1072,168.5,0.1089
2026-08-12,7753.56,2026-08-28,16.0,7920.0,18.35,0.107,176.5,0.1083
2026-08-12,7753.56,2026-08-28,16.0,7925.0,17.45,0.1071,180.65,0.1082
2026-08-12,7753.56,2026-08-28,16.0,7930.0,16.45,0.1068,184.5,0.1072
2026-08-12,7753.56,2026-08-28,16.0,7940.0,14.75,0.1066,192.85,0.1063
2026-08-12,7753.56,2026-08-28,16.0,7950.0,13.25,0.1067,201.3,0.1052
2026-08-12,7753.56,2026-08-28,16.0,7960.0,11.85,0.1066,210.15,0.1047
2026-08-12,7753.56,2026-08-28,16.0,7970.0,10.55,0.1065,218.6,0.1016
2026-08-12,7753.56,2026-08-28,16.0,7975.0,10.0,0.1066,223.0,0.1
2026-08-12,7753.56,2026-08-28,16.0,7980.0,9.45,0.1066,227.4,0.098
2026-08-12,7753.56,2026-08-28,16.0,7990.0,8.45,0.1067,236.4,0.0929
2026-08-12,7753.56,2026-08-28,16.0,8000.0,7.5,0.1067,245.4,0.0959
2026-08-12,7753.56,2026-08-28,16.0,8010.0,6.7,0.1069,254.5,0.0988
2026-08-12,7753.56,2026-08-28,16.0,8020.0,5.95,0.107,263.8,0.1017
2026-08-12,7753.56,2026-08-28,16.0,8025.0,5.7,0.1075,270.1,0.1032
2026-08-12,7753.56,2026-08-28,16.0,8030.0,5.35,0.1075,273.45,0.1047
2026-08-12,7753.56,2026-08-28,16.0,8040.0,4.8,0.1079,284.15,0.1076
2026-08-12,7753.56,2026-08-28,16.0,8050.0,4.3,0.1083,294.0,0.1104
2026-08-12,7753.56,2026-08-28,16.0,8060.0,3.9,0.109,303.6,0.1133
2026-08-12,7753.56,2026-08-28,16.0,8070.0,3.5,0.1094,313.1,0.1161
2026-08-12,7753.56,2026-08-28,16.0,8075.0,3.3,0.1096,317.95,0.1175
2026-08-12,7753.56,2026-08-28,16.0,8080.0,3.1,0.1096,322.95,0.119
2026-08-12,7753.56,2026-08-28,16.0,8090.0,2.88,0.1108,332.7,0.1218
2026-08-12,7753.56,2026-08-28,16.0,8100.0,2.58,0.1113,342.1,0.1246
2026-08-12,7753.56,2026-08-28,16.0,8110.0,2.38,0.1123,351.8,0.1273
2026-08-12,7753.56,2026-08-28,16.0,8120.0,2.17,0.1132,361.6,0.1301
2026-08-12,7753.56,2026-08-28,16.0,8125.0,2.08,0.1136,366.8,0.1315
2026-08-12,7753.56,2026-08-28,16.0,8130.0,1.97,0.1139,370.95,0.1328
2026-08-12,7753.56,2026-08-28,16.0,8140.0,1.82,0.1149,380.0,0.1356
2026-08-12,7753.56,2026-08-28,16.0,8150.0,1.68,0.1158,390.8,0.1383
2026-08-12,7753.56,2026-08-28,16.0,8175.0,1.4,0.1187,415.65,0.145
2026-08-12,7753.56,2026-08-28,16.0,8200.0,1.2,0.1218,440.5,0.1517
2026-08-12,7753.56,2026-08-28,16.0,8225.0,1.05,0.1252,465.65,0.1583
2026-08-12,7753.56,2026-08-28,16.0,8250.0,0.9,0.1282,490.2,0.1649
2026-08-12,7753.56,2026-08-28,16.0,8275.0,0.8,0.1317,514.85,0.1714
2026-08-12,7753.56,2026-08-28,16.0,8300.0,0.75,0.136,539.4,0.1778
2026-08-12,7753.56,2026-08-28,16.0,8325.0,0.7,0.1401,564.85,0.1841
2026-08-12,7753.56,2026-08-28,16.0,8350.0,0.62,0.1433,589.65,0.1904
2026-08-12,7753.56,2026-08-28,16.0,8375.0,0.6,0.1478,614.3,0.1967
2026-08-12,7753.56,2026-08-28,16.0,8400.0,0.55,0.1513,639.05,0.2029
2026-08-12,7753.56,2026-08-28,16.0,8425.0,0.5,0.1547,664.15,0.2091
2026-08-12,7753.56,2026-08-28,16.0,8450.0,0.45,0.1578,688.8,0.2152
2026-08-12,7753.56,2026-08-28,16.0,8500.0,0.4,0.1654,739.2,0.2273
2026-08-12,7753.56,2026-08-28,16.0,8600.0,0.28,0.1773,838.45,0.251
2026-08-12,7753.56,2026-08-28,16.0,8700.0,0.2,0.1894,938.1,0.2742
2026-08-12,7753.56,2026-08-28,16.0,8800.0,0.15,0.2013,1037.85,0.2968
2026-08-12,7753.56,2026-08-31,19.0,5820.0,1936.85,0.3135,0.4,0.4401
2026-08-12,7753.56,2026-08-31,19.0,5825.0,1931.75,0.3155,0.4,0.4389
2026-08-12,7753.56,2026-08-31,19.0,5830.0,1927.0,0.3172,0.4,0.4377
2026-08-12,7753.56,2026-08-31,19.0,5840.0,1916.85,0.3196,0.4,0.4353
2026-08-12,7753.56,2026-08-31,19.0,5850.0,1906.85,0.3212,0.4,0.4329
2026-08-12,7753.56,2026-08-31,19.0,5860.0,1897.0,0.3224,0.4,0.4305
2026-08-12,7753.56,2026-08-31,19.0,5870.0,1886.5,0.3232,0.42,0.4305
2026-08-12,7753.56,2026-08-31,19.0,5875.0,1881.8,0.3234,0.42,0.4293
2026-08-12,7753.56,2026-08-31,19.0,5880.0,1878.25,0.3236,0.42,0.4281
2026-08-12,7753.56,2026-08-31,19.0,5890.0,1866.65,0.2825,0.42,0.4257
2026-08-12,7753.56,2026-08-31,19.0,5900.0,1856.95,0.2929,0.45,0.4256
2026-08-12,7753.56,2026-08-31,19.0,5910.0,1846.65,0.2981,0.45,0.4232
2026-08-12,7753.56,2026-08-31,19.0,5920.0,1836.7,0.3014,0.45,0.4208
2026-08-12,7753.56,2026-08-31,19.0,5925.0,1832.15,0.3026,0.45,0.4196
2026-08-12,7753.56,2026-08-31,19.0,5930.0,1826.75,0.3036,0.45,0.4184
2026-08-12,7753.56,2026-08-31,19.0,5940.0,1816.75,0.305,0.45,0.416
2026-08-12,7753.56,2026-08-31,19.0,5950.0,1807.4,0.306,0.45,0.4136
2026-08-12,7753.56,2026-08-31,19.0,5960.0,1796.8,0.3067,0.45,0.4112
2026-08-12,7753.56,2026-08-31,19.0,5970.0,1786.85,0.307,0.48,0.4109
2026-08-12,7753.56,2026-08-31,19.0,5975.0,1782.25,0.2585,0.48,0.4097
2026-08-12,7753.56,2026-08-31,19.0,5980.0,1776.85,0.269,0.48,0.4085
2026-08-12,7753.56,2026-08-31,19.0,5990.0,1767.3,0.2782,0.5,0.4081
2026-08-12,7753.56,2026-08-31,19.0,6000.0,1757.3,0.2829,0.5,0.4057
2026-08-12,7753.56,2026-08-31,19.0,6010.0,1747.0,0.2858,0.5,0.4033
2026-08-12,7753.56,2026-08-31,19.0,6020.0,1736.9,0.2877,0.5,0.4009
2026-08-12,7753.56,2026-08-31,19.0,6025.0,1731.95,0.2884,0.5,0.3997
2026-08-12,7753.56,2026-08-31,19.0,6030.0,1727.4,0.289,0.5,0.3985
2026-08-12,7753.56,2026-08-31,19.0,6040.0,1717.2,0.2899,0.5,0.3961
2026-08-12,7753.56,2026-08-31,19.0,6050.0,1707.25,0.2904,0.53,0.3956
2026-08-12,7753.56,2026-08-31,19.0,6060.0,1698.7,0.2906,0.55,0.3951
2026-08-12,7753.56,2026-08-31,19.0,6070.0,1687.9,0.2555,0.55,0.3927
2026-08-12,7753.56,2026-08-31,19.0,6075.0,1682.1,0.2603,0.55,0.3915
2026-08-12,7753.56,2026-08-31,19.0,6080.0,1677.4,0.2635,0.55,0.3903
2026-08-12,7753.56,2026-08-31,19.0,6090.0,1667.45,0.2677,0.55,0.3879
2026-08-12,7753.56,2026-08-31,19.0,6100.0,1657.45,0.2703,0.55,0.3855
2026-08-12,7753.56,2026-08-31,19.0,6110.0,1647.85,0.2721,0.55,0.3831
2026-08-12,7753.56,2026-08-31,19.0,6120.0,1637.45,0.2732,0.57,0.3824
2026-08-12,7753.56,2026-08-31,19.0,6125.0,1632.0,0.2736,0.57,0.3812
2026-08-12,7753.56,2026-08-31,19.0,6130.0,1627.6,0.2739,0.6,0.3816
2026-08-12,7753.56,2026-08-31,19.0,6140.0,1617.65,0.2743,0.6,0.3793
2026-08-12,7753.56,2026-08-31,19.0,6150.0,1607.5,0.2744,0.6,0.3769
2026-08-12,7753.56,2026-08-31,19.0,6160.0,1597.55,0.242,0.6,0.3745
2026-08-12,7753.56,2026-08-31,19.0,6170.0,1587.6,0.249,0.6,0.3721
2026-08-12,7753.56,2026-08-31,19.0,6175.0,1582.4,0.2511,0.6,0.3709
2026-08-12,7753.56,2026-08-31,19.0,6180.0,1577.35,0.2527,0.6,0.3697
2026-08-12,7753.56,2026-08-31,19.0,6190.0,1567.65,0.2551,0.65,0.3703
2026-08-12,7753.56,2026-08-31,19.0,6200.0,1558.15,0.2565,0.65,0.3679
2026-08-12,7753.56,2026-08-31,19.0,6210.0,1547.75,0.2575,0.65,0.3655
2026-08-12,7753.56,2026-08-31,19.0,6220.0,1537.7,0.2581,0.65,0.3632
2026-08-12,7753.56,2026-08-31,19.0,6225.0,1532.5,0.2582,0.65,0.362
2026-08-12,7753.56,2026-08-31,19.0,6230.0,1527.8,0.2584,0.65,0.3608
2026-08-12,7753.56,2026-08-31,19.0,6240.0,1517.7,0.2053,0.68,0.3598
2026-08-12,7753.56,2026-08-31,19.0,6250.0,1508.8,0.2285,0.7,0.3588
2026-08-12,7753.56,2026-08-31,19.0,6260.0,1499.0,0.2346,0.7,0.3564
2026-08-12,7753.56,2026-08-31,19.0,6270.0,1487.9,0.2379,0.7,0.354
2026-08-12,7753.56,2026-08-31,19.0,6275.0,1483.2,0.239,0.7,0.3528
2026-08-12,7753.56,2026-08-31,19.0,6280.0,1478.0,0.2399,0.7,0.3516
2026-08-12,7753.56,2026-08-31,19.0,6290.0,1467.9,0.2412,0.73,0.3505
2026-08-12,7753.56,2026-08-31,19.0,6300.0,1458.05,0.242,0.75,0.3493
2026-08-12,7753.56,2026-08-31,19.0,6310.0,1448.0,0.2424,0.75,0.347
2026-08-12,7753.56,2026-08-31,19.0,6320.0,1438.2,0.2426,0.75,0.3446
2026-08-12,7753.56,2026-08-31,19.0,6325.0,1433.4,0.2426,0.75,0.3434
2026-08-12,7753.56,2026-08-31,19.0,6330.0,1427.95,0.1981,0.77,0.3434
2026-08-12,7753.56,2026-08-31,19.0,6340.0,1418.1,0.2149,0.8,0.3421
2026-08-12,7753.56,2026-08-31,19.0,6350.0,1407.9,0.2203,0.8,0.3397
2026-08-12,7753.56,2026-08-31,19.0,6360.0,1398.2,0.2232,0.8,0.3373
2026-08-12,7753.56,2026-08-31,19.0,6370.0,1388.2,0.2249,0.82,0.3361
2026-08-12,7753.56,2026-08-31,19.0,6375.0,1384.3,0.2255,0.82,0.3349
2026-08-12,7753.56,2026-08-31,19.0,6380.0,1378.4,0.226,0.85,0.3348
2026-08-12,7753.56,2026-08-31,19.0,6390.0,1368.55,0.2266,0.85,0.3324
2026-08-12,7753.56,2026-08-31,19.0,6400.0,1358.15,0.2269,0.85,0.33
2026-08-12,7753.56,2026-08-31,19.0,6410.0,1348.55,0.227,0.88,0.3286
2026-08-12,7753.56,2026-08-31,19.0,6420.0,1338.3,0.1883,0.9,0.3272
2026-08-12,7753.56,2026-08-31,19.0,6425.0,1333.65,0.1972,0.9,0.326
2026-08-12,7753.56,2026-08-31,19.0,6430.0,1329.75,0.2014,0.9,0.3248
2026-08-12,7753.56,2026-08-31,19.0,6440.0,1318.35,0.206,0.93,0.3234
2026-08-12,7753.56,2026-08-31,19.0,6450.0,1308.4,0.2085,0.95,0.322
2026-08-12,7753.56,2026-08-31,19.0,6460.0,1298.65,0.2101,0.95,0.3195
2026-08-12,7753.56,2026-08-31,19.0,6470.0,1288.85,0.2109,0.98,0.3181
2026-08-12,7753.56,2026-08-31,19.0,6475.0,1283.65,0.2112,1.0,0.3178
2026-08-12,7753.56,2026-08-31,19.0,6480.0,1278.65,0.2114,1.0,0.3166
2026-08-12,7753.56,2026-08-31,19.0,6490.0,1268.25,0.2116,1.0,0.3141
2026-08-12,7753.56,2026-08-31,19.0,6500.0,1258.85,0.2115,1.02,0.3126
2026-08-12,7753.56,2026-08-31,19.0,6510.0,1249.05,0.1774,1.05,0.3111
2026-08-12,7753.56,2026-08-31,19.0,6520.0,1238.6,0.1879,1.07,0.3095
2026-08-12,7753.56,2026-08-31,19.0,6525.0,1233.75,0.1902,1.07,0.3083
2026-08-12,7753.56,2026-08-31,19.0,6530.0,1229.45,0.1919,1.1,0.3079
2026-08-12,7753.56,2026-08-31,19.0,6540.0,1218.65,0.1941,1.1,0.3054
2026-08-12,7753.56,2026-08-31,19.0,6550.0,1208.8,0.1953,1.15,0.3046
2026-08-12,7753.56,2026-08-31,19.0,6560.0,1198.8,0.196,1.15,0.3022
2026-08-12,7753.56,2026-08-31,19.0,6570.0,1189.55,0.1963,1.18,0.3005
2026-08-12,7753.56,2026-08-31,19.0,6575.0,1184.75,0.1964,1.2,0.3
2026-08-12,7753.56,2026-08-31,19.0,6580.0,1178.8,0.1964,1.2,0.2988
2026-08-12,7753.56,2026-08-31,19.0,6590.0,1169.1,0.1962,1.23,0.2971
2026-08-12,7753.56,2026-08-31,19.0,6600.0,1159.15,0.1659,1.25,0.2954
2026-08-12,7753.56,2026-08-31,19.0,6610.0,1149.0,0.1744,1.27,0.2936
2026-08-12,7753.56,2026-08-31,19.0,6620.0,1139.35,0.1778,1.3,0.2919
2026-08-12,7753.56,2026-08-31,19.0,6625.0,1134.1,0.1789,1.32,0.2913
2026-08-12,7753.56,2026-08-31,19.0,6630.0,1129.2,0.1797,1.32,0.2901
2026-08-12,7753.56,2026-08-31,19.0,6640.0,1119.3,0.1807,1.35,0.2883
2026-08-12,7753.56,2026-08-31,19.0,6650.0,1110.0,0.1812,1.4,0.2871
2026-08-12,7753.56,2026-08-31,19.0,6660.0,1099.3,0.1814,1.43,0.2853
2026-08-12,7753.56,2026-08-31,19.0,6670.0,1089.65,0.1813,1.45,0.2835
2026-08-12,7753.56,2026-08-31,19.0,6675.0,1085.0,0.1812,1.48,0.2828
2026-08-12,7753.56,2026-08-31,19.0,6680.0,1079.8,0.1811,1.48,0.2816
2026-08-12,7753.56,2026-08-31,19.0,6690.0,1069.5,0.154,1.52,0.2803
2026-08-12,7753.56,2026-08-31,19.0,6700.0,1060.0,0.161,1.55,0.2784
2026-08-12,7753.56,2026-08-31,19.0,6710.0,1049.7,0.1639,1.57,0.2765
2026-08-12,7753.56,2026-08-31,19.0,6720.0,1039.85,0.1654,1.62,0.2751
2026-08-12,7753.56,2026-08-31,19.0,6725.0,1034.95,0.1659,1.65,0.2744
2026-08-12,7753.56,2026-08-31,19.0,6730.0,1030.25,0.1662,1.65,0.2732
2026-08-12,7753.56,2026-08-31,19.0,6740.0,1019.7,0.1665,1.7,0.2717
2026-08-12,7753.56,2026-08-31,19.0,6750.0,1010.2,0.1666,1.73,0.2697
2026-08-12,7753.56,2026-08-31,19.0,6760.0,999.85,0.1664,1.77,0.2682
2026-08-12,7753.56,2026-08-31,19.0,6770.0,990.55,0.166,1.8,0.2662
2026-08-12,7753.56,2026-08-31,19.0,6775.0,985.75,0.1318,1.82,0.2655
2026-08-12,7753.56,2026-08-31,19.0,6780.0,980.15,0.1419,1.85,0.2647
2026-08-12,7753.56,2026-08-31,19.0,6790.0,970.55,0.1476,1.9,0.2631
2026-08-12,7753.56,2026-08-31,19.0,6800.0,960.6,0.15,1.95,0.2615
2026-08-12,7753.56,2026-08-31,19.0,6810.0,950.3,0.1512,1.97,0.2594
2026-08-12,7753.56,2026-08-31,19.0,6820.0,940.55,0.1518,2.02,0.2578
2026-08-12,7753.56,2026-08-31,19.0,6825.0,935.5,0.1519,2.05,0.2569
2026-08-12,7753.56,2026-08-31,19.0,6830.0,930.4,0.152,2.08,0.2561
2026-08-12,7753.56,2026-08-31,19.0,6840.0,921.1,0.1518,2.12,0.2544
2026-08-12,7753.56,2026-08-31,19.0,6845.0,915.5,0.1517,2.15,0.2535
2026-08-12,7753.56,2026-08-31,19.0,6850.0,911.0,0.1515,2.17,0.2527
2026-08-12,7753.56,2026-08-31,19.0,6855.0,906.0,0.1513,2.2,0.2518
2026-08-12,7753.56,2026-08-31,19.0,6860.0,900.85,0.1511,2.25,0.2513
2026-08-12,7753.56,2026-08-31,19.0,6865.0,896.1,0.1227,2.28,0.2504
2026-08-12,7753.56,2026-08-31,19.0,6870.0,890.75,0.1296,2.3,0.2495
2026-08-12,7753.56,2026-08-31,19.0,6875.0,885.85,0.1325,2.33,0.2486
2026-08-12,7753.56,2026-08-31,19.0,6880.0,880.95,0.1342,2.35,0.2477
2026-08-12,7753.56,2026-08-31,19.0,6885.0,876.15,0.1354,2.38,0.2468
2026-08-12,7753.56,2026-08-31,19.0,6890.0,871.1,0.1362,2.42,0.2463
2026-08-12,7753.56,2026-08-31,19.0,6895.0,866.6,0.1367,2.45,0.2453
2026-08-12,7753.56,2026-08-31,19.0,6900.0,861.4,0.1371,2.47,0.2444
2026-08-12,7753.56,2026-08-31,19.0,6905.0,856.45,0.1373,2.5,0.2435
2026-08-12,7753.56,2026-08-31,19.0,6910.0,851.55,0.1375,2.53,0.2425
2026-08-12,7753.56,2026-08-31,19.0,6915.0,846.5,0.1375,2.58,0.2419
2026-08-12,7753.56,2026-08-31,19.0,6920.0,841.15,0.1375,2.6,0.241
2026-08-12,7753.56,2026-08-31,19.0,6925.0,836.65,0.1374,2.62,0.24
2026-08-12,7753.56,2026-08-31,19.0,6930.0,831.4,0.1372,2.67,0.2394
2026-08-12,7753.56,2026-08-31,19.0,6935.0,827.2,0.137,2.7,0.2384
2026-08-12,7753.56,2026-08-31,19.0,6940.0,821.3,0.1368,2.72,0.2374
2026-08-12,7753.56,2026-08-31,19.0,6945.0,816.8,0.1365,2.78,0.2368
2026-08-12,7753.56,2026-08-31,19.0,6950.0,812.05,0.1362,2.83,0.2361
2026-08-12,7753.56,2026-08-31,19.0,6955.0,807.15,0.1122,2.85,0.2351
2026-08-12,7753.56,2026-08-31,19.0,6960.0,802.1,0.1172,2.88,0.2341
2026-08-12,7753.56,2026-08-31,19.0,6965.0,797.35,0.1195,2.92,0.2334
2026-08-12,7753.56,2026-08-31,19.0,6970.0,792.3,0.1209,3.0,0.233
2026-08-12,7753.56,2026-08-31,19.0,6975.0,787.45,0.1218,3.03,0.2319
2026-08-12,7753.56,2026-08-31,19.0,6980.0,782.0,0.1224,3.03,0.2306
2026-08-12,7753.56,2026-08-31,19.0,6985.0,777.8,0.1228,3.1,0.2302
2026-08-12,7753.56,2026-08-31,19.0,6990.0,772.5,0.1231,3.1,0.2288
2026-08-12,7753.56,2026-08-31,19.0,6995.0,767.8,0.1232,3.2,0.2286
2026-08-12,7753.56,2026-08-31,19.0,7000.0,762.95,0.1232,3.2,0.2273
2026-08-12,7753.56,2026-08-31,19.0,7005.0,757.45,0.1232,3.3,0.2271
2026-08-12,7753.56,2026-08-31,19.0,7010.0,752.35,0.1231,3.3,0.2258
2026-08-12,7753.56,2026-08-31,19.0,7015.0,747.55,0.1229,3.3,0.2244
2026-08-12,7753.56,2026-08-31,19.0,7020.0,742.4,0.1227,3.4,0.2241
2026-08-12,7753.56,2026-08-31,19.0,7025.0,737.7,0.1224,3.4,0.2228
2026-08-12,7753.56,2026-08-31,19.0,7030.0,732.95,0.1221,3.5,0.2225
2026-08-12,7753.56,2026-08-31,19.0,7035.0,727.8,0.1218,3.5,0.2212
2026-08-12,7753.56,2026-08-31,19.0,7040.0,722.9,0.1215,3.6,0.2208
2026-08-12,7753.56,2026-08-31,19.0,7045.0,718.25,0.101,3.6,0.2195
2026-08-12,7753.56,2026-08-31,19.0,7050.0,713.25,0.1047,3.7,0.2191
2026-08-12,7753.56,2026-08-31,19.0,7055.0,708.4,0.1065,3.7,0.2177
2026-08-12,7753.56,2026-08-31,19.0,7060.0,703.8,0.1076,3.8,0.2174
2026-08-12,7753.56,2026-08-31,19.0,7065.0,698.25,0.1083,3.8,0.216
2026-08-12,7753.56,2026-08-31,19.0,7070.0,693.55,0.1087,3.9,0.2156
2026-08-12,7753.56,2026-08-31,19.0,7075.0,688.15,0.109,3.9,0.2142
2026-08-12,7753.56,2026-08-31,19.0,7080.0,683.6,0.1091,4.0,0.2137
2026-08-12,7753.56,2026-08-31,19.0,7085.0,678.55,0.1091,4.1,0.2133
2026-08-12,7753.56,2026-08-31,19.0,7090.0,673.8,0.1091,4.1,0.2119
2026-08-12,7753.56,2026-08-31,19.0,7095.0,668.65,0.1089,4.2,0.2114
2026-08-12,7753.56,2026-08-31,19.0,7100.0,663.95,0.1087,4.2,0.21
2026-08-12,7753.56,2026-08-31,19.0,7105.0,659.05,0.1085,4.3,0.2095
2026-08-12,7753.56,2026-08-31,19.0,7110.0,654.15,0.1082,4.4,0.2089
2026-08-12,7753.56,2026-08-31,19.0,7115.0,648.95,0.1079,4.4,0.2075
2026-08-12,7753.56,2026-08-31,19.0,7120.0,643.6,0.1076,4.5,0.207
2026-08-12,7753.56,2026-08-31,19.0,7125.0,639.35,0.1072,4.6,0.2064
2026-08-12,7753.56,2026-08-31,19.0,7130.0,634.15,0.1068,4.6,0.205
2026-08-12,7753.56,2026-08-31,19.0,7135.0,629.55,0.0893,4.7,0.2044
2026-08-12,7753.56,2026-08-31,19.0,7140.0,623.95,0.0921,4.8,0.2037
2026-08-12,7753.56,2026-08-31,19.0,7145.0,619.8,0.0935,4.8,0.2023
2026-08-12,7753.56,2026-08-31,19.0,7150.0,614.15,0.0943,4.9,0.2017
2026-08-12,7753.56,2026-08-31,19.0,7155.0,609.2,0.0948,5.0,0.201
2026-08-12,7753.56,2026-08-31,19.0,7160.0,604.9,0.095,5.1,0.2003
2026-08-12,7753.56,2026-08-31,19.0,7165.0,599.55,0.0952,5.2,0.1996
2026-08-12,7753.56,2026-08-31,19.0,7170.0,594.85,0.0952,5.2,0.1982
2026-08-12,7753.56,2026-08-31,19.0,7175.0,589.95,0.0951,5.3,0.1975
2026-08-12,7753.56,2026-08-31,19.0,7180.0,585.05,0.0949,5.4,0.1967
2026-08-12,7753.56,2026-08-31,19.0,7185.0,580.2,0.0947,5.5,0.196
2026-08-12,7753.56,2026-08-31,19.0,7190.0,575.35,0.0945,5.6,0.1952
2026-08-12,7753.56,2026-08-31,19.0,7195.0,570.75,0.0942,5.7,0.1944
2026-08-12,7753.56,2026-08-31,19.0,7200.0,565.5,0.0938,5.75,0.1933
2026-08-12,7753.56,2026-08-31,19.0,7205.0,560.35,0.0934,5.9,0.1928
2026-08-12,7753.56,2026-08-31,19.0,7210.0,555.5,0.093,5.9,0.1914
2026-08-12,7753.56,2026-08-31,19.0,7215.0,550.65,0.0926,6.0,0.1905
2026-08-12,7753.56,2026-08-31,19.0,7220.0,545.7,0.0695,6.15,0.19
2026-08-12,7753.56,2026-08-31,19.0,7225.0,541.45,0.2137,6.25,0.1891
2026-08-12,7753.56,2026-08-31,19.0,7230.0,536.1,0.0794,6.35,0.1883
2026-08-12,7753.56,2026-08-31,19.0,7235.0,531.05,0.0804,6.5,0.1877
2026-08-12,7753.56,2026-08-31,19.0,7240.0,526.75,0.081,6.6,0.1868
2026-08-12,7753.56,2026-08-31,19.0,7245.0,521.7,0.0813,6.7,0.1859
2026-08-12,7753.56,2026-08-31,19.0,7250.0,516.35,0.205,6.8,0.1849
2026-08-12,7753.56,2026-08-31,19.0,7255.0,511.6,0.0814,6.9,0.184
2026-08-12,7753.56,2026-08-31,19.0,7260.0,507.2,0.104,7.0,0.183
2026-08-12,7753.56,2026-08-31,19.0,7265.0,501.8,0.0811,7.15,0.1824
2026-08-12,7753.56,2026-08-31,19.0,7270.0,496.95,0.0809,7.3,0.1816
2026-08-12,7753.56,2026-08-31,19.0,7275.0,492.15,0.0915,7.4,0.1807
2026-08-12,7753.56,2026-08-31,19.0,7280.0,487.5,0.1133,7.6,0.1802
2026-08-12,7753.56,2026-08-31,19.0,7285.0,482.35,0.1057,7.7,0.1792
2026-08-12,7753.56,2026-08-31,19.0,7290.0,477.75,0.1176,7.85,0.1784
2026-08-12,7753.56,2026-08-31,19.0,7295.0,473.3,0.1267,8.0,0.1776
2026-08-12,7753.56,2026-08-31,19.0,7300.0,468.25,0.1246,8.1,0.1765
2026-08-12,7753.56,2026-08-31,19.0,7305.0,463.35,0.1248,8.3,0.1759
2026-08-12,7753.56,2026-08-31,19.0,7310.0,458.25,0.1219,8.45,0.1751
2026-08-12,7753.56,2026-08-31,19.0,7315.0,453.75,0.1275,8.6,0.1742
2026-08-12,7753.56,2026-08-31,19.0,7320.0,449.05,0.1297,8.8,0.1736
2026-08-12,7753.56,2026-08-31,19.0,7325.0,444.2,0.1299,8.9,0.1724
2026-08-12,7753.56,2026-08-31,19.0,7330.0,439.2,0.1285,9.1,0.1718
2026-08-12,7753.56,2026-08-31,19.0,7335.0,434.45,0.1296,9.3,0.171
2026-08-12,7753.56,2026-08-31,19.0,7340.0,429.55,0.1292,9.45,0.1701
2026-08-12,7753.56,2026-08-31,19.0,7345.0,424.8,0.13,9.65,0.1693
2026-08-12,7753.56,2026-08-31,19.0,7350.0,419.65,0.1273,9.9,0.1688
2026-08-12,7753.56,2026-08-31,19.0,7355.0,415.55,0.1331,10.05,0.1678
2026-08-12,7753.56,2026-08-31,19.0,7360.0,410.4,0.1306,10.25,0.167
2026-08-12,7753.56,2026-08-31,19.0,7365.0,405.5,0.1299,10.45,0.1661
2026-08-12,7753.56,2026-08-31,19.0,7370.0,401.4,0.1346,10.65,0.1653
2026-08-12,7753.56,2026-08-31,19.0,7375.0,396.05,0.1308,10.9,0.1646
2026-08-12,7753.56,2026-08-31,19.0,7380.0,391.2,0.1304,11.15,0.1639
2026-08-12,7753.56,2026-08-31,19.0,7385.0,386.45,0.1305,11.35,0.163
2026-08-12,7753.56,2026-08-31,19.0,7390.0,382.0,0.1322,11.6,0.1622
2026-08-12,7753.56,2026-08-31,19.0,7395.0,377.0,0.1307,11.85,0.1615
2026-08-12,7753.56,2026-08-31,19.0,7400.0,371.95,0.129,12.1,0.1607
2026-08-12,7753.56,2026-08-31,19.0,7405.0,367.95,0.1328,12.35,0.1599
2026-08-12,7753.56,2026-08-31,19.0,7410.0,363.9,0.1358,12.65,0.1592
2026-08-12,7753.56,2026-08-31,19.0,7415.0,359.2,0.1356,12.95,0.1585
2026-08-12,7753.56,2026-08-31,19.0,7420.0,354.5,0.1354,13.15,0.1574
2026-08-12,7753.56,2026-08-31,19.0,7425.0,349.95,0.1357,13.5,0.1569
2026-08-12,7753.56,2026-08-31,19.0,7430.0,345.3,0.1355,13.85,0.1563
2026-08-12,7753.56,2026-08-31,19.0,7435.0,341.2,0.1375,14.15,0.1555
2026-08-12,7753.56,2026-08-31,19.0,7440.0,335.95,0.1349,14.45,0.1546
2026-08-12,7753.56,2026-08-31,19.0,7445.0,332.2,0.1379,14.8,0.1539
2026-08-12,7753.56,2026-08-31,19.0,7450.0,326.55,0.1339,15.15,0.1532
2026-08-12,7753.56,2026-08-31,19.0,7455.0,321.85,0.1333,15.45,0.1523
2026-08-12,7753.56,2026-08-31,19.0,7460.0,317.25,0.133,15.85,0.1517
2026-08-12,7753.56,2026-08-31,19.0,7465.0,312.65,0.1328,16.25,0.151
2026-08-12,7753.56,2026-08-31,19.0,7470.0,308.05,0.1324,16.55,0.1501
2026-08-12,7753.56,2026-08-31,19.0,7475.0,303.45,0.132,16.95,0.1493
2026-08-12,7753.56,2026-08-31,19.0,7480.0,298.9,0.1317,17.35,0.1486
2026-08-12,7753.56,2026-08-31,19.0,7485.0,294.3,0.1313,17.85,0.1481
2026-08-12,7753.56,2026-08-31,19.0,7490.0,289.5,0.1301,18.3,0.1474
2026-08-12,7753.56,2026-08-31,19.0,7495.0,285.1,0.1302,18.75,0.1467
2026-08-12,7753.56,2026-08-31,19.0,7500.0,280.7,0.1302,19.25,0.1461
2026-08-12,7753.56,2026-08-31,19.0,7505.0,275.9,0.129,19.65,0.1452
2026-08-12,7753.56,2026-08-31,19.0,7510.0,271.45,0.1287,20.2,0.1446
2026-08-12,7753.56,2026-08-31,19.0,7515.0,267.2,0.129,20.7,0.1439
2026-08-12,7753.56,2026-08-31,19.0,7520.0,262.75,0.1286,21.25,0.1432
2026-08-12,7753.56,2026-08-31,19.0,7525.0,258.15,0.1278,21.75,0.1425
2026-08-12,7753.56,2026-08-31,19.0,7530.0,253.6,0.1271,22.4,0.142
2026-08-12,7753.56,2026-08-31,19.0,7535.0,249.45,0.1273,22.95,0.1412
2026-08-12,7753.56,2026-08-31,19.0,7540.0,245.2,0.1273,23.45,0.1404
2026-08-12,7753.56,2026-08-31,19.0,7545.0,240.85,0.1269,24.05,0.1397
2026-08-12,7753.56,2026-08-31,19.0,7550.0,235.9,0.1251,24.75,0.1391
2026-08-12,7753.56,2026-08-31,19.0,7555.0,231.85,0.1254,25.4,0.1385
2026-08-12,7753.56,2026-08-31,19.0,7560.0,227.45,0.1248,26.15,0.138
2026-08-12,7753.56,2026-08-31,19.0,7565.0,223.5,0.1251,26.85,0.1373
2026-08-12,7753.56,2026-08-31,19.0,7570.0,219.0,0.1242,27.5,0.1365
2026-08-12,7753.56,2026-08-31,19.0,7575.0,214.55,0.1233,28.25,0.1359
2026-08-12,7753.56,2026-08-31,19.0,7580.0,210.3,0.1229,29.05,0.1353
2026-08-12,7753.56,2026-08-31,19.0,7585.0,206.1,0.1225,29.85,0.1347
2026-08-12,7753.56,2026-08-31,19.0,7590.0,202.0,0.1222,30.65,0.1341
2026-08-12,7753.56,2026-08-31,19.0,7595.0,198.15,0.1224,31.55,0.1336
2026-08-12,7753.56,2026-08-31,19.0,7600.0,194.05,0.122,32.4,0.1329
2026-08-12,7753.56,2026-08-31,19.0,7605.0,189.85,0.1214,33.2,0.1321
2026-08-12,7753.56,2026-08-31,19.0,7610.0,185.75,0.1209,34.2,0.1317
2026-08-12,7753.56,2026-08-31,19.0,7615.0,181.7,0.1205,35.15,0.1311
2026-08-12,7753.56,2026-08-31,19.0,7620.0,177.75,0.1202,36.15,0.1305
2026-08-12,7753.56,2026-08-31,19.0,7625.0,174.1,0.1203,37.15,0.1299
2026-08-12,7753.56,2026-08-31,19.0,7630.0,170.3,0.1202,38.35,0.1296
2026-08-12,7753.56,2026-08-31,19.0,7635.0,166.4,0.1198,39.25,0.1287
2026-08-12,7753.56,2026-08-31,19.0,7640.0,162.5,0.1193,40.4,0.1282
2026-08-12,7753.56,2026-08-31,19.0,7645.0,158.4,0.1185,41.65,0.1278
2026-08-12,7753.56,2026-08-31,19.0,7650.0,154.7,0.1182,42.75,0.1271
2026-08-12,7753.56,2026-08-31,19.0,7655.0,150.9,0.1178,43.95,0.1266
2026-08-12,7753.56,2026-08-31,19.0,7660.0,147.2,0.1174,45.2,0.126
2026-08-12,7753.56,2026-08-31,19.0,7665.0,143.4,0.1168,46.6,0.1257
2026-08-12,7753.56,2026-08-31,19.0,7670.0,139.7,0.1164,47.8,0.1249
2026-08-12,7753.56,2026-08-31,19.0,7675.0,136.2,0.1162,49.2,0.1245
2026-08-12,7753.56,2026-08-31,19.0,7680.0,132.7,0.1159,50.65,0.124
2026-08-12,7753.56,2026-08-31,19.0,7685.0,129.1,0.1154,52.15,0.1236
2026-08-12,7753.56,2026-08-31,19.0,7690.0,125.5,0.1148,53.6,0.123
2026-08-12,7753.56,2026-08-31,19.0,7695.0,122.2,0.1147,55.2,0.1226
2026-08-12,7753.56,2026-08-31,19.0,7700.0,118.8,0.1143,56.7,0.122
2026-08-12,7753.56,2026-08-31,19.0,7705.0,115.3,0.1137,58.35,0.1215
2026-08-12,7753.56,2026-08-31,19.0,7710.0,112.05,0.1134,60.15,0.1212
2026-08-12,7753.56,2026-08-31,19.0,7715.0,108.8,0.1131,61.8,0.1207
2026-08-12,7753.56,2026-08-31,19.0,7720.0,105.5,0.1126,63.5,0.1201
2026-08-12,7753.56,2026-08-31,19.0,7725.0,102.5,0.1125,65.35,0.1197
2026-08-12,7753.56,2026-08-31,19.0,7730.0,99.35,0.1121,67.25,0.1193
2026-08-12,7753.56,2026-08-31,19.0,7735.0,96.25,0.1117,69.2,0.1189
2026-08-12,7753.56,2026-08-31,19.0,7740.0,93.25,0.1114,71.2,0.1185
2026-08-12,7753.56,2026-08-31,19.0,7745.0,90.25,0.111,73.2,0.118
2026-08-12,7753.56,2026-08-31,19.0,7750.0,87.25,0.1105,75.2,0.1175
2026-08-12,7753.56,2026-08-31,19.0,7755.0,84.55,0.1104,77.35,0.1171
2026-08-12,7753.56,2026-08-31,19.0,7760.0,81.75,0.1101,79.65,0.1169
2026-08-12,7753.56,2026-08-31,19.0,7765.0,79.0,0.1098,81.8,0.1164
2026-08-12,7753.56,2026-08-31,19.0,7770.0,76.25,0.1094,84.2,0.1162
2026-08-12,7753.56,2026-08-31,19.0,7775.0,73.65,0.1092,86.4,0.1156
2026-08-12,7753.56,2026-08-31,19.0,7780.0,71.0,0.1088,88.95,0.1154
2026-08-12,7753.56,2026-08-31,19.0,7785.0,68.55,0.1086,91.5,0.1152
2026-08-12,7753.56,2026-08-31,19.0,7790.0,66.1,0.1083,93.8,0.1145
2026-08-12,7753.56,2026-08-31,19.0,7795.0,63.7,0.1081,96.6,0.1145
2026-08-12,7753.56,2026-08-31,19.0,7800.0,61.35,0.1078,99.05,0.1139
2026-08-12,7753.56,2026-08-31,19.0,7805.0,59.0,0.1075,101.8,0.1136
2026-08-12,7753.56,2026-08-31,19.0,7810.0,56.8,0.1073,104.6,0.1134
2026-08-12,7753.56,2026-08-31,19.0,7815.0,54.75,0.1072,107.4,0.1131
2026-08-12,7753.56,2026-08-31,19.0,7820.0,52.5,0.1068,110.2,0.1127
2026-08-12,7753.56,2026-08-31,19.0,7825.0,50.5,0.1067,113.1,0.1123
2026-08-12,7753.56,2026-08-31,19.0,7830.0,48.55,0.1065,116.1,0.1121
2026-08-12,7753.56,2026-08-31,19.0,7835.0,46.6,0.1063,119.2,0.1119
2026-08-12,7753.56,2026-08-31,19.0,7840.0,44.65,0.106,122.3,0.1116
2026-08-12,7753.56,2026-08-31,19.0,7845.0,42.8,0.1058,125.4,0.1112
2026-08-12,7753.56,2026-08-31,19.0,7850.0,41.05,0.1057,129.0,0.1116
2026-08-12,7753.56,2026-08-31,19.0,7855.0,39.35,0.1055,132.2,0.1112
2026-08-12,7753.56,2026-08-31,19.0,7860.0,37.6,0.1052,135.6,0.1111
2026-08-12,7753.56,2026-08-31,19.0,7865.0,36.0,0.1051,138.95,0.1108
2026-08-12,7753.56,2026-08-31,19.0,7870.0,34.45,0.1049,142.4,0.1106
2026-08-12,7753.56,2026-08-31,19.0,7875.0,32.95,0.1048,145.9,0.1104
2026-08-12,7753.56,2026-08-31,19.0,7880.0,31.45,0.1046,149.2,0.1098
2026-08-12,7753.56,2026-08-31,19.0,7885.0,30.05,0.1045,152.7,0.1094
2026-08-12,7753.56,2026-08-31,19.0,7890.0,28.75,0.1044,156.65,0.1097
2026-08-12,7753.56,2026-08-31,19.0,7895.0,27.35,0.1042,160.25,0.1093
2026-08-12,7753.56,2026-08-31,19.0,7900.0,26.1,0.1041,163.75,0.1086
2026-08-12,7753.56,2026-08-31,19.0,7905.0,24.9,0.104,167.7,0.1087
2026-08-12,7753.56,2026-08-31,19.0,7910.0,23.75,0.1039,171.4,0.1082
2026-08-12,7753.56,2026-08-31,19.0,7915.0,22.65,0.1039,175.35,0.1081
2026-08-12,7753.56,2026-08-31,19.0,7920.0,21.55,0.1037,179.1,0.1075
2026-08-12,7753.56,2026-08-31,19.0,7925.0,20.55,0.1037,182.85,0.1067
2026-08-12,7753.56,2026-08-31,19.0,7930.0,19.55,0.1036,186.85,0.1064
2026-08-12,7753.56,2026-08-31,19.0,7935.0,18.6,0.1036,191.05,0.1064
2026-08-12,7753.56,2026-08-31,19.0,7940.0,17.65,0.1034,195.2,0.1062
2026-08-12,7753.56,2026-08-31,19.0,7945.0,16.8,0.1034,199.35,0.1059
2026-08-12,7753.56,2026-08-31,19.0,7950.0,15.95,0.1034,203.35,0.105
2026-08-12,7753.56,2026-08-31,19.0,7955.0,15.15,0.1033,207.55,0.1046
2026-08-12,7753.56,2026-08-31,19.0,7960.0,14.4,0.1033,211.85,0.1043
2026-08-12,7753.56,2026-08-31,19.0,7965.0,13.65,0.1032,216.05,0.1035
2026-08-12,7753.56,2026-08-31,19.0,7970.0,12.95,0.1032,220.4,0.103
2026-08-12,7753.56,2026-08-31,19.0,7975.0,12.3,0.1033,224.7,0.1022
2026-08-12,7753.56,2026-08-31,19.0,7980.0,11.65,0.1032,229.05,0.1012
2026-08-12,7753.56,2026-08-31,19.0,7985.0,11.05,0.1032,233.45,0.1001
2026-08-12,7753.56,2026-08-31,19.0,7990.0,10.45,0.1032,237.9,0.0989
2026-08-12,7753.56,2026-08-31,19.0,7995.0,9.95,0.1033,242.35,0.0972
2026-08-12,7753.56,2026-08-31,19.0,8000.0,9.4,0.1033,246.8,0.0935
2026-08-12,7753.56,2026-08-31,19.0,8005.0,8.9,0.1033,251.3,0.0929
2026-08-12,7753.56,2026-08-31,19.0,8010.0,8.45,0.1034,255.8,0.0943
2026-08-12,7753.56,2026-08-31,19.0,8015.0,7.95,0.1033,260.6,0.0957
2026-08-12,7753.56,2026-08-31,19.0,8020.0,7.6,0.1036,265.05,0.0971
2026-08-12,7753.56,2026-08-31,19.0,8025.0,7.2,0.1036,269.4,0.0985
2026-08-12,7753.56,2026-08-31,19.0,8030.0,6.8,0.1036,274.4,0.0998
2026-08-12,7753.56,2026-08-31,19.0,8035.0,6.45,0.1038,278.5,0.1012
2026-08-12,7753.56,2026-08-31,19.0,8040.0,6.15,0.104,283.55,0.1026
2026-08-12,7753.56,2026-08-31,19.0,8045.0,5.8,0.104,287.85,0.1039
2026-08-12,7753.56,2026-08-31,19.0,8050.0,5.55,0.1044,293.0,0.1053
2026-08-12,7753.56,2026-08-31,19.0,8055.0,5.25,0.1045,297.55,0.1066
2026-08-12,7753.56,2026-08-31,19.0,8060.0,5.0,0.1047,302.15,0.108
2026-08-12,7753.56,2026-08-31,19.0,8065.0,4.75,0.1049,309.0,0.1093
2026-08-12,7753.56,2026-08-31,19.0,8070.0,4.5,0.1051,313.85,0.1106
2026-08-12,7753.56,2026-08-31,19.0,8075.0,4.3,0.1054,317.95,0.112
2026-08-12,7753.56,2026-08-31,19.0,8080.0,4.05,0.1054,323.2,0.1133
2026-08-12,7753.56,2026-08-31,19.0,8085.0,3.9,0.1059,328.0,0.1146
2026-08-12,7753.56,2026-08-31,19.0,8090.0,3.7,0.1061,332.85,0.1159
2026-08-12,7753.56,2026-08-31,19.0,8095.0,3.5,0.1062,337.55,0.1173
2026-08-12,7753.56,2026-08-31,19.0,8100.0,3.4,0.1069,341.9,0.1186
2026-08-12,7753.56,2026-08-31,19.0,8105.0,3.2,0.1069,347.15,0.1199
2026-08-12,7753.56,2026-08-31,19.0,8110.0,3.03,0.107,352.0,0.1212
2026-08-12,7753.56,2026-08-31,19.0,8115.0,2.92,0.1076,356.95,0.1225
2026-08-12,7753.56,2026-08-31,19.0,8120.0,2.78,0.1078,361.75,0.1238
2026-08-12,7753.56,2026-08-31,19.0,8125.0,2.67,0.1083,366.25,0.1251
2026-08-12,7753.56,2026-08-31,19.0,8130.0,2.53,0.1084,371.55,0.1264
2026-08-12,7753.56,2026-08-31,19.0,8135.0,2.42,0.1088,376.4,0.1277
2026-08-12,7753.56,2026-08-31,19.0,8140.0,2.33,0.1092,381.3,0.129
2026-08-12,7753.56,2026-08-31,19.0,8145.0,2.25,0.1098,385.75,0.1303
2026-08-12,7753.56,2026-08-31,19.0,8150.0,2.15,0.1101,391.1,0.1315
2026-08-12,7753.56,2026-08-31,19.0,8155.0,2.08,0.1106,396.0,0.1328
2026-08-12,7753.56,2026-08-31,19.0,8160.0,2.0,0.1111,400.9,0.1341
2026-08-12,7753.56,2026-08-31,19.0,8165.0,1.93,0.1116,405.45,0.1354
2026-08-12,7753.56,2026-08-31,19.0,8170.0,1.85,0.112,410.4,0.1366
2026-08-12,7753.56,2026-08-31,19.0,8175.0,1.77,0.1124,415.3,0.1379
2026-08-12,7753.56,2026-08-31,19.0,8180.0,1.73,0.113,420.5,0.1392
2026-08-12,7753.56,2026-08-31,19.0,8190.0,1.6,0.1139,430.45,0.1417
2026-08-12,7753.56,2026-08-31,19.0,8200.0,1.5,0.115,440.65,0.1442
2026-08-12,7753.56,2026-08-31,19.0,8210.0,1.4,0.116,449.9,0.1467
2026-08-12,7753.56,2026-08-31,19.0,8220.0,1.32,0.1172,458.55,0.1492
2026-08-12,7753.56,2026-08-31,19.0,8225.0,1.3,0.1179,465.05,0.1504
2026-08-12,7753.56,2026-08-31,19.0,8230.0,1.25,0.1183,469.7,0.1516
2026-08-12,7753.56,2026-08-31,19.0,8240.0,1.2,0.1198,479.6,0.1541
2026-08-12,7753.56,2026-08-31,19.0,8250.0,1.1,0.1204,490.05,0.1565
2026-08-12,7753.56,2026-08-31,19.0,8260.0,1.07,0.1221,498.35,0.159
2026-08-12,7753.56,2026-08-31,19.0,8270.0,1.0,0.1229,509.6,0.1614
2026-08-12,7753.56,2026-08-31,19.0,8275.0,1.0,0.1239,514.45,0.1626
2026-08-12,7753.56,2026-08-31,19.0,8280.0,0.98,0.1245,519.65,0.1639
2026-08-12,7753.56,2026-08-31,19.0,8290.0,0.93,0.1257,529.65,0.1663
2026-08-12,7753.56,2026-08-31,19.0,8300.0,0.9,0.1272,539.55,0.1687
2026-08-12,7753.56,2026-08-31,19.0,8310.0,0.85,0.1283,549.45,0.1711
2026-08-12,7753.56,2026-08-31,19.0,8320.0,0.8,0.1292,559.65,0.1735
2026-08-12,7753.56,2026-08-31,19.0,8325.0,0.8,0.1302,564.15,0.1747
2026-08-12,7753.56,2026-08-31,19.0,8330.0,0.8,0.1312,569.35,0.1759
2026-08-12,7753.56,2026-08-31,19.0,8340.0,0.75,0.1321,579.15,0.1782
2026-08-12,7753.56,2026-08-31,19.0,8350.0,0.73,0.1335,587.8,0.1806
2026-08-12,7753.56,2026-08-31,19.0,8360.0,0.7,0.1348,598.85,0.183
2026-08-12,7753.56,2026-08-31,19.0,8370.0,0.68,0.1361,608.8,0.1853
2026-08-12,7753.56,2026-08-31,19.0,8375.0,0.65,0.1364,614.4,0.1865
2026-08-12,7753.56,2026-08-31,19.0,8380.0,0.65,0.1374,618.45,0.1876
2026-08-12,7753.56,2026-08-31,19.0,8390.0,0.62,0.1386,628.65,0.19
2026-08-12,7753.56,2026-08-31,19.0,8400.0,0.6,0.1398,639.05,0.1923
2026-08-12,7753.56,2026-08-31,19.0,8410.0,0.6,0.1417,649.0,0.1946
2026-08-12,7753.56,2026-08-31,19.0,8420.0,0.55,0.1421,658.65,0.1969
2026-08-12,7753.56,2026-08-31,19.0,8425.0,0.55,0.143,663.55,0.1981
2026-08-12,7753.56,2026-08-31,19.0,8430.0,0.55,0.144,668.9,0.1993
2026-08-12,7753.56,2026-08-31,19.0,8440.0,0.55,0.1458,677.25,0.2016
2026-08-12,7753.56,2026-08-31,19.0,8450.0,0.5,0.146,688.8,0.2039
2026-08-12,7753.56,2026-08-31,19.0,8460.0,0.5,0.1478,698.45,0.2061
2026-08-12,7753.56,2026-08-31,19.0,8470.0,0.5,0.1496,708.7,0.2084
2026-08-12,7753.56,2026-08-31,19.0,8475.0,0.45,0.1488,713.4,0.2096
2026-08-12,7753.56,2026-08-31,19.0,8480.0,0.45,0.1497,716.85,0.2107
2026-08-12,7753.56,2026-08-31,19.0,8490.0,0.45,0.1515,728.6,0.213
2026-08-12,7753.56,2026-08-31,19.0,8500.0,0.45,0.1532,738.65,0.2152
2026-08-12,7753.56,2026-08-31,19.0,8510.0,0.4,0.153,748.65,0.2175
2026-08-12,7753.56,2026-08-31,19.0,8520.0,0.4,0.1548,,
2026-08-12,7753.56,2026-08-31,19.0,8525.0,0.4,0.1557,763.5,0.2208
2026-08-12,7753.56,2026-08-31,19.0,8530.0,0.4,0.1565,767.8,0.222
2026-08-12,7753.56,2026-08-31,19.0,8540.0,0.38,0.1572,778.45,0.2242
2026-08-12,7753.56,2026-08-31,19.0,8550.0,0.35,0.1578,788.0,0.2264
2026-08-12,7753.56,2026-08-31,19.0,8575.0,0.32,0.1608,813.0,0.232
2026-08-12,7753.56,2026-08-31,19.0,8600.0,0.3,0.1637,838.55,0.2375
2026-08-12,7753.56,2026-08-31,19.0,8625.0,0.28,0.1664,863.3,0.243
2026-08-12,7753.56,2026-08-31,19.0,8650.0,0.25,0.169,,
2026-08-12,7753.56,2026-08-31,19.0,8675.0,0.25,0.1731,913.0,0.2538
2026-08-12,7753.56,2026-09-01,20.0,5900.0,1856.95,0.3042,0.53,0.4211
2026-08-12,7753.56,2026-09-01,20.0,6000.0,1757.5,0.2896,0.6,0.4027
2026-08-12,7753.56,2026-09-01,20.0,6100.0,1657.35,0.2745,0.68,0.3837
2026-08-12,7753.56,2026-09-01,20.0,6200.0,1557.65,0.2122,0.77,0.3654
2026-08-12,7753.56,2026-09-01,20.0,6300.0,1458.4,0.2172,0.93,0.3484
2026-08-12,7753.56,2026-09-01,20.0,6325.0,1433.45,0.2154,0.95,0.3435
2026-08-12,7753.56,2026-09-01,20.0,6350.0,1408.2,0.2133,0.98,0.3385
2026-08-12,7753.56,2026-09-01,20.0,6375.0,1383.65,0.2109,1.02,0.3345
2026-08-12,7753.56,2026-09-01,20.0,6400.0,1358.95,0.2083,1.07,0.3303
2026-08-12,7753.56,2026-09-01,20.0,6425.0,1333.9,0.2056,1.12,0.326
2026-08-12,7753.56,2026-09-01,20.0,6450.0,1309.55,0.2027,1.18,0.3217
2026-08-12,7753.56,2026-09-01,20.0,6475.0,1283.75,0.1997,1.23,0.3172
2026-08-12,7753.56,2026-09-01,20.0,6500.0,1259.8,0.1966,1.27,0.3127
2026-08-12,7753.56,2026-09-01,20.0,6525.0,1234.2,0.1934,1.35,0.3088
2026-08-12,7753.56,2026-09-01,20.0,6550.0,1209.15,0.1901,1.43,0.3048
2026-08-12,7753.56,2026-09-01,20.0,6575.0,1185.2,0.1868,1.48,0.3
2026-08-12,7753.56,2026-09-01,20.0,6600.0,1159.35,0.1835,1.57,0.2964
2026-08-12,7753.56,2026-09-01,20.0,6625.0,1134.7,0.1801,1.65,0.292
2026-08-12,7753.56,2026-09-01,20.0,6650.0,1110.5,0.1766,1.73,0.2875
2026-08-12,7753.56,2026-09-01,20.0,6675.0,1085.65,0.1731,1.82,0.2834
2026-08-12,7753.56,2026-09-01,20.0,6700.0,1060.95,0.1696,1.93,0.2792
2026-08-12,7753.56,2026-09-01,20.0,6725.0,1035.6,0.166,2.02,0.2749
2026-08-12,7753.56,2026-09-01,20.0,6750.0,1011.35,0.1625,2.17,0.2713
2026-08-12,7753.56,2026-09-01,20.0,6775.0,986.4,0.1588,2.28,0.2668
2026-08-12,7753.56,2026-09-01,20.0,6800.0,961.3,0.1552,2.42,0.2628
2026-08-12,7753.56,2026-09-01,20.0,6825.0,936.7,0.1516,2.55,0.2584
2026-08-12,7753.56,2026-09-01,20.0,6850.0,912.15,0.1479,2.7,0.2541
2026-08-12,7753.56,2026-09-01,20.0,6875.0,887.4,0.1442,2.88,0.2501
2026-08-12,7753.56,2026-09-01,20.0,6900.0,861.6,0.1405,3.03,0.2456
2026-08-12,7753.56,2026-09-01,20.0,6925.0,837.75,0.1367,3.2,0.2412
2026-08-12,7753.56,2026-09-01,20.0,6950.0,812.35,0.133,3.4,0.2369
2026-08-12,7753.56,2026-09-01,20.0,6975.0,788.0,0.1051,3.6,0.2325
2026-08-12,7753.56,2026-09-01,20.0,7000.0,763.85,0.1061,3.9,0.2289
2026-08-12,7753.56,2026-09-01,20.0,7025.0,738.35,0.1051,4.1,0.2241
2026-08-12,7753.56,2026-09-01,20.0,7050.0,714.5,0.1032,4.4,0.22
2026-08-12,7753.56,2026-09-01,20.0,7075.0,689.3,0.1009,4.7,0.2157
2026-08-12,7753.56,2026-09-01,20.0,7100.0,665.25,0.0984,5.05,0.2116
2026-08-12,7753.56,2026-09-01,20.0,7125.0,640.5,0.0956,5.4,0.2072
2026-08-12,7753.56,2026-09-01,20.0,7150.0,615.6,0.0927,5.75,0.2026
2026-08-12,7753.56,2026-09-01,20.0,7175.0,591.5,0.0896,6.25,0.1988
2026-08-12,7753.56,2026-09-01,20.0,7180.0,586.6,0.089,6.35,0.198
2026-08-12,7753.56,2026-09-01,20.0,7190.0,576.25,0.0877,6.55,0.1963
2026-08-12,7753.56,2026-09-01,20.0,7200.0,566.65,0.0865,6.75,0.1946
2026-08-12,7753.56,2026-09-01,20.0,7210.0,556.95,0.0852,6.95,0.1928
2026-08-12,7753.56,2026-09-01,20.0,7220.0,547.15,0.0839,7.15,0.1911
2026-08-12,7753.56,2026-09-01,20.0,7225.0,542.25,0.0832,7.25,0.1901
2026-08-12,7753.56,2026-09-01,20.0,7230.0,537.45,0.0826,7.35,0.1892
2026-08-12,7753.56,2026-09-01,20.0,7240.0,527.3,0.0813,7.65,0.1879
2026-08-12,7753.56,2026-09-01,20.0,7250.0,518.5,0.126,7.85,0.1859
2026-08-12,7753.56,2026-09-01,20.0,7260.0,508.85,0.1301,8.15,0.1844
2026-08-12,7753.56,2026-09-01,20.0,7270.0,498.25,0.1142,8.45,0.1829
2026-08-12,7753.56,2026-09-01,20.0,7275.0,493.7,0.1235,8.55,0.1818
2026-08-12,7753.56,2026-09-01,20.0,7280.0,488.65,0.1212,8.75,0.1813
2026-08-12,7753.56,2026-09-01,20.0,7290.0,478.75,0.1205,9.05,0.1796
2026-08-12,7753.56,2026-09-01,20.0,7300.0,469.45,0.1281,9.35,0.1779
2026-08-12,7753.56,2026-09-01,20.0,7310.0,459.65,0.1278,9.65,0.1761
2026-08-12,7753.56,2026-09-01,20.0,7320.0,450.85,0.1364,10.05,0.1746
2026-08-12,7753.56,2026-09-01,20.0,7325.0,446.05,0.1366,10.25,0.1739
2026-08-12,7753.56,2026-09-01,20.0,7330.0,441.0,0.1349,10.4,0.1729
2026-08-12,7753.56,2026-09-01,20.0,7340.0,431.65,0.1368,10.85,0.1716
2026-08-12,7753.56,2026-09-01,20.0,7350.0,421.55,0.1333,11.25,0.1699
2026-08-12,7753.56,2026-09-01,20.0,7360.0,412.1,0.134,11.65,0.1682
2026-08-12,7753.56,2026-09-01,20.0,7370.0,402.05,0.1309,12.05,0.1664
2026-08-12,7753.56,2026-09-01,20.0,7375.0,397.9,0.1344,12.35,0.1658
2026-08-12,7753.56,2026-09-01,20.0,7380.0,393.1,0.134,12.55,0.1649
2026-08-12,7753.56,2026-09-01,20.0,7390.0,383.15,0.1314,13.15,0.1636
2026-08-12,7753.56,2026-09-01,20.0,7400.0,375.3,0.1386,13.65,0.1619
2026-08-12,7753.56,2026-09-01,20.0,7410.0,365.9,0.1381,14.25,0.1605
2026-08-12,7753.56,2026-09-01,20.0,7420.0,355.95,0.1351,14.85,0.1589
2026-08-12,7753.56,2026-09-01,20.0,7425.0,351.45,0.1355,15.15,0.1581
2026-08-12,7753.56,2026-09-01,20.0,7430.0,346.75,0.1351,15.5,0.1575
2026-08-12,7753.56,2026-09-01,20.0,7440.0,337.8,0.1358,16.2,0.156
2026-08-12,7753.56,2026-09-01,20.0,7450.0,328.7,0.1356,16.85,0.1543
2026-08-12,7753.56,2026-09-01,20.0,7460.0,319.1,0.1336,17.65,0.153
2026-08-12,7753.56,2026-09-01,20.0,7470.0,310.2,0.1338,18.45,0.1515
2026-08-12,7753.56,2026-09-01,20.0,7475.0,305.5,0.133,18.9,0.1508
2026-08-12,7753.56,2026-09-01,20.0,7480.0,300.9,0.1325,19.35,0.1502
2026-08-12,7753.56,2026-09-01,20.0,7490.0,292.05,0.1323,20.3,0.1488
2026-08-12,7753.56,2026-09-01,20.0,7500.0,283.0,0.1314,21.2,0.1473
2026-08-12,7753.56,2026-09-01,20.0,7510.0,273.55,0.1293,22.3,0.1461
2026-08-12,7753.56,2026-09-01,20.0,7520.0,265.0,0.1294,23.4,0.1447
2026-08-12,7753.56,2026-09-01,20.0,7525.0,260.9,0.1298,23.95,0.144
2026-08-12,7753.56,2026-09-01,20.0,7530.0,256.4,0.1292,24.55,0.1433
2026-08-12,7753.56,2026-09-01,20.0,7540.0,247.7,0.1284,25.8,0.142
2026-08-12,7753.56,2026-09-01,20.0,7550.0,239.1,0.1278,27.05,0.1406
2026-08-12,7753.56,2026-09-01,20.0,7560.0,229.85,0.1255,28.4,0.1392
2026-08-12,7753.56,2026-09-01,20.0,7570.0,221.9,0.1258,30.0,0.1382
2026-08-12,7753.56,2026-09-01,20.0,7575.0,217.45,0.1249,30.8,0.1376
2026-08-12,7753.56,2026-09-01,20.0,7580.0,213.15,0.1243,31.6,0.137
2026-08-12,7753.56,2026-09-01,20.0,7585.0,209.15,0.1242,32.35,0.1363
2026-08-12,7753.56,2026-09-01,20.0,7590.0,204.85,0.1235,33.2,0.1357
2026-08-12,7753.56,2026-09-01,20.0,7595.0,201.15,0.1239,34.0,0.1349
2026-08-12,7753.56,2026-09-01,20.0,7600.0,196.95,0.1233,35.0,0.1345
2026-08-12,7753.56,2026-09-01,20.0,7605.0,192.6,0.1224,35.9,0.1339
2026-08-12,7753.56,2026-09-01,20.0,7610.0,188.6,0.122,36.8,0.1332
2026-08-12,7753.56,2026-09-01,20.0,7615.0,184.95,0.1222,37.8,0.1326
2026-08-12,7753.56,2026-09-01,20.0,7620.0,180.9,0.1217,38.9,0.1322
2026-08-12,7753.56,2026-09-01,20.0,7625.0,177.15,0.1216,39.9,0.1315
2026-08-12,7753.56,2026-09-01,20.0,7630.0,173.0,0.1208,41.0,0.131
2026-08-12,7753.56,2026-09-01,20.0,7635.0,169.25,0.1206,42.05,0.1304
2026-08-12,7753.56,2026-09-01,20.0,7640.0,165.5,0.1204,43.2,0.1298
2026-08-12,7753.56,2026-09-01,20.0,7645.0,161.6,0.1198,44.4,0.1293
2026-08-12,7753.56,2026-09-01,20.0,7650.0,157.7,0.1192,45.6,0.1288
2026-08-12,7753.56,2026-09-01,20.0,7655.0,153.9,0.1188,46.8,0.1282
2026-08-12,7753.56,2026-09-01,20.0,7660.0,150.3,0.1185,48.2,0.1278
2026-08-12,7753.56,2026-09-01,20.0,7665.0,146.5,0.1179,49.4,0.1271
2026-08-12,7753.56,2026-09-01,20.0,7670.0,142.9,0.1176,50.85,0.1268
2026-08-12,7753.56,2026-09-01,20.0,7675.0,139.3,0.1172,52.25,0.1263
2026-08-12,7753.56,2026-09-01,20.0,7680.0,135.8,0.1169,53.65,0.1257
2026-08-12,7753.56,2026-09-01,20.0,7685.0,132.3,0.1166,55.15,0.1252
2026-08-12,7753.56,2026-09-01,20.0,7690.0,128.7,0.116,56.7,0.1248
2026-08-12,7753.56,2026-09-01,20.0,7695.0,125.4,0.1158,58.2,0.1242
2026-08-12,7753.56,2026-09-01,20.0,7700.0,122.0,0.1154,59.85,0.1238
2026-08-12,7753.56,2026-09-01,20.0,7705.0,118.7,0.1151,61.4,0.1232
2026-08-12,7753.56,2026-09-01,20.0,7710.0,115.3,0.1146,63.25,0.123
2026-08-12,7753.56,2026-09-01,20.0,7715.0,112.1,0.1143,64.9,0.1224
2026-08-12,7753.56,2026-09-01,20.0,7720.0,108.9,0.114,66.65,0.1219
2026-08-12,7753.56,2026-09-01,20.0,7725.0,105.7,0.1136,68.45,0.1214
2026-08-12,7753.56,2026-09-01,20.0,7730.0,102.65,0.1133,70.4,0.1211
2026-08-12,7753.56,2026-09-01,20.0,7735.0,99.5,0.1128,72.3,0.1206
2026-08-12,7753.56,2026-09-01,20.0,7740.0,96.5,0.1125,74.3,0.1202
2026-08-12,7753.56,2026-09-01,20.0,7745.0,93.6,0.1123,76.3,0.1198
2026-08-12,7753.56,2026-09-01,20.0,7750.0,90.65,0.1119,78.25,0.1192
2026-08-12,7753.56,2026-09-01,20.0,7755.0,87.9,0.1117,80.45,0.1189
2026-08-12,7753.56,2026-09-01,20.0,7760.0,85.0,0.1113,82.7,0.1186
2026-08-12,7753.56,2026-09-01,20.0,7765.0,82.3,0.1111,84.9,0.1182
2026-08-12,7753.56,2026-09-01,20.0,7770.0,79.55,0.1107,87.25,0.1179
2026-08-12,7753.56,2026-09-01,20.0,7775.0,76.85,0.1103,89.6,0.1175
2026-08-12,7753.56,2026-09-01,20.0,7780.0,74.25,0.11,91.85,0.117
2026-08-12,7753.56,2026-09-01,20.0,7785.0,71.75,0.1098,94.3,0.1166
2026-08-12,7753.56,2026-09-01,20.0,7790.0,69.25,0.1095,96.85,0.1163
2026-08-12,7753.56,2026-09-01,20.0,7795.0,66.9,0.1093,99.4,0.116
2026-08-12,7753.56,2026-09-01,20.0,7800.0,64.45,0.109,102.1,0.1158
2026-08-12,7753.56,2026-09-01,20.0,7810.0,59.9,0.1085,107.4,0.115
2026-08-12,7753.56,2026-09-01,20.0,7820.0,55.45,0.1079,113.0,0.1144
2026-08-12,7753.56,2026-09-01,20.0,7825.0,53.4,0.1077,115.9,0.1141
2026-08-12,7753.56,2026-09-01,20.0,7830.0,51.35,0.1075,118.9,0.1139
2026-08-12,7753.56,2026-09-01,20.0,7840.0,47.4,0.107,125.0,0.1134
2026-08-12,7753.56,2026-09-01,20.0,7850.0,43.65,0.1065,131.1,0.1125
2026-08-12,7753.56,2026-09-01,20.0,7860.0,40.15,0.1061,137.9,0.1125
2026-08-12,7753.56,2026-09-01,20.0,7870.0,37.0,0.106,144.7,0.1121
2026-08-12,7753.56,2026-09-01,20.0,7875.0,35.4,0.1057,148.15,0.1119
2026-08-12,7753.56,2026-09-01,20.0,7880.0,33.9,0.1056,151.65,0.1117
2026-08-12,7753.56,2026-09-01,20.0,7890.0,31.0,0.1052,158.6,0.111
2026-08-12,7753.56,2026-09-01,20.0,7900.0,28.4,0.1051,166.0,0.1107
2026-08-12,7753.56,2026-09-01,20.0,7910.0,25.85,0.1048,172.95,0.1091
2026-08-12,7753.56,2026-09-01,20.0,7925.0,22.4,0.1044,184.55,0.1083
2026-08-12,7753.56,2026-09-01,20.0,7950.0,17.65,0.1042,205.05,0.1075
2026-08-12,7753.56,2026-09-01,20.0,7975.0,13.75,0.104,226.0,0.1048
2026-08-12,7753.56,2026-09-01,20.0,8000.0,10.6,0.1039,248.05,0.1011
2026-08-12,7753.56,2026-09-01,20.0,8025.0,8.2,0.1042,270.35,0.0971
2026-08-12,7753.56,2026-09-01,20.0,8050.0,6.35,0.1047,293.9,0.1038
2026-08-12,7753.56,2026-09-01,20.0,8075.0,4.95,0.1056,318.35,0.1104
2026-08-12,7753.56,2026-09-01,20.0,8100.0,3.85,0.1065,342.7,0.1169
2026-08-12,7753.56,2026-09-01,20.0,8125.0,3.08,0.1081,366.55,0.1233
2026-08-12,7753.56,2026-09-01,20.0,8150.0,2.47,0.1098,391.0,0.1296
2026-08-12,7753.56,2026-09-01,20.0,8175.0,2.02,0.1117,415.2,0.1359
2026-08-12,7753.56,2026-09-01,20.0,8200.0,1.68,0.1138,439.9,0.142
2026-08-12,7753.56,2026-09-01,20.0,8225.0,1.43,0.1163,464.45,0.1481
2026-08-12,7753.56,2026-09-01,20.0,8250.0,1.25,0.1193,489.35,0.1542
2026-08-12,7753.56,2026-09-01,20.0,8275.0,1.1,0.1222,514.8,0.1602
2026-08-12,7753.56,2026-09-01,20.0,8300.0,0.98,0.1252,539.05,0.1661
2026-08-12,7753.56,2026-09-01,20.0,8400.0,0.68,0.1381,638.5,0.1893
2026-08-12,7753.56,2026-09-01,20.0,8500.0,0.45,0.1492,738.0,0.2118
2026-08-12,7753.56,2026-09-01,20.0,8600.0,0.32,0.1607,838.05,0.2337
2026-08-12,7753.56,2026-09-01,20.0,8800.0,0.2,0.1842,1037.1,0.2758
2026-08-12,7753.56,2026-09-02,21.0,5900.0,1857.35,0.266,0.62,0.4182
2026-08-12,7753.56,2026-09-02,21.0,6000.0,1758.0,0.2636,0.73,0.4007
2026-08-12,7753.56,2026-09-02,21.0,6100.0,1658.2,0.2541,0.85,0.3837
2026-08-12,7753.56,2026-09-02,21.0,6200.0,1559.05,0.2422,0.95,0.3646
2026-08-12,7753.56,2026-09-02,21.0,6300.0,1458.8,0.2291,1.12,0.3477
2026-08-12,7753.56,2026-09-02,21.0,6325.0,1433.9,0.2196,1.15,0.3427
2026-08-12,7753.56,2026-09-02,21.0,6350.0,1409.35,0.207,1.2,0.3384
2026-08-12,7753.56,2026-09-02,21.0,6375.0,1384.15,0.2228,1.25,0.3341
2026-08-12,7753.56,2026-09-02,21.0,6400.0,1359.7,0.2153,1.32,0.3304
2026-08-12,7753.56,2026-09-02,21.0,6425.0,1334.35,0.2071,1.38,0.3259
2026-08-12,7753.56,2026-09-02,21.0,6450.0,1309.8,0.1974,1.43,0.3213
2026-08-12,7753.56,2026-09-02,21.0,6475.0,1285.4,0.1828,1.48,0.3167
2026-08-12,7753.56,2026-09-02,21.0,6500.0,1260.65,0.201,1.57,0.3133
2026-08-12,7753.56,2026-09-02,21.0,6525.0,1234.85,0.1937,1.62,0.3085
2026-08-12,7753.56,2026-09-02,21.0,6550.0,1210.0,0.1855,1.73,0.3047
2026-08-12,7753.56,2026-09-02,21.0,6575.0,1185.95,0.1753,1.8,0.3003
2026-08-12,7753.56,2026-09-02,21.0,6600.0,1160.85,0.1551,1.88,0.2959
2026-08-12,7753.56,2026-09-02,21.0,6625.0,1136.0,0.1797,1.97,0.2918
2026-08-12,7753.56,2026-09-02,21.0,6650.0,1111.7,0.1724,2.08,0.2876
2026-08-12,7753.56,2026-09-02,21.0,6675.0,1085.85,0.1642,2.17,0.2833
2026-08-12,7753.56,2026-09-02,21.0,6700.0,1060.9,0.1533,2.33,0.2797
2026-08-12,7753.56,2026-09-02,21.0,6725.0,1036.65,0.1653,2.42,0.2752
2026-08-12,7753.56,2026-09-02,21.0,6750.0,1012.15,0.1587,2.58,0.2713
2026-08-12,7753.56,2026-09-02,21.0,6775.0,987.05,0.1516,2.7,0.2669
2026-08-12,7753.56,2026-09-02,21.0,6800.0,962.6,0.1432,2.85,0.2627
2026-08-12,7753.56,2026-09-02,21.0,6825.0,937.45,0.1307,3.03,0.2587
2026-08-12,7753.56,2026-09-02,21.0,6850.0,912.8,0.1446,3.2,0.2545
2026-08-12,7753.56,2026-09-02,21.0,6875.0,888.3,0.1382,3.35,0.2499
2026-08-12,7753.56,2026-09-02,21.0,6900.0,863.5,0.1311,3.55,0.2458
2026-08-12,7753.56,2026-09-02,21.0,6925.0,838.35,0.1226,3.75,0.2414
2026-08-12,7753.56,2026-09-02,21.0,6950.0,813.9,0.1029,4.0,0.2374
2026-08-12,7753.56,2026-09-02,21.0,6975.0,789.5,0.1242,4.2,0.2328
2026-08-12,7753.56,2026-09-02,21.0,7000.0,764.65,0.118,4.5,0.2289
2026-08-12,7753.56,2026-09-02,21.0,7025.0,739.75,0.111,4.75,0.2244
2026-08-12,7753.56,2026-09-02,21.0,7050.0,715.4,0.102,5.1,0.2205
2026-08-12,7753.56,2026-09-02,21.0,7075.0,690.8,0.1099,5.4,0.2159
2026-08-12,7753.56,2026-09-02,21.0,7100.0,666.1,0.1042,5.75,0.2116
2026-08-12,7753.56,2026-09-02,21.0,7125.0,641.9,0.0982,6.15,0.2074
2026-08-12,7753.56,2026-09-02,21.0,7150.0,617.2,0.0913,6.65,0.2035
2026-08-12,7753.56,2026-09-02,21.0,7175.0,593.3,0.0811,7.15,0.1994
2026-08-12,7753.56,2026-09-02,21.0,7180.0,587.7,0.0767,7.25,0.1985
2026-08-12,7753.56,2026-09-02,21.0,7190.0,578.6,0.1192,7.45,0.1968
2026-08-12,7753.56,2026-09-02,21.0,7200.0,568.25,0.09,7.65,0.195
2026-08-12,7753.56,2026-09-02,21.0,7210.0,558.85,0.124,7.9,0.1934
2026-08-12,7753.56,2026-09-02,21.0,7220.0,549.1,0.1283,8.15,0.1918
2026-08-12,7753.56,2026-09-02,21.0,7225.0,544.25,0.1303,8.25,0.1908
2026-08-12,7753.56,2026-09-02,21.0,7230.0,539.5,0.1337,8.4,0.1901
2026-08-12,7753.56,2026-09-02,21.0,7240.0,529.45,0.1303,8.65,0.1884
2026-08-12,7753.56,2026-09-02,21.0,7250.0,519.75,0.1326,8.95,0.1868
2026-08-12,7753.56,2026-09-02,21.0,7260.0,510.05,0.1341,9.25,0.1852
2026-08-12,7753.56,2026-09-02,21.0,7270.0,500.75,0.1394,9.55,0.1836
2026-08-12,7753.56,2026-09-02,21.0,7275.0,495.55,0.136,9.7,0.1827
2026-08-12,7753.56,2026-09-02,21.0,7280.0,490.95,0.1387,9.85,0.1819
2026-08-12,7753.56,2026-09-02,21.0,7290.0,481.35,0.1396,10.15,0.1801
2026-08-12,7753.56,2026-09-02,21.0,7300.0,471.55,0.1385,10.55,0.1787
2026-08-12,7753.56,2026-09-02,21.0,7310.0,462.15,0.1404,10.9,0.177
2026-08-12,7753.56,2026-09-02,21.0,7320.0,452.55,0.1404,11.3,0.1755
2026-08-12,7753.56,2026-09-02,21.0,7325.0,447.8,0.1406,11.55,0.1749
2026-08-12,7753.56,2026-09-02,21.0,7330.0,443.0,0.1405,11.75,0.1741
2026-08-12,7753.56,2026-09-02,21.0,7340.0,433.05,0.138,12.15,0.1724
2026-08-12,7753.56,2026-09-02,21.0,7350.0,423.25,0.1363,12.6,0.1708
2026-08-12,7753.56,2026-09-02,21.0,7360.0,413.9,0.1371,13.15,0.1695
2026-08-12,7753.56,2026-09-02,21.0,7370.0,405.05,0.14,13.55,0.1676
2026-08-12,7753.56,2026-09-02,21.0,7375.0,399.45,0.1356,13.85,0.167
2026-08-12,7753.56,2026-09-02,21.0,7380.0,396.15,0.142,14.1,0.1662
2026-08-12,7753.56,2026-09-02,21.0,7390.0,386.25,0.1394,14.7,0.1648
2026-08-12,7753.56,2026-09-02,21.0,7400.0,377.2,0.1403,15.25,0.1631
2026-08-12,7753.56,2026-09-02,21.0,7410.0,367.95,0.14,15.85,0.1616
2026-08-12,7753.56,2026-09-02,21.0,7420.0,358.8,0.14,16.55,0.1602
2026-08-12,7753.56,2026-09-02,21.0,7425.0,354.05,0.1393,16.9,0.1595
2026-08-12,7753.56,2026-09-02,21.0,7430.0,349.05,0.1377,17.2,0.1586
2026-08-12,7753.56,2026-09-02,21.0,7440.0,340.3,0.1386,17.95,0.1572
2026-08-12,7753.56,2026-09-02,21.0,7450.0,330.95,0.1374,18.75,0.1558
2026-08-12,7753.56,2026-09-02,21.0,7460.0,321.65,0.1362,19.55,0.1544
2026-08-12,7753.56,2026-09-02,21.0,7470.0,312.65,0.1358,20.4,0.1529
2026-08-12,7753.56,2026-09-02,21.0,7475.0,307.85,0.1347,20.85,0.1522
2026-08-12,7753.56,2026-09-02,21.0,7480.0,303.65,0.1352,21.3,0.1515
2026-08-12,7753.56,2026-09-02,21.0,7490.0,294.6,0.1343,22.3,0.1502
2026-08-12,7753.56,2026-09-02,21.0,7500.0,285.8,0.1338,23.3,0.1487
2026-08-12,7753.56,2026-09-02,21.0,7510.0,276.75,0.1326,24.4,0.1474
2026-08-12,7753.56,2026-09-02,21.0,7520.0,267.4,0.1305,25.6,0.1462
2026-08-12,7753.56,2026-09-02,21.0,7525.0,263.6,0.1315,26.15,0.1454
2026-08-12,7753.56,2026-09-02,21.0,7530.0,259.3,0.1312,26.75,0.1447
2026-08-12,7753.56,2026-09-02,21.0,7540.0,250.0,0.1291,28.0,0.1433
2026-08-12,7753.56,2026-09-02,21.0,7550.0,241.85,0.1292,29.4,0.1421
2026-08-12,7753.56,2026-09-02,21.0,7560.0,232.85,0.1274,30.95,0.141
2026-08-12,7753.56,2026-09-02,21.0,7570.0,225.0,0.1278,32.35,0.1395
2026-08-12,7753.56,2026-09-02,21.0,7575.0,220.7,0.1271,33.2,0.139
2026-08-12,7753.56,2026-09-02,21.0,7580.0,216.35,0.1263,34.0,0.1383
2026-08-12,7753.56,2026-09-02,21.0,7590.0,208.1,0.1255,35.75,0.1372
2026-08-12,7753.56,2026-09-02,21.0,7600.0,199.9,0.1246,37.6,0.136
2026-08-12,7753.56,2026-09-02,21.0,7610.0,191.85,0.1238,39.5,0.1348
2026-08-12,7753.56,2026-09-02,21.0,7620.0,184.4,0.1238,41.6,0.1337
2026-08-12,7753.56,2026-09-02,21.0,7625.0,180.3,0.123,42.6,0.133
2026-08-12,7753.56,2026-09-02,21.0,7630.0,176.35,0.1225,43.6,0.1323
2026-08-12,7753.56,2026-09-02,21.0,7640.0,168.75,0.1218,46.0,0.1314
2026-08-12,7753.56,2026-09-02,21.0,7650.0,161.1,0.1209,48.5,0.1304
2026-08-12,7753.56,2026-09-02,21.0,7660.0,153.7,0.1201,50.9,0.1291
2026-08-12,7753.56,2026-09-02,21.0,7670.0,146.5,0.1194,53.7,0.1282
2026-08-12,7753.56,2026-09-02,21.0,7675.0,142.7,0.1187,55.1,0.1277
2026-08-12,7753.56,2026-09-02,21.0,7680.0,139.3,0.1185,56.5,0.1272
2026-08-12,7753.56,2026-09-02,21.0,7690.0,132.3,0.1177,59.6,0.1263
2026-08-12,7753.56,2026-09-02,21.0,7700.0,125.5,0.1169,62.7,0.1252
2026-08-12,7753.56,2026-09-02,21.0,7710.0,118.7,0.116,66.1,0.1244
2026-08-12,7753.56,2026-09-02,21.0,7720.0,112.3,0.1153,69.7,0.1236
2026-08-12,7753.56,2026-09-02,21.0,7725.0,109.3,0.1152,71.5,0.1231
2026-08-12,7753.56,2026-09-02,21.0,7730.0,106.1,0.1147,73.3,0.1225
2026-08-12,7753.56,2026-09-02,21.0,7740.0,100.1,0.1141,77.1,0.1215
2026-08-12,7753.56,2026-09-02,21.0,7750.0,94.3,0.1136,81.3,0.1209
2026-08-12,7753.56,2026-09-02,21.0,7760.0,88.5,0.1128,85.5,0.12
2026-08-12,7753.56,2026-09-02,21.0,7770.0,83.05,0.1122,90.1,0.1193
2026-08-12,7753.56,2026-09-02,21.0,7775.0,80.4,0.1119,92.5,0.1191
2026-08-12,7753.56,2026-09-02,21.0,7780.0,77.8,0.1117,94.7,0.1185
2026-08-12,7753.56,2026-09-02,21.0,7790.0,72.7,0.111,99.7,0.1179
2026-08-12,7753.56,2026-09-02,21.0,7800.0,67.9,0.1106,104.7,0.117
2026-08-12,7753.56,2026-09-02,21.0,7810.0,63.3,0.1101,110.1,0.1165
2026-08-12,7753.56,2026-09-02,21.0,7820.0,58.8,0.1095,115.7,0.1159
2026-08-12,7753.56,2026-09-02,21.0,7825.0,56.7,0.1093,118.5,0.1155
2026-08-12,7753.56,2026-09-02,21.0,7830.0,54.6,0.109,121.4,0.1152
2026-08-12,7753.56,2026-09-02,21.0,7840.0,50.6,0.1086,127.3,0.1145
2026-08-12,7753.56,2026-09-02,21.0,7850.0,46.8,0.1082,133.5,0.1139
2026-08-12,7753.56,2026-09-02,21.0,7860.0,43.2,0.1077,140.3,0.114
2026-08-12,7753.56,2026-09-02,21.0,7870.0,39.8,0.1073,146.9,0.1135
2026-08-12,7753.56,2026-09-02,21.0,7875.0,38.2,0.1072,150.3,0.1132
2026-08-12,7753.56,2026-09-02,21.0,7880.0,36.7,0.1071,153.7,0.1129
2026-08-12,7753.56,2026-09-02,21.0,7890.0,33.7,0.1067,160.6,0.1123
2026-08-12,7753.56,2026-09-02,21.0,7900.0,30.95,0.1065,167.75,0.1117
2026-08-12,7753.56,2026-09-02,21.0,7925.0,24.75,0.1059,186.7,0.1106
2026-08-12,7753.56,2026-09-02,21.0,7950.0,19.6,0.1054,206.45,0.109
2026-08-12,7753.56,2026-09-02,21.0,7975.0,15.45,0.1052,227.2,0.1067
2026-08-12,7753.56,2026-09-02,21.0,8000.0,12.1,0.1051,248.6,0.1022
2026-08-12,7753.56,2026-09-02,21.0,8025.0,9.4,0.1052,270.85,0.0959
2026-08-12,7753.56,2026-09-02,21.0,8050.0,7.3,0.1055,294.1,0.1025
2026-08-12,7753.56,2026-09-02,21.0,8075.0,5.7,0.1061,317.15,0.1089
2026-08-12,7753.56,2026-09-02,21.0,8100.0,4.45,0.1069,342.85,0.1153
2026-08-12,7753.56,2026-09-02,21.0,8125.0,3.55,0.1082,366.65,0.1216
2026-08-12,7753.56,2026-09-02,21.0,8150.0,2.88,0.1098,390.75,0.1278
2026-08-12,7753.56,2026-09-02,21.0,8175.0,2.35,0.1116,415.5,0.134
2026-08-12,7753.56,2026-09-02,21.0,8200.0,1.93,0.1133,439.6,0.14
2026-08-12,7753.56,2026-09-02,21.0,8225.0,1.62,0.1156,464.25,0.1461
2026-08-12,7753.56,2026-09-02,21.0,8250.0,1.4,0.1182,489.5,0.152
2026-08-12,7753.56,2026-09-02,21.0,8275.0,1.23,0.1209,514.05,0.1579
2026-08-12,7753.56,2026-09-02,21.0,8300.0,1.07,0.1236,538.85,0.1637
2026-08-12,7753.56,2026-09-02,21.0,8400.0,0.73,0.1358,638.4,0.1865
2026-08-12,7753.56,2026-09-02,21.0,8500.0,0.5,0.1472,,
2026-08-12,7753.56,2026-09-02,21.0,8600.0,0.35,0.1579,,
2026-08-12,7753.56,2026-09-02,21.0,8800.0,0.2,0.1796,,
2026-08-12,7753.56,2026-09-03,22.0,6000.0,1758.35,0.2743,0.88,0.3994
2026-08-12,7753.56,2026-09-03,22.0,6100.0,1658.85,0.2605,0.98,0.3806
2026-08-12,7753.56,2026-09-03,22.0,6200.0,1560.35,0.2463,1.12,0.3631
2026-08-12,7753.56,2026-09-03,22.0,6300.0,1460.2,0.2033,1.35,0.3471
2026-08-12,7753.56,2026-09-03,22.0,6400.0,1359.6,0.1975,1.6,0.3304
2026-08-12,7753.56,2026-09-03,22.0,6425.0,1335.35,0.2068,1.68,0.3263
2026-08-12,7753.56,2026-09-03,22.0,6450.0,1310.0,0.1926,1.73,0.3215
2026-08-12,7753.56,2026-09-03,22.0,6475.0,1285.6,0.1999,1.82,0.3179
2026-08-12,7753.56,2026-09-03,22.0,6500.0,1260.15,0.1871,1.9,0.3135
2026-08-12,7753.56,2026-09-03,22.0,6525.0,1236.1,0.1929,1.97,0.3091
2026-08-12,7753.56,2026-09-03,22.0,6550.0,1210.6,0.1813,2.08,0.3051
2026-08-12,7753.56,2026-09-03,22.0,6575.0,1185.8,0.1858,2.17,0.3009
2026-08-12,7753.56,2026-09-03,22.0,6600.0,1161.7,0.1751,2.28,0.2967
2026-08-12,7753.56,2026-09-03,22.0,6625.0,1136.05,0.1537,2.38,0.2924
2026-08-12,7753.56,2026-09-03,22.0,6650.0,1112.35,0.1687,2.5,0.2883
2026-08-12,7753.56,2026-09-03,22.0,6675.0,1087.25,0.1521,2.62,0.2842
2026-08-12,7753.56,2026-09-03,22.0,6700.0,1062.65,0.1621,2.75,0.2799
2026-08-12,7753.56,2026-09-03,22.0,6725.0,1037.7,0.1481,2.9,0.2759
2026-08-12,7753.56,2026-09-03,22.0,6750.0,1012.7,0.1554,3.08,0.272
2026-08-12,7753.56,2026-09-03,22.0,6775.0,987.9,0.1432,3.2,0.2674
2026-08-12,7753.56,2026-09-03,22.0,6800.0,962.65,0.1485,3.4,0.2636
2026-08-12,7753.56,2026-09-03,22.0,6825.0,938.7,0.1377,3.55,0.2591
2026-08-12,7753.56,2026-09-03,22.0,6850.0,913.2,0.1416,3.75,0.255
2026-08-12,7753.56,2026-09-03,22.0,6875.0,889.25,0.1317,3.95,0.2507
2026-08-12,7753.56,2026-09-03,22.0,6900.0,864.15,0.1345,4.15,0.2463
2026-08-12,7753.56,2026-09-03,22.0,6925.0,839.9,0.1255,4.4,0.2422
2026-08-12,7753.56,2026-09-03,22.0,6950.0,815.3,0.1064,4.65,0.238
2026-08-12,7753.56,2026-09-03,22.0,6975.0,790.5,0.119,4.9,0.2336
2026-08-12,7753.56,2026-09-03,22.0,7000.0,765.4,0.1051,5.2,0.2294
2026-08-12,7753.56,2026-09-03,22.0,7025.0,741.05,0.1124,5.5,0.2251
2026-08-12,7753.56,2026-09-03,22.0,7050.0,716.45,0.101,5.85,0.2209
2026-08-12,7753.56,2026-09-03,22.0,7075.0,691.7,0.1057,6.25,0.2169
2026-08-12,7753.56,2026-09-03,22.0,7100.0,667.2,0.0958,6.65,0.2126
2026-08-12,7753.56,2026-09-03,22.0,7125.0,643.25,0.0988,7.1,0.2085
2026-08-12,7753.56,2026-09-03,22.0,7150.0,618.95,0.09,7.6,0.2043
2026-08-12,7753.56,2026-09-03,22.0,7175.0,594.0,0.0919,8.15,0.2002
2026-08-12,7753.56,2026-09-03,22.0,7200.0,570.05,0.1355,8.75,0.1961
2026-08-12,7753.56,2026-09-03,22.0,7225.0,545.6,0.1379,9.45,0.1922
2026-08-12,7753.56,2026-09-03,22.0,7250.0,521.5,0.1418,10.15,0.1879
2026-08-12,7753.56,2026-09-03,22.0,7275.0,497.55,0.1443,10.95,0.1838
2026-08-12,7753.56,2026-09-03,22.0,7290.0,483.05,0.1439,11.55,0.1816
2026-08-12,7753.56,2026-09-03,22.0,7300.0,472.95,0.1405,11.85,0.1797
2026-08-12,7753.56,2026-09-03,22.0,7310.0,463.55,0.1418,12.35,0.1785
2026-08-12,7753.56,2026-09-03,22.0,7320.0,454.25,0.1433,12.75,0.1768
2026-08-12,7753.56,2026-09-03,22.0,7325.0,449.55,0.1436,12.95,0.176
2026-08-12,7753.56,2026-09-03,22.0,7330.0,444.3,0.1408,13.2,0.1753
2026-08-12,7753.56,2026-09-03,22.0,7340.0,435.15,0.1425,13.65,0.1737
2026-08-12,7753.56,2026-09-03,22.0,7350.0,425.4,0.1409,14.15,0.1722
2026-08-12,7753.56,2026-09-03,22.0,7360.0,416.6,0.1436,14.65,0.1706
2026-08-12,7753.56,2026-09-03,22.0,7370.0,407.45,0.1443,15.2,0.1691
2026-08-12,7753.56,2026-09-03,22.0,7375.0,402.85,0.1444,15.45,0.1682
2026-08-12,7753.56,2026-09-03,22.0,7380.0,398.15,0.1441,15.75,0.1675
2026-08-12,7753.56,2026-09-03,22.0,7390.0,388.7,0.1432,16.35,0.166
2026-08-12,7753.56,2026-09-03,22.0,7400.0,379.45,0.1429,17.0,0.1646
2026-08-12,7753.56,2026-09-03,22.0,7410.0,370.2,0.1424,17.65,0.1631
2026-08-12,7753.56,2026-09-03,22.0,7420.0,360.85,0.1414,18.35,0.1616
2026-08-12,7753.56,2026-09-03,22.0,7425.0,356.4,0.1416,18.75,0.161
2026-08-12,7753.56,2026-09-03,22.0,7430.0,351.7,0.1409,19.1,0.1602
2026-08-12,7753.56,2026-09-03,22.0,7440.0,342.2,0.1392,19.9,0.1588
2026-08-12,7753.56,2026-09-03,22.0,7450.0,333.1,0.1387,20.7,0.1573
2026-08-12,7753.56,2026-09-03,22.0,7460.0,324.4,0.139,21.6,0.156
2026-08-12,7753.56,2026-09-03,22.0,7470.0,315.2,0.1378,22.5,0.1545
2026-08-12,7753.56,2026-09-03,22.0,7475.0,310.85,0.1378,22.95,0.1538
2026-08-12,7753.56,2026-09-03,22.0,7480.0,306.0,0.1365,23.5,0.1532
2026-08-12,7753.56,2026-09-03,22.0,7490.0,297.35,0.1364,24.5,0.1518
2026-08-12,7753.56,2026-09-03,22.0,7500.0,288.35,0.1354,25.6,0.1505
2026-08-12,7753.56,2026-09-03,22.0,7510.0,279.55,0.1346,26.7,0.149
2026-08-12,7753.56,2026-09-03,22.0,7520.0,270.9,0.134,27.95,0.1478
2026-08-12,7753.56,2026-09-03,22.0,7525.0,266.4,0.1333,28.55,0.1471
2026-08-12,7753.56,2026-09-03,22.0,7530.0,262.15,0.133,29.2,0.1465
2026-08-12,7753.56,2026-09-03,22.0,7540.0,253.55,0.1322,30.6,0.1453
2026-08-12,7753.56,2026-09-03,22.0,7550.0,244.9,0.1312,32.0,0.1439
2026-08-12,7753.56,2026-09-03,22.0,7560.0,236.1,0.1297,33.5,0.1427
2026-08-12,7753.56,2026-09-03,22.0,7570.0,227.55,0.1285,35.1,0.1415
2026-08-12,7753.56,2026-09-03,22.0,7575.0,223.5,0.1283,35.95,0.1409
2026-08-12,7753.56,2026-09-03,22.0,7580.0,219.75,0.1286,36.8,0.1403
2026-08-12,7753.56,2026-09-03,22.0,7590.0,211.25,0.1272,38.6,0.1391
2026-08-12,7753.56,2026-09-03,22.0,7600.0,203.15,0.1264,40.4,0.1378
2026-08-12,7753.56,2026-09-03,22.0,7610.0,195.35,0.1259,42.4,0.1367
2026-08-12,7753.56,2026-09-03,22.0,7620.0,187.45,0.125,44.45,0.1354
2026-08-12,7753.56,2026-09-03,22.0,7625.0,183.75,0.1249,45.6,0.135
2026-08-12,7753.56,2026-09-03,22.0,7630.0,179.8,0.1244,46.8,0.1345
2026-08-12,7753.56,2026-09-03,22.0,7640.0,172.1,0.1234,49.1,0.1334
2026-08-12,7753.56,2026-09-03,22.0,7650.0,164.7,0.1228,51.5,0.1322
2026-08-12,7753.56,2026-09-03,22.0,7660.0,157.3,0.1219,54.1,0.1312
2026-08-12,7753.56,2026-09-03,22.0,7670.0,150.1,0.1212,56.95,0.1303
2026-08-12,7753.56,2026-09-03,22.0,7675.0,146.5,0.1208,58.3,0.1297
2026-08-12,7753.56,2026-09-03,22.0,7680.0,142.9,0.1203,59.75,0.1292
2026-08-12,7753.56,2026-09-03,22.0,7690.0,136.1,0.1197,62.9,0.1283
2026-08-12,7753.56,2026-09-03,22.0,7700.0,129.3,0.1189,66.1,0.1274
2026-08-12,7753.56,2026-09-03,22.0,7710.0,122.65,0.1181,69.35,0.1263
2026-08-12,7753.56,2026-09-03,22.0,7720.0,116.3,0.1175,72.95,0.1255
2026-08-12,7753.56,2026-09-03,22.0,7725.0,113.1,0.1171,74.75,0.125
2026-08-12,7753.56,2026-09-03,22.0,7730.0,109.9,0.1166,76.7,0.1246
2026-08-12,7753.56,2026-09-03,22.0,7740.0,103.85,0.116,80.55,0.1237
2026-08-12,7753.56,2026-09-03,22.0,7750.0,97.9,0.1152,84.6,0.1229
2026-08-12,7753.56,2026-09-03,22.0,7760.0,92.25,0.1146,88.9,0.1221
2026-08-12,7753.56,2026-09-03,22.0,7770.0,86.7,0.1139,93.3,0.1212
2026-08-12,7753.56,2026-09-03,22.0,7775.0,84.1,0.1137,95.7,0.121
2026-08-12,7753.56,2026-09-03,22.0,7780.0,81.5,0.1135,98.1,0.1207
2026-08-12,7753.56,2026-09-03,22.0,7790.0,76.3,0.1128,102.9,0.1199
2026-08-12,7753.56,2026-09-03,22.0,7800.0,71.5,0.1124,107.9,0.1191
2026-08-12,7753.56,2026-09-03,22.0,7810.0,66.7,0.1117,113.3,0.1186
2026-08-12,7753.56,2026-09-03,22.0,7820.0,62.25,0.1112,118.7,0.1178
2026-08-12,7753.56,2026-09-03,22.0,7825.0,60.1,0.111,121.55,0.1175
2026-08-12,7753.56,2026-09-03,22.0,7830.0,58.0,0.1108,124.3,0.1171
2026-08-12,7753.56,2026-09-03,22.0,7840.0,53.9,0.1103,130.3,0.1166
2026-08-12,7753.56,2026-09-03,22.0,7850.0,50.1,0.1099,136.5,0.1162
2026-08-12,7753.56,2026-09-03,22.0,7860.0,46.4,0.1095,142.7,0.1154
2026-08-12,7753.56,2026-09-03,22.0,7870.0,42.9,0.1091,149.5,0.1153
2026-08-12,7753.56,2026-09-03,22.0,7875.0,41.3,0.109,152.85,0.1151
2026-08-12,7753.56,2026-09-03,22.0,7880.0,39.6,0.1087,156.25,0.1149
2026-08-12,7753.56,2026-09-03,22.0,7890.0,36.55,0.1084,163.15,0.1144
2026-08-12,7753.56,2026-09-03,22.0,7900.0,33.65,0.1081,170.05,0.1136
2026-08-12,7753.56,2026-09-03,22.0,7925.0,27.2,0.1074,188.55,0.1122
2026-08-12,7753.56,2026-09-03,22.0,7950.0,21.8,0.1069,208.1,0.1108
2026-08-12,7753.56,2026-09-03,22.0,7975.0,17.3,0.1065,228.7,0.1091
2026-08-12,7753.56,2026-09-03,22.0,8000.0,13.7,0.1064,249.8,0.1054
2026-08-12,7753.56,2026-09-03,22.0,8025.0,10.75,0.1064,271.75,0.096
2026-08-12,7753.56,2026-09-03,22.0,8050.0,8.45,0.1067,294.25,0.1012
2026-08-12,7753.56,2026-09-03,22.0,8075.0,6.65,0.1072,317.4,0.1076
2026-08-12,7753.56,2026-09-03,22.0,8100.0,5.25,0.1079,342.9,0.1139
2026-08-12,7753.56,2026-09-03,22.0,8125.0,4.15,0.1088,366.5,0.12
2026-08-12,7753.56,2026-09-03,22.0,8150.0,3.3,0.1098,390.35,0.1262
2026-08-12,7753.56,2026-09-03,22.0,8175.0,2.7,0.1114,415.05,0.1322
2026-08-12,7753.56,2026-09-03,22.0,8200.0,2.22,0.1132,439.3,0.1382
2026-08-12,7753.56,2026-09-03,22.0,8225.0,1.85,0.1151,464.3,0.1441
2026-08-12,7753.56,2026-09-03,22.0,8250.0,1.57,0.1173,488.35,0.1499
2026-08-12,7753.56,2026-09-03,22.0,8275.0,1.38,0.1199,513.3,0.1557
2026-08-12,7753.56,2026-09-03,22.0,8300.0,1.2,0.1224,538.3,0.1615
2026-08-12,7753.56,2026-09-03,22.0,8400.0,0.77,0.1336,637.95,0.1839
2026-08-12,7753.56,2026-09-03,22.0,8500.0,0.53,0.1444,,
2026-08-12,7753.56,2026-09-03,22.0,8600.0,0.38,0.1553,,
2026-08-12,7753.56,2026-09-03,22.0,8800.0,0.22,0.1773,,
2026-08-12,7753.56,2026-09-04,23.0,5900.0,1859.65,0.2913,0.95,0.4174
2026-08-12,7753.56,2026-09-04,23.0,5950.0,1810.25,0.2736,1.0,0.408
2026-08-12,7753.56,2026-09-04,23.0,6000.0,1760.35,0.2459,1.05,0.3985
2026-08-12,7753.56,2026-09-04,23.0,6050.0,1711.3,0.261,1.15,0.3908
2026-08-12,7753.56,2026-09-04,23.0,6100.0,1660.55,0.2403,1.23,0.3819
2026-08-12,7753.56,2026-09-04,23.0,6150.0,1611.55,0.2476,1.32,0.3736
2026-08-12,7753.56,2026-09-04,23.0,6200.0,1561.8,0.2302,1.43,0.365
2026-08-12,7753.56,2026-09-04,23.0,6250.0,1511.6,0.1862,1.52,0.3562
2026-08-12,7753.56,2026-09-04,23.0,6300.0,1462.0,0.2184,1.65,0.3478
2026-08-12,7753.56,2026-09-04,23.0,6325.0,1437.8,0.2196,1.73,0.3438
2026-08-12,7753.56,2026-09-04,23.0,6350.0,1413.7,0.1964,1.8,0.3397
2026-08-12,7753.56,2026-09-04,23.0,6375.0,1387.75,0.2036,1.88,0.3356
2026-08-12,7753.56,2026-09-04,23.0,6400.0,1362.25,0.2056,1.95,0.3313
2026-08-12,7753.56,2026-09-04,23.0,6425.0,1337.85,0.1701,2.02,0.327
2026-08-12,7753.56,2026-09-04,23.0,6450.0,1312.8,0.1884,2.12,0.3231
2026-08-12,7753.56,2026-09-04,23.0,6475.0,1288.4,0.1916,2.22,0.3191
2026-08-12,7753.56,2026-09-04,23.0,6500.0,1263.35,0.1922,2.3,0.3145
2026-08-12,7753.56,2026-09-04,23.0,6525.0,1238.6,0.1719,2.42,0.3107
2026-08-12,7753.56,2026-09-04,23.0,6550.0,1213.35,0.1775,2.53,0.3064
2026-08-12,7753.56,2026-09-04,23.0,6575.0,1189.0,0.1787,2.62,0.302
2026-08-12,7753.56,2026-09-04,23.0,6600.0,1164.05,0.1502,2.75,0.2979
2026-08-12,7753.56,2026-09-04,23.0,6625.0,1139.75,0.163,2.88,0.2938
2026-08-12,7753.56,2026-09-04,23.0,6650.0,1114.2,0.1653,3.03,0.2898
2026-08-12,7753.56,2026-09-04,23.0,6675.0,1089.35,0.1653,3.2,0.2861
2026-08-12,7753.56,2026-09-04,23.0,6700.0,1065.1,0.1478,3.3,0.2812
2026-08-12,7753.56,2026-09-04,23.0,6725.0,1040.55,0.1517,3.5,0.2775
2026-08-12,7753.56,2026-09-04,23.0,6750.0,1015.85,0.1523,3.6,0.2725
2026-08-12,7753.56,2026-09-04,23.0,6775.0,991.05,0.1291,3.8,0.2686
2026-08-12,7753.56,2026-09-04,23.0,6800.0,966.35,0.138,4.0,0.2645
2026-08-12,7753.56,2026-09-04,23.0,6825.0,941.6,0.1393,4.2,0.2603
2026-08-12,7753.56,2026-09-04,23.0,6850.0,916.95,0.1388,4.4,0.2559
2026-08-12,7753.56,2026-09-04,23.0,6875.0,892.25,0.1238,4.7,0.2523
2026-08-12,7753.56,2026-09-04,23.0,6890.0,877.0,0.1314,4.8,0.2494
2026-08-12,7753.56,2026-09-04,23.0,6900.0,867.4,0.1264,4.9,0.2477
2026-08-12,7753.56,2026-09-04,23.0,6910.0,857.85,0.119,5.0,0.246
2026-08-12,7753.56,2026-09-04,23.0,6920.0,847.4,0.1283,5.1,0.2443
2026-08-12,7753.56,2026-09-04,23.0,6925.0,843.25,0.1262,5.2,0.2438
2026-08-12,7753.56,2026-09-04,23.0,6930.0,837.75,0.124,5.2,0.2425
2026-08-12,7753.56,2026-09-04,23.0,6940.0,828.15,0.1183,5.3,0.2407
2026-08-12,7753.56,2026-09-04,23.0,6950.0,818.35,0.1074,5.4,0.2389
2026-08-12,7753.56,2026-09-04,23.0,6960.0,808.0,0.1211,5.6,0.2379
2026-08-12,7753.56,2026-09-04,23.0,6970.0,798.6,0.1163,5.7,0.236
2026-08-12,7753.56,2026-09-04,23.0,6975.0,793.55,0.1134,5.75,0.2351
2026-08-12,7753.56,2026-09-04,23.0,6980.0,788.9,0.1095,5.8,0.2341
2026-08-12,7753.56,2026-09-04,23.0,6990.0,778.5,0.1179,5.95,0.2326
2026-08-12,7753.56,2026-09-04,23.0,7000.0,768.85,0.1138,6.1,0.231
2026-08-12,7753.56,2026-09-04,23.0,7010.0,758.8,0.1085,6.2,0.2291
2026-08-12,7753.56,2026-09-04,23.0,7020.0,749.0,0.0986,6.35,0.2274
2026-08-12,7753.56,2026-09-04,23.0,7025.0,744.55,0.1367,6.4,0.2264
2026-08-12,7753.56,2026-09-04,23.0,7030.0,739.2,0.1108,6.5,0.2258
2026-08-12,7753.56,2026-09-04,23.0,7040.0,729.4,0.1063,6.65,0.2241
2026-08-12,7753.56,2026-09-04,23.0,7050.0,719.6,0.1316,6.8,0.2223
2026-08-12,7753.56,2026-09-04,23.0,7060.0,709.8,0.1421,7.0,0.2209
2026-08-12,7753.56,2026-09-04,23.0,7070.0,700.0,0.1475,7.15,0.2191
2026-08-12,7753.56,2026-09-04,23.0,7075.0,695.9,0.1669,7.2,0.2181
2026-08-12,7753.56,2026-09-04,23.0,7080.0,690.6,0.1602,7.3,0.2173
2026-08-12,7753.56,2026-09-04,23.0,7090.0,680.85,0.1622,7.5,0.2157
2026-08-12,7753.56,2026-09-04,23.0,7100.0,670.6,0.1551,7.7,0.2141
2026-08-12,7753.56,2026-09-04,23.0,7110.0,661.15,0.1619,7.85,0.2122
2026-08-12,7753.56,2026-09-04,23.0,7120.0,651.5,0.1641,8.05,0.2106
2026-08-12,7753.56,2026-09-04,23.0,7125.0,646.6,0.1641,8.2,0.21
2026-08-12,7753.56,2026-09-04,23.0,7130.0,641.8,0.1652,8.3,0.2091
2026-08-12,7753.56,2026-09-04,23.0,7140.0,631.75,0.1621,8.5,0.2074
2026-08-12,7753.56,2026-09-04,23.0,7150.0,622.1,0.1634,8.7,0.2056
2026-08-12,7753.56,2026-09-04,23.0,7160.0,612.3,0.1628,8.95,0.2041
2026-08-12,7753.56,2026-09-04,23.0,7170.0,602.95,0.1663,9.2,0.2025
2026-08-12,7753.56,2026-09-04,23.0,7175.0,597.55,0.1614,9.35,0.2018
2026-08-12,7753.56,2026-09-04,23.0,7180.0,593.1,0.1649,9.45,0.2008
2026-08-12,7753.56,2026-09-04,23.0,7190.0,583.15,0.1627,9.75,0.1993
2026-08-12,7753.56,2026-09-04,23.0,7200.0,573.95,0.1662,10.0,0.1976
2026-08-12,7753.56,2026-09-04,23.0,7210.0,564.0,0.1638,10.25,0.1958
2026-08-12,7753.56,2026-09-04,23.0,7220.0,554.0,0.1612,10.55,0.1942
2026-08-12,7753.56,2026-09-04,23.0,7225.0,549.25,0.1615,10.7,0.1934
2026-08-12,7753.56,2026-09-04,23.0,7230.0,544.65,0.1628,10.85,0.1926
2026-08-12,7753.56,2026-09-04,23.0,7240.0,534.75,0.1607,11.25,0.1913
2026-08-12,7753.56,2026-09-04,23.0,7250.0,525.35,0.1616,11.6,0.1897
2026-08-12,7753.56,2026-09-04,23.0,7260.0,515.75,0.1611,11.85,0.1877
2026-08-12,7753.56,2026-09-04,23.0,7270.0,506.15,0.1604,12.25,0.1863
2026-08-12,7753.56,2026-09-04,23.0,7275.0,501.35,0.1601,12.45,0.1855
2026-08-12,7753.56,2026-09-04,23.0,7280.0,496.55,0.1597,12.65,0.1848
2026-08-12,7753.56,2026-09-04,23.0,7290.0,486.95,0.1588,13.05,0.1832
2026-08-12,7753.56,2026-09-04,23.0,7300.0,477.05,0.1565,13.5,0.1817
2026-08-12,7753.56,2026-09-04,23.0,7310.0,467.25,0.1546,13.9,0.18
2026-08-12,7753.56,2026-09-04,23.0,7320.0,458.15,0.1557,14.35,0.1784
2026-08-12,7753.56,2026-09-04,23.0,7325.0,453.65,0.1563,14.6,0.1777
2026-08-12,7753.56,2026-09-04,23.0,7330.0,448.3,0.1534,14.85,0.1769
2026-08-12,7753.56,2026-09-04,23.0,7340.0,439.0,0.1534,15.35,0.1754
2026-08-12,7753.56,2026-09-04,23.0,7350.0,430.6,0.1565,15.9,0.1739
2026-08-12,7753.56,2026-09-04,23.0,7360.0,421.35,0.1561,16.45,0.1724
2026-08-12,7753.56,2026-09-04,23.0,7370.0,412.0,0.1553,17.05,0.1709
2026-08-12,7753.56,2026-09-04,23.0,7375.0,407.05,0.1539,17.35,0.1702
2026-08-12,7753.56,2026-09-04,23.0,7380.0,402.35,0.1533,17.6,0.1693
2026-08-12,7753.56,2026-09-04,23.0,7390.0,393.3,0.1532,18.3,0.1679
2026-08-12,7753.56,2026-09-04,23.0,7400.0,383.85,0.1518,18.95,0.1664
2026-08-12,7753.56,2026-09-04,23.0,7410.0,374.5,0.1505,19.7,0.165
2026-08-12,7753.56,2026-09-04,23.0,7420.0,365.4,0.1499,20.45,0.1636
2026-08-12,7753.56,2026-09-04,23.0,7425.0,360.6,0.1488,20.8,0.1627
2026-08-12,7753.56,2026-09-04,23.0,7430.0,356.2,0.1488,21.2,0.162
2026-08-12,7753.56,2026-09-04,23.0,7440.0,346.6,0.1466,22.05,0.1607
2026-08-12,7753.56,2026-09-04,23.0,7450.0,338.15,0.1473,22.9,0.1592
2026-08-12,7753.56,2026-09-04,23.0,7460.0,328.75,0.1455,23.8,0.1577
2026-08-12,7753.56,2026-09-04,23.0,7470.0,319.7,0.1444,24.8,0.1564
2026-08-12,7753.56,2026-09-04,23.0,7475.0,314.95,0.1432,25.35,0.1558
2026-08-12,7753.56,2026-09-04,23.0,7480.0,310.8,0.1435,25.8,0.155
2026-08-12,7753.56,2026-09-04,23.0,7490.0,302.15,0.143,26.9,0.1537
2026-08-12,7753.56,2026-09-04,23.0,7500.0,293.05,0.1415,28.05,0.1524
2026-08-12,7753.56,2026-09-04,23.0,7510.0,284.25,0.1404,29.25,0.1511
2026-08-12,7753.56,2026-09-04,23.0,7520.0,275.7,0.1398,30.45,0.1496
2026-08-12,7753.56,2026-09-04,23.0,7525.0,271.2,0.1389,31.15,0.1491
2026-08-12,7753.56,2026-09-04,23.0,7530.0,266.6,0.1379,31.8,0.1484
2026-08-12,7753.56,2026-09-04,23.0,7540.0,258.0,0.1369,33.2,0.1471
2026-08-12,7753.56,2026-09-04,23.0,7550.0,250.0,0.1368,34.65,0.1458
2026-08-12,7753.56,2026-09-04,23.0,7560.0,241.1,0.135,36.2,0.1445
2026-08-12,7753.56,2026-09-04,23.0,7570.0,233.2,0.1348,37.9,0.1434
2026-08-12,7753.56,2026-09-04,23.0,7575.0,229.15,0.1345,38.7,0.1427
2026-08-12,7753.56,2026-09-04,23.0,7580.0,224.6,0.1332,39.6,0.1421
2026-08-12,7753.56,2026-09-04,23.0,7585.0,220.85,0.1333,40.4,0.1414
2026-08-12,7753.56,2026-09-04,23.0,7590.0,216.65,0.1326,41.4,0.1409
2026-08-12,7753.56,2026-09-04,23.0,7595.0,212.65,0.1322,42.3,0.1402
2026-08-12,7753.56,2026-09-04,23.0,7600.0,208.65,0.1318,43.3,0.1397
2026-08-12,7753.56,2026-09-04,23.0,7605.0,204.6,0.1312,44.3,0.1391
2026-08-12,7753.56,2026-09-04,23.0,7610.0,200.6,0.1307,45.3,0.1385
2026-08-12,7753.56,2026-09-04,23.0,7615.0,197.2,0.1311,46.4,0.138
2026-08-12,7753.56,2026-09-04,23.0,7620.0,193.3,0.1306,47.5,0.1374
2026-08-12,7753.56,2026-09-04,23.0,7625.0,189.4,0.1301,48.6,0.1369
2026-08-12,7753.56,2026-09-04,23.0,7630.0,185.25,0.1292,49.7,0.1362
2026-08-12,7753.56,2026-09-04,23.0,7635.0,181.5,0.1288,50.8,0.1356
2026-08-12,7753.56,2026-09-04,23.0,7640.0,177.7,0.1284,52.1,0.1352
2026-08-12,7753.56,2026-09-04,23.0,7645.0,173.9,0.1278,53.4,0.1347
2026-08-12,7753.56,2026-09-04,23.0,7650.0,170.1,0.1273,54.5,0.134
2026-08-12,7753.56,2026-09-04,23.0,7655.0,166.5,0.127,55.8,0.1334
2026-08-12,7753.56,2026-09-04,23.0,7660.0,162.85,0.1265,57.2,0.133
2026-08-12,7753.56,2026-09-04,23.0,7665.0,159.3,0.1262,58.5,0.1324
2026-08-12,7753.56,2026-09-04,23.0,7670.0,155.7,0.1258,59.9,0.1319
2026-08-12,7753.56,2026-09-04,23.0,7675.0,152.1,0.1253,61.3,0.1313
2026-08-12,7753.56,2026-09-04,23.0,7680.0,148.6,0.1249,62.8,0.1309
2026-08-12,7753.56,2026-09-04,23.0,7685.0,145.1,0.1244,64.25,0.1303
2026-08-12,7753.56,2026-09-04,23.0,7690.0,141.7,0.1241,65.9,0.1299
2026-08-12,7753.56,2026-09-04,23.0,7695.0,138.3,0.1237,67.45,0.1294
2026-08-12,7753.56,2026-09-04,23.0,7700.0,134.9,0.1232,69.0,0.1288
2026-08-12,7753.56,2026-09-04,23.0,7705.0,131.5,0.1227,70.6,0.1283
2026-08-12,7753.56,2026-09-04,23.0,7710.0,128.3,0.1224,72.45,0.128
2026-08-12,7753.56,2026-09-04,23.0,7715.0,125.1,0.1221,74.2,0.1275
2026-08-12,7753.56,2026-09-04,23.0,7720.0,121.7,0.1215,76.0,0.1271
2026-08-12,7753.56,2026-09-04,23.0,7725.0,118.65,0.1212,77.75,0.1265
2026-08-12,7753.56,2026-09-04,23.0,7730.0,115.5,0.1208,79.6,0.1261
2026-08-12,7753.56,2026-09-04,23.0,7735.0,112.45,0.1205,81.65,0.1258
2026-08-12,7753.56,2026-09-04,23.0,7740.0,109.45,0.1201,83.5,0.1252
2026-08-12,7753.56,2026-09-04,23.0,7745.0,106.45,0.1198,85.45,0.1247
2026-08-12,7753.56,2026-09-04,23.0,7750.0,103.55,0.1195,87.5,0.1243
2026-08-12,7753.56,2026-09-04,23.0,7755.0,100.7,0.1192,89.55,0.1238
2026-08-12,7753.56,2026-09-04,23.0,7760.0,97.7,0.1186,91.7,0.1234
2026-08-12,7753.56,2026-09-04,23.0,7765.0,94.9,0.1183,93.85,0.123
2026-08-12,7753.56,2026-09-04,23.0,7770.0,92.2,0.118,96.25,0.1228
2026-08-12,7753.56,2026-09-04,23.0,7775.0,89.45,0.1177,98.35,0.1222
2026-08-12,7753.56,2026-09-04,23.0,7780.0,86.8,0.1173,100.8,0.1219
2026-08-12,7753.56,2026-09-04,23.0,7785.0,84.2,0.117,103.25,0.1216
2026-08-12,7753.56,2026-09-04,23.0,7790.0,81.65,0.1167,105.55,0.1211
2026-08-12,7753.56,2026-09-04,23.0,7795.0,79.1,0.1164,107.9,0.1206
2026-08-12,7753.56,2026-09-04,23.0,7800.0,76.65,0.1161,110.45,0.1202
2026-08-12,7753.56,2026-09-04,23.0,7805.0,74.25,0.1158,113.05,0.1199
2026-08-12,7753.56,2026-09-04,23.0,7810.0,71.85,0.1155,115.65,0.1195
2026-08-12,7753.56,2026-09-04,23.0,7815.0,69.5,0.1152,118.35,0.1192
2026-08-12,7753.56,2026-09-04,23.0,7820.0,67.25,0.1149,121.05,0.1188
2026-08-12,7753.56,2026-09-04,23.0,7825.0,64.95,0.1146,123.8,0.1184
2026-08-12,7753.56,2026-09-04,23.0,7830.0,62.9,0.1145,126.7,0.1182
2026-08-12,7753.56,2026-09-04,23.0,7840.0,58.7,0.1139,132.4,0.1174
2026-08-12,7753.56,2026-09-04,23.0,7850.0,54.7,0.1135,138.3,0.1166
2026-08-12,7753.56,2026-09-04,23.0,7860.0,50.85,0.1129,144.5,0.116
2026-08-12,7753.56,2026-09-04,23.0,7870.0,47.3,0.1126,151.2,0.1158
2026-08-12,7753.56,2026-09-04,23.0,7875.0,45.6,0.1124,154.5,0.1156
2026-08-12,7753.56,2026-09-04,23.0,7880.0,43.9,0.1122,157.7,0.1151
2026-08-12,7753.56,2026-09-04,23.0,7890.0,40.6,0.1117,164.6,0.1147
2026-08-12,7753.56,2026-09-04,23.0,7900.0,37.65,0.1115,171.55,0.1141
2026-08-12,7753.56,2026-09-04,23.0,7910.0,34.65,0.111,178.4,0.113
2026-08-12,7753.56,2026-09-04,23.0,7920.0,32.05,0.1108,185.5,0.1119
2026-08-12,7753.56,2026-09-04,23.0,7925.0,30.75,0.1106,189.0,0.1112
2026-08-12,7753.56,2026-09-04,23.0,7930.0,29.55,0.1106,193.2,0.1116
2026-08-12,7753.56,2026-09-04,23.0,7940.0,27.15,0.1102,200.35,0.11
2026-08-12,7753.56,2026-09-04,23.0,7950.0,24.95,0.11,208.55,0.11
2026-08-12,7753.56,2026-09-04,23.0,7960.0,22.9,0.1098,216.45,0.1089
2026-08-12,7753.56,2026-09-04,23.0,7970.0,21.0,0.1097,224.25,0.1072
2026-08-12,7753.56,2026-09-04,23.0,7975.0,20.05,0.1095,228.45,0.1068
2026-08-12,7753.56,2026-09-04,23.0,7980.0,19.15,0.1093,232.65,0.1063
2026-08-12,7753.56,2026-09-04,23.0,7990.0,17.55,0.1093,241.2,0.1054
2026-08-12,7753.56,2026-09-04,23.0,8000.0,16.05,0.1092,249.3,0.1021
2026-08-12,7753.56,2026-09-04,23.0,8010.0,14.65,0.1091,258.25,0.1006
2026-08-12,7753.56,2026-09-04,23.0,8020.0,13.35,0.1091,266.95,0.0954
2026-08-12,7753.56,2026-09-04,23.0,8025.0,12.75,0.109,270.95,0.0936
2026-08-12,7753.56,2026-09-04,23.0,8030.0,12.15,0.109,275.75,0.0949
2026-08-12,7753.56,2026-09-04,23.0,8040.0,11.05,0.1089,284.6,0.0975
2026-08-12,7753.56,2026-09-04,23.0,8050.0,10.1,0.1091,,
2026-08-12,7753.56,2026-09-04,23.0,8060.0,9.25,0.1093,302.25,0.1025
2026-08-12,7753.56,2026-09-04,23.0,8075.0,8.0,0.1093,316.3,0.1063
2026-08-12,7753.56,2026-09-04,23.0,8100.0,6.3,0.1096,339.7,0.1125
2026-08-12,7753.56,2026-09-04,23.0,8125.0,5.05,0.1105,364.45,0.1186
2026-08-12,7753.56,2026-09-04,23.0,8150.0,4.05,0.1114,388.9,0.1246
2026-08-12,7753.56,2026-09-04,23.0,8175.0,3.3,0.1128,412.5,0.1306
2026-08-12,7753.56,2026-09-04,23.0,8200.0,2.72,0.1144,437.3,0.1364
2026-08-12,7753.56,2026-09-04,23.0,8225.0,2.28,0.1161,,
2026-08-12,7753.56,2026-09-04,23.0,8250.0,1.93,0.1181,,
2026-08-12,7753.56,2026-09-04,23.0,8275.0,1.65,0.1203,,
2026-08-12,7753.56,2026-09-04,23.0,8300.0,1.43,0.1225,,
2026-08-12,7753.56,2026-09-04,23.0,8325.0,1.23,0.1246,,
2026-08-12,7753.56,2026-09-04,23.0,8350.0,1.1,0.1274,,
2026-08-12,7753.56,2026-09-04,23.0,8375.0,0.98,0.1299,,
2026-08-12,7753.56,2026-09-04,23.0,8400.0,0.88,0.1325,,
2026-08-12,7753.56,2026-09-04,23.0,8450.0,0.7,0.1374,,
2026-08-12,7753.56,2026-09-04,23.0,8500.0,0.6,0.1433,,
2026-08-12,7753.56,2026-09-04,23.0,8600.0,0.4,0.1527,,
2026-08-12,7753.56,2026-09-04,23.0,8700.0,0.32,0.1646,,
2026-08-12,7753.56,2026-09-04,23.0,8800.0,0.25,0.175,,
2026-08-12,7753.56,2026-09-08,27.0,6000.0,1761.15,0.2145,1.32,0.3779
2026-08-12,7753.56,2026-09-08,27.0,6100.0,1661.75,0.2193,1.52,0.3619
2026-08-12,7753.56,2026-09-08,27.0,6200.0,1562.5,0.212,1.77,0.3463
2026-08-12,7753.56,2026-09-08,27.0,6300.0,1462.85,0.202,2.08,0.3308
2026-08-12,7753.56,2026-09-08,27.0,6400.0,1363.75,0.1907,2.42,0.3151
2026-08-12,7753.56,2026-09-08,27.0,6500.0,1264.35,0.1786,2.85,0.2994
2026-08-12,7753.56,2026-09-08,27.0,6550.0,1215.2,0.1657,3.1,0.2915
2026-08-12,7753.56,2026-09-08,27.0,6575.0,1190.6,0.1665,3.25,0.2878
2026-08-12,7753.56,2026-09-08,27.0,6600.0,1165.5,0.1473,3.4,0.284
2026-08-12,7753.56,2026-09-08,27.0,6625.0,1140.45,0.1532,3.55,0.2801
2026-08-12,7753.56,2026-09-08,27.0,6650.0,1116.55,0.1545,3.7,0.276
2026-08-12,7753.56,2026-09-08,27.0,6675.0,1091.55,0.1276,3.85,0.2719
2026-08-12,7753.56,2026-09-08,27.0,6700.0,1066.7,0.1406,4.05,0.2683
2026-08-12,7753.56,2026-09-08,27.0,6725.0,1041.95,0.1425,4.2,0.264
2026-08-12,7753.56,2026-09-08,27.0,6750.0,1017.25,0.1425,4.4,0.2601
2026-08-12,7753.56,2026-09-08,27.0,6775.0,992.65,0.1276,4.6,0.256
2026-08-12,7753.56,2026-09-08,27.0,6800.0,967.8,0.1307,4.85,0.2523
2026-08-12,7753.56,2026-09-08,27.0,6825.0,943.25,0.1309,5.1,0.2485
2026-08-12,7753.56,2026-09-08,27.0,6850.0,918.5,0.1133,5.35,0.2446
2026-08-12,7753.56,2026-09-08,27.0,6875.0,893.85,0.1188,5.6,0.2405
2026-08-12,7753.56,2026-09-08,27.0,6900.0,869.55,0.1194,5.85,0.2363
2026-08-12,7753.56,2026-09-08,27.0,6925.0,844.35,0.1186,6.15,0.2323
2026-08-12,7753.56,2026-09-08,27.0,6950.0,820.0,0.1068,6.5,0.2285
2026-08-12,7753.56,2026-09-08,27.0,6975.0,795.35,0.108,6.85,0.2246
2026-08-12,7753.56,2026-09-08,27.0,7000.0,770.95,0.1074,7.25,0.2208
2026-08-12,7753.56,2026-09-08,27.0,7025.0,746.2,0.0944,7.65,0.2168
2026-08-12,7753.56,2026-09-08,27.0,7050.0,721.7,0.0967,8.05,0.2127
2026-08-12,7753.56,2026-09-08,27.0,7075.0,697.3,0.0963,8.55,0.2089
2026-08-12,7753.56,2026-09-08,27.0,7100.0,672.65,0.1218,9.05,0.2049
2026-08-12,7753.56,2026-09-08,27.0,7125.0,648.7,0.1424,9.65,0.2011
2026-08-12,7753.56,2026-09-08,27.0,7150.0,623.95,0.14,10.25,0.1972
2026-08-12,7753.56,2026-09-08,27.0,7175.0,600.25,0.1483,10.95,0.1934
2026-08-12,7753.56,2026-09-08,27.0,7200.0,575.8,0.1468,11.75,0.1898
2026-08-12,7753.56,2026-09-08,27.0,7225.0,551.7,0.1471,12.55,0.186
2026-08-12,7753.56,2026-09-08,27.0,7250.0,528.1,0.1491,13.45,0.1822
2026-08-12,7753.56,2026-09-08,27.0,7275.0,504.15,0.1481,14.5,0.1786
2026-08-12,7753.56,2026-09-08,27.0,7300.0,479.85,0.1447,15.65,0.175
2026-08-12,7753.56,2026-09-08,27.0,7325.0,456.95,0.1465,16.95,0.1714
2026-08-12,7753.56,2026-09-08,27.0,7350.0,433.85,0.1463,18.35,0.1678
2026-08-12,7753.56,2026-09-08,27.0,7375.0,410.55,0.1446,19.95,0.1644
2026-08-12,7753.56,2026-09-08,27.0,7400.0,387.4,0.1426,21.75,0.1609
2026-08-12,7753.56,2026-09-08,27.0,7420.0,369.1,0.1411,23.3,0.1581
2026-08-12,7753.56,2026-09-08,27.0,7425.0,364.65,0.141,23.7,0.1574
2026-08-12,7753.56,2026-09-08,27.0,7430.0,359.95,0.1402,24.15,0.1568
2026-08-12,7753.56,2026-09-08,27.0,7440.0,350.35,0.1382,25.1,0.1556
2026-08-12,7753.56,2026-09-08,27.0,7450.0,341.3,0.1373,26.0,0.1542
2026-08-12,7753.56,2026-09-08,27.0,7460.0,332.55,0.1371,27.0,0.1529
2026-08-12,7753.56,2026-09-08,27.0,7470.0,323.4,0.1358,28.0,0.1515
2026-08-12,7753.56,2026-09-08,27.0,7475.0,319.5,0.1365,28.6,0.151
2026-08-12,7753.56,2026-09-08,27.0,7480.0,315.15,0.1363,29.1,0.1503
2026-08-12,7753.56,2026-09-08,27.0,7490.0,306.2,0.1352,30.3,0.1491
2026-08-12,7753.56,2026-09-08,27.0,7500.0,297.0,0.1335,31.5,0.1478
2026-08-12,7753.56,2026-09-08,27.0,7510.0,288.7,0.1334,32.7,0.1465
2026-08-12,7753.56,2026-09-08,27.0,7520.0,279.85,0.1322,34.0,0.1452
2026-08-12,7753.56,2026-09-08,27.0,7525.0,275.6,0.1319,34.8,0.1448
2026-08-12,7753.56,2026-09-08,27.0,7530.0,271.1,0.131,35.5,0.1442
2026-08-12,7753.56,2026-09-08,27.0,7540.0,263.0,0.1309,36.9,0.1429
2026-08-12,7753.56,2026-09-08,27.0,7550.0,254.3,0.1296,38.4,0.1416
2026-08-12,7753.56,2026-09-08,27.0,7560.0,245.75,0.1284,40.1,0.1406
2026-08-12,7753.56,2026-09-08,27.0,7570.0,237.65,0.1279,41.8,0.1394
2026-08-12,7753.56,2026-09-08,27.0,7575.0,233.6,0.1275,42.65,0.1388
2026-08-12,7753.56,2026-09-08,27.0,7580.0,229.55,0.1272,43.55,0.1382
2026-08-12,7753.56,2026-09-08,27.0,7590.0,221.6,0.1265,45.45,0.1371
2026-08-12,7753.56,2026-09-08,27.0,7600.0,213.45,0.1255,47.4,0.1359
2026-08-12,7753.56,2026-09-08,27.0,7610.0,205.7,0.1249,49.5,0.1349
2026-08-12,7753.56,2026-09-08,27.0,7620.0,197.7,0.1237,51.75,0.1339
2026-08-12,7753.56,2026-09-08,27.0,7625.0,194.3,0.124,52.85,0.1333
2026-08-12,7753.56,2026-09-08,27.0,7630.0,190.3,0.1233,53.95,0.1327
2026-08-12,7753.56,2026-09-08,27.0,7640.0,182.7,0.1224,56.5,0.1318
2026-08-12,7753.56,2026-09-08,27.0,7650.0,175.3,0.1217,59.0,0.1308
2026-08-12,7753.56,2026-09-08,27.0,7660.0,167.9,0.1208,61.7,0.1298
2026-08-12,7753.56,2026-09-08,27.0,7670.0,160.9,0.1203,64.4,0.1287
2026-08-12,7753.56,2026-09-08,27.0,7675.0,157.3,0.1198,65.75,0.1281
2026-08-12,7753.56,2026-09-08,27.0,7680.0,153.7,0.1193,67.3,0.1277
2026-08-12,7753.56,2026-09-08,27.0,7690.0,146.9,0.1187,70.5,0.1269
2026-08-12,7753.56,2026-09-08,27.0,7700.0,140.2,0.118,73.65,0.1259
2026-08-12,7753.56,2026-09-08,27.0,7710.0,133.5,0.1172,77.1,0.1251
2026-08-12,7753.56,2026-09-08,27.0,7720.0,127.1,0.1165,80.55,0.1242
2026-08-12,7753.56,2026-09-08,27.0,7725.0,124.0,0.1163,82.3,0.1236
2026-08-12,7753.56,2026-09-08,27.0,7730.0,120.8,0.1158,84.3,0.1234
2026-08-12,7753.56,2026-09-08,27.0,7740.0,114.7,0.1152,88.1,0.1225
2026-08-12,7753.56,2026-09-08,27.0,7750.0,108.85,0.1146,92.1,0.1217
2026-08-12,7753.56,2026-09-08,27.0,7760.0,103.1,0.114,96.3,0.1209
2026-08-12,7753.56,2026-09-08,27.0,7770.0,97.45,0.1134,100.7,0.1201
2026-08-12,7753.56,2026-09-08,27.0,7775.0,94.7,0.113,103.1,0.1199
2026-08-12,7753.56,2026-09-08,27.0,7780.0,92.1,0.1128,105.2,0.1193
2026-08-12,7753.56,2026-09-08,27.0,7790.0,86.85,0.1122,110.1,0.1188
2026-08-12,7753.56,2026-09-08,27.0,7800.0,81.9,0.1118,114.9,0.1179
2026-08-12,7753.56,2026-09-08,27.0,7810.0,76.9,0.1111,120.0,0.1172
2026-08-12,7753.56,2026-09-08,27.0,7820.0,72.3,0.1107,125.3,0.1166
2026-08-12,7753.56,2026-09-08,27.0,7825.0,70.1,0.1105,128.1,0.1163
2026-08-12,7753.56,2026-09-08,27.0,7830.0,67.9,0.1103,130.9,0.116
2026-08-12,7753.56,2026-09-08,27.0,7840.0,63.5,0.1096,136.5,0.1153
2026-08-12,7753.56,2026-09-08,27.0,7850.0,59.45,0.1093,142.35,0.1147
2026-08-12,7753.56,2026-09-08,27.0,7860.0,55.5,0.1088,148.5,0.1142
2026-08-12,7753.56,2026-09-08,27.0,7870.0,51.85,0.1085,154.7,0.1135
2026-08-12,7753.56,2026-09-08,27.0,7875.0,50.1,0.1083,157.9,0.1132
2026-08-12,7753.56,2026-09-08,27.0,7880.0,48.3,0.1081,161.35,0.1132
2026-08-12,7753.56,2026-09-08,27.0,7890.0,44.9,0.1077,168.1,0.1128
2026-08-12,7753.56,2026-09-08,27.0,7900.0,41.7,0.1073,174.9,0.1123
2026-08-12,7753.56,2026-09-08,27.0,7925.0,34.55,0.1066,192.3,0.1102
2026-08-12,7753.56,2026-09-08,27.0,7950.0,28.4,0.1061,211.25,0.1089
2026-08-12,7753.56,2026-09-08,27.0,7975.0,23.2,0.1057,230.85,0.1065
2026-08-12,7753.56,2026-09-08,27.0,8000.0,18.7,0.1051,251.55,0.1039
2026-08-12,7753.56,2026-09-08,27.0,8025.0,15.1,0.105,272.45,0.096
2026-08-12,7753.56,2026-09-08,27.0,8050.0,12.15,0.1051,294.65,0.096
2026-08-12,7753.56,2026-09-08,27.0,8075.0,9.75,0.1053,316.95,0.1019
2026-08-12,7753.56,2026-09-08,27.0,8100.0,7.75,0.1054,339.75,0.1078
2026-08-12,7753.56,2026-09-08,27.0,8125.0,6.25,0.106,364.85,0.1136
2026-08-12,7753.56,2026-09-08,27.0,8150.0,5.05,0.1068,388.55,0.1193
2026-08-12,7753.56,2026-09-08,27.0,8175.0,4.05,0.1075,412.7,0.1249
2026-08-12,7753.56,2026-09-08,27.0,8200.0,3.3,0.1085,,
2026-08-12,7753.56,2026-09-08,27.0,8225.0,2.72,0.1098,,
2026-08-12,7753.56,2026-09-08,27.0,8250.0,2.28,0.1113,,
2026-08-12,7753.56,2026-09-08,27.0,8275.0,1.93,0.113,,
2026-08-12,7753.56,2026-09-08,27.0,8300.0,1.68,0.1152,,
2026-08-12,7753.56,2026-09-08,27.0,8400.0,1.02,0.1242,,
2026-08-12,7753.56,2026-09-08,27.0,8500.0,0.7,0.1341,,
2026-08-12,7753.56,2026-09-08,27.0,8600.0,0.5,0.1439,,
2026-08-12,7753.56,2026-09-08,27.0,8800.0,0.28,0.1625,,
2026-08-12,7753.56,2026-09-09,28.0,6000.0,1761.85,0.2404,1.52,0.3772
2026-08-12,7753.56,2026-09-09,28.0,6100.0,1662.65,0.2299,1.73,0.3608
2026-08-12,7753.56,2026-09-09,28.0,6200.0,1563.5,0.2183,2.02,0.3458
2026-08-12,7753.56,2026-09-09,28.0,6300.0,1463.7,0.1811,2.35,0.3302
2026-08-12,7753.56,2026-09-09,28.0,6400.0,1364.45,0.1774,2.75,0.3148
2026-08-12,7753.56,2026-09-09,28.0,6500.0,1265.5,0.1686,3.2,0.2989
2026-08-12,7753.56,2026-09-09,28.0,6600.0,1166.45,0.158,3.8,0.2836
2026-08-12,7753.56,2026-09-09,28.0,6650.0,1117.25,0.1523,4.15,0.276
2026-08-12,7753.56,2026-09-09,28.0,6675.0,1092.45,0.1494,4.3,0.2717
2026-08-12,7753.56,2026-09-09,28.0,6700.0,1067.75,0.1465,4.5,0.2679
2026-08-12,7753.56,2026-09-09,28.0,6725.0,1043.0,0.1435,4.7,0.264
2026-08-12,7753.56,2026-09-09,28.0,6750.0,1018.3,0.1405,4.95,0.2604
2026-08-12,7753.56,2026-09-09,28.0,6775.0,993.85,0.1113,5.15,0.2562
2026-08-12,7753.56,2026-09-09,28.0,6800.0,968.75,0.1151,5.4,0.2524
2026-08-12,7753.56,2026-09-09,28.0,6825.0,943.65,0.1152,5.65,0.2484
2026-08-12,7753.56,2026-09-09,28.0,6850.0,919.4,0.1142,5.95,0.2447
2026-08-12,7753.56,2026-09-09,28.0,6875.0,894.55,0.1126,6.2,0.2405
2026-08-12,7753.56,2026-09-09,28.0,6900.0,870.25,0.1107,6.55,0.2368
2026-08-12,7753.56,2026-09-09,28.0,6925.0,845.2,0.1086,6.85,0.2327
2026-08-12,7753.56,2026-09-09,28.0,6950.0,820.6,0.1063,7.15,0.2285
2026-08-12,7753.56,2026-09-09,28.0,6975.0,796.4,0.1038,7.55,0.2247
2026-08-12,7753.56,2026-09-09,28.0,7000.0,772.25,0.1013,7.95,0.2208
2026-08-12,7753.56,2026-09-09,28.0,7025.0,747.8,0.0986,8.45,0.2172
2026-08-12,7753.56,2026-09-09,28.0,7050.0,723.4,0.1362,8.95,0.2134
2026-08-12,7753.56,2026-09-09,28.0,7075.0,698.65,0.1372,9.45,0.2095
2026-08-12,7753.56,2026-09-09,28.0,7100.0,673.95,0.1379,10.05,0.2058
2026-08-12,7753.56,2026-09-09,28.0,7125.0,650.55,0.1539,10.65,0.2019
2026-08-12,7753.56,2026-09-09,28.0,7150.0,626.1,0.1529,11.25,0.1978
2026-08-12,7753.56,2026-09-09,28.0,7175.0,601.5,0.1502,12.05,0.1943
2026-08-12,7753.56,2026-09-09,28.0,7200.0,577.6,0.1519,12.85,0.1905
2026-08-12,7753.56,2026-09-09,28.0,7225.0,553.65,0.152,13.75,0.1868
2026-08-12,7753.56,2026-09-09,28.0,7250.0,529.8,0.1516,14.75,0.1832
2026-08-12,7753.56,2026-09-09,28.0,7275.0,505.35,0.1478,15.75,0.1793
2026-08-12,7753.56,2026-09-09,28.0,7300.0,482.0,0.1482,17.0,0.1758
2026-08-12,7753.56,2026-09-09,28.0,7325.0,459.65,0.151,18.35,0.1723
2026-08-12,7753.56,2026-09-09,28.0,7350.0,436.25,0.1491,19.85,0.1688
2026-08-12,7753.56,2026-09-09,28.0,7375.0,413.0,0.1471,21.5,0.1652
2026-08-12,7753.56,2026-09-09,28.0,7400.0,389.8,0.1446,23.4,0.1619
2026-08-12,7753.56,2026-09-09,28.0,7425.0,367.15,0.1429,25.5,0.1586
2026-08-12,7753.56,2026-09-09,28.0,7450.0,343.9,0.1392,27.9,0.1553
2026-08-12,7753.56,2026-09-09,28.0,7475.0,321.85,0.1376,30.5,0.152
2026-08-12,7753.56,2026-09-09,28.0,7500.0,299.7,0.1351,33.55,0.149
2026-08-12,7753.56,2026-09-09,28.0,7525.0,278.5,0.1335,36.9,0.1459
2026-08-12,7753.56,2026-09-09,28.0,7550.0,257.7,0.1319,40.7,0.1429
2026-08-12,7753.56,2026-09-09,28.0,7560.0,248.95,0.1303,42.3,0.1416
2026-08-12,7753.56,2026-09-09,28.0,7570.0,240.8,0.1296,44.15,0.1406
2026-08-12,7753.56,2026-09-09,28.0,7575.0,236.7,0.1292,45.1,0.1401
2026-08-12,7753.56,2026-09-09,28.0,7580.0,232.6,0.1287,46.0,0.1395
2026-08-12,7753.56,2026-09-09,28.0,7590.0,224.45,0.1277,47.9,0.1384
2026-08-12,7753.56,2026-09-09,28.0,7600.0,216.85,0.1274,49.8,0.1371
2026-08-12,7753.56,2026-09-09,28.0,7610.0,209.2,0.1268,52.1,0.1363
2026-08-12,7753.56,2026-09-09,28.0,7620.0,201.3,0.1258,54.2,0.1351
2026-08-12,7753.56,2026-09-09,28.0,7625.0,197.5,0.1254,55.35,0.1345
2026-08-12,7753.56,2026-09-09,28.0,7630.0,193.5,0.1247,56.5,0.134
2026-08-12,7753.56,2026-09-09,28.0,7640.0,185.9,0.1238,59.1,0.1331
2026-08-12,7753.56,2026-09-09,28.0,7650.0,178.5,0.1231,61.5,0.1319
2026-08-12,7753.56,2026-09-09,28.0,7660.0,171.4,0.1225,64.25,0.131
2026-08-12,7753.56,2026-09-09,28.0,7670.0,164.3,0.1218,67.05,0.13
2026-08-12,7753.56,2026-09-09,28.0,7675.0,160.7,0.1213,68.5,0.1295
2026-08-12,7753.56,2026-09-09,28.0,7680.0,157.3,0.1211,69.9,0.1289
2026-08-12,7753.56,2026-09-09,28.0,7690.0,150.3,0.1202,73.1,0.1281
2026-08-12,7753.56,2026-09-09,28.0,7700.0,143.5,0.1194,76.3,0.1272
2026-08-12,7753.56,2026-09-09,28.0,7710.0,137.05,0.1188,79.7,0.1263
2026-08-12,7753.56,2026-09-09,28.0,7720.0,130.6,0.1181,83.1,0.1253
2026-08-12,7753.56,2026-09-09,28.0,7725.0,127.3,0.1176,85.1,0.1251
2026-08-12,7753.56,2026-09-09,28.0,7730.0,124.3,0.1174,86.9,0.1246
2026-08-12,7753.56,2026-09-09,28.0,7740.0,118.25,0.1168,90.9,0.1239
2026-08-12,7753.56,2026-09-09,28.0,7750.0,112.3,0.1162,94.85,0.123
2026-08-12,7753.56,2026-09-09,28.0,7760.0,106.45,0.1154,98.9,0.1221
2026-08-12,7753.56,2026-09-09,28.0,7770.0,100.9,0.1149,103.3,0.1214
2026-08-12,7753.56,2026-09-09,28.0,7775.0,98.1,0.1145,105.5,0.121
2026-08-12,7753.56,2026-09-09,28.0,7780.0,95.45,0.1143,107.8,0.1206
2026-08-12,7753.56,2026-09-09,28.0,7790.0,90.2,0.1137,112.55,0.1199
2026-08-12,7753.56,2026-09-09,28.0,7800.0,85.1,0.1131,117.6,0.1194
2026-08-12,7753.56,2026-09-09,28.0,7810.0,80.25,0.1126,122.5,0.1185
2026-08-12,7753.56,2026-09-09,28.0,7820.0,75.5,0.1121,127.75,0.1178
2026-08-12,7753.56,2026-09-09,28.0,7825.0,73.3,0.1119,130.7,0.1178
2026-08-12,7753.56,2026-09-09,28.0,7830.0,71.1,0.1117,133.3,0.1173
2026-08-12,7753.56,2026-09-09,28.0,7850.0,62.5,0.1107,144.7,0.116
2026-08-12,7753.56,2026-09-09,28.0,7875.0,52.9,0.1096,160.0,0.1144
2026-08-12,7753.56,2026-09-09,28.0,7900.0,44.5,0.1088,176.85,0.1135
2026-08-12,7753.56,2026-09-09,28.0,7925.0,37.05,0.108,194.15,0.1116
2026-08-12,7753.56,2026-09-09,28.0,7950.0,30.55,0.1072,212.5,0.1097
2026-08-12,7753.56,2026-09-09,28.0,7975.0,25.2,0.1069,232.15,0.1078
2026-08-12,7753.56,2026-09-09,28.0,8000.0,20.5,0.1064,252.2,0.1044
2026-08-12,7753.56,2026-09-09,28.0,8025.0,16.7,0.1063,273.95,0.1016
2026-08-12,7753.56,2026-09-09,28.0,8050.0,13.5,0.1062,295.45,0.0951
2026-08-12,7753.56,2026-09-09,28.0,8075.0,10.85,0.1061,,
2026-08-12,7753.56,2026-09-09,28.0,8100.0,8.75,0.1064,340.6,0.1068
2026-08-12,7753.56,2026-09-09,28.0,8125.0,7.05,0.1068,365.5,0.1125
2026-08-12,7753.56,2026-09-09,28.0,8150.0,5.75,0.1076,388.8,0.1181
2026-08-12,7753.56,2026-09-09,28.0,8175.0,4.65,0.1082,,
2026-08-12,7753.56,2026-09-09,28.0,8200.0,3.85,0.1094,,
2026-08-12,7753.56,2026-09-09,28.0,8225.0,3.15,0.1104,,
2026-08-12,7753.56,2026-09-09,28.0,8250.0,2.62,0.1118,,
2026-08-12,7753.56,2026-09-09,28.0,8275.0,2.22,0.1134,,
2026-08-12,7753.56,2026-09-09,28.0,8300.0,1.88,0.1149,,
2026-08-12,7753.56,2026-09-09,28.0,8400.0,1.12,0.1234,,
2026-08-12,7753.56,2026-09-09,28.0,8500.0,0.77,0.1332,,
2026-08-12,7753.56,2026-09-09,28.0,8600.0,0.55,0.1427,,
2026-08-12,7753.56,2026-09-09,28.0,8800.0,0.3,0.1608,,
2026-08-12,7753.56,2026-09-10,29.0,6000.0,1762.1,0.2042,1.68,0.3749
2026-08-12,7753.56,2026-09-10,29.0,6100.0,1662.7,0.2121,1.93,0.3593
2026-08-12,7753.56,2026-09-10,29.0,6200.0,1562.9,0.2054,2.22,0.3439
2026-08-12,7753.56,2026-09-10,29.0,6300.0,1464.55,0.1958,2.6,0.3289
2026-08-12,7753.56,2026-09-10,29.0,6400.0,1364.4,0.1849,3.03,0.3135
2026-08-12,7753.56,2026-09-10,29.0,6500.0,1265.8,0.1437,3.55,0.2982
2026-08-12,7753.56,2026-09-10,29.0,6600.0,1166.75,0.146,4.2,0.283
2026-08-12,7753.56,2026-09-10,29.0,6650.0,1117.25,0.1503,4.55,0.2752
2026-08-12,7753.56,2026-09-10,29.0,6675.0,1092.2,0.1445,4.75,0.2713
2026-08-12,7753.56,2026-09-10,29.0,6700.0,1067.85,0.138,4.95,0.2674
2026-08-12,7753.56,2026-09-10,29.0,6725.0,1043.2,0.1301,5.15,0.2634
2026-08-12,7753.56,2026-09-10,29.0,6750.0,1018.55,0.1148,5.4,0.2597
2026-08-12,7753.56,2026-09-10,29.0,6775.0,993.9,0.1334,5.65,0.2558
2026-08-12,7753.56,2026-09-10,29.0,6800.0,969.2,0.1279,5.9,0.2519
2026-08-12,7753.56,2026-09-10,29.0,6825.0,944.65,0.1218,6.15,0.2478
2026-08-12,7753.56,2026-09-10,29.0,6850.0,920.0,0.1144,6.45,0.244
2026-08-12,7753.56,2026-09-10,29.0,6875.0,895.9,0.1006,6.75,0.24
2026-08-12,7753.56,2026-09-10,29.0,6900.0,870.4,0.1167,7.15,0.2366
2026-08-12,7753.56,2026-09-10,29.0,6925.0,846.3,0.1114,7.45,0.2324
2026-08-12,7753.56,2026-09-10,29.0,6950.0,822.4,0.1057,7.85,0.2286
2026-08-12,7753.56,2026-09-10,29.0,6975.0,797.3,0.0989,8.25,0.2247
2026-08-12,7753.56,2026-09-10,29.0,7000.0,772.55,0.0865,8.75,0.2212
2026-08-12,7753.56,2026-09-10,29.0,7025.0,747.9,0.1001,9.2,0.2172
2026-08-12,7753.56,2026-09-10,29.0,7050.0,723.5,0.0952,9.75,0.2136
2026-08-12,7753.56,2026-09-10,29.0,7075.0,699.6,0.1407,10.25,0.2095
2026-08-12,7753.56,2026-09-10,29.0,7100.0,674.75,0.1375,10.9,0.2059
2026-08-12,7753.56,2026-09-10,29.0,7125.0,651.1,0.1498,11.55,0.2021
2026-08-12,7753.56,2026-09-10,29.0,7150.0,626.4,0.1468,12.3,0.1985
2026-08-12,7753.56,2026-09-10,29.0,7175.0,603.1,0.1541,13.1,0.1948
2026-08-12,7753.56,2026-09-10,29.0,7200.0,578.75,0.1521,13.95,0.191
2026-08-12,7753.56,2026-09-10,29.0,7225.0,554.7,0.1513,14.95,0.1875
2026-08-12,7753.56,2026-09-10,29.0,7250.0,530.35,0.1483,15.95,0.1838
2026-08-12,7753.56,2026-09-10,29.0,7275.0,506.7,0.1481,17.1,0.1802
2026-08-12,7753.56,2026-09-10,29.0,7300.0,484.55,0.1525,18.4,0.1767
2026-08-12,7753.56,2026-09-10,29.0,7325.0,461.1,0.1509,19.8,0.1731
2026-08-12,7753.56,2026-09-10,29.0,7350.0,437.75,0.149,21.4,0.1697
2026-08-12,7753.56,2026-09-10,29.0,7375.0,414.4,0.1465,23.2,0.1664
2026-08-12,7753.56,2026-09-10,29.0,7400.0,391.7,0.1452,25.1,0.1629
2026-08-12,7753.56,2026-09-10,29.0,7425.0,368.95,0.1431,27.4,0.1598
2026-08-12,7753.56,2026-09-10,29.0,7450.0,346.6,0.1412,29.9,0.1566
2026-08-12,7753.56,2026-09-10,29.0,7475.0,324.45,0.1391,32.6,0.1533
2026-08-12,7753.56,2026-09-10,29.0,7500.0,302.15,0.1361,35.7,0.1502
2026-08-12,7753.56,2026-09-10,29.0,7525.0,280.9,0.1343,39.2,0.1472
2026-08-12,7753.56,2026-09-10,29.0,7550.0,259.55,0.1316,43.1,0.1443
2026-08-12,7753.56,2026-09-10,29.0,7560.0,251.5,0.1311,44.8,0.1431
2026-08-12,7753.56,2026-09-10,29.0,7570.0,243.3,0.1303,46.65,0.1421
2026-08-12,7753.56,2026-09-10,29.0,7575.0,239.2,0.1298,47.55,0.1415
2026-08-12,7753.56,2026-09-10,29.0,7580.0,235.1,0.1293,48.5,0.1409
2026-08-12,7753.56,2026-09-10,29.0,7590.0,227.1,0.1285,50.45,0.1398
2026-08-12,7753.56,2026-09-10,29.0,7600.0,219.45,0.1281,52.45,0.1386
2026-08-12,7753.56,2026-09-10,29.0,7610.0,211.75,0.1274,54.7,0.1377
2026-08-12,7753.56,2026-09-10,29.0,7620.0,204.0,0.1265,56.95,0.1366
2026-08-12,7753.56,2026-09-10,29.0,7625.0,200.1,0.126,58.1,0.1361
2026-08-12,7753.56,2026-09-10,29.0,7630.0,196.4,0.1258,59.3,0.1356
2026-08-12,7753.56,2026-09-10,29.0,7640.0,188.8,0.1248,61.7,0.1345
2026-08-12,7753.56,2026-09-10,29.0,7650.0,181.5,0.1241,64.3,0.1335
2026-08-12,7753.56,2026-09-10,29.0,7660.0,174.3,0.1234,67.1,0.1326
2026-08-12,7753.56,2026-09-10,29.0,7670.0,167.1,0.1226,69.9,0.1316
2026-08-12,7753.56,2026-09-10,29.0,7675.0,163.7,0.1223,71.5,0.1312
2026-08-12,7753.56,2026-09-10,29.0,7680.0,160.2,0.1219,72.9,0.1306
2026-08-12,7753.56,2026-09-10,29.0,7690.0,153.2,0.121,75.95,0.1297
2026-08-12,7753.56,2026-09-10,29.0,7700.0,146.6,0.1205,79.25,0.1288
2026-08-12,7753.56,2026-09-10,29.0,7710.0,140.1,0.1198,82.65,0.1279
2026-08-12,7753.56,2026-09-10,29.0,7720.0,133.5,0.1189,86.25,0.1271
2026-08-12,7753.56,2026-09-10,29.0,7725.0,130.5,0.1188,88.1,0.1267
2026-08-12,7753.56,2026-09-10,29.0,7730.0,127.3,0.1183,89.9,0.1262
2026-08-12,7753.56,2026-09-10,29.0,7740.0,121.3,0.1178,93.7,0.1254
2026-08-12,7753.56,2026-09-10,29.0,7750.0,115.3,0.1171,97.85,0.1247
2026-08-12,7753.56,2026-09-10,29.0,7760.0,109.5,0.1165,101.9,0.1238
2026-08-12,7753.56,2026-09-10,29.0,7770.0,103.9,0.1159,106.35,0.1231
2026-08-12,7753.56,2026-09-10,29.0,7775.0,101.2,0.1156,108.5,0.1227
2026-08-12,7753.56,2026-09-10,29.0,7780.0,98.5,0.1154,110.75,0.1223
2026-08-12,7753.56,2026-09-10,29.0,7790.0,93.25,0.1148,115.5,0.1216
2026-08-12,7753.56,2026-09-10,29.0,7800.0,88.1,0.1142,120.5,0.1211
2026-08-12,7753.56,2026-09-10,29.0,7810.0,83.25,0.1137,125.5,0.1203
2026-08-12,7753.56,2026-09-10,29.0,7820.0,78.5,0.1132,130.7,0.1196
2026-08-12,7753.56,2026-09-10,29.0,7825.0,76.25,0.113,133.5,0.1194
2026-08-12,7753.56,2026-09-10,29.0,7830.0,73.9,0.1127,136.1,0.119
2026-08-12,7753.56,2026-09-10,29.0,7850.0,65.3,0.1117,147.5,0.1178
2026-08-12,7753.56,2026-09-10,29.0,7875.0,55.65,0.1108,162.7,0.1163
2026-08-12,7753.56,2026-09-10,29.0,7900.0,47.0,0.1099,179.35,0.1154
2026-08-12,7753.56,2026-09-10,29.0,7925.0,39.5,0.1092,196.65,0.1138
2026-08-12,7753.56,2026-09-10,29.0,7950.0,32.95,0.1086,215.05,0.1125
2026-08-12,7753.56,2026-09-10,29.0,7975.0,27.3,0.1082,234.5,0.111
2026-08-12,7753.56,2026-09-10,29.0,8000.0,22.4,0.1077,254.4,0.1084
2026-08-12,7753.56,2026-09-10,29.0,8025.0,18.3,0.1074,275.25,0.1048
2026-08-12,7753.56,2026-09-10,29.0,8050.0,14.9,0.1072,297.0,0.0972
2026-08-12,7753.56,2026-09-10,29.0,8075.0,12.15,0.1074,318.95,0.1001
2026-08-12,7753.56,2026-09-10,29.0,8100.0,9.8,0.1074,341.35,0.1058
2026-08-12,7753.56,2026-09-10,29.0,8125.0,7.95,0.1077,365.85,0.1114
2026-08-12,7753.56,2026-09-10,29.0,8150.0,6.45,0.1082,388.85,0.117
2026-08-12,7753.56,2026-09-10,29.0,8175.0,5.25,0.1088,412.65,0.1225
2026-08-12,7753.56,2026-09-10,29.0,8200.0,4.35,0.1099,,
2026-08-12,7753.56,2026-09-10,29.0,8225.0,3.55,0.1107,,
2026-08-12,7753.56,2026-09-10,29.0,8250.0,3.0,0.1122,,
2026-08-12,7753.56,2026-09-10,29.0,8275.0,2.5,0.1134,,
2026-08-12,7753.56,2026-09-10,29.0,8300.0,2.15,0.1151,,
2026-08-12,7753.56,2026-09-10,29.0,8400.0,1.27,0.1231,,
2026-08-12,7753.56,2026-09-10,29.0,8500.0,0.85,0.1322,,
2026-08-12,7753.56,2026-09-10,29.0,8600.0,0.62,0.1421,,
2026-08-12,7753.56,2026-09-10,29.0,8800.0,0.33,0.1592,,
2026-08-12,7753.56,2026-09-11,30.0,5850.0,1912.8,0.2613,1.57,0.3982
2026-08-12,7753.56,2026-09-11,30.0,5900.0,1863.1,0.2496,1.68,0.3902
2026-08-12,7753.56,2026-09-11,30.0,5950.0,1813.3,0.2366,1.8,0.3827
2026-08-12,7753.56,2026-09-11,30.0,6000.0,1763.85,0.2205,1.93,0.375
2026-08-12,7753.56,2026-09-11,30.0,6050.0,1713.9,0.2336,2.08,0.3676
2026-08-12,7753.56,2026-09-11,30.0,6100.0,1664.4,0.2228,2.22,0.3599
2026-08-12,7753.56,2026-09-11,30.0,6150.0,1614.55,0.2114,2.38,0.352
2026-08-12,7753.56,2026-09-11,30.0,6200.0,1565.4,0.1983,2.58,0.3448
2026-08-12,7753.56,2026-09-11,30.0,6250.0,1515.8,0.1791,2.72,0.3364
2026-08-12,7753.56,2026-09-11,30.0,6300.0,1465.8,0.1962,3.0,0.3298
2026-08-12,7753.56,2026-09-11,30.0,6350.0,1416.45,0.1859,3.2,0.3218
2026-08-12,7753.56,2026-09-11,30.0,6400.0,1366.75,0.1747,3.4,0.3135
2026-08-12,7753.56,2026-09-11,30.0,6450.0,1317.3,0.161,3.7,0.3062
2026-08-12,7753.56,2026-09-11,30.0,6500.0,1267.65,0.1698,4.0,0.2986
2026-08-12,7753.56,2026-09-11,30.0,6550.0,1218.2,0.1603,4.35,0.2912
2026-08-12,7753.56,2026-09-11,30.0,6600.0,1169.25,0.1504,4.7,0.2834
2026-08-12,7753.56,2026-09-11,30.0,6650.0,1120.1,0.1393,5.1,0.2757
2026-08-12,7753.56,2026-09-11,30.0,6675.0,1095.05,0.1429,5.3,0.2717
2026-08-12,7753.56,2026-09-11,30.0,6700.0,1070.05,0.1234,5.55,0.2681
2026-08-12,7753.56,2026-09-11,30.0,6725.0,1045.9,0.1331,5.8,0.2643
2026-08-12,7753.56,2026-09-11,30.0,6750.0,1021.05,0.1348,6.05,0.2604
2026-08-12,7753.56,2026-09-11,30.0,6775.0,996.6,0.122,6.3,0.2564
2026-08-12,7753.56,2026-09-11,30.0,6800.0,972.05,0.1258,6.6,0.2527
2026-08-12,7753.56,2026-09-11,30.0,6825.0,947.1,0.1003,6.9,0.2488
2026-08-12,7753.56,2026-09-11,30.0,6850.0,922.6,0.1162,7.25,0.2452
2026-08-12,7753.56,2026-09-11,30.0,6875.0,897.85,0.1178,7.6,0.2414
2026-08-12,7753.56,2026-09-11,30.0,6900.0,873.7,0.105,7.95,0.2375
2026-08-12,7753.56,2026-09-11,30.0,6925.0,849.05,0.109,8.35,0.2337
2026-08-12,7753.56,2026-09-11,30.0,6950.0,824.6,0.1246,8.75,0.2298
2026-08-12,7753.56,2026-09-11,30.0,6975.0,800.05,0.1454,9.2,0.226
2026-08-12,7753.56,2026-09-11,30.0,7000.0,775.35,0.1478,9.7,0.2222
2026-08-12,7753.56,2026-09-11,30.0,7025.0,751.25,0.1587,10.25,0.2186
2026-08-12,7753.56,2026-09-11,30.0,7050.0,727.0,0.1622,10.75,0.2146
2026-08-12,7753.56,2026-09-11,30.0,7075.0,702.6,0.1623,11.35,0.2108
2026-08-12,7753.56,2026-09-11,30.0,7100.0,678.35,0.1629,12.05,0.2072
2026-08-12,7753.56,2026-09-11,30.0,7125.0,654.25,0.1635,12.75,0.2034
2026-08-12,7753.56,2026-09-11,30.0,7150.0,630.05,0.1626,13.6,0.2
2026-08-12,7753.56,2026-09-11,30.0,7175.0,605.65,0.1599,14.4,0.1961
2026-08-12,7753.56,2026-09-11,30.0,7200.0,582.15,0.1614,15.35,0.1925
2026-08-12,7753.56,2026-09-11,30.0,7225.0,558.0,0.1589,16.4,0.189
2026-08-12,7753.56,2026-09-11,30.0,7250.0,534.2,0.1575,17.5,0.1854
2026-08-12,7753.56,2026-09-11,30.0,7270.0,514.9,0.155,18.45,0.1825
2026-08-12,7753.56,2026-09-11,30.0,7275.0,511.7,0.16,18.75,0.1819
2026-08-12,7753.56,2026-09-11,30.0,7280.0,507.1,0.16,18.95,0.181
2026-08-12,7753.56,2026-09-11,30.0,7290.0,497.7,0.1593,19.55,0.1797
2026-08-12,7753.56,2026-09-11,30.0,7300.0,488.3,0.1585,20.1,0.1783
2026-08-12,7753.56,2026-09-11,30.0,7310.0,478.9,0.1576,20.7,0.177
2026-08-12,7753.56,2026-09-11,30.0,7320.0,469.3,0.156,21.25,0.1754
2026-08-12,7753.56,2026-09-11,30.0,7325.0,465.05,0.1568,21.6,0.1748
2026-08-12,7753.56,2026-09-11,30.0,7330.0,459.8,0.1547,21.95,0.1742
2026-08-12,7753.56,2026-09-11,30.0,7340.0,450.95,0.1551,22.65,0.1729
2026-08-12,7753.56,2026-09-11,30.0,7350.0,441.85,0.1547,23.25,0.1714
2026-08-12,7753.56,2026-09-11,30.0,7360.0,432.6,0.1538,24.05,0.1702
2026-08-12,7753.56,2026-09-11,30.0,7370.0,422.95,0.1518,24.75,0.1687
2026-08-12,7753.56,2026-09-11,30.0,7375.0,418.5,0.1517,25.2,0.1682
2026-08-12,7753.56,2026-09-11,30.0,7380.0,414.1,0.1517,25.55,0.1674
2026-08-12,7753.56,2026-09-11,30.0,7390.0,404.95,0.1508,26.4,0.1662
2026-08-12,7753.56,2026-09-11,30.0,7400.0,395.8,0.1498,27.25,0.1648
2026-08-12,7753.56,2026-09-11,30.0,7410.0,386.75,0.149,28.1,0.1634
2026-08-12,7753.56,2026-09-11,30.0,7420.0,377.45,0.1475,29.05,0.1622
2026-08-12,7753.56,2026-09-11,30.0,7425.0,372.85,0.1468,29.55,0.1616
2026-08-12,7753.56,2026-09-11,30.0,7430.0,368.45,0.1466,30.0,0.1608
2026-08-12,7753.56,2026-09-11,30.0,7440.0,359.9,0.1465,31.1,0.1597
2026-08-12,7753.56,2026-09-11,30.0,7450.0,350.4,0.1444,32.1,0.1583
2026-08-12,7753.56,2026-09-11,30.0,7460.0,342.0,0.1444,33.2,0.157
2026-08-12,7753.56,2026-09-11,30.0,7470.0,333.2,0.1435,34.4,0.1559
2026-08-12,7753.56,2026-09-11,30.0,7475.0,328.55,0.1425,34.95,0.1552
2026-08-12,7753.56,2026-09-11,30.0,7480.0,324.45,0.1426,35.6,0.1546
2026-08-12,7753.56,2026-09-11,30.0,7490.0,315.45,0.1411,36.8,0.1533
2026-08-12,7753.56,2026-09-11,30.0,7500.0,306.85,0.1403,38.15,0.1521
2026-08-12,7753.56,2026-09-11,30.0,7510.0,298.5,0.1398,39.6,0.151
2026-08-12,7753.56,2026-09-11,30.0,7520.0,290.05,0.139,41.0,0.1497
2026-08-12,7753.56,2026-09-11,30.0,7525.0,285.6,0.1381,41.75,0.1491
2026-08-12,7753.56,2026-09-11,30.0,7530.0,281.35,0.1376,42.55,0.1485
2026-08-12,7753.56,2026-09-11,30.0,7540.0,272.8,0.1365,44.2,0.1475
2026-08-12,7753.56,2026-09-11,30.0,7550.0,264.9,0.1362,45.8,0.1462
2026-08-12,7753.56,2026-09-11,30.0,7560.0,256.6,0.1352,47.55,0.1451
2026-08-12,7753.56,2026-09-11,30.0,7570.0,248.35,0.1342,49.35,0.1439
2026-08-12,7753.56,2026-09-11,30.0,7575.0,244.25,0.1336,50.25,0.1433
2026-08-12,7753.56,2026-09-11,30.0,7580.0,240.45,0.1335,51.3,0.1429
2026-08-12,7753.56,2026-09-11,30.0,7590.0,232.5,0.1327,53.3,0.1418
2026-08-12,7753.56,2026-09-11,30.0,7600.0,224.7,0.1319,55.35,0.1406
2026-08-12,7753.56,2026-09-11,30.0,7610.0,216.85,0.131,57.5,0.1395
2026-08-12,7753.56,2026-09-11,30.0,7620.0,209.1,0.13,59.8,0.1385
2026-08-12,7753.56,2026-09-11,30.0,7625.0,205.3,0.1296,61.0,0.138
2026-08-12,7753.56,2026-09-11,30.0,7630.0,201.5,0.1292,62.2,0.1374
2026-08-12,7753.56,2026-09-11,30.0,7640.0,194.1,0.1284,64.7,0.1364
2026-08-12,7753.56,2026-09-11,30.0,7650.0,186.7,0.1275,67.3,0.1354
2026-08-12,7753.56,2026-09-11,30.0,7660.0,179.5,0.1268,70.1,0.1345
2026-08-12,7753.56,2026-09-11,30.0,7670.0,172.4,0.126,72.9,0.1335
2026-08-12,7753.56,2026-09-11,30.0,7675.0,168.9,0.1256,74.4,0.133
2026-08-12,7753.56,2026-09-11,30.0,7680.0,165.3,0.1251,75.9,0.1325
2026-08-12,7753.56,2026-09-11,30.0,7690.0,158.5,0.1244,79.15,0.1318
2026-08-12,7753.56,2026-09-11,30.0,7700.0,151.7,0.1236,82.2,0.1306
2026-08-12,7753.56,2026-09-11,30.0,7710.0,145.3,0.123,85.6,0.1297
2026-08-12,7753.56,2026-09-11,30.0,7720.0,138.85,0.1223,89.3,0.129
2026-08-12,7753.56,2026-09-11,30.0,7725.0,135.7,0.1219,90.95,0.1284
2026-08-12,7753.56,2026-09-11,30.0,7730.0,132.5,0.1215,92.9,0.1281
2026-08-12,7753.56,2026-09-11,30.0,7740.0,126.45,0.1209,96.7,0.1272
2026-08-12,7753.56,2026-09-11,30.0,7750.0,120.5,0.1203,100.75,0.1265
2026-08-12,7753.56,2026-09-11,30.0,7760.0,114.7,0.1197,104.9,0.1257
2026-08-12,7753.56,2026-09-11,30.0,7770.0,109.1,0.1191,109.15,0.1248
2026-08-12,7753.56,2026-09-11,30.0,7775.0,106.25,0.1187,111.35,0.1244
2026-08-12,7753.56,2026-09-11,30.0,7780.0,103.5,0.1183,113.7,0.1241
2026-08-12,7753.56,2026-09-11,30.0,7790.0,98.3,0.1179,118.3,0.1233
2026-08-12,7753.56,2026-09-11,30.0,7800.0,93.15,0.1173,123.1,0.1226
2026-08-12,7753.56,2026-09-11,30.0,7810.0,88.1,0.1167,128.1,0.1219
2026-08-12,7753.56,2026-09-11,30.0,7820.0,83.3,0.1162,133.3,0.1213
2026-08-12,7753.56,2026-09-11,30.0,7825.0,81.0,0.116,135.9,0.1209
2026-08-12,7753.56,2026-09-11,30.0,7830.0,78.65,0.1156,138.7,0.1207
2026-08-12,7753.56,2026-09-11,30.0,7840.0,74.25,0.1152,144.1,0.1199
2026-08-12,7753.56,2026-09-11,30.0,7850.0,69.95,0.1147,149.9,0.1194
2026-08-12,7753.56,2026-09-11,30.0,7860.0,65.9,0.1144,155.7,0.1187
2026-08-12,7753.56,2026-09-11,30.0,7870.0,61.95,0.1139,161.7,0.118
2026-08-12,7753.56,2026-09-11,30.0,7875.0,60.0,0.1137,164.9,0.1178
2026-08-12,7753.56,2026-09-11,30.0,7880.0,58.15,0.1135,167.9,0.1174
2026-08-12,7753.56,2026-09-11,30.0,7890.0,54.55,0.1131,174.3,0.1168
2026-08-12,7753.56,2026-09-11,30.0,7900.0,51.15,0.1128,181.1,0.1165
2026-08-12,7753.56,2026-09-11,30.0,7910.0,47.75,0.1123,187.8,0.1159
2026-08-12,7753.56,2026-09-11,30.0,7920.0,44.75,0.1121,194.65,0.1152
2026-08-12,7753.56,2026-09-11,30.0,7925.0,43.2,0.1119,198.15,0.1149
2026-08-12,7753.56,2026-09-11,30.0,7930.0,41.75,0.1117,201.2,0.1139
2026-08-12,7753.56,2026-09-11,30.0,7940.0,39.0,0.1115,208.45,0.1133
2026-08-12,7753.56,2026-09-11,30.0,7950.0,36.35,0.1112,215.95,0.1129
2026-08-12,7753.56,2026-09-11,30.0,7960.0,33.8,0.1109,223.55,0.1124
2026-08-12,7753.56,2026-09-11,30.0,7970.0,31.55,0.1109,231.3,0.1117
2026-08-12,7753.56,2026-09-11,30.0,7975.0,30.35,0.1107,234.7,0.1105
2026-08-12,7753.56,2026-09-11,30.0,7980.0,29.25,0.1106,239.1,0.1109
2026-08-12,7753.56,2026-09-11,30.0,8000.0,25.15,0.1101,254.85,0.1085
2026-08-12,7753.56,2026-09-11,30.0,8025.0,20.85,0.1099,275.1,0.1037
2026-08-12,7753.56,2026-09-11,30.0,8050.0,17.05,0.1095,296.3,0.094
2026-08-12,7753.56,2026-09-11,30.0,8075.0,14.0,0.1095,,
2026-08-12,7753.56,2026-09-11,30.0,8100.0,11.4,0.1095,,
2026-08-12,7753.56,2026-09-11,30.0,8125.0,9.3,0.1097,363.05,0.111
2026-08-12,7753.56,2026-09-11,30.0,8150.0,7.6,0.11,388.05,0.1166
2026-08-12,7753.56,2026-09-11,30.0,8175.0,6.2,0.1105,,
2026-08-12,7753.56,2026-09-11,30.0,8200.0,5.1,0.1112,,
2026-08-12,7753.56,2026-09-11,30.0,8225.0,4.2,0.112,,
2026-08-12,7753.56,2026-09-11,30.0,8250.0,3.5,0.113,,
2026-08-12,7753.56,2026-09-11,30.0,8275.0,3.0,0.1147,,
2026-08-12,7753.56,2026-09-11,30.0,8300.0,2.53,0.1159,,
2026-08-12,7753.56,2026-09-11,30.0,8350.0,1.88,0.1192,,
2026-08-12,7753.56,2026-09-11,30.0,8400.0,1.45,0.123,,
2026-08-12,7753.56,2026-09-11,30.0,8450.0,1.15,0.127,,
2026-08-12,7753.56,2026-09-11,30.0,8500.0,0.95,0.1316,,
2026-08-12,7753.56,2026-09-11,30.0,8600.0,0.68,0.1407,,
2026-08-12,7753.56,2026-09-11,30.0,8700.0,0.5,0.1498,,
2026-08-12,7753.56,2026-09-11,30.0,8800.0,0.38,0.1585,,
2026-08-12,7753.56,2026-09-14,33.0,5900.0,1864.15,0.2288,1.93,0.3786
2026-08-12,7753.56,2026-09-14,33.0,6000.0,1764.4,0.2276,2.22,0.3643
2026-08-12,7753.56,2026-09-14,33.0,6100.0,1665.05,0.2034,2.58,0.3499
2026-08-12,7753.56,2026-09-14,33.0,6200.0,1565.9,0.2007,2.92,0.3347
2026-08-12,7753.56,2026-09-14,33.0,6300.0,1466.95,0.1784,3.4,0.3203
2026-08-12,7753.56,2026-09-14,33.0,6400.0,1368.15,0.1743,3.9,0.3052
2026-08-12,7753.56,2026-09-14,33.0,6500.0,1269.15,0.1538,4.55,0.2906
2026-08-12,7753.56,2026-09-14,33.0,6600.0,1170.35,0.1485,5.3,0.2758
2026-08-12,7753.56,2026-09-14,33.0,6650.0,1121.5,0.1289,5.75,0.2684
2026-08-12,7753.56,2026-09-14,33.0,6675.0,1096.8,0.1377,6.0,0.2648
2026-08-12,7753.56,2026-09-14,33.0,6700.0,1071.2,0.1296,6.25,0.2611
2026-08-12,7753.56,2026-09-14,33.0,6725.0,1046.8,0.113,6.5,0.2573
2026-08-12,7753.56,2026-09-14,33.0,6750.0,1022.0,0.127,6.75,0.2534
2026-08-12,7753.56,2026-09-14,33.0,6775.0,998.35,0.1183,7.05,0.2498
2026-08-12,7753.56,2026-09-14,33.0,6800.0,973.25,0.1232,7.4,0.2463
2026-08-12,7753.56,2026-09-14,33.0,6825.0,948.7,0.1164,7.75,0.2427
2026-08-12,7753.56,2026-09-14,33.0,6850.0,924.15,0.1065,8.05,0.2387
2026-08-12,7753.56,2026-09-14,33.0,6875.0,899.15,0.1128,8.45,0.2352
2026-08-12,7753.56,2026-09-14,33.0,6900.0,875.6,0.1057,8.85,0.2315
2026-08-12,7753.56,2026-09-14,33.0,6925.0,851.15,0.0932,9.25,0.2277
2026-08-12,7753.56,2026-09-14,33.0,6950.0,826.2,0.1025,9.75,0.2242
2026-08-12,7753.56,2026-09-14,33.0,6975.0,802.3,0.143,10.2,0.2204
2026-08-12,7753.56,2026-09-14,33.0,7000.0,777.45,0.1406,10.75,0.2169
2026-08-12,7753.56,2026-09-14,33.0,7025.0,752.45,0.1341,11.35,0.2134
2026-08-12,7753.56,2026-09-14,33.0,7050.0,729.0,0.1535,11.9,0.2095
2026-08-12,7753.56,2026-09-14,33.0,7075.0,704.0,0.1478,12.6,0.2061
2026-08-12,7753.56,2026-09-14,33.0,7100.0,680.4,0.1549,13.35,0.2026
2026-08-12,7753.56,2026-09-14,33.0,7125.0,656.25,0.1553,14.1,0.199
2026-08-12,7753.56,2026-09-14,33.0,7150.0,631.8,0.153,14.95,0.1955
2026-08-12,7753.56,2026-09-14,33.0,7175.0,607.75,0.1525,15.85,0.1919
2026-08-12,7753.56,2026-09-14,33.0,7200.0,583.65,0.1512,16.85,0.1884
2026-08-12,7753.56,2026-09-14,33.0,7225.0,559.85,0.1506,17.95,0.185
2026-08-12,7753.56,2026-09-14,33.0,7250.0,536.5,0.151,19.15,0.1816
2026-08-12,7753.56,2026-09-14,33.0,7275.0,514.35,0.1545,20.45,0.1781
2026-08-12,7753.56,2026-09-14,33.0,7300.0,490.25,0.1508,21.95,0.1749
2026-08-12,7753.56,2026-09-14,33.0,7325.0,467.35,0.1502,23.55,0.1716
2026-08-12,7753.56,2026-09-14,33.0,7350.0,444.35,0.1487,25.35,0.1684
2026-08-12,7753.56,2026-09-14,33.0,7375.0,421.45,0.1469,27.3,0.1651
2026-08-12,7753.56,2026-09-14,33.0,7400.0,398.75,0.145,29.4,0.1618
2026-08-12,7753.56,2026-09-14,33.0,7425.0,376.2,0.1428,31.85,0.1588
2026-08-12,7753.56,2026-09-14,33.0,7450.0,353.95,0.1407,34.5,0.1556
2026-08-12,7753.56,2026-09-14,33.0,7475.0,331.85,0.1384,37.55,0.1527
2026-08-12,7753.56,2026-09-14,33.0,7500.0,310.25,0.1363,40.8,0.1497
2026-08-12,7753.56,2026-09-14,33.0,7525.0,289.2,0.1345,44.55,0.1469
2026-08-12,7753.56,2026-09-14,33.0,7550.0,268.15,0.132,48.75,0.1442
2026-08-12,7753.56,2026-09-14,33.0,7575.0,247.9,0.1301,53.3,0.1414
2026-08-12,7753.56,2026-09-14,33.0,7580.0,244.3,0.1302,54.2,0.1407
2026-08-12,7753.56,2026-09-14,33.0,7590.0,235.95,0.1289,56.3,0.1398
2026-08-12,7753.56,2026-09-14,33.0,7600.0,228.55,0.1286,58.4,0.1387
2026-08-12,7753.56,2026-09-14,33.0,7610.0,220.3,0.1272,60.7,0.1378
2026-08-12,7753.56,2026-09-14,33.0,7620.0,212.9,0.1267,62.95,0.1367
2026-08-12,7753.56,2026-09-14,33.0,7625.0,209.1,0.1263,64.15,0.1362
2026-08-12,7753.56,2026-09-14,33.0,7630.0,205.3,0.1259,65.35,0.1356
2026-08-12,7753.56,2026-09-14,33.0,7640.0,197.9,0.1252,67.9,0.1347
2026-08-12,7753.56,2026-09-14,33.0,7650.0,190.5,0.1243,70.5,0.1337
2026-08-12,7753.56,2026-09-14,33.0,7660.0,183.3,0.1236,73.35,0.1328
2026-08-12,7753.56,2026-09-14,33.0,7670.0,176.3,0.1229,76.1,0.1318
2026-08-12,7753.56,2026-09-14,33.0,7675.0,172.8,0.1226,77.7,0.1314
2026-08-12,7753.56,2026-09-14,33.0,7680.0,169.3,0.1222,79.25,0.131
2026-08-12,7753.56,2026-09-14,33.0,7690.0,162.5,0.1215,82.3,0.13
2026-08-12,7753.56,2026-09-14,33.0,7700.0,155.6,0.1206,85.55,0.1292
2026-08-12,7753.56,2026-09-14,33.0,7710.0,149.3,0.1202,89.0,0.1284
2026-08-12,7753.56,2026-09-14,33.0,7720.0,142.85,0.1195,92.5,0.1275
2026-08-12,7753.56,2026-09-14,33.0,7725.0,139.6,0.1191,94.3,0.127
2026-08-12,7753.56,2026-09-14,33.0,7730.0,136.5,0.1188,96.1,0.1266
2026-08-12,7753.56,2026-09-14,33.0,7740.0,130.4,0.1182,100.0,0.1258
2026-08-12,7753.56,2026-09-14,33.0,7750.0,124.45,0.1176,103.95,0.125
2026-08-12,7753.56,2026-09-14,33.0,7760.0,118.7,0.1171,108.2,0.1244
2026-08-12,7753.56,2026-09-14,33.0,7770.0,112.9,0.1163,112.5,0.1236
2026-08-12,7753.56,2026-09-14,33.0,7775.0,110.25,0.1162,114.7,0.1233
2026-08-12,7753.56,2026-09-14,33.0,7780.0,107.5,0.1159,116.95,0.1229
2026-08-12,7753.56,2026-09-14,33.0,7790.0,102.15,0.1153,121.5,0.1221
2026-08-12,7753.56,2026-09-14,33.0,7800.0,96.95,0.1148,126.3,0.1215
2026-08-12,7753.56,2026-09-14,33.0,7810.0,91.95,0.1143,131.3,0.1208
2026-08-12,7753.56,2026-09-14,33.0,7820.0,87.1,0.1138,136.35,0.1201
2026-08-12,7753.56,2026-09-14,33.0,7825.0,84.75,0.1136,139.1,0.1199
2026-08-12,7753.56,2026-09-14,33.0,7850.0,73.55,0.1124,152.7,0.1182
2026-08-12,7753.56,2026-09-14,33.0,7875.0,63.45,0.1114,167.55,0.1168
2026-08-12,7753.56,2026-09-14,33.0,7900.0,54.4,0.1105,183.7,0.1157
2026-08-12,7753.56,2026-09-14,33.0,7925.0,46.25,0.1097,200.55,0.1142
2026-08-12,7753.56,2026-09-14,33.0,7950.0,39.15,0.109,218.4,0.1128
2026-08-12,7753.56,2026-09-14,33.0,7975.0,32.95,0.1085,237.05,0.1109
2026-08-12,7753.56,2026-09-14,33.0,8000.0,27.6,0.1081,256.6,0.1087
2026-08-12,7753.56,2026-09-14,33.0,8025.0,22.9,0.1077,277.1,0.106
2026-08-12,7753.56,2026-09-14,33.0,8050.0,19.0,0.1075,298.15,0.1006
2026-08-12,7753.56,2026-09-14,33.0,8075.0,15.6,0.1072,319.5,0.0974
2026-08-12,7753.56,2026-09-14,33.0,8100.0,12.85,0.1073,,
2026-08-12,7753.56,2026-09-14,33.0,8125.0,10.55,0.1074,363.55,0.1084
2026-08-12,7753.56,2026-09-14,33.0,8150.0,8.65,0.1076,388.9,0.1137
2026-08-12,7753.56,2026-09-14,33.0,8175.0,7.1,0.108,,
2026-08-12,7753.56,2026-09-14,33.0,8200.0,5.85,0.1085,,
2026-08-12,7753.56,2026-09-14,33.0,8225.0,4.85,0.1093,,
2026-08-12,7753.56,2026-09-14,33.0,8250.0,4.05,0.1102,,
2026-08-12,7753.56,2026-09-14,33.0,8275.0,3.45,0.1115,,
2026-08-12,7753.56,2026-09-14,33.0,8300.0,2.9,0.1126,,
2026-08-12,7753.56,2026-09-14,33.0,8400.0,1.65,0.119,,
2026-08-12,7753.56,2026-09-14,33.0,8500.0,1.07,0.1271,,
2026-08-12,7753.56,2026-09-14,33.0,8600.0,0.77,0.136,,
2026-08-12,7753.56,2026-09-14,33.0,8800.0,0.42,0.1528,,
2026-08-12,7753.56,2026-09-15,34.0,6000.0,,,2.4,0.3624
2026-08-12,7753.56,2026-09-15,34.0,6200.0,1566.35,0.1699,3.2,0.3338
2026-08-12,7753.56,2026-09-15,34.0,6300.0,1466.75,0.1798,3.7,0.3194
2026-08-12,7753.56,2026-09-15,34.0,6400.0,1367.95,0.1473,4.25,0.3046
2026-08-12,7753.56,2026-09-15,34.0,6500.0,1269.05,0.1545,4.95,0.2902
2026-08-12,7753.56,2026-09-15,34.0,6600.0,1170.65,0.1252,5.75,0.2754
2026-08-12,7753.56,2026-09-15,34.0,6650.0,1121.55,0.139,6.25,0.2683
2026-08-12,7753.56,2026-09-15,34.0,6675.0,1096.4,0.1246,6.5,0.2646
2026-08-12,7753.56,2026-09-15,34.0,6700.0,1071.75,0.1298,6.75,0.2608
2026-08-12,7753.56,2026-09-15,34.0,6725.0,1047.6,0.1308,7.05,0.2572
2026-08-12,7753.56,2026-09-15,34.0,6750.0,1022.55,0.1194,7.35,0.2536
2026-08-12,7753.56,2026-09-15,34.0,6775.0,998.35,0.1221,7.65,0.2498
2026-08-12,7753.56,2026-09-15,34.0,6800.0,973.35,0.1035,8.05,0.2465
2026-08-12,7753.56,2026-09-15,34.0,6825.0,949.3,0.1128,8.35,0.2426
2026-08-12,7753.56,2026-09-15,34.0,6850.0,924.35,0.1141,8.75,0.239
2026-08-12,7753.56,2026-09-15,34.0,6875.0,900.15,0.1017,9.15,0.2354
2026-08-12,7753.56,2026-09-15,34.0,6900.0,875.35,0.1055,9.55,0.2316
2026-08-12,7753.56,2026-09-15,34.0,6925.0,851.4,0.1059,10.05,0.2282
2026-08-12,7753.56,2026-09-15,34.0,6950.0,826.55,0.0961,10.55,0.2246
2026-08-12,7753.56,2026-09-15,34.0,6975.0,802.3,0.0978,11.05,0.2209
2026-08-12,7753.56,2026-09-15,34.0,7000.0,778.05,0.1357,11.65,0.2174
2026-08-12,7753.56,2026-09-15,34.0,7025.0,753.55,0.1409,12.2,0.2137
2026-08-12,7753.56,2026-09-15,34.0,7050.0,729.25,0.1459,12.95,0.2104
2026-08-12,7753.56,2026-09-15,34.0,7075.0,705.05,0.1492,13.6,0.2067
2026-08-12,7753.56,2026-09-15,34.0,7100.0,681.05,0.1522,14.35,0.2031
2026-08-12,7753.56,2026-09-15,34.0,7125.0,656.85,0.1523,15.25,0.1999
2026-08-12,7753.56,2026-09-15,34.0,7150.0,632.6,0.1513,16.1,0.1962
2026-08-12,7753.56,2026-09-15,34.0,7175.0,608.95,0.1528,17.05,0.1927
2026-08-12,7753.56,2026-09-15,34.0,7200.0,585.1,0.1524,18.1,0.1892
2026-08-12,7753.56,2026-09-15,34.0,7225.0,561.55,0.1524,19.3,0.1859
2026-08-12,7753.56,2026-09-15,34.0,7250.0,538.5,0.1534,20.6,0.1826
2026-08-12,7753.56,2026-09-15,34.0,7275.0,514.8,0.1515,22.0,0.1793
2026-08-12,7753.56,2026-09-15,34.0,7300.0,491.15,0.1493,23.5,0.1759
2026-08-12,7753.56,2026-09-15,34.0,7325.0,468.25,0.1486,25.2,0.1727
2026-08-12,7753.56,2026-09-15,34.0,7350.0,445.15,0.1469,27.05,0.1695
2026-08-12,7753.56,2026-09-15,34.0,7375.0,422.35,0.1453,29.1,0.1663
2026-08-12,7753.56,2026-09-15,34.0,7400.0,399.7,0.1435,31.4,0.1632
2026-08-12,7753.56,2026-09-15,34.0,7425.0,377.25,0.1415,33.8,0.16
2026-08-12,7753.56,2026-09-15,34.0,7450.0,355.15,0.1397,36.6,0.157
2026-08-12,7753.56,2026-09-15,34.0,7475.0,333.3,0.1377,39.7,0.154
2026-08-12,7753.56,2026-09-15,34.0,7500.0,311.9,0.1359,43.1,0.1511
2026-08-12,7753.56,2026-09-15,34.0,7525.0,290.75,0.1339,46.85,0.1482
2026-08-12,7753.56,2026-09-15,34.0,7550.0,270.25,0.1322,51.05,0.1454
2026-08-12,7753.56,2026-09-15,34.0,7575.0,249.9,0.1301,55.75,0.1427
2026-08-12,7753.56,2026-09-15,34.0,7580.0,245.95,0.1297,56.7,0.1421
2026-08-12,7753.56,2026-09-15,34.0,7590.0,238.0,0.1289,58.75,0.141
2026-08-12,7753.56,2026-09-15,34.0,7600.0,230.5,0.1285,60.95,0.1401
2026-08-12,7753.56,2026-09-15,34.0,7610.0,222.9,0.1279,63.15,0.139
2026-08-12,7753.56,2026-09-15,34.0,7620.0,215.1,0.1269,65.55,0.138
2026-08-12,7753.56,2026-09-15,34.0,7625.0,211.3,0.1265,66.75,0.1375
2026-08-12,7753.56,2026-09-15,34.0,7630.0,207.5,0.126,67.95,0.137
2026-08-12,7753.56,2026-09-15,34.0,7640.0,200.1,0.1253,70.55,0.1361
2026-08-12,7753.56,2026-09-15,34.0,7650.0,192.9,0.1247,73.35,0.1353
2026-08-12,7753.56,2026-09-15,34.0,7660.0,185.7,0.1239,76.05,0.1342
2026-08-12,7753.56,2026-09-15,34.0,7670.0,178.6,0.1232,78.9,0.1333
2026-08-12,7753.56,2026-09-15,34.0,7675.0,175.1,0.1228,80.5,0.1329
2026-08-12,7753.56,2026-09-15,34.0,7680.0,171.7,0.1225,81.95,0.1324
2026-08-12,7753.56,2026-09-15,34.0,7690.0,164.9,0.1219,85.1,0.1315
2026-08-12,7753.56,2026-09-15,34.0,7700.0,158.1,0.1211,88.35,0.1306
2026-08-12,7753.56,2026-09-15,34.0,7710.0,151.7,0.1206,91.85,0.1299
2026-08-12,7753.56,2026-09-15,34.0,7720.0,145.3,0.1199,95.35,0.129
2026-08-12,7753.56,2026-09-15,34.0,7725.0,142.1,0.1196,97.25,0.1286
2026-08-12,7753.56,2026-09-15,34.0,7730.0,139.0,0.1193,99.1,0.1282
2026-08-12,7753.56,2026-09-15,34.0,7740.0,132.9,0.1187,102.9,0.1274
2026-08-12,7753.56,2026-09-15,34.0,7750.0,126.9,0.118,106.9,0.1266
2026-08-12,7753.56,2026-09-15,34.0,7760.0,121.1,0.1175,111.1,0.126
2026-08-12,7753.56,2026-09-15,34.0,7770.0,115.5,0.117,115.35,0.1252
2026-08-12,7753.56,2026-09-15,34.0,7775.0,112.75,0.1167,117.7,0.125
2026-08-12,7753.56,2026-09-15,34.0,7780.0,110.0,0.1164,119.8,0.1245
2026-08-12,7753.56,2026-09-15,34.0,7790.0,104.7,0.1159,124.5,0.1239
2026-08-12,7753.56,2026-09-15,34.0,7800.0,99.5,0.1154,129.2,0.1231
2026-08-12,7753.56,2026-09-15,34.0,7825.0,87.3,0.1142,142.05,0.1217
2026-08-12,7753.56,2026-09-15,34.0,7850.0,76.05,0.1131,155.6,0.1201
2026-08-12,7753.56,2026-09-15,34.0,7875.0,65.95,0.1122,170.5,0.1188
2026-08-12,7753.56,2026-09-15,34.0,7900.0,56.75,0.1113,186.4,0.1177
2026-08-12,7753.56,2026-09-15,34.0,7925.0,48.6,0.1106,203.2,0.1164
2026-08-12,7753.56,2026-09-15,34.0,7950.0,41.3,0.1099,220.8,0.1149
2026-08-12,7753.56,2026-09-15,34.0,7975.0,34.9,0.1093,239.35,0.1134
2026-08-12,7753.56,2026-09-15,34.0,8000.0,29.3,0.1088,258.65,0.1113
2026-08-12,7753.56,2026-09-15,34.0,8025.0,24.6,0.1086,278.35,0.1078
2026-08-12,7753.56,2026-09-15,34.0,8050.0,20.5,0.1084,299.35,0.1038
2026-08-12,7753.56,2026-09-15,34.0,8075.0,17.0,0.1082,321.0,0.0967
2026-08-12,7753.56,2026-09-15,34.0,8100.0,14.05,0.1081,,
2026-08-12,7753.56,2026-09-15,34.0,8125.0,11.6,0.1082,365.5,0.1075
2026-08-12,7753.56,2026-09-15,34.0,8150.0,9.6,0.1085,389.85,0.1129
2026-08-12,7753.56,2026-09-15,34.0,8175.0,7.9,0.1088,413.2,0.1181
2026-08-12,7753.56,2026-09-15,34.0,8200.0,6.55,0.1093,,
2026-08-12,7753.56,2026-09-15,34.0,8225.0,5.45,0.11,,
2026-08-12,7753.56,2026-09-15,34.0,8250.0,4.55,0.1108,,
2026-08-12,7753.56,2026-09-15,34.0,8300.0,3.25,0.1129,,
2026-08-12,7753.56,2026-09-15,34.0,8400.0,1.82,0.1188,,
2026-08-12,7753.56,2026-09-15,34.0,8600.0,0.82,0.1348,,
2026-08-12,7753.56,2026-09-15,34.0,8800.0,0.48,0.1521,,
2026-08-12,7753.56,2026-09-16,35.0,6000.0,,,2.75,0.3635
2026-08-12,7753.56,2026-09-16,35.0,6200.0,1566.85,0.182,3.6,0.3345
2026-08-12,7753.56,2026-09-16,35.0,6300.0,1467.5,0.1804,4.2,0.3207
2026-08-12,7753.56,2026-09-16,35.0,6400.0,1369.55,0.1568,4.8,0.3058
2026-08-12,7753.56,2026-09-16,35.0,6500.0,1270.75,0.1547,5.6,0.2917
2026-08-12,7753.56,2026-09-16,35.0,6600.0,1172.1,0.1324,6.5,0.2771
2026-08-12,7753.56,2026-09-16,35.0,6700.0,1073.05,0.1297,7.65,0.2628
2026-08-12,7753.56,2026-09-16,35.0,6800.0,975.0,0.1087,8.95,0.2479
2026-08-12,7753.56,2026-09-16,35.0,6900.0,877.15,0.1053,10.75,0.2338
2026-08-12,7753.56,2026-09-16,35.0,7000.0,779.3,0.1456,13.0,0.2196
2026-08-12,7753.56,2026-09-16,35.0,7100.0,683.25,0.1601,16.0,0.2056
2026-08-12,7753.56,2026-09-16,35.0,7150.0,635.7,0.1614,17.9,0.1987
2026-08-12,7753.56,2026-09-16,35.0,7175.0,611.6,0.1595,19.0,0.1954
2026-08-12,7753.56,2026-09-16,35.0,7200.0,587.35,0.1566,20.1,0.1919
2026-08-12,7753.56,2026-09-16,35.0,7225.0,565.05,0.1602,21.4,0.1886
2026-08-12,7753.56,2026-09-16,35.0,7250.0,541.65,0.1591,22.75,0.1852
2026-08-12,7753.56,2026-09-16,35.0,7275.0,518.1,0.157,24.3,0.182
2026-08-12,7753.56,2026-09-16,35.0,7300.0,494.9,0.1555,25.95,0.1788
2026-08-12,7753.56,2026-09-16,35.0,7325.0,471.7,0.1535,27.75,0.1755
2026-08-12,7753.56,2026-09-16,35.0,7350.0,448.9,0.1519,29.75,0.1724
2026-08-12,7753.56,2026-09-16,35.0,7375.0,426.15,0.1499,31.9,0.1692
2026-08-12,7753.56,2026-09-16,35.0,7400.0,403.65,0.148,34.25,0.166
2026-08-12,7753.56,2026-09-16,35.0,7425.0,381.4,0.146,36.9,0.163
2026-08-12,7753.56,2026-09-16,35.0,7450.0,359.35,0.1439,39.8,0.16
2026-08-12,7753.56,2026-09-16,35.0,7475.0,337.7,0.142,43.05,0.1571
2026-08-12,7753.56,2026-09-16,35.0,7500.0,316.1,0.1395,46.55,0.1541
2026-08-12,7753.56,2026-09-16,35.0,7525.0,295.4,0.1379,50.5,0.1513
2026-08-12,7753.56,2026-09-16,35.0,7550.0,274.4,0.1353,54.85,0.1485
2026-08-12,7753.56,2026-09-16,35.0,7575.0,254.35,0.1333,59.7,0.1459
2026-08-12,7753.56,2026-09-16,35.0,7600.0,234.85,0.1314,65.05,0.1433
2026-08-12,7753.56,2026-09-16,35.0,7625.0,216.1,0.1298,70.95,0.1407
2026-08-12,7753.56,2026-09-16,35.0,7650.0,197.8,0.128,77.55,0.1384
2026-08-12,7753.56,2026-09-16,35.0,7675.0,180.1,0.1261,84.8,0.136
2026-08-12,7753.56,2026-09-16,35.0,7700.0,163.3,0.1245,93.05,0.1341
2026-08-12,7753.56,2026-09-16,35.0,7725.0,147.25,0.1229,101.7,0.1318
2026-08-12,7753.56,2026-09-16,35.0,7750.0,132.1,0.1214,111.5,0.13
2026-08-12,7753.56,2026-09-16,35.0,7775.0,117.9,0.12,122.05,0.1281
2026-08-12,7753.56,2026-09-16,35.0,7800.0,104.55,0.1186,133.7,0.1264
2026-08-12,7753.56,2026-09-16,35.0,7825.0,92.3,0.1175,146.15,0.1247
2026-08-12,7753.56,2026-09-16,35.0,7850.0,80.9,0.1164,159.85,0.1234
2026-08-12,7753.56,2026-09-16,35.0,7875.0,70.55,0.1154,174.3,0.1218
2026-08-12,7753.56,2026-09-16,35.0,7900.0,61.2,0.1145,189.8,0.1204
2026-08-12,7753.56,2026-09-16,35.0,7925.0,52.65,0.1136,206.8,0.1197
2026-08-12,7753.56,2026-09-16,35.0,7950.0,45.2,0.113,223.7,0.1177
2026-08-12,7753.56,2026-09-16,35.0,7975.0,38.5,0.1124,242.0,0.1163
2026-08-12,7753.56,2026-09-16,35.0,8000.0,32.6,0.1118,261.5,0.1151
2026-08-12,7753.56,2026-09-16,35.0,8025.0,27.6,0.1115,281.1,0.1125
2026-08-12,7753.56,2026-09-16,35.0,8050.0,23.2,0.1112,301.8,0.1098
2026-08-12,7753.56,2026-09-16,35.0,8100.0,16.15,0.1108,344.65,0.1014
2026-08-12,7753.56,2026-09-16,35.0,8200.0,7.65,0.1113,,
2026-08-12,7753.56,2026-09-16,35.0,8300.0,3.85,0.1145,,
2026-08-12,7753.56,2026-09-16,35.0,8400.0,2.12,0.1197,,
2026-08-12,7753.56,2026-09-16,35.0,8500.0,1.32,0.1265,,
2026-08-12,7753.56,2026-09-16,35.0,8600.0,0.93,0.1346,,
2026-08-12,7753.56,2026-09-16,35.0,8800.0,0.53,0.1514,,
2026-08-12,7753.56,2026-09-17,36.0,6000.0,,,3.1,0.3642
2026-08-12,7753.56,2026-09-17,36.0,6200.0,1567.5,0.1856,4.05,0.3355
2026-08-12,7753.56,2026-09-17,36.0,6300.0,1468.95,0.1805,4.65,0.3211
2026-08-12,7753.56,2026-09-17,36.0,6400.0,1370.1,0.1598,5.35,0.3067
2026-08-12,7753.56,2026-09-17,36.0,6500.0,1271.4,0.1546,6.15,0.2921
2026-08-12,7753.56,2026-09-17,36.0,6600.0,1172.7,0.1348,7.15,0.2778
2026-08-12,7753.56,2026-09-17,36.0,6700.0,1074.1,0.1295,8.35,0.2634
2026-08-12,7753.56,2026-09-17,36.0,6800.0,975.9,0.1106,9.85,0.2491
2026-08-12,7753.56,2026-09-17,36.0,6900.0,878.6,0.1108,11.7,0.2347
2026-08-12,7753.56,2026-09-17,36.0,7000.0,781.1,0.158,14.1,0.2205
2026-08-12,7753.56,2026-09-17,36.0,7100.0,685.2,0.1648,17.3,0.2067
2026-08-12,7753.56,2026-09-17,36.0,7150.0,636.9,0.1614,19.35,0.2
2026-08-12,7753.56,2026-09-17,36.0,7175.0,613.15,0.1607,20.5,0.1967
2026-08-12,7753.56,2026-09-17,36.0,7200.0,590.15,0.1621,21.7,0.1933
2026-08-12,7753.56,2026-09-17,36.0,7225.0,567.45,0.1634,23.0,0.1899
2026-08-12,7753.56,2026-09-17,36.0,7250.0,544.05,0.1619,24.5,0.1867
2026-08-12,7753.56,2026-09-17,36.0,7275.0,520.4,0.1592,26.0,0.1833
2026-08-12,7753.56,2026-09-17,36.0,7300.0,497.55,0.1583,27.8,0.1802
2026-08-12,7753.56,2026-09-17,36.0,7325.0,474.55,0.1564,29.7,0.177
2026-08-12,7753.56,2026-09-17,36.0,7350.0,451.55,0.1541,31.75,0.1738
2026-08-12,7753.56,2026-09-17,36.0,7375.0,429.05,0.1524,34.05,0.1708
2026-08-12,7753.56,2026-09-17,36.0,7400.0,406.2,0.1496,36.5,0.1677
2026-08-12,7753.56,2026-09-17,36.0,7425.0,384.45,0.1483,39.25,0.1647
2026-08-12,7753.56,2026-09-17,36.0,7450.0,362.55,0.1462,42.25,0.1617
2026-08-12,7753.56,2026-09-17,36.0,7475.0,340.5,0.1434,45.45,0.1586
2026-08-12,7753.56,2026-09-17,36.0,7500.0,319.6,0.1419,49.05,0.1556
2026-08-12,7753.56,2026-09-17,36.0,7525.0,298.55,0.1396,53.15,0.1529
2026-08-12,7753.56,2026-09-17,36.0,7550.0,278.0,0.1374,57.65,0.1503
2026-08-12,7753.56,2026-09-17,36.0,7575.0,258.15,0.1356,62.55,0.1476
2026-08-12,7753.56,2026-09-17,36.0,7600.0,239.1,0.1341,67.95,0.145
2026-08-12,7753.56,2026-09-17,36.0,7625.0,219.9,0.1318,73.95,0.1425
2026-08-12,7753.56,2026-09-17,36.0,7650.0,201.5,0.1298,80.5,0.14
2026-08-12,7753.56,2026-09-17,36.0,7675.0,184.1,0.1282,87.95,0.1378
2026-08-12,7753.56,2026-09-17,36.0,7700.0,167.15,0.1264,95.9,0.1355
2026-08-12,7753.56,2026-09-17,36.0,7725.0,151.1,0.1247,104.9,0.1336
2026-08-12,7753.56,2026-09-17,36.0,7750.0,136.0,0.1233,114.45,0.1315
2026-08-12,7753.56,2026-09-17,36.0,7775.0,121.7,0.1218,125.1,0.1298
2026-08-12,7753.56,2026-09-17,36.0,7800.0,108.3,0.1205,136.7,0.1281
2026-08-12,7753.56,2026-09-17,36.0,7825.0,95.9,0.1193,149.1,0.1264
2026-08-12,7753.56,2026-09-17,36.0,7850.0,84.45,0.1181,162.5,0.1249
2026-08-12,7753.56,2026-09-17,36.0,7875.0,73.95,0.1171,176.9,0.1234
2026-08-12,7753.56,2026-09-17,36.0,7900.0,64.4,0.1162,192.4,0.1222
2026-08-12,7753.56,2026-09-17,36.0,7925.0,55.85,0.1154,208.3,0.1203
2026-08-12,7753.56,2026-09-17,36.0,7950.0,48.05,0.1146,226.35,0.1199
2026-08-12,7753.56,2026-09-17,36.0,7975.0,41.2,0.114,244.35,0.1185
2026-08-12,7753.56,2026-09-17,36.0,8000.0,35.2,0.1136,262.7,0.1159
2026-08-12,7753.56,2026-09-17,36.0,8025.0,29.8,0.113,282.5,0.1141
2026-08-12,7753.56,2026-09-17,36.0,8050.0,25.25,0.1128,302.95,0.1115
2026-08-12,7753.56,2026-09-17,36.0,8100.0,17.8,0.1123,345.0,0.1007
2026-08-12,7753.56,2026-09-17,36.0,8200.0,8.65,0.1127,437.3,0.1214
2026-08-12,7753.56,2026-09-17,36.0,8300.0,4.35,0.1153,,
2026-08-12,7753.56,2026-09-17,36.0,8400.0,2.38,0.1199,,
2026-08-12,7753.56,2026-09-17,36.0,8500.0,1.48,0.1264,,
2026-08-12,7753.56,2026-09-17,36.0,8600.0,1.02,0.1343,,
2026-08-12,7753.56,2026-09-17,36.0,8800.0,0.57,0.1507,,
2026-08-12,7753.56,2026-09-18,37.0,5820.0,1946.5,0.2267,2.55,0.3868
2026-08-12,7753.56,2026-09-18,37.0,5825.0,1941.9,0.2301,2.58,0.3862
2026-08-12,7753.56,2026-09-18,37.0,5830.0,1937.3,0.2326,2.6,0.3857
2026-08-12,7753.56,2026-09-18,37.0,5840.0,1927.05,0.2362,2.62,0.3841
2026-08-12,7753.56,2026-09-18,37.0,5850.0,1916.6,0.2039,2.72,0.3839
2026-08-12,7753.56,2026-09-18,37.0,5860.0,1907.15,0.221,2.7,0.3814
2026-08-12,7753.56,2026-09-18,37.0,5870.0,1897.5,0.227,2.73,0.3798
2026-08-12,7753.56,2026-09-18,37.0,5875.0,1892.3,0.229,2.75,0.3792
2026-08-12,7753.56,2026-09-18,37.0,5880.0,1887.35,0.2306,2.75,0.3782
2026-08-12,7753.56,2026-09-18,37.0,5890.0,1877.75,0.1961,2.8,0.377
2026-08-12,7753.56,2026-09-18,37.0,5900.0,1867.2,0.2153,2.92,0.377
2026-08-12,7753.56,2026-09-18,37.0,5910.0,1857.65,0.2215,2.88,0.3742
2026-08-12,7753.56,2026-09-18,37.0,5920.0,1847.75,0.225,2.9,0.3725
2026-08-12,7753.56,2026-09-18,37.0,5925.0,1842.85,0.2263,2.95,0.3723
2026-08-12,7753.56,2026-09-18,37.0,5930.0,1837.9,0.1871,2.98,0.3717
2026-08-12,7753.56,2026-09-18,37.0,5940.0,1827.85,0.2097,2.98,0.3697
2026-08-12,7753.56,2026-09-18,37.0,5950.0,1818.05,0.216,3.1,0.3696
2026-08-12,7753.56,2026-09-18,37.0,5960.0,1807.95,0.2195,3.08,0.3672
2026-08-12,7753.56,2026-09-18,37.0,5970.0,1798.45,0.1735,3.1,0.3655
2026-08-12,7753.56,2026-09-18,37.0,5975.0,1792.9,0.1979,3.15,0.3652
2026-08-12,7753.56,2026-09-18,37.0,5980.0,1788.35,0.2041,3.15,0.3642
2026-08-12,7753.56,2026-09-18,37.0,5990.0,1777.95,0.2105,3.15,0.3622
2026-08-12,7753.56,2026-09-18,37.0,6000.0,1768.15,0.214,3.3,0.3623
2026-08-12,7753.56,2026-09-18,37.0,6010.0,1758.5,0.2164,3.25,0.3596
2026-08-12,7753.56,2026-09-18,37.0,6020.0,1748.8,0.1985,3.35,0.359
2026-08-12,7753.56,2026-09-18,37.0,6025.0,1743.4,0.2024,3.35,0.3579
2026-08-12,7753.56,2026-09-18,37.0,6030.0,1738.2,0.205,3.35,0.3569
2026-08-12,7753.56,2026-09-18,37.0,6040.0,1728.25,0.2086,3.45,0.3563
2026-08-12,7753.56,2026-09-18,37.0,6050.0,1719.1,0.2109,3.5,0.3549
2026-08-12,7753.56,2026-09-18,37.0,6060.0,1709.05,0.193,3.5,0.3529
2026-08-12,7753.56,2026-09-18,37.0,6070.0,1698.9,0.1996,3.55,0.3515
2026-08-12,7753.56,2026-09-18,37.0,6075.0,1693.8,0.2016,3.55,0.3505
2026-08-12,7753.56,2026-09-18,37.0,6080.0,1689.1,0.2032,3.55,0.3494
2026-08-12,7753.56,2026-09-18,37.0,6090.0,1679.2,0.2055,3.65,0.3487
2026-08-12,7753.56,2026-09-18,37.0,6100.0,1669.65,0.1875,3.8,0.3486
2026-08-12,7753.56,2026-09-18,37.0,6110.0,1659.3,0.1943,3.75,0.3459
2026-08-12,7753.56,2026-09-18,37.0,6120.0,1649.6,0.1978,3.75,0.3438
2026-08-12,7753.56,2026-09-18,37.0,6125.0,1644.8,0.1991,3.85,0.344
2026-08-12,7753.56,2026-09-18,37.0,6130.0,1639.5,0.2001,3.85,0.343
2026-08-12,7753.56,2026-09-18,37.0,6140.0,1629.6,0.1819,3.9,0.3416
2026-08-12,7753.56,2026-09-18,37.0,6150.0,1619.9,0.1889,4.0,0.3407
2026-08-12,7753.56,2026-09-18,37.0,6160.0,1609.55,0.1925,4.0,0.3387
2026-08-12,7753.56,2026-09-18,37.0,6170.0,1600.0,0.1947,4.05,0.3372
2026-08-12,7753.56,2026-09-18,37.0,6175.0,1595.35,0.1671,4.05,0.3362
2026-08-12,7753.56,2026-09-18,37.0,6180.0,1590.15,0.1764,4.1,0.3357
2026-08-12,7753.56,2026-09-18,37.0,6190.0,1580.25,0.1836,4.15,0.3342
2026-08-12,7753.56,2026-09-18,37.0,6200.0,1570.2,0.1872,4.3,0.3339
2026-08-12,7753.56,2026-09-18,37.0,6210.0,1560.45,0.1894,4.25,0.3312
2026-08-12,7753.56,2026-09-18,37.0,6220.0,1550.55,0.1709,4.35,0.3303
2026-08-12,7753.56,2026-09-18,37.0,6225.0,1545.9,0.1755,4.35,0.3292
2026-08-12,7753.56,2026-09-18,37.0,6230.0,1540.15,0.1783,4.4,0.3288
2026-08-12,7753.56,2026-09-18,37.0,6240.0,1530.4,0.1819,4.45,0.3272
2026-08-12,7753.56,2026-09-18,37.0,6250.0,1520.7,0.1841,4.6,0.3267
2026-08-12,7753.56,2026-09-18,37.0,6260.0,1510.85,0.1655,4.55,0.3241
2026-08-12,7753.56,2026-09-18,37.0,6270.0,1501.05,0.1731,4.65,0.3231
2026-08-12,7753.56,2026-09-18,37.0,6275.0,1495.85,0.1751,4.65,0.3221
2026-08-12,7753.56,2026-09-18,37.0,6280.0,1491.3,0.1767,4.7,0.3215
2026-08-12,7753.56,2026-09-18,37.0,6290.0,1481.6,0.1789,4.75,0.32
2026-08-12,7753.56,2026-09-18,37.0,6300.0,1471.45,0.16,5.0,0.3203
2026-08-12,7753.56,2026-09-18,37.0,6310.0,1461.5,0.1679,4.9,0.3173
2026-08-12,7753.56,2026-09-18,37.0,6320.0,1451.5,0.1715,4.95,0.3157
2026-08-12,7753.56,2026-09-18,37.0,6325.0,1446.95,0.1727,5.0,0.3151
2026-08-12,7753.56,2026-09-18,37.0,6330.0,1441.9,0.1736,5.05,0.3146
2026-08-12,7753.56,2026-09-18,37.0,6340.0,1431.85,0.1544,5.1,0.3129
2026-08-12,7753.56,2026-09-18,37.0,6350.0,1422.3,0.1627,5.3,0.3127
2026-08-12,7753.56,2026-09-18,37.0,6360.0,1412.0,0.1663,5.25,0.3101
2026-08-12,7753.56,2026-09-18,37.0,6370.0,1402.55,0.1685,5.35,0.3089
2026-08-12,7753.56,2026-09-18,37.0,6375.0,1397.35,0.1692,5.35,0.3079
2026-08-12,7753.56,2026-09-18,37.0,6380.0,1392.35,0.1489,5.4,0.3073
2026-08-12,7753.56,2026-09-18,37.0,6390.0,1382.5,0.1576,5.45,0.3056
2026-08-12,7753.56,2026-09-18,37.0,6400.0,1372.9,0.1612,5.7,0.3057
2026-08-12,7753.56,2026-09-18,37.0,6410.0,1362.7,0.1633,5.65,0.3032
2026-08-12,7753.56,2026-09-18,37.0,6420.0,1352.35,0.1433,5.9,0.3031
2026-08-12,7753.56,2026-09-18,37.0,6425.0,1347.7,0.1493,5.75,0.3009
2026-08-12,7753.56,2026-09-18,37.0,6430.0,1342.75,0.1524,5.95,0.3014
2026-08-12,7753.56,2026-09-18,37.0,6440.0,1332.9,0.1561,5.9,0.2989
2026-08-12,7753.56,2026-09-18,37.0,6450.0,1322.75,0.1582,6.1,0.2984
2026-08-12,7753.56,2026-09-18,37.0,6460.0,1313.3,0.1376,6.05,0.2959
2026-08-12,7753.56,2026-09-18,37.0,6470.0,1303.35,0.1474,6.3,0.2957
2026-08-12,7753.56,2026-09-18,37.0,6475.0,1298.9,0.1495,6.2,0.2939
2026-08-12,7753.56,2026-09-18,37.0,6480.0,1293.4,0.151,6.4,0.2944
2026-08-12,7753.56,2026-09-18,37.0,6490.0,1283.95,0.1531,6.3,0.2915
2026-08-12,7753.56,2026-09-18,37.0,6500.0,1274.3,0.1317,6.6,0.2916
2026-08-12,7753.56,2026-09-18,37.0,6510.0,1263.95,0.1423,6.5,0.2888
2026-08-12,7753.56,2026-09-18,37.0,6520.0,1254.2,0.146,6.8,0.2888
2026-08-12,7753.56,2026-09-18,37.0,6525.0,1249.6,0.1471,6.65,0.2867
2026-08-12,7753.56,2026-09-18,37.0,6530.0,1244.25,0.148,6.9,0.2873
2026-08-12,7753.56,2026-09-18,37.0,6540.0,1234.5,0.1256,6.8,0.2845
2026-08-12,7753.56,2026-09-18,37.0,6550.0,1224.5,0.1373,7.1,0.2845
2026-08-12,7753.56,2026-09-18,37.0,6560.0,1215.15,0.141,7.0,0.2816
2026-08-12,7753.56,2026-09-18,37.0,6570.0,1205.0,0.143,7.3,0.2815
2026-08-12,7753.56,2026-09-18,37.0,6575.0,1200.45,0.1436,7.15,0.2795
2026-08-12,7753.56,2026-09-18,37.0,6580.0,1195.45,0.1189,7.4,0.28
2026-08-12,7753.56,2026-09-18,37.0,6590.0,1185.3,0.1323,7.3,0.2772
2026-08-12,7753.56,2026-09-18,37.0,6600.0,1175.8,0.136,7.6,0.277
2026-08-12,7753.56,2026-09-18,37.0,6610.0,1165.6,0.138,7.7,0.2755
2026-08-12,7753.56,2026-09-18,37.0,6620.0,1155.85,0.1107,7.85,0.2743
2026-08-12,7753.56,2026-09-18,37.0,6625.0,1151.25,0.1236,7.9,0.2735
2026-08-12,7753.56,2026-09-18,37.0,6630.0,1145.75,0.1273,8.0,0.273
2026-08-12,7753.56,2026-09-18,37.0,6640.0,1136.55,0.131,8.1,0.2714
2026-08-12,7753.56,2026-09-18,37.0,6650.0,1126.6,0.133,8.2,0.2699
2026-08-12,7753.56,2026-09-18,37.0,6660.0,1116.8,0.1341,8.35,0.2686
2026-08-12,7753.56,2026-09-18,37.0,6670.0,1106.55,0.1224,8.5,0.2673
2026-08-12,7753.56,2026-09-18,37.0,6675.0,1102.15,0.1246,8.55,0.2665
2026-08-12,7753.56,2026-09-18,37.0,6680.0,1097.15,0.1261,8.6,0.2656
2026-08-12,7753.56,2026-09-18,37.0,6690.0,1087.3,0.128,8.75,0.2643
2026-08-12,7753.56,2026-09-18,37.0,6700.0,1077.0,0.1291,8.9,0.2629
2026-08-12,7753.56,2026-09-18,37.0,6710.0,1067.35,0.1175,9.0,0.2613
2026-08-12,7753.56,2026-09-18,37.0,6720.0,1057.65,0.1212,9.15,0.2599
2026-08-12,7753.56,2026-09-18,37.0,6725.0,1053.05,0.1223,9.25,0.2593
2026-08-12,7753.56,2026-09-18,37.0,6730.0,1048.15,0.1231,9.3,0.2585
2026-08-12,7753.56,2026-09-18,37.0,6740.0,1038.25,0.1242,9.45,0.2571
2026-08-12,7753.56,2026-09-18,37.0,6750.0,1028.45,0.1126,9.6,0.2556
2026-08-12,7753.56,2026-09-18,37.0,6760.0,1018.4,0.1164,9.75,0.2542
2026-08-12,7753.56,2026-09-18,37.0,6770.0,1008.9,0.1436,9.95,0.2529
2026-08-12,7753.56,2026-09-18,37.0,6775.0,1003.6,0.1188,10.0,0.2521
2026-08-12,7753.56,2026-09-18,37.0,6780.0,999.25,0.1615,10.1,0.2514
2026-08-12,7753.56,2026-09-18,37.0,6790.0,989.3,0.1604,10.25,0.2499
2026-08-12,7753.56,2026-09-18,37.0,6800.0,979.6,0.1672,10.45,0.2486
2026-08-12,7753.56,2026-09-18,37.0,6810.0,969.75,0.1684,10.6,0.2471
2026-08-12,7753.56,2026-09-18,37.0,6820.0,960.0,0.1714,10.8,0.2458
2026-08-12,7753.56,2026-09-18,37.0,6825.0,955.1,0.1722,10.9,0.2451
2026-08-12,7753.56,2026-09-18,37.0,6830.0,950.2,0.1728,10.95,0.2442
2026-08-12,7753.56,2026-09-18,37.0,6840.0,940.2,0.1704,11.15,0.2428
2026-08-12,7753.56,2026-09-18,37.0,6850.0,930.75,0.1769,11.4,0.2417
2026-08-12,7753.56,2026-09-18,37.0,6860.0,920.95,0.1773,11.55,0.2401
2026-08-12,7753.56,2026-09-18,37.0,6870.0,910.9,0.1744,11.75,0.2386
2026-08-12,7753.56,2026-09-18,37.0,6875.0,906.3,0.1783,11.85,0.2379
2026-08-12,7753.56,2026-09-18,37.0,6880.0,901.4,0.1783,11.95,0.2372
2026-08-12,7753.56,2026-09-18,37.0,6890.0,891.7,0.1793,12.2,0.2359
2026-08-12,7753.56,2026-09-18,37.0,6900.0,881.35,0.1732,12.45,0.2347
2026-08-12,7753.56,2026-09-18,37.0,6910.0,872.2,0.1798,12.65,0.2332
2026-08-12,7753.56,2026-09-18,37.0,6920.0,862.2,0.1776,12.85,0.2316
2026-08-12,7753.56,2026-09-18,37.0,6925.0,857.65,0.1804,12.95,0.2309
2026-08-12,7753.56,2026-09-18,37.0,6930.0,852.25,0.1758,13.15,0.2305
2026-08-12,7753.56,2026-09-18,37.0,6940.0,842.75,0.178,13.35,0.2289
2026-08-12,7753.56,2026-09-18,37.0,6950.0,833.35,0.1805,13.6,0.2275
2026-08-12,7753.56,2026-09-18,37.0,6960.0,823.65,0.1804,13.85,0.2261
2026-08-12,7753.56,2026-09-18,37.0,6970.0,813.95,0.1803,14.15,0.2248
2026-08-12,7753.56,2026-09-18,37.0,6975.0,809.2,0.1808,14.25,0.224
2026-08-12,7753.56,2026-09-18,37.0,6980.0,804.3,0.1803,14.35,0.2232
2026-08-12,7753.56,2026-09-18,37.0,6990.0,794.3,0.1781,14.65,0.2219
2026-08-12,7753.56,2026-09-18,37.0,6995.0,790.7,0.1853,14.5,0.2202
2026-08-12,7753.56,2026-09-18,37.0,7000.0,785.0,0.1802,14.95,0.2206
2026-08-12,7753.56,2026-09-18,37.0,7005.0,780.95,0.1844,14.8,0.2189
2026-08-12,7753.56,2026-09-18,37.0,7010.0,775.0,0.1779,15.25,0.2192
2026-08-12,7753.56,2026-09-18,37.0,7015.0,771.3,0.1839,15.05,0.2174
2026-08-12,7753.56,2026-09-18,37.0,7020.0,765.55,0.1788,15.55,0.2178
2026-08-12,7753.56,2026-09-18,37.0,7025.0,760.75,0.1788,15.75,0.2173
2026-08-12,7753.56,2026-09-18,37.0,7030.0,755.5,0.1763,15.85,0.2164
2026-08-12,7753.56,2026-09-18,37.0,7035.0,752.05,0.1831,15.7,0.2147
2026-08-12,7753.56,2026-09-18,37.0,7040.0,746.35,0.1785,16.15,0.215
2026-08-12,7753.56,2026-09-18,37.0,7045.0,741.75,0.1794,16.0,0.2133
2026-08-12,7753.56,2026-09-18,37.0,7050.0,736.65,0.1777,16.55,0.2138
2026-08-12,7753.56,2026-09-18,37.0,7055.0,732.05,0.1785,16.35,0.212
2026-08-12,7753.56,2026-09-18,37.0,7060.0,726.65,0.1755,16.85,0.2123
2026-08-12,7753.56,2026-09-18,37.0,7065.0,722.35,0.1776,17.05,0.2117
2026-08-12,7753.56,2026-09-18,37.0,7070.0,717.1,0.1753,17.25,0.2111
2026-08-12,7753.56,2026-09-18,37.0,7075.0,712.75,0.1771,17.35,0.2102
2026-08-12,7753.56,2026-09-18,37.0,7080.0,707.5,0.1749,17.55,0.2096
2026-08-12,7753.56,2026-09-18,37.0,7085.0,702.85,0.1753,17.75,0.2089
2026-08-12,7753.56,2026-09-18,37.0,7090.0,697.9,0.1743,17.95,0.2083
2026-08-12,7753.56,2026-09-18,37.0,7095.0,692.95,0.1734,18.1,0.2075
2026-08-12,7753.56,2026-09-18,37.0,7100.0,687.95,0.1723,18.3,0.2069
2026-08-12,7753.56,2026-09-18,37.0,7105.0,683.4,0.173,18.55,0.2063
2026-08-12,7753.56,2026-09-18,37.0,7110.0,678.85,0.1737,18.75,0.2057
2026-08-12,7753.56,2026-09-18,37.0,7115.0,674.3,0.1743,18.9,0.2048
2026-08-12,7753.56,2026-09-18,37.0,7120.0,669.2,0.1728,19.15,0.2043
2026-08-12,7753.56,2026-09-18,37.0,7125.0,664.3,0.172,19.35,0.2036
2026-08-12,7753.56,2026-09-18,37.0,7130.0,659.55,0.1718,19.55,0.2029
2026-08-12,7753.56,2026-09-18,37.0,7135.0,654.75,0.1714,19.75,0.2022
2026-08-12,7753.56,2026-09-18,37.0,7140.0,650.05,0.1713,19.95,0.2015
2026-08-12,7753.56,2026-09-18,37.0,7145.0,645.15,0.1705,20.15,0.2008
2026-08-12,7753.56,2026-09-18,37.0,7150.0,640.6,0.1709,20.35,0.2
2026-08-12,7753.56,2026-09-18,37.0,7155.0,635.75,0.1703,20.65,0.1995
2026-08-12,7753.56,2026-09-18,37.0,7160.0,631.15,0.1705,20.85,0.1988
2026-08-12,7753.56,2026-09-18,37.0,7165.0,626.25,0.1696,21.15,0.1983
2026-08-12,7753.56,2026-09-18,37.0,7170.0,621.7,0.17,21.35,0.1975
2026-08-12,7753.56,2026-09-18,37.0,7175.0,616.75,0.1689,21.55,0.1968
2026-08-12,7753.56,2026-09-18,37.0,7180.0,612.05,0.1687,21.85,0.1962
2026-08-12,7753.56,2026-09-18,37.0,7185.0,607.45,0.1688,22.05,0.1954
2026-08-12,7753.56,2026-09-18,37.0,7190.0,602.7,0.1684,22.35,0.1949
2026-08-12,7753.56,2026-09-18,37.0,7195.0,599.25,0.1719,22.55,0.1941
2026-08-12,7753.56,2026-09-18,37.0,7200.0,594.55,0.1715,22.85,0.1935
2026-08-12,7753.56,2026-09-18,37.0,7205.0,589.8,0.171,23.15,0.1929
2026-08-12,7753.56,2026-09-18,37.0,7210.0,585.15,0.1708,23.4,0.1922
2026-08-12,7753.56,2026-09-18,37.0,7215.0,580.45,0.1704,23.65,0.1915
2026-08-12,7753.56,2026-09-18,37.0,7220.0,575.6,0.1696,23.95,0.1909
2026-08-12,7753.56,2026-09-18,37.0,7225.0,571.2,0.17,24.25,0.1903
2026-08-12,7753.56,2026-09-18,37.0,7230.0,566.4,0.1692,24.5,0.1895
2026-08-12,7753.56,2026-09-18,37.0,7235.0,561.7,0.1688,24.85,0.189
2026-08-12,7753.56,2026-09-18,37.0,7240.0,557.0,0.1683,25.15,0.1883
2026-08-12,7753.56,2026-09-18,37.0,7245.0,552.1,0.1673,25.45,0.1877
2026-08-12,7753.56,2026-09-21,40.0,6000.0,1768.95,0.2015,3.6,0.3529
2026-08-12,7753.56,2026-09-21,40.0,6200.0,1571.25,0.1738,4.65,0.3251
2026-08-12,7753.56,2026-09-21,40.0,6300.0,1472.4,0.1697,5.3,0.3112
2026-08-12,7753.56,2026-09-21,40.0,6400.0,1373.7,0.1462,6.1,0.2975
2026-08-12,7753.56,2026-09-21,40.0,6500.0,1275.35,0.144,7.05,0.2839
2026-08-12,7753.56,2026-09-21,40.0,6600.0,1176.5,0.1159,8.15,0.2701
2026-08-12,7753.56,2026-09-21,40.0,6700.0,1078.25,0.1191,9.55,0.2566
2026-08-12,7753.56,2026-09-21,40.0,6800.0,980.85,0.1122,11.25,0.243
2026-08-12,7753.56,2026-09-21,40.0,6900.0,883.3,0.1653,13.4,0.2296
2026-08-12,7753.56,2026-09-21,40.0,7000.0,786.75,0.1715,16.1,0.2162
2026-08-12,7753.56,2026-09-21,40.0,7100.0,690.35,0.1671,19.65,0.203
2026-08-12,7753.56,2026-09-21,40.0,7125.0,666.7,0.1667,20.75,0.1998
2026-08-12,7753.56,2026-09-21,40.0,7150.0,642.8,0.165,21.9,0.1966
2026-08-12,7753.56,2026-09-21,40.0,7175.0,619.55,0.1649,23.1,0.1933
2026-08-12,7753.56,2026-09-21,40.0,7200.0,596.3,0.1642,24.5,0.1903
2026-08-12,7753.56,2026-09-21,40.0,7225.0,572.95,0.1628,25.9,0.187
2026-08-12,7753.56,2026-09-21,40.0,7250.0,549.35,0.1603,27.45,0.1838
2026-08-12,7753.56,2026-09-21,40.0,7275.0,526.2,0.1586,29.2,0.1808
2026-08-12,7753.56,2026-09-21,40.0,7300.0,503.45,0.1574,31.0,0.1776
2026-08-12,7753.56,2026-09-21,40.0,7325.0,480.5,0.1553,33.05,0.1746
2026-08-12,7753.56,2026-09-21,40.0,7350.0,457.7,0.1532,35.3,0.1717
2026-08-12,7753.56,2026-09-21,40.0,7375.0,435.35,0.1514,37.6,0.1685
2026-08-12,7753.56,2026-09-21,40.0,7400.0,413.1,0.1494,40.25,0.1656
2026-08-12,7753.56,2026-09-21,40.0,7425.0,391.0,0.1473,43.15,0.1627
2026-08-12,7753.56,2026-09-21,40.0,7450.0,369.3,0.1453,46.2,0.1598
2026-08-12,7753.56,2026-09-21,40.0,7475.0,347.95,0.1434,49.65,0.1569
2026-08-12,7753.56,2026-09-21,40.0,7500.0,326.95,0.1415,53.45,0.1542
2026-08-12,7753.56,2026-09-21,40.0,7525.0,306.1,0.1393,57.55,0.1514
2026-08-12,7753.56,2026-09-21,40.0,7550.0,285.75,0.1373,62.15,0.1488
2026-08-12,7753.56,2026-09-21,40.0,7575.0,265.8,0.1352,67.15,0.1462
2026-08-12,7753.56,2026-09-21,40.0,7600.0,246.8,0.1336,72.75,0.1438
2026-08-12,7753.56,2026-09-21,40.0,7625.0,228.1,0.1318,78.7,0.1413
2026-08-12,7753.56,2026-09-21,40.0,7650.0,209.9,0.13,85.45,0.139
2026-08-12,7753.56,2026-09-21,40.0,7675.0,192.4,0.1283,92.7,0.1367
2026-08-12,7753.56,2026-09-21,40.0,7700.0,175.5,0.1265,100.9,0.1347
2026-08-12,7753.56,2026-09-21,40.0,7725.0,159.3,0.1247,109.7,0.1327
2026-08-12,7753.56,2026-09-21,40.0,7750.0,144.2,0.1234,119.1,0.1305
2026-08-12,7753.56,2026-09-21,40.0,7775.0,129.7,0.1218,129.65,0.1288
2026-08-12,7753.56,2026-09-21,40.0,7800.0,116.2,0.1205,141.0,0.1271
2026-08-12,7753.56,2026-09-21,40.0,7825.0,103.5,0.1192,153.3,0.1255
2026-08-12,7753.56,2026-09-21,40.0,7850.0,91.75,0.1181,166.3,0.1237
2026-08-12,7753.56,2026-09-21,40.0,7875.0,80.95,0.117,180.4,0.1222
2026-08-12,7753.56,2026-09-21,40.0,7900.0,71.1,0.1161,195.4,0.1207
2026-08-12,7753.56,2026-09-21,40.0,7925.0,62.1,0.1153,211.6,0.1196
2026-08-12,7753.56,2026-09-21,40.0,7950.0,53.95,0.1145,228.5,0.1181
2026-08-12,7753.56,2026-09-21,40.0,7975.0,46.65,0.1138,245.9,0.1163
2026-08-12,7753.56,2026-09-21,40.0,8000.0,40.1,0.1131,264.25,0.1142
2026-08-12,7753.56,2026-09-21,40.0,8025.0,34.45,0.1127,283.6,0.1122
2026-08-12,7753.56,2026-09-21,40.0,8100.0,21.1,0.1116,345.2,0.0982
2026-08-12,7753.56,2026-09-21,40.0,8200.0,10.65,0.1116,,
2026-08-12,7753.56,2026-09-21,40.0,8300.0,5.45,0.1135,,
2026-08-12,7753.56,2026-09-21,40.0,8400.0,2.98,0.1173,,
2026-08-12,7753.56,2026-09-21,40.0,8500.0,1.77,0.1226,,
2026-08-12,7753.56,2026-09-21,40.0,8600.0,1.18,0.1292,,
2026-08-12,7753.56,2026-09-21,40.0,8800.0,0.65,0.1444,,
2026-08-12,7753.56,2026-09-25,44.0,5900.0,1873.1,0.1953,4.05,0.3618
2026-08-12,7753.56,2026-09-25,44.0,6000.0,1774.15,0.1943,4.6,0.3486
2026-08-12,7753.56,2026-09-25,44.0,6100.0,1674.65,0.1879,5.2,0.3351
2026-08-12,7753.56,2026-09-25,44.0,6200.0,1576.2,0.1659,5.9,0.3217
2026-08-12,7753.56,2026-09-25,44.0,6250.0,1527.05,0.1433,6.3,0.3151
2026-08-12,7753.56,2026-09-25,44.0,6300.0,1477.55,0.1614,6.75,0.3086
2026-08-12,7753.56,2026-09-25,44.0,6350.0,1428.2,0.1508,7.2,0.3018
2026-08-12,7753.56,2026-09-25,44.0,6400.0,1379.1,0.1349,7.7,0.2951
2026-08-12,7753.56,2026-09-25,44.0,6450.0,1329.95,0.1452,8.25,0.2885
2026-08-12,7753.56,2026-09-25,44.0,6500.0,1281.05,0.1355,8.85,0.2819
2026-08-12,7753.56,2026-09-25,44.0,6550.0,1232.1,0.1227,9.45,0.275
2026-08-12,7753.56,2026-09-25,44.0,6600.0,1183.65,0.1875,10.15,0.2684
2026-08-12,7753.56,2026-09-25,44.0,6650.0,1133.8,0.178,10.95,0.2619
2026-08-12,7753.56,2026-09-25,44.0,6700.0,1085.35,0.193,11.8,0.2552
2026-08-12,7753.56,2026-09-25,44.0,6750.0,1036.65,0.1959,12.8,0.2488
2026-08-12,7753.56,2026-09-25,44.0,6800.0,987.55,0.1927,13.85,0.2423
2026-08-12,7753.56,2026-09-25,44.0,6850.0,939.45,0.195,15.05,0.2358
2026-08-12,7753.56,2026-09-25,44.0,6900.0,890.85,0.1921,16.45,0.2295
2026-08-12,7753.56,2026-09-25,44.0,6950.0,842.4,0.1887,17.95,0.2231
2026-08-12,7753.56,2026-09-25,44.0,7000.0,794.6,0.1869,19.65,0.2166
2026-08-12,7753.56,2026-09-25,44.0,7050.0,746.95,0.1841,21.65,0.2104
2026-08-12,7753.56,2026-09-25,44.0,7100.0,699.1,0.1796,23.9,0.2042
2026-08-12,7753.56,2026-09-25,44.0,7125.0,675.5,0.1778,25.15,0.2011
2026-08-12,7753.56,2026-09-25,44.0,7150.0,652.9,0.1784,26.45,0.198
2026-08-12,7753.56,2026-09-25,44.0,7175.0,629.55,0.1765,27.9,0.1949
2026-08-12,7753.56,2026-09-25,44.0,7200.0,606.15,0.1743,29.4,0.1918
2026-08-12,7753.56,2026-09-25,44.0,7225.0,582.8,0.1719,31.1,0.1889
2026-08-12,7753.56,2026-09-25,44.0,7250.0,560.15,0.1706,32.85,0.1858
2026-08-12,7753.56,2026-09-25,44.0,7275.0,537.35,0.1687,34.8,0.1829
2026-08-12,7753.56,2026-09-25,44.0,7300.0,514.15,0.1657,36.8,0.1798
2026-08-12,7753.56,2026-09-25,44.0,7325.0,491.5,0.1635,39.05,0.1768
2026-08-12,7753.56,2026-09-25,44.0,7350.0,469.1,0.1613,41.5,0.174
2026-08-12,7753.56,2026-09-25,44.0,7375.0,446.85,0.159,44.15,0.1711
2026-08-12,7753.56,2026-09-25,44.0,7400.0,424.7,0.1566,46.9,0.1681
2026-08-12,7753.56,2026-09-25,44.0,7425.0,403.1,0.1546,50.0,0.1653
2026-08-12,7753.56,2026-09-25,44.0,7450.0,381.4,0.1521,53.45,0.1626
2026-08-12,7753.56,2026-09-25,44.0,7475.0,360.35,0.1501,57.05,0.1598
2026-08-12,7753.56,2026-09-25,44.0,7500.0,339.6,0.148,61.05,0.1571
2026-08-12,7753.56,2026-09-25,44.0,7525.0,319.1,0.1458,65.35,0.1543
2026-08-12,7753.56,2026-09-25,44.0,7550.0,298.95,0.1437,70.15,0.1518
2026-08-12,7753.56,2026-09-25,44.0,7575.0,279.6,0.1419,75.3,0.1492
2026-08-12,7753.56,2026-09-25,44.0,7580.0,275.7,0.1415,76.4,0.1487
2026-08-12,7753.56,2026-09-25,44.0,7590.0,267.9,0.1405,78.7,0.1478
2026-08-12,7753.56,2026-09-25,44.0,7600.0,260.2,0.1396,80.95,0.1467
2026-08-12,7753.56,2026-09-25,44.0,7610.0,252.55,0.1387,83.4,0.1458
2026-08-12,7753.56,2026-09-25,44.0,7620.0,245.25,0.138,85.9,0.1448
2026-08-12,7753.56,2026-09-25,44.0,7625.0,241.6,0.1377,87.3,0.1445
2026-08-12,7753.56,2026-09-25,44.0,7630.0,237.8,0.1371,88.55,0.1439
2026-08-12,7753.56,2026-09-25,44.0,7640.0,230.6,0.1364,91.3,0.1431
2026-08-12,7753.56,2026-09-25,44.0,7650.0,223.5,0.1357,93.95,0.142
2026-08-12,7753.56,2026-09-25,44.0,7660.0,216.4,0.1349,96.9,0.1412
2026-08-12,7753.56,2026-09-25,44.0,7670.0,209.4,0.1342,99.85,0.1403
2026-08-12,7753.56,2026-09-25,44.0,7675.0,206.0,0.1338,101.4,0.1399
2026-08-12,7753.56,2026-09-25,44.0,7680.0,202.5,0.1334,102.95,0.1394
2026-08-12,7753.56,2026-09-25,44.0,7690.0,195.8,0.1327,106.15,0.1386
2026-08-12,7753.56,2026-09-25,44.0,7700.0,189.2,0.1321,109.5,0.1378
2026-08-12,7753.56,2026-09-25,44.0,7710.0,182.6,0.1313,112.9,0.1369
2026-08-12,7753.56,2026-09-25,44.0,7720.0,176.1,0.1306,116.35,0.136
2026-08-12,7753.56,2026-09-25,44.0,7725.0,173.0,0.1303,118.15,0.1356
2026-08-12,7753.56,2026-09-25,44.0,7730.0,169.9,0.13,120.1,0.1353
2026-08-12,7753.56,2026-09-25,44.0,7740.0,163.7,0.1293,123.75,0.1344
2026-08-12,7753.56,2026-09-25,44.0,7750.0,157.6,0.1286,127.65,0.1336
2026-08-12,7753.56,2026-09-25,44.0,7760.0,151.7,0.128,131.65,0.1328
2026-08-12,7753.56,2026-09-25,44.0,7770.0,145.9,0.1274,135.8,0.1321
2026-08-12,7753.56,2026-09-25,44.0,7775.0,142.9,0.127,137.9,0.1317
2026-08-12,7753.56,2026-09-25,44.0,7780.0,140.2,0.1268,140.0,0.1313
2026-08-12,7753.56,2026-09-25,44.0,7790.0,134.6,0.1262,144.45,0.1306
2026-08-12,7753.56,2026-09-25,44.0,7800.0,129.25,0.1257,148.9,0.1298
2026-08-12,7753.56,2026-09-25,44.0,7810.0,123.9,0.1251,153.65,0.1292
2026-08-12,7753.56,2026-09-25,44.0,7825.0,116.3,0.1244,160.9,0.1281
2026-08-12,7753.56,2026-09-25,44.0,7850.0,104.1,0.123,173.55,0.1263
2026-08-12,7753.56,2026-09-25,44.0,7875.0,92.85,0.1219,187.3,0.1247
2026-08-12,7753.56,2026-09-25,44.0,7900.0,82.5,0.1209,201.6,0.1229
2026-08-12,7753.56,2026-09-25,44.0,7925.0,72.8,0.1197,216.9,0.1212
2026-08-12,7753.56,2026-09-25,44.0,7950.0,64.15,0.1189,233.3,0.1197
2026-08-12,7753.56,2026-09-25,44.0,7975.0,56.2,0.1181,250.35,0.118
2026-08-12,7753.56,2026-09-25,44.0,8000.0,49.0,0.1173,267.8,0.1155
2026-08-12,7753.56,2026-09-25,44.0,8025.0,42.6,0.1167,286.15,0.1127
2026-08-12,7753.56,2026-09-25,44.0,8050.0,36.9,0.1162,305.95,0.1105
2026-08-12,7753.56,2026-09-25,44.0,8100.0,27.3,0.1152,345.8,0.0961
2026-08-12,7753.56,2026-09-25,44.0,8150.0,20.0,0.1147,,
2026-08-12,7753.56,2026-09-25,44.0,8200.0,14.6,0.1147,,
2026-08-12,7753.56,2026-09-25,44.0,8250.0,10.6,0.1149,,
2026-08-12,7753.56,2026-09-25,44.0,8300.0,7.7,0.1155,,
2026-08-12,7753.56,2026-09-25,44.0,8350.0,5.65,0.1166,,
2026-08-12,7753.56,2026-09-25,44.0,8400.0,4.25,0.1183,,
2026-08-12,7753.56,2026-09-25,44.0,8450.0,3.15,0.1197,,
2026-08-12,7753.56,2026-09-25,44.0,8500.0,2.45,0.122,,
2026-08-12,7753.56,2026-09-25,44.0,8600.0,1.55,0.1272,,
2026-08-12,7753.56,2026-09-25,44.0,8700.0,1.1,0.1339,,
2026-08-12,7753.56,2026-09-25,44.0,8800.0,0.8,0.1405,,
2026-08-12,7753.56,2026-09-30,49.0,5820.0,1954.55,0.2035,4.4,0.3623
2026-08-12,7753.56,2026-09-30,49.0,5825.0,1949.5,0.1792,4.4,0.3614
2026-08-12,7753.56,2026-09-30,49.0,5830.0,1944.15,0.203,4.4,0.3605
2026-08-12,7753.56,2026-09-30,49.0,5835.0,1939.25,0.1827,4.45,0.3601
2026-08-12,7753.56,2026-09-30,49.0,5840.0,1934.3,0.2025,4.5,0.3597
2026-08-12,7753.56,2026-09-30,49.0,5845.0,1929.8,0.1847,4.5,0.3588
2026-08-12,7753.56,2026-09-30,49.0,5850.0,1924.4,0.2019,4.5,0.3578
2026-08-12,7753.56,2026-09-30,49.0,5855.0,1919.65,0.186,4.6,0.358
2026-08-12,7753.56,2026-09-30,49.0,5860.0,1914.5,0.2013,4.6,0.357
2026-08-12,7753.56,2026-09-30,49.0,5865.0,1909.55,0.1868,4.6,0.3561
2026-08-12,7753.56,2026-09-30,49.0,5870.0,1904.65,0.2007,4.65,0.3557
2026-08-12,7753.56,2026-09-30,49.0,5875.0,1900.1,0.1874,4.7,0.3553
2026-08-12,7753.56,2026-09-30,49.0,5880.0,1895.2,0.2001,4.7,0.3543
2026-08-12,7753.56,2026-09-30,49.0,5885.0,1889.85,0.1877,4.7,0.3534
2026-08-12,7753.56,2026-09-30,49.0,5890.0,1885.2,0.1995,4.75,0.353
2026-08-12,7753.56,2026-09-30,49.0,5895.0,1880.35,0.1879,4.8,0.3526
2026-08-12,7753.56,2026-09-30,49.0,5900.0,1875.4,0.1988,4.8,0.3516
2026-08-12,7753.56,2026-09-30,49.0,5905.0,1870.5,0.1879,4.85,0.3512
2026-08-12,7753.56,2026-09-30,49.0,5910.0,1865.95,0.1981,4.9,0.3508
2026-08-12,7753.56,2026-09-30,49.0,5915.0,1860.15,0.1878,4.9,0.3498
2026-08-12,7753.56,2026-09-30,49.0,5920.0,1856.05,0.1974,4.9,0.3489
2026-08-12,7753.56,2026-09-30,49.0,5925.0,1850.65,0.1876,5.0,0.3489
2026-08-12,7753.56,2026-09-30,49.0,5930.0,1846.3,0.1967,5.0,0.348
2026-08-12,7753.56,2026-09-30,49.0,5935.0,1840.4,0.1874,5.0,0.3471
2026-08-12,7753.56,2026-09-30,49.0,5940.0,1835.9,0.1959,5.05,0.3466
2026-08-12,7753.56,2026-09-30,49.0,5945.0,1830.95,0.1871,5.1,0.3462
2026-08-12,7753.56,2026-09-30,49.0,5950.0,1825.95,0.1952,5.1,0.3452
2026-08-12,7753.56,2026-09-30,49.0,5955.0,1821.05,0.1867,5.15,0.3448
2026-08-12,7753.56,2026-09-30,49.0,5960.0,1815.7,0.1944,5.2,0.3443
2026-08-12,7753.56,2026-09-30,49.0,5965.0,1811.65,0.1863,5.2,0.3434
2026-08-12,7753.56,2026-09-30,49.0,5970.0,1806.0,0.1506,5.25,0.3429
2026-08-12,7753.56,2026-09-30,49.0,5975.0,1801.3,0.1858,5.3,0.3424
2026-08-12,7753.56,2026-09-30,49.0,5980.0,1796.75,0.1624,5.3,0.3415
2026-08-12,7753.56,2026-09-30,49.0,5985.0,1791.05,0.1853,5.35,0.341
2026-08-12,7753.56,2026-09-30,49.0,5990.0,1786.1,0.166,5.4,0.3405
2026-08-12,7753.56,2026-09-30,49.0,5995.0,1781.6,0.1848,5.4,0.3396
2026-08-12,7753.56,2026-09-30,49.0,6000.0,1776.6,0.1681,5.4,0.3386
2026-08-12,7753.56,2026-09-30,49.0,6005.0,1771.75,0.1842,5.5,0.3386
2026-08-12,7753.56,2026-09-30,49.0,6010.0,1766.7,0.1693,5.5,0.3377
2026-08-12,7753.56,2026-09-30,49.0,6015.0,1761.4,0.1837,5.55,0.3372
2026-08-12,7753.56,2026-09-30,49.0,6020.0,1756.85,0.1701,5.6,0.3367
2026-08-12,7753.56,2026-09-30,49.0,6025.0,1751.85,0.183,5.6,0.3357
2026-08-12,7753.56,2026-09-30,49.0,6030.0,1746.6,0.1706,5.65,0.3352
2026-08-12,7753.56,2026-09-30,49.0,6035.0,1741.6,0.1824,5.7,0.3347
2026-08-12,7753.56,2026-09-30,49.0,6040.0,1737.05,0.1708,5.7,0.3338
2026-08-12,7753.56,2026-09-30,49.0,6045.0,1732.25,0.1817,5.75,0.3333
2026-08-12,7753.56,2026-09-30,49.0,6050.0,1727.45,0.1709,5.8,0.3327
2026-08-12,7753.56,2026-09-30,49.0,6055.0,1721.9,0.1811,5.8,0.3318
2026-08-12,7753.56,2026-09-30,49.0,6060.0,1717.35,0.1709,5.85,0.3313
2026-08-12,7753.56,2026-09-30,49.0,6065.0,1712.2,0.1804,5.9,0.3308
2026-08-12,7753.56,2026-09-30,49.0,6070.0,1707.45,0.1708,5.95,0.3302
2026-08-12,7753.56,2026-09-30,49.0,6075.0,1702.55,0.1796,6.0,0.3297
2026-08-12,7753.56,2026-09-30,49.0,6080.0,1697.95,0.1706,6.0,0.3287
2026-08-12,7753.56,2026-09-30,49.0,6085.0,1692.35,0.1789,6.05,0.3282
2026-08-12,7753.56,2026-09-30,49.0,6090.0,1687.75,0.1703,6.1,0.3277
2026-08-12,7753.56,2026-09-30,49.0,6095.0,1682.6,0.1782,6.1,0.3267
2026-08-12,7753.56,2026-09-30,49.0,6100.0,1677.55,0.17,6.15,0.3262
2026-08-12,7753.56,2026-09-30,49.0,6110.0,1667.75,0.1696,6.25,0.3251
2026-08-12,7753.56,2026-09-30,49.0,6120.0,1658.15,0.1691,6.3,0.3236
2026-08-12,7753.56,2026-09-30,49.0,6125.0,1653.45,0.1758,6.35,0.323
2026-08-12,7753.56,2026-09-30,49.0,6130.0,1648.25,0.1686,6.4,0.3225
2026-08-12,7753.56,2026-09-30,49.0,6140.0,1638.4,0.1681,6.5,0.3214
2026-08-12,7753.56,2026-09-30,49.0,6150.0,1629.0,0.1676,6.55,0.3198
2026-08-12,7753.56,2026-09-30,49.0,6160.0,1619.1,0.167,6.65,0.3187
2026-08-12,7753.56,2026-09-30,49.0,6170.0,1608.85,0.1664,6.7,0.3172
2026-08-12,7753.56,2026-09-30,49.0,6175.0,1603.95,0.1537,6.8,0.317
2026-08-12,7753.56,2026-09-30,49.0,6180.0,1599.2,0.1657,6.8,0.316
2026-08-12,7753.56,2026-09-30,49.0,6190.0,1589.1,0.1651,6.9,0.3148
2026-08-12,7753.56,2026-09-30,49.0,6200.0,1579.5,0.1644,7.0,0.3136
2026-08-12,7753.56,2026-09-30,49.0,6210.0,1569.85,0.1637,7.1,0.3124
2026-08-12,7753.56,2026-09-30,49.0,6220.0,1559.55,0.163,7.2,0.3112
2026-08-12,7753.56,2026-09-30,49.0,6225.0,1555.1,0.1541,7.2,0.3103
2026-08-12,7753.56,2026-09-30,49.0,6230.0,1549.75,0.1623,7.25,0.3097
2026-08-12,7753.56,2026-09-30,49.0,6240.0,1540.05,0.1615,7.35,0.3084
2026-08-12,7753.56,2026-09-30,49.0,6250.0,1530.05,0.1608,7.45,0.3072
2026-08-12,7753.56,2026-09-30,49.0,6260.0,1520.6,0.16,7.55,0.3059
2026-08-12,7753.56,2026-09-30,49.0,6270.0,1510.3,0.1592,7.65,0.3047
2026-08-12,7753.56,2026-09-30,49.0,6275.0,1505.9,0.1523,7.7,0.3041
2026-08-12,7753.56,2026-09-30,49.0,6280.0,1500.15,0.1584,7.75,0.3034
2026-08-12,7753.56,2026-09-30,49.0,6290.0,1490.65,0.1299,7.85,0.3021
2026-08-12,7753.56,2026-09-30,49.0,6300.0,1480.75,0.134,7.95,0.3009
2026-08-12,7753.56,2026-09-30,49.0,6305.0,1476.35,0.1507,8.0,0.3002
2026-08-12,7753.56,2026-09-30,49.0,6310.0,1470.6,0.136,8.05,0.2996
2026-08-12,7753.56,2026-09-30,49.0,6315.0,1466.05,0.1501,8.1,0.2989
2026-08-12,7753.56,2026-09-30,49.0,6320.0,1461.15,0.1371,8.15,0.2983
2026-08-12,7753.56,2026-09-30,49.0,6325.0,1456.1,0.1495,8.2,0.2976
2026-08-12,7753.56,2026-09-30,49.0,6330.0,1451.3,0.1377,8.25,0.2969
2026-08-12,7753.56,2026-09-30,49.0,6335.0,1446.4,0.1488,8.35,0.2966
2026-08-12,7753.56,2026-09-30,49.0,6340.0,1441.5,0.1381,8.4,0.2959
2026-08-12,7753.56,2026-09-30,49.0,6345.0,1436.55,0.1481,8.45,0.2953
2026-08-12,7753.56,2026-09-30,49.0,6350.0,1431.65,0.1382,8.5,0.2946
2026-08-12,7753.56,2026-09-30,49.0,6355.0,1426.55,0.1475,8.55,0.2939
2026-08-12,7753.56,2026-09-30,49.0,6360.0,1422.15,0.1382,8.6,0.2932
2026-08-12,7753.56,2026-09-30,49.0,6365.0,1417.5,0.1467,8.65,0.2926
2026-08-12,7753.56,2026-09-30,49.0,6370.0,1412.0,0.1381,8.75,0.2922
2026-08-12,7753.56,2026-09-30,49.0,6375.0,1407.1,0.146,8.8,0.2915
2026-08-12,7753.56,2026-09-30,49.0,6380.0,1402.2,0.1379,8.85,0.2908
2026-08-12,7753.56,2026-09-30,49.0,6385.0,1397.3,0.1453,8.9,0.2901
2026-08-12,7753.56,2026-09-30,49.0,6390.0,1392.85,0.1376,8.95,0.2894
2026-08-12,7753.56,2026-09-30,49.0,6395.0,1387.3,0.1445,9.05,0.289
2026-08-12,7753.56,2026-09-30,49.0,6400.0,1382.15,0.1372,9.1,0.2883
2026-08-12,7753.56,2026-09-30,49.0,6405.0,1377.6,0.1438,9.15,0.2876
2026-08-12,7753.56,2026-09-30,49.0,6410.0,1373.15,0.1368,9.2,0.2869
2026-08-12,7753.56,2026-09-30,49.0,6415.0,1367.8,0.143,9.25,0.2863
2026-08-12,7753.56,2026-09-30,49.0,6420.0,1362.9,0.1364,9.35,0.2858
2026-08-12,7753.56,2026-09-30,49.0,6425.0,1358.2,0.1422,9.4,0.2851
2026-08-12,7753.56,2026-09-30,49.0,6430.0,1353.15,0.1359,9.45,0.2844
2026-08-12,7753.56,2026-09-30,49.0,6435.0,1348.65,0.1414,9.55,0.284
2026-08-12,7753.56,2026-09-30,49.0,6440.0,1343.65,0.1353,9.6,0.2833
2026-08-12,7753.56,2026-09-30,49.0,6445.0,1338.55,0.1141,9.65,0.2825
2026-08-12,7753.56,2026-09-30,49.0,6450.0,1333.5,0.1348,9.75,0.2821
2026-08-12,7753.56,2026-09-30,49.0,6455.0,1329.05,0.1186,9.8,0.2814
2026-08-12,7753.56,2026-09-30,49.0,6460.0,1323.55,0.1342,9.85,0.2807
2026-08-12,7753.56,2026-09-30,49.0,6465.0,1319.25,0.1205,9.95,0.2802
2026-08-12,7753.56,2026-09-30,49.0,6470.0,1313.75,0.1335,10.0,0.2795
2026-08-12,7753.56,2026-09-30,49.0,6475.0,1309.0,0.1215,10.05,0.2787
2026-08-12,7753.56,2026-09-30,49.0,6480.0,1304.1,0.1329,10.15,0.2783
2026-08-12,7753.56,2026-09-30,49.0,6485.0,1299.15,0.1221,10.2,0.2775
2026-08-12,7753.56,2026-09-30,49.0,6490.0,1294.35,0.1322,10.25,0.2768
2026-08-12,7753.56,2026-09-30,49.0,6495.0,1289.35,0.1224,10.35,0.2763
2026-08-12,7753.56,2026-09-30,49.0,6500.0,1284.15,0.1315,10.45,0.2758
2026-08-12,7753.56,2026-09-30,49.0,6505.0,1279.6,0.1225,10.5,0.2751
2026-08-12,7753.56,2026-09-30,49.0,6510.0,1274.85,0.1308,10.55,0.2743
2026-08-12,7753.56,2026-09-30,49.0,6515.0,1270.25,0.1224,10.65,0.2738
2026-08-12,7753.56,2026-09-30,49.0,6520.0,1265.3,0.1301,10.75,0.2733
2026-08-12,7753.56,2026-09-30,49.0,6525.0,1260.0,0.1222,10.8,0.2726
2026-08-12,7753.56,2026-09-30,49.0,6530.0,1255.5,0.1294,10.85,0.2718
2026-08-12,7753.56,2026-09-30,49.0,6535.0,1250.65,0.122,10.95,0.2713
2026-08-12,7753.56,2026-09-30,49.0,6540.0,1245.3,0.1286,11.05,0.2708
2026-08-12,7753.56,2026-09-30,49.0,6545.0,1240.45,0.1216,11.1,0.27
2026-08-12,7753.56,2026-09-30,49.0,6550.0,1235.55,0.1279,11.2,0.2695
2026-08-12,7753.56,2026-09-30,49.0,6555.0,1230.65,0.1212,11.25,0.2687
2026-08-12,7753.56,2026-09-30,49.0,6560.0,1226.0,0.1373,11.35,0.2682
2026-08-12,7753.56,2026-09-30,49.0,6565.0,1220.75,0.1208,11.45,0.2676
2026-08-12,7753.56,2026-09-30,49.0,6570.0,1215.95,0.1263,11.55,0.2671
2026-08-12,7753.56,2026-09-30,49.0,6575.0,1211.1,0.142,11.6,0.2663
2026-08-12,7753.56,2026-09-30,49.0,6580.0,1206.6,0.1728,11.7,0.2658
2026-08-12,7753.56,2026-09-30,49.0,6585.0,1201.75,0.176,11.75,0.265
2026-08-12,7753.56,2026-09-30,49.0,6590.0,1196.8,0.176,11.85,0.2644
2026-08-12,7753.56,2026-09-30,49.0,6595.0,1192.0,0.1798,11.95,0.2638
2026-08-12,7753.56,2026-09-30,49.0,6600.0,1187.25,0.1839,12.05,0.2633
2026-08-12,7753.56,2026-09-30,49.0,6605.0,1182.2,0.1817,12.1,0.2625
2026-08-12,7753.56,2026-09-30,49.0,6610.0,1176.95,0.1745,12.2,0.2619
2026-08-12,7753.56,2026-09-30,49.0,6615.0,1171.7,0.1653,12.3,0.2613
2026-08-12,7753.56,2026-09-30,49.0,6620.0,1167.0,0.1731,12.4,0.2608
2026-08-12,7753.56,2026-09-30,49.0,6625.0,1162.45,0.1816,12.45,0.26
2026-08-12,7753.56,2026-09-30,49.0,6630.0,1157.85,0.1872,12.55,0.2594
2026-08-12,7753.56,2026-09-30,49.0,6635.0,1152.5,0.1801,12.65,0.2588
2026-08-12,7753.56,2026-09-30,49.0,6640.0,1147.6,0.1807,12.75,0.2582
2026-08-12,7753.56,2026-09-30,49.0,6645.0,1142.9,0.1845,12.85,0.2576
2026-08-12,7753.56,2026-09-30,49.0,6650.0,1137.95,0.1841,12.95,0.257
2026-08-12,7753.56,2026-09-30,49.0,6655.0,1133.0,0.1837,13.05,0.2564
2026-08-12,7753.56,2026-09-30,49.0,6660.0,1128.0,0.1826,13.15,0.2557
2026-08-12,7753.56,2026-09-30,49.0,6665.0,1123.25,0.185,13.25,0.2551
2026-08-12,7753.56,2026-09-30,49.0,6670.0,1118.45,0.1865,13.35,0.2545
2026-08-12,7753.56,2026-09-30,49.0,6675.0,1113.55,0.1867,13.45,0.2539
2026-08-12,7753.56,2026-09-30,49.0,6680.0,1108.75,0.188,13.55,0.2532
2026-08-12,7753.56,2026-09-30,49.0,6685.0,1103.75,0.1869,13.65,0.2526
2026-08-12,7753.56,2026-09-30,49.0,6690.0,1098.9,0.1875,13.75,0.252
2026-08-12,7753.56,2026-09-30,49.0,6695.0,1094.05,0.1881,13.85,0.2513
2026-08-12,7753.56,2026-09-30,49.0,6700.0,1089.45,0.1911,14.0,0.2509
2026-08-12,7753.56,2026-09-30,49.0,6705.0,1084.8,0.1933,14.05,0.2501
2026-08-12,7753.56,2026-09-30,49.0,6710.0,1079.55,0.1899,14.2,0.2496
2026-08-12,7753.56,2026-09-30,49.0,6715.0,1074.6,0.1893,14.3,0.2489
2026-08-12,7753.56,2026-09-30,49.0,6720.0,1069.65,0.1888,14.45,0.2485
2026-08-12,7753.56,2026-09-30,49.0,6725.0,1065.5,0.195,14.55,0.2478
2026-08-12,7753.56,2026-09-30,49.0,6730.0,1060.1,0.1907,14.65,0.2471
2026-08-12,7753.56,2026-09-30,49.0,6735.0,1055.45,0.1925,14.75,0.2465
2026-08-12,7753.56,2026-09-30,49.0,6740.0,1050.0,0.1877,14.85,0.2458
2026-08-12,7753.56,2026-09-30,49.0,6745.0,1045.6,0.1917,14.95,0.2451
2026-08-12,7753.56,2026-09-30,49.0,6750.0,1040.85,0.1925,15.1,0.2446
2026-08-12,7753.56,2026-09-30,49.0,6755.0,1035.8,0.1911,15.25,0.2441
2026-08-12,7753.56,2026-09-30,49.0,6760.0,1030.85,0.1905,15.35,0.2434
2026-08-12,7753.56,2026-09-30,49.0,6765.0,1026.15,0.1916,15.45,0.2427
2026-08-12,7753.56,2026-09-30,49.0,6770.0,1021.25,0.1913,15.55,0.242
2026-08-12,7753.56,2026-09-30,49.0,6775.0,1016.4,0.1913,15.7,0.2415
2026-08-12,7753.56,2026-09-30,49.0,6780.0,1011.45,0.1906,15.85,0.241
2026-08-12,7753.56,2026-09-30,49.0,6785.0,1006.8,0.192,15.95,0.2403
2026-08-12,7753.56,2026-09-30,49.0,6790.0,1002.2,0.1935,16.05,0.2396
2026-08-12,7753.56,2026-09-30,49.0,6795.0,996.9,0.1905,16.25,0.2392
2026-08-12,7753.56,2026-09-30,49.0,6800.0,992.1,0.1908,16.35,0.2385
2026-08-12,7753.56,2026-09-30,49.0,6805.0,987.7,0.1934,16.45,0.2377
2026-08-12,7753.56,2026-09-30,49.0,6810.0,982.65,0.1921,16.65,0.2373
2026-08-12,7753.56,2026-09-30,49.0,6815.0,977.8,0.1919,16.75,0.2366
2026-08-12,7753.56,2026-09-30,49.0,6820.0,972.75,0.1906,16.85,0.2359
2026-08-12,7753.56,2026-09-30,49.0,6825.0,968.05,0.1913,17.05,0.2355
2026-08-12,7753.56,2026-09-30,49.0,6830.0,963.05,0.1903,17.15,0.2347
2026-08-12,7753.56,2026-09-30,49.0,6835.0,958.25,0.1903,17.35,0.2343
2026-08-12,7753.56,2026-09-30,49.0,6840.0,953.5,0.1907,17.45,0.2336
2026-08-12,7753.56,2026-09-30,49.0,6845.0,948.6,0.1902,17.6,0.233
2026-08-12,7753.56,2026-09-30,49.0,6850.0,943.9,0.1907,17.75,0.2324
2026-08-12,7753.56,2026-09-30,49.0,6855.0,938.95,0.1899,17.85,0.2316
2026-08-12,7753.56,2026-09-30,49.0,6860.0,934.1,0.1897,18.05,0.2311
2026-08-12,7753.56,2026-09-30,49.0,6865.0,929.3,0.1896,18.2,0.2305
2026-08-12,7753.56,2026-09-30,49.0,6870.0,924.65,0.1903,18.35,0.2299
2026-08-12,7753.56,2026-09-30,49.0,6875.0,919.75,0.1898,18.45,0.2292
2026-08-12,7753.56,2026-09-30,49.0,6880.0,914.6,0.188,18.65,0.2287
2026-08-12,7753.56,2026-09-30,49.0,6885.0,909.8,0.1879,18.85,0.2282
2026-08-12,7753.56,2026-09-30,49.0,6890.0,905.25,0.189,18.95,0.2274
2026-08-12,7753.56,2026-09-30,49.0,6895.0,900.45,0.1889,19.15,0.2269
2026-08-12,7753.56,2026-09-30,49.0,6900.0,895.3,0.1871,19.35,0.2264
2026-08-12,7753.56,2026-09-30,49.0,6905.0,890.8,0.1883,19.45,0.2256
2026-08-12,7753.56,2026-09-30,49.0,6910.0,886.45,0.19,19.65,0.2251
2026-08-12,7753.56,2026-09-30,49.0,6915.0,881.2,0.188,19.8,0.2244
2026-08-12,7753.56,2026-09-30,49.0,6920.0,876.8,0.1894,19.95,0.2238
2026-08-12,7753.56,2026-09-30,49.0,6925.0,872.05,0.1893,20.15,0.2232
2026-08-12,7753.56,2026-09-30,49.0,6930.0,866.95,0.1879,20.35,0.2227
2026-08-12,7753.56,2026-09-30,49.0,6935.0,861.65,0.1857,20.45,0.2219
2026-08-12,7753.56,2026-09-30,49.0,6940.0,857.15,0.1866,20.65,0.2213
2026-08-12,7753.56,2026-09-30,49.0,6945.0,852.45,0.1867,20.85,0.2208
2026-08-12,7753.56,2026-09-30,49.0,6950.0,847.85,0.1872,21.05,0.2202
2026-08-12,7753.56,2026-09-30,49.0,6955.0,843.1,0.1871,21.25,0.2196
2026-08-12,7753.56,2026-09-30,49.0,6960.0,838.05,0.1858,21.45,0.2191
2026-08-12,7753.56,2026-09-30,49.0,6965.0,833.55,0.1866,21.55,0.2182
2026-08-12,7753.56,2026-09-30,49.0,6970.0,828.75,0.1863,21.75,0.2177
2026-08-12,7753.56,2026-09-30,49.0,6975.0,823.5,0.1843,22.0,0.2172
2026-08-12,7753.56,2026-09-30,49.0,6980.0,819.05,0.1852,22.2,0.2166
2026-08-12,7753.56,2026-09-30,49.0,6985.0,814.3,0.185,22.4,0.216
2026-08-12,7753.56,2026-09-30,49.0,6990.0,809.5,0.1846,22.65,0.2155
2026-08-12,7753.56,2026-09-30,49.0,6995.0,804.65,0.1841,22.75,0.2146
2026-08-12,7753.56,2026-09-30,49.0,7000.0,800.15,0.1847,23.05,0.2143
2026-08-12,7753.56,2026-09-30,49.0,7005.0,795.3,0.1841,23.2,0.2135
2026-08-12,7753.56,2026-09-30,49.0,7010.0,790.35,0.1832,23.45,0.213
2026-08-12,7753.56,2026-09-30,49.0,7015.0,785.3,0.182,23.65,0.2124
2026-08-12,7753.56,2026-09-30,49.0,7020.0,781.05,0.1833,23.85,0.2117
2026-08-12,7753.56,2026-09-30,49.0,7025.0,776.35,0.1831,24.05,0.2111
2026-08-12,7753.56,2026-09-30,49.0,7030.0,771.75,0.1833,24.3,0.2106
2026-08-12,7753.56,2026-09-30,49.0,7035.0,766.3,0.1808,24.55,0.21
2026-08-12,7753.56,2026-09-30,49.0,7040.0,761.6,0.1807,24.75,0.2094
2026-08-12,7753.56,2026-09-30,49.0,7045.0,756.9,0.1805,24.95,0.2087
2026-08-12,7753.56,2026-09-30,49.0,7050.0,752.1,0.18,25.2,0.2081
2026-08-12,7753.56,2026-09-30,49.0,7055.0,747.35,0.1796,25.45,0.2076
2026-08-12,7753.56,2026-09-30,49.0,7060.0,742.8,0.1799,25.7,0.207
2026-08-12,7753.56,2026-09-30,49.0,7065.0,737.9,0.1791,25.95,0.2064
2026-08-12,7753.56,2026-09-30,49.0,7070.0,733.2,0.1788,26.2,0.2058
2026-08-12,7753.56,2026-09-30,49.0,7075.0,728.65,0.179,26.45,0.2052
2026-08-12,7753.56,2026-09-30,49.0,7080.0,724.05,0.179,26.7,0.2046
2026-08-12,7753.56,2026-09-30,49.0,7085.0,719.1,0.178,26.95,0.204
2026-08-12,7753.56,2026-09-30,49.0,7090.0,715.6,0.1808,27.25,0.2035
2026-08-12,7753.56,2026-09-30,49.0,7095.0,711.0,0.1807,27.5,0.2029
2026-08-12,7753.56,2026-09-30,49.0,7100.0,706.2,0.1801,27.75,0.2023
2026-08-12,7753.56,2026-09-30,49.0,7105.0,701.45,0.1796,28.05,0.2017
2026-08-12,7753.56,2026-09-30,49.0,7110.0,696.8,0.1794,28.3,0.2011
2026-08-12,7753.56,2026-09-30,49.0,7115.0,692.1,0.179,28.55,0.2004
2026-08-12,7753.56,2026-09-30,49.0,7120.0,687.4,0.1786,28.85,0.1999
2026-08-12,7753.56,2026-09-30,49.0,7125.0,682.85,0.1786,29.15,0.1993
2026-08-12,7753.56,2026-09-30,49.0,7130.0,678.15,0.1781,29.4,0.1987
2026-08-12,7753.56,2026-09-30,49.0,7135.0,673.35,0.1775,29.7,0.1981
2026-08-12,7753.56,2026-09-30,49.0,7140.0,668.65,0.177,30.0,0.1975
2026-08-12,7753.56,2026-09-30,49.0,7145.0,664.15,0.177,30.3,0.1969
2026-08-12,7753.56,2026-09-30,49.0,7150.0,659.15,0.1759,30.65,0.1964
2026-08-12,7753.56,2026-09-30,49.0,7155.0,654.8,0.1762,30.95,0.1958
2026-08-12,7753.56,2026-09-30,49.0,7160.0,650.15,0.1758,31.25,0.1952
2026-08-12,7753.56,2026-09-30,49.0,7165.0,644.85,0.174,31.55,0.1946
2026-08-12,7753.56,2026-09-30,49.0,7170.0,640.55,0.1744,31.85,0.194
2026-08-12,7753.56,2026-09-30,49.0,7175.0,636.05,0.1743,32.2,0.1934
2026-08-12,7753.56,2026-09-30,49.0,7180.0,631.45,0.174,32.5,0.1928
2026-08-12,7753.56,2026-09-30,49.0,7185.0,626.5,0.173,32.8,0.1922
2026-08-12,7753.56,2026-09-30,49.0,7190.0,622.15,0.1732,33.25,0.1918
2026-08-12,7753.56,2026-09-30,49.0,7195.0,617.0,0.1717,33.55,0.1911
2026-08-12,7753.56,2026-09-30,49.0,7200.0,612.9,0.1724,33.95,0.1906
2026-08-12,7753.56,2026-09-30,49.0,7205.0,608.25,0.1719,34.25,0.19
2026-08-12,7753.56,2026-09-30,49.0,7210.0,603.8,0.1718,34.6,0.1894
2026-08-12,7753.56,2026-09-30,49.0,7215.0,599.2,0.1715,35.0,0.1888
2026-08-12,7753.56,2026-09-30,49.0,7220.0,594.45,0.1708,35.3,0.1882
2026-08-12,7753.56,2026-09-30,49.0,7225.0,589.95,0.1705,35.7,0.1876
2026-08-12,7753.56,2026-09-30,49.0,7230.0,585.15,0.1697,36.1,0.1871
2026-08-12,7753.56,2026-09-30,49.0,7235.0,580.8,0.1698,36.5,0.1865
2026-08-12,7753.56,2026-09-30,49.0,7240.0,575.55,0.1681,36.8,0.1858
2026-08-12,7753.56,2026-09-30,49.0,7245.0,571.65,0.169,37.3,0.1854
2026-08-12,7753.56,2026-09-30,49.0,7250.0,566.95,0.1683,37.65,0.1847
2026-08-12,7753.56,2026-09-30,49.0,7255.0,562.35,0.1679,38.0,0.1841
2026-08-12,7753.56,2026-09-30,49.0,7260.0,557.8,0.1675,38.5,0.1836
2026-08-12,7753.56,2026-09-30,49.0,7265.0,553.25,0.167,38.9,0.183
2026-08-12,7753.56,2026-09-30,49.0,7270.0,548.75,0.1667,39.3,0.1824
2026-08-12,7753.56,2026-09-30,49.0,7275.0,544.0,0.1659,39.7,0.1818
2026-08-12,7753.56,2026-09-30,49.0,7280.0,539.65,0.1658,40.1,0.1812
2026-08-12,7753.56,2026-09-30,49.0,7285.0,535.2,0.1656,40.6,0.1807
2026-08-12,7753.56,2026-09-30,49.0,7290.0,530.4,0.1647,41.1,0.1802
2026-08-12,7753.56,2026-09-30,49.0,7295.0,526.2,0.1648,41.5,0.1796
2026-08-12,7753.56,2026-09-30,49.0,7300.0,521.7,0.1644,41.95,0.179
2026-08-12,7753.56,2026-09-30,49.0,7305.0,517.15,0.1639,42.5,0.1785
2026-08-12,7753.56,2026-09-30,49.0,7310.0,512.65,0.1634,42.9,0.1779
2026-08-12,7753.56,2026-09-30,49.0,7315.0,508.15,0.163,43.4,0.1773
2026-08-12,7753.56,2026-09-30,49.0,7320.0,503.6,0.1625,43.9,0.1768
2026-08-12,7753.56,2026-09-30,49.0,7325.0,499.15,0.1621,44.4,0.1762
2026-08-12,7753.56,2026-09-30,49.0,7330.0,494.65,0.1616,44.9,0.1756
2026-08-12,7753.56,2026-09-30,49.0,7335.0,490.15,0.1611,45.4,0.1751
2026-08-12,7753.56,2026-09-30,49.0,7340.0,485.75,0.1608,45.9,0.1745
2026-08-12,7753.56,2026-09-30,49.0,7345.0,481.25,0.1603,46.4,0.1739
2026-08-12,7753.56,2026-09-30,49.0,7350.0,476.7,0.1597,46.95,0.1733
2026-08-12,7753.56,2026-09-30,49.0,7355.0,473.4,0.1609,47.55,0.1729
2026-08-12,7753.56,2026-09-30,49.0,7360.0,468.0,0.159,48.0,0.1722
2026-08-12,7753.56,2026-09-30,49.0,7365.0,463.7,0.1588,48.6,0.1717
2026-08-12,7753.56,2026-09-30,49.0,7370.0,460.15,0.1596,49.2,0.1711
2026-08-12,7753.56,2026-09-30,49.0,7375.0,455.75,0.1591,49.7,0.1705
2026-08-12,7753.56,2026-09-30,49.0,7380.0,451.35,0.1587,50.4,0.1701
2026-08-12,7753.56,2026-09-30,49.0,7385.0,446.7,0.1578,51.0,0.1695
2026-08-12,7753.56,2026-09-30,49.0,7390.0,442.6,0.1578,51.6,0.169
2026-08-12,7753.56,2026-09-30,49.0,7395.0,437.4,0.1562,52.2,0.1684
2026-08-12,7753.56,2026-09-30,49.0,7400.0,433.0,0.1557,52.8,0.1678
2026-08-12,7753.56,2026-09-30,49.0,7405.0,428.4,0.1549,53.4,0.1672
2026-08-12,7753.56,2026-09-30,49.0,7410.0,424.3,0.1548,54.05,0.1667
2026-08-12,7753.56,2026-09-30,49.0,7415.0,419.75,0.154,54.75,0.1662
2026-08-12,7753.56,2026-09-30,49.0,7420.0,415.45,0.1536,55.4,0.1657
2026-08-12,7753.56,2026-09-30,49.0,7425.0,410.95,0.1529,56.1,0.1651
2026-08-12,7753.56,2026-09-30,49.0,7430.0,407.1,0.1531,56.75,0.1646
2026-08-12,7753.56,2026-09-30,49.0,7435.0,402.6,0.1523,57.5,0.1641
2026-08-12,7753.56,2026-09-30,49.0,7440.0,398.3,0.1519,58.1,0.1634
2026-08-12,7753.56,2026-09-30,49.0,7445.0,393.85,0.1512,58.9,0.163
2026-08-12,7753.56,2026-09-30,49.0,7450.0,390.05,0.1513,59.6,0.1624
2026-08-12,7753.56,2026-09-30,49.0,7455.0,385.75,0.1508,60.3,0.1618
2026-08-12,7753.56,2026-09-30,49.0,7460.0,381.25,0.15,61.15,0.1614
2026-08-12,7753.56,2026-09-30,49.0,7465.0,377.2,0.1498,61.85,0.1608
2026-08-12,7753.56,2026-09-30,49.0,7470.0,373.05,0.1494,62.7,0.1604
2026-08-12,7753.56,2026-09-30,49.0,7475.0,368.8,0.1489,63.45,0.1598
2026-08-12,7753.56,2026-09-30,49.0,7480.0,364.65,0.1485,64.3,0.1593
2026-08-12,7753.56,2026-09-30,49.0,7485.0,360.65,0.1483,65.05,0.1587
2026-08-12,7753.56,2026-09-30,49.0,7490.0,356.2,0.1475,65.95,0.1583
2026-08-12,7753.56,2026-09-30,49.0,7495.0,352.3,0.1474,66.8,0.1577
2026-08-12,7753.56,2026-09-30,49.0,7500.0,348.1,0.1468,67.65,0.1572
2026-08-12,7753.56,2026-09-30,49.0,7505.0,344.15,0.1466,68.5,0.1567
2026-08-12,7753.56,2026-09-30,49.0,7510.0,340.0,0.1461,69.45,0.1562
2026-08-12,7753.56,2026-09-30,49.0,7515.0,335.95,0.1457,70.25,0.1556
2026-08-12,7753.56,2026-09-30,49.0,7520.0,331.9,0.1453,71.2,0.1551
2026-08-12,7753.56,2026-09-30,49.0,7525.0,327.7,0.1447,72.15,0.1546
2026-08-12,7753.56,2026-09-30,49.0,7530.0,323.7,0.1443,73.15,0.1542
2026-08-12,7753.56,2026-09-30,49.0,7535.0,319.8,0.144,74.05,0.1536
2026-08-12,7753.56,2026-09-30,49.0,7540.0,315.7,0.1435,75.05,0.1531
2026-08-12,7753.56,2026-09-30,49.0,7545.0,311.7,0.1431,76.05,0.1526
2026-08-12,7753.56,2026-09-30,49.0,7550.0,308.0,0.1429,77.05,0.1521
2026-08-12,7753.56,2026-09-30,49.0,7555.0,304.05,0.1425,78.15,0.1517
2026-08-12,7753.56,2026-09-30,49.0,7560.0,300.25,0.1422,79.2,0.1512
2026-08-12,7753.56,2026-09-30,49.0,7565.0,296.45,0.142,80.3,0.1507
2026-08-12,7753.56,2026-09-30,49.0,7570.0,292.6,0.1416,81.3,0.1502
2026-08-12,7753.56,2026-09-30,49.0,7575.0,288.5,0.141,82.45,0.1497
2026-08-12,7753.56,2026-09-30,49.0,7580.0,284.7,0.1406,83.6,0.1493
2026-08-12,7753.56,2026-09-30,49.0,7585.0,280.9,0.1402,84.75,0.1488
2026-08-12,7753.56,2026-09-30,49.0,7590.0,276.9,0.1397,85.85,0.1483
2026-08-12,7753.56,2026-09-30,49.0,7595.0,273.3,0.1395,87.05,0.1478
2026-08-12,7753.56,2026-09-30,49.0,7600.0,269.45,0.139,88.3,0.1474
2026-08-12,7753.56,2026-09-30,49.0,7605.0,265.7,0.1386,89.5,0.1469
2026-08-12,7753.56,2026-09-30,49.0,7610.0,262.0,0.1383,90.8,0.1465
2026-08-12,7753.56,2026-09-30,49.0,7615.0,258.15,0.1377,92.05,0.146
2026-08-12,7753.56,2026-09-30,49.0,7620.0,254.5,0.1374,93.3,0.1455
2026-08-12,7753.56,2026-09-30,49.0,7625.0,250.9,0.1371,94.65,0.1451
2026-08-12,7753.56,2026-09-30,49.0,7630.0,247.3,0.1368,95.95,0.1446
2026-08-12,7753.56,2026-09-30,49.0,7635.0,243.5,0.1362,97.25,0.1441
2026-08-12,7753.56,2026-09-30,49.0,7640.0,240.1,0.136,98.7,0.1438
2026-08-12,7753.56,2026-09-30,49.0,7645.0,236.55,0.1357,100.05,0.1433
2026-08-12,7753.56,2026-09-30,49.0,7650.0,232.9,0.1352,101.45,0.1428
2026-08-12,7753.56,2026-09-30,49.0,7655.0,229.5,0.135,102.9,0.1424
2026-08-12,7753.56,2026-09-30,49.0,7660.0,225.9,0.1346,104.4,0.142
2026-08-12,7753.56,2026-09-30,49.0,7665.0,222.35,0.1341,105.9,0.1416
2026-08-12,7753.56,2026-09-30,49.0,7670.0,219.0,0.1339,107.45,0.1412
2026-08-12,7753.56,2026-09-30,49.0,7675.0,215.5,0.1335,108.95,0.1407
2026-08-12,7753.56,2026-09-30,49.0,7680.0,212.1,0.1331,110.5,0.1403
2026-08-12,7753.56,2026-09-30,49.0,7685.0,208.8,0.1329,112.05,0.1398
2026-08-12,7753.56,2026-09-30,49.0,7690.0,205.5,0.1326,113.7,0.1394
2026-08-12,7753.56,2026-09-30,49.0,7695.0,202.1,0.1322,115.35,0.139
2026-08-12,7753.56,2026-09-30,49.0,7700.0,198.8,0.1318,117.05,0.1386
2026-08-12,7753.56,2026-09-30,49.0,7705.0,195.5,0.1315,118.7,0.1382
2026-08-12,7753.56,2026-09-30,49.0,7710.0,192.3,0.1312,120.5,0.1379
2026-08-12,7753.56,2026-09-30,49.0,7715.0,189.1,0.1309,122.1,0.1373
2026-08-12,7753.56,2026-09-30,49.0,7720.0,185.7,0.1304,124.1,0.1371
2026-08-12,7753.56,2026-09-30,49.0,7725.0,182.7,0.1302,125.9,0.1367
2026-08-12,7753.56,2026-09-30,49.0,7730.0,179.5,0.1298,127.7,0.1363
2026-08-12,7753.56,2026-09-30,49.0,7735.0,176.4,0.1295,129.4,0.1358
2026-08-12,7753.56,2026-09-30,49.0,7740.0,173.3,0.1292,131.25,0.1354
2026-08-12,7753.56,2026-09-30,49.0,7745.0,170.3,0.1289,133.3,0.1351
2026-08-12,7753.56,2026-09-30,49.0,7750.0,167.3,0.1287,135.1,0.1346
2026-08-12,7753.56,2026-09-30,49.0,7755.0,164.3,0.1284,137.15,0.1343
2026-08-12,7753.56,2026-09-30,49.0,7760.0,161.3,0.128,139.15,0.1339
2026-08-12,7753.56,2026-09-30,49.0,7765.0,158.25,0.1276,141.25,0.1336
2026-08-12,7753.56,2026-09-30,49.0,7770.0,155.5,0.1275,143.3,0.1332
2026-08-12,7753.56,2026-09-30,49.0,7775.0,152.5,0.1271,145.3,0.1327
2026-08-12,7753.56,2026-09-30,49.0,7780.0,149.7,0.1268,147.5,0.1324
2026-08-12,7753.56,2026-09-30,49.0,7785.0,146.9,0.1266,149.6,0.132
2026-08-12,7753.56,2026-09-30,49.0,7790.0,144.1,0.1263,151.7,0.1316
2026-08-12,7753.56,2026-09-30,49.0,7795.0,141.3,0.1259,154.1,0.1314
2026-08-12,7753.56,2026-09-30,49.0,7800.0,138.6,0.1257,156.3,0.131
2026-08-12,7753.56,2026-09-30,49.0,7805.0,135.9,0.1254,158.5,0.1306
2026-08-12,7753.56,2026-09-30,49.0,7810.0,133.25,0.1252,160.9,0.1303
2026-08-12,7753.56,2026-09-30,49.0,7815.0,130.6,0.1249,163.3,0.13
2026-08-12,7753.56,2026-09-30,49.0,7820.0,128.0,0.1246,165.5,0.1295
2026-08-12,7753.56,2026-09-30,49.0,7825.0,125.45,0.1244,167.9,0.1291
2026-08-12,7753.56,2026-09-30,49.0,7830.0,122.9,0.1241,170.5,0.129
2026-08-12,7753.56,2026-09-30,49.0,7835.0,120.3,0.1238,172.9,0.1285
2026-08-12,7753.56,2026-09-30,49.0,7840.0,117.9,0.1236,175.35,0.1282
2026-08-12,7753.56,2026-09-30,49.0,7845.0,115.5,0.1234,177.9,0.1278
2026-08-12,7753.56,2026-09-30,49.0,7850.0,113.1,0.1231,180.5,0.1275
2026-08-12,7753.56,2026-09-30,49.0,7855.0,110.7,0.1229,183.1,0.1272
2026-08-12,7753.56,2026-09-30,49.0,7860.0,108.3,0.1226,185.7,0.1268
2026-08-12,7753.56,2026-09-30,49.0,7865.0,106.1,0.1224,188.3,0.1264
2026-08-12,7753.56,2026-09-30,49.0,7870.0,103.7,0.1221,191.1,0.1262
2026-08-12,7753.56,2026-09-30,49.0,7875.0,101.55,0.1219,193.7,0.1258
2026-08-12,7753.56,2026-09-30,49.0,7880.0,99.3,0.1217,196.5,0.1255
2026-08-12,7753.56,2026-09-30,49.0,7885.0,97.1,0.1214,199.3,0.1251
2026-08-12,7753.56,2026-09-30,49.0,7890.0,94.95,0.1212,202.1,0.1248
2026-08-12,7753.56,2026-09-30,49.0,7895.0,92.9,0.1211,204.9,0.1244
2026-08-12,7753.56,2026-09-30,49.0,7900.0,90.75,0.1208,208.1,0.1244
2026-08-12,7753.56,2026-09-30,49.0,7905.0,88.7,0.1206,210.7,0.1237
2026-08-12,7753.56,2026-09-30,49.0,7910.0,86.7,0.1204,213.9,0.1236
2026-08-12,7753.56,2026-09-30,49.0,7915.0,84.75,0.1202,216.7,0.1231
2026-08-12,7753.56,2026-09-30,49.0,7920.0,82.75,0.12,219.9,0.123
2026-08-12,7753.56,2026-09-30,49.0,7925.0,80.9,0.1199,222.8,0.1225
2026-08-12,7753.56,2026-09-30,49.0,7930.0,78.95,0.1196,225.9,0.1222
2026-08-12,7753.56,2026-09-30,49.0,7935.0,77.15,0.1195,229.1,0.1219
2026-08-12,7753.56,2026-09-30,49.0,7940.0,75.3,0.1193,232.1,0.1214
2026-08-12,7753.56,2026-09-30,49.0,7945.0,73.45,0.119,235.5,0.1213
2026-08-12,7753.56,2026-09-30,49.0,7950.0,71.75,0.1189,238.65,0.1208
2026-08-12,7753.56,2026-09-30,49.0,7955.0,69.95,0.1187,242.1,0.1207
2026-08-12,7753.56,2026-09-30,49.0,7960.0,68.25,0.1185,245.3,0.1203
2026-08-12,7753.56,2026-09-30,49.0,7965.0,66.6,0.1184,248.7,0.12
2026-08-12,7753.56,2026-09-30,49.0,7970.0,64.95,0.1182,252.05,0.1197
2026-08-12,7753.56,2026-09-30,49.0,7975.0,63.35,0.118,255.4,0.1193
2026-08-12,7753.56,2026-09-30,49.0,7980.0,61.8,0.1179,258.75,0.1189
2026-08-12,7753.56,2026-09-30,49.0,7985.0,60.25,0.1178,262.2,0.1186
2026-08-12,7753.56,2026-09-30,49.0,7990.0,58.75,0.1176,265.65,0.1182
2026-08-12,7753.56,2026-09-30,49.0,7995.0,57.15,0.1174,269.15,0.1179
2026-08-12,7753.56,2026-09-30,49.0,8000.0,55.75,0.1173,272.35,0.117
2026-08-12,7753.56,2026-09-30,49.0,8005.0,54.35,0.1172,276.25,0.117
2026-08-12,7753.56,2026-09-30,49.0,8010.0,52.9,0.117,279.35,0.1159
2026-08-12,7753.56,2026-09-30,49.0,8015.0,51.6,0.1169,283.0,0.1155
2026-08-12,7753.56,2026-09-30,49.0,8020.0,50.3,0.1168,287.05,0.1156
2026-08-12,7753.56,2026-09-30,49.0,8025.0,48.95,0.1167,290.55,0.1149
2026-08-12,7753.56,2026-09-30,49.0,8030.0,47.65,0.1165,293.95,0.114
2026-08-12,7753.56,2026-09-30,49.0,8035.0,46.35,0.1164,297.9,0.1139
2026-08-12,7753.56,2026-09-30,49.0,8040.0,45.15,0.1163,301.45,0.1131
2026-08-12,7753.56,2026-09-30,49.0,8045.0,43.95,0.1162,305.15,0.1124
2026-08-12,7753.56,2026-09-30,49.0,8050.0,42.75,0.116,309.4,0.1124
2026-08-12,7753.56,2026-09-30,49.0,8055.0,41.5,0.1158,313.05,0.1115
2026-08-12,7753.56,2026-09-30,49.0,8060.0,40.5,0.1159,316.7,0.1105
2026-08-12,7753.56,2026-09-30,49.0,8065.0,39.3,0.1156,320.55,0.1097
2026-08-12,7753.56,2026-09-30,49.0,8070.0,38.2,0.1155,324.45,0.109
2026-08-12,7753.56,2026-09-30,49.0,8075.0,37.2,0.1155,328.55,0.1085
2026-08-12,7753.56,2026-09-30,49.0,8080.0,36.2,0.1154,332.5,0.1075
2026-08-12,7753.56,2026-09-30,49.0,8085.0,35.2,0.1153,336.45,0.1063
2026-08-12,7753.56,2026-10-02,51.0,5900.0,1878.9,0.189,5.4,0.3507
2026-08-12,7753.56,2026-10-02,51.0,6000.0,1779.8,0.1833,6.1,0.3382
2026-08-12,7753.56,2026-10-02,51.0,6100.0,1681.2,0.1487,6.85,0.3253
2026-08-12,7753.56,2026-10-02,51.0,6200.0,1582.6,0.1543,7.8,0.313
2026-08-12,7753.56,2026-10-02,51.0,6250.0,1533.55,0.1522,8.3,0.3067
2026-08-12,7753.56,2026-10-02,51.0,6300.0,1484.45,0.1493,8.85,0.3005
2026-08-12,7753.56,2026-10-02,51.0,6350.0,1435.35,0.1458,9.45,0.2943
2026-08-12,7753.56,2026-10-02,51.0,6400.0,1386.75,0.183,10.05,0.2878
2026-08-12,7753.56,2026-10-02,51.0,6450.0,1337.75,0.2014,10.75,0.2816
2026-08-12,7753.56,2026-10-02,51.0,6500.0,1288.65,0.2056,11.55,0.2756
2026-08-12,7753.56,2026-10-02,51.0,6550.0,1239.85,0.2098,12.35,0.2693
2026-08-12,7753.56,2026-10-02,51.0,6600.0,1190.85,0.209,13.3,0.2633
2026-08-12,7753.56,2026-10-02,51.0,6650.0,1142.1,0.2088,14.3,0.2572
2026-08-12,7753.56,2026-10-02,51.0,6700.0,1093.3,0.2066,15.4,0.251
2026-08-12,7753.56,2026-10-02,51.0,6750.0,1045.6,0.2093,16.6,0.2449
2026-08-12,7753.56,2026-10-02,51.0,6800.0,996.8,0.2047,18.0,0.239
2026-08-12,7753.56,2026-10-02,51.0,6850.0,948.6,0.202,19.5,0.2329
2026-08-12,7753.56,2026-10-02,51.0,6900.0,900.7,0.1993,21.1,0.2268
2026-08-12,7753.56,2026-10-02,51.0,6950.0,853.0,0.1964,23.0,0.2209
2026-08-12,7753.56,2026-10-02,51.0,7000.0,805.1,0.1919,25.1,0.2149
2026-08-12,7753.56,2026-10-02,51.0,7050.0,757.8,0.1882,27.5,0.2091
2026-08-12,7753.56,2026-10-02,51.0,7100.0,711.1,0.185,30.2,0.2033
2026-08-12,7753.56,2026-10-02,51.0,7125.0,687.3,0.182,31.65,0.2004
2026-08-12,7753.56,2026-10-02,51.0,7150.0,664.45,0.1809,33.2,0.1974
2026-08-12,7753.56,2026-10-02,51.0,7175.0,642.55,0.1812,34.9,0.1946
2026-08-12,7753.56,2026-10-02,51.0,7200.0,618.5,0.1772,36.65,0.1917
2026-08-12,7753.56,2026-10-02,51.0,7225.0,595.55,0.175,38.55,0.1888
2026-08-12,7753.56,2026-10-02,51.0,7250.0,573.7,0.1744,40.6,0.186
2026-08-12,7753.56,2026-10-02,51.0,7275.0,550.0,0.1705,42.75,0.1831
2026-08-12,7753.56,2026-10-02,51.0,7300.0,527.6,0.1684,45.1,0.1803
2026-08-12,7753.56,2026-10-02,51.0,7325.0,505.1,0.1659,47.6,0.1775
2026-08-12,7753.56,2026-10-02,51.0,7350.0,482.95,0.1637,50.3,0.1747
2026-08-12,7753.56,2026-10-02,51.0,7375.0,461.0,0.1615,53.2,0.172
2026-08-12,7753.56,2026-10-02,51.0,7400.0,439.45,0.1595,56.35,0.1693
2026-08-12,7753.56,2026-10-02,51.0,7425.0,418.05,0.1574,59.65,0.1665
2026-08-12,7753.56,2026-10-02,51.0,7450.0,396.2,0.1544,63.35,0.1639
2026-08-12,7753.56,2026-10-02,51.0,7475.0,375.35,0.1523,67.25,0.1612
2026-08-12,7753.56,2026-10-02,51.0,7500.0,355.35,0.1508,71.55,0.1587
2026-08-12,7753.56,2026-10-02,51.0,7525.0,334.45,0.1479,76.15,0.1562
2026-08-12,7753.56,2026-10-02,51.0,7550.0,314.8,0.1461,81.15,0.1537
2026-08-12,7753.56,2026-10-02,51.0,7575.0,295.3,0.144,86.6,0.1513
2026-08-12,7753.56,2026-10-02,51.0,7580.0,292.7,0.1448,87.75,0.1508
2026-08-12,7753.56,2026-10-02,51.0,7590.0,285.1,0.144,90.05,0.1499
2026-08-12,7753.56,2026-10-02,51.0,7600.0,277.6,0.1432,92.5,0.149
2026-08-12,7753.56,2026-10-02,51.0,7610.0,270.2,0.1425,94.95,0.148
2026-08-12,7753.56,2026-10-02,51.0,7620.0,262.8,0.1417,97.5,0.1471
2026-08-12,7753.56,2026-10-02,51.0,7625.0,259.1,0.1413,98.75,0.1466
2026-08-12,7753.56,2026-10-02,51.0,7630.0,255.5,0.1409,100.15,0.1462
2026-08-12,7753.56,2026-10-02,51.0,7640.0,248.3,0.1401,102.9,0.1453
2026-08-12,7753.56,2026-10-02,51.0,7650.0,241.25,0.1394,105.7,0.1444
2026-08-12,7753.56,2026-10-02,51.0,7660.0,234.1,0.1386,108.6,0.1435
2026-08-12,7753.56,2026-10-02,51.0,7670.0,227.2,0.1379,111.6,0.1426
2026-08-12,7753.56,2026-10-02,51.0,7675.0,223.65,0.1374,113.1,0.1421
2026-08-12,7753.56,2026-10-02,51.0,7680.0,220.4,0.1372,114.7,0.1418
2026-08-12,7753.56,2026-10-02,51.0,7690.0,213.6,0.1364,117.9,0.1409
2026-08-12,7753.56,2026-10-02,51.0,7700.0,206.85,0.1356,121.2,0.1401
2026-08-12,7753.56,2026-10-02,51.0,7710.0,200.4,0.135,124.6,0.1393
2026-08-12,7753.56,2026-10-02,51.0,7720.0,193.95,0.1343,128.1,0.1384
2026-08-12,7753.56,2026-10-02,51.0,7725.0,190.8,0.134,129.9,0.1381
2026-08-12,7753.56,2026-10-02,51.0,7730.0,187.7,0.1337,131.7,0.1376
2026-08-12,7753.56,2026-10-02,51.0,7740.0,181.35,0.133,135.4,0.1368
2026-08-12,7753.56,2026-10-02,51.0,7750.0,175.35,0.1324,139.2,0.136
2026-08-12,7753.56,2026-10-02,51.0,7760.0,169.35,0.1318,143.1,0.1352
2026-08-12,7753.56,2026-10-02,51.0,7770.0,163.3,0.131,147.2,0.1345
2026-08-12,7753.56,2026-10-02,51.0,7775.0,160.35,0.1307,149.2,0.134
2026-08-12,7753.56,2026-10-02,51.0,7780.0,157.65,0.1305,151.3,0.1337
2026-08-12,7753.56,2026-10-02,51.0,7790.0,152.0,0.1299,155.6,0.1329
2026-08-12,7753.56,2026-10-02,51.0,7800.0,146.4,0.1293,160.05,0.1322
2026-08-12,7753.56,2026-10-02,51.0,7825.0,133.05,0.1279,171.55,0.1304
2026-08-12,7753.56,2026-10-02,51.0,7850.0,120.4,0.1265,183.75,0.1285
2026-08-12,7753.56,2026-10-02,51.0,7875.0,108.7,0.1253,196.8,0.1267
2026-08-12,7753.56,2026-10-02,51.0,7900.0,97.55,0.124,210.7,0.125
2026-08-12,7753.56,2026-10-02,51.0,7925.0,87.35,0.1229,225.3,0.1232
2026-08-12,7753.56,2026-10-02,51.0,7950.0,77.95,0.122,240.7,0.1212
2026-08-12,7753.56,2026-10-02,51.0,7975.0,69.3,0.1211,256.8,0.1192
2026-08-12,7753.56,2026-10-02,51.0,8000.0,61.3,0.1202,274.5,0.118
2026-08-12,7753.56,2026-10-02,51.0,8025.0,54.05,0.1194,292.25,0.1156
2026-08-12,7753.56,2026-10-02,51.0,8050.0,47.5,0.1187,310.4,0.1125
2026-08-12,7753.56,2026-10-02,51.0,8100.0,36.35,0.1176,348.65,0.1013
2026-08-12,7753.56,2026-10-02,51.0,8150.0,27.55,0.1168,389.55,0.1023
2026-08-12,7753.56,2026-10-02,51.0,8200.0,20.65,0.1163,,
2026-08-12,7753.56,2026-10-02,51.0,8250.0,15.4,0.1161,,
2026-08-12,7753.56,2026-10-02,51.0,8300.0,11.4,0.1161,,
2026-08-12,7753.56,2026-10-02,51.0,8350.0,8.5,0.1166,,
2026-08-12,7753.56,2026-10-02,51.0,8400.0,6.35,0.1174,,
2026-08-12,7753.56,2026-10-02,51.0,8450.0,4.85,0.1188,,
2026-08-12,7753.56,2026-10-02,51.0,8500.0,3.7,0.1201,,
2026-08-12,7753.56,2026-10-02,51.0,8600.0,2.3,0.1241,,
2026-08-12,7753.56,2026-10-02,51.0,8800.0,1.1,0.1348,,
2026-08-12,7753.56,2026-10-16,65.0,5825.0,1963.35,0.168,7.85,0.3432
2026-08-12,7753.56,2026-10-16,65.0,5850.0,1938.7,0.1779,8.05,0.3401
2026-08-12,7753.56,2026-10-16,65.0,5875.0,1915.65,0.166,8.25,0.3371
2026-08-12,7753.56,2026-10-16,65.0,5900.0,1891.1,0.1739,8.45,0.334
2026-08-12,7753.56,2026-10-16,65.0,5925.0,1866.55,0.1634,8.75,0.3314
2026-08-12,7753.56,2026-10-16,65.0,5950.0,1842.05,0.1698,8.95,0.3283
2026-08-12,7753.56,2026-10-16,65.0,5975.0,1817.45,0.1604,9.25,0.3256
2026-08-12,7753.56,2026-10-16,65.0,6000.0,1793.2,0.2133,9.45,0.3224
2026-08-12,7753.56,2026-10-16,65.0,6025.0,1768.35,0.2093,9.75,0.3197
2026-08-12,7753.56,2026-10-16,65.0,6050.0,1743.8,0.2198,10.05,0.3169
2026-08-12,7753.56,2026-10-16,65.0,6075.0,1719.25,0.2257,10.35,0.3141
2026-08-12,7753.56,2026-10-16,65.0,6100.0,1694.8,0.2315,10.65,0.3112
2026-08-12,7753.56,2026-10-16,65.0,6125.0,1670.3,0.2343,10.95,0.3083
2026-08-12,7753.56,2026-10-16,65.0,6130.0,1665.4,0.2348,11.05,0.3079
2026-08-12,7753.56,2026-10-16,65.0,6140.0,1655.6,0.2355,11.15,0.3066
2026-08-12,7753.56,2026-10-16,65.0,6150.0,1645.85,0.2369,11.25,0.3053
2026-08-12,7753.56,2026-10-16,65.0,6160.0,1636.0,0.2367,11.45,0.3045
2026-08-12,7753.56,2026-10-16,65.0,6170.0,1626.2,0.2371,11.6,0.3034
2026-08-12,7753.56,2026-10-16,65.0,6175.0,1621.3,0.2373,11.6,0.3025
2026-08-12,7753.56,2026-10-16,65.0,6180.0,1616.45,0.2381,11.65,0.3019
2026-08-12,7753.56,2026-10-16,65.0,6190.0,1606.7,0.2389,11.85,0.301
2026-08-12,7753.56,2026-10-16,65.0,6200.0,1596.9,0.239,11.95,0.2997
2026-08-12,7753.56,2026-10-16,65.0,6210.0,1587.1,0.2391,12.15,0.2988
2026-08-12,7753.56,2026-10-16,65.0,6220.0,1577.3,0.2391,12.3,0.2977
2026-08-12,7753.56,2026-10-16,65.0,6225.0,1572.4,0.239,12.3,0.2968
2026-08-12,7753.56,2026-10-16,65.0,6230.0,1567.5,0.239,12.4,0.2963
2026-08-12,7753.56,2026-10-16,65.0,6240.0,1557.8,0.2398,12.6,0.2954
2026-08-12,7753.56,2026-10-16,65.0,6250.0,1548.0,0.2396,12.7,0.2941
2026-08-12,7753.56,2026-10-16,65.0,6260.0,1538.2,0.2394,12.85,0.2929
2026-08-12,7753.56,2026-10-16,65.0,6270.0,1528.45,0.2395,13.05,0.292
2026-08-12,7753.56,2026-10-16,65.0,6275.0,1523.6,0.2398,13.1,0.2913
2026-08-12,7753.56,2026-10-16,65.0,6280.0,1518.7,0.2396,13.2,0.2908
2026-08-12,7753.56,2026-10-16,65.0,6290.0,1508.9,0.2392,13.35,0.2896
2026-08-12,7753.56,2026-10-16,65.0,6300.0,1499.2,0.2396,13.5,0.2884
2026-08-12,7753.56,2026-10-16,65.0,6310.0,1489.4,0.2391,13.7,0.2874
2026-08-12,7753.56,2026-10-16,65.0,6320.0,1479.7,0.2394,13.85,0.2862
2026-08-12,7753.56,2026-10-16,65.0,6325.0,1474.8,0.2391,13.95,0.2857
2026-08-12,7753.56,2026-10-16,65.0,6330.0,1469.9,0.2388,14.05,0.2852
2026-08-12,7753.56,2026-10-16,65.0,6340.0,1460.15,0.2386,14.25,0.2842
2026-08-12,7753.56,2026-10-16,65.0,6350.0,1450.45,0.2387,14.35,0.2828
2026-08-12,7753.56,2026-10-16,65.0,6360.0,1440.65,0.238,14.55,0.2817
2026-08-12,7753.56,2026-10-16,65.0,6370.0,1430.9,0.2377,14.75,0.2807
2026-08-12,7753.56,2026-10-16,65.0,6375.0,1426.05,0.2376,14.85,0.2801
2026-08-12,7753.56,2026-10-16,65.0,6380.0,1421.2,0.2376,14.95,0.2796
2026-08-12,7753.56,2026-10-16,65.0,6390.0,1411.45,0.2372,15.15,0.2785
2026-08-12,7753.56,2026-10-16,65.0,6400.0,1401.75,0.237,15.3,0.2772
2026-08-12,7753.56,2026-10-16,65.0,6410.0,1392.0,0.2365,15.5,0.2761
2026-08-12,7753.56,2026-10-16,65.0,6420.0,1382.25,0.236,15.7,0.275
2026-08-12,7753.56,2026-10-16,65.0,6425.0,1377.4,0.2359,15.8,0.2745
2026-08-12,7753.56,2026-10-16,65.0,6430.0,1372.55,0.2357,15.9,0.2739
2026-08-12,7753.56,2026-10-16,65.0,6440.0,1362.8,0.2351,16.1,0.2728
2026-08-12,7753.56,2026-10-16,65.0,6450.0,1353.15,0.235,16.3,0.2716
2026-08-12,7753.56,2026-10-16,65.0,6460.0,1343.35,0.2341,16.5,0.2705
2026-08-12,7753.56,2026-10-16,65.0,6470.0,1333.65,0.2337,16.75,0.2695
2026-08-12,7753.56,2026-10-16,65.0,6475.0,1328.85,0.2338,16.85,0.2689
2026-08-12,7753.56,2026-10-16,65.0,6480.0,1323.95,0.2333,16.95,0.2683
2026-08-12,7753.56,2026-10-16,65.0,6490.0,1314.25,0.2328,17.15,0.2671
2026-08-12,7753.56,2026-10-16,65.0,6500.0,1304.6,0.2325,17.4,0.2661
2026-08-12,7753.56,2026-10-16,65.0,6510.0,1294.85,0.2317,17.65,0.2651
2026-08-12,7753.56,2026-10-16,65.0,6520.0,1285.15,0.2312,17.85,0.2639
2026-08-12,7753.56,2026-10-16,65.0,6525.0,1280.35,0.2311,17.95,0.2632
2026-08-12,7753.56,2026-10-16,65.0,6530.0,1275.5,0.2308,18.05,0.2626
2026-08-12,7753.56,2026-10-16,65.0,6540.0,1265.85,0.2304,18.35,0.2617
2026-08-12,7753.56,2026-10-16,65.0,6550.0,1256.15,0.2297,18.55,0.2605
2026-08-12,7753.56,2026-10-16,65.0,6560.0,1246.45,0.2291,18.85,0.2595
2026-08-12,7753.56,2026-10-16,65.0,6570.0,1236.75,0.2284,19.05,0.2582
2026-08-12,7753.56,2026-10-16,65.0,6575.0,1231.95,0.2282,19.25,0.2579
2026-08-12,7753.56,2026-10-16,65.0,6580.0,1227.15,0.228,19.35,0.2573
2026-08-12,7753.56,2026-10-16,65.0,6590.0,1217.55,0.2277,19.55,0.256
2026-08-12,7753.56,2026-10-16,65.0,6600.0,1207.85,0.2269,19.85,0.255
2026-08-12,7753.56,2026-10-16,65.0,6610.0,1198.15,0.2261,20.15,0.2539
2026-08-12,7753.56,2026-10-16,65.0,6620.0,1188.55,0.2256,20.4,0.2528
2026-08-12,7753.56,2026-10-16,65.0,6625.0,1183.7,0.2252,20.55,0.2523
2026-08-12,7753.56,2026-10-16,65.0,6630.0,1178.85,0.2248,20.7,0.2517
2026-08-12,7753.56,2026-10-16,65.0,6640.0,1169.2,0.2241,20.95,0.2505
2026-08-12,7753.56,2026-10-16,65.0,6650.0,1159.6,0.2236,21.25,0.2495
2026-08-12,7753.56,2026-10-16,65.0,6660.0,1149.95,0.2228,21.6,0.2485
2026-08-12,7753.56,2026-10-16,65.0,6670.0,1140.35,0.2222,21.85,0.2473
2026-08-12,7753.56,2026-10-16,65.0,6675.0,1135.5,0.2218,22.05,0.2468
2026-08-12,7753.56,2026-10-16,65.0,6680.0,1130.7,0.2214,22.2,0.2463
2026-08-12,7753.56,2026-10-16,65.0,6690.0,1121.1,0.2208,22.5,0.2451
2026-08-12,7753.56,2026-10-16,65.0,6700.0,1111.6,0.2204,22.8,0.244
2026-08-12,7753.56,2026-10-16,65.0,6710.0,1101.35,0.2177,23.1,0.2429
2026-08-12,7753.56,2026-10-16,65.0,6720.0,1091.6,0.2165,23.45,0.2418
2026-08-12,7753.56,2026-10-16,65.0,6725.0,1086.8,0.2162,23.6,0.2412
2026-08-12,7753.56,2026-10-16,65.0,6730.0,1082.15,0.2163,23.8,0.2407
2026-08-12,7753.56,2026-10-16,65.0,6740.0,1072.65,0.2159,24.15,0.2397
2026-08-12,7753.56,2026-10-16,65.0,6750.0,1063.25,0.2157,24.5,0.2386
2026-08-12,7753.56,2026-10-16,65.0,6760.0,1053.4,0.2142,24.85,0.2375
2026-08-12,7753.56,2026-10-16,65.0,6770.0,1043.95,0.2138,25.2,0.2364
2026-08-12,7753.56,2026-10-16,65.0,6775.0,1038.95,0.2128,25.4,0.2359
2026-08-12,7753.56,2026-10-16,65.0,6780.0,1034.3,0.2128,25.6,0.2353
2026-08-12,7753.56,2026-10-16,65.0,6790.0,1024.8,0.2122,25.95,0.2342
2026-08-12,7753.56,2026-10-16,65.0,6800.0,1015.2,0.2113,26.35,0.2332
2026-08-12,7753.56,2026-10-16,65.0,6810.0,1005.7,0.2107,26.75,0.2321
2026-08-12,7753.56,2026-10-16,65.0,6820.0,996.2,0.21,27.15,0.231
2026-08-12,7753.56,2026-10-16,65.0,6825.0,991.5,0.2098,27.35,0.2305
2026-08-12,7753.56,2026-10-16,65.0,6830.0,986.65,0.2092,27.55,0.2299
2026-08-12,7753.56,2026-10-16,65.0,6840.0,977.15,0.2085,28.0,0.2289
2026-08-12,7753.56,2026-10-16,65.0,6850.0,967.6,0.2076,28.35,0.2277
2026-08-12,7753.56,2026-10-16,65.0,6860.0,958.15,0.207,28.8,0.2266
2026-08-12,7753.56,2026-10-16,65.0,6870.0,948.7,0.2063,29.3,0.2257
2026-08-12,7753.56,2026-10-16,65.0,6875.0,943.95,0.2059,29.45,0.225
2026-08-12,7753.56,2026-10-16,65.0,6880.0,939.2,0.2055,29.7,0.2245
2026-08-12,7753.56,2026-10-16,65.0,6890.0,929.85,0.205,30.2,0.2235
2026-08-12,7753.56,2026-10-16,65.0,6900.0,920.25,0.2039,30.55,0.2222
2026-08-12,7753.56,2026-10-16,65.0,6910.0,910.7,0.2029,31.05,0.2212
2026-08-12,7753.56,2026-10-16,65.0,6920.0,901.4,0.2025,31.6,0.2202
2026-08-12,7753.56,2026-10-16,65.0,6925.0,896.65,0.202,31.75,0.2195
2026-08-12,7753.56,2026-10-16,65.0,6930.0,891.95,0.2016,32.1,0.2192
2026-08-12,7753.56,2026-10-16,65.0,6940.0,882.55,0.2009,32.6,0.2181
2026-08-12,7753.56,2026-10-16,65.0,6950.0,873.15,0.2001,33.05,0.2169
2026-08-12,7753.56,2026-10-16,65.0,6960.0,863.75,0.1993,33.6,0.2159
2026-08-12,7753.56,2026-10-16,65.0,6970.0,854.35,0.1985,34.15,0.2148
2026-08-12,7753.56,2026-10-16,65.0,6975.0,849.5,0.1978,34.45,0.2143
2026-08-12,7753.56,2026-10-16,65.0,6980.0,844.95,0.1977,34.7,0.2137
2026-08-12,7753.56,2026-10-16,65.0,6990.0,835.55,0.1968,35.25,0.2127
2026-08-12,7753.56,2026-10-16,65.0,7000.0,826.25,0.1961,35.85,0.2116
2026-08-12,7753.56,2026-10-16,65.0,7010.0,816.9,0.1953,36.45,0.2106
2026-08-12,7753.56,2026-10-16,65.0,7020.0,807.6,0.1945,37.05,0.2095
2026-08-12,7753.56,2026-10-16,65.0,7025.0,802.9,0.194,37.35,0.209
2026-08-12,7753.56,2026-10-16,65.0,7030.0,798.3,0.1937,37.65,0.2085
2026-08-12,7753.56,2026-10-16,65.0,7040.0,789.0,0.1929,38.25,0.2074
2026-08-12,7753.56,2026-10-16,65.0,7045.0,784.9,0.1935,39.0,0.2075
2026-08-12,7753.56,2026-10-16,65.0,7050.0,779.7,0.1921,38.85,0.2063
2026-08-12,7753.56,2026-10-16,65.0,7055.0,775.9,0.1931,39.65,0.2065
2026-08-12,7753.56,2026-10-16,65.0,7060.0,770.4,0.1912,39.55,0.2053
2026-08-12,7753.56,2026-10-16,65.0,7065.0,766.85,0.1926,40.35,0.2055
2026-08-12,7753.56,2026-10-16,65.0,7070.0,761.15,0.1904,40.2,0.2042
2026-08-12,7753.56,2026-10-16,65.0,7075.0,756.5,0.1899,40.55,0.2037
2026-08-12,7753.56,2026-10-16,65.0,7080.0,751.9,0.1896,40.9,0.2032
2026-08-12,7753.56,2026-10-16,65.0,7085.0,748.4,0.191,41.7,0.2033
2026-08-12,7753.56,2026-10-16,65.0,7090.0,742.65,0.1887,41.55,0.202
2026-08-12,7753.56,2026-10-16,65.0,7095.0,739.05,0.1899,42.4,0.2023
2026-08-12,7753.56,2026-10-16,65.0,7100.0,733.35,0.1877,42.3,0.2011
2026-08-12,7753.56,2026-10-16,65.0,7105.0,730.0,0.1893,43.15,0.2013
2026-08-12,7753.56,2026-10-16,65.0,7110.0,724.15,0.1869,43.0,0.2
2026-08-12,7753.56,2026-10-16,65.0,7115.0,720.8,0.1885,43.85,0.2001
2026-08-12,7753.56,2026-10-16,65.0,7120.0,715.05,0.1862,43.75,0.1989
2026-08-12,7753.56,2026-10-16,65.0,7125.0,710.5,0.1858,44.1,0.1984
2026-08-12,7753.56,2026-10-16,65.0,7130.0,705.9,0.1854,44.45,0.1978
2026-08-12,7753.56,2026-10-16,65.0,7135.0,702.2,0.1863,45.4,0.1981
2026-08-12,7753.56,2026-10-16,65.0,7140.0,696.7,0.1845,45.25,0.1968
2026-08-12,7753.56,2026-10-16,65.0,7145.0,693.35,0.1859,46.2,0.197
2026-08-12,7753.56,2026-10-16,65.0,7150.0,687.75,0.1839,46.05,0.1957
2026-08-12,7753.56,2026-10-16,65.0,7155.0,684.25,0.1851,47.0,0.196
2026-08-12,7753.56,2026-10-16,65.0,7160.0,678.45,0.1828,46.85,0.1947
2026-08-12,7753.56,2026-10-16,65.0,7165.0,675.15,0.1842,47.8,0.1949
2026-08-12,7753.56,2026-10-16,65.0,7170.0,669.35,0.1819,47.65,0.1936
2026-08-12,7753.56,2026-10-16,65.0,7175.0,664.85,0.1816,48.05,0.1931
2026-08-12,7753.56,2026-10-16,65.0,7180.0,660.35,0.1812,48.55,0.1926
2026-08-12,7753.56,2026-10-16,65.0,7185.0,656.8,0.1822,49.5,0.1928
2026-08-12,7753.56,2026-10-16,65.0,7190.0,651.25,0.1803,49.35,0.1915
2026-08-12,7753.56,2026-10-16,65.0,7195.0,648.05,0.1817,50.4,0.1918
2026-08-12,7753.56,2026-10-16,65.0,7200.0,642.3,0.1796,50.25,0.1905
2026-08-12,7753.56,2026-10-16,65.0,7205.0,639.05,0.1809,51.3,0.1907
2026-08-12,7753.56,2026-10-16,65.0,7210.0,633.2,0.1786,51.1,0.1894
2026-08-12,7753.56,2026-10-16,65.0,7215.0,628.55,0.178,51.6,0.1889
2026-08-12,7753.56,2026-10-16,65.0,7220.0,624.05,0.1775,52.1,0.1884
2026-08-12,7753.56,2026-10-16,65.0,7225.0,619.7,0.1773,52.55,0.1879
2026-08-12,7753.56,2026-10-16,65.0,7230.0,615.5,0.1772,53.05,0.1874
2026-08-12,7753.56,2026-10-16,65.0,7235.0,610.6,0.1763,53.5,0.1868
2026-08-12,7753.56,2026-10-16,65.0,7240.0,606.15,0.1759,54.0,0.1863
2026-08-12,7753.56,2026-10-16,65.0,7245.0,601.65,0.1754,54.5,0.1858
2026-08-12,7753.56,2026-10-16,65.0,7250.0,597.35,0.1752,55.0,0.1853
2026-08-12,7753.56,2026-10-16,65.0,7255.0,592.85,0.1747,55.5,0.1848
2026-08-12,7753.56,2026-10-16,65.0,7260.0,588.4,0.1743,56.0,0.1842
2026-08-12,7753.56,2026-10-16,65.0,7265.0,583.95,0.1738,56.5,0.1837
2026-08-12,7753.56,2026-10-16,65.0,7270.0,579.55,0.1734,57.05,0.1832
2026-08-12,7753.56,2026-10-16,65.0,7275.0,574.95,0.1728,57.6,0.1827
2026-08-12,7753.56,2026-10-16,65.0,7280.0,570.7,0.1726,58.1,0.1822
2026-08-12,7753.56,2026-10-16,65.0,7285.0,566.3,0.1722,58.65,0.1817
2026-08-12,7753.56,2026-10-16,65.0,7290.0,561.85,0.1717,59.2,0.1811
2026-08-12,7753.56,2026-10-16,65.0,7295.0,557.45,0.1713,59.8,0.1807
2026-08-12,7753.56,2026-10-16,65.0,7300.0,553.15,0.171,60.35,0.1801
2026-08-12,7753.56,2026-10-16,65.0,7305.0,548.65,0.1704,60.9,0.1796
2026-08-12,7753.56,2026-10-16,65.0,7310.0,544.3,0.17,61.5,0.1791
2026-08-12,7753.56,2026-10-16,65.0,7315.0,539.8,0.1694,62.1,0.1786
2026-08-12,7753.56,2026-10-16,65.0,7320.0,535.45,0.169,62.7,0.1781
2026-08-12,7753.56,2026-10-16,65.0,7325.0,531.2,0.1687,63.3,0.1776
2026-08-12,7753.56,2026-10-16,65.0,7330.0,526.7,0.1681,63.9,0.1771
2026-08-12,7753.56,2026-10-16,65.0,7335.0,522.5,0.1679,64.55,0.1766
2026-08-12,7753.56,2026-10-16,65.0,7340.0,518.0,0.1673,65.15,0.1761
2026-08-12,7753.56,2026-10-16,65.0,7345.0,513.8,0.167,65.75,0.1756
2026-08-12,7753.56,2026-10-16,65.0,7350.0,509.6,0.1667,66.4,0.1751
2026-08-12,7753.56,2026-10-16,65.0,7355.0,505.1,0.1661,67.05,0.1746
2026-08-12,7753.56,2026-10-16,65.0,7360.0,500.9,0.1657,67.75,0.1741
2026-08-12,7753.56,2026-10-16,65.0,7365.0,496.6,0.1653,68.4,0.1736
2026-08-12,7753.56,2026-10-16,65.0,7370.0,492.3,0.1649,69.05,0.1731
2026-08-12,7753.56,2026-10-16,65.0,7375.0,488.05,0.1645,69.75,0.1726
2026-08-12,7753.56,2026-10-16,65.0,7380.0,483.8,0.1641,70.45,0.1721
2026-08-12,7753.56,2026-10-16,65.0,7385.0,479.45,0.1636,71.15,0.1716
2026-08-12,7753.56,2026-10-16,65.0,7390.0,475.15,0.1631,71.85,0.1711
2026-08-12,7753.56,2026-10-16,65.0,7395.0,471.05,0.1628,72.55,0.1706
2026-08-12,7753.56,2026-10-16,65.0,7400.0,466.7,0.1623,73.3,0.1701
2026-08-12,7753.56,2026-10-16,65.0,7405.0,462.45,0.1618,74.05,0.1696
2026-08-12,7753.56,2026-10-16,65.0,7410.0,458.25,0.1614,74.7,0.169
2026-08-12,7753.56,2026-10-16,65.0,7415.0,454.05,0.161,75.5,0.1686
2026-08-12,7753.56,2026-10-16,65.0,7420.0,449.85,0.1606,76.35,0.1682
2026-08-12,7753.56,2026-10-16,65.0,7425.0,445.9,0.1604,77.05,0.1676
2026-08-12,7753.56,2026-10-16,65.0,7430.0,441.55,0.1598,77.8,0.1671
2026-08-12,7753.56,2026-10-16,65.0,7435.0,437.35,0.1593,78.6,0.1666
2026-08-12,7753.56,2026-10-16,65.0,7440.0,433.4,0.1591,79.5,0.1662
2026-08-12,7753.56,2026-10-16,65.0,7445.0,429.1,0.1585,80.35,0.1657
2026-08-12,7753.56,2026-10-16,65.0,7450.0,424.95,0.1581,81.15,0.1652
2026-08-12,7753.56,2026-10-16,65.0,7455.0,420.8,0.1576,82.0,0.1647
2026-08-12,7753.56,2026-10-16,65.0,7460.0,416.9,0.1574,82.8,0.1642
2026-08-12,7753.56,2026-10-16,65.0,7465.0,412.65,0.1569,83.7,0.1637
2026-08-12,7753.56,2026-10-30,79.0,5820.0,1980.35,0.2213,11.4,0.3328
2026-08-12,7753.56,2026-10-30,79.0,5830.0,1970.7,0.2308,11.55,0.3318
2026-08-12,7753.56,2026-10-30,79.0,5840.0,1961.35,0.2446,11.65,0.3307
2026-08-12,7753.56,2026-10-30,79.0,5850.0,1951.45,0.2437,11.8,0.3297
2026-08-12,7753.56,2026-10-30,79.0,5860.0,1941.9,0.2494,11.85,0.3283
2026-08-12,7753.56,2026-10-30,79.0,5870.0,1931.95,0.2476,12.05,0.3276
2026-08-12,7753.56,2026-10-30,79.0,5875.0,1927.0,0.2471,12.05,0.3267
2026-08-12,7753.56,2026-10-30,79.0,5880.0,1921.75,0.241,12.15,0.3264
2026-08-12,7753.56,2026-10-30,79.0,5890.0,1912.0,0.243,12.25,0.3251
2026-08-12,7753.56,2026-10-30,79.0,5900.0,1902.75,0.2523,12.4,0.3242
2026-08-12,7753.56,2026-10-30,79.0,5910.0,1892.4,0.2445,12.55,0.3232
2026-08-12,7753.56,2026-10-30,79.0,5920.0,1882.5,0.2435,12.65,0.322
2026-08-12,7753.56,2026-10-30,79.0,5925.0,1878.1,0.251,12.75,0.3216
2026-08-12,7753.56,2026-10-30,79.0,5930.0,1873.1,0.2498,12.8,0.3209
2026-08-12,7753.56,2026-10-30,79.0,5940.0,1863.35,0.2506,12.95,0.3199
2026-08-12,7753.56,2026-10-30,79.0,5950.0,1853.65,0.252,13.1,0.3189
2026-08-12,7753.56,2026-10-30,79.0,5960.0,1843.6,0.249,13.25,0.3179
2026-08-12,7753.56,2026-10-30,79.0,5970.0,1833.7,0.2479,13.35,0.3166
2026-08-12,7753.56,2026-10-30,79.0,5975.0,1828.9,0.2491,13.45,0.3162
2026-08-12,7753.56,2026-10-30,79.0,5980.0,1824.05,0.2497,13.55,0.3158
2026-08-12,7753.56,2026-10-30,79.0,5990.0,1814.2,0.2491,13.65,0.3145
2026-08-12,7753.56,2026-10-30,79.0,6000.0,1804.85,0.2536,13.85,0.3137
2026-08-12,7753.56,2026-10-30,79.0,6010.0,1795.0,0.2529,13.95,0.3124
2026-08-12,7753.56,2026-10-30,79.0,6020.0,1784.9,0.2497,14.15,0.3115
2026-08-12,7753.56,2026-10-30,79.0,6025.0,1780.25,0.252,14.15,0.3107
2026-08-12,7753.56,2026-10-30,79.0,6030.0,1775.25,0.2509,14.25,0.3103
2026-08-12,7753.56,2026-10-30,79.0,6040.0,1765.9,0.2545,14.45,0.3094
2026-08-12,7753.56,2026-10-30,79.0,6050.0,1755.9,0.2524,14.55,0.3081
2026-08-12,7753.56,2026-10-30,79.0,6060.0,1745.95,0.2507,14.75,0.3072
2026-08-12,7753.56,2026-10-30,79.0,6070.0,1736.35,0.2519,14.85,0.3059
2026-08-12,7753.56,2026-10-30,79.0,6075.0,1731.4,0.2513,14.95,0.3054
2026-08-12,7753.56,2026-10-30,79.0,6080.0,1726.65,0.2522,15.05,0.305
2026-08-12,7753.56,2026-10-30,79.0,6090.0,1716.85,0.2517,15.25,0.304
2026-08-12,7753.56,2026-10-30,79.0,6100.0,1707.25,0.2527,15.4,0.3029
2026-08-12,7753.56,2026-10-30,79.0,6110.0,1697.75,0.2542,15.55,0.3018
2026-08-12,7753.56,2026-10-30,79.0,6120.0,1687.75,0.2521,15.75,0.3008
2026-08-12,7753.56,2026-10-30,79.0,6125.0,1682.9,0.2522,15.85,0.3003
2026-08-12,7753.56,2026-10-30,79.0,6130.0,1677.95,0.2515,15.95,0.2999
2026-08-12,7753.56,2026-10-30,79.0,6140.0,1668.45,0.2528,16.1,0.2987
2026-08-12,7753.56,2026-10-30,79.0,6150.0,1658.4,0.2505,16.25,0.2975
2026-08-12,7753.56,2026-10-30,79.0,6160.0,1649.2,0.2535,16.45,0.2965
2026-08-12,7753.56,2026-10-30,79.0,6170.0,1639.05,0.2506,16.65,0.2955
2026-08-12,7753.56,2026-10-30,79.0,6175.0,1634.05,0.2496,16.75,0.295
2026-08-12,7753.56,2026-10-30,79.0,6180.0,1629.3,0.2502,16.85,0.2945
2026-08-12,7753.56,2026-10-30,79.0,6190.0,1619.55,0.2497,17.05,0.2935
2026-08-12,7753.56,2026-10-30,79.0,6200.0,1610.25,0.2517,17.25,0.2925
2026-08-12,7753.56,2026-10-30,79.0,6210.0,1600.25,0.2498,17.45,0.2915
2026-08-12,7753.56,2026-10-30,79.0,6220.0,1590.9,0.2513,17.65,0.2904
2026-08-12,7753.56,2026-10-30,79.0,6225.0,1585.75,0.2496,17.75,0.2899
2026-08-12,7753.56,2026-10-30,79.0,6230.0,1581.25,0.2512,17.85,0.2894
2026-08-12,7753.56,2026-10-30,79.0,6240.0,1571.1,0.2485,18.05,0.2883
2026-08-12,7753.56,2026-10-30,79.0,6250.0,1561.35,0.2479,18.25,0.2872
2026-08-12,7753.56,2026-10-30,79.0,6260.0,1551.6,0.2472,18.45,0.2862
2026-08-12,7753.56,2026-10-30,79.0,6270.0,1542.05,0.2475,18.65,0.2851
2026-08-12,7753.56,2026-10-30,79.0,6275.0,1537.0,0.2463,18.8,0.2847
2026-08-12,7753.56,2026-10-30,79.0,6280.0,1532.15,0.2461,18.9,0.2841
2026-08-12,7753.56,2026-10-30,79.0,6290.0,1522.95,0.2479,19.15,0.2832
2026-08-12,7753.56,2026-10-30,79.0,6300.0,1513.6,0.2489,19.35,0.2821
2026-08-12,7753.56,2026-10-30,79.0,6310.0,1503.05,0.2446,19.55,0.281
2026-08-12,7753.56,2026-10-30,79.0,6320.0,1493.95,0.2467,19.8,0.28
2026-08-12,7753.56,2026-10-30,79.0,6325.0,1489.1,0.2464,19.9,0.2794
2026-08-12,7753.56,2026-10-30,79.0,6330.0,1484.4,0.2467,20.05,0.279
2026-08-12,7753.56,2026-10-30,79.0,6340.0,1474.3,0.2444,20.3,0.278
2026-08-12,7753.56,2026-10-30,79.0,6350.0,1464.5,0.2433,20.5,0.2769
2026-08-12,7753.56,2026-10-30,79.0,6360.0,1455.35,0.2449,20.75,0.2758
2026-08-12,7753.56,2026-10-30,79.0,6370.0,1445.75,0.2446,21.0,0.2748
2026-08-12,7753.56,2026-10-30,79.0,6375.0,1440.25,0.2417,21.15,0.2744
2026-08-12,7753.56,2026-10-30,79.0,6380.0,1436.0,0.2436,21.3,0.2739
2026-08-12,7753.56,2026-10-30,79.0,6390.0,1426.45,0.2435,21.5,0.2727
2026-08-12,7753.56,2026-10-30,79.0,6400.0,1416.35,0.2412,21.8,0.2718
2026-08-12,7753.56,2026-10-30,79.0,6410.0,1407.05,0.2419,22.05,0.2708
2026-08-12,7753.56,2026-10-30,79.0,6420.0,1397.4,0.2413,22.3,0.2697
2026-08-12,7753.56,2026-10-30,79.0,6425.0,1392.25,0.2398,22.45,0.2692
2026-08-12,7753.56,2026-10-30,79.0,6430.0,1387.9,0.2412,22.6,0.2687
2026-08-12,7753.56,2026-10-30,79.0,6440.0,1378.25,0.2405,22.9,0.2678
2026-08-12,7753.56,2026-10-30,79.0,6450.0,1368.55,0.2397,23.15,0.2667
2026-08-12,7753.56,2026-10-30,79.0,6460.0,1359.05,0.2395,23.45,0.2657
2026-08-12,7753.56,2026-10-30,79.0,6470.0,1349.1,0.2378,23.7,0.2646
2026-08-12,7753.56,2026-10-30,79.0,6475.0,1344.45,0.238,23.9,0.2642
2026-08-12,7753.56,2026-10-30,79.0,6480.0,1339.8,0.2382,24.0,0.2636
2026-08-12,7753.56,2026-10-30,79.0,6490.0,1330.2,0.2376,24.3,0.2626
2026-08-12,7753.56,2026-10-30,79.0,6500.0,1320.35,0.2362,24.6,0.2615
2026-08-12,7753.56,2026-10-30,79.0,6510.0,1310.75,0.2355,24.9,0.2605
2026-08-12,7753.56,2026-10-30,79.0,6520.0,1300.9,0.2341,25.3,0.2597
2026-08-12,7753.56,2026-10-30,79.0,6525.0,1296.25,0.2343,25.4,0.259
2026-08-12,7753.56,2026-10-30,79.0,6530.0,1291.55,0.2342,25.6,0.2586
2026-08-12,7753.56,2026-10-30,79.0,6540.0,1281.8,0.2331,25.9,0.2576
2026-08-12,7753.56,2026-10-30,79.0,6550.0,1272.55,0.2334,26.2,0.2565
2026-08-12,7753.56,2026-10-30,79.0,6560.0,1262.9,0.2325,26.6,0.2556
2026-08-12,7753.56,2026-10-30,79.0,6570.0,1253.4,0.2321,26.9,0.2545
2026-08-12,7753.56,2026-10-30,79.0,6575.0,1248.55,0.2315,27.1,0.2541
2026-08-12,7753.56,2026-10-30,79.0,6580.0,1243.55,0.2306,27.3,0.2536
2026-08-12,7753.56,2026-10-30,79.0,6590.0,1234.5,0.2313,27.6,0.2525
2026-08-12,7753.56,2026-10-30,79.0,6600.0,1224.3,0.2289,28.0,0.2516
2026-08-12,7753.56,2026-10-30,79.0,6610.0,1215.5,0.2302,28.3,0.2505
2026-08-12,7753.56,2026-10-30,79.0,6620.0,1205.35,0.2279,28.7,0.2495
2026-08-12,7753.56,2026-10-30,79.0,6625.0,1201.35,0.2295,28.9,0.2491
2026-08-12,7753.56,2026-10-30,79.0,6630.0,1196.45,0.2288,29.1,0.2486
2026-08-12,7753.56,2026-10-30,79.0,6640.0,1186.95,0.2282,29.4,0.2474
2026-08-12,7753.56,2026-10-30,79.0,6650.0,1176.45,0.2251,29.8,0.2464
2026-08-12,7753.56,2026-10-30,79.0,6660.0,1167.9,0.2267,30.2,0.2454
2026-08-12,7753.56,2026-10-30,79.0,6670.0,1157.95,0.225,30.6,0.2445
2026-08-12,7753.56,2026-10-30,79.0,6675.0,1153.2,0.2246,30.8,0.2439
2026-08-12,7753.56,2026-10-30,79.0,6680.0,1148.5,0.2244,31.0,0.2434
2026-08-12,7753.56,2026-10-30,79.0,6690.0,1139.2,0.2241,31.4,0.2424
2026-08-12,7753.56,2026-10-30,79.0,6700.0,1129.85,0.2237,31.9,0.2416
2026-08-12,7753.56,2026-10-30,79.0,6710.0,1120.05,0.2223,32.3,0.2405
2026-08-12,7753.56,2026-10-30,79.0,6720.0,1110.55,0.2215,32.7,0.2395
2026-08-12,7753.56,2026-10-30,79.0,6725.0,1105.85,0.2212,32.9,0.2389
2026-08-12,7753.56,2026-10-30,79.0,6730.0,1101.3,0.2212,33.2,0.2386
2026-08-12,7753.56,2026-10-30,79.0,6740.0,1091.7,0.2202,33.6,0.2375
2026-08-12,7753.56,2026-10-30,79.0,6750.0,1081.85,0.2186,34.1,0.2366
2026-08-12,7753.56,2026-10-30,79.0,6760.0,1072.45,0.218,34.5,0.2355
2026-08-12,7753.56,2026-10-30,79.0,6770.0,1063.4,0.218,35.0,0.2345
2026-08-12,7753.56,2026-10-30,79.0,6775.0,1058.55,0.2174,35.2,0.234
2026-08-12,7753.56,2026-10-30,79.0,6780.0,1053.6,0.2165,35.5,0.2336
2026-08-12,7753.56,2026-10-30,79.0,6790.0,1044.35,0.2161,36.0,0.2326
2026-08-12,7753.56,2026-10-30,79.0,6800.0,1034.95,0.2154,36.5,0.2316
2026-08-12,7753.56,2026-10-30,79.0,6810.0,1025.45,0.2145,36.95,0.2305
2026-08-12,7753.56,2026-10-30,79.0,6820.0,1016.35,0.2143,37.5,0.2296
2026-08-12,7753.56,2026-10-30,79.0,6825.0,1011.35,0.2133,37.7,0.229
2026-08-12,7753.56,2026-10-30,79.0,6830.0,1006.95,0.2135,38.0,0.2286
2026-08-12,7753.56,2026-10-30,79.0,6840.0,997.25,0.2121,38.6,0.2277
2026-08-12,7753.56,2026-10-30,79.0,6850.0,988.8,0.213,39.1,0.2266
2026-08-12,7753.56,2026-10-30,79.0,6860.0,979.75,0.2128,39.6,0.2256
2026-08-12,7753.56,2026-10-30,79.0,6865.0,974.75,0.2118,39.9,0.2251
2026-08-12,7753.56,2026-10-30,79.0,6870.0,970.4,0.212,40.2,0.2246
2026-08-12,7753.56,2026-10-30,79.0,6875.0,965.1,0.2105,40.5,0.2242
2026-08-12,7753.56,2026-10-30,79.0,6880.0,960.75,0.2107,40.8,0.2237
2026-08-12,7753.56,2026-10-30,79.0,6885.0,955.95,0.21,41.1,0.2232
2026-08-12,7753.56,2026-10-30,79.0,6890.0,951.45,0.2099,41.4,0.2227
2026-08-12,7753.56,2026-10-30,79.0,6895.0,946.6,0.2092,41.7,0.2222
2026-08-12,7753.56,2026-10-30,79.0,6900.0,942.15,0.2092,42.0,0.2218
2026-08-12,7753.56,2026-10-30,79.0,6905.0,937.75,0.2092,42.3,0.2213
2026-08-12,7753.56,2026-10-30,79.0,6910.0,933.1,0.2088,42.5,0.2206
2026-08-12,7753.56,2026-10-30,79.0,6915.0,928.45,0.2084,42.9,0.2203
2026-08-12,7753.56,2026-10-30,79.0,6920.0,923.65,0.2077,43.2,0.2198
2026-08-12,7753.56,2026-10-30,79.0,6925.0,919.15,0.2076,43.5,0.2193
2026-08-12,7753.56,2026-10-30,79.0,6930.0,914.5,0.2071,43.8,0.2187
2026-08-12,7753.56,2026-10-30,79.0,6935.0,909.55,0.2062,44.1,0.2182
2026-08-12,7753.56,2026-10-30,79.0,6940.0,904.65,0.2054,44.4,0.2177
2026-08-12,7753.56,2026-10-30,79.0,6945.0,900.6,0.2059,44.8,0.2173
2026-08-12,7753.56,2026-10-30,79.0,6950.0,896.7,0.2067,45.1,0.2168
2026-08-12,7753.56,2026-10-30,79.0,6955.0,891.05,0.2047,45.4,0.2163
2026-08-12,7753.56,2026-10-30,79.0,6960.0,886.7,0.2047,45.7,0.2157
2026-08-12,7753.56,2026-10-30,79.0,6965.0,881.75,0.2038,46.1,0.2153
2026-08-12,7753.56,2026-10-30,79.0,6970.0,877.05,0.2033,46.4,0.2148
2026-08-12,7753.56,2026-10-30,79.0,6975.0,872.5,0.203,46.75,0.2143
2026-08-12,7753.56,2026-10-30,79.0,6980.0,867.85,0.2025,47.1,0.2138
2026-08-12,7753.56,2026-10-30,79.0,6985.0,863.2,0.202,47.45,0.2134
2026-08-12,7753.56,2026-10-30,79.0,6990.0,858.6,0.2016,47.8,0.2129
2026-08-12,7753.56,2026-10-30,79.0,6995.0,854.0,0.2012,48.15,0.2124
2026-08-12,7753.56,2026-10-30,79.0,7000.0,849.4,0.2008,48.5,0.2119
2026-08-12,7753.56,2026-10-30,79.0,7005.0,845.1,0.2008,48.8,0.2113
2026-08-12,7753.56,2026-10-30,79.0,7010.0,840.4,0.2003,49.2,0.2109
2026-08-12,7753.56,2026-10-30,79.0,7015.0,835.6,0.1996,49.6,0.2104
2026-08-12,7753.56,2026-10-30,79.0,7020.0,831.45,0.1998,49.9,0.2098
2026-08-12,7753.56,2026-10-30,79.0,7025.0,826.75,0.1992,50.3,0.2094
2026-08-12,7753.56,2026-10-30,79.0,7030.0,821.9,0.1984,50.65,0.2089
2026-08-12,7753.56,2026-10-30,79.0,7035.0,817.6,0.1984,51.1,0.2085
2026-08-12,7753.56,2026-10-30,79.0,7040.0,812.75,0.1976,51.45,0.2079
2026-08-12,7753.56,2026-10-30,79.0,7045.0,808.3,0.1973,51.8,0.2074
2026-08-12,7753.56,2026-10-30,79.0,7050.0,803.9,0.1972,52.2,0.2069
2026-08-12,7753.56,2026-10-30,79.0,7055.0,799.0,0.1963,52.65,0.2065
2026-08-12,7753.56,2026-10-30,79.0,7060.0,794.75,0.1963,53.0,0.206
2026-08-12,7753.56,2026-10-30,79.0,7065.0,789.9,0.1955,53.45,0.2055
2026-08-12,7753.56,2026-10-30,79.0,7070.0,785.7,0.1955,53.8,0.205
2026-08-12,7753.56,2026-10-30,79.0,7075.0,780.8,0.1947,54.2,0.2045
2026-08-12,7753.56,2026-10-30,79.0,7080.0,776.5,0.1946,54.65,0.204
2026-08-12,7753.56,2026-10-30,79.0,7085.0,771.75,0.1939,55.1,0.2036
2026-08-12,7753.56,2026-10-30,79.0,7090.0,768.65,0.1953,55.45,0.203
2026-08-12,7753.56,2026-10-30,79.0,7095.0,763.0,0.1935,55.9,0.2026
2026-08-12,7753.56,2026-10-30,79.0,7100.0,758.45,0.193,56.35,0.2021
2026-08-12,7753.56,2026-10-30,79.0,7105.0,753.8,0.1924,56.8,0.2016
2026-08-12,7753.56,2026-10-30,79.0,7110.0,749.55,0.1924,57.2,0.2011
2026-08-12,7753.56,2026-10-30,79.0,7115.0,745.05,0.192,57.65,0.2006
2026-08-12,7753.56,2026-10-30,79.0,7120.0,740.5,0.1915,58.1,0.2001
2026-08-12,7753.56,2026-10-30,79.0,7125.0,735.85,0.1909,58.5,0.1996
2026-08-12,7753.56,2026-10-30,79.0,7130.0,731.35,0.1905,58.95,0.1991
2026-08-12,7753.56,2026-10-30,79.0,7135.0,726.9,0.1901,59.45,0.1987
2026-08-12,7753.56,2026-10-30,79.0,7140.0,722.4,0.1897,59.95,0.1982
2026-08-12,7753.56,2026-10-30,79.0,7145.0,717.9,0.1892,60.4,0.1977
2026-08-12,7753.56,2026-10-30,79.0,7150.0,714.55,0.1902,60.85,0.1972
2026-08-12,7753.56,2026-10-30,79.0,7155.0,708.85,0.1883,61.35,0.1968
2026-08-12,7753.56,2026-10-30,79.0,7160.0,704.6,0.1882,61.8,0.1962
2026-08-12,7753.56,2026-10-30,79.0,7165.0,699.85,0.1874,62.3,0.1958
2026-08-12,7753.56,2026-10-30,79.0,7170.0,695.45,0.1871,62.8,0.1953
2026-08-12,7753.56,2026-10-30,79.0,7175.0,691.1,0.1868,63.25,0.1947
2026-08-12,7753.56,2026-10-30,79.0,7180.0,686.75,0.1865,63.8,0.1943
2026-08-12,7753.56,2026-10-30,79.0,7185.0,682.3,0.186,64.3,0.1938
2026-08-12,7753.56,2026-10-30,79.0,7190.0,677.65,0.1854,64.75,0.1933
2026-08-12,7753.56,2026-10-30,79.0,7195.0,673.45,0.1852,65.35,0.1929
2026-08-12,7753.56,2026-10-30,79.0,7200.0,668.5,0.1842,65.8,0.1923
2026-08-12,7753.56,2026-10-30,79.0,7205.0,664.45,0.1842,66.35,0.1919
2026-08-12,7753.56,2026-10-30,79.0,7210.0,660.05,0.1838,66.9,0.1914
2026-08-12,7753.56,2026-10-30,79.0,7215.0,655.65,0.1834,67.45,0.1909
2026-08-12,7753.56,2026-10-30,79.0,7220.0,651.25,0.183,67.95,0.1904
2026-08-12,7753.56,2026-10-30,79.0,7225.0,646.85,0.1826,68.5,0.1899
2026-08-12,7753.56,2026-10-30,79.0,7230.0,642.55,0.1823,69.05,0.1894
2026-08-12,7753.56,2026-10-30,79.0,7235.0,638.05,0.1818,69.65,0.189
2026-08-12,7753.56,2026-10-30,79.0,7240.0,633.65,0.1813,70.15,0.1884
2026-08-12,7753.56,2026-10-30,79.0,7245.0,628.8,0.1804,70.75,0.188
2026-08-12,7753.56,2026-10-30,79.0,7250.0,624.9,0.1805,71.35,0.1875
2026-08-12,7753.56,2026-10-30,79.0,7255.0,620.05,0.1796,71.9,0.187
2026-08-12,7753.56,2026-10-30,79.0,7260.0,616.05,0.1796,72.55,0.1866
2026-08-12,7753.56,2026-10-30,79.0,7265.0,611.7,0.1791,73.15,0.1861
2026-08-12,7753.56,2026-10-30,79.0,7270.0,607.4,0.1788,73.75,0.1857
2026-08-12,7753.56,2026-10-30,79.0,7275.0,602.6,0.1779,74.3,0.1851
2026-08-12,7753.56,2026-10-30,79.0,7280.0,598.5,0.1777,74.95,0.1847
2026-08-12,7753.56,2026-10-30,79.0,7285.0,594.2,0.1773,75.55,0.1842
2026-08-12,7753.56,2026-10-30,79.0,7290.0,589.85,0.1769,76.15,0.1837
2026-08-12,7753.56,2026-10-30,79.0,7295.0,585.55,0.1765,76.85,0.1833
2026-08-12,7753.56,2026-10-30,79.0,7300.0,581.25,0.1761,77.5,0.1828
2026-08-12,7753.56,2026-10-30,79.0,7305.0,576.95,0.1757,78.1,0.1823
2026-08-12,7753.56,2026-10-30,79.0,7310.0,572.75,0.1754,78.75,0.1818
2026-08-12,7753.56,2026-10-30,79.0,7315.0,568.25,0.1747,79.45,0.1813
2026-08-12,7753.56,2026-10-30,79.0,7320.0,564.3,0.1746,80.1,0.1808
2026-08-12,7753.56,2026-10-30,79.0,7325.0,560.05,0.1743,80.8,0.1804
2026-08-12,7753.56,2026-10-30,79.0,7330.0,555.5,0.1736,81.55,0.18
2026-08-12,7753.56,2026-10-30,79.0,7335.0,551.3,0.1732,82.25,0.1795
2026-08-12,7753.56,2026-10-30,79.0,7340.0,546.95,0.1727,82.9,0.179
2026-08-12,7753.56,2026-10-30,79.0,7345.0,542.9,0.1725,83.65,0.1786
2026-08-12,7753.56,2026-10-30,79.0,7350.0,538.8,0.1722,84.35,0.1781
2026-08-12,7753.56,2026-10-30,79.0,7355.0,534.4,0.1716,85.15,0.1777
2026-08-12,7753.56,2026-10-30,79.0,7360.0,530.1,0.1711,85.85,0.1772
2026-08-12,7753.56,2026-10-30,79.0,7365.0,526.1,0.1709,86.65,0.1768
2026-08-12,7753.56,2026-10-30,79.0,7370.0,521.8,0.1704,87.35,0.1762
2026-08-12,7753.56,2026-10-30,79.0,7375.0,517.6,0.17,88.15,0.1758
2026-08-12,7753.56,2026-10-30,79.0,7380.0,513.4,0.1696,88.9,0.1753
2026-08-12,7753.56,2026-10-30,79.0,7385.0,509.25,0.1692,89.65,0.1748
2026-08-12,7753.56,2026-10-30,79.0,7390.0,505.15,0.1688,90.45,0.1744
2026-08-12,7753.56,2026-10-30,79.0,7395.0,500.95,0.1684,91.25,0.1739
2026-08-12,7753.56,2026-10-30,79.0,7400.0,496.7,0.1679,92.05,0.1735
2026-08-12,7753.56,2026-10-30,79.0,7405.0,492.8,0.1677,92.95,0.1731
2026-08-12,7753.56,2026-10-30,79.0,7410.0,488.45,0.1671,93.7,0.1725
2026-08-12,7753.56,2026-10-30,79.0,7415.0,484.15,0.1665,94.55,0.1721
2026-08-12,7753.56,2026-10-30,79.0,7420.0,480.3,0.1663,95.35,0.1716
2026-08-12,7753.56,2026-10-30,79.0,7425.0,476.25,0.166,96.25,0.1712
2026-08-12,7753.56,2026-10-30,79.0,7430.0,472.1,0.1655,97.15,0.1708
2026-08-12,7753.56,2026-10-30,79.0,7435.0,468.0,0.1651,98.05,0.1703
2026-08-12,7753.56,2026-10-30,79.0,7440.0,464.0,0.1648,98.85,0.1698
2026-08-12,7753.56,2026-10-30,79.0,7445.0,459.9,0.1643,99.85,0.1694
2026-08-12,7753.56,2026-10-30,79.0,7450.0,456.05,0.1641,100.7,0.1689
2026-08-12,7753.56,2026-10-30,79.0,7455.0,451.85,0.1636,101.65,0.1685
2026-08-12,7753.56,2026-10-30,79.0,7460.0,447.75,0.1631,102.55,0.168
2026-08-12,7753.56,2026-10-30,79.0,7465.0,443.75,0.1627,103.5,0.1676
2026-08-12,7753.56,2026-10-30,79.0,7470.0,439.85,0.1624,104.5,0.1672
2026-08-12,7753.56,2026-10-30,79.0,7475.0,435.85,0.162,105.4,0.1667
2026-08-12,7753.56,2026-10-30,79.0,7480.0,431.9,0.1617,106.45,0.1663
2026-08-12,7753.56,2026-10-30,79.0,7485.0,428.0,0.1613,107.45,0.1659
2026-08-12,7753.56,2026-10-30,79.0,7490.0,423.85,0.1608,108.35,0.1654
2026-08-12,7753.56,2026-10-30,79.0,7495.0,419.9,0.1604,109.45,0.165
2026-08-12,7753.56,2026-10-30,79.0,7500.0,416.2,0.1602,110.45,0.1645
2026-08-12,7753.56,2026-10-30,79.0,7505.0,412.1,0.1597,111.45,0.1641
2026-08-12,7753.56,2026-10-30,79.0,7510.0,408.15,0.1592,112.45,0.1636
2026-08-12,7753.56,2026-10-30,79.0,7515.0,404.35,0.1589,113.55,0.1632
2026-08-12,7753.56,2026-10-30,79.0,7520.0,400.7,0.1587,114.6,0.1627
2026-08-12,7753.56,2026-10-30,79.0,7525.0,396.65,0.1582,115.75,0.1624
2026-08-12,7753.56,2026-10-30,79.0,7530.0,392.65,0.1577,116.75,0.1619
2026-08-12,7753.56,2026-10-30,79.0,7535.0,389.3,0.1577,117.95,0.1615
2026-08-12,7753.56,2026-10-30,79.0,7540.0,385.5,0.1574,119.05,0.161
2026-08-12,7753.56,2026-10-30,79.0,7545.0,381.7,0.157,120.15,0.1606
2026-08-12,7753.56,2026-10-30,79.0,7550.0,377.9,0.1566,121.3,0.1602
2026-08-12,7753.56,2026-10-30,79.0,7555.0,374.1,0.1562,122.45,0.1597
2026-08-12,7753.56,2026-10-30,79.0,7560.0,370.3,0.1559,123.65,0.1593
2026-08-12,7753.56,2026-10-30,79.0,7565.0,366.5,0.1554,124.85,0.1589
2026-08-12,7753.56,2026-10-30,79.0,7570.0,362.8,0.1551,126.05,0.1585
2026-08-12,7753.56,2026-10-30,79.0,7575.0,359.0,0.1547,127.35,0.1581
2026-08-12,7753.56,2026-10-30,79.0,7580.0,355.3,0.1543,128.6,0.1577
2026-08-12,7753.56,2026-10-30,79.0,7585.0,351.5,0.1539,129.85,0.1573
2026-08-12,7753.56,2026-10-30,79.0,7590.0,347.9,0.1536,131.1,0.1568
2026-08-12,7753.56,2026-10-30,79.0,7595.0,344.3,0.1533,132.3,0.1564
2026-08-12,7753.56,2026-10-30,79.0,7600.0,340.6,0.1529,133.55,0.1559
2026-08-12,7753.56,2026-10-30,79.0,7605.0,337.0,0.1526,134.85,0.1555
2026-08-12,7753.56,2026-10-30,79.0,7610.0,333.3,0.1521,136.2,0.1551
2026-08-12,7753.56,2026-10-30,79.0,7615.0,329.7,0.1518,137.55,0.1547
2026-08-12,7753.56,2026-10-30,79.0,7620.0,326.1,0.1514,138.9,0.1543
2026-08-12,7753.56,2026-10-30,79.0,7625.0,322.6,0.1511,140.3,0.1539
2026-08-12,7753.56,2026-10-30,79.0,7630.0,318.9,0.1507,141.7,0.1535
2026-08-12,7753.56,2026-10-30,79.0,7635.0,315.3,0.1503,143.05,0.153
2026-08-12,7753.56,2026-10-30,79.0,7640.0,311.9,0.15,144.55,0.1527
2026-08-12,7753.56,2026-10-30,79.0,7645.0,308.45,0.1497,145.95,0.1522
2026-08-12,7753.56,2026-10-30,79.0,7650.0,304.9,0.1493,147.5,0.1519
2026-08-12,7753.56,2026-10-30,79.0,7655.0,301.4,0.149,148.85,0.1514
2026-08-12,7753.56,2026-10-30,79.0,7660.0,297.8,0.1485,150.3,0.151
2026-08-12,7753.56,2026-10-30,79.0,7665.0,294.5,0.1483,151.75,0.1505
2026-08-12,7753.56,2026-10-30,79.0,7670.0,291.1,0.148,153.3,0.1502
2026-08-12,7753.56,2026-10-30,79.0,7675.0,287.55,0.1475,154.9,0.1498
2026-08-12,7753.56,2026-10-30,79.0,7680.0,284.3,0.1473,156.5,0.1494
2026-08-12,7753.56,2026-10-30,79.0,7685.0,280.9,0.1469,158.15,0.1491
2026-08-12,7753.56,2026-10-30,79.0,7690.0,277.5,0.1466,159.7,0.1486
2026-08-12,7753.56,2026-10-30,79.0,7695.0,274.2,0.1463,161.3,0.1482
2026-08-12,7753.56,2026-10-30,79.0,7700.0,270.9,0.1459,163.1,0.148
2026-08-12,7753.56,2026-10-30,79.0,7705.0,267.6,0.1456,164.55,0.1474
2026-08-12,7753.56,2026-10-30,79.0,7710.0,264.3,0.1453,166.3,0.1471
2026-08-12,7753.56,2026-10-30,79.0,7715.0,261.0,0.1449,167.9,0.1466
2026-08-12,7753.56,2026-10-30,79.0,7720.0,257.8,0.1446,169.7,0.1463
2026-08-12,7753.56,2026-10-30,79.0,7725.0,254.6,0.1443,171.45,0.1459
2026-08-12,7753.56,2026-10-30,79.0,7730.0,251.4,0.144,173.1,0.1455
2026-08-12,7753.56,2026-10-30,79.0,7735.0,248.1,0.1436,174.9,0.1451
2026-08-12,7753.56,2026-10-30,79.0,7740.0,245.0,0.1433,176.7,0.1447
2026-08-12,7753.56,2026-10-30,79.0,7745.0,241.9,0.143,178.55,0.1444
2026-08-12,7753.56,2026-10-30,79.0,7750.0,238.85,0.1428,180.35,0.144
2026-08-12,7753.56,2026-10-30,79.0,7755.0,235.7,0.1424,182.2,0.1436
2026-08-12,7753.56,2026-10-30,79.0,7760.0,232.6,0.1421,184.1,0.1432
2026-08-12,7753.56,2026-10-30,79.0,7765.0,229.6,0.1418,185.9,0.1428
2026-08-12,7753.56,2026-10-30,79.0,7770.0,226.5,0.1415,187.9,0.1425
2026-08-12,7753.56,2026-10-30,79.0,7775.0,223.4,0.1411,189.85,0.1421
2026-08-12,7753.56,2026-10-30,79.0,7780.0,220.5,0.1409,191.85,0.1417
2026-08-12,7753.56,2026-10-30,79.0,7785.0,217.5,0.1406,193.7,0.1413
2026-08-12,7753.56,2026-10-30,79.0,7790.0,214.5,0.1402,195.7,0.1409
2026-08-12,7753.56,2026-10-30,79.0,7795.0,211.6,0.1399,197.85,0.1406
2026-08-12,7753.56,2026-10-30,79.0,7800.0,208.6,0.1396,199.85,0.1402
2026-08-12,7753.56,2026-10-30,79.0,7805.0,205.8,0.1394,201.9,0.1398
2026-08-12,7753.56,2026-10-30,79.0,7810.0,202.95,0.1391,204.05,0.1395
2026-08-12,7753.56,2026-10-30,79.0,7815.0,200.2,0.1389,206.1,0.1391
2026-08-12,7753.56,2026-10-30,79.0,7820.0,197.3,0.1385,208.2,0.1387
2026-08-12,7753.56,2026-10-30,79.0,7825.0,194.5,0.1382,210.45,0.1384
2026-08-12,7753.56,2026-10-30,79.0,7830.0,191.8,0.138,212.6,0.138
2026-08-12,7753.56,2026-10-30,79.0,7835.0,189.0,0.1377,214.85,0.1377
2026-08-12,7753.56,2026-10-30,79.0,7840.0,186.2,0.1374,217.05,0.1373
2026-08-12,7753.56,2026-10-30,79.0,7845.0,183.6,0.1372,219.2,0.1369
2026-08-12,7753.56,2026-10-30,79.0,7850.0,180.9,0.1369,221.5,0.1365
2026-08-12,7753.56,2026-10-30,79.0,7855.0,178.2,0.1366,223.85,0.1362
2026-08-12,7753.56,2026-10-30,79.0,7860.0,175.5,0.1363,226.1,0.1358
2026-08-12,7753.56,2026-10-30,79.0,7865.0,172.95,0.136,228.5,0.1354
2026-08-12,7753.56,2026-10-30,79.0,7870.0,170.35,0.1358,230.8,0.135
2026-08-12,7753.56,2026-10-30,79.0,7875.0,167.9,0.1356,233.3,0.1347
2026-08-12,7753.56,2026-10-30,79.0,7880.0,165.3,0.1353,235.6,0.1343
2026-08-12,7753.56,2026-10-30,79.0,7885.0,162.8,0.1351,238.1,0.134
2026-08-12,7753.56,2026-10-30,79.0,7890.0,160.3,0.1348,240.5,0.1336
2026-08-12,7753.56,2026-10-30,79.0,7895.0,157.8,0.1345,243.0,0.1332
2026-08-12,7753.56,2026-10-30,79.0,7900.0,155.3,0.1342,245.5,0.1328
2026-08-12,7753.56,2026-10-30,79.0,7905.0,152.85,0.134,248.1,0.1325
2026-08-12,7753.56,2026-10-30,79.0,7910.0,150.6,0.1338,250.7,0.1322
2026-08-12,7753.56,2026-10-30,79.0,7915.0,148.15,0.1335,253.2,0.1318
2026-08-12,7753.56,2026-10-30,79.0,7920.0,145.9,0.1334,255.8,0.1314
2026-08-12,7753.56,2026-10-30,79.0,7925.0,143.5,0.1331,258.4,0.131
2026-08-12,7753.56,2026-10-30,79.0,7930.0,141.1,0.1328,261.1,0.1307
2026-08-12,7753.56,2026-10-30,79.0,7935.0,138.9,0.1326,263.85,0.1304
2026-08-12,7753.56,2026-10-30,79.0,7940.0,136.7,0.1324,266.5,0.1299
2026-08-12,7753.56,2026-10-30,79.0,7945.0,134.5,0.1322,269.25,0.1296
2026-08-12,7753.56,2026-10-30,79.0,7950.0,132.3,0.132,271.9,0.1291
2026-08-12,7753.56,2026-10-30,79.0,7955.0,130.1,0.1317,274.7,0.1287
2026-08-12,7753.56,2026-10-30,79.0,7960.0,127.9,0.1315,277.5,0.1283
2026-08-12,7753.56,2026-10-30,79.0,7965.0,125.75,0.1313,280.3,0.1279
2026-08-12,7753.56,2026-10-30,79.0,7970.0,123.7,0.1311,283.25,0.1276
2026-08-12,7753.56,2026-10-30,79.0,7975.0,121.55,0.1308,286.1,0.1272
2026-08-12,7753.56,2026-10-30,79.0,7980.0,119.55,0.1307,288.9,0.1267
2026-08-12,7753.56,2026-10-30,79.0,7985.0,117.5,0.1304,291.8,0.1263
2026-08-12,7753.56,2026-10-30,79.0,7990.0,115.5,0.1302,294.8,0.126
2026-08-12,7753.56,2026-10-30,79.0,7995.0,113.5,0.13,297.8,0.1256
2026-08-12,7753.56,2026-10-30,79.0,8000.0,111.5,0.1298,300.7,0.1251
2026-08-12,7753.56,2026-10-30,79.0,8005.0,109.55,0.1296,303.7,0.1247
2026-08-12,7753.56,2026-10-30,79.0,8010.0,107.65,0.1294,306.8,0.1243
2026-08-12,7753.56,2026-10-30,79.0,8015.0,105.7,0.1292,309.9,0.124
2026-08-12,7753.56,2026-10-30,79.0,8020.0,103.9,0.129,313.0,0.1235
2026-08-12,7753.56,2026-10-30,79.0,8025.0,102.1,0.1289,316.1,0.1231
2026-08-12,7753.56,2026-10-30,79.0,8030.0,100.3,0.1287,319.3,0.1226
2026-08-12,7753.56,2026-10-30,79.0,8035.0,98.45,0.1285,322.3,0.122
2026-08-12,7753.56,2026-10-30,79.0,8040.0,96.7,0.1283,325.55,0.1216
2026-08-12,7753.56,2026-10-30,79.0,8045.0,94.9,0.1281,328.7,0.121
2026-08-12,7753.56,2026-10-30,79.0,8050.0,93.1,0.1279,332.3,0.1208
2026-08-12,7753.56,2026-10-30,79.0,8055.0,91.5,0.1278,335.5,0.1203
2026-08-12,7753.56,2026-10-30,79.0,8060.0,89.7,0.1275,338.7,0.1197
2026-08-12,7753.56,2026-10-30,79.0,8065.0,88.15,0.1274,342.0,0.1192
2026-08-12,7753.56,2026-10-30,79.0,8070.0,86.45,0.1272,345.25,0.1186
2026-08-12,7753.56,2026-10-30,79.0,8075.0,84.75,0.1269,348.6,0.118
2026-08-12,7753.56,2026-10-30,79.0,8080.0,83.3,0.1269,351.95,0.1175
2026-08-12,7753.56,2026-10-30,79.0,8085.0,81.55,0.1266,355.05,0.1166
2026-08-12,7753.56,2026-10-30,79.0,8090.0,80.1,0.1265,358.75,0.1163
2026-08-12,7753.56,2026-10-30,79.0,8095.0,78.65,0.1264,362.2,0.1156
2026-08-12,7753.56,2026-10-30,79.0,8100.0,77.1,0.1262,365.65,0.1149
2026-08-12,7753.56,2026-10-30,79.0,8105.0,75.6,0.126,369.1,0.1142
2026-08-12,7753.56,2026-10-30,79.0,8110.0,74.2,0.1259,372.6,0.1134
2026-08-12,7753.56,2026-10-30,79.0,8115.0,72.85,0.1258,376.1,0.1126
2026-08-12,7753.56,2026-10-30,79.0,8120.0,71.3,0.1256,379.7,0.1119
2026-08-12,7753.56,2026-10-30,79.0,8125.0,69.95,0.1255,383.25,0.111
2026-08-12,7753.56,2026-10-30,79.0,8130.0,68.55,0.1253,386.5,0.1096
2026-08-12,7753.56,2026-10-30,79.0,8135.0,67.25,0.1252,390.35,0.1088
2026-08-12,7753.56,2026-10-30,79.0,8140.0,65.95,0.1251,393.85,0.1074
2026-08-12,7753.56,2026-10-30,79.0,8145.0,64.65,0.1249,397.5,0.1061
2026-08-12,7753.56,2026-10-30,79.0,8150.0,63.35,0.1248,401.15,0.1047
2026-08-12,7753.56,2026-10-30,79.0,8155.0,62.05,0.1246,404.85,0.1032
2026-08-12,7753.56,2026-10-30,79.0,8160.0,60.8,0.1245,408.55,0.1006
2026-08-12,7753.56,2026-10-30,79.0,8165.0,59.55,0.1243,412.4,0.098
2026-08-12,7753.56,2026-10-30,79.0,8170.0,58.25,0.1241,416.0,0.0962
2026-08-12,7753.56,2026-10-30,79.0,8175.0,57.25,0.1242,419.8,0.097
2026-08-12,7753.56,2026-10-30,79.0,8180.0,56.0,0.124,423.6,0.0978
2026-08-12,7753.56,2026-10-30,79.0,8185.0,54.75,0.1238,,
2026-08-12,7753.56,2026-10-30,79.0,8190.0,53.65,0.1237,,
2026-08-12,7753.56,2026-10-30,79.0,8195.0,52.65,0.1236,,
2026-08-12,7753.56,2026-10-30,79.0,8200.0,51.55,0.1235,,
2026-08-12,7753.56,2026-10-30,79.0,8205.0,50.45,0.1234,,
2026-08-12,7753.56,2026-10-30,79.0,8210.0,49.45,0.1233,,
2026-08-12,7753.56,2026-10-30,79.0,8220.0,47.3,0.123,,
2026-08-12,7753.56,2026-10-30,79.0,8225.0,46.35,0.1229,,
2026-08-12,7753.56,2026-10-30,79.0,8230.0,45.35,0.1228,,
2026-08-12,7753.56,2026-10-30,79.0,8240.0,43.45,0.1226,,
2026-08-12,7753.56,2026-10-30,79.0,8250.0,41.55,0.1224,,
2026-08-12,7753.56,2026-10-30,79.0,8260.0,39.8,0.1222,,
2026-08-12,7753.56,2026-10-30,79.0,8270.0,38.05,0.122,,
2026-08-12,7753.56,2026-10-30,79.0,8275.0,37.3,0.122,,
2026-08-12,7753.56,2026-10-30,79.0,8280.0,36.5,0.1219,,
2026-08-12,7753.56,2026-10-30,79.0,8290.0,34.9,0.1217,,
2026-08-12,7753.56,2026-10-30,79.0,8300.0,33.35,0.1216,,
2026-08-12,7753.56,2026-10-30,79.0,8310.0,31.95,0.1215,,
2026-08-12,7753.56,2026-10-30,79.0,8320.0,30.5,0.1213,,
2026-08-12,7753.56,2026-10-30,79.0,8325.0,29.85,0.1213,,
2026-08-12,7753.56,2026-10-30,79.0,8330.0,29.2,0.1212,,
2026-08-12,7753.56,2026-10-30,79.0,8340.0,27.85,0.121,,
2026-08-12,7753.56,2026-10-30,79.0,8350.0,26.65,0.121,,
2026-08-12,7753.56,2026-10-30,79.0,8360.0,25.4,0.1208,,
2026-08-12,7753.56,2026-10-30,79.0,8370.0,24.3,0.1207,,
2026-08-12,7753.56,2026-10-30,79.0,8375.0,23.75,0.1207,,
2026-08-12,7753.56,2026-10-30,79.0,8380.0,23.2,0.1207,,
2026-08-12,7753.56,2026-10-30,79.0,8390.0,22.2,0.1206,,
2026-08-12,7753.56,2026-10-30,79.0,8400.0,21.15,0.1205,,
2026-08-12,7753.56,2026-10-30,79.0,8410.0,20.2,0.1205,,
2026-08-12,7753.56,2026-10-30,79.0,8420.0,19.3,0.1204,,
2026-08-12,7753.56,2026-10-30,79.0,8425.0,18.8,0.1203,,
2026-08-12,7753.56,2026-10-30,79.0,8430.0,18.4,0.1203,,
2026-08-12,7753.56,2026-10-30,79.0,8440.0,17.6,0.1204,,
2026-08-12,7753.56,2026-10-30,79.0,8450.0,16.75,0.1203,,
2026-08-12,7753.56,2026-10-30,79.0,8460.0,16.0,0.1203,,
2026-08-12,7753.56,2026-10-30,79.0,8470.0,15.25,0.1202,,
2026-08-12,7753.56,2026-10-30,79.0,8475.0,14.9,0.1202,,
2026-08-12,7753.56,2026-10-30,79.0,8480.0,14.55,0.1202,,
2026-08-12,7753.56,2026-10-30,79.0,8490.0,13.85,0.1201,,
2026-08-12,7753.56,2026-10-30,79.0,8500.0,13.25,0.1202,,
2026-08-12,7753.56,2026-10-30,79.0,8510.0,12.65,0.1203,,
2026-08-12,7753.56,2026-10-30,79.0,8520.0,12.05,0.1202,,
2026-08-12,7753.56,2026-10-30,79.0,8525.0,11.8,0.1203,,
2026-08-12,7753.56,2026-10-30,79.0,8530.0,11.5,0.1203,,
2026-08-12,7753.56,2026-10-30,79.0,8540.0,11.0,0.1204,,
2026-08-12,7753.56,2026-10-30,79.0,8550.0,10.5,0.1204,,
2026-08-12,7753.56,2026-10-30,79.0,8560.0,10.0,0.1204,,
2026-08-12,7753.56,2026-10-30,79.0,8570.0,9.55,0.1205,,
2026-08-12,7753.56,2026-10-30,79.0,8575.0,9.35,0.1206,,
2026-08-12,7753.56,2026-10-30,79.0,8580.0,9.15,0.1206,,
2026-08-12,7753.56,2026-10-30,79.0,8600.0,8.35,0.1208,,
2026-08-12,7753.56,2026-10-30,79.0,8625.0,7.45,0.1211,,
2026-08-12,7753.56,2026-10-30,79.0,8650.0,6.65,0.1214,,
2026-08-12,7753.56,2026-10-30,79.0,8700.0,5.35,0.1222,,
2026-08-12,7753.56,2026-10-30,79.0,8800.0,3.55,0.1244,,
2026-08-12,7753.56,2026-10-30,79.0,8900.0,2.47,0.1275,,
2026-08-12,7753.56,2026-11-20,100.0,5825.0,1991.1,0.2268,17.15,0.3192
2026-08-12,7753.56,2026-11-20,100.0,5850.0,1966.75,0.2296,17.6,0.3169
2026-08-12,7753.56,2026-11-20,100.0,5875.0,1942.6,0.2338,18.05,0.3144
2026-08-12,7753.56,2026-11-20,100.0,5900.0,1918.3,0.2354,18.5,0.312
2026-08-12,7753.56,2026-11-20,100.0,5925.0,1894.1,0.2374,18.95,0.3095
2026-08-12,7753.56,2026-11-20,100.0,5950.0,1869.85,0.2383,19.45,0.3071
2026-08-12,7753.56,2026-11-20,100.0,5975.0,1845.7,0.2396,19.95,0.3047
2026-08-12,7753.56,2026-11-20,100.0,6000.0,1821.5,0.2401,20.5,0.3024
2026-08-12,7753.56,2026-11-20,100.0,6025.0,1797.35,0.2406,21.05,0.3001
2026-08-12,7753.56,2026-11-20,100.0,6050.0,1773.15,0.2405,21.6,0.2977
2026-08-12,7753.56,2026-11-20,100.0,6075.0,1749.05,0.2407,22.15,0.2952
2026-08-12,7753.56,2026-11-20,100.0,6100.0,1724.9,0.2404,22.75,0.2929
2026-08-12,7753.56,2026-11-20,100.0,6125.0,1700.85,0.2404,23.3,0.2904
2026-08-12,7753.56,2026-11-20,100.0,6150.0,1676.8,0.2401,23.95,0.2881
2026-08-12,7753.56,2026-11-20,100.0,6175.0,1652.75,0.2397,24.6,0.2857
2026-08-12,7753.56,2026-11-20,100.0,6200.0,1628.7,0.239,25.35,0.2836
2026-08-12,7753.56,2026-11-20,100.0,6225.0,1604.7,0.2384,26.0,0.2811
2026-08-12,7753.56,2026-11-20,100.0,6250.0,1580.65,0.2374,26.75,0.2789
2026-08-12,7753.56,2026-11-20,100.0,6275.0,1556.7,0.2367,27.5,0.2765
2026-08-12,7753.56,2026-11-20,100.0,6300.0,1532.75,0.2357,28.3,0.2743
2026-08-12,7753.56,2026-11-20,100.0,6325.0,1508.9,0.235,29.1,0.272
2026-08-12,7753.56,2026-11-20,100.0,6350.0,1485.05,0.2341,29.85,0.2695
2026-08-12,7753.56,2026-11-20,100.0,6375.0,1461.2,0.2331,30.8,0.2674
2026-08-12,7753.56,2026-11-20,100.0,6400.0,1437.35,0.2319,31.7,0.2652
2026-08-12,7753.56,2026-11-20,100.0,6425.0,1413.55,0.2307,32.55,0.2627
2026-08-12,7753.56,2026-11-20,100.0,6450.0,1389.8,0.2296,33.6,0.2607
2026-08-12,7753.56,2026-11-20,100.0,6475.0,1366.1,0.2284,34.55,0.2583
2026-08-12,7753.56,2026-11-20,100.0,6500.0,1342.4,0.2271,35.55,0.256
2026-08-12,7753.56,2026-11-20,100.0,6525.0,1318.8,0.2259,36.65,0.2538
2026-08-12,7753.56,2026-11-20,100.0,6550.0,1295.15,0.2245,37.75,0.2516
2026-08-12,7753.56,2026-11-20,100.0,6575.0,1271.6,0.2232,38.8,0.2492
2026-08-12,7753.56,2026-11-20,100.0,6600.0,1248.0,0.2217,39.95,0.2469
2026-08-12,7753.56,2026-11-20,100.0,6625.0,1224.6,0.2205,41.15,0.2446
2026-08-12,7753.56,2026-11-20,100.0,6650.0,1201.15,0.219,42.45,0.2424
2026-08-12,7753.56,2026-11-20,100.0,6660.0,1191.75,0.2184,43.0,0.2416
2026-08-12,7753.56,2026-11-20,100.0,6670.0,1182.45,0.2179,43.55,0.2407
2026-08-12,7753.56,2026-11-20,100.0,6675.0,1177.75,0.2175,43.75,0.2402
2026-08-12,7753.56,2026-11-20,100.0,6680.0,1173.1,0.2173,44.05,0.2398
2026-08-12,7753.56,2026-11-20,100.0,6690.0,1163.75,0.2167,44.6,0.2389
2026-08-12,7753.56,2026-11-20,100.0,6700.0,1154.35,0.2159,45.15,0.238
2026-08-12,7753.56,2026-11-20,100.0,6710.0,1145.05,0.2154,45.7,0.2371
2026-08-12,7753.56,2026-11-20,100.0,6720.0,1135.75,0.2148,46.25,0.2362
2026-08-12,7753.56,2026-11-20,100.0,6725.0,1131.05,0.2144,46.55,0.2357
2026-08-12,7753.56,2026-11-20,100.0,6730.0,1126.45,0.2142,46.85,0.2353
2026-08-12,7753.56,2026-11-20,100.0,6740.0,1117.15,0.2136,47.4,0.2344
2026-08-12,7753.56,2026-11-20,100.0,6750.0,1107.8,0.2129,48.0,0.2335
2026-08-12,7753.56,2026-11-20,100.0,6760.0,1098.55,0.2123,48.65,0.2327
2026-08-12,7753.56,2026-11-20,100.0,6770.0,1089.25,0.2116,49.25,0.2318
2026-08-12,7753.56,2026-11-20,100.0,6775.0,1084.65,0.2114,49.55,0.2313
2026-08-12,7753.56,2026-11-20,100.0,6780.0,1080.0,0.211,49.85,0.2308
2026-08-12,7753.56,2026-11-20,100.0,6790.0,1070.75,0.2104,50.5,0.23
2026-08-12,7753.56,2026-11-20,100.0,6800.0,1061.45,0.2097,51.1,0.229
2026-08-12,7753.56,2026-11-20,100.0,6810.0,1052.25,0.2091,51.75,0.2282
2026-08-12,7753.56,2026-11-20,100.0,6820.0,1043.05,0.2085,52.45,0.2273
2026-08-12,7753.56,2026-11-20,100.0,6825.0,1038.4,0.2081,52.75,0.2268
2026-08-12,7753.56,2026-11-20,100.0,6830.0,1033.85,0.2079,53.1,0.2264
2026-08-12,7753.56,2026-11-20,100.0,6840.0,1024.6,0.2072,53.75,0.2255
2026-08-12,7753.56,2026-11-20,100.0,6850.0,1015.4,0.2065,54.45,0.2246
2026-08-12,7753.56,2026-11-20,100.0,6860.0,1006.2,0.2059,55.15,0.2237
2026-08-12,7753.56,2026-11-20,100.0,6870.0,997.0,0.2052,55.85,0.2228
2026-08-12,7753.56,2026-11-20,100.0,6875.0,992.5,0.2049,56.2,0.2224
2026-08-12,7753.56,2026-11-20,100.0,6880.0,987.9,0.2046,56.55,0.2219
2026-08-12,7753.56,2026-11-20,100.0,6890.0,978.7,0.2039,57.3,0.2211
2026-08-12,7753.56,2026-11-20,100.0,6900.0,969.6,0.2033,58.0,0.2201
2026-08-12,7753.56,2026-11-20,100.0,6910.0,960.45,0.2026,58.8,0.2193
2026-08-12,7753.56,2026-11-20,100.0,6920.0,951.35,0.2019,59.5,0.2183
2026-08-12,7753.56,2026-11-20,100.0,6925.0,946.65,0.2014,59.9,0.2179
2026-08-12,7753.56,2026-11-20,100.0,6930.0,941.95,0.2009,60.3,0.2175
2026-08-12,7753.56,2026-11-20,100.0,6940.0,932.85,0.2002,61.1,0.2166
2026-08-12,7753.56,2026-11-20,100.0,6950.0,923.95,0.1997,61.85,0.2156
2026-08-12,7753.56,2026-11-20,100.0,6960.0,914.8,0.199,62.7,0.2148
2026-08-12,7753.56,2026-11-20,100.0,6970.0,905.55,0.198,63.5,0.2139
2026-08-12,7753.56,2026-11-20,100.0,6975.0,900.95,0.1976,63.9,0.2134
2026-08-12,7753.56,2026-11-20,100.0,6980.0,896.85,0.1978,64.4,0.2131
2026-08-12,7753.56,2026-11-20,100.0,6990.0,887.85,0.1971,65.2,0.2121
2026-08-12,7753.56,2026-11-20,100.0,7000.0,878.75,0.1963,66.05,0.2112
2026-08-12,7753.56,2026-11-20,100.0,7010.0,869.8,0.1957,66.95,0.2104
2026-08-12,7753.56,2026-11-20,100.0,7020.0,860.75,0.195,67.85,0.2095
2026-08-12,7753.56,2026-11-20,100.0,7025.0,856.3,0.1947,68.3,0.209
2026-08-12,7753.56,2026-11-20,100.0,7030.0,851.8,0.1943,68.75,0.2086
2026-08-12,7753.56,2026-11-20,100.0,7040.0,842.65,0.1934,69.65,0.2077
2026-08-12,7753.56,2026-11-20,100.0,7050.0,833.85,0.1928,70.6,0.2068
2026-08-12,7753.56,2026-11-20,100.0,7060.0,825.0,0.1922,71.55,0.2059
2026-08-12,7753.56,2026-11-20,100.0,7070.0,816.0,0.1914,72.5,0.205
2026-08-12,7753.56,2026-11-20,100.0,7075.0,811.6,0.1911,73.0,0.2046
2026-08-12,7753.56,2026-11-20,100.0,7080.0,806.9,0.1905,73.5,0.2041
2026-08-12,7753.56,2026-11-20,100.0,7090.0,798.3,0.1901,74.5,0.2033
2026-08-12,7753.56,2026-11-20,100.0,7100.0,789.35,0.1893,75.5,0.2023
2026-08-12,7753.56,2026-11-20,100.0,7110.0,780.55,0.1886,76.55,0.2015
2026-08-12,7753.56,2026-11-20,100.0,7120.0,771.65,0.1879,77.55,0.2005
2026-08-12,7753.56,2026-11-20,100.0,7125.0,767.05,0.1873,78.15,0.2002
2026-08-12,7753.56,2026-11-20,100.0,7130.0,762.7,0.187,78.65,0.1997
2026-08-12,7753.56,2026-11-20,100.0,7140.0,754.1,0.1865,79.75,0.1988
2026-08-12,7753.56,2026-11-20,100.0,7150.0,745.15,0.1856,80.75,0.1978
2026-08-12,7753.56,2026-11-20,100.0,7160.0,736.4,0.1849,81.95,0.197
2026-08-12,7753.56,2026-11-20,100.0,7170.0,727.65,0.1842,83.15,0.1962
2026-08-12,7753.56,2026-11-20,100.0,7175.0,723.2,0.1837,83.7,0.1957
2026-08-12,7753.56,2026-11-20,100.0,7180.0,719.1,0.1836,84.3,0.1953
2026-08-12,7753.56,2026-11-20,100.0,7190.0,710.35,0.1828,85.45,0.1944
2026-08-12,7753.56,2026-11-20,100.0,7195.0,705.85,0.1823,86.05,0.194
2026-08-12,7753.56,2026-11-20,100.0,7200.0,701.6,0.182,86.65,0.1935
2026-08-12,7753.56,2026-11-20,100.0,7205.0,697.3,0.1817,87.3,0.1931
2026-08-12,7753.56,2026-11-20,100.0,7210.0,692.85,0.1812,87.9,0.1927
2026-08-12,7753.56,2026-11-20,100.0,7215.0,688.45,0.1808,88.55,0.1922
2026-08-12,7753.56,2026-11-20,100.0,7220.0,684.25,0.1805,89.2,0.1918
2026-08-12,7753.56,2026-11-20,100.0,7225.0,680.1,0.1803,89.8,0.1913
2026-08-12,7753.56,2026-11-20,100.0,7230.0,675.55,0.1797,90.45,0.1909
2026-08-12,7753.56,2026-11-20,100.0,7235.0,671.4,0.1795,91.1,0.1905
2026-08-12,7753.56,2026-11-20,100.0,7240.0,667.25,0.1793,91.75,0.19
2026-08-12,7753.56,2026-11-20,100.0,7245.0,662.95,0.1789,92.4,0.1896
2026-08-12,7753.56,2026-11-20,100.0,7250.0,658.75,0.1786,93.05,0.1892
2026-08-12,7753.56,2026-11-20,100.0,7255.0,654.4,0.1782,93.75,0.1887
2026-08-12,7753.56,2026-11-20,100.0,7260.0,649.9,0.1776,94.4,0.1883
2026-08-12,7753.56,2026-11-20,100.0,7265.0,645.9,0.1775,95.1,0.1879
2026-08-12,7753.56,2026-11-20,100.0,7270.0,641.6,0.1771,95.75,0.1874
2026-08-12,7753.56,2026-11-20,100.0,7275.0,637.2,0.1766,96.5,0.187
2026-08-12,7753.56,2026-11-20,100.0,7280.0,632.9,0.1762,97.2,0.1866
2026-08-12,7753.56,2026-11-20,100.0,7285.0,628.9,0.176,97.9,0.1861
2026-08-12,7753.56,2026-11-20,100.0,7290.0,624.7,0.1757,98.6,0.1857
2026-08-12,7753.56,2026-11-20,100.0,7295.0,620.3,0.1752,99.4,0.1853
2026-08-12,7753.56,2026-11-20,100.0,7300.0,616.25,0.1749,100.05,0.1848
2026-08-12,7753.56,2026-11-20,100.0,7305.0,611.9,0.1745,100.8,0.1844
2026-08-12,7753.56,2026-11-20,100.0,7310.0,607.85,0.1742,101.6,0.184
2026-08-12,7753.56,2026-11-20,100.0,7315.0,603.75,0.1739,102.35,0.1836
2026-08-12,7753.56,2026-11-20,100.0,7320.0,599.25,0.1733,103.1,0.1832
2026-08-12,7753.56,2026-11-20,100.0,7325.0,595.35,0.1732,103.9,0.1828
2026-08-12,7753.56,2026-11-20,100.0,7330.0,591.15,0.1728,104.65,0.1823
2026-08-12,7753.56,2026-11-20,100.0,7335.0,587.0,0.1725,105.4,0.1819
2026-08-12,7753.56,2026-11-20,100.0,7340.0,582.65,0.1719,106.2,0.1814
2026-08-12,7753.56,2026-11-20,100.0,7345.0,578.7,0.1717,107.0,0.181
2026-08-12,7753.56,2026-11-20,100.0,7350.0,574.6,0.1714,107.8,0.1806
2026-08-12,7753.56,2026-11-20,100.0,7355.0,570.45,0.171,108.65,0.1802
2026-08-12,7753.56,2026-11-20,100.0,7360.0,566.1,0.1705,109.45,0.1798
2026-08-12,7753.56,2026-11-20,100.0,7365.0,562.2,0.1703,110.25,0.1793
2026-08-12,7753.56,2026-11-20,100.0,7370.0,558.15,0.17,111.15,0.1789
2026-08-12,7753.56,2026-11-20,100.0,7375.0,553.9,0.1695,112.0,0.1785
2026-08-12,7753.56,2026-11-20,100.0,7380.0,549.95,0.1693,112.85,0.1781
2026-08-12,7753.56,2026-11-20,100.0,7385.0,545.65,0.1688,113.65,0.1776
2026-08-12,7753.56,2026-11-20,100.0,7390.0,541.75,0.1685,114.55,0.1772
2026-08-12,7753.56,2026-11-20,100.0,7395.0,537.75,0.1682,115.45,0.1768
2026-08-12,7753.56,2026-11-20,100.0,7400.0,533.7,0.1679,116.3,0.1764
2026-08-12,7753.56,2026-11-20,100.0,7405.0,529.5,0.1674,117.25,0.176
2026-08-12,7753.56,2026-11-20,100.0,7410.0,525.5,0.1671,118.15,0.1756
2026-08-12,7753.56,2026-11-20,100.0,7415.0,521.35,0.1667,119.05,0.1752
2026-08-12,7753.56,2026-11-20,100.0,7420.0,517.55,0.1665,119.95,0.1747
2026-08-12,7753.56,2026-11-20,100.0,7425.0,513.5,0.1661,120.95,0.1744
2026-08-12,7753.56,2026-11-20,100.0,7430.0,509.5,0.1657,121.8,0.1739
2026-08-12,7753.56,2026-11-20,100.0,7435.0,505.6,0.1655,122.85,0.1736
2026-08-12,7753.56,2026-11-20,100.0,7440.0,501.35,0.1649,123.75,0.1731
2026-08-12,7753.56,2026-11-20,100.0,7445.0,497.5,0.1647,124.75,0.1727
2026-08-12,7753.56,2026-11-20,100.0,7450.0,493.65,0.1644,125.75,0.1723
2026-08-12,7753.56,2026-11-20,100.0,7455.0,489.7,0.164,126.75,0.1719
2026-08-12,7753.56,2026-11-20,100.0,7460.0,485.75,0.1637,127.75,0.1715
2026-08-12,7753.56,2026-11-20,100.0,7465.0,481.8,0.1633,128.75,0.1711
2026-08-12,7753.56,2026-11-20,100.0,7470.0,477.9,0.163,129.8,0.1707
2026-08-12,7753.56,2026-11-20,100.0,7475.0,474.0,0.1627,130.85,0.1703
2026-08-12,7753.56,2026-11-20,100.0,7480.0,470.1,0.1623,131.85,0.1699
2026-08-12,7753.56,2026-11-20,100.0,7485.0,466.1,0.1619,132.95,0.1695
2026-08-12,7753.56,2026-11-20,100.0,7490.0,462.35,0.1617,133.85,0.169
2026-08-12,7753.56,2026-11-20,100.0,7495.0,458.45,0.1613,134.95,0.1686
2026-08-12,7753.56,2026-11-20,100.0,7500.0,454.6,0.161,136.15,0.1683
2026-08-12,7753.56,2026-11-20,100.0,7505.0,450.8,0.1607,137.15,0.1678
2026-08-12,7753.56,2026-11-20,100.0,7510.0,446.95,0.1603,138.25,0.1674
2026-08-12,7753.56,2026-11-20,100.0,7515.0,443.0,0.1599,139.35,0.167
2026-08-12,7753.56,2026-11-20,100.0,7520.0,439.35,0.1597,140.6,0.1667
2026-08-12,7753.56,2026-11-20,100.0,7525.0,435.5,0.1593,141.65,0.1662
2026-08-12,7753.56,2026-11-20,100.0,7530.0,431.75,0.159,142.9,0.1659
2026-08-12,7753.56,2026-11-20,100.0,7535.0,427.75,0.1585,144.05,0.1655
2026-08-12,7753.56,2026-11-20,100.0,7540.0,424.25,0.1583,145.25,0.1651
2026-08-12,7753.56,2026-11-20,100.0,7545.0,420.5,0.158,146.3,0.1646
2026-08-12,7753.56,2026-11-20,100.0,7550.0,416.65,0.1576,147.5,0.1642
2026-08-12,7753.56,2026-11-20,100.0,7555.0,412.95,0.1573,148.9,0.1639
2026-08-12,7753.56,2026-11-20,100.0,7560.0,409.05,0.1568,150.0,0.1635
2026-08-12,7753.56,2026-11-20,100.0,7565.0,405.55,0.1566,151.3,0.1631
2026-08-12,7753.56,2026-11-20,100.0,7570.0,401.75,0.1562,152.5,0.1627
2026-08-12,7753.56,2026-11-20,100.0,7575.0,398.2,0.156,153.85,0.1623
2026-08-12,7753.56,2026-11-20,100.0,7580.0,394.6,0.1557,155.05,0.1619
2026-08-12,7753.56,2026-11-20,100.0,7585.0,390.6,0.1551,156.25,0.1615
2026-08-12,7753.56,2026-11-20,100.0,7590.0,387.05,0.1549,157.65,0.1611
2026-08-12,7753.56,2026-11-20,100.0,7595.0,383.3,0.1545,158.95,0.1607
2026-08-12,7753.56,2026-11-20,100.0,7600.0,380.0,0.1544,160.2,0.1603
2026-08-12,7753.56,2026-11-20,100.0,7605.0,376.1,0.1538,161.6,0.1599
2026-08-12,7753.56,2026-11-20,100.0,7610.0,372.7,0.1536,162.95,0.1596
2026-08-12,7753.56,2026-11-20,100.0,7615.0,369.4,0.1535,164.3,0.1592
2026-08-12,7753.56,2026-11-20,100.0,7620.0,365.6,0.153,165.7,0.1588
2026-08-12,7753.56,2026-11-20,100.0,7625.0,362.05,0.1527,167.15,0.1584
2026-08-12,7753.56,2026-11-20,100.0,7630.0,358.8,0.1526,168.55,0.158
2026-08-12,7753.56,2026-11-20,100.0,7635.0,355.4,0.1523,170.0,0.1577
2026-08-12,7753.56,2026-11-20,100.0,7640.0,351.65,0.1519,171.4,0.1573
2026-08-12,7753.56,2026-11-20,100.0,7645.0,348.05,0.1515,172.95,0.157
2026-08-12,7753.56,2026-11-20,100.0,7650.0,344.25,0.1509,174.3,0.1565
2026-08-12,7753.56,2026-11-20,100.0,7655.0,341.15,0.1509,175.8,0.1561
2026-08-12,7753.56,2026-11-20,100.0,7660.0,337.35,0.1503,177.3,0.1558
2026-08-12,7753.56,2026-11-20,100.0,7665.0,334.25,0.1502,178.85,0.1554
2026-08-12,7753.56,2026-11-20,100.0,7670.0,330.55,0.1497,180.4,0.155
2026-08-12,7753.56,2026-11-20,100.0,7675.0,327.4,0.1496,181.95,0.1547
2026-08-12,7753.56,2026-11-20,100.0,7680.0,324.05,0.1493,183.55,0.1543
2026-08-12,7753.56,2026-11-20,100.0,7685.0,320.45,0.1488,185.15,0.154
2026-08-12,7753.56,2026-11-20,100.0,7690.0,317.2,0.1486,186.75,0.1536
2026-08-12,7753.56,2026-11-20,100.0,7695.0,313.8,0.1483,188.35,0.1532
2026-08-12,7753.56,2026-11-20,100.0,7700.0,310.55,0.148,189.85,0.1528
2026-08-12,7753.56,2026-11-20,100.0,7705.0,307.2,0.1477,191.65,0.1525
2026-08-12,7753.56,2026-11-20,100.0,7710.0,303.9,0.1474,193.3,0.1521
2026-08-12,7753.56,2026-11-20,100.0,7715.0,300.65,0.1471,194.95,0.1518
2026-08-12,7753.56,2026-11-20,100.0,7720.0,297.4,0.1468,196.6,0.1514
2026-08-12,7753.56,2026-11-20,100.0,7725.0,294.55,0.1467,198.35,0.151
2026-08-12,7753.56,2026-11-20,100.0,7730.0,291.0,0.1462,200.15,0.1507
2026-08-12,7753.56,2026-11-20,100.0,7735.0,288.15,0.1462,201.9,0.1503
2026-08-12,7753.56,2026-11-20,100.0,7740.0,284.6,0.1456,203.65,0.15
2026-08-12,7753.56,2026-11-20,100.0,7745.0,281.5,0.1454,205.45,0.1496
2026-08-12,7753.56,2026-11-20,100.0,7750.0,278.6,0.1453,207.25,0.1493
2026-08-12,7753.56,2026-11-20,100.0,7755.0,275.2,0.1448,209.05,0.1489
2026-08-12,7753.56,2026-11-20,100.0,7760.0,272.1,0.1445,210.8,0.1485
2026-08-12,7753.56,2026-11-20,100.0,7765.0,269.0,0.1442,212.75,0.1482
2026-08-12,7753.56,2026-11-20,100.0,7770.0,265.95,0.144,214.6,0.1478
2026-08-12,7753.56,2026-11-20,100.0,7775.0,262.9,0.1437,216.4,0.1474
2026-08-12,7753.56,2026-11-20,100.0,7780.0,259.9,0.1434,218.4,0.1471
2026-08-12,7753.56,2026-11-20,100.0,7785.0,256.85,0.1432,220.25,0.1467
2026-08-12,7753.56,2026-11-20,100.0,7790.0,253.85,0.1429,222.25,0.1464
2026-08-12,7753.56,2026-11-20,100.0,7795.0,250.9,0.1426,224.15,0.146
2026-08-12,7753.56,2026-11-20,100.0,7800.0,248.25,0.1426,226.3,0.1458
2026-08-12,7753.56,2026-11-20,100.0,7805.0,245.05,0.1421,228.3,0.1454
2026-08-12,7753.56,2026-11-20,100.0,7810.0,242.1,0.1418,230.3,0.1451
2026-08-12,7753.56,2026-11-20,100.0,7815.0,239.25,0.1416,232.3,0.1447
2026-08-12,7753.56,2026-11-20,100.0,7820.0,236.35,0.1413,,
2026-08-12,7753.56,2026-11-30,110.0,5850.0,1972.15,0.2089,19.9,0.3101
2026-08-12,7753.56,2026-11-30,110.0,5900.0,1924.0,0.2206,20.9,0.3054
2026-08-12,7753.56,2026-11-30,110.0,5950.0,1875.45,0.223,22.0,0.3009
2026-08-12,7753.56,2026-11-30,110.0,6000.0,1827.55,0.2284,23.2,0.2965
2026-08-12,7753.56,2026-11-30,110.0,6050.0,1779.35,0.2295,24.4,0.2919
2026-08-12,7753.56,2026-11-30,110.0,6100.0,1731.3,0.2303,25.7,0.2873
2026-08-12,7753.56,2026-11-30,110.0,6150.0,1683.4,0.2306,27.1,0.2829
2026-08-12,7753.56,2026-11-30,110.0,6200.0,1635.1,0.2285,28.5,0.2783
2026-08-12,7753.56,2026-11-30,110.0,6250.0,1587.55,0.2286,30.1,0.2739
2026-08-12,7753.56,2026-11-30,110.0,6275.0,1563.6,0.2277,30.9,0.2716
2026-08-12,7753.56,2026-11-30,110.0,6300.0,1539.95,0.2276,31.8,0.2695
2026-08-12,7753.56,2026-11-30,110.0,6325.0,1516.15,0.2269,32.7,0.2673
2026-08-12,7753.56,2026-11-30,110.0,6350.0,1492.45,0.2263,33.6,0.2651
2026-08-12,7753.56,2026-11-30,110.0,6375.0,1468.5,0.2249,34.5,0.2629
2026-08-12,7753.56,2026-11-30,110.0,6400.0,1444.75,0.2239,35.5,0.2607
2026-08-12,7753.56,2026-11-30,110.0,6425.0,1421.25,0.2234,36.5,0.2585
2026-08-12,7753.56,2026-11-30,110.0,6450.0,1397.3,0.2217,37.6,0.2564
2026-08-12,7753.56,2026-11-30,110.0,6475.0,1373.95,0.2213,38.65,0.2542
2026-08-12,7753.56,2026-11-30,110.0,6500.0,1350.45,0.2203,39.8,0.2521
2026-08-12,7753.56,2026-11-30,110.0,6525.0,1326.9,0.2192,40.9,0.2499
2026-08-12,7753.56,2026-11-30,110.0,6550.0,1303.45,0.2181,42.1,0.2477
2026-08-12,7753.56,2026-11-30,110.0,6575.0,1280.25,0.2174,43.35,0.2456
2026-08-12,7753.56,2026-11-30,110.0,6600.0,1256.6,0.2157,44.65,0.2435
2026-08-12,7753.56,2026-11-30,110.0,6625.0,1233.1,0.2141,45.95,0.2413
2026-08-12,7753.56,2026-11-30,110.0,6650.0,1209.75,0.2128,47.35,0.2392
2026-08-12,7753.56,2026-11-30,110.0,6675.0,1187.5,0.2132,48.75,0.237
2026-08-12,7753.56,2026-11-30,110.0,6700.0,1164.1,0.2115,50.25,0.2349
2026-08-12,7753.56,2026-11-30,110.0,6725.0,1141.15,0.2104,51.75,0.2327
2026-08-12,7753.56,2026-11-30,110.0,6750.0,1118.15,0.2091,53.3,0.2306
2026-08-12,7753.56,2026-11-30,110.0,6775.0,1095.0,0.2075,54.95,0.2285
2026-08-12,7753.56,2026-11-30,110.0,6800.0,1071.9,0.2059,56.6,0.2263
2026-08-12,7753.56,2026-11-30,110.0,6825.0,1048.75,0.2041,58.35,0.2241
2026-08-12,7753.56,2026-11-30,110.0,6850.0,1026.15,0.2029,60.15,0.222
2026-08-12,7753.56,2026-11-30,110.0,6875.0,1003.05,0.201,62.05,0.2199
2026-08-12,7753.56,2026-11-30,110.0,6900.0,980.55,0.1997,64.0,0.2177
2026-08-12,7753.56,2026-11-30,110.0,6925.0,957.65,0.1979,66.05,0.2156
2026-08-12,7753.56,2026-11-30,110.0,6950.0,935.65,0.197,68.15,0.2135
2026-08-12,7753.56,2026-11-30,110.0,6975.0,913.05,0.1952,70.3,0.2113
2026-08-12,7753.56,2026-11-30,110.0,7000.0,890.6,0.1936,72.55,0.2092
2026-08-12,7753.56,2026-11-30,110.0,7025.0,868.25,0.1919,74.9,0.2071
2026-08-12,7753.56,2026-11-30,110.0,7050.0,845.45,0.1896,77.3,0.2049
2026-08-12,7753.56,2026-11-30,110.0,7075.0,823.35,0.188,79.85,0.2028
2026-08-12,7753.56,2026-11-30,110.0,7100.0,801.55,0.1866,82.45,0.2006
2026-08-12,7753.56,2026-11-30,110.0,7125.0,779.35,0.1847,85.2,0.1985
2026-08-12,7753.56,2026-11-30,110.0,7150.0,757.5,0.183,88.05,0.1964
2026-08-12,7753.56,2026-11-30,110.0,7175.0,736.0,0.1815,90.95,0.1942
2026-08-12,7753.56,2026-11-30,110.0,7200.0,714.4,0.1797,94.1,0.1921
2026-08-12,7753.56,2026-11-30,110.0,7225.0,693.0,0.1781,97.3,0.19
2026-08-12,7753.56,2026-11-30,110.0,7250.0,672.0,0.1766,100.75,0.1879
2026-08-12,7753.56,2026-11-30,110.0,7275.0,650.3,0.1744,104.25,0.1858
2026-08-12,7753.56,2026-11-30,110.0,7300.0,629.3,0.1727,108.0,0.1838
2026-08-12,7753.56,2026-11-30,110.0,7310.0,621.2,0.1722,109.5,0.1829
2026-08-12,7753.56,2026-11-30,110.0,7320.0,612.65,0.1714,111.1,0.1821
2026-08-12,7753.56,2026-11-30,110.0,7325.0,608.45,0.171,111.8,0.1817
2026-08-12,7753.56,2026-11-30,110.0,7330.0,604.6,0.1709,112.6,0.1812
2026-08-12,7753.56,2026-11-30,110.0,7340.0,596.05,0.17,114.2,0.1804
2026-08-12,7753.56,2026-11-30,110.0,7350.0,587.9,0.1694,115.9,0.1796
2026-08-12,7753.56,2026-11-30,110.0,7360.0,579.8,0.1688,117.6,0.1788
2026-08-12,7753.56,2026-11-30,110.0,7370.0,571.8,0.1682,119.3,0.178
2026-08-12,7753.56,2026-11-30,110.0,7375.0,567.55,0.1677,120.15,0.1776
2026-08-12,7753.56,2026-11-30,110.0,7380.0,563.55,0.1675,121.15,0.1773
2026-08-12,7753.56,2026-11-30,110.0,7390.0,555.55,0.1669,122.8,0.1764
2026-08-12,7753.56,2026-11-30,110.0,7400.0,547.15,0.1659,124.6,0.1756
2026-08-12,7753.56,2026-11-30,110.0,7410.0,539.4,0.1655,126.4,0.1748
2026-08-12,7753.56,2026-11-30,110.0,7420.0,531.35,0.1648,128.35,0.174
2026-08-12,7753.56,2026-11-30,110.0,7425.0,527.2,0.1643,129.3,0.1736
2026-08-12,7753.56,2026-11-30,110.0,7430.0,523.4,0.1641,130.25,0.1732
2026-08-12,7753.56,2026-11-30,110.0,7440.0,515.35,0.1634,132.2,0.1724
2026-08-12,7753.56,2026-11-30,110.0,7450.0,507.5,0.1627,134.2,0.1716
2026-08-12,7753.56,2026-11-30,110.0,7460.0,499.85,0.1622,136.2,0.1708
2026-08-12,7753.56,2026-11-30,110.0,7470.0,492.05,0.1616,138.3,0.17
2026-08-12,7753.56,2026-11-30,110.0,7475.0,488.15,0.1612,139.3,0.1696
2026-08-12,7753.56,2026-11-30,110.0,7480.0,484.2,0.1609,140.4,0.1693
2026-08-12,7753.56,2026-11-30,110.0,7490.0,476.45,0.1602,142.55,0.1685
2026-08-12,7753.56,2026-11-30,110.0,7500.0,468.75,0.1595,144.7,0.1677
2026-08-12,7753.56,2026-11-30,110.0,7510.0,461.55,0.1592,147.0,0.1669
2026-08-12,7753.56,2026-11-30,110.0,7520.0,454.05,0.1586,149.2,0.1661
2026-08-12,7753.56,2026-11-30,110.0,7525.0,450.15,0.1582,150.4,0.1658
2026-08-12,7753.56,2026-11-30,110.0,7530.0,446.5,0.158,151.55,0.1654
2026-08-12,7753.56,2026-11-30,110.0,7540.0,438.75,0.1572,153.95,0.1646
2026-08-12,7753.56,2026-11-30,110.0,7550.0,431.55,0.1567,156.4,0.1639
2026-08-12,7753.56,2026-11-30,110.0,7560.0,424.15,0.1561,158.9,0.1631
2026-08-12,7753.56,2026-11-30,110.0,7570.0,416.85,0.1555,161.3,0.1623
2026-08-12,7753.56,2026-11-30,110.0,7575.0,412.95,0.155,162.7,0.162
2026-08-12,7753.56,2026-11-30,110.0,7580.0,409.35,0.1548,163.85,0.1616
2026-08-12,7753.56,2026-11-30,110.0,7590.0,402.15,0.1542,166.45,0.1608
2026-08-12,7753.56,2026-11-30,110.0,7600.0,394.95,0.1536,169.1,0.16
2026-08-12,7753.56,2026-11-30,110.0,7610.0,387.75,0.1529,171.85,0.1593
2026-08-12,7753.56,2026-11-30,110.0,7620.0,380.55,0.1523,174.65,0.1586
2026-08-12,7753.56,2026-11-30,110.0,7625.0,377.15,0.152,176.0,0.1582
2026-08-12,7753.56,2026-11-30,110.0,7630.0,373.65,0.1518,177.4,0.1578
2026-08-12,7753.56,2026-11-30,110.0,7640.0,366.75,0.1512,180.3,0.1571
2026-08-12,7753.56,2026-11-30,110.0,7650.0,359.55,0.1505,183.3,0.1564
2026-08-12,7753.56,2026-11-30,110.0,7660.0,352.65,0.1499,186.2,0.1556
2026-08-12,7753.56,2026-11-30,110.0,7670.0,346.05,0.1494,189.2,0.1549
2026-08-12,7753.56,2026-11-30,110.0,7675.0,342.45,0.149,190.9,0.1546
2026-08-12,7753.56,2026-11-30,110.0,7680.0,339.1,0.1487,192.45,0.1542
2026-08-12,7753.56,2026-11-30,110.0,7690.0,332.55,0.1482,195.5,0.1535
2026-08-12,7753.56,2026-11-30,110.0,7700.0,325.95,0.1477,198.75,0.1528
2026-08-12,7753.56,2026-11-30,110.0,7710.0,319.05,0.1469,202.0,0.152
2026-08-12,7753.56,2026-11-30,110.0,7720.0,312.75,0.1465,205.4,0.1513
2026-08-12,7753.56,2026-11-30,110.0,7725.0,309.45,0.1462,207.1,0.151
2026-08-12,7753.56,2026-11-30,110.0,7730.0,306.15,0.1459,208.75,0.1506
2026-08-12,7753.56,2026-11-30,110.0,7740.0,299.8,0.1453,212.3,0.1499
2026-08-12,7753.56,2026-11-30,110.0,7750.0,293.45,0.1448,215.8,0.1492
2026-08-12,7753.56,2026-11-30,110.0,7760.0,287.25,0.1443,219.35,0.1485
2026-08-12,7753.56,2026-11-30,110.0,7770.0,281.25,0.1438,223.1,0.1478
2026-08-12,7753.56,2026-11-30,110.0,7775.0,277.95,0.1434,224.95,0.1475
2026-08-12,7753.56,2026-11-30,110.0,7780.0,274.9,0.1432,226.9,0.1472
2026-08-12,7753.56,2026-11-30,110.0,7790.0,268.9,0.1427,230.65,0.1464
2026-08-12,7753.56,2026-11-30,110.0,7800.0,262.9,0.1421,234.55,0.1457
2026-08-12,7753.56,2026-11-30,110.0,7810.0,256.95,0.1416,238.45,0.145
2026-08-12,7753.56,2026-11-30,110.0,7820.0,251.2,0.1411,242.6,0.1444
2026-08-12,7753.56,2026-11-30,110.0,7825.0,248.25,0.1408,244.65,0.1441
2026-08-12,7753.56,2026-11-30,110.0,7830.0,245.4,0.1406,246.75,0.1437
2026-08-12,7753.56,2026-11-30,110.0,7840.0,239.8,0.1402,250.95,0.1431
2026-08-12,7753.56,2026-11-30,110.0,7850.0,234.15,0.1397,255.15,0.1424
2026-08-12,7753.56,2026-11-30,110.0,7860.0,228.7,0.1392,259.5,0.1417
2026-08-12,7753.56,2026-11-30,110.0,7870.0,223.35,0.1388,263.9,0.141
2026-08-12,7753.56,2026-11-30,110.0,7875.0,220.35,0.1384,266.25,0.1407
2026-08-12,7753.56,2026-11-30,110.0,7880.0,217.75,0.1382,268.4,0.1403
2026-08-12,7753.56,2026-11-30,110.0,7890.0,212.5,0.1378,272.85,0.1396
2026-08-12,7753.56,2026-11-30,110.0,7900.0,207.35,0.1374,277.7,0.1391
2026-08-12,7753.56,2026-11-30,110.0,7910.0,202.05,0.1368,282.4,0.1384
2026-08-12,7753.56,2026-11-30,110.0,7920.0,197.15,0.1365,287.2,0.1377
2026-08-12,7753.56,2026-11-30,110.0,7925.0,194.55,0.1362,289.65,0.1374
2026-08-12,7753.56,2026-11-30,110.0,7930.0,192.15,0.1361,292.05,0.137
2026-08-12,7753.56,2026-11-30,110.0,7940.0,187.3,0.1357,297.15,0.1364
2026-08-12,7753.56,2026-11-30,110.0,7950.0,182.55,0.1353,302.25,0.1357
2026-08-12,7753.56,2026-11-30,110.0,7960.0,177.65,0.1348,307.4,0.135
2026-08-12,7753.56,2026-11-30,110.0,7970.0,172.95,0.1344,312.45,0.1342
2026-08-12,7753.56,2026-11-30,110.0,7975.0,170.8,0.1343,315.2,0.1339
2026-08-12,7753.56,2026-11-30,110.0,7980.0,168.45,0.134,317.9,0.1336
2026-08-12,7753.56,2026-11-30,110.0,7990.0,164.05,0.1337,323.25,0.1329
2026-08-12,7753.56,2026-11-30,110.0,8000.0,159.75,0.1334,328.65,0.1321
2026-08-12,7753.56,2026-11-30,110.0,8010.0,155.2,0.1329,334.05,0.1314
2026-08-12,7753.56,2026-11-30,110.0,8020.0,151.05,0.1326,339.85,0.1308
2026-08-12,7753.56,2026-11-30,110.0,8025.0,148.85,0.1323,342.75,0.1304
2026-08-12,7753.56,2026-11-30,110.0,8030.0,146.85,0.1322,345.45,0.13
2026-08-12,7753.56,2026-11-30,110.0,8050.0,138.6,0.1314,357.15,0.1284
2026-08-12,7753.56,2026-11-30,110.0,8075.0,129.0,0.1306,372.15,0.1262
2026-08-12,7753.56,2026-11-30,110.0,8100.0,119.85,0.1299,387.45,0.1239
2026-08-12,7753.56,2026-11-30,110.0,8125.0,111.1,0.1291,403.5,0.1215
2026-08-12,7753.56,2026-11-30,110.0,8150.0,102.8,0.1283,420.2,0.1187
2026-08-12,7753.56,2026-11-30,110.0,8175.0,95.1,0.1277,437.15,0.1153
2026-08-12,7753.56,2026-11-30,110.0,8200.0,87.7,0.127,454.5,0.1103
2026-08-12,7753.56,2026-11-30,110.0,8225.0,80.8,0.1263,472.35,0.1011
2026-08-12,7753.56,2026-11-30,110.0,8250.0,74.3,0.1257,,
2026-08-12,7753.56,2026-11-30,110.0,8275.0,68.4,0.1253,,
2026-08-12,7753.56,2026-11-30,110.0,8300.0,62.75,0.1247,,
2026-08-12,7753.56,2026-11-30,110.0,8325.0,57.55,0.1243,,
2026-08-12,7753.56,2026-11-30,110.0,8350.0,52.6,0.1238,,
2026-08-12,7753.56,2026-11-30,110.0,8375.0,48.15,0.1234,,
2026-08-12,7753.56,2026-11-30,110.0,8400.0,44.0,0.1231,,
2026-08-12,7753.56,2026-11-30,110.0,8425.0,40.05,0.1227,,
2026-08-12,7753.56,2026-11-30,110.0,8450.0,36.5,0.1224,,
2026-08-12,7753.56,2026-11-30,110.0,8475.0,33.25,0.1221,,
2026-08-12,7753.56,2026-11-30,110.0,8500.0,30.25,0.1219,,
2026-08-12,7753.56,2026-11-30,110.0,8525.0,27.5,0.1217,,
2026-08-12,7753.56,2026-11-30,110.0,8550.0,24.95,0.1215,,
2026-08-12,7753.56,2026-11-30,110.0,8575.0,22.65,0.1213,,
2026-08-12,7753.56,2026-11-30,110.0,8600.0,20.55,0.1212,,
2026-08-12,7753.56,2026-11-30,110.0,8650.0,16.9,0.1211,,
2026-08-12,7753.56,2026-11-30,110.0,8700.0,13.9,0.1211,,
2026-08-12,7753.56,2026-11-30,110.0,8800.0,9.4,0.1214,,
2026-08-12,7753.56,2026-11-30,110.0,8900.0,6.5,0.1225,,
2026-08-12,7753.56,2026-12-18,128.0,5825.0,2010.45,0.2262,25.75,0.3077
2026-08-12,7753.56,2026-12-18,128.0,5850.0,1987.3,0.2337,26.3,0.3053
2026-08-12,7753.56,2026-12-18,128.0,5875.0,1963.25,0.2344,27.0,0.3033
2026-08-12,7753.56,2026-12-18,128.0,5900.0,1939.35,0.2355,27.6,0.301
2026-08-12,7753.56,2026-12-18,128.0,5925.0,1915.05,0.2344,28.35,0.2991
2026-08-12,7753.56,2026-12-18,128.0,5950.0,1891.45,0.2364,29.05,0.2969
2026-08-12,7753.56,2026-12-18,128.0,5975.0,1866.75,0.2331,29.75,0.2947
2026-08-12,7753.56,2026-12-18,128.0,6000.0,1843.7,0.2368,30.5,0.2926
2026-08-12,7753.56,2026-12-18,128.0,6025.0,1819.0,0.2336,31.25,0.2905
2026-08-12,7753.56,2026-12-18,128.0,6050.0,1795.15,0.2336,32.0,0.2883
2026-08-12,7753.56,2026-12-18,128.0,6075.0,1771.3,0.2334,32.8,0.2862
2026-08-12,7753.56,2026-12-18,128.0,6100.0,1747.55,0.2333,33.7,0.2842
2026-08-12,7753.56,2026-12-18,128.0,6125.0,1723.75,0.2329,34.5,0.282
2026-08-12,7753.56,2026-12-18,128.0,6150.0,1700.85,0.2351,35.4,0.28
2026-08-12,7753.56,2026-12-18,128.0,6175.0,1676.4,0.2324,36.25,0.2778
2026-08-12,7753.56,2026-12-18,128.0,6200.0,1652.75,0.232,37.2,0.2757
2026-08-12,7753.56,2026-12-18,128.0,6225.0,1628.95,0.231,38.15,0.2736
2026-08-12,7753.56,2026-12-18,128.0,6250.0,1605.4,0.2305,39.1,0.2715
2026-08-12,7753.56,2026-12-18,128.0,6275.0,1581.9,0.2301,40.2,0.2696
2026-08-12,7753.56,2026-12-18,128.0,6300.0,1558.2,0.229,41.2,0.2674
2026-08-12,7753.56,2026-12-18,128.0,6325.0,1534.6,0.228,42.35,0.2655
2026-08-12,7753.56,2026-12-18,128.0,6350.0,1511.3,0.2276,43.5,0.2635
2026-08-12,7753.56,2026-12-18,128.0,6375.0,1487.7,0.2264,44.65,0.2614
2026-08-12,7753.56,2026-12-18,128.0,6400.0,1464.35,0.2256,45.8,0.2593
2026-08-12,7753.56,2026-12-18,128.0,6425.0,1440.9,0.2245,47.1,0.2574
2026-08-12,7753.56,2026-12-18,128.0,6450.0,1417.5,0.2234,48.3,0.2552
2026-08-12,7753.56,2026-12-18,128.0,6475.0,1394.25,0.2225,49.65,0.2533
2026-08-12,7753.56,2026-12-18,128.0,6500.0,1371.0,0.2214,50.95,0.2512
2026-08-12,7753.56,2026-12-18,128.0,6520.0,1352.3,0.2203,52.05,0.2495
2026-08-12,7753.56,2026-12-18,128.0,6525.0,1348.0,0.2207,52.35,0.2492
2026-08-12,7753.56,2026-12-18,128.0,6530.0,1343.0,0.2198,52.6,0.2487
2026-08-12,7753.56,2026-12-18,128.0,6540.0,1333.85,0.2196,53.25,0.248
2026-08-12,7753.56,2026-12-18,128.0,6550.0,1324.5,0.219,53.85,0.2472
2026-08-12,7753.56,2026-12-18,128.0,6560.0,1316.05,0.2198,54.45,0.2464
2026-08-12,7753.56,2026-12-18,128.0,6570.0,1306.25,0.2185,55.05,0.2456
2026-08-12,7753.56,2026-12-18,128.0,6575.0,1301.45,0.218,55.3,0.2452
2026-08-12,7753.56,2026-12-18,128.0,6580.0,1296.85,0.2178,55.65,0.2448
2026-08-12,7753.56,2026-12-18,128.0,6590.0,1287.65,0.2173,56.25,0.244
2026-08-12,7753.56,2026-12-18,128.0,6600.0,1278.25,0.2166,56.85,0.2432
2026-08-12,7753.56,2026-12-18,128.0,6610.0,1269.3,0.2165,57.5,0.2424
2026-08-12,7753.56,2026-12-18,128.0,6620.0,1259.95,0.2158,58.05,0.2415
2026-08-12,7753.56,2026-12-18,128.0,6625.0,1255.35,0.2156,58.4,0.2411
2026-08-12,7753.56,2026-12-18,128.0,6630.0,1250.75,0.2153,58.7,0.2407
2026-08-12,7753.56,2026-12-18,128.0,6640.0,1241.55,0.2148,59.35,0.2399
2026-08-12,7753.56,2026-12-18,128.0,6650.0,1232.3,0.2142,60.0,0.2391
2026-08-12,7753.56,2026-12-18,128.0,6660.0,1223.15,0.2138,60.65,0.2383
2026-08-12,7753.56,2026-12-18,128.0,6670.0,1214.15,0.2135,61.35,0.2375
2026-08-12,7753.56,2026-12-18,128.0,6675.0,1209.6,0.2133,61.7,0.2371
2026-08-12,7753.56,2026-12-18,128.0,6680.0,1205.0,0.213,62.0,0.2367
2026-08-12,7753.56,2026-12-18,128.0,6690.0,1195.75,0.2124,62.65,0.2358
2026-08-12,7753.56,2026-12-18,128.0,6700.0,1186.4,0.2116,63.4,0.2351
2026-08-12,7753.56,2026-12-18,128.0,6710.0,1177.45,0.2113,64.05,0.2342
2026-08-12,7753.56,2026-12-18,128.0,6720.0,1168.4,0.2109,64.85,0.2335
2026-08-12,7753.56,2026-12-18,128.0,6725.0,1163.8,0.2106,65.2,0.2331
2026-08-12,7753.56,2026-12-18,128.0,6730.0,1159.2,0.2102,65.55,0.2326
2026-08-12,7753.56,2026-12-18,128.0,6740.0,1150.1,0.2097,66.25,0.2318
2026-08-12,7753.56,2026-12-18,128.0,6750.0,1140.95,0.2091,67.0,0.231
2026-08-12,7753.56,2026-12-18,128.0,6760.0,1131.95,0.2087,67.75,0.2302
2026-08-12,7753.56,2026-12-18,128.0,6770.0,1122.85,0.2081,68.5,0.2294
2026-08-12,7753.56,2026-12-18,128.0,6775.0,1118.35,0.2079,68.95,0.229
2026-08-12,7753.56,2026-12-18,128.0,6780.0,1113.75,0.2075,69.25,0.2285
2026-08-12,7753.56,2026-12-18,128.0,6790.0,1104.75,0.207,70.05,0.2278
2026-08-12,7753.56,2026-12-18,128.0,6800.0,1095.4,0.2061,70.85,0.227
2026-08-12,7753.56,2026-12-18,128.0,6810.0,1086.5,0.2057,71.65,0.2262
2026-08-12,7753.56,2026-12-18,128.0,6820.0,1077.55,0.2053,72.45,0.2253
2026-08-12,7753.56,2026-12-18,128.0,6825.0,1073.05,0.205,72.85,0.2249
2026-08-12,7753.56,2026-12-18,128.0,6830.0,1068.5,0.2047,73.3,0.2246
2026-08-12,7753.56,2026-12-18,128.0,6840.0,1059.5,0.2041,74.1,0.2237
2026-08-12,7753.56,2026-12-18,128.0,6850.0,1050.2,0.2032,74.95,0.2229
2026-08-12,7753.56,2026-12-18,128.0,6860.0,1041.5,0.203,75.8,0.2221
2026-08-12,7753.56,2026-12-18,128.0,6870.0,1032.5,0.2024,76.65,0.2213
2026-08-12,7753.56,2026-12-18,128.0,6875.0,1028.0,0.2021,77.1,0.2209
2026-08-12,7753.56,2026-12-18,128.0,6880.0,1023.5,0.2017,77.5,0.2205
2026-08-12,7753.56,2026-12-18,128.0,6890.0,1014.55,0.2012,78.4,0.2197
2026-08-12,7753.56,2026-12-18,128.0,6900.0,1005.55,0.2005,79.35,0.2189
2026-08-12,7753.56,2026-12-18,128.0,6910.0,996.65,0.2,80.2,0.218
2026-08-12,7753.56,2026-12-18,128.0,6920.0,987.8,0.1994,81.1,0.2172
2026-08-12,7753.56,2026-12-18,128.0,6925.0,983.3,0.1991,81.6,0.2168
2026-08-12,7753.56,2026-12-18,128.0,6930.0,978.85,0.1988,82.1,0.2165
2026-08-12,7753.56,2026-12-18,128.0,6940.0,969.95,0.1982,83.0,0.2156
2026-08-12,7753.56,2026-12-18,128.0,6950.0,960.95,0.1975,83.95,0.2148
2026-08-12,7753.56,2026-12-18,128.0,6960.0,952.2,0.197,84.95,0.214
2026-08-12,7753.56,2026-12-18,128.0,6970.0,943.3,0.1964,85.9,0.2132
2026-08-12,7753.56,2026-12-18,128.0,6975.0,938.9,0.1961,86.4,0.2128
2026-08-12,7753.56,2026-12-18,128.0,6980.0,934.45,0.1957,86.9,0.2124
2026-08-12,7753.56,2026-12-18,128.0,6990.0,925.65,0.1952,87.9,0.2115
2026-08-12,7753.56,2026-12-18,128.0,7000.0,916.75,0.1945,88.95,0.2108
2026-08-12,7753.56,2026-12-18,128.0,7010.0,907.95,0.1939,90.0,0.21
2026-08-12,7753.56,2026-12-18,128.0,7020.0,899.2,0.1933,91.05,0.2091
2026-08-12,7753.56,2026-12-18,128.0,7025.0,894.75,0.1929,91.6,0.2087
2026-08-12,7753.56,2026-12-18,128.0,7030.0,890.45,0.1927,92.1,0.2083
2026-08-12,7753.56,2026-12-18,128.0,7040.0,881.65,0.192,93.2,0.2075
2026-08-12,7753.56,2026-12-18,128.0,7050.0,872.95,0.1914,94.3,0.2067
2026-08-12,7753.56,2026-12-18,128.0,7060.0,864.1,0.1907,95.4,0.2059
2026-08-12,7753.56,2026-12-18,128.0,7070.0,855.35,0.1901,96.55,0.2051
2026-08-12,7753.56,2026-12-18,128.0,7075.0,851.1,0.1898,97.15,0.2047
2026-08-12,7753.56,2026-12-18,128.0,7080.0,846.7,0.1895,97.7,0.2043
2026-08-12,7753.56,2026-12-18,128.0,7090.0,838.0,0.1888,98.85,0.2035
2026-08-12,7753.56,2026-12-18,128.0,7100.0,829.3,0.1882,100.1,0.2027
2026-08-12,7753.56,2026-12-18,128.0,7110.0,820.7,0.1876,101.25,0.2019
2026-08-12,7753.56,2026-12-18,128.0,7120.0,812.05,0.1869,102.5,0.2011
2026-08-12,7753.56,2026-12-18,128.0,7125.0,807.75,0.1866,103.1,0.2007
2026-08-12,7753.56,2026-12-18,128.0,7130.0,803.45,0.1863,103.7,0.2002
2026-08-12,7753.56,2026-12-18,128.0,7140.0,794.9,0.1857,104.95,0.1994
2026-08-12,7753.56,2026-12-18,128.0,7150.0,786.4,0.1851,106.3,0.1987
2026-08-12,7753.56,2026-12-18,128.0,7160.0,777.7,0.1844,107.55,0.1979
2026-08-12,7753.56,2026-12-18,128.0,7170.0,769.25,0.1838,108.85,0.1971
2026-08-12,7753.56,2026-12-18,128.0,7175.0,765.0,0.1835,109.55,0.1967
2026-08-12,7753.56,2026-12-18,128.0,7180.0,760.75,0.1832,110.2,0.1963
2026-08-12,7753.56,2026-12-18,128.0,7190.0,752.25,0.1825,111.55,0.1955
2026-08-12,7753.56,2026-12-18,128.0,7200.0,743.8,0.1819,112.95,0.1947
2026-08-12,7753.56,2026-12-18,128.0,7210.0,735.35,0.1813,114.35,0.1939
2026-08-12,7753.56,2026-12-18,128.0,7220.0,726.85,0.1806,115.75,0.1931
2026-08-12,7753.56,2026-12-18,128.0,7225.0,722.65,0.1802,116.45,0.1927
2026-08-12,7753.56,2026-12-18,128.0,7230.0,718.5,0.18,117.2,0.1923
2026-08-12,7753.56,2026-12-18,128.0,7240.0,710.05,0.1793,118.65,0.1915
2026-08-12,7753.56,2026-12-18,128.0,7250.0,701.75,0.1787,120.15,0.1907
2026-08-12,7753.56,2026-12-18,128.0,7260.0,693.35,0.178,121.65,0.1899
2026-08-12,7753.56,2026-12-18,128.0,7270.0,685.05,0.1774,123.2,0.1891
2026-08-12,7753.56,2026-12-18,128.0,7275.0,681.0,0.1771,124.0,0.1887
2026-08-12,7753.56,2026-12-18,128.0,7280.0,676.75,0.1767,124.8,0.1884
2026-08-12,7753.56,2026-12-18,128.0,7290.0,668.6,0.1762,126.4,0.1876
2026-08-12,7753.56,2026-12-18,128.0,7300.0,660.35,0.1755,128.0,0.1868
2026-08-12,7753.56,2026-12-18,128.0,7310.0,652.15,0.1749,129.6,0.186
2026-08-12,7753.56,2026-12-18,128.0,7320.0,643.95,0.1742,131.3,0.1852
2026-08-12,7753.56,2026-12-18,128.0,7325.0,639.9,0.1739,132.15,0.1848
2026-08-12,7753.56,2026-12-18,128.0,7330.0,635.85,0.1736,133.0,0.1844
2026-08-12,7753.56,2026-12-18,128.0,7340.0,627.7,0.173,134.7,0.1837
2026-08-12,7753.56,2026-12-18,128.0,7350.0,620.2,0.1728,136.5,0.1829
2026-08-12,7753.56,2026-12-18,128.0,7360.0,612.25,0.1722,138.25,0.1821
2026-08-12,7753.56,2026-12-18,128.0,7370.0,604.25,0.1716,140.1,0.1814
2026-08-12,7753.56,2026-12-18,128.0,7375.0,600.0,0.1711,141.05,0.181
2026-08-12,7753.56,2026-12-18,128.0,7380.0,596.05,0.1708,141.95,0.1806
2026-08-12,7753.56,2026-12-18,128.0,7390.0,588.25,0.1703,143.85,0.1799
2026-08-12,7753.56,2026-12-18,128.0,7400.0,580.25,0.1696,145.75,0.1791
2026-08-12,7753.56,2026-12-18,128.0,7410.0,572.45,0.1691,147.65,0.1783
2026-08-12,7753.56,2026-12-18,128.0,7420.0,564.35,0.1683,149.65,0.1776
2026-08-12,7753.56,2026-12-18,128.0,7425.0,560.6,0.1681,150.65,0.1772
2026-08-12,7753.56,2026-12-18,128.0,7430.0,556.75,0.1678,151.65,0.1768
2026-08-12,7753.56,2026-12-18,128.0,7440.0,548.95,0.1672,153.7,0.176
2026-08-12,7753.56,2026-12-18,128.0,7450.0,541.15,0.1666,155.8,0.1753
2026-08-12,7753.56,2026-12-18,128.0,7460.0,533.15,0.1658,157.9,0.1745
2026-08-12,7753.56,2026-12-18,128.0,7470.0,525.65,0.1653,160.05,0.1738
2026-08-12,7753.56,2026-12-18,128.0,7475.0,521.85,0.165,161.1,0.1734
2026-08-12,7753.56,2026-12-18,128.0,7480.0,518.05,0.1647,162.2,0.173
2026-08-12,7753.56,2026-12-18,128.0,7490.0,510.45,0.1641,164.5,0.1723
2026-08-12,7753.56,2026-12-18,128.0,7500.0,502.85,0.1635,166.75,0.1715
2026-08-12,7753.56,2026-12-18,128.0,7510.0,495.25,0.1628,169.0,0.1708
2026-08-12,7753.56,2026-12-18,128.0,7520.0,487.55,0.1621,171.4,0.1701
2026-08-12,7753.56,2026-12-18,128.0,7525.0,483.8,0.1618,172.65,0.1697
2026-08-12,7753.56,2026-12-18,128.0,7530.0,480.1,0.1615,173.8,0.1693
2026-08-12,7753.56,2026-12-18,128.0,7540.0,472.85,0.161,176.2,0.1686
2026-08-12,7753.56,2026-12-18,128.0,7550.0,465.5,0.1604,178.7,0.1679
2026-08-12,7753.56,2026-12-18,128.0,7560.0,458.15,0.1598,181.2,0.1671
2026-08-12,7753.56,2026-12-18,128.0,7570.0,450.7,0.1591,183.55,0.1663
2026-08-12,7753.56,2026-12-18,128.0,7575.0,447.1,0.1588,184.85,0.1659
2026-08-12,7753.56,2026-12-18,128.0,7580.0,443.45,0.1585,186.15,0.1656
2026-08-12,7753.56,2026-12-18,128.0,7590.0,436.3,0.158,188.85,0.1649
2026-08-12,7753.56,2026-12-18,128.0,7600.0,429.2,0.1574,191.75,0.1643
2026-08-12,7753.56,2026-12-18,128.0,7610.0,422.15,0.1569,194.25,0.1634
2026-08-12,7753.56,2026-12-18,128.0,7620.0,415.0,0.1562,197.1,0.1627
2026-08-12,7753.56,2026-12-18,128.0,7625.0,411.6,0.156,198.5,0.1624
2026-08-12,7753.56,2026-12-18,128.0,7630.0,408.0,0.1557,199.95,0.162
2026-08-12,7753.56,2026-12-18,128.0,7640.0,401.15,0.1551,202.8,0.1613
2026-08-12,7753.56,2026-12-18,128.0,7650.0,394.2,0.1546,206.0,0.1607
2026-08-12,7753.56,2026-12-18,128.0,7660.0,387.3,0.154,208.75,0.1599
2026-08-12,7753.56,2026-12-18,128.0,7670.0,380.5,0.1534,211.9,0.1592
2026-08-12,7753.56,2026-12-18,128.0,7675.0,377.05,0.1531,213.35,0.1588
2026-08-12,7753.56,2026-12-18,128.0,7680.0,373.8,0.1529,215.0,0.1585
2026-08-12,7753.56,2026-12-18,128.0,7690.0,367.05,0.1523,218.15,0.1579
2026-08-12,7753.56,2026-12-18,128.0,7700.0,360.4,0.1517,221.35,0.1572
2026-08-12,7753.56,2026-12-18,128.0,7710.0,353.9,0.1512,224.7,0.1565
2026-08-12,7753.56,2026-12-18,128.0,7720.0,347.4,0.1507,228.0,0.1558
2026-08-12,7753.56,2026-12-18,128.0,7725.0,344.2,0.1505,229.65,0.1555
2026-08-12,7753.56,2026-12-18,128.0,7730.0,340.85,0.1501,231.45,0.1552
2026-08-12,7753.56,2026-12-18,128.0,7740.0,334.3,0.1495,234.85,0.1545
2026-08-12,7753.56,2026-12-18,128.0,7750.0,328.1,0.1491,238.3,0.1538
2026-08-12,7753.56,2026-12-18,128.0,7760.0,321.8,0.1485,241.95,0.1531
2026-08-12,7753.56,2026-12-18,128.0,7770.0,315.6,0.148,245.55,0.1525
2026-08-12,7753.56,2026-12-18,128.0,7775.0,312.5,0.1478,247.45,0.1522
2026-08-12,7753.56,2026-12-18,128.0,7780.0,309.45,0.1475,249.25,0.1518
2026-08-12,7753.56,2026-12-18,128.0,7790.0,303.35,0.147,253.05,0.1512
2026-08-12,7753.56,2026-12-18,128.0,7800.0,297.4,0.1466,256.9,0.1505
2026-08-12,7753.56,2026-12-18,128.0,7810.0,291.4,0.1461,260.8,0.1499
2026-08-12,7753.56,2026-12-18,128.0,7820.0,285.45,0.1456,264.65,0.1491
2026-08-12,7753.56,2026-12-18,128.0,7825.0,282.55,0.1453,266.65,0.1488
2026-08-12,7753.56,2026-12-18,128.0,7830.0,279.65,0.1451,268.8,0.1486
2026-08-12,7753.56,2026-12-18,128.0,7840.0,273.95,0.1447,272.85,0.1479
2026-08-12,7753.56,2026-12-18,128.0,7850.0,268.3,0.1442,277.05,0.1472
2026-08-12,7753.56,2026-12-18,128.0,7860.0,262.6,0.1437,281.1,0.1465
2026-08-12,7753.56,2026-12-18,128.0,7870.0,257.05,0.1433,285.5,0.1459
2026-08-12,7753.56,2026-12-18,128.0,7875.0,254.25,0.143,287.6,0.1456
2026-08-12,7753.56,2026-12-18,128.0,7880.0,251.55,0.1428,289.75,0.1452
2026-08-12,7753.56,2026-12-18,128.0,7890.0,246.15,0.1424,294.3,0.1446
2026-08-12,7753.56,2026-12-18,128.0,7900.0,240.9,0.142,298.8,0.144
2026-08-12,7753.56,2026-12-18,128.0,7910.0,235.65,0.1416,303.2,0.1433
2026-08-12,7753.56,2026-12-18,128.0,7920.0,230.45,0.1412,308.0,0.1427
2026-08-12,7753.56,2026-12-18,128.0,7925.0,227.75,0.1409,310.35,0.1424
2026-08-12,7753.56,2026-12-18,128.0,7930.0,225.35,0.1408,312.65,0.142
2026-08-12,7753.56,2026-12-18,128.0,7940.0,220.25,0.1404,317.5,0.1414
2026-08-12,7753.56,2026-12-18,128.0,7950.0,215.35,0.14,322.25,0.1407
2026-08-12,7753.56,2026-12-18,128.0,7960.0,210.3,0.1395,327.15,0.14
2026-08-12,7753.56,2026-12-18,128.0,7970.0,205.4,0.1391,332.2,0.1393
2026-08-12,7753.56,2026-12-18,128.0,7975.0,202.95,0.1389,334.8,0.139
2026-08-12,7753.56,2026-12-18,128.0,7980.0,200.7,0.1388,337.25,0.1386
2026-08-12,7753.56,2026-12-18,128.0,7990.0,195.95,0.1384,342.55,0.1381
2026-08-12,7753.56,2026-12-18,128.0,8000.0,191.25,0.138,347.5,0.1372
2026-08-12,7753.56,2026-12-18,128.0,8010.0,186.8,0.1376,353.1,0.1367
2026-08-12,7753.56,2026-12-18,128.0,8020.0,182.25,0.1373,358.35,0.136
2026-08-12,7753.56,2026-12-18,128.0,8025.0,180.0,0.1371,361.15,0.1357
2026-08-12,7753.56,2026-12-18,128.0,8030.0,177.85,0.1369,363.6,0.1352
2026-08-12,7753.56,2026-12-18,128.0,8040.0,173.6,0.1366,369.35,0.1346
2026-08-12,7753.56,2026-12-18,128.0,8050.0,169.25,0.1362,374.9,0.1339
2026-08-12,7753.56,2026-12-18,128.0,8060.0,165.15,0.1359,380.5,0.1331
2026-08-12,7753.56,2026-12-18,128.0,8070.0,160.95,0.1355,386.3,0.1324
2026-08-12,7753.56,2026-12-18,128.0,8075.0,158.95,0.1354,389.1,0.1319
2026-08-12,7753.56,2026-12-18,128.0,8080.0,156.9,0.1352,392.2,0.1316
2026-08-12,7753.56,2026-12-18,128.0,8090.0,152.95,0.1349,398.1,0.1308
2026-08-12,7753.56,2026-12-18,128.0,8100.0,148.95,0.1345,404.1,0.13
2026-08-12,7753.56,2026-12-18,128.0,8110.0,145.25,0.1343,410.0,0.1291
2026-08-12,7753.56,2026-12-18,128.0,8120.0,141.4,0.134,416.15,0.1283
2026-08-12,7753.56,2026-12-18,128.0,8125.0,139.5,0.1338,419.25,0.1279
2026-08-12,7753.56,2026-12-18,128.0,8130.0,137.8,0.1337,422.25,0.1274
2026-08-12,7753.56,2026-12-18,128.0,8140.0,134.05,0.1333,428.5,0.1265
2026-08-12,7753.56,2026-12-18,128.0,8150.0,130.55,0.1331,434.85,0.1256
2026-08-12,7753.56,2026-12-18,128.0,8160.0,126.85,0.1327,441.1,0.1245
2026-08-12,7753.56,2026-12-18,128.0,8170.0,123.65,0.1325,447.5,0.1233
2026-08-12,7753.56,2026-12-18,128.0,8175.0,121.95,0.1324,450.85,0.1228
2026-08-12,7753.56,2026-12-18,128.0,8180.0,120.3,0.1323,454.0,0.1221
2026-08-12,7753.56,2026-12-18,128.0,8190.0,116.95,0.1319,460.6,0.1209
2026-08-12,7753.56,2026-12-18,128.0,8200.0,113.85,0.1318,467.35,0.1197
2026-08-12,7753.56,2026-12-18,128.0,8225.0,106.0,0.131,483.55,0.1148
2026-08-12,7753.56,2026-12-18,128.0,8250.0,98.7,0.1305,500.9,0.1087
2026-08-12,7753.56,2026-12-18,128.0,8275.0,91.85,0.1299,,
2026-08-12,7753.56,2026-12-18,128.0,8300.0,85.3,0.1294,,
2026-08-12,7753.56,2026-12-18,128.0,8325.0,79.1,0.1288,,
2026-08-12,7753.56,2026-12-18,128.0,8350.0,73.2,0.1283,,
2026-08-12,7753.56,2026-12-18,128.0,8375.0,67.85,0.1279,,
2026-08-12,7753.56,2026-12-18,128.0,8400.0,62.7,0.1274,,
2026-08-12,7753.56,2026-12-18,128.0,8425.0,57.9,0.127,,
2026-08-12,7753.56,2026-12-18,128.0,8450.0,53.45,0.1267,,
2026-08-12,7753.56,2026-12-18,128.0,8475.0,49.25,0.1263,,
2026-08-12,7753.56,2026-12-18,128.0,8500.0,45.35,0.1259,,
2026-08-12,7753.56,2026-12-18,128.0,8525.0,41.7,0.1256,,
2026-08-12,7753.56,2026-12-18,128.0,8550.0,38.35,0.1253,,
2026-08-12,7753.56,2026-12-18,128.0,8575.0,35.25,0.1251,,
2026-08-12,7753.56,2026-12-18,128.0,8600.0,32.35,0.1249,,
2026-08-12,7753.56,2026-12-18,128.0,8625.0,29.7,0.1247,,
2026-08-12,7753.56,2026-12-18,128.0,8650.0,27.15,0.1244,,
2026-08-12,7753.56,2026-12-18,128.0,8675.0,24.95,0.1243,,
2026-08-12,7753.56,2026-12-18,128.0,8700.0,22.8,0.1241,,
2026-08-12,7753.56,2026-12-18,128.0,8725.0,20.85,0.124,,
2026-08-12,7753.56,2026-12-18,128.0,8750.0,19.1,0.1239,,
2026-08-12,7753.56,2026-12-18,128.0,8775.0,17.5,0.1239,,
2026-08-12,7753.56,2026-12-18,128.0,8800.0,16.0,0.1239,,
2026-08-12,7753.56,2026-12-18,128.0,8850.0,13.4,0.1239,,
2026-08-12,7753.56,2026-12-18,128.0,8900.0,11.2,0.1239,,
2026-08-12,7753.56,2026-12-31,141.0,5820.0,2027.6,0.2417,29.1,0.3024
2026-08-12,7753.56,2026-12-31,141.0,5825.0,2023.0,0.2425,29.25,0.302
2026-08-12,7753.56,2026-12-31,141.0,5830.0,2018.1,0.2421,29.35,0.3015
2026-08-12,7753.56,2026-12-31,141.0,5840.0,2008.7,0.2428,29.65,0.3008
2026-08-12,7753.56,2026-12-31,141.0,5850.0,1999.15,0.2429,29.9,0.2999
2026-08-12,7753.56,2026-12-31,141.0,5860.0,1989.35,0.2419,30.2,0.2991
2026-08-12,7753.56,2026-12-31,141.0,5870.0,1980.05,0.2429,30.45,0.2982
2026-08-12,7753.56,2026-12-31,141.0,5875.0,1975.05,0.242,30.6,0.2978
2026-08-12,7753.56,2026-12-31,141.0,5880.0,1970.5,0.2429,30.75,0.2974
2026-08-12,7753.56,2026-12-31,141.0,5890.0,1960.9,0.2426,31.05,0.2966
2026-08-12,7753.56,2026-12-31,141.0,5900.0,1951.15,0.2418,31.35,0.2958
2026-08-12,7753.56,2026-12-31,141.0,5910.0,1942.1,0.2435,31.65,0.2949
2026-08-12,7753.56,2026-12-31,141.0,5920.0,1932.3,0.2425,31.95,0.2941
2026-08-12,7753.56,2026-12-31,141.0,5925.0,1927.35,0.2418,32.1,0.2937
2026-08-12,7753.56,2026-12-31,141.0,5930.0,1922.7,0.2422,32.25,0.2933
2026-08-12,7753.56,2026-12-31,141.0,5940.0,1913.1,0.2418,32.55,0.2925
2026-08-12,7753.56,2026-12-31,141.0,5950.0,1903.55,0.2416,32.85,0.2916
2026-08-12,7753.56,2026-12-31,141.0,5960.0,1894.3,0.2424,33.15,0.2908
2026-08-12,7753.56,2026-12-31,141.0,5970.0,1884.7,0.242,33.5,0.29
2026-08-12,7753.56,2026-12-31,141.0,5975.0,1879.75,0.2413,33.65,0.2896
2026-08-12,7753.56,2026-12-31,141.0,5980.0,1875.3,0.2422,33.8,0.2892
2026-08-12,7753.56,2026-12-31,141.0,5990.0,1865.7,0.2417,34.15,0.2884
2026-08-12,7753.56,2026-12-31,141.0,6000.0,1856.5,0.2425,34.5,0.2876
2026-08-12,7753.56,2026-12-31,141.0,6005.0,1851.65,0.2421,34.65,0.2872
2026-08-12,7753.56,2026-12-31,141.0,6010.0,1846.85,0.2418,34.8,0.2867
2026-08-12,7753.56,2026-12-31,141.0,6015.0,1841.9,0.2411,34.95,0.2863
2026-08-12,7753.56,2026-12-31,141.0,6020.0,1836.95,0.2404,35.15,0.2859
2026-08-12,7753.56,2026-12-31,141.0,6025.0,1832.85,0.2422,35.3,0.2855
2026-08-12,7753.56,2026-12-31,141.0,6030.0,1827.7,0.2409,35.45,0.2851
2026-08-12,7753.56,2026-12-31,141.0,6035.0,1823.1,0.2412,35.65,0.2847
2026-08-12,7753.56,2026-12-31,141.0,6040.0,1818.35,0.2411,35.85,0.2844
2026-08-12,7753.56,2026-12-31,141.0,6045.0,1813.5,0.2407,35.95,0.2838
2026-08-12,7753.56,2026-12-31,141.0,6050.0,1808.75,0.2405,36.15,0.2835
2026-08-12,7753.56,2026-12-31,141.0,6055.0,1804.0,0.2404,36.35,0.2831
2026-08-12,7753.56,2026-12-31,141.0,6060.0,1799.3,0.2404,36.55,0.2827
2026-08-12,7753.56,2026-12-31,141.0,6065.0,1794.5,0.2401,36.7,0.2823
2026-08-12,7753.56,2026-12-31,141.0,6070.0,1790.1,0.2409,36.85,0.2818
2026-08-12,7753.56,2026-12-31,141.0,6075.0,1784.85,0.2394,37.05,0.2815
2026-08-12,7753.56,2026-12-31,141.0,6080.0,1780.35,0.2399,37.25,0.2811
2026-08-12,7753.56,2026-12-31,141.0,6085.0,1775.35,0.239,37.45,0.2807
2026-08-12,7753.56,2026-12-31,141.0,6090.0,1770.65,0.239,37.6,0.2803
2026-08-12,7753.56,2026-12-31,141.0,6095.0,1766.3,0.2398,37.75,0.2798
2026-08-12,7753.56,2026-12-31,141.0,6100.0,1761.25,0.2389,37.95,0.2794
2026-08-12,7753.56,2026-12-31,141.0,6105.0,1756.5,0.2387,38.15,0.279
2026-08-12,7753.56,2026-12-31,141.0,6110.0,1752.05,0.2393,38.35,0.2787
2026-08-12,7753.56,2026-12-31,141.0,6115.0,1746.95,0.2382,38.55,0.2783
2026-08-12,7753.56,2026-12-31,141.0,6120.0,1742.45,0.2386,38.75,0.2779
2026-08-12,7753.56,2026-12-31,141.0,6125.0,1737.55,0.238,38.95,0.2775
2026-08-12,7753.56,2026-12-31,141.0,6130.0,1733.15,0.2387,39.1,0.277
2026-08-12,7753.56,2026-12-31,141.0,6135.0,1728.45,0.2386,39.25,0.2766
2026-08-12,7753.56,2026-12-31,141.0,6140.0,1723.55,0.238,39.45,0.2762
2026-08-12,7753.56,2026-12-31,141.0,6145.0,1718.7,0.2375,39.65,0.2758
2026-08-12,7753.56,2026-12-31,141.0,6150.0,1713.9,0.2372,39.85,0.2754
2026-08-12,7753.56,2026-12-31,141.0,6155.0,1709.15,0.237,40.05,0.275
2026-08-12,7753.56,2026-12-31,141.0,6160.0,1704.75,0.2376,40.25,0.2746
2026-08-12,7753.56,2026-12-31,141.0,6165.0,1700.05,0.2374,40.45,0.2742
2026-08-12,7753.56,2026-12-31,141.0,6170.0,1695.25,0.2371,40.65,0.2738
2026-08-12,7753.56,2026-12-31,141.0,6175.0,1690.35,0.2365,40.85,0.2734
2026-08-12,7753.56,2026-12-31,141.0,6180.0,1685.7,0.2365,41.05,0.273
2026-08-12,7753.56,2026-12-31,141.0,6185.0,1681.15,0.2367,41.25,0.2726
2026-08-12,7753.56,2026-12-31,141.0,6190.0,1676.25,0.2361,41.45,0.2722
2026-08-12,7753.56,2026-12-31,141.0,6195.0,1671.9,0.2367,41.7,0.2719
2026-08-12,7753.56,2026-12-31,141.0,6200.0,1667.0,0.2361,41.95,0.2715
2026-08-12,7753.56,2026-12-31,141.0,6205.0,1662.25,0.2358,42.15,0.2711
2026-08-12,7753.56,2026-12-31,141.0,6210.0,1657.6,0.2358,42.35,0.2707
2026-08-12,7753.56,2026-12-31,141.0,6215.0,1652.85,0.2355,42.55,0.2703
2026-08-12,7753.56,2026-12-31,141.0,6220.0,1648.45,0.236,42.75,0.2699
2026-08-12,7753.56,2026-12-31,141.0,6225.0,1643.6,0.2355,42.95,0.2695
2026-08-12,7753.56,2026-12-31,141.0,6230.0,1638.85,0.2352,43.15,0.269
2026-08-12,7753.56,2026-12-31,141.0,6235.0,1634.05,0.2348,43.4,0.2687
2026-08-12,7753.56,2026-12-31,141.0,6240.0,1629.35,0.2346,43.65,0.2684
2026-08-12,7753.56,2026-12-31,141.0,6245.0,1624.65,0.2344,43.85,0.2679
2026-08-12,7753.56,2026-12-31,141.0,6250.0,1620.05,0.2344,44.05,0.2675
2026-08-12,7753.56,2026-12-31,141.0,6255.0,1615.35,0.2342,44.25,0.2671
2026-08-12,7753.56,2026-12-31,141.0,6260.0,1610.65,0.234,44.5,0.2667
2026-08-12,7753.56,2026-12-31,141.0,6265.0,1605.9,0.2337,44.75,0.2664
2026-08-12,7753.56,2026-12-31,141.0,6270.0,1601.0,0.2331,44.95,0.2659
2026-08-12,7753.56,2026-12-31,141.0,6275.0,1596.3,0.2329,45.15,0.2655
2026-08-12,7753.56,2026-12-31,141.0,6280.0,1591.6,0.2327,45.4,0.2651
2026-08-12,7753.56,2026-12-31,141.0,6285.0,1587.45,0.2335,45.65,0.2648
2026-08-12,7753.56,2026-12-31,141.0,6290.0,1582.0,0.2318,45.85,0.2643
2026-08-12,7753.56,2026-12-31,141.0,6295.0,1577.9,0.2328,46.15,0.264
2026-08-12,7753.56,2026-12-31,141.0,6300.0,1572.9,0.232,46.35,0.2636
2026-08-12,7753.56,2026-12-31,141.0,6305.0,1568.55,0.2324,46.55,0.2632
2026-08-12,7753.56,2026-12-31,141.0,6310.0,1563.65,0.2318,46.8,0.2628
2026-08-12,7753.56,2026-12-31,141.0,6315.0,1558.85,0.2313,47.05,0.2624
2026-08-12,7753.56,2026-12-31,141.0,6320.0,1554.45,0.2316,47.3,0.262
2026-08-12,7753.56,2026-12-31,141.0,6325.0,1549.5,0.2309,47.55,0.2616
2026-08-12,7753.56,2026-12-31,141.0,6330.0,1544.75,0.2306,47.75,0.2612
2026-08-12,7753.56,2026-12-31,141.0,6335.0,1540.25,0.2307,48.0,0.2608
2026-08-12,7753.56,2026-12-31,141.0,6340.0,1535.55,0.2304,48.25,0.2604
2026-08-12,7753.56,2026-12-31,141.0,6345.0,1530.75,0.23,48.5,0.26
2026-08-12,7753.56,2026-12-31,141.0,6350.0,1526.45,0.2304,48.75,0.2597
2026-08-12,7753.56,2026-12-31,141.0,6355.0,1521.75,0.2302,49.0,0.2593
2026-08-12,7753.56,2026-12-31,141.0,6360.0,1516.8,0.2294,49.25,0.2589
2026-08-12,7753.56,2026-12-31,141.0,6365.0,1512.35,0.2296,49.5,0.2585
2026-08-12,7753.56,2026-12-31,141.0,6370.0,1507.95,0.2299,49.75,0.2581
2026-08-12,7753.56,2026-12-31,141.0,6375.0,1503.5,0.23,50.0,0.2577
2026-08-12,7753.56,2026-12-31,141.0,6380.0,1498.85,0.2298,50.3,0.2573
2026-08-12,7753.56,2026-12-31,141.0,6385.0,1493.6,0.2286,50.55,0.2569
2026-08-12,7753.56,2026-12-31,141.0,6390.0,1488.95,0.2283,50.8,0.2565
2026-08-12,7753.56,2026-12-31,141.0,6395.0,1484.8,0.229,51.05,0.2561
2026-08-12,7753.56,2026-12-31,141.0,6400.0,1479.85,0.2282,51.3,0.2557
2026-08-12,7753.56,2026-12-31,141.0,6405.0,1475.05,0.2278,51.6,0.2554
2026-08-12,7753.56,2026-12-31,141.0,6410.0,1470.45,0.2276,51.85,0.255
2026-08-12,7753.56,2026-12-31,141.0,6415.0,1465.9,0.2276,52.15,0.2546
2026-08-12,7753.56,2026-12-31,141.0,6420.0,1461.3,0.2274,52.4,0.2542
2026-08-12,7753.56,2026-12-31,141.0,6425.0,1456.35,0.2267,52.65,0.2538
2026-08-12,7753.56,2026-12-31,141.0,6430.0,1452.1,0.2271,52.95,0.2534
2026-08-12,7753.56,2026-12-31,141.0,6435.0,1447.25,0.2265,53.25,0.2531
2026-08-12,7753.56,2026-12-31,141.0,6440.0,1442.45,0.2261,53.5,0.2527
2026-08-12,7753.56,2026-12-31,141.0,6445.0,1437.95,0.226,53.75,0.2522
2026-08-12,7753.56,2026-12-31,141.0,6450.0,1433.15,0.2256,54.05,0.2519
2026-08-12,7753.56,2026-12-31,141.0,6455.0,1428.8,0.2258,54.35,0.2515
2026-08-12,7753.56,2026-12-31,141.0,6460.0,1424.05,0.2253,54.65,0.2511
2026-08-12,7753.56,2026-12-31,141.0,6465.0,1419.3,0.2249,54.85,0.2507
2026-08-12,7753.56,2026-12-31,141.0,6470.0,1414.7,0.2247,55.15,0.2503
2026-08-12,7753.56,2026-12-31,141.0,6475.0,1410.4,0.225,55.45,0.2499
2026-08-12,7753.56,2026-12-31,141.0,6480.0,1405.35,0.2241,55.75,0.2495
2026-08-12,7753.56,2026-12-31,141.0,6485.0,1401.2,0.2246,56.05,0.2492
2026-08-12,7753.56,2026-12-31,141.0,6490.0,1398.0,0.2265,56.3,0.2487
2026-08-12,7753.56,2026-12-31,141.0,6495.0,1392.1,0.2243,56.65,0.2484
2026-08-12,7753.56,2026-12-31,141.0,6500.0,1387.25,0.2237,56.9,0.248
2026-08-12,7753.56,2026-12-31,141.0,6505.0,1382.55,0.2234,57.25,0.2476
2026-08-12,7753.56,2026-12-31,141.0,6510.0,1378.3,0.2237,57.5,0.2472
2026-08-12,7753.56,2026-12-31,141.0,6515.0,1374.15,0.2241,57.85,0.2469
2026-08-12,7753.56,2026-12-31,141.0,6520.0,1369.5,0.2238,58.15,0.2465
2026-08-12,7753.56,2026-12-31,141.0,6525.0,1364.8,0.2234,58.45,0.2461
2026-08-12,7753.56,2026-12-31,141.0,6530.0,1360.5,0.2236,58.75,0.2457
2026-08-12,7753.56,2026-12-31,141.0,6535.0,1355.9,0.2233,59.05,0.2453
2026-08-12,7753.56,2026-12-31,141.0,6540.0,1351.45,0.2233,59.35,0.2449
2026-08-12,7753.56,2026-12-31,141.0,6545.0,1346.5,0.2226,59.65,0.2445
2026-08-12,7753.56,2026-12-31,141.0,6550.0,1341.85,0.2222,59.95,0.2441
2026-08-12,7753.56,2026-12-31,141.0,6555.0,1337.25,0.222,60.25,0.2437
2026-08-12,7753.56,2026-12-31,141.0,6560.0,1332.6,0.2217,60.6,0.2433
2026-08-12,7753.56,2026-12-31,141.0,6565.0,1328.05,0.2215,60.85,0.2429
2026-08-12,7753.56,2026-12-31,141.0,6570.0,1323.45,0.2212,61.25,0.2426
2026-08-12,7753.56,2026-12-31,141.0,6575.0,1318.8,0.2209,61.55,0.2421
2026-08-12,7753.56,2026-12-31,141.0,6580.0,1314.2,0.2206,61.85,0.2417
2026-08-12,7753.56,2026-12-31,141.0,6585.0,1309.6,0.2203,62.2,0.2414
2026-08-12,7753.56,2026-12-31,141.0,6590.0,1305.1,0.2202,62.55,0.241
2026-08-12,7753.56,2026-12-31,141.0,6595.0,1300.45,0.2198,62.85,0.2406
2026-08-12,7753.56,2026-12-31,141.0,6600.0,1296.1,0.2198,63.2,0.2402
2026-08-12,7753.56,2026-12-31,141.0,6605.0,1291.45,0.2195,63.5,0.2398
2026-08-12,7753.56,2026-12-31,141.0,6610.0,1286.95,0.2193,63.85,0.2394
2026-08-12,7753.56,2026-12-31,141.0,6615.0,1282.15,0.2188,64.15,0.239
2026-08-12,7753.56,2026-12-31,141.0,6620.0,1277.55,0.2185,64.5,0.2386
2026-08-12,7753.56,2026-12-31,141.0,6625.0,1272.95,0.2182,64.85,0.2382
2026-08-12,7753.56,2026-12-31,141.0,6630.0,1268.45,0.218,65.15,0.2378
2026-08-12,7753.56,2026-12-31,141.0,6635.0,1263.85,0.2177,65.55,0.2375
2026-08-12,7753.56,2026-12-31,141.0,6640.0,1259.6,0.2178,65.9,0.2371
2026-08-12,7753.56,2026-12-31,141.0,6645.0,1254.8,0.2172,66.25,0.2367
2026-08-12,7753.56,2026-12-31,141.0,6650.0,1250.25,0.217,66.6,0.2363
2026-08-12,7753.56,2026-12-31,141.0,6655.0,1245.55,0.2165,66.95,0.2359
2026-08-12,7753.56,2026-12-31,141.0,6660.0,1241.1,0.2164,67.25,0.2355
2026-08-12,7753.56,2026-12-31,141.0,6665.0,1236.45,0.216,67.65,0.2351
2026-08-12,7753.56,2026-12-31,141.0,6670.0,1231.95,0.2158,68.0,0.2347
2026-08-12,7753.56,2026-12-31,141.0,6675.0,1227.35,0.2155,68.4,0.2344
2026-08-12,7753.56,2026-12-31,141.0,6680.0,1223.1,0.2155,68.75,0.234
2026-08-12,7753.56,2026-12-31,141.0,6685.0,1218.45,0.2151,69.15,0.2336
2026-08-12,7753.56,2026-12-31,141.0,6690.0,1213.7,0.2146,69.5,0.2332
2026-08-12,7753.56,2026-12-31,141.0,6695.0,1209.1,0.2143,69.85,0.2328
2026-08-12,7753.56,2026-12-31,141.0,6700.0,1204.6,0.2141,70.25,0.2325
2026-08-12,7753.56,2026-12-31,141.0,6705.0,1200.0,0.2137,70.6,0.232
2026-08-12,7753.56,2026-12-31,141.0,6710.0,1195.5,0.2135,70.95,0.2316
2026-08-12,7753.56,2026-12-31,141.0,6715.0,1191.05,0.2133,71.35,0.2313
2026-08-12,7753.56,2026-12-31,141.0,6720.0,1186.45,0.2129,71.75,0.2309
2026-08-12,7753.56,2026-12-31,141.0,6725.0,1181.9,0.2126,72.1,0.2305
2026-08-12,7753.56,2026-12-31,141.0,6730.0,1177.4,0.2124,72.55,0.2301
2026-08-12,7753.56,2026-12-31,141.0,6735.0,1172.85,0.2121,72.9,0.2297
2026-08-12,7753.56,2026-12-31,141.0,6740.0,1168.35,0.2118,73.25,0.2293
2026-08-12,7753.56,2026-12-31,141.0,6745.0,1163.85,0.2115,73.65,0.2289
2026-08-12,7753.56,2026-12-31,141.0,6750.0,1159.65,0.2116,74.1,0.2286
2026-08-12,7753.56,2026-12-31,141.0,6755.0,1154.8,0.211,74.5,0.2282
2026-08-12,7753.56,2026-12-31,141.0,6760.0,1150.55,0.211,74.9,0.2278
2026-08-12,7753.56,2026-12-31,141.0,6765.0,1145.95,0.2106,75.3,0.2274
2026-08-12,7753.56,2026-12-31,141.0,6770.0,1141.25,0.2101,75.7,0.227
2026-08-12,7753.56,2026-12-31,141.0,6775.0,1136.75,0.2098,76.1,0.2266
2026-08-12,7753.56,2026-12-31,141.0,6780.0,1132.2,0.2095,76.55,0.2263
2026-08-12,7753.56,2026-12-31,141.0,6785.0,1127.75,0.2092,76.95,0.2259
2026-08-12,7753.56,2026-12-31,141.0,6790.0,1123.3,0.209,77.35,0.2255
2026-08-12,7753.56,2026-12-31,141.0,6795.0,1118.7,0.2086,77.8,0.2251
2026-08-12,7753.56,2026-12-31,141.0,6800.0,1114.25,0.2083,78.2,0.2247
2026-08-12,7753.56,2026-12-31,141.0,6805.0,1109.7,0.208,78.6,0.2243
2026-08-12,7753.56,2026-12-31,141.0,6810.0,1105.25,0.2077,79.05,0.2239
2026-08-12,7753.56,2026-12-31,141.0,6815.0,1100.75,0.2074,79.5,0.2236
2026-08-12,7753.56,2026-12-31,141.0,6820.0,1096.4,0.2073,79.9,0.2231
2026-08-12,7753.56,2026-12-31,141.0,6825.0,1092.0,0.2071,80.35,0.2228
2026-08-12,7753.56,2026-12-31,141.0,6830.0,1087.55,0.2068,80.8,0.2224
2026-08-12,7753.56,2026-12-31,141.0,6835.0,1083.15,0.2066,81.25,0.222
2026-08-12,7753.56,2026-12-31,141.0,6840.0,1078.35,0.206,81.7,0.2216
2026-08-12,7753.56,2026-12-31,141.0,6845.0,1074.0,0.2058,82.1,0.2212
2026-08-12,7753.56,2026-12-31,141.0,6850.0,1069.75,0.2057,82.55,0.2208
2026-08-12,7753.56,2026-12-31,141.0,6855.0,1064.95,0.2051,83.0,0.2204
2026-08-12,7753.56,2026-12-31,141.0,6860.0,1060.5,0.2048,83.45,0.22
2026-08-12,7753.56,2026-12-31,141.0,6865.0,1056.05,0.2045,83.9,0.2196
2026-08-12,7753.56,2026-12-31,141.0,6870.0,1051.55,0.2042,84.4,0.2193
2026-08-12,7753.56,2026-12-31,141.0,6875.0,1047.6,0.2043,84.8,0.2188
2026-08-12,7753.56,2026-12-31,141.0,6880.0,1042.7,0.2036,85.3,0.2185
2026-08-12,7753.56,2026-12-31,141.0,6885.0,1038.2,0.2033,85.8,0.2181
2026-08-12,7753.56,2026-12-31,141.0,6890.0,1033.75,0.2029,86.25,0.2177
2026-08-12,7753.56,2026-12-31,141.0,6895.0,1029.25,0.2026,86.7,0.2173
2026-08-12,7753.56,2026-12-31,141.0,6900.0,1025.05,0.2025,87.2,0.2169
2026-08-12,7753.56,2026-12-31,141.0,6905.0,1020.45,0.2021,87.65,0.2165
2026-08-12,7753.56,2026-12-31,141.0,6910.0,1016.1,0.2018,88.1,0.2161
2026-08-12,7753.56,2026-12-31,141.0,6915.0,1011.65,0.2015,88.6,0.2157
2026-08-12,7753.56,2026-12-31,141.0,6920.0,1007.35,0.2013,89.1,0.2154
2026-08-12,7753.56,2026-12-31,141.0,6925.0,1003.1,0.2012,89.6,0.215
2026-08-12,7753.56,2026-12-31,141.0,6930.0,998.3,0.2005,90.1,0.2146
2026-08-12,7753.56,2026-12-31,141.0,6935.0,993.85,0.2002,90.6,0.2142
2026-08-12,7753.56,2026-12-31,141.0,6940.0,989.9,0.2003,91.1,0.2138
2026-08-12,7753.56,2026-12-31,141.0,6945.0,985.1,0.1997,91.6,0.2134
2026-08-12,7753.56,2026-12-31,141.0,6950.0,980.65,0.1993,92.05,0.213
2026-08-12,7753.56,2026-12-31,141.0,6955.0,976.3,0.1991,92.6,0.2126
2026-08-12,7753.56,2026-12-31,141.0,6960.0,972.6,0.1994,93.1,0.2122
2026-08-12,7753.56,2026-12-31,141.0,6965.0,967.55,0.1985,93.7,0.2119
2026-08-12,7753.56,2026-12-31,141.0,6970.0,963.05,0.1981,94.1,0.2114
2026-08-12,7753.56,2026-12-31,141.0,6975.0,958.7,0.1978,94.7,0.2111
2026-08-12,7753.56,2026-12-31,141.0,6980.0,954.5,0.1977,95.2,0.2107
2026-08-12,7753.56,2026-12-31,141.0,6985.0,950.05,0.1973,95.7,0.2103
2026-08-12,7753.56,2026-12-31,141.0,6990.0,945.6,0.1969,96.3,0.2099
2026-08-12,7753.56,2026-12-31,141.0,6995.0,941.15,0.1966,96.8,0.2095
2026-08-12,7753.56,2026-12-31,141.0,7000.0,936.75,0.1962,97.3,0.2091
2026-08-12,7753.56,2026-12-31,141.0,7005.0,932.45,0.196,97.9,0.2088
2026-08-12,7753.56,2026-12-31,141.0,7010.0,928.15,0.1957,98.4,0.2083
2026-08-12,7753.56,2026-12-31,141.0,7015.0,923.65,0.1953,99.0,0.208
2026-08-12,7753.56,2026-12-31,141.0,7020.0,919.35,0.195,99.6,0.2076
2026-08-12,7753.56,2026-12-31,141.0,7025.0,914.95,0.1947,100.1,0.2072
2026-08-12,7753.56,2026-12-31,141.0,7030.0,910.75,0.1945,100.65,0.2068
2026-08-12,7753.56,2026-12-31,141.0,7035.0,906.3,0.1941,101.2,0.2064
2026-08-12,7753.56,2026-12-31,141.0,7040.0,902.05,0.1939,101.8,0.206
2026-08-12,7753.56,2026-12-31,141.0,7045.0,897.6,0.1935,102.3,0.2056
2026-08-12,7753.56,2026-12-31,141.0,7050.0,893.35,0.1932,103.0,0.2053
2026-08-12,7753.56,2026-12-31,141.0,7055.0,889.15,0.193,103.5,0.2048
2026-08-12,7753.56,2026-12-31,141.0,7060.0,884.65,0.1926,104.1,0.2044
2026-08-12,7753.56,2026-12-31,141.0,7065.0,880.3,0.1922,104.7,0.2041
2026-08-12,7753.56,2026-12-31,141.0,7070.0,876.1,0.192,105.3,0.2037
2026-08-12,7753.56,2026-12-31,141.0,7075.0,871.85,0.1918,105.9,0.2033
2026-08-12,7753.56,2026-12-31,141.0,7080.0,867.3,0.1912,106.5,0.2029
2026-08-12,7753.56,2026-12-31,141.0,7085.0,863.1,0.191,107.1,0.2025
2026-08-12,7753.56,2026-12-31,141.0,7090.0,858.8,0.1907,107.7,0.2021
2026-08-12,7753.56,2026-12-31,141.0,7095.0,854.45,0.1904,108.3,0.2017
2026-08-12,7753.56,2026-12-31,141.0,7100.0,850.25,0.1901,108.9,0.2013
2026-08-12,7753.56,2026-12-31,141.0,7105.0,845.85,0.1897,109.5,0.2009
2026-08-12,7753.56,2026-12-31,141.0,7110.0,841.85,0.1896,110.2,0.2006
2026-08-12,7753.56,2026-12-31,141.0,7115.0,837.3,0.1891,110.8,0.2002
2026-08-12,7753.56,2026-12-31,141.0,7120.0,832.95,0.1887,111.4,0.1997
2026-08-12,7753.56,2026-12-31,141.0,7125.0,828.85,0.1885,112.05,0.1994
2026-08-12,7753.56,2026-12-31,141.0,7130.0,824.45,0.1881,112.7,0.199
2026-08-12,7753.56,2026-12-31,141.0,7135.0,820.45,0.188,113.35,0.1986
2026-08-12,7753.56,2026-12-31,141.0,7140.0,816.05,0.1876,114.1,0.1983
2026-08-12,7753.56,2026-12-31,141.0,7145.0,811.65,0.1872,114.7,0.1979
2026-08-12,7753.56,2026-12-31,141.0,7150.0,807.45,0.1869,115.3,0.1974
2026-08-12,7753.56,2026-12-31,141.0,7155.0,803.15,0.1865,116.0,0.1971
2026-08-12,7753.56,2026-12-31,141.0,7160.0,799.0,0.1863,116.7,0.1967
2026-08-12,7753.56,2026-12-31,141.0,7165.0,794.65,0.1859,117.35,0.1963
2026-08-12,7753.56,2026-12-31,141.0,7170.0,790.55,0.1857,118.0,0.1959
2026-08-12,7753.56,2026-12-31,141.0,7175.0,786.25,0.1853,118.7,0.1955
2026-08-12,7753.56,2026-12-31,141.0,7180.0,782.2,0.1851,119.4,0.1951
2026-08-12,7753.56,2026-12-31,141.0,7185.0,778.05,0.1848,120.1,0.1947
2026-08-12,7753.56,2026-12-31,141.0,7190.0,773.6,0.1843,120.8,0.1943
2026-08-12,7753.56,2026-12-31,141.0,7195.0,769.65,0.1842,121.5,0.194
2026-08-12,7753.56,2026-12-31,141.0,7200.0,765.3,0.1838,122.25,0.1936
2026-08-12,7753.56,2026-12-31,141.0,7205.0,761.0,0.1834,123.0,0.1932
2026-08-12,7753.56,2026-12-31,141.0,7210.0,757.1,0.1833,123.7,0.1928
2026-08-12,7753.56,2026-12-31,141.0,7215.0,752.85,0.1829,124.5,0.1925
2026-08-12,7753.56,2026-12-31,141.0,7220.0,748.6,0.1825,125.15,0.1921
2026-08-12,7753.56,2026-12-31,141.0,7225.0,744.25,0.1821,125.9,0.1917
2026-08-12,7753.56,2026-12-31,141.0,7230.0,740.15,0.1818,126.7,0.1913
2026-08-12,7753.56,2026-12-31,141.0,7235.0,736.1,0.1816,127.4,0.1909
2026-08-12,7753.56,2026-12-31,141.0,7240.0,731.8,0.1812,128.2,0.1906
2026-08-12,7753.56,2026-12-31,141.0,7245.0,728.35,0.1813,128.9,0.1901
2026-08-12,7753.56,2026-12-31,141.0,7250.0,723.65,0.1806,129.7,0.1898
2026-08-12,7753.56,2026-12-31,141.0,7255.0,719.45,0.1803,130.5,0.1894
2026-08-12,7753.56,2026-12-31,141.0,7260.0,715.25,0.1799,131.3,0.189
2026-08-12,7753.56,2026-12-31,141.0,7265.0,711.25,0.1797,132.1,0.1887
2026-08-12,7753.56,2026-12-31,141.0,7270.0,707.05,0.1793,132.9,0.1883
2026-08-12,7753.56,2026-12-31,141.0,7275.0,703.05,0.1791,133.65,0.1879
2026-08-12,7753.56,2026-12-31,141.0,7280.0,698.9,0.1787,134.55,0.1876
2026-08-12,7753.56,2026-12-31,141.0,7285.0,694.8,0.1784,135.35,0.1872
2026-08-12,7753.56,2026-12-31,141.0,7290.0,690.6,0.178,136.1,0.1868
2026-08-12,7753.56,2026-12-31,141.0,7295.0,686.7,0.1778,136.9,0.1864
2026-08-12,7753.56,2026-12-31,141.0,7300.0,682.4,0.1774,137.75,0.186
2026-08-12,7753.56,2026-12-31,141.0,7305.0,678.5,0.1772,138.6,0.1856
2026-08-12,7753.56,2026-12-31,141.0,7310.0,674.65,0.177,139.45,0.1853
2026-08-12,7753.56,2026-12-31,141.0,7315.0,670.9,0.1769,140.4,0.1849
2026-08-12,7753.56,2026-12-31,141.0,7320.0,666.3,0.1762,141.25,0.1846
2026-08-12,7753.56,2026-12-31,141.0,7325.0,662.1,0.1758,142.1,0.1842
2026-08-12,7753.56,2026-12-31,141.0,7330.0,658.35,0.1757,142.9,0.1838
2026-08-12,7753.56,2026-12-31,141.0,7335.0,654.1,0.1752,143.8,0.1834
2026-08-12,7753.56,2026-12-31,141.0,7340.0,650.05,0.1749,144.7,0.183
2026-08-12,7753.56,2026-12-31,141.0,7345.0,646.25,0.1747,145.6,0.1827
2026-08-12,7753.56,2026-12-31,141.0,7350.0,641.95,0.1742,146.55,0.1823
2026-08-12,7753.56,2026-12-31,141.0,7355.0,638.15,0.1741,147.4,0.1819
2026-08-12,7753.56,2026-12-31,141.0,7360.0,634.15,0.1738,148.3,0.1815
2026-08-12,7753.56,2026-12-31,141.0,7365.0,630.15,0.1734,149.25,0.1812
2026-08-12,7753.56,2026-12-31,141.0,7370.0,625.95,0.173,150.15,0.1808
2026-08-12,7753.56,2026-12-31,141.0,7375.0,622.0,0.1727,151.1,0.1804
2026-08-12,7753.56,2026-12-31,141.0,7380.0,618.1,0.1724,152.05,0.18
2026-08-12,7753.56,2026-12-31,141.0,7385.0,614.1,0.1721,153.0,0.1797
2026-08-12,7753.56,2026-12-31,141.0,7390.0,610.1,0.1718,153.95,0.1793
2026-08-12,7753.56,2026-12-31,141.0,7395.0,606.2,0.1715,154.95,0.1789
2026-08-12,7753.56,2026-12-31,141.0,7400.0,602.2,0.1711,155.9,0.1786
2026-08-12,7753.56,2026-12-31,141.0,7405.0,598.3,0.1708,156.9,0.1782
2026-08-12,7753.56,2026-12-31,141.0,7410.0,594.4,0.1706,157.9,0.1778
2026-08-12,7753.56,2026-12-31,141.0,7415.0,590.6,0.1703,158.9,0.1775
2026-08-12,7753.56,2026-12-31,141.0,7420.0,586.7,0.17,160.0,0.1772
2026-08-12,7753.56,2026-12-31,141.0,7425.0,582.8,0.1697,160.9,0.1767
2026-08-12,7753.56,2026-12-31,141.0,7430.0,578.95,0.1694,162.05,0.1764
2026-08-12,7753.56,2026-12-31,141.0,7435.0,575.05,0.1691,163.0,0.176
2026-08-12,7753.56,2026-12-31,141.0,7440.0,570.95,0.1687,164.0,0.1756
2026-08-12,7753.56,2026-12-31,141.0,7445.0,567.15,0.1684,165.05,0.1753
2026-08-12,7753.56,2026-12-31,141.0,7450.0,563.7,0.1683,166.15,0.1749
2026-08-12,7753.56,2026-12-31,141.0,7455.0,560.1,0.1682,167.2,0.1745
2026-08-12,7753.56,2026-12-31,141.0,7460.0,555.75,0.1676,168.25,0.1742
2026-08-12,7753.56,2026-12-31,141.0,7465.0,552.4,0.1676,169.35,0.1738
2026-08-12,7753.56,2026-12-31,141.0,7470.0,548.6,0.1673,170.45,0.1734
2026-08-12,7753.56,2026-12-31,141.0,7475.0,544.75,0.167,171.65,0.1731
2026-08-12,7753.56,2026-12-31,141.0,7480.0,540.75,0.1665,172.65,0.1727
2026-08-12,7753.56,2026-12-31,141.0,7485.0,537.1,0.1663,173.8,0.1724
2026-08-12,7753.56,2026-12-31,141.0,7490.0,533.25,0.166,174.9,0.172
2026-08-12,7753.56,2026-12-31,141.0,7495.0,529.65,0.1658,176.15,0.1717
2026-08-12,7753.56,2026-12-31,141.0,7500.0,525.75,0.1654,177.25,0.1713
2026-08-12,7753.56,2026-12-31,141.0,7505.0,521.85,0.165,178.35,0.1709
2026-08-12,7753.56,2026-12-31,141.0,7510.0,518.25,0.1648,179.5,0.1705
2026-08-12,7753.56,2026-12-31,141.0,7515.0,514.5,0.1645,180.75,0.1702
2026-08-12,7753.56,2026-12-31,141.0,7520.0,510.75,0.1642,181.85,0.1698
2026-08-12,7753.56,2026-12-31,141.0,7525.0,507.15,0.164,183.05,0.1695
2026-08-12,7753.56,2026-12-31,141.0,7530.0,503.25,0.1636,184.25,0.1691
2026-08-12,7753.56,2026-12-31,141.0,7535.0,499.5,0.1632,185.45,0.1687
2026-08-12,7753.56,2026-12-31,141.0,7540.0,496.05,0.1631,186.75,0.1684
2026-08-12,7753.56,2026-12-31,141.0,7545.0,492.15,0.1627,187.95,0.168
2026-08-12,7753.56,2026-12-31,141.0,7550.0,488.55,0.1624,189.15,0.1677
2026-08-12,7753.56,2026-12-31,141.0,7555.0,484.95,0.1621,190.45,0.1673
2026-08-12,7753.56,2026-12-31,141.0,7560.0,481.05,0.1617,191.7,0.167
2026-08-12,7753.56,2026-12-31,141.0,7565.0,477.75,0.1616,192.95,0.1666
2026-08-12,7753.56,2026-12-31,141.0,7570.0,474.0,0.1612,194.25,0.1662
2026-08-12,7753.56,2026-12-31,141.0,7575.0,470.4,0.161,195.55,0.1659
2026-08-12,7753.56,2026-12-31,141.0,7580.0,466.8,0.1607,196.9,0.1656
2026-08-12,7753.56,2026-12-31,141.0,7585.0,463.05,0.1603,198.15,0.1652
2026-08-12,7753.56,2026-12-31,141.0,7590.0,459.6,0.1601,199.6,0.1649
2026-08-12,7753.56,2026-12-31,141.0,7595.0,456.0,0.1598,200.85,0.1645
2026-08-12,7753.56,2026-12-31,141.0,7600.0,452.25,0.1594,202.2,0.1641
2026-08-12,7753.56,2026-12-31,141.0,7605.0,448.95,0.1592,203.55,0.1638
2026-08-12,7753.56,2026-12-31,141.0,7610.0,445.3,0.1589,204.95,0.1635
2026-08-12,7753.56,2026-12-31,141.0,7615.0,441.75,0.1586,206.35,0.1631
2026-08-12,7753.56,2026-12-31,141.0,7620.0,438.3,0.1584,207.8,0.1628
2026-08-12,7753.56,2026-12-31,141.0,7625.0,434.85,0.1581,209.25,0.1625
2026-08-12,7753.56,2026-12-31,141.0,7630.0,431.3,0.1578,210.55,0.162
2026-08-12,7753.56,2026-12-31,141.0,7635.0,427.65,0.1574,212.0,0.1617
2026-08-12,7753.56,2026-12-31,141.0,7640.0,424.35,0.1572,213.5,0.1614
2026-08-12,7753.56,2026-12-31,141.0,7645.0,420.9,0.1569,214.95,0.161
2026-08-12,7753.56,2026-12-31,141.0,7650.0,417.45,0.1567,216.35,0.1607
2026-08-12,7753.56,2026-12-31,141.0,7655.0,414.0,0.1564,217.95,0.1604
2026-08-12,7753.56,2026-12-31,141.0,7660.0,410.55,0.1561,219.3,0.16
2026-08-12,7753.56,2026-12-31,141.0,7665.0,407.25,0.1559,220.8,0.1596
2026-08-12,7753.56,2026-12-31,141.0,7670.0,403.65,0.1555,222.45,0.1593
2026-08-12,7753.56,2026-12-31,141.0,7675.0,400.35,0.1553,223.95,0.159
2026-08-12,7753.56,2026-12-31,141.0,7680.0,397.05,0.155,225.4,0.1586
2026-08-12,7753.56,2026-12-31,141.0,7685.0,393.7,0.1548,226.95,0.1582
2026-08-12,7753.56,2026-12-31,141.0,7690.0,390.3,0.1545,228.55,0.1579
2026-08-12,7753.56,2026-12-31,141.0,7695.0,387.0,0.1542,230.25,0.1576
2026-08-12,7753.56,2026-12-31,141.0,7700.0,383.55,0.1539,231.75,0.1572
2026-08-12,7753.56,2026-12-31,141.0,7705.0,380.2,0.1536,233.35,0.1569
2026-08-12,7753.56,2026-12-31,141.0,7710.0,376.95,0.1533,235.05,0.1566
2026-08-12,7753.56,2026-12-31,141.0,7715.0,373.65,0.153,236.6,0.1562
2026-08-12,7753.56,2026-12-31,141.0,7720.0,370.5,0.1528,238.35,0.1559
2026-08-12,7753.56,2026-12-31,141.0,7725.0,367.1,0.1525,240.0,0.1556
2026-08-12,7753.56,2026-12-31,141.0,7730.0,364.05,0.1523,241.65,0.1553
2026-08-12,7753.56,2026-12-31,141.0,7735.0,360.7,0.152,243.25,0.1549
2026-08-12,7753.56,2026-12-31,141.0,7740.0,357.45,0.1517,245.0,0.1546
2026-08-12,7753.56,2026-12-31,141.0,7745.0,354.25,0.1515,246.65,0.1542
2026-08-12,7753.56,2026-12-31,141.0,7750.0,351.1,0.1512,248.35,0.1538
2026-08-12,7753.56,2026-12-31,141.0,7755.0,348.0,0.151,250.15,0.1535
2026-08-12,7753.56,2026-12-31,141.0,7760.0,344.8,0.1507,251.95,0.1532
2026-08-12,7753.56,2026-12-31,141.0,7765.0,341.7,0.1505,253.65,0.1528
2026-08-12,7753.56,2026-12-31,141.0,7770.0,338.5,0.1502,255.45,0.1525
2026-08-12,7753.56,2026-12-31,141.0,7775.0,335.25,0.1499,257.3,0.1522
2026-08-12,7753.56,2026-12-31,141.0,7780.0,332.25,0.1497,259.0,0.1518
2026-08-12,7753.56,2026-12-31,141.0,7785.0,329.2,0.1494,260.9,0.1515
2026-08-12,7753.56,2026-12-31,141.0,7790.0,326.15,0.1492,262.7,0.1512
2026-08-12,7753.56,2026-12-31,141.0,7795.0,322.95,0.1489,264.55,0.1508
2026-08-12,7753.56,2026-12-31,141.0,7800.0,319.95,0.1486,266.55,0.1505
2026-08-12,7753.56,2026-12-31,141.0,7805.0,316.95,0.1484,268.3,0.1501
2026-08-12,7753.56,2026-12-31,141.0,7810.0,314.1,0.1482,270.15,0.1498
2026-08-12,7753.56,2026-12-31,141.0,7815.0,310.95,0.1479,272.15,0.1495
2026-08-12,7753.56,2026-12-31,141.0,7820.0,308.1,0.1477,274.1,0.1492
2026-08-12,7753.56,2026-12-31,141.0,7825.0,305.0,0.1474,276.05,0.1488
2026-08-12,7753.56,2026-12-31,141.0,7830.0,302.2,0.1473,278.05,0.1485
2026-08-12,7753.56,2026-12-31,141.0,7835.0,299.25,0.147,280.05,0.1482
2026-08-12,7753.56,2026-12-31,141.0,7840.0,296.25,0.1467,281.85,0.1477
2026-08-12,7753.56,2026-12-31,141.0,7845.0,293.3,0.1465,284.05,0.1475
2026-08-12,7753.56,2026-12-31,141.0,7850.0,290.5,0.1463,286.0,0.1471
2026-08-12,7753.56,2026-12-31,141.0,7855.0,287.55,0.146,288.15,0.1469
2026-08-12,7753.56,2026-12-31,141.0,7860.0,284.75,0.1458,290.15,0.1465
2026-08-12,7753.56,2026-12-31,141.0,7865.0,281.85,0.1455,292.35,0.1462
2026-08-12,7753.56,2026-12-31,141.0,7870.0,279.2,0.1454,294.45,0.1459
2026-08-12,7753.56,2026-12-31,141.0,7875.0,276.35,0.1451,296.5,0.1456
2026-08-12,7753.56,2026-12-31,141.0,7880.0,273.6,0.1449,298.55,0.1452
2026-08-12,7753.56,2026-12-31,141.0,7885.0,270.75,0.1447,300.7,0.1449
2026-08-12,7753.56,2026-12-31,141.0,7890.0,268.05,0.1445,302.95,0.1446
2026-08-12,7753.56,2026-12-31,141.0,7895.0,265.35,0.1443,305.05,0.1442
2026-08-12,7753.56,2026-12-31,141.0,7900.0,262.6,0.144,307.35,0.144
2026-08-12,7753.56,2026-12-31,141.0,7905.0,259.9,0.1438,309.5,0.1436
2026-08-12,7753.56,2026-12-31,141.0,7910.0,257.15,0.1436,311.7,0.1432
2026-08-12,7753.56,2026-12-31,141.0,7915.0,254.6,0.1434,313.9,0.1429
2026-08-12,7753.56,2026-12-31,141.0,7920.0,251.9,0.1432,316.3,0.1426
2026-08-12,7753.56,2026-12-31,141.0,7925.0,249.15,0.1429,318.55,0.1423
2026-08-12,7753.56,2026-12-31,141.0,7930.0,246.55,0.1427,320.8,0.1419
2026-08-12,7753.56,2026-12-31,141.0,7935.0,244.0,0.1425,323.15,0.1416
2026-08-12,7753.56,2026-12-31,141.0,7940.0,241.6,0.1424,325.4,0.1412
2026-08-12,7753.56,2026-12-31,141.0,7945.0,238.8,0.1421,327.8,0.1409
2026-08-12,7753.56,2026-12-31,141.0,7950.0,236.25,0.1419,330.1,0.1405
2026-08-12,7753.56,2026-12-31,141.0,7955.0,233.8,0.1417,332.5,0.1402
2026-08-12,7753.56,2026-12-31,141.0,7960.0,231.3,0.1415,334.95,0.1399
2026-08-12,7753.56,2026-12-31,141.0,7970.0,226.25,0.1411,339.75,0.1392
2026-08-12,7753.56,2026-12-31,141.0,7975.0,223.65,0.1408,342.2,0.1388
2026-08-12,7753.56,2026-12-31,141.0,7980.0,221.3,0.1407,344.65,0.1385
2026-08-12,7753.56,2026-12-31,141.0,7985.0,218.85,0.1405,347.25,0.1382
2026-08-12,7753.56,2026-12-31,141.0,7990.0,216.45,0.1403,349.65,0.1378
2026-08-12,7753.56,2026-12-31,141.0,7995.0,214.05,0.1401,352.15,0.1375
2026-08-12,7753.56,2026-12-31,141.0,8000.0,211.65,0.1399,354.75,0.1371
2026-08-12,7753.56,2026-12-31,141.0,8005.0,209.25,0.1397,357.25,0.1368
2026-08-12,7753.56,2026-12-31,141.0,8010.0,207.1,0.1396,359.8,0.1364
2026-08-12,7753.56,2026-12-31,141.0,8015.0,204.7,0.1394,362.4,0.1361
2026-08-12,7753.56,2026-12-31,141.0,8020.0,202.35,0.1392,365.0,0.1357
2026-08-12,7753.56,2026-12-31,141.0,8025.0,200.15,0.139,367.6,0.1354
2026-08-12,7753.56,2026-12-31,141.0,8030.0,197.8,0.1388,370.35,0.1351
2026-08-12,7753.56,2026-12-31,141.0,8035.0,195.45,0.1386,372.9,0.1347
2026-08-12,7753.56,2026-12-31,141.0,8040.0,193.3,0.1385,375.6,0.1343
2026-08-12,7753.56,2026-12-31,141.0,8045.0,191.0,0.1382,378.45,0.1341
2026-08-12,7753.56,2026-12-31,141.0,8050.0,188.85,0.1381,381.1,0.1337
2026-08-12,7753.56,2026-12-31,141.0,8055.0,186.7,0.1379,383.7,0.1332
2026-08-12,7753.56,2026-12-31,141.0,8060.0,184.55,0.1378,386.55,0.1329
2026-08-12,7753.56,2026-12-31,141.0,8065.0,182.4,0.1376,389.2,0.1324
2026-08-12,7753.56,2026-12-31,141.0,8070.0,180.2,0.1374,391.95,0.132
2026-08-12,7753.56,2026-12-31,141.0,8075.0,178.05,0.1372,394.95,0.1317
2026-08-12,7753.56,2027-01-15,156.0,5825.0,2041.55,0.263,33.8,0.2973
2026-08-12,7753.56,2027-01-15,156.0,5850.0,2017.8,0.2621,34.5,0.2952
2026-08-12,7753.56,2027-01-15,156.0,5875.0,1994.1,0.2613,35.25,0.2931
2026-08-12,7753.56,2027-01-15,156.0,5900.0,1970.35,0.2602,36.2,0.2914
2026-08-12,7753.56,2027-01-15,156.0,5925.0,1946.7,0.2593,37.05,0.2895
2026-08-12,7753.56,2027-01-15,156.0,5950.0,1923.05,0.2582,37.85,0.2874
2026-08-12,7753.56,2027-01-15,156.0,5975.0,1898.6,0.2554,38.75,0.2854
2026-08-12,7753.56,2027-01-15,156.0,6000.0,1875.75,0.256,39.65,0.2835
2026-08-12,7753.56,2027-01-15,156.0,6025.0,1851.45,0.2534,40.55,0.2815
2026-08-12,7753.56,2027-01-15,156.0,6050.0,1828.6,0.2538,41.55,0.2796
2026-08-12,7753.56,2027-01-15,156.0,6075.0,1804.35,0.2512,42.55,0.2777
2026-08-12,7753.56,2027-01-15,156.0,6100.0,1781.6,0.2515,43.5,0.2756
2026-08-12,7753.56,2027-01-15,156.0,6125.0,1757.35,0.2489,44.5,0.2737
2026-08-12,7753.56,2027-01-15,156.0,6150.0,1734.6,0.249,45.55,0.2717
2026-08-12,7753.56,2027-01-15,156.0,6175.0,1710.5,0.2466,46.65,0.2698
2026-08-12,7753.56,2027-01-15,156.0,6200.0,1687.05,0.2453,47.85,0.268
2026-08-12,7753.56,2027-01-15,156.0,6225.0,1663.85,0.2443,49.1,0.2662
2026-08-12,7753.56,2027-01-15,156.0,6250.0,1640.4,0.2429,50.3,0.2643
2026-08-12,7753.56,2027-01-15,156.0,6275.0,1617.15,0.2417,51.4,0.2622
2026-08-12,7753.56,2027-01-15,156.0,6300.0,1593.85,0.2403,52.8,0.2605
2026-08-12,7753.56,2027-01-15,156.0,6325.0,1570.65,0.2391,54.1,0.2586
2026-08-12,7753.56,2027-01-15,156.0,6350.0,1548.2,0.2389,55.3,0.2566
2026-08-12,7753.56,2027-01-15,156.0,6375.0,1524.35,0.2365,56.7,0.2547
2026-08-12,7753.56,2027-01-15,156.0,6400.0,1502.0,0.2362,58.1,0.2528
2026-08-12,7753.56,2027-01-15,156.0,6425.0,1478.25,0.2339,59.65,0.2511
2026-08-12,7753.56,2027-01-15,156.0,6450.0,1455.2,0.2326,61.15,0.2492
2026-08-12,7753.56,2027-01-15,156.0,6475.0,1432.25,0.2312,62.6,0.2472
2026-08-12,7753.56,2027-01-15,156.0,6500.0,1409.2,0.2297,64.2,0.2454
2026-08-12,7753.56,2027-01-15,156.0,6525.0,1386.4,0.2284,65.9,0.2436
2026-08-12,7753.56,2027-01-15,156.0,6550.0,1363.45,0.2269,67.55,0.2417
2026-08-12,7753.56,2027-01-15,156.0,6575.0,1340.65,0.2255,69.3,0.2399
2026-08-12,7753.56,2027-01-15,156.0,6600.0,1317.6,0.2237,71.0,0.2379
2026-08-12,7753.56,2027-01-15,156.0,6625.0,1295.15,0.2226,72.85,0.2361
2026-08-12,7753.56,2027-01-15,156.0,6650.0,1272.6,0.2212,74.7,0.2342
2026-08-12,7753.56,2027-01-15,156.0,6675.0,1250.1,0.2199,76.65,0.2324
2026-08-12,7753.56,2027-01-15,156.0,6700.0,1227.55,0.2184,78.6,0.2305
2026-08-12,7753.56,2027-01-15,156.0,6725.0,1205.05,0.2169,80.65,0.2286
2026-08-12,7753.56,2027-01-15,156.0,6750.0,1182.45,0.2152,82.7,0.2267
2026-08-12,7753.56,2027-01-15,156.0,6775.0,1160.25,0.2139,84.85,0.2249
2026-08-12,7753.56,2027-01-15,156.0,6800.0,1137.8,0.2122,87.1,0.223
2026-08-12,7753.56,2027-01-15,156.0,6825.0,1115.8,0.2109,89.35,0.2211
2026-08-12,7753.56,2027-01-15,156.0,6850.0,1093.45,0.2092,91.7,0.2193
2026-08-12,7753.56,2027-01-15,156.0,6875.0,1071.45,0.2078,94.15,0.2174
2026-08-12,7753.56,2027-01-15,156.0,6900.0,1049.1,0.206,96.65,0.2156
2026-08-12,7753.56,2027-01-15,156.0,6925.0,1027.5,0.2047,99.2,0.2137
2026-08-12,7753.56,2027-01-15,156.0,6950.0,1005.65,0.2032,101.85,0.2118
2026-08-12,7753.56,2027-01-15,156.0,6975.0,983.9,0.2016,104.6,0.21
2026-08-12,7753.56,2027-01-15,156.0,7000.0,961.85,0.1998,107.35,0.208
2026-08-12,7753.56,2027-01-15,156.0,7025.0,940.6,0.1985,110.3,0.2062
2026-08-12,7753.56,2027-01-15,156.0,7050.0,918.95,0.1968,113.25,0.2043
2026-08-12,7753.56,2027-01-15,156.0,7075.0,897.6,0.1953,116.4,0.2025
2026-08-12,7753.56,2027-01-15,156.0,7100.0,876.0,0.1935,119.55,0.2006
2026-08-12,7753.56,2027-01-15,156.0,7125.0,855.05,0.1921,122.9,0.1988
2026-08-12,7753.56,2027-01-15,156.0,7150.0,833.7,0.1904,126.3,0.1969
2026-08-12,7753.56,2027-01-15,156.0,7175.0,812.95,0.1889,129.85,0.1951
2026-08-12,7753.56,2027-01-15,156.0,7200.0,791.9,0.1872,133.5,0.1932
2026-08-12,7753.56,2027-01-15,156.0,7225.0,771.4,0.1858,137.2,0.1913
2026-08-12,7753.56,2027-01-15,156.0,7250.0,750.7,0.1841,141.2,0.1895
2026-08-12,7753.56,2027-01-15,156.0,7275.0,730.3,0.1826,145.25,0.1877
2026-08-12,7753.56,2027-01-15,156.0,7300.0,709.9,0.181,149.45,0.1858
2026-08-12,7753.56,2027-01-15,156.0,7325.0,690.55,0.1799,153.9,0.1841
2026-08-12,7753.56,2027-01-15,156.0,7350.0,670.45,0.1783,158.35,0.1822
2026-08-12,7753.56,2027-01-15,156.0,7375.0,650.6,0.1767,162.95,0.1803
2026-08-12,7753.56,2027-01-15,156.0,7400.0,630.95,0.1751,167.95,0.1786
2026-08-12,7753.56,2027-01-15,156.0,7425.0,611.35,0.1735,172.9,0.1767
2026-08-12,7753.56,2027-01-15,156.0,7450.0,592.25,0.1721,178.3,0.175
2026-08-12,7753.56,2027-01-15,156.0,7475.0,573.35,0.1706,183.7,0.1732
2026-08-12,7753.56,2027-01-15,156.0,7500.0,554.4,0.1691,189.4,0.1715
2026-08-12,7753.56,2027-01-15,156.0,7525.0,535.75,0.1676,195.2,0.1697
2026-08-12,7753.56,2027-01-15,156.0,7550.0,517.4,0.1661,201.3,0.1679
2026-08-12,7753.56,2027-01-15,156.0,7575.0,499.25,0.1646,207.75,0.1662
2026-08-12,7753.56,2027-01-15,156.0,7600.0,481.2,0.1631,214.25,0.1644
2026-08-12,7753.56,2027-01-15,156.0,7625.0,463.5,0.1617,221.15,0.1627
2026-08-12,7753.56,2027-01-15,156.0,7650.0,446.15,0.1603,228.3,0.161
2026-08-12,7753.56,2027-01-15,156.0,7675.0,428.75,0.1587,235.65,0.1592
2026-08-12,7753.56,2027-01-15,156.0,7700.0,412.25,0.1575,243.5,0.1576
2026-08-12,7753.56,2027-01-15,156.0,7725.0,395.75,0.1562,251.5,0.1559
2026-08-12,7753.56,2027-01-15,156.0,7750.0,379.3,0.1547,259.8,0.1542
2026-08-12,7753.56,2027-01-15,156.0,7775.0,363.5,0.1534,268.5,0.1525
2026-08-12,7753.56,2027-01-15,156.0,7800.0,347.95,0.1521,277.5,0.1509
2026-08-12,7753.56,2027-01-15,156.0,7825.0,332.85,0.1509,286.9,0.1492
2026-08-12,7753.56,2027-01-15,156.0,7850.0,318.0,0.1497,296.6,0.1475
2026-08-12,7753.56,2027-01-15,156.0,7875.0,303.55,0.1485,306.65,0.1458
2026-08-12,7753.56,2027-01-15,156.0,7900.0,289.75,0.1475,317.1,0.1442
2026-08-12,7753.56,2027-01-15,156.0,7925.0,276.0,0.1464,328.05,0.1425
2026-08-12,7753.56,2027-01-15,156.0,7950.0,262.8,0.1453,339.3,0.1408
2026-08-12,7753.56,2027-01-15,156.0,7970.0,252.5,0.1445,348.55,0.1394
2026-08-12,7753.56,2027-01-15,156.0,7975.0,249.95,0.1443,350.9,0.139
2026-08-12,7753.56,2027-01-15,156.0,7980.0,247.5,0.1441,353.3,0.1387
2026-08-12,7753.56,2027-01-15,156.0,7990.0,242.45,0.1437,358.05,0.1379
2026-08-12,7753.56,2027-01-15,156.0,8000.0,237.5,0.1433,362.95,0.1373
2026-08-12,7753.56,2027-01-15,156.0,8010.0,232.5,0.1429,367.85,0.1365
2026-08-12,7753.56,2027-01-15,156.0,8020.0,227.7,0.1425,372.8,0.1358
2026-08-12,7753.56,2027-01-15,156.0,8025.0,225.25,0.1423,375.4,0.1355
2026-08-12,7753.56,2027-01-15,156.0,8030.0,222.95,0.1421,377.9,0.1351
2026-08-12,7753.56,2027-01-15,156.0,8040.0,218.25,0.1417,383.0,0.1344
2026-08-12,7753.56,2027-01-15,156.0,8050.0,213.6,0.1413,388.1,0.1336
2026-08-12,7753.56,2027-01-15,156.0,8060.0,209.1,0.141,393.4,0.1328
2026-08-12,7753.56,2027-01-15,156.0,8070.0,204.55,0.1406,398.7,0.1319
2026-08-12,7753.56,2027-01-15,156.0,8075.0,202.4,0.1405,401.4,0.1315
2026-08-12,7753.56,2027-01-15,156.0,8080.0,200.25,0.1403,404.1,0.1311
2026-08-12,7753.56,2027-01-15,156.0,8090.0,195.8,0.1399,409.55,0.1302
2026-08-12,7753.56,2027-01-15,156.0,8100.0,191.55,0.1396,415.1,0.1294
2026-08-12,7753.56,2027-01-15,156.0,8110.0,187.3,0.1393,420.6,0.1285
2026-08-12,7753.56,2027-01-15,156.0,8120.0,183.05,0.1389,426.25,0.1276
2026-08-12,7753.56,2027-01-15,156.0,8125.0,181.0,0.1387,429.15,0.1272
2026-08-12,7753.56,2027-01-15,156.0,8130.0,178.95,0.1385,431.95,0.1267
2026-08-12,7753.56,2027-01-15,156.0,8140.0,174.9,0.1382,437.75,0.1258
2026-08-12,7753.56,2027-01-15,156.0,8150.0,171.0,0.1379,443.9,0.1251
2026-08-12,7753.56,2027-01-15,156.0,8160.0,167.05,0.1376,449.9,0.124
2026-08-12,7753.56,2027-01-15,156.0,8175.0,161.25,0.1371,458.75,0.1222
2026-08-12,7753.56,2027-01-15,156.0,8200.0,152.05,0.1364,473.95,0.119
2026-08-12,7753.56,2027-01-15,156.0,8225.0,143.2,0.1357,489.7,0.1153
2026-08-12,7753.56,2027-01-15,156.0,8250.0,134.7,0.135,505.7,0.1102
2026-08-12,7753.56,2027-01-15,156.0,8275.0,126.5,0.1342,522.15,0.1007
2026-08-12,7753.56,2027-01-15,156.0,8300.0,118.9,0.1337,,
2026-08-12,7753.56,2027-01-15,156.0,8325.0,111.5,0.1331,,
2026-08-12,7753.56,2027-01-15,156.0,8350.0,104.6,0.1325,,
2026-08-12,7753.56,2027-01-15,156.0,8375.0,97.95,0.132,,
2026-08-12,7753.56,2027-01-15,156.0,8400.0,91.7,0.1315,,
2026-08-12,7753.56,2027-01-15,156.0,8425.0,85.7,0.131,,
2026-08-12,7753.56,2027-01-15,156.0,8450.0,79.95,0.1304,,
2026-08-12,7753.56,2027-01-15,156.0,8475.0,74.6,0.13,,
2026-08-12,7753.56,2027-01-15,156.0,8500.0,69.55,0.1295,,
2026-08-12,7753.56,2027-01-15,156.0,8525.0,64.9,0.1292,,
2026-08-12,7753.56,2027-01-15,156.0,8550.0,60.45,0.1289,,
2026-08-12,7753.56,2027-01-15,156.0,8575.0,56.2,0.1285,,
2026-08-12,7753.56,2027-01-15,156.0,8600.0,52.2,0.1281,,
2026-08-12,7753.56,2027-01-15,156.0,8625.0,48.6,0.1279,,
2026-08-12,7753.56,2027-01-15,156.0,8650.0,45.0,0.1275,,
2026-08-12,7753.56,2027-01-15,156.0,8675.0,41.8,0.1272,,
2026-08-12,7753.56,2027-01-15,156.0,8700.0,38.75,0.127,,
2026-08-12,7753.56,2027-01-15,156.0,8725.0,35.9,0.1267,,
2026-08-12,7753.56,2027-01-15,156.0,8750.0,33.2,0.1265,,
2026-08-12,7753.56,2027-01-15,156.0,8775.0,30.7,0.1262,,
2026-08-12,7753.56,2027-01-15,156.0,8800.0,28.4,0.1261,,
2026-08-12,7753.56,2027-01-15,156.0,8850.0,24.25,0.1257,,
2026-08-12,7753.56,2027-01-15,156.0,8900.0,20.75,0.1256,,
2026-08-12,7753.56,2027-01-29,170.0,5850.0,2028.75,0.2581,39.25,0.2921
2026-08-12,7753.56,2027-01-29,170.0,5900.0,1981.75,0.2567,41.0,0.2883
2026-08-12,7753.56,2027-01-29,170.0,5950.0,1934.4,0.2542,42.85,0.2844
2026-08-12,7753.56,2027-01-29,170.0,6000.0,1887.6,0.2526,44.85,0.2807
2026-08-12,7753.56,2027-01-29,170.0,6050.0,1840.95,0.2509,46.95,0.277
2026-08-12,7753.56,2027-01-29,170.0,6100.0,1794.0,0.2484,49.15,0.2732
2026-08-12,7753.56,2027-01-29,170.0,6125.0,1770.65,0.2472,50.3,0.2714
2026-08-12,7753.56,2027-01-29,170.0,6150.0,1747.6,0.2465,51.45,0.2695
2026-08-12,7753.56,2027-01-29,170.0,6175.0,1724.55,0.2457,52.7,0.2677
2026-08-12,7753.56,2027-01-29,170.0,6200.0,1700.5,0.2432,53.95,0.2659
2026-08-12,7753.56,2027-01-29,170.0,6225.0,1678.1,0.2433,55.25,0.2641
2026-08-12,7753.56,2027-01-29,170.0,6250.0,1654.85,0.2419,56.55,0.2622
2026-08-12,7753.56,2027-01-29,170.0,6275.0,1631.5,0.2404,57.9,0.2604
2026-08-12,7753.56,2027-01-29,170.0,6300.0,1608.25,0.2389,59.3,0.2586
2026-08-12,7753.56,2027-01-29,170.0,6325.0,1585.3,0.2378,60.7,0.2568
2026-08-12,7753.56,2027-01-29,170.0,6350.0,1562.3,0.2366,62.15,0.255
2026-08-12,7753.56,2027-01-29,170.0,6375.0,1539.35,0.2354,63.7,0.2532
2026-08-12,7753.56,2027-01-29,170.0,6400.0,1517.7,0.2357,65.2,0.2514
2026-08-12,7753.56,2027-01-29,170.0,6425.0,1494.75,0.2343,66.8,0.2496
2026-08-12,7753.56,2027-01-29,170.0,6450.0,1471.9,0.233,68.4,0.2477
2026-08-12,7753.56,2027-01-29,170.0,6475.0,1449.05,0.2316,70.05,0.2459
2026-08-12,7753.56,2027-01-29,170.0,6500.0,1426.25,0.2302,71.8,0.2442
2026-08-12,7753.56,2027-01-29,170.0,6525.0,1403.55,0.2288,73.5,0.2423
2026-08-12,7753.56,2027-01-29,170.0,6550.0,1380.9,0.2274,75.3,0.2405
2026-08-12,7753.56,2027-01-29,170.0,6575.0,1358.1,0.2259,77.2,0.2388
2026-08-12,7753.56,2027-01-29,170.0,6600.0,1335.6,0.2245,79.1,0.237
2026-08-12,7753.56,2027-01-29,170.0,6625.0,1313.3,0.2233,81.0,0.2351
2026-08-12,7753.56,2027-01-29,170.0,6650.0,1290.6,0.2217,83.05,0.2334
2026-08-12,7753.56,2027-01-29,170.0,6675.0,1268.25,0.2203,85.1,0.2315
2026-08-12,7753.56,2027-01-29,170.0,6700.0,1245.75,0.2187,87.2,0.2297
2026-08-12,7753.56,2027-01-29,170.0,6725.0,1223.45,0.2173,89.4,0.228
2026-08-12,7753.56,2027-01-29,170.0,6750.0,1201.4,0.216,91.6,0.2261
2026-08-12,7753.56,2027-01-29,170.0,6775.0,1179.45,0.2148,93.95,0.2244
2026-08-12,7753.56,2027-01-29,170.0,6800.0,1157.1,0.2131,96.3,0.2226
2026-08-12,7753.56,2027-01-29,170.0,6825.0,1134.85,0.2114,98.75,0.2208
2026-08-12,7753.56,2027-01-29,170.0,6850.0,1112.85,0.2099,101.2,0.219
2026-08-12,7753.56,2027-01-29,170.0,6875.0,1091.15,0.2086,103.8,0.2172
2026-08-12,7753.56,2027-01-29,170.0,6900.0,1069.3,0.2071,106.45,0.2154
2026-08-12,7753.56,2027-01-29,170.0,6925.0,1047.5,0.2055,109.15,0.2136
2026-08-12,7753.56,2027-01-29,170.0,6950.0,1025.6,0.2039,111.95,0.2118
2026-08-12,7753.56,2027-01-29,170.0,6975.0,1004.25,0.2025,114.85,0.21
2026-08-12,7753.56,2027-01-29,170.0,7000.0,982.7,0.201,117.8,0.2082
2026-08-12,7753.56,2027-01-29,170.0,7025.0,961.35,0.1995,120.8,0.2063
2026-08-12,7753.56,2027-01-29,170.0,7050.0,940.0,0.198,124.0,0.2046
2026-08-12,7753.56,2027-01-29,170.0,7075.0,918.7,0.1964,127.25,0.2028
2026-08-12,7753.56,2027-01-29,170.0,7100.0,897.4,0.1947,130.55,0.201
2026-08-12,7753.56,2027-01-29,170.0,7125.0,876.45,0.1932,134.05,0.1992
2026-08-12,7753.56,2027-01-29,170.0,7150.0,855.45,0.1916,137.65,0.1974
2026-08-12,7753.56,2027-01-29,170.0,7160.0,847.3,0.1911,139.15,0.1968
2026-08-12,7753.56,2027-01-29,170.0,7170.0,838.95,0.1905,140.55,0.196
2026-08-12,7753.56,2027-01-29,170.0,7175.0,834.7,0.1901,141.35,0.1957
2026-08-12,7753.56,2027-01-29,170.0,7180.0,830.65,0.1899,142.05,0.1953
2026-08-12,7753.56,2027-01-29,170.0,7190.0,822.25,0.1892,143.55,0.1946
2026-08-12,7753.56,2027-01-29,170.0,7200.0,814.05,0.1886,145.15,0.1939
2026-08-12,7753.56,2027-01-29,170.0,7210.0,805.75,0.188,146.75,0.1932
2026-08-12,7753.56,2027-01-29,170.0,7220.0,797.9,0.1876,148.25,0.1924
2026-08-12,7753.56,2027-01-29,170.0,7225.0,793.8,0.1873,149.15,0.1922
2026-08-12,7753.56,2027-01-29,170.0,7230.0,789.7,0.187,149.95,0.1918
2026-08-12,7753.56,2027-01-29,170.0,7240.0,781.4,0.1863,151.55,0.1911
2026-08-12,7753.56,2027-01-29,170.0,7250.0,773.3,0.1857,153.2,0.1904
2026-08-12,7753.56,2027-01-29,170.0,7260.0,765.1,0.185,154.75,0.1896
2026-08-12,7753.56,2027-01-29,170.0,7270.0,756.95,0.1844,156.45,0.1889
2026-08-12,7753.56,2027-01-29,170.0,7275.0,752.8,0.184,157.35,0.1886
2026-08-12,7753.56,2027-01-29,170.0,7280.0,749.05,0.1839,158.25,0.1882
2026-08-12,7753.56,2027-01-29,170.0,7290.0,740.8,0.1832,160.05,0.1876
2026-08-12,7753.56,2027-01-29,170.0,7300.0,732.75,0.1826,161.8,0.1869
2026-08-12,7753.56,2027-01-29,170.0,7310.0,724.75,0.182,163.55,0.1861
2026-08-12,7753.56,2027-01-29,170.0,7320.0,716.7,0.1813,165.45,0.1855
2026-08-12,7753.56,2027-01-29,170.0,7325.0,712.85,0.1811,166.25,0.1851
2026-08-12,7753.56,2027-01-29,170.0,7330.0,708.75,0.1807,167.25,0.1848
2026-08-12,7753.56,2027-01-29,170.0,7340.0,701.0,0.1802,169.15,0.1841
2026-08-12,7753.56,2027-01-29,170.0,7350.0,692.9,0.1795,170.95,0.1833
2026-08-12,7753.56,2027-01-29,170.0,7360.0,685.2,0.179,172.95,0.1827
2026-08-12,7753.56,2027-01-29,170.0,7370.0,677.4,0.1785,174.85,0.182
2026-08-12,7753.56,2027-01-29,170.0,7375.0,673.35,0.1781,175.85,0.1816
2026-08-12,7753.56,2027-01-29,170.0,7380.0,669.5,0.1778,176.75,0.1812
2026-08-12,7753.56,2027-01-29,170.0,7390.0,661.7,0.1772,178.85,0.1806
2026-08-12,7753.56,2027-01-29,170.0,7400.0,653.95,0.1766,180.85,0.1799
2026-08-12,7753.56,2027-01-29,170.0,7410.0,646.5,0.1762,182.85,0.1792
2026-08-12,7753.56,2027-01-29,170.0,7420.0,638.35,0.1754,184.95,0.1785
2026-08-12,7753.56,2027-01-29,170.0,7425.0,634.6,0.1751,186.05,0.1782
2026-08-12,7753.56,2027-01-29,170.0,7430.0,630.65,0.1748,187.05,0.1778
2026-08-12,7753.56,2027-01-29,170.0,7440.0,623.2,0.1743,189.25,0.1771
2026-08-12,7753.56,2027-01-29,170.0,7450.0,615.7,0.1738,191.35,0.1764
2026-08-12,7753.56,2027-01-29,170.0,7460.0,608.1,0.1732,193.55,0.1757
2026-08-12,7753.56,2027-01-29,170.0,7470.0,600.6,0.1726,195.8,0.175
2026-08-12,7753.56,2027-01-29,170.0,7475.0,596.8,0.1723,196.9,0.1747
2026-08-12,7753.56,2027-01-29,170.0,7480.0,593.0,0.172,198.05,0.1743
2026-08-12,7753.56,2027-01-29,170.0,7490.0,585.45,0.1714,200.35,0.1737
2026-08-12,7753.56,2027-01-29,170.0,7500.0,577.9,0.1708,202.7,0.173
2026-08-12,7753.56,2027-01-29,170.0,7510.0,570.4,0.1702,205.15,0.1724
2026-08-12,7753.56,2027-01-29,170.0,7520.0,563.15,0.1697,207.45,0.1716
2026-08-12,7753.56,2027-01-29,170.0,7525.0,559.45,0.1694,208.75,0.1713
2026-08-12,7753.56,2027-01-29,170.0,7530.0,555.85,0.1691,209.85,0.1709
2026-08-12,7753.56,2027-01-29,170.0,7540.0,548.4,0.1685,212.45,0.1703
2026-08-12,7753.56,2027-01-29,170.0,7550.0,541.15,0.1679,214.85,0.1696
2026-08-12,7753.56,2027-01-29,170.0,7560.0,534.05,0.1674,217.4,0.1689
2026-08-12,7753.56,2027-01-29,170.0,7570.0,526.8,0.1669,220.1,0.1683
2026-08-12,7753.56,2027-01-29,170.0,7575.0,523.2,0.1666,221.4,0.168
2026-08-12,7753.56,2027-01-29,170.0,7580.0,519.65,0.1663,222.55,0.1675
2026-08-12,7753.56,2027-01-29,170.0,7590.0,512.35,0.1657,225.25,0.1669
2026-08-12,7753.56,2027-01-29,170.0,7600.0,505.2,0.1651,227.9,0.1662
2026-08-12,7753.56,2027-01-29,170.0,7610.0,498.2,0.1646,230.75,0.1656
2026-08-12,7753.56,2027-01-29,170.0,7620.0,491.15,0.164,233.45,0.1649
2026-08-12,7753.56,2027-01-29,170.0,7625.0,487.8,0.1638,234.9,0.1646
2026-08-12,7753.56,2027-01-29,170.0,7630.0,484.25,0.1635,236.2,0.1642
2026-08-12,7753.56,2027-01-29,170.0,7640.0,477.2,0.1629,239.1,0.1635
2026-08-12,7753.56,2027-01-29,170.0,7650.0,470.3,0.1623,241.9,0.1628
2026-08-12,7753.56,2027-01-29,170.0,7660.0,463.5,0.1618,244.9,0.1622
2026-08-12,7753.56,2027-01-29,170.0,7670.0,456.65,0.1613,247.9,0.1615
2026-08-12,7753.56,2027-01-29,170.0,7675.0,453.4,0.1611,249.5,0.1612
2026-08-12,7753.56,2027-01-29,170.0,7680.0,449.95,0.1608,250.9,0.1609
2026-08-12,7753.56,2027-01-29,170.0,7690.0,443.15,0.1602,254.1,0.1603
2026-08-12,7753.56,2027-01-29,170.0,7700.0,436.6,0.1597,257.2,0.1596
2026-08-12,7753.56,2027-01-29,170.0,7710.0,429.9,0.1592,260.4,0.1589
2026-08-12,7753.56,2027-01-29,170.0,7720.0,423.4,0.1587,263.4,0.1582
2026-08-12,7753.56,2027-01-29,170.0,7725.0,420.0,0.1584,265.2,0.1579
2026-08-12,7753.56,2027-01-29,170.0,7730.0,416.75,0.1581,266.65,0.1575
2026-08-12,7753.56,2027-01-29,170.0,7740.0,410.3,0.1576,270.1,0.1569
2026-08-12,7753.56,2027-01-29,170.0,7750.0,403.85,0.1571,273.4,0.1563
2026-08-12,7753.56,2027-01-29,170.0,7760.0,397.6,0.1567,276.8,0.1556
2026-08-12,7753.56,2027-01-29,170.0,7770.0,391.05,0.1561,280.25,0.1549
2026-08-12,7753.56,2027-01-29,170.0,7775.0,387.95,0.1559,282.0,0.1546
2026-08-12,7753.56,2027-01-29,170.0,7780.0,384.75,0.1556,283.7,0.1543
2026-08-12,7753.56,2027-01-29,170.0,7790.0,378.8,0.1552,287.3,0.1536
2026-08-12,7753.56,2027-01-29,170.0,7800.0,372.45,0.1547,290.8,0.1529
2026-08-12,7753.56,2027-01-29,170.0,7810.0,366.2,0.1541,294.55,0.1523
2026-08-12,7753.56,2027-01-29,170.0,7820.0,360.2,0.1537,298.1,0.1516
2026-08-12,7753.56,2027-01-29,170.0,7825.0,357.15,0.1534,300.05,0.1513
2026-08-12,7753.56,2027-01-29,170.0,7830.0,354.0,0.1531,302.1,0.151
2026-08-12,7753.56,2027-01-29,170.0,7840.0,348.0,0.1526,305.8,0.1503
2026-08-12,7753.56,2027-01-29,170.0,7850.0,342.4,0.1523,309.65,0.1497
2026-08-12,7753.56,2027-01-29,170.0,7860.0,336.35,0.1518,313.7,0.1491
2026-08-12,7753.56,2027-01-29,170.0,7870.0,330.4,0.1512,317.55,0.1484
2026-08-12,7753.56,2027-01-29,170.0,7875.0,327.6,0.1511,319.65,0.1481
2026-08-12,7753.56,2027-01-29,170.0,7880.0,324.7,0.1508,321.65,0.1477
2026-08-12,7753.56,2027-01-29,170.0,7890.0,319.05,0.1504,325.6,0.147
2026-08-12,7753.56,2027-01-29,170.0,7900.0,313.6,0.15,329.7,0.1463
2026-08-12,7753.56,2027-01-29,170.0,7910.0,308.0,0.1496,334.05,0.1457
2026-08-12,7753.56,2027-01-29,170.0,7920.0,302.3,0.1491,338.25,0.145
2026-08-12,7753.56,2027-01-29,170.0,7925.0,299.55,0.1489,340.5,0.1447
2026-08-12,7753.56,2027-01-29,170.0,7930.0,296.85,0.1487,342.6,0.1444
2026-08-12,7753.56,2027-01-29,170.0,7940.0,291.35,0.1482,347.0,0.1437
2026-08-12,7753.56,2027-01-29,170.0,7950.0,286.05,0.1478,351.45,0.143
2026-08-12,7753.56,2027-01-29,170.0,7960.0,280.75,0.1474,355.9,0.1423
2026-08-12,7753.56,2027-01-29,170.0,7975.0,272.8,0.1467,362.75,0.1412
2026-08-12,7753.56,2027-01-29,170.0,8000.0,260.2,0.1458,374.35,0.1395
2026-08-12,7753.56,2027-01-29,170.0,8025.0,247.65,0.1447,386.35,0.1377
2026-08-12,7753.56,2027-01-29,170.0,8050.0,235.7,0.1438,399.0,0.136
2026-08-12,7753.56,2027-01-29,170.0,8075.0,224.1,0.1429,412.0,0.134
2026-08-12,7753.56,2027-01-29,170.0,8100.0,212.8,0.142,425.2,0.1319
2026-08-12,7753.56,2027-01-29,170.0,8125.0,201.9,0.1411,438.9,0.1298
2026-08-12,7753.56,2027-01-29,170.0,8150.0,191.55,0.1403,452.85,0.1276
2026-08-12,7753.56,2027-01-29,170.0,8175.0,181.45,0.1395,467.3,0.1251
2026-08-12,7753.56,2027-01-29,170.0,8200.0,171.8,0.1388,482.05,0.1221
2026-08-12,7753.56,2027-01-29,170.0,8225.0,162.4,0.138,497.0,0.1188
2026-08-12,7753.56,2027-01-29,170.0,8250.0,153.5,0.1373,512.6,0.1146
2026-08-12,7753.56,2027-01-29,170.0,8275.0,144.85,0.1366,528.45,0.109
2026-08-12,7753.56,2027-01-29,170.0,8300.0,136.6,0.1359,,
2026-08-12,7753.56,2027-01-29,170.0,8325.0,128.75,0.1353,,
2026-08-12,7753.56,2027-01-29,170.0,8350.0,121.4,0.1348,,
2026-08-12,7753.56,2027-01-29,170.0,8375.0,114.25,0.1342,,
2026-08-12,7753.56,2027-01-29,170.0,8400.0,107.35,0.1336,,
2026-08-12,7753.56,2027-01-29,170.0,8425.0,100.95,0.1331,,
2026-08-12,7753.56,2027-01-29,170.0,8450.0,94.75,0.1326,,
2026-08-12,7753.56,2027-01-29,170.0,8475.0,88.95,0.1322,,
2026-08-12,7753.56,2027-01-29,170.0,8500.0,83.3,0.1317,,
2026-08-12,7753.56,2027-01-29,170.0,8550.0,73.1,0.1309,,
2026-08-12,7753.56,2027-01-29,170.0,8600.0,63.85,0.1301,,
2026-08-12,7753.56,2027-01-29,170.0,8650.0,55.75,0.1294,,
2026-08-12,7753.56,2027-01-29,170.0,8700.0,48.45,0.1288,,
2026-08-12,7753.56,2027-01-29,170.0,8800.0,36.35,0.1278,,
2026-08-12,7753.56,2027-01-29,170.0,8900.0,27.05,0.127,,
