date,spot,expiry,T_days,strike,call_mid,call_iv,put_mid,put_iv
2026-07-22,7498.96,2026-07-23,1.0,5800.0,1705.0,2.3539,0.03,1.3903
2026-07-22,7498.96,2026-07-23,1.0,5900.0,1605.05,2.2196,0.03,1.303
2026-07-22,7498.96,2026-07-23,1.0,6000.0,1504.35,2.0414,0.03,1.217
2026-07-22,7498.96,2026-07-23,1.0,6100.0,1404.75,1.9324,0.03,1.132
2026-07-22,7498.96,2026-07-23,1.0,6200.0,1304.5,1.7864,0.03,1.0482
2026-07-22,7498.96,2026-07-23,1.0,6300.0,1205.1,1.6865,0.03,0.9653
2026-07-22,7498.96,2026-07-23,1.0,6325.0,1179.15,1.605,0.03,0.9447
2026-07-22,7498.96,2026-07-23,1.0,6350.0,1154.15,1.5729,0.03,0.9242
2026-07-22,7498.96,2026-07-23,1.0,6375.0,1133.8,1.7348,0.03,0.9038
2026-07-22,7498.96,2026-07-23,1.0,6400.0,1104.15,1.5089,0.03,0.8834
2026-07-22,7498.96,2026-07-23,1.0,6425.0,1080.5,1.5404,0.03,0.863
2026-07-22,7498.96,2026-07-23,1.0,6450.0,1059.7,1.6589,0.03,0.8427
2026-07-22,7498.96,2026-07-23,1.0,6475.0,1029.15,1.4133,0.03,0.8225
2026-07-22,7498.96,2026-07-23,1.0,6500.0,1004.55,1.4004,0.03,0.8023
2026-07-22,7498.96,2026-07-23,1.0,6525.0,981.2,1.4366,0.03,0.7822
2026-07-22,7498.96,2026-07-23,1.0,6550.0,955.15,1.3621,0.03,0.7621
2026-07-22,7498.96,2026-07-23,1.0,6575.0,929.2,1.2887,0.05,0.7811
2026-07-22,7498.96,2026-07-23,1.0,6600.0,905.2,1.2992,0.05,0.7601
2026-07-22,7498.96,2026-07-23,1.0,6625.0,879.4,1.234,0.05,0.7393
2026-07-22,7498.96,2026-07-23,1.0,6650.0,860.45,1.3978,0.05,0.7184
2026-07-22,7498.96,2026-07-23,1.0,6675.0,831.4,1.2445,0.05,0.6976
2026-07-22,7498.96,2026-07-23,1.0,6700.0,804.65,1.1487,0.05,0.6769
2026-07-22,7498.96,2026-07-23,1.0,6725.0,780.25,1.139,0.05,0.6561
2026-07-22,7498.96,2026-07-23,1.0,6750.0,755.95,1.1303,0.05,0.6355
2026-07-22,7498.96,2026-07-23,1.0,6775.0,730.0,1.0654,0.05,0.6148
2026-07-22,7498.96,2026-07-23,1.0,6800.0,704.35,1.0098,0.05,0.5942
2026-07-22,7498.96,2026-07-23,1.0,6825.0,679.25,0.9744,0.05,0.5736
2026-07-22,7498.96,2026-07-23,1.0,6850.0,654.65,0.9568,0.05,0.553
2026-07-22,7498.96,2026-07-23,1.0,6860.0,644.8,0.9491,0.05,0.5448
2026-07-22,7498.96,2026-07-23,1.0,6870.0,634.8,0.9362,0.05,0.5366
2026-07-22,7498.96,2026-07-23,1.0,6875.0,629.95,0.9347,0.05,0.5325
2026-07-22,7498.96,2026-07-23,1.0,6880.0,624.95,0.9282,0.05,0.5284
2026-07-22,7498.96,2026-07-23,1.0,6890.0,614.95,0.9153,0.05,0.5201
2026-07-22,7498.96,2026-07-23,1.0,6900.0,604.95,0.9024,0.05,0.5119
2026-07-22,7498.96,2026-07-23,1.0,6910.0,595.0,0.891,0.05,0.5037
2026-07-22,7498.96,2026-07-23,1.0,6920.0,584.65,0.8671,0.05,0.4955
2026-07-22,7498.96,2026-07-23,1.0,6925.0,579.65,0.8606,0.05,0.4914
2026-07-22,7498.96,2026-07-23,1.0,6930.0,574.65,0.8542,0.05,0.4873
2026-07-22,7498.96,2026-07-23,1.0,6940.0,564.65,0.8414,0.05,0.4791
2026-07-22,7498.96,2026-07-23,1.0,6950.0,554.65,0.8285,0.07,0.4874
2026-07-22,7498.96,2026-07-23,1.0,6960.0,544.65,0.8156,0.05,0.4627
2026-07-22,7498.96,2026-07-23,1.0,6970.0,534.8,0.8072,0.05,0.4545
2026-07-22,7498.96,2026-07-23,1.0,6975.0,529.8,0.8007,0.07,0.4663
2026-07-22,7498.96,2026-07-23,1.0,6980.0,524.8,0.7943,0.07,0.4621
2026-07-22,7498.96,2026-07-23,1.0,6990.0,514.85,0.7827,0.07,0.4536
2026-07-22,7498.96,2026-07-23,1.0,7000.0,504.85,0.7697,0.07,0.4452
2026-07-22,7498.96,2026-07-23,1.0,7005.0,499.85,0.7632,0.07,0.441
2026-07-22,7498.96,2026-07-23,1.0,7010.0,495.0,0.7609,0.07,0.4368
2026-07-22,7498.96,2026-07-23,1.0,7015.0,490.0,0.7544,0.07,0.4326
2026-07-22,7498.96,2026-07-23,1.0,7020.0,485.0,0.7478,0.07,0.4283
2026-07-22,7498.96,2026-07-23,1.0,7025.0,480.0,0.7413,0.07,0.4241
2026-07-22,7498.96,2026-07-23,1.0,7030.0,475.0,0.7348,0.1,0.431
2026-07-22,7498.96,2026-07-23,1.0,7035.0,470.0,0.7282,0.1,0.4267
2026-07-22,7498.96,2026-07-23,1.0,7040.0,465.0,0.7216,0.1,0.4224
2026-07-22,7498.96,2026-07-23,1.0,7045.0,460.0,0.7151,0.1,0.4181
2026-07-22,7498.96,2026-07-23,1.0,7050.0,455.0,0.7085,0.1,0.4138
2026-07-22,7498.96,2026-07-23,1.0,7055.0,450.0,0.7019,0.1,0.4094
2026-07-22,7498.96,2026-07-23,1.0,7060.0,445.05,0.6967,0.1,0.4051
2026-07-22,7498.96,2026-07-23,1.0,7065.0,440.05,0.6901,0.1,0.4008
2026-07-22,7498.96,2026-07-23,1.0,7070.0,435.05,0.6835,0.1,0.3965
2026-07-22,7498.96,2026-07-23,1.0,7075.0,430.05,0.6769,0.1,0.3922
2026-07-22,7498.96,2026-07-23,1.0,7080.0,425.05,0.6703,0.1,0.3879
2026-07-22,7498.96,2026-07-23,1.0,7085.0,420.05,0.6637,0.1,0.3835
2026-07-22,7498.96,2026-07-23,1.0,7090.0,415.05,0.657,0.1,0.3792
2026-07-22,7498.96,2026-07-23,1.0,7095.0,410.05,0.6504,0.1,0.3749
2026-07-22,7498.96,2026-07-23,1.0,7100.0,405.05,0.6438,0.1,0.3706
2026-07-22,7498.96,2026-07-23,1.0,7105.0,400.05,0.6371,0.12,0.3742
2026-07-22,7498.96,2026-07-23,1.0,7110.0,395.05,0.6305,0.12,0.3698
2026-07-22,7498.96,2026-07-23,1.0,7115.0,390.05,0.6238,0.12,0.3654
2026-07-22,7498.96,2026-07-23,1.0,7120.0,385.05,0.6172,0.12,0.361
2026-07-22,7498.96,2026-07-23,1.0,7125.0,379.7,0.6021,0.12,0.3566
2026-07-22,7498.96,2026-07-23,1.0,7130.0,374.85,0.5991,0.12,0.3522
2026-07-22,7498.96,2026-07-23,1.0,7135.0,369.9,0.5936,0.12,0.3478
2026-07-22,7498.96,2026-07-23,1.0,7140.0,364.9,0.587,0.12,0.3434
2026-07-22,7498.96,2026-07-23,1.0,7145.0,359.9,0.5803,0.12,0.339
2026-07-22,7498.96,2026-07-23,1.0,7150.0,354.9,0.5736,0.12,0.3345
2026-07-22,7498.96,2026-07-23,1.0,7155.0,349.9,0.5669,0.12,0.3301
2026-07-22,7498.96,2026-07-23,1.0,7160.0,344.9,0.5603,0.12,0.3257
2026-07-22,7498.96,2026-07-23,1.0,7165.0,339.9,0.5536,0.12,0.3213
2026-07-22,7498.96,2026-07-23,1.0,7170.0,334.9,0.5468,0.12,0.3168
2026-07-22,7498.96,2026-07-23,1.0,7175.0,329.9,0.5401,0.15,0.3183
2026-07-22,7498.96,2026-07-23,1.0,7180.0,324.9,0.5334,0.15,0.3138
2026-07-22,7498.96,2026-07-23,1.0,7185.0,319.9,0.5266,0.15,0.3093
2026-07-22,7498.96,2026-07-23,1.0,7190.0,314.9,0.5199,0.15,0.3048
2026-07-22,7498.96,2026-07-23,1.0,7195.0,309.9,0.5131,0.15,0.3003
2026-07-22,7498.96,2026-07-23,1.0,7200.0,304.9,0.5064,0.15,0.2958
2026-07-22,7498.96,2026-07-23,1.0,7205.0,299.9,0.4996,0.15,0.2913
2026-07-22,7498.96,2026-07-23,1.0,7210.0,294.95,0.4938,0.12,0.2813
2026-07-22,7498.96,2026-07-23,1.0,7215.0,289.95,0.487,0.12,0.2769
2026-07-22,7498.96,2026-07-23,1.0,7220.0,284.95,0.4802,0.12,0.2724
2026-07-22,7498.96,2026-07-23,1.0,7225.0,279.95,0.4733,0.12,0.268
2026-07-22,7498.96,2026-07-23,1.0,7230.0,274.95,0.4665,0.15,0.2686
2026-07-22,7498.96,2026-07-23,1.0,7235.0,269.95,0.4596,0.15,0.2641
2026-07-22,7498.96,2026-07-23,1.0,7240.0,264.95,0.4527,0.15,0.2596
2026-07-22,7498.96,2026-07-23,1.0,7245.0,259.95,0.4458,0.17,0.2594
2026-07-22,7498.96,2026-07-23,1.0,7250.0,254.95,0.4389,0.15,0.2505
2026-07-22,7498.96,2026-07-23,1.0,7255.0,249.95,0.432,0.17,0.2501
2026-07-22,7498.96,2026-07-23,1.0,7260.0,244.95,0.4251,0.22,0.2527
2026-07-22,7498.96,2026-07-23,1.0,7265.0,239.95,0.4181,0.22,0.248
2026-07-22,7498.96,2026-07-23,1.0,7270.0,235.0,0.412,0.22,0.2432
2026-07-22,7498.96,2026-07-23,1.0,7275.0,229.85,0.4023,0.2,0.2352
2026-07-22,7498.96,2026-07-23,1.0,7280.0,224.85,0.3953,0.22,0.2337
2026-07-22,7498.96,2026-07-23,1.0,7285.0,219.85,0.3883,0.22,0.2289
2026-07-22,7498.96,2026-07-23,1.0,7290.0,215.2,0.3874,0.23,0.2242
2026-07-22,7498.96,2026-07-23,1.0,7295.0,210.2,0.3803,0.25,0.2222
2026-07-22,7498.96,2026-07-23,1.0,7300.0,205.2,0.3731,0.25,0.2174
2026-07-22,7498.96,2026-07-23,1.0,7305.0,200.25,0.3668,0.28,0.2151
2026-07-22,7498.96,2026-07-23,1.0,7310.0,195.25,0.3596,0.33,0.2148
2026-07-22,7498.96,2026-07-23,1.0,7315.0,190.1,0.3499,0.33,0.2098
2026-07-22,7498.96,2026-07-23,1.0,7320.0,185.1,0.3427,0.35,0.2068
2026-07-22,7498.96,2026-07-23,1.0,7325.0,180.0,0.3339,0.32,0.1997
2026-07-22,7498.96,2026-07-23,1.0,7330.0,175.35,0.3321,0.35,0.1967
2026-07-22,7498.96,2026-07-23,1.0,7335.0,170.2,0.3224,0.4,0.1952
2026-07-22,7498.96,2026-07-23,1.0,7340.0,165.1,0.3136,0.45,0.1932
2026-07-22,7498.96,2026-07-23,1.0,7345.0,160.45,0.3114,0.47,0.1895
2026-07-22,7498.96,2026-07-23,1.0,7350.0,155.4,0.3032,0.55,0.1883
2026-07-22,7498.96,2026-07-23,1.0,7355.0,150.55,0.2978,0.62,0.1865
2026-07-22,7498.96,2026-07-23,1.0,7360.0,145.45,0.2889,0.7,0.1844
2026-07-22,7498.96,2026-07-23,1.0,7365.0,140.7,0.2847,0.75,0.1808
2026-07-22,7498.96,2026-07-23,1.0,7370.0,135.8,0.2783,0.85,0.1789
2026-07-22,7498.96,2026-07-23,1.0,7375.0,130.9,0.2719,0.93,0.1758
2026-07-22,7498.96,2026-07-23,1.0,7380.0,126.0,0.2653,1.05,0.1739
2026-07-22,7498.96,2026-07-23,1.0,7385.0,121.1,0.2587,1.18,0.1715
2026-07-22,7498.96,2026-07-23,1.0,7390.0,116.05,0.2501,1.32,0.1694
2026-07-22,7498.96,2026-07-23,1.0,7395.0,111.4,0.2462,1.5,0.1673
2026-07-22,7498.96,2026-07-23,1.0,7400.0,106.6,0.2404,1.62,0.1637
2026-07-22,7498.96,2026-07-23,1.0,7405.0,101.8,0.2343,1.9,0.1628
2026-07-22,7498.96,2026-07-23,1.0,7410.0,96.95,0.2276,2.17,0.1611
2026-07-22,7498.96,2026-07-23,1.0,7415.0,92.35,0.2232,2.42,0.1584
2026-07-22,7498.96,2026-07-23,1.0,7420.0,87.65,0.2176,2.77,0.1567
2026-07-22,7498.96,2026-07-23,1.0,7425.0,82.75,0.2098,3.15,0.1547
2026-07-22,7498.96,2026-07-23,1.0,7430.0,78.15,0.2046,3.5,0.1517
2026-07-22,7498.96,2026-07-23,1.0,7435.0,73.95,0.2028,4.05,0.1506
2026-07-22,7498.96,2026-07-23,1.0,7440.0,68.95,0.1933,4.6,0.1486
2026-07-22,7498.96,2026-07-23,1.0,7445.0,64.6,0.1893,5.2,0.1464
2026-07-22,7498.96,2026-07-23,1.0,7450.0,60.3,0.1852,5.9,0.1444
2026-07-22,7498.96,2026-07-23,1.0,7455.0,56.0,0.1806,6.65,0.1421
2026-07-22,7498.96,2026-07-23,1.0,7460.0,51.9,0.1769,7.5,0.1398
2026-07-22,7498.96,2026-07-23,1.0,7465.0,47.8,0.1727,8.45,0.1374
2026-07-22,7498.96,2026-07-23,1.0,7470.0,43.9,0.1692,9.55,0.1353
2026-07-22,7498.96,2026-07-23,1.0,7475.0,40.1,0.1657,10.75,0.133
2026-07-22,7498.96,2026-07-23,1.0,7480.0,36.35,0.1617,12.1,0.1307
2026-07-22,7498.96,2026-07-23,1.0,7485.0,32.8,0.1583,13.55,0.128
2026-07-22,7498.96,2026-07-23,1.0,7490.0,29.4,0.1549,15.2,0.1255
2026-07-22,7498.96,2026-07-23,1.0,7495.0,26.2,0.1519,16.95,0.1225
2026-07-22,7498.96,2026-07-23,1.0,7500.0,23.15,0.1488,18.85,0.1191
2026-07-22,7498.96,2026-07-23,1.0,7505.0,20.2,0.1452,20.95,0.1157
2026-07-22,7498.96,2026-07-23,1.0,7510.0,17.55,0.1424,23.05,0.1108
2026-07-22,7498.96,2026-07-23,1.0,7515.0,15.0,0.1391,25.7,0.1077
2026-07-22,7498.96,2026-07-23,1.0,7520.0,12.65,0.1357,28.45,0.1035
2026-07-22,7498.96,2026-07-23,1.0,7525.0,10.55,0.1326,31.3,0.0978
2026-07-22,7498.96,2026-07-23,1.0,7530.0,8.65,0.1294,34.35,0.0906
2026-07-22,7498.96,2026-07-23,1.0,7535.0,7.0,0.1265,37.6,0.0805
2026-07-22,7498.96,2026-07-23,1.0,7540.0,5.5,0.123,41.2,0.0629
2026-07-22,7498.96,2026-07-23,1.0,7545.0,4.3,0.1204,44.75,0.1427
2026-07-22,7498.96,2026-07-23,1.0,7550.0,3.2,0.1168,,
2026-07-22,7498.96,2026-07-23,1.0,7555.0,2.42,0.1148,53.1,0.0869
2026-07-22,7498.96,2026-07-23,1.0,7560.0,1.77,0.1125,,
2026-07-22,7498.96,2026-07-23,1.0,7565.0,1.27,0.1104,,
2026-07-22,7498.96,2026-07-23,1.0,7570.0,0.93,0.1091,,
2026-07-22,7498.96,2026-07-23,1.0,7575.0,0.68,0.1084,70.7,0.1388
2026-07-22,7498.96,2026-07-23,1.0,7580.0,0.48,0.1074,,
2026-07-22,7498.96,2026-07-23,1.0,7585.0,0.33,0.1062,,
2026-07-22,7498.96,2026-07-23,1.0,7590.0,0.25,0.1072,,
2026-07-22,7498.96,2026-07-23,1.0,7595.0,0.17,0.1068,,
2026-07-22,7498.96,2026-07-23,1.0,7600.0,0.12,0.107,,
2026-07-22,7498.96,2026-07-23,1.0,7605.0,0.15,0.1141,,
2026-07-22,7498.96,2026-07-23,1.0,7610.0,0.1,0.1131,,
2026-07-22,7498.96,2026-07-23,1.0,7615.0,0.08,0.1138,110.6,0.1781
2026-07-22,7498.96,2026-07-23,1.0,7620.0,0.08,0.1182,115.6,0.1358
2026-07-22,7498.96,2026-07-23,1.0,7625.0,0.08,0.1225,120.6,0.1406
2026-07-22,7498.96,2026-07-23,1.0,7630.0,0.05,0.1215,125.5,0.1453
2026-07-22,7498.96,2026-07-23,1.0,7635.0,0.03,0.1176,129.85,0.15
2026-07-22,7498.96,2026-07-23,1.0,7640.0,0.05,0.1298,135.35,0.1547
2026-07-22,7498.96,2026-07-23,1.0,7645.0,0.05,0.1339,139.55,0.1593
2026-07-22,7498.96,2026-07-23,1.0,7650.0,0.05,0.138,145.35,0.164
2026-07-22,7498.96,2026-07-23,1.0,7655.0,0.05,0.1421,149.05,0.1686
2026-07-22,7498.96,2026-07-23,1.0,7660.0,0.05,0.1462,155.15,0.1732
2026-07-22,7498.96,2026-07-23,1.0,7665.0,0.05,0.1502,160.35,0.1778
2026-07-22,7498.96,2026-07-23,1.0,7670.0,0.05,0.1543,164.05,0.1824
2026-07-22,7498.96,2026-07-23,1.0,7675.0,0.05,0.1583,170.35,0.3347
2026-07-22,7498.96,2026-07-23,1.0,7680.0,0.03,0.1523,175.3,0.1914
2026-07-22,7498.96,2026-07-23,1.0,7685.0,0.05,0.1663,180.3,0.196
2026-07-22,7498.96,2026-07-23,1.0,7690.0,0.03,0.1599,185.15,0.2005
2026-07-22,7498.96,2026-07-23,1.0,7695.0,0.05,0.1743,190.35,0.205
2026-07-22,7498.96,2026-07-23,1.0,7700.0,0.03,0.1675,195.3,0.2094
2026-07-22,7498.96,2026-07-23,1.0,7705.0,0.05,0.1823,200.3,0.2139
2026-07-22,7498.96,2026-07-23,1.0,7710.0,0.05,0.1862,205.15,0.2183
2026-07-22,7498.96,2026-07-23,1.0,7715.0,0.05,0.1902,210.55,0.2228
2026-07-22,7498.96,2026-07-23,1.0,7720.0,0.05,0.1941,215.35,0.2272
2026-07-22,7498.96,2026-07-23,1.0,7725.0,0.05,0.198,220.75,0.2316
2026-07-22,7498.96,2026-07-23,1.0,7730.0,0.05,0.2019,224.05,0.236
2026-07-22,7498.96,2026-07-23,1.0,7735.0,0.03,0.1936,230.1,0.2404
2026-07-22,7498.96,2026-07-23,1.0,7740.0,0.03,0.1973,233.3,0.2448
2026-07-22,7498.96,2026-07-23,1.0,7745.0,0.03,0.201,240.3,0.2491
2026-07-22,7498.96,2026-07-23,1.0,7750.0,0.03,0.2047,245.35,0.2535
2026-07-22,7498.96,2026-07-23,1.0,7755.0,0.03,0.2084,249.95,0.2578
2026-07-22,7498.96,2026-07-23,1.0,7760.0,0.03,0.212,255.3,0.2621
2026-07-22,7498.96,2026-07-23,1.0,7770.0,0.03,0.2194,264.85,0.2708
2026-07-22,7498.96,2026-07-23,1.0,7775.0,0.03,0.223,269.3,0.2751
2026-07-22,7498.96,2026-07-23,1.0,7780.0,0.03,0.2266,275.75,0.2793
2026-07-22,7498.96,2026-07-23,1.0,7790.0,0.03,0.2339,285.3,0.2879
2026-07-22,7498.96,2026-07-23,1.0,7800.0,0.03,0.2411,295.3,0.2964
2026-07-22,7498.96,2026-07-23,1.0,7810.0,0.03,0.2483,305.15,0.3049
2026-07-22,7498.96,2026-07-23,1.0,7820.0,0.03,0.2555,311.45,0.3133
2026-07-22,7498.96,2026-07-23,1.0,7825.0,0.03,0.2591,320.75,0.3175
2026-07-22,7498.96,2026-07-23,1.0,7830.0,0.03,0.2627,321.1,0.3217
2026-07-22,7498.96,2026-07-23,1.0,7850.0,0.03,0.2769,342.35,0.3384
2026-07-22,7498.96,2026-07-23,1.0,7875.0,0.03,0.2946,370.4,0.3591
2026-07-22,7498.96,2026-07-23,1.0,7900.0,0.03,0.3121,395.35,0.3796
2026-07-22,7498.96,2026-07-23,1.0,7925.0,0.03,0.3295,420.2,0.3999
2026-07-22,7498.96,2026-07-23,1.0,7950.0,0.03,0.3468,445.35,0.4201
2026-07-22,7498.96,2026-07-23,1.0,7975.0,0.03,0.3639,468.0,0.4401
2026-07-22,7498.96,2026-07-23,1.0,8000.0,0.03,0.381,495.3,0.4599
2026-07-22,7498.96,2026-07-23,1.0,8025.0,0.03,0.3979,520.3,0.4796
2026-07-22,7498.96,2026-07-23,1.0,8050.0,0.03,0.4147,545.3,0.4992
2026-07-22,7498.96,2026-07-23,1.0,8075.0,0.03,0.4315,569.95,0.5186
2026-07-22,7498.96,2026-07-23,1.0,8100.0,0.03,0.4481,595.3,0.5379
2026-07-22,7498.96,2026-07-23,1.0,8200.0,0.03,0.5136,695.3,0.614
2026-07-22,7498.96,2026-07-23,1.0,8300.0,0.03,0.5777,795.3,0.6883
2026-07-22,7498.96,2026-07-23,1.0,8400.0,0.03,0.6405,893.05,0.761
2026-07-22,7498.96,2026-07-23,1.0,8600.0,0.03,0.7626,1095.1,0.9022
2026-07-22,7498.96,2026-07-24,2.0,5700.0,1806.8,1.8179,0.03,1.0461
2026-07-22,7498.96,2026-07-24,2.0,5800.0,1706.75,1.7149,0.03,0.9834
2026-07-22,7498.96,2026-07-24,2.0,5900.0,1606.9,1.6208,0.03,0.9217
2026-07-22,7498.96,2026-07-24,2.0,5950.0,1556.9,1.5713,0.03,0.8912
2026-07-22,7498.96,2026-07-24,2.0,5975.0,1531.9,1.5466,0.03,0.876
2026-07-22,7498.96,2026-07-24,2.0,6000.0,1505.7,1.4761,0.03,0.8609
2026-07-22,7498.96,2026-07-24,2.0,6025.0,1481.85,1.4957,0.03,0.8458
2026-07-22,7498.96,2026-07-24,2.0,6050.0,1457.0,1.4765,0.03,0.8307
2026-07-22,7498.96,2026-07-24,2.0,6075.0,1432.0,1.452,0.05,0.8565
2026-07-22,7498.96,2026-07-24,2.0,6100.0,1407.0,1.4276,0.03,0.8008
2026-07-22,7498.96,2026-07-24,2.0,6125.0,1382.0,1.4033,0.05,0.8253
2026-07-22,7498.96,2026-07-24,2.0,6150.0,1357.0,1.379,0.05,0.8098
2026-07-22,7498.96,2026-07-24,2.0,6175.0,1332.0,1.3547,0.05,0.7943
2026-07-22,7498.96,2026-07-24,2.0,6200.0,1306.95,1.329,0.05,0.7789
2026-07-22,7498.96,2026-07-24,2.0,6225.0,1282.05,1.308,0.05,0.7635
2026-07-22,7498.96,2026-07-24,2.0,6250.0,1257.1,1.2855,0.05,0.7482
2026-07-22,7498.96,2026-07-24,2.0,6275.0,1232.1,1.2615,0.05,0.7329
2026-07-22,7498.96,2026-07-24,2.0,6300.0,1207.1,1.2374,0.05,0.7177
2026-07-22,7498.96,2026-07-24,2.0,6325.0,1182.1,1.2135,0.05,0.7025
2026-07-22,7498.96,2026-07-24,2.0,6350.0,1157.1,1.1895,0.05,0.6874
2026-07-22,7498.96,2026-07-24,2.0,6375.0,1132.05,1.1642,0.05,0.6722
2026-07-22,7498.96,2026-07-24,2.0,6400.0,1107.05,1.1404,0.05,0.6572
2026-07-22,7498.96,2026-07-24,2.0,6425.0,1082.2,1.1208,0.05,0.6421
2026-07-22,7498.96,2026-07-24,2.0,6450.0,1057.2,1.097,0.05,0.6271
2026-07-22,7498.96,2026-07-24,2.0,6475.0,1032.2,1.0732,0.05,0.6122
2026-07-22,7498.96,2026-07-24,2.0,6500.0,1007.2,1.0495,0.05,0.5972
2026-07-22,7498.96,2026-07-24,2.0,6525.0,982.2,1.0257,0.07,0.6012
2026-07-22,7498.96,2026-07-24,2.0,6550.0,957.15,1.0007,0.07,0.5859
2026-07-22,7498.96,2026-07-24,2.0,6560.0,947.15,0.9913,0.07,0.5798
2026-07-22,7498.96,2026-07-24,2.0,6570.0,937.15,0.9818,0.07,0.5737
2026-07-22,7498.96,2026-07-24,2.0,6575.0,932.15,0.9771,0.07,0.5707
2026-07-22,7498.96,2026-07-24,2.0,6580.0,927.25,0.9749,0.07,0.5676
2026-07-22,7498.96,2026-07-24,2.0,6590.0,917.3,0.9666,0.07,0.5616
2026-07-22,7498.96,2026-07-24,2.0,6600.0,907.3,0.9572,0.05,0.5379
2026-07-22,7498.96,2026-07-24,2.0,6610.0,897.3,0.9477,0.07,0.5494
2026-07-22,7498.96,2026-07-24,2.0,6620.0,887.3,0.9382,0.07,0.5433
2026-07-22,7498.96,2026-07-24,2.0,6625.0,882.3,0.9335,0.07,0.5403
2026-07-22,7498.96,2026-07-24,2.0,6630.0,877.3,0.9287,0.07,0.5373
2026-07-22,7498.96,2026-07-24,2.0,6640.0,867.3,0.9193,0.07,0.5312
2026-07-22,7498.96,2026-07-24,2.0,6650.0,857.3,0.9098,0.07,0.5251
2026-07-22,7498.96,2026-07-24,2.0,6660.0,847.3,0.9003,0.07,0.5191
2026-07-22,7498.96,2026-07-24,2.0,6670.0,837.3,0.8909,0.07,0.513
2026-07-22,7498.96,2026-07-24,2.0,6675.0,832.3,0.8862,0.1,0.5225
2026-07-22,7498.96,2026-07-24,2.0,6680.0,827.3,0.8814,0.1,0.5194
2026-07-22,7498.96,2026-07-24,2.0,6690.0,817.25,0.8708,0.1,0.5133
2026-07-22,7498.96,2026-07-24,2.0,6700.0,807.25,0.8614,0.1,0.5071
2026-07-22,7498.96,2026-07-24,2.0,6710.0,797.25,0.8519,0.1,0.5009
2026-07-22,7498.96,2026-07-24,2.0,6720.0,787.35,0.8447,0.1,0.4948
2026-07-22,7498.96,2026-07-24,2.0,6725.0,782.4,0.8411,0.1,0.4917
2026-07-22,7498.96,2026-07-24,2.0,6730.0,777.4,0.8363,0.1,0.4886
2026-07-22,7498.96,2026-07-24,2.0,6740.0,767.4,0.8269,0.12,0.492
2026-07-22,7498.96,2026-07-24,2.0,6750.0,756.45,0.7959,0.12,0.4858
2026-07-22,7498.96,2026-07-24,2.0,6760.0,746.8,0.7946,0.12,0.4795
2026-07-22,7498.96,2026-07-24,2.0,6770.0,736.8,0.7853,0.12,0.4733
2026-07-22,7498.96,2026-07-24,2.0,6775.0,731.8,0.7806,0.12,0.4702
2026-07-22,7498.96,2026-07-24,2.0,6780.0,726.3,0.7645,0.12,0.4671
2026-07-22,7498.96,2026-07-24,2.0,6790.0,716.5,0.7598,0.12,0.4608
2026-07-22,7498.96,2026-07-24,2.0,6800.0,706.5,0.7505,0.12,0.4546
2026-07-22,7498.96,2026-07-24,2.0,6810.0,696.5,0.7412,0.12,0.4484
2026-07-22,7498.96,2026-07-24,2.0,6820.0,686.5,0.7319,0.12,0.4421
2026-07-22,7498.96,2026-07-24,2.0,6825.0,681.55,0.7283,0.12,0.439
2026-07-22,7498.96,2026-07-24,2.0,6830.0,676.55,0.7236,0.12,0.4359
2026-07-22,7498.96,2026-07-24,2.0,6840.0,666.55,0.7143,0.12,0.4297
2026-07-22,7498.96,2026-07-24,2.0,6850.0,656.55,0.705,0.15,0.4307
2026-07-22,7498.96,2026-07-24,2.0,6860.0,646.55,0.6956,0.15,0.4244
2026-07-22,7498.96,2026-07-24,2.0,6870.0,636.6,0.6873,0.17,0.4243
2026-07-22,7498.96,2026-07-24,2.0,6875.0,631.75,0.6857,0.2,0.4266
2026-07-22,7498.96,2026-07-24,2.0,6880.0,626.75,0.681,0.17,0.4179
2026-07-22,7498.96,2026-07-24,2.0,6890.0,616.75,0.6717,0.17,0.4115
2026-07-22,7498.96,2026-07-24,2.0,6900.0,606.9,0.6652,0.17,0.4051
2026-07-22,7498.96,2026-07-24,2.0,6910.0,596.9,0.6558,0.17,0.3987
2026-07-22,7498.96,2026-07-24,2.0,6920.0,586.95,0.6473,0.17,0.3924
2026-07-22,7498.96,2026-07-24,2.0,6925.0,581.95,0.6426,0.17,0.3892
2026-07-22,7498.96,2026-07-24,2.0,6930.0,576.95,0.6379,0.17,0.386
2026-07-22,7498.96,2026-07-24,2.0,6940.0,566.95,0.6284,0.17,0.3796
2026-07-22,7498.96,2026-07-24,2.0,6950.0,556.95,0.6189,0.17,0.3732
2026-07-22,7498.96,2026-07-24,2.0,6960.0,547.0,0.6104,0.22,0.3762
2026-07-22,7498.96,2026-07-24,2.0,6970.0,537.0,0.6009,0.22,0.3697
2026-07-22,7498.96,2026-07-24,2.0,6975.0,532.0,0.5961,0.22,0.3665
2026-07-22,7498.96,2026-07-24,2.0,6980.0,527.0,0.5914,0.22,0.3632
2026-07-22,7498.96,2026-07-24,2.0,6990.0,517.0,0.5819,0.22,0.3567
2026-07-22,7498.96,2026-07-24,2.0,7000.0,506.35,0.5605,0.25,0.3541
2026-07-22,7498.96,2026-07-24,2.0,7005.0,501.7,0.5622,0.22,0.3469
2026-07-22,7498.96,2026-07-24,2.0,7010.0,496.7,0.5575,0.22,0.3437
2026-07-22,7498.96,2026-07-24,2.0,7015.0,491.7,0.5528,0.22,0.3404
2026-07-22,7498.96,2026-07-24,2.0,7020.0,486.7,0.548,0.22,0.3371
2026-07-22,7498.96,2026-07-24,2.0,7025.0,481.7,0.5433,0.25,0.3376
2026-07-22,7498.96,2026-07-24,2.0,7030.0,476.7,0.5385,0.28,0.3378
2026-07-22,7498.96,2026-07-24,2.0,7035.0,471.7,0.5338,0.28,0.3345
2026-07-22,7498.96,2026-07-24,2.0,7040.0,466.75,0.5299,0.28,0.3311
2026-07-22,7498.96,2026-07-24,2.0,7045.0,461.75,0.5251,0.28,0.3278
2026-07-22,7498.96,2026-07-24,2.0,7050.0,456.75,0.5203,0.28,0.3245
2026-07-22,7498.96,2026-07-24,2.0,7055.0,452.1,0.5214,0.28,0.3212
2026-07-22,7498.96,2026-07-24,2.0,7060.0,447.1,0.5165,0.28,0.3178
2026-07-22,7498.96,2026-07-24,2.0,7065.0,442.1,0.5117,0.28,0.3145
2026-07-22,7498.96,2026-07-24,2.0,7070.0,437.1,0.5069,0.28,0.3112
2026-07-22,7498.96,2026-07-24,2.0,7075.0,432.1,0.5021,0.3,0.3109
2026-07-22,7498.96,2026-07-24,2.0,7080.0,427.15,0.498,0.33,0.3103
2026-07-22,7498.96,2026-07-24,2.0,7085.0,422.15,0.4932,0.33,0.3069
2026-07-22,7498.96,2026-07-24,2.0,7090.0,417.15,0.4884,0.33,0.3035
2026-07-22,7498.96,2026-07-24,2.0,7095.0,412.15,0.4835,0.33,0.3002
2026-07-22,7498.96,2026-07-24,2.0,7100.0,407.15,0.4787,0.33,0.2968
2026-07-22,7498.96,2026-07-24,2.0,7105.0,402.15,0.4738,0.33,0.2934
2026-07-22,7498.96,2026-07-24,2.0,7110.0,397.15,0.4689,0.33,0.29
2026-07-22,7498.96,2026-07-24,2.0,7115.0,392.2,0.4648,0.35,0.2891
2026-07-22,7498.96,2026-07-24,2.0,7120.0,387.2,0.4599,0.38,0.288
2026-07-22,7498.96,2026-07-24,2.0,7125.0,382.2,0.455,0.38,0.2846
2026-07-22,7498.96,2026-07-24,2.0,7130.0,377.2,0.4502,0.38,0.2811
2026-07-22,7498.96,2026-07-24,2.0,7135.0,372.2,0.4453,0.38,0.2777
2026-07-22,7498.96,2026-07-24,2.0,7140.0,367.2,0.4404,0.38,0.2742
2026-07-22,7498.96,2026-07-24,2.0,7145.0,362.1,0.434,0.4,0.2729
2026-07-22,7498.96,2026-07-24,2.0,7150.0,357.1,0.4291,0.42,0.2715
2026-07-22,7498.96,2026-07-24,2.0,7155.0,352.1,0.4242,0.42,0.268
2026-07-22,7498.96,2026-07-24,2.0,7160.0,347.1,0.4193,0.42,0.2645
2026-07-22,7498.96,2026-07-24,2.0,7165.0,342.1,0.4144,0.42,0.261
2026-07-22,7498.96,2026-07-24,2.0,7170.0,337.1,0.4094,0.45,0.2593
2026-07-22,7498.96,2026-07-24,2.0,7175.0,332.0,0.4031,0.48,0.2575
2026-07-22,7498.96,2026-07-24,2.0,7180.0,327.35,0.4029,0.48,0.254
2026-07-22,7498.96,2026-07-24,2.0,7185.0,322.35,0.398,0.5,0.2521
2026-07-22,7498.96,2026-07-24,2.0,7190.0,317.35,0.393,0.5,0.2485
2026-07-22,7498.96,2026-07-24,2.0,7195.0,312.35,0.388,0.53,0.2465
2026-07-22,7498.96,2026-07-24,2.0,7200.0,307.4,0.3836,0.55,0.2444
2026-07-22,7498.96,2026-07-24,2.0,7205.0,302.25,0.3767,0.55,0.2408
2026-07-22,7498.96,2026-07-24,2.0,7210.0,297.25,0.3716,0.57,0.2386
2026-07-22,7498.96,2026-07-24,2.0,7215.0,292.15,0.3653,0.6,0.2364
2026-07-22,7498.96,2026-07-24,2.0,7220.0,287.5,0.3647,0.62,0.234
2026-07-22,7498.96,2026-07-24,2.0,7225.0,282.5,0.3597,0.65,0.2316
2026-07-22,7498.96,2026-07-24,2.0,7230.0,277.35,0.3528,0.68,0.2291
2026-07-22,7498.96,2026-07-24,2.0,7235.0,272.4,0.3483,0.7,0.2265
2026-07-22,7498.96,2026-07-24,2.0,7240.0,267.6,0.3456,0.75,0.225
2026-07-22,7498.96,2026-07-24,2.0,7245.0,262.65,0.3411,0.75,0.2213
2026-07-22,7498.96,2026-07-24,2.0,7250.0,257.5,0.3342,0.8,0.2195
2026-07-22,7498.96,2026-07-24,2.0,7255.0,252.75,0.3319,0.85,0.2177
2026-07-22,7498.96,2026-07-24,2.0,7260.0,247.75,0.3268,0.9,0.2157
2026-07-22,7498.96,2026-07-24,2.0,7265.0,242.5,0.3187,0.95,0.2136
2026-07-22,7498.96,2026-07-24,2.0,7270.0,237.85,0.3175,1.0,0.2114
2026-07-22,7498.96,2026-07-24,2.0,7275.0,232.6,0.3095,1.05,0.2091
2026-07-22,7498.96,2026-07-24,2.0,7280.0,227.95,0.3081,1.1,0.2067
2026-07-22,7498.96,2026-07-24,2.0,7285.0,223.05,0.3039,1.2,0.2056
2026-07-22,7498.96,2026-07-24,2.0,7290.0,217.95,0.2976,1.25,0.203
2026-07-22,7498.96,2026-07-24,2.0,7295.0,213.2,0.2948,1.35,0.2015
2026-07-22,7498.96,2026-07-24,2.0,7300.0,207.65,0.2838,1.4,0.1987
2026-07-22,7498.96,2026-07-24,2.0,7305.0,203.4,0.2861,1.5,0.1969
2026-07-22,7498.96,2026-07-24,2.0,7310.0,198.5,0.2817,1.6,0.195
2026-07-22,7498.96,2026-07-24,2.0,7315.0,193.6,0.2772,1.73,0.1934
2026-07-22,7498.96,2026-07-24,2.0,7320.0,188.7,0.2727,1.85,0.1916
2026-07-22,7498.96,2026-07-24,2.0,7325.0,183.85,0.2686,1.98,0.1897
2026-07-22,7498.96,2026-07-24,2.0,7330.0,178.8,0.2626,2.1,0.1875
2026-07-22,7498.96,2026-07-24,2.0,7335.0,174.15,0.2602,2.27,0.1861
2026-07-22,7498.96,2026-07-24,2.0,7340.0,169.0,0.2533,2.42,0.184
2026-07-22,7498.96,2026-07-24,2.0,7345.0,164.3,0.2503,2.62,0.1825
2026-07-22,7498.96,2026-07-24,2.0,7350.0,159.05,0.2424,2.83,0.1808
2026-07-22,7498.96,2026-07-24,2.0,7355.0,154.85,0.2434,3.05,0.1791
2026-07-22,7498.96,2026-07-24,2.0,7360.0,149.95,0.2384,3.25,0.1769
2026-07-22,7498.96,2026-07-24,2.0,7365.0,145.05,0.2334,3.45,0.1746
2026-07-22,7498.96,2026-07-24,2.0,7370.0,140.6,0.2318,3.75,0.1732
2026-07-22,7498.96,2026-07-24,2.0,7375.0,135.9,0.228,4.05,0.1715
2026-07-22,7498.96,2026-07-24,2.0,7380.0,130.9,0.222,4.35,0.1695
2026-07-22,7498.96,2026-07-24,2.0,7385.0,126.5,0.2202,4.65,0.1673
2026-07-22,7498.96,2026-07-24,2.0,7390.0,121.6,0.2147,5.05,0.1658
2026-07-22,7498.96,2026-07-24,2.0,7395.0,117.0,0.2112,5.45,0.164
2026-07-22,7498.96,2026-07-24,2.0,7400.0,112.15,0.2059,5.85,0.162
2026-07-22,7498.96,2026-07-24,2.0,7405.0,107.85,0.204,6.3,0.16
2026-07-22,7498.96,2026-07-24,2.0,7410.0,104.5,0.2079,6.8,0.1582
2026-07-22,7498.96,2026-07-24,2.0,7415.0,99.7,0.2023,7.3,0.156
2026-07-22,7498.96,2026-07-24,2.0,7420.0,94.35,0.1933,7.9,0.1543
2026-07-22,7498.96,2026-07-24,2.0,7425.0,89.95,0.19,8.5,0.1522
2026-07-22,7498.96,2026-07-24,2.0,7430.0,85.65,0.1869,9.2,0.1504
2026-07-22,7498.96,2026-07-24,2.0,7435.0,81.35,0.1837,9.9,0.1483
2026-07-22,7498.96,2026-07-24,2.0,7440.0,77.75,0.1839,10.65,0.1461
2026-07-22,7498.96,2026-07-24,2.0,7445.0,73.55,0.1806,11.5,0.1441
2026-07-22,7498.96,2026-07-24,2.0,7450.0,68.7,0.1736,12.4,0.142
2026-07-22,7498.96,2026-07-24,2.0,7455.0,65.3,0.1738,13.35,0.1398
2026-07-22,7498.96,2026-07-24,2.0,7460.0,60.8,0.1681,14.4,0.1376
2026-07-22,7498.96,2026-07-24,2.0,7465.0,56.9,0.1651,15.5,0.1353
2026-07-22,7498.96,2026-07-24,2.0,7470.0,52.9,0.1612,16.75,0.1333
2026-07-22,7498.96,2026-07-24,2.0,7475.0,49.25,0.1586,18.05,0.131
2026-07-22,7498.96,2026-07-24,2.0,7480.0,45.65,0.1559,19.4,0.1284
2026-07-22,7498.96,2026-07-24,2.0,7485.0,42.15,0.1531,20.9,0.126
2026-07-22,7498.96,2026-07-24,2.0,7490.0,38.85,0.1508,22.55,0.1237
2026-07-22,7498.96,2026-07-24,2.0,7495.0,35.65,0.1484,24.3,0.1213
2026-07-22,7498.96,2026-07-24,2.0,7500.0,32.45,0.1455,26.15,0.1187
2026-07-22,7498.96,2026-07-24,2.0,7505.0,29.45,0.143,28.15,0.116
2026-07-22,7498.96,2026-07-24,2.0,7510.0,26.65,0.1408,30.25,0.1131
2026-07-22,7498.96,2026-07-24,2.0,7515.0,23.85,0.1379,32.5,0.1101
2026-07-22,7498.96,2026-07-24,2.0,7520.0,21.25,0.1354,34.9,0.1069
2026-07-22,7498.96,2026-07-24,2.0,7525.0,18.85,0.1331,37.5,0.1037
2026-07-22,7498.96,2026-07-24,2.0,7530.0,16.55,0.1305,40.25,0.1001
2026-07-22,7498.96,2026-07-24,2.0,7535.0,14.4,0.1279,43.1,0.0959
2026-07-22,7498.96,2026-07-24,2.0,7540.0,12.4,0.1253,46.1,0.0908
2026-07-22,7498.96,2026-07-24,2.0,7545.0,10.6,0.1228,49.4,0.0857
2026-07-22,7498.96,2026-07-24,2.0,7550.0,9.0,0.1206,52.75,0.078
2026-07-22,7498.96,2026-07-24,2.0,7555.0,7.55,0.1183,56.25,0.0636
2026-07-22,7498.96,2026-07-24,2.0,7560.0,6.25,0.116,59.95,0.0963
2026-07-22,7498.96,2026-07-24,2.0,7565.0,5.1,0.1137,,
2026-07-22,7498.96,2026-07-24,2.0,7570.0,4.05,0.111,,
2026-07-22,7498.96,2026-07-24,2.0,7575.0,3.25,0.1091,,
2026-07-22,7498.96,2026-07-24,2.0,7580.0,2.55,0.1071,,
2026-07-22,7498.96,2026-07-24,2.0,7585.0,2.0,0.1055,,
2026-07-22,7498.96,2026-07-24,2.0,7590.0,1.57,0.1044,,
2026-07-22,7498.96,2026-07-24,2.0,7595.0,1.2,0.1029,,
2026-07-22,7498.96,2026-07-24,2.0,7600.0,0.93,0.1019,,
2026-07-22,7498.96,2026-07-24,2.0,7605.0,0.7,0.1008,98.5,0.1388
2026-07-22,7498.96,2026-07-24,2.0,7610.0,0.55,0.1006,,
2026-07-22,7498.96,2026-07-24,2.0,7615.0,0.42,0.1002,,
2026-07-22,7498.96,2026-07-24,2.0,7620.0,0.35,0.101,,
2026-07-22,7498.96,2026-07-24,2.0,7625.0,0.28,0.101,,
2026-07-22,7498.96,2026-07-24,2.0,7630.0,0.22,0.1017,,
2026-07-22,7498.96,2026-07-24,2.0,7635.0,0.17,0.1018,,
2026-07-22,7498.96,2026-07-24,2.0,7640.0,0.17,0.105,,
2026-07-22,7498.96,2026-07-24,2.0,7645.0,0.12,0.104,,
2026-07-22,7498.96,2026-07-24,2.0,7650.0,0.12,0.1072,,
2026-07-22,7498.96,2026-07-24,2.0,7655.0,0.08,0.1043,,
2026-07-22,7498.96,2026-07-24,2.0,7660.0,0.1,0.1106,,
2026-07-22,7498.96,2026-07-24,2.0,7665.0,0.1,0.1137,,
2026-07-22,7498.96,2026-07-24,2.0,7670.0,0.08,0.1132,,
2026-07-22,7498.96,2026-07-24,2.0,7675.0,0.07,0.1161,,
2026-07-22,7498.96,2026-07-24,2.0,7680.0,0.07,0.1191,,
2026-07-22,7498.96,2026-07-24,2.0,7685.0,0.07,0.122,,
2026-07-22,7498.96,2026-07-24,2.0,7690.0,0.07,0.1249,,
2026-07-22,7498.96,2026-07-24,2.0,7695.0,0.07,0.1278,,
2026-07-22,7498.96,2026-07-24,2.0,7700.0,0.07,0.1307,,
2026-07-22,7498.96,2026-07-24,2.0,7705.0,0.07,0.1336,,
2026-07-22,7498.96,2026-07-24,2.0,7710.0,0.05,0.1312,,
2026-07-22,7498.96,2026-07-24,2.0,7715.0,0.05,0.134,212.2,0.172
2026-07-22,7498.96,2026-07-24,2.0,7720.0,0.05,0.1368,212.2,0.1753
2026-07-22,7498.96,2026-07-24,2.0,7725.0,0.05,0.1396,218.35,0.1787
2026-07-22,7498.96,2026-07-24,2.0,7730.0,0.05,0.1424,222.6,0.182
2026-07-22,7498.96,2026-07-24,2.0,7735.0,0.05,0.1451,227.6,0.1853
2026-07-22,7498.96,2026-07-24,2.0,7740.0,0.05,0.1479,232.6,0.1886
2026-07-22,7498.96,2026-07-24,2.0,7745.0,0.05,0.1506,237.6,0.1919
2026-07-22,7498.96,2026-07-24,2.0,7750.0,0.05,0.1534,242.6,0.1952
2026-07-22,7498.96,2026-07-24,2.0,7755.0,0.05,0.1561,247.6,0.1985
2026-07-22,7498.96,2026-07-24,2.0,7760.0,0.05,0.1588,252.6,0.2017
2026-07-22,7498.96,2026-07-24,2.0,7765.0,0.05,0.1616,257.6,0.205
2026-07-22,7498.96,2026-07-24,2.0,7770.0,0.05,0.1643,262.6,0.2082
2026-07-22,7498.96,2026-07-24,2.0,7775.0,0.05,0.167,267.6,0.2115
2026-07-22,7498.96,2026-07-24,2.0,7780.0,0.05,0.1697,272.6,0.2147
2026-07-22,7498.96,2026-07-24,2.0,7785.0,0.05,0.1724,277.6,0.2179
2026-07-22,7498.96,2026-07-24,2.0,7790.0,0.05,0.1751,282.6,0.2211
2026-07-22,7498.96,2026-07-24,2.0,7795.0,0.05,0.1778,287.6,0.2244
2026-07-22,7498.96,2026-07-24,2.0,7800.0,0.05,0.1805,292.55,0.2276
2026-07-22,7498.96,2026-07-24,2.0,7810.0,0.05,0.1859,302.55,0.2339
2026-07-22,7498.96,2026-07-24,2.0,7820.0,0.05,0.1912,312.55,0.2403
2026-07-22,7498.96,2026-07-24,2.0,7825.0,0.05,0.1939,317.6,0.2435
2026-07-22,7498.96,2026-07-24,2.0,7830.0,0.05,0.1965,322.6,0.2466
2026-07-22,7498.96,2026-07-24,2.0,7840.0,0.05,0.2018,332.5,0.2529
2026-07-22,7498.96,2026-07-24,2.0,7850.0,0.05,0.2071,342.5,0.2592
2026-07-22,7498.96,2026-07-24,2.0,7860.0,0.05,0.2124,352.5,0.2654
2026-07-22,7498.96,2026-07-24,2.0,7870.0,0.05,0.2176,362.5,0.2717
2026-07-22,7498.96,2026-07-24,2.0,7875.0,0.05,0.2202,367.5,0.2748
2026-07-22,7498.96,2026-07-24,2.0,7880.0,0.05,0.2228,372.5,0.2779
2026-07-22,7498.96,2026-07-24,2.0,7890.0,0.05,0.228,382.5,0.284
2026-07-22,7498.96,2026-07-24,2.0,7900.0,0.05,0.2332,392.5,0.2902
2026-07-22,7498.96,2026-07-24,2.0,7910.0,0.05,0.2384,402.5,0.2963
2026-07-22,7498.96,2026-07-24,2.0,7920.0,0.05,0.2436,412.5,0.3024
2026-07-22,7498.96,2026-07-24,2.0,7925.0,0.05,0.2462,417.5,0.3055
2026-07-22,7498.96,2026-07-24,2.0,7930.0,0.05,0.2487,422.5,0.3085
2026-07-22,7498.96,2026-07-24,2.0,7940.0,0.05,0.2539,432.5,0.3146
2026-07-22,7498.96,2026-07-24,2.0,7950.0,0.05,0.259,442.5,0.3206
2026-07-22,7498.96,2026-07-24,2.0,7960.0,0.05,0.2641,452.5,0.3267
2026-07-22,7498.96,2026-07-24,2.0,7970.0,0.05,0.2692,462.5,0.3327
2026-07-22,7498.96,2026-07-24,2.0,7975.0,0.05,0.2717,467.45,0.3357
2026-07-22,7498.96,2026-07-24,2.0,7980.0,0.05,0.2742,472.45,0.3387
2026-07-22,7498.96,2026-07-24,2.0,7990.0,0.05,0.2793,482.45,0.3446
2026-07-22,7498.96,2026-07-24,2.0,8000.0,0.05,0.2843,,
2026-07-22,7498.96,2026-07-24,2.0,8010.0,0.05,0.2894,502.4,0.3565
2026-07-22,7498.96,2026-07-24,2.0,8020.0,0.05,0.2944,512.4,0.3624
2026-07-22,7498.96,2026-07-24,2.0,8025.0,0.05,0.2969,517.4,0.3654
2026-07-22,7498.96,2026-07-24,2.0,8030.0,0.05,0.2994,522.4,0.3683
2026-07-22,7498.96,2026-07-24,2.0,8050.0,0.05,0.3093,542.4,0.3801
2026-07-22,7498.96,2026-07-24,2.0,8075.0,0.05,0.3217,567.4,0.3946
2026-07-22,7498.96,2026-07-24,2.0,8100.0,0.05,0.334,592.4,0.4091
2026-07-22,7498.96,2026-07-24,2.0,8125.0,0.05,0.3463,617.4,0.4235
2026-07-22,7498.96,2026-07-24,2.0,8150.0,0.05,0.3584,642.4,0.4378
2026-07-22,7498.96,2026-07-24,2.0,8175.0,0.05,0.3705,667.35,0.452
2026-07-22,7498.96,2026-07-24,2.0,8200.0,0.05,0.3826,692.4,0.4661
2026-07-22,7498.96,2026-07-24,2.0,8225.0,0.05,0.3945,717.3,0.4801
2026-07-22,7498.96,2026-07-24,2.0,8250.0,0.05,0.4064,742.3,0.4941
2026-07-22,7498.96,2026-07-24,2.0,8275.0,0.05,0.4182,767.3,0.5079
2026-07-22,7498.96,2026-07-24,2.0,8300.0,0.03,0.4081,792.3,0.5217
2026-07-22,7498.96,2026-07-24,2.0,8325.0,0.03,0.4193,817.3,0.5354
2026-07-22,7498.96,2026-07-24,2.0,8350.0,0.03,0.4304,842.3,0.5491
2026-07-22,7498.96,2026-07-24,2.0,8400.0,0.03,0.4525,892.25,0.5761
2026-07-22,7498.96,2026-07-24,2.0,8500.0,0.03,0.4961,992.2,0.6294
2026-07-22,7498.96,2026-07-24,2.0,8600.0,0.03,0.5389,1092.15,0.6816
2026-07-22,7498.96,2026-07-27,5.0,5800.0,1707.4,1.0568,0.03,0.6226
2026-07-22,7498.96,2026-07-27,5.0,5900.0,1607.5,0.9969,0.05,0.6123
2026-07-22,7498.96,2026-07-27,5.0,6000.0,1507.5,0.9349,0.05,0.5722
2026-07-22,7498.96,2026-07-27,5.0,6100.0,1407.6,0.8762,0.05,0.5325
2026-07-22,7498.96,2026-07-27,5.0,6200.0,1307.65,0.8167,0.05,0.4933
2026-07-22,7498.96,2026-07-27,5.0,6300.0,1207.7,0.7577,0.07,0.4689
2026-07-22,7498.96,2026-07-27,5.0,6325.0,1182.65,0.7417,0.07,0.4591
2026-07-22,7498.96,2026-07-27,5.0,6350.0,1157.8,0.73,0.07,0.4492
2026-07-22,7498.96,2026-07-27,5.0,6375.0,1132.8,0.7151,0.1,0.4497
2026-07-22,7498.96,2026-07-27,5.0,6400.0,1107.8,0.7002,0.07,0.4296
2026-07-22,7498.96,2026-07-27,5.0,6425.0,1082.8,0.6853,0.07,0.4198
2026-07-22,7498.96,2026-07-27,5.0,6450.0,1057.75,0.6695,0.07,0.4101
2026-07-22,7498.96,2026-07-27,5.0,6475.0,1032.85,0.6567,0.1,0.4099
2026-07-22,7498.96,2026-07-27,5.0,6500.0,1007.9,0.6429,0.1,0.4
2026-07-22,7498.96,2026-07-27,5.0,6525.0,982.9,0.6281,0.12,0.3976
2026-07-22,7498.96,2026-07-27,5.0,6550.0,957.9,0.6133,0.12,0.3875
2026-07-22,7498.96,2026-07-27,5.0,6575.0,932.85,0.5977,0.12,0.3775
2026-07-22,7498.96,2026-07-27,5.0,6600.0,908.0,0.5856,0.12,0.3675
2026-07-22,7498.96,2026-07-27,5.0,6625.0,883.0,0.5709,0.12,0.3576
2026-07-22,7498.96,2026-07-27,5.0,6650.0,858.0,0.5562,0.15,0.3533
2026-07-22,7498.96,2026-07-27,5.0,6675.0,833.0,0.5415,0.17,0.3481
2026-07-22,7498.96,2026-07-27,5.0,6700.0,808.05,0.5276,0.17,0.338
2026-07-22,7498.96,2026-07-27,5.0,6725.0,783.1,0.5137,0.17,0.3278
2026-07-22,7498.96,2026-07-27,5.0,6750.0,758.1,0.499,0.17,0.3177
2026-07-22,7498.96,2026-07-27,5.0,6775.0,733.1,0.4843,0.22,0.3151
2026-07-22,7498.96,2026-07-27,5.0,6800.0,708.2,0.4711,0.22,0.3047
2026-07-22,7498.96,2026-07-27,5.0,6825.0,683.2,0.4564,0.22,0.2944
2026-07-22,7498.96,2026-07-27,5.0,6850.0,658.2,0.4416,0.28,0.2899
2026-07-22,7498.96,2026-07-27,5.0,6860.0,648.15,0.435,0.28,0.2857
2026-07-22,7498.96,2026-07-27,5.0,6870.0,638.15,0.4291,0.28,0.2815
2026-07-22,7498.96,2026-07-27,5.0,6875.0,632.85,0.422,0.28,0.2794
2026-07-22,7498.96,2026-07-27,5.0,6880.0,627.9,0.4198,0.28,0.2774
2026-07-22,7498.96,2026-07-27,5.0,6890.0,617.9,0.4139,0.28,0.2732
2026-07-22,7498.96,2026-07-27,5.0,6900.0,607.9,0.408,0.28,0.269
2026-07-22,7498.96,2026-07-27,5.0,6910.0,597.95,0.4028,0.3,0.2672
2026-07-22,7498.96,2026-07-27,5.0,6920.0,587.95,0.397,0.33,0.2653
2026-07-22,7498.96,2026-07-27,5.0,6925.0,582.95,0.394,0.33,0.2631
2026-07-22,7498.96,2026-07-27,5.0,6930.0,577.95,0.3911,0.33,0.261
2026-07-22,7498.96,2026-07-27,5.0,6940.0,567.95,0.3852,0.33,0.2567
2026-07-22,7498.96,2026-07-27,5.0,6950.0,558.0,0.38,0.33,0.2525
2026-07-22,7498.96,2026-07-27,5.0,6960.0,548.0,0.3741,0.35,0.2503
2026-07-22,7498.96,2026-07-27,5.0,6970.0,538.0,0.3682,0.38,0.2479
2026-07-22,7498.96,2026-07-27,5.0,6975.0,533.05,0.3659,0.38,0.2457
2026-07-22,7498.96,2026-07-27,5.0,6980.0,528.05,0.3629,0.38,0.2436
2026-07-22,7498.96,2026-07-27,5.0,6990.0,518.05,0.357,0.38,0.2393
2026-07-22,7498.96,2026-07-27,5.0,7000.0,508.0,0.3505,0.4,0.2367
2026-07-22,7498.96,2026-07-27,5.0,7005.0,503.1,0.3487,0.4,0.2345
2026-07-22,7498.96,2026-07-27,5.0,7010.0,498.1,0.3458,0.42,0.234
2026-07-22,7498.96,2026-07-27,5.0,7015.0,493.1,0.3428,0.42,0.2318
2026-07-22,7498.96,2026-07-27,5.0,7020.0,488.1,0.3398,0.42,0.2296
2026-07-22,7498.96,2026-07-27,5.0,7025.0,483.15,0.3374,0.45,0.2289
2026-07-22,7498.96,2026-07-27,5.0,7030.0,478.15,0.3345,0.45,0.2267
2026-07-22,7498.96,2026-07-27,5.0,7035.0,473.15,0.3315,0.45,0.2245
2026-07-22,7498.96,2026-07-27,5.0,7040.0,468.15,0.3285,0.48,0.2238
2026-07-22,7498.96,2026-07-27,5.0,7045.0,463.2,0.3261,0.48,0.2216
2026-07-22,7498.96,2026-07-27,5.0,7050.0,458.2,0.3231,0.5,0.2207
2026-07-22,7498.96,2026-07-27,5.0,7055.0,453.2,0.3201,0.5,0.2185
2026-07-22,7498.96,2026-07-27,5.0,7060.0,448.2,0.3171,0.53,0.2176
2026-07-22,7498.96,2026-07-27,5.0,7065.0,443.25,0.3147,0.53,0.2153
2026-07-22,7498.96,2026-07-27,5.0,7070.0,438.25,0.3117,0.55,0.2143
2026-07-22,7498.96,2026-07-27,5.0,7075.0,433.25,0.3087,0.55,0.2121
2026-07-22,7498.96,2026-07-27,5.0,7080.0,428.3,0.3062,0.55,0.2098
2026-07-22,7498.96,2026-07-27,5.0,7085.0,423.3,0.3032,0.57,0.2088
2026-07-22,7498.96,2026-07-27,5.0,7090.0,418.3,0.3002,0.6,0.2076
2026-07-22,7498.96,2026-07-27,5.0,7095.0,413.35,0.2977,0.6,0.2053
2026-07-22,7498.96,2026-07-27,5.0,7100.0,408.35,0.2947,0.62,0.2041
2026-07-22,7498.96,2026-07-27,5.0,7105.0,403.3,0.2912,0.65,0.2029
2026-07-22,7498.96,2026-07-27,5.0,7110.0,398.45,0.2897,0.65,0.2006
2026-07-22,7498.96,2026-07-27,5.0,7115.0,393.45,0.2867,0.68,0.1993
2026-07-22,7498.96,2026-07-27,5.0,7120.0,388.45,0.2836,0.7,0.1979
2026-07-22,7498.96,2026-07-27,5.0,7125.0,383.45,0.2806,0.7,0.1956
2026-07-22,7498.96,2026-07-27,5.0,7130.0,378.45,0.2775,0.75,0.1951
2026-07-22,7498.96,2026-07-27,5.0,7135.0,373.5,0.275,0.75,0.1928
2026-07-22,7498.96,2026-07-27,5.0,7140.0,368.55,0.2724,0.8,0.1921
2026-07-22,7498.96,2026-07-27,5.0,7145.0,363.55,0.2694,0.8,0.1898
2026-07-22,7498.96,2026-07-27,5.0,7150.0,358.55,0.2663,0.85,0.189
2026-07-22,7498.96,2026-07-27,5.0,7155.0,353.6,0.2637,0.85,0.1866
2026-07-22,7498.96,2026-07-27,5.0,7160.0,348.65,0.2611,0.9,0.1858
2026-07-22,7498.96,2026-07-27,5.0,7165.0,343.65,0.258,0.95,0.1848
2026-07-22,7498.96,2026-07-27,5.0,7170.0,338.75,0.2559,0.95,0.1824
2026-07-22,7498.96,2026-07-27,5.0,7175.0,333.75,0.2528,1.0,0.1813
2026-07-22,7498.96,2026-07-27,5.0,7180.0,328.75,0.2497,1.05,0.1802
2026-07-22,7498.96,2026-07-27,5.0,7185.0,323.85,0.2475,1.1,0.179
2026-07-22,7498.96,2026-07-27,5.0,7190.0,318.85,0.2443,1.15,0.1777
2026-07-22,7498.96,2026-07-27,5.0,7195.0,313.95,0.2421,1.18,0.1758
2026-07-22,7498.96,2026-07-27,5.0,7200.0,308.95,0.2389,1.23,0.1745
2026-07-22,7498.96,2026-07-27,5.0,7205.0,304.05,0.2367,1.3,0.1736
2026-07-22,7498.96,2026-07-27,5.0,7210.0,299.1,0.2339,1.35,0.1721
2026-07-22,7498.96,2026-07-27,5.0,7215.0,294.15,0.2312,1.4,0.1706
2026-07-22,7498.96,2026-07-27,5.0,7220.0,289.2,0.2284,1.48,0.1695
2026-07-22,7498.96,2026-07-27,5.0,7225.0,284.3,0.226,1.55,0.1683
2026-07-22,7498.96,2026-07-27,5.0,7230.0,279.35,0.2232,1.62,0.167
2026-07-22,7498.96,2026-07-27,5.0,7235.0,274.45,0.2208,1.7,0.1657
2026-07-22,7498.96,2026-07-27,5.0,7240.0,269.5,0.218,1.8,0.1647
2026-07-22,7498.96,2026-07-27,5.0,7245.0,264.6,0.2155,1.9,0.1636
2026-07-22,7498.96,2026-07-27,5.0,7250.0,259.7,0.213,2.0,0.1624
2026-07-22,7498.96,2026-07-27,5.0,7255.0,254.8,0.2105,2.08,0.1608
2026-07-22,7498.96,2026-07-27,5.0,7260.0,249.9,0.208,2.2,0.1598
2026-07-22,7498.96,2026-07-27,5.0,7265.0,245.0,0.2054,2.27,0.1581
2026-07-22,7498.96,2026-07-27,5.0,7270.0,240.1,0.2028,2.42,0.1572
2026-07-22,7498.96,2026-07-27,5.0,7275.0,235.3,0.2009,2.58,0.1563
2026-07-22,7498.96,2026-07-27,5.0,7280.0,230.4,0.1982,2.73,0.1552
2026-07-22,7498.96,2026-07-27,5.0,7285.0,225.5,0.1955,2.85,0.1538
2026-07-22,7498.96,2026-07-27,5.0,7290.0,220.75,0.1938,3.03,0.1528
2026-07-22,7498.96,2026-07-27,5.0,7295.0,215.85,0.191,3.15,0.1511
2026-07-22,7498.96,2026-07-27,5.0,7300.0,212.2,0.1958,3.35,0.1502
2026-07-22,7498.96,2026-07-27,5.0,7305.0,207.25,0.1926,3.55,0.1491
2026-07-22,7498.96,2026-07-27,5.0,7310.0,202.7,0.1916,3.75,0.1479
2026-07-22,7498.96,2026-07-27,5.0,7315.0,197.65,0.1878,3.95,0.1466
2026-07-22,7498.96,2026-07-27,5.0,7320.0,192.9,0.1856,4.2,0.1456
2026-07-22,7498.96,2026-07-27,5.0,7325.0,188.15,0.1833,4.45,0.1445
2026-07-22,7498.96,2026-07-27,5.0,7330.0,183.35,0.1808,4.75,0.1437
2026-07-22,7498.96,2026-07-27,5.0,7335.0,178.6,0.1784,5.0,0.1423
2026-07-22,7498.96,2026-07-27,5.0,7340.0,173.9,0.1762,5.3,0.1412
2026-07-22,7498.96,2026-07-27,5.0,7345.0,169.2,0.174,5.6,0.14
2026-07-22,7498.96,2026-07-27,5.0,7350.0,164.55,0.1719,5.95,0.1389
2026-07-22,7498.96,2026-07-27,5.0,7355.0,159.85,0.1696,6.3,0.1377
2026-07-22,7498.96,2026-07-27,5.0,7360.0,155.2,0.1674,6.65,0.1364
2026-07-22,7498.96,2026-07-27,5.0,7365.0,150.6,0.1653,7.05,0.1353
2026-07-22,7498.96,2026-07-27,5.0,7370.0,145.95,0.1629,7.5,0.1342
2026-07-22,7498.96,2026-07-27,5.0,7375.0,141.35,0.1607,7.9,0.1328
2026-07-22,7498.96,2026-07-27,5.0,7380.0,136.85,0.1588,8.4,0.1317
2026-07-22,7498.96,2026-07-27,5.0,7385.0,132.3,0.1566,8.9,0.1305
2026-07-22,7498.96,2026-07-27,5.0,7390.0,127.85,0.1548,9.4,0.1291
2026-07-22,7498.96,2026-07-27,5.0,7395.0,123.35,0.1526,10.0,0.1281
2026-07-22,7498.96,2026-07-27,5.0,7400.0,118.9,0.1505,10.6,0.1269
2026-07-22,7498.96,2026-07-27,5.0,7405.0,114.5,0.1485,11.2,0.1255
2026-07-22,7498.96,2026-07-27,5.0,7410.0,110.15,0.1465,11.85,0.1241
2026-07-22,7498.96,2026-07-27,5.0,7415.0,105.1,0.1419,12.55,0.1228
2026-07-22,7498.96,2026-07-27,5.0,7420.0,101.7,0.1432,13.35,0.1217
2026-07-22,7498.96,2026-07-27,5.0,7425.0,96.75,0.1387,14.15,0.1204
2026-07-22,7498.96,2026-07-27,5.0,7430.0,92.6,0.137,14.95,0.119
2026-07-22,7498.96,2026-07-27,5.0,7435.0,88.5,0.1353,15.85,0.1177
2026-07-22,7498.96,2026-07-27,5.0,7440.0,84.4,0.1334,16.8,0.1163
2026-07-22,7498.96,2026-07-27,5.0,7445.0,80.1,0.1307,17.8,0.115
2026-07-22,7498.96,2026-07-27,5.0,7450.0,76.15,0.129,18.85,0.1136
2026-07-22,7498.96,2026-07-27,5.0,7455.0,72.3,0.1274,20.0,0.1123
2026-07-22,7498.96,2026-07-27,5.0,7460.0,68.1,0.1245,21.15,0.1107
2026-07-22,7498.96,2026-07-27,5.0,7465.0,64.4,0.123,22.4,0.1093
2026-07-22,7498.96,2026-07-27,5.0,7470.0,60.7,0.1213,23.75,0.1079
2026-07-22,7498.96,2026-07-27,5.0,7475.0,57.1,0.1196,25.15,0.1064
2026-07-22,7498.96,2026-07-27,5.0,7480.0,53.65,0.1182,26.65,0.105
2026-07-22,7498.96,2026-07-27,5.0,7485.0,50.25,0.1167,28.2,0.1034
2026-07-22,7498.96,2026-07-27,5.0,7490.0,46.95,0.1152,29.85,0.1018
2026-07-22,7498.96,2026-07-27,5.0,7495.0,43.75,0.1137,31.65,0.1004
2026-07-22,7498.96,2026-07-27,5.0,7500.0,40.6,0.1121,33.5,0.0987
2026-07-22,7498.96,2026-07-27,5.0,7505.0,37.6,0.1106,35.45,0.0971
2026-07-22,7498.96,2026-07-27,5.0,7510.0,34.6,0.1089,37.5,0.0954
2026-07-22,7498.96,2026-07-27,5.0,7515.0,31.8,0.1074,39.7,0.0937
2026-07-22,7498.96,2026-07-27,5.0,7520.0,29.05,0.1057,42.0,0.092
2026-07-22,7498.96,2026-07-27,5.0,7525.0,26.45,0.1042,44.4,0.0901
2026-07-22,7498.96,2026-07-27,5.0,7530.0,23.95,0.1025,46.9,0.0881
2026-07-22,7498.96,2026-07-27,5.0,7535.0,21.6,0.101,49.55,0.086
2026-07-22,7498.96,2026-07-27,5.0,7540.0,19.35,0.0993,52.2,0.0834
2026-07-22,7498.96,2026-07-27,5.0,7545.0,17.25,0.0978,55.15,0.0811
2026-07-22,7498.96,2026-07-27,5.0,7550.0,15.25,0.0961,58.25,0.0787
2026-07-22,7498.96,2026-07-27,5.0,7555.0,13.45,0.0947,60.8,0.0732
2026-07-22,7498.96,2026-07-27,5.0,7560.0,11.75,0.0931,64.2,0.0698
2026-07-22,7498.96,2026-07-27,5.0,7565.0,10.15,0.0914,67.65,0.0649
2026-07-22,7498.96,2026-07-27,5.0,7570.0,8.75,0.09,71.2,0.0555
2026-07-22,7498.96,2026-07-27,5.0,7575.0,7.45,0.0884,74.9,0.0859
2026-07-22,7498.96,2026-07-27,5.0,7580.0,6.25,0.0867,78.65,0.0577
2026-07-22,7498.96,2026-07-27,5.0,7585.0,5.25,0.0854,,
2026-07-22,7498.96,2026-07-27,5.0,7590.0,4.35,0.0839,,
2026-07-22,7498.96,2026-07-27,5.0,7595.0,3.55,0.0824,,
2026-07-22,7498.96,2026-07-27,5.0,7600.0,2.92,0.0814,,
2026-07-22,7498.96,2026-07-27,5.0,7605.0,2.33,0.0799,,
2026-07-22,7498.96,2026-07-27,5.0,7610.0,1.88,0.0789,,
2026-07-22,7498.96,2026-07-27,5.0,7615.0,1.48,0.0777,108.65,0.0829
2026-07-22,7498.96,2026-07-27,5.0,7620.0,1.15,0.0766,,
2026-07-22,7498.96,2026-07-27,5.0,7625.0,0.93,0.0761,,
2026-07-22,7498.96,2026-07-27,5.0,7630.0,0.72,0.0754,,
2026-07-22,7498.96,2026-07-27,5.0,7635.0,0.57,0.0749,,
2026-07-22,7498.96,2026-07-27,5.0,7640.0,0.45,0.0745,,
2026-07-22,7498.96,2026-07-27,5.0,7645.0,0.38,0.0747,,
2026-07-22,7498.96,2026-07-27,5.0,7650.0,0.3,0.0746,,
2026-07-22,7498.96,2026-07-27,5.0,7655.0,0.25,0.0749,,
2026-07-22,7498.96,2026-07-27,5.0,7660.0,0.22,0.076,,
2026-07-22,7498.96,2026-07-27,5.0,7665.0,0.17,0.0757,,
2026-07-22,7498.96,2026-07-27,5.0,7670.0,0.17,0.0777,,
2026-07-22,7498.96,2026-07-27,5.0,7675.0,0.12,0.0767,,
2026-07-22,7498.96,2026-07-27,5.0,7680.0,0.12,0.0787,,
2026-07-22,7498.96,2026-07-27,5.0,7685.0,0.12,0.0806,,
2026-07-22,7498.96,2026-07-27,5.0,7690.0,0.12,0.0825,,
2026-07-22,7498.96,2026-07-27,5.0,7695.0,0.1,0.0824,,
2026-07-22,7498.96,2026-07-27,5.0,7700.0,0.1,0.0843,,
2026-07-22,7498.96,2026-07-27,5.0,7705.0,0.1,0.0862,,
2026-07-22,7498.96,2026-07-27,5.0,7710.0,0.12,0.0902,,
2026-07-22,7498.96,2026-07-27,5.0,7715.0,0.12,0.0921,,
2026-07-22,7498.96,2026-07-27,5.0,7720.0,0.12,0.094,212.2,0.128
2026-07-22,7498.96,2026-07-27,5.0,7725.0,0.12,0.0959,,
2026-07-22,7498.96,2026-07-27,5.0,7730.0,0.1,0.0955,221.9,0.1327
2026-07-22,7498.96,2026-07-27,5.0,7740.0,0.1,0.0992,231.85,0.1373
2026-07-22,7498.96,2026-07-27,5.0,7750.0,0.1,0.1029,241.85,0.142
2026-07-22,7498.96,2026-07-27,5.0,7760.0,0.1,0.1066,251.9,0.1466
2026-07-22,7498.96,2026-07-27,5.0,7770.0,0.1,0.1102,261.8,0.1511
2026-07-22,7498.96,2026-07-27,5.0,7775.0,0.1,0.112,266.8,0.1534
2026-07-22,7498.96,2026-07-27,5.0,7780.0,0.1,0.1138,271.8,0.1557
2026-07-22,7498.96,2026-07-27,5.0,7790.0,0.07,0.1142,281.8,0.1602
2026-07-22,7498.96,2026-07-27,5.0,7800.0,0.07,0.1177,291.8,0.1647
2026-07-22,7498.96,2026-07-27,5.0,7825.0,0.07,0.1264,316.8,0.1758
2026-07-22,7498.96,2026-07-27,5.0,7850.0,0.07,0.1351,341.8,0.1868
2026-07-22,7498.96,2026-07-27,5.0,7875.0,0.07,0.1436,366.8,0.1976
2026-07-22,7498.96,2026-07-27,5.0,7900.0,0.05,0.1467,391.75,0.2084
2026-07-22,7498.96,2026-07-27,5.0,7925.0,0.05,0.1549,416.7,0.219
2026-07-22,7498.96,2026-07-27,5.0,7950.0,0.05,0.163,441.7,0.2295
2026-07-22,7498.96,2026-07-27,5.0,7975.0,0.05,0.1711,466.7,0.24
2026-07-22,7498.96,2026-07-27,5.0,8000.0,0.05,0.1791,491.7,0.2503
2026-07-22,7498.96,2026-07-27,5.0,8025.0,0.05,0.187,516.7,0.2606
2026-07-22,7498.96,2026-07-27,5.0,8050.0,0.05,0.1949,541.65,0.2708
2026-07-22,7498.96,2026-07-27,5.0,8075.0,0.05,0.2027,566.6,0.2809
2026-07-22,7498.96,2026-07-27,5.0,8100.0,0.05,0.2105,591.6,0.291
2026-07-22,7498.96,2026-07-27,5.0,8200.0,0.05,0.2412,691.55,0.3304
2026-07-22,7498.96,2026-07-27,5.0,8300.0,0.05,0.2712,791.5,0.3688
2026-07-22,7498.96,2026-07-27,5.0,8400.0,0.05,0.3006,891.4,0.4064
2026-07-22,7498.96,2026-07-27,5.0,8600.0,0.05,0.3577,1091.3,0.4791
2026-07-22,7498.96,2026-07-28,6.0,5800.0,1708.0,0.9656,0.05,0.5964
2026-07-22,7498.96,2026-07-28,6.0,5900.0,1608.1,0.9107,0.05,0.5592
2026-07-22,7498.96,2026-07-28,6.0,6000.0,1508.05,0.8527,0.05,0.5225
2026-07-22,7498.96,2026-07-28,6.0,6100.0,1408.2,0.8,0.07,0.5013
2026-07-22,7498.96,2026-07-28,6.0,6200.0,1308.3,0.7466,0.07,0.4646
2026-07-22,7498.96,2026-07-28,6.0,6300.0,1208.4,0.6935,0.1,0.4383
2026-07-22,7498.96,2026-07-28,6.0,6325.0,1183.4,0.6798,0.12,0.4371
2026-07-22,7498.96,2026-07-28,6.0,6350.0,1158.4,0.6661,0.12,0.4278
2026-07-22,7498.96,2026-07-28,6.0,6375.0,1133.35,0.6515,0.12,0.4185
2026-07-22,7498.96,2026-07-28,6.0,6400.0,1108.5,0.6407,0.12,0.4092
2026-07-22,7498.96,2026-07-28,6.0,6425.0,1083.5,0.6271,0.12,0.3999
2026-07-22,7498.96,2026-07-28,6.0,6450.0,1058.5,0.6135,0.12,0.3907
2026-07-22,7498.96,2026-07-28,6.0,6475.0,1033.45,0.5991,0.12,0.3815
2026-07-22,7498.96,2026-07-28,6.0,6500.0,1008.6,0.5881,0.17,0.3835
2026-07-22,7498.96,2026-07-28,6.0,6525.0,983.6,0.5746,0.17,0.3741
2026-07-22,7498.96,2026-07-28,6.0,6550.0,958.6,0.5611,0.17,0.3647
2026-07-22,7498.96,2026-07-28,6.0,6575.0,933.55,0.5467,0.17,0.3554
2026-07-22,7498.96,2026-07-28,6.0,6600.0,908.7,0.5357,0.2,0.3503
2026-07-22,7498.96,2026-07-28,6.0,6625.0,883.7,0.5222,0.22,0.3447
2026-07-22,7498.96,2026-07-28,6.0,6650.0,858.65,0.5079,0.22,0.3352
2026-07-22,7498.96,2026-07-28,6.0,6675.0,833.8,0.4967,0.22,0.3257
2026-07-22,7498.96,2026-07-28,6.0,6700.0,808.8,0.4832,0.25,0.3195
2026-07-22,7498.96,2026-07-28,6.0,6725.0,783.75,0.469,0.28,0.3129
2026-07-22,7498.96,2026-07-28,6.0,6750.0,758.9,0.4577,0.28,0.3033
2026-07-22,7498.96,2026-07-28,6.0,6775.0,733.9,0.4442,0.3,0.2963
2026-07-22,7498.96,2026-07-28,6.0,6800.0,708.85,0.4301,0.33,0.289
2026-07-22,7498.96,2026-07-28,6.0,6825.0,684.0,0.4185,0.35,0.2815
2026-07-22,7498.96,2026-07-28,6.0,6850.0,659.0,0.405,0.38,0.2737
2026-07-22,7498.96,2026-07-28,6.0,6875.0,634.1,0.3927,0.4,0.2658
2026-07-22,7498.96,2026-07-28,6.0,6900.0,609.1,0.3792,0.45,0.2593
2026-07-22,7498.96,2026-07-28,6.0,6910.0,599.05,0.3732,0.45,0.2553
2026-07-22,7498.96,2026-07-28,6.0,6920.0,589.2,0.3695,0.48,0.2528
2026-07-22,7498.96,2026-07-28,6.0,6925.0,584.2,0.3668,0.48,0.2508
2026-07-22,7498.96,2026-07-28,6.0,6930.0,579.2,0.3641,0.5,0.2503
2026-07-22,7498.96,2026-07-28,6.0,6940.0,569.2,0.3586,0.5,0.2463
2026-07-22,7498.96,2026-07-28,6.0,6950.0,559.15,0.3526,0.5,0.2422
2026-07-22,7498.96,2026-07-28,6.0,6960.0,549.3,0.3488,0.55,0.2409
2026-07-22,7498.96,2026-07-28,6.0,6970.0,539.1,0.3411,0.55,0.2368
2026-07-22,7498.96,2026-07-28,6.0,6975.0,534.1,0.3384,0.55,0.2348
2026-07-22,7498.96,2026-07-28,6.0,6980.0,529.1,0.3357,0.6,0.2352
2026-07-22,7498.96,2026-07-28,6.0,6990.0,519.15,0.3308,0.6,0.2311
2026-07-22,7498.96,2026-07-28,6.0,7000.0,509.2,0.3258,0.62,0.2281
2026-07-22,7498.96,2026-07-28,6.0,7010.0,499.2,0.3204,0.65,0.2251
2026-07-22,7498.96,2026-07-28,6.0,7020.0,489.25,0.3154,0.7,0.223
2026-07-22,7498.96,2026-07-28,6.0,7025.0,484.3,0.3132,0.7,0.2209
2026-07-22,7498.96,2026-07-28,6.0,7030.0,479.3,0.3104,0.7,0.2188
2026-07-22,7498.96,2026-07-28,6.0,7040.0,469.3,0.3049,0.75,0.2165
2026-07-22,7498.96,2026-07-28,6.0,7050.0,459.4,0.3004,0.8,0.2141
2026-07-22,7498.96,2026-07-28,6.0,7060.0,449.4,0.2949,0.82,0.2107
2026-07-22,7498.96,2026-07-28,6.0,7065.0,444.4,0.2921,0.85,0.2094
2026-07-22,7498.96,2026-07-28,6.0,7070.0,439.35,0.2889,0.85,0.2073
2026-07-22,7498.96,2026-07-28,6.0,7075.0,434.5,0.2875,0.9,0.2067
2026-07-22,7498.96,2026-07-28,6.0,7080.0,429.5,0.2848,0.9,0.2046
2026-07-22,7498.96,2026-07-28,6.0,7085.0,424.55,0.2825,0.95,0.2039
2026-07-22,7498.96,2026-07-28,6.0,7090.0,419.55,0.2797,0.95,0.2017
2026-07-22,7498.96,2026-07-28,6.0,7095.0,414.6,0.2773,1.0,0.201
2026-07-22,7498.96,2026-07-28,6.0,7100.0,409.6,0.2745,1.02,0.1995
2026-07-22,7498.96,2026-07-28,6.0,7105.0,404.65,0.2722,1.05,0.198
2026-07-22,7498.96,2026-07-28,6.0,7110.0,399.7,0.2699,1.1,0.1971
2026-07-22,7498.96,2026-07-28,6.0,7115.0,394.7,0.267,1.12,0.1955
2026-07-22,7498.96,2026-07-28,6.0,7120.0,389.75,0.2647,1.15,0.1939
2026-07-22,7498.96,2026-07-28,6.0,7125.0,384.65,0.261,1.2,0.1929
2026-07-22,7498.96,2026-07-28,6.0,7130.0,379.6,0.2577,1.23,0.1912
2026-07-22,7498.96,2026-07-28,6.0,7135.0,374.75,0.2562,1.27,0.1901
2026-07-22,7498.96,2026-07-28,6.0,7140.0,369.75,0.2534,1.32,0.189
2026-07-22,7498.96,2026-07-28,6.0,7145.0,364.8,0.251,1.38,0.1878
2026-07-22,7498.96,2026-07-28,6.0,7150.0,359.85,0.2486,1.43,0.1865
2026-07-22,7498.96,2026-07-28,6.0,7155.0,354.9,0.2461,1.48,0.1852
2026-07-22,7498.96,2026-07-28,6.0,7160.0,349.95,0.2437,1.52,0.1839
2026-07-22,7498.96,2026-07-28,6.0,7165.0,345.05,0.2417,1.57,0.1825
2026-07-22,7498.96,2026-07-28,6.0,7170.0,340.05,0.2388,1.65,0.1815
2026-07-22,7498.96,2026-07-28,6.0,7175.0,335.15,0.2367,1.73,0.1805
2026-07-22,7498.96,2026-07-28,6.0,7180.0,330.25,0.2346,1.8,0.1794
2026-07-22,7498.96,2026-07-28,6.0,7185.0,325.3,0.2321,1.88,0.1782
2026-07-22,7498.96,2026-07-28,6.0,7190.0,320.35,0.2296,1.92,0.1766
2026-07-22,7498.96,2026-07-28,6.0,7195.0,315.45,0.2275,2.02,0.1758
2026-07-22,7498.96,2026-07-28,6.0,7200.0,310.55,0.2253,2.12,0.1748
2026-07-22,7498.96,2026-07-28,6.0,7205.0,305.6,0.2227,2.17,0.1731
2026-07-22,7498.96,2026-07-28,6.0,7210.0,300.7,0.2205,2.27,0.172
2026-07-22,7498.96,2026-07-28,6.0,7215.0,295.8,0.2183,2.38,0.1709
2026-07-22,7498.96,2026-07-28,6.0,7220.0,290.9,0.216,2.52,0.1703
2026-07-22,7498.96,2026-07-28,6.0,7225.0,286.0,0.2137,2.62,0.169
2026-07-22,7498.96,2026-07-28,6.0,7230.0,281.2,0.2121,2.73,0.1677
2026-07-22,7498.96,2026-07-28,6.0,7235.0,276.3,0.2098,2.85,0.1666
2026-07-22,7498.96,2026-07-28,6.0,7240.0,271.4,0.2074,2.98,0.1654
2026-07-22,7498.96,2026-07-28,6.0,7245.0,266.55,0.2054,3.12,0.1644
2026-07-22,7498.96,2026-07-28,6.0,7250.0,261.7,0.2033,3.25,0.1631
2026-07-22,7498.96,2026-07-28,6.0,7255.0,256.85,0.2012,3.4,0.162
2026-07-22,7498.96,2026-07-28,6.0,7260.0,252.0,0.199,3.6,0.1612
2026-07-22,7498.96,2026-07-28,6.0,7265.0,247.15,0.1969,3.75,0.1599
2026-07-22,7498.96,2026-07-28,6.0,7270.0,242.35,0.1949,3.95,0.159
2026-07-22,7498.96,2026-07-28,6.0,7275.0,237.55,0.193,4.1,0.1576
2026-07-22,7498.96,2026-07-28,6.0,7280.0,232.75,0.191,4.3,0.1565
2026-07-22,7498.96,2026-07-28,6.0,7285.0,227.95,0.1889,4.5,0.1553
2026-07-22,7498.96,2026-07-28,6.0,7290.0,223.15,0.1868,4.75,0.1545
2026-07-22,7498.96,2026-07-28,6.0,7295.0,218.45,0.1853,5.0,0.1535
2026-07-22,7498.96,2026-07-28,6.0,7300.0,213.65,0.1831,5.25,0.1524
2026-07-22,7498.96,2026-07-28,6.0,7305.0,212.05,0.1965,5.5,0.1513
2026-07-22,7498.96,2026-07-28,6.0,7310.0,204.25,0.1796,5.8,0.1503
2026-07-22,7498.96,2026-07-28,6.0,7315.0,200.45,0.1822,6.1,0.1493
2026-07-22,7498.96,2026-07-28,6.0,7320.0,195.75,0.1802,6.4,0.1482
2026-07-22,7498.96,2026-07-28,6.0,7325.0,191.05,0.1782,6.7,0.1469
2026-07-22,7498.96,2026-07-28,6.0,7330.0,186.35,0.1761,7.05,0.1459
2026-07-22,7498.96,2026-07-28,6.0,7335.0,181.7,0.1742,7.4,0.1448
2026-07-22,7498.96,2026-07-28,6.0,7340.0,177.05,0.1722,7.8,0.1438
2026-07-22,7498.96,2026-07-28,6.0,7345.0,172.4,0.1702,8.2,0.1427
2026-07-22,7498.96,2026-07-28,6.0,7350.0,167.85,0.1685,8.6,0.1415
2026-07-22,7498.96,2026-07-28,6.0,7355.0,163.25,0.1665,9.05,0.1405
2026-07-22,7498.96,2026-07-28,6.0,7360.0,158.7,0.1647,9.5,0.1393
2026-07-22,7498.96,2026-07-28,6.0,7365.0,154.15,0.1628,9.95,0.138
2026-07-22,7498.96,2026-07-28,6.0,7370.0,149.65,0.161,10.45,0.1368
2026-07-22,7498.96,2026-07-28,6.0,7375.0,145.1,0.1589,11.05,0.1359
2026-07-22,7498.96,2026-07-28,6.0,7380.0,140.7,0.1573,11.55,0.1345
2026-07-22,7498.96,2026-07-28,6.0,7385.0,136.2,0.1553,12.15,0.1334
2026-07-22,7498.96,2026-07-28,6.0,7390.0,131.8,0.1535,12.75,0.1321
2026-07-22,7498.96,2026-07-28,6.0,7395.0,127.45,0.1518,13.45,0.1311
2026-07-22,7498.96,2026-07-28,6.0,7400.0,123.1,0.15,14.15,0.13
2026-07-22,7498.96,2026-07-28,6.0,7405.0,118.8,0.1483,14.85,0.1287
2026-07-22,7498.96,2026-07-28,6.0,7410.0,114.55,0.1466,15.6,0.1274
2026-07-22,7498.96,2026-07-28,6.0,7415.0,110.3,0.1448,16.4,0.1262
2026-07-22,7498.96,2026-07-28,6.0,7420.0,105.5,0.1412,17.25,0.125
2026-07-22,7498.96,2026-07-28,6.0,7425.0,101.95,0.1414,18.1,0.1237
2026-07-22,7498.96,2026-07-28,6.0,7430.0,97.4,0.1383,19.05,0.1225
2026-07-22,7498.96,2026-07-28,6.0,7435.0,93.05,0.1358,20.0,0.1211
2026-07-22,7498.96,2026-07-28,6.0,7440.0,89.1,0.1343,21.0,0.1198
2026-07-22,7498.96,2026-07-28,6.0,7445.0,85.15,0.1327,22.1,0.1186
2026-07-22,7498.96,2026-07-28,6.0,7450.0,81.3,0.1312,23.2,0.1172
2026-07-22,7498.96,2026-07-28,6.0,7455.0,77.1,0.1286,24.4,0.1159
2026-07-22,7498.96,2026-07-28,6.0,7460.0,73.4,0.1272,25.65,0.1145
2026-07-22,7498.96,2026-07-28,6.0,7465.0,69.65,0.1255,26.95,0.1131
2026-07-22,7498.96,2026-07-28,6.0,7470.0,66.05,0.1241,28.35,0.1118
2026-07-22,7498.96,2026-07-28,6.0,7475.0,62.45,0.1225,29.75,0.1103
2026-07-22,7498.96,2026-07-28,6.0,7480.0,59.05,0.1212,31.25,0.1089
2026-07-22,7498.96,2026-07-28,6.0,7485.0,55.7,0.1198,32.85,0.1074
2026-07-22,7498.96,2026-07-28,6.0,7490.0,52.35,0.1183,34.5,0.1059
2026-07-22,7498.96,2026-07-28,6.0,7495.0,49.15,0.1169,36.25,0.1044
2026-07-22,7498.96,2026-07-28,6.0,7500.0,45.95,0.1153,38.1,0.103
2026-07-22,7498.96,2026-07-28,6.0,7505.0,42.8,0.1136,40.0,0.1013
2026-07-22,7498.96,2026-07-28,6.0,7510.0,39.85,0.1122,42.0,0.0997
2026-07-22,7498.96,2026-07-28,6.0,7515.0,37.0,0.1108,44.1,0.0981
2026-07-22,7498.96,2026-07-28,6.0,7520.0,34.2,0.1093,46.3,0.0964
2026-07-22,7498.96,2026-07-28,6.0,7525.0,31.45,0.1076,48.6,0.0946
2026-07-22,7498.96,2026-07-28,6.0,7530.0,28.9,0.1062,51.1,0.093
2026-07-22,7498.96,2026-07-28,6.0,7535.0,26.45,0.1048,53.55,0.091
2026-07-22,7498.96,2026-07-28,6.0,7540.0,24.05,0.1032,56.15,0.0889
2026-07-22,7498.96,2026-07-28,6.0,7545.0,21.75,0.1015,59.0,0.0871
2026-07-22,7498.96,2026-07-28,6.0,7550.0,19.65,0.1001,61.85,0.0849
2026-07-22,7498.96,2026-07-28,6.0,7555.0,17.65,0.0987,64.85,0.0826
2026-07-22,7498.96,2026-07-28,6.0,7560.0,15.75,0.0972,67.55,0.0785
2026-07-22,7498.96,2026-07-28,6.0,7565.0,13.95,0.0956,70.8,0.0755
2026-07-22,7498.96,2026-07-28,6.0,7570.0,12.3,0.0941,74.1,0.0716
2026-07-22,7498.96,2026-07-28,6.0,7575.0,10.75,0.0926,77.6,0.0669
2026-07-22,7498.96,2026-07-28,6.0,7580.0,9.4,0.0913,81.2,0.0579
2026-07-22,7498.96,2026-07-28,6.0,7585.0,8.1,0.0898,84.9,0.0993
2026-07-22,7498.96,2026-07-28,6.0,7590.0,6.9,0.0881,88.7,0.0756
2026-07-22,7498.96,2026-07-28,6.0,7595.0,5.9,0.0869,92.55,0.069
2026-07-22,7498.96,2026-07-28,6.0,7600.0,5.0,0.0857,,
2026-07-22,7498.96,2026-07-28,6.0,7605.0,4.2,0.0844,,
2026-07-22,7498.96,2026-07-28,6.0,7610.0,3.45,0.0829,,
2026-07-22,7498.96,2026-07-28,6.0,7615.0,2.88,0.0819,108.65,0.0724
2026-07-22,7498.96,2026-07-28,6.0,7620.0,2.35,0.0807,,
2026-07-22,7498.96,2026-07-28,6.0,7625.0,1.92,0.0798,,
2026-07-22,7498.96,2026-07-28,6.0,7630.0,1.52,0.0785,121.85,0.1632
2026-07-22,7498.96,2026-07-28,6.0,7635.0,1.23,0.0776,,
2026-07-22,7498.96,2026-07-28,6.0,7640.0,0.98,0.0767,,
2026-07-22,7498.96,2026-07-28,6.0,7645.0,0.78,0.0759,,
2026-07-22,7498.96,2026-07-28,6.0,7650.0,0.65,0.076,,
2026-07-22,7498.96,2026-07-28,6.0,7655.0,0.5,0.075,,
2026-07-22,7498.96,2026-07-28,6.0,7660.0,0.43,0.0753,,
2026-07-22,7498.96,2026-07-28,6.0,7665.0,0.35,0.0753,,
2026-07-22,7498.96,2026-07-28,6.0,7670.0,0.33,0.0765,,
2026-07-22,7498.96,2026-07-28,6.0,7675.0,0.25,0.0758,,
2026-07-22,7498.96,2026-07-28,6.0,7680.0,0.22,0.0767,,
2026-07-22,7498.96,2026-07-28,6.0,7685.0,0.17,0.0762,,
2026-07-22,7498.96,2026-07-28,6.0,7690.0,0.17,0.078,,
2026-07-22,7498.96,2026-07-28,6.0,7695.0,0.15,0.0784,,
2026-07-22,7498.96,2026-07-28,6.0,7700.0,0.12,0.0786,,
2026-07-22,7498.96,2026-07-28,6.0,7705.0,0.12,0.0803,,
2026-07-22,7498.96,2026-07-28,6.0,7710.0,0.12,0.0821,,
2026-07-22,7498.96,2026-07-28,6.0,7715.0,0.1,0.0819,,
2026-07-22,7498.96,2026-07-28,6.0,7720.0,0.08,0.0811,212.2,0.1207
2026-07-22,7498.96,2026-07-28,6.0,7725.0,0.08,0.0828,,
2026-07-22,7498.96,2026-07-28,6.0,7730.0,0.08,0.0844,221.1,0.1251
2026-07-22,7498.96,2026-07-28,6.0,7740.0,0.1,0.0903,231.1,0.1295
2026-07-22,7498.96,2026-07-28,6.0,7750.0,0.1,0.0937,241.1,0.1338
2026-07-22,7498.96,2026-07-28,6.0,7760.0,0.1,0.097,251.1,0.1381
2026-07-22,7498.96,2026-07-28,6.0,7770.0,0.1,0.1003,261.1,0.1423
2026-07-22,7498.96,2026-07-28,6.0,7775.0,0.1,0.102,266.1,0.1445
2026-07-22,7498.96,2026-07-28,6.0,7780.0,0.1,0.1037,271.05,0.1466
2026-07-22,7498.96,2026-07-28,6.0,7790.0,0.1,0.107,281.05,0.1508
2026-07-22,7498.96,2026-07-28,6.0,7800.0,0.1,0.1102,291.1,0.155
2026-07-22,7498.96,2026-07-28,6.0,7825.0,0.1,0.1184,316.0,0.1654
2026-07-22,7498.96,2026-07-28,6.0,7850.0,0.1,0.1265,341.0,0.1756
2026-07-22,7498.96,2026-07-28,6.0,7875.0,0.1,0.1345,366.0,0.1857
2026-07-22,7498.96,2026-07-28,6.0,7900.0,0.1,0.1424,390.95,0.1958
2026-07-22,7498.96,2026-07-28,6.0,7925.0,0.1,0.1502,416.0,0.2057
2026-07-22,7498.96,2026-07-28,6.0,7950.0,0.07,0.1539,440.9,0.2155
2026-07-22,7498.96,2026-07-28,6.0,7975.0,0.07,0.1615,465.9,0.2253
2026-07-22,7498.96,2026-07-28,6.0,8000.0,0.07,0.169,490.9,0.2349
2026-07-22,7498.96,2026-07-28,6.0,8025.0,0.07,0.1765,515.9,0.2445
2026-07-22,7498.96,2026-07-28,6.0,8050.0,0.07,0.1839,540.85,0.254
2026-07-22,7498.96,2026-07-28,6.0,8075.0,0.07,0.1913,565.8,0.2634
2026-07-22,7498.96,2026-07-28,6.0,8100.0,0.07,0.1986,590.8,0.2727
2026-07-22,7498.96,2026-07-28,6.0,8200.0,0.07,0.2274,690.7,0.3095
2026-07-22,7498.96,2026-07-28,6.0,8300.0,0.05,0.2474,790.65,0.3453
2026-07-22,7498.96,2026-07-28,6.0,8400.0,0.05,0.2742,890.6,0.3802
2026-07-22,7498.96,2026-07-28,6.0,8600.0,0.05,0.3263,1090.45,0.4478
2026-07-22,7498.96,2026-07-29,7.0,5800.0,1708.7,0.8972,0.1,0.5817
2026-07-22,7498.96,2026-07-29,7.0,5900.0,1608.8,0.846,0.12,0.5554
2026-07-22,7498.96,2026-07-29,7.0,6000.0,1508.9,0.7952,0.12,0.5193
2026-07-22,7498.96,2026-07-29,7.0,6100.0,1409.0,0.7449,0.12,0.4836
2026-07-22,7498.96,2026-07-29,7.0,6200.0,1309.1,0.6951,0.17,0.4614
2026-07-22,7498.96,2026-07-29,7.0,6300.0,1209.2,0.6455,0.17,0.4257
2026-07-22,7498.96,2026-07-29,7.0,6325.0,1184.2,0.6327,0.17,0.4168
2026-07-22,7498.96,2026-07-29,7.0,6350.0,1159.15,0.6191,0.17,0.4079
2026-07-22,7498.96,2026-07-29,7.0,6375.0,1134.3,0.609,0.22,0.4083
2026-07-22,7498.96,2026-07-29,7.0,6400.0,1109.3,0.5963,0.22,0.3993
2026-07-22,7498.96,2026-07-29,7.0,6425.0,1084.25,0.5828,0.22,0.3903
2026-07-22,7498.96,2026-07-29,7.0,6450.0,1059.4,0.5725,0.22,0.3814
2026-07-22,7498.96,2026-07-29,7.0,6475.0,1034.4,0.5599,0.22,0.3725
2026-07-22,7498.96,2026-07-29,7.0,6500.0,1009.4,0.5472,0.28,0.3706
2026-07-22,7498.96,2026-07-29,7.0,6525.0,984.5,0.5362,0.28,0.3615
2026-07-22,7498.96,2026-07-29,7.0,6550.0,959.5,0.5235,0.28,0.3525
2026-07-22,7498.96,2026-07-29,7.0,6575.0,934.5,0.5109,0.3,0.3465
2026-07-22,7498.96,2026-07-29,7.0,6600.0,909.6,0.4998,0.33,0.3402
2026-07-22,7498.96,2026-07-29,7.0,6625.0,884.6,0.4872,0.33,0.3311
2026-07-22,7498.96,2026-07-29,7.0,6650.0,859.55,0.4739,0.35,0.3244
2026-07-22,7498.96,2026-07-29,7.0,6675.0,834.7,0.4634,0.38,0.3176
2026-07-22,7498.96,2026-07-29,7.0,6700.0,809.7,0.4509,0.4,0.3105
2026-07-22,7498.96,2026-07-29,7.0,6725.0,784.8,0.4396,0.42,0.3033
2026-07-22,7498.96,2026-07-29,7.0,6750.0,759.8,0.427,0.45,0.2959
2026-07-22,7498.96,2026-07-29,7.0,6775.0,734.85,0.4151,0.48,0.2883
2026-07-22,7498.96,2026-07-29,7.0,6800.0,709.9,0.4031,0.5,0.2806
2026-07-22,7498.96,2026-07-29,7.0,6825.0,685.0,0.3917,0.55,0.2742
2026-07-22,7498.96,2026-07-29,7.0,6850.0,660.0,0.379,0.6,0.2674
2026-07-22,7498.96,2026-07-29,7.0,6875.0,635.1,0.3675,0.65,0.2604
2026-07-22,7498.96,2026-07-29,7.0,6900.0,610.2,0.3559,0.7,0.2531
2026-07-22,7498.96,2026-07-29,7.0,6925.0,585.25,0.3437,0.75,0.2455
2026-07-22,7498.96,2026-07-29,7.0,6950.0,560.25,0.331,0.85,0.2396
2026-07-22,7498.96,2026-07-29,7.0,6975.0,535.45,0.3202,0.93,0.2323
2026-07-22,7498.96,2026-07-29,7.0,7000.0,510.6,0.3088,1.05,0.2261
2026-07-22,7498.96,2026-07-29,7.0,7010.0,500.55,0.3032,1.1,0.2235
2026-07-22,7498.96,2026-07-29,7.0,7020.0,490.7,0.2994,1.15,0.2208
2026-07-22,7498.96,2026-07-29,7.0,7025.0,485.7,0.2968,1.15,0.2188
2026-07-22,7498.96,2026-07-29,7.0,7030.0,480.6,0.2934,1.2,0.218
2026-07-22,7498.96,2026-07-29,7.0,7040.0,470.75,0.2895,1.25,0.2152
2026-07-22,7498.96,2026-07-29,7.0,7050.0,460.9,0.2856,1.35,0.2134
2026-07-22,7498.96,2026-07-29,7.0,7060.0,451.0,0.2813,1.4,0.2104
2026-07-22,7498.96,2026-07-29,7.0,7070.0,441.0,0.276,1.5,0.2083
2026-07-22,7498.96,2026-07-29,7.0,7075.0,436.1,0.2743,1.55,0.2072
2026-07-22,7498.96,2026-07-29,7.0,7080.0,431.1,0.2716,1.57,0.2056
2026-07-22,7498.96,2026-07-29,7.0,7090.0,421.2,0.2672,1.68,0.2033
2026-07-22,7498.96,2026-07-29,7.0,7100.0,411.3,0.2627,1.8,0.2013
2026-07-22,7498.96,2026-07-29,7.0,7110.0,401.5,0.2589,1.9,0.1987
2026-07-22,7498.96,2026-07-29,7.0,7120.0,391.5,0.2536,2.02,0.1963
2026-07-22,7498.96,2026-07-29,7.0,7125.0,386.7,0.2525,2.1,0.1953
2026-07-22,7498.96,2026-07-29,7.0,7130.0,381.7,0.2498,2.17,0.1942
2026-07-22,7498.96,2026-07-29,7.0,7140.0,371.9,0.2458,2.33,0.1919
2026-07-22,7498.96,2026-07-29,7.0,7150.0,362.05,0.2415,2.5,0.1898
2026-07-22,7498.96,2026-07-29,7.0,7155.0,357.15,0.2395,2.58,0.1885
2026-07-22,7498.96,2026-07-29,7.0,7160.0,352.2,0.2371,2.67,0.1875
2026-07-22,7498.96,2026-07-29,7.0,7165.0,347.3,0.2351,2.77,0.1865
2026-07-22,7498.96,2026-07-29,7.0,7170.0,342.4,0.233,2.88,0.1853
2026-07-22,7498.96,2026-07-29,7.0,7175.0,337.6,0.2316,3.03,0.1848
2026-07-22,7498.96,2026-07-29,7.0,7180.0,332.7,0.2295,3.15,0.1838
2026-07-22,7498.96,2026-07-29,7.0,7185.0,327.8,0.2273,3.25,0.1825
2026-07-22,7498.96,2026-07-29,7.0,7190.0,322.9,0.2252,3.35,0.1812
2026-07-22,7498.96,2026-07-29,7.0,7195.0,318.0,0.223,3.5,0.1804
2026-07-22,7498.96,2026-07-29,7.0,7200.0,313.2,0.2215,3.65,0.1794
2026-07-22,7498.96,2026-07-29,7.0,7205.0,308.3,0.2193,3.75,0.178
2026-07-22,7498.96,2026-07-29,7.0,7210.0,303.3,0.2164,3.95,0.1774
2026-07-22,7498.96,2026-07-29,7.0,7215.0,298.5,0.2148,4.1,0.1763
2026-07-22,7498.96,2026-07-29,7.0,7220.0,293.8,0.2137,4.25,0.1751
2026-07-22,7498.96,2026-07-29,7.0,7225.0,288.8,0.2108,4.4,0.1739
2026-07-22,7498.96,2026-07-29,7.0,7230.0,284.0,0.2091,4.6,0.1731
2026-07-22,7498.96,2026-07-29,7.0,7235.0,279.2,0.2073,4.8,0.1721
2026-07-22,7498.96,2026-07-29,7.0,7240.0,274.4,0.2055,5.0,0.1711
2026-07-22,7498.96,2026-07-29,7.0,7245.0,269.6,0.2037,5.2,0.1701
2026-07-22,7498.96,2026-07-29,7.0,7250.0,264.8,0.2018,5.4,0.1689
2026-07-22,7498.96,2026-07-29,7.0,7255.0,260.1,0.2004,5.65,0.1681
2026-07-22,7498.96,2026-07-29,7.0,7260.0,255.3,0.1985,5.9,0.1672
2026-07-22,7498.96,2026-07-29,7.0,7265.0,250.5,0.1965,6.1,0.1658
2026-07-22,7498.96,2026-07-29,7.0,7270.0,245.8,0.1949,6.4,0.1651
2026-07-22,7498.96,2026-07-29,7.0,7275.0,241.0,0.1929,6.7,0.1642
2026-07-22,7498.96,2026-07-29,7.0,7280.0,236.3,0.1913,7.0,0.1633
2026-07-22,7498.96,2026-07-29,7.0,7285.0,231.6,0.1896,7.3,0.1623
2026-07-22,7498.96,2026-07-29,7.0,7290.0,226.8,0.1874,7.6,0.1612
2026-07-22,7498.96,2026-07-29,7.0,7295.0,222.1,0.1857,7.9,0.1601
2026-07-22,7498.96,2026-07-29,7.0,7300.0,217.4,0.1839,8.2,0.1588
2026-07-22,7498.96,2026-07-29,7.0,7305.0,212.8,0.1825,8.6,0.158
2026-07-22,7498.96,2026-07-29,7.0,7310.0,209.1,0.1848,8.95,0.1569
2026-07-22,7498.96,2026-07-29,7.0,7315.0,204.05,0.1813,9.35,0.156
2026-07-22,7498.96,2026-07-29,7.0,7320.0,200.95,0.1856,9.75,0.1549
2026-07-22,7498.96,2026-07-29,7.0,7325.0,196.35,0.1838,10.2,0.154
2026-07-22,7498.96,2026-07-29,7.0,7330.0,191.8,0.1822,10.65,0.153
2026-07-22,7498.96,2026-07-29,7.0,7335.0,187.2,0.1803,11.1,0.1519
2026-07-22,7498.96,2026-07-29,7.0,7340.0,182.6,0.1783,11.55,0.1507
2026-07-22,7498.96,2026-07-29,7.0,7345.0,178.1,0.1767,12.05,0.1496
2026-07-22,7498.96,2026-07-29,7.0,7350.0,173.6,0.1749,12.65,0.1489
2026-07-22,7498.96,2026-07-29,7.0,7355.0,169.1,0.1731,13.15,0.1476
2026-07-22,7498.96,2026-07-29,7.0,7360.0,164.6,0.1713,13.75,0.1467
2026-07-22,7498.96,2026-07-29,7.0,7365.0,160.15,0.1695,14.35,0.1456
2026-07-22,7498.96,2026-07-29,7.0,7370.0,155.8,0.1681,14.95,0.1444
2026-07-22,7498.96,2026-07-29,7.0,7375.0,151.35,0.1662,15.6,0.1433
2026-07-22,7498.96,2026-07-29,7.0,7380.0,146.9,0.1642,16.3,0.1423
2026-07-22,7498.96,2026-07-29,7.0,7385.0,142.6,0.1626,17.0,0.1412
2026-07-22,7498.96,2026-07-29,7.0,7390.0,138.3,0.161,17.75,0.1401
2026-07-22,7498.96,2026-07-29,7.0,7395.0,134.0,0.1592,18.5,0.1389
2026-07-22,7498.96,2026-07-29,7.0,7400.0,129.8,0.1577,19.3,0.1377
2026-07-22,7498.96,2026-07-29,7.0,7405.0,125.6,0.1561,20.2,0.1368
2026-07-22,7498.96,2026-07-29,7.0,7410.0,121.4,0.1544,21.0,0.1354
2026-07-22,7498.96,2026-07-29,7.0,7415.0,117.2,0.1526,22.0,0.1345
2026-07-22,7498.96,2026-07-29,7.0,7420.0,112.8,0.1501,22.9,0.1332
2026-07-22,7498.96,2026-07-29,7.0,7425.0,107.8,0.1459,23.9,0.132
2026-07-22,7498.96,2026-07-29,7.0,7430.0,103.8,0.1444,24.95,0.1309
2026-07-22,7498.96,2026-07-29,7.0,7435.0,99.9,0.1431,26.0,0.1296
2026-07-22,7498.96,2026-07-29,7.0,7440.0,96.0,0.1416,27.15,0.1284
2026-07-22,7498.96,2026-07-29,7.0,7445.0,91.9,0.1395,28.35,0.1273
2026-07-22,7498.96,2026-07-29,7.0,7450.0,88.2,0.1383,29.55,0.126
2026-07-22,7498.96,2026-07-29,7.0,7455.0,84.45,0.1369,30.85,0.1248
2026-07-22,7498.96,2026-07-29,7.0,7460.0,80.8,0.1355,32.15,0.1235
2026-07-22,7498.96,2026-07-29,7.0,7465.0,77.15,0.134,33.55,0.1222
2026-07-22,7498.96,2026-07-29,7.0,7470.0,73.65,0.1328,35.0,0.1209
2026-07-22,7498.96,2026-07-29,7.0,7475.0,70.1,0.1313,36.5,0.1196
2026-07-22,7498.96,2026-07-29,7.0,7480.0,66.7,0.13,38.05,0.1182
2026-07-22,7498.96,2026-07-29,7.0,7485.0,63.35,0.1286,39.7,0.1169
2026-07-22,7498.96,2026-07-29,7.0,7490.0,60.1,0.1274,41.35,0.1154
2026-07-22,7498.96,2026-07-29,7.0,7495.0,56.9,0.126,43.15,0.1141
2026-07-22,7498.96,2026-07-29,7.0,7500.0,53.7,0.1246,44.95,0.1126
2026-07-22,7498.96,2026-07-29,7.0,7505.0,50.65,0.1232,46.9,0.1113
2026-07-22,7498.96,2026-07-29,7.0,7510.0,47.6,0.1217,48.9,0.1098
2026-07-22,7498.96,2026-07-29,7.0,7515.0,44.7,0.1204,50.95,0.1083
2026-07-22,7498.96,2026-07-29,7.0,7520.0,41.85,0.119,53.15,0.1069
2026-07-22,7498.96,2026-07-29,7.0,7525.0,39.1,0.1176,55.35,0.1052
2026-07-22,7498.96,2026-07-29,7.0,7530.0,36.45,0.1163,57.75,0.1038
2026-07-22,7498.96,2026-07-29,7.0,7535.0,33.9,0.115,60.2,0.1022
2026-07-22,7498.96,2026-07-29,7.0,7540.0,31.4,0.1135,62.6,0.1002
2026-07-22,7498.96,2026-07-29,7.0,7545.0,29.05,0.1123,65.2,0.0985
2026-07-22,7498.96,2026-07-29,7.0,7550.0,26.75,0.1109,67.95,0.0968
2026-07-22,7498.96,2026-07-29,7.0,7555.0,24.55,0.1095,70.85,0.0951
2026-07-22,7498.96,2026-07-29,7.0,7560.0,22.45,0.1081,73.7,0.093
2026-07-22,7498.96,2026-07-29,7.0,7565.0,20.45,0.1067,76.7,0.0908
2026-07-22,7498.96,2026-07-29,7.0,7570.0,18.6,0.1054,77.8,0.0818
2026-07-22,7498.96,2026-07-29,7.0,7575.0,16.8,0.104,82.65,0.0847
2026-07-22,7498.96,2026-07-29,7.0,7580.0,15.15,0.1027,86.2,0.0826
2026-07-22,7498.96,2026-07-29,7.0,7585.0,13.55,0.1013,89.5,0.0788
2026-07-22,7498.96,2026-07-29,7.0,7590.0,12.1,0.1,92.9,0.0738
2026-07-22,7498.96,2026-07-29,7.0,7595.0,10.75,0.0987,96.4,0.0655
2026-07-22,7498.96,2026-07-29,7.0,7600.0,9.45,0.0973,99.9,0.0828
2026-07-22,7498.96,2026-07-29,7.0,7605.0,8.3,0.096,103.7,0.0647
2026-07-22,7498.96,2026-07-29,7.0,7610.0,7.25,0.0947,108.1,0.067
2026-07-22,7498.96,2026-07-29,7.0,7615.0,6.3,0.0935,112.2,0.0693
2026-07-22,7498.96,2026-07-29,7.0,7620.0,5.4,0.0921,114.4,0.0716
2026-07-22,7498.96,2026-07-29,7.0,7625.0,4.7,0.0913,118.5,0.0739
2026-07-22,7498.96,2026-07-29,7.0,7630.0,4.0,0.0901,,
2026-07-22,7498.96,2026-07-29,7.0,7635.0,3.35,0.0887,,
2026-07-22,7498.96,2026-07-29,7.0,7640.0,2.9,0.0881,,
2026-07-22,7498.96,2026-07-29,7.0,7645.0,2.38,0.0866,,
2026-07-22,7498.96,2026-07-29,7.0,7650.0,1.98,0.0856,140.6,0.0931
2026-07-22,7498.96,2026-07-29,7.0,7655.0,1.65,0.0848,,
2026-07-22,7498.96,2026-07-29,7.0,7660.0,1.38,0.0841,,
2026-07-22,7498.96,2026-07-29,7.0,7665.0,1.12,0.0832,,
2026-07-22,7498.96,2026-07-29,7.0,7670.0,0.95,0.0828,,
2026-07-22,7498.96,2026-07-29,7.0,7675.0,0.8,0.0825,,
2026-07-22,7498.96,2026-07-29,7.0,7680.0,0.65,0.0818,,
2026-07-22,7498.96,2026-07-29,7.0,7685.0,0.55,0.0817,,
2026-07-22,7498.96,2026-07-29,7.0,7690.0,0.45,0.0812,,
2026-07-22,7498.96,2026-07-29,7.0,7695.0,0.4,0.0818,,
2026-07-22,7498.96,2026-07-29,7.0,7700.0,0.35,0.0821,,
2026-07-22,7498.96,2026-07-29,7.0,7705.0,0.3,0.0822,,
2026-07-22,7498.96,2026-07-29,7.0,7710.0,0.25,0.0821,,
2026-07-22,7498.96,2026-07-29,7.0,7715.0,0.22,0.0827,,
2026-07-22,7498.96,2026-07-29,7.0,7720.0,0.2,0.0833,212.2,0.115
2026-07-22,7498.96,2026-07-29,7.0,7725.0,0.17,0.0836,,
2026-07-22,7498.96,2026-07-29,7.0,7730.0,0.17,0.0853,220.25,0.1192
2026-07-22,7498.96,2026-07-29,7.0,7740.0,0.15,0.0871,230.2,0.1233
2026-07-22,7498.96,2026-07-29,7.0,7750.0,0.12,0.0885,240.2,0.1274
2026-07-22,7498.96,2026-07-29,7.0,7760.0,0.12,0.0917,250.2,0.1314
2026-07-22,7498.96,2026-07-29,7.0,7770.0,0.12,0.0948,260.2,0.1355
2026-07-22,7498.96,2026-07-29,7.0,7775.0,0.12,0.0964,265.2,0.1375
2026-07-22,7498.96,2026-07-29,7.0,7780.0,0.12,0.0979,270.2,0.1395
2026-07-22,7498.96,2026-07-29,7.0,7790.0,0.1,0.0988,280.15,0.1434
2026-07-22,7498.96,2026-07-29,7.0,7800.0,0.1,0.1018,290.15,0.1474
2026-07-22,7498.96,2026-07-29,7.0,7825.0,0.1,0.1094,315.1,0.1572
2026-07-22,7498.96,2026-07-29,7.0,7850.0,0.1,0.1168,340.1,0.1669
2026-07-22,7498.96,2026-07-29,7.0,7875.0,0.1,0.1242,365.1,0.1764
2026-07-22,7498.96,2026-07-29,7.0,7900.0,0.1,0.1316,390.05,0.1859
2026-07-22,7498.96,2026-07-29,7.0,7925.0,0.1,0.1389,415.0,0.1953
2026-07-22,7498.96,2026-07-29,7.0,7950.0,0.1,0.1461,440.0,0.2045
2026-07-22,7498.96,2026-07-29,7.0,7975.0,0.1,0.1533,465.0,0.2137
2026-07-22,7498.96,2026-07-29,7.0,8000.0,0.1,0.1604,489.95,0.2228
2026-07-22,7498.96,2026-07-29,7.0,8025.0,0.1,0.1674,514.9,0.2318
2026-07-22,7498.96,2026-07-29,7.0,8050.0,0.07,0.17,539.9,0.2408
2026-07-22,7498.96,2026-07-29,7.0,8075.0,0.07,0.1769,564.9,0.2497
2026-07-22,7498.96,2026-07-29,7.0,8100.0,0.07,0.1836,589.9,0.2585
2026-07-22,7498.96,2026-07-29,7.0,8200.0,0.07,0.2103,689.8,0.2931
2026-07-22,7498.96,2026-07-29,7.0,8300.0,0.07,0.2364,789.7,0.3268
2026-07-22,7498.96,2026-07-29,7.0,8400.0,0.07,0.2619,889.6,0.3597
2026-07-22,7498.96,2026-07-29,7.0,8600.0,0.05,0.3019,1089.45,0.4233
2026-07-22,7498.96,2026-07-30,8.0,5800.0,1709.4,0.8423,0.1,0.5443
2026-07-22,7498.96,2026-07-30,8.0,5900.0,1609.5,0.794,0.12,0.5198
2026-07-22,7498.96,2026-07-30,8.0,6000.0,1509.6,0.7462,0.15,0.4933
2026-07-22,7498.96,2026-07-30,8.0,6100.0,1409.7,0.6989,0.17,0.4656
2026-07-22,7498.96,2026-07-30,8.0,6200.0,1309.85,0.6528,0.22,0.4415
2026-07-22,7498.96,2026-07-30,8.0,6300.0,1210.0,0.607,0.28,0.4151
2026-07-22,7498.96,2026-07-30,8.0,6325.0,1185.0,0.595,0.28,0.4065
2026-07-22,7498.96,2026-07-30,8.0,6350.0,1160.05,0.5838,0.3,0.4012
2026-07-22,7498.96,2026-07-30,8.0,6375.0,1135.1,0.5726,0.33,0.3956
2026-07-22,7498.96,2026-07-30,8.0,6400.0,1110.1,0.5606,0.38,0.3925
2026-07-22,7498.96,2026-07-30,8.0,6425.0,1085.2,0.5502,0.33,0.3783
2026-07-22,7498.96,2026-07-30,8.0,6450.0,1060.2,0.5382,0.38,0.375
2026-07-22,7498.96,2026-07-30,8.0,6475.0,1035.15,0.5256,0.38,0.3663
2026-07-22,7498.96,2026-07-30,8.0,6500.0,1010.3,0.5159,0.4,0.36
2026-07-22,7498.96,2026-07-30,8.0,6525.0,985.3,0.504,0.43,0.3535
2026-07-22,7498.96,2026-07-30,8.0,6550.0,960.4,0.4935,0.43,0.3447
2026-07-22,7498.96,2026-07-30,8.0,6575.0,935.4,0.4816,0.47,0.3399
2026-07-22,7498.96,2026-07-30,8.0,6600.0,910.5,0.4711,0.47,0.3312
2026-07-22,7498.96,2026-07-30,8.0,6625.0,885.5,0.4592,0.53,0.3259
2026-07-22,7498.96,2026-07-30,8.0,6650.0,860.6,0.4486,0.55,0.3186
2026-07-22,7498.96,2026-07-30,8.0,6675.0,835.6,0.4368,0.57,0.3113
2026-07-22,7498.96,2026-07-30,8.0,6700.0,810.7,0.4261,0.62,0.3053
2026-07-22,7498.96,2026-07-30,8.0,6725.0,785.75,0.4149,0.68,0.2989
2026-07-22,7498.96,2026-07-30,8.0,6750.0,760.8,0.4036,0.72,0.2924
2026-07-22,7498.96,2026-07-30,8.0,6775.0,735.9,0.3928,0.78,0.2856
2026-07-22,7498.96,2026-07-30,8.0,6800.0,711.0,0.382,0.82,0.2785
2026-07-22,7498.96,2026-07-30,8.0,6825.0,686.1,0.3712,0.93,0.2732
2026-07-22,7498.96,2026-07-30,8.0,6850.0,661.2,0.3603,0.98,0.2657
2026-07-22,7498.96,2026-07-30,8.0,6875.0,636.3,0.3493,1.07,0.2597
2026-07-22,7498.96,2026-07-30,8.0,6900.0,611.4,0.3383,1.18,0.2532
2026-07-22,7498.96,2026-07-30,8.0,6925.0,586.6,0.3282,1.3,0.2471
2026-07-22,7498.96,2026-07-30,8.0,6950.0,561.65,0.3165,1.45,0.2411
2026-07-22,7498.96,2026-07-30,8.0,6975.0,536.85,0.3062,1.65,0.2358
2026-07-22,7498.96,2026-07-30,8.0,7000.0,512.1,0.2961,1.85,0.2298
2026-07-22,7498.96,2026-07-30,8.0,7010.0,502.2,0.292,1.95,0.2276
2026-07-22,7498.96,2026-07-30,8.0,7020.0,492.3,0.2879,2.03,0.2249
2026-07-22,7498.96,2026-07-30,8.0,7025.0,487.4,0.2862,2.08,0.2237
2026-07-22,7498.96,2026-07-30,8.0,7030.0,482.5,0.2845,2.15,0.2229
2026-07-22,7498.96,2026-07-30,8.0,7040.0,472.6,0.2803,2.25,0.2204
2026-07-22,7498.96,2026-07-30,8.0,7050.0,462.65,0.2757,2.38,0.2182
2026-07-22,7498.96,2026-07-30,8.0,7060.0,452.8,0.2718,2.53,0.2162
2026-07-22,7498.96,2026-07-30,8.0,7070.0,442.95,0.2679,2.67,0.2141
2026-07-22,7498.96,2026-07-30,8.0,7075.0,438.05,0.2661,2.75,0.213
2026-07-22,7498.96,2026-07-30,8.0,7080.0,433.1,0.264,2.83,0.2118
2026-07-22,7498.96,2026-07-30,8.0,7090.0,423.3,0.2603,3.0,0.2098
2026-07-22,7498.96,2026-07-30,8.0,7100.0,413.5,0.2566,3.2,0.2079
2026-07-22,7498.96,2026-07-30,8.0,7110.0,403.7,0.2528,3.35,0.2052
2026-07-22,7498.96,2026-07-30,8.0,7120.0,393.9,0.249,3.6,0.2035
2026-07-22,7498.96,2026-07-30,8.0,7125.0,389.0,0.2471,3.8,0.2034
2026-07-22,7498.96,2026-07-30,8.0,7130.0,384.1,0.2451,3.85,0.2017
2026-07-22,7498.96,2026-07-30,8.0,7140.0,374.4,0.2418,4.1,0.1996
2026-07-22,7498.96,2026-07-30,8.0,7150.0,364.6,0.2378,4.4,0.1978
2026-07-22,7498.96,2026-07-30,8.0,7155.0,359.8,0.2363,4.5,0.1964
2026-07-22,7498.96,2026-07-30,8.0,7160.0,354.9,0.2343,4.7,0.1958
2026-07-22,7498.96,2026-07-30,8.0,7165.0,350.1,0.2328,4.85,0.1948
2026-07-22,7498.96,2026-07-30,8.0,7170.0,345.1,0.2301,4.95,0.1933
2026-07-22,7498.96,2026-07-30,8.0,7175.0,340.4,0.2292,5.1,0.1921
2026-07-22,7498.96,2026-07-30,8.0,7180.0,335.45,0.2268,5.35,0.1917
2026-07-22,7498.96,2026-07-30,8.0,7185.0,330.6,0.2249,5.5,0.1905
2026-07-22,7498.96,2026-07-30,8.0,7190.0,325.8,0.2233,5.7,0.1896
2026-07-22,7498.96,2026-07-30,8.0,7195.0,321.0,0.2216,5.9,0.1886
2026-07-22,7498.96,2026-07-30,8.0,7200.0,316.2,0.22,6.1,0.1876
2026-07-22,7498.96,2026-07-30,8.0,7205.0,311.4,0.2183,6.3,0.1865
2026-07-22,7498.96,2026-07-30,8.0,7210.0,306.7,0.217,6.5,0.1854
2026-07-22,7498.96,2026-07-30,8.0,7215.0,301.9,0.2153,6.7,0.1843
2026-07-22,7498.96,2026-07-30,8.0,7220.0,297.1,0.2135,7.0,0.1837
2026-07-22,7498.96,2026-07-30,8.0,7225.0,292.4,0.2121,7.2,0.1824
2026-07-22,7498.96,2026-07-30,8.0,7230.0,287.6,0.2103,7.5,0.1817
2026-07-22,7498.96,2026-07-30,8.0,7235.0,282.9,0.2089,7.8,0.1809
2026-07-22,7498.96,2026-07-30,8.0,7240.0,278.1,0.207,8.05,0.1798
2026-07-22,7498.96,2026-07-30,8.0,7245.0,273.4,0.2055,8.3,0.1786
2026-07-22,7498.96,2026-07-30,8.0,7250.0,268.7,0.204,8.65,0.1779
2026-07-22,7498.96,2026-07-30,8.0,7255.0,264.0,0.2024,8.95,0.1768
2026-07-22,7498.96,2026-07-30,8.0,7260.0,259.2,0.2003,9.25,0.1757
2026-07-22,7498.96,2026-07-30,8.0,7265.0,254.6,0.1991,9.6,0.1748
2026-07-22,7498.96,2026-07-30,8.0,7270.0,249.9,0.1974,9.95,0.1739
2026-07-22,7498.96,2026-07-30,8.0,7275.0,245.3,0.1961,10.35,0.173
2026-07-22,7498.96,2026-07-30,8.0,7280.0,240.6,0.1944,10.75,0.1722
2026-07-22,7498.96,2026-07-30,8.0,7285.0,236.0,0.1929,11.15,0.1712
2026-07-22,7498.96,2026-07-30,8.0,7290.0,231.4,0.1915,11.55,0.1702
2026-07-22,7498.96,2026-07-30,8.0,7295.0,226.8,0.19,11.95,0.1691
2026-07-22,7498.96,2026-07-30,8.0,7300.0,222.2,0.1884,12.4,0.1682
2026-07-22,7498.96,2026-07-30,8.0,7305.0,217.55,0.1866,12.85,0.1672
2026-07-22,7498.96,2026-07-30,8.0,7310.0,213.1,0.1855,13.35,0.1663
2026-07-22,7498.96,2026-07-30,8.0,7315.0,209.3,0.1866,13.8,0.1651
2026-07-22,7498.96,2026-07-30,8.0,7320.0,204.2,0.1831,14.3,0.1641
2026-07-22,7498.96,2026-07-30,8.0,7325.0,201.6,0.1881,14.85,0.1631
2026-07-22,7498.96,2026-07-30,8.0,7330.0,197.1,0.1864,15.4,0.1621
2026-07-22,7498.96,2026-07-30,8.0,7335.0,192.7,0.1851,16.0,0.1612
2026-07-22,7498.96,2026-07-30,8.0,7340.0,188.2,0.1833,16.6,0.1602
2026-07-22,7498.96,2026-07-30,8.0,7345.0,183.8,0.1818,17.2,0.1592
2026-07-22,7498.96,2026-07-30,8.0,7350.0,179.3,0.18,17.8,0.158
2026-07-22,7498.96,2026-07-30,8.0,7355.0,174.9,0.1784,18.5,0.1571
2026-07-22,7498.96,2026-07-30,8.0,7360.0,170.6,0.177,19.2,0.1561
2026-07-22,7498.96,2026-07-30,8.0,7365.0,166.3,0.1756,19.9,0.1551
2026-07-22,7498.96,2026-07-30,8.0,7370.0,162.0,0.1741,20.65,0.1541
2026-07-22,7498.96,2026-07-30,8.0,7375.0,157.8,0.1728,21.45,0.1531
2026-07-22,7498.96,2026-07-30,8.0,7380.0,153.5,0.1711,22.2,0.1519
2026-07-22,7498.96,2026-07-30,8.0,7385.0,149.3,0.1697,23.05,0.1509
2026-07-22,7498.96,2026-07-30,8.0,7390.0,145.1,0.1682,23.85,0.1497
2026-07-22,7498.96,2026-07-30,8.0,7395.0,140.9,0.1666,24.8,0.1488
2026-07-22,7498.96,2026-07-30,8.0,7400.0,136.8,0.1652,25.65,0.1475
2026-07-22,7498.96,2026-07-30,8.0,7405.0,132.7,0.1637,26.6,0.1465
2026-07-22,7498.96,2026-07-30,8.0,7410.0,127.55,0.1594,27.65,0.1455
2026-07-22,7498.96,2026-07-30,8.0,7415.0,123.55,0.1581,28.65,0.1444
2026-07-22,7498.96,2026-07-30,8.0,7420.0,119.8,0.1573,29.75,0.1434
2026-07-22,7498.96,2026-07-30,8.0,7425.0,115.9,0.156,30.85,0.1422
2026-07-22,7498.96,2026-07-30,8.0,7430.0,111.85,0.1542,31.95,0.141
2026-07-22,7498.96,2026-07-30,8.0,7435.0,107.4,0.1514,33.1,0.1398
2026-07-22,7498.96,2026-07-30,8.0,7440.0,103.75,0.1504,34.35,0.1387
2026-07-22,7498.96,2026-07-30,8.0,7445.0,99.8,0.1486,35.65,0.1377
2026-07-22,7498.96,2026-07-30,8.0,7450.0,96.2,0.1476,37.0,0.1366
2026-07-22,7498.96,2026-07-30,8.0,7455.0,92.6,0.1464,38.3,0.1353
2026-07-22,7498.96,2026-07-30,8.0,7460.0,89.0,0.1451,39.65,0.1339
2026-07-22,7498.96,2026-07-30,8.0,7465.0,85.4,0.1437,41.05,0.1326
2026-07-22,7498.96,2026-07-30,8.0,7470.0,82.0,0.1426,42.6,0.1315
2026-07-22,7498.96,2026-07-30,8.0,7475.0,78.75,0.1418,44.3,0.1306
2026-07-22,7498.96,2026-07-30,8.0,7480.0,75.15,0.14,45.85,0.1292
2026-07-22,7498.96,2026-07-30,8.0,7485.0,71.85,0.1388,47.4,0.1276
2026-07-22,7498.96,2026-07-30,8.0,7490.0,68.6,0.1375,49.05,0.1262
2026-07-22,7498.96,2026-07-30,8.0,7495.0,65.45,0.1364,51.0,0.1252
2026-07-22,7498.96,2026-07-30,8.0,7500.0,62.2,0.1349,52.9,0.124
2026-07-22,7498.96,2026-07-30,8.0,7505.0,59.2,0.1338,54.45,0.1219
2026-07-22,7498.96,2026-07-30,8.0,7510.0,56.05,0.1322,56.6,0.1209
2026-07-22,7498.96,2026-07-30,8.0,7515.0,53.2,0.1311,58.85,0.12
2026-07-22,7498.96,2026-07-30,8.0,7520.0,50.3,0.1297,61.0,0.1187
2026-07-22,7498.96,2026-07-30,8.0,7525.0,47.5,0.1285,63.0,0.1168
2026-07-22,7498.96,2026-07-30,8.0,7530.0,44.8,0.1272,65.4,0.1157
2026-07-22,7498.96,2026-07-30,8.0,7535.0,42.15,0.126,67.8,0.1143
2026-07-22,7498.96,2026-07-30,8.0,7540.0,39.6,0.1247,70.2,0.1128
2026-07-22,7498.96,2026-07-30,8.0,7545.0,37.1,0.1234,72.5,0.1108
2026-07-22,7498.96,2026-07-30,8.0,7550.0,34.7,0.1222,75.2,0.1095
2026-07-22,7498.96,2026-07-30,8.0,7555.0,32.35,0.1208,77.8,0.1077
2026-07-22,7498.96,2026-07-30,8.0,7560.0,30.2,0.1198,80.6,0.1061
2026-07-22,7498.96,2026-07-30,8.0,7565.0,28.0,0.1184,83.5,0.1046
2026-07-22,7498.96,2026-07-30,8.0,7570.0,25.9,0.1171,86.4,0.1027
2026-07-22,7498.96,2026-07-30,8.0,7575.0,23.9,0.1158,89.4,0.1008
2026-07-22,7498.96,2026-07-30,8.0,7580.0,22.05,0.1146,91.1,0.0946
2026-07-22,7498.96,2026-07-30,8.0,7585.0,20.25,0.1134,95.8,0.097
2026-07-22,7498.96,2026-07-30,8.0,7590.0,18.6,0.1123,99.0,0.0945
2026-07-22,7498.96,2026-07-30,8.0,7595.0,17.0,0.1112,102.25,0.0915
2026-07-22,7498.96,2026-07-30,8.0,7600.0,15.5,0.11,105.95,0.0896
2026-07-22,7498.96,2026-07-30,8.0,7605.0,14.1,0.109,108.1,0.0795
2026-07-22,7498.96,2026-07-30,8.0,7610.0,12.75,0.1078,112.2,0.0767
2026-07-22,7498.96,2026-07-30,8.0,7615.0,11.5,0.1067,115.1,0.1005
2026-07-22,7498.96,2026-07-30,8.0,7620.0,10.35,0.1056,118.9,0.0943
2026-07-22,7498.96,2026-07-30,8.0,7625.0,9.25,0.1044,122.7,0.0849
2026-07-22,7498.96,2026-07-30,8.0,7630.0,8.25,0.1033,126.6,0.0733
2026-07-22,7498.96,2026-07-30,8.0,7635.0,7.4,0.1026,130.65,0.0755
2026-07-22,7498.96,2026-07-30,8.0,7640.0,6.5,0.1013,134.7,0.0776
2026-07-22,7498.96,2026-07-30,8.0,7645.0,5.75,0.1003,138.8,0.0798
2026-07-22,7498.96,2026-07-30,8.0,7650.0,5.1,0.0996,,
2026-07-22,7498.96,2026-07-30,8.0,7655.0,4.5,0.0988,,
2026-07-22,7498.96,2026-07-30,8.0,7660.0,3.9,0.0977,,
2026-07-22,7498.96,2026-07-30,8.0,7665.0,3.4,0.0969,,
2026-07-22,7498.96,2026-07-30,8.0,7670.0,2.95,0.096,,
2026-07-22,7498.96,2026-07-30,8.0,7675.0,2.6,0.0956,,
2026-07-22,7498.96,2026-07-30,8.0,7680.0,2.27,0.0951,,
2026-07-22,7498.96,2026-07-30,8.0,7690.0,1.67,0.0937,,
2026-07-22,7498.96,2026-07-30,8.0,7700.0,1.27,0.0931,,
2026-07-22,7498.96,2026-07-30,8.0,7710.0,0.97,0.0927,,
2026-07-22,7498.96,2026-07-30,8.0,7720.0,0.75,0.0926,212.2,0.1104
2026-07-22,7498.96,2026-07-30,8.0,7725.0,0.7,0.0934,,
2026-07-22,7498.96,2026-07-30,8.0,7730.0,0.6,0.0931,219.9,0.1144
2026-07-22,7498.96,2026-07-30,8.0,7740.0,0.5,0.0941,229.8,0.1183
2026-07-22,7498.96,2026-07-30,8.0,7750.0,0.43,0.0954,239.7,0.1222
2026-07-22,7498.96,2026-07-30,8.0,7760.0,0.38,0.0971,249.6,0.126
2026-07-22,7498.96,2026-07-30,8.0,7775.0,0.35,0.1011,264.5,0.1318
2026-07-22,7498.96,2026-07-30,8.0,7800.0,0.23,0.1036,289.4,0.1412
2026-07-22,7498.96,2026-07-30,8.0,7825.0,0.2,0.1097,314.4,0.1506
2026-07-22,7498.96,2026-07-30,8.0,7850.0,0.17,0.1155,339.3,0.1598
2026-07-22,7498.96,2026-07-30,8.0,7875.0,0.17,0.1227,364.3,0.1689
2026-07-22,7498.96,2026-07-30,8.0,7900.0,0.17,0.1299,389.3,0.1779
2026-07-22,7498.96,2026-07-30,8.0,7925.0,0.17,0.137,414.2,0.1868
2026-07-22,7498.96,2026-07-30,8.0,7950.0,0.17,0.1441,439.2,0.1956
2026-07-22,7498.96,2026-07-30,8.0,7975.0,0.17,0.1511,464.2,0.2043
2026-07-22,7498.96,2026-07-30,8.0,8000.0,0.17,0.1581,489.15,0.213
2026-07-22,7498.96,2026-07-30,8.0,8025.0,0.15,0.1625,514.1,0.2216
2026-07-22,7498.96,2026-07-30,8.0,8050.0,0.15,0.1693,539.1,0.2301
2026-07-22,7498.96,2026-07-30,8.0,8075.0,0.15,0.176,564.1,0.2385
2026-07-22,7498.96,2026-07-30,8.0,8100.0,0.15,0.1827,589.1,0.2469
2026-07-22,7498.96,2026-07-30,8.0,8200.0,0.12,0.2055,,
2026-07-22,7498.96,2026-07-30,8.0,8300.0,0.12,0.2308,,
2026-07-22,7498.96,2026-07-30,8.0,8400.0,0.1,0.2508,,
2026-07-22,7498.96,2026-07-30,8.0,8600.0,0.1,0.2981,,
2026-07-22,7498.96,2026-07-31,9.0,5625.0,1885.7,0.8947,0.15,0.5886
2026-07-22,7498.96,2026-07-31,9.0,5630.0,1880.7,0.8922,0.15,0.587
2026-07-22,7498.96,2026-07-31,9.0,5640.0,1870.7,0.8873,0.15,0.5836
2026-07-22,7498.96,2026-07-31,9.0,5650.0,1860.7,0.8823,0.15,0.5802
2026-07-22,7498.96,2026-07-31,9.0,5660.0,1850.65,0.8763,0.15,0.5769
2026-07-22,7498.96,2026-07-31,9.0,5670.0,1840.75,0.8734,0.15,0.5735
2026-07-22,7498.96,2026-07-31,9.0,5675.0,1835.8,0.8719,0.15,0.5718
2026-07-22,7498.96,2026-07-31,9.0,5680.0,1830.8,0.8694,0.15,0.5701
2026-07-22,7498.96,2026-07-31,9.0,5690.0,1820.8,0.8645,0.15,0.5668
2026-07-22,7498.96,2026-07-31,9.0,5700.0,1810.8,0.8595,0.15,0.5635
2026-07-22,7498.96,2026-07-31,9.0,5710.0,1800.8,0.8546,0.15,0.5601
2026-07-22,7498.96,2026-07-31,9.0,5720.0,1790.8,0.8497,0.15,0.5568
2026-07-22,7498.96,2026-07-31,9.0,5725.0,1785.75,0.8463,0.15,0.5551
2026-07-22,7498.96,2026-07-31,9.0,5730.0,1780.75,0.8438,0.15,0.5535
2026-07-22,7498.96,2026-07-31,9.0,5740.0,1770.9,0.8418,0.15,0.5501
2026-07-22,7498.96,2026-07-31,9.0,5750.0,1760.9,0.8369,0.15,0.5468
2026-07-22,7498.96,2026-07-31,9.0,5760.0,1750.9,0.832,0.15,0.5435
2026-07-22,7498.96,2026-07-31,9.0,5770.0,1740.9,0.8271,0.15,0.5402
2026-07-22,7498.96,2026-07-31,9.0,5775.0,1735.9,0.8246,0.15,0.5385
2026-07-22,7498.96,2026-07-31,9.0,5780.0,1730.9,0.8222,0.15,0.5369
2026-07-22,7498.96,2026-07-31,9.0,5790.0,1720.85,0.8164,0.17,0.5404
2026-07-22,7498.96,2026-07-31,9.0,5800.0,1710.85,0.8115,0.17,0.5371
2026-07-22,7498.96,2026-07-31,9.0,5810.0,1701.0,0.8094,0.17,0.5338
2026-07-22,7498.96,2026-07-31,9.0,5820.0,1691.0,0.8046,0.2,0.5365
2026-07-22,7498.96,2026-07-31,9.0,5825.0,1686.0,0.8021,0.2,0.5348
2026-07-22,7498.96,2026-07-31,9.0,5830.0,1681.0,0.7997,0.2,0.5332
2026-07-22,7498.96,2026-07-31,9.0,5840.0,1671.0,0.7949,0.2,0.5298
2026-07-22,7498.96,2026-07-31,9.0,5850.0,1661.0,0.79,0.2,0.5265
2026-07-22,7498.96,2026-07-31,9.0,5860.0,1650.95,0.7843,0.2,0.5231
2026-07-22,7498.96,2026-07-31,9.0,5870.0,1641.05,0.7812,0.2,0.5198
2026-07-22,7498.96,2026-07-31,9.0,5875.0,1636.1,0.7797,0.2,0.5181
2026-07-22,7498.96,2026-07-31,9.0,5880.0,1631.1,0.7773,0.2,0.5165
2026-07-22,7498.96,2026-07-31,9.0,5890.0,1621.1,0.7725,0.2,0.5131
2026-07-22,7498.96,2026-07-31,9.0,5900.0,1611.1,0.7677,0.2,0.5098
2026-07-22,7498.96,2026-07-31,9.0,5910.0,1601.1,0.7628,0.2,0.5065
2026-07-22,7498.96,2026-07-31,9.0,5920.0,1591.05,0.7572,0.22,0.5084
2026-07-22,7498.96,2026-07-31,9.0,5925.0,1586.05,0.7548,0.22,0.5067
2026-07-22,7498.96,2026-07-31,9.0,5930.0,1581.15,0.7541,0.22,0.505
2026-07-22,7498.96,2026-07-31,9.0,5940.0,1571.2,0.7502,0.22,0.5017
2026-07-22,7498.96,2026-07-31,9.0,5950.0,1561.2,0.7454,0.25,0.503
2026-07-22,7498.96,2026-07-31,9.0,5960.0,1551.2,0.7406,0.25,0.4997
2026-07-22,7498.96,2026-07-31,9.0,5970.0,1541.2,0.7358,0.25,0.4963
2026-07-22,7498.96,2026-07-31,9.0,5975.0,1536.2,0.7334,0.25,0.4947
2026-07-22,7498.96,2026-07-31,9.0,5980.0,1531.2,0.731,0.25,0.493
2026-07-22,7498.96,2026-07-31,9.0,5990.0,1521.15,0.7254,0.25,0.4897
2026-07-22,7498.96,2026-07-31,9.0,6000.0,1510.2,0.7039,0.25,0.4863
2026-07-22,7498.96,2026-07-31,9.0,6010.0,1501.3,0.7184,0.25,0.483
2026-07-22,7498.96,2026-07-31,9.0,6020.0,1491.3,0.7137,0.28,0.4838
2026-07-22,7498.96,2026-07-31,9.0,6025.0,1486.3,0.7113,0.28,0.4821
2026-07-22,7498.96,2026-07-31,9.0,6030.0,1481.3,0.7089,0.28,0.4805
2026-07-22,7498.96,2026-07-31,9.0,6040.0,1471.3,0.7042,0.28,0.4771
2026-07-22,7498.96,2026-07-31,9.0,6050.0,1461.25,0.6986,0.28,0.4738
2026-07-22,7498.96,2026-07-31,9.0,6060.0,1451.4,0.6963,0.28,0.4704
2026-07-22,7498.96,2026-07-31,9.0,6070.0,1441.4,0.6916,0.3,0.4709
2026-07-22,7498.96,2026-07-31,9.0,6075.0,1436.4,0.6892,0.3,0.4692
2026-07-22,7498.96,2026-07-31,9.0,6080.0,1431.4,0.6868,0.3,0.4675
2026-07-22,7498.96,2026-07-31,9.0,6090.0,1421.4,0.6821,0.3,0.4642
2026-07-22,7498.96,2026-07-31,9.0,6100.0,1411.4,0.6774,0.3,0.4608
2026-07-22,7498.96,2026-07-31,9.0,6110.0,1401.45,0.6735,0.33,0.4609
2026-07-22,7498.96,2026-07-31,9.0,6120.0,1391.5,0.6695,0.33,0.4576
2026-07-22,7498.96,2026-07-31,9.0,6125.0,1386.5,0.6672,0.33,0.4559
2026-07-22,7498.96,2026-07-31,9.0,6130.0,1381.5,0.6648,0.33,0.4542
2026-07-22,7498.96,2026-07-31,9.0,6140.0,1371.5,0.6601,0.33,0.4509
2026-07-22,7498.96,2026-07-31,9.0,6150.0,1361.5,0.6554,0.33,0.4475
2026-07-22,7498.96,2026-07-31,9.0,6160.0,1351.45,0.65,0.35,0.4473
2026-07-22,7498.96,2026-07-31,9.0,6170.0,1341.55,0.6468,0.35,0.444
2026-07-22,7498.96,2026-07-31,9.0,6175.0,1336.6,0.6452,0.35,0.4423
2026-07-22,7498.96,2026-07-31,9.0,6180.0,1331.6,0.6429,0.35,0.4406
2026-07-22,7498.96,2026-07-31,9.0,6190.0,1321.6,0.6382,0.35,0.4373
2026-07-22,7498.96,2026-07-31,9.0,6200.0,1311.6,0.6335,0.38,0.4368
2026-07-22,7498.96,2026-07-31,9.0,6210.0,1301.6,0.6288,0.38,0.4335
2026-07-22,7498.96,2026-07-31,9.0,6220.0,1291.55,0.6234,0.38,0.4301
2026-07-22,7498.96,2026-07-31,9.0,6225.0,1286.65,0.6225,0.38,0.4284
2026-07-22,7498.96,2026-07-31,9.0,6230.0,1281.7,0.6209,0.38,0.4267
2026-07-22,7498.96,2026-07-31,9.0,6240.0,1271.7,0.6163,0.4,0.4261
2026-07-22,7498.96,2026-07-31,9.0,6250.0,1261.7,0.6116,0.4,0.4227
2026-07-22,7498.96,2026-07-31,9.0,6260.0,1251.7,0.607,0.4,0.4193
2026-07-22,7498.96,2026-07-31,9.0,6270.0,1241.65,0.6016,0.43,0.4185
2026-07-22,7498.96,2026-07-31,9.0,6275.0,1236.75,0.6007,0.43,0.4168
2026-07-22,7498.96,2026-07-31,9.0,6280.0,1231.75,0.5984,0.43,0.4151
2026-07-22,7498.96,2026-07-31,9.0,6290.0,1221.8,0.5944,0.43,0.4118
2026-07-22,7498.96,2026-07-31,9.0,6300.0,1211.8,0.5898,0.43,0.4084
2026-07-22,7498.96,2026-07-31,9.0,6310.0,1201.8,0.5851,0.45,0.4074
2026-07-22,7498.96,2026-07-31,9.0,6320.0,1191.75,0.5798,0.45,0.404
2026-07-22,7498.96,2026-07-31,9.0,6325.0,1186.85,0.5789,0.45,0.4023
2026-07-22,7498.96,2026-07-31,9.0,6330.0,1181.85,0.5765,0.45,0.4006
2026-07-22,7498.96,2026-07-31,9.0,6340.0,1171.9,0.5726,0.47,0.3994
2026-07-22,7498.96,2026-07-31,9.0,6350.0,1161.9,0.5679,0.47,0.3961
2026-07-22,7498.96,2026-07-31,9.0,6360.0,1150.85,0.5486,0.47,0.3927
2026-07-22,7498.96,2026-07-31,9.0,6370.0,1141.85,0.558,0.5,0.3914
2026-07-22,7498.96,2026-07-31,9.0,6375.0,1136.95,0.557,0.5,0.3897
2026-07-22,7498.96,2026-07-31,9.0,6380.0,1132.0,0.5554,0.5,0.388
2026-07-22,7498.96,2026-07-31,9.0,6390.0,1122.0,0.5508,0.5,0.3846
2026-07-22,7498.96,2026-07-31,9.0,6400.0,1112.0,0.5462,0.53,0.3832
2026-07-22,7498.96,2026-07-31,9.0,6410.0,1102.0,0.5415,0.53,0.3798
2026-07-22,7498.96,2026-07-31,9.0,6420.0,1092.05,0.5376,0.55,0.3782
2026-07-22,7498.96,2026-07-31,9.0,6425.0,1087.05,0.5353,0.55,0.3765
2026-07-22,7498.96,2026-07-31,9.0,6430.0,1082.1,0.5336,0.55,0.3748
2026-07-22,7498.96,2026-07-31,9.0,6440.0,1072.1,0.529,0.55,0.3714
2026-07-22,7498.96,2026-07-31,9.0,6450.0,1062.1,0.5244,0.57,0.3698
2026-07-22,7498.96,2026-07-31,9.0,6460.0,1052.15,0.5204,0.57,0.3664
2026-07-22,7498.96,2026-07-31,9.0,6470.0,1042.2,0.5164,0.6,0.3647
2026-07-22,7498.96,2026-07-31,9.0,6475.0,1037.2,0.5141,0.6,0.363
2026-07-22,7498.96,2026-07-31,9.0,6480.0,1032.2,0.5118,0.6,0.3612
2026-07-22,7498.96,2026-07-31,9.0,6490.0,1022.2,0.5072,0.62,0.3594
2026-07-22,7498.96,2026-07-31,9.0,6500.0,1011.2,0.49,0.6,0.3544
2026-07-22,7498.96,2026-07-31,9.0,6510.0,1002.3,0.4992,0.65,0.3541
2026-07-22,7498.96,2026-07-31,9.0,6520.0,992.3,0.4946,0.65,0.3507
2026-07-22,7498.96,2026-07-31,9.0,6525.0,987.3,0.4923,0.68,0.3504
2026-07-22,7498.96,2026-07-31,9.0,6530.0,982.3,0.49,0.68,0.3487
2026-07-22,7498.96,2026-07-31,9.0,6540.0,972.35,0.486,0.7,0.3467
2026-07-22,7498.96,2026-07-31,9.0,6550.0,962.4,0.482,0.7,0.3432
2026-07-22,7498.96,2026-07-31,9.0,6560.0,952.4,0.4774,0.72,0.3412
2026-07-22,7498.96,2026-07-31,9.0,6565.0,947.4,0.4751,0.72,0.3394
2026-07-22,7498.96,2026-07-31,9.0,6570.0,942.4,0.4728,0.72,0.3377
2026-07-22,7498.96,2026-07-31,9.0,6575.0,937.45,0.4711,0.75,0.3373
2026-07-22,7498.96,2026-07-31,9.0,6580.0,932.45,0.4688,0.75,0.3356
2026-07-22,7498.96,2026-07-31,9.0,6585.0,927.5,0.467,0.75,0.3338
2026-07-22,7498.96,2026-07-31,9.0,6590.0,922.5,0.4647,0.78,0.3333
2026-07-22,7498.96,2026-07-31,9.0,6595.0,917.5,0.4624,0.78,0.3316
2026-07-22,7498.96,2026-07-31,9.0,6600.0,912.5,0.4601,0.78,0.3299
2026-07-22,7498.96,2026-07-31,9.0,6605.0,907.5,0.4578,0.8,0.3294
2026-07-22,7498.96,2026-07-31,9.0,6610.0,902.55,0.4561,0.8,0.3276
2026-07-22,7498.96,2026-07-31,9.0,6615.0,897.6,0.4544,0.82,0.3271
2026-07-22,7498.96,2026-07-31,9.0,6620.0,892.6,0.4521,0.82,0.3253
2026-07-22,7498.96,2026-07-31,9.0,6625.0,887.6,0.4498,0.82,0.3236
2026-07-22,7498.96,2026-07-31,9.0,6630.0,882.6,0.4475,0.85,0.323
2026-07-22,7498.96,2026-07-31,9.0,6635.0,877.6,0.4452,0.85,0.3212
2026-07-22,7498.96,2026-07-31,9.0,6640.0,872.65,0.4434,0.88,0.3206
2026-07-22,7498.96,2026-07-31,9.0,6645.0,867.7,0.4416,0.88,0.3188
2026-07-22,7498.96,2026-07-31,9.0,6650.0,862.7,0.4393,0.88,0.3171
2026-07-22,7498.96,2026-07-31,9.0,6655.0,857.7,0.437,0.9,0.3164
2026-07-22,7498.96,2026-07-31,9.0,6660.0,852.7,0.4347,0.9,0.3146
2026-07-22,7498.96,2026-07-31,9.0,6665.0,847.7,0.4325,0.93,0.3139
2026-07-22,7498.96,2026-07-31,9.0,6670.0,842.75,0.4307,0.93,0.3122
2026-07-22,7498.96,2026-07-31,9.0,6675.0,837.8,0.4289,0.95,0.3114
2026-07-22,7498.96,2026-07-31,9.0,6680.0,832.8,0.4266,0.95,0.3097
2026-07-22,7498.96,2026-07-31,9.0,6685.0,827.8,0.4243,0.98,0.3089
2026-07-22,7498.96,2026-07-31,9.0,6690.0,822.8,0.422,0.98,0.3071
2026-07-22,7498.96,2026-07-31,9.0,6695.0,817.85,0.4202,1.0,0.3063
2026-07-22,7498.96,2026-07-31,9.0,6700.0,812.9,0.4184,1.0,0.3045
2026-07-22,7498.96,2026-07-31,9.0,6705.0,807.9,0.4161,1.02,0.3037
2026-07-22,7498.96,2026-07-31,9.0,6710.0,802.9,0.4138,1.02,0.3019
2026-07-22,7498.96,2026-07-31,9.0,6715.0,797.9,0.4115,1.05,0.301
2026-07-22,7498.96,2026-07-31,9.0,6720.0,792.95,0.4097,1.07,0.3002
2026-07-22,7498.96,2026-07-31,9.0,6725.0,788.0,0.4079,1.07,0.2984
2026-07-22,7498.96,2026-07-31,9.0,6730.0,783.0,0.4056,1.1,0.2975
2026-07-22,7498.96,2026-07-31,9.0,6735.0,778.0,0.4033,1.12,0.2965
2026-07-22,7498.96,2026-07-31,9.0,6740.0,773.0,0.401,1.12,0.2947
2026-07-22,7498.96,2026-07-31,9.0,6745.0,768.05,0.3992,1.15,0.2938
2026-07-22,7498.96,2026-07-31,9.0,6750.0,763.1,0.3973,1.18,0.2928
2026-07-22,7498.96,2026-07-31,9.0,6755.0,758.1,0.395,1.18,0.291
2026-07-22,7498.96,2026-07-31,9.0,6760.0,753.1,0.3927,1.2,0.29
2026-07-22,7498.96,2026-07-31,9.0,6765.0,748.15,0.3909,1.23,0.289
2026-07-22,7498.96,2026-07-31,9.0,6770.0,743.2,0.389,1.23,0.2872
2026-07-22,7498.96,2026-07-31,9.0,6775.0,738.2,0.3867,1.25,0.2861
2026-07-22,7498.96,2026-07-31,9.0,6780.0,732.15,0.3743,1.27,0.285
2026-07-22,7498.96,2026-07-31,9.0,6785.0,728.25,0.3826,1.27,0.2832
2026-07-22,7498.96,2026-07-31,9.0,6790.0,723.3,0.3807,1.32,0.2829
2026-07-22,7498.96,2026-07-31,9.0,6795.0,718.3,0.3784,1.32,0.281
2026-07-22,7498.96,2026-07-31,9.0,6800.0,712.4,0.3677,1.35,0.2799
2026-07-22,7498.96,2026-07-31,9.0,6805.0,708.35,0.3742,1.38,0.2788
2026-07-22,7498.96,2026-07-31,9.0,6810.0,703.4,0.3724,1.4,0.2776
2026-07-22,7498.96,2026-07-31,9.0,6815.0,698.4,0.3701,1.43,0.2765
2026-07-22,7498.96,2026-07-31,9.0,6820.0,692.35,0.3581,1.43,0.2747
2026-07-22,7498.96,2026-07-31,9.0,6825.0,688.5,0.3663,1.48,0.2741
2026-07-22,7498.96,2026-07-31,9.0,6830.0,683.5,0.364,1.48,0.2723
2026-07-22,7498.96,2026-07-31,9.0,6835.0,678.5,0.3617,1.52,0.2717
2026-07-22,7498.96,2026-07-31,9.0,6840.0,673.55,0.3598,1.52,0.2698
2026-07-22,7498.96,2026-07-31,9.0,6845.0,668.6,0.3579,1.57,0.2692
2026-07-22,7498.96,2026-07-31,9.0,6850.0,663.6,0.3555,1.57,0.2674
2026-07-22,7498.96,2026-07-31,9.0,6855.0,658.65,0.3536,1.62,0.2667
2026-07-22,7498.96,2026-07-31,9.0,6860.0,653.7,0.3517,1.68,0.266
2026-07-22,7498.96,2026-07-31,9.0,6865.0,648.7,0.3494,1.68,0.2641
2026-07-22,7498.96,2026-07-31,9.0,6870.0,643.8,0.3479,1.73,0.2633
2026-07-22,7498.96,2026-07-31,9.0,6875.0,638.8,0.3456,1.73,0.2615
2026-07-22,7498.96,2026-07-31,9.0,6880.0,633.75,0.3428,1.77,0.2607
2026-07-22,7498.96,2026-07-31,9.0,6885.0,628.9,0.3417,1.82,0.2598
2026-07-22,7498.96,2026-07-31,9.0,6890.0,623.9,0.3394,1.82,0.258
2026-07-22,7498.96,2026-07-31,9.0,6895.0,618.85,0.3366,1.88,0.2571
2026-07-22,7498.96,2026-07-31,9.0,6900.0,614.0,0.3355,1.92,0.2562
2026-07-22,7498.96,2026-07-31,9.0,6905.0,608.95,0.3328,1.95,0.2548
2026-07-22,7498.96,2026-07-31,9.0,6910.0,604.1,0.3316,1.98,0.2534
2026-07-22,7498.96,2026-07-31,9.0,6915.0,599.1,0.3292,2.02,0.2524
2026-07-22,7498.96,2026-07-31,9.0,6920.0,594.2,0.3277,2.08,0.2514
2026-07-22,7498.96,2026-07-31,9.0,6925.0,589.2,0.3253,2.1,0.25
2026-07-22,7498.96,2026-07-31,9.0,6930.0,584.3,0.3237,2.15,0.2489
2026-07-22,7498.96,2026-07-31,9.0,6935.0,579.3,0.3214,2.2,0.2479
2026-07-22,7498.96,2026-07-31,9.0,6940.0,574.3,0.319,2.25,0.2468
2026-07-22,7498.96,2026-07-31,9.0,6945.0,569.4,0.3174,2.3,0.2457
2026-07-22,7498.96,2026-07-31,9.0,6950.0,563.4,0.3074,2.35,0.2446
2026-07-22,7498.96,2026-07-31,9.0,6955.0,559.45,0.313,2.4,0.2435
2026-07-22,7498.96,2026-07-31,9.0,6960.0,554.6,0.3118,2.45,0.2423
2026-07-22,7498.96,2026-07-31,9.0,6965.0,549.55,0.309,2.5,0.2412
2026-07-22,7498.96,2026-07-31,9.0,6970.0,544.7,0.3077,2.55,0.24
2026-07-22,7498.96,2026-07-31,9.0,6975.0,539.7,0.3053,2.58,0.2384
2026-07-22,7498.96,2026-07-31,9.0,6980.0,534.75,0.3033,2.65,0.2375
2026-07-22,7498.96,2026-07-31,9.0,6985.0,529.9,0.302,2.72,0.2366
2026-07-22,7498.96,2026-07-31,9.0,6990.0,523.9,0.2925,2.78,0.2353
2026-07-22,7498.96,2026-07-31,9.0,6995.0,519.95,0.2975,2.85,0.2344
2026-07-22,7498.96,2026-07-31,9.0,7000.0,514.25,0.2903,2.95,0.2337
2026-07-22,7498.96,2026-07-31,9.0,7005.0,510.1,0.2938,3.0,0.2324
2026-07-22,7498.96,2026-07-31,9.0,7010.0,505.2,0.292,3.1,0.2317
2026-07-22,7498.96,2026-07-31,9.0,7015.0,500.25,0.29,3.12,0.23
2026-07-22,7498.96,2026-07-31,9.0,7020.0,495.4,0.2885,3.15,0.2283
2026-07-22,7498.96,2026-07-31,9.0,7025.0,490.5,0.2868,3.3,0.2281
2026-07-22,7498.96,2026-07-31,9.0,7030.0,485.5,0.2843,3.4,0.2272
2026-07-22,7498.96,2026-07-31,9.0,7035.0,480.6,0.2826,3.45,0.2258
2026-07-22,7498.96,2026-07-31,9.0,7040.0,475.7,0.2808,3.55,0.2249
2026-07-22,7498.96,2026-07-31,9.0,7045.0,470.8,0.279,3.6,0.2234
2026-07-22,7498.96,2026-07-31,9.0,7050.0,465.9,0.2771,3.7,0.2224
2026-07-22,7498.96,2026-07-31,9.0,7055.0,461.0,0.2753,3.8,0.2214
2026-07-22,7498.96,2026-07-31,9.0,7060.0,456.1,0.2735,3.9,0.2204
2026-07-22,7498.96,2026-07-31,9.0,7065.0,451.2,0.2716,4.0,0.2193
2026-07-22,7498.96,2026-07-31,9.0,7070.0,446.3,0.2697,4.15,0.2187
2026-07-22,7498.96,2026-07-31,9.0,7075.0,441.4,0.2679,4.25,0.2176
2026-07-22,7498.96,2026-07-31,9.0,7080.0,436.5,0.266,4.35,0.2164
2026-07-22,7498.96,2026-07-31,9.0,7085.0,431.6,0.2641,4.45,0.2152
2026-07-22,7498.96,2026-07-31,9.0,7090.0,426.8,0.2627,4.55,0.214
2026-07-22,7498.96,2026-07-31,9.0,7095.0,421.9,0.2608,4.7,0.2132
2026-07-22,7498.96,2026-07-31,9.0,7100.0,416.1,0.2538,4.85,0.2124
2026-07-22,7498.96,2026-07-31,9.0,7105.0,412.1,0.2569,4.95,0.2111
2026-07-22,7498.96,2026-07-31,9.0,7110.0,407.3,0.2555,5.1,0.2101
2026-07-22,7498.96,2026-07-31,9.0,7115.0,402.4,0.2535,5.25,0.2092
2026-07-22,7498.96,2026-07-31,9.0,7120.0,397.6,0.2521,5.4,0.2082
2026-07-22,7498.96,2026-07-31,9.0,7125.0,392.7,0.25,5.55,0.2072
2026-07-22,7498.96,2026-07-31,9.0,7130.0,387.9,0.2485,5.7,0.2061
2026-07-22,7498.96,2026-07-31,9.0,7135.0,382.9,0.246,5.85,0.205
2026-07-22,7498.96,2026-07-31,9.0,7140.0,378.2,0.245,6.0,0.2039
2026-07-22,7498.96,2026-07-31,9.0,7145.0,373.4,0.2434,6.2,0.203
2026-07-22,7498.96,2026-07-31,9.0,7150.0,368.45,0.2411,6.4,0.2022
2026-07-22,7498.96,2026-07-31,9.0,7155.0,363.6,0.2392,6.6,0.2013
2026-07-22,7498.96,2026-07-31,9.0,7160.0,358.8,0.2376,6.8,0.2003
2026-07-22,7498.96,2026-07-31,9.0,7165.0,354.0,0.236,7.0,0.1993
2026-07-22,7498.96,2026-07-31,9.0,7170.0,349.25,0.2345,7.2,0.1983
2026-07-22,7498.96,2026-07-31,9.0,7175.0,344.5,0.2331,7.4,0.1972
2026-07-22,7498.96,2026-07-31,9.0,7180.0,339.7,0.2314,7.6,0.1961
2026-07-22,7498.96,2026-07-31,9.0,7185.0,334.9,0.2296,7.9,0.1955
2026-07-22,7498.96,2026-07-31,9.0,7190.0,330.2,0.2283,8.1,0.1943
2026-07-22,7498.96,2026-07-31,9.0,7195.0,325.4,0.2265,8.35,0.1933
2026-07-22,7498.96,2026-07-31,9.0,7200.0,320.1,0.2225,8.6,0.1923
2026-07-22,7498.96,2026-07-31,9.0,7205.0,315.9,0.2233,8.9,0.1915
2026-07-22,7498.96,2026-07-31,9.0,7210.0,311.2,0.2219,9.1,0.1902
2026-07-22,7498.96,2026-07-31,9.0,7215.0,306.5,0.2204,9.45,0.1895
2026-07-22,7498.96,2026-07-31,9.0,7220.0,301.8,0.2189,9.7,0.1883
2026-07-22,7498.96,2026-07-31,9.0,7225.0,296.9,0.2166,10.0,0.1874
2026-07-22,7498.96,2026-07-31,9.0,7230.0,292.3,0.2154,10.35,0.1866
2026-07-22,7498.96,2026-07-31,9.0,7235.0,287.7,0.2142,10.7,0.1857
2026-07-22,7498.96,2026-07-31,9.0,7240.0,282.9,0.2122,11.0,0.1846
2026-07-22,7498.96,2026-07-31,9.0,7245.0,278.3,0.2109,11.4,0.1838
2026-07-22,7498.96,2026-07-31,9.0,7250.0,273.7,0.2096,11.75,0.1828
2026-07-22,7498.96,2026-07-31,9.0,7255.0,269.0,0.2079,12.15,0.182
2026-07-22,7498.96,2026-07-31,9.0,7260.0,264.4,0.2065,12.45,0.1806
2026-07-22,7498.96,2026-07-31,9.0,7265.0,259.8,0.2051,12.95,0.1801
2026-07-22,7498.96,2026-07-31,9.0,7270.0,255.2,0.2036,13.35,0.179
2026-07-22,7498.96,2026-07-31,9.0,7275.0,250.2,0.2007,13.75,0.1779
2026-07-22,7498.96,2026-07-31,9.0,7280.0,246.0,0.2005,14.2,0.177
2026-07-22,7498.96,2026-07-31,9.0,7285.0,241.35,0.1988,14.7,0.1762
2026-07-22,7498.96,2026-07-31,9.0,7290.0,236.85,0.1975,15.15,0.1751
2026-07-22,7498.96,2026-07-31,9.0,7295.0,232.35,0.1961,15.65,0.1742
2026-07-22,7498.96,2026-07-31,9.0,7300.0,227.6,0.1939,16.15,0.1732
2026-07-22,7498.96,2026-07-31,9.0,7305.0,223.4,0.1935,16.7,0.1723
2026-07-22,7498.96,2026-07-31,9.0,7310.0,218.9,0.192,17.25,0.1713
2026-07-22,7498.96,2026-07-31,9.0,7315.0,214.4,0.1905,17.8,0.1703
2026-07-22,7498.96,2026-07-31,9.0,7320.0,216.0,0.2071,18.35,0.1692
2026-07-22,7498.96,2026-07-31,9.0,7325.0,205.5,0.1876,19.0,0.1684
2026-07-22,7498.96,2026-07-31,9.0,7330.0,203.2,0.1924,19.55,0.1671
2026-07-22,7498.96,2026-07-31,9.0,7335.0,198.7,0.1906,20.2,0.1662
2026-07-22,7498.96,2026-07-31,9.0,7340.0,194.5,0.1896,20.85,0.1651
2026-07-22,7498.96,2026-07-31,9.0,7345.0,190.1,0.188,21.55,0.1642
2026-07-22,7498.96,2026-07-31,9.0,7350.0,183.9,0.1813,22.35,0.1634
2026-07-22,7498.96,2026-07-31,9.0,7355.0,181.5,0.1851,23.05,0.1623
2026-07-22,7498.96,2026-07-31,9.0,7360.0,175.4,0.1787,23.75,0.1611
2026-07-22,7498.96,2026-07-31,9.0,7365.0,173.0,0.1823,24.55,0.1602
2026-07-22,7498.96,2026-07-31,9.0,7370.0,168.7,0.1807,25.35,0.1591
2026-07-22,7498.96,2026-07-31,9.0,7375.0,164.5,0.1793,26.3,0.1584
2026-07-22,7498.96,2026-07-31,9.0,7380.0,160.4,0.178,27.05,0.1571
2026-07-22,7498.96,2026-07-31,9.0,7385.0,156.2,0.1765,28.05,0.1563
2026-07-22,7498.96,2026-07-31,9.0,7390.0,152.1,0.1751,28.85,0.155
2026-07-22,7498.96,2026-07-31,9.0,7395.0,148.0,0.1737,29.95,0.1543
2026-07-22,7498.96,2026-07-31,9.0,7400.0,142.5,0.1687,30.9,0.1531
2026-07-22,7498.96,2026-07-31,9.0,7405.0,139.6,0.1701,31.85,0.1519
2026-07-22,7498.96,2026-07-31,9.0,7410.0,135.7,0.169,32.9,0.1509
2026-07-22,7498.96,2026-07-31,9.0,7415.0,131.7,0.1675,33.95,0.1497
2026-07-22,7498.96,2026-07-31,9.0,7420.0,126.8,0.1638,35.1,0.1487
2026-07-22,7498.96,2026-07-31,9.0,7425.0,122.6,0.1617,36.3,0.1477
2026-07-22,7498.96,2026-07-31,9.0,7430.0,119.0,0.161,37.4,0.1464
2026-07-22,7498.96,2026-07-31,9.0,7435.0,115.0,0.1592,38.75,0.1456
2026-07-22,7498.96,2026-07-31,9.0,7440.0,111.4,0.1583,39.9,0.1442
2026-07-22,7498.96,2026-07-31,9.0,7445.0,107.75,0.1571,41.3,0.1432
2026-07-22,7498.96,2026-07-31,9.0,7450.0,104.0,0.1556,42.55,0.1419
2026-07-22,7498.96,2026-07-31,9.0,7455.0,100.4,0.1544,44.05,0.141
2026-07-22,7498.96,2026-07-31,9.0,7460.0,96.8,0.1531,45.3,0.1394
2026-07-22,7498.96,2026-07-31,9.0,7465.0,93.4,0.1521,47.0,0.1387
2026-07-22,7498.96,2026-07-31,9.0,7470.0,89.9,0.1508,48.3,0.137
2026-07-22,7498.96,2026-07-31,9.0,7475.0,86.45,0.1495,49.95,0.136
2026-07-22,7498.96,2026-07-31,9.0,7480.0,83.1,0.1483,51.6,0.1348
2026-07-22,7498.96,2026-07-31,9.0,7485.0,79.8,0.1471,53.35,0.1337
2026-07-22,7498.96,2026-07-31,9.0,7490.0,76.6,0.1459,54.8,0.1319
2026-07-22,7498.96,2026-07-31,9.0,7495.0,73.25,0.1444,56.8,0.1311
2026-07-22,7498.96,2026-07-31,9.0,7500.0,70.15,0.1433,58.55,0.1296
2026-07-22,7498.96,2026-07-31,9.0,7505.0,67.05,0.142,60.3,0.128
2026-07-22,7498.96,2026-07-31,9.0,7510.0,64.0,0.1408,62.55,0.1274
2026-07-22,7498.96,2026-07-31,9.0,7515.0,61.15,0.1398,64.3,0.1255
2026-07-22,7498.96,2026-07-31,9.0,7520.0,58.1,0.1383,66.55,0.1245
2026-07-22,7498.96,2026-07-31,9.0,7525.0,55.2,0.1369,68.75,0.1233
2026-07-22,7498.96,2026-07-31,9.0,7530.0,52.45,0.1357,71.0,0.122
2026-07-22,7498.96,2026-07-31,9.0,7535.0,49.6,0.1342,73.2,0.1204
2026-07-22,7498.96,2026-07-31,9.0,7540.0,47.0,0.1331,75.4,0.1186
2026-07-22,7498.96,2026-07-31,9.0,7545.0,44.55,0.1321,77.8,0.1171
2026-07-22,7498.96,2026-07-31,9.0,7550.0,42.0,0.1308,80.4,0.1159
2026-07-22,7498.96,2026-07-31,9.0,7555.0,39.55,0.1295,82.9,0.1142
2026-07-22,7498.96,2026-07-31,9.0,7560.0,37.25,0.1285,85.6,0.1128
2026-07-22,7498.96,2026-07-31,9.0,7565.0,34.95,0.1272,88.2,0.1109
2026-07-22,7498.96,2026-07-31,9.0,7570.0,32.75,0.126,91.0,0.1093
2026-07-22,7498.96,2026-07-31,9.0,7575.0,30.6,0.1247,94.0,0.1079
2026-07-22,7498.96,2026-07-31,9.0,7580.0,28.6,0.1236,97.0,0.1063
2026-07-22,7498.96,2026-07-31,9.0,7585.0,26.6,0.1224,100.0,0.1043
2026-07-22,7498.96,2026-07-31,9.0,7590.0,24.8,0.1214,101.6,0.098
2026-07-22,7498.96,2026-07-31,9.0,7595.0,22.95,0.1201,108.1,0.1055
2026-07-22,7498.96,2026-07-31,9.0,7600.0,21.3,0.1191,109.6,0.0981
2026-07-22,7498.96,2026-07-31,9.0,7605.0,19.6,0.1178,112.2,0.093
2026-07-22,7498.96,2026-07-31,9.0,7610.0,18.15,0.117,115.1,0.0879
2026-07-22,7498.96,2026-07-31,9.0,7615.0,16.65,0.1158,118.3,0.0824
2026-07-22,7498.96,2026-07-31,9.0,7620.0,15.3,0.1148,121.9,0.0764
2026-07-22,7498.96,2026-07-31,9.0,7625.0,14.0,0.1138,125.5,0.0689
2026-07-22,7498.96,2026-07-31,9.0,7630.0,12.75,0.1127,129.2,0.071
2026-07-22,7498.96,2026-07-31,9.0,7635.0,11.65,0.1118,133.0,0.073
2026-07-22,7498.96,2026-07-31,9.0,7640.0,10.55,0.1107,,
2026-07-22,7498.96,2026-07-31,9.0,7645.0,9.55,0.1098,140.8,0.0771
2026-07-22,7498.96,2026-07-31,9.0,7650.0,8.65,0.1089,,
2026-07-22,7498.96,2026-07-31,9.0,7655.0,7.8,0.108,148.7,0.0812
2026-07-22,7498.96,2026-07-31,9.0,7660.0,7.0,0.1071,,
2026-07-22,7498.96,2026-07-31,9.0,7665.0,6.3,0.1064,,
2026-07-22,7498.96,2026-07-31,9.0,7670.0,5.6,0.1053,,
2026-07-22,7498.96,2026-07-31,9.0,7675.0,5.05,0.1048,,
2026-07-22,7498.96,2026-07-31,9.0,7680.0,4.5,0.1041,,
2026-07-22,7498.96,2026-07-31,9.0,7685.0,4.0,0.1034,,
2026-07-22,7498.96,2026-07-31,9.0,7690.0,3.55,0.1027,,
2026-07-22,7498.96,2026-07-31,9.0,7695.0,3.15,0.1021,,
2026-07-22,7498.96,2026-07-31,9.0,7700.0,2.83,0.1018,,
2026-07-22,7498.96,2026-07-31,9.0,7705.0,2.52,0.1014,,
2026-07-22,7498.96,2026-07-31,9.0,7710.0,2.25,0.1011,,
2026-07-22,7498.96,2026-07-31,9.0,7715.0,1.98,0.1005,,
2026-07-22,7498.96,2026-07-31,9.0,7720.0,1.77,0.1004,212.2,0.1066
2026-07-22,7498.96,2026-07-31,9.0,7725.0,1.57,0.1001,,
2026-07-22,7498.96,2026-07-31,9.0,7730.0,1.43,0.1002,,
2026-07-22,7498.96,2026-07-31,9.0,7735.0,1.25,0.0998,,
2026-07-22,7498.96,2026-07-31,9.0,7740.0,1.15,0.1002,,
2026-07-22,7498.96,2026-07-31,9.0,7745.0,1.05,0.1005,,
2026-07-22,7498.96,2026-07-31,9.0,7750.0,0.93,0.1002,,
2026-07-22,7498.96,2026-07-31,9.0,7755.0,0.85,0.1006,,
2026-07-22,7498.96,2026-07-31,9.0,7760.0,0.78,0.1009,,
2026-07-22,7498.96,2026-07-31,9.0,7765.0,0.72,0.1016,,
2026-07-22,7498.96,2026-07-31,9.0,7770.0,0.68,0.1021,,
2026-07-22,7498.96,2026-07-31,9.0,7775.0,0.62,0.1027,,
2026-07-22,7498.96,2026-07-31,9.0,7780.0,0.57,0.1031,,
2026-07-22,7498.96,2026-07-31,9.0,7785.0,0.53,0.1034,,
2026-07-22,7498.96,2026-07-31,9.0,7790.0,0.5,0.1043,,
2026-07-22,7498.96,2026-07-31,9.0,7795.0,0.47,0.1051,,
2026-07-22,7498.96,2026-07-31,9.0,7800.0,0.43,0.1052,,
2026-07-22,7498.96,2026-07-31,9.0,7810.0,0.4,0.1074,,
2026-07-22,7498.96,2026-07-31,9.0,7820.0,0.35,0.1086,,
2026-07-22,7498.96,2026-07-31,9.0,7825.0,0.35,0.1101,,
2026-07-22,7498.96,2026-07-31,9.0,7830.0,0.33,0.1106,,
2026-07-22,7498.96,2026-07-31,9.0,7840.0,0.3,0.1124,,
2026-07-22,7498.96,2026-07-31,9.0,7850.0,0.3,0.1153,,
2026-07-22,7498.96,2026-07-31,9.0,7860.0,0.25,0.1158,,
2026-07-22,7498.96,2026-07-31,9.0,7870.0,0.25,0.1186,,
2026-07-22,7498.96,2026-07-31,9.0,7875.0,0.25,0.12,,
2026-07-22,7498.96,2026-07-31,9.0,7880.0,0.25,0.1214,,
2026-07-22,7498.96,2026-07-31,9.0,7890.0,0.25,0.1242,,
2026-07-22,7498.96,2026-07-31,9.0,7900.0,0.22,0.1256,,
2026-07-22,7498.96,2026-07-31,9.0,7910.0,0.22,0.1283,,
2026-07-22,7498.96,2026-07-31,9.0,7920.0,0.22,0.1311,,
2026-07-22,7498.96,2026-07-31,9.0,7925.0,0.22,0.1324,,
2026-07-22,7498.96,2026-07-31,9.0,7930.0,0.22,0.1338,,
2026-07-22,7498.96,2026-07-31,9.0,7940.0,0.2,0.1348,,
2026-07-22,7498.96,2026-07-31,9.0,7950.0,0.17,0.1357,,
2026-07-22,7498.96,2026-07-31,9.0,7960.0,0.17,0.1383,,
2026-07-22,7498.96,2026-07-31,9.0,7970.0,0.17,0.1409,,
2026-07-22,7498.96,2026-07-31,9.0,7975.0,0.17,0.1423,,
2026-07-22,7498.96,2026-07-31,9.0,7980.0,0.17,0.1436,,
2026-07-22,7498.96,2026-07-31,9.0,7990.0,0.17,0.1462,,
2026-07-22,7498.96,2026-07-31,9.0,8000.0,0.17,0.1488,,
2026-07-22,7498.96,2026-07-31,9.0,8010.0,0.17,0.1514,,
2026-07-22,7498.96,2026-07-31,9.0,8020.0,0.15,0.1517,,
2026-07-22,7498.96,2026-07-31,9.0,8025.0,0.15,0.153,,
2026-07-22,7498.96,2026-07-31,9.0,8030.0,0.15,0.1543,,
2026-07-22,7498.96,2026-07-31,9.0,8040.0,0.15,0.1568,,
2026-07-22,7498.96,2026-07-31,9.0,8050.0,0.15,0.1594,,
2026-07-22,7498.96,2026-07-31,9.0,8060.0,0.12,0.1592,,
2026-07-22,7498.96,2026-07-31,9.0,8070.0,0.12,0.1617,,
2026-07-22,7498.96,2026-07-31,9.0,8075.0,0.12,0.1629,,
2026-07-22,7498.96,2026-07-31,9.0,8080.0,0.12,0.1642,,
2026-07-22,7498.96,2026-07-31,9.0,8090.0,0.12,0.1666,,
2026-07-22,7498.96,2026-07-31,9.0,8100.0,0.12,0.1691,,
2026-07-22,7498.96,2026-07-31,9.0,8125.0,0.12,0.1753,,
2026-07-22,7498.96,2026-07-31,9.0,8150.0,0.12,0.1814,,
2026-07-22,7498.96,2026-07-31,9.0,8175.0,0.12,0.1875,,
2026-07-22,7498.96,2026-07-31,9.0,8200.0,0.12,0.1936,,
2026-07-22,7498.96,2026-07-31,9.0,8225.0,0.12,0.1996,,
2026-07-22,7498.96,2026-07-31,9.0,8250.0,0.12,0.2056,,
2026-07-22,7498.96,2026-07-31,9.0,8275.0,0.12,0.2115,,
2026-07-22,7498.96,2026-07-31,9.0,8300.0,0.12,0.2175,,
2026-07-22,7498.96,2026-07-31,9.0,8325.0,0.1,0.219,,
2026-07-22,7498.96,2026-07-31,9.0,8350.0,0.1,0.2248,,
2026-07-22,7498.96,2026-07-31,9.0,8375.0,0.1,0.2305,,
2026-07-22,7498.96,2026-07-31,9.0,8400.0,0.1,0.2362,,
2026-07-22,7498.96,2026-07-31,9.0,8425.0,0.1,0.2419,,
2026-07-22,7498.96,2026-07-31,9.0,8450.0,0.1,0.2475,,
2026-07-22,7498.96,2026-07-31,9.0,8475.0,0.1,0.2532,,
2026-07-22,7498.96,2026-07-31,9.0,8500.0,0.07,0.2527,,
2026-07-22,7498.96,2026-07-31,9.0,8525.0,0.07,0.2582,,
2026-07-22,7498.96,2026-07-31,9.0,8550.0,0.07,0.2636,,
2026-07-22,7498.96,2026-07-31,9.0,8600.0,0.07,0.2744,,
2026-07-22,7498.96,2026-08-03,12.0,5800.0,1711.35,0.6822,0.28,0.4842
2026-07-22,7498.96,2026-08-03,12.0,5900.0,1611.6,0.645,0.33,0.4615
2026-07-22,7498.96,2026-08-03,12.0,6000.0,1511.8,0.6072,0.38,0.4377
2026-07-22,7498.96,2026-08-03,12.0,6100.0,1412.0,0.5697,0.43,0.4131
2026-07-22,7498.96,2026-08-03,12.0,6200.0,1312.2,0.5323,0.53,0.3917
2026-07-22,7498.96,2026-08-03,12.0,6300.0,1212.35,0.4945,0.62,0.3686
2026-07-22,7498.96,2026-08-03,12.0,6400.0,1112.7,0.4594,0.72,0.3441
2026-07-22,7498.96,2026-08-03,12.0,6425.0,1087.75,0.4501,0.78,0.3391
2026-07-22,7498.96,2026-08-03,12.0,6450.0,1062.8,0.4409,0.78,0.3315
2026-07-22,7498.96,2026-08-03,12.0,6475.0,1037.9,0.4322,0.82,0.3262
2026-07-22,7498.96,2026-08-03,12.0,6500.0,1013.0,0.4235,0.88,0.3208
2026-07-22,7498.96,2026-08-03,12.0,6525.0,988.1,0.4148,0.93,0.3152
2026-07-22,7498.96,2026-08-03,12.0,6550.0,963.15,0.4055,0.98,0.3095
2026-07-22,7498.96,2026-08-03,12.0,6575.0,938.25,0.3968,1.05,0.3045
2026-07-22,7498.96,2026-08-03,12.0,6600.0,913.35,0.388,1.12,0.2993
2026-07-22,7498.96,2026-08-03,12.0,6625.0,888.45,0.3792,1.18,0.2931
2026-07-22,7498.96,2026-08-03,12.0,6650.0,863.55,0.3704,1.25,0.2875
2026-07-22,7498.96,2026-08-03,12.0,6675.0,838.7,0.3621,1.35,0.2825
2026-07-22,7498.96,2026-08-03,12.0,6700.0,813.8,0.3532,1.43,0.2765
2026-07-22,7498.96,2026-08-03,12.0,6725.0,788.9,0.3443,1.55,0.2716
2026-07-22,7498.96,2026-08-03,12.0,6750.0,764.1,0.3362,1.65,0.2659
2026-07-22,7498.96,2026-08-03,12.0,6775.0,739.2,0.3272,1.75,0.2599
2026-07-22,7498.96,2026-08-03,12.0,6800.0,714.4,0.319,1.9,0.2548
2026-07-22,7498.96,2026-08-03,12.0,6825.0,689.6,0.3107,2.08,0.2498
2026-07-22,7498.96,2026-08-03,12.0,6850.0,664.8,0.3023,2.25,0.2445
2026-07-22,7498.96,2026-08-03,12.0,6875.0,639.95,0.2935,2.45,0.2392
2026-07-22,7498.96,2026-08-03,12.0,6900.0,615.3,0.286,2.67,0.234
2026-07-22,7498.96,2026-08-03,12.0,6925.0,590.6,0.278,3.0,0.2297
2026-07-22,7498.96,2026-08-03,12.0,6950.0,565.85,0.2696,3.3,0.2246
2026-07-22,7498.96,2026-08-03,12.0,6975.0,541.25,0.262,3.6,0.2191
2026-07-22,7498.96,2026-08-03,12.0,7000.0,516.7,0.2544,4.05,0.2147
2026-07-22,7498.96,2026-08-03,12.0,7010.0,506.9,0.2515,4.25,0.2129
2026-07-22,7498.96,2026-08-03,12.0,7020.0,497.1,0.2485,4.45,0.2111
2026-07-22,7498.96,2026-08-03,12.0,7025.0,492.2,0.247,4.55,0.2101
2026-07-22,7498.96,2026-08-03,12.0,7030.0,487.3,0.2455,4.65,0.2091
2026-07-22,7498.96,2026-08-03,12.0,7040.0,477.5,0.2424,4.85,0.2071
2026-07-22,7498.96,2026-08-03,12.0,7050.0,467.7,0.2393,5.05,0.205
2026-07-22,7498.96,2026-08-03,12.0,7060.0,458.0,0.2366,5.3,0.2032
2026-07-22,7498.96,2026-08-03,12.0,7070.0,448.2,0.2334,5.55,0.2012
2026-07-22,7498.96,2026-08-03,12.0,7075.0,443.4,0.2323,5.7,0.2004
2026-07-22,7498.96,2026-08-03,12.0,7080.0,438.5,0.2307,5.85,0.1996
2026-07-22,7498.96,2026-08-03,12.0,7090.0,428.8,0.2279,6.1,0.1974
2026-07-22,7498.96,2026-08-03,12.0,7100.0,419.0,0.2245,6.45,0.1959
2026-07-22,7498.96,2026-08-03,12.0,7110.0,409.3,0.2216,6.8,0.1942
2026-07-22,7498.96,2026-08-03,12.0,7120.0,399.7,0.2191,7.15,0.1923
2026-07-22,7498.96,2026-08-03,12.0,7125.0,394.9,0.2178,7.3,0.1912
2026-07-22,7498.96,2026-08-03,12.0,7130.0,390.1,0.2165,7.5,0.1904
2026-07-22,7498.96,2026-08-03,12.0,7140.0,380.5,0.2138,7.9,0.1886
2026-07-22,7498.96,2026-08-03,12.0,7150.0,370.95,0.2113,8.4,0.1872
2026-07-22,7498.96,2026-08-03,12.0,7155.0,366.2,0.2101,8.6,0.1862
2026-07-22,7498.96,2026-08-03,12.0,7160.0,361.4,0.2087,8.85,0.1854
2026-07-22,7498.96,2026-08-03,12.0,7165.0,356.6,0.2072,9.05,0.1843
2026-07-22,7498.96,2026-08-03,12.0,7170.0,351.9,0.2062,9.35,0.1837
2026-07-22,7498.96,2026-08-03,12.0,7175.0,347.1,0.2047,9.65,0.183
2026-07-22,7498.96,2026-08-03,12.0,7180.0,342.4,0.2036,9.85,0.1818
2026-07-22,7498.96,2026-08-03,12.0,7185.0,337.7,0.2024,10.15,0.1811
2026-07-22,7498.96,2026-08-03,12.0,7190.0,332.9,0.2008,10.4,0.1801
2026-07-22,7498.96,2026-08-03,12.0,7195.0,328.2,0.1997,10.7,0.1792
2026-07-22,7498.96,2026-08-03,12.0,7200.0,323.4,0.1981,11.0,0.1784
2026-07-22,7498.96,2026-08-03,12.0,7205.0,318.7,0.1968,11.35,0.1777
2026-07-22,7498.96,2026-08-03,12.0,7210.0,314.1,0.1959,11.65,0.1767
2026-07-22,7498.96,2026-08-03,12.0,7215.0,309.4,0.1946,11.95,0.1757
2026-07-22,7498.96,2026-08-03,12.0,7220.0,304.7,0.1932,12.35,0.1751
2026-07-22,7498.96,2026-08-03,12.0,7225.0,300.1,0.1922,12.7,0.1742
2026-07-22,7498.96,2026-08-03,12.0,7230.0,295.4,0.1908,13.1,0.1735
2026-07-22,7498.96,2026-08-03,12.0,7235.0,290.8,0.1897,13.4,0.1724
2026-07-22,7498.96,2026-08-03,12.0,7240.0,286.2,0.1886,13.8,0.1716
2026-07-22,7498.96,2026-08-03,12.0,7245.0,281.6,0.1875,14.2,0.1707
2026-07-22,7498.96,2026-08-03,12.0,7250.0,276.9,0.186,14.6,0.1698
2026-07-22,7498.96,2026-08-03,12.0,7255.0,272.4,0.1851,15.05,0.169
2026-07-22,7498.96,2026-08-03,12.0,7260.0,267.8,0.1838,15.5,0.1682
2026-07-22,7498.96,2026-08-03,12.0,7265.0,263.15,0.1824,15.9,0.1672
2026-07-22,7498.96,2026-08-03,12.0,7270.0,258.7,0.1815,16.4,0.1664
2026-07-22,7498.96,2026-08-03,12.0,7275.0,254.1,0.1801,16.9,0.1656
2026-07-22,7498.96,2026-08-03,12.0,7280.0,249.6,0.179,17.4,0.1648
2026-07-22,7498.96,2026-08-03,12.0,7285.0,245.1,0.1779,17.9,0.1639
2026-07-22,7498.96,2026-08-03,12.0,7290.0,240.6,0.1767,18.4,0.1629
2026-07-22,7498.96,2026-08-03,12.0,7295.0,236.1,0.1755,18.95,0.1621
2026-07-22,7498.96,2026-08-03,12.0,7300.0,231.5,0.1739,19.5,0.1611
2026-07-22,7498.96,2026-08-03,12.0,7305.0,227.2,0.1732,20.1,0.1603
2026-07-22,7498.96,2026-08-03,12.0,7310.0,222.7,0.1719,20.7,0.1595
2026-07-22,7498.96,2026-08-03,12.0,7315.0,218.3,0.1707,21.3,0.1586
2026-07-22,7498.96,2026-08-03,12.0,7320.0,213.85,0.1694,21.95,0.1577
2026-07-22,7498.96,2026-08-03,12.0,7325.0,215.6,0.1837,22.6,0.1568
2026-07-22,7498.96,2026-08-03,12.0,7330.0,208.15,0.1748,23.25,0.1559
2026-07-22,7498.96,2026-08-03,12.0,7335.0,202.9,0.1713,23.95,0.155
2026-07-22,7498.96,2026-08-03,12.0,7340.0,198.6,0.1702,24.65,0.1541
2026-07-22,7498.96,2026-08-03,12.0,7345.0,194.4,0.1692,25.45,0.1533
2026-07-22,7498.96,2026-08-03,12.0,7350.0,188.1,0.1631,26.15,0.1523
2026-07-22,7498.96,2026-08-03,12.0,7355.0,185.8,0.1666,26.95,0.1514
2026-07-22,7498.96,2026-08-03,12.0,7360.0,181.6,0.1655,27.75,0.1505
2026-07-22,7498.96,2026-08-03,12.0,7365.0,177.4,0.1643,28.6,0.1497
2026-07-22,7498.96,2026-08-03,12.0,7370.0,173.2,0.1631,29.45,0.1487
2026-07-22,7498.96,2026-08-03,12.0,7375.0,169.0,0.1618,30.3,0.1477
2026-07-22,7498.96,2026-08-03,12.0,7380.0,164.9,0.1607,31.2,0.1468
2026-07-22,7498.96,2026-08-03,12.0,7385.0,160.8,0.1595,32.2,0.146
2026-07-22,7498.96,2026-08-03,12.0,7390.0,156.4,0.1576,33.2,0.1452
2026-07-22,7498.96,2026-08-03,12.0,7395.0,152.4,0.1566,34.15,0.1441
2026-07-22,7498.96,2026-08-03,12.0,7400.0,147.2,0.1529,35.1,0.143
2026-07-22,7498.96,2026-08-03,12.0,7405.0,144.5,0.1544,36.25,0.1423
2026-07-22,7498.96,2026-08-03,12.0,7410.0,140.6,0.1534,37.25,0.1412
2026-07-22,7498.96,2026-08-03,12.0,7415.0,136.55,0.152,38.45,0.1404
2026-07-22,7498.96,2026-08-03,12.0,7420.0,131.4,0.1483,39.55,0.1393
2026-07-22,7498.96,2026-08-03,12.0,7425.0,127.8,0.1476,40.65,0.1382
2026-07-22,7498.96,2026-08-03,12.0,7430.0,123.8,0.1461,41.85,0.1371
2026-07-22,7498.96,2026-08-03,12.0,7435.0,120.2,0.1454,43.2,0.1363
2026-07-22,7498.96,2026-08-03,12.0,7440.0,116.4,0.1441,44.45,0.1353
2026-07-22,7498.96,2026-08-03,12.0,7445.0,112.6,0.1428,45.8,0.1343
2026-07-22,7498.96,2026-08-03,12.0,7450.0,109.0,0.1418,47.05,0.1331
2026-07-22,7498.96,2026-08-03,12.0,7455.0,105.4,0.1407,48.45,0.132
2026-07-22,7498.96,2026-08-03,12.0,7460.0,101.8,0.1396,49.9,0.131
2026-07-22,7498.96,2026-08-03,12.0,7465.0,98.6,0.1391,51.4,0.13
2026-07-22,7498.96,2026-08-03,12.0,7470.0,95.1,0.138,52.95,0.129
2026-07-22,7498.96,2026-08-03,12.0,7475.0,91.6,0.1367,54.55,0.1279
2026-07-22,7498.96,2026-08-03,12.0,7480.0,88.2,0.1356,56.15,0.1268
2026-07-22,7498.96,2026-08-03,12.0,7485.0,85.05,0.1349,57.8,0.1257
2026-07-22,7498.96,2026-08-03,12.0,7490.0,81.65,0.1336,59.6,0.1248
2026-07-22,7498.96,2026-08-03,12.0,7495.0,78.4,0.1324,61.3,0.1235
2026-07-22,7498.96,2026-08-03,12.0,7500.0,75.2,0.1313,63.2,0.1225
2026-07-22,7498.96,2026-08-03,12.0,7505.0,72.25,0.1305,64.9,0.1211
2026-07-22,7498.96,2026-08-03,12.0,7510.0,69.1,0.1293,67.1,0.1205
2026-07-22,7498.96,2026-08-03,12.0,7515.0,66.1,0.1282,68.75,0.1187
2026-07-22,7498.96,2026-08-03,12.0,7520.0,63.15,0.1271,71.0,0.1179
2026-07-22,7498.96,2026-08-03,12.0,7525.0,60.2,0.126,73.0,0.1165
2026-07-22,7498.96,2026-08-03,12.0,7530.0,57.4,0.1249,75.35,0.1157
2026-07-22,7498.96,2026-08-03,12.0,7535.0,54.75,0.1241,77.4,0.1141
2026-07-22,7498.96,2026-08-03,12.0,7540.0,51.95,0.1228,79.8,0.1131
2026-07-22,7498.96,2026-08-03,12.0,7545.0,49.3,0.1217,82.2,0.112
2026-07-22,7498.96,2026-08-03,12.0,7550.0,46.75,0.1207,84.6,0.1107
2026-07-22,7498.96,2026-08-03,12.0,7555.0,44.25,0.1196,87.0,0.1092
2026-07-22,7498.96,2026-08-03,12.0,7560.0,41.8,0.1185,89.8,0.1083
2026-07-22,7498.96,2026-08-03,12.0,7565.0,39.5,0.1176,92.2,0.1065
2026-07-22,7498.96,2026-08-03,12.0,7570.0,37.2,0.1165,95.0,0.1054
2026-07-22,7498.96,2026-08-03,12.0,7575.0,35.0,0.1155,97.8,0.104
2026-07-22,7498.96,2026-08-03,12.0,7580.0,32.85,0.1144,100.6,0.1024
2026-07-22,7498.96,2026-08-03,12.0,7585.0,30.8,0.1134,103.5,0.1009
2026-07-22,7498.96,2026-08-03,12.0,7590.0,28.8,0.1123,106.6,0.0995
2026-07-22,7498.96,2026-08-03,12.0,7595.0,27.0,0.1116,109.1,0.0965
2026-07-22,7498.96,2026-08-03,12.0,7600.0,25.2,0.1106,112.95,0.0965
2026-07-22,7498.96,2026-08-03,12.0,7605.0,23.45,0.1096,114.9,0.0912
2026-07-22,7498.96,2026-08-03,12.0,7610.0,21.75,0.1086,118.2,0.0891
2026-07-22,7498.96,2026-08-03,12.0,7615.0,20.15,0.1076,121.6,0.0867
2026-07-22,7498.96,2026-08-03,12.0,7620.0,18.7,0.1068,124.8,0.0829
2026-07-22,7498.96,2026-08-03,12.0,7625.0,17.25,0.1059,128.3,0.0792
2026-07-22,7498.96,2026-08-03,12.0,7630.0,15.9,0.105,131.8,0.0733
2026-07-22,7498.96,2026-08-03,12.0,7635.0,14.65,0.1042,135.6,0.0676
2026-07-22,7498.96,2026-08-03,12.0,7640.0,13.4,0.1032,139.35,0.0695
2026-07-22,7498.96,2026-08-03,12.0,7645.0,12.3,0.1024,143.1,0.0713
2026-07-22,7498.96,2026-08-03,12.0,7650.0,11.2,0.1015,146.9,0.0732
2026-07-22,7498.96,2026-08-03,12.0,7655.0,10.2,0.1007,150.9,0.075
2026-07-22,7498.96,2026-08-03,12.0,7660.0,9.3,0.1,154.8,0.0768
2026-07-22,7498.96,2026-08-03,12.0,7670.0,7.65,0.0985,,
2026-07-22,7498.96,2026-08-03,12.0,7675.0,6.95,0.0979,,
2026-07-22,7498.96,2026-08-03,12.0,7680.0,6.25,0.0971,,
2026-07-22,7498.96,2026-08-03,12.0,7690.0,5.1,0.096,,
2026-07-22,7498.96,2026-08-03,12.0,7700.0,4.1,0.0948,,
2026-07-22,7498.96,2026-08-03,12.0,7710.0,3.3,0.0939,,
2026-07-22,7498.96,2026-08-03,12.0,7720.0,2.65,0.0931,212.2,0.098
2026-07-22,7498.96,2026-08-03,12.0,7725.0,2.4,0.093,,
2026-07-22,7498.96,2026-08-03,12.0,7730.0,2.15,0.0927,,
2026-07-22,7498.96,2026-08-03,12.0,7740.0,1.75,0.0924,,
2026-07-22,7498.96,2026-08-03,12.0,7750.0,1.43,0.0923,,
2026-07-22,7498.96,2026-08-03,12.0,7775.0,0.9,0.093,,
2026-07-22,7498.96,2026-08-03,12.0,7800.0,0.65,0.0957,,
2026-07-22,7498.96,2026-08-03,12.0,7825.0,0.47,0.0984,,
2026-07-22,7498.96,2026-08-03,12.0,7850.0,0.4,0.1028,,
2026-07-22,7498.96,2026-08-03,12.0,7875.0,0.35,0.1074,,
2026-07-22,7498.96,2026-08-03,12.0,7900.0,0.3,0.1117,,
2026-07-22,7498.96,2026-08-03,12.0,7925.0,0.28,0.1167,,
2026-07-22,7498.96,2026-08-03,12.0,7950.0,0.25,0.1214,,
2026-07-22,7498.96,2026-08-03,12.0,7975.0,0.23,0.1259,,
2026-07-22,7498.96,2026-08-03,12.0,8000.0,0.25,0.1332,,
2026-07-22,7498.96,2026-08-03,12.0,8025.0,0.2,0.1358,,
2026-07-22,7498.96,2026-08-03,12.0,8050.0,0.2,0.1415,,
2026-07-22,7498.96,2026-08-03,12.0,8075.0,0.17,0.1452,,
2026-07-22,7498.96,2026-08-03,12.0,8100.0,0.17,0.1507,,
2026-07-22,7498.96,2026-08-03,12.0,8200.0,0.15,0.1699,,
2026-07-22,7498.96,2026-08-03,12.0,8300.0,0.15,0.1909,,
2026-07-22,7498.96,2026-08-03,12.0,8400.0,0.12,0.208,,
2026-07-22,7498.96,2026-08-03,12.0,8600.0,0.12,0.2473,,
2026-07-22,7498.96,2026-08-04,13.0,5800.0,1712.05,0.6578,0.38,0.4787
2026-07-22,7498.96,2026-08-04,13.0,5900.0,1612.25,0.621,0.43,0.4549
2026-07-22,7498.96,2026-08-04,13.0,6000.0,1512.55,0.586,0.47,0.4304
2026-07-22,7498.96,2026-08-04,13.0,6100.0,1412.8,0.5504,0.57,0.4092
2026-07-22,7498.96,2026-08-04,13.0,6200.0,1313.0,0.5142,0.68,0.3865
2026-07-22,7498.96,2026-08-04,13.0,6300.0,1213.3,0.4795,0.78,0.3626
2026-07-22,7498.96,2026-08-04,13.0,6400.0,1113.6,0.4448,0.95,0.3411
2026-07-22,7498.96,2026-08-04,13.0,6425.0,1088.7,0.4364,0.98,0.3346
2026-07-22,7498.96,2026-08-04,13.0,6450.0,1063.75,0.4274,1.02,0.3291
2026-07-22,7498.96,2026-08-04,13.0,6475.0,1038.85,0.4189,1.1,0.3244
2026-07-22,7498.96,2026-08-04,13.0,6500.0,1013.9,0.4099,1.18,0.3194
2026-07-22,7498.96,2026-08-04,13.0,6525.0,989.0,0.4015,1.23,0.3135
2026-07-22,7498.96,2026-08-04,13.0,6550.0,964.05,0.3925,1.3,0.3082
2026-07-22,7498.96,2026-08-04,13.0,6575.0,939.25,0.385,1.35,0.302
2026-07-22,7498.96,2026-08-04,13.0,6600.0,914.4,0.377,1.45,0.2971
2026-07-22,7498.96,2026-08-04,13.0,6625.0,889.5,0.3684,1.55,0.292
2026-07-22,7498.96,2026-08-04,13.0,6650.0,864.6,0.3598,1.65,0.2866
2026-07-22,7498.96,2026-08-04,13.0,6675.0,839.8,0.3521,1.75,0.2811
2026-07-22,7498.96,2026-08-04,13.0,6700.0,814.9,0.3435,1.85,0.2754
2026-07-22,7498.96,2026-08-04,13.0,6725.0,790.1,0.3356,2.0,0.2705
2026-07-22,7498.96,2026-08-04,13.0,6750.0,765.1,0.3261,2.15,0.2654
2026-07-22,7498.96,2026-08-04,13.0,6775.0,740.35,0.3185,2.3,0.26
2026-07-22,7498.96,2026-08-04,13.0,6800.0,715.6,0.3109,2.47,0.2547
2026-07-22,7498.96,2026-08-04,13.0,6825.0,690.9,0.3035,2.67,0.2496
2026-07-22,7498.96,2026-08-04,13.0,6850.0,666.05,0.2949,2.9,0.2445
2026-07-22,7498.96,2026-08-04,13.0,6875.0,641.35,0.2873,3.12,0.2391
2026-07-22,7498.96,2026-08-04,13.0,6900.0,616.65,0.2796,3.4,0.234
2026-07-22,7498.96,2026-08-04,13.0,6925.0,592.0,0.2721,3.75,0.2294
2026-07-22,7498.96,2026-08-04,13.0,6950.0,567.4,0.2647,4.1,0.2243
2026-07-22,7498.96,2026-08-04,13.0,6975.0,542.85,0.2574,4.55,0.2197
2026-07-22,7498.96,2026-08-04,13.0,7000.0,518.3,0.2499,5.0,0.2147
2026-07-22,7498.96,2026-08-04,13.0,7025.0,493.9,0.243,5.55,0.21
2026-07-22,7498.96,2026-08-04,13.0,7050.0,469.4,0.2353,6.2,0.2055
2026-07-22,7498.96,2026-08-04,13.0,7060.0,459.7,0.2326,6.5,0.2037
2026-07-22,7498.96,2026-08-04,13.0,7070.0,450.0,0.2299,6.8,0.2019
2026-07-22,7498.96,2026-08-04,13.0,7075.0,445.3,0.2292,6.9,0.2007
2026-07-22,7498.96,2026-08-04,13.0,7080.0,440.3,0.2272,7.1,0.2
2026-07-22,7498.96,2026-08-04,13.0,7090.0,430.7,0.2248,7.4,0.198
2026-07-22,7498.96,2026-08-04,13.0,7100.0,421.1,0.2224,7.8,0.1965
2026-07-22,7498.96,2026-08-04,13.0,7110.0,411.45,0.2196,8.2,0.1948
2026-07-22,7498.96,2026-08-04,13.0,7120.0,401.9,0.2173,8.6,0.193
2026-07-22,7498.96,2026-08-04,13.0,7125.0,397.1,0.2159,8.8,0.1921
2026-07-22,7498.96,2026-08-04,13.0,7130.0,392.3,0.2146,9.0,0.1911
2026-07-22,7498.96,2026-08-04,13.0,7140.0,382.8,0.2123,9.45,0.1893
2026-07-22,7498.96,2026-08-04,13.0,7150.0,373.2,0.2095,10.0,0.1879
2026-07-22,7498.96,2026-08-04,13.0,7160.0,363.7,0.207,10.45,0.1859
2026-07-22,7498.96,2026-08-04,13.0,7170.0,354.3,0.2048,11.05,0.1844
2026-07-22,7498.96,2026-08-04,13.0,7175.0,349.4,0.2029,11.4,0.1838
2026-07-22,7498.96,2026-08-04,13.0,7180.0,344.7,0.2017,11.6,0.1826
2026-07-22,7498.96,2026-08-04,13.0,7190.0,335.4,0.1997,12.25,0.181
2026-07-22,7498.96,2026-08-04,13.0,7200.0,326.0,0.1972,12.85,0.1791
2026-07-22,7498.96,2026-08-04,13.0,7210.0,316.7,0.1949,13.55,0.1774
2026-07-22,7498.96,2026-08-04,13.0,7215.0,312.1,0.1939,13.95,0.1767
2026-07-22,7498.96,2026-08-04,13.0,7220.0,307.4,0.1925,14.3,0.1758
2026-07-22,7498.96,2026-08-04,13.0,7225.0,302.8,0.1915,14.7,0.175
2026-07-22,7498.96,2026-08-04,13.0,7230.0,298.2,0.1904,15.1,0.1742
2026-07-22,7498.96,2026-08-04,13.0,7235.0,293.5,0.1889,15.5,0.1733
2026-07-22,7498.96,2026-08-04,13.0,7240.0,288.85,0.1876,15.9,0.1724
2026-07-22,7498.96,2026-08-04,13.0,7245.0,284.4,0.1868,16.3,0.1714
2026-07-22,7498.96,2026-08-04,13.0,7250.0,279.8,0.1856,16.8,0.1708
2026-07-22,7498.96,2026-08-04,13.0,7255.0,275.2,0.1843,17.2,0.1697
2026-07-22,7498.96,2026-08-04,13.0,7260.0,270.65,0.1832,17.7,0.169
2026-07-22,7498.96,2026-08-04,13.0,7265.0,266.1,0.182,18.2,0.1682
2026-07-22,7498.96,2026-08-04,13.0,7270.0,261.6,0.1809,18.7,0.1673
2026-07-22,7498.96,2026-08-04,13.0,7275.0,257.1,0.1798,19.2,0.1664
2026-07-22,7498.96,2026-08-04,13.0,7280.0,252.6,0.1787,19.7,0.1655
2026-07-22,7498.96,2026-08-04,13.0,7285.0,248.05,0.1774,20.25,0.1646
2026-07-22,7498.96,2026-08-04,13.0,7290.0,243.7,0.1766,20.8,0.1638
2026-07-22,7498.96,2026-08-04,13.0,7295.0,239.1,0.175,21.4,0.163
2026-07-22,7498.96,2026-08-04,13.0,7300.0,234.7,0.174,21.95,0.162
2026-07-22,7498.96,2026-08-04,13.0,7305.0,230.3,0.1729,22.6,0.1612
2026-07-22,7498.96,2026-08-04,13.0,7310.0,226.0,0.1721,23.3,0.1605
2026-07-22,7498.96,2026-08-04,13.0,7315.0,221.6,0.1709,23.85,0.1594
2026-07-22,7498.96,2026-08-04,13.0,7320.0,217.15,0.1696,24.55,0.1586
2026-07-22,7498.96,2026-08-04,13.0,7325.0,212.85,0.1686,25.25,0.1578
2026-07-22,7498.96,2026-08-04,13.0,7330.0,214.5,0.1815,25.95,0.1569
2026-07-22,7498.96,2026-08-04,13.0,7335.0,204.2,0.1664,26.65,0.156
2026-07-22,7498.96,2026-08-04,13.0,7340.0,202.0,0.1701,27.35,0.155
2026-07-22,7498.96,2026-08-04,13.0,7345.0,197.8,0.1691,28.15,0.1542
2026-07-22,7498.96,2026-08-04,13.0,7350.0,193.5,0.1678,28.95,0.1533
2026-07-22,7498.96,2026-08-04,13.0,7355.0,189.3,0.1667,29.8,0.1525
2026-07-22,7498.96,2026-08-04,13.0,7360.0,185.1,0.1655,30.55,0.1514
2026-07-22,7498.96,2026-08-04,13.0,7365.0,180.85,0.1642,31.4,0.1505
2026-07-22,7498.96,2026-08-04,13.0,7370.0,176.7,0.1631,32.3,0.1496
2026-07-22,7498.96,2026-08-04,13.0,7375.0,172.6,0.162,33.25,0.1488
2026-07-22,7498.96,2026-08-04,13.0,7380.0,168.5,0.1609,34.15,0.1478
2026-07-22,7498.96,2026-08-04,13.0,7385.0,164.1,0.1591,35.1,0.1469
2026-07-22,7498.96,2026-08-04,13.0,7390.0,160.4,0.1587,36.1,0.146
2026-07-22,7498.96,2026-08-04,13.0,7395.0,156.1,0.1569,37.2,0.1452
2026-07-22,7498.96,2026-08-04,13.0,7400.0,152.2,0.156,38.05,0.1439
2026-07-22,7498.96,2026-08-04,13.0,7405.0,148.2,0.1548,39.25,0.1432
2026-07-22,7498.96,2026-08-04,13.0,7410.0,144.3,0.1537,40.4,0.1424
2026-07-22,7498.96,2026-08-04,13.0,7415.0,139.0,0.1499,41.5,0.1414
2026-07-22,7498.96,2026-08-04,13.0,7420.0,135.1,0.1487,42.65,0.1404
2026-07-22,7498.96,2026-08-04,13.0,7425.0,131.4,0.1479,43.7,0.1391
2026-07-22,7498.96,2026-08-04,13.0,7430.0,127.8,0.1472,45.05,0.1384
2026-07-22,7498.96,2026-08-04,13.0,7435.0,123.8,0.1456,46.35,0.1375
2026-07-22,7498.96,2026-08-04,13.0,7440.0,120.25,0.1449,47.6,0.1364
2026-07-22,7498.96,2026-08-04,13.0,7445.0,116.55,0.1438,48.95,0.1354
2026-07-22,7498.96,2026-08-04,13.0,7450.0,112.95,0.1428,50.35,0.1344
2026-07-22,7498.96,2026-08-04,13.0,7455.0,109.5,0.142,51.75,0.1334
2026-07-22,7498.96,2026-08-04,13.0,7460.0,105.85,0.1407,53.2,0.1324
2026-07-22,7498.96,2026-08-04,13.0,7465.0,102.2,0.1394,54.4,0.1308
2026-07-22,7498.96,2026-08-04,13.0,7470.0,99.0,0.1388,56.2,0.1303
2026-07-22,7498.96,2026-08-04,13.0,7475.0,95.4,0.1375,57.7,0.1291
2026-07-22,7498.96,2026-08-04,13.0,7480.0,92.2,0.1367,59.3,0.128
2026-07-22,7498.96,2026-08-04,13.0,7485.0,88.8,0.1355,61.0,0.127
2026-07-22,7498.96,2026-08-04,13.0,7490.0,85.4,0.1343,62.7,0.1259
2026-07-22,7498.96,2026-08-04,13.0,7495.0,82.25,0.1334,64.6,0.1251
2026-07-22,7498.96,2026-08-04,13.0,7500.0,79.2,0.1326,66.15,0.1235
2026-07-22,7498.96,2026-08-04,13.0,7505.0,76.05,0.1315,68.2,0.1227
2026-07-22,7498.96,2026-08-04,13.0,7510.0,72.95,0.1304,70.1,0.1216
2026-07-22,7498.96,2026-08-04,13.0,7515.0,69.9,0.1293,72.15,0.1206
2026-07-22,7498.96,2026-08-04,13.0,7520.0,66.9,0.1282,74.05,0.1193
2026-07-22,7498.96,2026-08-04,13.0,7525.0,64.1,0.1273,76.2,0.1183
2026-07-22,7498.96,2026-08-04,13.0,7530.0,61.25,0.1263,78.2,0.1169
2026-07-22,7498.96,2026-08-04,13.0,7535.0,58.4,0.1251,80.5,0.1159
2026-07-22,7498.96,2026-08-04,13.0,7540.0,55.6,0.124,82.6,0.1144
2026-07-22,7498.96,2026-08-04,13.0,7545.0,53.0,0.1231,85.0,0.1133
2026-07-22,7498.96,2026-08-04,13.0,7550.0,50.45,0.1221,87.4,0.1122
2026-07-22,7498.96,2026-08-04,13.0,7555.0,47.9,0.1211,89.8,0.1108
2026-07-22,7498.96,2026-08-04,13.0,7560.0,45.5,0.1202,92.6,0.1101
2026-07-22,7498.96,2026-08-04,13.0,7565.0,43.05,0.1191,95.1,0.1087
2026-07-22,7498.96,2026-08-04,13.0,7570.0,40.7,0.118,97.8,0.1075
2026-07-22,7498.96,2026-08-04,13.0,7575.0,38.35,0.1169,100.6,0.1063
2026-07-22,7498.96,2026-08-04,13.0,7580.0,36.15,0.1159,103.3,0.1047
2026-07-22,7498.96,2026-08-04,13.0,7585.0,34.05,0.1149,106.2,0.1034
2026-07-22,7498.96,2026-08-04,13.0,7590.0,32.05,0.114,109.0,0.1016
2026-07-22,7498.96,2026-08-04,13.0,7595.0,30.05,0.113,112.2,0.1006
2026-07-22,7498.96,2026-08-04,13.0,7600.0,28.2,0.1121,114.55,0.0973
2026-07-22,7498.96,2026-08-04,13.0,7605.0,26.35,0.1111,117.25,0.0945
2026-07-22,7498.96,2026-08-04,13.0,7610.0,24.7,0.1104,120.4,0.0924
2026-07-22,7498.96,2026-08-04,13.0,7615.0,22.95,0.1093,123.7,0.0903
2026-07-22,7498.96,2026-08-04,13.0,7620.0,21.45,0.1086,127.1,0.0881
2026-07-22,7498.96,2026-08-04,13.0,7625.0,19.95,0.1078,131.75,0.0894
2026-07-22,7498.96,2026-08-04,13.0,7630.0,18.45,0.1068,133.7,0.0809
2026-07-22,7498.96,2026-08-04,13.0,7635.0,17.15,0.1061,137.2,0.0759
2026-07-22,7498.96,2026-08-04,13.0,7640.0,15.8,0.1051,141.0,0.0681
2026-07-22,7498.96,2026-08-04,13.0,7645.0,14.55,0.1042,144.7,0.0699
2026-07-22,7498.96,2026-08-04,13.0,7650.0,13.4,0.1035,148.4,0.0717
2026-07-22,7498.96,2026-08-04,13.0,7655.0,12.3,0.1026,152.1,0.0734
2026-07-22,7498.96,2026-08-04,13.0,7660.0,11.35,0.1021,156.2,0.0752
2026-07-22,7498.96,2026-08-04,13.0,7670.0,9.45,0.1005,164.0,0.0787
2026-07-22,7498.96,2026-08-04,13.0,7675.0,8.6,0.0997,168.2,0.0805
2026-07-22,7498.96,2026-08-04,13.0,7680.0,7.85,0.0991,,
2026-07-22,7498.96,2026-08-04,13.0,7690.0,6.45,0.0977,,
2026-07-22,7498.96,2026-08-04,13.0,7700.0,5.3,0.0966,,
2026-07-22,7498.96,2026-08-04,13.0,7710.0,4.3,0.0954,,
2026-07-22,7498.96,2026-08-04,13.0,7720.0,3.5,0.0945,212.2,0.0958
2026-07-22,7498.96,2026-08-04,13.0,7725.0,3.2,0.0944,,
2026-07-22,7498.96,2026-08-04,13.0,7730.0,2.9,0.0942,,
2026-07-22,7498.96,2026-08-04,13.0,7740.0,2.35,0.0936,,
2026-07-22,7498.96,2026-08-04,13.0,7750.0,1.95,0.0935,,
2026-07-22,7498.96,2026-08-04,13.0,7775.0,1.23,0.0935,,
2026-07-22,7498.96,2026-08-04,13.0,7800.0,0.85,0.0953,,
2026-07-22,7498.96,2026-08-04,13.0,7825.0,0.62,0.0978,,
2026-07-22,7498.96,2026-08-04,13.0,7850.0,0.5,0.1013,,
2026-07-22,7498.96,2026-08-04,13.0,7875.0,0.4,0.1047,,
2026-07-22,7498.96,2026-08-04,13.0,7900.0,0.35,0.109,,
2026-07-22,7498.96,2026-08-04,13.0,7925.0,0.3,0.113,,
2026-07-22,7498.96,2026-08-04,13.0,7950.0,0.28,0.1177,,
2026-07-22,7498.96,2026-08-04,13.0,7975.0,0.25,0.1221,,
2026-07-22,7498.96,2026-08-04,13.0,8000.0,0.25,0.1278,,
2026-07-22,7498.96,2026-08-04,13.0,8025.0,0.23,0.1319,,
2026-07-22,7498.96,2026-08-04,13.0,8050.0,0.23,0.1374,,
2026-07-22,7498.96,2026-08-04,13.0,8075.0,0.17,0.1393,,
2026-07-22,7498.96,2026-08-04,13.0,8100.0,0.17,0.1446,,
2026-07-22,7498.96,2026-08-04,13.0,8200.0,0.15,0.1631,,
2026-07-22,7498.96,2026-08-04,13.0,8300.0,0.15,0.1833,,
2026-07-22,7498.96,2026-08-04,13.0,8400.0,0.15,0.203,,
2026-07-22,7498.96,2026-08-04,13.0,8600.0,0.12,0.2374,,
2026-07-22,7498.96,2026-08-05,14.0,5800.0,1712.9,0.6387,0.47,0.4719
2026-07-22,7498.96,2026-08-05,14.0,5900.0,1613.1,0.6028,0.53,0.4476
2026-07-22,7498.96,2026-08-05,14.0,6000.0,1513.3,0.5672,0.62,0.4266
2026-07-22,7498.96,2026-08-05,14.0,6100.0,1413.6,0.5333,0.72,0.4042
2026-07-22,7498.96,2026-08-05,14.0,6200.0,1313.85,0.4988,0.88,0.3833
2026-07-22,7498.96,2026-08-05,14.0,6300.0,1214.2,0.4656,1.02,0.3608
2026-07-22,7498.96,2026-08-05,14.0,6400.0,1114.5,0.4318,1.23,0.3389
2026-07-22,7498.96,2026-08-05,14.0,6425.0,1089.6,0.4236,1.25,0.3324
2026-07-22,7498.96,2026-08-05,14.0,6450.0,1064.7,0.4154,1.32,0.3273
2026-07-22,7498.96,2026-08-05,14.0,6475.0,1039.75,0.4066,1.4,0.3222
2026-07-22,7498.96,2026-08-05,14.0,6500.0,1014.95,0.3994,1.48,0.3168
2026-07-22,7498.96,2026-08-05,14.0,6525.0,990.1,0.3916,1.55,0.3114
2026-07-22,7498.96,2026-08-05,14.0,6550.0,965.2,0.3833,1.65,0.3064
2026-07-22,7498.96,2026-08-05,14.0,6575.0,940.3,0.375,1.75,0.3012
2026-07-22,7498.96,2026-08-05,14.0,6600.0,915.5,0.3676,1.85,0.2959
2026-07-22,7498.96,2026-08-05,14.0,6625.0,890.6,0.3592,1.95,0.2904
2026-07-22,7498.96,2026-08-05,14.0,6650.0,865.8,0.3517,2.05,0.2847
2026-07-22,7498.96,2026-08-05,14.0,6675.0,840.85,0.3429,2.2,0.2799
2026-07-22,7498.96,2026-08-05,14.0,6700.0,816.1,0.3356,2.35,0.2748
2026-07-22,7498.96,2026-08-05,14.0,6725.0,791.3,0.3279,2.5,0.2695
2026-07-22,7498.96,2026-08-05,14.0,6750.0,766.45,0.3198,2.67,0.2643
2026-07-22,7498.96,2026-08-05,14.0,6775.0,741.7,0.3123,2.9,0.2596
2026-07-22,7498.96,2026-08-05,14.0,6800.0,717.0,0.3051,3.1,0.2544
2026-07-22,7498.96,2026-08-05,14.0,6825.0,692.2,0.2971,3.3,0.2488
2026-07-22,7498.96,2026-08-05,14.0,6850.0,667.5,0.2897,3.6,0.2442
2026-07-22,7498.96,2026-08-05,14.0,6875.0,642.85,0.2825,3.9,0.2393
2026-07-22,7498.96,2026-08-05,14.0,6900.0,618.2,0.2751,4.25,0.2345
2026-07-22,7498.96,2026-08-05,14.0,6925.0,593.6,0.2679,4.65,0.2298
2026-07-22,7498.96,2026-08-05,14.0,6950.0,569.1,0.2611,5.05,0.2247
2026-07-22,7498.96,2026-08-05,14.0,6975.0,544.6,0.254,5.55,0.2201
2026-07-22,7498.96,2026-08-05,14.0,7000.0,520.2,0.2473,6.2,0.216
2026-07-22,7498.96,2026-08-05,14.0,7025.0,495.7,0.2398,6.8,0.2111
2026-07-22,7498.96,2026-08-05,14.0,7050.0,471.6,0.234,7.5,0.2063
2026-07-22,7498.96,2026-08-05,14.0,7075.0,447.35,0.2271,8.35,0.2019
2026-07-22,7498.96,2026-08-05,14.0,7080.0,442.55,0.2259,8.55,0.2011
2026-07-22,7498.96,2026-08-05,14.0,7090.0,432.95,0.2235,8.95,0.1994
2026-07-22,7498.96,2026-08-05,14.0,7100.0,423.4,0.2212,9.35,0.1976
2026-07-22,7498.96,2026-08-05,14.0,7110.0,413.8,0.2186,9.75,0.1958
2026-07-22,7498.96,2026-08-05,14.0,7120.0,404.2,0.216,10.25,0.1942
2026-07-22,7498.96,2026-08-05,14.0,7125.0,399.5,0.215,10.55,0.1937
2026-07-22,7498.96,2026-08-05,14.0,7130.0,394.7,0.2136,10.75,0.1926
2026-07-22,7498.96,2026-08-05,14.0,7140.0,385.2,0.2112,11.25,0.1908
2026-07-22,7498.96,2026-08-05,14.0,7150.0,375.7,0.2087,11.85,0.1894
2026-07-22,7498.96,2026-08-05,14.0,7160.0,366.2,0.2062,12.35,0.1874
2026-07-22,7498.96,2026-08-05,14.0,7170.0,356.9,0.2042,12.95,0.1857
2026-07-22,7498.96,2026-08-05,14.0,7175.0,352.2,0.203,13.3,0.1849
2026-07-22,7498.96,2026-08-05,14.0,7180.0,347.5,0.2018,13.6,0.184
2026-07-22,7498.96,2026-08-05,14.0,7190.0,338.2,0.1996,14.25,0.1822
2026-07-22,7498.96,2026-08-05,14.0,7200.0,328.9,0.1974,15.05,0.1809
2026-07-22,7498.96,2026-08-05,14.0,7210.0,319.6,0.195,15.8,0.1791
2026-07-22,7498.96,2026-08-05,14.0,7220.0,310.25,0.1924,16.5,0.1771
2026-07-22,7498.96,2026-08-05,14.0,7225.0,305.65,0.1912,16.95,0.1764
2026-07-22,7498.96,2026-08-05,14.0,7230.0,301.2,0.1905,17.4,0.1756
2026-07-22,7498.96,2026-08-05,14.0,7240.0,292.0,0.1881,18.3,0.174
2026-07-22,7498.96,2026-08-05,14.0,7250.0,282.9,0.1859,19.25,0.1723
2026-07-22,7498.96,2026-08-05,14.0,7260.0,273.9,0.1838,20.2,0.1705
2026-07-22,7498.96,2026-08-05,14.0,7270.0,264.9,0.1816,21.25,0.1688
2026-07-22,7498.96,2026-08-05,14.0,7275.0,260.3,0.1802,21.75,0.1678
2026-07-22,7498.96,2026-08-05,14.0,7280.0,255.9,0.1792,22.35,0.1671
2026-07-22,7498.96,2026-08-05,14.0,7290.0,247.0,0.177,23.55,0.1655
2026-07-22,7498.96,2026-08-05,14.0,7295.0,242.55,0.1758,24.15,0.1646
2026-07-22,7498.96,2026-08-05,14.0,7300.0,238.15,0.1748,24.75,0.1637
2026-07-22,7498.96,2026-08-05,14.0,7305.0,233.9,0.174,25.35,0.1627
2026-07-22,7498.96,2026-08-05,14.0,7310.0,229.4,0.1726,26.05,0.1619
2026-07-22,7498.96,2026-08-05,14.0,7315.0,225.1,0.1717,26.85,0.1614
2026-07-22,7498.96,2026-08-05,14.0,7320.0,220.8,0.1707,27.4,0.1601
2026-07-22,7498.96,2026-08-05,14.0,7325.0,216.5,0.1696,28.15,0.1594
2026-07-22,7498.96,2026-08-05,14.0,7330.0,218.2,0.1818,28.9,0.1585
2026-07-22,7498.96,2026-08-05,14.0,7335.0,208.95,0.1697,29.6,0.1575
2026-07-22,7498.96,2026-08-05,14.0,7340.0,204.2,0.1675,30.4,0.1567
2026-07-22,7498.96,2026-08-05,14.0,7345.0,201.5,0.1698,31.2,0.1558
2026-07-22,7498.96,2026-08-05,14.0,7350.0,197.3,0.1687,32.1,0.1551
2026-07-22,7498.96,2026-08-05,14.0,7355.0,193.05,0.1675,32.85,0.154
2026-07-22,7498.96,2026-08-05,14.0,7360.0,188.9,0.1664,33.75,0.1532
2026-07-22,7498.96,2026-08-05,14.0,7365.0,184.8,0.1654,34.65,0.1524
2026-07-22,7498.96,2026-08-05,14.0,7370.0,180.7,0.1643,35.5,0.1513
2026-07-22,7498.96,2026-08-05,14.0,7375.0,176.6,0.1632,36.45,0.1505
2026-07-22,7498.96,2026-08-05,14.0,7380.0,172.5,0.162,37.45,0.1496
2026-07-22,7498.96,2026-08-05,14.0,7385.0,168.2,0.1604,38.45,0.1488
2026-07-22,7498.96,2026-08-05,14.0,7390.0,164.2,0.1594,39.35,0.1476
2026-07-22,7498.96,2026-08-05,14.0,7395.0,160.3,0.1585,40.45,0.1468
2026-07-22,7498.96,2026-08-05,14.0,7400.0,156.3,0.1573,41.55,0.146
2026-07-22,7498.96,2026-08-05,14.0,7405.0,152.4,0.1563,42.5,0.1447
2026-07-22,7498.96,2026-08-05,14.0,7410.0,147.0,0.1524,43.65,0.1439
2026-07-22,7498.96,2026-08-05,14.0,7415.0,143.3,0.1516,44.75,0.1428
2026-07-22,7498.96,2026-08-05,14.0,7420.0,139.4,0.1504,46.05,0.1421
2026-07-22,7498.96,2026-08-05,14.0,7425.0,135.8,0.1498,47.15,0.1409
2026-07-22,7498.96,2026-08-05,14.0,7430.0,132.0,0.1487,48.4,0.14
2026-07-22,7498.96,2026-08-05,14.0,7435.0,128.2,0.1475,49.7,0.139
2026-07-22,7498.96,2026-08-05,14.0,7440.0,124.55,0.1465,51.0,0.138
2026-07-22,7498.96,2026-08-05,14.0,7445.0,121.0,0.1457,52.4,0.1371
2026-07-22,7498.96,2026-08-05,14.0,7450.0,117.4,0.1447,53.6,0.1358
2026-07-22,7498.96,2026-08-05,14.0,7455.0,113.75,0.1436,55.2,0.1351
2026-07-22,7498.96,2026-08-05,14.0,7460.0,110.25,0.1426,56.55,0.1339
2026-07-22,7498.96,2026-08-05,14.0,7465.0,106.75,0.1416,58.05,0.1329
2026-07-22,7498.96,2026-08-05,14.0,7470.0,103.25,0.1405,59.65,0.132
2026-07-22,7498.96,2026-08-05,14.0,7475.0,99.75,0.1393,61.2,0.131
2026-07-22,7498.96,2026-08-05,14.0,7480.0,96.65,0.1387,62.85,0.13
2026-07-22,7498.96,2026-08-05,14.0,7485.0,93.1,0.1373,64.55,0.129
2026-07-22,7498.96,2026-08-05,14.0,7490.0,89.95,0.1365,66.2,0.1278
2026-07-22,7498.96,2026-08-05,14.0,7495.0,86.7,0.1355,68.15,0.1271
2026-07-22,7498.96,2026-08-05,14.0,7500.0,83.65,0.1347,69.6,0.1254
2026-07-22,7498.96,2026-08-05,14.0,7505.0,80.35,0.1334,71.7,0.1248
2026-07-22,7498.96,2026-08-05,14.0,7510.0,77.3,0.1324,73.5,0.1235
2026-07-22,7498.96,2026-08-05,14.0,7515.0,74.3,0.1315,75.45,0.1224
2026-07-22,7498.96,2026-08-05,14.0,7520.0,71.3,0.1304,77.45,0.1213
2026-07-22,7498.96,2026-08-05,14.0,7525.0,68.25,0.1292,79.7,0.1205
2026-07-22,7498.96,2026-08-05,14.0,7530.0,65.5,0.1284,81.7,0.1192
2026-07-22,7498.96,2026-08-05,14.0,7535.0,62.6,0.1273,83.85,0.1181
2026-07-22,7498.96,2026-08-05,14.0,7540.0,59.85,0.1263,86.25,0.1172
2026-07-22,7498.96,2026-08-05,14.0,7545.0,57.2,0.1253,88.6,0.1162
2026-07-22,7498.96,2026-08-05,14.0,7550.0,54.45,0.1242,90.75,0.1146
2026-07-22,7498.96,2026-08-05,14.0,7555.0,51.9,0.1232,93.25,0.1136
2026-07-22,7498.96,2026-08-05,14.0,7560.0,49.5,0.1224,95.75,0.1125
2026-07-22,7498.96,2026-08-05,14.0,7565.0,46.9,0.1212,98.2,0.1111
2026-07-22,7498.96,2026-08-05,14.0,7570.0,44.6,0.1203,100.75,0.1097
2026-07-22,7498.96,2026-08-05,14.0,7575.0,42.2,0.1192,103.5,0.1086
2026-07-22,7498.96,2026-08-05,14.0,7580.0,39.95,0.1182,106.2,0.1073
2026-07-22,7498.96,2026-08-05,14.0,7585.0,37.8,0.1173,109.0,0.1059
2026-07-22,7498.96,2026-08-05,14.0,7590.0,35.7,0.1164,111.8,0.1044
2026-07-22,7498.96,2026-08-05,14.0,7595.0,33.6,0.1153,115.0,0.1035
2026-07-22,7498.96,2026-08-05,14.0,7600.0,31.7,0.1145,117.8,0.1017
2026-07-22,7498.96,2026-08-05,14.0,7605.0,29.75,0.1135,120.3,0.0989
2026-07-22,7498.96,2026-08-05,14.0,7610.0,27.95,0.1127,123.0,0.0961
2026-07-22,7498.96,2026-08-05,14.0,7615.0,26.2,0.1118,126.1,0.094
2026-07-22,7498.96,2026-08-05,14.0,7620.0,24.6,0.1111,129.4,0.0921
2026-07-22,7498.96,2026-08-05,14.0,7625.0,22.95,0.1101,132.8,0.0901
2026-07-22,7498.96,2026-08-05,14.0,7630.0,21.45,0.1093,136.2,0.0876
2026-07-22,7498.96,2026-08-05,14.0,7635.0,19.95,0.1084,139.4,0.0837
2026-07-22,7498.96,2026-08-05,14.0,7640.0,18.55,0.1076,142.9,0.0797
2026-07-22,7498.96,2026-08-05,14.0,7645.0,17.25,0.1068,146.6,0.0744
2026-07-22,7498.96,2026-08-05,14.0,7650.0,16.05,0.1062,150.3,0.0703
2026-07-22,7498.96,2026-08-05,14.0,7660.0,13.65,0.1045,157.8,0.0738
2026-07-22,7498.96,2026-08-05,14.0,7670.0,11.7,0.1033,165.6,0.0772
2026-07-22,7498.96,2026-08-05,14.0,7675.0,10.8,0.1027,169.6,0.0789
2026-07-22,7498.96,2026-08-05,14.0,7680.0,9.9,0.102,173.6,0.0806
2026-07-22,7498.96,2026-08-05,14.0,7690.0,8.2,0.1003,,
2026-07-22,7498.96,2026-08-05,14.0,7700.0,6.95,0.0995,,
2026-07-22,7498.96,2026-08-05,14.0,7710.0,5.65,0.0979,,
2026-07-22,7498.96,2026-08-05,14.0,7720.0,4.8,0.0976,212.2,0.0938
2026-07-22,7498.96,2026-08-05,14.0,7725.0,4.3,0.0968,,
2026-07-22,7498.96,2026-08-05,14.0,7730.0,3.95,0.0967,,
2026-07-22,7498.96,2026-08-05,14.0,7740.0,3.2,0.0956,,
2026-07-22,7498.96,2026-08-05,14.0,7750.0,2.67,0.0953,,
2026-07-22,7498.96,2026-08-05,14.0,7775.0,1.7,0.0949,,
2026-07-22,7498.96,2026-08-05,14.0,7800.0,1.1,0.0952,,
2026-07-22,7498.96,2026-08-05,14.0,7825.0,0.78,0.0969,,
2026-07-22,7498.96,2026-08-05,14.0,7850.0,0.6,0.0998,,
2026-07-22,7498.96,2026-08-05,14.0,7875.0,0.5,0.1035,,
2026-07-22,7498.96,2026-08-05,14.0,7900.0,0.43,0.1073,,
2026-07-22,7498.96,2026-08-05,14.0,7925.0,0.38,0.1115,,
2026-07-22,7498.96,2026-08-05,14.0,7950.0,0.33,0.1153,,
2026-07-22,7498.96,2026-08-05,14.0,7975.0,0.3,0.1199,,
2026-07-22,7498.96,2026-08-05,14.0,8000.0,0.28,0.1242,,
2026-07-22,7498.96,2026-08-05,14.0,8025.0,0.23,0.1269,,
2026-07-22,7498.96,2026-08-05,14.0,8050.0,0.23,0.1322,,
2026-07-22,7498.96,2026-08-05,14.0,8075.0,0.23,0.1375,,
2026-07-22,7498.96,2026-08-05,14.0,8100.0,0.23,0.1427,,
2026-07-22,7498.96,2026-08-05,14.0,8200.0,0.17,0.1593,,
2026-07-22,7498.96,2026-08-05,14.0,8300.0,0.15,0.1764,,
2026-07-22,7498.96,2026-08-05,14.0,8400.0,0.15,0.1954,,
2026-07-22,7498.96,2026-08-05,14.0,8600.0,0.12,0.2287,,
2026-07-22,7498.96,2026-08-06,15.0,5800.0,1713.6,0.6192,0.57,0.4647
2026-07-22,7498.96,2026-08-06,15.0,6000.0,1514.1,0.5511,0.78,0.4216
2026-07-22,7498.96,2026-08-06,15.0,6100.0,1414.4,0.518,0.9,0.3999
2026-07-22,7498.96,2026-08-06,15.0,6200.0,1314.75,0.4856,1.07,0.3792
2026-07-22,7498.96,2026-08-06,15.0,6300.0,1215.1,0.4531,1.27,0.3579
2026-07-22,7498.96,2026-08-06,15.0,6400.0,1115.55,0.4217,1.52,0.3366
2026-07-22,7498.96,2026-08-06,15.0,6425.0,1090.7,0.4142,1.6,0.3313
2026-07-22,7498.96,2026-08-06,15.0,6450.0,1065.8,0.4061,1.7,0.3266
2026-07-22,7498.96,2026-08-06,15.0,6475.0,1040.9,0.398,1.8,0.3216
2026-07-22,7498.96,2026-08-06,15.0,6500.0,1016.1,0.3909,1.85,0.3154
2026-07-22,7498.96,2026-08-06,15.0,6525.0,991.2,0.3828,1.95,0.3102
2026-07-22,7498.96,2026-08-06,15.0,6550.0,966.25,0.3742,2.1,0.3059
2026-07-22,7498.96,2026-08-06,15.0,6575.0,941.5,0.3674,2.2,0.3004
2026-07-22,7498.96,2026-08-06,15.0,6600.0,916.7,0.3601,2.33,0.2952
2026-07-22,7498.96,2026-08-06,15.0,6625.0,891.7,0.351,2.47,0.2903
2026-07-22,7498.96,2026-08-06,15.0,6650.0,866.95,0.344,2.62,0.2852
2026-07-22,7498.96,2026-08-06,15.0,6675.0,842.15,0.3365,2.78,0.2799
2026-07-22,7498.96,2026-08-06,15.0,6700.0,817.4,0.3294,2.95,0.2748
2026-07-22,7498.96,2026-08-06,15.0,6725.0,792.7,0.3225,3.12,0.2695
2026-07-22,7498.96,2026-08-06,15.0,6750.0,767.8,0.3141,3.35,0.2646
2026-07-22,7498.96,2026-08-06,15.0,6775.0,743.2,0.3077,3.6,0.2598
2026-07-22,7498.96,2026-08-06,15.0,6800.0,718.4,0.2999,3.85,0.2547
2026-07-22,7498.96,2026-08-06,15.0,6825.0,693.75,0.2929,4.15,0.2499
2026-07-22,7498.96,2026-08-06,15.0,6850.0,669.1,0.2858,4.45,0.2448
2026-07-22,7498.96,2026-08-06,15.0,6875.0,644.5,0.2789,4.75,0.2395
2026-07-22,7498.96,2026-08-06,15.0,6900.0,619.9,0.2719,5.15,0.2347
2026-07-22,7498.96,2026-08-06,15.0,6925.0,595.4,0.2652,5.6,0.23
2026-07-22,7498.96,2026-08-06,15.0,6950.0,570.9,0.2583,6.1,0.2253
2026-07-22,7498.96,2026-08-06,15.0,6975.0,546.5,0.2517,6.7,0.2209
2026-07-22,7498.96,2026-08-06,15.0,7000.0,522.0,0.2445,7.35,0.2163
2026-07-22,7498.96,2026-08-06,15.0,7025.0,497.8,0.2384,8.05,0.2116
2026-07-22,7498.96,2026-08-06,15.0,7050.0,473.7,0.2324,8.95,0.2075
2026-07-22,7498.96,2026-08-06,15.0,7075.0,449.7,0.2264,9.85,0.2029
2026-07-22,7498.96,2026-08-06,15.0,7080.0,444.9,0.2252,10.05,0.202
2026-07-22,7498.96,2026-08-06,15.0,7090.0,435.3,0.2227,10.55,0.2006
2026-07-22,7498.96,2026-08-06,15.0,7100.0,425.7,0.2201,10.95,0.1986
2026-07-22,7498.96,2026-08-06,15.0,7110.0,416.2,0.2178,11.45,0.197
2026-07-22,7498.96,2026-08-06,15.0,7120.0,406.7,0.2155,11.95,0.1953
2026-07-22,7498.96,2026-08-06,15.0,7125.0,402.0,0.2145,12.25,0.1946
2026-07-22,7498.96,2026-08-06,15.0,7130.0,397.2,0.2131,12.5,0.1936
2026-07-22,7498.96,2026-08-06,15.0,7140.0,387.7,0.2106,13.05,0.1919
2026-07-22,7498.96,2026-08-06,15.0,7150.0,378.3,0.2084,13.65,0.1902
2026-07-22,7498.96,2026-08-06,15.0,7160.0,369.0,0.2064,14.3,0.1887
2026-07-22,7498.96,2026-08-06,15.0,7170.0,359.6,0.204,14.95,0.1869
2026-07-22,7498.96,2026-08-06,15.0,7175.0,354.9,0.2028,15.3,0.1861
2026-07-22,7498.96,2026-08-06,15.0,7180.0,350.25,0.2017,15.65,0.1853
2026-07-22,7498.96,2026-08-06,15.0,7190.0,341.0,0.1996,16.4,0.1837
2026-07-22,7498.96,2026-08-06,15.0,7200.0,331.7,0.1972,17.15,0.1819
2026-07-22,7498.96,2026-08-06,15.0,7210.0,322.45,0.1949,17.95,0.1802
2026-07-22,7498.96,2026-08-06,15.0,7220.0,313.3,0.1928,18.8,0.1785
2026-07-22,7498.96,2026-08-06,15.0,7225.0,308.75,0.1918,19.25,0.1777
2026-07-22,7498.96,2026-08-06,15.0,7230.0,304.2,0.1907,19.7,0.1769
2026-07-22,7498.96,2026-08-06,15.0,7240.0,295.1,0.1885,20.65,0.1752
2026-07-22,7498.96,2026-08-06,15.0,7250.0,286.1,0.1865,21.7,0.1737
2026-07-22,7498.96,2026-08-06,15.0,7260.0,277.0,0.184,22.7,0.1718
2026-07-22,7498.96,2026-08-06,15.0,7270.0,268.1,0.182,23.8,0.1701
2026-07-22,7498.96,2026-08-06,15.0,7275.0,263.7,0.181,24.4,0.1694
2026-07-22,7498.96,2026-08-06,15.0,7280.0,259.3,0.1801,24.95,0.1684
2026-07-22,7498.96,2026-08-06,15.0,7290.0,250.5,0.178,26.2,0.1668
2026-07-22,7498.96,2026-08-06,15.0,7295.0,246.05,0.1768,26.85,0.1659
2026-07-22,7498.96,2026-08-06,15.0,7300.0,241.6,0.1755,27.5,0.1651
2026-07-22,7498.96,2026-08-06,15.0,7305.0,237.3,0.1746,28.15,0.1642
2026-07-22,7498.96,2026-08-06,15.0,7310.0,233.0,0.1736,28.8,0.1632
2026-07-22,7498.96,2026-08-06,15.0,7315.0,228.7,0.1726,29.65,0.1627
2026-07-22,7498.96,2026-08-06,15.0,7320.0,230.4,0.1845,30.3,0.1617
2026-07-22,7498.96,2026-08-06,15.0,7325.0,225.55,0.1821,31.05,0.1608
2026-07-22,7498.96,2026-08-06,15.0,7330.0,221.8,0.182,31.85,0.16
2026-07-22,7498.96,2026-08-06,15.0,7335.0,217.6,0.181,32.5,0.1589
2026-07-22,7498.96,2026-08-06,15.0,7340.0,208.7,0.1702,33.3,0.158
2026-07-22,7498.96,2026-08-06,15.0,7345.0,204.2,0.1685,34.2,0.1573
2026-07-22,7498.96,2026-08-06,15.0,7350.0,201.0,0.1694,35.0,0.1563
2026-07-22,7498.96,2026-08-06,15.0,7355.0,196.85,0.1684,35.9,0.1555
2026-07-22,7498.96,2026-08-06,15.0,7360.0,192.7,0.1673,36.75,0.1546
2026-07-22,7498.96,2026-08-06,15.0,7365.0,188.6,0.1662,37.7,0.1537
2026-07-22,7498.96,2026-08-06,15.0,7370.0,184.5,0.1652,38.6,0.1528
2026-07-22,7498.96,2026-08-06,15.0,7375.0,180.2,0.1636,39.55,0.1519
2026-07-22,7498.96,2026-08-06,15.0,7380.0,176.2,0.1627,40.5,0.1509
2026-07-22,7498.96,2026-08-06,15.0,7385.0,172.2,0.1616,41.6,0.1502
2026-07-22,7498.96,2026-08-06,15.0,7390.0,168.2,0.1606,42.6,0.1492
2026-07-22,7498.96,2026-08-06,15.0,7395.0,164.2,0.1594,43.65,0.1483
2026-07-22,7498.96,2026-08-06,15.0,7400.0,160.3,0.1585,44.75,0.1474
2026-07-22,7498.96,2026-08-06,15.0,7405.0,155.0,0.1549,45.75,0.1463
2026-07-22,7498.96,2026-08-06,15.0,7410.0,151.2,0.154,47.0,0.1455
2026-07-22,7498.96,2026-08-06,15.0,7415.0,147.4,0.153,48.15,0.1446
2026-07-22,7498.96,2026-08-06,15.0,7420.0,143.6,0.152,49.25,0.1434
2026-07-22,7498.96,2026-08-06,15.0,7425.0,139.9,0.1512,50.55,0.1426
2026-07-22,7498.96,2026-08-06,15.0,7430.0,136.15,0.1501,51.7,0.1415
2026-07-22,7498.96,2026-08-06,15.0,7435.0,132.45,0.1492,53.05,0.1406
2026-07-22,7498.96,2026-08-06,15.0,7440.0,128.75,0.1481,54.4,0.1397
2026-07-22,7498.96,2026-08-06,15.0,7445.0,125.0,0.1469,55.65,0.1386
2026-07-22,7498.96,2026-08-06,15.0,7450.0,121.35,0.1458,57.1,0.1377
2026-07-22,7498.96,2026-08-06,15.0,7455.0,118.15,0.1455,58.55,0.1367
2026-07-22,7498.96,2026-08-06,15.0,7460.0,114.5,0.1442,60.05,0.1358
2026-07-22,7498.96,2026-08-06,15.0,7465.0,111.05,0.1433,61.5,0.1347
2026-07-22,7498.96,2026-08-06,15.0,7470.0,107.5,0.1421,63.05,0.1337
2026-07-22,7498.96,2026-08-06,15.0,7475.0,104.1,0.1412,64.65,0.1328
2026-07-22,7498.96,2026-08-06,15.0,7480.0,100.6,0.1399,66.2,0.1316
2026-07-22,7498.96,2026-08-06,15.0,7485.0,97.3,0.139,68.1,0.131
2026-07-22,7498.96,2026-08-06,15.0,7490.0,94.0,0.138,69.7,0.1298
2026-07-22,7498.96,2026-08-06,15.0,7495.0,90.85,0.1371,71.35,0.1286
2026-07-22,7498.96,2026-08-06,15.0,7500.0,87.65,0.1361,73.15,0.1276
2026-07-22,7498.96,2026-08-06,15.0,7505.0,84.55,0.1352,75.1,0.1267
2026-07-22,7498.96,2026-08-06,15.0,7510.0,81.3,0.1339,76.75,0.1252
2026-07-22,7498.96,2026-08-06,15.0,7515.0,78.3,0.133,78.75,0.1243
2026-07-22,7498.96,2026-08-06,15.0,7520.0,75.35,0.1321,80.75,0.1232
2026-07-22,7498.96,2026-08-06,15.0,7525.0,72.3,0.131,82.75,0.1221
2026-07-22,7498.96,2026-08-06,15.0,7530.0,69.5,0.1301,85.0,0.1212
2026-07-22,7498.96,2026-08-06,15.0,7535.0,66.75,0.1293,87.0,0.1199
2026-07-22,7498.96,2026-08-06,15.0,7540.0,63.85,0.1281,89.25,0.1189
2026-07-22,7498.96,2026-08-06,15.0,7545.0,61.2,0.1273,91.5,0.1177
2026-07-22,7498.96,2026-08-06,15.0,7550.0,58.35,0.126,93.8,0.1166
2026-07-22,7498.96,2026-08-06,15.0,7555.0,55.7,0.125,96.25,0.1155
2026-07-22,7498.96,2026-08-06,15.0,7560.0,53.2,0.1241,98.7,0.1144
2026-07-22,7498.96,2026-08-06,15.0,7565.0,50.75,0.1232,101.2,0.1132
2026-07-22,7498.96,2026-08-06,15.0,7570.0,48.2,0.122,103.75,0.112
2026-07-22,7498.96,2026-08-06,15.0,7575.0,45.85,0.1211,106.6,0.1112
2026-07-22,7498.96,2026-08-06,15.0,7580.0,43.6,0.1202,108.85,0.1092
2026-07-22,7498.96,2026-08-06,15.0,7585.0,41.3,0.1192,111.75,0.1082
2026-07-22,7498.96,2026-08-06,15.0,7590.0,39.15,0.1183,114.75,0.1073
2026-07-22,7498.96,2026-08-06,15.0,7595.0,37.15,0.1175,117.4,0.1055
2026-07-22,7498.96,2026-08-06,15.0,7600.0,35.15,0.1167,120.6,0.1046
2026-07-22,7498.96,2026-08-06,15.0,7605.0,33.15,0.1157,123.4,0.1028
2026-07-22,7498.96,2026-08-06,15.0,7610.0,31.25,0.1148,125.9,0.1001
2026-07-22,7498.96,2026-08-06,15.0,7620.0,27.65,0.1131,131.7,0.0955
2026-07-22,7498.96,2026-08-06,15.0,7625.0,26.0,0.1123,135.0,0.0937
2026-07-22,7498.96,2026-08-06,15.0,7630.0,24.35,0.1114,138.3,0.0915
2026-07-22,7498.96,2026-08-06,15.0,7640.0,21.4,0.11,145.3,0.0869
2026-07-22,7498.96,2026-08-06,15.0,7650.0,18.6,0.1083,152.0,0.0772
2026-07-22,7498.96,2026-08-06,15.0,7660.0,16.1,0.1068,159.5,0.0725
2026-07-22,7498.96,2026-08-06,15.0,7670.0,13.85,0.1054,167.1,0.0758
2026-07-22,7498.96,2026-08-06,15.0,7675.0,12.85,0.1048,171.0,0.0775
2026-07-22,7498.96,2026-08-06,15.0,7680.0,11.85,0.104,175.0,0.0791
2026-07-22,7498.96,2026-08-06,15.0,7690.0,10.1,0.1028,,
2026-07-22,7498.96,2026-08-06,15.0,7700.0,8.5,0.1014,,
2026-07-22,7498.96,2026-08-06,15.0,7710.0,7.2,0.1004,,
2026-07-22,7498.96,2026-08-06,15.0,7720.0,6.05,0.0995,212.2,0.0921
2026-07-22,7498.96,2026-08-06,15.0,7725.0,5.5,0.0989,,
2026-07-22,7498.96,2026-08-06,15.0,7750.0,3.5,0.097,,
2026-07-22,7498.96,2026-08-06,15.0,7775.0,2.2,0.0958,,
2026-07-22,7498.96,2026-08-06,15.0,7800.0,1.45,0.0959,,
2026-07-22,7498.96,2026-08-06,15.0,7825.0,1.0,0.0969,,
2026-07-22,7498.96,2026-08-06,15.0,7850.0,0.75,0.0991,,
2026-07-22,7498.96,2026-08-06,15.0,7875.0,0.6,0.1022,,
2026-07-22,7498.96,2026-08-06,15.0,7900.0,0.5,0.1056,,
2026-07-22,7498.96,2026-08-06,15.0,7925.0,0.45,0.1099,,
2026-07-22,7498.96,2026-08-06,15.0,7950.0,0.38,0.1131,,
2026-07-22,7498.96,2026-08-06,15.0,7975.0,0.33,0.1167,,
2026-07-22,7498.96,2026-08-06,15.0,8000.0,0.33,0.122,,
2026-07-22,7498.96,2026-08-06,15.0,8025.0,0.28,0.1251,,
2026-07-22,7498.96,2026-08-06,15.0,8050.0,0.25,0.129,,
2026-07-22,7498.96,2026-08-06,15.0,8075.0,0.23,0.1327,,
2026-07-22,7498.96,2026-08-06,15.0,8100.0,0.23,0.1377,,
2026-07-22,7498.96,2026-08-06,15.0,8200.0,0.17,0.1538,,
2026-07-22,7498.96,2026-08-06,15.0,8300.0,0.17,0.1727,,
2026-07-22,7498.96,2026-08-06,15.0,8400.0,0.15,0.1887,,
2026-07-22,7498.96,2026-08-06,15.0,8600.0,0.12,0.2208,,
2026-07-22,7498.96,2026-08-07,16.0,5700.0,1815.05,0.6502,0.65,0.4836
2026-07-22,7498.96,2026-08-07,16.0,5800.0,1715.35,0.6165,0.75,0.4624
2026-07-22,7498.96,2026-08-07,16.0,5900.0,1615.7,0.5836,0.88,0.4417
2026-07-22,7498.96,2026-08-07,16.0,5950.0,1565.85,0.5669,0.93,0.4303
2026-07-22,7498.96,2026-08-07,16.0,6000.0,1516.0,0.5503,1.0,0.4199
2026-07-22,7498.96,2026-08-07,16.0,6050.0,1466.2,0.5343,1.07,0.4092
2026-07-22,7498.96,2026-08-07,16.0,6100.0,1416.4,0.5182,1.18,0.3992
2026-07-22,7498.96,2026-08-07,16.0,6125.0,1391.5,0.5102,1.23,0.394
2026-07-22,7498.96,2026-08-07,16.0,6150.0,1366.6,0.5022,1.27,0.3888
2026-07-22,7498.96,2026-08-07,16.0,6175.0,1341.7,0.4942,1.32,0.3835
2026-07-22,7498.96,2026-08-07,16.0,6200.0,1316.8,0.4862,1.38,0.3781
2026-07-22,7498.96,2026-08-07,16.0,6225.0,1291.9,0.4781,1.43,0.3726
2026-07-22,7498.96,2026-08-07,16.0,6250.0,1267.0,0.4701,1.48,0.367
2026-07-22,7498.96,2026-08-07,16.0,6275.0,1242.1,0.4621,1.57,0.3629
2026-07-22,7498.96,2026-08-07,16.0,6300.0,1217.15,0.4536,1.62,0.3571
2026-07-22,7498.96,2026-08-07,16.0,6325.0,1192.4,0.4469,1.7,0.352
2026-07-22,7498.96,2026-08-07,16.0,6350.0,1167.5,0.4389,1.77,0.3467
2026-07-22,7498.96,2026-08-07,16.0,6375.0,1142.6,0.4308,1.88,0.342
2026-07-22,7498.96,2026-08-07,16.0,6400.0,1117.65,0.4223,1.95,0.3365
2026-07-22,7498.96,2026-08-07,16.0,6425.0,1092.9,0.4155,2.02,0.331
2026-07-22,7498.96,2026-08-07,16.0,6450.0,1067.95,0.407,2.12,0.3258
2026-07-22,7498.96,2026-08-07,16.0,6475.0,1043.2,0.4001,2.23,0.3206
2026-07-22,7498.96,2026-08-07,16.0,6500.0,1018.3,0.392,2.38,0.3161
2026-07-22,7498.96,2026-08-07,16.0,6525.0,993.45,0.3842,2.48,0.3106
2026-07-22,7498.96,2026-08-07,16.0,6550.0,968.7,0.3772,2.62,0.3058
2026-07-22,7498.96,2026-08-07,16.0,6575.0,943.9,0.3698,2.75,0.3005
2026-07-22,7498.96,2026-08-07,16.0,6600.0,919.1,0.3623,2.92,0.2957
2026-07-22,7498.96,2026-08-07,16.0,6625.0,894.3,0.3547,3.05,0.2901
2026-07-22,7498.96,2026-08-07,16.0,6650.0,869.45,0.3468,3.25,0.2853
2026-07-22,7498.96,2026-08-07,16.0,6675.0,844.7,0.3395,3.45,0.2804
2026-07-22,7498.96,2026-08-07,16.0,6700.0,819.95,0.3321,3.65,0.2752
2026-07-22,7498.96,2026-08-07,16.0,6710.0,810.05,0.3292,3.7,0.2728
2026-07-22,7498.96,2026-08-07,16.0,6720.0,800.2,0.3265,3.8,0.2709
2026-07-22,7498.96,2026-08-07,16.0,6725.0,795.2,0.3247,3.85,0.2699
2026-07-22,7498.96,2026-08-07,16.0,6730.0,790.3,0.3235,3.9,0.2689
2026-07-22,7498.96,2026-08-07,16.0,6740.0,780.4,0.3205,4.0,0.267
2026-07-22,7498.96,2026-08-07,16.0,6750.0,770.5,0.3175,4.1,0.2649
2026-07-22,7498.96,2026-08-07,16.0,6760.0,760.65,0.3148,4.2,0.2629
2026-07-22,7498.96,2026-08-07,16.0,6770.0,750.8,0.312,4.3,0.2608
2026-07-22,7498.96,2026-08-07,16.0,6775.0,745.8,0.3102,4.35,0.2598
2026-07-22,7498.96,2026-08-07,16.0,6780.0,740.9,0.309,4.4,0.2587
2026-07-22,7498.96,2026-08-07,16.0,6790.0,731.0,0.3059,4.6,0.2575
2026-07-22,7498.96,2026-08-07,16.0,6800.0,721.2,0.3034,4.65,0.2549
2026-07-22,7498.96,2026-08-07,16.0,6810.0,711.3,0.3003,4.8,0.2531
2026-07-22,7498.96,2026-08-07,16.0,6820.0,701.5,0.2978,4.95,0.2513
2026-07-22,7498.96,2026-08-07,16.0,6825.0,696.6,0.2965,5.0,0.2501
2026-07-22,7498.96,2026-08-07,16.0,6830.0,691.6,0.2946,5.1,0.2494
2026-07-22,7498.96,2026-08-07,16.0,6840.0,681.8,0.292,5.25,0.2475
2026-07-22,7498.96,2026-08-07,16.0,6850.0,672.0,0.2894,5.4,0.2456
2026-07-22,7498.96,2026-08-07,16.0,6860.0,662.1,0.2862,5.55,0.2436
2026-07-22,7498.96,2026-08-07,16.0,6870.0,652.3,0.2836,5.75,0.2419
2026-07-22,7498.96,2026-08-07,16.0,6875.0,647.4,0.2822,5.8,0.2407
2026-07-22,7498.96,2026-08-07,16.0,6880.0,642.5,0.2809,5.9,0.2398
2026-07-22,7498.96,2026-08-07,16.0,6890.0,632.7,0.2782,6.05,0.2377
2026-07-22,7498.96,2026-08-07,16.0,6900.0,622.9,0.2754,6.3,0.2362
2026-07-22,7498.96,2026-08-07,16.0,6910.0,613.1,0.2727,6.45,0.234
2026-07-22,7498.96,2026-08-07,16.0,6920.0,603.2,0.2694,6.65,0.2321
2026-07-22,7498.96,2026-08-07,16.0,6925.0,598.5,0.2689,6.8,0.2314
2026-07-22,7498.96,2026-08-07,16.0,6930.0,593.6,0.2675,6.95,0.2308
2026-07-22,7498.96,2026-08-07,16.0,6940.0,583.7,0.2642,7.15,0.2287
2026-07-22,7498.96,2026-08-07,16.0,6950.0,574.1,0.2622,7.4,0.2269
2026-07-22,7498.96,2026-08-07,16.0,6960.0,564.2,0.2589,7.65,0.2251
2026-07-22,7498.96,2026-08-07,16.0,6970.0,554.5,0.2564,7.9,0.2232
2026-07-22,7498.96,2026-08-07,16.0,6975.0,549.65,0.2551,8.1,0.2226
2026-07-22,7498.96,2026-08-07,16.0,6980.0,544.8,0.2538,8.15,0.2212
2026-07-22,7498.96,2026-08-07,16.0,6990.0,535.1,0.2513,8.45,0.2195
2026-07-22,7498.96,2026-08-07,16.0,7000.0,525.45,0.2489,8.8,0.2179
2026-07-22,7498.96,2026-08-07,16.0,7010.0,515.8,0.2464,9.05,0.2158
2026-07-22,7498.96,2026-08-07,16.0,7020.0,506.15,0.2439,9.45,0.2143
2026-07-22,7498.96,2026-08-07,16.0,7025.0,501.35,0.2427,9.7,0.2138
2026-07-22,7498.96,2026-08-07,16.0,7030.0,496.5,0.2414,9.75,0.2123
2026-07-22,7498.96,2026-08-07,16.0,7040.0,486.9,0.239,10.15,0.2107
2026-07-22,7498.96,2026-08-07,16.0,7050.0,477.3,0.2365,10.65,0.2094
2026-07-22,7498.96,2026-08-07,16.0,7060.0,467.8,0.2344,11.0,0.2074
2026-07-22,7498.96,2026-08-07,16.0,7070.0,458.2,0.2318,11.45,0.2057
2026-07-22,7498.96,2026-08-07,16.0,7075.0,453.4,0.2305,11.75,0.2052
2026-07-22,7498.96,2026-08-07,16.0,7080.0,448.5,0.2289,11.9,0.204
2026-07-22,7498.96,2026-08-07,16.0,7090.0,439.0,0.2266,12.4,0.2024
2026-07-22,7498.96,2026-08-07,16.0,7100.0,429.6,0.2245,12.95,0.2008
2026-07-22,7498.96,2026-08-07,16.0,7110.0,420.2,0.2224,13.45,0.199
2026-07-22,7498.96,2026-08-07,16.0,7120.0,410.7,0.2199,14.0,0.1973
2026-07-22,7498.96,2026-08-07,16.0,7125.0,406.0,0.2188,14.35,0.1967
2026-07-22,7498.96,2026-08-07,16.0,7130.0,401.3,0.2176,14.6,0.1957
2026-07-22,7498.96,2026-08-07,16.0,7140.0,391.9,0.2153,15.25,0.1941
2026-07-22,7498.96,2026-08-07,16.0,7150.0,382.5,0.2129,15.95,0.1926
2026-07-22,7498.96,2026-08-07,16.0,7155.0,377.9,0.212,16.2,0.1915
2026-07-22,7498.96,2026-08-07,16.0,7160.0,373.2,0.2107,16.6,0.1908
2026-07-22,7498.96,2026-08-07,16.0,7165.0,368.6,0.2098,16.9,0.1898
2026-07-22,7498.96,2026-08-07,16.0,7170.0,363.9,0.2085,17.3,0.1891
2026-07-22,7498.96,2026-08-07,16.0,7175.0,359.3,0.2075,17.7,0.1884
2026-07-22,7498.96,2026-08-07,16.0,7180.0,354.7,0.2064,18.0,0.1873
2026-07-22,7498.96,2026-08-07,16.0,7185.0,349.95,0.2049,18.4,0.1865
2026-07-22,7498.96,2026-08-07,16.0,7190.0,345.35,0.2038,18.8,0.1856
2026-07-22,7498.96,2026-08-07,16.0,7195.0,340.8,0.2029,19.25,0.1849
2026-07-22,7498.96,2026-08-07,16.0,7200.0,336.2,0.2017,19.75,0.1843
2026-07-22,7498.96,2026-08-07,16.0,7205.0,331.65,0.2007,20.1,0.1833
2026-07-22,7498.96,2026-08-07,16.0,7210.0,327.1,0.1997,20.55,0.1824
2026-07-22,7498.96,2026-08-07,16.0,7215.0,322.5,0.1985,20.95,0.1815
2026-07-22,7498.96,2026-08-07,16.0,7220.0,318.0,0.1975,21.45,0.1807
2026-07-22,7498.96,2026-08-07,16.0,7225.0,313.4,0.1963,22.0,0.1801
2026-07-22,7498.96,2026-08-07,16.0,7230.0,308.9,0.1952,22.45,0.1792
2026-07-22,7498.96,2026-08-07,16.0,7235.0,304.4,0.1942,22.95,0.1783
2026-07-22,7498.96,2026-08-07,16.0,7240.0,299.8,0.1929,23.45,0.1775
2026-07-22,7498.96,2026-08-07,16.0,7245.0,295.3,0.1918,24.0,0.1767
2026-07-22,7498.96,2026-08-07,16.0,7250.0,290.9,0.1909,24.55,0.1759
2026-07-22,7498.96,2026-08-07,16.0,7255.0,286.4,0.1897,25.05,0.1749
2026-07-22,7498.96,2026-08-07,16.0,7260.0,282.0,0.1888,25.55,0.1739
2026-07-22,7498.96,2026-08-07,16.0,7265.0,277.6,0.1878,26.15,0.1731
2026-07-22,7498.96,2026-08-07,16.0,7270.0,273.05,0.1865,26.75,0.1723
2026-07-22,7498.96,2026-08-07,16.0,7275.0,268.65,0.1854,27.45,0.1717
2026-07-22,7498.96,2026-08-07,16.0,7280.0,264.2,0.1842,27.95,0.1706
2026-07-22,7498.96,2026-08-07,16.0,7285.0,259.9,0.1834,28.6,0.1698
2026-07-22,7498.96,2026-08-07,16.0,7290.0,255.5,0.1822,29.25,0.1689
2026-07-22,7498.96,2026-08-07,16.0,7295.0,251.2,0.1813,29.95,0.1681
2026-07-22,7498.96,2026-08-07,16.0,7300.0,246.9,0.1803,30.7,0.1674
2026-07-22,7498.96,2026-08-07,16.0,7305.0,242.6,0.1793,31.3,0.1664
2026-07-22,7498.96,2026-08-07,16.0,7310.0,244.2,0.1905,32.05,0.1656
2026-07-22,7498.96,2026-08-07,16.0,7315.0,240.0,0.1895,32.85,0.1649
2026-07-22,7498.96,2026-08-07,16.0,7320.0,235.7,0.1883,33.6,0.164
2026-07-22,7498.96,2026-08-07,16.0,7325.0,231.4,0.187,34.35,0.1631
2026-07-22,7498.96,2026-08-07,16.0,7330.0,227.2,0.1859,35.1,0.1621
2026-07-22,7498.96,2026-08-07,16.0,7335.0,223.0,0.1848,35.85,0.1611
2026-07-22,7498.96,2026-08-07,16.0,7340.0,218.8,0.1836,36.8,0.1605
2026-07-22,7498.96,2026-08-07,16.0,7345.0,214.6,0.1824,37.55,0.1594
2026-07-22,7498.96,2026-08-07,16.0,7350.0,208.15,0.1769,38.5,0.1587
2026-07-22,7498.96,2026-08-07,16.0,7355.0,202.4,0.1727,39.3,0.1577
2026-07-22,7498.96,2026-08-07,16.0,7360.0,198.3,0.1717,40.2,0.1568
2026-07-22,7498.96,2026-08-07,16.0,7365.0,194.2,0.1706,41.15,0.1559
2026-07-22,7498.96,2026-08-07,16.0,7370.0,189.9,0.1691,42.05,0.1549
2026-07-22,7498.96,2026-08-07,16.0,7375.0,185.8,0.1679,43.2,0.1543
2026-07-22,7498.96,2026-08-07,16.0,7380.0,181.8,0.1669,43.95,0.153
2026-07-22,7498.96,2026-08-07,16.0,7385.0,177.9,0.166,44.95,0.152
2026-07-22,7498.96,2026-08-07,16.0,7390.0,173.6,0.1643,46.05,0.1512
2026-07-22,7498.96,2026-08-07,16.0,7395.0,169.9,0.1637,47.2,0.1504
2026-07-22,7498.96,2026-08-07,16.0,7400.0,165.9,0.1625,48.4,0.1497
2026-07-22,7498.96,2026-08-07,16.0,7405.0,161.0,0.1597,49.45,0.1486
2026-07-22,7498.96,2026-08-07,16.0,7410.0,157.0,0.1584,50.6,0.1477
2026-07-22,7498.96,2026-08-07,16.0,7415.0,153.0,0.1571,51.75,0.1467
2026-07-22,7498.96,2026-08-07,16.0,7420.0,149.55,0.1567,52.9,0.1456
2026-07-22,7498.96,2026-08-07,16.0,7425.0,145.75,0.1556,54.3,0.145
2026-07-22,7498.96,2026-08-07,16.0,7430.0,142.15,0.1548,55.4,0.1437
2026-07-22,7498.96,2026-08-07,16.0,7435.0,138.0,0.153,56.75,0.1429
2026-07-22,7498.96,2026-08-07,16.0,7440.0,134.5,0.1523,57.9,0.1416
2026-07-22,7498.96,2026-08-07,16.0,7445.0,131.05,0.1516,59.25,0.1406
2026-07-22,7498.96,2026-08-07,16.0,7450.0,127.45,0.1506,60.95,0.1401
2026-07-22,7498.96,2026-08-07,16.0,7455.0,123.75,0.1494,62.25,0.1389
2026-07-22,7498.96,2026-08-07,16.0,7460.0,120.0,0.148,63.55,0.1377
2026-07-22,7498.96,2026-08-07,16.0,7465.0,116.8,0.1475,65.2,0.1369
2026-07-22,7498.96,2026-08-07,16.0,7470.0,113.25,0.1463,66.6,0.1357
2026-07-22,7498.96,2026-08-07,16.0,7475.0,110.0,0.1456,68.3,0.1349
2026-07-22,7498.96,2026-08-07,16.0,7480.0,106.55,0.1445,69.8,0.1337
2026-07-22,7498.96,2026-08-07,16.0,7485.0,103.25,0.1435,71.7,0.1331
2026-07-22,7498.96,2026-08-07,16.0,7490.0,99.9,0.1424,73.2,0.1318
2026-07-22,7498.96,2026-08-07,16.0,7495.0,96.6,0.1414,74.85,0.1306
2026-07-22,7498.96,2026-08-07,16.0,7500.0,93.55,0.1406,76.7,0.1297
2026-07-22,7498.96,2026-08-07,16.0,7505.0,90.3,0.1395,78.45,0.1285
2026-07-22,7498.96,2026-08-07,16.0,7510.0,87.2,0.1385,80.2,0.1273
2026-07-22,7498.96,2026-08-07,16.0,7515.0,84.15,0.1376,82.25,0.1264
2026-07-22,7498.96,2026-08-07,16.0,7520.0,81.1,0.1365,84.15,0.1253
2026-07-22,7498.96,2026-08-07,16.0,7525.0,78.15,0.1356,86.4,0.1246
2026-07-22,7498.96,2026-08-07,16.0,7530.0,75.2,0.1346,88.25,0.1231
2026-07-22,7498.96,2026-08-07,16.0,7535.0,72.25,0.1335,90.35,0.122
2026-07-22,7498.96,2026-08-07,16.0,7540.0,69.35,0.1324,92.45,0.1208
2026-07-22,7498.96,2026-08-07,16.0,7545.0,66.6,0.1314,95.0,0.1203
2026-07-22,7498.96,2026-08-07,16.0,7550.0,64.0,0.1307,97.2,0.119
2026-07-22,7498.96,2026-08-07,16.0,7555.0,61.25,0.1295,99.4,0.1177
2026-07-22,7498.96,2026-08-07,16.0,7560.0,58.65,0.1286,101.75,0.1165
2026-07-22,7498.96,2026-08-07,16.0,7565.0,56.05,0.1276,104.25,0.1154
2026-07-22,7498.96,2026-08-07,16.0,7570.0,53.65,0.1268,106.75,0.1142
2026-07-22,7498.96,2026-08-07,16.0,7575.0,51.25,0.1259,109.25,0.1129
2026-07-22,7498.96,2026-08-07,16.0,7580.0,48.8,0.1248,111.85,0.1117
2026-07-22,7498.96,2026-08-07,16.0,7585.0,46.4,0.1237,114.5,0.1104
2026-07-22,7498.96,2026-08-07,16.0,7590.0,44.2,0.1229,117.5,0.1096
2026-07-22,7498.96,2026-08-07,16.0,7595.0,41.95,0.1218,120.25,0.1082
2026-07-22,7498.96,2026-08-07,16.0,7600.0,40.0,0.1212,123.0,0.1066
2026-07-22,7498.96,2026-08-07,16.0,7605.0,37.75,0.12,126.0,0.1054
2026-07-22,7498.96,2026-08-07,16.0,7610.0,35.75,0.1191,129.0,0.104
2026-07-22,7498.96,2026-08-07,16.0,7615.0,33.95,0.1184,132.15,0.1027
2026-07-22,7498.96,2026-08-07,16.0,7620.0,32.05,0.1175,133.2,0.0966
2026-07-22,7498.96,2026-08-07,16.0,7625.0,30.45,0.117,137.1,0.0964
2026-07-22,7498.96,2026-08-07,16.0,7630.0,28.55,0.1159,140.3,0.0945
2026-07-22,7498.96,2026-08-07,16.0,7635.0,26.9,0.1151,143.6,0.0924
2026-07-22,7498.96,2026-08-07,16.0,7640.0,25.3,0.1142,147.0,0.0901
2026-07-22,7498.96,2026-08-07,16.0,7645.0,23.8,0.1135,150.35,0.0872
2026-07-22,7498.96,2026-08-07,16.0,7650.0,22.5,0.1131,153.85,0.084
2026-07-22,7498.96,2026-08-07,16.0,7655.0,20.95,0.112,157.2,0.0786
2026-07-22,7498.96,2026-08-07,16.0,7660.0,19.55,0.1111,160.8,0.092
2026-07-22,7498.96,2026-08-07,16.0,7665.0,18.35,0.1106,164.5,0.0729
2026-07-22,7498.96,2026-08-07,16.0,7670.0,17.1,0.1098,168.2,0.0746
2026-07-22,7498.96,2026-08-07,16.0,7675.0,16.1,0.1094,172.0,0.0762
2026-07-22,7498.96,2026-08-07,16.0,7680.0,14.85,0.1084,175.7,0.0778
2026-07-22,7498.96,2026-08-07,16.0,7685.0,13.85,0.1078,179.7,0.0794
2026-07-22,7498.96,2026-08-07,16.0,7690.0,12.85,0.1071,183.7,0.081
2026-07-22,7498.96,2026-08-07,16.0,7695.0,11.95,0.1065,,
2026-07-22,7498.96,2026-08-07,16.0,7700.0,11.1,0.106,,
2026-07-22,7498.96,2026-08-07,16.0,7705.0,10.2,0.1052,,
2026-07-22,7498.96,2026-08-07,16.0,7710.0,9.4,0.1045,,
2026-07-22,7498.96,2026-08-07,16.0,7715.0,8.7,0.104,,
2026-07-22,7498.96,2026-08-07,16.0,7720.0,8.05,0.1035,212.2,0.0905
2026-07-22,7498.96,2026-08-07,16.0,7725.0,7.5,0.1033,,
2026-07-22,7498.96,2026-08-07,16.0,7730.0,6.85,0.1026,,
2026-07-22,7498.96,2026-08-07,16.0,7740.0,5.75,0.1015,,
2026-07-22,7498.96,2026-08-07,16.0,7750.0,4.9,0.1009,,
2026-07-22,7498.96,2026-08-07,16.0,7760.0,4.15,0.1003,,
2026-07-22,7498.96,2026-08-07,16.0,7770.0,3.45,0.0995,,
2026-07-22,7498.96,2026-08-07,16.0,7775.0,3.2,0.0994,,
2026-07-22,7498.96,2026-08-07,16.0,7780.0,2.92,0.0991,,
2026-07-22,7498.96,2026-08-07,16.0,7790.0,2.47,0.0988,,
2026-07-22,7498.96,2026-08-07,16.0,7800.0,2.1,0.0987,,
2026-07-22,7498.96,2026-08-07,16.0,7810.0,1.8,0.0987,,
2026-07-22,7498.96,2026-08-07,16.0,7820.0,1.55,0.0989,,
2026-07-22,7498.96,2026-08-07,16.0,7825.0,1.45,0.0992,,
2026-07-22,7498.96,2026-08-07,16.0,7830.0,1.35,0.0993,,
2026-07-22,7498.96,2026-08-07,16.0,7840.0,1.2,0.1,,
2026-07-22,7498.96,2026-08-07,16.0,7850.0,1.02,0.1002,,
2026-07-22,7498.96,2026-08-07,16.0,7860.0,0.93,0.1011,,
2026-07-22,7498.96,2026-08-07,16.0,7870.0,0.82,0.1019,,
2026-07-22,7498.96,2026-08-07,16.0,7875.0,0.78,0.1022,,
2026-07-22,7498.96,2026-08-07,16.0,7880.0,0.78,0.1033,,
2026-07-22,7498.96,2026-08-07,16.0,7890.0,0.68,0.1038,,
2026-07-22,7498.96,2026-08-07,16.0,7900.0,0.62,0.105,,
2026-07-22,7498.96,2026-08-07,16.0,7910.0,0.57,0.1061,,
2026-07-22,7498.96,2026-08-07,16.0,7920.0,0.55,0.1078,,
2026-07-22,7498.96,2026-08-07,16.0,7925.0,0.53,0.1083,,
2026-07-22,7498.96,2026-08-07,16.0,7930.0,0.5,0.1087,,
2026-07-22,7498.96,2026-08-07,16.0,7940.0,0.47,0.1102,,
2026-07-22,7498.96,2026-08-07,16.0,7950.0,0.45,0.1117,,
2026-07-22,7498.96,2026-08-07,16.0,7975.0,0.4,0.1155,,
2026-07-22,7498.96,2026-08-07,16.0,8000.0,0.35,0.119,,
2026-07-22,7498.96,2026-08-07,16.0,8025.0,0.33,0.1231,,
2026-07-22,7498.96,2026-08-07,16.0,8050.0,0.3,0.1272,,
2026-07-22,7498.96,2026-08-07,16.0,8075.0,0.28,0.131,,
2026-07-22,7498.96,2026-08-07,16.0,8100.0,0.28,0.136,,
2026-07-22,7498.96,2026-08-07,16.0,8125.0,0.22,0.138,,
2026-07-22,7498.96,2026-08-07,16.0,8150.0,0.22,0.1428,,
2026-07-22,7498.96,2026-08-07,16.0,8175.0,0.22,0.1476,,
2026-07-22,7498.96,2026-08-07,16.0,8200.0,0.17,0.1487,,
2026-07-22,7498.96,2026-08-07,16.0,8225.0,0.17,0.1534,,
2026-07-22,7498.96,2026-08-07,16.0,8250.0,0.17,0.158,,
2026-07-22,7498.96,2026-08-07,16.0,8300.0,0.15,0.1648,,
2026-07-22,7498.96,2026-08-07,16.0,8350.0,0.12,0.1709,,
2026-07-22,7498.96,2026-08-07,16.0,8400.0,0.12,0.1796,,
2026-07-22,7498.96,2026-08-07,16.0,8500.0,0.07,0.1886,,
2026-07-22,7498.96,2026-08-07,16.0,8600.0,0.07,0.2048,,
2026-07-22,7498.96,2026-08-10,19.0,5800.0,1715.4,0.5437,0.95,0.4355
2026-07-22,7498.96,2026-08-10,19.0,6000.0,1516.2,0.4868,1.27,0.3965
2026-07-22,7498.96,2026-08-10,19.0,6100.0,1416.6,0.4584,1.5,0.3774
2026-07-22,7498.96,2026-08-10,19.0,6200.0,1317.1,0.431,1.75,0.3578
2026-07-22,7498.96,2026-08-10,19.0,6300.0,1217.6,0.4034,2.05,0.3381
2026-07-22,7498.96,2026-08-10,19.0,6400.0,1118.2,0.3765,2.45,0.319
2026-07-22,7498.96,2026-08-10,19.0,6425.0,1093.4,0.3701,2.58,0.3143
2026-07-22,7498.96,2026-08-10,19.0,6450.0,1068.45,0.3624,2.67,0.3092
2026-07-22,7498.96,2026-08-10,19.0,6475.0,1043.65,0.356,2.83,0.3047
2026-07-22,7498.96,2026-08-10,19.0,6500.0,1018.9,0.3499,3.0,0.3005
2026-07-22,7498.96,2026-08-10,19.0,6525.0,994.1,0.3434,3.12,0.2953
2026-07-22,7498.96,2026-08-10,19.0,6550.0,969.25,0.3364,3.3,0.2908
2026-07-22,7498.96,2026-08-10,19.0,6575.0,944.4,0.3295,3.4,0.2851
2026-07-22,7498.96,2026-08-10,19.0,6600.0,919.7,0.3235,3.6,0.2806
2026-07-22,7498.96,2026-08-10,19.0,6625.0,894.95,0.3172,3.8,0.2759
2026-07-22,7498.96,2026-08-10,19.0,6650.0,870.2,0.3108,4.0,0.271
2026-07-22,7498.96,2026-08-10,19.0,6675.0,845.5,0.3046,4.25,0.2666
2026-07-22,7498.96,2026-08-10,19.0,6700.0,820.8,0.2983,4.5,0.2619
2026-07-22,7498.96,2026-08-10,19.0,6725.0,796.1,0.292,4.75,0.257
2026-07-22,7498.96,2026-08-10,19.0,6750.0,771.4,0.2856,5.05,0.2524
2026-07-22,7498.96,2026-08-10,19.0,6775.0,746.8,0.2796,5.35,0.2476
2026-07-22,7498.96,2026-08-10,19.0,6800.0,722.2,0.2736,5.7,0.243
2026-07-22,7498.96,2026-08-10,19.0,6825.0,697.6,0.2674,6.1,0.2386
2026-07-22,7498.96,2026-08-10,19.0,6850.0,673.1,0.2616,6.5,0.2338
2026-07-22,7498.96,2026-08-10,19.0,6875.0,648.6,0.2556,7.0,0.2295
2026-07-22,7498.96,2026-08-10,19.0,6900.0,624.2,0.25,7.55,0.2252
2026-07-22,7498.96,2026-08-10,19.0,6925.0,599.7,0.2437,8.15,0.2209
2026-07-22,7498.96,2026-08-10,19.0,6950.0,575.4,0.2381,8.85,0.2168
2026-07-22,7498.96,2026-08-10,19.0,6975.0,551.25,0.2329,9.65,0.2128
2026-07-22,7498.96,2026-08-10,19.0,7000.0,527.15,0.2276,10.45,0.2085
2026-07-22,7498.96,2026-08-10,19.0,7025.0,503.1,0.2223,11.45,0.2046
2026-07-22,7498.96,2026-08-10,19.0,7050.0,479.2,0.2171,12.5,0.2004
2026-07-22,7498.96,2026-08-10,19.0,7075.0,455.3,0.2116,13.8,0.1968
2026-07-22,7498.96,2026-08-10,19.0,7080.0,450.7,0.2111,14.0,0.1958
2026-07-22,7498.96,2026-08-10,19.0,7090.0,441.2,0.209,14.5,0.1941
2026-07-22,7498.96,2026-08-10,19.0,7100.0,431.7,0.2068,15.1,0.1926
2026-07-22,7498.96,2026-08-10,19.0,7110.0,422.3,0.2048,15.7,0.1911
2026-07-22,7498.96,2026-08-10,19.0,7120.0,412.9,0.2028,16.3,0.1895
2026-07-22,7498.96,2026-08-10,19.0,7125.0,408.3,0.2021,16.6,0.1886
2026-07-22,7498.96,2026-08-10,19.0,7130.0,403.6,0.201,16.95,0.1879
2026-07-22,7498.96,2026-08-10,19.0,7140.0,394.2,0.1989,17.6,0.1863
2026-07-22,7498.96,2026-08-10,19.0,7150.0,384.9,0.1969,18.35,0.1848
2026-07-22,7498.96,2026-08-10,19.0,7160.0,375.7,0.1952,19.1,0.1833
2026-07-22,7498.96,2026-08-10,19.0,7170.0,366.35,0.193,19.85,0.1816
2026-07-22,7498.96,2026-08-10,19.0,7175.0,361.8,0.1922,20.25,0.1809
2026-07-22,7498.96,2026-08-10,19.0,7180.0,357.2,0.1912,20.65,0.18
2026-07-22,7498.96,2026-08-10,19.0,7190.0,348.05,0.1893,21.55,0.1786
2026-07-22,7498.96,2026-08-10,19.0,7200.0,338.9,0.1874,22.45,0.1771
2026-07-22,7498.96,2026-08-10,19.0,7210.0,329.8,0.1854,23.35,0.1754
2026-07-22,7498.96,2026-08-10,19.0,7220.0,320.8,0.1837,24.35,0.1739
2026-07-22,7498.96,2026-08-10,19.0,7225.0,316.2,0.1825,24.9,0.1732
2026-07-22,7498.96,2026-08-10,19.0,7230.0,311.7,0.1816,25.35,0.1723
2026-07-22,7498.96,2026-08-10,19.0,7240.0,302.8,0.1798,26.4,0.1707
2026-07-22,7498.96,2026-08-10,19.0,7250.0,293.85,0.1778,27.6,0.1693
2026-07-22,7498.96,2026-08-10,19.0,7260.0,285.05,0.1761,28.7,0.1675
2026-07-22,7498.96,2026-08-10,19.0,7270.0,276.2,0.1741,30.0,0.1661
2026-07-22,7498.96,2026-08-10,19.0,7275.0,271.9,0.1734,30.6,0.1652
2026-07-22,7498.96,2026-08-10,19.0,7280.0,267.5,0.1724,31.25,0.1644
2026-07-22,7498.96,2026-08-10,19.0,7290.0,264.8,0.1823,32.7,0.1631
2026-07-22,7498.96,2026-08-10,19.0,7295.0,260.5,0.1813,33.35,0.1622
2026-07-22,7498.96,2026-08-10,19.0,7300.0,256.2,0.1803,34.0,0.1612
2026-07-22,7498.96,2026-08-10,19.0,7305.0,251.9,0.1792,34.75,0.1605
2026-07-22,7498.96,2026-08-10,19.0,7310.0,247.7,0.1783,35.55,0.1598
2026-07-22,7498.96,2026-08-10,19.0,7315.0,243.4,0.1772,36.25,0.1588
2026-07-22,7498.96,2026-08-10,19.0,7320.0,239.2,0.1763,37.1,0.1582
2026-07-22,7498.96,2026-08-10,19.0,7325.0,234.9,0.1751,37.9,0.1574
2026-07-22,7498.96,2026-08-10,19.0,7330.0,230.7,0.1741,38.75,0.1566
2026-07-22,7498.96,2026-08-10,19.0,7335.0,226.5,0.173,39.55,0.1557
2026-07-22,7498.96,2026-08-10,19.0,7340.0,222.4,0.1721,40.4,0.1549
2026-07-22,7498.96,2026-08-10,19.0,7345.0,218.2,0.171,41.25,0.154
2026-07-22,7498.96,2026-08-10,19.0,7350.0,214.1,0.17,42.05,0.153
2026-07-22,7498.96,2026-08-10,19.0,7355.0,208.15,0.1658,43.0,0.1523
2026-07-22,7498.96,2026-08-10,19.0,7360.0,201.9,0.1611,43.95,0.1515
2026-07-22,7498.96,2026-08-10,19.0,7365.0,197.7,0.1599,44.9,0.1506
2026-07-22,7498.96,2026-08-10,19.0,7370.0,193.7,0.159,45.95,0.1499
2026-07-22,7498.96,2026-08-10,19.0,7375.0,189.7,0.1581,46.9,0.149
2026-07-22,7498.96,2026-08-10,19.0,7380.0,185.7,0.1571,47.9,0.1481
2026-07-22,7498.96,2026-08-10,19.0,7385.0,181.65,0.1561,49.0,0.1473
2026-07-22,7498.96,2026-08-10,19.0,7390.0,177.7,0.1551,50.05,0.1464
2026-07-22,7498.96,2026-08-10,19.0,7395.0,172.6,0.1522,51.15,0.1456
2026-07-22,7498.96,2026-08-10,19.0,7400.0,168.75,0.1514,52.25,0.1447
2026-07-22,7498.96,2026-08-10,19.0,7405.0,164.75,0.1503,53.35,0.1438
2026-07-22,7498.96,2026-08-10,19.0,7410.0,161.05,0.1496,54.55,0.1429
2026-07-22,7498.96,2026-08-10,19.0,7415.0,157.25,0.1486,55.75,0.1421
2026-07-22,7498.96,2026-08-10,19.0,7420.0,153.5,0.1478,56.9,0.1411
2026-07-22,7498.96,2026-08-10,19.0,7425.0,149.75,0.1469,58.2,0.1403
2026-07-22,7498.96,2026-08-10,19.0,7430.0,146.0,0.1459,59.45,0.1393
2026-07-22,7498.96,2026-08-10,19.0,7435.0,142.25,0.1449,60.75,0.1384
2026-07-22,7498.96,2026-08-10,19.0,7440.0,138.5,0.1438,62.1,0.1375
2026-07-22,7498.96,2026-08-10,19.0,7445.0,135.0,0.1431,63.5,0.1367
2026-07-22,7498.96,2026-08-10,19.0,7450.0,131.5,0.1423,64.85,0.1357
2026-07-22,7498.96,2026-08-10,19.0,7455.0,128.0,0.1415,66.3,0.1348
2026-07-22,7498.96,2026-08-10,19.0,7460.0,124.5,0.1406,67.7,0.1338
2026-07-22,7498.96,2026-08-10,19.0,7465.0,121.1,0.1399,69.25,0.1329
2026-07-22,7498.96,2026-08-10,19.0,7470.0,117.5,0.1387,70.75,0.132
2026-07-22,7498.96,2026-08-10,19.0,7475.0,114.2,0.138,72.2,0.1308
2026-07-22,7498.96,2026-08-10,19.0,7480.0,110.7,0.1369,74.0,0.1302
2026-07-22,7498.96,2026-08-10,19.0,7485.0,107.25,0.1358,75.4,0.1289
2026-07-22,7498.96,2026-08-10,19.0,7490.0,104.15,0.1352,77.3,0.1282
2026-07-22,7498.96,2026-08-10,19.0,7495.0,100.8,0.1342,79.0,0.1272
2026-07-22,7498.96,2026-08-10,19.0,7500.0,97.6,0.1333,80.65,0.1261
2026-07-22,7498.96,2026-08-10,19.0,7505.0,94.45,0.1324,82.6,0.1254
2026-07-22,7498.96,2026-08-10,19.0,7510.0,91.25,0.1314,84.25,0.1241
2026-07-22,7498.96,2026-08-10,19.0,7515.0,88.15,0.1305,86.3,0.1233
2026-07-22,7498.96,2026-08-10,19.0,7520.0,85.2,0.1297,88.3,0.1224
2026-07-22,7498.96,2026-08-10,19.0,7525.0,82.15,0.1287,90.2,0.1213
2026-07-22,7498.96,2026-08-10,19.0,7530.0,79.25,0.1279,92.55,0.1208
2026-07-22,7498.96,2026-08-10,19.0,7535.0,76.2,0.1268,94.5,0.1196
2026-07-22,7498.96,2026-08-10,19.0,7540.0,73.45,0.1261,96.5,0.1184
2026-07-22,7498.96,2026-08-10,19.0,7545.0,70.7,0.1252,99.0,0.1179
2026-07-22,7498.96,2026-08-10,19.0,7550.0,67.85,0.1242,100.85,0.1162
2026-07-22,7498.96,2026-08-10,19.0,7555.0,65.2,0.1234,103.5,0.1158
2026-07-22,7498.96,2026-08-10,19.0,7560.0,62.6,0.1226,105.75,0.1146
2026-07-22,7498.96,2026-08-10,19.0,7565.0,59.95,0.1216,108.0,0.1133
2026-07-22,7498.96,2026-08-10,19.0,7570.0,57.45,0.1208,110.6,0.1125
2026-07-22,7498.96,2026-08-10,19.0,7575.0,54.9,0.1198,113.0,0.1112
2026-07-22,7498.96,2026-08-10,19.0,7580.0,52.65,0.1192,115.45,0.1099
2026-07-22,7498.96,2026-08-10,19.0,7590.0,48.0,0.1175,121.0,0.1081
2026-07-22,7498.96,2026-08-10,19.0,7600.0,43.5,0.1157,126.55,0.1058
2026-07-22,7498.96,2026-08-10,19.0,7610.0,39.3,0.114,132.6,0.1039
2026-07-22,7498.96,2026-08-10,19.0,7620.0,35.55,0.1127,138.45,0.101
2026-07-22,7498.96,2026-08-10,19.0,7625.0,33.7,0.112,140.2,0.0969
2026-07-22,7498.96,2026-08-10,19.0,7630.0,31.85,0.1111,143.6,0.0959
2026-07-22,7498.96,2026-08-10,19.0,7640.0,28.5,0.1097,150.1,0.0925
2026-07-22,7498.96,2026-08-10,19.0,7650.0,25.4,0.1084,156.9,0.0886
2026-07-22,7498.96,2026-08-10,19.0,7660.0,22.45,0.1069,163.6,0.0823
2026-07-22,7498.96,2026-08-10,19.0,7670.0,19.8,0.1056,170.8,0.0714
2026-07-22,7498.96,2026-08-10,19.0,7675.0,18.6,0.105,174.5,0.073
2026-07-22,7498.96,2026-08-10,19.0,7680.0,17.4,0.1044,178.45,0.0745
2026-07-22,7498.96,2026-08-10,19.0,7690.0,15.25,0.1033,186.0,0.0775
2026-07-22,7498.96,2026-08-10,19.0,7700.0,13.25,0.1021,194.0,0.0805
2026-07-22,7498.96,2026-08-10,19.0,7710.0,11.45,0.1009,,
2026-07-22,7498.96,2026-08-10,19.0,7720.0,9.9,0.0999,212.2,0.0864
2026-07-22,7498.96,2026-08-10,19.0,7725.0,9.15,0.0993,,
2026-07-22,7498.96,2026-08-10,19.0,7750.0,6.2,0.0972,,
2026-07-22,7498.96,2026-08-10,19.0,7775.0,4.15,0.0956,,
2026-07-22,7498.96,2026-08-10,19.0,7800.0,2.8,0.0948,,
2026-07-22,7498.96,2026-08-10,19.0,7825.0,1.92,0.0948,,
2026-07-22,7498.96,2026-08-10,19.0,7850.0,1.35,0.0953,,
2026-07-22,7498.96,2026-08-10,19.0,7875.0,1.02,0.097,,
2026-07-22,7498.96,2026-08-10,19.0,7900.0,0.8,0.0991,,
2026-07-22,7498.96,2026-08-10,19.0,7925.0,0.68,0.1021,,
2026-07-22,7498.96,2026-08-10,19.0,7950.0,0.57,0.1051,,
2026-07-22,7498.96,2026-08-10,19.0,7975.0,0.47,0.1077,,
2026-07-22,7498.96,2026-08-10,19.0,8000.0,0.42,0.1112,,
2026-07-22,7498.96,2026-08-10,19.0,8025.0,0.38,0.1144,,
2026-07-22,7498.96,2026-08-10,19.0,8050.0,0.35,0.1182,,
2026-07-22,7498.96,2026-08-10,19.0,8075.0,0.33,0.1219,,
2026-07-22,7498.96,2026-08-10,19.0,8100.0,0.3,0.1255,,
2026-07-22,7498.96,2026-08-10,19.0,8200.0,0.23,0.1394,,
2026-07-22,7498.96,2026-08-10,19.0,8300.0,0.17,0.1529,,
2026-07-22,7498.96,2026-08-10,19.0,8400.0,0.15,0.1671,,
2026-07-22,7498.96,2026-08-10,19.0,8600.0,0.12,0.1956,,
2026-07-22,7498.96,2026-08-11,20.0,5800.0,1716.05,0.5312,1.1,0.4315
2026-07-22,7498.96,2026-08-11,20.0,6000.0,1516.9,0.476,1.5,0.394
2026-07-22,7498.96,2026-08-11,20.0,6100.0,1417.35,0.4486,1.73,0.3743
2026-07-22,7498.96,2026-08-11,20.0,6200.0,1317.9,0.4222,2.05,0.356
2026-07-22,7498.96,2026-08-11,20.0,6300.0,1218.35,0.3946,2.38,0.3362
2026-07-22,7498.96,2026-08-11,20.0,6400.0,1119.05,0.369,2.83,0.3173
2026-07-22,7498.96,2026-08-11,20.0,6425.0,1094.3,0.3632,3.0,0.3132
2026-07-22,7498.96,2026-08-11,20.0,6450.0,1069.5,0.3568,3.12,0.3083
2026-07-22,7498.96,2026-08-11,20.0,6475.0,1044.7,0.3505,3.3,0.304
2026-07-22,7498.96,2026-08-11,20.0,6500.0,1019.9,0.3441,3.4,0.2985
2026-07-22,7498.96,2026-08-11,20.0,6525.0,995.05,0.3372,3.6,0.2942
2026-07-22,7498.96,2026-08-11,20.0,6550.0,970.3,0.3311,3.75,0.2892
2026-07-22,7498.96,2026-08-11,20.0,6575.0,945.6,0.3253,3.95,0.2846
2026-07-22,7498.96,2026-08-11,20.0,6600.0,920.8,0.3187,4.15,0.2798
2026-07-22,7498.96,2026-08-11,20.0,6625.0,896.1,0.3127,4.35,0.275
2026-07-22,7498.96,2026-08-11,20.0,6650.0,871.35,0.3063,4.6,0.2704
2026-07-22,7498.96,2026-08-11,20.0,6675.0,846.7,0.3005,4.85,0.2657
2026-07-22,7498.96,2026-08-11,20.0,6700.0,822.0,0.2943,5.15,0.2613
2026-07-22,7498.96,2026-08-11,20.0,6725.0,797.3,0.288,5.45,0.2567
2026-07-22,7498.96,2026-08-11,20.0,6750.0,772.7,0.2822,5.75,0.2519
2026-07-22,7498.96,2026-08-11,20.0,6775.0,748.1,0.2762,6.1,0.2473
2026-07-22,7498.96,2026-08-11,20.0,6800.0,723.6,0.2707,6.5,0.2429
2026-07-22,7498.96,2026-08-11,20.0,6825.0,698.9,0.264,7.0,0.2388
2026-07-22,7498.96,2026-08-11,20.0,6850.0,674.6,0.2592,7.45,0.2342
2026-07-22,7498.96,2026-08-11,20.0,6875.0,650.0,0.2527,8.0,0.2299
2026-07-22,7498.96,2026-08-11,20.0,6900.0,625.8,0.2479,8.55,0.2254
2026-07-22,7498.96,2026-08-11,20.0,6925.0,601.4,0.2421,9.25,0.2214
2026-07-22,7498.96,2026-08-11,20.0,6950.0,577.2,0.2368,10.0,0.2172
2026-07-22,7498.96,2026-08-11,20.0,6975.0,553.1,0.2317,10.85,0.2132
2026-07-22,7498.96,2026-08-11,20.0,7000.0,529.0,0.2264,11.8,0.2092
2026-07-22,7498.96,2026-08-11,20.0,7025.0,505.1,0.2214,12.8,0.205
2026-07-22,7498.96,2026-08-11,20.0,7050.0,481.3,0.2165,14.0,0.2012
2026-07-22,7498.96,2026-08-11,20.0,7075.0,457.5,0.2112,15.3,0.1973
2026-07-22,7498.96,2026-08-11,20.0,7100.0,434.0,0.2065,16.75,0.1934
2026-07-22,7498.96,2026-08-11,20.0,7125.0,410.6,0.2017,18.35,0.1894
2026-07-22,7498.96,2026-08-11,20.0,7140.0,396.6,0.1987,19.45,0.1872
2026-07-22,7498.96,2026-08-11,20.0,7150.0,387.4,0.197,20.15,0.1855
2026-07-22,7498.96,2026-08-11,20.0,7160.0,378.1,0.1949,20.95,0.184
2026-07-22,7498.96,2026-08-11,20.0,7170.0,368.9,0.193,21.8,0.1826
2026-07-22,7498.96,2026-08-11,20.0,7175.0,364.35,0.1922,22.2,0.1817
2026-07-22,7498.96,2026-08-11,20.0,7180.0,359.8,0.1913,22.65,0.181
2026-07-22,7498.96,2026-08-11,20.0,7190.0,350.7,0.1895,23.55,0.1795
2026-07-22,7498.96,2026-08-11,20.0,7200.0,341.6,0.1876,24.5,0.178
2026-07-22,7498.96,2026-08-11,20.0,7210.0,332.4,0.1854,25.45,0.1763
2026-07-22,7498.96,2026-08-11,20.0,7220.0,323.5,0.1838,26.5,0.1749
2026-07-22,7498.96,2026-08-11,20.0,7225.0,319.0,0.1828,27.05,0.1741
2026-07-22,7498.96,2026-08-11,20.0,7230.0,314.5,0.1819,27.55,0.1733
2026-07-22,7498.96,2026-08-11,20.0,7240.0,305.7,0.1803,28.7,0.1718
2026-07-22,7498.96,2026-08-11,20.0,7250.0,296.75,0.1783,29.85,0.1702
2026-07-22,7498.96,2026-08-11,20.0,7260.0,287.9,0.1764,31.05,0.1686
2026-07-22,7498.96,2026-08-11,20.0,7270.0,279.2,0.1747,32.35,0.1671
2026-07-22,7498.96,2026-08-11,20.0,7275.0,274.9,0.1739,33.0,0.1663
2026-07-22,7498.96,2026-08-11,20.0,7280.0,276.5,0.1844,33.65,0.1654
2026-07-22,7498.96,2026-08-11,20.0,7290.0,267.45,0.1816,35.05,0.1639
2026-07-22,7498.96,2026-08-11,20.0,7300.0,259.3,0.1804,36.5,0.1623
2026-07-22,7498.96,2026-08-11,20.0,7310.0,250.8,0.1784,37.95,0.1606
2026-07-22,7498.96,2026-08-11,20.0,7320.0,242.3,0.1764,39.6,0.1591
2026-07-22,7498.96,2026-08-11,20.0,7325.0,238.1,0.1754,40.4,0.1583
2026-07-22,7498.96,2026-08-11,20.0,7330.0,233.2,0.1731,41.35,0.1577
2026-07-22,7498.96,2026-08-11,20.0,7340.0,225.6,0.1723,42.95,0.1558
2026-07-22,7498.96,2026-08-11,20.0,7350.0,217.3,0.1703,44.75,0.1542
2026-07-22,7498.96,2026-08-11,20.0,7360.0,204.2,0.16,46.75,0.1527
2026-07-22,7498.96,2026-08-11,20.0,7365.0,201.1,0.1607,47.75,0.1519
2026-07-22,7498.96,2026-08-11,20.0,7370.0,197.0,0.1596,48.6,0.1509
2026-07-22,7498.96,2026-08-11,20.0,7375.0,192.95,0.1586,49.6,0.15
2026-07-22,7498.96,2026-08-11,20.0,7380.0,189.0,0.1577,50.65,0.1492
2026-07-22,7498.96,2026-08-11,20.0,7385.0,185.05,0.1568,51.8,0.1485
2026-07-22,7498.96,2026-08-11,20.0,7390.0,181.1,0.1558,52.8,0.1475
2026-07-22,7498.96,2026-08-11,20.0,7395.0,176.05,0.1531,53.85,0.1466
2026-07-22,7498.96,2026-08-11,20.0,7400.0,172.0,0.1519,55.2,0.1461
2026-07-22,7498.96,2026-08-11,20.0,7405.0,168.25,0.1512,56.1,0.1448
2026-07-22,7498.96,2026-08-11,20.0,7410.0,164.5,0.1504,57.35,0.144
2026-07-22,7498.96,2026-08-11,20.0,7415.0,160.75,0.1496,58.55,0.1432
2026-07-22,7498.96,2026-08-11,20.0,7420.0,157.05,0.1488,59.8,0.1423
2026-07-22,7498.96,2026-08-11,20.0,7425.0,153.25,0.1478,61.0,0.1414
2026-07-22,7498.96,2026-08-11,20.0,7430.0,149.5,0.1468,62.3,0.1405
2026-07-22,7498.96,2026-08-11,20.0,7435.0,146.0,0.1462,63.65,0.1397
2026-07-22,7498.96,2026-08-11,20.0,7440.0,142.0,0.1448,65.15,0.139
2026-07-22,7498.96,2026-08-11,20.0,7445.0,138.4,0.1439,66.35,0.1378
2026-07-22,7498.96,2026-08-11,20.0,7450.0,135.0,0.1433,67.7,0.1369
2026-07-22,7498.96,2026-08-11,20.0,7455.0,131.5,0.1425,69.25,0.1361
2026-07-22,7498.96,2026-08-11,20.0,7460.0,128.05,0.1417,70.7,0.1352
2026-07-22,7498.96,2026-08-11,20.0,7465.0,124.55,0.1407,72.2,0.1343
2026-07-22,7498.96,2026-08-11,20.0,7470.0,121.15,0.1399,73.7,0.1333
2026-07-22,7498.96,2026-08-11,20.0,7475.0,117.6,0.1388,75.2,0.1323
2026-07-22,7498.96,2026-08-11,20.0,7480.0,114.25,0.138,77.1,0.1318
2026-07-22,7498.96,2026-08-11,20.0,7485.0,111.0,0.1372,78.5,0.1305
2026-07-22,7498.96,2026-08-11,20.0,7490.0,107.65,0.1363,80.3,0.1297
2026-07-22,7498.96,2026-08-11,20.0,7495.0,104.15,0.135,81.95,0.1287
2026-07-22,7498.96,2026-08-11,20.0,7500.0,101.2,0.1345,83.6,0.1276
2026-07-22,7498.96,2026-08-11,20.0,7505.0,98.1,0.1337,85.4,0.1266
2026-07-22,7498.96,2026-08-11,20.0,7510.0,94.9,0.1328,87.4,0.1259
2026-07-22,7498.96,2026-08-11,20.0,7515.0,91.7,0.1317,89.1,0.1247
2026-07-22,7498.96,2026-08-11,20.0,7520.0,88.6,0.1308,91.15,0.1239
2026-07-22,7498.96,2026-08-11,20.0,7525.0,85.6,0.1299,93.3,0.1232
2026-07-22,7498.96,2026-08-11,20.0,7530.0,82.7,0.1291,95.1,0.1219
2026-07-22,7498.96,2026-08-11,20.0,7535.0,79.75,0.1282,97.5,0.1214
2026-07-22,7498.96,2026-08-11,20.0,7540.0,77.0,0.1275,99.3,0.1199
2026-07-22,7498.96,2026-08-11,20.0,7545.0,74.1,0.1265,101.7,0.1193
2026-07-22,7498.96,2026-08-11,20.0,7550.0,71.35,0.1257,103.7,0.118
2026-07-22,7498.96,2026-08-11,20.0,7555.0,68.7,0.1249,106.15,0.1172
2026-07-22,7498.96,2026-08-11,20.0,7560.0,65.95,0.1239,108.45,0.1162
2026-07-22,7498.96,2026-08-11,20.0,7565.0,63.3,0.123,110.95,0.1154
2026-07-22,7498.96,2026-08-11,20.0,7570.0,60.75,0.1222,113.5,0.1145
2026-07-22,7498.96,2026-08-11,20.0,7575.0,58.25,0.1213,115.75,0.1131
2026-07-22,7498.96,2026-08-11,20.0,7580.0,55.8,0.1205,118.5,0.1124
2026-07-22,7498.96,2026-08-11,20.0,7590.0,51.1,0.1189,123.5,0.1099
2026-07-22,7498.96,2026-08-11,20.0,7600.0,46.7,0.1174,128.95,0.1076
2026-07-22,7498.96,2026-08-11,20.0,7610.0,42.4,0.1157,134.75,0.1055
2026-07-22,7498.96,2026-08-11,20.0,7620.0,38.5,0.1143,141.0,0.1037
2026-07-22,7498.96,2026-08-11,20.0,7625.0,36.5,0.1134,143.15,0.1007
2026-07-22,7498.96,2026-08-11,20.0,7630.0,34.7,0.1128,144.9,0.0967
2026-07-22,7498.96,2026-08-11,20.0,7640.0,31.2,0.1113,152.2,0.0954
2026-07-22,7498.96,2026-08-11,20.0,7650.0,27.95,0.11,158.9,0.092
2026-07-22,7498.96,2026-08-11,20.0,7660.0,24.9,0.1086,165.5,0.0869
2026-07-22,7498.96,2026-08-11,20.0,7670.0,22.15,0.1073,172.6,0.0804
2026-07-22,7498.96,2026-08-11,20.0,7675.0,20.85,0.1067,176.3,0.0744
2026-07-22,7498.96,2026-08-11,20.0,7680.0,19.6,0.1061,180.0,0.0736
2026-07-22,7498.96,2026-08-11,20.0,7690.0,17.3,0.105,187.5,0.0765
2026-07-22,7498.96,2026-08-11,20.0,7700.0,15.1,0.1036,195.1,0.0795
2026-07-22,7498.96,2026-08-11,20.0,7710.0,13.25,0.1027,203.2,0.0824
2026-07-22,7498.96,2026-08-11,20.0,7720.0,11.5,0.1016,212.2,0.0853
2026-07-22,7498.96,2026-08-11,20.0,7725.0,10.75,0.1012,,
2026-07-22,7498.96,2026-08-11,20.0,7750.0,7.4,0.0988,,
2026-07-22,7498.96,2026-08-11,20.0,7775.0,5.05,0.0971,,
2026-07-22,7498.96,2026-08-11,20.0,7800.0,3.45,0.0961,,
2026-07-22,7498.96,2026-08-11,20.0,7825.0,2.38,0.0956,,
2026-07-22,7498.96,2026-08-11,20.0,7850.0,1.67,0.0959,,
2026-07-22,7498.96,2026-08-11,20.0,7875.0,1.23,0.0969,,
2026-07-22,7498.96,2026-08-11,20.0,7900.0,0.93,0.0983,,
2026-07-22,7498.96,2026-08-11,20.0,7925.0,0.77,0.1012,,
2026-07-22,7498.96,2026-08-11,20.0,7950.0,0.62,0.1034,,
2026-07-22,7498.96,2026-08-11,20.0,7975.0,0.55,0.1067,,
2026-07-22,7498.96,2026-08-11,20.0,8000.0,0.47,0.1096,,
2026-07-22,7498.96,2026-08-11,20.0,8025.0,0.42,0.1129,,
2026-07-22,7498.96,2026-08-11,20.0,8050.0,0.38,0.116,,
2026-07-22,7498.96,2026-08-11,20.0,8075.0,0.35,0.1196,,
2026-07-22,7498.96,2026-08-11,20.0,8100.0,0.33,0.1232,,
2026-07-22,7498.96,2026-08-11,20.0,8200.0,0.25,0.1372,,
2026-07-22,7498.96,2026-08-11,20.0,8300.0,0.17,0.1489,,
2026-07-22,7498.96,2026-08-11,20.0,8400.0,0.15,0.1627,,
2026-07-22,7498.96,2026-08-11,20.0,8600.0,0.12,0.1905,,
2026-07-22,7498.96,2026-08-12,21.0,5800.0,1716.8,0.5209,1.35,0.431
2026-07-22,7498.96,2026-08-12,21.0,6000.0,1517.7,0.4671,1.8,0.3932
2026-07-22,7498.96,2026-08-12,21.0,6100.0,1418.2,0.4407,2.1,0.3746
2026-07-22,7498.96,2026-08-12,21.0,6200.0,1318.8,0.4151,2.42,0.3553
2026-07-22,7498.96,2026-08-12,21.0,6300.0,1219.4,0.3892,2.9,0.3374
2026-07-22,7498.96,2026-08-12,21.0,6400.0,1120.2,0.3646,3.4,0.3182
2026-07-22,7498.96,2026-08-12,21.0,6425.0,1095.35,0.3579,3.55,0.3135
2026-07-22,7498.96,2026-08-12,21.0,6450.0,1070.5,0.3513,3.7,0.3087
2026-07-22,7498.96,2026-08-12,21.0,6475.0,1045.8,0.3457,3.85,0.3038
2026-07-22,7498.96,2026-08-12,21.0,6500.0,1021.1,0.3401,4.0,0.2988
2026-07-22,7498.96,2026-08-12,21.0,6525.0,996.3,0.3336,4.25,0.2948
2026-07-22,7498.96,2026-08-12,21.0,6550.0,971.55,0.3275,4.45,0.2901
2026-07-22,7498.96,2026-08-12,21.0,6575.0,946.8,0.3214,4.65,0.2852
2026-07-22,7498.96,2026-08-12,21.0,6600.0,922.1,0.3154,4.85,0.2803
2026-07-22,7498.96,2026-08-12,21.0,6625.0,897.4,0.3095,5.15,0.2761
2026-07-22,7498.96,2026-08-12,21.0,6650.0,872.7,0.3034,5.4,0.2713
2026-07-22,7498.96,2026-08-12,21.0,6675.0,848.1,0.2979,5.7,0.2668
2026-07-22,7498.96,2026-08-12,21.0,6700.0,823.4,0.2916,6.0,0.2621
2026-07-22,7498.96,2026-08-12,21.0,6725.0,798.8,0.2859,6.4,0.258
2026-07-22,7498.96,2026-08-12,21.0,6750.0,774.3,0.2805,6.7,0.253
2026-07-22,7498.96,2026-08-12,21.0,6775.0,749.7,0.2746,7.15,0.2488
2026-07-22,7498.96,2026-08-12,21.0,6800.0,725.2,0.269,7.6,0.2444
2026-07-22,7498.96,2026-08-12,21.0,6825.0,700.8,0.2637,8.1,0.24
2026-07-22,7498.96,2026-08-12,21.0,6850.0,676.2,0.2574,8.65,0.2357
2026-07-22,7498.96,2026-08-12,21.0,6875.0,651.9,0.2522,9.25,0.2314
2026-07-22,7498.96,2026-08-12,21.0,6900.0,627.6,0.2469,9.95,0.2273
2026-07-22,7498.96,2026-08-12,21.0,6925.0,603.4,0.2417,10.7,0.2232
2026-07-22,7498.96,2026-08-12,21.0,6950.0,579.3,0.2367,11.55,0.2192
2026-07-22,7498.96,2026-08-12,21.0,6975.0,555.3,0.2318,12.5,0.2152
2026-07-22,7498.96,2026-08-12,21.0,7000.0,531.3,0.2267,13.5,0.2111
2026-07-22,7498.96,2026-08-12,21.0,7025.0,507.5,0.2219,14.7,0.2074
2026-07-22,7498.96,2026-08-12,21.0,7050.0,483.7,0.2168,15.9,0.2032
2026-07-22,7498.96,2026-08-12,21.0,7075.0,460.2,0.2123,17.35,0.1994
2026-07-22,7498.96,2026-08-12,21.0,7100.0,436.7,0.2074,18.95,0.1956
2026-07-22,7498.96,2026-08-12,21.0,7125.0,413.5,0.2029,20.65,0.1916
2026-07-22,7498.96,2026-08-12,21.0,7150.0,390.35,0.1981,22.65,0.188
2026-07-22,7498.96,2026-08-12,21.0,7160.0,381.2,0.1964,23.45,0.1863
2026-07-22,7498.96,2026-08-12,21.0,7170.0,372.1,0.1946,24.3,0.1847
2026-07-22,7498.96,2026-08-12,21.0,7175.0,367.5,0.1936,24.8,0.1841
2026-07-22,7498.96,2026-08-12,21.0,7180.0,363.0,0.1928,25.25,0.1833
2026-07-22,7498.96,2026-08-12,21.0,7190.0,353.9,0.1909,26.2,0.1818
2026-07-22,7498.96,2026-08-12,21.0,7200.0,344.9,0.1892,27.2,0.1803
2026-07-22,7498.96,2026-08-12,21.0,7210.0,335.8,0.1871,28.25,0.1788
2026-07-22,7498.96,2026-08-12,21.0,7220.0,326.9,0.1854,29.3,0.1772
2026-07-22,7498.96,2026-08-12,21.0,7225.0,322.5,0.1847,29.85,0.1764
2026-07-22,7498.96,2026-08-12,21.0,7230.0,317.95,0.1835,30.4,0.1756
2026-07-22,7498.96,2026-08-12,21.0,7240.0,309.15,0.1819,31.55,0.174
2026-07-22,7498.96,2026-08-12,21.0,7250.0,300.35,0.1801,32.8,0.1725
2026-07-22,7498.96,2026-08-12,21.0,7260.0,291.6,0.1783,34.05,0.1709
2026-07-22,7498.96,2026-08-12,21.0,7270.0,288.9,0.1879,35.35,0.1693
2026-07-22,7498.96,2026-08-12,21.0,7275.0,284.6,0.1869,36.05,0.1685
2026-07-22,7498.96,2026-08-12,21.0,7280.0,279.7,0.1849,36.75,0.1678
2026-07-22,7498.96,2026-08-12,21.0,7290.0,271.7,0.184,38.25,0.1663
2026-07-22,7498.96,2026-08-12,21.0,7300.0,263.1,0.1819,39.7,0.1646
2026-07-22,7498.96,2026-08-12,21.0,7310.0,254.6,0.1798,41.3,0.1631
2026-07-22,7498.96,2026-08-12,21.0,7320.0,246.2,0.1779,42.9,0.1614
2026-07-22,7498.96,2026-08-12,21.0,7325.0,242.1,0.177,43.8,0.1607
2026-07-22,7498.96,2026-08-12,21.0,7330.0,237.9,0.176,44.6,0.1598
2026-07-22,7498.96,2026-08-12,21.0,7340.0,229.6,0.174,46.5,0.1584
2026-07-22,7498.96,2026-08-12,21.0,7350.0,221.4,0.172,48.2,0.1565
2026-07-22,7498.96,2026-08-12,21.0,7360.0,208.65,0.1626,50.25,0.1551
2026-07-22,7498.96,2026-08-12,21.0,7370.0,201.15,0.1616,52.25,0.1534
2026-07-22,7498.96,2026-08-12,21.0,7375.0,197.2,0.1607,53.3,0.1526
2026-07-22,7498.96,2026-08-12,21.0,7380.0,193.3,0.1599,54.2,0.1516
2026-07-22,7498.96,2026-08-12,21.0,7390.0,184.0,0.1558,56.4,0.1499
2026-07-22,7498.96,2026-08-12,21.0,7400.0,176.4,0.1543,58.75,0.1483
2026-07-22,7498.96,2026-08-12,21.0,7410.0,169.0,0.1529,61.0,0.1465
2026-07-22,7498.96,2026-08-12,21.0,7420.0,161.5,0.1511,63.65,0.145
2026-07-22,7498.96,2026-08-12,21.0,7425.0,157.6,0.15,64.75,0.1439
2026-07-22,7498.96,2026-08-12,21.0,7430.0,154.1,0.1494,66.15,0.1432
2026-07-22,7498.96,2026-08-12,21.0,7440.0,146.65,0.1474,68.7,0.1412
2026-07-22,7498.96,2026-08-12,21.0,7450.0,139.5,0.1457,71.5,0.1394
2026-07-22,7498.96,2026-08-12,21.0,7460.0,132.35,0.1438,74.65,0.138
2026-07-22,7498.96,2026-08-12,21.0,7470.0,125.65,0.1423,77.4,0.1357
2026-07-22,7498.96,2026-08-12,21.0,7475.0,122.1,0.1413,79.05,0.1349
2026-07-22,7498.96,2026-08-12,21.0,7480.0,118.75,0.1404,80.65,0.134
2026-07-22,7498.96,2026-08-12,21.0,7490.0,112.0,0.1385,84.05,0.1323
2026-07-22,7498.96,2026-08-12,21.0,7500.0,105.45,0.1367,87.5,0.1304
2026-07-22,7498.96,2026-08-12,21.0,7510.0,99.2,0.135,91.15,0.1285
2026-07-22,7498.96,2026-08-12,21.0,7520.0,93.15,0.1335,95.0,0.1267
2026-07-22,7498.96,2026-08-12,21.0,7525.0,90.15,0.1326,97.0,0.1258
2026-07-22,7498.96,2026-08-12,21.0,7530.0,87.15,0.1317,99.2,0.1251
2026-07-22,7498.96,2026-08-12,21.0,7540.0,81.25,0.1299,103.0,0.1227
2026-07-22,7498.96,2026-08-12,21.0,7550.0,75.8,0.1284,107.65,0.1212
2026-07-22,7498.96,2026-08-12,21.0,7560.0,70.3,0.1267,111.9,0.1189
2026-07-22,7498.96,2026-08-12,21.0,7570.0,65.1,0.125,116.7,0.117
2026-07-22,7498.96,2026-08-12,21.0,7575.0,62.6,0.1243,119.55,0.1165
2026-07-22,7498.96,2026-08-12,21.0,7580.0,60.05,0.1233,122.0,0.1155
2026-07-22,7498.96,2026-08-12,21.0,7590.0,55.3,0.1218,126.9,0.113
2026-07-22,7498.96,2026-08-12,21.0,7600.0,50.7,0.1202,132.5,0.1112
2026-07-22,7498.96,2026-08-12,21.0,7610.0,46.45,0.1188,138.0,0.1089
2026-07-22,7498.96,2026-08-12,21.0,7620.0,42.3,0.1172,144.0,0.1069
2026-07-22,7498.96,2026-08-12,21.0,7625.0,40.35,0.1165,146.95,0.1056
2026-07-22,7498.96,2026-08-12,21.0,7630.0,38.5,0.1159,150.0,0.1044
2026-07-22,7498.96,2026-08-12,21.0,7640.0,34.8,0.1144,155.3,0.0999
2026-07-22,7498.96,2026-08-12,21.0,7650.0,31.4,0.113,161.65,0.0966
2026-07-22,7498.96,2026-08-12,21.0,7660.0,28.25,0.1117,168.4,0.0931
2026-07-22,7498.96,2026-08-12,21.0,7670.0,25.3,0.1104,175.4,0.0888
2026-07-22,7498.96,2026-08-12,21.0,7675.0,23.95,0.1099,178.7,0.0852
2026-07-22,7498.96,2026-08-12,21.0,7680.0,22.55,0.1091,182.3,0.0812
2026-07-22,7498.96,2026-08-12,21.0,7690.0,20.0,0.1078,189.9,0.0756
2026-07-22,7498.96,2026-08-12,21.0,7700.0,17.8,0.1069,197.3,0.0785
2026-07-22,7498.96,2026-08-12,21.0,7710.0,15.7,0.1058,205.1,0.0814
2026-07-22,7498.96,2026-08-12,21.0,7720.0,13.8,0.1047,212.2,0.0843
2026-07-22,7498.96,2026-08-12,21.0,7725.0,12.9,0.1041,219.0,0.0857
2026-07-22,7498.96,2026-08-12,21.0,7750.0,9.2,0.1019,240.0,0.0927
2026-07-22,7498.96,2026-08-12,21.0,7775.0,6.4,0.0999,,
2026-07-22,7498.96,2026-08-12,21.0,7800.0,4.4,0.0984,,
2026-07-22,7498.96,2026-08-12,21.0,7825.0,3.05,0.0976,,
2026-07-22,7498.96,2026-08-12,21.0,7850.0,2.15,0.0974,,
2026-07-22,7498.96,2026-08-12,21.0,7875.0,1.55,0.0979,,
2026-07-22,7498.96,2026-08-12,21.0,7900.0,1.15,0.0988,,
2026-07-22,7498.96,2026-08-12,21.0,7925.0,0.93,0.101,,
2026-07-22,7498.96,2026-08-12,21.0,7950.0,0.75,0.1031,,
2026-07-22,7498.96,2026-08-12,21.0,7975.0,0.62,0.1056,,
2026-07-22,7498.96,2026-08-12,21.0,8000.0,0.52,0.1081,,
2026-07-22,7498.96,2026-08-12,21.0,8025.0,0.47,0.1115,,
2026-07-22,7498.96,2026-08-12,21.0,8050.0,0.45,0.1154,,
2026-07-22,7498.96,2026-08-12,21.0,8075.0,0.4,0.1184,,
2026-07-22,7498.96,2026-08-12,21.0,8100.0,0.35,0.1211,,
2026-07-22,7498.96,2026-08-12,21.0,8200.0,0.25,0.1337,,
2026-07-22,7498.96,2026-08-12,21.0,8300.0,0.17,0.1452,,
2026-07-22,7498.96,2026-08-12,21.0,8400.0,0.17,0.1609,,
2026-07-22,7498.96,2026-08-12,21.0,8600.0,0.12,0.1858,,
2026-07-22,7498.96,2026-08-13,22.0,5800.0,1717.5,0.5108,1.6,0.4296
2026-07-22,7498.96,2026-08-13,22.0,6000.0,1518.5,0.4589,2.1,0.3918
2026-07-22,7498.96,2026-08-13,22.0,6100.0,1419.1,0.4338,2.42,0.373
2026-07-22,7498.96,2026-08-13,22.0,6200.0,1319.7,0.4084,2.83,0.3545
2026-07-22,7498.96,2026-08-13,22.0,6300.0,1220.4,0.3837,3.3,0.3359
2026-07-22,7498.96,2026-08-13,22.0,6400.0,1121.15,0.3589,3.9,0.3174
2026-07-22,7498.96,2026-08-13,22.0,6425.0,1096.4,0.353,4.05,0.3126
2026-07-22,7498.96,2026-08-13,22.0,6450.0,1071.7,0.3475,4.2,0.3076
2026-07-22,7498.96,2026-08-13,22.0,6475.0,1046.9,0.3413,4.4,0.3032
2026-07-22,7498.96,2026-08-13,22.0,6500.0,1022.2,0.3356,4.6,0.2986
2026-07-22,7498.96,2026-08-13,22.0,6525.0,997.4,0.3293,4.85,0.2943
2026-07-22,7498.96,2026-08-13,22.0,6550.0,972.7,0.3235,5.05,0.2894
2026-07-22,7498.96,2026-08-13,22.0,6575.0,948.0,0.3177,5.25,0.2845
2026-07-22,7498.96,2026-08-13,22.0,6600.0,923.3,0.3118,5.55,0.2803
2026-07-22,7498.96,2026-08-13,22.0,6625.0,898.6,0.3058,5.8,0.2755
2026-07-22,7498.96,2026-08-13,22.0,6650.0,874.0,0.3004,6.1,0.2709
2026-07-22,7498.96,2026-08-13,22.0,6675.0,849.4,0.2948,6.4,0.2662
2026-07-22,7498.96,2026-08-13,22.0,6700.0,824.8,0.2891,6.8,0.2621
2026-07-22,7498.96,2026-08-13,22.0,6725.0,800.2,0.2834,7.15,0.2574
2026-07-22,7498.96,2026-08-13,22.0,6750.0,775.5,0.277,7.6,0.2533
2026-07-22,7498.96,2026-08-13,22.0,6775.0,751.0,0.2715,8.05,0.2488
2026-07-22,7498.96,2026-08-13,22.0,6800.0,726.7,0.2668,8.55,0.2445
2026-07-22,7498.96,2026-08-13,22.0,6825.0,702.3,0.2615,9.05,0.24
2026-07-22,7498.96,2026-08-13,22.0,6850.0,677.8,0.2556,9.7,0.236
2026-07-22,7498.96,2026-08-13,22.0,6875.0,653.6,0.2508,10.35,0.2317
2026-07-22,7498.96,2026-08-13,22.0,6900.0,629.4,0.2458,11.1,0.2277
2026-07-22,7498.96,2026-08-13,22.0,6925.0,605.2,0.2406,11.9,0.2235
2026-07-22,7498.96,2026-08-13,22.0,6950.0,581.2,0.2359,12.8,0.2195
2026-07-22,7498.96,2026-08-13,22.0,6975.0,557.2,0.2309,13.8,0.2155
2026-07-22,7498.96,2026-08-13,22.0,7000.0,533.3,0.226,14.9,0.2116
2026-07-22,7498.96,2026-08-13,22.0,7025.0,509.5,0.2211,16.15,0.2078
2026-07-22,7498.96,2026-08-13,22.0,7050.0,485.9,0.2165,17.55,0.2041
2026-07-22,7498.96,2026-08-13,22.0,7075.0,462.4,0.2118,19.05,0.2002
2026-07-22,7498.96,2026-08-13,22.0,7100.0,439.0,0.2071,20.7,0.1963
2026-07-22,7498.96,2026-08-13,22.0,7125.0,415.9,0.2028,22.5,0.1924
2026-07-22,7498.96,2026-08-13,22.0,7150.0,392.9,0.1982,24.65,0.1889
2026-07-22,7498.96,2026-08-13,22.0,7160.0,383.7,0.1963,25.45,0.1872
2026-07-22,7498.96,2026-08-13,22.0,7170.0,374.6,0.1945,26.35,0.1856
2026-07-22,7498.96,2026-08-13,22.0,7175.0,370.1,0.1937,26.8,0.1848
2026-07-22,7498.96,2026-08-13,22.0,7180.0,365.6,0.1929,27.35,0.1842
2026-07-22,7498.96,2026-08-13,22.0,7190.0,356.5,0.191,28.3,0.1826
2026-07-22,7498.96,2026-08-13,22.0,7200.0,347.5,0.1892,29.3,0.181
2026-07-22,7498.96,2026-08-13,22.0,7210.0,338.6,0.1875,30.35,0.1795
2026-07-22,7498.96,2026-08-13,22.0,7220.0,329.7,0.1858,31.5,0.178
2026-07-22,7498.96,2026-08-13,22.0,7225.0,325.3,0.185,32.1,0.1773
2026-07-22,7498.96,2026-08-13,22.0,7230.0,320.7,0.1837,32.7,0.1766
2026-07-22,7498.96,2026-08-13,22.0,7240.0,312.0,0.1822,33.95,0.1751
2026-07-22,7498.96,2026-08-13,22.0,7250.0,309.2,0.1917,35.1,0.1734
2026-07-22,7498.96,2026-08-13,22.0,7260.0,300.5,0.1898,36.4,0.1718
2026-07-22,7498.96,2026-08-13,22.0,7270.0,291.9,0.188,37.75,0.1702
2026-07-22,7498.96,2026-08-13,22.0,7275.0,287.5,0.1868,38.5,0.1695
2026-07-22,7498.96,2026-08-13,22.0,7280.0,283.2,0.1859,39.2,0.1687
2026-07-22,7498.96,2026-08-13,22.0,7290.0,274.7,0.184,40.7,0.1672
2026-07-22,7498.96,2026-08-13,22.0,7300.0,266.2,0.1821,42.2,0.1656
2026-07-22,7498.96,2026-08-13,22.0,7310.0,257.8,0.1802,43.8,0.164
2026-07-22,7498.96,2026-08-13,22.0,7320.0,249.4,0.1782,45.55,0.1626
2026-07-22,7498.96,2026-08-13,22.0,7325.0,245.2,0.1772,46.3,0.1616
2026-07-22,7498.96,2026-08-13,22.0,7330.0,241.1,0.1763,47.2,0.1608
2026-07-22,7498.96,2026-08-13,22.0,7340.0,232.8,0.1743,49.0,0.1592
2026-07-22,7498.96,2026-08-13,22.0,7350.0,224.7,0.1725,50.9,0.1576
2026-07-22,7498.96,2026-08-13,22.0,7360.0,215.4,0.1687,52.75,0.1558
2026-07-22,7498.96,2026-08-13,22.0,7370.0,204.2,0.1619,54.85,0.1543
2026-07-22,7498.96,2026-08-13,22.0,7375.0,200.5,0.1614,55.9,0.1535
2026-07-22,7498.96,2026-08-13,22.0,7380.0,196.6,0.1605,57.15,0.1529
2026-07-22,7498.96,2026-08-13,22.0,7390.0,187.55,0.1569,59.2,0.151
2026-07-22,7498.96,2026-08-13,22.0,7400.0,179.7,0.1549,61.35,0.1492
2026-07-22,7498.96,2026-08-13,22.0,7410.0,172.25,0.1534,63.8,0.1476
2026-07-22,7498.96,2026-08-13,22.0,7420.0,164.7,0.1516,66.25,0.1458
2026-07-22,7498.96,2026-08-13,22.0,7425.0,161.1,0.1509,67.6,0.145
2026-07-22,7498.96,2026-08-13,22.0,7430.0,157.5,0.1502,68.8,0.144
2026-07-22,7498.96,2026-08-13,22.0,7440.0,150.2,0.1484,71.5,0.1423
2026-07-22,7498.96,2026-08-13,22.0,7450.0,143.0,0.1467,74.3,0.1405
2026-07-22,7498.96,2026-08-13,22.0,7460.0,135.85,0.1448,77.25,0.1388
2026-07-22,7498.96,2026-08-13,22.0,7470.0,129.2,0.1434,80.3,0.137
2026-07-22,7498.96,2026-08-13,22.0,7475.0,125.7,0.1424,81.95,0.1362
2026-07-22,7498.96,2026-08-13,22.0,7480.0,122.1,0.1412,83.65,0.1354
2026-07-22,7498.96,2026-08-13,22.0,7490.0,115.6,0.1397,86.9,0.1335
2026-07-22,7498.96,2026-08-13,22.0,7500.0,109.05,0.1379,90.35,0.1317
2026-07-22,7498.96,2026-08-13,22.0,7510.0,102.8,0.1363,94.0,0.1299
2026-07-22,7498.96,2026-08-13,22.0,7520.0,96.75,0.1348,97.8,0.1281
2026-07-22,7498.96,2026-08-13,22.0,7525.0,93.45,0.1336,99.75,0.1271
2026-07-22,7498.96,2026-08-13,22.0,7530.0,90.55,0.1329,101.75,0.1262
2026-07-22,7498.96,2026-08-13,22.0,7540.0,84.65,0.1311,105.85,0.1243
2026-07-22,7498.96,2026-08-13,22.0,7550.0,79.05,0.1295,110.2,0.1224
2026-07-22,7498.96,2026-08-13,22.0,7560.0,73.45,0.1277,114.5,0.1202
2026-07-22,7498.96,2026-08-13,22.0,7570.0,68.35,0.1263,119.3,0.1185
2026-07-22,7498.96,2026-08-13,22.0,7575.0,65.7,0.1253,121.6,0.1173
2026-07-22,7498.96,2026-08-13,22.0,7580.0,63.2,0.1245,124.2,0.1165
2026-07-22,7498.96,2026-08-13,22.0,7590.0,58.35,0.123,129.4,0.1146
2026-07-22,7498.96,2026-08-13,22.0,7600.0,53.8,0.1215,134.7,0.1126
2026-07-22,7498.96,2026-08-13,22.0,7610.0,49.3,0.1199,140.4,0.1107
2026-07-22,7498.96,2026-08-13,22.0,7620.0,45.15,0.1185,146.1,0.1085
2026-07-22,7498.96,2026-08-13,22.0,7625.0,43.1,0.1177,149.1,0.1074
2026-07-22,7498.96,2026-08-13,22.0,7630.0,41.25,0.1172,152.0,0.106
2026-07-22,7498.96,2026-08-13,22.0,7640.0,37.45,0.1157,156.3,0.1001
2026-07-22,7498.96,2026-08-13,22.0,7650.0,33.95,0.1143,163.6,0.099
2026-07-22,7498.96,2026-08-13,22.0,7660.0,30.7,0.1131,170.2,0.0957
2026-07-22,7498.96,2026-08-13,22.0,7670.0,27.6,0.1117,177.1,0.0921
2026-07-22,7498.96,2026-08-13,22.0,7675.0,26.2,0.1112,180.6,0.0898
2026-07-22,7498.96,2026-08-13,22.0,7680.0,24.8,0.1105,183.9,0.0863
2026-07-22,7498.96,2026-08-13,22.0,7700.0,19.75,0.1082,198.9,0.0776
2026-07-22,7498.96,2026-08-13,22.0,7725.0,14.6,0.1056,220.1,0.0847
2026-07-22,7498.96,2026-08-13,22.0,7750.0,10.6,0.1034,240.8,0.0915
2026-07-22,7498.96,2026-08-13,22.0,7775.0,7.55,0.1015,,
2026-07-22,7498.96,2026-08-13,22.0,7800.0,5.3,0.0999,,
2026-07-22,7498.96,2026-08-13,22.0,7825.0,3.7,0.0988,,
2026-07-22,7498.96,2026-08-13,22.0,7850.0,2.67,0.0987,,
2026-07-22,7498.96,2026-08-13,22.0,7875.0,1.95,0.0991,,
2026-07-22,7498.96,2026-08-13,22.0,7900.0,1.43,0.0995,,
2026-07-22,7498.96,2026-08-13,22.0,7925.0,1.12,0.1012,,
2026-07-22,7498.96,2026-08-13,22.0,7950.0,0.9,0.1031,,
2026-07-22,7498.96,2026-08-13,22.0,7975.0,0.75,0.1055,,
2026-07-22,7498.96,2026-08-13,22.0,8000.0,0.65,0.1083,,
2026-07-22,7498.96,2026-08-13,22.0,8025.0,0.57,0.1113,,
2026-07-22,7498.96,2026-08-13,22.0,8050.0,0.5,0.114,,
2026-07-22,7498.96,2026-08-13,22.0,8075.0,0.45,0.1171,,
2026-07-22,7498.96,2026-08-13,22.0,8100.0,0.4,0.1199,,
2026-07-22,7498.96,2026-08-13,22.0,8200.0,0.28,0.1318,,
2026-07-22,7498.96,2026-08-13,22.0,8300.0,0.2,0.1435,,
2026-07-22,7498.96,2026-08-13,22.0,8400.0,0.17,0.1571,,
2026-07-22,7498.96,2026-08-13,22.0,8600.0,0.15,0.1843,,
2026-07-22,7498.96,2026-08-14,23.0,5700.0,1817.7,0.5268,1.6,0.4456
2026-07-22,7498.96,2026-08-14,23.0,5800.0,1718.2,0.5013,1.85,0.4276
2026-07-22,7498.96,2026-08-14,23.0,5900.0,1618.8,0.4769,2.1,0.4086
2026-07-22,7498.96,2026-08-14,23.0,5950.0,1569.1,0.4646,2.25,0.3994
2026-07-22,7498.96,2026-08-14,23.0,6000.0,1519.4,0.4522,2.42,0.3904
2026-07-22,7498.96,2026-08-14,23.0,6050.0,1469.7,0.4398,2.6,0.3811
2026-07-22,7498.96,2026-08-14,23.0,6100.0,1420.0,0.4274,2.8,0.372
2026-07-22,7498.96,2026-08-14,23.0,6150.0,1370.2,0.4139,3.03,0.363
2026-07-22,7498.96,2026-08-14,23.0,6200.0,1320.7,0.4031,3.25,0.3537
2026-07-22,7498.96,2026-08-14,23.0,6250.0,1271.1,0.3913,3.5,0.3444
2026-07-22,7498.96,2026-08-14,23.0,6275.0,1246.3,0.3853,3.6,0.3393
2026-07-22,7498.96,2026-08-14,23.0,6300.0,1221.5,0.3793,3.75,0.3348
2026-07-22,7498.96,2026-08-14,23.0,6325.0,1196.65,0.3729,3.9,0.3302
2026-07-22,7498.96,2026-08-14,23.0,6350.0,1171.9,0.3672,4.1,0.3261
2026-07-22,7498.96,2026-08-14,23.0,6375.0,1147.1,0.3611,4.2,0.3207
2026-07-22,7498.96,2026-08-14,23.0,6400.0,1122.35,0.3554,4.4,0.3164
2026-07-22,7498.96,2026-08-14,23.0,6425.0,1097.6,0.3496,4.6,0.312
2026-07-22,7498.96,2026-08-14,23.0,6450.0,1072.8,0.3433,4.75,0.3069
2026-07-22,7498.96,2026-08-14,23.0,6475.0,1048.2,0.3384,5.0,0.3028
2026-07-22,7498.96,2026-08-14,23.0,6500.0,1023.4,0.3321,5.2,0.298
2026-07-22,7498.96,2026-08-14,23.0,6525.0,998.7,0.3264,5.4,0.2931
2026-07-22,7498.96,2026-08-14,23.0,6550.0,974.0,0.3207,5.6,0.2882
2026-07-22,7498.96,2026-08-14,23.0,6575.0,949.35,0.3151,5.95,0.2843
2026-07-22,7498.96,2026-08-14,23.0,6600.0,924.7,0.3095,6.2,0.2795
2026-07-22,7498.96,2026-08-14,23.0,6625.0,900.1,0.3041,6.55,0.2754
2026-07-22,7498.96,2026-08-14,23.0,6650.0,875.4,0.298,6.8,0.2703
2026-07-22,7498.96,2026-08-14,23.0,6675.0,850.9,0.293,7.15,0.2659
2026-07-22,7498.96,2026-08-14,23.0,6700.0,826.3,0.2872,7.5,0.2612
2026-07-22,7498.96,2026-08-14,23.0,6725.0,801.8,0.2819,8.0,0.2574
2026-07-22,7498.96,2026-08-14,23.0,6750.0,777.3,0.2765,8.4,0.2527
2026-07-22,7498.96,2026-08-14,23.0,6775.0,752.7,0.2705,9.0,0.249
2026-07-22,7498.96,2026-08-14,23.0,6800.0,728.3,0.2653,9.5,0.2445
2026-07-22,7498.96,2026-08-14,23.0,6825.0,704.0,0.2603,10.1,0.2403
2026-07-22,7498.96,2026-08-14,23.0,6850.0,679.7,0.2552,10.8,0.2363
2026-07-22,7498.96,2026-08-14,23.0,6860.0,670.0,0.2532,11.0,0.2343
2026-07-22,7498.96,2026-08-14,23.0,6870.0,660.3,0.2511,11.3,0.2327
2026-07-22,7498.96,2026-08-14,23.0,6875.0,655.5,0.2503,11.5,0.2321
2026-07-22,7498.96,2026-08-14,23.0,6880.0,650.7,0.2494,11.6,0.2311
2026-07-22,7498.96,2026-08-14,23.0,6890.0,641.0,0.2473,11.9,0.2294
2026-07-22,7498.96,2026-08-14,23.0,6900.0,631.4,0.2455,12.3,0.2281
2026-07-22,7498.96,2026-08-14,23.0,6910.0,621.7,0.2433,12.6,0.2263
2026-07-22,7498.96,2026-08-14,23.0,6920.0,612.1,0.2415,12.9,0.2245
2026-07-22,7498.96,2026-08-14,23.0,6925.0,607.3,0.2405,13.2,0.2241
2026-07-22,7498.96,2026-08-14,23.0,6930.0,602.5,0.2396,13.3,0.223
2026-07-22,7498.96,2026-08-14,23.0,6940.0,592.9,0.2376,13.7,0.2215
2026-07-22,7498.96,2026-08-14,23.0,6950.0,583.3,0.2357,14.1,0.2199
2026-07-22,7498.96,2026-08-14,23.0,6960.0,573.7,0.2337,14.5,0.2183
2026-07-22,7498.96,2026-08-14,23.0,6970.0,564.2,0.2319,14.95,0.2168
2026-07-22,7498.96,2026-08-14,23.0,6975.0,559.4,0.2309,15.2,0.2161
2026-07-22,7498.96,2026-08-14,23.0,6980.0,554.5,0.2295,15.4,0.2152
2026-07-22,7498.96,2026-08-14,23.0,6990.0,545.1,0.228,15.9,0.2138
2026-07-22,7498.96,2026-08-14,23.0,7000.0,535.5,0.2259,16.4,0.2123
2026-07-22,7498.96,2026-08-14,23.0,7010.0,526.1,0.2242,16.85,0.2105
2026-07-22,7498.96,2026-08-14,23.0,7020.0,516.6,0.2223,17.4,0.2091
2026-07-22,7498.96,2026-08-14,23.0,7025.0,511.9,0.2214,17.75,0.2086
2026-07-22,7498.96,2026-08-14,23.0,7030.0,507.2,0.2206,17.9,0.2074
2026-07-22,7498.96,2026-08-14,23.0,7040.0,497.8,0.2188,18.5,0.206
2026-07-22,7498.96,2026-08-14,23.0,7050.0,488.4,0.217,19.1,0.2045
2026-07-22,7498.96,2026-08-14,23.0,7060.0,479.0,0.2151,19.75,0.2031
2026-07-22,7498.96,2026-08-14,23.0,7070.0,469.6,0.2132,20.35,0.2014
2026-07-22,7498.96,2026-08-14,23.0,7075.0,464.9,0.2122,20.75,0.2009
2026-07-22,7498.96,2026-08-14,23.0,7080.0,460.3,0.2115,20.95,0.1997
2026-07-22,7498.96,2026-08-14,23.0,7090.0,451.0,0.2097,21.75,0.1985
2026-07-22,7498.96,2026-08-14,23.0,7100.0,441.7,0.2078,22.45,0.1969
2026-07-22,7498.96,2026-08-14,23.0,7110.0,432.4,0.2059,23.2,0.1954
2026-07-22,7498.96,2026-08-14,23.0,7120.0,423.2,0.2042,23.85,0.1936
2026-07-22,7498.96,2026-08-14,23.0,7125.0,418.6,0.2033,24.35,0.1931
2026-07-22,7498.96,2026-08-14,23.0,7130.0,414.0,0.2024,24.65,0.1921
2026-07-22,7498.96,2026-08-14,23.0,7140.0,404.8,0.2006,25.6,0.1908
2026-07-22,7498.96,2026-08-14,23.0,7150.0,395.7,0.1989,26.45,0.1893
2026-07-22,7498.96,2026-08-14,23.0,7160.0,386.6,0.1971,27.45,0.188
2026-07-22,7498.96,2026-08-14,23.0,7170.0,377.4,0.1951,28.35,0.1864
2026-07-22,7498.96,2026-08-14,23.0,7175.0,372.9,0.1942,28.9,0.1858
2026-07-22,7498.96,2026-08-14,23.0,7180.0,368.4,0.1934,29.35,0.1849
2026-07-22,7498.96,2026-08-14,23.0,7190.0,359.5,0.1918,30.35,0.1833
2026-07-22,7498.96,2026-08-14,23.0,7200.0,350.6,0.1902,31.4,0.1818
2026-07-22,7498.96,2026-08-14,23.0,7210.0,341.7,0.1885,32.55,0.1804
2026-07-22,7498.96,2026-08-14,23.0,7220.0,332.75,0.1866,33.65,0.1787
2026-07-22,7498.96,2026-08-14,23.0,7225.0,328.35,0.1858,34.3,0.1781
2026-07-22,7498.96,2026-08-14,23.0,7230.0,323.9,0.1848,34.85,0.1772
2026-07-22,7498.96,2026-08-14,23.0,7240.0,315.2,0.1832,36.05,0.1756
2026-07-22,7498.96,2026-08-14,23.0,7250.0,306.5,0.1815,37.4,0.1742
2026-07-22,7498.96,2026-08-14,23.0,7260.0,303.8,0.1905,38.75,0.1727
2026-07-22,7498.96,2026-08-14,23.0,7270.0,295.1,0.1885,40.15,0.1712
2026-07-22,7498.96,2026-08-14,23.0,7275.0,290.9,0.1877,40.8,0.1703
2026-07-22,7498.96,2026-08-14,23.0,7280.0,286.6,0.1867,41.55,0.1695
2026-07-22,7498.96,2026-08-14,23.0,7290.0,278.0,0.1847,43.1,0.168
2026-07-22,7498.96,2026-08-14,23.0,7295.0,273.8,0.1838,43.9,0.1673
2026-07-22,7498.96,2026-08-14,23.0,7300.0,269.6,0.1829,44.6,0.1664
2026-07-22,7498.96,2026-08-14,23.0,7305.0,265.4,0.1819,45.45,0.1657
2026-07-22,7498.96,2026-08-14,23.0,7310.0,261.2,0.181,46.3,0.1649
2026-07-22,7498.96,2026-08-14,23.0,7315.0,257.0,0.18,47.15,0.1641
2026-07-22,7498.96,2026-08-14,23.0,7320.0,252.8,0.179,47.9,0.1632
2026-07-22,7498.96,2026-08-14,23.0,7325.0,248.7,0.1781,48.8,0.1624
2026-07-22,7498.96,2026-08-14,23.0,7330.0,244.5,0.177,49.75,0.1617
2026-07-22,7498.96,2026-08-14,23.0,7335.0,240.4,0.1761,50.6,0.1609
2026-07-22,7498.96,2026-08-14,23.0,7340.0,236.3,0.1752,51.55,0.1601
2026-07-22,7498.96,2026-08-14,23.0,7345.0,232.2,0.1742,52.45,0.1592
2026-07-22,7498.96,2026-08-14,23.0,7350.0,228.1,0.1732,53.4,0.1584
2026-07-22,7498.96,2026-08-14,23.0,7355.0,224.1,0.1723,54.35,0.1576
2026-07-22,7498.96,2026-08-14,23.0,7360.0,220.1,0.1714,55.4,0.1568
2026-07-22,7498.96,2026-08-14,23.0,7365.0,216.1,0.1704,56.4,0.156
2026-07-22,7498.96,2026-08-14,23.0,7370.0,208.15,0.1635,57.45,0.1552
2026-07-22,7498.96,2026-08-14,23.0,7375.0,204.2,0.1626,58.5,0.1544
2026-07-22,7498.96,2026-08-14,23.0,7380.0,199.0,0.1599,59.5,0.1534
2026-07-22,7498.96,2026-08-14,23.0,7385.0,195.0,0.1589,60.55,0.1525
2026-07-22,7498.96,2026-08-14,23.0,7390.0,191.0,0.1578,61.8,0.1519
2026-07-22,7498.96,2026-08-14,23.0,7395.0,187.5,0.1575,62.85,0.1509
2026-07-22,7498.96,2026-08-14,23.0,7400.0,183.55,0.1565,64.05,0.1501
2026-07-22,7498.96,2026-08-14,23.0,7405.0,179.5,0.1552,65.2,0.1492
2026-07-22,7498.96,2026-08-14,23.0,7410.0,176.1,0.1549,66.4,0.1484
2026-07-22,7498.96,2026-08-14,23.0,7415.0,172.2,0.1539,67.65,0.1476
2026-07-22,7498.96,2026-08-14,23.0,7420.0,168.45,0.153,68.9,0.1467
2026-07-22,7498.96,2026-08-14,23.0,7425.0,164.7,0.1521,70.15,0.1458
2026-07-22,7498.96,2026-08-14,23.0,7430.0,161.1,0.1513,71.55,0.1451
2026-07-22,7498.96,2026-08-14,23.0,7435.0,157.5,0.1505,72.85,0.1442
2026-07-22,7498.96,2026-08-14,23.0,7440.0,153.9,0.1497,74.1,0.1431
2026-07-22,7498.96,2026-08-14,23.0,7445.0,150.2,0.1487,75.55,0.1423
2026-07-22,7498.96,2026-08-14,23.0,7450.0,146.65,0.1479,76.95,0.1414
2026-07-22,7498.96,2026-08-14,23.0,7455.0,143.05,0.1469,78.4,0.1406
2026-07-22,7498.96,2026-08-14,23.0,7460.0,139.5,0.146,79.9,0.1397
2026-07-22,7498.96,2026-08-14,23.0,7465.0,136.1,0.1452,81.3,0.1387
2026-07-22,7498.96,2026-08-14,23.0,7470.0,132.85,0.1446,83.1,0.1382
2026-07-22,7498.96,2026-08-14,23.0,7475.0,129.3,0.1436,84.4,0.1369
2026-07-22,7498.96,2026-08-14,23.0,7480.0,126.0,0.1429,86.2,0.1363
2026-07-22,7498.96,2026-08-14,23.0,7485.0,122.55,0.1419,87.8,0.1353
2026-07-22,7498.96,2026-08-14,23.0,7490.0,119.1,0.1408,89.25,0.1341
2026-07-22,7498.96,2026-08-14,23.0,7495.0,116.15,0.1404,91.2,0.1336
2026-07-22,7498.96,2026-08-14,23.0,7500.0,112.75,0.1393,92.9,0.1326
2026-07-22,7498.96,2026-08-14,23.0,7505.0,109.45,0.1383,94.65,0.1316
2026-07-22,7498.96,2026-08-14,23.0,7510.0,106.4,0.1376,96.65,0.131
2026-07-22,7498.96,2026-08-14,23.0,7515.0,103.35,0.1369,98.25,0.1297
2026-07-22,7498.96,2026-08-14,23.0,7520.0,100.2,0.136,100.2,0.1289
2026-07-22,7498.96,2026-08-14,23.0,7525.0,97.15,0.1351,102.25,0.1281
2026-07-22,7498.96,2026-08-14,23.0,7530.0,94.2,0.1343,104.15,0.1271
2026-07-22,7498.96,2026-08-14,23.0,7535.0,91.3,0.1336,106.3,0.1263
2026-07-22,7498.96,2026-08-14,23.0,7540.0,88.3,0.1326,108.4,0.1254
2026-07-22,7498.96,2026-08-14,23.0,7545.0,85.45,0.1318,110.6,0.1246
2026-07-22,7498.96,2026-08-14,23.0,7550.0,82.65,0.131,112.7,0.1236
2026-07-22,7498.96,2026-08-14,23.0,7555.0,79.85,0.1302,114.85,0.1226
2026-07-22,7498.96,2026-08-14,23.0,7560.0,77.2,0.1295,117.15,0.1217
2026-07-22,7498.96,2026-08-14,23.0,7565.0,74.45,0.1286,119.45,0.1207
2026-07-22,7498.96,2026-08-14,23.0,7570.0,71.8,0.1278,121.8,0.1198
2026-07-22,7498.96,2026-08-14,23.0,7575.0,69.3,0.1271,124.2,0.1188
2026-07-22,7498.96,2026-08-14,23.0,7580.0,66.7,0.1262,126.4,0.1175
2026-07-22,7498.96,2026-08-14,23.0,7585.0,64.2,0.1254,129.2,0.117
2026-07-22,7498.96,2026-08-14,23.0,7590.0,61.8,0.1247,131.75,0.116
2026-07-22,7498.96,2026-08-14,23.0,7595.0,59.4,0.1239,134.4,0.1151
2026-07-22,7498.96,2026-08-14,23.0,7600.0,57.15,0.1232,137.1,0.1141
2026-07-22,7498.96,2026-08-14,23.0,7605.0,54.8,0.1224,139.8,0.1131
2026-07-22,7498.96,2026-08-14,23.0,7610.0,52.6,0.1217,142.5,0.112
2026-07-22,7498.96,2026-08-14,23.0,7615.0,50.45,0.121,145.45,0.1112
2026-07-22,7498.96,2026-08-14,23.0,7620.0,48.3,0.1202,148.0,0.1096
2026-07-22,7498.96,2026-08-14,23.0,7625.0,46.3,0.1195,150.95,0.1086
2026-07-22,7498.96,2026-08-14,23.0,7630.0,44.3,0.1188,154.0,0.1076
2026-07-22,7498.96,2026-08-14,23.0,7635.0,42.35,0.1181,157.1,0.1065
2026-07-22,7498.96,2026-08-14,23.0,7640.0,40.45,0.1174,159.55,0.1042
2026-07-22,7498.96,2026-08-14,23.0,7645.0,38.6,0.1167,161.3,0.1005
2026-07-22,7498.96,2026-08-14,23.0,7650.0,36.9,0.1162,165.45,0.1009
2026-07-22,7498.96,2026-08-14,23.0,7660.0,33.45,0.1148,171.9,0.0979
2026-07-22,7498.96,2026-08-14,23.0,7670.0,30.25,0.1135,178.6,0.0943
2026-07-22,7498.96,2026-08-14,23.0,7675.0,28.85,0.1131,182.1,0.0925
2026-07-22,7498.96,2026-08-14,23.0,7680.0,27.35,0.1124,185.6,0.0902
2026-07-22,7498.96,2026-08-14,23.0,7690.0,24.55,0.1111,192.5,0.083
2026-07-22,7498.96,2026-08-14,23.0,7700.0,22.1,0.1102,199.9,0.1327
2026-07-22,7498.96,2026-08-14,23.0,7710.0,19.65,0.1089,212.2,0.0878
2026-07-22,7498.96,2026-08-14,23.0,7720.0,17.55,0.1079,212.2,0.0824
2026-07-22,7498.96,2026-08-14,23.0,7725.0,16.55,0.1074,221.0,0.0837
2026-07-22,7498.96,2026-08-14,23.0,7730.0,15.6,0.107,224.9,0.0851
2026-07-22,7498.96,2026-08-14,23.0,7740.0,13.8,0.106,233.0,0.0878
2026-07-22,7498.96,2026-08-14,23.0,7750.0,12.25,0.1052,241.3,0.0905
2026-07-22,7498.96,2026-08-14,23.0,7760.0,10.75,0.1043,249.7,0.0932
2026-07-22,7498.96,2026-08-14,23.0,7770.0,9.45,0.1035,,
2026-07-22,7498.96,2026-08-14,23.0,7775.0,8.85,0.1032,,
2026-07-22,7498.96,2026-08-14,23.0,7780.0,8.3,0.1029,,
2026-07-22,7498.96,2026-08-14,23.0,7790.0,7.2,0.102,,
2026-07-22,7498.96,2026-08-14,23.0,7800.0,6.3,0.1014,,
2026-07-22,7498.96,2026-08-14,23.0,7810.0,5.5,0.1009,,
2026-07-22,7498.96,2026-08-14,23.0,7820.0,4.85,0.1007,,
2026-07-22,7498.96,2026-08-14,23.0,7825.0,4.5,0.1004,,
2026-07-22,7498.96,2026-08-14,23.0,7830.0,4.25,0.1004,,
2026-07-22,7498.96,2026-08-14,23.0,7840.0,3.7,0.1001,,
2026-07-22,7498.96,2026-08-14,23.0,7850.0,3.25,0.0999,,
2026-07-22,7498.96,2026-08-14,23.0,7860.0,2.88,0.1,,
2026-07-22,7498.96,2026-08-14,23.0,7870.0,2.5,0.0998,,
2026-07-22,7498.96,2026-08-14,23.0,7875.0,2.38,0.1,,
2026-07-22,7498.96,2026-08-14,23.0,7880.0,2.22,0.1,,
2026-07-22,7498.96,2026-08-14,23.0,7900.0,1.75,0.1004,,
2026-07-22,7498.96,2026-08-14,23.0,7925.0,1.35,0.1015,,
2026-07-22,7498.96,2026-08-14,23.0,7950.0,1.07,0.1032,,
2026-07-22,7498.96,2026-08-14,23.0,7975.0,0.85,0.1047,,
2026-07-22,7498.96,2026-08-14,23.0,8000.0,0.72,0.1072,,
2026-07-22,7498.96,2026-08-14,23.0,8025.0,0.62,0.1098,,
2026-07-22,7498.96,2026-08-14,23.0,8050.0,0.55,0.1126,,
2026-07-22,7498.96,2026-08-14,23.0,8075.0,0.5,0.1157,,
2026-07-22,7498.96,2026-08-14,23.0,8100.0,0.45,0.1187,,
2026-07-22,7498.96,2026-08-14,23.0,8125.0,0.4,0.1214,,
2026-07-22,7498.96,2026-08-14,23.0,8150.0,0.38,0.1247,,
2026-07-22,7498.96,2026-08-14,23.0,8175.0,0.35,0.1279,,
2026-07-22,7498.96,2026-08-14,23.0,8200.0,0.33,0.131,,
2026-07-22,7498.96,2026-08-14,23.0,8250.0,0.28,0.1368,,
2026-07-22,7498.96,2026-08-14,23.0,8300.0,0.22,0.1419,,
2026-07-22,7498.96,2026-08-14,23.0,8400.0,0.17,0.1535,,
2026-07-22,7498.96,2026-08-14,23.0,8500.0,0.1,0.1602,,
2026-07-22,7498.96,2026-08-14,23.0,8600.0,0.12,0.1773,,
2026-07-22,7498.96,2026-08-17,26.0,5800.0,1718.6,0.4549,2.12,0.4095
2026-07-22,7498.96,2026-08-17,26.0,6000.0,1519.8,0.4109,2.83,0.3751
2026-07-22,7498.96,2026-08-17,26.0,6100.0,1420.5,0.3895,3.2,0.3568
2026-07-22,7498.96,2026-08-17,26.0,6200.0,1321.3,0.3686,3.7,0.3393
2026-07-22,7498.96,2026-08-17,26.0,6300.0,1222.1,0.347,4.3,0.3218
2026-07-22,7498.96,2026-08-17,26.0,6400.0,1123.1,0.3265,5.05,0.3046
2026-07-22,7498.96,2026-08-17,26.0,6425.0,1098.4,0.3215,5.25,0.3001
2026-07-22,7498.96,2026-08-17,26.0,6450.0,1073.6,0.3158,5.45,0.2956
2026-07-22,7498.96,2026-08-17,26.0,6475.0,1048.9,0.3108,5.65,0.291
2026-07-22,7498.96,2026-08-17,26.0,6500.0,1024.3,0.3063,5.9,0.2867
2026-07-22,7498.96,2026-08-17,26.0,6525.0,999.6,0.3011,6.15,0.2823
2026-07-22,7498.96,2026-08-17,26.0,6550.0,974.9,0.2959,6.45,0.2781
2026-07-22,7498.96,2026-08-17,26.0,6575.0,950.3,0.2911,6.7,0.2735
2026-07-22,7498.96,2026-08-17,26.0,6600.0,925.7,0.2863,7.05,0.2695
2026-07-22,7498.96,2026-08-17,26.0,6625.0,901.1,0.2813,7.4,0.2653
2026-07-22,7498.96,2026-08-17,26.0,6650.0,876.5,0.2763,7.75,0.2609
2026-07-22,7498.96,2026-08-17,26.0,6675.0,852.0,0.2717,8.15,0.2567
2026-07-22,7498.96,2026-08-17,26.0,6700.0,827.5,0.2669,8.55,0.2524
2026-07-22,7498.96,2026-08-17,26.0,6725.0,803.0,0.262,9.05,0.2485
2026-07-22,7498.96,2026-08-17,26.0,6750.0,778.4,0.2566,9.55,0.2443
2026-07-22,7498.96,2026-08-17,26.0,6775.0,754.05,0.2521,10.1,0.2403
2026-07-22,7498.96,2026-08-17,26.0,6800.0,729.7,0.2475,10.7,0.2362
2026-07-22,7498.96,2026-08-17,26.0,6825.0,705.5,0.2433,11.4,0.2324
2026-07-22,7498.96,2026-08-17,26.0,6850.0,681.3,0.2389,12.1,0.2284
2026-07-22,7498.96,2026-08-17,26.0,6875.0,657.1,0.2344,12.95,0.2248
2026-07-22,7498.96,2026-08-17,26.0,6900.0,633.1,0.2303,13.8,0.2208
2026-07-22,7498.96,2026-08-17,26.0,6925.0,609.1,0.226,14.75,0.217
2026-07-22,7498.96,2026-08-17,26.0,6950.0,585.0,0.2211,15.85,0.2134
2026-07-22,7498.96,2026-08-17,26.0,6975.0,561.3,0.2173,17.0,0.2097
2026-07-22,7498.96,2026-08-17,26.0,7000.0,537.6,0.2131,18.25,0.2059
2026-07-22,7498.96,2026-08-17,26.0,7025.0,514.0,0.209,19.65,0.2023
2026-07-22,7498.96,2026-08-17,26.0,7050.0,490.6,0.205,21.2,0.1987
2026-07-22,7498.96,2026-08-17,26.0,7075.0,467.3,0.201,22.95,0.1952
2026-07-22,7498.96,2026-08-17,26.0,7100.0,444.1,0.1969,24.75,0.1915
2026-07-22,7498.96,2026-08-17,26.0,7125.0,421.2,0.193,26.8,0.1879
2026-07-22,7498.96,2026-08-17,26.0,7150.0,398.4,0.189,29.05,0.1844
2026-07-22,7498.96,2026-08-17,26.0,7160.0,389.2,0.1871,29.95,0.1828
2026-07-22,7498.96,2026-08-17,26.0,7170.0,380.2,0.1856,30.95,0.1814
2026-07-22,7498.96,2026-08-17,26.0,7175.0,375.8,0.185,31.45,0.1807
2026-07-22,7498.96,2026-08-17,26.0,7180.0,371.3,0.1842,31.95,0.1799
2026-07-22,7498.96,2026-08-17,26.0,7190.0,362.4,0.1827,33.05,0.1785
2026-07-22,7498.96,2026-08-17,26.0,7200.0,353.5,0.1811,34.0,0.1768
2026-07-22,7498.96,2026-08-17,26.0,7210.0,344.5,0.1793,35.3,0.1756
2026-07-22,7498.96,2026-08-17,26.0,7220.0,335.7,0.1778,36.5,0.1742
2026-07-22,7498.96,2026-08-17,26.0,7225.0,331.4,0.1772,37.1,0.1734
2026-07-22,7498.96,2026-08-17,26.0,7230.0,327.0,0.1763,37.7,0.1727
2026-07-22,7498.96,2026-08-17,26.0,7240.0,318.3,0.1748,39.0,0.1712
2026-07-22,7498.96,2026-08-17,26.0,7250.0,315.6,0.1835,40.3,0.1697
2026-07-22,7498.96,2026-08-17,26.0,7260.0,306.4,0.1808,41.7,0.1683
2026-07-22,7498.96,2026-08-17,26.0,7270.0,298.4,0.18,43.2,0.1669
2026-07-22,7498.96,2026-08-17,26.0,7275.0,294.1,0.1791,43.9,0.1661
2026-07-22,7498.96,2026-08-17,26.0,7280.0,289.8,0.1781,44.7,0.1654
2026-07-22,7498.96,2026-08-17,26.0,7290.0,281.3,0.1764,46.2,0.1639
2026-07-22,7498.96,2026-08-17,26.0,7300.0,272.9,0.1746,47.8,0.1624
2026-07-22,7498.96,2026-08-17,26.0,7310.0,264.5,0.1728,49.5,0.1609
2026-07-22,7498.96,2026-08-17,26.0,7320.0,256.2,0.1711,51.15,0.1593
2026-07-22,7498.96,2026-08-17,26.0,7325.0,252.1,0.1703,52.1,0.1586
2026-07-22,7498.96,2026-08-17,26.0,7330.0,248.0,0.1694,53.0,0.1579
2026-07-22,7498.96,2026-08-17,26.0,7340.0,239.8,0.1676,54.8,0.1563
2026-07-22,7498.96,2026-08-17,26.0,7350.0,231.7,0.1659,56.8,0.1548
2026-07-22,7498.96,2026-08-17,26.0,7360.0,223.7,0.1642,58.8,0.1533
2026-07-22,7498.96,2026-08-17,26.0,7370.0,215.7,0.1624,60.95,0.1518
2026-07-22,7498.96,2026-08-17,26.0,7375.0,206.4,0.154,61.9,0.1509
2026-07-22,7498.96,2026-08-17,26.0,7380.0,202.5,0.1532,62.95,0.15
2026-07-22,7498.96,2026-08-17,26.0,7390.0,194.95,0.1519,65.15,0.1484
2026-07-22,7498.96,2026-08-17,26.0,7400.0,187.3,0.1503,67.3,0.1466
2026-07-22,7498.96,2026-08-17,26.0,7410.0,179.35,0.1482,69.9,0.1452
2026-07-22,7498.96,2026-08-17,26.0,7420.0,172.15,0.147,72.45,0.1437
2026-07-22,7498.96,2026-08-17,26.0,7425.0,168.55,0.1463,73.7,0.1428
2026-07-22,7498.96,2026-08-17,26.0,7430.0,164.8,0.1454,75.0,0.142
2026-07-22,7498.96,2026-08-17,26.0,7440.0,157.6,0.1439,77.8,0.1404
2026-07-22,7498.96,2026-08-17,26.0,7450.0,150.4,0.1422,80.55,0.1387
2026-07-22,7498.96,2026-08-17,26.0,7460.0,143.6,0.1409,83.65,0.1372
2026-07-22,7498.96,2026-08-17,26.0,7470.0,136.45,0.139,86.55,0.1354
2026-07-22,7498.96,2026-08-17,26.0,7475.0,133.15,0.1384,88.15,0.1346
2026-07-22,7498.96,2026-08-17,26.0,7480.0,129.6,0.1374,89.75,0.1337
2026-07-22,7498.96,2026-08-17,26.0,7490.0,123.25,0.1362,92.95,0.1319
2026-07-22,7498.96,2026-08-17,26.0,7500.0,116.6,0.1344,96.75,0.1307
2026-07-22,7498.96,2026-08-17,26.0,7510.0,110.2,0.1328,100.35,0.129
2026-07-22,7498.96,2026-08-17,26.0,7520.0,103.95,0.1312,104.05,0.1272
2026-07-22,7498.96,2026-08-17,26.0,7525.0,101.0,0.1305,105.9,0.1262
2026-07-22,7498.96,2026-08-17,26.0,7530.0,98.0,0.1298,107.9,0.1254
2026-07-22,7498.96,2026-08-17,26.0,7540.0,92.05,0.1282,111.7,0.1234
2026-07-22,7498.96,2026-08-17,26.0,7550.0,86.2,0.1265,116.05,0.1218
2026-07-22,7498.96,2026-08-17,26.0,7560.0,80.7,0.125,120.5,0.12
2026-07-22,7498.96,2026-08-17,26.0,7570.0,75.35,0.1235,125.3,0.1185
2026-07-22,7498.96,2026-08-17,26.0,7575.0,72.9,0.123,127.6,0.1176
2026-07-22,7498.96,2026-08-17,26.0,7580.0,70.05,0.1219,130.2,0.1169
2026-07-22,7498.96,2026-08-17,26.0,7590.0,65.4,0.1209,135.0,0.1149
2026-07-22,7498.96,2026-08-17,26.0,7600.0,60.6,0.1194,140.2,0.1131
2026-07-22,7498.96,2026-08-17,26.0,7610.0,56.0,0.118,145.75,0.1114
2026-07-22,7498.96,2026-08-17,26.0,7620.0,51.7,0.1167,151.25,0.1094
2026-07-22,7498.96,2026-08-17,26.0,7625.0,49.65,0.1161,154.2,0.1085
2026-07-22,7498.96,2026-08-17,26.0,7630.0,47.55,0.1154,157.1,0.1075
2026-07-22,7498.96,2026-08-17,26.0,7640.0,43.6,0.114,163.2,0.1055
2026-07-22,7498.96,2026-08-17,26.0,7650.0,39.95,0.1129,169.1,0.1028
2026-07-22,7498.96,2026-08-17,26.0,7675.0,31.55,0.1098,184.7,0.0946
2026-07-22,7498.96,2026-08-17,26.0,7700.0,24.55,0.1072,202.2,0.0819
2026-07-22,7498.96,2026-08-17,26.0,7725.0,18.7,0.1047,223.0,0.0812
2026-07-22,7498.96,2026-08-17,26.0,7750.0,14.1,0.1026,243.0,0.0878
2026-07-22,7498.96,2026-08-17,26.0,7775.0,10.4,0.1007,,
2026-07-22,7498.96,2026-08-17,26.0,7800.0,7.55,0.099,,
2026-07-22,7498.96,2026-08-17,26.0,7825.0,5.45,0.0978,,
2026-07-22,7498.96,2026-08-17,26.0,7850.0,3.95,0.0971,,
2026-07-22,7498.96,2026-08-17,26.0,7875.0,2.9,0.0969,,
2026-07-22,7498.96,2026-08-17,26.0,7900.0,2.15,0.0971,,
2026-07-22,7498.96,2026-08-17,26.0,7925.0,1.62,0.0978,,
2026-07-22,7498.96,2026-08-17,26.0,7950.0,1.25,0.0987,,
2026-07-22,7498.96,2026-08-17,26.0,7975.0,1.02,0.1006,,
2026-07-22,7498.96,2026-08-17,26.0,8000.0,0.85,0.1025,,
2026-07-22,7498.96,2026-08-17,26.0,8025.0,0.75,0.1053,,
2026-07-22,7498.96,2026-08-17,26.0,8050.0,0.65,0.1077,,
2026-07-22,7498.96,2026-08-17,26.0,8075.0,0.57,0.1103,,
2026-07-22,7498.96,2026-08-17,26.0,8100.0,0.5,0.1126,,
2026-07-22,7498.96,2026-08-17,26.0,8200.0,0.35,0.1238,,
2026-07-22,7498.96,2026-08-17,26.0,8300.0,0.25,0.1344,,
2026-07-22,7498.96,2026-08-17,26.0,8400.0,0.2,0.1458,,
2026-07-22,7498.96,2026-08-17,26.0,8600.0,0.15,0.1691,,
2026-07-22,7498.96,2026-08-18,27.0,5800.0,1719.3,0.4482,2.4,0.4081
2026-07-22,7498.96,2026-08-18,27.0,6000.0,1520.55,0.4051,3.15,0.3736
2026-07-22,7498.96,2026-08-18,27.0,6100.0,1421.4,0.3854,3.6,0.3561
2026-07-22,7498.96,2026-08-18,27.0,6200.0,1322.15,0.364,4.15,0.3387
2026-07-22,7498.96,2026-08-18,27.0,6300.0,1223.1,0.3438,4.8,0.3213
2026-07-22,7498.96,2026-08-18,27.0,6400.0,1124.2,0.3239,5.5,0.3032
2026-07-22,7498.96,2026-08-18,27.0,6425.0,1099.5,0.3189,5.8,0.2995
2026-07-22,7498.96,2026-08-18,27.0,6450.0,1074.8,0.3139,6.0,0.2949
2026-07-22,7498.96,2026-08-18,27.0,6475.0,1050.1,0.3088,6.2,0.2902
2026-07-22,7498.96,2026-08-18,27.0,6500.0,1025.4,0.3037,6.5,0.2862
2026-07-22,7498.96,2026-08-18,27.0,6525.0,1000.8,0.2991,6.8,0.282
2026-07-22,7498.96,2026-08-18,27.0,6550.0,976.2,0.2944,7.05,0.2774
2026-07-22,7498.96,2026-08-18,27.0,6575.0,951.5,0.289,7.4,0.2734
2026-07-22,7498.96,2026-08-18,27.0,6600.0,927.0,0.2847,7.7,0.2688
2026-07-22,7498.96,2026-08-18,27.0,6625.0,902.4,0.2797,8.1,0.2648
2026-07-22,7498.96,2026-08-18,27.0,6650.0,877.7,0.2741,8.5,0.2607
2026-07-22,7498.96,2026-08-18,27.0,6675.0,853.2,0.2694,8.9,0.2564
2026-07-22,7498.96,2026-08-18,27.0,6700.0,828.9,0.2656,9.4,0.2525
2026-07-22,7498.96,2026-08-18,27.0,6725.0,804.3,0.2602,9.95,0.2486
2026-07-22,7498.96,2026-08-18,27.0,6750.0,779.9,0.2556,10.5,0.2446
2026-07-22,7498.96,2026-08-18,27.0,6775.0,755.6,0.2513,11.1,0.2406
2026-07-22,7498.96,2026-08-18,27.0,6800.0,731.3,0.2468,11.65,0.2362
2026-07-22,7498.96,2026-08-18,27.0,6825.0,707.1,0.2425,12.45,0.2327
2026-07-22,7498.96,2026-08-18,27.0,6850.0,683.0,0.2384,13.25,0.2289
2026-07-22,7498.96,2026-08-18,27.0,6875.0,658.9,0.2341,14.1,0.2251
2026-07-22,7498.96,2026-08-18,27.0,6900.0,634.8,0.2296,14.9,0.2209
2026-07-22,7498.96,2026-08-18,27.0,6925.0,610.9,0.2255,16.05,0.2176
2026-07-22,7498.96,2026-08-18,27.0,6950.0,587.1,0.2215,17.15,0.2138
2026-07-22,7498.96,2026-08-18,27.0,6975.0,563.3,0.2172,18.25,0.2098
2026-07-22,7498.96,2026-08-18,27.0,7000.0,539.7,0.2132,19.6,0.2062
2026-07-22,7498.96,2026-08-18,27.0,7025.0,516.1,0.209,21.05,0.2025
2026-07-22,7498.96,2026-08-18,27.0,7050.0,492.25,0.2038,22.65,0.1989
2026-07-22,7498.96,2026-08-18,27.0,7075.0,469.45,0.2009,24.35,0.1952
2026-07-22,7498.96,2026-08-18,27.0,7100.0,446.4,0.197,26.25,0.1916
2026-07-22,7498.96,2026-08-18,27.0,7125.0,423.5,0.1931,28.4,0.1882
2026-07-22,7498.96,2026-08-18,27.0,7150.0,400.6,0.1888,30.7,0.1846
2026-07-22,7498.96,2026-08-18,27.0,7175.0,378.3,0.1853,33.4,0.1814
2026-07-22,7498.96,2026-08-18,27.0,7200.0,356.05,0.1814,36.0,0.1775
2026-07-22,7498.96,2026-08-18,27.0,7210.0,347.2,0.1798,37.3,0.1763
2026-07-22,7498.96,2026-08-18,27.0,7220.0,338.4,0.1783,38.5,0.1748
2026-07-22,7498.96,2026-08-18,27.0,7225.0,335.5,0.1801,39.2,0.1742
2026-07-22,7498.96,2026-08-18,27.0,7230.0,329.7,0.1768,39.8,0.1734
2026-07-22,7498.96,2026-08-18,27.0,7240.0,327.0,0.1854,40.95,0.1717
2026-07-22,7498.96,2026-08-18,27.0,7250.0,318.3,0.1836,42.3,0.1702
2026-07-22,7498.96,2026-08-18,27.0,7260.0,309.7,0.1819,43.7,0.1687
2026-07-22,7498.96,2026-08-18,27.0,7270.0,301.1,0.1801,45.35,0.1676
2026-07-22,7498.96,2026-08-18,27.0,7275.0,296.2,0.1782,45.95,0.1666
2026-07-22,7498.96,2026-08-18,27.0,7280.0,292.6,0.1784,46.85,0.1661
2026-07-22,7498.96,2026-08-18,27.0,7290.0,284.2,0.1767,48.5,0.1647
2026-07-22,7498.96,2026-08-18,27.0,7300.0,275.8,0.175,49.85,0.1628
2026-07-22,7498.96,2026-08-18,27.0,7310.0,267.4,0.1732,51.75,0.1616
2026-07-22,7498.96,2026-08-18,27.0,7320.0,259.2,0.1716,53.5,0.1601
2026-07-22,7498.96,2026-08-18,27.0,7325.0,255.0,0.1706,54.4,0.1594
2026-07-22,7498.96,2026-08-18,27.0,7330.0,250.9,0.1697,55.3,0.1586
2026-07-22,7498.96,2026-08-18,27.0,7340.0,242.8,0.1681,57.2,0.1571
2026-07-22,7498.96,2026-08-18,27.0,7350.0,230.65,0.1606,58.9,0.1552
2026-07-22,7498.96,2026-08-18,27.0,7360.0,226.7,0.1646,61.1,0.1539
2026-07-22,7498.96,2026-08-18,27.0,7370.0,214.25,0.1567,63.2,0.1524
2026-07-22,7498.96,2026-08-18,27.0,7375.0,209.7,0.155,64.05,0.1513
2026-07-22,7498.96,2026-08-18,27.0,7380.0,205.9,0.1544,65.35,0.1508
2026-07-22,7498.96,2026-08-18,27.0,7390.0,197.85,0.1523,67.4,0.149
2026-07-22,7498.96,2026-08-18,27.0,7400.0,190.1,0.1506,69.75,0.1474
2026-07-22,7498.96,2026-08-18,27.0,7410.0,182.7,0.1493,72.15,0.1458
2026-07-22,7498.96,2026-08-18,27.0,7420.0,175.4,0.1479,74.65,0.1442
2026-07-22,7498.96,2026-08-18,27.0,7425.0,171.65,0.147,76.2,0.1437
2026-07-22,7498.96,2026-08-18,27.0,7430.0,168.0,0.1463,77.5,0.1428
2026-07-22,7498.96,2026-08-18,27.0,7440.0,160.8,0.1447,80.2,0.1412
2026-07-22,7498.96,2026-08-18,27.0,7450.0,153.55,0.143,82.8,0.1393
2026-07-22,7498.96,2026-08-18,27.0,7460.0,146.3,0.1412,85.85,0.1378
2026-07-22,7498.96,2026-08-18,27.0,7470.0,139.5,0.1397,88.8,0.136
2026-07-22,7498.96,2026-08-18,27.0,7475.0,136.2,0.1391,90.6,0.1355
2026-07-22,7498.96,2026-08-18,27.0,7480.0,132.95,0.1385,92.0,0.1344
2026-07-22,7498.96,2026-08-18,27.0,7490.0,126.15,0.1367,95.5,0.133
2026-07-22,7498.96,2026-08-18,27.0,7500.0,119.7,0.1353,98.8,0.1311
2026-07-22,7498.96,2026-08-18,27.0,7510.0,113.35,0.1337,102.4,0.1295
2026-07-22,7498.96,2026-08-18,27.0,7520.0,107.15,0.1322,106.15,0.1278
2026-07-22,7498.96,2026-08-18,27.0,7525.0,104.05,0.1314,108.05,0.1269
2026-07-22,7498.96,2026-08-18,27.0,7530.0,101.1,0.1307,110.05,0.1261
2026-07-22,7498.96,2026-08-18,27.0,7540.0,95.15,0.1292,114.3,0.1247
2026-07-22,7498.96,2026-08-18,27.0,7550.0,89.4,0.1277,118.5,0.1229
2026-07-22,7498.96,2026-08-18,27.0,7560.0,83.9,0.1263,122.85,0.1212
2026-07-22,7498.96,2026-08-18,27.0,7570.0,78.5,0.1248,127.85,0.12
2026-07-22,7498.96,2026-08-18,27.0,7575.0,75.85,0.124,129.9,0.1187
2026-07-22,7498.96,2026-08-18,27.0,7580.0,73.3,0.1233,132.3,0.1179
2026-07-22,7498.96,2026-08-18,27.0,7590.0,68.25,0.1219,137.5,0.1165
2026-07-22,7498.96,2026-08-18,27.0,7600.0,63.45,0.1205,142.5,0.1145
2026-07-22,7498.96,2026-08-18,27.0,7610.0,58.9,0.1192,147.9,0.1128
2026-07-22,7498.96,2026-08-18,27.0,7620.0,54.45,0.1179,153.3,0.1107
2026-07-22,7498.96,2026-08-18,27.0,7625.0,52.4,0.1173,156.3,0.11
2026-07-22,7498.96,2026-08-18,27.0,7630.0,50.25,0.1166,159.25,0.1091
2026-07-22,7498.96,2026-08-18,27.0,7640.0,46.3,0.1154,165.0,0.1068
2026-07-22,7498.96,2026-08-18,27.0,7650.0,42.5,0.1141,170.6,0.1039
2026-07-22,7498.96,2026-08-18,27.0,7675.0,33.95,0.1112,186.4,0.0968
2026-07-22,7498.96,2026-08-18,27.0,7700.0,26.7,0.1086,203.6,0.0862
2026-07-22,7498.96,2026-08-18,27.0,7725.0,20.6,0.1061,224.2,0.0805
2026-07-22,7498.96,2026-08-18,27.0,7750.0,15.7,0.104,243.9,0.0869
2026-07-22,7498.96,2026-08-18,27.0,7775.0,11.75,0.1021,264.7,0.0933
2026-07-22,7498.96,2026-08-18,27.0,7800.0,8.7,0.1005,,
2026-07-22,7498.96,2026-08-18,27.0,7825.0,6.4,0.0993,,
2026-07-22,7498.96,2026-08-18,27.0,7850.0,4.7,0.0985,,
2026-07-22,7498.96,2026-08-18,27.0,7875.0,3.45,0.0981,,
2026-07-22,7498.96,2026-08-18,27.0,7900.0,2.58,0.0981,,
2026-07-22,7498.96,2026-08-18,27.0,7925.0,1.95,0.0986,,
2026-07-22,7498.96,2026-08-18,27.0,7950.0,1.5,0.0994,,
2026-07-22,7498.96,2026-08-18,27.0,7975.0,1.2,0.1008,,
2026-07-22,7498.96,2026-08-18,27.0,8000.0,1.0,0.1027,,
2026-07-22,7498.96,2026-08-18,27.0,8025.0,0.85,0.1048,,
2026-07-22,7498.96,2026-08-18,27.0,8050.0,0.75,0.1074,,
2026-07-22,7498.96,2026-08-18,27.0,8075.0,0.65,0.1097,,
2026-07-22,7498.96,2026-08-18,27.0,8100.0,0.6,0.1127,,
2026-07-22,7498.96,2026-08-18,27.0,8200.0,0.4,0.1231,,
2026-07-22,7498.96,2026-08-18,27.0,8300.0,0.28,0.1331,,
2026-07-22,7498.96,2026-08-18,27.0,8400.0,0.2,0.143,,
2026-07-22,7498.96,2026-08-18,27.0,8600.0,0.15,0.1658,,
2026-07-22,7498.96,2026-08-19,28.0,5800.0,1719.55,0.4359,2.67,0.4065
2026-07-22,7498.96,2026-08-19,28.0,6000.0,1521.1,0.3975,3.5,0.3724
2026-07-22,7498.96,2026-08-19,28.0,6100.0,1421.9,0.3775,4.0,0.3551
2026-07-22,7498.96,2026-08-19,28.0,6200.0,1322.8,0.3579,4.55,0.3374
2026-07-22,7498.96,2026-08-19,28.0,6300.0,1223.7,0.3376,5.25,0.3201
2026-07-22,7498.96,2026-08-19,28.0,6400.0,1124.9,0.3187,6.1,0.303
2026-07-22,7498.96,2026-08-19,28.0,6425.0,1100.2,0.3138,6.35,0.2987
2026-07-22,7498.96,2026-08-19,28.0,6450.0,1075.5,0.3088,6.6,0.2944
2026-07-22,7498.96,2026-08-19,28.0,6475.0,1050.8,0.3038,6.85,0.29
2026-07-22,7498.96,2026-08-19,28.0,6500.0,1026.2,0.2993,7.1,0.2855
2026-07-22,7498.96,2026-08-19,28.0,6525.0,1001.6,0.2948,7.4,0.2813
2026-07-22,7498.96,2026-08-19,28.0,6550.0,977.0,0.2901,7.75,0.2772
2026-07-22,7498.96,2026-08-19,28.0,6575.0,952.4,0.2853,8.1,0.273
2026-07-22,7498.96,2026-08-19,28.0,6600.0,927.8,0.2805,8.45,0.2688
2026-07-22,7498.96,2026-08-19,28.0,6625.0,903.3,0.276,8.85,0.2646
2026-07-22,7498.96,2026-08-19,28.0,6650.0,878.8,0.2715,9.3,0.2606
2026-07-22,7498.96,2026-08-19,28.0,6675.0,854.3,0.2668,9.75,0.2565
2026-07-22,7498.96,2026-08-19,28.0,6700.0,829.7,0.2616,10.15,0.2519
2026-07-22,7498.96,2026-08-19,28.0,6725.0,805.35,0.2574,10.8,0.2484
2026-07-22,7498.96,2026-08-19,28.0,6750.0,781.0,0.253,11.4,0.2445
2026-07-22,7498.96,2026-08-19,28.0,6775.0,756.7,0.2487,12.0,0.2404
2026-07-22,7498.96,2026-08-19,28.0,6800.0,732.5,0.2446,12.75,0.2368
2026-07-22,7498.96,2026-08-19,28.0,6825.0,708.3,0.2403,13.5,0.2329
2026-07-22,7498.96,2026-08-19,28.0,6850.0,684.2,0.2362,14.35,0.2292
2026-07-22,7498.96,2026-08-19,28.0,6875.0,660.2,0.2322,15.25,0.2254
2026-07-22,7498.96,2026-08-19,28.0,6900.0,636.2,0.228,16.05,0.221
2026-07-22,7498.96,2026-08-19,28.0,6925.0,612.2,0.2236,17.25,0.2177
2026-07-22,7498.96,2026-08-19,28.0,6950.0,588.5,0.2198,18.3,0.2137
2026-07-22,7498.96,2026-08-19,28.0,6975.0,564.8,0.2158,19.75,0.2106
2026-07-22,7498.96,2026-08-19,28.0,7000.0,540.8,0.2107,21.0,0.2065
2026-07-22,7498.96,2026-08-19,28.0,7025.0,517.8,0.208,22.7,0.2034
2026-07-22,7498.96,2026-08-19,28.0,7050.0,494.5,0.2041,24.35,0.1998
2026-07-22,7498.96,2026-08-19,28.0,7075.0,471.3,0.2002,26.2,0.1963
2026-07-22,7498.96,2026-08-19,28.0,7100.0,448.3,0.1963,28.2,0.1927
2026-07-22,7498.96,2026-08-19,28.0,7125.0,425.5,0.1925,30.2,0.1888
2026-07-22,7498.96,2026-08-19,28.0,7150.0,402.8,0.1886,32.5,0.1851
2026-07-22,7498.96,2026-08-19,28.0,7175.0,380.35,0.1847,35.3,0.182
2026-07-22,7498.96,2026-08-19,28.0,7200.0,358.2,0.181,37.95,0.1781
2026-07-22,7498.96,2026-08-19,28.0,7225.0,342.3,0.1874,41.2,0.1748
2026-07-22,7498.96,2026-08-19,28.0,7250.0,320.6,0.1831,44.6,0.1712
2026-07-22,7498.96,2026-08-19,28.0,7275.0,299.3,0.1789,48.25,0.1675
2026-07-22,7498.96,2026-08-19,28.0,7300.0,278.2,0.1746,52.25,0.1638
2026-07-22,7498.96,2026-08-19,28.0,7310.0,269.9,0.1729,54.0,0.1623
2026-07-22,7498.96,2026-08-19,28.0,7320.0,261.7,0.1713,55.8,0.1609
2026-07-22,7498.96,2026-08-19,28.0,7325.0,257.6,0.1705,56.7,0.1601
2026-07-22,7498.96,2026-08-19,28.0,7330.0,253.5,0.1696,57.6,0.1593
2026-07-22,7498.96,2026-08-19,28.0,7340.0,245.3,0.1678,59.5,0.1578
2026-07-22,7498.96,2026-08-19,28.0,7350.0,237.3,0.1662,61.5,0.1563
2026-07-22,7498.96,2026-08-19,28.0,7360.0,228.1,0.1629,63.5,0.1548
2026-07-22,7498.96,2026-08-19,28.0,7370.0,216.25,0.1559,65.6,0.1532
2026-07-22,7498.96,2026-08-19,28.0,7375.0,212.1,0.1548,66.65,0.1524
2026-07-22,7498.96,2026-08-19,28.0,7380.0,208.4,0.1543,67.75,0.1516
2026-07-22,7498.96,2026-08-19,28.0,7390.0,200.7,0.1527,70.0,0.15
2026-07-22,7498.96,2026-08-19,28.0,7400.0,193.1,0.1512,72.35,0.1485
2026-07-22,7498.96,2026-08-19,28.0,7410.0,185.6,0.1497,74.8,0.1469
2026-07-22,7498.96,2026-08-19,28.0,7420.0,178.2,0.1482,77.35,0.1453
2026-07-22,7498.96,2026-08-19,28.0,7425.0,174.3,0.1472,78.6,0.1445
2026-07-22,7498.96,2026-08-19,28.0,7430.0,170.75,0.1465,79.95,0.1437
2026-07-22,7498.96,2026-08-19,28.0,7440.0,163.5,0.145,82.65,0.142
2026-07-22,7498.96,2026-08-19,28.0,7450.0,156.45,0.1435,85.5,0.1405
2026-07-22,7498.96,2026-08-19,28.0,7460.0,149.5,0.1421,88.45,0.1388
2026-07-22,7498.96,2026-08-19,28.0,7470.0,142.35,0.1402,91.7,0.1375
2026-07-22,7498.96,2026-08-19,28.0,7475.0,139.0,0.1395,93.1,0.1364
2026-07-22,7498.96,2026-08-19,28.0,7480.0,135.65,0.1388,94.75,0.1357
2026-07-22,7498.96,2026-08-19,28.0,7490.0,129.1,0.1374,98.0,0.134
2026-07-22,7498.96,2026-08-19,28.0,7500.0,122.55,0.1358,101.3,0.1321
2026-07-22,7498.96,2026-08-19,28.0,7510.0,116.15,0.1343,105.2,0.1309
2026-07-22,7498.96,2026-08-19,28.0,7520.0,110.1,0.133,108.85,0.1291
2026-07-22,7498.96,2026-08-19,28.0,7525.0,106.95,0.1321,110.85,0.1284
2026-07-22,7498.96,2026-08-19,28.0,7530.0,103.85,0.1313,112.6,0.1273
2026-07-22,7498.96,2026-08-19,28.0,7540.0,97.9,0.1297,117.0,0.1261
2026-07-22,7498.96,2026-08-19,28.0,7550.0,92.2,0.1283,121.2,0.1244
2026-07-22,7498.96,2026-08-19,28.0,7560.0,86.6,0.1269,125.45,0.1226
2026-07-22,7498.96,2026-08-19,28.0,7570.0,81.2,0.1255,130.0,0.1209
2026-07-22,7498.96,2026-08-19,28.0,7575.0,78.55,0.1247,132.45,0.1202
2026-07-22,7498.96,2026-08-19,28.0,7580.0,75.95,0.124,134.55,0.119
2026-07-22,7498.96,2026-08-19,28.0,7590.0,70.95,0.1227,139.45,0.1173
2026-07-22,7498.96,2026-08-19,28.0,7600.0,66.05,0.1213,144.7,0.1158
2026-07-22,7498.96,2026-08-19,28.0,7610.0,61.45,0.12,150.0,0.114
2026-07-22,7498.96,2026-08-19,28.0,7620.0,56.95,0.1187,155.7,0.1125
2026-07-22,7498.96,2026-08-19,28.0,7625.0,54.8,0.118,158.4,0.1114
2026-07-22,7498.96,2026-08-19,28.0,7630.0,52.7,0.1174,161.3,0.1106
2026-07-22,7498.96,2026-08-19,28.0,7640.0,48.7,0.1162,167.4,0.109
2026-07-22,7498.96,2026-08-19,28.0,7650.0,44.85,0.115,173.4,0.1068
2026-07-22,7498.96,2026-08-19,28.0,7675.0,36.05,0.1121,188.25,0.0991
2026-07-22,7498.96,2026-08-19,28.0,7700.0,28.6,0.1095,205.6,0.091
2026-07-22,7498.96,2026-08-19,28.0,7725.0,22.3,0.107,225.7,0.0798
2026-07-22,7498.96,2026-08-19,28.0,7750.0,17.15,0.1049,245.2,0.0862
2026-07-22,7498.96,2026-08-19,28.0,7775.0,13.0,0.103,265.85,0.0924
2026-07-22,7498.96,2026-08-19,28.0,7800.0,9.75,0.1015,,
2026-07-22,7498.96,2026-08-19,28.0,7825.0,7.25,0.1003,,
2026-07-22,7498.96,2026-08-19,28.0,7850.0,5.4,0.0995,,
2026-07-22,7498.96,2026-08-19,28.0,7875.0,4.0,0.0989,,
2026-07-22,7498.96,2026-08-19,28.0,7900.0,3.0,0.0989,,
2026-07-22,7498.96,2026-08-19,28.0,7925.0,2.27,0.0992,,
2026-07-22,7498.96,2026-08-19,28.0,7950.0,1.77,0.1,,
2026-07-22,7498.96,2026-08-19,28.0,7975.0,1.4,0.101,,
2026-07-22,7498.96,2026-08-19,28.0,8000.0,1.15,0.1027,,
2026-07-22,7498.96,2026-08-19,28.0,8025.0,0.95,0.1043,,
2026-07-22,7498.96,2026-08-19,28.0,8050.0,0.85,0.1071,,
2026-07-22,7498.96,2026-08-19,28.0,8075.0,0.75,0.1095,,
2026-07-22,7498.96,2026-08-19,28.0,8100.0,0.65,0.1116,,
2026-07-22,7498.96,2026-08-19,28.0,8200.0,0.45,0.1224,,
2026-07-22,7498.96,2026-08-19,28.0,8300.0,0.33,0.1328,,
2026-07-22,7498.96,2026-08-19,28.0,8400.0,0.25,0.1433,,
2026-07-22,7498.96,2026-08-19,28.0,8600.0,0.17,0.1649,,
2026-07-22,7498.96,2026-08-20,29.0,5800.0,1719.7,0.4224,2.9,0.4037
2026-07-22,7498.96,2026-08-20,29.0,6000.0,1521.1,0.384,3.75,0.3696
2026-07-22,7498.96,2026-08-20,29.0,6100.0,1421.95,0.3655,4.3,0.3528
2026-07-22,7498.96,2026-08-20,29.0,6200.0,1322.9,0.3472,4.95,0.3359
2026-07-22,7498.96,2026-08-20,29.0,6300.0,1224.0,0.3293,5.65,0.3184
2026-07-22,7498.96,2026-08-20,29.0,6400.0,1125.2,0.311,6.6,0.3018
2026-07-22,7498.96,2026-08-20,29.0,6425.0,1100.5,0.3062,6.8,0.2971
2026-07-22,7498.96,2026-08-20,29.0,6450.0,1075.9,0.3021,7.1,0.2931
2026-07-22,7498.96,2026-08-20,29.0,6475.0,1051.2,0.2972,7.4,0.289
2026-07-22,7498.96,2026-08-20,29.0,6500.0,1026.6,0.2928,7.7,0.2848
2026-07-22,7498.96,2026-08-20,29.0,6525.0,1002.0,0.2884,8.0,0.2804
2026-07-22,7498.96,2026-08-20,29.0,6550.0,977.4,0.2838,8.4,0.2766
2026-07-22,7498.96,2026-08-20,29.0,6575.0,952.9,0.2797,8.75,0.2723
2026-07-22,7498.96,2026-08-20,29.0,6600.0,928.3,0.275,9.15,0.2682
2026-07-22,7498.96,2026-08-20,29.0,6625.0,903.7,0.2701,9.6,0.2643
2026-07-22,7498.96,2026-08-20,29.0,6650.0,879.2,0.2657,10.05,0.2602
2026-07-22,7498.96,2026-08-20,29.0,6675.0,854.8,0.2616,10.55,0.2562
2026-07-22,7498.96,2026-08-20,29.0,6700.0,830.4,0.2574,11.1,0.2523
2026-07-22,7498.96,2026-08-20,29.0,6725.0,806.1,0.2534,11.7,0.2484
2026-07-22,7498.96,2026-08-20,29.0,6750.0,781.8,0.2493,12.3,0.2444
2026-07-22,7498.96,2026-08-20,29.0,6775.0,757.6,0.2454,13.0,0.2406
2026-07-22,7498.96,2026-08-20,29.0,6800.0,733.4,0.2414,13.7,0.2366
2026-07-22,7498.96,2026-08-20,29.0,6825.0,709.3,0.2374,14.55,0.2329
2026-07-22,7498.96,2026-08-20,29.0,6850.0,685.2,0.2333,15.45,0.2293
2026-07-22,7498.96,2026-08-20,29.0,6875.0,661.2,0.2294,16.35,0.2254
2026-07-22,7498.96,2026-08-20,29.0,6900.0,637.3,0.2255,17.4,0.2217
2026-07-22,7498.96,2026-08-20,29.0,6925.0,613.4,0.2214,18.55,0.2181
2026-07-22,7498.96,2026-08-20,29.0,6950.0,589.7,0.2176,19.8,0.2146
2026-07-22,7498.96,2026-08-20,29.0,6975.0,566.1,0.2139,21.15,0.211
2026-07-22,7498.96,2026-08-20,29.0,7000.0,542.6,0.2101,22.65,0.2075
2026-07-22,7498.96,2026-08-20,29.0,7025.0,519.2,0.2063,24.25,0.2039
2026-07-22,7498.96,2026-08-20,29.0,7050.0,495.95,0.2025,26.0,0.2004
2026-07-22,7498.96,2026-08-20,29.0,7075.0,472.9,0.1989,27.9,0.1969
2026-07-22,7498.96,2026-08-20,29.0,7100.0,450.0,0.1952,30.0,0.1934
2026-07-22,7498.96,2026-08-20,29.0,7125.0,427.15,0.1913,32.2,0.1898
2026-07-22,7498.96,2026-08-20,29.0,7150.0,404.7,0.1879,34.6,0.1862
2026-07-22,7498.96,2026-08-20,29.0,7175.0,382.2,0.1839,37.3,0.1827
2026-07-22,7498.96,2026-08-20,29.0,7200.0,360.2,0.1804,40.2,0.1792
2026-07-22,7498.96,2026-08-20,29.0,7225.0,344.4,0.1866,43.4,0.1756
2026-07-22,7498.96,2026-08-20,29.0,7250.0,322.35,0.1818,46.85,0.1721
2026-07-22,7498.96,2026-08-20,29.0,7275.0,301.5,0.1783,50.55,0.1684
2026-07-22,7498.96,2026-08-20,29.0,7300.0,280.5,0.1742,54.7,0.1648
2026-07-22,7498.96,2026-08-20,29.0,7310.0,271.45,0.1714,56.45,0.1633
2026-07-22,7498.96,2026-08-20,29.0,7320.0,263.15,0.1697,58.2,0.1618
2026-07-22,7498.96,2026-08-20,29.0,7325.0,259.9,0.17,59.15,0.1611
2026-07-22,7498.96,2026-08-20,29.0,7330.0,255.8,0.1692,60.05,0.1603
2026-07-22,7498.96,2026-08-20,29.0,7340.0,247.7,0.1675,62.0,0.1588
2026-07-22,7498.96,2026-08-20,29.0,7350.0,239.7,0.1659,63.95,0.1573
2026-07-22,7498.96,2026-08-20,29.0,7360.0,231.7,0.1642,66.05,0.1558
2026-07-22,7498.96,2026-08-20,29.0,7370.0,218.7,0.1558,68.15,0.1542
2026-07-22,7498.96,2026-08-20,29.0,7375.0,214.8,0.155,69.25,0.1535
2026-07-22,7498.96,2026-08-20,29.0,7380.0,210.6,0.1539,70.35,0.1527
2026-07-22,7498.96,2026-08-20,29.0,7390.0,203.15,0.1527,72.65,0.1511
2026-07-22,7498.96,2026-08-20,29.0,7400.0,195.7,0.1513,74.95,0.1495
2026-07-22,7498.96,2026-08-20,29.0,7410.0,187.8,0.1493,77.45,0.148
2026-07-22,7498.96,2026-08-20,29.0,7420.0,180.45,0.1479,79.95,0.1464
2026-07-22,7498.96,2026-08-20,29.0,7425.0,177.0,0.1474,81.25,0.1456
2026-07-22,7498.96,2026-08-20,29.0,7430.0,173.3,0.1466,82.6,0.1448
2026-07-22,7498.96,2026-08-20,29.0,7440.0,166.0,0.145,85.35,0.1432
2026-07-22,7498.96,2026-08-20,29.0,7450.0,159.05,0.1437,88.25,0.1417
2026-07-22,7498.96,2026-08-20,29.0,7460.0,152.05,0.1422,91.2,0.1401
2026-07-22,7498.96,2026-08-20,29.0,7470.0,145.0,0.1405,94.2,0.1384
2026-07-22,7498.96,2026-08-20,29.0,7475.0,141.7,0.1398,95.8,0.1376
2026-07-22,7498.96,2026-08-20,29.0,7480.0,138.45,0.1392,97.4,0.1368
2026-07-22,7498.96,2026-08-20,29.0,7490.0,131.9,0.1379,100.8,0.1353
2026-07-22,7498.96,2026-08-20,29.0,7500.0,125.2,0.1361,104.2,0.1336
2026-07-22,7498.96,2026-08-20,29.0,7510.0,119.0,0.1349,107.8,0.1321
2026-07-22,7498.96,2026-08-20,29.0,7520.0,112.85,0.1335,111.6,0.1305
2026-07-22,7498.96,2026-08-20,29.0,7525.0,109.65,0.1326,113.5,0.1297
2026-07-22,7498.96,2026-08-20,29.0,7530.0,106.7,0.1319,115.4,0.1288
2026-07-22,7498.96,2026-08-20,29.0,7540.0,100.65,0.1303,119.75,0.1276
2026-07-22,7498.96,2026-08-20,29.0,7550.0,94.9,0.1289,123.95,0.126
2026-07-22,7498.96,2026-08-20,29.0,7560.0,89.3,0.1275,128.1,0.1241
2026-07-22,7498.96,2026-08-20,29.0,7570.0,83.85,0.1261,132.45,0.1222
2026-07-22,7498.96,2026-08-20,29.0,7575.0,81.2,0.1254,134.7,0.1213
2026-07-22,7498.96,2026-08-20,29.0,7580.0,78.65,0.1248,137.45,0.121
2026-07-22,7498.96,2026-08-20,29.0,7590.0,73.55,0.1234,142.35,0.1193
2026-07-22,7498.96,2026-08-20,29.0,7600.0,68.65,0.122,147.15,0.1173
2026-07-22,7498.96,2026-08-20,29.0,7625.0,57.3,0.1189,160.7,0.1131
2026-07-22,7498.96,2026-08-20,29.0,7650.0,47.15,0.1158,175.6,0.1088
2026-07-22,7498.96,2026-08-20,29.0,7675.0,38.3,0.1131,190.4,0.1018
2026-07-22,7498.96,2026-08-20,29.0,7700.0,30.6,0.1104,212.2,0.1042
2026-07-22,7498.96,2026-08-20,29.0,7725.0,24.1,0.1081,224.5,0.0791
2026-07-22,7498.96,2026-08-20,29.0,7750.0,18.75,0.106,246.9,0.0854
2026-07-22,7498.96,2026-08-20,29.0,7775.0,14.4,0.1042,267.2,0.0916
2026-07-22,7498.96,2026-08-20,29.0,7800.0,10.95,0.1027,,
2026-07-22,7498.96,2026-08-20,29.0,7825.0,8.25,0.1015,,
2026-07-22,7498.96,2026-08-20,29.0,7850.0,6.15,0.1004,,
2026-07-22,7498.96,2026-08-20,29.0,7875.0,4.6,0.0998,,
2026-07-22,7498.96,2026-08-20,29.0,7900.0,3.5,0.0998,,
2026-07-22,7498.96,2026-08-20,29.0,7925.0,2.65,0.0998,,
2026-07-22,7498.96,2026-08-20,29.0,7950.0,2.05,0.1004,,
2026-07-22,7498.96,2026-08-20,29.0,7975.0,1.62,0.1014,,
2026-07-22,7498.96,2026-08-20,29.0,8000.0,1.3,0.1025,,
2026-07-22,7498.96,2026-08-20,29.0,8025.0,1.1,0.1044,,
2026-07-22,7498.96,2026-08-20,29.0,8050.0,0.95,0.1066,,
2026-07-22,7498.96,2026-08-20,29.0,8100.0,0.75,0.1115,,
2026-07-22,7498.96,2026-08-20,29.0,8200.0,0.5,0.1215,,
2026-07-22,7498.96,2026-08-20,29.0,8400.0,0.25,0.1407,,
2026-07-22,7498.96,2026-08-20,29.0,8600.0,0.17,0.162,,
2026-07-22,7498.96,2026-08-21,30.0,5625.0,1894.7,0.4516,2.45,0.4293
2026-07-22,7498.96,2026-08-21,30.0,5630.0,1889.7,0.4501,2.48,0.4286
2026-07-22,7498.96,2026-08-21,30.0,5640.0,1879.8,0.4488,2.55,0.4279
2026-07-22,7498.96,2026-08-21,30.0,5650.0,1869.9,0.4475,2.52,0.425
2026-07-22,7498.96,2026-08-21,30.0,5660.0,1859.9,0.4446,2.58,0.4237
2026-07-22,7498.96,2026-08-21,30.0,5670.0,1850.0,0.4433,2.65,0.4229
2026-07-22,7498.96,2026-08-21,30.0,5675.0,1845.0,0.4418,2.62,0.4212
2026-07-22,7498.96,2026-08-21,30.0,5680.0,1840.1,0.4419,2.67,0.421
2026-07-22,7498.96,2026-08-21,30.0,5690.0,1830.1,0.439,2.67,0.4187
2026-07-22,7498.96,2026-08-21,30.0,5700.0,1820.2,0.4376,2.73,0.4173
2026-07-22,7498.96,2026-08-21,30.0,5710.0,1810.3,0.4363,2.73,0.415
2026-07-22,7498.96,2026-08-21,30.0,5720.0,1800.3,0.4334,2.77,0.4136
2026-07-22,7498.96,2026-08-21,30.0,5725.0,1795.4,0.4334,2.8,0.4129
2026-07-22,7498.96,2026-08-21,30.0,5730.0,1790.4,0.432,2.85,0.4127
2026-07-22,7498.96,2026-08-21,30.0,5740.0,1780.5,0.4306,2.88,0.4108
2026-07-22,7498.96,2026-08-21,30.0,5750.0,1770.6,0.4291,2.88,0.4084
2026-07-22,7498.96,2026-08-21,30.0,5760.0,1760.6,0.4262,2.95,0.4074
2026-07-22,7498.96,2026-08-21,30.0,5770.0,1750.7,0.4248,2.98,0.4055
2026-07-22,7498.96,2026-08-21,30.0,5775.0,1745.7,0.4234,2.98,0.4044
2026-07-22,7498.96,2026-08-21,30.0,5780.0,1740.8,0.4233,3.05,0.4045
2026-07-22,7498.96,2026-08-21,30.0,5790.0,1730.9,0.4219,3.05,0.4022
2026-07-22,7498.96,2026-08-21,30.0,5800.0,1720.9,0.419,3.08,0.4002
2026-07-22,7498.96,2026-08-21,30.0,5810.0,1711.0,0.4175,3.15,0.3992
2026-07-22,7498.96,2026-08-21,30.0,5820.0,1701.1,0.416,3.17,0.3972
2026-07-22,7498.96,2026-08-21,30.0,5825.0,1696.1,0.4146,3.17,0.3961
2026-07-22,7498.96,2026-08-21,30.0,5830.0,1691.2,0.4145,3.23,0.3957
2026-07-22,7498.96,2026-08-21,30.0,5840.0,1681.2,0.4117,3.25,0.3938
2026-07-22,7498.96,2026-08-21,30.0,5850.0,1671.3,0.4101,3.3,0.3922
2026-07-22,7498.96,2026-08-21,30.0,5860.0,1661.4,0.4086,3.35,0.3907
2026-07-22,7498.96,2026-08-21,30.0,5870.0,1651.5,0.407,3.35,0.3883
2026-07-22,7498.96,2026-08-21,30.0,5875.0,1646.5,0.4056,3.4,0.3879
2026-07-22,7498.96,2026-08-21,30.0,5880.0,1641.5,0.4042,3.45,0.3875
2026-07-22,7498.96,2026-08-21,30.0,5890.0,1631.6,0.4026,3.45,0.3851
2026-07-22,7498.96,2026-08-21,30.0,5900.0,1621.7,0.4011,3.55,0.3843
2026-07-22,7498.96,2026-08-21,30.0,5910.0,1611.8,0.3995,3.55,0.3819
2026-07-22,7498.96,2026-08-21,30.0,5920.0,1601.9,0.3979,3.6,0.3803
2026-07-22,7498.96,2026-08-21,30.0,5925.0,1596.9,0.3965,3.65,0.3799
2026-07-22,7498.96,2026-08-21,30.0,5930.0,1592.0,0.3962,3.65,0.3787
2026-07-22,7498.96,2026-08-21,30.0,5940.0,1582.0,0.3934,3.7,0.377
2026-07-22,7498.96,2026-08-21,30.0,5950.0,1572.1,0.3918,3.75,0.3754
2026-07-22,7498.96,2026-08-21,30.0,5960.0,1562.2,0.3902,3.8,0.3737
2026-07-22,7498.96,2026-08-21,30.0,5970.0,1552.3,0.3885,3.85,0.372
2026-07-22,7498.96,2026-08-21,30.0,5975.0,1547.3,0.3871,3.85,0.3709
2026-07-22,7498.96,2026-08-21,30.0,5980.0,1542.4,0.3868,3.9,0.3703
2026-07-22,7498.96,2026-08-21,30.0,5990.0,1532.5,0.3852,3.95,0.3686
2026-07-22,7498.96,2026-08-21,30.0,6000.0,1522.6,0.3835,4.1,0.3682
2026-07-22,7498.96,2026-08-21,30.0,6010.0,1512.6,0.3807,4.05,0.3652
2026-07-22,7498.96,2026-08-21,30.0,6020.0,1502.7,0.379,4.2,0.3648
2026-07-22,7498.96,2026-08-21,30.0,6025.0,1497.8,0.3787,4.15,0.363
2026-07-22,7498.96,2026-08-21,30.0,6030.0,1492.8,0.3773,4.2,0.3624
2026-07-22,7498.96,2026-08-21,30.0,6040.0,1482.9,0.3756,4.25,0.3606
2026-07-22,7498.96,2026-08-21,30.0,6050.0,1473.0,0.3738,4.3,0.3589
2026-07-22,7498.96,2026-08-21,30.0,6060.0,1463.1,0.3721,4.3,0.3565
2026-07-22,7498.96,2026-08-21,30.0,6070.0,1453.2,0.3703,4.45,0.3559
2026-07-22,7498.96,2026-08-21,30.0,6075.0,1448.2,0.369,4.45,0.3547
2026-07-22,7498.96,2026-08-21,30.0,6080.0,1443.3,0.3686,4.5,0.3541
2026-07-22,7498.96,2026-08-21,30.0,6090.0,1433.4,0.3668,4.5,0.3518
2026-07-22,7498.96,2026-08-21,30.0,6100.0,1423.5,0.365,4.6,0.3505
2026-07-22,7498.96,2026-08-21,30.0,6110.0,1413.6,0.3632,4.6,0.3481
2026-07-22,7498.96,2026-08-21,30.0,6120.0,1403.7,0.3614,4.8,0.348
2026-07-22,7498.96,2026-08-21,30.0,6125.0,1398.7,0.3601,4.75,0.3462
2026-07-22,7498.96,2026-08-21,30.0,6130.0,1393.8,0.3596,4.8,0.3456
2026-07-22,7498.96,2026-08-21,30.0,6140.0,1383.9,0.3578,4.8,0.3432
2026-07-22,7498.96,2026-08-21,30.0,6150.0,1374.0,0.356,4.9,0.3419
2026-07-22,7498.96,2026-08-21,30.0,6160.0,1364.1,0.3541,4.95,0.34
2026-07-22,7498.96,2026-08-21,30.0,6170.0,1354.2,0.3523,5.1,0.3392
2026-07-22,7498.96,2026-08-21,30.0,6175.0,1349.2,0.3509,5.0,0.337
2026-07-22,7498.96,2026-08-21,30.0,6180.0,1344.3,0.3504,5.15,0.3373
2026-07-22,7498.96,2026-08-21,30.0,6190.0,1334.4,0.3486,5.1,0.3344
2026-07-22,7498.96,2026-08-21,30.0,6200.0,1324.5,0.3467,5.3,0.334
2026-07-22,7498.96,2026-08-21,30.0,6210.0,1314.6,0.3448,5.35,0.3321
2026-07-22,7498.96,2026-08-21,30.0,6220.0,1304.7,0.3429,5.45,0.3307
2026-07-22,7498.96,2026-08-21,30.0,6225.0,1299.8,0.3424,5.45,0.3295
2026-07-22,7498.96,2026-08-21,30.0,6230.0,1294.8,0.3411,5.5,0.3287
2026-07-22,7498.96,2026-08-21,30.0,6240.0,1284.9,0.3391,5.55,0.3268
2026-07-22,7498.96,2026-08-21,30.0,6250.0,1275.0,0.3372,5.65,0.3253
2026-07-22,7498.96,2026-08-21,30.0,6260.0,1265.2,0.3361,5.6,0.3224
2026-07-22,7498.96,2026-08-21,30.0,6270.0,1255.3,0.3342,5.8,0.3218
2026-07-22,7498.96,2026-08-21,30.0,6275.0,1250.3,0.3328,5.8,0.3206
2026-07-22,7498.96,2026-08-21,30.0,6280.0,1245.4,0.3322,5.9,0.3203
2026-07-22,7498.96,2026-08-21,30.0,6290.0,1235.5,0.3303,5.95,0.3183
2026-07-22,7498.96,2026-08-21,30.0,6300.0,1225.6,0.3283,6.1,0.3172
2026-07-22,7498.96,2026-08-21,30.0,6310.0,1215.7,0.3264,6.1,0.3148
2026-07-22,7498.96,2026-08-21,30.0,6320.0,1205.9,0.3251,6.25,0.3136
2026-07-22,7498.96,2026-08-21,30.0,6325.0,1200.9,0.3238,6.25,0.3124
2026-07-22,7498.96,2026-08-21,30.0,6330.0,1196.0,0.3231,6.35,0.312
2026-07-22,7498.96,2026-08-21,30.0,6340.0,1186.1,0.3211,6.3,0.3092
2026-07-22,7498.96,2026-08-21,30.0,6350.0,1176.2,0.3191,6.55,0.3087
2026-07-22,7498.96,2026-08-21,30.0,6360.0,1166.4,0.3178,6.5,0.3059
2026-07-22,7498.96,2026-08-21,30.0,6370.0,1156.5,0.3158,6.75,0.3054
2026-07-22,7498.96,2026-08-21,30.0,6375.0,1151.6,0.3151,6.65,0.3034
2026-07-22,7498.96,2026-08-21,30.0,6380.0,1146.6,0.3138,6.85,0.3037
2026-07-22,7498.96,2026-08-21,30.0,6390.0,1136.8,0.3124,6.85,0.3013
2026-07-22,7498.96,2026-08-21,30.0,6400.0,1126.9,0.3104,7.05,0.3003
2026-07-22,7498.96,2026-08-21,30.0,6410.0,1117.0,0.3083,7.05,0.2979
2026-07-22,7498.96,2026-08-21,30.0,6420.0,1107.2,0.3069,7.25,0.2969
2026-07-22,7498.96,2026-08-21,30.0,6425.0,1102.2,0.3055,7.15,0.2949
2026-07-22,7498.96,2026-08-21,30.0,6430.0,1097.3,0.3048,7.35,0.2951
2026-07-22,7498.96,2026-08-21,30.0,6440.0,1087.5,0.3033,7.35,0.2926
2026-07-22,7498.96,2026-08-21,30.0,6450.0,1077.6,0.3012,7.6,0.2919
2026-07-22,7498.96,2026-08-21,30.0,6460.0,1067.8,0.2998,7.6,0.2894
2026-07-22,7498.96,2026-08-21,30.0,6470.0,1057.9,0.2976,7.85,0.2886
2026-07-22,7498.96,2026-08-21,30.0,6475.0,1053.0,0.2969,7.8,0.2871
2026-07-22,7498.96,2026-08-21,30.0,6480.0,1048.1,0.2961,7.95,0.2868
2026-07-22,7498.96,2026-08-21,30.0,6490.0,1038.2,0.294,7.95,0.2843
2026-07-22,7498.96,2026-08-21,30.0,6500.0,1028.4,0.2924,8.2,0.2834
2026-07-22,7498.96,2026-08-21,30.0,6510.0,1018.6,0.2908,8.2,0.2809
2026-07-22,7498.96,2026-08-21,30.0,6520.0,1008.7,0.2887,8.5,0.2803
2026-07-22,7498.96,2026-08-21,30.0,6525.0,1003.8,0.2879,8.4,0.2784
2026-07-22,7498.96,2026-08-21,30.0,6530.0,998.9,0.2871,8.65,0.2787
2026-07-22,7498.96,2026-08-21,30.0,6540.0,989.1,0.2854,8.65,0.2762
2026-07-22,7498.96,2026-08-21,30.0,6550.0,979.3,0.2838,8.95,0.2754
2026-07-22,7498.96,2026-08-21,30.0,6560.0,969.5,0.2821,8.9,0.2726
2026-07-22,7498.96,2026-08-21,30.0,6570.0,959.7,0.2804,9.3,0.2724
2026-07-22,7498.96,2026-08-21,30.0,6575.0,954.7,0.279,9.2,0.2706
2026-07-22,7498.96,2026-08-21,30.0,6580.0,949.8,0.2782,9.4,0.2704
2026-07-22,7498.96,2026-08-21,30.0,6590.0,940.0,0.2765,9.45,0.2682
2026-07-22,7498.96,2026-08-21,30.0,6600.0,930.2,0.2747,9.8,0.2675
2026-07-22,7498.96,2026-08-21,30.0,6610.0,920.5,0.2734,9.75,0.2647
2026-07-22,7498.96,2026-08-21,30.0,6620.0,910.7,0.2717,10.15,0.2642
2026-07-22,7498.96,2026-08-21,30.0,6625.0,905.8,0.2708,10.0,0.2622
2026-07-22,7498.96,2026-08-21,30.0,6630.0,900.9,0.2699,10.3,0.2624
2026-07-22,7498.96,2026-08-21,30.0,6640.0,891.1,0.268,10.3,0.2599
2026-07-22,7498.96,2026-08-21,30.0,6650.0,881.1,0.2653,10.75,0.2595
2026-07-22,7498.96,2026-08-21,30.0,6660.0,871.35,0.2637,10.75,0.257
2026-07-22,7498.96,2026-08-21,30.0,6670.0,861.55,0.2618,11.15,0.2563
2026-07-22,7498.96,2026-08-21,30.0,6675.0,856.7,0.2611,11.0,0.2543
2026-07-22,7498.96,2026-08-21,30.0,6680.0,851.8,0.2602,11.35,0.2546
2026-07-22,7498.96,2026-08-21,30.0,6690.0,842.05,0.2585,11.3,0.2518
2026-07-22,7498.96,2026-08-21,30.0,6695.0,837.25,0.258,11.4,0.251
2026-07-22,7498.96,2026-08-21,30.0,6700.0,832.35,0.257,11.5,0.2501
2026-07-22,7498.96,2026-08-21,30.0,6705.0,827.45,0.256,11.75,0.2499
2026-07-22,7498.96,2026-08-21,30.0,6710.0,822.4,0.2544,11.85,0.2491
2026-07-22,7498.96,2026-08-21,30.0,6715.0,817.75,0.2545,11.9,0.248
2026-07-22,7498.96,2026-08-21,30.0,6720.0,812.85,0.2535,12.0,0.2471
2026-07-22,7498.96,2026-08-21,30.0,6725.0,808.05,0.2529,12.45,0.2477
2026-07-22,7498.96,2026-08-21,30.0,6730.0,803.15,0.252,12.3,0.2458
2026-07-22,7498.96,2026-08-21,30.0,6735.0,798.3,0.2512,12.35,0.2447
2026-07-22,7498.96,2026-08-21,30.0,6740.0,793.45,0.2504,12.55,0.2442
2026-07-22,7498.96,2026-08-21,30.0,6745.0,788.6,0.2496,12.6,0.2431
2026-07-22,7498.96,2026-08-21,30.0,6750.0,783.75,0.2487,12.75,0.2424
2026-07-22,7498.96,2026-08-21,30.0,6755.0,778.9,0.2479,12.9,0.2417
2026-07-22,7498.96,2026-08-21,30.0,6760.0,774.05,0.2471,13.1,0.2412
2026-07-22,7498.96,2026-08-21,30.0,6765.0,769.25,0.2465,13.15,0.2401
2026-07-22,7498.96,2026-08-21,30.0,6770.0,764.4,0.2456,13.4,0.2397
2026-07-22,7498.96,2026-08-21,30.0,6775.0,759.55,0.2448,13.85,0.2401
2026-07-22,7498.96,2026-08-21,30.0,6780.0,754.75,0.2441,13.7,0.2382
2026-07-22,7498.96,2026-08-21,30.0,6785.0,749.85,0.243,13.8,0.2373
2026-07-22,7498.96,2026-08-21,30.0,6790.0,745.05,0.2424,14.0,0.2367
2026-07-22,7498.96,2026-08-21,30.0,6795.0,740.25,0.2417,14.1,0.2357
2026-07-22,7498.96,2026-08-21,30.0,6800.0,735.35,0.2406,14.3,0.2351
2026-07-22,7498.96,2026-08-21,30.0,6805.0,730.55,0.2399,14.45,0.2344
2026-07-22,7498.96,2026-08-21,30.0,6810.0,725.75,0.2392,14.6,0.2336
2026-07-22,7498.96,2026-08-21,30.0,6815.0,720.95,0.2384,14.8,0.2329
2026-07-22,7498.96,2026-08-21,30.0,6820.0,716.15,0.2377,14.9,0.2319
2026-07-22,7498.96,2026-08-21,30.0,6825.0,711.3,0.2368,15.55,0.2329
2026-07-22,7498.96,2026-08-21,30.0,6830.0,706.5,0.236,15.3,0.2306
2026-07-22,7498.96,2026-08-21,30.0,6835.0,701.65,0.2351,15.45,0.2298
2026-07-22,7498.96,2026-08-21,30.0,6840.0,696.85,0.2343,15.6,0.229
2026-07-22,7498.96,2026-08-21,30.0,6845.0,692.05,0.2336,16.2,0.2296
2026-07-22,7498.96,2026-08-21,30.0,6850.0,687.25,0.2328,16.0,0.2276
2026-07-22,7498.96,2026-08-21,30.0,6855.0,682.5,0.2322,16.6,0.2282
2026-07-22,7498.96,2026-08-21,30.0,6860.0,677.7,0.2314,16.4,0.2262
2026-07-22,7498.96,2026-08-21,30.0,6865.0,672.95,0.2307,17.0,0.2268
2026-07-22,7498.96,2026-08-21,30.0,6870.0,668.15,0.2299,16.8,0.2247
2026-07-22,7498.96,2026-08-21,30.0,6875.0,663.2,0.2286,17.45,0.2254
2026-07-22,7498.96,2026-08-21,30.0,6880.0,658.55,0.2282,17.15,0.2231
2026-07-22,7498.96,2026-08-21,30.0,6885.0,653.8,0.2275,17.85,0.2239
2026-07-22,7498.96,2026-08-21,30.0,6890.0,649.05,0.2268,17.6,0.2217
2026-07-22,7498.96,2026-08-21,30.0,6895.0,644.1,0.2255,18.3,0.2225
2026-07-22,7498.96,2026-08-21,30.0,6900.0,639.5,0.2252,18.05,0.2203
2026-07-22,7498.96,2026-08-21,30.0,6905.0,634.75,0.2245,18.8,0.2212
2026-07-22,7498.96,2026-08-21,30.0,6910.0,630.0,0.2238,18.5,0.2189
2026-07-22,7498.96,2026-08-21,30.0,6915.0,625.25,0.223,18.7,0.218
2026-07-22,7498.96,2026-08-21,30.0,6920.0,620.5,0.2222,18.95,0.2174
2026-07-22,7498.96,2026-08-21,30.0,6925.0,615.75,0.2215,19.2,0.2167
2026-07-22,7498.96,2026-08-21,30.0,6930.0,611.0,0.2207,19.45,0.216
2026-07-22,7498.96,2026-08-21,30.0,6935.0,606.25,0.2199,19.65,0.2151
2026-07-22,7498.96,2026-08-21,30.0,6940.0,601.55,0.2192,19.95,0.2146
2026-07-22,7498.96,2026-08-21,30.0,6945.0,596.8,0.2184,20.15,0.2137
2026-07-22,7498.96,2026-08-21,30.0,6950.0,592.1,0.2177,20.45,0.2131
2026-07-22,7498.96,2026-08-21,30.0,6955.0,587.35,0.2169,20.65,0.2122
2026-07-22,7498.96,2026-08-21,30.0,6960.0,582.65,0.2162,20.95,0.2116
2026-07-22,7498.96,2026-08-21,30.0,6965.0,577.95,0.2155,21.25,0.2109
2026-07-22,7498.96,2026-08-21,30.0,6970.0,573.25,0.2148,21.55,0.2103
2026-07-22,7498.96,2026-08-21,30.0,6975.0,568.55,0.214,21.8,0.2095
2026-07-22,7498.96,2026-08-21,30.0,6980.0,563.85,0.2133,22.05,0.2087
2026-07-22,7498.96,2026-08-21,30.0,6985.0,559.15,0.2125,22.3,0.2078
2026-07-22,7498.96,2026-08-21,30.0,6990.0,554.45,0.2117,22.6,0.2071
2026-07-22,7498.96,2026-08-21,30.0,6995.0,549.8,0.2111,22.9,0.2064
2026-07-22,7498.96,2026-08-21,30.0,7000.0,545.1,0.2103,23.25,0.2058
2026-07-22,7498.96,2026-08-21,30.0,7005.0,540.4,0.2095,23.6,0.2052
2026-07-22,7498.96,2026-08-21,30.0,7010.0,535.8,0.2089,23.9,0.2045
2026-07-22,7498.96,2026-08-21,30.0,7015.0,531.1,0.2081,24.2,0.2037
2026-07-22,7498.96,2026-08-21,30.0,7020.0,526.45,0.2073,24.55,0.2031
2026-07-22,7498.96,2026-08-21,30.0,7025.0,521.8,0.2066,24.85,0.2023
2026-07-22,7498.96,2026-08-21,30.0,7030.0,517.2,0.206,25.2,0.2016
2026-07-22,7498.96,2026-08-21,30.0,7035.0,512.5,0.2051,25.6,0.201
2026-07-22,7498.96,2026-08-21,30.0,7040.0,507.9,0.2044,25.85,0.2001
2026-07-22,7498.96,2026-08-21,30.0,7045.0,503.3,0.2038,,
2026-07-22,7498.96,2026-08-24,33.0,5800.0,1722.55,0.3984,3.45,0.3879
2026-07-22,7498.96,2026-08-24,33.0,6000.0,1524.3,0.3648,4.45,0.3557
2026-07-22,7498.96,2026-08-24,33.0,6100.0,1425.3,0.348,5.05,0.3393
2026-07-22,7498.96,2026-08-24,33.0,6200.0,1326.4,0.3311,5.75,0.323
2026-07-22,7498.96,2026-08-24,33.0,6300.0,1227.6,0.3141,6.65,0.3072
2026-07-22,7498.96,2026-08-24,33.0,6400.0,1129.0,0.2973,7.65,0.2909
2026-07-22,7498.96,2026-08-24,33.0,6425.0,1104.4,0.2933,8.0,0.2872
2026-07-22,7498.96,2026-08-24,33.0,6450.0,1079.8,0.2891,8.3,0.2832
2026-07-22,7498.96,2026-08-24,33.0,6475.0,1055.2,0.2848,8.65,0.2793
2026-07-22,7498.96,2026-08-24,33.0,6500.0,1030.7,0.281,9.0,0.2753
2026-07-22,7498.96,2026-08-24,33.0,6525.0,1006.1,0.2766,9.35,0.2713
2026-07-22,7498.96,2026-08-24,33.0,6550.0,981.6,0.2726,9.75,0.2674
2026-07-22,7498.96,2026-08-24,33.0,6575.0,957.0,0.268,10.2,0.2636
2026-07-22,7498.96,2026-08-24,33.0,6600.0,932.7,0.2647,10.7,0.2599
2026-07-22,7498.96,2026-08-24,33.0,6625.0,908.1,0.2599,11.2,0.2562
2026-07-22,7498.96,2026-08-24,33.0,6650.0,883.75,0.2562,11.7,0.2522
2026-07-22,7498.96,2026-08-24,33.0,6675.0,859.4,0.2523,12.3,0.2486
2026-07-22,7498.96,2026-08-24,33.0,6700.0,835.15,0.2486,12.9,0.2448
2026-07-22,7498.96,2026-08-24,33.0,6725.0,810.9,0.2448,13.6,0.2412
2026-07-22,7498.96,2026-08-24,33.0,6750.0,786.7,0.241,14.35,0.2377
2026-07-22,7498.96,2026-08-24,33.0,6775.0,762.6,0.2374,15.15,0.2342
2026-07-22,7498.96,2026-08-24,33.0,6800.0,738.5,0.2336,15.9,0.2303
2026-07-22,7498.96,2026-08-24,33.0,6825.0,714.5,0.2299,16.9,0.227
2026-07-22,7498.96,2026-08-24,33.0,6850.0,690.4,0.2258,17.9,0.2235
2026-07-22,7498.96,2026-08-24,33.0,6875.0,666.7,0.2226,18.95,0.2199
2026-07-22,7498.96,2026-08-24,33.0,6900.0,642.8,0.2187,20.0,0.2162
2026-07-22,7498.96,2026-08-24,33.0,6925.0,619.2,0.2153,21.4,0.2131
2026-07-22,7498.96,2026-08-24,33.0,6950.0,595.6,0.2117,22.6,0.2093
2026-07-22,7498.96,2026-08-24,33.0,6975.0,572.1,0.2081,24.1,0.206
2026-07-22,7498.96,2026-08-24,33.0,7000.0,548.8,0.2048,25.7,0.2026
2026-07-22,7498.96,2026-08-24,33.0,7025.0,525.45,0.201,27.4,0.1992
2026-07-22,7498.96,2026-08-24,33.0,7050.0,502.4,0.1976,29.3,0.1959
2026-07-22,7498.96,2026-08-24,33.0,7075.0,479.5,0.1941,31.45,0.1927
2026-07-22,7498.96,2026-08-24,33.0,7100.0,456.7,0.1906,33.5,0.1891
2026-07-22,7498.96,2026-08-24,33.0,7125.0,433.95,0.1868,35.85,0.1857
2026-07-22,7498.96,2026-08-24,33.0,7150.0,411.7,0.1836,38.45,0.1823
2026-07-22,7498.96,2026-08-24,33.0,7175.0,389.4,0.18,41.25,0.179
2026-07-22,7498.96,2026-08-24,33.0,7200.0,367.5,0.1766,44.35,0.1757
2026-07-22,7498.96,2026-08-24,33.0,7225.0,351.8,0.1822,47.75,0.1724
2026-07-22,7498.96,2026-08-24,33.0,7250.0,330.3,0.1782,51.1,0.1687
2026-07-22,7498.96,2026-08-24,33.0,7275.0,309.1,0.1743,55.0,0.1653
2026-07-22,7498.96,2026-08-24,33.0,7300.0,288.3,0.1705,59.15,0.1617
2026-07-22,7498.96,2026-08-24,33.0,7310.0,280.0,0.1689,61.15,0.1606
2026-07-22,7498.96,2026-08-24,33.0,7320.0,271.9,0.1674,62.75,0.1589
2026-07-22,7498.96,2026-08-24,33.0,7325.0,267.8,0.1666,63.65,0.1581
2026-07-22,7498.96,2026-08-24,33.0,7330.0,263.7,0.1658,64.65,0.1575
2026-07-22,7498.96,2026-08-24,33.0,7340.0,255.7,0.1643,66.6,0.156
2026-07-22,7498.96,2026-08-24,33.0,7350.0,243.7,0.1577,68.6,0.1546
2026-07-22,7498.96,2026-08-24,33.0,7360.0,234.65,0.1547,70.8,0.1532
2026-07-22,7498.96,2026-08-24,33.0,7370.0,226.8,0.1533,72.8,0.1516
2026-07-22,7498.96,2026-08-24,33.0,7375.0,222.6,0.1522,74.1,0.1511
2026-07-22,7498.96,2026-08-24,33.0,7380.0,219.0,0.1518,75.1,0.1502
2026-07-22,7498.96,2026-08-24,33.0,7390.0,211.2,0.1502,77.5,0.1488
2026-07-22,7498.96,2026-08-24,33.0,7400.0,203.7,0.1488,79.75,0.1472
2026-07-22,7498.96,2026-08-24,33.0,7410.0,196.15,0.1473,82.25,0.1457
2026-07-22,7498.96,2026-08-24,33.0,7420.0,188.75,0.1459,84.95,0.1444
2026-07-22,7498.96,2026-08-24,33.0,7425.0,185.15,0.1453,86.05,0.1434
2026-07-22,7498.96,2026-08-24,33.0,7430.0,181.35,0.1444,87.4,0.1427
2026-07-22,7498.96,2026-08-24,33.0,7440.0,174.45,0.1433,90.3,0.1413
2026-07-22,7498.96,2026-08-24,33.0,7450.0,167.1,0.1416,93.0,0.1397
2026-07-22,7498.96,2026-08-24,33.0,7460.0,160.2,0.1403,95.95,0.1382
2026-07-22,7498.96,2026-08-24,33.0,7470.0,153.3,0.1389,99.0,0.1366
2026-07-22,7498.96,2026-08-24,33.0,7475.0,149.9,0.1382,100.6,0.1359
2026-07-22,7498.96,2026-08-24,33.0,7480.0,146.55,0.1375,102.2,0.1351
2026-07-22,7498.96,2026-08-24,33.0,7490.0,139.9,0.1361,105.5,0.1336
2026-07-22,7498.96,2026-08-24,33.0,7500.0,133.4,0.1347,108.95,0.1321
2026-07-22,7498.96,2026-08-24,33.0,7510.0,126.95,0.1333,112.5,0.1306
2026-07-22,7498.96,2026-08-24,33.0,7520.0,120.75,0.132,116.25,0.1291
2026-07-22,7498.96,2026-08-24,33.0,7525.0,117.65,0.1313,118.1,0.1283
2026-07-22,7498.96,2026-08-24,33.0,7530.0,114.6,0.1306,120.05,0.1276
2026-07-22,7498.96,2026-08-24,33.0,7540.0,108.6,0.1292,124.0,0.126
2026-07-22,7498.96,2026-08-24,33.0,7550.0,102.8,0.1279,128.15,0.1245
2026-07-22,7498.96,2026-08-24,33.0,7560.0,97.1,0.1265,132.6,0.1231
2026-07-22,7498.96,2026-08-24,33.0,7570.0,91.6,0.1252,137.05,0.1216
2026-07-22,7498.96,2026-08-24,33.0,7575.0,88.9,0.1246,139.45,0.121
2026-07-22,7498.96,2026-08-24,33.0,7580.0,86.25,0.1239,141.65,0.12
2026-07-22,7498.96,2026-08-24,33.0,7600.0,76.1,0.1214,151.45,0.117
2026-07-22,7498.96,2026-08-24,33.0,7625.0,64.4,0.1184,164.6,0.113
2026-07-22,7498.96,2026-08-24,33.0,7650.0,53.85,0.1156,179.0,0.1088
2026-07-22,7498.96,2026-08-24,33.0,7675.0,44.5,0.113,193.4,0.1025
2026-07-22,7498.96,2026-08-24,33.0,7700.0,36.3,0.1105,212.2,0.1002
2026-07-22,7498.96,2026-08-24,33.0,7725.0,29.25,0.1083,223.3,0.0773
2026-07-22,7498.96,2026-08-24,33.0,7750.0,23.3,0.1063,248.2,0.0833
2026-07-22,7498.96,2026-08-24,33.0,7775.0,18.35,0.1045,267.8,0.0893
2026-07-22,7498.96,2026-08-24,33.0,7800.0,14.3,0.103,,
2026-07-22,7498.96,2026-08-24,33.0,7825.0,11.0,0.1015,,
2026-07-22,7498.96,2026-08-24,33.0,7850.0,8.45,0.1005,,
2026-07-22,7498.96,2026-08-24,33.0,7875.0,6.45,0.0997,,
2026-07-22,7498.96,2026-08-24,33.0,7900.0,4.95,0.0993,,
2026-07-22,7498.96,2026-08-24,33.0,7925.0,3.8,0.0992,,
2026-07-22,7498.96,2026-08-24,33.0,7950.0,2.95,0.0993,,
2026-07-22,7498.96,2026-08-24,33.0,7975.0,2.3,0.0997,,
2026-07-22,7498.96,2026-08-24,33.0,8000.0,1.82,0.1004,,
2026-07-22,7498.96,2026-08-24,33.0,8025.0,1.5,0.1017,,
2026-07-22,7498.96,2026-08-24,33.0,8100.0,0.95,0.1072,,
2026-07-22,7498.96,2026-08-24,33.0,8200.0,0.6,0.1158,,
2026-07-22,7498.96,2026-08-24,33.0,8300.0,0.4,0.1244,,
2026-07-22,7498.96,2026-08-24,33.0,8400.0,0.3,0.1338,,
2026-07-22,7498.96,2026-08-24,33.0,8600.0,0.17,0.1514,,
2026-07-22,7498.96,2026-08-25,34.0,5800.0,1723.1,0.3921,3.7,0.386
2026-07-22,7498.96,2026-08-25,34.0,6000.0,1524.85,0.3589,4.75,0.3539
2026-07-22,7498.96,2026-08-25,34.0,6100.0,1425.9,0.3428,5.45,0.3384
2026-07-22,7498.96,2026-08-25,34.0,6200.0,1327.05,0.3266,6.15,0.3218
2026-07-22,7498.96,2026-08-25,34.0,6300.0,1228.3,0.31,7.1,0.3061
2026-07-22,7498.96,2026-08-25,34.0,6400.0,1129.8,0.294,8.25,0.2905
2026-07-22,7498.96,2026-08-25,34.0,6475.0,1056.1,0.2821,9.2,0.2785
2026-07-22,7498.96,2026-08-25,34.0,6500.0,1031.5,0.2778,9.55,0.2744
2026-07-22,7498.96,2026-08-25,34.0,6525.0,1007.0,0.2739,9.95,0.2706
2026-07-22,7498.96,2026-08-25,34.0,6550.0,982.4,0.2694,10.45,0.2671
2026-07-22,7498.96,2026-08-25,34.0,6575.0,958.1,0.2662,10.9,0.2633
2026-07-22,7498.96,2026-08-25,34.0,6600.0,933.7,0.2625,11.4,0.2595
2026-07-22,7498.96,2026-08-25,34.0,6625.0,909.3,0.2586,11.9,0.2556
2026-07-22,7498.96,2026-08-25,34.0,6650.0,884.8,0.2541,12.5,0.2521
2026-07-22,7498.96,2026-08-25,34.0,6675.0,860.55,0.2506,13.1,0.2483
2026-07-22,7498.96,2026-08-25,34.0,6700.0,836.3,0.2469,13.75,0.2447
2026-07-22,7498.96,2026-08-25,34.0,6725.0,812.1,0.2432,14.45,0.241
2026-07-22,7498.96,2026-08-25,34.0,6750.0,788.0,0.2398,15.25,0.2376
2026-07-22,7498.96,2026-08-25,34.0,6775.0,763.9,0.2361,16.05,0.2339
2026-07-22,7498.96,2026-08-25,34.0,6800.0,739.8,0.2323,16.95,0.2305
2026-07-22,7498.96,2026-08-25,34.0,6825.0,715.9,0.2289,17.95,0.2271
2026-07-22,7498.96,2026-08-25,34.0,6850.0,692.0,0.2253,19.0,0.2236
2026-07-22,7498.96,2026-08-25,34.0,6875.0,668.1,0.2215,20.1,0.2201
2026-07-22,7498.96,2026-08-25,34.0,6900.0,644.4,0.2181,21.3,0.2167
2026-07-22,7498.96,2026-08-25,34.0,6925.0,620.8,0.2147,22.5,0.213
2026-07-22,7498.96,2026-08-25,34.0,6950.0,597.2,0.211,23.9,0.2096
2026-07-22,7498.96,2026-08-25,34.0,6975.0,573.8,0.2076,25.65,0.2068
2026-07-22,7498.96,2026-08-25,34.0,7000.0,550.5,0.2041,27.1,0.2029
2026-07-22,7498.96,2026-08-25,34.0,7025.0,527.3,0.2006,28.9,0.1996
2026-07-22,7498.96,2026-08-25,34.0,7050.0,504.3,0.1973,30.8,0.1962
2026-07-22,7498.96,2026-08-25,34.0,7075.0,481.4,0.1938,32.9,0.1929
2026-07-22,7498.96,2026-08-25,34.0,7100.0,458.7,0.1904,35.15,0.1896
2026-07-22,7498.96,2026-08-25,34.0,7125.0,436.1,0.1869,37.55,0.1862
2026-07-22,7498.96,2026-08-25,34.0,7150.0,413.8,0.1835,40.4,0.1832
2026-07-22,7498.96,2026-08-25,34.0,7175.0,391.6,0.18,43.25,0.1798
2026-07-22,7498.96,2026-08-25,34.0,7200.0,375.7,0.1858,46.35,0.1764
2026-07-22,7498.96,2026-08-25,34.0,7225.0,354.1,0.182,49.5,0.1727
2026-07-22,7498.96,2026-08-25,34.0,7250.0,332.7,0.1782,53.1,0.1693
2026-07-22,7498.96,2026-08-25,34.0,7275.0,311.5,0.1743,57.0,0.1658
2026-07-22,7498.96,2026-08-25,34.0,7300.0,290.7,0.1704,61.25,0.1624
2026-07-22,7498.96,2026-08-25,34.0,7325.0,270.3,0.1667,65.8,0.1588
2026-07-22,7498.96,2026-08-25,34.0,7350.0,246.3,0.1579,70.8,0.1553
2026-07-22,7498.96,2026-08-25,34.0,7360.0,237.0,0.1547,73.05,0.154
2026-07-22,7498.96,2026-08-25,34.0,7370.0,229.1,0.1532,75.2,0.1525
2026-07-22,7498.96,2026-08-25,34.0,7375.0,225.4,0.1527,76.15,0.1516
2026-07-22,7498.96,2026-08-25,34.0,7380.0,221.4,0.1518,77.4,0.151
2026-07-22,7498.96,2026-08-25,34.0,7390.0,213.85,0.1505,79.8,0.1496
2026-07-22,7498.96,2026-08-25,34.0,7400.0,206.55,0.1494,82.0,0.1479
2026-07-22,7498.96,2026-08-25,34.0,7410.0,198.95,0.1479,84.6,0.1466
2026-07-22,7498.96,2026-08-25,34.0,7420.0,191.5,0.1464,87.15,0.1451
2026-07-22,7498.96,2026-08-25,34.0,7425.0,187.75,0.1456,88.5,0.1444
2026-07-22,7498.96,2026-08-25,34.0,7430.0,184.15,0.1449,89.85,0.1437
2026-07-22,7498.96,2026-08-25,34.0,7440.0,176.7,0.1432,92.6,0.1422
2026-07-22,7498.96,2026-08-25,34.0,7450.0,170.1,0.1424,95.3,0.1405
2026-07-22,7498.96,2026-08-25,34.0,7460.0,162.65,0.1405,98.25,0.139
2026-07-22,7498.96,2026-08-25,34.0,7470.0,156.1,0.1395,101.45,0.1376
2026-07-22,7498.96,2026-08-25,34.0,7475.0,152.8,0.1389,102.95,0.1368
2026-07-22,7498.96,2026-08-25,34.0,7480.0,149.35,0.1381,104.55,0.1361
2026-07-22,7498.96,2026-08-25,34.0,7490.0,142.65,0.1367,108.0,0.1347
2026-07-22,7498.96,2026-08-25,34.0,7500.0,136.15,0.1353,111.3,0.1331
2026-07-22,7498.96,2026-08-25,34.0,7510.0,129.8,0.134,114.8,0.1315
2026-07-22,7498.96,2026-08-25,34.0,7520.0,123.55,0.1327,118.55,0.1301
2026-07-22,7498.96,2026-08-25,34.0,7525.0,120.45,0.132,120.65,0.1296
2026-07-22,7498.96,2026-08-25,34.0,7530.0,117.35,0.1312,122.45,0.1287
2026-07-22,7498.96,2026-08-25,34.0,7540.0,111.35,0.1299,126.5,0.1273
2026-07-22,7498.96,2026-08-25,34.0,7550.0,105.5,0.1286,130.35,0.1255
2026-07-22,7498.96,2026-08-25,34.0,7560.0,99.8,0.1272,134.85,0.1242
2026-07-22,7498.96,2026-08-25,34.0,7570.0,94.3,0.126,139.2,0.1226
2026-07-22,7498.96,2026-08-25,34.0,7575.0,91.55,0.1253,141.55,0.1219
2026-07-22,7498.96,2026-08-25,34.0,7580.0,88.9,0.1247,143.65,0.1209
2026-07-22,7498.96,2026-08-25,34.0,7600.0,78.75,0.1223,153.55,0.1181
2026-07-22,7498.96,2026-08-25,34.0,7625.0,66.85,0.1192,166.65,0.1142
2026-07-22,7498.96,2026-08-25,34.0,7650.0,56.25,0.1165,181.2,0.1105
2026-07-22,7498.96,2026-08-25,34.0,7675.0,46.75,0.1139,195.3,0.1043
2026-07-22,7498.96,2026-08-25,34.0,7700.0,38.4,0.1115,212.2,0.0993
2026-07-22,7498.96,2026-08-25,34.0,7725.0,31.2,0.1093,224.9,0.0768
2026-07-22,7498.96,2026-08-25,34.0,7750.0,25.05,0.1073,249.5,0.0828
2026-07-22,7498.96,2026-08-25,34.0,7775.0,20.0,0.1058,269.1,0.0887
2026-07-22,7498.96,2026-08-25,34.0,7800.0,15.65,0.104,289.5,0.0944
2026-07-22,7498.96,2026-08-25,34.0,7825.0,12.2,0.1027,,
2026-07-22,7498.96,2026-08-25,34.0,7850.0,9.45,0.1017,,
2026-07-22,7498.96,2026-08-25,34.0,7875.0,7.25,0.1007,,
2026-07-22,7498.96,2026-08-25,34.0,7900.0,5.55,0.1001,,
2026-07-22,7498.96,2026-08-25,34.0,7925.0,4.3,0.0999,,
2026-07-22,7498.96,2026-08-25,34.0,7950.0,3.35,0.1,,
2026-07-22,7498.96,2026-08-25,34.0,7975.0,2.62,0.1003,,
2026-07-22,7498.96,2026-08-25,34.0,8000.0,2.1,0.101,,
2026-07-22,7498.96,2026-08-25,34.0,8025.0,1.7,0.1019,,
2026-07-22,7498.96,2026-08-25,34.0,8100.0,1.05,0.1068,,
2026-07-22,7498.96,2026-08-25,34.0,8200.0,0.65,0.115,,
2026-07-22,7498.96,2026-08-25,34.0,8400.0,0.3,0.1317,,
2026-07-22,7498.96,2026-08-25,34.0,8600.0,0.2,0.1508,,
2026-07-22,7498.96,2026-08-26,35.0,5800.0,1723.85,0.3887,3.95,0.384
2026-07-22,7498.96,2026-08-26,35.0,6000.0,1525.8,0.3573,5.05,0.3521
2026-07-22,7498.96,2026-08-26,35.0,6100.0,1426.9,0.3414,5.75,0.3364
2026-07-22,7498.96,2026-08-26,35.0,6200.0,1328.1,0.3253,6.6,0.3209
2026-07-22,7498.96,2026-08-26,35.0,6300.0,1229.4,0.3088,7.55,0.305
2026-07-22,7498.96,2026-08-26,35.0,6400.0,1131.0,0.2932,8.75,0.2895
2026-07-22,7498.96,2026-08-26,35.0,6500.0,1032.7,0.2767,10.25,0.2743
2026-07-22,7498.96,2026-08-26,35.0,6600.0,935.0,0.2616,12.1,0.259
2026-07-22,7498.96,2026-08-26,35.0,6700.0,837.9,0.2469,14.65,0.2447
2026-07-22,7498.96,2026-08-26,35.0,6800.0,741.6,0.2326,18.0,0.2306
2026-07-22,7498.96,2026-08-26,35.0,6875.0,670.0,0.2218,21.2,0.2202
2026-07-22,7498.96,2026-08-26,35.0,6900.0,646.3,0.2183,22.45,0.2168
2026-07-22,7498.96,2026-08-26,35.0,6925.0,622.7,0.2147,23.8,0.2134
2026-07-22,7498.96,2026-08-26,35.0,6950.0,599.2,0.2113,25.3,0.2101
2026-07-22,7498.96,2026-08-26,35.0,6975.0,575.9,0.208,26.8,0.2066
2026-07-22,7498.96,2026-08-26,35.0,7000.0,552.55,0.2043,28.5,0.2033
2026-07-22,7498.96,2026-08-26,35.0,7025.0,529.5,0.2011,30.35,0.2
2026-07-22,7498.96,2026-08-26,35.0,7050.0,506.5,0.1976,32.35,0.1967
2026-07-22,7498.96,2026-08-26,35.0,7075.0,483.7,0.1942,34.45,0.1933
2026-07-22,7498.96,2026-08-26,35.0,7100.0,461.0,0.1908,36.75,0.19
2026-07-22,7498.96,2026-08-26,35.0,7125.0,438.6,0.1875,39.3,0.1867
2026-07-22,7498.96,2026-08-26,35.0,7150.0,416.25,0.184,42.0,0.1834
2026-07-22,7498.96,2026-08-26,35.0,7175.0,394.2,0.1806,44.9,0.18
2026-07-22,7498.96,2026-08-26,35.0,7200.0,378.3,0.1861,48.15,0.1769
2026-07-22,7498.96,2026-08-26,35.0,7225.0,356.7,0.1824,51.4,0.1733
2026-07-22,7498.96,2026-08-26,35.0,7250.0,335.4,0.1786,55.3,0.1702
2026-07-22,7498.96,2026-08-26,35.0,7275.0,314.3,0.1748,59.05,0.1665
2026-07-22,7498.96,2026-08-26,35.0,7300.0,293.6,0.1711,63.35,0.163
2026-07-22,7498.96,2026-08-26,35.0,7325.0,273.2,0.1673,67.95,0.1595
2026-07-22,7498.96,2026-08-26,35.0,7350.0,248.65,0.1579,73.0,0.156
2026-07-22,7498.96,2026-08-26,35.0,7375.0,228.35,0.1535,78.4,0.1524
2026-07-22,7498.96,2026-08-26,35.0,7400.0,209.35,0.15,84.4,0.1489
2026-07-22,7498.96,2026-08-26,35.0,7425.0,190.85,0.1465,90.9,0.1453
2026-07-22,7498.96,2026-08-26,35.0,7450.0,173.05,0.1431,97.75,0.1415
2026-07-22,7498.96,2026-08-26,35.0,7475.0,155.75,0.1397,105.35,0.1378
2026-07-22,7498.96,2026-08-26,35.0,7500.0,139.3,0.1364,113.65,0.134
2026-07-22,7498.96,2026-08-26,35.0,7525.0,123.55,0.133,122.75,0.1303
2026-07-22,7498.96,2026-08-26,35.0,7550.0,108.6,0.1297,133.0,0.1269
2026-07-22,7498.96,2026-08-26,35.0,7575.0,94.65,0.1265,143.7,0.1229
2026-07-22,7498.96,2026-08-26,35.0,7600.0,81.6,0.1234,155.55,0.1191
2026-07-22,7498.96,2026-08-26,35.0,7625.0,69.7,0.1205,168.85,0.1156
2026-07-22,7498.96,2026-08-26,35.0,7650.0,58.9,0.1177,182.85,0.1115
2026-07-22,7498.96,2026-08-26,35.0,7675.0,49.25,0.1151,197.4,0.1062
2026-07-22,7498.96,2026-08-26,35.0,7700.0,40.7,0.1127,212.2,0.0983
2026-07-22,7498.96,2026-08-26,35.0,7725.0,33.2,0.1104,226.3,0.0778
2026-07-22,7498.96,2026-08-26,35.0,7750.0,26.95,0.1086,247.65,0.0822
2026-07-22,7498.96,2026-08-26,35.0,7800.0,17.1,0.1052,290.2,0.0938
2026-07-22,7498.96,2026-08-26,35.0,7900.0,6.3,0.1012,,
2026-07-22,7498.96,2026-08-26,35.0,8000.0,2.4,0.1015,,
2026-07-22,7498.96,2026-08-26,35.0,8100.0,1.15,0.1065,,
2026-07-22,7498.96,2026-08-26,35.0,8200.0,0.73,0.1147,,
2026-07-22,7498.96,2026-08-26,35.0,8400.0,0.35,0.1317,,
2026-07-22,7498.96,2026-08-26,35.0,8600.0,0.28,0.153,,
2026-07-22,7498.96,2026-08-27,36.0,5800.0,1724.9,0.3891,4.3,0.3833
2026-07-22,7498.96,2026-08-27,36.0,6000.0,1526.9,0.3571,5.55,0.3523
2026-07-22,7498.96,2026-08-27,36.0,6100.0,1428.05,0.3412,6.3,0.3366
2026-07-22,7498.96,2026-08-27,36.0,6200.0,1329.3,0.325,7.2,0.3211
2026-07-22,7498.96,2026-08-27,36.0,6300.0,1230.8,0.3095,8.2,0.3052
2026-07-22,7498.96,2026-08-27,36.0,6400.0,1132.5,0.2939,9.55,0.2902
2026-07-22,7498.96,2026-08-27,36.0,6500.0,1034.5,0.2785,11.15,0.275
2026-07-22,7498.96,2026-08-27,36.0,6600.0,936.8,0.2628,13.25,0.2604
2026-07-22,7498.96,2026-08-27,36.0,6700.0,840.0,0.2486,16.0,0.2462
2026-07-22,7498.96,2026-08-27,36.0,6800.0,743.9,0.2343,19.6,0.2323
2026-07-22,7498.96,2026-08-27,36.0,6850.0,696.2,0.2271,21.9,0.2257
2026-07-22,7498.96,2026-08-27,36.0,6875.0,672.6,0.2238,23.1,0.2222
2026-07-22,7498.96,2026-08-27,36.0,6900.0,649.0,0.2204,24.55,0.2191
2026-07-22,7498.96,2026-08-27,36.0,6925.0,625.5,0.2169,25.95,0.2157
2026-07-22,7498.96,2026-08-27,36.0,6950.0,602.1,0.2135,27.5,0.2124
2026-07-22,7498.96,2026-08-27,36.0,6975.0,578.8,0.2101,29.15,0.209
2026-07-22,7498.96,2026-08-27,36.0,7000.0,555.6,0.2066,30.95,0.2057
2026-07-22,7498.96,2026-08-27,36.0,7025.0,532.6,0.2032,32.95,0.2026
2026-07-22,7498.96,2026-08-27,36.0,7050.0,509.7,0.1998,34.9,0.199
2026-07-22,7498.96,2026-08-27,36.0,7075.0,487.0,0.1965,37.2,0.1958
2026-07-22,7498.96,2026-08-27,36.0,7100.0,464.4,0.193,39.6,0.1925
2026-07-22,7498.96,2026-08-27,36.0,7125.0,441.95,0.1895,42.2,0.1892
2026-07-22,7498.96,2026-08-27,36.0,7150.0,419.8,0.1862,45.0,0.1859
2026-07-22,7498.96,2026-08-27,36.0,7175.0,403.8,0.1919,47.95,0.1825
2026-07-22,7498.96,2026-08-27,36.0,7200.0,382.1,0.1882,51.2,0.1791
2026-07-22,7498.96,2026-08-27,36.0,7225.0,360.6,0.1845,54.7,0.1758
2026-07-22,7498.96,2026-08-27,36.0,7250.0,339.3,0.1807,58.4,0.1723
2026-07-22,7498.96,2026-08-27,36.0,7275.0,318.4,0.177,62.5,0.1689
2026-07-22,7498.96,2026-08-27,36.0,7300.0,297.7,0.1732,66.9,0.1655
2026-07-22,7498.96,2026-08-27,36.0,7325.0,277.4,0.1695,71.6,0.162
2026-07-22,7498.96,2026-08-27,36.0,7350.0,252.3,0.1595,76.65,0.1585
2026-07-22,7498.96,2026-08-27,36.0,7375.0,232.95,0.1561,82.15,0.1549
2026-07-22,7498.96,2026-08-27,36.0,7400.0,214.05,0.1527,88.1,0.1513
2026-07-22,7498.96,2026-08-27,36.0,7425.0,195.45,0.1491,94.6,0.1477
2026-07-22,7498.96,2026-08-27,36.0,7450.0,177.75,0.1458,101.6,0.144
2026-07-22,7498.96,2026-08-27,36.0,7475.0,160.55,0.1424,109.35,0.1405
2026-07-22,7498.96,2026-08-27,36.0,7500.0,144.05,0.1391,117.6,0.1367
2026-07-22,7498.96,2026-08-27,36.0,7525.0,128.2,0.1357,126.8,0.1332
2026-07-22,7498.96,2026-08-27,36.0,7550.0,113.05,0.1322,137.0,0.1298
2026-07-22,7498.96,2026-08-27,36.0,7575.0,99.4,0.1295,147.6,0.1258
2026-07-22,7498.96,2026-08-27,36.0,7600.0,86.1,0.1262,159.35,0.1221
2026-07-22,7498.96,2026-08-27,36.0,7625.0,74.2,0.1235,172.25,0.1184
2026-07-22,7498.96,2026-08-27,36.0,7650.0,63.25,0.1208,185.9,0.1142
2026-07-22,7498.96,2026-08-27,36.0,7675.0,53.15,0.118,200.95,0.11
2026-07-22,7498.96,2026-08-27,36.0,7700.0,44.3,0.1155,212.2,0.0975
2026-07-22,7498.96,2026-08-27,36.0,7725.0,36.6,0.1133,228.9,0.0873
2026-07-22,7498.96,2026-08-27,36.0,7800.0,19.5,0.108,291.8,0.0931
2026-07-22,7498.96,2026-08-27,36.0,7900.0,7.65,0.104,,
2026-07-22,7498.96,2026-08-27,36.0,8000.0,3.0,0.1038,,
2026-07-22,7498.96,2026-08-27,36.0,8100.0,1.4,0.1077,,
2026-07-22,7498.96,2026-08-27,36.0,8200.0,0.85,0.1152,,
2026-07-22,7498.96,2026-08-27,36.0,8400.0,0.43,0.1324,,
2026-07-22,7498.96,2026-08-27,36.0,8600.0,0.23,0.148,,
2026-07-22,7498.96,2026-08-28,37.0,5700.0,1825.9,0.4154,4.1,0.3976
2026-07-22,7498.96,2026-08-28,37.0,5800.0,1726.95,0.3995,4.65,0.3824
2026-07-22,7498.96,2026-08-28,37.0,5900.0,1628.0,0.3828,5.25,0.3668
2026-07-22,7498.96,2026-08-28,37.0,5950.0,1578.55,0.3744,5.55,0.3588
2026-07-22,7498.96,2026-08-28,37.0,6000.0,1529.2,0.3666,5.95,0.3514
2026-07-22,7498.96,2026-08-28,37.0,6050.0,1479.8,0.3581,6.35,0.3438
2026-07-22,7498.96,2026-08-28,37.0,6100.0,1430.4,0.3495,6.75,0.3359
2026-07-22,7498.96,2026-08-28,37.0,6150.0,1381.05,0.3411,7.2,0.3281
2026-07-22,7498.96,2026-08-28,37.0,6200.0,1331.75,0.3328,7.65,0.3201
2026-07-22,7498.96,2026-08-28,37.0,6250.0,1282.5,0.3245,8.2,0.3125
2026-07-22,7498.96,2026-08-28,37.0,6300.0,1233.3,0.3162,8.8,0.3049
2026-07-22,7498.96,2026-08-28,37.0,6350.0,1184.2,0.3083,9.5,0.2976
2026-07-22,7498.96,2026-08-28,37.0,6400.0,1135.1,0.3,10.2,0.2899
2026-07-22,7498.96,2026-08-28,37.0,6425.0,1110.6,0.296,10.6,0.2862
2026-07-22,7498.96,2026-08-28,37.0,6450.0,1086.1,0.2919,11.05,0.2826
2026-07-22,7498.96,2026-08-28,37.0,6475.0,1061.7,0.2881,11.45,0.2787
2026-07-22,7498.96,2026-08-28,37.0,6500.0,1037.1,0.2834,11.95,0.2752
2026-07-22,7498.96,2026-08-28,37.0,6525.0,1012.7,0.2795,12.45,0.2715
2026-07-22,7498.96,2026-08-28,37.0,6550.0,988.5,0.2763,12.95,0.2677
2026-07-22,7498.96,2026-08-28,37.0,6575.0,964.0,0.2717,13.55,0.2642
2026-07-22,7498.96,2026-08-28,37.0,6600.0,939.75,0.2681,14.2,0.2608
2026-07-22,7498.96,2026-08-28,37.0,6625.0,915.5,0.2643,14.85,0.2572
2026-07-22,7498.96,2026-08-28,37.0,6650.0,891.3,0.2605,15.55,0.2537
2026-07-22,7498.96,2026-08-28,37.0,6675.0,867.2,0.257,16.25,0.25
2026-07-22,7498.96,2026-08-28,37.0,6700.0,843.1,0.2533,17.05,0.2466
2026-07-22,7498.96,2026-08-28,37.0,6725.0,819.0,0.2495,17.85,0.2429
2026-07-22,7498.96,2026-08-28,37.0,6750.0,795.0,0.2458,18.75,0.2395
2026-07-22,7498.96,2026-08-28,37.0,6775.0,771.1,0.2422,19.75,0.2361
2026-07-22,7498.96,2026-08-28,37.0,6800.0,747.2,0.2385,20.8,0.2327
2026-07-22,7498.96,2026-08-28,37.0,6825.0,723.3,0.2346,21.95,0.2294
2026-07-22,7498.96,2026-08-28,37.0,6850.0,699.6,0.2311,23.1,0.2259
2026-07-22,7498.96,2026-08-28,37.0,6875.0,676.0,0.2276,24.45,0.2227
2026-07-22,7498.96,2026-08-28,37.0,6900.0,652.5,0.2242,25.8,0.2193
2026-07-22,7498.96,2026-08-28,37.0,6925.0,629.0,0.2205,27.3,0.216
2026-07-22,7498.96,2026-08-28,37.0,6950.0,605.7,0.2171,28.85,0.2126
2026-07-22,7498.96,2026-08-28,37.0,6975.0,582.5,0.2136,30.65,0.2095
2026-07-22,7498.96,2026-08-28,37.0,6990.0,568.55,0.2114,31.75,0.2075
2026-07-22,7498.96,2026-08-28,37.0,7000.0,559.35,0.21,32.4,0.206
2026-07-22,7498.96,2026-08-28,37.0,7010.0,550.15,0.2087,33.3,0.205
2026-07-22,7498.96,2026-08-28,37.0,7020.0,541.0,0.2073,34.1,0.2036
2026-07-22,7498.96,2026-08-28,37.0,7025.0,536.4,0.2066,34.45,0.2029
2026-07-22,7498.96,2026-08-28,37.0,7030.0,531.8,0.2059,34.85,0.2022
2026-07-22,7498.96,2026-08-28,37.0,7040.0,522.7,0.2045,35.8,0.2011
2026-07-22,7498.96,2026-08-28,37.0,7050.0,513.6,0.2032,36.5,0.1994
2026-07-22,7498.96,2026-08-28,37.0,7060.0,504.5,0.2018,37.5,0.1983
2026-07-22,7498.96,2026-08-28,37.0,7070.0,495.3,0.2001,38.45,0.1971
2026-07-22,7498.96,2026-08-28,37.0,7075.0,490.85,0.1996,38.9,0.1964
2026-07-22,7498.96,2026-08-28,37.0,7080.0,486.3,0.1988,39.4,0.1957
2026-07-22,7498.96,2026-08-28,37.0,7090.0,477.35,0.1975,40.35,0.1944
2026-07-22,7498.96,2026-08-28,37.0,7100.0,468.4,0.1962,41.3,0.193
2026-07-22,7498.96,2026-08-28,37.0,7110.0,459.4,0.1947,42.4,0.1918
2026-07-22,7498.96,2026-08-28,37.0,7120.0,450.45,0.1933,43.45,0.1904
2026-07-22,7498.96,2026-08-28,37.0,7125.0,446.1,0.1928,44.0,0.1898
2026-07-22,7498.96,2026-08-28,37.0,7130.0,441.5,0.1918,44.55,0.1891
2026-07-22,7498.96,2026-08-28,37.0,7140.0,432.75,0.1906,45.75,0.1879
2026-07-22,7498.96,2026-08-28,37.0,7150.0,423.9,0.1892,46.75,0.1863
2026-07-22,7498.96,2026-08-28,37.0,7160.0,415.1,0.1878,47.85,0.1848
2026-07-22,7498.96,2026-08-28,37.0,7170.0,406.4,0.1865,49.25,0.1838
2026-07-22,7498.96,2026-08-28,37.0,7175.0,407.7,0.1942,49.9,0.1831
2026-07-22,7498.96,2026-08-28,37.0,7180.0,397.7,0.1852,50.55,0.1825
2026-07-22,7498.96,2026-08-28,37.0,7190.0,394.6,0.1918,51.85,0.1811
2026-07-22,7498.96,2026-08-28,37.0,7200.0,385.9,0.1903,53.2,0.1798
2026-07-22,7498.96,2026-08-28,37.0,7210.0,377.25,0.1887,54.55,0.1784
2026-07-22,7498.96,2026-08-28,37.0,7220.0,368.7,0.1872,55.95,0.177
2026-07-22,7498.96,2026-08-28,37.0,7225.0,364.35,0.1864,56.75,0.1765
2026-07-22,7498.96,2026-08-28,37.0,7230.0,360.05,0.1856,57.45,0.1757
2026-07-22,7498.96,2026-08-28,37.0,7240.0,351.55,0.1841,58.95,0.1744
2026-07-22,7498.96,2026-08-28,37.0,7250.0,343.05,0.1825,60.55,0.1731
2026-07-22,7498.96,2026-08-28,37.0,7260.0,334.65,0.181,62.15,0.1717
2026-07-22,7498.96,2026-08-28,37.0,7270.0,326.25,0.1794,63.75,0.1703
2026-07-22,7498.96,2026-08-28,37.0,7275.0,322.05,0.1786,64.65,0.1697
2026-07-22,7498.96,2026-08-28,37.0,7280.0,317.9,0.1779,65.45,0.1689
2026-07-22,7498.96,2026-08-28,37.0,7290.0,309.6,0.1763,67.2,0.1675
2026-07-22,7498.96,2026-08-28,37.0,7300.0,301.35,0.1748,69.1,0.1663
2026-07-22,7498.96,2026-08-28,37.0,7310.0,293.15,0.1732,70.9,0.1648
2026-07-22,7498.96,2026-08-28,37.0,7320.0,285.0,0.1716,72.8,0.1634
2026-07-22,7498.96,2026-08-28,37.0,7325.0,280.95,0.1708,73.8,0.1627
2026-07-22,7498.96,2026-08-28,37.0,7330.0,276.95,0.1701,74.75,0.162
2026-07-22,7498.96,2026-08-28,37.0,7340.0,268.9,0.1685,76.6,0.1604
2026-07-22,7498.96,2026-08-28,37.0,7350.0,257.0,0.1623,78.85,0.1591
2026-07-22,7498.96,2026-08-28,37.0,7360.0,249.1,0.1608,81.15,0.1579
2026-07-22,7498.96,2026-08-28,37.0,7370.0,241.4,0.1595,83.25,0.1563
2026-07-22,7498.96,2026-08-28,37.0,7375.0,237.6,0.1588,84.45,0.1557
2026-07-22,7498.96,2026-08-28,37.0,7380.0,233.7,0.158,85.55,0.1549
2026-07-22,7498.96,2026-08-28,37.0,7390.0,226.25,0.1568,87.9,0.1534
2026-07-22,7498.96,2026-08-28,37.0,7400.0,218.7,0.1554,90.35,0.152
2026-07-22,7498.96,2026-08-28,37.0,7410.0,211.3,0.154,92.9,0.1506
2026-07-22,7498.96,2026-08-28,37.0,7420.0,203.85,0.1525,95.55,0.1492
2026-07-22,7498.96,2026-08-28,37.0,7425.0,200.3,0.1519,96.85,0.1484
2026-07-22,7498.96,2026-08-28,37.0,7430.0,196.75,0.1513,98.25,0.1478
2026-07-22,7498.96,2026-08-28,37.0,7440.0,189.55,0.1499,101.0,0.1463
2026-07-22,7498.96,2026-08-28,37.0,7450.0,182.35,0.1483,103.9,0.1448
2026-07-22,7498.96,2026-08-28,37.0,7460.0,175.7,0.1473,106.8,0.1433
2026-07-22,7498.96,2026-08-28,37.0,7470.0,168.6,0.1457,110.05,0.142
2026-07-22,7498.96,2026-08-28,37.0,7475.0,165.15,0.145,111.55,0.1412
2026-07-22,7498.96,2026-08-28,37.0,7480.0,161.95,0.1445,113.25,0.1406
2026-07-22,7498.96,2026-08-28,37.0,7490.0,155.15,0.143,116.4,0.139
2026-07-22,7498.96,2026-08-28,37.0,7500.0,148.6,0.1416,119.85,0.1376
2026-07-22,7498.96,2026-08-28,37.0,7510.0,142.4,0.1405,123.35,0.1361
2026-07-22,7498.96,2026-08-28,37.0,7520.0,135.95,0.139,127.1,0.1347
2026-07-22,7498.96,2026-08-28,37.0,7525.0,132.75,0.1382,129.0,0.134
2026-07-22,7498.96,2026-08-28,37.0,7530.0,129.85,0.1378,130.95,0.1333
2026-07-22,7498.96,2026-08-28,37.0,7540.0,123.75,0.1364,134.85,0.1318
2026-07-22,7498.96,2026-08-28,37.0,7550.0,117.75,0.135,138.9,0.1304
2026-07-22,7498.96,2026-08-28,37.0,7560.0,112.1,0.1339,143.0,0.1288
2026-07-22,7498.96,2026-08-28,37.0,7570.0,106.65,0.1328,147.15,0.1271
2026-07-22,7498.96,2026-08-28,37.0,7575.0,103.7,0.132,149.6,0.1266
2026-07-22,7498.96,2026-08-28,37.0,7580.0,101.0,0.1314,151.7,0.1257
2026-07-22,7498.96,2026-08-28,37.0,7590.0,95.65,0.1301,156.45,0.1244
2026-07-22,7498.96,2026-08-28,37.0,7600.0,90.35,0.1288,161.3,0.1229
2026-07-22,7498.96,2026-08-28,37.0,7610.0,85.65,0.1279,166.45,0.1217
2026-07-22,7498.96,2026-08-28,37.0,7620.0,80.55,0.1265,171.15,0.1197
2026-07-22,7498.96,2026-08-28,37.0,7625.0,78.2,0.1259,173.75,0.1189
2026-07-22,7498.96,2026-08-28,37.0,7630.0,75.95,0.1254,176.2,0.1179
2026-07-22,7498.96,2026-08-28,37.0,7640.0,71.4,0.1243,182.1,0.1169
2026-07-22,7498.96,2026-08-28,37.0,7650.0,66.95,0.1231,187.8,0.1154
2026-07-22,7498.96,2026-08-28,37.0,7660.0,62.75,0.122,193.45,0.1135
2026-07-22,7498.96,2026-08-28,37.0,7670.0,58.8,0.121,199.2,0.1116
2026-07-22,7498.96,2026-08-28,37.0,7675.0,56.8,0.1204,202.8,0.1114
2026-07-22,7498.96,2026-08-28,37.0,7680.0,54.95,0.12,205.2,0.1097
2026-07-22,7498.96,2026-08-28,37.0,7690.0,51.3,0.119,212.2,0.1088
2026-07-22,7498.96,2026-08-28,37.0,7700.0,47.75,0.118,213.05,0.098
2026-07-22,7498.96,2026-08-28,37.0,7710.0,44.5,0.1172,219.55,0.0949
2026-07-22,7498.96,2026-08-28,37.0,7720.0,41.3,0.1162,226.2,0.091
2026-07-22,7498.96,2026-08-28,37.0,7725.0,39.75,0.1158,229.6,0.0885
2026-07-22,7498.96,2026-08-28,37.0,7730.0,38.3,0.1154,233.0,0.0853
2026-07-22,7498.96,2026-08-28,37.0,7740.0,35.55,0.1146,240.1,0.0789
2026-07-22,7498.96,2026-08-28,37.0,7750.0,32.85,0.1138,247.3,0.0812
2026-07-22,7498.96,2026-08-28,37.0,7760.0,30.3,0.113,257.6,0.0835
2026-07-22,7498.96,2026-08-28,37.0,7770.0,27.9,0.1122,268.2,0.0858
2026-07-22,7498.96,2026-08-28,37.0,7775.0,26.8,0.1119,272.0,0.0869
2026-07-22,7498.96,2026-08-28,37.0,7780.0,25.7,0.1115,275.9,0.0881
2026-07-22,7498.96,2026-08-28,37.0,7790.0,23.6,0.1108,283.7,0.0903
2026-07-22,7498.96,2026-08-28,37.0,7800.0,21.75,0.1103,291.65,0.0925
2026-07-22,7498.96,2026-08-28,37.0,7825.0,17.5,0.1089,,
2026-07-22,7498.96,2026-08-28,37.0,7850.0,13.95,0.1076,,
2026-07-22,7498.96,2026-08-28,37.0,7875.0,11.05,0.1065,,
2026-07-22,7498.96,2026-08-28,37.0,7900.0,8.7,0.1056,,
2026-07-22,7498.96,2026-08-28,37.0,7925.0,6.85,0.1049,,
2026-07-22,7498.96,2026-08-28,37.0,7950.0,5.45,0.1047,,
2026-07-22,7498.96,2026-08-28,37.0,7975.0,4.35,0.1048,,
2026-07-22,7498.96,2026-08-28,37.0,8000.0,3.45,0.1048,,
2026-07-22,7498.96,2026-08-28,37.0,8025.0,2.75,0.105,,
2026-07-22,7498.96,2026-08-28,37.0,8050.0,2.28,0.1059,,
2026-07-22,7498.96,2026-08-28,37.0,8075.0,1.85,0.1066,,
2026-07-22,7498.96,2026-08-28,37.0,8100.0,1.55,0.1077,,
2026-07-22,7498.96,2026-08-28,37.0,8150.0,1.18,0.111,,
2026-07-22,7498.96,2026-08-28,37.0,8200.0,0.9,0.1144,,
2026-07-22,7498.96,2026-08-28,37.0,8250.0,0.75,0.1187,,
2026-07-22,7498.96,2026-08-28,37.0,8300.0,0.65,0.1235,,
2026-07-22,7498.96,2026-08-28,37.0,8400.0,0.47,0.1321,,
2026-07-22,7498.96,2026-08-28,37.0,8500.0,0.35,0.1401,,
2026-07-22,7498.96,2026-08-28,37.0,8600.0,0.28,0.1486,,
2026-07-22,7498.96,2026-08-31,40.0,5625.0,1900.8,0.398,4.1,0.3988
2026-07-22,7498.96,2026-08-31,40.0,5650.0,1875.95,0.3933,4.2,0.3948
2026-07-22,7498.96,2026-08-31,40.0,5675.0,1851.3,0.3911,4.3,0.3907
2026-07-22,7498.96,2026-08-31,40.0,5700.0,1826.5,0.387,4.45,0.3872
2026-07-22,7498.96,2026-08-31,40.0,5720.0,1806.7,0.3841,4.6,0.3847
2026-07-22,7498.96,2026-08-31,40.0,5725.0,1801.7,0.3828,4.6,0.3836
2026-07-22,7498.96,2026-08-31,40.0,5730.0,1796.8,0.3827,4.6,0.3825
2026-07-22,7498.96,2026-08-31,40.0,5740.0,1786.9,0.3813,4.7,0.3815
2026-07-22,7498.96,2026-08-31,40.0,5750.0,1777.0,0.3798,4.75,0.38
2026-07-22,7498.96,2026-08-31,40.0,5760.0,1767.1,0.3783,4.8,0.3784
2026-07-22,7498.96,2026-08-31,40.0,5770.0,1757.15,0.3763,4.85,0.3768
2026-07-22,7498.96,2026-08-31,40.0,5775.0,1752.3,0.3767,4.9,0.3763
2026-07-22,7498.96,2026-08-31,40.0,5780.0,1747.25,0.3748,4.9,0.3752
2026-07-22,7498.96,2026-08-31,40.0,5790.0,1737.35,0.3733,4.95,0.3736
2026-07-22,7498.96,2026-08-31,40.0,5800.0,1727.45,0.3718,5.0,0.372
2026-07-22,7498.96,2026-08-31,40.0,5810.0,1717.55,0.3703,5.1,0.3709
2026-07-22,7498.96,2026-08-31,40.0,5820.0,1707.6,0.3683,5.15,0.3693
2026-07-22,7498.96,2026-08-31,40.0,5825.0,1702.8,0.3691,5.2,0.3688
2026-07-22,7498.96,2026-08-31,40.0,5830.0,1697.8,0.3678,5.2,0.3677
2026-07-22,7498.96,2026-08-31,40.0,5840.0,1687.9,0.3663,5.3,0.3666
2026-07-22,7498.96,2026-08-31,40.0,5850.0,1678.0,0.3647,5.35,0.3649
2026-07-22,7498.96,2026-08-31,40.0,5860.0,1668.2,0.3642,5.4,0.3633
2026-07-22,7498.96,2026-08-31,40.0,5870.0,1658.3,0.3626,5.5,0.3621
2026-07-22,7498.96,2026-08-31,40.0,5875.0,1653.3,0.3614,5.5,0.361
2026-07-22,7498.96,2026-08-31,40.0,5880.0,1648.4,0.3611,5.55,0.3604
2026-07-22,7498.96,2026-08-31,40.0,5890.0,1638.45,0.359,5.6,0.3588
2026-07-22,7498.96,2026-08-31,40.0,5900.0,1628.5,0.3569,5.7,0.3576
2026-07-22,7498.96,2026-08-31,40.0,5910.0,1618.7,0.3563,5.75,0.3559
2026-07-22,7498.96,2026-08-31,40.0,5920.0,1608.8,0.3547,5.85,0.3547
2026-07-22,7498.96,2026-08-31,40.0,5925.0,1603.85,0.3539,5.85,0.3536
2026-07-22,7498.96,2026-08-31,40.0,5930.0,1599.0,0.354,5.9,0.353
2026-07-22,7498.96,2026-08-31,40.0,5940.0,1589.1,0.3524,5.95,0.3512
2026-07-22,7498.96,2026-08-31,40.0,5950.0,1579.15,0.3503,6.05,0.35
2026-07-22,7498.96,2026-08-31,40.0,5960.0,1569.3,0.3491,6.15,0.3487
2026-07-22,7498.96,2026-08-31,40.0,5970.0,1559.4,0.3474,6.2,0.347
2026-07-22,7498.96,2026-08-31,40.0,5975.0,1554.45,0.3466,6.25,0.3463
2026-07-22,7498.96,2026-08-31,40.0,5980.0,1549.5,0.3458,6.25,0.3453
2026-07-22,7498.96,2026-08-31,40.0,5990.0,1539.65,0.3446,6.35,0.3439
2026-07-22,7498.96,2026-08-31,40.0,6000.0,1529.7,0.3425,6.45,0.3426
2026-07-22,7498.96,2026-08-31,40.0,6010.0,1519.9,0.3416,6.5,0.3409
2026-07-22,7498.96,2026-08-31,40.0,6020.0,1510.0,0.34,6.6,0.3395
2026-07-22,7498.96,2026-08-31,40.0,6025.0,1505.1,0.3395,6.65,0.3388
2026-07-22,7498.96,2026-08-31,40.0,6030.0,1500.15,0.3387,6.65,0.3378
2026-07-22,7498.96,2026-08-31,40.0,6040.0,1490.3,0.3374,6.75,0.3364
2026-07-22,7498.96,2026-08-31,40.0,6050.0,1480.4,0.3357,6.85,0.335
2026-07-22,7498.96,2026-08-31,40.0,6060.0,1470.55,0.3343,6.95,0.3336
2026-07-22,7498.96,2026-08-31,40.0,6070.0,1460.7,0.333,7.05,0.3322
2026-07-22,7498.96,2026-08-31,40.0,6075.0,1455.75,0.3321,7.05,0.3311
2026-07-22,7498.96,2026-08-31,40.0,6080.0,1450.8,0.3313,7.15,0.3308
2026-07-22,7498.96,2026-08-31,40.0,6090.0,1440.95,0.3299,7.25,0.3294
2026-07-22,7498.96,2026-08-31,40.0,6100.0,1431.1,0.3285,7.3,0.3275
2026-07-22,7498.96,2026-08-31,40.0,6110.0,1421.2,0.3268,7.35,0.3257
2026-07-22,7498.96,2026-08-31,40.0,6120.0,1411.3,0.325,7.45,0.3243
2026-07-22,7498.96,2026-08-31,40.0,6125.0,1406.4,0.3245,7.55,0.3239
2026-07-22,7498.96,2026-08-31,40.0,6130.0,1401.5,0.324,7.55,0.3228
2026-07-22,7498.96,2026-08-31,40.0,6140.0,1391.65,0.3226,7.65,0.3213
2026-07-22,7498.96,2026-08-31,40.0,6150.0,1381.8,0.3211,7.75,0.3198
2026-07-22,7498.96,2026-08-31,40.0,6160.0,1371.9,0.3193,7.9,0.3187
2026-07-22,7498.96,2026-08-31,40.0,6170.0,1362.1,0.3182,8.0,0.3172
2026-07-22,7498.96,2026-08-31,40.0,6175.0,1357.2,0.3176,8.05,0.3164
2026-07-22,7498.96,2026-08-31,40.0,6180.0,1352.2,0.3164,8.1,0.3156
2026-07-22,7498.96,2026-08-31,40.0,6190.0,1342.4,0.3153,8.2,0.3141
2026-07-22,7498.96,2026-08-31,40.0,6200.0,1332.5,0.3134,8.3,0.3126
2026-07-22,7498.96,2026-08-31,40.0,6210.0,1322.7,0.3123,8.4,0.311
2026-07-22,7498.96,2026-08-31,40.0,6220.0,1312.9,0.3111,8.55,0.3098
2026-07-22,7498.96,2026-08-31,40.0,6225.0,1307.9,0.3098,8.6,0.309
2026-07-22,7498.96,2026-08-31,40.0,6230.0,1303.0,0.3092,8.65,0.3082
2026-07-22,7498.96,2026-08-31,40.0,6240.0,1293.2,0.308,8.8,0.3069
2026-07-22,7498.96,2026-08-31,40.0,6250.0,1283.3,0.3061,8.9,0.3053
2026-07-22,7498.96,2026-08-31,40.0,6260.0,1273.5,0.3049,9.0,0.3037
2026-07-22,7498.96,2026-08-31,40.0,6270.0,1263.7,0.3036,9.15,0.3024
2026-07-22,7498.96,2026-08-31,40.0,6275.0,1258.8,0.3029,9.2,0.3015
2026-07-22,7498.96,2026-08-31,40.0,6280.0,1253.9,0.3023,9.3,0.301
2026-07-22,7498.96,2026-08-31,40.0,6290.0,1244.0,0.3004,9.4,0.2994
2026-07-22,7498.96,2026-08-31,40.0,6300.0,1234.2,0.2991,9.55,0.298
2026-07-22,7498.96,2026-08-31,40.0,6310.0,1224.4,0.2977,9.7,0.2966
2026-07-22,7498.96,2026-08-31,40.0,6320.0,1214.6,0.2964,9.8,0.2949
2026-07-22,7498.96,2026-08-31,40.0,6325.0,1209.7,0.2957,9.9,0.2944
2026-07-22,7498.96,2026-08-31,40.0,6330.0,1204.7,0.2945,9.95,0.2935
2026-07-22,7498.96,2026-08-31,40.0,6340.0,1194.9,0.2931,10.1,0.2921
2026-07-22,7498.96,2026-08-31,40.0,6350.0,1185.1,0.2917,10.25,0.2907
2026-07-22,7498.96,2026-08-31,40.0,6360.0,1175.3,0.2903,10.4,0.2892
2026-07-22,7498.96,2026-08-31,40.0,6370.0,1165.5,0.2888,10.55,0.2877
2026-07-22,7498.96,2026-08-31,40.0,6375.0,1160.6,0.2881,10.65,0.2871
2026-07-22,7498.96,2026-08-31,40.0,6380.0,1155.7,0.2874,10.7,0.2862
2026-07-22,7498.96,2026-08-31,40.0,6390.0,1145.9,0.2859,10.9,0.285
2026-07-22,7498.96,2026-08-31,40.0,6400.0,1136.1,0.2845,11.05,0.2835
2026-07-22,7498.96,2026-08-31,40.0,6410.0,1126.2,0.2825,11.25,0.2822
2026-07-22,7498.96,2026-08-31,40.0,6420.0,1116.6,0.2819,11.35,0.2804
2026-07-22,7498.96,2026-08-31,40.0,6425.0,1111.7,0.2812,11.45,0.2798
2026-07-22,7498.96,2026-08-31,40.0,6430.0,1106.8,0.2804,11.55,0.2791
2026-07-22,7498.96,2026-08-31,40.0,6440.0,1097.0,0.2789,11.75,0.2778
2026-07-22,7498.96,2026-08-31,40.0,6450.0,1087.1,0.2769,11.95,0.2764
2026-07-22,7498.96,2026-08-31,40.0,6460.0,1077.3,0.2753,12.15,0.275
2026-07-22,7498.96,2026-08-31,40.0,6470.0,1067.7,0.2746,12.35,0.2736
2026-07-22,7498.96,2026-08-31,40.0,6475.0,1062.7,0.2734,12.45,0.2729
2026-07-22,7498.96,2026-08-31,40.0,6480.0,1057.8,0.2726,12.5,0.272
2026-07-22,7498.96,2026-08-31,40.0,6490.0,1048.2,0.2719,12.75,0.2708
2026-07-22,7498.96,2026-08-31,40.0,6500.0,1038.3,0.2698,12.95,0.2694
2026-07-22,7498.96,2026-08-31,40.0,6510.0,1028.7,0.269,13.15,0.2679
2026-07-22,7498.96,2026-08-31,40.0,6520.0,1018.8,0.267,13.35,0.2664
2026-07-22,7498.96,2026-08-31,40.0,6525.0,1013.95,0.2663,13.5,0.2659
2026-07-22,7498.96,2026-08-31,40.0,6530.0,1009.1,0.2657,13.6,0.2651
2026-07-22,7498.96,2026-08-31,40.0,6540.0,999.4,0.2644,13.8,0.2636
2026-07-22,7498.96,2026-08-31,40.0,6550.0,989.65,0.2629,14.05,0.2623
2026-07-22,7498.96,2026-08-31,40.0,6560.0,979.9,0.2614,14.3,0.2609
2026-07-22,7498.96,2026-08-31,40.0,6570.0,970.2,0.2601,14.5,0.2594
2026-07-22,7498.96,2026-08-31,40.0,6575.0,965.4,0.2596,14.7,0.259
2026-07-22,7498.96,2026-08-31,40.0,6580.0,960.5,0.2587,14.8,0.2582
2026-07-22,7498.96,2026-08-31,40.0,6590.0,950.8,0.2574,15.05,0.2567
2026-07-22,7498.96,2026-08-31,40.0,6600.0,941.15,0.2561,15.3,0.2553
2026-07-22,7498.96,2026-08-31,40.0,6610.0,931.5,0.2549,15.6,0.254
2026-07-22,7498.96,2026-08-31,40.0,6620.0,921.8,0.2535,15.9,0.2527
2026-07-22,7498.96,2026-08-31,40.0,6625.0,916.95,0.2527,16.0,0.2519
2026-07-22,7498.96,2026-08-31,40.0,6630.0,912.1,0.252,16.2,0.2514
2026-07-22,7498.96,2026-08-31,40.0,6640.0,902.45,0.2507,16.45,0.2499
2026-07-22,7498.96,2026-08-31,40.0,6650.0,892.8,0.2493,16.8,0.2487
2026-07-22,7498.96,2026-08-31,40.0,6660.0,883.2,0.2481,17.1,0.2473
2026-07-22,7498.96,2026-08-31,40.0,6670.0,873.5,0.2466,17.4,0.2459
2026-07-22,7498.96,2026-08-31,40.0,6675.0,868.7,0.246,17.55,0.2452
2026-07-22,7498.96,2026-08-31,40.0,6680.0,863.9,0.2454,17.75,0.2446
2026-07-22,7498.96,2026-08-31,40.0,6690.0,854.3,0.2441,18.05,0.2432
2026-07-22,7498.96,2026-08-31,40.0,6700.0,844.6,0.2425,18.35,0.2417
2026-07-22,7498.96,2026-08-31,40.0,6710.0,835.0,0.2412,18.75,0.2405
2026-07-22,7498.96,2026-08-31,40.0,6720.0,825.4,0.2398,19.15,0.2393
2026-07-22,7498.96,2026-08-31,40.0,6725.0,820.6,0.2391,19.2,0.2382
2026-07-22,7498.96,2026-08-31,40.0,6730.0,815.8,0.2384,19.5,0.2379
2026-07-22,7498.96,2026-08-31,40.0,6740.0,806.3,0.2373,19.85,0.2364
2026-07-22,7498.96,2026-08-31,40.0,6750.0,796.7,0.2359,20.2,0.235
2026-07-22,7498.96,2026-08-31,40.0,6760.0,787.1,0.2345,20.65,0.2338
2026-07-22,7498.96,2026-08-31,40.0,6770.0,777.6,0.2333,21.15,0.2327
2026-07-22,7498.96,2026-08-31,40.0,6775.0,772.8,0.2325,21.35,0.232
2026-07-22,7498.96,2026-08-31,40.0,6780.0,767.9,0.2315,21.55,0.2313
2026-07-22,7498.96,2026-08-31,40.0,6790.0,758.4,0.2302,21.95,0.2299
2026-07-22,7498.96,2026-08-31,40.0,6800.0,748.9,0.229,22.3,0.2283
2026-07-22,7498.96,2026-08-31,40.0,6810.0,739.4,0.2277,22.9,0.2274
2026-07-22,7498.96,2026-08-31,40.0,6820.0,730.0,0.2266,23.35,0.226
2026-07-22,7498.96,2026-08-31,40.0,6825.0,725.2,0.2258,23.65,0.2255
2026-07-22,7498.96,2026-08-31,40.0,6830.0,720.5,0.2252,23.85,0.2247
2026-07-22,7498.96,2026-08-31,40.0,6840.0,711.0,0.2238,24.35,0.2234
2026-07-22,7498.96,2026-08-31,40.0,6845.0,706.3,0.2232,24.65,0.2229
2026-07-22,7498.96,2026-08-31,40.0,6850.0,701.6,0.2226,24.85,0.2221
2026-07-22,7498.96,2026-08-31,40.0,6855.0,696.9,0.222,25.15,0.2215
2026-07-22,7498.96,2026-08-31,40.0,6860.0,692.1,0.2211,25.45,0.2209
2026-07-22,7498.96,2026-08-31,40.0,6865.0,687.4,0.2205,25.65,0.2201
2026-07-22,7498.96,2026-08-31,40.0,6870.0,682.7,0.2199,25.95,0.2195
2026-07-22,7498.96,2026-08-31,40.0,6875.0,678.0,0.2193,26.1,0.2186
2026-07-22,7498.96,2026-08-31,40.0,6880.0,673.3,0.2186,26.55,0.2183
2026-07-22,7498.96,2026-08-31,40.0,6885.0,668.6,0.218,26.8,0.2176
2026-07-22,7498.96,2026-08-31,40.0,6890.0,663.9,0.2173,27.1,0.217
2026-07-22,7498.96,2026-08-31,40.0,6895.0,659.2,0.2166,27.4,0.2164
2026-07-22,7498.96,2026-08-31,40.0,6900.0,654.5,0.2159,27.55,0.2154
2026-07-22,7498.96,2026-08-31,40.0,6905.0,649.8,0.2153,28.0,0.2151
2026-07-22,7498.96,2026-08-31,40.0,6910.0,645.2,0.2148,28.3,0.2144
2026-07-22,7498.96,2026-08-31,40.0,6915.0,640.5,0.2141,28.6,0.2137
2026-07-22,7498.96,2026-08-31,40.0,6920.0,635.8,0.2134,28.9,0.2131
2026-07-22,7498.96,2026-08-31,40.0,6925.0,631.2,0.2128,29.25,0.2125
2026-07-22,7498.96,2026-08-31,40.0,6930.0,626.5,0.2121,29.65,0.212
2026-07-22,7498.96,2026-08-31,40.0,6935.0,621.8,0.2114,29.9,0.2112
2026-07-22,7498.96,2026-08-31,40.0,6940.0,617.2,0.2108,30.2,0.2105
2026-07-22,7498.96,2026-08-31,40.0,6945.0,612.5,0.2101,30.6,0.21
2026-07-22,7498.96,2026-08-31,40.0,6950.0,607.9,0.2095,30.75,0.2089
2026-07-22,7498.96,2026-08-31,40.0,6955.0,603.15,0.2087,31.3,0.2087
2026-07-22,7498.96,2026-08-31,40.0,6960.0,598.55,0.2081,31.6,0.208
2026-07-22,7498.96,2026-08-31,40.0,6965.0,594.0,0.2076,32.0,0.2074
2026-07-22,7498.96,2026-08-31,40.0,6970.0,589.4,0.207,32.3,0.2067
2026-07-22,7498.96,2026-08-31,40.0,6975.0,584.7,0.2062,32.7,0.2061
2026-07-22,7498.96,2026-08-31,40.0,6980.0,580.1,0.2056,33.15,0.2056
2026-07-22,7498.96,2026-08-31,40.0,6985.0,575.5,0.205,33.45,0.2048
2026-07-22,7498.96,2026-08-31,40.0,6990.0,570.9,0.2043,33.85,0.2042
2026-07-22,7498.96,2026-08-31,40.0,6995.0,566.3,0.2037,34.25,0.2036
2026-07-22,7498.96,2026-08-31,40.0,7000.0,561.7,0.203,34.55,0.2028
2026-07-22,7498.96,2026-08-31,40.0,7005.0,557.1,0.2024,35.05,0.2023
2026-07-22,7498.96,2026-08-31,40.0,7010.0,552.5,0.2017,35.45,0.2017
2026-07-22,7498.96,2026-08-31,40.0,7015.0,547.9,0.201,35.85,0.201
2026-07-22,7498.96,2026-08-31,40.0,7020.0,543.4,0.2005,36.25,0.2003
2026-07-22,7498.96,2026-08-31,40.0,7025.0,538.8,0.1998,36.7,0.1998
2026-07-22,7498.96,2026-08-31,40.0,7030.0,534.2,0.1991,37.15,0.1992
2026-07-22,7498.96,2026-08-31,40.0,7035.0,529.7,0.1985,37.55,0.1985
2026-07-22,7498.96,2026-08-31,40.0,7040.0,525.0,0.1976,37.8,0.1975
2026-07-22,7498.96,2026-08-31,40.0,7045.0,520.6,0.1972,38.45,0.1972
2026-07-22,7498.96,2026-08-31,40.0,7050.0,516.1,0.1966,38.9,0.1966
2026-07-22,7498.96,2026-08-31,40.0,7055.0,511.4,0.1957,39.2,0.1957
2026-07-22,7498.96,2026-08-31,40.0,7060.0,506.9,0.1951,39.8,0.1952
2026-07-22,7498.96,2026-08-31,40.0,7065.0,502.4,0.1945,40.3,0.1947
2026-07-22,7498.96,2026-08-31,40.0,7070.0,497.9,0.1939,40.75,0.194
2026-07-22,7498.96,2026-08-31,40.0,7075.0,493.4,0.1932,41.1,0.1931
2026-07-22,7498.96,2026-08-31,40.0,7080.0,488.95,0.1927,41.7,0.1926
2026-07-22,7498.96,2026-08-31,40.0,7085.0,484.4,0.1919,42.2,0.192
2026-07-22,7498.96,2026-08-31,40.0,7090.0,480.0,0.1914,42.75,0.1914
2026-07-22,7498.96,2026-08-31,40.0,7095.0,475.5,0.1907,43.25,0.1908
2026-07-22,7498.96,2026-08-31,40.0,7100.0,470.95,0.19,43.6,0.1899
2026-07-22,7498.96,2026-08-31,40.0,7105.0,466.6,0.1895,44.3,0.1895
2026-07-22,7498.96,2026-08-31,40.0,7110.0,462.05,0.1887,44.8,0.1888
2026-07-22,7498.96,2026-08-31,40.0,7115.0,457.7,0.1882,45.4,0.1883
2026-07-22,7498.96,2026-08-31,40.0,7120.0,453.1,0.1873,45.9,0.1875
2026-07-22,7498.96,2026-08-31,40.0,7125.0,448.75,0.1868,46.5,0.187
2026-07-22,7498.96,2026-08-31,40.0,7130.0,444.35,0.1862,47.1,0.1864
2026-07-22,7498.96,2026-08-31,40.0,7135.0,439.95,0.1856,47.6,0.1856
2026-07-22,7498.96,2026-08-31,40.0,7140.0,435.5,0.1849,48.2,0.185
2026-07-22,7498.96,2026-08-31,40.0,7145.0,431.1,0.1842,48.8,0.1844
2026-07-22,7498.96,2026-08-31,40.0,7150.0,426.7,0.1836,49.25,0.1835
2026-07-22,7498.96,2026-08-31,40.0,7155.0,422.4,0.183,50.05,0.1831
2026-07-22,7498.96,2026-08-31,40.0,7160.0,418.0,0.1824,50.6,0.1824
2026-07-22,7498.96,2026-08-31,40.0,7165.0,419.6,0.1903,51.25,0.1818
2026-07-22,7498.96,2026-08-31,40.0,7170.0,409.3,0.1811,51.9,0.1812
2026-07-22,7498.96,2026-08-31,40.0,7175.0,410.9,0.1889,52.35,0.1802
2026-07-22,7498.96,2026-08-31,40.0,7180.0,406.6,0.1882,53.2,0.1799
2026-07-22,7498.96,2026-08-31,40.0,7185.0,402.2,0.1874,53.8,0.1791
2026-07-22,7498.96,2026-08-31,40.0,7190.0,397.9,0.1867,54.55,0.1786
2026-07-22,7498.96,2026-08-31,40.0,7195.0,393.6,0.186,55.2,0.1779
2026-07-22,7498.96,2026-08-31,40.0,7200.0,389.3,0.1853,55.7,0.177
2026-07-22,7498.96,2026-08-31,40.0,7205.0,385.0,0.1846,56.55,0.1766
2026-07-22,7498.96,2026-08-31,40.0,7210.0,380.7,0.1839,57.2,0.1758
2026-07-22,7498.96,2026-08-31,40.0,7215.0,376.4,0.1831,58.05,0.1753
2026-07-22,7498.96,2026-08-31,40.0,7220.0,372.2,0.1825,58.75,0.1747
2026-07-22,7498.96,2026-08-31,40.0,7225.0,367.9,0.1818,59.45,0.1739
2026-07-22,7498.96,2026-08-31,40.0,7230.0,363.7,0.1811,60.25,0.1734
2026-07-22,7498.96,2026-08-31,40.0,7235.0,359.4,0.1803,60.9,0.1726
2026-07-22,7498.96,2026-08-31,40.0,7240.0,355.2,0.1796,61.75,0.172
2026-07-22,7498.96,2026-08-31,40.0,7245.0,351.0,0.1789,62.55,0.1714
2026-07-22,7498.96,2026-08-31,40.0,7250.0,346.8,0.1782,63.2,0.1705
2026-07-22,7498.96,2026-08-31,40.0,7255.0,342.6,0.1775,64.15,0.17
2026-07-22,7498.96,2026-08-31,40.0,7260.0,338.4,0.1768,64.95,0.1694
2026-07-22,7498.96,2026-08-31,40.0,7265.0,334.3,0.1761,65.85,0.1688
2026-07-22,7498.96,2026-08-31,40.0,7270.0,330.1,0.1754,66.65,0.1681
2026-07-22,7498.96,2026-08-31,40.0,7275.0,326.0,0.1747,67.5,0.1674
2026-07-22,7498.96,2026-08-31,40.0,7280.0,321.9,0.174,68.45,0.1668
2026-07-22,7498.96,2026-08-31,40.0,7285.0,317.7,0.1732,69.25,0.1661
2026-07-22,7498.96,2026-08-31,40.0,7290.0,313.6,0.1725,70.15,0.1654
2026-07-22,7498.96,2026-08-31,40.0,7295.0,309.5,0.1718,71.2,0.1649
2026-07-22,7498.96,2026-08-31,40.0,7300.0,304.6,0.1701,71.85,0.1639
2026-07-22,7498.96,2026-08-31,40.0,7305.0,301.4,0.1704,72.85,0.1633
2026-07-22,7498.96,2026-08-31,40.0,7310.0,297.4,0.1698,73.9,0.1628
2026-07-22,7498.96,2026-08-31,40.0,7315.0,293.3,0.169,74.75,0.162
2026-07-22,7498.96,2026-08-31,40.0,7320.0,289.3,0.1683,75.65,0.1612
2026-07-22,7498.96,2026-08-31,40.0,7325.0,285.3,0.1676,76.85,0.1608
2026-07-22,7498.96,2026-08-31,40.0,7330.0,281.3,0.1669,77.85,0.1601
2026-07-22,7498.96,2026-08-31,40.0,7335.0,277.3,0.1662,78.9,0.1595
2026-07-22,7498.96,2026-08-31,40.0,7340.0,268.95,0.1604,80.0,0.1589
2026-07-22,7498.96,2026-08-31,40.0,7345.0,264.0,0.1586,80.95,0.1581
2026-07-22,7498.96,2026-08-31,40.0,7350.0,260.15,0.158,82.0,0.1574
2026-07-22,7498.96,2026-08-31,40.0,7355.0,256.2,0.1573,83.1,0.1567
2026-07-22,7498.96,2026-08-31,40.0,7360.0,252.4,0.1567,83.95,0.1557
2026-07-22,7498.96,2026-08-31,40.0,7365.0,248.8,0.1564,85.3,0.1553
2026-07-22,7498.96,2026-08-31,40.0,7370.0,245.0,0.1558,86.3,0.1545
2026-07-22,7498.96,2026-08-31,40.0,7375.0,241.0,0.1549,87.4,0.1537
2026-07-22,7498.96,2026-08-31,40.0,7380.0,237.2,0.1543,88.85,0.1534
2026-07-22,7498.96,2026-08-31,40.0,7385.0,233.4,0.1536,89.95,0.1526
2026-07-22,7498.96,2026-08-31,40.0,7390.0,229.9,0.1532,91.25,0.152
2026-07-22,7498.96,2026-08-31,40.0,7395.0,225.9,0.1523,92.4,0.1512
2026-07-22,7498.96,2026-08-31,40.0,7400.0,222.2,0.1517,93.6,0.1505
2026-07-22,7498.96,2026-08-31,40.0,7405.0,218.6,0.1511,94.95,0.1499
2026-07-22,7498.96,2026-08-31,40.0,7410.0,214.95,0.1505,96.1,0.149
2026-07-22,7498.96,2026-08-31,40.0,7415.0,211.15,0.1497,97.4,0.1483
2026-07-22,7498.96,2026-08-31,40.0,7420.0,207.3,0.1489,98.75,0.1477
2026-07-22,7498.96,2026-08-31,40.0,7425.0,203.8,0.1484,100.15,0.147
2026-07-22,7498.96,2026-08-31,40.0,7430.0,200.2,0.1477,101.65,0.1465
2026-07-22,7498.96,2026-08-31,40.0,7435.0,196.6,0.147,102.85,0.1456
2026-07-22,7498.96,2026-08-31,40.0,7440.0,193.2,0.1466,104.1,0.1447
2026-07-22,7498.96,2026-08-31,40.0,7445.0,189.5,0.1457,105.85,0.1444
2026-07-22,7498.96,2026-08-31,40.0,7450.0,186.05,0.1452,107.0,0.1434
2026-07-22,7498.96,2026-08-31,40.0,7455.0,182.6,0.1446,108.65,0.1428
2026-07-22,7498.96,2026-08-31,40.0,7460.0,179.1,0.1439,110.05,0.142
2026-07-22,7498.96,2026-08-31,40.0,7465.0,175.85,0.1434,111.8,0.1415
2026-07-22,7498.96,2026-08-31,40.0,7470.0,172.2,0.1425,113.25,0.1407
2026-07-22,7498.96,2026-08-31,40.0,7475.0,168.9,0.142,114.85,0.1401
2026-07-22,7498.96,2026-08-31,40.0,7480.0,165.3,0.1411,116.4,0.1393
2026-07-22,7498.96,2026-08-31,40.0,7485.0,162.1,0.1406,118.1,0.1387
2026-07-22,7498.96,2026-08-31,40.0,7490.0,158.85,0.14,119.75,0.138
2026-07-22,7498.96,2026-08-31,40.0,7495.0,155.35,0.1392,121.5,0.1373
2026-07-22,7498.96,2026-08-31,40.0,7500.0,152.3,0.1387,123.05,0.1364
2026-07-22,7498.96,2026-08-31,40.0,7505.0,149.1,0.1381,125.1,0.136
2026-07-22,7498.96,2026-08-31,40.0,7510.0,145.95,0.1375,126.9,0.1354
2026-07-22,7498.96,2026-08-31,40.0,7515.0,142.8,0.1369,128.7,0.1347
2026-07-22,7498.96,2026-08-31,40.0,7520.0,139.7,0.1363,130.45,0.1339
2026-07-22,7498.96,2026-08-31,40.0,7525.0,136.5,0.1356,132.3,0.1331
2026-07-22,7498.96,2026-08-31,40.0,7530.0,133.4,0.135,134.15,0.1324
2026-07-22,7498.96,2026-08-31,40.0,7535.0,130.35,0.1343,136.1,0.1317
2026-07-22,7498.96,2026-08-31,40.0,7540.0,127.4,0.1338,137.9,0.1308
2026-07-22,7498.96,2026-08-31,40.0,7545.0,124.4,0.1331,140.1,0.1303
2026-07-22,7498.96,2026-08-31,40.0,7550.0,121.5,0.1326,142.2,0.1297
2026-07-22,7498.96,2026-08-31,40.0,7555.0,118.55,0.1319,144.15,0.1289
2026-07-22,7498.96,2026-08-31,40.0,7560.0,115.65,0.1313,146.3,0.1282
2026-07-22,7498.96,2026-08-31,40.0,7565.0,112.8,0.1307,148.2,0.1273
2026-07-22,7498.96,2026-08-31,40.0,7570.0,110.05,0.1301,150.6,0.1268
2026-07-22,7498.96,2026-08-31,40.0,7575.0,107.25,0.1295,152.8,0.1261
2026-07-22,7498.96,2026-08-31,40.0,7580.0,104.65,0.1291,154.8,0.1252
2026-07-22,7498.96,2026-08-31,40.0,7585.0,101.8,0.1283,157.5,0.1249
2026-07-22,7498.96,2026-08-31,40.0,7590.0,99.3,0.1279,159.55,0.1239
2026-07-22,7498.96,2026-08-31,40.0,7595.0,96.5,0.1271,162.0,0.1233
2026-07-22,7498.96,2026-08-31,40.0,7600.0,94.0,0.1267,164.3,0.1225
2026-07-22,7498.96,2026-08-31,40.0,7605.0,91.5,0.1261,166.8,0.1218
2026-07-22,7498.96,2026-08-31,40.0,7610.0,89.05,0.1256,169.65,0.1215
2026-07-22,7498.96,2026-08-31,40.0,7615.0,86.5,0.125,171.8,0.1204
2026-07-22,7498.96,2026-08-31,40.0,7620.0,84.0,0.1244,174.4,0.1198
2026-07-22,7498.96,2026-08-31,40.0,7625.0,81.6,0.1238,177.05,0.1191
2026-07-22,7498.96,2026-08-31,40.0,7630.0,79.25,0.1232,179.7,0.1184
2026-07-22,7498.96,2026-08-31,40.0,7635.0,77.1,0.1229,182.2,0.1175
2026-07-22,7498.96,2026-08-31,40.0,7640.0,74.7,0.1222,185.1,0.117
2026-07-22,7498.96,2026-08-31,40.0,7645.0,72.45,0.1217,187.7,0.116
2026-07-22,7498.96,2026-08-31,40.0,7650.0,70.25,0.1211,190.55,0.1153
2026-07-22,7498.96,2026-08-31,40.0,7655.0,68.05,0.1205,193.5,0.1147
2026-07-22,7498.96,2026-08-31,40.0,7660.0,66.2,0.1203,196.15,0.1136
2026-07-22,7498.96,2026-08-31,40.0,7665.0,64.05,0.1197,199.15,0.1129
2026-07-22,7498.96,2026-08-31,40.0,7670.0,62.1,0.1193,202.1,0.1121
2026-07-22,7498.96,2026-08-31,40.0,7675.0,59.9,0.1186,205.2,0.1114
2026-07-22,7498.96,2026-08-31,40.0,7680.0,58.05,0.1182,208.15,0.1105
2026-07-22,7498.96,2026-08-31,40.0,7685.0,56.2,0.1177,211.5,0.11
2026-07-22,7498.96,2026-08-31,40.0,7690.0,54.25,0.1172,214.8,0.1094
2026-07-22,7498.96,2026-08-31,40.0,7695.0,52.55,0.1168,216.85,0.107
2026-07-22,7498.96,2026-08-31,40.0,7700.0,50.85,0.1164,215.7,0.0997
2026-07-22,7498.96,2026-08-31,40.0,7705.0,49.05,0.1159,218.9,0.0984
2026-07-22,7498.96,2026-08-31,40.0,7710.0,47.4,0.1155,222.1,0.097
2026-07-22,7498.96,2026-08-31,40.0,7715.0,45.7,0.115,225.4,0.0955
2026-07-22,7498.96,2026-08-31,40.0,7720.0,44.1,0.1146,228.7,0.0939
2026-07-22,7498.96,2026-08-31,40.0,7725.0,42.6,0.1142,232.1,0.0921
2026-07-22,7498.96,2026-08-31,40.0,7730.0,41.05,0.1138,235.5,0.09
2026-07-22,7498.96,2026-08-31,40.0,7735.0,39.6,0.1134,239.0,0.0876
2026-07-22,7498.96,2026-08-31,40.0,7740.0,38.1,0.1129,242.5,0.0844
2026-07-22,7498.96,2026-08-31,40.0,7745.0,36.7,0.1126,246.0,0.0787
2026-07-22,7498.96,2026-08-31,40.0,7750.0,35.4,0.1123,249.6,0.0798
2026-07-22,7498.96,2026-08-31,40.0,7755.0,34.0,0.1118,253.2,0.0809
2026-07-22,7498.96,2026-08-31,40.0,7760.0,32.8,0.1115,259.8,0.082
2026-07-22,7498.96,2026-08-31,40.0,7765.0,31.5,0.1111,263.5,0.0832
2026-07-22,7498.96,2026-08-31,40.0,7770.0,30.3,0.1108,267.3,0.0843
2026-07-22,7498.96,2026-08-31,40.0,7775.0,29.15,0.1104,274.1,0.0854
2026-07-22,7498.96,2026-08-31,40.0,7780.0,28.0,0.1101,277.9,0.0865
2026-07-22,7498.96,2026-08-31,40.0,7785.0,26.9,0.1098,281.8,0.0876
2026-07-22,7498.96,2026-08-31,40.0,7790.0,25.8,0.1094,285.7,0.0887
2026-07-22,7498.96,2026-08-31,40.0,7795.0,24.85,0.1092,289.5,0.0898
2026-07-22,7498.96,2026-08-31,40.0,7800.0,23.85,0.1089,293.5,0.0909
2026-07-22,7498.96,2026-08-31,40.0,7805.0,22.9,0.1086,297.5,0.092
2026-07-22,7498.96,2026-08-31,40.0,7810.0,21.9,0.1082,301.5,0.093
2026-07-22,7498.96,2026-08-31,40.0,7815.0,21.05,0.108,305.6,0.0941
2026-07-22,7498.96,2026-08-31,40.0,7820.0,20.2,0.1078,309.7,0.0952
2026-07-22,7498.96,2026-08-31,40.0,7825.0,19.35,0.1075,,
2026-07-22,7498.96,2026-08-31,40.0,7830.0,18.55,0.1073,,
2026-07-22,7498.96,2026-08-31,40.0,7835.0,17.75,0.107,,
2026-07-22,7498.96,2026-08-31,40.0,7840.0,17.0,0.1067,,
2026-07-22,7498.96,2026-08-31,40.0,7845.0,16.3,0.1065,,
2026-07-22,7498.96,2026-08-31,40.0,7850.0,15.6,0.1063,,
2026-07-22,7498.96,2026-08-31,40.0,7855.0,14.9,0.106,,
2026-07-22,7498.96,2026-08-31,40.0,7860.0,14.25,0.1058,,
2026-07-22,7498.96,2026-08-31,40.0,7865.0,13.65,0.1056,,
2026-07-22,7498.96,2026-08-31,40.0,7870.0,13.05,0.1054,,
2026-07-22,7498.96,2026-08-31,40.0,7875.0,12.45,0.1052,,
2026-07-22,7498.96,2026-08-31,40.0,7880.0,11.95,0.1051,,
2026-07-22,7498.96,2026-08-31,40.0,7885.0,11.45,0.105,,
2026-07-22,7498.96,2026-08-31,40.0,7890.0,10.9,0.1047,,
2026-07-22,7498.96,2026-08-31,40.0,7895.0,10.4,0.1045,,
2026-07-22,7498.96,2026-08-31,40.0,7900.0,9.95,0.1044,,
2026-07-22,7498.96,2026-08-31,40.0,7905.0,9.4,0.104,,
2026-07-22,7498.96,2026-08-31,40.0,7910.0,9.05,0.104,,
2026-07-22,7498.96,2026-08-31,40.0,7915.0,8.65,0.1039,,
2026-07-22,7498.96,2026-08-31,40.0,7920.0,8.25,0.1038,,
2026-07-22,7498.96,2026-08-31,40.0,7925.0,7.9,0.1037,,
2026-07-22,7498.96,2026-08-31,40.0,7930.0,7.55,0.1036,,
2026-07-22,7498.96,2026-08-31,40.0,7935.0,7.2,0.1035,,
2026-07-22,7498.96,2026-08-31,40.0,7940.0,6.9,0.1035,,
2026-07-22,7498.96,2026-08-31,40.0,7945.0,6.6,0.1034,,
2026-07-22,7498.96,2026-08-31,40.0,7950.0,6.3,0.1033,,
2026-07-22,7498.96,2026-08-31,40.0,7955.0,6.0,0.1032,,
2026-07-22,7498.96,2026-08-31,40.0,7960.0,5.7,0.1031,,
2026-07-22,7498.96,2026-08-31,40.0,7965.0,5.5,0.1032,,
2026-07-22,7498.96,2026-08-31,40.0,7970.0,5.25,0.1032,,
2026-07-22,7498.96,2026-08-31,40.0,7975.0,5.0,0.1031,,
2026-07-22,7498.96,2026-08-31,40.0,7980.0,4.8,0.1031,,
2026-07-22,7498.96,2026-08-31,40.0,7985.0,4.6,0.1032,,
2026-07-22,7498.96,2026-08-31,40.0,7990.0,4.35,0.103,,
2026-07-22,7498.96,2026-08-31,40.0,7995.0,4.2,0.1032,,
2026-07-22,7498.96,2026-08-31,40.0,8000.0,4.0,0.1031,,
2026-07-22,7498.96,2026-08-31,40.0,8005.0,3.85,0.1032,,
2026-07-22,7498.96,2026-08-31,40.0,8010.0,3.7,0.1033,,
2026-07-22,7498.96,2026-08-31,40.0,8015.0,3.55,0.1034,,
2026-07-22,7498.96,2026-08-31,40.0,8020.0,3.4,0.1035,,
2026-07-22,7498.96,2026-08-31,40.0,8025.0,3.28,0.1036,,
2026-07-22,7498.96,2026-08-31,40.0,8030.0,3.12,0.1036,,
2026-07-22,7498.96,2026-08-31,40.0,8035.0,3.0,0.1037,,
2026-07-22,7498.96,2026-08-31,40.0,8040.0,2.9,0.1039,,
2026-07-22,7498.96,2026-08-31,40.0,8045.0,2.75,0.1038,,
2026-07-22,7498.96,2026-08-31,40.0,8050.0,2.65,0.104,,
2026-07-22,7498.96,2026-08-31,40.0,8055.0,2.55,0.1041,,
2026-07-22,7498.96,2026-08-31,40.0,8060.0,2.45,0.1043,,
2026-07-22,7498.96,2026-08-31,40.0,8065.0,2.35,0.1044,,
2026-07-22,7498.96,2026-08-31,40.0,8070.0,2.27,0.1046,,
2026-07-22,7498.96,2026-08-31,40.0,8075.0,2.17,0.1047,,
2026-07-22,7498.96,2026-08-31,40.0,8080.0,2.1,0.1049,,
2026-07-22,7498.96,2026-08-31,40.0,8085.0,2.02,0.1051,,
2026-07-22,7498.96,2026-08-31,40.0,8090.0,1.95,0.1052,,
2026-07-22,7498.96,2026-08-31,40.0,8095.0,1.9,0.1056,,
2026-07-22,7498.96,2026-08-31,40.0,8100.0,1.82,0.1057,,
2026-07-22,7498.96,2026-08-31,40.0,8105.0,1.75,0.1058,,
2026-07-22,7498.96,2026-08-31,40.0,8110.0,1.7,0.1061,,
2026-07-22,7498.96,2026-08-31,40.0,8115.0,1.65,0.1064,,
2026-07-22,7498.96,2026-08-31,40.0,8120.0,1.6,0.1066,,
2026-07-22,7498.96,2026-08-31,40.0,8125.0,1.55,0.1069,,
2026-07-22,7498.96,2026-08-31,40.0,8130.0,1.5,0.1071,,
2026-07-22,7498.96,2026-08-31,40.0,8135.0,1.45,0.1074,,
2026-07-22,7498.96,2026-08-31,40.0,8140.0,1.43,0.1078,,
2026-07-22,7498.96,2026-08-31,40.0,8145.0,1.4,0.1083,,
2026-07-22,7498.96,2026-08-31,40.0,8150.0,1.35,0.1085,,
2026-07-22,7498.96,2026-08-31,40.0,8155.0,1.3,0.1086,,
2026-07-22,7498.96,2026-08-31,40.0,8160.0,1.27,0.109,,
2026-07-22,7498.96,2026-08-31,40.0,8165.0,1.25,0.1095,,
2026-07-22,7498.96,2026-08-31,40.0,8170.0,1.2,0.1096,,
2026-07-22,7498.96,2026-08-31,40.0,8175.0,1.2,0.1103,,
2026-07-22,7498.96,2026-08-31,40.0,8180.0,1.15,0.1104,,
2026-07-22,7498.96,2026-08-31,40.0,8190.0,1.1,0.1111,,
2026-07-22,7498.96,2026-08-31,40.0,8200.0,1.05,0.1118,,
2026-07-22,7498.96,2026-08-31,40.0,8210.0,1.0,0.1125,,
2026-07-22,7498.96,2026-08-31,40.0,8220.0,0.95,0.1131,,
2026-07-22,7498.96,2026-08-31,40.0,8225.0,0.95,0.1138,,
2026-07-22,7498.96,2026-08-31,40.0,8230.0,0.93,0.1141,,
2026-07-22,7498.96,2026-08-31,40.0,8240.0,0.9,0.1151,,
2026-07-22,7498.96,2026-08-31,40.0,8250.0,0.85,0.1156,,
2026-07-22,7498.96,2026-08-31,40.0,8260.0,0.82,0.1165,,
2026-07-22,7498.96,2026-08-31,40.0,8270.0,0.8,0.1174,,
2026-07-22,7498.96,2026-08-31,40.0,8275.0,0.77,0.1176,,
2026-07-22,7498.96,2026-08-31,40.0,8280.0,0.75,0.1178,,
2026-07-22,7498.96,2026-08-31,40.0,8290.0,0.73,0.1187,,
2026-07-22,7498.96,2026-08-31,40.0,8300.0,0.73,0.12,,
2026-07-22,7498.96,2026-08-31,40.0,8310.0,0.68,0.1202,,
2026-07-22,7498.96,2026-08-31,40.0,8320.0,0.65,0.121,,
2026-07-22,7498.96,2026-08-31,40.0,8325.0,0.65,0.1216,,
2026-07-22,7498.96,2026-08-31,40.0,8330.0,0.65,0.1223,,
2026-07-22,7498.96,2026-08-31,40.0,8340.0,0.62,0.123,,
2026-07-22,7498.96,2026-08-31,40.0,8350.0,0.6,0.1237,,
2026-07-22,7498.96,2026-08-31,40.0,8360.0,0.57,0.1244,,
2026-07-22,7498.96,2026-08-31,40.0,8370.0,0.55,0.125,,
2026-07-22,7498.96,2026-08-31,40.0,8375.0,0.55,0.1256,,
2026-07-22,7498.96,2026-08-31,40.0,8380.0,0.55,0.1262,,
2026-07-22,7498.96,2026-08-31,40.0,8390.0,0.5,0.1262,,
2026-07-22,7498.96,2026-08-31,40.0,8400.0,0.5,0.1274,,
2026-07-22,7498.96,2026-08-31,40.0,8410.0,0.5,0.1286,,
2026-07-22,7498.96,2026-08-31,40.0,8420.0,0.45,0.1284,,
2026-07-22,7498.96,2026-08-31,40.0,8425.0,0.45,0.129,,
2026-07-22,7498.96,2026-08-31,40.0,8430.0,0.45,0.1296,,
2026-07-22,7498.96,2026-08-31,40.0,8440.0,0.45,0.1308,,
2026-07-22,7498.96,2026-08-31,40.0,8450.0,0.42,0.1312,,
2026-07-22,7498.96,2026-08-31,40.0,8460.0,0.4,0.1316,,
2026-07-22,7498.96,2026-08-31,40.0,8470.0,0.4,0.1328,,
2026-07-22,7498.96,2026-08-31,40.0,8475.0,0.4,0.1334,,
2026-07-22,7498.96,2026-08-31,40.0,8480.0,0.4,0.134,,
2026-07-22,7498.96,2026-08-31,40.0,8490.0,0.38,0.1343,,
2026-07-22,7498.96,2026-08-31,40.0,8500.0,0.38,0.1354,,
2026-07-22,7498.96,2026-08-31,40.0,8510.0,0.35,0.1357,,
2026-07-22,7498.96,2026-08-31,40.0,8520.0,0.35,0.1368,,
2026-07-22,7498.96,2026-08-31,40.0,8530.0,0.35,0.138,,
2026-07-22,7498.96,2026-08-31,40.0,8540.0,0.33,0.1381,,
2026-07-22,7498.96,2026-08-31,40.0,8550.0,0.33,0.1393,,
2026-07-22,7498.96,2026-08-31,40.0,8600.0,0.28,0.1426,,
2026-07-22,7498.96,2026-09-04,44.0,5700.0,1830.4,0.3863,5.55,0.3815
2026-07-22,7498.96,2026-09-04,44.0,5800.0,1731.55,0.3715,6.25,0.3671
2026-07-22,7498.96,2026-09-04,44.0,5900.0,1632.8,0.3567,7.05,0.3528
2026-07-22,7498.96,2026-09-04,44.0,6000.0,1534.3,0.3429,7.95,0.3383
2026-07-22,7498.96,2026-09-04,44.0,6050.0,1485.1,0.3359,8.45,0.3311
2026-07-22,7498.96,2026-09-04,44.0,6100.0,1435.9,0.3287,9.0,0.324
2026-07-22,7498.96,2026-09-04,44.0,6150.0,1386.7,0.3212,9.6,0.3169
2026-07-22,7498.96,2026-09-04,44.0,6200.0,1337.6,0.314,10.25,0.3098
2026-07-22,7498.96,2026-09-04,44.0,6250.0,1288.6,0.3071,10.95,0.3027
2026-07-22,7498.96,2026-09-04,44.0,6300.0,1239.6,0.2998,11.75,0.2957
2026-07-22,7498.96,2026-09-04,44.0,6350.0,1190.6,0.2922,12.65,0.289
2026-07-22,7498.96,2026-09-04,44.0,6400.0,1141.8,0.2852,13.6,0.282
2026-07-22,7498.96,2026-09-04,44.0,6450.0,1093.15,0.2784,14.65,0.2751
2026-07-22,7498.96,2026-09-04,44.0,6500.0,1044.6,0.2716,15.85,0.2684
2026-07-22,7498.96,2026-09-04,44.0,6550.0,996.2,0.2649,17.2,0.2617
2026-07-22,7498.96,2026-09-04,44.0,6600.0,948.0,0.2583,18.7,0.2551
2026-07-22,7498.96,2026-09-04,44.0,6650.0,899.9,0.2516,20.35,0.2485
2026-07-22,7498.96,2026-09-04,44.0,6700.0,852.0,0.2449,22.3,0.2421
2026-07-22,7498.96,2026-09-04,44.0,6750.0,804.4,0.2384,24.4,0.2355
2026-07-22,7498.96,2026-09-04,44.0,6800.0,757.0,0.2317,26.85,0.2292
2026-07-22,7498.96,2026-09-04,44.0,6850.0,709.9,0.2251,29.5,0.2227
2026-07-22,7498.96,2026-09-04,44.0,6900.0,663.2,0.2186,32.7,0.2165
2026-07-22,7498.96,2026-09-04,44.0,6925.0,639.95,0.2153,34.45,0.2134
2026-07-22,7498.96,2026-09-04,44.0,6950.0,617.0,0.2124,36.25,0.2103
2026-07-22,7498.96,2026-09-04,44.0,6975.0,594.0,0.2091,38.2,0.2071
2026-07-22,7498.96,2026-09-04,44.0,6990.0,580.3,0.2072,39.55,0.2054
2026-07-22,7498.96,2026-09-04,44.0,7000.0,571.1,0.2058,40.25,0.2039
2026-07-22,7498.96,2026-09-04,44.0,7025.0,548.5,0.2028,42.5,0.2009
2026-07-22,7498.96,2026-09-04,44.0,7050.0,525.8,0.1993,44.9,0.1978
2026-07-22,7498.96,2026-09-04,44.0,7075.0,503.5,0.1963,47.45,0.1947
2026-07-22,7498.96,2026-09-04,44.0,7100.0,481.25,0.1931,50.15,0.1915
2026-07-22,7498.96,2026-09-04,44.0,7125.0,459.2,0.1899,53.05,0.1884
2026-07-22,7498.96,2026-09-04,44.0,7150.0,437.4,0.1867,56.1,0.1852
2026-07-22,7498.96,2026-09-04,44.0,7175.0,421.5,0.191,59.45,0.1821
2026-07-22,7498.96,2026-09-04,44.0,7200.0,399.95,0.1874,63.05,0.1791
2026-07-22,7498.96,2026-09-04,44.0,7225.0,378.7,0.1839,66.8,0.1758
2026-07-22,7498.96,2026-09-04,44.0,7250.0,357.7,0.1804,70.9,0.1727
2026-07-22,7498.96,2026-09-04,44.0,7275.0,337.6,0.1776,75.2,0.1695
2026-07-22,7498.96,2026-09-04,44.0,7300.0,316.45,0.1733,79.75,0.1661
2026-07-22,7498.96,2026-09-04,44.0,7325.0,296.35,0.1697,84.85,0.163
2026-07-22,7498.96,2026-09-04,44.0,7350.0,272.5,0.1618,90.15,0.1597
2026-07-22,7498.96,2026-09-04,44.0,7360.0,264.8,0.1606,92.3,0.1583
2026-07-22,7498.96,2026-09-04,44.0,7370.0,257.05,0.1592,94.6,0.157
2026-07-22,7498.96,2026-09-04,44.0,7375.0,253.45,0.1588,95.85,0.1564
2026-07-22,7498.96,2026-09-04,44.0,7380.0,249.55,0.158,97.0,0.1557
2026-07-22,7498.96,2026-09-04,44.0,7390.0,242.2,0.1569,99.45,0.1544
2026-07-22,7498.96,2026-09-04,44.0,7400.0,234.65,0.1555,102.0,0.1531
2026-07-22,7498.96,2026-09-04,44.0,7410.0,227.4,0.1544,104.5,0.1517
2026-07-22,7498.96,2026-09-04,44.0,7420.0,220.0,0.153,107.3,0.1505
2026-07-22,7498.96,2026-09-04,44.0,7425.0,216.45,0.1524,108.6,0.1497
2026-07-22,7498.96,2026-09-04,44.0,7430.0,212.9,0.1518,109.9,0.149
2026-07-22,7498.96,2026-09-04,44.0,7440.0,205.75,0.1505,112.8,0.1477
2026-07-22,7498.96,2026-09-04,44.0,7450.0,198.65,0.1492,115.75,0.1464
2026-07-22,7498.96,2026-09-04,44.0,7460.0,191.85,0.1481,118.6,0.1449
2026-07-22,7498.96,2026-09-04,44.0,7470.0,185.05,0.1469,121.85,0.1437
2026-07-22,7498.96,2026-09-04,44.0,7475.0,181.5,0.1461,123.45,0.143
2026-07-22,7498.96,2026-09-04,44.0,7480.0,178.55,0.1458,124.9,0.1422
2026-07-22,7498.96,2026-09-04,44.0,7490.0,171.65,0.1444,128.3,0.141
2026-07-22,7498.96,2026-09-04,44.0,7500.0,165.0,0.143,131.75,0.1397
2026-07-22,7498.96,2026-09-04,44.0,7510.0,158.75,0.142,135.25,0.1383
2026-07-22,7498.96,2026-09-04,44.0,7520.0,152.45,0.1408,138.7,0.1368
2026-07-22,7498.96,2026-09-04,44.0,7525.0,149.15,0.14,140.7,0.1363
2026-07-22,7498.96,2026-09-04,44.0,7530.0,146.4,0.1398,142.75,0.1358
2026-07-22,7498.96,2026-09-04,44.0,7540.0,140.05,0.1383,146.5,0.1343
2026-07-22,7498.96,2026-09-04,44.0,7550.0,133.95,0.137,150.5,0.133
2026-07-22,7498.96,2026-09-04,44.0,7560.0,128.35,0.1361,154.3,0.1313
2026-07-22,7498.96,2026-09-04,44.0,7570.0,122.7,0.135,158.8,0.1302
2026-07-22,7498.96,2026-09-04,44.0,7575.0,119.6,0.1341,161.0,0.1296
2026-07-22,7498.96,2026-09-04,44.0,7580.0,116.95,0.1337,163.25,0.129
2026-07-22,7498.96,2026-09-04,44.0,7590.0,111.6,0.1327,167.55,0.1274
2026-07-22,7498.96,2026-09-04,44.0,7600.0,106.1,0.1314,172.35,0.1262
2026-07-22,7498.96,2026-09-04,44.0,7610.0,101.05,0.1304,177.0,0.1247
2026-07-22,7498.96,2026-09-04,44.0,7620.0,96.15,0.1295,181.8,0.1232
2026-07-22,7498.96,2026-09-04,44.0,7625.0,93.4,0.1286,184.45,0.1226
2026-07-22,7498.96,2026-09-04,44.0,7650.0,81.65,0.1261,197.55,0.1191
2026-07-22,7498.96,2026-09-04,44.0,7675.0,70.85,0.1236,211.5,0.1151
2026-07-22,7498.96,2026-09-04,44.0,7700.0,61.05,0.1213,226.8,0.1115
2026-07-22,7498.96,2026-09-04,44.0,7725.0,52.2,0.1192,237.6,0.0991
2026-07-22,7498.96,2026-09-04,44.0,7750.0,44.35,0.1173,254.2,0.0894
2026-07-22,7498.96,2026-09-04,44.0,7775.0,37.4,0.1155,271.9,0.0836
2026-07-22,7498.96,2026-09-04,44.0,7800.0,31.3,0.1139,296.6,0.0889
2026-07-22,7498.96,2026-09-04,44.0,7825.0,26.05,0.1125,316.0,0.0941
2026-07-22,7498.96,2026-09-04,44.0,7850.0,21.55,0.1112,,
2026-07-22,7498.96,2026-09-04,44.0,7900.0,14.45,0.109,,
2026-07-22,7498.96,2026-09-04,44.0,7950.0,9.55,0.1075,,
2026-07-22,7498.96,2026-09-04,44.0,8000.0,6.3,0.1068,,
2026-07-22,7498.96,2026-09-04,44.0,8050.0,4.15,0.1066,,
2026-07-22,7498.96,2026-09-04,44.0,8100.0,2.85,0.1075,,
2026-07-22,7498.96,2026-09-04,44.0,8150.0,2.02,0.1091,,
2026-07-22,7498.96,2026-09-04,44.0,8200.0,1.52,0.1116,,
2026-07-22,7498.96,2026-09-04,44.0,8250.0,1.2,0.1147,,
2026-07-22,7498.96,2026-09-04,44.0,8300.0,1.0,0.1185,,
2026-07-22,7498.96,2026-09-04,44.0,8400.0,0.72,0.1262,,
2026-07-22,7498.96,2026-09-04,44.0,8600.0,0.43,0.1416,,
2026-07-22,7498.96,2026-09-11,51.0,5700.0,1834.0,0.3556,6.85,0.3665
2026-07-22,7498.96,2026-09-11,51.0,5800.0,1735.4,0.3438,7.7,0.3531
2026-07-22,7498.96,2026-09-11,51.0,5900.0,1637.0,0.3323,8.65,0.3395
2026-07-22,7498.96,2026-09-11,51.0,6000.0,1538.6,0.3197,9.75,0.3261
2026-07-22,7498.96,2026-09-11,51.0,6050.0,1489.5,0.3136,10.35,0.3193
2026-07-22,7498.96,2026-09-11,51.0,6100.0,1440.5,0.3077,11.05,0.3128
2026-07-22,7498.96,2026-09-11,51.0,6150.0,1391.5,0.3015,11.75,0.3061
2026-07-22,7498.96,2026-09-11,51.0,6200.0,1342.6,0.2955,12.55,0.2995
2026-07-22,7498.96,2026-09-11,51.0,6250.0,1293.6,0.2887,13.4,0.2929
2026-07-22,7498.96,2026-09-11,51.0,6300.0,1245.0,0.2833,14.35,0.2864
2026-07-22,7498.96,2026-09-11,51.0,6350.0,1196.2,0.2767,15.4,0.28
2026-07-22,7498.96,2026-09-11,51.0,6400.0,1147.6,0.2705,16.55,0.2736
2026-07-22,7498.96,2026-09-11,51.0,6450.0,1099.2,0.2647,17.85,0.2673
2026-07-22,7498.96,2026-09-11,51.0,6500.0,1050.95,0.2589,19.3,0.2612
2026-07-22,7498.96,2026-09-11,51.0,6550.0,1002.8,0.2529,20.9,0.255
2026-07-22,7498.96,2026-09-11,51.0,6600.0,954.9,0.2471,22.6,0.2487
2026-07-22,7498.96,2026-09-11,51.0,6650.0,907.1,0.2411,24.6,0.2426
2026-07-22,7498.96,2026-09-11,51.0,6700.0,859.5,0.2351,26.8,0.2366
2026-07-22,7498.96,2026-09-11,51.0,6750.0,812.2,0.2292,29.3,0.2306
2026-07-22,7498.96,2026-09-11,51.0,6800.0,765.2,0.2233,32.1,0.2247
2026-07-22,7498.96,2026-09-11,51.0,6850.0,718.5,0.2174,35.1,0.2186
2026-07-22,7498.96,2026-09-11,51.0,6900.0,672.2,0.2116,38.6,0.2127
2026-07-22,7498.96,2026-09-11,51.0,6925.0,649.2,0.2087,40.5,0.2097
2026-07-22,7498.96,2026-09-11,51.0,6950.0,626.4,0.2059,42.55,0.2068
2026-07-22,7498.96,2026-09-11,51.0,6975.0,603.6,0.2029,44.7,0.2039
2026-07-22,7498.96,2026-09-11,51.0,7000.0,580.95,0.2,47.0,0.2009
2026-07-22,7498.96,2026-09-11,51.0,7025.0,558.5,0.1971,49.45,0.198
2026-07-22,7498.96,2026-09-11,51.0,7050.0,536.2,0.1942,52.0,0.195
2026-07-22,7498.96,2026-09-11,51.0,7075.0,513.95,0.1912,54.75,0.1921
2026-07-22,7498.96,2026-09-11,51.0,7100.0,491.95,0.1883,57.65,0.1891
2026-07-22,7498.96,2026-09-11,51.0,7125.0,470.2,0.1855,60.75,0.1862
2026-07-22,7498.96,2026-09-11,51.0,7150.0,454.5,0.1898,64.0,0.1832
2026-07-22,7498.96,2026-09-11,51.0,7175.0,433.1,0.1867,67.4,0.1801
2026-07-22,7498.96,2026-09-11,51.0,7200.0,411.9,0.1835,71.25,0.1772
2026-07-22,7498.96,2026-09-11,51.0,7225.0,390.9,0.1803,75.15,0.1741
2026-07-22,7498.96,2026-09-11,51.0,7250.0,370.2,0.1772,79.4,0.1712
2026-07-22,7498.96,2026-09-11,51.0,7275.0,349.8,0.1741,83.9,0.1681
2026-07-22,7498.96,2026-09-11,51.0,7300.0,329.7,0.171,88.75,0.1651
2026-07-22,7498.96,2026-09-11,51.0,7325.0,304.75,0.1627,93.8,0.162
2026-07-22,7498.96,2026-09-11,51.0,7350.0,285.35,0.1597,99.55,0.1592
2026-07-22,7498.96,2026-09-11,51.0,7360.0,277.6,0.1584,101.75,0.1578
2026-07-22,7498.96,2026-09-11,51.0,7370.0,269.95,0.1572,103.8,0.1563
2026-07-22,7498.96,2026-09-11,51.0,7375.0,266.15,0.1566,105.2,0.1559
2026-07-22,7498.96,2026-09-11,51.0,7380.0,262.55,0.1561,106.35,0.1552
2026-07-22,7498.96,2026-09-11,51.0,7390.0,255.05,0.1549,109.0,0.1541
2026-07-22,7498.96,2026-09-11,51.0,7400.0,247.65,0.1537,111.5,0.1528
2026-07-22,7498.96,2026-09-11,51.0,7410.0,240.25,0.1525,114.2,0.1516
2026-07-22,7498.96,2026-09-11,51.0,7420.0,233.25,0.1515,116.9,0.1504
2026-07-22,7498.96,2026-09-11,51.0,7425.0,229.45,0.1508,118.25,0.1497
2026-07-22,7498.96,2026-09-11,51.0,7430.0,226.0,0.1503,119.65,0.1491
2026-07-22,7498.96,2026-09-11,51.0,7440.0,218.85,0.1491,122.45,0.1478
2026-07-22,7498.96,2026-09-11,51.0,7450.0,212.2,0.1482,125.5,0.1466
2026-07-22,7498.96,2026-09-11,51.0,7460.0,205.15,0.147,128.45,0.1453
2026-07-22,7498.96,2026-09-11,51.0,7470.0,198.15,0.1457,131.6,0.1441
2026-07-22,7498.96,2026-09-11,51.0,7475.0,194.8,0.1451,133.1,0.1434
2026-07-22,7498.96,2026-09-11,51.0,7480.0,191.5,0.1446,134.8,0.1429
2026-07-22,7498.96,2026-09-11,51.0,7490.0,185.25,0.1438,138.2,0.1417
2026-07-22,7498.96,2026-09-11,51.0,7500.0,178.15,0.1422,141.6,0.1404
2026-07-22,7498.96,2026-09-11,51.0,7510.0,171.8,0.1411,144.8,0.1389
2026-07-22,7498.96,2026-09-11,51.0,7520.0,165.8,0.1403,148.5,0.1378
2026-07-22,7498.96,2026-09-11,51.0,7525.0,162.45,0.1396,150.2,0.137
2026-07-22,7498.96,2026-09-11,51.0,7530.0,159.2,0.1389,152.45,0.1367
2026-07-22,7498.96,2026-09-11,51.0,7540.0,153.25,0.138,155.85,0.1351
2026-07-22,7498.96,2026-09-11,51.0,7550.0,147.05,0.1367,159.8,0.1339
2026-07-22,7498.96,2026-09-11,51.0,7560.0,141.4,0.1359,164.15,0.1329
2026-07-22,7498.96,2026-09-11,51.0,7570.0,135.8,0.135,168.05,0.1314
2026-07-22,7498.96,2026-09-11,51.0,7575.0,132.6,0.1341,170.35,0.1309
2026-07-22,7498.96,2026-09-11,51.0,7580.0,130.15,0.1339,172.6,0.1304
2026-07-22,7498.96,2026-09-11,51.0,7600.0,119.0,0.1317,181.8,0.1281
2026-07-22,7498.96,2026-09-11,51.0,7625.0,106.2,0.1293,193.4,0.1246
2026-07-22,7498.96,2026-09-11,51.0,7650.0,94.15,0.127,206.05,0.1213
2026-07-22,7498.96,2026-09-11,51.0,7675.0,82.75,0.1246,219.9,0.1182
2026-07-22,7498.96,2026-09-11,51.0,7700.0,72.2,0.1222,234.3,0.1145
2026-07-22,7498.96,2026-09-11,51.0,7725.0,62.95,0.1204,249.7,0.1105
2026-07-22,7498.96,2026-09-11,51.0,7750.0,54.25,0.1183,260.6,0.098
2026-07-22,7498.96,2026-09-11,51.0,7775.0,46.5,0.1165,277.5,0.087
2026-07-22,7498.96,2026-09-11,51.0,7800.0,39.65,0.1149,295.4,0.0861
2026-07-22,7498.96,2026-09-11,51.0,7850.0,28.35,0.1121,339.6,0.096
2026-07-22,7498.96,2026-09-11,51.0,7900.0,19.9,0.1099,,
2026-07-22,7498.96,2026-09-11,51.0,7950.0,13.6,0.108,,
2026-07-22,7498.96,2026-09-11,51.0,8000.0,9.25,0.1068,,
2026-07-22,7498.96,2026-09-11,51.0,8050.0,6.25,0.1061,,
2026-07-22,7498.96,2026-09-11,51.0,8100.0,4.3,0.1063,,
2026-07-22,7498.96,2026-09-11,51.0,8150.0,3.02,0.1071,,
2026-07-22,7498.96,2026-09-11,51.0,8200.0,2.17,0.1083,,
2026-07-22,7498.96,2026-09-11,51.0,8250.0,1.67,0.1107,,
2026-07-22,7498.96,2026-09-11,51.0,8300.0,1.33,0.1134,,
2026-07-22,7498.96,2026-09-11,51.0,8400.0,0.92,0.12,,
2026-07-22,7498.96,2026-09-11,51.0,8600.0,0.55,0.1345,,
2026-07-22,7498.96,2026-09-18,58.0,5625.0,1911.2,0.3341,7.85,0.3662
2026-07-22,7498.96,2026-09-18,58.0,5630.0,1906.2,0.3329,7.95,0.3659
2026-07-22,7498.96,2026-09-18,58.0,5640.0,1896.4,0.3326,7.95,0.364
2026-07-22,7498.96,2026-09-18,58.0,5650.0,1887.4,0.3403,8.15,0.3635
2026-07-22,7498.96,2026-09-18,58.0,5660.0,1876.7,0.331,8.1,0.3612
2026-07-22,7498.96,2026-09-18,58.0,5670.0,1866.9,0.3306,8.25,0.3603
2026-07-22,7498.96,2026-09-18,58.0,5675.0,1862.0,0.3304,8.35,0.3601
2026-07-22,7498.96,2026-09-18,58.0,5680.0,1857.0,0.3293,8.35,0.3591
2026-07-22,7498.96,2026-09-18,58.0,5690.0,1847.2,0.3289,8.45,0.3578
2026-07-22,7498.96,2026-09-18,58.0,5700.0,1838.2,0.3357,8.65,0.3573
2026-07-22,7498.96,2026-09-18,58.0,5710.0,1827.5,0.327,8.65,0.3553
2026-07-22,7498.96,2026-09-18,58.0,5720.0,1817.7,0.3265,8.75,0.3541
2026-07-22,7498.96,2026-09-18,58.0,5725.0,1812.8,0.3263,8.75,0.3531
2026-07-22,7498.96,2026-09-18,58.0,5730.0,1807.8,0.3251,8.85,0.3528
2026-07-22,7498.96,2026-09-18,58.0,5740.0,1798.0,0.3246,8.95,0.3515
2026-07-22,7498.96,2026-09-18,58.0,5750.0,1789.1,0.3315,9.15,0.3508
2026-07-22,7498.96,2026-09-18,58.0,5760.0,1778.4,0.3234,9.15,0.3489
2026-07-22,7498.96,2026-09-18,58.0,5770.0,1768.5,0.3219,9.25,0.3476
2026-07-22,7498.96,2026-09-18,58.0,5775.0,1763.6,0.3216,9.25,0.3466
2026-07-22,7498.96,2026-09-18,58.0,5780.0,1758.7,0.3213,9.35,0.3463
2026-07-22,7498.96,2026-09-18,58.0,5790.0,1748.9,0.3207,9.45,0.345
2026-07-22,7498.96,2026-09-18,58.0,5800.0,1739.9,0.3261,9.65,0.3442
2026-07-22,7498.96,2026-09-18,58.0,5810.0,1729.2,0.3185,9.65,0.3423
2026-07-22,7498.96,2026-09-18,58.0,5820.0,1719.4,0.3178,9.75,0.341
2026-07-22,7498.96,2026-09-18,58.0,5825.0,1714.5,0.3174,9.75,0.34
2026-07-22,7498.96,2026-09-18,58.0,5830.0,1709.6,0.317,9.9,0.3399
2026-07-22,7498.96,2026-09-18,58.0,5840.0,1699.8,0.3163,10.0,0.3385
2026-07-22,7498.96,2026-09-18,58.0,5850.0,1690.8,0.3212,10.25,0.338
2026-07-22,7498.96,2026-09-18,58.0,5860.0,1680.1,0.3139,10.15,0.3355
2026-07-22,7498.96,2026-09-18,58.0,5870.0,1670.3,0.3131,10.35,0.3347
2026-07-22,7498.96,2026-09-18,58.0,5875.0,1665.4,0.3127,10.35,0.3337
2026-07-22,7498.96,2026-09-18,58.0,5880.0,1660.5,0.3123,10.45,0.3333
2026-07-22,7498.96,2026-09-18,58.0,5890.0,1650.7,0.3114,10.6,0.3322
2026-07-22,7498.96,2026-09-18,58.0,5900.0,1641.75,0.3161,10.8,0.3313
2026-07-22,7498.96,2026-09-18,58.0,5910.0,1631.1,0.3097,10.8,0.3294
2026-07-22,7498.96,2026-09-18,58.0,5920.0,1621.3,0.3088,11.0,0.3285
2026-07-22,7498.96,2026-09-18,58.0,5925.0,1617.2,0.3134,11.15,0.3283
2026-07-22,7498.96,2026-09-18,58.0,5930.0,1611.5,0.3078,11.1,0.3271
2026-07-22,7498.96,2026-09-18,58.0,5940.0,1601.7,0.3069,11.2,0.3257
2026-07-22,7498.96,2026-09-18,58.0,5950.0,1592.7,0.3108,11.5,0.3252
2026-07-22,7498.96,2026-09-18,58.0,5960.0,1582.1,0.3049,11.5,0.3233
2026-07-22,7498.96,2026-09-18,58.0,5970.0,1572.3,0.304,11.6,0.3218
2026-07-22,7498.96,2026-09-18,58.0,5975.0,1568.25,0.3084,11.8,0.3218
2026-07-22,7498.96,2026-09-18,58.0,5980.0,1562.5,0.3029,11.8,0.3209
2026-07-22,7498.96,2026-09-18,58.0,5990.0,1552.7,0.3019,11.9,0.3194
2026-07-22,7498.96,2026-09-18,58.0,6000.0,1543.8,0.306,12.2,0.3189
2026-07-22,7498.96,2026-09-18,58.0,6010.0,1533.1,0.2998,12.15,0.3167
2026-07-22,7498.96,2026-09-18,58.0,6020.0,1523.3,0.2988,12.3,0.3155
2026-07-22,7498.96,2026-09-18,58.0,6025.0,1519.3,0.3031,12.5,0.3154
2026-07-22,7498.96,2026-09-18,58.0,6030.0,1513.5,0.2977,12.45,0.3142
2026-07-22,7498.96,2026-09-18,58.0,6040.0,1503.8,0.2971,12.6,0.3129
2026-07-22,7498.96,2026-09-18,58.0,6050.0,1494.9,0.3007,12.9,0.3123
2026-07-22,7498.96,2026-09-18,58.0,6060.0,1484.2,0.2949,12.95,0.3106
2026-07-22,7498.96,2026-09-18,58.0,6070.0,1474.4,0.2938,13.1,0.3093
2026-07-22,7498.96,2026-09-18,58.0,6075.0,1470.4,0.2978,13.3,0.3092
2026-07-22,7498.96,2026-09-18,58.0,6080.0,1464.7,0.2931,13.25,0.308
2026-07-22,7498.96,2026-09-18,58.0,6090.0,1454.9,0.292,13.45,0.3069
2026-07-22,7498.96,2026-09-18,58.0,6100.0,1446.0,0.2952,13.75,0.3062
2026-07-22,7498.96,2026-09-18,58.0,6110.0,1435.4,0.2901,13.75,0.3042
2026-07-22,7498.96,2026-09-18,58.0,6120.0,1425.6,0.2889,13.95,0.3031
2026-07-22,7498.96,2026-09-18,58.0,6125.0,1421.6,0.2925,14.15,0.3029
2026-07-22,7498.96,2026-09-18,58.0,6130.0,1415.9,0.2881,14.1,0.3017
2026-07-22,7498.96,2026-09-18,58.0,6140.0,1406.1,0.2869,14.3,0.3006
2026-07-22,7498.96,2026-09-18,58.0,6150.0,1397.2,0.2897,14.65,0.3
2026-07-22,7498.96,2026-09-18,58.0,6160.0,1386.6,0.2849,14.65,0.298
2026-07-22,7498.96,2026-09-18,58.0,6170.0,1376.9,0.2841,14.85,0.2968
2026-07-22,7498.96,2026-09-18,58.0,6175.0,1372.9,0.2873,15.1,0.2968
2026-07-22,7498.96,2026-09-18,58.0,6180.0,1367.1,0.2828,15.05,0.2956
2026-07-22,7498.96,2026-09-18,58.0,6190.0,1357.4,0.2819,15.25,0.2944
2026-07-22,7498.96,2026-09-18,58.0,6200.0,1348.5,0.2844,15.6,0.2938
2026-07-22,7498.96,2026-09-18,58.0,6210.0,1337.9,0.2797,15.65,0.292
2026-07-22,7498.96,2026-09-18,58.0,6220.0,1328.2,0.2788,15.85,0.2907
2026-07-22,7498.96,2026-09-18,58.0,6225.0,1324.2,0.2818,16.15,0.2908
2026-07-22,7498.96,2026-09-18,58.0,6230.0,1318.5,0.2779,16.05,0.2894
2026-07-22,7498.96,2026-09-18,58.0,6240.0,1308.8,0.2769,16.25,0.2882
2026-07-22,7498.96,2026-09-18,58.0,6250.0,1299.9,0.2791,16.65,0.2876
2026-07-22,7498.96,2026-09-18,58.0,6260.0,1289.3,0.2746,16.65,0.2856
2026-07-22,7498.96,2026-09-18,58.0,6270.0,1279.6,0.2736,16.95,0.2846
2026-07-22,7498.96,2026-09-18,58.0,6275.0,1275.5,0.2759,17.2,0.2845
2026-07-22,7498.96,2026-09-18,58.0,6280.0,1269.9,0.2726,17.15,0.2833
2026-07-22,7498.96,2026-09-18,58.0,6290.0,1260.2,0.2715,17.35,0.282
2026-07-22,7498.96,2026-09-18,58.0,6300.0,1251.4,0.2738,17.8,0.2815
2026-07-22,7498.96,2026-09-18,58.0,6310.0,1240.8,0.2694,17.85,0.2796
2026-07-22,7498.96,2026-09-18,58.0,6320.0,1231.85,0.271,18.1,0.2784
2026-07-22,7498.96,2026-09-18,58.0,6325.0,1227.2,0.2711,18.45,0.2786
2026-07-22,7498.96,2026-09-18,58.0,6330.0,1222.15,0.2699,18.3,0.2771
2026-07-22,7498.96,2026-09-18,58.0,6340.0,1212.4,0.2685,18.55,0.2758
2026-07-22,7498.96,2026-09-18,58.0,6350.0,1202.9,0.268,19.1,0.2755
2026-07-22,7498.96,2026-09-18,58.0,6360.0,1193.1,0.2665,19.1,0.2735
2026-07-22,7498.96,2026-09-18,58.0,6370.0,1183.4,0.2653,19.4,0.2724
2026-07-22,7498.96,2026-09-18,58.0,6375.0,1178.7,0.2652,19.8,0.2726
2026-07-22,7498.96,2026-09-18,58.0,6380.0,1173.75,0.2643,19.7,0.2713
2026-07-22,7498.96,2026-09-18,58.0,6390.0,1164.1,0.2632,19.9,0.2698
2026-07-22,7498.96,2026-09-18,58.0,6400.0,1154.6,0.2626,20.5,0.2696
2026-07-22,7498.96,2026-09-18,58.0,6410.0,1145.0,0.2617,20.8,0.2684
2026-07-22,7498.96,2026-09-18,58.0,6420.0,1135.35,0.2605,21.1,0.2672
2026-07-22,7498.96,2026-09-18,58.0,6425.0,1130.55,0.2601,21.25,0.2666
2026-07-22,7498.96,2026-09-18,58.0,6430.0,1125.7,0.2594,21.4,0.266
2026-07-22,7498.96,2026-09-18,58.0,6440.0,1116.1,0.2584,21.7,0.2648
2026-07-22,7498.96,2026-09-18,58.0,6450.0,1106.5,0.2574,22.05,0.2637
2026-07-22,7498.96,2026-09-18,58.0,6460.0,1096.9,0.2563,22.4,0.2625
2026-07-22,7498.96,2026-09-18,58.0,6470.0,1087.3,0.2553,22.7,0.2613
2026-07-22,7498.96,2026-09-18,58.0,6475.0,1082.5,0.2547,22.85,0.2606
2026-07-22,7498.96,2026-09-18,58.0,6480.0,1077.7,0.2542,23.05,0.2601
2026-07-22,7498.96,2026-09-18,58.0,6490.0,1068.1,0.2531,23.4,0.259
2026-07-22,7498.96,2026-09-18,58.0,6500.0,1058.5,0.252,23.75,0.2578
2026-07-22,7498.96,2026-09-18,58.0,6510.0,1049.0,0.2511,24.1,0.2566
2026-07-22,7498.96,2026-09-18,58.0,6520.0,1039.4,0.2499,24.45,0.2554
2026-07-22,7498.96,2026-09-18,58.0,6525.0,1034.6,0.2494,24.65,0.2548
2026-07-22,7498.96,2026-09-18,58.0,6530.0,1029.8,0.2488,24.85,0.2542
2026-07-22,7498.96,2026-09-18,58.0,6540.0,1020.3,0.2478,25.25,0.2531
2026-07-22,7498.96,2026-09-18,58.0,6550.0,1010.7,0.2466,25.65,0.252
2026-07-22,7498.96,2026-09-18,58.0,6560.0,1001.2,0.2457,26.05,0.2508
2026-07-22,7498.96,2026-09-18,58.0,6570.0,991.6,0.2444,26.45,0.2496
2026-07-22,7498.96,2026-09-18,58.0,6575.0,986.9,0.244,26.65,0.249
2026-07-22,7498.96,2026-09-18,58.0,6580.0,982.1,0.2434,26.85,0.2484
2026-07-22,7498.96,2026-09-18,58.0,6590.0,972.6,0.2424,27.25,0.2472
2026-07-22,7498.96,2026-09-18,58.0,6600.0,963.1,0.2413,27.65,0.246
2026-07-22,7498.96,2026-09-18,58.0,6610.0,953.6,0.2402,28.15,0.245
2026-07-22,7498.96,2026-09-18,58.0,6620.0,944.1,0.2391,28.6,0.2438
2026-07-22,7498.96,2026-09-18,58.0,6625.0,939.3,0.2385,28.85,0.2433
2026-07-22,7498.96,2026-09-18,58.0,6630.0,934.5,0.2378,29.05,0.2426
2026-07-22,7498.96,2026-09-18,58.0,6640.0,925.1,0.2369,29.55,0.2416
2026-07-22,7498.96,2026-09-18,58.0,6650.0,915.7,0.2359,29.95,0.2402
2026-07-22,7498.96,2026-09-18,58.0,6660.0,906.2,0.2348,30.45,0.2391
2026-07-22,7498.96,2026-09-18,58.0,6670.0,896.7,0.2336,30.95,0.238
2026-07-22,7498.96,2026-09-18,58.0,6675.0,892.0,0.2331,31.25,0.2375
2026-07-22,7498.96,2026-09-18,58.0,6680.0,887.3,0.2326,31.45,0.2368
2026-07-22,7498.96,2026-09-18,58.0,6690.0,877.9,0.2315,32.05,0.2358
2026-07-22,7498.96,2026-09-18,58.0,6700.0,868.5,0.2305,32.55,0.2346
2026-07-22,7498.96,2026-09-18,58.0,6710.0,859.1,0.2294,33.05,0.2334
2026-07-22,7498.96,2026-09-18,58.0,6720.0,849.7,0.2283,33.65,0.2323
2026-07-22,7498.96,2026-09-18,58.0,6725.0,845.0,0.2278,33.9,0.2317
2026-07-22,7498.96,2026-09-18,58.0,6730.0,840.3,0.2272,34.2,0.2312
2026-07-22,7498.96,2026-09-18,58.0,6740.0,831.0,0.2262,34.75,0.23
2026-07-22,7498.96,2026-09-18,58.0,6750.0,821.5,0.2249,35.35,0.2289
2026-07-22,7498.96,2026-09-18,58.0,6760.0,812.3,0.2241,35.95,0.2277
2026-07-22,7498.96,2026-09-18,58.0,6770.0,802.9,0.2229,36.6,0.2266
2026-07-22,7498.96,2026-09-18,58.0,6775.0,798.3,0.2224,36.9,0.2261
2026-07-22,7498.96,2026-09-18,58.0,6780.0,793.6,0.2218,37.2,0.2255
2026-07-22,7498.96,2026-09-18,58.0,6790.0,784.3,0.2208,37.85,0.2243
2026-07-22,7498.96,2026-09-18,58.0,6800.0,775.0,0.2197,38.4,0.223
2026-07-22,7498.96,2026-09-18,58.0,6810.0,765.7,0.2185,39.2,0.2221
2026-07-22,7498.96,2026-09-18,58.0,6820.0,756.5,0.2176,39.95,0.2211
2026-07-22,7498.96,2026-09-18,58.0,6825.0,751.9,0.2171,40.2,0.2204
2026-07-22,7498.96,2026-09-18,58.0,6830.0,747.15,0.2163,40.6,0.2199
2026-07-22,7498.96,2026-09-18,58.0,6840.0,738.0,0.2154,41.35,0.2188
2026-07-22,7498.96,2026-09-18,58.0,6850.0,728.8,0.2143,41.9,0.2174
2026-07-22,7498.96,2026-09-18,58.0,6860.0,719.55,0.2132,42.85,0.2166
2026-07-22,7498.96,2026-09-18,58.0,6870.0,710.35,0.2121,43.55,0.2153
2026-07-22,7498.96,2026-09-18,58.0,6875.0,705.8,0.2116,43.95,0.2148
2026-07-22,7498.96,2026-09-18,58.0,6880.0,701.2,0.211,44.35,0.2142
2026-07-22,7498.96,2026-09-18,58.0,6890.0,692.1,0.21,45.1,0.213
2026-07-22,7498.96,2026-09-18,58.0,6900.0,682.9,0.2089,45.95,0.212
2026-07-22,7498.96,2026-09-18,58.0,6910.0,673.8,0.2078,46.75,0.2108
2026-07-22,7498.96,2026-09-18,58.0,6920.0,664.7,0.2067,47.65,0.2097
2026-07-22,7498.96,2026-09-18,58.0,6925.0,660.2,0.2062,48.05,0.2091
2026-07-22,7498.96,2026-09-18,58.0,6930.0,655.7,0.2058,48.5,0.2086
2026-07-22,7498.96,2026-09-18,58.0,6940.0,646.6,0.2046,49.35,0.2074
2026-07-22,7498.96,2026-09-18,58.0,6950.0,637.45,0.2034,50.15,0.2061
2026-07-22,7498.96,2026-09-18,58.0,6960.0,628.4,0.2023,51.25,0.2052
2026-07-22,7498.96,2026-09-18,58.0,6970.0,619.4,0.2012,52.15,0.204
2026-07-22,7498.96,2026-09-18,58.0,6975.0,614.9,0.2006,52.7,0.2036
2026-07-22,7498.96,2026-09-18,58.0,6980.0,610.5,0.2002,53.2,0.203
2026-07-22,7498.96,2026-09-18,58.0,6990.0,601.5,0.1991,54.2,0.2019
2026-07-22,7498.96,2026-09-18,58.0,6995.0,596.25,0.1975,53.75,0.2
2026-07-22,7498.96,2026-09-18,58.0,7000.0,592.6,0.198,55.2,0.2008
2026-07-22,7498.96,2026-09-18,58.0,7005.0,587.35,0.1964,54.75,0.1989
2026-07-22,7498.96,2026-09-18,58.0,7010.0,583.7,0.197,56.2,0.1996
2026-07-22,7498.96,2026-09-18,58.0,7015.0,578.45,0.1954,55.8,0.1978
2026-07-22,7498.96,2026-09-18,58.0,7020.0,574.75,0.1958,57.3,0.1985
2026-07-22,7498.96,2026-09-18,58.0,7025.0,570.4,0.1954,57.8,0.1979
2026-07-22,7498.96,2026-09-18,58.0,7030.0,566.0,0.1949,58.35,0.1973
2026-07-22,7498.96,2026-09-18,58.0,7035.0,560.75,0.1933,58.1,0.1957
2026-07-22,7498.96,2026-09-18,58.0,7040.0,557.0,0.1936,59.5,0.1962
2026-07-22,7498.96,2026-09-18,58.0,7045.0,552.05,0.1924,59.15,0.1945
2026-07-22,7498.96,2026-09-18,58.0,7050.0,548.2,0.1925,60.6,0.1951
2026-07-22,7498.96,2026-09-18,58.0,7055.0,543.15,0.1912,60.2,0.1933
2026-07-22,7498.96,2026-09-18,58.0,7060.0,539.4,0.1914,61.8,0.194
2026-07-22,7498.96,2026-09-18,58.0,7065.0,535.1,0.191,62.35,0.1934
2026-07-22,7498.96,2026-09-18,58.0,7070.0,530.75,0.1905,62.9,0.1927
2026-07-22,7498.96,2026-09-18,58.0,7075.0,526.3,0.1898,63.55,0.1922
2026-07-22,7498.96,2026-09-18,58.0,7080.0,522.0,0.1894,64.15,0.1917
2026-07-22,7498.96,2026-09-18,58.0,7085.0,517.6,0.1888,64.8,0.1911
2026-07-22,7498.96,2026-09-18,58.0,7090.0,513.3,0.1883,65.3,0.1904
2026-07-22,7498.96,2026-09-18,58.0,7095.0,509.0,0.1878,66.0,0.1899
2026-07-22,7498.96,2026-09-18,58.0,7100.0,504.6,0.1872,66.6,0.1893
2026-07-22,7498.96,2026-09-18,58.0,7105.0,500.3,0.1867,67.35,0.1889
2026-07-22,7498.96,2026-09-18,58.0,7110.0,496.0,0.1862,68.0,0.1883
2026-07-22,7498.96,2026-09-18,58.0,7115.0,497.6,0.1925,68.6,0.1877
2026-07-22,7498.96,2026-09-18,58.0,7120.0,493.3,0.192,69.3,0.1871
2026-07-22,7498.96,2026-09-18,58.0,7125.0,489.0,0.1914,70.0,0.1866
2026-07-22,7498.96,2026-09-18,58.0,7130.0,484.7,0.1908,70.65,0.186
2026-07-22,7498.96,2026-09-18,58.0,7135.0,480.5,0.1903,71.35,0.1854
2026-07-22,7498.96,2026-09-18,58.0,7140.0,476.2,0.1897,72.05,0.1848
2026-07-22,7498.96,2026-09-18,58.0,7145.0,471.9,0.189,72.75,0.1843
2026-07-22,7498.96,2026-09-18,58.0,7150.0,467.6,0.1884,73.45,0.1837
2026-07-22,7498.96,2026-09-18,58.0,7155.0,463.4,0.1879,74.25,0.1832
2026-07-22,7498.96,2026-09-18,58.0,7160.0,459.1,0.1872,74.95,0.1826
2026-07-22,7498.96,2026-09-18,58.0,7165.0,454.9,0.1867,75.65,0.182
2026-07-22,7498.96,2026-09-18,58.0,7170.0,450.7,0.1861,76.45,0.1815
2026-07-22,7498.96,2026-09-18,58.0,7175.0,446.5,0.1856,77.2,0.1809
2026-07-22,7498.96,2026-09-18,58.0,7180.0,442.3,0.185,77.95,0.1803
2026-07-22,7498.96,2026-09-18,58.0,7185.0,438.1,0.1844,78.75,0.1797
2026-07-22,7498.96,2026-09-18,58.0,7190.0,433.9,0.1838,79.55,0.1792
2026-07-22,7498.96,2026-09-18,58.0,7195.0,429.7,0.1832,80.2,0.1784
2026-07-22,7498.96,2026-09-18,58.0,7200.0,425.5,0.1826,81.05,0.1779
2026-07-22,7498.96,2026-09-18,58.0,7205.0,421.3,0.182,81.8,0.1773
2026-07-22,7498.96,2026-09-18,58.0,7210.0,417.2,0.1814,82.7,0.1768
2026-07-22,7498.96,2026-09-18,58.0,7215.0,413.0,0.1808,83.75,0.1764
2026-07-22,7498.96,2026-09-18,58.0,7220.0,408.9,0.1803,84.35,0.1756
2026-07-22,7498.96,2026-09-18,58.0,7225.0,404.8,0.1797,85.4,0.1752
2026-07-22,7498.96,2026-09-18,58.0,7230.0,400.7,0.1791,86.25,0.1747
2026-07-22,7498.96,2026-09-18,58.0,7235.0,396.6,0.1785,87.05,0.174
2026-07-22,7498.96,2026-09-18,58.0,7240.0,392.5,0.178,87.95,0.1734
2026-07-22,7498.96,2026-09-18,58.0,7245.0,388.4,0.1774,88.85,0.1729
2026-07-22,7498.96,2026-09-30,70.0,5625.0,1920.15,0.3238,10.85,0.3524
2026-07-22,7498.96,2026-09-30,70.0,5650.0,1895.7,0.3224,11.1,0.3492
2026-07-22,7498.96,2026-09-30,70.0,5675.0,1871.2,0.3204,11.4,0.3462
2026-07-22,7498.96,2026-09-30,70.0,5700.0,1846.7,0.3183,11.7,0.3432
2026-07-22,7498.96,2026-09-30,70.0,5725.0,1822.2,0.3162,12.0,0.3401
2026-07-22,7498.96,2026-09-30,70.0,5750.0,1797.65,0.3136,12.3,0.337
2026-07-22,7498.96,2026-09-30,70.0,5775.0,1773.2,0.3116,12.7,0.3343
2026-07-22,7498.96,2026-09-30,70.0,5780.0,1768.3,0.3111,12.75,0.3336
2026-07-22,7498.96,2026-09-30,70.0,5790.0,1758.5,0.3101,12.9,0.3325
2026-07-22,7498.96,2026-09-30,70.0,5800.0,1748.7,0.3091,13.0,0.3311
2026-07-22,7498.96,2026-09-30,70.0,5805.0,1743.85,0.3089,13.1,0.3307
2026-07-22,7498.96,2026-09-30,70.0,5810.0,1738.95,0.3085,13.15,0.33
2026-07-22,7498.96,2026-09-30,70.0,5815.0,1734.0,0.3077,13.2,0.3293
2026-07-22,7498.96,2026-09-30,70.0,5820.0,1729.2,0.3077,13.3,0.3288
2026-07-22,7498.96,2026-09-30,70.0,5825.0,1724.3,0.3072,13.35,0.3281
2026-07-22,7498.96,2026-09-30,70.0,5830.0,1719.4,0.3067,13.45,0.3276
2026-07-22,7498.96,2026-09-30,70.0,5835.0,1714.5,0.3062,13.5,0.3269
2026-07-22,7498.96,2026-09-30,70.0,5840.0,1709.6,0.3057,13.6,0.3265
2026-07-22,7498.96,2026-09-30,70.0,5845.0,1704.7,0.3052,13.65,0.3258
2026-07-22,7498.96,2026-09-30,70.0,5850.0,1699.85,0.3049,13.75,0.3253
2026-07-22,7498.96,2026-09-30,70.0,5855.0,1695.0,0.3047,13.8,0.3246
2026-07-22,7498.96,2026-09-30,70.0,5860.0,1690.1,0.3041,13.85,0.3239
2026-07-22,7498.96,2026-09-30,70.0,5865.0,1685.2,0.3036,13.95,0.3234
2026-07-22,7498.96,2026-09-30,70.0,5870.0,1680.3,0.3031,14.05,0.3229
2026-07-22,7498.96,2026-09-30,70.0,5875.0,1675.4,0.3025,14.1,0.3222
2026-07-22,7498.96,2026-09-30,70.0,5880.0,1670.55,0.3023,14.2,0.3217
2026-07-22,7498.96,2026-09-30,70.0,5885.0,1665.7,0.302,14.25,0.321
2026-07-22,7498.96,2026-09-30,70.0,5890.0,1660.8,0.3014,14.35,0.3205
2026-07-22,7498.96,2026-09-30,70.0,5895.0,1655.9,0.3009,14.45,0.3199
2026-07-22,7498.96,2026-09-30,70.0,5900.0,1651.0,0.3003,14.5,0.3192
2026-07-22,7498.96,2026-09-30,70.0,5905.0,1646.1,0.2998,14.55,0.3185
2026-07-22,7498.96,2026-09-30,70.0,5910.0,1641.3,0.2997,14.65,0.318
2026-07-22,7498.96,2026-09-30,70.0,5915.0,1636.4,0.2992,14.75,0.3175
2026-07-22,7498.96,2026-09-30,70.0,5920.0,1631.5,0.2986,14.85,0.317
2026-07-22,7498.96,2026-09-30,70.0,5925.0,1626.6,0.298,14.95,0.3164
2026-07-22,7498.96,2026-09-30,70.0,5930.0,1621.7,0.2975,14.95,0.3155
2026-07-22,7498.96,2026-09-30,70.0,5935.0,1616.9,0.2974,15.05,0.315
2026-07-22,7498.96,2026-09-30,70.0,5940.0,1612.0,0.2968,15.15,0.3145
2026-07-22,7498.96,2026-09-30,70.0,5945.0,1607.1,0.2962,15.25,0.3139
2026-07-22,7498.96,2026-09-30,70.0,5950.0,1602.2,0.2957,15.35,0.3134
2026-07-22,7498.96,2026-09-30,70.0,5955.0,1597.4,0.2955,15.45,0.3129
2026-07-22,7498.96,2026-09-30,70.0,5960.0,1592.5,0.295,15.5,0.3121
2026-07-22,7498.96,2026-09-30,70.0,5965.0,1587.6,0.2944,15.6,0.3116
2026-07-22,7498.96,2026-09-30,70.0,5970.0,1582.8,0.2942,15.65,0.3109
2026-07-22,7498.96,2026-09-30,70.0,5975.0,1577.9,0.2937,15.75,0.3103
2026-07-22,7498.96,2026-09-30,70.0,5980.0,1573.0,0.2931,15.85,0.3098
2026-07-22,7498.96,2026-09-30,70.0,5985.0,1568.1,0.2925,15.95,0.3092
2026-07-22,7498.96,2026-09-30,70.0,5990.0,1563.3,0.2923,16.05,0.3087
2026-07-22,7498.96,2026-09-30,70.0,5995.0,1558.4,0.2917,16.15,0.3081
2026-07-22,7498.96,2026-09-30,70.0,6000.0,1553.5,0.2911,16.25,0.3076
2026-07-22,7498.96,2026-09-30,70.0,6005.0,1548.7,0.2909,16.3,0.3068
2026-07-22,7498.96,2026-09-30,70.0,6010.0,1543.8,0.2903,16.4,0.3063
2026-07-22,7498.96,2026-09-30,70.0,6015.0,1538.9,0.2897,16.5,0.3057
2026-07-22,7498.96,2026-09-30,70.0,6020.0,1534.1,0.2895,16.6,0.3051
2026-07-22,7498.96,2026-09-30,70.0,6025.0,1529.2,0.2889,16.7,0.3046
2026-07-22,7498.96,2026-09-30,70.0,6030.0,1524.3,0.2883,16.8,0.304
2026-07-22,7498.96,2026-09-30,70.0,6035.0,1519.5,0.2881,16.9,0.3034
2026-07-22,7498.96,2026-09-30,70.0,6040.0,1514.6,0.2875,17.0,0.3028
2026-07-22,7498.96,2026-09-30,70.0,6045.0,1509.6,0.2864,17.1,0.3023
2026-07-22,7498.96,2026-09-30,70.0,6050.0,1504.9,0.2866,17.2,0.3017
2026-07-22,7498.96,2026-09-30,70.0,6055.0,1500.0,0.286,17.3,0.3011
2026-07-22,7498.96,2026-09-30,70.0,6060.0,1495.2,0.2858,17.4,0.3005
2026-07-22,7498.96,2026-09-30,70.0,6065.0,1490.3,0.2851,17.5,0.2999
2026-07-22,7498.96,2026-09-30,70.0,6070.0,1485.3,0.2841,17.6,0.2993
2026-07-22,7498.96,2026-09-30,70.0,6075.0,1480.6,0.2842,17.7,0.2987
2026-07-22,7498.96,2026-09-30,70.0,6080.0,1475.6,0.2832,17.8,0.2981
2026-07-22,7498.96,2026-09-30,70.0,6085.0,1470.9,0.2834,17.9,0.2976
2026-07-22,7498.96,2026-09-30,70.0,6090.0,1466.0,0.2827,18.0,0.297
2026-07-22,7498.96,2026-09-30,70.0,6095.0,1461.2,0.2824,18.1,0.2964
2026-07-22,7498.96,2026-09-30,70.0,6100.0,1456.3,0.2818,18.25,0.2959
2026-07-22,7498.96,2026-09-30,70.0,6110.0,1446.6,0.2809,18.5,0.2949
2026-07-22,7498.96,2026-09-30,70.0,6120.0,1436.9,0.2799,18.7,0.2936
2026-07-22,7498.96,2026-09-30,70.0,6125.0,1432.1,0.2796,18.8,0.293
2026-07-22,7498.96,2026-09-30,70.0,6130.0,1427.1,0.2786,18.9,0.2924
2026-07-22,7498.96,2026-09-30,70.0,6140.0,1417.4,0.2776,19.15,0.2913
2026-07-22,7498.96,2026-09-30,70.0,6150.0,1407.7,0.2766,19.4,0.2902
2026-07-22,7498.96,2026-09-30,70.0,6160.0,1398.0,0.2756,19.6,0.289
2026-07-22,7498.96,2026-09-30,70.0,6170.0,1388.5,0.2753,19.85,0.2879
2026-07-22,7498.96,2026-09-30,70.0,6175.0,1383.5,0.2743,20.0,0.2874
2026-07-22,7498.96,2026-09-30,70.0,6180.0,1378.8,0.2743,20.1,0.2867
2026-07-22,7498.96,2026-09-30,70.0,6190.0,1369.0,0.2729,20.35,0.2856
2026-07-22,7498.96,2026-09-30,70.0,6200.0,1359.3,0.2719,20.6,0.2845
2026-07-22,7498.96,2026-09-30,70.0,6210.0,1349.7,0.2711,20.85,0.2833
2026-07-22,7498.96,2026-09-30,70.0,6220.0,1340.0,0.27,21.15,0.2823
2026-07-22,7498.96,2026-09-30,70.0,6225.0,1335.2,0.2697,21.25,0.2816
2026-07-22,7498.96,2026-09-30,70.0,6230.0,1330.5,0.2696,21.4,0.2811
2026-07-22,7498.96,2026-09-30,70.0,6240.0,1320.7,0.2682,21.65,0.2799
2026-07-22,7498.96,2026-09-30,70.0,6250.0,1311.1,0.2674,21.95,0.2789
2026-07-22,7498.96,2026-09-30,70.0,6260.0,1301.4,0.2662,22.25,0.2778
2026-07-22,7498.96,2026-09-30,70.0,6270.0,1291.8,0.2654,22.55,0.2767
2026-07-22,7498.96,2026-09-30,70.0,6275.0,1287.0,0.265,22.65,0.276
2026-07-22,7498.96,2026-09-30,70.0,6280.0,1282.2,0.2645,22.85,0.2756
2026-07-22,7498.96,2026-09-30,70.0,6290.0,1272.55,0.2635,23.15,0.2745
2026-07-22,7498.96,2026-09-30,70.0,6300.0,1262.9,0.2625,23.45,0.2734
2026-07-22,7498.96,2026-09-30,70.0,6305.0,1258.1,0.262,23.55,0.2727
2026-07-22,7498.96,2026-09-30,70.0,6310.0,1253.3,0.2616,23.75,0.2722
2026-07-22,7498.96,2026-09-30,70.0,6315.0,1248.5,0.2611,23.85,0.2715
2026-07-22,7498.96,2026-09-30,70.0,6320.0,1243.7,0.2606,24.05,0.2711
2026-07-22,7498.96,2026-09-30,70.0,6325.0,1238.9,0.2602,24.2,0.2705
2026-07-22,7498.96,2026-09-30,70.0,6330.0,1234.1,0.2597,24.35,0.2699
2026-07-22,7498.96,2026-09-30,70.0,6335.0,1229.3,0.2592,24.55,0.2695
2026-07-22,7498.96,2026-09-30,70.0,6340.0,1224.5,0.2588,24.65,0.2688
2026-07-22,7498.96,2026-09-30,70.0,6345.0,1219.7,0.2583,24.85,0.2683
2026-07-22,7498.96,2026-09-30,70.0,6350.0,1214.9,0.2578,25.0,0.2677
2026-07-22,7498.96,2026-09-30,70.0,6355.0,1210.15,0.2574,25.15,0.2671
2026-07-22,7498.96,2026-09-30,70.0,6360.0,1205.35,0.2569,25.35,0.2667
2026-07-22,7498.96,2026-09-30,70.0,6365.0,1200.6,0.2566,25.5,0.2661
2026-07-22,7498.96,2026-09-30,70.0,6370.0,1195.8,0.2561,25.7,0.2656
2026-07-22,7498.96,2026-09-30,70.0,6375.0,1191.0,0.2556,25.85,0.265
2026-07-22,7498.96,2026-09-30,70.0,6380.0,1186.2,0.255,26.05,0.2645
2026-07-22,7498.96,2026-09-30,70.0,6385.0,1181.4,0.2545,26.2,0.2639
2026-07-22,7498.96,2026-09-30,70.0,6390.0,1176.6,0.254,26.4,0.2634
2026-07-22,7498.96,2026-09-30,70.0,6395.0,1171.85,0.2536,26.55,0.2627
2026-07-22,7498.96,2026-09-30,70.0,6400.0,1167.1,0.2532,26.7,0.2621
2026-07-22,7498.96,2026-09-30,70.0,6405.0,1162.3,0.2527,26.95,0.2617
2026-07-22,7498.96,2026-09-30,70.0,6410.0,1157.5,0.2521,27.1,0.2611
2026-07-22,7498.96,2026-09-30,70.0,6415.0,1152.7,0.2516,27.3,0.2606
2026-07-22,7498.96,2026-09-30,70.0,6420.0,1148.0,0.2513,27.5,0.2601
2026-07-22,7498.96,2026-09-30,70.0,6425.0,1143.2,0.2508,27.65,0.2594
2026-07-22,7498.96,2026-09-30,70.0,6430.0,1138.4,0.2502,27.9,0.259
2026-07-22,7498.96,2026-09-30,70.0,6435.0,1133.6,0.2497,28.1,0.2585
2026-07-22,7498.96,2026-09-30,70.0,6440.0,1128.9,0.2493,28.25,0.2579
2026-07-22,7498.96,2026-09-30,70.0,6445.0,1124.1,0.2488,28.45,0.2573
2026-07-22,7498.96,2026-09-30,70.0,6450.0,1119.3,0.2482,28.65,0.2568
2026-07-22,7498.96,2026-09-30,70.0,6455.0,1114.6,0.2479,28.85,0.2562
2026-07-22,7498.96,2026-09-30,70.0,6460.0,1109.8,0.2473,29.05,0.2557
2026-07-22,7498.96,2026-09-30,70.0,6465.0,1105.0,0.2467,29.25,0.2551
2026-07-22,7498.96,2026-09-30,70.0,6470.0,1100.3,0.2464,29.5,0.2547
2026-07-22,7498.96,2026-09-30,70.0,6475.0,1095.5,0.2458,29.7,0.2541
2026-07-22,7498.96,2026-09-30,70.0,6480.0,1090.8,0.2455,29.9,0.2536
2026-07-22,7498.96,2026-09-30,70.0,6485.0,1086.0,0.2449,30.1,0.253
2026-07-22,7498.96,2026-09-30,70.0,6490.0,1081.3,0.2445,30.3,0.2524
2026-07-22,7498.96,2026-09-30,70.0,6495.0,1076.5,0.2439,30.5,0.2519
2026-07-22,7498.96,2026-09-30,70.0,6500.0,1071.8,0.2435,30.7,0.2513
2026-07-22,7498.96,2026-09-30,70.0,6505.0,1067.0,0.2429,30.95,0.2508
2026-07-22,7498.96,2026-09-30,70.0,6510.0,1062.3,0.2425,31.2,0.2503
2026-07-22,7498.96,2026-09-30,70.0,6515.0,1057.4,0.2417,31.4,0.2498
2026-07-22,7498.96,2026-09-30,70.0,6520.0,1052.8,0.2415,31.6,0.2492
2026-07-22,7498.96,2026-09-30,70.0,6525.0,1048.1,0.2411,31.85,0.2487
2026-07-22,7498.96,2026-09-30,70.0,6530.0,1043.2,0.2403,32.1,0.2482
2026-07-22,7498.96,2026-09-30,70.0,6535.0,1038.6,0.2401,32.3,0.2476
2026-07-22,7498.96,2026-09-30,70.0,6540.0,1033.9,0.2397,32.55,0.2471
2026-07-22,7498.96,2026-09-30,70.0,6545.0,1029.0,0.2388,32.8,0.2466
2026-07-22,7498.96,2026-09-30,70.0,6550.0,1024.3,0.2384,33.0,0.246
2026-07-22,7498.96,2026-09-30,70.0,6555.0,1019.7,0.2382,33.25,0.2454
2026-07-22,7498.96,2026-09-30,70.0,6560.0,1015.0,0.2377,33.5,0.2449
2026-07-22,7498.96,2026-09-30,70.0,6565.0,1010.2,0.2371,33.7,0.2443
2026-07-22,7498.96,2026-09-30,70.0,6570.0,1005.4,0.2364,34.05,0.244
2026-07-22,7498.96,2026-09-30,70.0,6575.0,1000.7,0.236,34.2,0.2432
2026-07-22,7498.96,2026-09-30,70.0,6580.0,996.0,0.2355,34.55,0.2429
2026-07-22,7498.96,2026-09-30,70.0,6585.0,991.3,0.2351,34.7,0.2422
2026-07-22,7498.96,2026-09-30,70.0,6590.0,986.6,0.2346,35.0,0.2417
2026-07-22,7498.96,2026-09-30,70.0,6595.0,982.0,0.2343,35.2,0.2411
2026-07-22,7498.96,2026-09-30,70.0,6600.0,977.2,0.2337,35.45,0.2405
2026-07-22,7498.96,2026-09-30,70.0,6605.0,972.5,0.2332,35.8,0.2401
2026-07-22,7498.96,2026-09-30,70.0,6610.0,967.8,0.2327,36.0,0.2395
2026-07-22,7498.96,2026-09-30,70.0,6615.0,963.1,0.2322,36.3,0.239
2026-07-22,7498.96,2026-09-30,70.0,6620.0,958.4,0.2317,36.6,0.2385
2026-07-22,7498.96,2026-09-30,70.0,6625.0,953.7,0.2312,36.8,0.2379
2026-07-22,7498.96,2026-09-30,70.0,6630.0,949.1,0.2309,37.1,0.2374
2026-07-22,7498.96,2026-09-30,70.0,6635.0,944.4,0.2304,37.4,0.2369
2026-07-22,7498.96,2026-09-30,70.0,6640.0,939.7,0.2299,37.75,0.2365
2026-07-22,7498.96,2026-09-30,70.0,6645.0,935.0,0.2294,37.95,0.2358
2026-07-22,7498.96,2026-09-30,70.0,6650.0,930.2,0.2287,38.25,0.2353
2026-07-22,7498.96,2026-09-30,70.0,6655.0,925.7,0.2285,38.55,0.2348
2026-07-22,7498.96,2026-09-30,70.0,6660.0,921.0,0.228,38.85,0.2343
2026-07-22,7498.96,2026-09-30,70.0,6665.0,916.3,0.2274,39.1,0.2336
2026-07-22,7498.96,2026-09-30,70.0,6670.0,911.6,0.2269,39.4,0.2331
2026-07-22,7498.96,2026-09-30,70.0,6675.0,907.0,0.2265,39.7,0.2326
2026-07-22,7498.96,2026-09-30,70.0,6680.0,902.3,0.226,40.0,0.2321
2026-07-22,7498.96,2026-09-30,70.0,6685.0,897.7,0.2256,40.35,0.2316
2026-07-22,7498.96,2026-09-30,70.0,6690.0,893.0,0.225,40.65,0.2311
2026-07-22,7498.96,2026-09-30,70.0,6695.0,888.3,0.2245,41.0,0.2306
2026-07-22,7498.96,2026-09-30,70.0,6700.0,883.7,0.2241,41.25,0.23
2026-07-22,7498.96,2026-09-30,70.0,6705.0,879.0,0.2235,41.6,0.2295
2026-07-22,7498.96,2026-09-30,70.0,6710.0,874.4,0.2231,41.9,0.2289
2026-07-22,7498.96,2026-09-30,70.0,6715.0,869.7,0.2225,42.25,0.2284
2026-07-22,7498.96,2026-09-30,70.0,6720.0,865.1,0.2221,42.6,0.2279
2026-07-22,7498.96,2026-09-30,70.0,6725.0,860.5,0.2216,42.9,0.2274
2026-07-22,7498.96,2026-09-30,70.0,6730.0,855.8,0.2211,43.2,0.2268
2026-07-22,7498.96,2026-09-30,70.0,6735.0,851.2,0.2206,43.6,0.2264
2026-07-22,7498.96,2026-09-30,70.0,6740.0,846.6,0.2202,43.85,0.2257
2026-07-22,7498.96,2026-09-30,70.0,6745.0,842.0,0.2197,44.25,0.2253
2026-07-22,7498.96,2026-09-30,70.0,6750.0,837.3,0.2191,44.45,0.2245
2026-07-22,7498.96,2026-09-30,70.0,6755.0,832.7,0.2186,44.95,0.2242
2026-07-22,7498.96,2026-09-30,70.0,6760.0,828.1,0.2182,45.25,0.2236
2026-07-22,7498.96,2026-09-30,70.0,6765.0,823.5,0.2177,45.7,0.2232
2026-07-22,7498.96,2026-09-30,70.0,6770.0,818.9,0.2172,45.95,0.2225
2026-07-22,7498.96,2026-09-30,70.0,6775.0,814.3,0.2168,46.4,0.2221
2026-07-22,7498.96,2026-09-30,70.0,6780.0,809.7,0.2163,46.7,0.2215
2026-07-22,7498.96,2026-09-30,70.0,6785.0,805.1,0.2158,47.05,0.2209
2026-07-22,7498.96,2026-09-30,70.0,6790.0,800.5,0.2153,47.45,0.2205
2026-07-22,7498.96,2026-09-30,70.0,6795.0,795.9,0.2148,47.9,0.22
2026-07-22,7498.96,2026-09-30,70.0,6800.0,791.25,0.2142,48.1,0.2192
2026-07-22,7498.96,2026-09-30,70.0,6805.0,786.7,0.2137,48.6,0.2189
2026-07-22,7498.96,2026-09-30,70.0,6810.0,782.1,0.2132,48.95,0.2183
2026-07-22,7498.96,2026-09-30,70.0,6815.0,777.6,0.2128,49.35,0.2178
2026-07-22,7498.96,2026-09-30,70.0,6820.0,772.95,0.2122,49.75,0.2173
2026-07-22,7498.96,2026-09-30,70.0,6825.0,768.4,0.2118,50.15,0.2167
2026-07-22,7498.96,2026-09-30,70.0,6830.0,763.8,0.2112,50.6,0.2163
2026-07-22,7498.96,2026-09-30,70.0,6835.0,759.3,0.2108,50.95,0.2157
2026-07-22,7498.96,2026-09-30,70.0,6840.0,754.7,0.2103,51.4,0.2152
2026-07-22,7498.96,2026-09-30,70.0,6845.0,750.2,0.2099,51.8,0.2147
2026-07-22,7498.96,2026-09-30,70.0,6850.0,745.6,0.2093,52.2,0.2141
2026-07-22,7498.96,2026-09-30,70.0,6855.0,741.1,0.2089,52.65,0.2136
2026-07-22,7498.96,2026-09-30,70.0,6860.0,736.5,0.2083,53.1,0.2131
2026-07-22,7498.96,2026-09-30,70.0,6865.0,732.0,0.2079,53.55,0.2126
2026-07-22,7498.96,2026-09-30,70.0,6870.0,727.5,0.2074,53.95,0.2121
2026-07-22,7498.96,2026-09-30,70.0,6875.0,722.9,0.2068,54.4,0.2115
2026-07-22,7498.96,2026-09-30,70.0,6880.0,718.4,0.2064,54.8,0.211
2026-07-22,7498.96,2026-09-30,70.0,6885.0,713.9,0.2059,55.25,0.2104
2026-07-22,7498.96,2026-09-30,70.0,6890.0,709.4,0.2054,55.7,0.2099
2026-07-22,7498.96,2026-09-30,70.0,6895.0,704.9,0.205,56.15,0.2094
2026-07-22,7498.96,2026-09-30,70.0,6900.0,700.2,0.2042,56.45,0.2086
2026-07-22,7498.96,2026-09-30,70.0,6905.0,695.7,0.2037,57.1,0.2083
2026-07-22,7498.96,2026-09-30,70.0,6910.0,691.2,0.2032,57.55,0.2078
2026-07-22,7498.96,2026-09-30,70.0,6915.0,686.9,0.203,58.0,0.2072
2026-07-22,7498.96,2026-09-30,70.0,6920.0,682.4,0.2025,58.55,0.2068
2026-07-22,7498.96,2026-09-30,70.0,6925.0,677.9,0.202,59.05,0.2063
2026-07-22,7498.96,2026-09-30,70.0,6930.0,673.3,0.2013,59.5,0.2057
2026-07-22,7498.96,2026-09-30,70.0,6935.0,668.8,0.2008,59.95,0.2051
2026-07-22,7498.96,2026-09-30,70.0,6940.0,664.5,0.2005,60.45,0.2046
2026-07-22,7498.96,2026-09-30,70.0,6945.0,659.9,0.1998,61.0,0.2041
2026-07-22,7498.96,2026-09-30,70.0,6950.0,655.5,0.1994,61.5,0.2036
2026-07-22,7498.96,2026-09-30,70.0,6955.0,651.0,0.1989,62.05,0.2031
2026-07-22,7498.96,2026-09-30,70.0,6960.0,646.6,0.1984,62.55,0.2026
2026-07-22,7498.96,2026-09-30,70.0,6965.0,642.2,0.198,63.05,0.202
2026-07-22,7498.96,2026-09-30,70.0,6970.0,637.7,0.1974,63.55,0.2014
2026-07-22,7498.96,2026-09-30,70.0,6975.0,633.3,0.197,64.0,0.2008
2026-07-22,7498.96,2026-09-30,70.0,6980.0,628.9,0.1965,64.65,0.2004
2026-07-22,7498.96,2026-09-30,70.0,6985.0,624.35,0.1958,65.2,0.1999
2026-07-22,7498.96,2026-09-30,70.0,6990.0,619.95,0.1954,65.65,0.1992
2026-07-22,7498.96,2026-09-30,70.0,6995.0,615.55,0.1949,66.35,0.1989
2026-07-22,7498.96,2026-09-30,70.0,7000.0,611.15,0.1944,66.75,0.1982
2026-07-22,7498.96,2026-09-30,70.0,7005.0,606.75,0.1939,67.45,0.1978
2026-07-22,7498.96,2026-09-30,70.0,7010.0,602.35,0.1934,68.05,0.1973
2026-07-22,7498.96,2026-09-30,70.0,7015.0,597.9,0.1928,68.55,0.1967
2026-07-22,7498.96,2026-09-30,70.0,7020.0,593.5,0.1923,69.15,0.1962
2026-07-22,7498.96,2026-09-30,70.0,7025.0,589.25,0.192,69.75,0.1956
2026-07-22,7498.96,2026-09-30,70.0,7030.0,584.8,0.1914,70.35,0.1951
2026-07-22,7498.96,2026-09-30,70.0,7035.0,580.45,0.1909,70.95,0.1946
2026-07-22,7498.96,2026-09-30,70.0,7040.0,576.15,0.1905,71.55,0.194
2026-07-22,7498.96,2026-09-30,70.0,7045.0,571.8,0.19,72.2,0.1935
2026-07-22,7498.96,2026-09-30,70.0,7050.0,567.4,0.1894,72.8,0.193
2026-07-22,7498.96,2026-09-30,70.0,7055.0,563.1,0.189,73.45,0.1925
2026-07-22,7498.96,2026-09-30,70.0,7060.0,558.8,0.1885,74.1,0.192
2026-07-22,7498.96,2026-09-30,70.0,7065.0,560.4,0.1944,74.7,0.1914
2026-07-22,7498.96,2026-09-30,70.0,7070.0,550.1,0.1874,75.4,0.1909
2026-07-22,7498.96,2026-09-30,70.0,7075.0,545.8,0.187,75.9,0.1902
2026-07-22,7498.96,2026-09-30,70.0,7080.0,541.5,0.1865,76.7,0.1898
2026-07-22,7498.96,2026-09-30,70.0,7085.0,543.2,0.1923,77.4,0.1894
2026-07-22,7498.96,2026-09-30,70.0,7090.0,538.9,0.1918,77.9,0.1886
2026-07-22,7498.96,2026-09-30,70.0,7095.0,534.6,0.1912,78.7,0.1882
2026-07-22,7498.96,2026-09-30,70.0,7100.0,530.3,0.1907,79.25,0.1876
2026-07-22,7498.96,2026-09-30,70.0,7105.0,526.0,0.1901,80.1,0.1872
2026-07-22,7498.96,2026-09-30,70.0,7110.0,521.8,0.1897,80.8,0.1866
2026-07-22,7498.96,2026-09-30,70.0,7115.0,517.5,0.1891,81.5,0.1861
2026-07-22,7498.96,2026-09-30,70.0,7120.0,513.3,0.1886,82.2,0.1856
2026-07-22,7498.96,2026-09-30,70.0,7125.0,509.0,0.188,82.8,0.1849
2026-07-22,7498.96,2026-09-30,70.0,7130.0,504.8,0.1875,83.7,0.1845
2026-07-22,7498.96,2026-09-30,70.0,7135.0,500.5,0.1869,84.4,0.184
2026-07-22,7498.96,2026-09-30,70.0,7140.0,496.3,0.1864,85.2,0.1835
2026-07-22,7498.96,2026-09-30,70.0,7145.0,492.1,0.1859,85.9,0.1829
2026-07-22,7498.96,2026-09-30,70.0,7150.0,487.9,0.1853,86.6,0.1823
2026-07-22,7498.96,2026-09-30,70.0,7155.0,483.7,0.1848,87.4,0.1818
2026-07-22,7498.96,2026-09-30,70.0,7160.0,479.5,0.1843,88.2,0.1813
2026-07-22,7498.96,2026-09-30,70.0,7165.0,475.3,0.1837,89.1,0.1808
2026-07-22,7498.96,2026-09-30,70.0,7170.0,471.2,0.1832,89.9,0.1803
2026-07-22,7498.96,2026-09-30,70.0,7175.0,467.0,0.1827,90.65,0.1797
2026-07-22,7498.96,2026-09-30,70.0,7180.0,462.8,0.1821,91.45,0.1792
2026-07-22,7498.96,2026-09-30,70.0,7185.0,458.7,0.1816,92.3,0.1786
2026-07-22,7498.96,2026-09-30,70.0,7190.0,454.5,0.181,93.2,0.1782
2026-07-22,7498.96,2026-09-30,70.0,7195.0,450.4,0.1805,93.9,0.1775
2026-07-22,7498.96,2026-09-30,70.0,7200.0,446.3,0.18,94.9,0.1771
2026-07-22,7498.96,2026-09-30,70.0,7205.0,442.2,0.1795,95.7,0.1765
2026-07-22,7498.96,2026-09-30,70.0,7210.0,438.1,0.1789,96.4,0.1758
2026-07-22,7498.96,2026-09-30,70.0,7215.0,434.0,0.1784,97.5,0.1755
2026-07-22,7498.96,2026-09-30,70.0,7220.0,429.9,0.1778,98.4,0.175
2026-07-22,7498.96,2026-09-30,70.0,7225.0,425.8,0.1773,99.3,0.1744
2026-07-22,7498.96,2026-09-30,70.0,7230.0,421.8,0.1768,100.2,0.1739
2026-07-22,7498.96,2026-09-30,70.0,7235.0,417.7,0.1762,101.1,0.1733
2026-07-22,7498.96,2026-09-30,70.0,7240.0,413.7,0.1757,102.0,0.1728
2026-07-22,7498.96,2026-09-30,70.0,7245.0,409.6,0.1752,103.0,0.1723
2026-07-22,7498.96,2026-09-30,70.0,7250.0,405.6,0.1746,103.75,0.1716
2026-07-22,7498.96,2026-09-30,70.0,7255.0,401.6,0.1741,104.85,0.1711
2026-07-22,7498.96,2026-09-30,70.0,7260.0,397.6,0.1736,105.9,0.1707
2026-07-22,7498.96,2026-09-30,70.0,7265.0,393.6,0.1731,106.65,0.1699
2026-07-22,7498.96,2026-09-30,70.0,7270.0,389.6,0.1725,107.75,0.1695
2026-07-22,7498.96,2026-09-30,70.0,7275.0,385.6,0.1719,108.85,0.169
2026-07-22,7498.96,2026-09-30,70.0,7280.0,381.7,0.1715,109.85,0.1685
2026-07-22,7498.96,2026-09-30,70.0,7285.0,373.25,0.167,110.75,0.1678
2026-07-22,7498.96,2026-09-30,70.0,7290.0,369.4,0.1666,111.9,0.1674
2026-07-22,7498.96,2026-09-30,70.0,7295.0,364.65,0.1653,112.95,0.1669
2026-07-22,7498.96,2026-09-30,70.0,7300.0,360.7,0.1648,113.85,0.1662
2026-07-22,7498.96,2026-09-30,70.0,7305.0,356.85,0.1643,114.95,0.1657
2026-07-22,7498.96,2026-09-30,70.0,7310.0,352.95,0.1638,116.2,0.1653
2026-07-22,7498.96,2026-09-30,70.0,7315.0,349.25,0.1634,117.25,0.1647
2026-07-22,7498.96,2026-09-30,70.0,7320.0,345.25,0.1628,118.4,0.1642
2026-07-22,7498.96,2026-09-30,70.0,7325.0,341.5,0.1624,119.6,0.1637
2026-07-22,7498.96,2026-09-30,70.0,7330.0,337.55,0.1618,120.5,0.163
2026-07-22,7498.96,2026-09-30,70.0,7335.0,333.85,0.1614,121.8,0.1626
2026-07-22,7498.96,2026-09-30,70.0,7340.0,330.0,0.1608,122.7,0.1618
2026-07-22,7498.96,2026-09-30,70.0,7345.0,326.35,0.1604,124.1,0.1615
2026-07-22,7498.96,2026-09-30,70.0,7350.0,322.5,0.1599,125.15,0.1608
2026-07-22,7498.96,2026-09-30,70.0,7355.0,318.65,0.1593,126.5,0.1604
2026-07-22,7498.96,2026-09-30,70.0,7360.0,315.05,0.1589,127.75,0.1599
2026-07-22,7498.96,2026-09-30,70.0,7365.0,311.1,0.1582,128.85,0.1592
2026-07-22,7498.96,2026-09-30,70.0,7370.0,307.55,0.1579,130.15,0.1587
2026-07-22,7498.96,2026-09-30,70.0,7375.0,303.85,0.1574,131.5,0.1583
2026-07-22,7498.96,2026-09-30,70.0,7380.0,300.25,0.157,132.8,0.1577
2026-07-22,7498.96,2026-09-30,70.0,7385.0,296.65,0.1565,133.95,0.1571
2026-07-22,7498.96,2026-09-30,70.0,7390.0,292.85,0.1559,135.2,0.1565
2026-07-22,7498.96,2026-09-30,70.0,7395.0,289.25,0.1554,136.6,0.156
2026-07-22,7498.96,2026-09-30,70.0,7400.0,285.55,0.1549,137.9,0.1554
2026-07-22,7498.96,2026-09-30,70.0,7405.0,282.0,0.1544,139.4,0.155
2026-07-22,7498.96,2026-09-30,70.0,7410.0,278.4,0.1539,140.75,0.1545
2026-07-22,7498.96,2026-09-30,70.0,7415.0,274.65,0.1533,142.1,0.1539
2026-07-22,7498.96,2026-09-30,70.0,7420.0,271.3,0.153,143.5,0.1534
2026-07-22,7498.96,2026-09-30,70.0,7425.0,267.55,0.1523,145.0,0.1529
2026-07-22,7498.96,2026-09-30,70.0,7430.0,264.1,0.1519,146.3,0.1522
2026-07-22,7498.96,2026-09-30,70.0,7435.0,260.6,0.1514,147.85,0.1518
2026-07-22,7498.96,2026-09-30,70.0,7440.0,257.1,0.1509,149.25,0.1512
2026-07-22,7498.96,2026-09-30,70.0,7445.0,253.55,0.1504,150.6,0.1505
2026-07-22,7498.96,2026-09-30,70.0,7450.0,250.15,0.1499,152.2,0.1501
2026-07-22,7498.96,2026-09-30,70.0,7455.0,246.65,0.1494,153.7,0.1495
2026-07-22,7498.96,2026-09-30,70.0,7460.0,243.6,0.1492,155.35,0.149
2026-07-22,7498.96,2026-09-30,70.0,7465.0,240.05,0.1486,156.85,0.1485
2026-07-22,7498.96,2026-09-30,70.0,7470.0,236.6,0.1481,158.5,0.148
2026-07-22,7498.96,2026-09-30,70.0,7475.0,233.35,0.1477,160.1,0.1474
2026-07-22,7498.96,2026-09-30,70.0,7480.0,229.75,0.147,161.65,0.1468
2026-07-22,7498.96,2026-09-30,70.0,7485.0,226.6,0.1466,163.25,0.1463
2026-07-22,7498.96,2026-09-30,70.0,7490.0,223.45,0.1463,164.95,0.1458
2026-07-22,7498.96,2026-09-30,70.0,7495.0,220.05,0.1457,166.7,0.1453
2026-07-22,7498.96,2026-09-30,70.0,7500.0,216.65,0.1451,168.3,0.1447
2026-07-22,7498.96,2026-09-30,70.0,7505.0,213.65,0.1448,170.15,0.1442
2026-07-22,7498.96,2026-09-30,70.0,7510.0,210.4,0.1444,171.75,0.1436
2026-07-22,7498.96,2026-09-30,70.0,7515.0,207.15,0.1438,173.6,0.1431
2026-07-22,7498.96,2026-09-30,70.0,7520.0,203.8,0.1432,175.4,0.1426
2026-07-22,7498.96,2026-09-30,70.0,7525.0,200.9,0.143,177.2,0.142
2026-07-22,7498.96,2026-09-30,70.0,7530.0,197.6,0.1424,179.0,0.1415
2026-07-22,7498.96,2026-09-30,70.0,7535.0,194.5,0.1419,180.9,0.141
2026-07-22,7498.96,2026-09-30,70.0,7540.0,191.25,0.1413,182.65,0.1403
2026-07-22,7498.96,2026-09-30,70.0,7545.0,188.45,0.1411,184.5,0.1398
2026-07-22,7498.96,2026-09-30,70.0,7550.0,185.3,0.1405,186.5,0.1393
2026-07-22,7498.96,2026-09-30,70.0,7555.0,182.3,0.1401,188.45,0.1387
2026-07-22,7498.96,2026-09-30,70.0,7560.0,179.4,0.1397,190.4,0.1382
2026-07-22,7498.96,2026-09-30,70.0,7565.0,176.3,0.1392,192.4,0.1377
2026-07-22,7498.96,2026-09-30,70.0,7570.0,173.5,0.1388,194.4,0.1371
2026-07-22,7498.96,2026-09-30,70.0,7575.0,170.45,0.1383,196.7,0.1368
2026-07-22,7498.96,2026-09-30,70.0,7580.0,167.6,0.1379,198.5,0.136
2026-07-22,7498.96,2026-09-30,70.0,7585.0,164.75,0.1374,200.65,0.1355
2026-07-22,7498.96,2026-09-30,70.0,7590.0,161.85,0.137,202.75,0.135
2026-07-22,7498.96,2026-09-30,70.0,7595.0,159.1,0.1366,204.65,0.1343
2026-07-22,7498.96,2026-09-30,70.0,7600.0,156.1,0.136,207.0,0.1339
2026-07-22,7498.96,2026-09-30,70.0,7605.0,153.5,0.1357,209.0,0.1332
2026-07-22,7498.96,2026-09-30,70.0,7610.0,150.75,0.1353,211.55,0.1329
2026-07-22,7498.96,2026-09-30,70.0,7615.0,148.0,0.1348,213.65,0.1322
2026-07-22,7498.96,2026-09-30,70.0,7620.0,145.25,0.1343,215.85,0.1316
2026-07-22,7498.96,2026-09-30,70.0,7625.0,142.85,0.1341,218.1,0.131
2026-07-22,7498.96,2026-09-30,70.0,7630.0,140.05,0.1336,220.65,0.1307
2026-07-22,7498.96,2026-09-30,70.0,7635.0,137.35,0.1331,222.85,0.13
2026-07-22,7498.96,2026-09-30,70.0,7640.0,134.85,0.1327,225.25,0.1295
2026-07-22,7498.96,2026-09-30,70.0,7645.0,132.25,0.1323,227.65,0.1289
2026-07-22,7498.96,2026-09-30,70.0,7650.0,129.75,0.1319,230.15,0.1284
2026-07-22,7498.96,2026-09-30,70.0,7655.0,127.1,0.1314,232.5,0.1278
2026-07-22,7498.96,2026-09-30,70.0,7660.0,124.8,0.1311,235.15,0.1274
2026-07-22,7498.96,2026-09-30,70.0,7665.0,122.5,0.1308,237.45,0.1266
2026-07-22,7498.96,2026-09-30,70.0,7670.0,119.9,0.1303,239.95,0.126
2026-07-22,7498.96,2026-09-30,70.0,7675.0,117.45,0.1298,242.8,0.1257
2026-07-22,7498.96,2026-09-30,70.0,7680.0,115.1,0.1294,245.15,0.1249
2026-07-22,7498.96,2026-09-30,70.0,7685.0,112.65,0.129,247.85,0.1243
2026-07-22,7498.96,2026-09-30,70.0,7690.0,110.35,0.1286,250.3,0.1236
2026-07-22,7498.96,2026-09-30,70.0,7695.0,108.05,0.1282,253.0,0.123
2026-07-22,7498.96,2026-09-30,70.0,7700.0,105.9,0.1279,255.95,0.1226
2026-07-22,7498.96,2026-09-30,70.0,7705.0,103.7,0.1275,258.6,0.1219
2026-07-22,7498.96,2026-09-30,70.0,7710.0,101.5,0.1271,261.25,0.1212
2026-07-22,7498.96,2026-09-30,70.0,7715.0,99.5,0.1269,264.05,0.1206
2026-07-22,7498.96,2026-09-30,70.0,7720.0,97.2,0.1264,267.0,0.1201
2026-07-22,7498.96,2026-09-30,70.0,7725.0,95.2,0.1261,269.75,0.1194
2026-07-22,7498.96,2026-09-30,70.0,7730.0,93.05,0.1257,272.65,0.1188
2026-07-22,7498.96,2026-09-30,70.0,7735.0,91.15,0.1254,275.45,0.118
2026-07-22,7498.96,2026-09-30,70.0,7740.0,89.05,0.125,278.65,0.1176
2026-07-22,7498.96,2026-09-30,70.0,7745.0,87.1,0.1247,281.65,0.1169
2026-07-22,7498.96,2026-09-30,70.0,7750.0,84.95,0.1242,284.55,0.116
2026-07-22,7498.96,2026-09-30,70.0,7755.0,83.0,0.1238,287.7,0.1154
2026-07-22,7498.96,2026-09-30,70.0,7760.0,81.35,0.1237,290.65,0.1145
2026-07-22,7498.96,2026-09-30,70.0,7765.0,79.35,0.1232,294.05,0.1141
2026-07-22,7498.96,2026-09-30,70.0,7770.0,77.45,0.1228,296.85,0.113
2026-07-22,7498.96,2026-09-30,70.0,7775.0,75.7,0.1225,300.6,0.1129
2026-07-22,7498.96,2026-09-30,70.0,7780.0,74.15,0.1224,302.5,0.1107
2026-07-22,7498.96,2026-09-30,70.0,7785.0,72.2,0.1219,301.4,0.1048
2026-07-22,7498.96,2026-09-30,70.0,7790.0,70.55,0.1217,304.6,0.1036
2026-07-22,7498.96,2026-09-30,70.0,7795.0,68.85,0.1213,307.9,0.1025
2026-07-22,7498.96,2026-09-30,70.0,7800.0,67.3,0.1211,313.75,0.1047
2026-07-22,7498.96,2026-09-30,70.0,7805.0,65.6,0.1208,314.4,0.0997
2026-07-22,7498.96,2026-09-30,70.0,7810.0,63.95,0.1204,317.8,0.0982
2026-07-22,7498.96,2026-09-30,70.0,7815.0,62.65,0.1204,321.1,0.0962
2026-07-22,7498.96,2026-09-30,70.0,7820.0,60.9,0.1199,324.5,0.0943
2026-07-22,7498.96,2026-09-30,70.0,7825.0,59.45,0.1197,327.9,0.0913
2026-07-22,7498.96,2026-09-30,70.0,7830.0,57.95,0.1194,331.4,0.0874
2026-07-22,7498.96,2026-09-30,70.0,7835.0,56.45,0.119,334.9,0.087
2026-07-22,7498.96,2026-09-30,70.0,7840.0,55.05,0.1188,338.4,0.0879
2026-07-22,7498.96,2026-09-30,70.0,7845.0,53.65,0.1185,341.9,0.0888
2026-07-22,7498.96,2026-09-30,70.0,7850.0,52.35,0.1183,345.5,0.0897
2026-07-22,7498.96,2026-09-30,70.0,7855.0,50.95,0.118,349.1,0.0905
2026-07-22,7498.96,2026-09-30,70.0,7860.0,49.65,0.1178,352.7,0.0914
2026-07-22,7498.96,2026-09-30,70.0,7865.0,48.35,0.1175,356.3,0.0923
2026-07-22,7498.96,2026-09-30,70.0,7870.0,47.1,0.1173,360.0,0.0932
2026-07-22,7498.96,2026-09-30,70.0,7875.0,45.85,0.117,,
2026-07-22,7498.96,2026-09-30,70.0,7880.0,44.7,0.1168,,
2026-07-22,7498.96,2026-09-30,70.0,7885.0,43.5,0.1166,,
2026-07-22,7498.96,2026-09-30,70.0,7890.0,42.4,0.1164,381.0,0.0967
2026-07-22,7498.96,2026-09-30,70.0,7895.0,41.2,0.1161,384.8,0.0975
2026-07-22,7498.96,2026-09-30,70.0,7900.0,40.2,0.116,,
2026-07-22,7498.96,2026-09-30,70.0,7905.0,39.0,0.1157,,
2026-07-22,7498.96,2026-09-30,70.0,7910.0,38.05,0.1156,,
2026-07-22,7498.96,2026-09-30,70.0,7915.0,36.9,0.1153,,
2026-07-22,7498.96,2026-09-30,70.0,7920.0,35.9,0.1151,,
2026-07-22,7498.96,2026-09-30,70.0,7925.0,35.0,0.115,,
2026-07-22,7498.96,2026-09-30,70.0,7930.0,34.0,0.1147,,
2026-07-22,7498.96,2026-09-30,70.0,7935.0,33.1,0.1146,,
2026-07-22,7498.96,2026-09-30,70.0,7940.0,32.15,0.1144,,
2026-07-22,7498.96,2026-09-30,70.0,7945.0,31.2,0.1141,,
2026-07-22,7498.96,2026-09-30,70.0,7950.0,30.35,0.114,,
2026-07-22,7498.96,2026-09-30,70.0,7955.0,29.5,0.1138,,
2026-07-22,7498.96,2026-09-30,70.0,7960.0,28.65,0.1136,,
2026-07-22,7498.96,2026-09-30,70.0,7965.0,27.85,0.1135,,
2026-07-22,7498.96,2026-09-30,70.0,7970.0,27.05,0.1133,,
2026-07-22,7498.96,2026-09-30,70.0,7975.0,26.3,0.1132,,
2026-07-22,7498.96,2026-09-30,70.0,7980.0,25.5,0.113,,
2026-07-22,7498.96,2026-09-30,70.0,7985.0,24.8,0.1129,,
2026-07-22,7498.96,2026-09-30,70.0,7990.0,24.1,0.1127,,
2026-07-22,7498.96,2026-09-30,70.0,7995.0,23.4,0.1126,,
2026-07-22,7498.96,2026-09-30,70.0,8000.0,22.7,0.1124,,
2026-07-22,7498.96,2026-09-30,70.0,8005.0,22.0,0.1122,,
2026-07-22,7498.96,2026-09-30,70.0,8010.0,21.4,0.1122,,
2026-07-22,7498.96,2026-09-30,70.0,8015.0,20.65,0.1118,,
2026-07-22,7498.96,2026-09-30,70.0,8020.0,20.1,0.1118,,
2026-07-22,7498.96,2026-09-30,70.0,8025.0,19.5,0.1117,,
2026-07-22,7498.96,2026-09-30,70.0,8030.0,18.95,0.1116,,
2026-07-22,7498.96,2026-09-30,70.0,8035.0,18.35,0.1114,,
2026-07-22,7498.96,2026-09-30,70.0,8040.0,17.8,0.1113,,
2026-07-22,7498.96,2026-09-30,70.0,8045.0,17.25,0.1112,,
2026-07-22,7498.96,2026-09-30,70.0,8050.0,16.75,0.1111,,
2026-07-22,7498.96,2026-09-30,70.0,8055.0,16.25,0.111,,
2026-07-22,7498.96,2026-09-30,70.0,8060.0,15.75,0.1109,,
2026-07-22,7498.96,2026-09-30,70.0,8065.0,15.25,0.1108,,
2026-07-22,7498.96,2026-09-30,70.0,8070.0,14.85,0.1108,,
2026-07-22,7498.96,2026-09-30,70.0,8075.0,14.35,0.1106,,
2026-07-22,7498.96,2026-09-30,70.0,8080.0,13.95,0.1106,,
2026-07-22,7498.96,2026-09-30,70.0,8085.0,13.45,0.1103,,
2026-07-22,7498.96,2026-10-16,86.0,5625.0,1934.7,0.3244,15.5,0.3399
2026-07-22,7498.96,2026-10-16,86.0,5650.0,1910.3,0.322,15.9,0.3371
2026-07-22,7498.96,2026-10-16,86.0,5675.0,1885.9,0.3195,16.2,0.334
2026-07-22,7498.96,2026-10-16,86.0,5700.0,1861.6,0.3175,16.65,0.3313
2026-07-22,7498.96,2026-10-16,86.0,5725.0,1837.3,0.3153,17.1,0.3287
2026-07-22,7498.96,2026-10-16,86.0,5750.0,1812.9,0.3127,17.5,0.3258
2026-07-22,7498.96,2026-10-16,86.0,5775.0,1788.6,0.3104,17.95,0.323
2026-07-22,7498.96,2026-10-16,86.0,5800.0,1764.4,0.3085,18.4,0.3202
2026-07-22,7498.96,2026-10-16,86.0,5825.0,1740.1,0.3061,18.85,0.3174
2026-07-22,7498.96,2026-10-16,86.0,5850.0,1715.8,0.3036,19.35,0.3147
2026-07-22,7498.96,2026-10-16,86.0,5875.0,1691.6,0.3015,19.85,0.3119
2026-07-22,7498.96,2026-10-16,86.0,5900.0,1667.4,0.2992,20.45,0.3094
2026-07-22,7498.96,2026-10-16,86.0,5925.0,1643.2,0.2969,20.95,0.3065
2026-07-22,7498.96,2026-10-16,86.0,5950.0,1619.0,0.2945,21.5,0.3038
2026-07-22,7498.96,2026-10-16,86.0,5975.0,1594.8,0.2921,22.1,0.3012
2026-07-22,7498.96,2026-10-16,86.0,6000.0,1570.7,0.2899,22.7,0.2985
2026-07-22,7498.96,2026-10-16,86.0,6025.0,1546.6,0.2876,23.3,0.2957
2026-07-22,7498.96,2026-10-16,86.0,6050.0,1522.85,0.2863,24.0,0.2932
2026-07-22,7498.96,2026-10-16,86.0,6075.0,1498.75,0.2839,24.65,0.2904
2026-07-22,7498.96,2026-10-16,86.0,6100.0,1474.75,0.2816,25.4,0.2879
2026-07-22,7498.96,2026-10-16,86.0,6125.0,1450.7,0.2792,26.1,0.2852
2026-07-22,7498.96,2026-10-16,86.0,6130.0,1445.9,0.2787,26.2,0.2846
2026-07-22,7498.96,2026-10-16,86.0,6140.0,1436.3,0.2778,26.5,0.2835
2026-07-22,7498.96,2026-10-16,86.0,6150.0,1426.75,0.277,26.85,0.2826
2026-07-22,7498.96,2026-10-16,86.0,6160.0,1417.15,0.276,27.15,0.2815
2026-07-22,7498.96,2026-10-16,86.0,6170.0,1407.55,0.275,27.5,0.2805
2026-07-22,7498.96,2026-10-16,86.0,6175.0,1402.75,0.2745,27.6,0.2799
2026-07-22,7498.96,2026-10-16,86.0,6180.0,1397.95,0.274,27.8,0.2795
2026-07-22,7498.96,2026-10-16,86.0,6190.0,1388.4,0.2731,28.1,0.2784
2026-07-22,7498.96,2026-10-16,86.0,6200.0,1378.85,0.2722,28.45,0.2774
2026-07-22,7498.96,2026-10-16,86.0,6210.0,1369.25,0.2712,28.8,0.2764
2026-07-22,7498.96,2026-10-16,86.0,6220.0,1359.75,0.2704,29.15,0.2753
2026-07-22,7498.96,2026-10-16,86.0,6225.0,1354.95,0.2699,29.3,0.2748
2026-07-22,7498.96,2026-10-16,86.0,6230.0,1350.15,0.2694,29.45,0.2742
2026-07-22,7498.96,2026-10-16,86.0,6240.0,1340.65,0.2685,29.85,0.2733
2026-07-22,7498.96,2026-10-16,86.0,6250.0,1331.15,0.2677,30.15,0.2721
2026-07-22,7498.96,2026-10-16,86.0,6260.0,1321.55,0.2666,30.55,0.2712
2026-07-22,7498.96,2026-10-16,86.0,6270.0,1312.05,0.2657,30.95,0.2702
2026-07-22,7498.96,2026-10-16,86.0,6275.0,1307.25,0.2652,31.15,0.2697
2026-07-22,7498.96,2026-10-16,86.0,6280.0,1302.55,0.2649,31.25,0.269
2026-07-22,7498.96,2026-10-16,86.0,6290.0,1293.05,0.264,31.65,0.2681
2026-07-22,7498.96,2026-10-16,86.0,6300.0,1283.55,0.2631,32.05,0.2671
2026-07-22,7498.96,2026-10-16,86.0,6310.0,1274.05,0.2621,32.45,0.266
2026-07-22,7498.96,2026-10-16,86.0,6320.0,1264.55,0.2612,32.85,0.265
2026-07-22,7498.96,2026-10-16,86.0,6325.0,1259.75,0.2606,33.05,0.2645
2026-07-22,7498.96,2026-10-16,86.0,6330.0,1255.05,0.2602,33.25,0.264
2026-07-22,7498.96,2026-10-16,86.0,6340.0,1245.55,0.2593,33.65,0.263
2026-07-22,7498.96,2026-10-16,86.0,6350.0,1236.05,0.2583,34.1,0.262
2026-07-22,7498.96,2026-10-16,86.0,6360.0,1226.7,0.2576,34.5,0.2609
2026-07-22,7498.96,2026-10-16,86.0,6370.0,1217.25,0.2567,34.9,0.2599
2026-07-22,7498.96,2026-10-16,86.0,6375.0,1212.5,0.2562,35.15,0.2594
2026-07-22,7498.96,2026-10-16,86.0,6380.0,1207.8,0.2558,35.4,0.259
2026-07-22,7498.96,2026-10-16,86.0,6390.0,1198.35,0.2549,35.8,0.2579
2026-07-22,7498.96,2026-10-16,86.0,6400.0,1188.9,0.2539,36.3,0.257
2026-07-22,7498.96,2026-10-16,86.0,6410.0,1179.45,0.253,36.7,0.2558
2026-07-22,7498.96,2026-10-16,86.0,6420.0,1170.05,0.2521,37.2,0.2549
2026-07-22,7498.96,2026-10-16,86.0,6425.0,1165.3,0.2516,37.5,0.2545
2026-07-22,7498.96,2026-10-16,86.0,6430.0,1160.6,0.2511,37.7,0.2539
2026-07-22,7498.96,2026-10-16,86.0,6440.0,1150.55,0.249,38.15,0.2529
2026-07-22,7498.96,2026-10-16,86.0,6450.0,1141.0,0.2478,38.65,0.2519
2026-07-22,7498.96,2026-10-16,86.0,6460.0,1131.6,0.2469,39.15,0.2509
2026-07-22,7498.96,2026-10-16,86.0,6470.0,1122.35,0.2463,39.65,0.2499
2026-07-22,7498.96,2026-10-16,86.0,6475.0,1117.5,0.2455,40.0,0.2495
2026-07-22,7498.96,2026-10-16,86.0,6480.0,1112.8,0.245,40.15,0.2488
2026-07-22,7498.96,2026-10-16,86.0,6490.0,1103.6,0.2444,40.7,0.2479
2026-07-22,7498.96,2026-10-16,86.0,6500.0,1094.25,0.2435,41.3,0.247
2026-07-22,7498.96,2026-10-16,86.0,6510.0,1084.9,0.2426,41.75,0.2459
2026-07-22,7498.96,2026-10-16,86.0,6520.0,1075.55,0.2417,42.35,0.2449
2026-07-22,7498.96,2026-10-16,86.0,6525.0,1071.0,0.2414,42.65,0.2445
2026-07-22,7498.96,2026-10-16,86.0,6530.0,1066.2,0.2408,42.85,0.2438
2026-07-22,7498.96,2026-10-16,86.0,6540.0,1057.0,0.2401,43.45,0.2429
2026-07-22,7498.96,2026-10-16,86.0,6550.0,1047.55,0.2389,44.05,0.2419
2026-07-22,7498.96,2026-10-16,86.0,6560.0,1038.3,0.2381,44.65,0.241
2026-07-22,7498.96,2026-10-16,86.0,6570.0,1028.95,0.2371,45.25,0.24
2026-07-22,7498.96,2026-10-16,86.0,6575.0,1024.3,0.2366,45.55,0.2395
2026-07-22,7498.96,2026-10-16,86.0,6580.0,1019.65,0.2362,45.8,0.2389
2026-07-22,7498.96,2026-10-16,86.0,6590.0,1010.5,0.2354,46.45,0.238
2026-07-22,7498.96,2026-10-16,86.0,6600.0,1001.1,0.2343,47.1,0.237
2026-07-22,7498.96,2026-10-16,86.0,6610.0,991.65,0.2331,47.7,0.236
2026-07-22,7498.96,2026-10-16,86.0,6620.0,982.6,0.2325,48.35,0.235
2026-07-22,7498.96,2026-10-16,86.0,6625.0,978.1,0.2322,48.75,0.2346
2026-07-22,7498.96,2026-10-16,86.0,6630.0,973.35,0.2316,49.0,0.234
2026-07-22,7498.96,2026-10-16,86.0,6640.0,964.1,0.2306,49.7,0.233
2026-07-22,7498.96,2026-10-16,86.0,6650.0,954.9,0.2297,50.4,0.2321
2026-07-22,7498.96,2026-10-16,86.0,6660.0,945.7,0.2288,51.05,0.231
2026-07-22,7498.96,2026-10-16,86.0,6670.0,936.5,0.2279,51.75,0.23
2026-07-22,7498.96,2026-10-16,86.0,6675.0,931.9,0.2274,52.15,0.2296
2026-07-22,7498.96,2026-10-16,86.0,6680.0,927.3,0.2269,52.45,0.229
2026-07-22,7498.96,2026-10-16,86.0,6690.0,918.1,0.226,53.2,0.2281
2026-07-22,7498.96,2026-10-16,86.0,6700.0,909.0,0.2251,53.95,0.2271
2026-07-22,7498.96,2026-10-16,86.0,6710.0,899.8,0.2241,54.65,0.226
2026-07-22,7498.96,2026-10-16,86.0,6720.0,890.7,0.2232,55.45,0.2251
2026-07-22,7498.96,2026-10-16,86.0,6725.0,886.1,0.2227,55.85,0.2246
2026-07-22,7498.96,2026-10-16,86.0,6730.0,881.55,0.2223,56.25,0.2242
2026-07-22,7498.96,2026-10-16,86.0,6740.0,872.3,0.2212,57.05,0.2232
2026-07-22,7498.96,2026-10-16,86.0,6750.0,863.2,0.2202,57.9,0.2223
2026-07-22,7498.96,2026-10-16,86.0,6760.0,854.3,0.2195,58.65,0.2212
2026-07-22,7498.96,2026-10-16,86.0,6770.0,845.35,0.2188,59.45,0.2202
2026-07-22,7498.96,2026-10-16,86.0,6775.0,840.7,0.2181,59.9,0.2197
2026-07-22,7498.96,2026-10-16,86.0,6780.0,836.0,0.2175,60.3,0.2192
2026-07-22,7498.96,2026-10-16,86.0,6790.0,827.25,0.2169,61.15,0.2182
2026-07-22,7498.96,2026-10-16,86.0,6800.0,818.1,0.2158,62.05,0.2172
2026-07-22,7498.96,2026-10-16,86.0,6810.0,808.95,0.2147,62.95,0.2163
2026-07-22,7498.96,2026-10-16,86.0,6820.0,800.05,0.2139,63.8,0.2152
2026-07-22,7498.96,2026-10-16,86.0,6825.0,795.75,0.2136,64.3,0.2148
2026-07-22,7498.96,2026-10-16,86.0,6830.0,791.25,0.2132,64.8,0.2143
2026-07-22,7498.96,2026-10-16,86.0,6840.0,782.15,0.2121,65.7,0.2133
2026-07-22,7498.96,2026-10-16,86.0,6850.0,773.15,0.2111,66.6,0.2123
2026-07-22,7498.96,2026-10-16,86.0,6860.0,764.25,0.2102,67.6,0.2113
2026-07-22,7498.96,2026-10-16,86.0,6870.0,755.35,0.2093,68.55,0.2103
2026-07-22,7498.96,2026-10-16,86.0,6875.0,750.85,0.2087,69.15,0.2099
2026-07-22,7498.96,2026-10-16,86.0,6880.0,746.45,0.2083,69.55,0.2093
2026-07-22,7498.96,2026-10-16,86.0,6890.0,737.55,0.2074,70.55,0.2083
2026-07-22,7498.96,2026-10-16,86.0,6900.0,728.7,0.2064,71.6,0.2073
2026-07-22,7498.96,2026-10-16,86.0,6910.0,719.85,0.2055,72.65,0.2063
2026-07-22,7498.96,2026-10-16,86.0,6920.0,711.05,0.2046,73.75,0.2054
2026-07-22,7498.96,2026-10-16,86.0,6925.0,706.5,0.204,74.3,0.2049
2026-07-22,7498.96,2026-10-16,86.0,6930.0,702.1,0.2035,74.85,0.2044
2026-07-22,7498.96,2026-10-16,86.0,6940.0,693.3,0.2026,75.95,0.2034
2026-07-22,7498.96,2026-10-16,86.0,6950.0,684.65,0.2017,77.05,0.2024
2026-07-22,7498.96,2026-10-16,86.0,6960.0,675.8,0.2007,78.25,0.2014
2026-07-22,7498.96,2026-10-16,86.0,6970.0,667.3,0.2,79.5,0.2005
2026-07-22,7498.96,2026-10-16,86.0,6975.0,662.9,0.1995,80.0,0.1999
2026-07-22,7498.96,2026-10-16,86.0,6980.0,658.6,0.1991,80.55,0.1994
2026-07-22,7498.96,2026-10-16,86.0,6990.0,649.9,0.1981,81.75,0.1984
2026-07-22,7498.96,2026-10-16,86.0,7000.0,641.0,0.1969,83.05,0.1974
2026-07-22,7498.96,2026-10-16,86.0,7010.0,632.6,0.1962,84.25,0.1964
2026-07-22,7498.96,2026-10-16,86.0,7020.0,623.7,0.195,85.55,0.1954
2026-07-22,7498.96,2026-10-16,86.0,7025.0,619.4,0.1945,86.2,0.1949
2026-07-22,7498.96,2026-10-16,86.0,7030.0,615.1,0.194,86.85,0.1944
2026-07-22,7498.96,2026-10-16,86.0,7040.0,606.75,0.1933,88.15,0.1934
2026-07-22,7498.96,2026-10-16,86.0,7045.0,605.9,0.1961,89.7,0.1937
2026-07-22,7498.96,2026-10-16,86.0,7050.0,598.2,0.1924,89.55,0.1925
2026-07-22,7498.96,2026-10-16,86.0,7055.0,594.4,0.1923,91.1,0.1928
2026-07-22,7498.96,2026-10-16,86.0,7060.0,589.7,0.1914,90.85,0.1914
2026-07-22,7498.96,2026-10-16,86.0,7065.0,591.8,0.1969,92.5,0.1918
2026-07-22,7498.96,2026-10-16,86.0,7070.0,581.2,0.1905,92.25,0.1904
2026-07-22,7498.96,2026-10-16,86.0,7075.0,576.7,0.1898,92.95,0.1899
2026-07-22,7498.96,2026-10-16,86.0,7080.0,572.6,0.1894,93.7,0.1894
2026-07-22,7498.96,2026-10-16,86.0,7085.0,574.9,0.1949,95.35,0.1898
2026-07-22,7498.96,2026-10-16,86.0,7090.0,564.05,0.1884,95.25,0.1885
2026-07-22,7498.96,2026-10-16,86.0,7095.0,566.4,0.1939,96.85,0.1888
2026-07-22,7498.96,2026-10-16,86.0,7100.0,555.6,0.1874,96.6,0.1874
2026-07-22,7498.96,2026-10-16,86.0,7105.0,558.0,0.1929,98.35,0.1878
2026-07-22,7498.96,2026-10-16,86.0,7110.0,547.2,0.1865,98.15,0.1864
2026-07-22,7498.96,2026-10-16,86.0,7115.0,549.6,0.1918,99.85,0.1868
2026-07-22,7498.96,2026-10-16,86.0,7120.0,538.95,0.1856,99.75,0.1855
2026-07-22,7498.96,2026-10-16,86.0,7125.0,534.9,0.1853,100.45,0.1849
2026-07-22,7498.96,2026-10-16,86.0,7130.0,530.75,0.1848,101.15,0.1843
2026-07-22,7498.96,2026-10-16,86.0,7135.0,532.9,0.1898,102.95,0.1847
2026-07-22,7498.96,2026-10-16,86.0,7140.0,522.45,0.1838,102.8,0.1834
2026-07-22,7498.96,2026-10-16,86.0,7145.0,524.6,0.1888,104.55,0.1837
2026-07-22,7498.96,2026-10-16,86.0,7150.0,514.1,0.1828,104.45,0.1824
2026-07-22,7498.96,2026-10-16,86.0,7155.0,516.3,0.1878,106.25,0.1827
2026-07-22,7498.96,2026-10-16,86.0,7160.0,505.9,0.1819,106.2,0.1815
2026-07-22,7498.96,2026-10-16,86.0,7165.0,508.1,0.1868,107.95,0.1818
2026-07-22,7498.96,2026-10-16,86.0,7170.0,497.7,0.181,107.75,0.1804
2026-07-22,7498.96,2026-10-16,86.0,7175.0,493.6,0.1805,108.65,0.1799
2026-07-22,7498.96,2026-10-16,86.0,7180.0,489.5,0.18,109.5,0.1794
2026-07-22,7498.96,2026-10-16,86.0,7185.0,491.7,0.1848,111.45,0.1798
2026-07-22,7498.96,2026-10-16,86.0,7190.0,481.25,0.179,111.25,0.1784
2026-07-22,7498.96,2026-10-16,86.0,7195.0,483.5,0.1837,113.2,0.1788
2026-07-22,7498.96,2026-10-16,86.0,7200.0,473.25,0.1781,113.05,0.1774
2026-07-22,7498.96,2026-10-16,86.0,7205.0,475.4,0.1827,115.0,0.1778
2026-07-22,7498.96,2026-10-16,86.0,7210.0,464.95,0.177,114.9,0.1764
2026-07-22,7498.96,2026-10-16,86.0,7215.0,461.15,0.1767,115.7,0.1758
2026-07-22,7498.96,2026-10-16,86.0,7220.0,457.15,0.1762,116.7,0.1754
2026-07-22,7498.96,2026-10-16,86.0,7225.0,453.15,0.1758,117.7,0.1749
2026-07-22,7498.96,2026-10-16,86.0,7230.0,449.15,0.1753,118.6,0.1744
2026-07-22,7498.96,2026-10-16,86.0,7235.0,445.15,0.1748,119.5,0.1738
2026-07-22,7498.96,2026-10-16,86.0,7240.0,440.95,0.1742,120.65,0.1734
2026-07-22,7498.96,2026-10-16,86.0,7245.0,437.0,0.1737,121.65,0.173
2026-07-22,7498.96,2026-10-16,86.0,7250.0,433.25,0.1734,122.55,0.1724
2026-07-22,7498.96,2026-10-16,86.0,7255.0,429.05,0.1727,123.65,0.172
2026-07-22,7498.96,2026-10-16,86.0,7260.0,425.35,0.1724,124.65,0.1715
2026-07-22,7498.96,2026-10-16,86.0,7265.0,421.45,0.172,125.65,0.1709
2026-07-22,7498.96,2026-10-16,86.0,7270.0,417.3,0.1713,126.6,0.1704
2026-07-22,7498.96,2026-10-16,86.0,7275.0,413.35,0.1708,127.75,0.1699
2026-07-22,7498.96,2026-10-16,86.0,7280.0,409.5,0.1704,128.75,0.1694
2026-07-22,7498.96,2026-10-16,86.0,7285.0,405.6,0.1699,129.85,0.1689
2026-07-22,7498.96,2026-10-16,86.0,7290.0,401.95,0.1696,130.95,0.1684
2026-07-22,7498.96,2026-10-16,86.0,7295.0,397.95,0.169,132.05,0.168
2026-07-22,7498.96,2026-10-16,86.0,7300.0,394.0,0.1685,132.95,0.1673
2026-07-22,7498.96,2026-10-16,86.0,7305.0,390.35,0.1682,134.05,0.1668
2026-07-22,7498.96,2026-10-16,86.0,7310.0,386.55,0.1677,135.35,0.1664
2026-07-22,7498.96,2026-10-16,86.0,7315.0,382.5,0.1671,136.35,0.1658
2026-07-22,7498.96,2026-10-16,86.0,7320.0,378.7,0.1666,137.6,0.1654
2026-07-22,7498.96,2026-10-16,86.0,7325.0,375.1,0.1663,138.65,0.1648
2026-07-22,7498.96,2026-10-16,86.0,7330.0,371.1,0.1657,139.9,0.1644
2026-07-22,7498.96,2026-10-16,86.0,7335.0,367.55,0.1654,140.9,0.1637
2026-07-22,7498.96,2026-10-16,86.0,7340.0,363.8,0.1649,142.15,0.1633
2026-07-22,7498.96,2026-10-16,86.0,7345.0,359.95,0.1644,143.3,0.1627
2026-07-22,7498.96,2026-10-16,86.0,7350.0,356.3,0.164,144.55,0.1623
2026-07-22,7498.96,2026-10-16,86.0,7355.0,352.6,0.1635,145.8,0.1618
2026-07-22,7498.96,2026-10-16,86.0,7360.0,348.9,0.1631,147.2,0.1614
2026-07-22,7498.96,2026-10-16,86.0,7365.0,345.2,0.1626,148.4,0.1609
2026-07-22,7498.96,2026-10-16,86.0,7370.0,341.5,0.1621,149.7,0.1604
2026-07-22,7498.96,2026-10-16,86.0,7375.0,337.8,0.1616,151.0,0.1599
2026-07-22,7498.96,2026-10-16,86.0,7380.0,334.15,0.1612,152.3,0.1594
2026-07-22,7498.96,2026-10-16,86.0,7385.0,330.55,0.1607,153.6,0.1589
2026-07-22,7498.96,2026-10-16,86.0,7390.0,326.9,0.1603,154.9,0.1584
2026-07-22,7498.96,2026-10-16,86.0,7395.0,323.25,0.1598,156.2,0.1578
2026-07-22,7498.96,2026-10-16,86.0,7400.0,319.65,0.1593,157.5,0.1573
2026-07-22,7498.96,2026-10-16,86.0,7405.0,316.1,0.1589,158.95,0.1568
2026-07-22,7498.96,2026-10-16,86.0,7410.0,312.5,0.1584,160.3,0.1563
2026-07-22,7498.96,2026-10-16,86.0,7415.0,308.95,0.1579,161.7,0.1558
2026-07-22,7498.96,2026-10-16,86.0,7420.0,305.4,0.1575,163.1,0.1553
2026-07-22,7498.96,2026-10-16,86.0,7425.0,301.85,0.157,164.55,0.1548
2026-07-22,7498.96,2026-10-16,86.0,7430.0,298.35,0.1566,166.0,0.1543
2026-07-22,7498.96,2026-10-16,86.0,7435.0,294.85,0.1561,167.45,0.1538
2026-07-22,7498.96,2026-10-16,86.0,7440.0,291.35,0.1556,168.9,0.1533
2026-07-22,7498.96,2026-10-16,86.0,7445.0,287.95,0.1552,170.4,0.1528
2026-07-22,7498.96,2026-10-16,86.0,7450.0,284.5,0.1548,171.8,0.1522
2026-07-22,7498.96,2026-10-16,86.0,7455.0,281.05,0.1543,173.4,0.1518
2026-07-22,7498.96,2026-10-16,86.0,7460.0,277.65,0.1539,174.95,0.1513
2026-07-22,7498.96,2026-10-16,86.0,7465.0,274.25,0.1534,176.35,0.1507
2026-07-22,7498.96,2026-10-30,100.0,5650.0,1924.0,0.3143,20.2,0.3287
2026-07-22,7498.96,2026-10-30,100.0,5700.0,1875.6,0.3101,21.2,0.3235
2026-07-22,7498.96,2026-10-30,100.0,5750.0,1827.2,0.3057,22.25,0.3183
2026-07-22,7498.96,2026-10-30,100.0,5760.0,1817.6,0.305,22.45,0.3172
2026-07-22,7498.96,2026-10-30,100.0,5770.0,1807.9,0.304,22.7,0.3162
2026-07-22,7498.96,2026-10-30,100.0,5780.0,1798.3,0.3033,22.95,0.3153
2026-07-22,7498.96,2026-10-30,100.0,5790.0,1788.6,0.3023,23.15,0.3141
2026-07-22,7498.96,2026-10-30,100.0,5800.0,1779.0,0.3016,23.35,0.313
2026-07-22,7498.96,2026-10-30,100.0,5810.0,1769.3,0.3006,23.65,0.3122
2026-07-22,7498.96,2026-10-30,100.0,5820.0,1759.7,0.2999,23.85,0.3111
2026-07-22,7498.96,2026-10-30,100.0,5830.0,1750.0,0.2988,24.1,0.3101
2026-07-22,7498.96,2026-10-30,100.0,5840.0,1740.4,0.2981,24.35,0.3091
2026-07-22,7498.96,2026-10-30,100.0,5850.0,1730.7,0.297,24.55,0.3079
2026-07-22,7498.96,2026-10-30,100.0,5860.0,1721.1,0.2963,24.85,0.307
2026-07-22,7498.96,2026-10-30,100.0,5870.0,1711.5,0.2955,25.15,0.3061
2026-07-22,7498.96,2026-10-30,100.0,5875.0,1706.7,0.2951,25.25,0.3056
2026-07-22,7498.96,2026-10-30,100.0,5880.0,1701.7,0.2941,25.35,0.305
2026-07-22,7498.96,2026-10-30,100.0,5890.0,1692.2,0.2936,25.65,0.3041
2026-07-22,7498.96,2026-10-30,100.0,5900.0,1682.6,0.2928,25.9,0.303
2026-07-22,7498.96,2026-10-30,100.0,5910.0,1673.0,0.292,26.15,0.302
2026-07-22,7498.96,2026-10-30,100.0,5920.0,1663.4,0.2912,26.45,0.301
2026-07-22,7498.96,2026-10-30,100.0,5925.0,1658.6,0.2907,26.55,0.3004
2026-07-22,7498.96,2026-10-30,100.0,5930.0,1653.8,0.2903,26.7,0.3
2026-07-22,7498.96,2026-10-30,100.0,5940.0,1644.2,0.2895,27.0,0.299
2026-07-22,7498.96,2026-10-30,100.0,5950.0,1634.6,0.2886,27.25,0.2979
2026-07-22,7498.96,2026-10-30,100.0,5960.0,1625.0,0.2877,27.55,0.297
2026-07-22,7498.96,2026-10-30,100.0,5970.0,1615.4,0.2868,27.85,0.296
2026-07-22,7498.96,2026-10-30,100.0,5975.0,1610.6,0.2864,28.0,0.2955
2026-07-22,7498.96,2026-10-30,100.0,5980.0,1605.8,0.2859,28.15,0.295
2026-07-22,7498.96,2026-10-30,100.0,5990.0,1596.2,0.285,28.45,0.294
2026-07-22,7498.96,2026-10-30,100.0,6000.0,1586.5,0.2839,28.75,0.293
2026-07-22,7498.96,2026-10-30,100.0,6010.0,1576.9,0.283,29.1,0.2921
2026-07-22,7498.96,2026-10-30,100.0,6020.0,1567.5,0.2825,29.4,0.2911
2026-07-22,7498.96,2026-10-30,100.0,6025.0,1562.6,0.2818,29.55,0.2906
2026-07-22,7498.96,2026-10-30,100.0,6030.0,1557.8,0.2813,29.7,0.2901
2026-07-22,7498.96,2026-10-30,100.0,6040.0,1548.2,0.2804,30.0,0.289
2026-07-22,7498.96,2026-10-30,100.0,6050.0,1538.7,0.2797,30.4,0.2882
2026-07-22,7498.96,2026-10-30,100.0,6060.0,1529.1,0.2787,30.7,0.2872
2026-07-22,7498.96,2026-10-30,100.0,6070.0,1519.6,0.278,31.0,0.2861
2026-07-22,7498.96,2026-10-30,100.0,6075.0,1514.8,0.2775,31.2,0.2857
2026-07-22,7498.96,2026-10-30,100.0,6080.0,1510.05,0.2771,31.4,0.2853
2026-07-22,7498.96,2026-10-30,100.0,6090.0,1500.5,0.2762,31.7,0.2842
2026-07-22,7498.96,2026-10-30,100.0,6100.0,1491.0,0.2754,32.1,0.2833
2026-07-22,7498.96,2026-10-30,100.0,6110.0,1481.5,0.2746,32.4,0.2822
2026-07-22,7498.96,2026-10-30,100.0,6120.0,1471.95,0.2737,32.8,0.2813
2026-07-22,7498.96,2026-10-30,100.0,6125.0,1467.2,0.2733,33.0,0.2809
2026-07-22,7498.96,2026-10-30,100.0,6130.0,1462.4,0.2728,33.15,0.2803
2026-07-22,7498.96,2026-10-30,100.0,6140.0,1452.9,0.272,33.5,0.2793
2026-07-22,7498.96,2026-10-30,100.0,6150.0,1443.4,0.2711,33.9,0.2784
2026-07-22,7498.96,2026-10-30,100.0,6160.0,1433.9,0.2703,34.3,0.2775
2026-07-22,7498.96,2026-10-30,100.0,6170.0,1424.4,0.2694,34.65,0.2764
2026-07-22,7498.96,2026-10-30,100.0,6175.0,1419.7,0.2691,34.85,0.276
2026-07-22,7498.96,2026-10-30,100.0,6180.0,1414.95,0.2686,35.05,0.2755
2026-07-22,7498.96,2026-10-30,100.0,6190.0,1405.5,0.2679,35.45,0.2745
2026-07-22,7498.96,2026-10-30,100.0,6200.0,1396.0,0.267,35.85,0.2736
2026-07-22,7498.96,2026-10-30,100.0,6210.0,1386.5,0.266,36.25,0.2726
2026-07-22,7498.96,2026-10-30,100.0,6220.0,1377.05,0.2652,36.7,0.2717
2026-07-22,7498.96,2026-10-30,100.0,6225.0,1372.3,0.2648,36.95,0.2713
2026-07-22,7498.96,2026-10-30,100.0,6230.0,1367.6,0.2644,37.15,0.2708
2026-07-22,7498.96,2026-10-30,100.0,6240.0,1358.1,0.2635,37.55,0.2698
2026-07-22,7498.96,2026-10-30,100.0,6250.0,1348.7,0.2627,37.95,0.2688
2026-07-22,7498.96,2026-10-30,100.0,6260.0,1339.2,0.2617,38.45,0.2679
2026-07-22,7498.96,2026-10-30,100.0,6270.0,1329.8,0.2609,38.85,0.2669
2026-07-22,7498.96,2026-10-30,100.0,6275.0,1325.1,0.2605,39.1,0.2665
2026-07-22,7498.96,2026-10-30,100.0,6280.0,1320.4,0.2601,39.35,0.266
2026-07-22,7498.96,2026-10-30,100.0,6290.0,1310.9,0.2592,39.8,0.2651
2026-07-22,7498.96,2026-10-30,100.0,6300.0,1301.5,0.2583,40.25,0.2641
2026-07-22,7498.96,2026-10-30,100.0,6310.0,1292.1,0.2575,40.75,0.2632
2026-07-22,7498.96,2026-10-30,100.0,6320.0,1282.7,0.2566,41.2,0.2622
2026-07-22,7498.96,2026-10-30,100.0,6325.0,1278.0,0.2562,41.5,0.2618
2026-07-22,7498.96,2026-10-30,100.0,6330.0,1273.3,0.2558,41.7,0.2613
2026-07-22,7498.96,2026-10-30,100.0,6340.0,1263.9,0.2549,42.2,0.2603
2026-07-22,7498.96,2026-10-30,100.0,6350.0,1254.5,0.254,42.7,0.2594
2026-07-22,7498.96,2026-10-30,100.0,6360.0,1245.2,0.2533,43.2,0.2584
2026-07-22,7498.96,2026-10-30,100.0,6370.0,1235.8,0.2524,43.7,0.2575
2026-07-22,7498.96,2026-10-30,100.0,6375.0,1231.1,0.2519,44.0,0.257
2026-07-22,7498.96,2026-10-30,100.0,6380.0,1226.4,0.2515,44.3,0.2566
2026-07-22,7498.96,2026-10-30,100.0,6390.0,1217.1,0.2507,44.8,0.2556
2026-07-22,7498.96,2026-10-30,100.0,6400.0,1207.6,0.2496,45.35,0.2547
2026-07-22,7498.96,2026-10-30,100.0,6410.0,1198.4,0.249,45.9,0.2538
2026-07-22,7498.96,2026-10-30,100.0,6420.0,1189.1,0.2481,46.4,0.2528
2026-07-22,7498.96,2026-10-30,100.0,6425.0,1184.3,0.2475,46.7,0.2523
2026-07-22,7498.96,2026-10-30,100.0,6430.0,1179.7,0.2472,47.0,0.2519
2026-07-22,7498.96,2026-10-30,100.0,6440.0,1170.4,0.2463,47.65,0.2511
2026-07-22,7498.96,2026-10-30,100.0,6450.0,1161.1,0.2455,48.1,0.2499
2026-07-22,7498.96,2026-10-30,100.0,6460.0,1151.8,0.2446,48.7,0.249
2026-07-22,7498.96,2026-10-30,100.0,6470.0,1142.5,0.2437,49.3,0.2481
2026-07-22,7498.96,2026-10-30,100.0,6475.0,1137.9,0.2434,49.6,0.2476
2026-07-22,7498.96,2026-10-30,100.0,6480.0,1133.2,0.2429,50.0,0.2473
2026-07-22,7498.96,2026-10-30,100.0,6490.0,1124.0,0.2421,50.6,0.2463
2026-07-22,7498.96,2026-10-30,100.0,6500.0,1114.7,0.2412,51.2,0.2454
2026-07-22,7498.96,2026-10-30,100.0,6510.0,1105.5,0.2404,51.8,0.2444
2026-07-22,7498.96,2026-10-30,100.0,6520.0,1096.2,0.2395,52.45,0.2435
2026-07-22,7498.96,2026-10-30,100.0,6525.0,1091.6,0.2391,52.85,0.2431
2026-07-22,7498.96,2026-10-30,100.0,6530.0,1087.0,0.2386,53.1,0.2425
2026-07-22,7498.96,2026-10-30,100.0,6540.0,1077.7,0.2377,53.85,0.2417
2026-07-22,7498.96,2026-10-30,100.0,6550.0,1068.5,0.2368,54.45,0.2407
2026-07-22,7498.96,2026-10-30,100.0,6560.0,1059.3,0.236,55.15,0.2398
2026-07-22,7498.96,2026-10-30,100.0,6570.0,1050.1,0.2351,55.9,0.2389
2026-07-22,7498.96,2026-10-30,100.0,6575.0,1045.5,0.2347,56.2,0.2384
2026-07-22,7498.96,2026-10-30,100.0,6580.0,1040.9,0.2342,56.55,0.2379
2026-07-22,7498.96,2026-10-30,100.0,6590.0,1031.8,0.2335,57.3,0.2371
2026-07-22,7498.96,2026-10-30,100.0,6600.0,1022.6,0.2326,58.0,0.2361
2026-07-22,7498.96,2026-10-30,100.0,6610.0,1013.4,0.2316,58.8,0.2353
2026-07-22,7498.96,2026-10-30,100.0,6620.0,1004.3,0.2308,59.5,0.2343
2026-07-22,7498.96,2026-10-30,100.0,6625.0,999.7,0.2304,59.9,0.2338
2026-07-22,7498.96,2026-10-30,100.0,6630.0,995.1,0.2299,60.3,0.2334
2026-07-22,7498.96,2026-10-30,100.0,6640.0,986.0,0.229,61.0,0.2324
2026-07-22,7498.96,2026-10-30,100.0,6650.0,976.9,0.2282,61.8,0.2315
2026-07-22,7498.96,2026-10-30,100.0,6660.0,967.8,0.2273,62.6,0.2306
2026-07-22,7498.96,2026-10-30,100.0,6670.0,958.65,0.2264,63.4,0.2296
2026-07-22,7498.96,2026-10-30,100.0,6675.0,954.2,0.226,63.8,0.2292
2026-07-22,7498.96,2026-10-30,100.0,6680.0,949.55,0.2255,64.2,0.2287
2026-07-22,7498.96,2026-10-30,100.0,6690.0,940.6,0.2247,65.0,0.2277
2026-07-22,7498.96,2026-10-30,100.0,6700.0,931.5,0.2238,65.9,0.2269
2026-07-22,7498.96,2026-10-30,100.0,6710.0,922.45,0.2229,66.7,0.2259
2026-07-22,7498.96,2026-10-30,100.0,6720.0,913.4,0.222,67.6,0.225
2026-07-22,7498.96,2026-10-30,100.0,6725.0,908.9,0.2216,68.0,0.2245
2026-07-22,7498.96,2026-10-30,100.0,6730.0,904.4,0.2212,68.45,0.224
2026-07-22,7498.96,2026-10-30,100.0,6740.0,895.4,0.2203,69.35,0.2231
2026-07-22,7498.96,2026-10-30,100.0,6750.0,886.4,0.2194,70.25,0.2222
2026-07-22,7498.96,2026-10-30,100.0,6760.0,877.5,0.2186,71.15,0.2212
2026-07-22,7498.96,2026-10-30,100.0,6770.0,868.5,0.2177,72.1,0.2203
2026-07-22,7498.96,2026-10-30,100.0,6775.0,864.0,0.2172,72.55,0.2198
2026-07-22,7498.96,2026-10-30,100.0,6780.0,859.5,0.2168,73.05,0.2194
2026-07-22,7498.96,2026-10-30,100.0,6790.0,850.6,0.2159,74.05,0.2185
2026-07-22,7498.96,2026-10-30,100.0,6800.0,841.7,0.2151,75.0,0.2176
2026-07-22,7498.96,2026-10-30,100.0,6810.0,832.8,0.2142,75.95,0.2166
2026-07-22,7498.96,2026-10-30,100.0,6820.0,823.9,0.2133,76.95,0.2156
2026-07-22,7498.96,2026-10-30,100.0,6825.0,819.5,0.2129,77.5,0.2152
2026-07-22,7498.96,2026-10-30,100.0,6830.0,814.95,0.2123,78.05,0.2148
2026-07-22,7498.96,2026-10-30,100.0,6840.0,806.2,0.2116,79.05,0.2138
2026-07-22,7498.96,2026-10-30,100.0,6850.0,797.2,0.2105,80.15,0.2129
2026-07-22,7498.96,2026-10-30,100.0,6860.0,788.4,0.2097,81.15,0.2119
2026-07-22,7498.96,2026-10-30,100.0,6865.0,784.0,0.2092,81.8,0.2116
2026-07-22,7498.96,2026-10-30,100.0,6870.0,779.6,0.2088,82.25,0.211
2026-07-22,7498.96,2026-10-30,100.0,6875.0,775.2,0.2083,82.9,0.2107
2026-07-22,7498.96,2026-10-30,100.0,6880.0,770.9,0.208,83.35,0.2101
2026-07-22,7498.96,2026-10-30,100.0,6885.0,766.5,0.2075,83.95,0.2097
2026-07-22,7498.96,2026-10-30,100.0,6890.0,762.1,0.2071,84.5,0.2092
2026-07-22,7498.96,2026-10-30,100.0,6895.0,757.7,0.2066,85.05,0.2087
2026-07-22,7498.96,2026-10-30,100.0,6900.0,753.4,0.2062,85.65,0.2083
2026-07-22,7498.96,2026-10-30,100.0,6905.0,749.0,0.2058,86.25,0.2078
2026-07-22,7498.96,2026-10-30,100.0,6910.0,744.6,0.2053,86.8,0.2073
2026-07-22,7498.96,2026-10-30,100.0,6915.0,740.3,0.2049,87.4,0.2069
2026-07-22,7498.96,2026-10-30,100.0,6920.0,735.9,0.2044,88.0,0.2064
2026-07-22,7498.96,2026-10-30,100.0,6925.0,731.6,0.204,88.55,0.2059
2026-07-22,7498.96,2026-10-30,100.0,6930.0,727.2,0.2035,89.15,0.2054
2026-07-22,7498.96,2026-10-30,100.0,6935.0,722.9,0.2031,89.8,0.205
2026-07-22,7498.96,2026-10-30,100.0,6940.0,718.45,0.2026,90.4,0.2045
2026-07-22,7498.96,2026-10-30,100.0,6945.0,714.2,0.2022,91.0,0.204
2026-07-22,7498.96,2026-10-30,100.0,6950.0,709.9,0.2018,91.7,0.2037
2026-07-22,7498.96,2026-10-30,100.0,6955.0,705.4,0.2012,92.25,0.2031
2026-07-22,7498.96,2026-10-30,100.0,6960.0,701.1,0.2008,92.85,0.2026
2026-07-22,7498.96,2026-10-30,100.0,6965.0,696.85,0.2004,93.5,0.2022
2026-07-22,7498.96,2026-10-30,100.0,6970.0,692.55,0.2,94.2,0.2018
2026-07-22,7498.96,2026-10-30,100.0,6975.0,688.25,0.1995,94.8,0.2012
2026-07-22,7498.96,2026-10-30,100.0,6980.0,683.9,0.199,95.45,0.2008
2026-07-22,7498.96,2026-10-30,100.0,6985.0,679.6,0.1986,96.1,0.2003
2026-07-22,7498.96,2026-10-30,100.0,6990.0,675.3,0.1981,96.8,0.1999
2026-07-22,7498.96,2026-10-30,100.0,6995.0,671.1,0.1978,97.45,0.1994
2026-07-22,7498.96,2026-10-30,100.0,7000.0,666.8,0.1973,98.05,0.1989
2026-07-22,7498.96,2026-10-30,100.0,7005.0,662.5,0.1968,98.75,0.1984
2026-07-22,7498.96,2026-10-30,100.0,7010.0,658.3,0.1964,99.45,0.1979
2026-07-22,7498.96,2026-10-30,100.0,7015.0,654.0,0.196,100.15,0.1975
2026-07-22,7498.96,2026-10-30,100.0,7020.0,652.7,0.1981,100.85,0.197
2026-07-22,7498.96,2026-10-30,100.0,7025.0,645.5,0.1951,101.55,0.1966
2026-07-22,7498.96,2026-10-30,100.0,7030.0,647.2,0.1998,102.25,0.1961
2026-07-22,7498.96,2026-10-30,100.0,7035.0,643.0,0.1993,102.95,0.1956
2026-07-22,7498.96,2026-10-30,100.0,7040.0,632.8,0.1937,103.65,0.1951
2026-07-22,7498.96,2026-10-30,100.0,7045.0,634.5,0.1984,104.35,0.1946
2026-07-22,7498.96,2026-10-30,100.0,7050.0,630.3,0.1979,105.15,0.1942
2026-07-22,7498.96,2026-10-30,100.0,7055.0,626.1,0.1975,105.8,0.1937
2026-07-22,7498.96,2026-10-30,100.0,7060.0,621.9,0.197,106.55,0.1932
2026-07-22,7498.96,2026-10-30,100.0,7065.0,617.7,0.1965,107.35,0.1928
2026-07-22,7498.96,2026-10-30,100.0,7070.0,613.5,0.1961,108.05,0.1923
2026-07-22,7498.96,2026-10-30,100.0,7075.0,609.3,0.1956,108.85,0.1918
2026-07-22,7498.96,2026-10-30,100.0,7080.0,605.1,0.1951,109.55,0.1913
2026-07-22,7498.96,2026-10-30,100.0,7085.0,600.9,0.1946,110.35,0.1909
2026-07-22,7498.96,2026-10-30,100.0,7090.0,596.7,0.1941,111.15,0.1904
2026-07-22,7498.96,2026-10-30,100.0,7095.0,592.6,0.1937,111.9,0.1899
2026-07-22,7498.96,2026-10-30,100.0,7100.0,588.4,0.1932,112.7,0.1894
2026-07-22,7498.96,2026-10-30,100.0,7105.0,584.2,0.1927,113.45,0.1889
2026-07-22,7498.96,2026-10-30,100.0,7110.0,580.1,0.1923,114.25,0.1885
2026-07-22,7498.96,2026-10-30,100.0,7115.0,576.0,0.1918,115.1,0.188
2026-07-22,7498.96,2026-10-30,100.0,7120.0,571.8,0.1913,115.95,0.1876
2026-07-22,7498.96,2026-10-30,100.0,7125.0,567.7,0.1909,116.75,0.1871
2026-07-22,7498.96,2026-10-30,100.0,7130.0,563.6,0.1904,117.55,0.1866
2026-07-22,7498.96,2026-10-30,100.0,7135.0,559.5,0.19,118.45,0.1861
2026-07-22,7498.96,2026-10-30,100.0,7140.0,555.4,0.1895,119.25,0.1856
2026-07-22,7498.96,2026-10-30,100.0,7145.0,551.3,0.189,120.15,0.1852
2026-07-22,7498.96,2026-10-30,100.0,7150.0,547.2,0.1886,120.95,0.1847
2026-07-22,7498.96,2026-10-30,100.0,7155.0,543.1,0.1881,121.85,0.1842
2026-07-22,7498.96,2026-10-30,100.0,7160.0,539.0,0.1876,122.75,0.1838
2026-07-22,7498.96,2026-10-30,100.0,7165.0,534.9,0.1871,123.65,0.1833
2026-07-22,7498.96,2026-10-30,100.0,7170.0,530.9,0.1867,124.45,0.1828
2026-07-22,7498.96,2026-10-30,100.0,7175.0,526.8,0.1862,125.4,0.1823
2026-07-22,7498.96,2026-10-30,100.0,7180.0,522.8,0.1858,126.35,0.1819
2026-07-22,7498.96,2026-10-30,100.0,7185.0,518.8,0.1853,127.2,0.1814
2026-07-22,7498.96,2026-10-30,100.0,7190.0,514.7,0.1848,128.2,0.181
2026-07-22,7498.96,2026-10-30,100.0,7195.0,510.7,0.1843,129.05,0.1804
2026-07-22,7498.96,2026-10-30,100.0,7200.0,506.7,0.1839,130.05,0.18
2026-07-22,7498.96,2026-10-30,100.0,7205.0,502.7,0.1834,131.1,0.1796
2026-07-22,7498.96,2026-10-30,100.0,7210.0,498.7,0.183,132.05,0.1791
2026-07-22,7498.96,2026-10-30,100.0,7215.0,494.7,0.1825,132.95,0.1786
2026-07-22,7498.96,2026-10-30,100.0,7220.0,490.7,0.182,133.85,0.1781
2026-07-22,7498.96,2026-10-30,100.0,7225.0,486.8,0.1816,134.8,0.1776
2026-07-22,7498.96,2026-10-30,100.0,7230.0,482.8,0.1811,135.85,0.1771
2026-07-22,7498.96,2026-10-30,100.0,7235.0,478.8,0.1806,136.85,0.1766
2026-07-22,7498.96,2026-10-30,100.0,7240.0,474.9,0.1802,137.85,0.1762
2026-07-22,7498.96,2026-10-30,100.0,7245.0,471.0,0.1797,138.9,0.1757
2026-07-22,7498.96,2026-10-30,100.0,7250.0,467.0,0.1792,139.7,0.1751
2026-07-22,7498.96,2026-10-30,100.0,7255.0,458.55,0.1755,141.0,0.1748
2026-07-22,7498.96,2026-10-30,100.0,7260.0,454.65,0.175,141.95,0.1742
2026-07-22,7498.96,2026-10-30,100.0,7265.0,449.9,0.1739,143.05,0.1738
2026-07-22,7498.96,2026-10-30,100.0,7270.0,446.2,0.1736,143.9,0.1732
2026-07-22,7498.96,2026-10-30,100.0,7275.0,442.6,0.1734,145.4,0.173
2026-07-22,7498.96,2026-10-30,100.0,7280.0,438.45,0.1727,146.3,0.1724
2026-07-22,7498.96,2026-10-30,100.0,7285.0,434.85,0.1725,147.4,0.1719
2026-07-22,7498.96,2026-10-30,100.0,7290.0,430.55,0.1717,148.55,0.1715
2026-07-22,7498.96,2026-10-30,100.0,7295.0,427.0,0.1714,149.6,0.171
2026-07-22,7498.96,2026-10-30,100.0,7300.0,423.1,0.171,150.75,0.1705
2026-07-22,7498.96,2026-10-30,100.0,7305.0,419.45,0.1706,151.85,0.17
2026-07-22,7498.96,2026-10-30,100.0,7310.0,415.55,0.1701,153.05,0.1696
2026-07-22,7498.96,2026-10-30,100.0,7315.0,411.75,0.1697,154.1,0.169
2026-07-22,7498.96,2026-10-30,100.0,7320.0,408.2,0.1694,155.4,0.1686
2026-07-22,7498.96,2026-10-30,100.0,7325.0,404.25,0.1688,156.5,0.1681
2026-07-22,7498.96,2026-10-30,100.0,7330.0,400.5,0.1684,157.75,0.1676
2026-07-22,7498.96,2026-10-30,100.0,7335.0,396.9,0.168,158.95,0.1672
2026-07-22,7498.96,2026-10-30,100.0,7340.0,393.2,0.1676,160.05,0.1666
2026-07-22,7498.96,2026-10-30,100.0,7345.0,389.25,0.167,161.45,0.1663
2026-07-22,7498.96,2026-10-30,100.0,7350.0,385.45,0.1665,162.55,0.1657
2026-07-22,7498.96,2026-10-30,100.0,7355.0,381.7,0.1661,164.0,0.1653
2026-07-22,7498.96,2026-10-30,100.0,7360.0,378.15,0.1657,165.15,0.1648
2026-07-22,7498.96,2026-10-30,100.0,7365.0,374.65,0.1654,166.35,0.1643
2026-07-22,7498.96,2026-10-30,100.0,7370.0,371.05,0.165,167.55,0.1637
2026-07-22,7498.96,2026-10-30,100.0,7375.0,367.25,0.1645,169.0,0.1634
2026-07-22,7498.96,2026-10-30,100.0,7380.0,363.65,0.1641,170.2,0.1628
2026-07-22,7498.96,2026-10-30,100.0,7385.0,360.0,0.1636,171.4,0.1622
2026-07-22,7498.96,2026-10-30,100.0,7390.0,355.9,0.1628,172.95,0.1619
2026-07-22,7498.96,2026-10-30,100.0,7395.0,352.5,0.1626,174.0,0.1612
2026-07-22,7498.96,2026-10-30,100.0,7400.0,349.35,0.1624,175.8,0.1611
2026-07-22,7498.96,2026-10-30,100.0,7405.0,345.75,0.162,177.0,0.1605
2026-07-22,7498.96,2026-10-30,100.0,7410.0,342.15,0.1615,178.35,0.16
2026-07-22,7498.96,2026-10-30,100.0,7415.0,338.55,0.161,179.8,0.1595
2026-07-22,7498.96,2026-10-30,100.0,7420.0,335.4,0.1609,181.0,0.1589
2026-07-22,7498.96,2026-10-30,100.0,7425.0,331.5,0.1602,182.6,0.1585
2026-07-22,7498.96,2026-10-30,100.0,7430.0,327.95,0.1597,184.05,0.1581
2026-07-22,7498.96,2026-10-30,100.0,7435.0,324.75,0.1595,185.4,0.1575
2026-07-22,7498.96,2026-10-30,100.0,7440.0,320.9,0.1588,187.05,0.1572
2026-07-22,7498.96,2026-10-30,100.0,7445.0,317.75,0.1586,188.45,0.1566
2026-07-22,7498.96,2026-10-30,100.0,7450.0,314.1,0.1581,189.85,0.1561
2026-07-22,7498.96,2026-10-30,100.0,7455.0,310.65,0.1576,191.55,0.1557
2026-07-22,7498.96,2026-10-30,100.0,7460.0,307.3,0.1572,192.75,0.1551
2026-07-22,7498.96,2026-10-30,100.0,7465.0,304.2,0.157,194.55,0.1547
2026-07-22,7498.96,2026-10-30,100.0,7470.0,300.6,0.1565,196.1,0.1543
2026-07-22,7498.96,2026-10-30,100.0,7475.0,297.25,0.1561,197.75,0.1538
2026-07-22,7498.96,2026-10-30,100.0,7480.0,294.0,0.1557,199.1,0.1532
2026-07-22,7498.96,2026-10-30,100.0,7485.0,290.55,0.1552,200.85,0.1528
2026-07-22,7498.96,2026-10-30,100.0,7490.0,287.15,0.1548,202.65,0.1525
2026-07-22,7498.96,2026-10-30,100.0,7495.0,284.1,0.1545,204.15,0.1519
2026-07-22,7498.96,2026-10-30,100.0,7500.0,280.5,0.1539,205.95,0.1515
2026-07-22,7498.96,2026-10-30,100.0,7505.0,277.35,0.1536,207.3,0.1508
2026-07-22,7498.96,2026-10-30,100.0,7510.0,274.5,0.1534,208.95,0.1503
2026-07-22,7498.96,2026-10-30,100.0,7515.0,271.05,0.1529,210.65,0.1499
2026-07-22,7498.96,2026-10-30,100.0,7520.0,268.1,0.1527,212.55,0.1495
2026-07-22,7498.96,2026-10-30,100.0,7525.0,264.6,0.1521,214.25,0.149
2026-07-22,7498.96,2026-10-30,100.0,7530.0,261.15,0.1515,216.1,0.1486
2026-07-22,7498.96,2026-10-30,100.0,7535.0,258.05,0.1511,217.95,0.1482
2026-07-22,7498.96,2026-10-30,100.0,7540.0,254.85,0.1507,219.75,0.1477
2026-07-22,7498.96,2026-10-30,100.0,7545.0,251.9,0.1504,221.55,0.1472
2026-07-22,7498.96,2026-10-30,100.0,7550.0,248.55,0.1499,223.35,0.1467
2026-07-22,7498.96,2026-10-30,100.0,7555.0,245.65,0.1496,225.05,0.1461
2026-07-22,7498.96,2026-10-30,100.0,7560.0,242.6,0.1492,226.95,0.1457
2026-07-22,7498.96,2026-10-30,100.0,7565.0,239.35,0.1487,228.9,0.1453
2026-07-22,7498.96,2026-10-30,100.0,7570.0,236.4,0.1484,230.85,0.1448
2026-07-22,7498.96,2026-10-30,100.0,7575.0,233.25,0.1479,232.55,0.1442
2026-07-22,7498.96,2026-10-30,100.0,7580.0,230.55,0.1477,234.75,0.1439
2026-07-22,7498.96,2026-10-30,100.0,7585.0,227.2,0.1471,236.65,0.1434
2026-07-22,7498.96,2026-10-30,100.0,7590.0,224.25,0.1468,238.5,0.1428
2026-07-22,7498.96,2026-10-30,100.0,7595.0,221.35,0.1464,240.55,0.1424
2026-07-22,7498.96,2026-10-30,100.0,7600.0,218.6,0.1461,242.4,0.1418
2026-07-22,7498.96,2026-10-30,100.0,7605.0,215.55,0.1457,244.4,0.1413
2026-07-22,7498.96,2026-10-30,100.0,7610.0,212.55,0.1452,246.6,0.1409
2026-07-22,7498.96,2026-10-30,100.0,7615.0,209.85,0.145,248.75,0.1404
2026-07-22,7498.96,2026-10-30,100.0,7620.0,207.15,0.1447,250.75,0.1399
2026-07-22,7498.96,2026-10-30,100.0,7625.0,204.05,0.1441,253.05,0.1395
2026-07-22,7498.96,2026-10-30,100.0,7630.0,201.4,0.1439,254.85,0.1388
2026-07-22,7498.96,2026-10-30,100.0,7635.0,198.65,0.1435,257.1,0.1384
2026-07-22,7498.96,2026-10-30,100.0,7640.0,195.5,0.1429,259.4,0.138
2026-07-22,7498.96,2026-10-30,100.0,7645.0,192.75,0.1425,261.6,0.1375
2026-07-22,7498.96,2026-10-30,100.0,7650.0,190.2,0.1423,263.4,0.1368
2026-07-22,7498.96,2026-10-30,100.0,7655.0,187.55,0.142,265.9,0.1364
2026-07-22,7498.96,2026-10-30,100.0,7660.0,185.1,0.1418,267.9,0.1358
2026-07-22,7498.96,2026-10-30,100.0,7665.0,182.2,0.1413,270.2,0.1353
2026-07-22,7498.96,2026-10-30,100.0,7670.0,179.25,0.1407,272.4,0.1347
2026-07-22,7498.96,2026-10-30,100.0,7675.0,176.85,0.1405,274.9,0.1343
2026-07-22,7498.96,2026-10-30,100.0,7680.0,174.4,0.1402,277.3,0.1339
2026-07-22,7498.96,2026-10-30,100.0,7685.0,171.9,0.1399,279.35,0.1331
2026-07-22,7498.96,2026-10-30,100.0,7690.0,169.35,0.1396,281.85,0.1327
2026-07-22,7498.96,2026-10-30,100.0,7695.0,166.55,0.1391,284.6,0.1324
2026-07-22,7498.96,2026-10-30,100.0,7700.0,164.2,0.1388,286.55,0.1315
2026-07-22,7498.96,2026-10-30,100.0,7705.0,161.6,0.1384,289.3,0.1312
2026-07-22,7498.96,2026-10-30,100.0,7710.0,159.35,0.1382,291.85,0.1307
2026-07-22,7498.96,2026-10-30,100.0,7715.0,156.85,0.1379,294.45,0.1303
2026-07-22,7498.96,2026-10-30,100.0,7720.0,154.3,0.1374,296.8,0.1296
2026-07-22,7498.96,2026-10-30,100.0,7725.0,152.15,0.1373,299.45,0.1292
2026-07-22,7498.96,2026-10-30,100.0,7730.0,149.65,0.1369,301.8,0.1285
2026-07-22,7498.96,2026-10-30,100.0,7735.0,146.85,0.1362,304.35,0.1279
2026-07-22,7498.96,2026-10-30,100.0,7740.0,145.05,0.1363,307.25,0.1276
2026-07-22,7498.96,2026-10-30,100.0,7745.0,142.55,0.1358,309.85,0.127
2026-07-22,7498.96,2026-10-30,100.0,7750.0,140.45,0.1356,312.45,0.1265
2026-07-22,7498.96,2026-10-30,100.0,7755.0,137.85,0.1351,315.0,0.1258
2026-07-22,7498.96,2026-10-30,100.0,7760.0,135.65,0.1348,317.85,0.1253
2026-07-22,7498.96,2026-10-30,100.0,7765.0,133.55,0.1346,320.3,0.1245
2026-07-22,7498.96,2026-10-30,100.0,7770.0,131.5,0.1344,323.25,0.124
2026-07-22,7498.96,2026-10-30,100.0,7775.0,129.1,0.1339,325.9,0.1233
2026-07-22,7498.96,2026-10-30,100.0,7780.0,126.8,0.1335,328.65,0.1226
2026-07-22,7498.96,2026-10-30,100.0,7785.0,124.6,0.1331,331.4,0.1219
2026-07-22,7498.96,2026-10-30,100.0,7790.0,122.75,0.133,334.45,0.1214
2026-07-22,7498.96,2026-10-30,100.0,7795.0,120.75,0.1328,337.5,0.1209
2026-07-22,7498.96,2026-10-30,100.0,7800.0,118.55,0.1324,340.35,0.1202
2026-07-22,7498.96,2026-10-30,100.0,7805.0,116.6,0.1321,343.1,0.1194
2026-07-22,7498.96,2026-10-30,100.0,7810.0,114.55,0.1318,345.75,0.1185
2026-07-22,7498.96,2026-10-30,100.0,7815.0,112.5,0.1315,348.6,0.1178
2026-07-22,7498.96,2026-10-30,100.0,7820.0,110.55,0.1312,352.05,0.1175
2026-07-22,7498.96,2026-10-30,100.0,7825.0,108.7,0.131,355.0,0.1167
2026-07-22,7498.96,2026-10-30,100.0,7830.0,106.75,0.1307,357.8,0.1157
2026-07-22,7498.96,2026-10-30,100.0,7835.0,104.75,0.1303,360.85,0.1148
2026-07-22,7498.96,2026-10-30,100.0,7840.0,103.0,0.1301,363.95,0.114
2026-07-22,7498.96,2026-10-30,100.0,7845.0,101.1,0.1298,367.1,0.1132
2026-07-22,7498.96,2026-10-30,100.0,7850.0,99.25,0.1295,370.1,0.1121
2026-07-22,7498.96,2026-10-30,100.0,7855.0,97.45,0.1292,373.4,0.1113
2026-07-22,7498.96,2026-10-30,100.0,7860.0,95.65,0.129,376.55,0.1103
2026-07-22,7498.96,2026-10-30,100.0,7865.0,94.2,0.1289,379.65,0.1091
2026-07-22,7498.96,2026-10-30,100.0,7870.0,92.25,0.1285,377.9,0.1014
2026-07-22,7498.96,2026-10-30,100.0,7875.0,90.55,0.1282,381.1,0.0998
2026-07-22,7498.96,2026-10-30,100.0,7880.0,88.9,0.128,384.4,0.0976
2026-07-22,7498.96,2026-10-30,100.0,7885.0,87.2,0.1277,387.6,0.0943
2026-07-22,7498.96,2026-10-30,100.0,7890.0,85.6,0.1275,390.9,0.0911
2026-07-22,7498.96,2026-10-30,100.0,7895.0,84.0,0.1273,394.2,0.0919
2026-07-22,7498.96,2026-10-30,100.0,7900.0,82.4,0.127,397.5,0.0926
2026-07-22,7498.96,2026-10-30,100.0,7905.0,80.85,0.1268,400.9,0.0934
2026-07-22,7498.96,2026-10-30,100.0,7910.0,79.3,0.1266,404.2,0.0942
2026-07-22,7498.96,2026-10-30,100.0,7915.0,77.8,0.1263,407.6,0.095
2026-07-22,7498.96,2026-10-30,100.0,7920.0,76.45,0.1262,411.1,0.0957
2026-07-22,7498.96,2026-10-30,100.0,7925.0,74.8,0.1259,414.5,0.0965
2026-07-22,7498.96,2026-10-30,100.0,7930.0,73.4,0.1257,,
2026-07-22,7498.96,2026-10-30,100.0,7935.0,72.0,0.1255,,
2026-07-22,7498.96,2026-10-30,100.0,7940.0,70.45,0.1252,,
2026-07-22,7498.96,2026-10-30,100.0,7945.0,69.1,0.125,,
2026-07-22,7498.96,2026-10-30,100.0,7950.0,67.95,0.1249,,
2026-07-22,7498.96,2026-10-30,100.0,7955.0,66.4,0.1246,,
2026-07-22,7498.96,2026-10-30,100.0,7960.0,65.05,0.1243,,
2026-07-22,7498.96,2026-10-30,100.0,7965.0,63.85,0.1242,,
2026-07-22,7498.96,2026-10-30,100.0,7970.0,62.5,0.124,,
2026-07-22,7498.96,2026-10-30,100.0,7975.0,61.25,0.1238,,
2026-07-22,7498.96,2026-10-30,100.0,7980.0,60.05,0.1236,,
2026-07-22,7498.96,2026-10-30,100.0,7985.0,58.85,0.1234,,
2026-07-22,7498.96,2026-10-30,100.0,7990.0,57.6,0.1232,,
2026-07-22,7498.96,2026-10-30,100.0,7995.0,56.45,0.123,,
2026-07-22,7498.96,2026-10-30,100.0,8000.0,55.25,0.1228,,
2026-07-22,7498.96,2026-10-30,100.0,8005.0,54.1,0.1226,,
2026-07-22,7498.96,2026-10-30,100.0,8010.0,53.0,0.1225,,
2026-07-22,7498.96,2026-10-30,100.0,8015.0,51.9,0.1223,,
2026-07-22,7498.96,2026-10-30,100.0,8020.0,50.8,0.1221,,
2026-07-22,7498.96,2026-10-30,100.0,8025.0,49.85,0.1221,,
2026-07-22,7498.96,2026-10-30,100.0,8030.0,48.7,0.1218,,
2026-07-22,7498.96,2026-10-30,100.0,8035.0,47.7,0.1217,,
2026-07-22,7498.96,2026-10-30,100.0,8040.0,46.75,0.1215,,
2026-07-22,7498.96,2026-10-30,100.0,8045.0,45.7,0.1213,,
2026-07-22,7498.96,2026-10-30,100.0,8050.0,44.8,0.1212,,
2026-07-22,7498.96,2026-10-30,100.0,8055.0,43.8,0.121,,
2026-07-22,7498.96,2026-10-30,100.0,8060.0,42.9,0.1209,,
2026-07-22,7498.96,2026-10-30,100.0,8065.0,41.95,0.1208,,
2026-07-22,7498.96,2026-10-30,100.0,8070.0,41.05,0.1206,,
2026-07-22,7498.96,2026-10-30,100.0,8075.0,40.15,0.1205,,
2026-07-22,7498.96,2026-10-30,100.0,8080.0,39.3,0.1203,,
2026-07-22,7498.96,2026-10-30,100.0,8085.0,38.45,0.1202,,
2026-07-22,7498.96,2026-10-30,100.0,8090.0,37.6,0.1201,,
2026-07-22,7498.96,2026-10-30,100.0,8095.0,36.75,0.1199,,
2026-07-22,7498.96,2026-10-30,100.0,8100.0,35.9,0.1197,,
2026-07-22,7498.96,2026-10-30,100.0,8105.0,35.05,0.1195,,
2026-07-22,7498.96,2026-10-30,100.0,8110.0,34.35,0.1195,,
2026-07-22,7498.96,2026-10-30,100.0,8115.0,33.6,0.1194,,
2026-07-22,7498.96,2026-10-30,100.0,8120.0,32.85,0.1192,,
2026-07-22,7498.96,2026-10-30,100.0,8125.0,32.1,0.1191,,
2026-07-22,7498.96,2026-10-30,100.0,8130.0,31.35,0.1189,,
2026-07-22,7498.96,2026-10-30,100.0,8135.0,30.65,0.1188,,
2026-07-22,7498.96,2026-10-30,100.0,8140.0,29.95,0.1187,,
2026-07-22,7498.96,2026-10-30,100.0,8145.0,29.2,0.1185,,
2026-07-22,7498.96,2026-10-30,100.0,8150.0,28.65,0.1185,,
2026-07-22,7498.96,2026-10-30,100.0,8155.0,27.95,0.1183,,
2026-07-22,7498.96,2026-10-30,100.0,8160.0,27.35,0.1183,,
2026-07-22,7498.96,2026-10-30,100.0,8165.0,26.75,0.1182,,
2026-07-22,7498.96,2026-10-30,100.0,8170.0,26.1,0.1181,,
2026-07-22,7498.96,2026-10-30,100.0,8175.0,25.5,0.118,,
2026-07-22,7498.96,2026-10-30,100.0,8180.0,24.9,0.1178,,
2026-07-22,7498.96,2026-10-30,100.0,8185.0,24.35,0.1178,,
2026-07-22,7498.96,2026-10-30,100.0,8190.0,23.75,0.1176,,
2026-07-22,7498.96,2026-10-30,100.0,8195.0,23.2,0.1175,,
2026-07-22,7498.96,2026-10-30,100.0,8200.0,22.65,0.1174,,
2026-07-22,7498.96,2026-10-30,100.0,8205.0,22.15,0.1174,,
2026-07-22,7498.96,2026-10-30,100.0,8210.0,21.6,0.1172,,
2026-07-22,7498.96,2026-10-30,100.0,8220.0,20.6,0.1171,,
2026-07-22,7498.96,2026-10-30,100.0,8225.0,20.1,0.117,,
2026-07-22,7498.96,2026-10-30,100.0,8230.0,19.7,0.117,,
2026-07-22,7498.96,2026-10-30,100.0,8240.0,18.7,0.1167,,
2026-07-22,7498.96,2026-10-30,100.0,8250.0,17.9,0.1167,,
2026-07-22,7498.96,2026-10-30,100.0,8260.0,17.0,0.1164,,
2026-07-22,7498.96,2026-10-30,100.0,8270.0,16.2,0.1163,,
2026-07-22,7498.96,2026-10-30,100.0,8275.0,15.9,0.1164,,
2026-07-22,7498.96,2026-10-30,100.0,8280.0,15.5,0.1163,,
2026-07-22,7498.96,2026-10-30,100.0,8290.0,14.8,0.1162,,
2026-07-22,7498.96,2026-10-30,100.0,8300.0,14.1,0.1161,,
2026-07-22,7498.96,2026-10-30,100.0,8310.0,13.4,0.116,,
2026-07-22,7498.96,2026-10-30,100.0,8320.0,12.8,0.1159,,
2026-07-22,7498.96,2026-10-30,100.0,8325.0,12.5,0.1159,,
2026-07-22,7498.96,2026-10-30,100.0,8330.0,12.2,0.1159,,
2026-07-22,7498.96,2026-10-30,100.0,8340.0,11.6,0.1157,,
2026-07-22,7498.96,2026-10-30,100.0,8350.0,11.05,0.1157,,
2026-07-22,7498.96,2026-10-30,100.0,8360.0,10.55,0.1157,,
2026-07-22,7498.96,2026-10-30,100.0,8370.0,10.05,0.1156,,
2026-07-22,7498.96,2026-10-30,100.0,8375.0,9.85,0.1157,,
2026-07-22,7498.96,2026-10-30,100.0,8380.0,9.55,0.1155,,
2026-07-22,7498.96,2026-10-30,100.0,8390.0,9.15,0.1156,,
2026-07-22,7498.96,2026-10-30,100.0,8400.0,8.75,0.1157,,
2026-07-22,7498.96,2026-10-30,100.0,8410.0,8.35,0.1157,,
2026-07-22,7498.96,2026-10-30,100.0,8420.0,7.95,0.1157,,
2026-07-22,7498.96,2026-10-30,100.0,8430.0,7.6,0.1157,,
2026-07-22,7498.96,2026-10-30,100.0,8440.0,7.25,0.1157,,
2026-07-22,7498.96,2026-10-30,100.0,8450.0,6.9,0.1157,,
2026-07-22,7498.96,2026-10-30,100.0,8460.0,6.6,0.1158,,
2026-07-22,7498.96,2026-10-30,100.0,8470.0,6.3,0.1159,,
2026-07-22,7498.96,2026-10-30,100.0,8480.0,6.05,0.116,,
2026-07-22,7498.96,2026-10-30,100.0,8490.0,5.75,0.116,,
2026-07-22,7498.96,2026-10-30,100.0,8500.0,5.5,0.1161,,
2026-07-22,7498.96,2026-10-30,100.0,8510.0,5.25,0.1162,,
2026-07-22,7498.96,2026-10-30,100.0,8520.0,5.05,0.1164,,
2026-07-22,7498.96,2026-10-30,100.0,8530.0,4.85,0.1165,,
2026-07-22,7498.96,2026-10-30,100.0,8540.0,4.6,0.1165,,
2026-07-22,7498.96,2026-10-30,100.0,8550.0,4.4,0.1166,,
2026-07-22,7498.96,2026-10-30,100.0,8560.0,4.25,0.1169,,
2026-07-22,7498.96,2026-10-30,100.0,8570.0,4.1,0.1172,,
2026-07-22,7498.96,2026-10-30,100.0,8580.0,3.9,0.1172,,
2026-07-22,7498.96,2026-10-30,100.0,8600.0,3.6,0.1176,,
2026-07-22,7498.96,2026-11-20,121.0,5625.0,1962.6,0.2962,26.0,0.32
2026-07-22,7498.96,2026-11-20,121.0,5650.0,1939.5,0.2974,26.85,0.3182
2026-07-22,7498.96,2026-11-20,121.0,5675.0,1914.6,0.2931,27.25,0.3153
2026-07-22,7498.96,2026-11-20,121.0,5700.0,1891.5,0.2939,28.15,0.3135
2026-07-22,7498.96,2026-11-20,121.0,5725.0,1866.7,0.2899,28.6,0.3106
2026-07-22,7498.96,2026-11-20,121.0,5750.0,1843.6,0.2905,29.55,0.3088
2026-07-22,7498.96,2026-11-20,121.0,5775.0,1819.4,0.288,30.0,0.3059
2026-07-22,7498.96,2026-11-20,121.0,5800.0,1795.8,0.287,31.0,0.3041
2026-07-22,7498.96,2026-11-20,121.0,5825.0,1771.6,0.2844,31.5,0.3013
2026-07-22,7498.96,2026-11-20,121.0,5850.0,1747.9,0.283,32.6,0.2996
2026-07-22,7498.96,2026-11-20,121.0,5875.0,1723.95,0.281,33.15,0.2968
2026-07-22,7498.96,2026-11-20,121.0,5900.0,1700.3,0.2795,34.3,0.2951
2026-07-22,7498.96,2026-11-20,121.0,5925.0,1676.4,0.2775,34.85,0.2922
2026-07-22,7498.96,2026-11-20,121.0,5950.0,1652.8,0.276,36.1,0.2906
2026-07-22,7498.96,2026-11-20,121.0,5975.0,1628.95,0.2739,36.7,0.2877
2026-07-22,7498.96,2026-11-20,121.0,6000.0,1605.45,0.2725,38.0,0.2861
2026-07-22,7498.96,2026-11-20,121.0,6025.0,1581.6,0.2703,38.65,0.2833
2026-07-22,7498.96,2026-11-20,121.0,6050.0,1558.2,0.2689,40.05,0.2817
2026-07-22,7498.96,2026-11-20,121.0,6075.0,1534.4,0.2667,40.7,0.2788
2026-07-22,7498.96,2026-11-20,121.0,6100.0,1511.1,0.2654,42.2,0.2772
2026-07-22,7498.96,2026-11-20,121.0,6125.0,1487.35,0.2631,42.95,0.2744
2026-07-22,7498.96,2026-11-20,121.0,6150.0,1464.1,0.2617,44.5,0.2728
2026-07-22,7498.96,2026-11-20,121.0,6175.0,1439.7,0.2582,45.4,0.2702
2026-07-22,7498.96,2026-11-20,121.0,6200.0,1417.3,0.2581,47.0,0.2685
2026-07-22,7498.96,2026-11-20,121.0,6225.0,1392.7,0.2543,47.9,0.2658
2026-07-22,7498.96,2026-11-20,121.0,6250.0,1370.6,0.2544,49.6,0.2642
2026-07-22,7498.96,2026-11-20,121.0,6275.0,1346.25,0.2509,50.55,0.2614
2026-07-22,7498.96,2026-11-20,121.0,6300.0,1324.1,0.2507,52.45,0.2599
2026-07-22,7498.96,2026-11-20,121.0,6325.0,1299.85,0.2473,53.45,0.2571
2026-07-22,7498.96,2026-11-20,121.0,6350.0,1277.8,0.247,55.45,0.2556
2026-07-22,7498.96,2026-11-20,121.0,6375.0,1253.85,0.2439,56.55,0.2528
2026-07-22,7498.96,2026-11-20,121.0,6400.0,1231.6,0.2431,58.65,0.2513
2026-07-22,7498.96,2026-11-20,121.0,6425.0,1208.7,0.2414,60.3,0.2492
2026-07-22,7498.96,2026-11-20,121.0,6450.0,1185.6,0.2393,62.1,0.2471
2026-07-22,7498.96,2026-11-20,121.0,6475.0,1162.9,0.2376,63.85,0.2449
2026-07-22,7498.96,2026-11-20,121.0,6500.0,1140.0,0.2356,65.7,0.2428
2026-07-22,7498.96,2026-11-20,121.0,6525.0,1117.3,0.2338,67.6,0.2406
2026-07-22,7498.96,2026-11-20,121.0,6550.0,1094.6,0.2319,69.55,0.2385
2026-07-22,7498.96,2026-11-20,121.0,6575.0,1072.0,0.23,71.6,0.2364
2026-07-22,7498.96,2026-11-20,121.0,6600.0,1049.4,0.228,73.7,0.2342
2026-07-22,7498.96,2026-11-20,121.0,6625.0,1026.85,0.226,75.85,0.2321
2026-07-22,7498.96,2026-11-20,121.0,6650.0,1004.45,0.2241,78.15,0.23
2026-07-22,7498.96,2026-11-20,121.0,6660.0,994.6,0.2224,78.5,0.2286
2026-07-22,7498.96,2026-11-20,121.0,6670.0,985.8,0.2218,79.45,0.2277
2026-07-22,7498.96,2026-11-20,121.0,6675.0,982.1,0.2222,80.45,0.2278
2026-07-22,7498.96,2026-11-20,121.0,6680.0,977.05,0.2212,80.3,0.2268
2026-07-22,7498.96,2026-11-20,121.0,6690.0,968.15,0.2204,81.25,0.2259
2026-07-22,7498.96,2026-11-20,121.0,6700.0,959.8,0.2202,82.85,0.2257
2026-07-22,7498.96,2026-11-20,121.0,6710.0,950.35,0.2189,83.25,0.2243
2026-07-22,7498.96,2026-11-20,121.0,6720.0,941.2,0.2178,84.2,0.2234
2026-07-22,7498.96,2026-11-20,121.0,6725.0,937.6,0.2183,85.25,0.2235
2026-07-22,7498.96,2026-11-20,121.0,6730.0,932.65,0.2174,85.25,0.2226
2026-07-22,7498.96,2026-11-20,121.0,6740.0,923.5,0.2163,86.25,0.2217
2026-07-22,7498.96,2026-11-20,121.0,6750.0,915.5,0.2163,87.85,0.2214
2026-07-22,7498.96,2026-11-20,121.0,6760.0,906.15,0.215,88.35,0.22
2026-07-22,7498.96,2026-11-20,121.0,6770.0,897.35,0.2143,89.3,0.219
2026-07-22,7498.96,2026-11-20,121.0,6775.0,893.4,0.2143,90.5,0.2192
2026-07-22,7498.96,2026-11-20,121.0,6780.0,888.45,0.2134,90.35,0.2182
2026-07-22,7498.96,2026-11-20,121.0,6790.0,879.65,0.2126,91.55,0.2174
2026-07-22,7498.96,2026-11-20,121.0,6800.0,871.55,0.2124,93.25,0.2171
2026-07-22,7498.96,2026-11-20,121.0,6810.0,862.15,0.211,93.8,0.2157
2026-07-22,7498.96,2026-11-20,121.0,6820.0,853.6,0.2104,94.85,0.2148
2026-07-22,7498.96,2026-11-20,121.0,6825.0,849.7,0.2104,96.1,0.2149
2026-07-22,7498.96,2026-11-20,121.0,6830.0,844.75,0.2095,96.0,0.2139
2026-07-22,7498.96,2026-11-20,121.0,6840.0,836.2,0.2088,97.2,0.2131
2026-07-22,7498.96,2026-11-20,121.0,6850.0,828.0,0.2085,99.0,0.2128
2026-07-22,7498.96,2026-11-20,121.0,6860.0,818.55,0.207,99.5,0.2113
2026-07-22,7498.96,2026-11-20,121.0,6870.0,810.2,0.2065,100.7,0.2104
2026-07-22,7498.96,2026-11-20,121.0,6875.0,806.3,0.2064,102.0,0.2106
2026-07-22,7498.96,2026-11-20,121.0,6880.0,801.3,0.2055,101.9,0.2095
2026-07-22,7498.96,2026-11-20,121.0,6890.0,792.65,0.2046,103.25,0.2088
2026-07-22,7498.96,2026-11-20,121.0,6900.0,784.8,0.2045,105.1,0.2084
2026-07-22,7498.96,2026-11-20,121.0,6910.0,775.5,0.2031,105.8,0.207
2026-07-22,7498.96,2026-11-20,121.0,6920.0,767.2,0.2025,106.95,0.206
2026-07-22,7498.96,2026-11-20,121.0,6925.0,763.2,0.2023,108.4,0.2062
2026-07-22,7498.96,2026-11-20,121.0,6930.0,758.4,0.2015,108.25,0.2052
2026-07-22,7498.96,2026-11-20,121.0,6940.0,750.0,0.2008,109.75,0.2044
2026-07-22,7498.96,2026-11-20,121.0,6950.0,742.0,0.2004,111.75,0.2041
2026-07-22,7498.96,2026-11-20,121.0,6960.0,733.15,0.1993,112.45,0.2027
2026-07-22,7498.96,2026-11-20,121.0,6970.0,724.5,0.1984,113.7,0.2017
2026-07-22,7498.96,2026-11-20,121.0,6975.0,720.8,0.1984,115.25,0.2019
2026-07-22,7498.96,2026-11-20,121.0,6980.0,716.1,0.1976,115.15,0.2008
2026-07-22,7498.96,2026-11-20,121.0,6990.0,707.55,0.1967,116.55,0.1999
2026-07-22,7498.96,2026-11-20,121.0,7000.0,699.7,0.1964,118.8,0.1997
2026-07-22,7498.96,2026-11-20,121.0,7010.0,691.0,0.1953,119.6,0.1983
2026-07-22,7498.96,2026-11-20,121.0,7020.0,682.65,0.1946,121.1,0.1974
2026-07-22,7498.96,2026-11-20,121.0,7025.0,684.7,0.1989,122.5,0.1975
2026-07-22,7498.96,2026-11-20,121.0,7030.0,674.05,0.1936,122.6,0.1965
2026-07-22,7498.96,2026-11-20,121.0,7040.0,665.75,0.1928,124.0,0.1955
2026-07-22,7498.96,2026-11-20,121.0,7050.0,663.9,0.1968,126.45,0.1953
2026-07-22,7498.96,2026-11-20,121.0,7060.0,649.4,0.1913,127.3,0.1939
2026-07-22,7498.96,2026-11-20,121.0,7070.0,640.95,0.1904,128.75,0.1929
2026-07-22,7498.96,2026-11-20,121.0,7075.0,643.3,0.1948,130.45,0.1931
2026-07-22,7498.96,2026-11-20,121.0,7080.0,632.95,0.1897,130.45,0.1921
2026-07-22,7498.96,2026-11-20,121.0,7090.0,624.75,0.1889,132.1,0.1912
2026-07-22,7498.96,2026-11-20,121.0,7100.0,622.7,0.1926,134.65,0.1909
2026-07-22,7498.96,2026-11-20,121.0,7110.0,608.3,0.1872,135.5,0.1894
2026-07-22,7498.96,2026-11-20,121.0,7120.0,600.2,0.1865,137.25,0.1886
2026-07-22,7498.96,2026-11-20,121.0,7125.0,602.4,0.1905,138.95,0.1887
2026-07-22,7498.96,2026-11-20,121.0,7130.0,592.1,0.1856,139.15,0.1878
2026-07-22,7498.96,2026-11-20,121.0,7140.0,584.15,0.1849,140.75,0.1868
2026-07-22,7498.96,2026-11-20,121.0,7150.0,582.2,0.1884,143.45,0.1865
2026-07-22,7498.96,2026-11-20,121.0,7160.0,568.0,0.1832,144.45,0.185
2026-07-22,7498.96,2026-11-20,121.0,7170.0,559.9,0.1824,146.25,0.1841
2026-07-22,7498.96,2026-11-20,121.0,7175.0,562.2,0.1863,148.15,0.1843
2026-07-22,7498.96,2026-11-20,121.0,7180.0,552.2,0.1817,148.15,0.1832
2026-07-22,7498.96,2026-11-20,121.0,7190.0,544.3,0.1809,150.3,0.1825
2026-07-22,7498.96,2026-11-20,121.0,7195.0,540.1,0.1804,151.1,0.1819
2026-07-22,7498.96,2026-11-20,121.0,7200.0,542.4,0.1842,153.05,0.1821
2026-07-22,7498.96,2026-11-20,121.0,7205.0,532.45,0.1797,153.05,0.181
2026-07-22,7498.96,2026-11-20,121.0,7210.0,528.3,0.1792,154.1,0.1806
2026-07-22,7498.96,2026-11-20,121.0,7215.0,524.4,0.1788,155.1,0.1802
2026-07-22,7498.96,2026-11-20,121.0,7220.0,520.7,0.1785,156.1,0.1797
2026-07-22,7498.96,2026-11-20,121.0,7225.0,522.8,0.1821,158.1,0.1799
2026-07-22,7498.96,2026-11-20,121.0,7230.0,512.8,0.1777,158.2,0.1789
2026-07-22,7498.96,2026-11-20,121.0,7235.0,508.8,0.1772,159.2,0.1784
2026-07-22,7498.96,2026-11-20,121.0,7240.0,504.95,0.1768,160.4,0.178
2026-07-22,7498.96,2026-11-20,121.0,7245.0,501.2,0.1765,161.3,0.1775
2026-07-22,7498.96,2026-11-20,121.0,7250.0,498.0,0.1765,163.4,0.1777
2026-07-22,7498.96,2026-11-20,121.0,7255.0,493.5,0.1757,163.5,0.1766
2026-07-22,7498.96,2026-11-20,121.0,7260.0,489.55,0.1752,164.65,0.1762
2026-07-22,7498.96,2026-11-20,121.0,7265.0,485.95,0.175,165.85,0.1759
2026-07-22,7498.96,2026-11-20,121.0,7270.0,482.1,0.1746,166.8,0.1753
2026-07-22,7498.96,2026-11-20,121.0,7275.0,479.05,0.1746,168.95,0.1756
2026-07-22,7498.96,2026-11-20,121.0,7280.0,474.35,0.1737,169.1,0.1745
2026-07-22,7498.96,2026-11-20,121.0,7285.0,470.7,0.1734,170.2,0.174
2026-07-22,7498.96,2026-11-20,121.0,7290.0,466.9,0.173,171.3,0.1736
2026-07-22,7498.96,2026-11-20,121.0,7295.0,463.15,0.1726,172.5,0.1731
2026-07-22,7498.96,2026-11-20,121.0,7300.0,460.05,0.1726,174.7,0.1734
2026-07-22,7498.96,2026-11-20,121.0,7305.0,455.6,0.1718,174.8,0.1722
2026-07-22,7498.96,2026-11-20,121.0,7310.0,451.65,0.1712,176.05,0.1718
2026-07-22,7498.96,2026-11-20,121.0,7315.0,448.15,0.171,177.25,0.1714
2026-07-22,7498.96,2026-11-20,121.0,7320.0,444.4,0.1706,178.45,0.171
2026-07-22,7498.96,2026-11-20,121.0,7325.0,441.15,0.1705,180.65,0.1711
2026-07-22,7498.96,2026-11-20,121.0,7330.0,437.0,0.1698,180.85,0.1701
2026-07-22,7498.96,2026-11-20,121.0,7335.0,433.3,0.1694,182.05,0.1696
2026-07-22,7498.96,2026-11-20,121.0,7340.0,429.65,0.169,183.35,0.1692
2026-07-22,7498.96,2026-11-20,121.0,7345.0,425.95,0.1686,184.6,0.1687
2026-07-22,7498.96,2026-11-20,121.0,7350.0,422.8,0.1686,186.85,0.1689
2026-07-22,7498.96,2026-11-20,121.0,7355.0,418.65,0.1679,187.05,0.1678
2026-07-22,7498.96,2026-11-20,121.0,7360.0,415.05,0.1675,188.35,0.1674
2026-07-22,7498.96,2026-11-20,121.0,7365.0,411.35,0.1671,189.65,0.1669
2026-07-22,7498.96,2026-11-20,121.0,7370.0,407.75,0.1667,190.95,0.1665
2026-07-22,7498.96,2026-11-20,121.0,7375.0,404.7,0.1666,193.4,0.1667
2026-07-22,7498.96,2026-11-20,121.0,7380.0,400.55,0.1659,193.7,0.1657
2026-07-22,7498.96,2026-11-20,121.0,7385.0,396.95,0.1655,195.05,0.1652
2026-07-22,7498.96,2026-11-20,121.0,7390.0,393.45,0.1652,196.5,0.1649
2026-07-22,7498.96,2026-11-20,121.0,7395.0,389.8,0.1647,197.75,0.1643
2026-07-22,7498.96,2026-11-20,121.0,7400.0,387.15,0.1649,200.15,0.1645
2026-07-22,7498.96,2026-11-20,121.0,7405.0,382.75,0.164,200.5,0.1635
2026-07-22,7498.96,2026-11-20,121.0,7410.0,379.2,0.1636,201.9,0.163
2026-07-22,7498.96,2026-11-20,121.0,7415.0,375.65,0.1632,203.3,0.1626
2026-07-22,7498.96,2026-11-20,121.0,7420.0,372.15,0.1628,204.8,0.1622
2026-07-22,7498.96,2026-11-20,121.0,7425.0,369.85,0.1631,207.25,0.1623
2026-07-22,7498.96,2026-11-20,121.0,7430.0,365.25,0.1621,207.7,0.1613
2026-07-22,7498.96,2026-11-20,121.0,7435.0,361.75,0.1617,209.0,0.1608
2026-07-22,7498.96,2026-11-20,121.0,7440.0,358.3,0.1613,210.6,0.1604
2026-07-22,7498.96,2026-11-20,121.0,7445.0,354.9,0.1609,212.1,0.16
2026-07-22,7498.96,2026-11-20,121.0,7450.0,352.5,0.1612,214.55,0.1601
2026-07-22,7498.96,2026-11-20,121.0,7455.0,348.0,0.1601,215.1,0.1591
2026-07-22,7498.96,2026-11-20,121.0,7460.0,344.6,0.1598,216.8,0.1587
2026-07-22,7498.96,2026-11-20,121.0,7465.0,341.25,0.1594,218.15,0.1582
2026-07-22,7498.96,2026-11-20,121.0,7470.0,337.85,0.159,219.75,0.1578
2026-07-22,7498.96,2026-11-20,121.0,7475.0,335.7,0.1594,222.3,0.1579
2026-07-22,7498.96,2026-11-20,121.0,7480.0,331.2,0.1583,223.05,0.157
2026-07-22,7498.96,2026-11-20,121.0,7485.0,327.7,0.1578,224.65,0.1565
2026-07-22,7498.96,2026-11-20,121.0,7490.0,324.4,0.1575,226.25,0.1561
2026-07-22,7498.96,2026-11-20,121.0,7495.0,321.1,0.1571,227.75,0.1556
2026-07-22,7498.96,2026-11-20,121.0,7500.0,319.05,0.1575,230.4,0.1557
2026-07-22,7498.96,2026-11-20,121.0,7505.0,314.7,0.1564,230.95,0.1546
2026-07-22,7498.96,2026-11-20,121.0,7510.0,311.4,0.1561,232.85,0.1543
2026-07-22,7498.96,2026-11-20,121.0,7515.0,308.2,0.1557,234.35,0.1538
2026-07-22,7498.96,2026-11-20,121.0,7520.0,304.75,0.1552,236.05,0.1533
2026-07-22,7498.96,2026-11-20,121.0,7525.0,302.8,0.1556,238.8,0.1535
2026-07-22,7498.96,2026-11-20,121.0,7530.0,298.35,0.1545,239.45,0.1524
2026-07-22,7498.96,2026-11-20,121.0,7535.0,295.15,0.1541,241.25,0.152
2026-07-22,7498.96,2026-11-20,121.0,7540.0,292.05,0.1538,243.2,0.1517
2026-07-22,7498.96,2026-11-20,121.0,7545.0,289.05,0.1535,244.8,0.1512
2026-07-22,7498.96,2026-11-20,121.0,7550.0,286.95,0.1538,247.7,0.1514
2026-07-22,7498.96,2026-11-20,121.0,7555.0,282.65,0.1527,248.4,0.1503
2026-07-22,7498.96,2026-11-20,121.0,7560.0,279.55,0.1524,250.2,0.1498
2026-07-22,7498.96,2026-11-20,121.0,7565.0,276.45,0.152,252.2,0.1495
2026-07-22,7498.96,2026-11-20,121.0,7570.0,273.35,0.1516,253.9,0.1489
2026-07-22,7498.96,2026-11-20,121.0,7575.0,271.35,0.1519,256.8,0.1491
2026-07-22,7498.96,2026-11-20,121.0,7580.0,267.25,0.1509,257.65,0.148
2026-07-22,7498.96,2026-11-20,121.0,7585.0,264.25,0.1506,259.6,0.1476
2026-07-22,7498.96,2026-11-20,121.0,7590.0,261.45,0.1504,261.5,0.1472
2026-07-22,7498.96,2026-11-20,121.0,7595.0,258.25,0.1499,263.6,0.1468
2026-07-22,7498.96,2026-11-20,121.0,7600.0,256.45,0.1502,266.4,0.1469
2026-07-22,7498.96,2026-11-20,121.0,7605.0,252.45,0.1493,267.35,0.1458
2026-07-22,7498.96,2026-11-20,121.0,7610.0,249.35,0.1489,269.5,0.1455
2026-07-22,7498.96,2026-11-20,121.0,7615.0,246.6,0.1486,271.5,0.145
2026-07-22,7498.96,2026-11-20,121.0,7620.0,243.7,0.1483,273.4,0.1445
2026-07-22,7498.96,2026-11-20,121.0,7625.0,241.85,0.1485,276.35,0.1446
2026-07-22,7498.96,2026-11-20,121.0,7630.0,237.75,0.1475,277.6,0.1437
2026-07-22,7498.96,2026-11-20,121.0,7635.0,235.1,0.1473,279.7,0.1432
2026-07-22,7498.96,2026-11-20,121.0,7640.0,232.1,0.1468,281.8,0.1428
2026-07-22,7498.96,2026-11-20,121.0,7650.0,227.65,0.1468,286.95,0.1424
2026-07-22,7498.96,2026-11-20,121.0,7660.0,220.95,0.1455,290.2,0.1409
2026-07-22,7498.96,2026-11-20,121.0,7670.0,215.7,0.145,294.55,0.1399
2026-07-22,7498.96,2026-11-20,121.0,7675.0,213.85,0.1452,297.6,0.14
2026-07-22,7498.96,2026-11-20,121.0,7680.0,210.3,0.1443,299.05,0.139
2026-07-22,7498.96,2026-11-20,121.0,7690.0,204.9,0.1436,303.55,0.1381
2026-07-22,7498.96,2026-11-20,121.0,7700.0,200.5,0.1435,309.2,0.1377
2026-07-22,7498.96,2026-11-20,121.0,7710.0,194.6,0.1424,313.05,0.1363
2026-07-22,7498.96,2026-11-20,121.0,7720.0,189.5,0.1418,317.6,0.1352
2026-07-22,7498.96,2026-11-20,121.0,7725.0,187.75,0.142,321.2,0.1354
2026-07-22,7498.96,2026-11-20,121.0,7730.0,184.4,0.1411,322.5,0.1342
2026-07-22,7498.96,2026-11-20,121.0,7740.0,179.3,0.1404,327.35,0.1332
2026-07-22,7498.96,2026-11-20,121.0,7750.0,175.75,0.1406,333.25,0.1328
2026-07-22,7498.96,2026-11-20,121.0,7760.0,169.8,0.1393,337.5,0.1313
2026-07-22,7498.96,2026-11-20,121.0,7770.0,165.15,0.1388,342.6,0.1302
2026-07-22,7498.96,2026-11-20,121.0,7775.0,163.8,0.139,346.5,0.1306
2026-07-22,7498.96,2026-11-20,121.0,7780.0,160.35,0.1381,347.85,0.1292
2026-07-22,7498.96,2026-11-20,121.0,7790.0,156.05,0.1376,353.2,0.128
2026-07-22,7498.96,2026-11-20,121.0,7800.0,152.5,0.1376,359.85,0.1277
2026-07-22,7498.96,2026-11-20,121.0,7810.0,147.05,0.1364,364.05,0.1256
2026-07-22,7498.96,2026-11-20,121.0,7820.0,142.75,0.1358,369.65,0.1245
2026-07-22,7498.96,2026-11-20,121.0,7825.0,141.6,0.1362,373.5,0.1246
2026-07-22,7498.96,2026-11-20,121.0,7830.0,138.55,0.1353,375.35,0.1233
2026-07-22,7498.96,2026-11-20,121.0,7840.0,134.45,0.1348,381.05,0.1221
2026-07-22,7498.96,2026-11-20,121.0,7850.0,131.6,0.135,387.6,0.1213
2026-07-22,7498.96,2026-11-20,121.0,7860.0,126.6,0.1338,393.0,0.1195
2026-07-22,7498.96,2026-11-20,121.0,7870.0,122.8,0.1334,398.95,0.118
2026-07-22,7498.96,2026-11-20,121.0,7875.0,121.5,0.1335,402.8,0.1179
2026-07-22,7498.96,2026-11-20,121.0,7880.0,119.0,0.1329,404.8,0.1161
2026-07-22,7498.96,2026-11-20,121.0,7890.0,115.3,0.1324,411.2,0.1146
2026-07-22,7498.96,2026-11-20,121.0,7900.0,112.4,0.1324,417.95,0.1133
2026-07-22,7498.96,2026-11-20,121.0,7910.0,108.05,0.1314,423.55,0.1103
2026-07-22,7498.96,2026-11-20,121.0,7920.0,104.55,0.1309,430.2,0.108
2026-07-22,7498.96,2026-11-20,121.0,7925.0,103.9,0.1314,433.45,0.1066
2026-07-22,7498.96,2026-11-20,121.0,7930.0,101.35,0.1306,436.45,0.1049
2026-07-22,7498.96,2026-11-20,121.0,7940.0,97.9,0.13,443.0,0.0998
2026-07-22,7498.96,2026-11-20,121.0,7950.0,95.45,0.1301,445.4,0.0968
2026-07-22,7498.96,2026-11-20,121.0,7960.0,91.7,0.1293,,
2026-07-22,7498.96,2026-11-20,121.0,7970.0,88.7,0.1289,,
2026-07-22,7498.96,2026-11-20,121.0,7975.0,87.85,0.1291,,
2026-07-22,7498.96,2026-11-20,121.0,7980.0,85.7,0.1285,,
2026-07-22,7498.96,2026-11-20,121.0,7990.0,82.8,0.1281,,
2026-07-22,7498.96,2026-11-20,121.0,8000.0,80.5,0.1281,,
2026-07-22,7498.96,2026-11-20,121.0,8025.0,73.8,0.1272,,
2026-07-22,7498.96,2026-11-20,121.0,8050.0,67.6,0.1264,,
2026-07-22,7498.96,2026-11-20,121.0,8075.0,61.85,0.1256,,
2026-07-22,7498.96,2026-11-20,121.0,8100.0,56.4,0.1249,,
2026-07-22,7498.96,2026-11-20,121.0,8125.0,50.9,0.1237,,
2026-07-22,7498.96,2026-11-20,121.0,8150.0,46.75,0.1235,,
2026-07-22,7498.96,2026-11-20,121.0,8175.0,42.0,0.1224,,
2026-07-22,7498.96,2026-11-20,121.0,8200.0,38.45,0.1222,,
2026-07-22,7498.96,2026-11-20,121.0,8225.0,34.55,0.1214,,
2026-07-22,7498.96,2026-11-20,121.0,8250.0,31.55,0.1212,,
2026-07-22,7498.96,2026-11-20,121.0,8275.0,28.15,0.1203,,
2026-07-22,7498.96,2026-11-20,121.0,8300.0,25.75,0.1203,,
2026-07-22,7498.96,2026-11-20,121.0,8325.0,22.95,0.1196,,
2026-07-22,7498.96,2026-11-20,121.0,8350.0,20.9,0.1195,,
2026-07-22,7498.96,2026-11-20,121.0,8375.0,18.6,0.1189,,
2026-07-22,7498.96,2026-11-20,121.0,8400.0,17.0,0.1191,,
2026-07-22,7498.96,2026-11-20,121.0,8425.0,15.05,0.1184,,
2026-07-22,7498.96,2026-11-20,121.0,8450.0,13.75,0.1186,,
2026-07-22,7498.96,2026-11-20,121.0,8475.0,12.2,0.1181,,
2026-07-22,7498.96,2026-11-20,121.0,8500.0,11.15,0.1184,,
2026-07-22,7498.96,2026-11-20,121.0,8525.0,9.85,0.1179,,
2026-07-22,7498.96,2026-11-20,121.0,8550.0,9.05,0.1184,,
2026-07-22,7498.96,2026-11-20,121.0,8575.0,8.05,0.1181,,
2026-07-22,7498.96,2026-11-20,121.0,8600.0,7.4,0.1186,,
2026-07-22,7498.96,2026-11-30,131.0,5700.0,1898.4,0.286,30.5,0.3074
2026-07-22,7498.96,2026-11-30,131.0,5750.0,1850.6,0.2826,32.0,0.3029
2026-07-22,7498.96,2026-11-30,131.0,5800.0,1803.0,0.2795,33.6,0.2985
2026-07-22,7498.96,2026-11-30,131.0,5850.0,1755.3,0.2759,35.3,0.2941
2026-07-22,7498.96,2026-11-30,131.0,5900.0,1707.85,0.2726,37.1,0.2897
2026-07-22,7498.96,2026-11-30,131.0,5950.0,1660.5,0.2692,39.05,0.2854
2026-07-22,7498.96,2026-11-30,131.0,6000.0,1613.3,0.2659,41.05,0.2811
2026-07-22,7498.96,2026-11-30,131.0,6050.0,1566.3,0.2627,43.25,0.2769
2026-07-22,7498.96,2026-11-30,131.0,6100.0,1519.3,0.2592,45.55,0.2726
2026-07-22,7498.96,2026-11-30,131.0,6150.0,1472.5,0.2558,48.05,0.2685
2026-07-22,7498.96,2026-11-30,131.0,6200.0,1425.9,0.2524,50.65,0.2642
2026-07-22,7498.96,2026-11-30,131.0,6250.0,1379.4,0.2489,53.45,0.2601
2026-07-22,7498.96,2026-11-30,131.0,6275.0,1356.3,0.2473,54.8,0.2579
2026-07-22,7498.96,2026-11-30,131.0,6300.0,1333.0,0.2453,56.3,0.2558
2026-07-22,7498.96,2026-11-30,131.0,6325.0,1310.1,0.2438,57.95,0.2538
2026-07-22,7498.96,2026-11-30,131.0,6350.0,1287.0,0.2419,59.55,0.2518
2026-07-22,7498.96,2026-11-30,131.0,6375.0,1264.0,0.2401,61.15,0.2496
2026-07-22,7498.96,2026-11-30,131.0,6400.0,1241.1,0.2384,62.85,0.2476
2026-07-22,7498.96,2026-11-30,131.0,6425.0,1218.1,0.2364,64.6,0.2455
2026-07-22,7498.96,2026-11-30,131.0,6450.0,1195.3,0.2347,66.45,0.2435
2026-07-22,7498.96,2026-11-30,131.0,6475.0,1172.6,0.233,68.3,0.2414
2026-07-22,7498.96,2026-11-30,131.0,6500.0,1149.9,0.2312,70.25,0.2394
2026-07-22,7498.96,2026-11-30,131.0,6525.0,1127.3,0.2294,72.25,0.2373
2026-07-22,7498.96,2026-11-30,131.0,6550.0,1104.7,0.2276,74.3,0.2352
2026-07-22,7498.96,2026-11-30,131.0,6575.0,1082.2,0.2258,76.4,0.2332
2026-07-22,7498.96,2026-11-30,131.0,6600.0,1059.7,0.2239,78.6,0.2311
2026-07-22,7498.96,2026-11-30,131.0,6625.0,1037.4,0.2222,80.85,0.229
2026-07-22,7498.96,2026-11-30,131.0,6650.0,1015.0,0.2203,83.2,0.227
2026-07-22,7498.96,2026-11-30,131.0,6675.0,992.8,0.2184,85.6,0.2249
2026-07-22,7498.96,2026-11-30,131.0,6700.0,970.6,0.2166,88.05,0.2228
2026-07-22,7498.96,2026-11-30,131.0,6725.0,948.5,0.2147,90.7,0.2208
2026-07-22,7498.96,2026-11-30,131.0,6750.0,926.4,0.2127,93.25,0.2187
2026-07-22,7498.96,2026-11-30,131.0,6775.0,904.5,0.2109,96.0,0.2166
2026-07-22,7498.96,2026-11-30,131.0,6800.0,882.7,0.209,98.85,0.2146
2026-07-22,7498.96,2026-11-30,131.0,6825.0,861.0,0.2071,101.75,0.2125
2026-07-22,7498.96,2026-11-30,131.0,6850.0,839.4,0.2053,104.75,0.2104
2026-07-22,7498.96,2026-11-30,131.0,6875.0,817.9,0.2034,107.85,0.2083
2026-07-22,7498.96,2026-11-30,131.0,6900.0,796.3,0.2014,111.1,0.2062
2026-07-22,7498.96,2026-11-30,131.0,6925.0,775.05,0.1995,114.35,0.204
2026-07-22,7498.96,2026-11-30,131.0,6950.0,753.8,0.1976,117.85,0.202
2026-07-22,7498.96,2026-11-30,131.0,6975.0,732.7,0.1956,121.35,0.1998
2026-07-22,7498.96,2026-11-30,131.0,7000.0,717.7,0.1982,125.05,0.1977
2026-07-22,7498.96,2026-11-30,131.0,7025.0,696.9,0.1962,129.0,0.1957
2026-07-22,7498.96,2026-11-30,131.0,7050.0,676.2,0.1942,132.75,0.1935
2026-07-22,7498.96,2026-11-30,131.0,7075.0,655.1,0.1918,136.95,0.1914
2026-07-22,7498.96,2026-11-30,131.0,7100.0,635.2,0.1901,141.1,0.1892
2026-07-22,7498.96,2026-11-30,131.0,7125.0,614.9,0.1881,145.5,0.1871
2026-07-22,7498.96,2026-11-30,131.0,7150.0,594.8,0.1861,150.1,0.185
2026-07-22,7498.96,2026-11-30,131.0,7175.0,574.9,0.1841,154.8,0.1828
2026-07-22,7498.96,2026-11-30,131.0,7200.0,555.1,0.182,159.8,0.1807
2026-07-22,7498.96,2026-11-30,131.0,7225.0,530.95,0.1771,164.85,0.1786
2026-07-22,7498.96,2026-11-30,131.0,7250.0,511.05,0.1748,170.3,0.1765
2026-07-22,7498.96,2026-11-30,131.0,7275.0,491.55,0.1726,175.75,0.1743
2026-07-22,7498.96,2026-11-30,131.0,7300.0,472.85,0.1708,181.5,0.1722
2026-07-22,7498.96,2026-11-30,131.0,7310.0,465.55,0.1702,184.0,0.1714
2026-07-22,7498.96,2026-11-30,131.0,7320.0,458.25,0.1695,186.35,0.1705
2026-07-22,7498.96,2026-11-30,131.0,7325.0,454.5,0.1691,187.55,0.1701
2026-07-22,7498.96,2026-11-30,131.0,7330.0,450.5,0.1685,188.7,0.1696
2026-07-22,7498.96,2026-11-30,131.0,7340.0,443.5,0.168,191.25,0.1688
2026-07-22,7498.96,2026-11-30,131.0,7350.0,435.7,0.1669,193.85,0.168
2026-07-22,7498.96,2026-11-30,131.0,7360.0,429.1,0.1666,196.45,0.1671
2026-07-22,7498.96,2026-11-30,131.0,7370.0,421.45,0.1656,199.05,0.1663
2026-07-22,7498.96,2026-11-30,131.0,7375.0,417.5,0.165,200.3,0.1658
2026-07-22,7498.96,2026-11-30,131.0,7380.0,414.5,0.165,201.6,0.1654
2026-07-22,7498.96,2026-11-30,131.0,7390.0,406.9,0.164,204.3,0.1645
2026-07-22,7498.96,2026-11-30,131.0,7400.0,399.85,0.1633,207.1,0.1637
2026-07-22,7498.96,2026-11-30,131.0,7410.0,393.35,0.1629,209.9,0.1628
2026-07-22,7498.96,2026-11-30,131.0,7420.0,386.35,0.1621,212.7,0.162
2026-07-22,7498.96,2026-11-30,131.0,7425.0,382.5,0.1616,214.2,0.1616
2026-07-22,7498.96,2026-11-30,131.0,7430.0,379.25,0.1613,215.65,0.1611
2026-07-22,7498.96,2026-11-30,131.0,7440.0,372.35,0.1606,218.6,0.1603
2026-07-22,7498.96,2026-11-30,131.0,7450.0,365.5,0.1599,221.5,0.1594
2026-07-22,7498.96,2026-11-30,131.0,7460.0,358.5,0.159,224.65,0.1586
2026-07-22,7498.96,2026-11-30,131.0,7470.0,351.7,0.1583,227.65,0.1577
2026-07-22,7498.96,2026-11-30,131.0,7475.0,347.95,0.1577,229.2,0.1573
2026-07-22,7498.96,2026-11-30,131.0,7480.0,345.0,0.1576,230.8,0.1569
2026-07-22,7498.96,2026-11-30,131.0,7490.0,338.65,0.157,234.0,0.156
2026-07-22,7498.96,2026-11-30,131.0,7500.0,332.15,0.1564,237.35,0.1552
2026-07-22,7498.96,2026-11-30,131.0,7510.0,325.55,0.1556,240.65,0.1544
2026-07-22,7498.96,2026-11-30,131.0,7520.0,319.1,0.155,243.95,0.1535
2026-07-22,7498.96,2026-11-30,131.0,7525.0,315.8,0.1546,245.7,0.1531
2026-07-22,7498.96,2026-11-30,131.0,7530.0,312.7,0.1543,247.45,0.1527
2026-07-22,7498.96,2026-11-30,131.0,7540.0,306.3,0.1536,250.8,0.1517
2026-07-22,7498.96,2026-11-30,131.0,7550.0,299.9,0.1528,254.45,0.1509
2026-07-22,7498.96,2026-11-30,131.0,7560.0,293.65,0.1521,258.0,0.1501
2026-07-22,7498.96,2026-11-30,131.0,7570.0,287.55,0.1515,261.65,0.1492
2026-07-22,7498.96,2026-11-30,131.0,7575.0,284.45,0.1511,263.55,0.1488
2026-07-22,7498.96,2026-11-30,131.0,7580.0,281.35,0.1508,265.35,0.1483
2026-07-22,7498.96,2026-11-30,131.0,7590.0,275.25,0.1501,269.15,0.1475
2026-07-22,7498.96,2026-11-30,131.0,7600.0,269.25,0.1494,272.85,0.1465
2026-07-22,7498.96,2026-11-30,131.0,7610.0,263.4,0.1488,276.75,0.1457
2026-07-22,7498.96,2026-11-30,131.0,7620.0,257.55,0.1481,280.8,0.1448
2026-07-22,7498.96,2026-11-30,131.0,7625.0,254.55,0.1478,282.75,0.1444
2026-07-22,7498.96,2026-11-30,131.0,7630.0,251.75,0.1475,284.95,0.144
2026-07-22,7498.96,2026-11-30,131.0,7640.0,246.05,0.1469,289.05,0.1431
2026-07-22,7498.96,2026-11-30,131.0,7650.0,240.25,0.1461,293.25,0.1423
2026-07-22,7498.96,2026-11-30,131.0,7660.0,234.65,0.1455,297.55,0.1414
2026-07-22,7498.96,2026-11-30,131.0,7670.0,229.5,0.1451,301.5,0.1403
2026-07-22,7498.96,2026-11-30,131.0,7675.0,226.55,0.1447,303.6,0.1398
2026-07-22,7498.96,2026-11-30,131.0,7680.0,223.75,0.1443,306.2,0.1396
2026-07-22,7498.96,2026-11-30,131.0,7690.0,218.45,0.1437,310.65,0.1387
2026-07-22,7498.96,2026-11-30,131.0,7700.0,212.95,0.143,315.5,0.1379
2026-07-22,7498.96,2026-11-30,131.0,7710.0,207.75,0.1424,319.7,0.1368
2026-07-22,7498.96,2026-11-30,131.0,7720.0,202.75,0.1419,324.5,0.1359
2026-07-22,7498.96,2026-11-30,131.0,7725.0,200.0,0.1415,326.5,0.1352
2026-07-22,7498.96,2026-11-30,131.0,7730.0,197.7,0.1413,329.35,0.135
2026-07-22,7498.96,2026-11-30,131.0,7740.0,192.5,0.1406,334.2,0.1341
2026-07-22,7498.96,2026-11-30,131.0,7750.0,187.75,0.1402,338.65,0.1329
2026-07-22,7498.96,2026-11-30,131.0,7775.0,175.55,0.1386,351.5,0.1306
2026-07-22,7498.96,2026-11-30,131.0,7800.0,164.0,0.1372,364.5,0.1278
2026-07-22,7498.96,2026-11-30,131.0,7825.0,153.1,0.136,378.0,0.1249
2026-07-22,7498.96,2026-11-30,131.0,7850.0,142.65,0.1348,392.5,0.1223
2026-07-22,7498.96,2026-11-30,131.0,7875.0,132.7,0.1336,406.65,0.1185
2026-07-22,7498.96,2026-11-30,131.0,7900.0,122.9,0.1322,421.95,0.1146
2026-07-22,7498.96,2026-11-30,131.0,7925.0,113.9,0.1311,437.55,0.1094
2026-07-22,7498.96,2026-11-30,131.0,7950.0,105.35,0.1301,448.5,0.0954
2026-07-22,7498.96,2026-11-30,131.0,7975.0,97.35,0.1291,465.0,0.0989
2026-07-22,7498.96,2026-11-30,131.0,8000.0,89.8,0.1281,,
2026-07-22,7498.96,2026-11-30,131.0,8025.0,82.7,0.1272,,
2026-07-22,7498.96,2026-11-30,131.0,8050.0,76.1,0.1264,,
2026-07-22,7498.96,2026-11-30,131.0,8075.0,69.9,0.1256,,
2026-07-22,7498.96,2026-11-30,131.0,8100.0,64.1,0.1249,,
2026-07-22,7498.96,2026-11-30,131.0,8125.0,58.8,0.1242,,
2026-07-22,7498.96,2026-11-30,131.0,8150.0,53.75,0.1235,,
2026-07-22,7498.96,2026-11-30,131.0,8175.0,49.05,0.1229,,
2026-07-22,7498.96,2026-11-30,131.0,8200.0,44.75,0.1223,,
2026-07-22,7498.96,2026-11-30,131.0,8225.0,40.8,0.1218,,
2026-07-22,7498.96,2026-11-30,131.0,8250.0,37.05,0.1212,,
2026-07-22,7498.96,2026-11-30,131.0,8275.0,33.65,0.1207,,
2026-07-22,7498.96,2026-11-30,131.0,8300.0,30.55,0.1202,,
2026-07-22,7498.96,2026-11-30,131.0,8350.0,25.15,0.1195,,
2026-07-22,7498.96,2026-11-30,131.0,8400.0,20.55,0.1188,,
2026-07-22,7498.96,2026-11-30,131.0,8450.0,16.85,0.1184,,
2026-07-22,7498.96,2026-11-30,131.0,8500.0,13.8,0.1181,,
2026-07-22,7498.96,2026-11-30,131.0,8600.0,9.25,0.1179,,
2026-07-22,7498.96,2026-12-18,149.0,5625.0,1984.65,0.2843,34.9,0.3094
2026-07-22,7498.96,2026-12-18,149.0,5650.0,1960.9,0.2829,35.75,0.3073
2026-07-22,7498.96,2026-12-18,149.0,5675.0,1937.15,0.2814,36.6,0.3052
2026-07-22,7498.96,2026-12-18,149.0,5700.0,1913.45,0.28,37.4,0.303
2026-07-22,7498.96,2026-12-18,149.0,5725.0,1889.8,0.2787,38.3,0.301
2026-07-22,7498.96,2026-12-18,149.0,5750.0,1866.15,0.2772,39.2,0.2988
2026-07-22,7498.96,2026-12-18,149.0,5775.0,1842.55,0.2758,40.15,0.2968
2026-07-22,7498.96,2026-12-18,149.0,5800.0,1818.95,0.2744,41.1,0.2947
2026-07-22,7498.96,2026-12-18,149.0,5825.0,1795.4,0.273,42.05,0.2926
2026-07-22,7498.96,2026-12-18,149.0,5850.0,1771.9,0.2716,43.15,0.2906
2026-07-22,7498.96,2026-12-18,149.0,5875.0,1748.4,0.2701,44.15,0.2885
2026-07-22,7498.96,2026-12-18,149.0,5900.0,1724.9,0.2686,45.25,0.2865
2026-07-22,7498.96,2026-12-18,149.0,5925.0,1701.45,0.2671,46.35,0.2844
2026-07-22,7498.96,2026-12-18,149.0,5950.0,1678.05,0.2656,47.5,0.2824
2026-07-22,7498.96,2026-12-18,149.0,5975.0,1654.7,0.2641,48.7,0.2804
2026-07-22,7498.96,2026-12-18,149.0,6000.0,1630.2,0.2607,49.9,0.2784
2026-07-22,7498.96,2026-12-18,149.0,6025.0,1606.85,0.2591,51.1,0.2763
2026-07-22,7498.96,2026-12-18,149.0,6050.0,1583.45,0.2574,52.4,0.2743
2026-07-22,7498.96,2026-12-18,149.0,6075.0,1560.4,0.2562,53.75,0.2724
2026-07-22,7498.96,2026-12-18,149.0,6100.0,1537.2,0.2547,55.1,0.2704
2026-07-22,7498.96,2026-12-18,149.0,6125.0,1513.75,0.2528,56.5,0.2684
2026-07-22,7498.96,2026-12-18,149.0,6150.0,1490.95,0.2517,57.95,0.2664
2026-07-22,7498.96,2026-12-18,149.0,6175.0,1467.9,0.2502,59.45,0.2644
2026-07-22,7498.96,2026-12-18,149.0,6200.0,1444.9,0.2487,60.95,0.2624
2026-07-22,7498.96,2026-12-18,149.0,6225.0,1421.6,0.2467,62.5,0.2604
2026-07-22,7498.96,2026-12-18,149.0,6250.0,1399.0,0.2456,64.15,0.2585
2026-07-22,7498.96,2026-12-18,149.0,6275.0,1376.1,0.244,65.8,0.2565
2026-07-22,7498.96,2026-12-18,149.0,6300.0,1353.0,0.2421,67.55,0.2546
2026-07-22,7498.96,2026-12-18,149.0,6325.0,1330.55,0.241,69.3,0.2526
2026-07-22,7498.96,2026-12-18,149.0,6350.0,1307.5,0.239,71.2,0.2508
2026-07-22,7498.96,2026-12-18,149.0,6375.0,1285.1,0.2377,73.05,0.2488
2026-07-22,7498.96,2026-12-18,149.0,6400.0,1262.35,0.236,75.0,0.2469
2026-07-22,7498.96,2026-12-18,149.0,6425.0,1239.65,0.2343,76.95,0.2449
2026-07-22,7498.96,2026-12-18,149.0,6450.0,1217.2,0.2327,79.05,0.243
2026-07-22,7498.96,2026-12-18,149.0,6475.0,1195.05,0.2314,81.1,0.241
2026-07-22,7498.96,2026-12-18,149.0,6500.0,1172.4,0.2295,83.3,0.2391
2026-07-22,7498.96,2026-12-18,149.0,6520.0,1154.5,0.2282,85.05,0.2375
2026-07-22,7498.96,2026-12-18,149.0,6525.0,1150.35,0.2282,85.55,0.2372
2026-07-22,7498.96,2026-12-18,149.0,6530.0,1145.75,0.2277,85.95,0.2367
2026-07-22,7498.96,2026-12-18,149.0,6540.0,1136.85,0.227,87.0,0.2361
2026-07-22,7498.96,2026-12-18,149.0,6550.0,1127.8,0.2262,87.85,0.2352
2026-07-22,7498.96,2026-12-18,149.0,6560.0,1118.95,0.2256,88.8,0.2345
2026-07-22,7498.96,2026-12-18,149.0,6570.0,1110.35,0.2252,89.7,0.2336
2026-07-22,7498.96,2026-12-18,149.0,6575.0,1105.6,0.2246,90.25,0.2333
2026-07-22,7498.96,2026-12-18,149.0,6580.0,1101.5,0.2245,90.7,0.2329
2026-07-22,7498.96,2026-12-18,149.0,6590.0,1092.35,0.2236,91.6,0.2321
2026-07-22,7498.96,2026-12-18,149.0,6600.0,1083.8,0.2232,92.65,0.2313
2026-07-22,7498.96,2026-12-18,149.0,6610.0,1074.95,0.2225,93.7,0.2306
2026-07-22,7498.96,2026-12-18,149.0,6620.0,1066.0,0.2217,94.6,0.2297
2026-07-22,7498.96,2026-12-18,149.0,6625.0,1061.6,0.2214,95.1,0.2293
2026-07-22,7498.96,2026-12-18,149.0,6630.0,1057.2,0.2211,95.7,0.229
2026-07-22,7498.96,2026-12-18,149.0,6640.0,1048.25,0.2203,96.75,0.2283
2026-07-22,7498.96,2026-12-18,149.0,6650.0,1039.8,0.2199,97.7,0.2274
2026-07-22,7498.96,2026-12-18,149.0,6660.0,1030.9,0.2191,98.75,0.2266
2026-07-22,7498.96,2026-12-18,149.0,6670.0,1022.0,0.2183,99.85,0.2259
2026-07-22,7498.96,2026-12-18,149.0,6675.0,1017.9,0.2182,100.35,0.2255
2026-07-22,7498.96,2026-12-18,149.0,6680.0,1013.55,0.2179,100.95,0.2251
2026-07-22,7498.96,2026-12-18,149.0,6690.0,1004.8,0.2172,101.95,0.2243
2026-07-22,7498.96,2026-12-18,149.0,6700.0,996.05,0.2165,103.05,0.2235
2026-07-22,7498.96,2026-12-18,149.0,6710.0,987.1,0.2156,104.25,0.2228
2026-07-22,7498.96,2026-12-18,149.0,6720.0,978.4,0.2149,105.4,0.222
2026-07-22,7498.96,2026-12-18,149.0,6725.0,974.15,0.2146,105.85,0.2215
2026-07-22,7498.96,2026-12-18,149.0,6730.0,969.7,0.2142,106.5,0.2212
2026-07-22,7498.96,2026-12-18,149.0,6740.0,961.15,0.2136,107.65,0.2204
2026-07-22,7498.96,2026-12-18,149.0,6750.0,952.65,0.2131,108.8,0.2196
2026-07-22,7498.96,2026-12-18,149.0,6760.0,944.0,0.2124,109.9,0.2187
2026-07-22,7498.96,2026-12-18,149.0,6770.0,935.25,0.2116,111.1,0.2179
2026-07-22,7498.96,2026-12-18,149.0,6775.0,931.05,0.2113,111.75,0.2176
2026-07-22,7498.96,2026-12-18,149.0,6780.0,926.8,0.211,112.4,0.2172
2026-07-22,7498.96,2026-12-18,149.0,6790.0,918.05,0.2102,113.65,0.2165
2026-07-22,7498.96,2026-12-18,149.0,6800.0,909.45,0.2095,114.85,0.2156
2026-07-22,7498.96,2026-12-18,149.0,6810.0,901.05,0.2089,116.1,0.2148
2026-07-22,7498.96,2026-12-18,149.0,6820.0,892.5,0.2082,117.4,0.2141
2026-07-22,7498.96,2026-12-18,149.0,6825.0,887.9,0.2076,117.95,0.2136
2026-07-22,7498.96,2026-12-18,149.0,6830.0,883.7,0.2073,118.7,0.2133
2026-07-22,7498.96,2026-12-18,149.0,6840.0,875.15,0.2066,120.0,0.2125
2026-07-22,7498.96,2026-12-18,149.0,6850.0,866.65,0.2059,121.2,0.2116
2026-07-22,7498.96,2026-12-18,149.0,6860.0,858.15,0.2052,122.5,0.2108
2026-07-22,7498.96,2026-12-18,149.0,6870.0,849.7,0.2046,123.9,0.2101
2026-07-22,7498.96,2026-12-18,149.0,6875.0,845.7,0.2044,124.6,0.2097
2026-07-22,7498.96,2026-12-18,149.0,6880.0,841.35,0.2039,125.3,0.2093
2026-07-22,7498.96,2026-12-18,149.0,6890.0,832.75,0.2031,126.65,0.2085
2026-07-22,7498.96,2026-12-18,149.0,6900.0,824.6,0.2026,128.05,0.2077
2026-07-22,7498.96,2026-12-18,149.0,6910.0,816.2,0.2019,129.55,0.207
2026-07-22,7498.96,2026-12-18,149.0,6920.0,807.7,0.2011,130.85,0.2061
2026-07-22,7498.96,2026-12-18,149.0,6925.0,803.5,0.2008,131.6,0.2057
2026-07-22,7498.96,2026-12-18,149.0,6930.0,799.45,0.2005,132.25,0.2052
2026-07-22,7498.96,2026-12-18,149.0,6940.0,790.85,0.1996,133.85,0.2045
2026-07-22,7498.96,2026-12-18,149.0,6950.0,782.75,0.1991,135.3,0.2037
2026-07-22,7498.96,2026-12-18,149.0,6960.0,774.45,0.1984,136.75,0.2029
2026-07-22,7498.96,2026-12-18,149.0,6970.0,766.15,0.1977,138.35,0.2021
2026-07-22,7498.96,2026-12-18,149.0,6975.0,761.75,0.1971,139.0,0.2016
2026-07-22,7498.96,2026-12-18,149.0,6980.0,757.85,0.197,139.9,0.2013
2026-07-22,7498.96,2026-12-18,149.0,6990.0,749.35,0.1961,141.45,0.2005
2026-07-22,7498.96,2026-12-18,149.0,7000.0,741.35,0.1955,143.0,0.1997
2026-07-22,7498.96,2026-12-18,149.0,7010.0,733.0,0.1947,144.5,0.1988
2026-07-22,7498.96,2026-12-18,149.0,7020.0,724.8,0.194,146.3,0.1981
2026-07-22,7498.96,2026-12-18,149.0,7025.0,720.85,0.1937,147.0,0.1977
2026-07-22,7498.96,2026-12-18,149.0,7030.0,716.75,0.1934,147.8,0.1972
2026-07-22,7498.96,2026-12-18,149.0,7040.0,708.35,0.1925,149.4,0.1964
2026-07-22,7498.96,2026-12-18,149.0,7050.0,700.35,0.1919,151.2,0.1957
2026-07-22,7498.96,2026-12-18,149.0,7060.0,692.25,0.1912,153.0,0.1949
2026-07-22,7498.96,2026-12-18,149.0,7070.0,684.3,0.1905,154.6,0.194
2026-07-22,7498.96,2026-12-18,149.0,7075.0,680.25,0.1902,155.5,0.1936
2026-07-22,7498.96,2026-12-18,149.0,7080.0,676.1,0.1897,156.4,0.1933
2026-07-22,7498.96,2026-12-18,149.0,7090.0,668.2,0.1891,158.1,0.1924
2026-07-22,7498.96,2026-12-18,149.0,7100.0,660.15,0.1884,159.95,0.1916
2026-07-22,7498.96,2026-12-18,149.0,7110.0,652.15,0.1877,161.75,0.1908
2026-07-22,7498.96,2026-12-18,149.0,7120.0,644.1,0.1869,163.6,0.19
2026-07-22,7498.96,2026-12-18,149.0,7125.0,640.0,0.1864,164.5,0.1896
2026-07-22,7498.96,2026-12-18,149.0,7130.0,636.25,0.1862,165.65,0.1893
2026-07-22,7498.96,2026-12-18,149.0,7140.0,628.1,0.1854,167.35,0.1884
2026-07-22,7498.96,2026-12-18,149.0,7150.0,620.45,0.1848,169.35,0.1876
2026-07-22,7498.96,2026-12-18,149.0,7160.0,612.6,0.1841,171.3,0.1868
2026-07-22,7498.96,2026-12-18,149.0,7170.0,604.8,0.1834,173.25,0.1859
2026-07-22,7498.96,2026-12-18,149.0,7175.0,600.65,0.1829,174.3,0.1856
2026-07-22,7498.96,2026-12-18,149.0,7180.0,596.75,0.1825,175.25,0.1851
2026-07-22,7498.96,2026-12-18,149.0,7190.0,588.95,0.1818,177.3,0.1843
2026-07-22,7498.96,2026-12-18,149.0,7200.0,581.35,0.1812,179.45,0.1836
2026-07-22,7498.96,2026-12-18,149.0,7210.0,573.75,0.1805,181.6,0.1828
2026-07-22,7498.96,2026-12-18,149.0,7220.0,566.05,0.1798,183.65,0.1819
2026-07-22,7498.96,2026-12-18,149.0,7225.0,561.95,0.1793,184.65,0.1815
2026-07-22,7498.96,2026-12-18,149.0,7230.0,558.15,0.179,185.85,0.1811
2026-07-22,7498.96,2026-12-18,149.0,7240.0,550.75,0.1784,188.05,0.1803
2026-07-22,7498.96,2026-12-18,149.0,7250.0,543.15,0.1777,190.25,0.1795
2026-07-22,7498.96,2026-12-18,149.0,7260.0,535.35,0.1768,192.4,0.1786
2026-07-22,7498.96,2026-12-18,149.0,7270.0,528.05,0.1762,194.9,0.1779
2026-07-22,7498.96,2026-12-18,149.0,7275.0,524.1,0.1758,195.8,0.1774
2026-07-22,7498.96,2026-12-18,149.0,7280.0,520.55,0.1755,197.15,0.1771
2026-07-22,7498.96,2026-12-18,149.0,7290.0,513.1,0.1748,199.4,0.1762
2026-07-22,7498.96,2026-12-18,149.0,7300.0,505.65,0.1741,201.8,0.1754
2026-07-22,7498.96,2026-12-18,149.0,7310.0,498.25,0.1734,204.2,0.1746
2026-07-22,7498.96,2026-12-18,149.0,7320.0,490.9,0.1727,206.85,0.1739
2026-07-22,7498.96,2026-12-18,149.0,7325.0,487.25,0.1724,207.85,0.1734
2026-07-22,7498.96,2026-12-18,149.0,7330.0,483.6,0.172,209.15,0.173
2026-07-22,7498.96,2026-12-18,149.0,7340.0,476.3,0.1713,211.8,0.1722
2026-07-22,7498.96,2026-12-18,149.0,7350.0,469.0,0.1706,214.35,0.1714
2026-07-22,7498.96,2026-12-18,149.0,7360.0,461.8,0.1699,217.0,0.1706
2026-07-22,7498.96,2026-12-18,149.0,7370.0,454.7,0.1692,219.75,0.1699
2026-07-22,7498.96,2026-12-18,149.0,7375.0,451.1,0.1689,220.95,0.1694
2026-07-22,7498.96,2026-12-18,149.0,7380.0,447.5,0.1685,222.4,0.169
2026-07-22,7498.96,2026-12-18,149.0,7390.0,440.45,0.1678,224.95,0.1681
2026-07-22,7498.96,2026-12-18,149.0,7400.0,433.4,0.1671,227.7,0.1673
2026-07-22,7498.96,2026-12-18,149.0,7410.0,426.4,0.1664,230.55,0.1665
2026-07-22,7498.96,2026-12-18,149.0,7420.0,419.45,0.1657,233.35,0.1657
2026-07-22,7498.96,2026-12-18,149.0,7425.0,415.95,0.1654,234.85,0.1653
2026-07-22,7498.96,2026-12-18,149.0,7430.0,412.5,0.165,236.25,0.1649
2026-07-22,7498.96,2026-12-18,149.0,7440.0,405.65,0.1644,239.3,0.1641
2026-07-22,7498.96,2026-12-18,149.0,7450.0,398.9,0.1637,242.25,0.1633
2026-07-22,7498.96,2026-12-18,149.0,7460.0,392.05,0.163,245.3,0.1625
2026-07-22,7498.96,2026-12-18,149.0,7470.0,385.25,0.1623,248.3,0.1616
2026-07-22,7498.96,2026-12-18,149.0,7475.0,381.9,0.162,249.85,0.1612
2026-07-22,7498.96,2026-12-18,149.0,7480.0,378.55,0.1616,251.4,0.1608
2026-07-22,7498.96,2026-12-18,149.0,7490.0,371.95,0.161,254.7,0.16
2026-07-22,7498.96,2026-12-18,149.0,7500.0,365.15,0.1602,257.95,0.1592
2026-07-22,7498.96,2026-12-18,149.0,7510.0,358.65,0.1596,261.2,0.1584
2026-07-22,7498.96,2026-12-18,149.0,7520.0,352.15,0.1589,264.7,0.1577
2026-07-22,7498.96,2026-12-18,149.0,7525.0,348.9,0.1585,266.2,0.1572
2026-07-22,7498.96,2026-12-18,149.0,7530.0,345.95,0.1584,267.9,0.1568
2026-07-22,7498.96,2026-12-18,149.0,7540.0,339.45,0.1576,271.5,0.156
2026-07-22,7498.96,2026-12-18,149.0,7550.0,332.95,0.1569,275.0,0.1552
2026-07-22,7498.96,2026-12-18,149.0,7560.0,326.85,0.1563,278.5,0.1544
2026-07-22,7498.96,2026-12-18,149.0,7570.0,320.45,0.1556,282.1,0.1536
2026-07-22,7498.96,2026-12-18,149.0,7575.0,317.45,0.1553,283.95,0.1532
2026-07-22,7498.96,2026-12-18,149.0,7580.0,314.3,0.155,285.6,0.1527
2026-07-22,7498.96,2026-12-18,149.0,7590.0,308.45,0.1545,289.3,0.1518
2026-07-22,7498.96,2026-12-18,149.0,7600.0,302.15,0.1537,293.25,0.1511
2026-07-22,7498.96,2026-12-18,149.0,7610.0,296.15,0.1531,297.05,0.1503
2026-07-22,7498.96,2026-12-18,149.0,7620.0,290.2,0.1524,300.95,0.1495
2026-07-22,7498.96,2026-12-18,149.0,7625.0,287.5,0.1523,302.95,0.1491
2026-07-22,7498.96,2026-12-18,149.0,7630.0,284.6,0.152,304.75,0.1486
2026-07-22,7498.96,2026-12-18,149.0,7640.0,278.55,0.1512,308.9,0.1478
2026-07-22,7498.96,2026-12-18,149.0,7650.0,272.95,0.1507,312.7,0.1468
2026-07-22,7498.96,2026-12-18,149.0,7660.0,267.1,0.15,317.1,0.1461
2026-07-22,7498.96,2026-12-18,149.0,7670.0,261.7,0.1495,321.3,0.1453
2026-07-22,7498.96,2026-12-18,149.0,7675.0,258.9,0.1492,323.4,0.1449
2026-07-22,7498.96,2026-12-18,149.0,7680.0,255.9,0.1488,325.4,0.1444
2026-07-22,7498.96,2026-12-18,149.0,7690.0,250.4,0.1482,329.7,0.1435
2026-07-22,7498.96,2026-12-18,149.0,7700.0,245.2,0.1478,334.1,0.1426
2026-07-22,7498.96,2026-12-18,149.0,7710.0,239.6,0.1471,338.55,0.1417
2026-07-22,7498.96,2026-12-18,149.0,7720.0,234.45,0.1466,343.05,0.1408
2026-07-22,7498.96,2026-12-18,149.0,7725.0,231.85,0.1463,345.35,0.1404
2026-07-22,7498.96,2026-12-18,149.0,7730.0,229.2,0.146,347.65,0.14
2026-07-22,7498.96,2026-12-18,149.0,7740.0,224.05,0.1454,352.3,0.1391
2026-07-22,7498.96,2026-12-18,149.0,7750.0,219.05,0.1449,357.0,0.1382
2026-07-22,7498.96,2026-12-18,149.0,7760.0,213.8,0.1443,361.8,0.1373
2026-07-22,7498.96,2026-12-18,149.0,7770.0,209.05,0.1438,366.7,0.1364
2026-07-22,7498.96,2026-12-18,149.0,7775.0,206.35,0.1434,369.1,0.1359
2026-07-22,7498.96,2026-12-18,149.0,7780.0,204.15,0.1433,371.6,0.1355
2026-07-22,7498.96,2026-12-18,149.0,7790.0,199.35,0.1428,376.6,0.1346
2026-07-22,7498.96,2026-12-18,149.0,7800.0,194.35,0.1421,381.75,0.1336
2026-07-22,7498.96,2026-12-18,149.0,7810.0,189.85,0.1417,386.8,0.1325
2026-07-22,7498.96,2026-12-18,149.0,7820.0,185.3,0.1412,392.0,0.1314
2026-07-22,7498.96,2026-12-18,149.0,7825.0,183.05,0.141,394.7,0.1309
2026-07-22,7498.96,2026-12-18,149.0,7830.0,180.75,0.1407,397.25,0.1303
2026-07-22,7498.96,2026-12-18,149.0,7840.0,176.2,0.1402,402.75,0.1293
2026-07-22,7498.96,2026-12-18,149.0,7850.0,171.9,0.1397,408.1,0.1282
2026-07-22,7498.96,2026-12-18,149.0,7860.0,167.5,0.1392,413.6,0.1271
2026-07-22,7498.96,2026-12-18,149.0,7870.0,163.1,0.1386,419.2,0.126
2026-07-22,7498.96,2026-12-18,149.0,7875.0,161.2,0.1385,421.95,0.1254
2026-07-22,7498.96,2026-12-18,149.0,7880.0,159.2,0.1383,424.8,0.1248
2026-07-22,7498.96,2026-12-18,149.0,7890.0,154.9,0.1377,430.55,0.1236
2026-07-22,7498.96,2026-12-18,149.0,7900.0,151.0,0.1373,436.35,0.1222
2026-07-22,7498.96,2026-12-18,149.0,7910.0,147.0,0.1369,442.15,0.1207
2026-07-22,7498.96,2026-12-18,149.0,7920.0,143.1,0.1364,448.1,0.1191
2026-07-22,7498.96,2026-12-18,149.0,7925.0,141.25,0.1362,451.1,0.1183
2026-07-22,7498.96,2026-12-18,149.0,7930.0,139.3,0.136,454.35,0.1177
2026-07-22,7498.96,2026-12-18,149.0,7940.0,135.55,0.1356,460.2,0.1158
2026-07-22,7498.96,2026-12-18,149.0,7950.0,131.9,0.1351,466.6,0.114
2026-07-22,7498.96,2026-12-18,149.0,7960.0,128.35,0.1347,472.7,0.1115
2026-07-22,7498.96,2026-12-18,149.0,7970.0,124.85,0.1344,479.0,0.1091
2026-07-22,7498.96,2026-12-18,149.0,7975.0,123.05,0.1341,482.3,0.1078
2026-07-22,7498.96,2026-12-18,149.0,8000.0,114.7,0.1332,498.2,0.1005
2026-07-22,7498.96,2026-12-18,149.0,8025.0,106.7,0.1322,,
2026-07-22,7498.96,2026-12-18,149.0,8050.0,99.25,0.1314,,
2026-07-22,7498.96,2026-12-18,149.0,8075.0,92.15,0.1306,,
2026-07-22,7498.96,2026-12-18,149.0,8100.0,85.4,0.1297,,
2026-07-22,7498.96,2026-12-18,149.0,8125.0,79.1,0.129,,
2026-07-22,7498.96,2026-12-18,149.0,8150.0,73.25,0.1283,,
2026-07-22,7498.96,2026-12-18,149.0,8175.0,67.7,0.1276,,
2026-07-22,7498.96,2026-12-18,149.0,8200.0,62.5,0.127,,
2026-07-22,7498.96,2026-12-18,149.0,8225.0,57.6,0.1264,,
2026-07-22,7498.96,2026-12-18,149.0,8250.0,53.1,0.1259,,
2026-07-22,7498.96,2026-12-18,149.0,8275.0,48.85,0.1253,,
2026-07-22,7498.96,2026-12-18,149.0,8300.0,44.9,0.1248,,
2026-07-22,7498.96,2026-12-18,149.0,8325.0,41.2,0.1243,,
2026-07-22,7498.96,2026-12-18,149.0,8350.0,37.8,0.1238,,
2026-07-22,7498.96,2026-12-18,149.0,8375.0,34.65,0.1234,,
2026-07-22,7498.96,2026-12-18,149.0,8400.0,31.75,0.1231,,
2026-07-22,7498.96,2026-12-18,149.0,8425.0,29.0,0.1226,,
2026-07-22,7498.96,2026-12-18,149.0,8450.0,26.5,0.1223,,
2026-07-22,7498.96,2026-12-18,149.0,8475.0,24.2,0.122,,
2026-07-22,7498.96,2026-12-18,149.0,8500.0,22.1,0.1217,,
2026-07-22,7498.96,2026-12-18,149.0,8525.0,20.15,0.1214,,
2026-07-22,7498.96,2026-12-18,149.0,8550.0,18.45,0.1213,,
2026-07-22,7498.96,2026-12-18,149.0,8575.0,16.8,0.121,,
2026-07-22,7498.96,2026-12-18,149.0,8600.0,15.35,0.1209,,
2026-07-22,7498.96,2026-12-31,162.0,5625.0,1997.6,0.2856,38.65,0.3046
2026-07-22,7498.96,2026-12-31,162.0,5650.0,1973.8,0.2838,39.55,0.3026
2026-07-22,7498.96,2026-12-31,162.0,5675.0,1950.2,0.2824,40.45,0.3006
2026-07-22,7498.96,2026-12-31,162.0,5700.0,1926.6,0.2809,41.35,0.2985
2026-07-22,7498.96,2026-12-31,162.0,5710.0,1917.2,0.2803,41.75,0.2977
2026-07-22,7498.96,2026-12-31,162.0,5720.0,1907.8,0.2798,42.15,0.2969
2026-07-22,7498.96,2026-12-31,162.0,5725.0,1903.2,0.2797,42.35,0.2965
2026-07-22,7498.96,2026-12-31,162.0,5730.0,1898.5,0.2794,42.55,0.2961
2026-07-22,7498.96,2026-12-31,162.0,5740.0,1888.95,0.2785,42.9,0.2952
2026-07-22,7498.96,2026-12-31,162.0,5750.0,1879.55,0.278,43.3,0.2944
2026-07-22,7498.96,2026-12-31,162.0,5760.0,1870.15,0.2774,43.7,0.2936
2026-07-22,7498.96,2026-12-31,162.0,5770.0,1860.75,0.2768,44.1,0.2928
2026-07-22,7498.96,2026-12-31,162.0,5775.0,1856.05,0.2765,44.35,0.2925
2026-07-22,7498.96,2026-12-31,162.0,5780.0,1851.35,0.2762,44.55,0.2921
2026-07-22,7498.96,2026-12-31,162.0,5790.0,1842.0,0.2756,44.95,0.2913
2026-07-22,7498.96,2026-12-31,162.0,5800.0,1832.6,0.275,45.4,0.2905
2026-07-22,7498.96,2026-12-31,162.0,5810.0,1823.2,0.2744,45.8,0.2897
2026-07-22,7498.96,2026-12-31,162.0,5820.0,1813.8,0.2737,46.2,0.2888
2026-07-22,7498.96,2026-12-31,162.0,5825.0,1809.15,0.2735,46.45,0.2885
2026-07-22,7498.96,2026-12-31,162.0,5830.0,1804.5,0.2732,46.7,0.2881
2026-07-22,7498.96,2026-12-31,162.0,5840.0,1795.1,0.2726,47.1,0.2873
2026-07-22,7498.96,2026-12-31,162.0,5850.0,1785.75,0.272,47.5,0.2864
2026-07-22,7498.96,2026-12-31,162.0,5860.0,1776.4,0.2714,48.0,0.2857
2026-07-22,7498.96,2026-12-31,162.0,5870.0,1767.05,0.2708,48.4,0.2848
2026-07-22,7498.96,2026-12-31,162.0,5875.0,1762.4,0.2705,48.7,0.2846
2026-07-22,7498.96,2026-12-31,162.0,5880.0,1757.7,0.2702,48.9,0.2841
2026-07-22,7498.96,2026-12-31,162.0,5890.0,1748.4,0.2696,49.4,0.2834
2026-07-22,7498.96,2026-12-31,162.0,5900.0,1739.0,0.2689,49.85,0.2826
2026-07-22,7498.96,2026-12-31,162.0,5910.0,1729.7,0.2683,50.3,0.2817
2026-07-22,7498.96,2026-12-31,162.0,5920.0,1720.4,0.2678,50.8,0.281
2026-07-22,7498.96,2026-12-31,162.0,5925.0,1715.7,0.2674,51.05,0.2806
2026-07-22,7498.96,2026-12-31,162.0,5930.0,1711.05,0.2671,51.3,0.2802
2026-07-22,7498.96,2026-12-31,162.0,5940.0,1701.75,0.2665,51.8,0.2795
2026-07-22,7498.96,2026-12-31,162.0,5950.0,1692.4,0.2658,52.25,0.2786
2026-07-22,7498.96,2026-12-31,162.0,5960.0,1683.1,0.2652,52.75,0.2778
2026-07-22,7498.96,2026-12-31,162.0,5970.0,1673.8,0.2646,53.25,0.277
2026-07-22,7498.96,2026-12-31,162.0,5975.0,1669.2,0.2644,53.55,0.2767
2026-07-22,7498.96,2026-12-31,162.0,5980.0,1664.5,0.264,53.8,0.2763
2026-07-22,7498.96,2026-12-31,162.0,5990.0,1655.3,0.2635,54.35,0.2756
2026-07-22,7498.96,2026-12-31,162.0,6000.0,1646.0,0.2628,54.8,0.2747
2026-07-22,7498.96,2026-12-31,162.0,6005.0,1641.3,0.2624,55.1,0.2744
2026-07-22,7498.96,2026-12-31,162.0,6010.0,1636.7,0.2622,55.35,0.274
2026-07-22,7498.96,2026-12-31,162.0,6015.0,1632.1,0.2619,55.6,0.2735
2026-07-22,7498.96,2026-12-31,162.0,6020.0,1627.4,0.2615,55.9,0.2732
2026-07-22,7498.96,2026-12-31,162.0,6025.0,1622.8,0.2613,56.15,0.2728
2026-07-22,7498.96,2026-12-31,162.0,6030.0,1618.2,0.261,56.4,0.2724
2026-07-22,7498.96,2026-12-31,162.0,6035.0,1613.5,0.2606,56.7,0.272
2026-07-22,7498.96,2026-12-31,162.0,6040.0,1608.9,0.2603,57.0,0.2717
2026-07-22,7498.96,2026-12-31,162.0,6045.0,1604.3,0.26,57.25,0.2712
2026-07-22,7498.96,2026-12-31,162.0,6050.0,1599.6,0.2596,57.55,0.2709
2026-07-22,7498.96,2026-12-31,162.0,6055.0,1595.0,0.2593,57.8,0.2705
2026-07-22,7498.96,2026-12-31,162.0,6060.0,1590.4,0.2591,58.1,0.2701
2026-07-22,7498.96,2026-12-31,162.0,6065.0,1585.8,0.2588,58.4,0.2697
2026-07-22,7498.96,2026-12-31,162.0,6070.0,1581.2,0.2585,58.65,0.2693
2026-07-22,7498.96,2026-12-31,162.0,6075.0,1576.5,0.2581,58.95,0.2689
2026-07-22,7498.96,2026-12-31,162.0,6080.0,1571.9,0.2578,59.3,0.2686
2026-07-22,7498.96,2026-12-31,162.0,6085.0,1567.3,0.2575,59.55,0.2682
2026-07-22,7498.96,2026-12-31,162.0,6090.0,1562.7,0.2572,59.8,0.2678
2026-07-22,7498.96,2026-12-31,162.0,6095.0,1558.1,0.2569,60.1,0.2674
2026-07-22,7498.96,2026-12-31,162.0,6100.0,1553.5,0.2566,60.4,0.267
2026-07-22,7498.96,2026-12-31,162.0,6105.0,1548.9,0.2563,60.65,0.2666
2026-07-22,7498.96,2026-12-31,162.0,6110.0,1544.3,0.256,60.95,0.2662
2026-07-22,7498.96,2026-12-31,162.0,6115.0,1539.7,0.2556,61.25,0.2658
2026-07-22,7498.96,2026-12-31,162.0,6120.0,1535.1,0.2553,61.55,0.2654
2026-07-22,7498.96,2026-12-31,162.0,6125.0,1530.5,0.255,61.85,0.2651
2026-07-22,7498.96,2026-12-31,162.0,6130.0,1525.9,0.2547,62.1,0.2646
2026-07-22,7498.96,2026-12-31,162.0,6135.0,1521.3,0.2544,62.4,0.2642
2026-07-22,7498.96,2026-12-31,162.0,6140.0,1516.7,0.2541,62.8,0.2639
2026-07-22,7498.96,2026-12-31,162.0,6145.0,1512.1,0.2537,63.1,0.2636
2026-07-22,7498.96,2026-12-31,162.0,6150.0,1507.5,0.2534,63.4,0.2632
2026-07-22,7498.96,2026-12-31,162.0,6155.0,1502.9,0.2531,63.75,0.2628
2026-07-22,7498.96,2026-12-31,162.0,6160.0,1498.3,0.2528,64.0,0.2624
2026-07-22,7498.96,2026-12-31,162.0,6165.0,1493.7,0.2524,64.3,0.262
2026-07-22,7498.96,2026-12-31,162.0,6170.0,1489.0,0.252,64.6,0.2616
2026-07-22,7498.96,2026-12-31,162.0,6175.0,1484.4,0.2516,65.0,0.2613
2026-07-22,7498.96,2026-12-31,162.0,6180.0,1479.9,0.2514,65.3,0.2609
2026-07-22,7498.96,2026-12-31,162.0,6185.0,1475.4,0.2512,65.6,0.2605
2026-07-22,7498.96,2026-12-31,162.0,6190.0,1470.8,0.2508,65.9,0.2601
2026-07-22,7498.96,2026-12-31,162.0,6195.0,1466.1,0.2504,66.3,0.2598
2026-07-22,7498.96,2026-12-31,162.0,6200.0,1461.6,0.2502,66.6,0.2593
2026-07-22,7498.96,2026-12-31,162.0,6205.0,1457.1,0.2499,66.9,0.2589
2026-07-22,7498.96,2026-12-31,162.0,6210.0,1452.4,0.2494,67.3,0.2586
2026-07-22,7498.96,2026-12-31,162.0,6215.0,1447.9,0.2492,67.6,0.2582
2026-07-22,7498.96,2026-12-31,162.0,6220.0,1443.4,0.249,67.9,0.2578
2026-07-22,7498.96,2026-12-31,162.0,6225.0,1438.7,0.2485,68.3,0.2575
2026-07-22,7498.96,2026-12-31,162.0,6230.0,1434.2,0.2483,68.55,0.257
2026-07-22,7498.96,2026-12-31,162.0,6235.0,1429.7,0.248,69.0,0.2567
2026-07-22,7498.96,2026-12-31,162.0,6240.0,1425.1,0.2476,69.25,0.2563
2026-07-22,7498.96,2026-12-31,162.0,6245.0,1420.5,0.2473,69.7,0.256
2026-07-22,7498.96,2026-12-31,162.0,6250.0,1416.0,0.247,69.95,0.2555
2026-07-22,7498.96,2026-12-31,162.0,6255.0,1411.4,0.2466,70.4,0.2552
2026-07-22,7498.96,2026-12-31,162.0,6260.0,1406.9,0.2464,70.65,0.2547
2026-07-22,7498.96,2026-12-31,162.0,6265.0,1402.3,0.246,71.1,0.2545
2026-07-22,7498.96,2026-12-31,162.0,6270.0,1397.8,0.2457,71.35,0.254
2026-07-22,7498.96,2026-12-31,162.0,6275.0,1393.2,0.2454,71.8,0.2537
2026-07-22,7498.96,2026-12-31,162.0,6280.0,1388.7,0.2451,72.2,0.2534
2026-07-22,7498.96,2026-12-31,162.0,6285.0,1384.1,0.2447,72.5,0.2529
2026-07-22,7498.96,2026-12-31,162.0,6290.0,1379.6,0.2444,72.95,0.2526
2026-07-22,7498.96,2026-12-31,162.0,6295.0,1375.1,0.2441,73.25,0.2522
2026-07-22,7498.96,2026-12-31,162.0,6300.0,1370.5,0.2438,73.6,0.2518
2026-07-22,7498.96,2026-12-31,162.0,6305.0,1366.0,0.2435,74.05,0.2515
2026-07-22,7498.96,2026-12-31,162.0,6310.0,1361.4,0.2431,74.35,0.251
2026-07-22,7498.96,2026-12-31,162.0,6315.0,1356.9,0.2428,74.65,0.2506
2026-07-22,7498.96,2026-12-31,162.0,6320.0,1352.4,0.2425,75.05,0.2502
2026-07-22,7498.96,2026-12-31,162.0,6325.0,1347.9,0.2422,75.5,0.2499
2026-07-22,7498.96,2026-12-31,162.0,6330.0,1343.3,0.2418,75.85,0.2495
2026-07-22,7498.96,2026-12-31,162.0,6335.0,1338.8,0.2415,76.3,0.2492
2026-07-22,7498.96,2026-12-31,162.0,6340.0,1334.3,0.2412,76.65,0.2488
2026-07-22,7498.96,2026-12-31,162.0,6345.0,1329.8,0.2409,76.95,0.2483
2026-07-22,7498.96,2026-12-31,162.0,6350.0,1325.3,0.2406,77.4,0.248
2026-07-22,7498.96,2026-12-31,162.0,6355.0,1320.7,0.2402,77.8,0.2477
2026-07-22,7498.96,2026-12-31,162.0,6360.0,1316.2,0.2399,78.2,0.2473
2026-07-22,7498.96,2026-12-31,162.0,6365.0,1311.7,0.2395,78.55,0.2469
2026-07-22,7498.96,2026-12-31,162.0,6370.0,1307.2,0.2392,78.95,0.2465
2026-07-22,7498.96,2026-12-31,162.0,6375.0,1302.7,0.2389,79.35,0.2461
2026-07-22,7498.96,2026-12-31,162.0,6380.0,1298.2,0.2386,79.75,0.2457
2026-07-22,7498.96,2026-12-31,162.0,6385.0,1293.7,0.2383,80.15,0.2454
2026-07-22,7498.96,2026-12-31,162.0,6390.0,1289.2,0.2379,80.5,0.2449
2026-07-22,7498.96,2026-12-31,162.0,6395.0,1284.7,0.2376,81.05,0.2447
2026-07-22,7498.96,2026-12-31,162.0,6400.0,1280.2,0.2373,81.45,0.2443
2026-07-22,7498.96,2026-12-31,162.0,6405.0,1275.7,0.2369,81.85,0.2439
2026-07-22,7498.96,2026-12-31,162.0,6410.0,1271.2,0.2366,82.25,0.2435
2026-07-22,7498.96,2026-12-31,162.0,6415.0,1266.7,0.2363,82.65,0.2431
2026-07-22,7498.96,2026-12-31,162.0,6420.0,1262.3,0.236,83.05,0.2427
2026-07-22,7498.96,2026-12-31,162.0,6425.0,1257.8,0.2357,83.5,0.2424
2026-07-22,7498.96,2026-12-31,162.0,6430.0,1253.3,0.2353,83.95,0.242
2026-07-22,7498.96,2026-12-31,162.0,6435.0,1248.8,0.235,84.35,0.2416
2026-07-22,7498.96,2026-12-31,162.0,6440.0,1244.3,0.2346,84.85,0.2413
2026-07-22,7498.96,2026-12-31,162.0,6445.0,1239.9,0.2344,85.25,0.2409
2026-07-22,7498.96,2026-12-31,162.0,6450.0,1235.4,0.234,85.65,0.2405
2026-07-22,7498.96,2026-12-31,162.0,6455.0,1230.9,0.2336,86.15,0.2402
2026-07-22,7498.96,2026-12-31,162.0,6460.0,1226.5,0.2334,86.55,0.2398
2026-07-22,7498.96,2026-12-31,162.0,6465.0,1222.0,0.233,87.0,0.2394
2026-07-22,7498.96,2026-12-31,162.0,6470.0,1217.5,0.2327,87.4,0.239
2026-07-22,7498.96,2026-12-31,162.0,6475.0,1213.1,0.2324,87.85,0.2386
2026-07-22,7498.96,2026-12-31,162.0,6480.0,1208.6,0.232,88.3,0.2383
2026-07-22,7498.96,2026-12-31,162.0,6485.0,1204.2,0.2317,88.75,0.2379
2026-07-22,7498.96,2026-12-31,162.0,6490.0,1199.7,0.2314,89.2,0.2375
2026-07-22,7498.96,2026-12-31,162.0,6495.0,1195.3,0.2311,89.7,0.2372
2026-07-22,7498.96,2026-12-31,162.0,6500.0,1190.75,0.2306,90.1,0.2367
2026-07-22,7498.96,2026-12-31,162.0,6505.0,1186.4,0.2304,90.6,0.2364
2026-07-22,7498.96,2026-12-31,162.0,6510.0,1181.85,0.23,91.05,0.236
2026-07-22,7498.96,2026-12-31,162.0,6515.0,1177.5,0.2297,91.55,0.2357
2026-07-22,7498.96,2026-12-31,162.0,6520.0,1173.0,0.2293,92.0,0.2353
2026-07-22,7498.96,2026-12-31,162.0,6525.0,1168.55,0.229,92.45,0.2349
2026-07-22,7498.96,2026-12-31,162.0,6530.0,1164.2,0.2287,92.9,0.2345
2026-07-22,7498.96,2026-12-31,162.0,6535.0,1159.7,0.2283,93.45,0.2342
2026-07-22,7498.96,2026-12-31,162.0,6540.0,1155.3,0.228,93.9,0.2338
2026-07-22,7498.96,2026-12-31,162.0,6545.0,1150.85,0.2277,94.4,0.2334
2026-07-22,7498.96,2026-12-31,162.0,6550.0,1146.45,0.2273,94.9,0.233
2026-07-22,7498.96,2026-12-31,162.0,6555.0,1142.0,0.227,95.3,0.2326
2026-07-22,7498.96,2026-12-31,162.0,6560.0,1137.6,0.2267,95.85,0.2323
2026-07-22,7498.96,2026-12-31,162.0,6565.0,1133.2,0.2263,96.35,0.2319
2026-07-22,7498.96,2026-12-31,162.0,6570.0,1128.8,0.226,96.85,0.2315
2026-07-22,7498.96,2026-12-31,162.0,6575.0,1124.4,0.2257,97.35,0.2311
2026-07-22,7498.96,2026-12-31,162.0,6580.0,1120.0,0.2254,97.85,0.2308
2026-07-22,7498.96,2026-12-31,162.0,6585.0,1115.6,0.225,98.35,0.2304
2026-07-22,7498.96,2026-12-31,162.0,6590.0,1111.2,0.2247,98.85,0.23
2026-07-22,7498.96,2026-12-31,162.0,6595.0,1106.8,0.2244,99.35,0.2296
2026-07-22,7498.96,2026-12-31,162.0,6600.0,1102.4,0.224,99.8,0.2292
2026-07-22,7498.96,2026-12-31,162.0,6605.0,1098.0,0.2237,100.4,0.2289
2026-07-22,7498.96,2026-12-31,162.0,6610.0,1093.6,0.2233,100.9,0.2285
2026-07-22,7498.96,2026-12-31,162.0,6615.0,1089.2,0.223,101.4,0.2281
2026-07-22,7498.96,2026-12-31,162.0,6620.0,1084.8,0.2226,101.9,0.2277
2026-07-22,7498.96,2026-12-31,162.0,6625.0,1080.5,0.2224,102.5,0.2274
2026-07-22,7498.96,2026-12-31,162.0,6630.0,1076.1,0.222,103.0,0.227
2026-07-22,7498.96,2026-12-31,162.0,6635.0,1071.7,0.2216,103.5,0.2266
2026-07-22,7498.96,2026-12-31,162.0,6640.0,1067.3,0.2213,104.1,0.2262
2026-07-22,7498.96,2026-12-31,162.0,6645.0,1063.0,0.221,104.6,0.2258
2026-07-22,7498.96,2026-12-31,162.0,6650.0,1058.6,0.2206,105.1,0.2254
2026-07-22,7498.96,2026-12-31,162.0,6655.0,1054.1,0.2202,105.75,0.2251
2026-07-22,7498.96,2026-12-31,162.0,6660.0,1049.9,0.22,106.2,0.2247
2026-07-22,7498.96,2026-12-31,162.0,6665.0,1045.45,0.2196,106.75,0.2243
2026-07-22,7498.96,2026-12-31,162.0,6670.0,1041.2,0.2193,107.3,0.2239
2026-07-22,7498.96,2026-12-31,162.0,6675.0,1036.75,0.2189,107.95,0.2236
2026-07-22,7498.96,2026-12-31,162.0,6680.0,1032.5,0.2186,108.4,0.2231
2026-07-22,7498.96,2026-12-31,162.0,6685.0,1028.05,0.2182,109.0,0.2228
2026-07-22,7498.96,2026-12-31,162.0,6690.0,1023.75,0.2179,109.6,0.2224
2026-07-22,7498.96,2026-12-31,162.0,6695.0,1019.5,0.2176,110.1,0.222
2026-07-22,7498.96,2026-12-31,162.0,6700.0,1015.0,0.2171,110.7,0.2216
2026-07-22,7498.96,2026-12-31,162.0,6705.0,1010.7,0.2168,111.35,0.2213
2026-07-22,7498.96,2026-12-31,162.0,6710.0,1006.5,0.2166,111.85,0.2209
2026-07-22,7498.96,2026-12-31,162.0,6715.0,1002.1,0.2162,112.4,0.2205
2026-07-22,7498.96,2026-12-31,162.0,6720.0,997.7,0.2158,113.0,0.2201
2026-07-22,7498.96,2026-12-31,162.0,6725.0,993.4,0.2155,113.6,0.2197
2026-07-22,7498.96,2026-12-31,162.0,6730.0,989.15,0.2152,114.25,0.2194
2026-07-22,7498.96,2026-12-31,162.0,6735.0,984.85,0.2148,114.85,0.219
2026-07-22,7498.96,2026-12-31,162.0,6740.0,980.5,0.2145,115.5,0.2187
2026-07-22,7498.96,2026-12-31,162.0,6745.0,976.25,0.2142,116.1,0.2183
2026-07-22,7498.96,2026-12-31,162.0,6750.0,971.95,0.2138,116.6,0.2178
2026-07-22,7498.96,2026-12-31,162.0,6755.0,967.65,0.2135,117.2,0.2174
2026-07-22,7498.96,2026-12-31,162.0,6760.0,963.3,0.2131,117.8,0.2171
2026-07-22,7498.96,2026-12-31,162.0,6765.0,959.0,0.2127,118.5,0.2167
2026-07-22,7498.96,2026-12-31,162.0,6770.0,954.7,0.2124,119.1,0.2163
2026-07-22,7498.96,2026-12-31,162.0,6775.0,950.5,0.2121,119.65,0.2159
2026-07-22,7498.96,2026-12-31,162.0,6780.0,946.2,0.2117,120.3,0.2155
2026-07-22,7498.96,2026-12-31,162.0,6785.0,941.9,0.2114,121.0,0.2152
2026-07-22,7498.96,2026-12-31,162.0,6790.0,937.7,0.2111,121.55,0.2148
2026-07-22,7498.96,2026-12-31,162.0,6795.0,933.4,0.2107,122.35,0.2145
2026-07-22,7498.96,2026-12-31,162.0,6800.0,929.1,0.2104,122.9,0.2141
2026-07-22,7498.96,2026-12-31,162.0,6805.0,924.9,0.2101,123.55,0.2137
2026-07-22,7498.96,2026-12-31,162.0,6810.0,920.6,0.2097,124.2,0.2133
2026-07-22,7498.96,2026-12-31,162.0,6815.0,916.25,0.2093,124.8,0.2129
2026-07-22,7498.96,2026-12-31,162.0,6820.0,912.1,0.209,125.45,0.2125
2026-07-22,7498.96,2026-12-31,162.0,6825.0,907.75,0.2086,126.05,0.2121
2026-07-22,7498.96,2026-12-31,162.0,6830.0,903.6,0.2083,126.75,0.2117
2026-07-22,7498.96,2026-12-31,162.0,6835.0,899.2,0.2078,127.6,0.2115
2026-07-22,7498.96,2026-12-31,162.0,6840.0,895.05,0.2075,128.1,0.211
2026-07-22,7498.96,2026-12-31,162.0,6845.0,890.85,0.2072,128.8,0.2106
2026-07-22,7498.96,2026-12-31,162.0,6850.0,886.55,0.2068,129.5,0.2102
2026-07-22,7498.96,2026-12-31,162.0,6855.0,882.3,0.2065,130.3,0.2099
2026-07-22,7498.96,2026-12-31,162.0,6860.0,878.1,0.2061,130.9,0.2095
2026-07-22,7498.96,2026-12-31,162.0,6865.0,873.9,0.2058,131.6,0.2091
2026-07-22,7498.96,2026-12-31,162.0,6870.0,869.75,0.2055,132.25,0.2087
2026-07-22,7498.96,2026-12-31,162.0,6875.0,865.55,0.2051,132.95,0.2083
2026-07-22,7498.96,2026-12-31,162.0,6880.0,861.3,0.2048,133.65,0.2079
2026-07-22,7498.96,2026-12-31,162.0,6885.0,857.1,0.2044,134.35,0.2075
2026-07-22,7498.96,2026-12-31,162.0,6890.0,852.9,0.2041,135.1,0.2072
2026-07-22,7498.96,2026-12-31,162.0,6895.0,848.7,0.2037,135.85,0.2068
2026-07-22,7498.96,2026-12-31,162.0,6900.0,844.5,0.2034,136.6,0.2064
2026-07-22,7498.96,2026-12-31,162.0,6905.0,840.4,0.2031,137.2,0.206
2026-07-22,7498.96,2026-12-31,162.0,6910.0,836.2,0.2027,137.95,0.2056
2026-07-22,7498.96,2026-12-31,162.0,6915.0,832.0,0.2023,138.75,0.2053
2026-07-22,7498.96,2026-12-31,162.0,6920.0,833.8,0.2061,139.4,0.2048
2026-07-22,7498.96,2026-12-31,162.0,6925.0,823.7,0.2017,140.15,0.2044
2026-07-22,7498.96,2026-12-31,162.0,6930.0,819.5,0.2013,140.95,0.2041
2026-07-22,7498.96,2026-12-31,162.0,6935.0,821.3,0.205,141.65,0.2037
2026-07-22,7498.96,2026-12-31,162.0,6940.0,811.2,0.2006,142.4,0.2033
2026-07-22,7498.96,2026-12-31,162.0,6945.0,810.0,0.2022,143.2,0.2029
2026-07-22,7498.96,2026-12-31,162.0,6950.0,805.9,0.2019,143.95,0.2025
2026-07-22,7498.96,2026-12-31,162.0,6955.0,798.8,0.1996,144.85,0.2022
2026-07-22,7498.96,2026-12-31,162.0,6960.0,800.6,0.2032,145.45,0.2017
2026-07-22,7498.96,2026-12-31,162.0,6965.0,796.5,0.2028,146.25,0.2014
2026-07-22,7498.96,2026-12-31,162.0,6970.0,786.4,0.1985,147.1,0.201
2026-07-22,7498.96,2026-12-31,162.0,6975.0,788.2,0.202,147.9,0.2006
2026-07-22,7498.96,2026-12-31,162.0,6980.0,784.1,0.2017,148.75,0.2003
2026-07-22,7498.96,2026-12-31,162.0,6985.0,780.0,0.2013,149.55,0.1999
2026-07-22,7498.96,2026-12-31,162.0,6990.0,775.9,0.201,150.35,0.1995
2026-07-22,7498.96,2026-12-31,162.0,6995.0,771.8,0.2006,151.15,0.1991
2026-07-22,7498.96,2026-12-31,162.0,7000.0,767.7,0.2002,151.95,0.1987
2026-07-22,7498.96,2026-12-31,162.0,7005.0,763.6,0.1999,152.7,0.1983
2026-07-22,7498.96,2026-12-31,162.0,7010.0,759.5,0.1995,153.55,0.1979
2026-07-22,7498.96,2026-12-31,162.0,7015.0,755.4,0.1991,154.3,0.1975
2026-07-22,7498.96,2026-12-31,162.0,7020.0,751.3,0.1987,155.25,0.1972
2026-07-22,7498.96,2026-12-31,162.0,7025.0,747.3,0.1984,156.05,0.1968
2026-07-22,7498.96,2026-12-31,162.0,7030.0,743.2,0.198,156.8,0.1963
2026-07-22,7498.96,2026-12-31,162.0,7035.0,739.1,0.1977,157.75,0.196
2026-07-22,7498.96,2026-12-31,162.0,7040.0,735.1,0.1973,158.5,0.1955
2026-07-22,7498.96,2026-12-31,162.0,7045.0,731.0,0.1969,159.45,0.1952
2026-07-22,7498.96,2026-12-31,162.0,7050.0,727.0,0.1966,160.15,0.1947
2026-07-22,7498.96,2026-12-31,162.0,7055.0,722.9,0.1962,161.1,0.1944
2026-07-22,7498.96,2026-12-31,162.0,7060.0,718.9,0.1959,162.15,0.1941
2026-07-22,7498.96,2026-12-31,162.0,7065.0,714.9,0.1955,162.95,0.1937
2026-07-22,7498.96,2026-12-31,162.0,7070.0,710.9,0.1952,163.85,0.1933
2026-07-22,7498.96,2026-12-31,162.0,7075.0,706.8,0.1947,164.6,0.1928
2026-07-22,7498.96,2026-12-31,162.0,7080.0,702.8,0.1944,165.4,0.1924
2026-07-22,7498.96,2026-12-31,162.0,7085.0,698.8,0.194,166.4,0.192
2026-07-22,7498.96,2026-12-31,162.0,7090.0,694.8,0.1937,167.3,0.1916
2026-07-22,7498.96,2026-12-31,162.0,7095.0,690.8,0.1933,168.35,0.1913
2026-07-22,7498.96,2026-12-31,162.0,7100.0,686.8,0.1929,169.3,0.1909
2026-07-22,7498.96,2026-12-31,162.0,7105.0,682.8,0.1925,170.2,0.1905
2026-07-22,7498.96,2026-12-31,162.0,7110.0,678.9,0.1922,171.0,0.1901
2026-07-22,7498.96,2026-12-31,162.0,7115.0,674.9,0.1918,172.1,0.1898
2026-07-22,7498.96,2026-12-31,162.0,7120.0,670.9,0.1915,173.0,0.1894
2026-07-22,7498.96,2026-12-31,162.0,7125.0,667.0,0.1911,174.0,0.189
2026-07-22,7498.96,2026-12-31,162.0,7130.0,663.0,0.1907,174.85,0.1885
2026-07-22,7498.96,2026-12-31,162.0,7135.0,659.1,0.1904,175.9,0.1882
2026-07-22,7498.96,2026-12-31,162.0,7140.0,655.1,0.19,176.8,0.1878
2026-07-22,7498.96,2026-12-31,162.0,7145.0,651.2,0.1897,177.8,0.1874
2026-07-22,7498.96,2026-12-31,162.0,7150.0,647.3,0.1893,178.8,0.187
2026-07-22,7498.96,2026-12-31,162.0,7155.0,643.3,0.1889,179.85,0.1866
2026-07-22,7498.96,2026-12-31,162.0,7160.0,639.4,0.1886,180.8,0.1862
2026-07-22,7498.96,2026-12-31,162.0,7165.0,635.5,0.1882,181.8,0.1858
2026-07-22,7498.96,2026-12-31,162.0,7170.0,631.6,0.1878,182.8,0.1854
2026-07-22,7498.96,2026-12-31,162.0,7175.0,627.7,0.1875,183.85,0.1851
2026-07-22,7498.96,2026-12-31,162.0,7180.0,623.8,0.1871,184.8,0.1846
2026-07-22,7498.96,2026-12-31,162.0,7185.0,619.9,0.1867,185.85,0.1843
2026-07-22,7498.96,2026-12-31,162.0,7190.0,616.1,0.1864,186.75,0.1838
2026-07-22,7498.96,2026-12-31,162.0,7195.0,612.2,0.186,187.75,0.1834
2026-07-22,7498.96,2026-12-31,162.0,7200.0,603.7,0.183,188.85,0.183
2026-07-22,7498.96,2026-12-31,162.0,7205.0,599.85,0.1826,189.65,0.1825
2026-07-22,7498.96,2026-12-31,162.0,7210.0,596.1,0.1823,190.95,0.1822
2026-07-22,7498.96,2026-12-31,162.0,7215.0,591.5,0.1815,192.0,0.1818
2026-07-22,7498.96,2026-12-31,162.0,7220.0,587.5,0.1811,193.1,0.1814
2026-07-22,7498.96,2026-12-31,162.0,7225.0,583.6,0.1807,194.15,0.181
2026-07-22,7498.96,2026-12-31,162.0,7230.0,580.0,0.1805,195.25,0.1806
2026-07-22,7498.96,2026-12-31,162.0,7235.0,576.4,0.1802,196.35,0.1802
2026-07-22,7498.96,2026-12-31,162.0,7240.0,572.5,0.1798,197.5,0.1799
2026-07-22,7498.96,2026-12-31,162.0,7245.0,568.65,0.1795,198.6,0.1795
2026-07-22,7498.96,2026-12-31,162.0,7250.0,564.95,0.1791,199.7,0.1791
2026-07-22,7498.96,2026-12-31,162.0,7255.0,560.9,0.1786,200.7,0.1786
2026-07-22,7498.96,2026-12-31,162.0,7260.0,557.45,0.1785,202.0,0.1783
2026-07-22,7498.96,2026-12-31,162.0,7265.0,553.05,0.1778,203.1,0.1779
2026-07-22,7498.96,2026-12-31,162.0,7270.0,549.75,0.1777,204.3,0.1775
2026-07-22,7498.96,2026-12-31,162.0,7275.0,545.7,0.1772,205.35,0.177
2026-07-22,7498.96,2026-12-31,162.0,7280.0,542.05,0.1769,206.6,0.1767
2026-07-22,7498.96,2026-12-31,162.0,7285.0,538.75,0.1767,207.8,0.1763
2026-07-22,7498.96,2026-12-31,162.0,7290.0,535.3,0.1765,208.9,0.1759
2026-07-22,7498.96,2026-12-31,162.0,7295.0,531.2,0.176,210.1,0.1755
2026-07-22,7498.96,2026-12-31,162.0,7300.0,527.5,0.1756,211.3,0.1751
2026-07-22,7498.96,2026-12-31,162.0,7305.0,524.25,0.1755,212.55,0.1747
2026-07-22,7498.96,2026-12-31,162.0,7310.0,519.85,0.1748,213.8,0.1743
2026-07-22,7498.96,2026-12-31,162.0,7315.0,516.55,0.1747,215.0,0.1739
2026-07-22,7498.96,2026-12-31,162.0,7320.0,512.45,0.1741,216.2,0.1735
2026-07-22,7498.96,2026-12-31,162.0,7325.0,509.2,0.174,217.5,0.1732
2026-07-22,7498.96,2026-12-31,162.0,7330.0,505.5,0.1736,218.7,0.1727
2026-07-22,7498.96,2026-12-31,162.0,7335.0,501.7,0.1732,219.75,0.1722
2026-07-22,7498.96,2026-12-31,162.0,7340.0,498.05,0.1728,221.25,0.172
2026-07-22,7498.96,2026-12-31,162.0,7345.0,494.75,0.1726,222.6,0.1716
2026-07-22,7498.96,2026-12-31,162.0,7350.0,490.8,0.1721,223.8,0.1712
2026-07-22,7498.96,2026-12-31,162.0,7355.0,487.1,0.1717,225.1,0.1708
2026-07-22,7498.96,2026-12-31,162.0,7360.0,483.75,0.1715,226.45,0.1704
2026-07-22,7498.96,2026-12-31,162.0,7365.0,480.1,0.1711,227.65,0.1699
2026-07-22,7498.96,2026-12-31,162.0,7370.0,476.7,0.1709,229.05,0.1696
2026-07-22,7498.96,2026-12-31,162.0,7375.0,473.05,0.1705,230.35,0.1692
2026-07-22,7498.96,2026-12-31,162.0,7380.0,469.25,0.17,231.65,0.1687
2026-07-22,7498.96,2026-12-31,162.0,7385.0,466.1,0.1699,233.1,0.1684
2026-07-22,7498.96,2026-12-31,162.0,7390.0,462.45,0.1695,234.5,0.168
2026-07-22,7498.96,2026-12-31,162.0,7395.0,459.35,0.1694,235.85,0.1676
2026-07-22,7498.96,2026-12-31,162.0,7400.0,455.7,0.169,237.25,0.1672
2026-07-22,7498.96,2026-12-31,162.0,7405.0,452.0,0.1685,238.65,0.1668
2026-07-22,7498.96,2026-12-31,162.0,7410.0,448.4,0.1681,240.05,0.1664
2026-07-22,7498.96,2026-12-31,162.0,7415.0,444.7,0.1677,241.45,0.166
2026-07-22,7498.96,2026-12-31,162.0,7420.0,441.45,0.1675,242.65,0.1655
2026-07-22,7498.96,2026-12-31,162.0,7425.0,437.55,0.1669,244.25,0.1652
2026-07-22,7498.96,2026-12-31,162.0,7430.0,434.85,0.167,245.8,0.1649
2026-07-22,7498.96,2026-12-31,162.0,7435.0,431.0,0.1664,247.15,0.1644
2026-07-22,7498.96,2026-12-31,162.0,7440.0,427.65,0.1661,248.5,0.164
2026-07-22,7498.96,2026-12-31,162.0,7445.0,424.35,0.1659,250.2,0.1637
2026-07-22,7498.96,2026-12-31,162.0,7450.0,421.05,0.1656,251.55,0.1632
2026-07-22,7498.96,2026-12-31,162.0,7455.0,417.6,0.1652,253.05,0.1628
2026-07-22,7498.96,2026-12-31,162.0,7460.0,414.15,0.1649,254.65,0.1625
2026-07-22,7498.96,2026-12-31,162.0,7465.0,410.4,0.1644,256.15,0.1621
2026-07-22,7498.96,2026-12-31,162.0,7470.0,407.0,0.164,257.5,0.1616
2026-07-22,7498.96,2026-12-31,162.0,7475.0,404.0,0.1639,259.3,0.1613
2026-07-22,7498.96,2026-12-31,162.0,7480.0,400.55,0.1635,260.75,0.1609
2026-07-22,7498.96,2026-12-31,162.0,7485.0,396.85,0.163,262.3,0.1604
2026-07-22,7498.96,2026-12-31,162.0,7490.0,393.6,0.1627,263.85,0.16
2026-07-22,7498.96,2026-12-31,162.0,7495.0,390.9,0.1627,265.6,0.1597
2026-07-22,7498.96,2026-12-31,162.0,7500.0,387.5,0.1623,267.15,0.1593
2026-07-22,7498.96,2026-12-31,162.0,7505.0,383.7,0.1617,268.75,0.1589
2026-07-22,7498.96,2026-12-31,162.0,7510.0,380.9,0.1616,270.15,0.1584
2026-07-22,7498.96,2026-12-31,162.0,7515.0,377.25,0.1611,272.1,0.1581
2026-07-22,7498.96,2026-12-31,162.0,7520.0,374.65,0.1611,273.45,0.1576
2026-07-22,7498.96,2026-12-31,162.0,7525.0,370.75,0.1604,275.4,0.1573
2026-07-22,7498.96,2026-12-31,162.0,7530.0,367.45,0.1601,276.9,0.1568
2026-07-22,7498.96,2026-12-31,162.0,7535.0,364.85,0.1601,278.7,0.1565
2026-07-22,7498.96,2026-12-31,162.0,7540.0,361.2,0.1595,280.1,0.1559
2026-07-22,7498.96,2026-12-31,162.0,7545.0,358.05,0.1592,282.2,0.1557
2026-07-22,7498.96,2026-12-31,162.0,7550.0,354.95,0.159,283.6,0.1552
2026-07-22,7498.96,2026-12-31,162.0,7555.0,351.5,0.1585,285.8,0.155
2026-07-22,7498.96,2026-12-31,162.0,7560.0,348.3,0.1582,287.1,0.1544
2026-07-22,7498.96,2026-12-31,162.0,7565.0,345.35,0.1579,288.9,0.154
2026-07-22,7498.96,2026-12-31,162.0,7570.0,342.6,0.1578,290.6,0.1535
2026-07-22,7498.96,2026-12-31,162.0,7575.0,339.3,0.1574,292.55,0.1532
2026-07-22,7498.96,2026-12-31,162.0,7580.0,335.95,0.157,294.2,0.1527
2026-07-22,7498.96,2026-12-31,162.0,7585.0,333.35,0.1569,296.15,0.1524
2026-07-22,7498.96,2026-12-31,162.0,7590.0,330.1,0.1565,298.1,0.1521
2026-07-22,7498.96,2026-12-31,162.0,7595.0,326.4,0.1559,299.8,0.1516
2026-07-22,7498.96,2026-12-31,162.0,7600.0,324.0,0.1559,301.9,0.1513
2026-07-22,7498.96,2026-12-31,162.0,7605.0,320.5,0.1553,303.6,0.1508
2026-07-22,7498.96,2026-12-31,162.0,7610.0,317.7,0.1551,305.6,0.1505
2026-07-22,7498.96,2026-12-31,162.0,7615.0,314.4,0.1547,307.3,0.15
2026-07-22,7498.96,2026-12-31,162.0,7620.0,311.8,0.1546,309.35,0.1496
2026-07-22,7498.96,2026-12-31,162.0,7625.0,308.75,0.1542,311.0,0.1491
2026-07-22,7498.96,2026-12-31,162.0,7630.0,306.0,0.154,313.15,0.1488
2026-07-22,7498.96,2026-12-31,162.0,7635.0,303.0,0.1537,315.2,0.1484
2026-07-22,7498.96,2026-12-31,162.0,7640.0,300.2,0.1535,316.95,0.1479
2026-07-22,7498.96,2026-12-31,162.0,7645.0,297.25,0.1532,319.0,0.1475
2026-07-22,7498.96,2026-12-31,162.0,7650.0,294.25,0.1528,321.2,0.1472
2026-07-22,7498.96,2026-12-31,162.0,7655.0,291.25,0.1525,322.95,0.1467
2026-07-22,7498.96,2026-12-31,162.0,7660.0,288.2,0.1521,325.05,0.1463
2026-07-22,7498.96,2026-12-31,162.0,7665.0,285.6,0.1519,327.2,0.1459
2026-07-22,7498.96,2026-12-31,162.0,7670.0,282.7,0.1516,329.0,0.1454
2026-07-22,7498.96,2026-12-31,162.0,7675.0,279.95,0.1513,331.2,0.145
2026-07-22,7498.96,2026-12-31,162.0,7680.0,277.25,0.1511,333.3,0.1446
2026-07-22,7498.96,2026-12-31,162.0,7685.0,273.95,0.1506,335.5,0.1442
2026-07-22,7498.96,2026-12-31,162.0,7690.0,271.6,0.1505,337.4,0.1437
2026-07-22,7498.96,2026-12-31,162.0,7695.0,268.7,0.1501,339.55,0.1432
2026-07-22,7498.96,2026-12-31,162.0,7700.0,266.3,0.15,341.8,0.1429
2026-07-22,7498.96,2026-12-31,162.0,7705.0,263.2,0.1496,344.05,0.1425
2026-07-22,7498.96,2026-12-31,162.0,7710.0,260.65,0.1494,346.2,0.142
2026-07-22,7498.96,2026-12-31,162.0,7715.0,258.15,0.1492,348.6,0.1417
2026-07-22,7498.96,2026-12-31,162.0,7720.0,255.4,0.1489,350.3,0.141
2026-07-22,7498.96,2026-12-31,162.0,7725.0,252.5,0.1485,352.7,0.1407
2026-07-22,7498.96,2026-12-31,162.0,7730.0,249.8,0.1482,355.1,0.1403
2026-07-22,7498.96,2026-12-31,162.0,7740.0,244.85,0.1478,359.6,0.1394
2026-07-22,7498.96,2026-12-31,162.0,7750.0,239.25,0.147,364.4,0.1386
2026-07-22,7498.96,2026-12-31,162.0,7760.0,234.25,0.1466,368.85,0.1377
2026-07-22,7498.96,2026-12-31,162.0,7770.0,229.3,0.1461,373.65,0.1368
2026-07-22,7498.96,2026-12-31,162.0,7775.0,226.8,0.1458,375.9,0.1363
2026-07-22,7498.96,2026-12-31,162.0,7780.0,224.05,0.1454,378.4,0.1359
2026-07-22,7498.96,2026-12-31,162.0,7790.0,218.95,0.1448,383.25,0.135
2026-07-22,7498.96,2026-12-31,162.0,7800.0,214.3,0.1444,388.1,0.1339
2026-07-22,7498.96,2026-12-31,162.0,7810.0,209.3,0.1438,393.3,0.133
2026-07-22,7498.96,2026-12-31,162.0,7820.0,204.55,0.1433,398.1,0.1318
2026-07-22,7498.96,2026-12-31,162.0,7825.0,202.3,0.1431,400.5,0.1312
2026-07-22,7498.96,2026-12-31,162.0,7830.0,200.15,0.143,403.3,0.1308
2026-07-22,7498.96,2026-12-31,162.0,7840.0,195.45,0.1424,408.7,0.1299
2026-07-22,7498.96,2026-12-31,162.0,7850.0,191.0,0.142,413.9,0.1288
2026-07-22,7498.96,2026-12-31,162.0,7860.0,186.5,0.1415,418.85,0.1275
2026-07-22,7498.96,2026-12-31,162.0,7870.0,181.85,0.1409,424.6,0.1266
2026-07-22,7498.96,2026-12-31,162.0,7875.0,179.75,0.1407,426.75,0.1257
2026-07-22,7498.96,2026-12-31,162.0,7880.0,177.8,0.1405,429.85,0.1253
2026-07-22,7498.96,2026-12-31,162.0,7890.0,173.5,0.1401,435.35,0.1241
2026-07-22,7498.96,2026-12-31,162.0,7900.0,169.15,0.1395,440.95,0.1227
2026-07-22,7498.96,2026-12-31,162.0,7910.0,165.0,0.1391,446.6,0.1213
2026-07-22,7498.96,2026-12-31,162.0,7920.0,160.75,0.1385,452.2,0.1197
2026-07-22,7498.96,2026-12-31,162.0,7925.0,159.15,0.1385,455.3,0.1191
2026-07-22,7498.96,2026-12-31,162.0,7930.0,157.15,0.1383,458.3,0.1184
2026-07-22,7498.96,2026-12-31,162.0,7940.0,153.05,0.1378,464.1,0.1167
2026-07-22,7498.96,2026-12-31,162.0,7950.0,149.35,0.1374,469.8,0.1146
2026-07-22,7498.96,2026-12-31,162.0,7960.0,145.45,0.1369,476.05,0.1126
2026-07-22,7498.96,2026-12-31,162.0,7970.0,141.95,0.1366,482.1,0.1103
2026-07-22,7498.96,2026-12-31,162.0,7975.0,139.85,0.1363,484.85,0.1087
2026-07-22,7498.96,2026-12-31,162.0,7980.0,138.15,0.1361,488.15,0.1077
2026-07-22,7498.96,2026-12-31,162.0,7985.0,136.35,0.1359,491.45,0.1059
2026-07-22,7498.96,2026-12-31,162.0,7990.0,134.45,0.1357,494.7,0.1039
2026-07-22,7498.96,2026-12-31,162.0,7995.0,132.7,0.1355,497.45,0.1006
2026-07-22,7498.96,2026-12-31,162.0,8000.0,131.05,0.1353,500.65,0.105
2026-07-22,7498.96,2026-12-31,162.0,8005.0,129.2,0.1351,,
2026-07-22,7498.96,2026-12-31,162.0,8010.0,127.5,0.1349,,
2026-07-22,7498.96,2026-12-31,162.0,8015.0,125.8,0.1347,,
2026-07-22,7498.96,2026-12-31,162.0,8020.0,124.1,0.1345,,
2026-07-22,7498.96,2026-12-31,162.0,8025.0,122.45,0.1343,516.0,0.1018
2026-07-22,7498.96,2026-12-31,162.0,8030.0,120.8,0.1341,,
2026-07-22,7498.96,2026-12-31,162.0,8035.0,119.15,0.1339,,
2026-07-22,7498.96,2026-12-31,162.0,8040.0,117.55,0.1338,,
2026-07-22,7498.96,2026-12-31,162.0,8045.0,115.95,0.1336,,
2026-07-22,7498.96,2026-12-31,162.0,8050.0,114.35,0.1334,,
2026-07-22,7498.96,2026-12-31,162.0,8055.0,112.7,0.1332,,
2026-07-22,7498.96,2026-12-31,162.0,8060.0,111.3,0.1331,,
2026-07-22,7498.96,2026-12-31,162.0,8065.0,109.75,0.1329,,
2026-07-22,7498.96,2026-12-31,162.0,8070.0,108.25,0.1327,,
2026-07-22,7498.96,2026-12-31,162.0,8075.0,106.75,0.1326,,
2026-07-22,7498.96,2026-12-31,162.0,8080.0,105.25,0.1324,,
2026-07-22,7498.96,2026-12-31,162.0,8085.0,103.8,0.1322,,
2026-07-22,7498.96,2026-12-31,162.0,8090.0,102.35,0.132,,
2026-07-22,7498.96,2026-12-31,162.0,8095.0,100.85,0.1318,,
2026-07-22,7498.96,2026-12-31,162.0,8100.0,99.5,0.1317,,
2026-07-22,7498.96,2026-12-31,162.0,8105.0,98.1,0.1316,,
2026-07-22,7498.96,2026-12-31,162.0,8110.0,96.65,0.1314,,
2026-07-22,7498.96,2026-12-31,162.0,8115.0,95.5,0.1313,,
2026-07-22,7498.96,2026-12-31,162.0,8120.0,93.95,0.1311,,
2026-07-22,7498.96,2026-12-31,162.0,8125.0,92.65,0.1309,,
2026-07-22,7498.96,2026-12-31,162.0,8130.0,91.25,0.1307,,
2026-07-22,7498.96,2026-12-31,162.0,8135.0,90.05,0.1306,,
2026-07-22,7498.96,2026-12-31,162.0,8140.0,88.7,0.1305,,
2026-07-22,7498.96,2026-12-31,162.0,8150.0,86.15,0.1302,,
2026-07-22,7498.96,2026-12-31,162.0,8160.0,83.7,0.1299,,
2026-07-22,7498.96,2026-12-31,162.0,8170.0,81.2,0.1296,,
2026-07-22,7498.96,2026-12-31,162.0,8175.0,80.1,0.1295,,
2026-07-22,7498.96,2026-12-31,162.0,8180.0,79.0,0.1294,,
2026-07-22,7498.96,2026-12-31,162.0,8190.0,76.65,0.1291,,
2026-07-22,7498.96,2027-01-15,177.0,5625.0,2014.7,0.2902,43.35,0.3004
2026-07-22,7498.96,2027-01-15,177.0,5650.0,1991.2,0.2886,44.35,0.2985
2026-07-22,7498.96,2027-01-15,177.0,5675.0,1967.75,0.2871,45.3,0.2965
2026-07-22,7498.96,2027-01-15,177.0,5700.0,1944.3,0.2854,46.35,0.2945
2026-07-22,7498.96,2027-01-15,177.0,5725.0,1920.9,0.2839,47.4,0.2926
2026-07-22,7498.96,2027-01-15,177.0,5750.0,1897.55,0.2823,48.45,0.2906
2026-07-22,7498.96,2027-01-15,177.0,5775.0,1874.2,0.2807,49.55,0.2887
2026-07-22,7498.96,2027-01-15,177.0,5800.0,1850.85,0.2791,50.7,0.2868
2026-07-22,7498.96,2027-01-15,177.0,5825.0,1827.55,0.2775,51.8,0.2848
2026-07-22,7498.96,2027-01-15,177.0,5850.0,1804.3,0.2759,53.0,0.2829
2026-07-22,7498.96,2027-01-15,177.0,5875.0,1780.6,0.2736,54.3,0.2811
2026-07-22,7498.96,2027-01-15,177.0,5900.0,1757.45,0.2721,55.5,0.2791
2026-07-22,7498.96,2027-01-15,177.0,5925.0,1734.3,0.2705,56.8,0.2772
2026-07-22,7498.96,2027-01-15,177.0,5950.0,1711.15,0.2689,58.15,0.2754
2026-07-22,7498.96,2027-01-15,177.0,5975.0,1688.05,0.2672,59.5,0.2735
2026-07-22,7498.96,2027-01-15,177.0,6000.0,1665.05,0.2657,60.95,0.2717
2026-07-22,7498.96,2027-01-15,177.0,6025.0,1641.7,0.2637,62.35,0.2697
2026-07-22,7498.96,2027-01-15,177.0,6050.0,1619.1,0.2626,63.8,0.2679
2026-07-22,7498.96,2027-01-15,177.0,6075.0,1596.1,0.2609,65.3,0.266
2026-07-22,7498.96,2027-01-15,177.0,6100.0,1573.25,0.2593,66.9,0.2642
2026-07-22,7498.96,2027-01-15,177.0,6125.0,1550.4,0.2577,68.5,0.2623
2026-07-22,7498.96,2027-01-15,177.0,6150.0,1527.6,0.2561,70.1,0.2604
2026-07-22,7498.96,2027-01-15,177.0,6175.0,1504.85,0.2545,71.8,0.2586
2026-07-22,7498.96,2027-01-15,177.0,6200.0,1482.1,0.2529,73.55,0.2568
2026-07-22,7498.96,2027-01-15,177.0,6225.0,1459.45,0.2513,75.4,0.255
2026-07-22,7498.96,2027-01-15,177.0,6250.0,1436.8,0.2496,77.2,0.2532
2026-07-22,7498.96,2027-01-15,177.0,6275.0,1414.0,0.2478,79.05,0.2513
2026-07-22,7498.96,2027-01-15,177.0,6300.0,1391.75,0.2464,81.0,0.2495
2026-07-22,7498.96,2027-01-15,177.0,6325.0,1369.0,0.2445,82.95,0.2476
2026-07-22,7498.96,2027-01-15,177.0,6350.0,1346.85,0.2431,85.0,0.2458
2026-07-22,7498.96,2027-01-15,177.0,6375.0,1324.55,0.2416,87.2,0.2441
2026-07-22,7498.96,2027-01-15,177.0,6400.0,1301.95,0.2397,89.25,0.2422
2026-07-22,7498.96,2027-01-15,177.0,6425.0,1280.0,0.2383,91.5,0.2404
2026-07-22,7498.96,2027-01-15,177.0,6450.0,1257.8,0.2367,93.7,0.2386
2026-07-22,7498.96,2027-01-15,177.0,6475.0,1235.7,0.235,96.1,0.2368
2026-07-22,7498.96,2027-01-15,177.0,6500.0,1213.65,0.2334,98.5,0.235
2026-07-22,7498.96,2027-01-15,177.0,6525.0,1191.65,0.2318,100.95,0.2332
2026-07-22,7498.96,2027-01-15,177.0,6550.0,1169.7,0.2301,103.4,0.2313
2026-07-22,7498.96,2027-01-15,177.0,6575.0,1147.55,0.2282,106.05,0.2295
2026-07-22,7498.96,2027-01-15,177.0,6600.0,1125.75,0.2265,108.65,0.2277
2026-07-22,7498.96,2027-01-15,177.0,6625.0,1104.3,0.2251,111.35,0.2258
2026-07-22,7498.96,2027-01-15,177.0,6650.0,1082.4,0.2232,114.2,0.224
2026-07-22,7498.96,2027-01-15,177.0,6675.0,1060.8,0.2216,117.05,0.2222
2026-07-22,7498.96,2027-01-15,177.0,6700.0,1039.4,0.22,120.0,0.2204
2026-07-22,7498.96,2027-01-15,177.0,6725.0,1018.0,0.2183,123.05,0.2185
2026-07-22,7498.96,2027-01-15,177.0,6750.0,996.65,0.2166,126.1,0.2167
2026-07-22,7498.96,2027-01-15,177.0,6775.0,975.35,0.2149,129.3,0.2148
2026-07-22,7498.96,2027-01-15,177.0,6800.0,954.25,0.2132,132.6,0.213
2026-07-22,7498.96,2027-01-15,177.0,6825.0,933.15,0.2115,135.95,0.2111
2026-07-22,7498.96,2027-01-15,177.0,6850.0,912.15,0.2098,139.35,0.2092
2026-07-22,7498.96,2027-01-15,177.0,6875.0,891.25,0.2081,142.95,0.2074
2026-07-22,7498.96,2027-01-15,177.0,6900.0,870.5,0.2064,146.6,0.2055
2026-07-22,7498.96,2027-01-15,177.0,6925.0,849.8,0.2047,150.3,0.2036
2026-07-22,7498.96,2027-01-15,177.0,6950.0,829.2,0.203,154.15,0.2017
2026-07-22,7498.96,2027-01-15,177.0,6975.0,808.75,0.2012,158.15,0.1999
2026-07-22,7498.96,2027-01-15,177.0,7000.0,788.5,0.1996,162.35,0.1981
2026-07-22,7498.96,2027-01-15,177.0,7025.0,768.2,0.1978,166.55,0.1962
2026-07-22,7498.96,2027-01-15,177.0,7050.0,747.95,0.196,170.9,0.1943
2026-07-22,7498.96,2027-01-15,177.0,7075.0,728.15,0.1944,175.4,0.1924
2026-07-22,7498.96,2027-01-15,177.0,7100.0,708.4,0.1927,179.9,0.1904
2026-07-22,7498.96,2027-01-15,177.0,7125.0,688.7,0.191,184.7,0.1886
2026-07-22,7498.96,2027-01-15,177.0,7150.0,669.15,0.1893,189.65,0.1867
2026-07-22,7498.96,2027-01-15,177.0,7175.0,649.75,0.1875,194.6,0.1847
2026-07-22,7498.96,2027-01-15,177.0,7200.0,630.55,0.1858,199.85,0.1828
2026-07-22,7498.96,2027-01-15,177.0,7225.0,611.55,0.1841,205.25,0.1809
2026-07-22,7498.96,2027-01-15,177.0,7250.0,592.5,0.1824,210.75,0.179
2026-07-22,7498.96,2027-01-15,177.0,7275.0,573.85,0.1807,216.55,0.1771
2026-07-22,7498.96,2027-01-15,177.0,7300.0,555.35,0.179,222.45,0.1752
2026-07-22,7498.96,2027-01-15,177.0,7325.0,537.05,0.1773,228.6,0.1733
2026-07-22,7498.96,2027-01-15,177.0,7350.0,518.9,0.1756,234.9,0.1713
2026-07-22,7498.96,2027-01-15,177.0,7375.0,501.1,0.174,241.5,0.1694
2026-07-22,7498.96,2027-01-15,177.0,7400.0,483.35,0.1723,248.25,0.1674
2026-07-22,7498.96,2027-01-15,177.0,7425.0,465.95,0.1706,255.25,0.1655
2026-07-22,7498.96,2027-01-15,177.0,7450.0,448.7,0.169,262.6,0.1636
2026-07-22,7498.96,2027-01-15,177.0,7475.0,431.85,0.1674,270.25,0.1617
2026-07-22,7498.96,2027-01-15,177.0,7500.0,415.15,0.1657,277.75,0.1596
2026-07-22,7498.96,2027-01-15,177.0,7525.0,398.55,0.164,285.8,0.1577
2026-07-22,7498.96,2027-01-15,177.0,7550.0,382.6,0.1626,294.25,0.1557
2026-07-22,7498.96,2027-01-15,177.0,7575.0,366.8,0.161,303.0,0.1538
2026-07-22,7498.96,2027-01-15,177.0,7600.0,351.3,0.1595,311.7,0.1517
2026-07-22,7498.96,2027-01-15,177.0,7625.0,336.1,0.158,321.0,0.1497
2026-07-22,7498.96,2027-01-15,177.0,7650.0,321.0,0.1563,330.65,0.1477
2026-07-22,7498.96,2027-01-15,177.0,7675.0,306.7,0.155,340.5,0.1456
2026-07-22,7498.96,2027-01-15,177.0,7700.0,292.3,0.1534,350.65,0.1434
2026-07-22,7498.96,2027-01-15,177.0,7725.0,278.45,0.152,361.55,0.1413
2026-07-22,7498.96,2027-01-15,177.0,7750.0,265.15,0.1507,372.35,0.1391
2026-07-22,7498.96,2027-01-15,177.0,7775.0,252.05,0.1494,383.75,0.1369
2026-07-22,7498.96,2027-01-15,177.0,7800.0,239.45,0.1481,395.45,0.1344
2026-07-22,7498.96,2027-01-15,177.0,7825.0,227.1,0.1468,407.65,0.1319
2026-07-22,7498.96,2027-01-15,177.0,7850.0,215.2,0.1455,420.15,0.1292
2026-07-22,7498.96,2027-01-15,177.0,7875.0,203.65,0.1443,433.0,0.1265
2026-07-22,7498.96,2027-01-15,177.0,7900.0,192.5,0.1431,446.3,0.1234
2026-07-22,7498.96,2027-01-15,177.0,7925.0,181.8,0.142,460.05,0.1198
2026-07-22,7498.96,2027-01-15,177.0,7950.0,171.45,0.1408,474.25,0.1158
2026-07-22,7498.96,2027-01-15,177.0,7975.0,161.5,0.1397,488.75,0.1104
2026-07-22,7498.96,2027-01-15,177.0,8000.0,152.1,0.1388,503.7,0.1017
2026-07-22,7498.96,2027-01-15,177.0,8025.0,143.0,0.1378,,
2026-07-22,7498.96,2027-01-15,177.0,8050.0,134.2,0.1367,,
2026-07-22,7498.96,2027-01-15,177.0,8075.0,126.05,0.1359,,
2026-07-22,7498.96,2027-01-15,177.0,8100.0,118.15,0.135,,
2026-07-22,7498.96,2027-01-15,177.0,8125.0,110.6,0.1341,,
2026-07-22,7498.96,2027-01-15,177.0,8150.0,103.5,0.1334,,
2026-07-22,7498.96,2027-01-15,177.0,8175.0,96.75,0.1326,,
2026-07-22,7498.96,2027-01-15,177.0,8200.0,90.35,0.1319,,
2026-07-22,7498.96,2027-01-15,177.0,8225.0,84.25,0.1312,,
2026-07-22,7498.96,2027-01-15,177.0,8250.0,78.65,0.1306,,
2026-07-22,7498.96,2027-01-15,177.0,8275.0,73.3,0.13,,
2026-07-22,7498.96,2027-01-15,177.0,8300.0,68.2,0.1294,,
2026-07-22,7498.96,2027-01-15,177.0,8325.0,63.4,0.1288,,
2026-07-22,7498.96,2027-01-15,177.0,8350.0,58.9,0.1283,,
2026-07-22,7498.96,2027-01-15,177.0,8375.0,54.7,0.1278,,
2026-07-22,7498.96,2027-01-15,177.0,8400.0,50.75,0.1273,,
2026-07-22,7498.96,2027-01-15,177.0,8425.0,47.05,0.1268,,
2026-07-22,7498.96,2027-01-15,177.0,8450.0,43.55,0.1264,,
2026-07-22,7498.96,2027-01-15,177.0,8475.0,40.3,0.126,,
2026-07-22,7498.96,2027-01-15,177.0,8500.0,37.25,0.1256,,
2026-07-22,7498.96,2027-01-15,177.0,8525.0,34.45,0.1252,,
2026-07-22,7498.96,2027-01-15,177.0,8550.0,31.75,0.1248,,
2026-07-22,7498.96,2027-01-15,177.0,8575.0,29.35,0.1245,,
2026-07-22,7498.96,2027-01-15,177.0,8600.0,27.0,0.1241,,
